24760.677060194874
29525.962895921097
26453.168328386768
23968.816621494167
26494.697531441325
29114.822559572698
28640.269894365687
26453.16832838676
18432.363597347325
18707.273349808307
23968.81662149415
16959.852982010438
14686.142419217143
24760.677060194856
14657.789082605776
18465.987212682117
16843.87194009145
18707.27334980832
18465.98721268212
14672.46272867227
17382.06532091778
23968.816621494152
24760.677060194863
16646.99967300742
26453.168328386768
12865.836247589086
18432.363597347336
15650.205663448503
35672.245363487076
28284.37143212701
22008.183024674494
13869.7466863173
23016.617710712013
10873.245210850238
13686.429314291094
16981.172362348654
20513.975661985678
25308.12642969585
13869.746686317305
15796.111063736464
17600.769606539598
22152.08152234433
26083.824247120876
18488.67491663775
27711.433002224636
15992.430599320596
27876.236516185498
19992.36110336411
25652.601472019363
13869.746686317307
35672.24536348709
29746.69603935809
22008.183024674498
28840.815302822113
20513.9756619857
31481.136918231674
28779.08448570088
19213.070256475374
14889.669987447473
29263.188425528377
22373.174086161263
17817.831273484975
21659.43412149557
20167.939934219157
22487.7424172603
28991.885950061474
29263.1884255284
21520.115503718556
20629.607930140573
21873.2620692553
18382.60994490956
18984.009550930463
21478.222773814898
23051.948253078874
19803.32987259751
19939.886112820444
21937.558262505896
29263.188425528395
28779.08448570091
15410.617650244252
14889.66998744747
16935.553713593483
22487.742417260313
27042.89720815091
27920.549208275577
28452.120107688534
21282.039225665925
25129.083071798028
30459.352941273744
29725.929138629406
25613.92092718862
23785.47841860964
19510.984708828913
18438.845980571077
25129.083071798028
19290.4858060241
15895.844397442534
29637.678994619302
12762.646826862625
18703.268544831986
18193.819213239567
19914.64243627071
17657.363829436425
15596.834455639417
18326.668838131904
25129.083071798035
27920.549208275574
15078.233831248788
21282.039225665903
17338.982987426854
19510.984708828895
13228.245472919902
14624.947891170588
32243.573116422267
39580.90127414656
17571.888532553432
12241.429941629502
19799.56923588594
32744.150714796204
19350.01807964839
19065.274624743914
25450.572218663623
17571.888532553443
26070.89735252237
17221.70682404331
13226.612877407033
21799.151222508834
19434.602219174354
24102.804492943964
19440.32045464089
16368.53558438216
14431.26218470642
13510.031157814112
17571.888532553443
14624.947891170552
25117.285202183204
39580.90127414653
28258.059173687707
19065.2746247439
28344.027610762423
14523.081155953678
19731.7807939966
32724.143287794606
23522.31157582854
24025.93030882244
20026.47930630946
21009.610033288653
21939.65873670718
21275.974879442627
11010.281106283825
23522.31157582854
21009.61003328866
16964.628383207157
23822.472018924007
18192.72547321699
23200.383486666407
25327.729224491846
16450.44218895373
33179.00990288844
20114.279742609964
24025.93030882244
23522.31157582854
14523.081155953678
26450.059402785424
32724.143287794643
32724.143287794643
21275.974879442638
14523.08115595368
23204.75804611838
13748.685004676387
12165.429623947217
36449.68276597857
29864.186043234688
11240.169690105316
23252.67110406535
12165.42962394724
26123.352227174808
21593.512084057023
24581.906225136452
25300.477303443608
21456.8037344056
23204.758046118397
19093.35865514543
16607.462422747845
32810.92423477247
21593.512084057005
24427.48306865006
24109.36743801177
29652.492001682043
36449.68276597858
19992.18709652077
17357.54544377166
12165.429623947231
27308.867642696336
18657.442307501304
29464.564464859468
23441.720492872235
17349.10980135377
21568.37614995567
16103.379170096732
24672.771879200118
20081.892756271875
13009.041153019814
30832.6498298519
29348.327254674547
30709.854087058433
29779.95609042992
12719.135132701273
14719.3721496826
42760.565396224134
10795.18282904243
25922.6448176767
19173.96731267149
16989.096749949906
29603.373259234922
29797.528329607096
24878.38887709914
16103.37917009672
26694.416594533926
13485.666863124507
21568.376149955686
19047.667880808654
40285.66089850868
26345.312429764577
23892.883471241003
16387.97206990971
27453.545035038558
22361.682951809977
21891.204837879395
16878.71178749574
28504.82616174152
16400.281541038592
19187.066205299267
20034.769114900377
18843.97600589687
18576.240414806067
24602.598051078974
18874.743739665235
13814.110333008764
18796.782196620945
21594.81069520616
19183.837484019223
16158.289723706695
16977.205676322075
19243.292681700816
22361.68295180997
24467.503352569925
19758.01148836186
27453.54503503856
24762.088850787146
28550.33467908728
22526.739281437236
45075.61218361769
25832.085659621676
20539.27157004237
10046.785345219449
36441.7116057626
28930.050541859586
18073.11028619842
17970.696108664364
25124.360852145768
8982.955372979912
25342.23662814522
24959.30494456382
14632.42732217601
31010.822007898216
9050.445108815045
19756.84984242816
31571.13452920307
19841.48401158435
10693.739458502014
20876.157628727316
26475.313495423885
10046.785345219449
10595.646930620122
24202.472639058797
20539.271570042354
20755.39102330647
16189.55785512113
30513.748212958806
24385.051022119926
35200.989655548416
32000.096301672984
11183.870711258858
4931.321669304847
11208.194527276271
11899.183748821288
25808.46951265558
15534.218459449596
27587.4076561628
22749.564722934087
24276.260192955084
18074.28085984847
17574.272231934643
40632.516119745575
28301.316621305035
25693.36777799293
30946.06249302379
21568.656863214852
7675.624658578738
16770.466925403256
11183.870711258873
43308.85751100793
39711.57986347777
32000.096301672937
25471.938932700716
14238.239714515868
20978.809869194192
22276.92837886563
16623.573570538945
26276.254722087735
38914.28398684333
23506.346749701384
23386.06071412838
17082.67973000414
28537.585863662058
20114.223581729315
23620.334099983553
31052.959221150028
19675.444117377585
4136.391958825486
21099.03558533044
29859.15156848611
29430.200291621604
18689.40621687895
14986.57494618584
37427.65119065144
20783.199845799907
23506.346749701403
38914.28398684333
10502.733223598862
29970.582035551233
26276.254722087746
26276.254722087746
12843.749612536518
10502.733223598862
12850.430409340237
15544.806830677102
26209.072274521946
35786.95400713853
19072.39541116566
16579.176123235662
25804.239003106144
26209.072274521957
24422.370502387505
22031.829171127778
26535.070815481773
21779.705119317776
21375.616303089875
12850.430409340233
20176.42533480224
24451.843957834848
22840.895881357217
22031.829171127756
28047.56622875675
19175.306527900488
17686.936462343736
35786.95400713851
18954.988717653683
18501.625290888365
26209.072274521954
24387.62363354377
18278.62144435565
15992.409482003572
34162.74683811982
25916.097806631296
26251.476557618647
12561.855536428833
38301.731301236585
23065.871500545592
15761.584218750364
23277.410380279387
24105.240219884312
8350.008568246329
18259.45617022478
19921.59246038365
13983.1090366503
26464.18802437598
9558.382835073899
24789.32735911503
30347.037961402944
11710.701458274514
22379.552228572327
29171.12080725021
24918.894402961276
12561.855536428848
17997.250700532873
26925.765272649198
26251.476557618644
32115.773033706693
22661.69664154182
22698.7768326675
27263.33844488423
24115.569441335538
24156.95122649888
20994.164300832956
8666.921394365674
12323.036866251015
19449.532663591483
26980.504371290033
20448.282595526147
33381.15369201763
21286.025028288816
21529.507455574763
15345.377102635546
9252.817226681153
28685.645159346943
18773.407302078736
25169.970017588126
24368.234462076805
24889.978681636534
14510.7755218756
17422.93035992717
20994.16430083295
32661.315600993476
28379.934911577893
24156.951226498873
15480.565678137911
22206.680319597843
26687.613470347602
20371.009486471183
30770.431703006412
32658.21249127246
13344.496293915287
22217.60534445606
19059.483213028867
12419.402651331011
19330.99137911359
22783.894975357554
15335.664618327988
15690.32326098399
18584.484277455897
14974.862064649944
40545.349304275274
21914.85172090332
29855.52070333459
18765.181513957636
16963.421684266985
22176.563998782272
18106.80060336843
24128.336263079982
13344.496293915314
19043.606659078832
30129.257040415367
32658.212491272494
26909.954099064682
18812.416797579026
22936.27325376093
17773.94372849793
14936.189285884582
20830.646821320846
28658.055784569486
14245.061742847663
25039.503018346393
22050.628199594066
25571.19340517748
23230.505342493623
37007.55608772236
28108.050517530486
18240.168566129752
14424.460427098644
15265.559339109692
32111.3345408162
18447.605336332323
5534.425133726265
25690.170538903978
24761.30013349569
2124.807244345913
13441.60553568776
28658.055784569497
33267.84260679911
32970.648188129126
20830.646821320828
14548.550226286552
12884.570692026075
30740.991660314226
25862.500455806214
27261.00772557716
27180.800651484224
23253.096092526714
24248.839034279747
22575.98468560119
27560.603429377436
26031.642009593652
16774.093303972415
22131.187427414992
14987.552296122552
22163.928818654476
16308.453912716353
23809.273749426276
19395.95550925984
20978.652416980178
34650.722438964774
19083.817327133238
23786.203039696808
18280.249716333907
24248.83903427974
23253.09609252673
19006.890812597743
33212.072817579625
27180.800651484253
27180.80065148426
13099.148036362829
19006.890812597754
12677.521824544041
28561.76164785707
32248.354728262413
29319.722593319508
14720.063431914414
22372.847473023743
30723.23605232969
32248.354728262406
17785.866861741397
21585.789810302547
18470.28390581422
21128.571622972013
16853.70075765639
12677.521824544054
18317.08350582691
19374.41888121025
27306.074935278324
21585.78981030255
26322.78249757787
17093.658023438526
16278.163308462696
29319.72259331951
15166.068186647637
17918.1311133185
32248.354728262406
15927.03589842861
18113.397819526064
16175.089508034887
20615.75439636976
23982.01416313713
42802.152215123555
7826.97784439312
16376.375419605823
24174.24722657948
26655.399240033257
19425.14848128476
25497.531568713366
9377.905255180676
21249.000968285003
20922.543772843812
12394.05514984414
25997.084908427325
17785.534852804907
18787.079547784604
11922.968711090487
6386.035288701873
23160.514064637344
20063.365988356785
31370.659183667136
7826.97784439311
17188.80869562544
28167.522735201364
42802.152215123555
30363.36851355307
25702.694344268897
19924.259771274137
9729.174850734265
25271.315779449433
17532.26994242526
19905.80931904101
12375.946303795023
4264.564282567294
19905.948241689915
11106.043136096157
11473.942392950468
24899.897590239845
31056.9408129787
20583.516394402748
36500.178980673096
36264.66657997484
31121.285678816923
28334.868951906286
39389.5983778053
42282.998468299724
18098.97610126607
5852.850045702555
17642.1940730754
19905.809319040996
35073.97044051806
23323.463795781394
17532.26994242528
32939.49032234325
28795.632172078906
32454.75018001613
33796.593274509774
24976.566279201783
13630.260935627595
28877.08442857665
26382.32034551053
30881.777474878672
30524.108714503684
26374.25783238469
22281.010260868876
25725.228266971008
40449.444435464684
22088.48658704095
14144.320139913782
35671.736852806374
14784.017250221297
19654.78615568206
17734.72787210934
27211.84171639984
15215.05253314061
14877.013607516717
20615.03422831904
28877.08442857665
18790.79941974304
10682.23793629734
13630.260935627603
10121.59529908274
15345.483145998058
17102.61372853959
10196.985797696327
12805.964032032556
11294.566978927725
39322.42938618571
25396.67961703752
13970.90716086554
25035.151747982483
8935.135759318067
9004.998957065867
20166.720725546442
15780.041666015508
17262.525402961317
19631.779716889116
17205.173069812972
22121.7858731844
18839.113787888105
30624.442209165005
26554.79171682086
23860.1173867411
16254.630287696818
25598.587675134542
39322.42938618569
28626.886111294676
22937.09402651186
11294.566978927733
17813.722035012604
18256.56767175936
33318.305563352056
22174.78035563789
22645.385658769068
20959.85322744041
17024.84526165316
26631.221910249446
26668.606393236183
16199.01795981272
32015.24871260329
23403.256923835037
20332.03714442653
26829.930502936753
23107.659038428188
13474.708861689898
29079.999452649023
13024.043001641057
25065.187098719067
26202.30401446683
17690.180438093048
18923.483754395427
27361.542185659495
26631.221910249456
17024.845261653172
33110.73539677398
23494.98784126788
20959.853227440406
20959.8532274404
26541.55943683291
33110.73539677397
32800.2378309858
35663.64733408725
13948.563053620637
26539.10521747386
30082.27649521578
27838.0678938227
16123.910375795287
13948.563053620637
10329.231145488167
21972.351189508143
21938.991548237784
20782.197304440608
17774.079764798757
32800.23783098581
21182.15222956647
24032.33745376612
29744.3368322404
21972.351189508154
20576.287017272978
8762.316901053753
27660.9897243963
26539.105217473858
26701.295670717474
21050.100653877133
13948.563053620639
28659.769830570745
17217.625364670588
23493.35150742949
23202.73920023122
19108.22786816595
-2876.7606621018085
28756.964874941095
26028.923971093198
30269.485779184837
16327.121234406557
34348.166140755704
10143.541722582137
20843.062163759118
31434.136230260327
22194.44665887231
6408.327023824179
44242.109047362144
24940.18080009282
23416.967462698507
19831.258606954092
28779.16374498167
12882.506222334361
15841.582887197645
32802.2002483489
28756.964874941044
32557.735698664677
35553.29005902336
-2876.7606621018053
11095.75167320723
13541.41006243281
46852.34144464831
35621.42025131162
40192.72006662826
22139.88292799794
8773.451406797414
11365.699835704962
19665.3033267668
12577.044549922835
33381.34448171843
28771.04804458099
36766.8646589654
20764.92532550311
15539.466791813262
17389.398963261927
41892.61710144714
23909.936319563203
27181.60983208023
12322.988023172178
23256.887944055445
19051.69799293902
17001.47609857623
20280.278080073753
8773.45140679742
51537.97055604367
23324.081483471004
22139.88292799796
20938.06603236136
18887.657298807353
16472.705303117484
31765.227440589144
16094.51124867396
15605.640842382832
42039.66074721623
17293.605755601882
10147.793735437186
29678.750954529736
13313.765715775948
22024.439042021055
27063.74628758047
28735.224392534714
26285.19662936259
25101.482771486215
16061.414609835714
19815.53593059249
15064.412911676238
14111.76091240971
29719.8911919705
19776.65640865039
16848.438255616627
24784.598040791512
42039.66074721622
10771.825471377591
22200.879004095175
15605.640842382847
20683.732091833604
19382.71095488866
22601.95821512167
13239.926677864742
14663.875033694261
17103.765648008288
37882.47197352786
20353.79429515473
13526.499740568946
14070.330772594176
23068.41361277485
21134.678801545775
19411.711375516126
29436.402825344307
18449.789454960577
18388.35467741185
15970.229161916048
16153.980749770133
23917.456235502308
26864.097802327513
28099.965955937114
34934.31669904218
27180.331103015043
26245.132927958042
37882.47197352789
25725.56732456191
17303.28492256506
17103.765648008284
16105.287692859029
23660.109532320377
22333.114483904814
23235.036718145897
20969.48355861791
28877.928073142
15417.136172400786
25356.851309110956
23595.763402750777
25942.03619826488
29451.54686888394
22045.851380102285
15763.134231247377
25661.08460033699
23135.195806819618
17948.895855302333
23844.06737577557
13876.131670662402
22232.159421291675
22022.152435321626
13453.436683263239
18241.377193019205
23338.068172473228
25356.851309110978
15417.136172400782
24303.965671728107
21917.494713946562
28877.928073142015
28877.928073142015
30366.09670516231
24303.965671728103
28581.83351666109
19118.830405213812
22278.308802161686
18744.181810676822
18935.476994548993
17208.941766059244
20963.46100527418
22278.308802161675
28997.029306779943
19437.370589099675
23809.148453606755
20963.46100527421
17195.387226481052
28581.833516661103
16264.333745687896
17620.465268803753
18744.181810676815
19437.370589099675
19170.940045016403
23376.349831116167
26995.606745397403
18744.181810676815
18233.517285241713
19118.83040521384
22278.30880216167
23660.906027809786
21064.112867741173
28581.8335166611
17998.886007664427
16387.673472314083
14014.423079692167
23064.66753441266
17546.377566052844
13151.456326710062
15782.89154511942
26141.52781422721
21857.13741170315
17865.505064380526
15676.763912915261
19682.163882725745
21575.223856872668
32880.46753132159
13631.309891401936
20977.472376849302
23064.66753441264
24035.190415333313
18576.445441030995
23881.999305395257
25454.76287947946
23064.66753441264
20153.17375985371
16387.673472314127
14014.423079692173
23011.54525113209
27347.95567162239
32880.4675313216
25519.149127413344
17321.970807933787
21856.115964094137
9185.888448743832
12730.618877654417
16491.631788414346
14463.314792785002
30042.460444328233
37472.62183710219
18116.23354149424
18413.929023830267
21176.169458784505
19630.995123312394
41661.19491793849
15173.802469056149
17756.316583597367
9185.888448743839
22793.035779922968
14703.48438477066
21985.15787041666
28694.69641438726
9185.88844874384
15950.64825785792
17321.97080793383
21856.11596409413
32688.933873970793
34502.37439208357
41661.19491793849
8169.169624003461
18634.961537815056
23936.16827718223
24917.48996953972
17411.177699051925
14386.594690655871
28703.904015338743
21084.245430168525
19012.900445303443
16835.158321295294
17979.314147388457
15160.573477498845
30922.41230984723
25791.15240991281
14103.985265963745
18330.741984380642
24917.489969539733
33606.482541030084
20400.916877971948
12691.660740853558
15213.774830599536
24917.48996953973
26530.797096641916
18634.96153781504
23936.168277182212
23185.00997026952
27829.677898222515
25791.152409912804
18809.77113129348
20389.943808699405
26272.411031003525
27317.821408242587
19173.980100920384
17641.11244368358
22180.567945803276
24938.92124770795
19865.655920105688
20070.49240804958
19343.322775164535
20732.958764135405
18290.596373142438
15941.842495366454
17530.045215808674
22124.576624740723
27317.82140824261
18995.783862386423
25607.919310624533
21309.305851699894
21963.635760534817
27317.82140824261
20974.06852547855
20389.943808699398
26272.411031003525
23950.24029706639
18449.915365266203
15941.84249536645
23867.33012532237
21370.69756471626
28019.43782360468
19813.940284131608
22661.91205785321
20176.58674303724
22005.27072201265
23409.752525588112
22537.986995745836
19092.81943893859
24294.23109536313
22116.43264103609
17016.017443692876
22285.05264668958
18885.47105847206
21543.59594405108
19813.940284131597
15800.602345454081
21543.595944051085
20384.94897683301
22661.912057853217
19813.940284131597
22285.05264668958
21370.697564716247
28019.437823604676
28019.437823604676
24400.936343038375
22285.052646689575
20206.41762180364
18936.954176052124
15483.019659197467
38025.180769937186
32900.10383402526
27757.112710038815
33392.040941624655
15483.01965919743
19757.434441723304
16951.79532256981
38025.18076993721
23028.901619833545
17937.179754005912
20206.417621803663
13580.690884843887
18034.563966988895
23538.50581601745
16549.566986625316
18034.563966988884
13485.18960609653
25052.837700054202
15582.647519815435
20206.41762180365
17011.053976883813
14549.854366754827
29291.15905127729
18262.9237484605
20161.55730977387
39659.7064547869
32504.798374841717
13147.853020607741
13146.742995308421
20937.115239735744
31319.996296565223
23209.030017737732
25813.114582150694
21271.963045796263
27837.202866397787
13146.742995308445
12584.984771324007
12997.669034360475
40575.261887754976
16097.191197321446
21182.293833995096
20299.026181441808
26602.881388289927
15717.894963813069
15627.412329483683
20607.85420308379
14380.72769510875
39659.70645478691
33911.52763189035
33104.02794978889
18893.28344420078
20611.081622415128
21158.23835840114
27130.067140289197
13695.177171750198
16198.061970101005
37320.577837826015
29968.475968929073
19423.573457725124
27334.85773097021
10367.50075309726
18268.288797635596
28766.06095757381
37320.57783782603
19204.39545214799
17287.558855166248
17484.582592005023
24748.173095405018
18801.539953411862
28040.261010696988
23359.4186503174
22170.120898468263
14546.737748160544
24059.64095220473
28101.009308267312
27130.067140289197
27019.385291132632
13997.027853064083
17747.22260940871
15713.471721434944
32196.140057607045
25057.685851263017
27958.24335314709
28965.83375664595
17074.47662330471
26366.862568290093
22673.833714995537
23522.278495209408
27293.093713238573
22786.563723354397
17043.487929225197
17074.476623304712
29422.989128882447
24290.1020667596
26288.589842461413
9046.298760416686
20731.803182217616
35158.3867132142
22958.064173173334
16469.229512869573
21282.58517416521
23979.974423993088
15463.596999547293
25057.685851262984
29466.00991565694
17289.293117130197
33694.31548508859
20024.440363750593
33947.065763366525
21643.57034272696
4232.205831332445
27507.601430047103
32305.176683667498
10313.257255590968
6047.772616769691
24789.74552875426
36898.58079365451
34841.54706967559
38956.126595587244
32305.176683667465
29145.09334703976
35668.268065715994
15164.418480688906
20451.52199724327
23963.171296599634
9774.028487395133
19194.72447290938
26157.977328601268
3825.7158586544756
16110.901586350215
27773.12717457416
21643.57034272694
17738.227448934846
9803.15309989153
26447.537894699974
25124.19592643995
21917.13253259747
27719.09693585208
17802.31059107554
9788.499419713773
16528.847890688638
32594.052039422615
19855.61103551794
23569.219485196543
29497.544824633438
26870.06654914379
15416.414048072358
16528.84789068866
23569.21948519656
18245.770283078025
26425.197655436856
1468.8193779086384
26788.87733048624
23648.39074688578
20693.29492624698
13322.87161273709
35268.43222458539
18236.020989564935
24872.957205138977
27719.096935852107
12393.41707912269
33567.16547320824
33567.16547320824
40696.36908280629
27719.096935852114
34759.014996703394
12354.974335286344
16301.145075772241
26348.17145452741
21062.496326831562
17959.223596391625
15345.023449785891
16301.145075772243
30820.739123248273
24032.75191015894
18681.26030762811
19316.444490026854
18692.95212383638
34759.01499670341
5022.696461821423
18814.503794202967
38868.08229422227
24075.648690291622
28091.103249745724
28601.306096247536
30969.562114794702
22828.56368554037
23188.108831870173
17034.56752870439
20041.99487982131
6887.628267293154
16905.158865063273
16221.44490221265
46120.54747485547
23705.794705812936
36573.42290026484
11234.808615730044
44566.47211386549
-850.760129466185
19260.971855732554
8223.805928866243
13347.373220968306
14023.264582187065
13269.898852688035
17292.635547403574
17075.18985294352
43883.59661295629
28101.282273499302
18713.447580687087
8663.811428826963
27962.090934232896
24605.059467949173
26368.91289243145
21278.39194128861
6650.016837766057
65355.426375384246
21298.575206384856
10812.38509809467
22188.703566625987
43059.95846355856
54318.496479932815
19577.806268122727
17238.70798855211
17190.53723908155
27446.47424791347
13140.7452599525
336.8867310454435
14688.982724021185
27034.564652500492
21183.144422793295
45527.052119207656
18948.55120892531
20979.423741750103
20080.682131462145
17863.203395844084
30090.855083857365
21904.85060695192
29959.152760930752
30606.023628150597
27608.206596749125
15962.720464784968
10735.777172879536
35752.46746379151
32182.09230706541
23030.070573851754
22083.720196466118
12479.863336522087
21962.572400886806
29526.18543915346
18335.80300000575
8983.753419188019
48912.84289168941
10686.53624751135
28357.422998550082
30820.495684124686
36424.48005008894
44850.40832408303
48938.415263117975
12646.94497191826
28910.318454595155
26393.34317901894
17741.924965528946
26095.691867792902
9932.59627888733
18402.115002135077
9231.515791118904
24734.870563945402
23432.44674030627
23606.574117264405
7740.537184400751
19329.52410515193
21674.12988184956
25599.858244535608
47305.27350545156
20184.220551462593
26710.169326282994
4577.188779623728
7941.984970123197
24274.945183693722
41733.58035322998
16670.34815139378
4063.4885252066983
1355.9467475174208
19828.634699361603
31506.490357119073
31389.90124836592
25857.627316183436
9098.39581707595
8376.057582758569
24016.83219565841
26710.778245731577
37744.028333008326
7316.6923670353135
23568.30362964677
42368.05010821804
43126.038150775916
6476.052028493048
16221.352562327229
19754.167643342367
38862.40054837839
19240.881564096642
47545.90885404458
21329.26977309081
37162.20726165588
23025.601425552555
21440.66053618764
18824.629179721152
26320.067667787825
20829.348614028266
43861.204156477135
9763.214151595352
17581.336551064433
13678.426518832053
25349.19203871378
10289.346534573571
41592.131353950244
9946.983869423015
6762.971827147106
20591.443762221243
15644.860419481765
32187.00810911346
21167.15903101979
13500.061393355898
28839.08279568541
42155.32237390923
24918.180697229698
14922.638872516805
25102.734783060685
18359.227091688714
24845.76789956989
24845.7678995699
23320.79299613157
25102.73478306069
47294.176354246476
36119.32035833965
14874.500218436871
10788.24098710843
22413.46193749334
17894.291214435194
12591.405474541685
14874.500218436882
23883.794030662975
25278.341205364613
17939.09777873797
16373.868982307502
18823.786617737445
47294.176354246476
23087.915912822507
19872.973459860834
22655.586266784703
25265.31189928323
10338.574845994377
12692.012049900663
20685.398488462502
9266.856139570566
18777.13625629739
17045.801108828688
13408.341766036547
18528.32808261574
13656.942730351571
17786.585098825024
20505.43488146931
21629.623664770465
22609.239900791716
14396.07268468906
19796.062948584884
27031.07709229679
25993.07020998906
26399.72304539036
25705.657697336137
9040.678022762293
24754.95325362626
26059.469807174537
1174.0756276714842
18973.34226587747
19915.622785030326
12676.996760440403
4959.724945668565
10541.752824378196
22767.738990688125
17562.871003195447
39088.410386190764
28672.323860598342
25484.69978544827
25029.505940087885
15533.277172240261
18585.309181015284
29145.937972963126
41496.36884673546
12126.192421137614
17649.17976628874
54505.17324714162
17154.058574887793
24599.163819889756
8797.866400892515
20807.632808997976
32666.632429407393
36243.737515112676
7051.145403390149
18444.05201338433
29005.41347513767
33436.94955179802
37000.30525605502
13649.452927058004
30515.08812199612
22990.990014542946
20025.986133805745
40916.147501610714
9709.483784209711
17439.891095163483
10912.723903483475
20408.135220375276
38950.926387974585
27538.110738304887
39121.21527578478
22090.158431244785
3096.5537079337214
33316.62125778445
13072.44402725641
14509.0515248916
19897.720527401212
34704.67727201468
6256.938165192788
30966.547893615767
27297.396854001585
22775.71244791856
13954.54073496577
8886.246369363436
23242.56411370174
19312.979010988678
6310.970339342006
17262.206779140157
27013.777283742405
27837.226080721575
23373.790267668533
11012.475710333032
31092.435721168888
26859.660277325733
21429.11345289086
23585.74702532067
20374.76044384015
33014.193109991975
48046.08487523786
46786.24866562497
33505.16162989015
28170.4341751573
9892.317475158678
15222.30447142008
36216.91896597562
13530.718503813254
9316.669145595302
13804.853084689197
28284.338153049106
33554.25899767842
58458.05770476827
38917.34338488331
23298.218029926615
30740.381375238587
28141.33177999123
20336.113946226735
28464.491066964496
22827.485771385986
31057.644653122232
23010.39884787609
18191.67454162737
9939.149228486229
7734.725012778744
15706.518883292789
10385.781092734675
15538.437197545032
19237.82657852808
18251.59031193388
14206.560599403372
17840.262143138894
15573.48557646171
22026.581945161306
25031.28774760674
18997.477124464345
22442.053945792635
24765.448698652453
21808.328791972068
28861.082581979685
20994.309593674116
19903.159848101954
22063.44361873065
21884.6088349812
29215.369278251637
14800.515899549102
22797.32415277921
25422.44760416782
26216.622159463564
20557.087009011622
16320.9413976967
25487.735747609717
45060.00687132944
20595.773634554553
12616.712250423127
16721.553535597268
16721.553535597268
22007.6496595696
20595.773634554553
33509.35374400895
14991.235630658528
32756.088605932728
12782.26740890047
17589.76271098642
3006.844080087767
17753.94470328589
32756.088605932746
42670.17718962823
23831.706456739088
23530.756036771687
31348.439214049213
31362.871711242133
33509.353744008964
18477.975638598484
19981.699392816157
18579.548812061745
27359.44248939397
14150.880682030456
17713.307705741314
20301.63537798042
16336.782098405827
8997.12043938872
13197.773257318891
17190.01991908901
25007.990610612178
19077.359571977868
31144.55155127254
-12139.65751293538
-4475.544044011767
41030.138644723374
26092.13664844046
34465.95249584756
26567.71632353117
31073.25788325705
18706.25348087698
23463.61844247952
-10104.425989510439
36560.705527088125
36944.51801616353
24404.556801225703
7792.8644209069535
-6533.30164947483
31343.179411883444
36876.644858306914
24593.09858258209
30458.83987158229
25409.85700653114
10408.330240332132
27712.340667110657
14466.568846423537
38152.328097033205
15744.871197833065
57513.47000909156
28038.71266823609
11299.747699710031
23764.009669742285
27024.647863199745
15742.748244043092
13198.509154188987
35203.49935845034
18574.7486599162
4787.409118052404
22844.847983116666
41254.427207072855
16362.697232444893
23127.53941438451
18620.96586894952
6560.51843753085
30694.61512048386
17529.309678336278
21840.91559019046
36922.47393434907
8524.968226217283
42437.85295230522
48026.30139714609
23677.020171677756
18599.39422740104
5880.650243703896
24450.472776713512
50240.88694843937
17103.89329796293
31486.365893003524
23858.306860282377
6851.282091295297
14377.83130292278
34285.91537530078
19482.577849642705
21237.825452251986
18485.719429926507
19402.426317374367
16156.768420644552
41175.55025806834
22360.1920231425
44322.437752323276
20436.938214083046
34303.3772101504
18980.035545590494
6278.422242037128
23830.241199830405
21414.37614712167
22580.9868404245
22040.406196389347
23725.868860780192
16297.50044751567
10162.256781857062
30316.328653387962
12829.094142293818
14093.263206842154
14558.164760755371
40669.24038876179
26769.22622209716
9334.525922006924
9581.249888121878
19596.054023580684
14446.194789694357
12863.5276957072
16494.165563131777
21040.56766471316
16045.223917172076
15602.421925697217
21625.97572960093
51908.68405028833
60064.619290839255
23429.609534808915
10884.411773087508
15467.361090546241
22896.445106532618
64486.315354956576
43064.15230473714
19262.66034964252
10389.28328169604
14307.595069238785
49857.8638761418
8776.384249642397
7568.862108633344
25436.083951663168
10190.585390794706
20724.14041287938
5094.288252321652
35164.76912055649
20134.164447507428
36051.928935845026
25699.298474886236
22315.788987704556
10500.404213450844
25041.883993759882
9809.470365492982
24412.3718192488
27216.51593458583
13700.93655147594
16017.417507913482
21573.750246409036
17216.237852474616
28911.71726946806
11128.228714329236
15710.30765302197
18052.20360468326
25887.01750017612
14580.579630337921
20750.541368822778
21519.330842006362
31824.61008532623
32013.478312283652
22409.75422912938
22409.75422912938
21500.77176045158
31824.610085326236
10637.653612062495
28575.827326871033
31891.362521229443
32962.67925977396
15892.837466680716
31124.21627301917
40744.85220773747
31891.36252122946
9333.034177604783
25511.161995551156
37174.698464777015
34153.791173388716
8768.119598306494
10637.653612062499
19283.012796387735
22322.245111347267
20330.38314398089
28738.94154594551
20413.75769261284
15320.102233398366
14823.590537272816
44572.97160792515
6428.550844522342
19970.30403984489
35381.34917139585
7705.861620773129
24455.190800082986
24056.58720152209
-20315.054166647653
37855.02331578595
28211.105823510214
46890.534677211734
39983.4276480745
32616.32442429248
26480.51088999396
8551.96418613567
-1520.0789588596035
30996.938364341524
32674.644118566754
21970.408591414212
18317.54209271394
33235.38116829508
13073.694953922984
27835.428261866884
46213.55246709089
-2466.949744703419
41516.76889507148
15606.302006168404
43152.04547214386
76723.21279612303
31816.54571631716
27272.51017181154
25434.325286815325
21015.04368973417
14012.559406537815
-12153.018575320431
29374.881108970076
43316.16186756696
64549.31382496945
20599.823682730697
25617.239276567754
31939.211976747116
27863.86143542915
37403.90285504467
20009.21529062338
17644.185713117135
24141.338024356453
23513.158690358636
3074.8414315754026
26789.740374259392
32743.40389398853
27444.885056140105
7984.173431806185
16393.478517526903
20728.32864663905
21262.575483164925
26782.73428473453
15907.59988346629
17970.047229124073
29247.778546442114
13656.756803954708
51050.15222721563
27576.513141503303
27561.845057416853
10187.022663516826
20646.400447236927
19029.764275320707
5991.853300452358
40927.789456481514
48106.56076810032
43695.21805297189
13933.7734791625
18408.374751119474
19826.479208057215
44761.44716497
19869.681964489788
18324.258560605627
23057.582678927934
7967.6014600205635
22058.636179562116
51587.33388543161
18064.51560377703
25301.032594395398
2190.1830712286865
28923.123104978884
44348.699218235015
29374.845843372463
24599.428041575313
10563.42979199965
31682.620999447103
22225.027532040098
10409.898924973422
40400.21202816689
29103.687807658134
5320.56176896382
53569.74221092053
18994.160341682255
-2161.087407543113
28981.15686420845
23214.616595464347
17462.80177617657
34648.67004795212
33230.269235867156
37770.98500514287
35042.263570201765
13553.96552675341
24214.314991455052
17488.212165715486
33128.34331593677
57340.882338657924
9399.497196702729
16308.409481774708
18859.7329078263
49408.46134545957
11432.27299093843
23840.43153803002
4970.599975544737
15256.303555547494
21170.614186840554
34253.760150293085
20230.34760064133
23659.362064400644
17290.860966985252
25672.640544042737
20851.53536920126
23830.50114158241
21992.484362223895
33319.81716788092
23589.772289025856
24980.33799497823
13725.470429832007
19148.55207953433
23748.064520285345
40829.75634972033
13045.133999166379
22948.59077564299
22085.977180688427
26658.23013817046
22022.0327178984
17646.71853450261
22892.316679608415
22635.495490314694
26445.383587651377
19937.100715735123
19626.795472314097
19626.795472314094
28067.259669345032
26445.38358765138
12761.25241655919
25381.877262448994
21449.9474362045
32594.701450577642
24266.656092786798
24246.79311175415
23738.77988164523
21449.947436204497
8197.138376973964
19703.846476531624
30683.29720201896
23738.779881645238
19107.885244350167
12761.252416559199
16701.224277621754
27049.97386285467
37834.851761425016
15117.659945691026
32246.616747500426
16492.427216235286
34842.27916761629
37834.851761425016
28656.142780056798
25101.94523387288
22439.422066303527
28697.349255144152
15717.358669872836
12761.252416559199
26022.527027370048
17354.251116761472
22115.572630003735
29600.514459961883
23489.234048340135
20719.70422920861
21671.319084439114
31868.177175694058
21382.078802786735
19587.17359939589
29254.226718096736
21783.980662380385
3475.3574913759585
10482.359458082945
25160.779698066788
34045.55832766042
41122.93977434674
22322.441156010813
31925.93838593792
30694.055361684772
27588.46333539067
41122.93977434674
14014.4571370089
21431.967829343328
28130.35689958286
25005.66585731287
14013.414570437917
10482.35945808296
14778.14436096498
18499.49864409158
33044.29206304732
30121.591323233857
21691.85418075623
16907.9939558409
18963.774379357277
43256.769663986466
27148.876300176475
15061.361196245984
17788.244450384194
19250.976059991423
18831.01756399694
13472.826664769149
10137.557243927748
43416.58364525267
18818.111037933424
10667.794169642619
24592.897248754092
31935.086981713874
25185.84290795945
18818.111037933424
27445.203715857977
28895.360336876663
31911.7234494402
36237.11874176013
19468.288461926066
13472.826664769147
23608.898857452063
15973.841247138582
33466.16727168005
14926.359179041368
21054.97022619731
17597.89136201166
20784.285481512376
34767.74416332924
35881.697260520086
17173.8879611243
24636.66134074344
31327.26108724442
4982.221285290802
19693.29954228842
13597.0497843757
16634.04330840467
23552.624285869973
11175.129427525819
26027.344119812566
33768.37785087828
28365.196059712216
23552.624285869973
6869.779590843278
17300.979411798035
41554.694456465695
24245.87273312721
26031.707294548087
19693.29954228842
10207.230079150078
23594.648264365896
34987.74588960509
13857.288994497234
14395.252235692831
16238.983653339461
21664.177595243546
27906.495394691
16399.457417395937
18403.451685609463
25240.295921407596
18155.736492435914
22410.493653476457
20293.69485454519
24506.57385372649
27450.40448568201
19932.576562066482
27817.951140383255
27117.296810622836
5903.30277816496
14512.053094472732
19932.576562066482
25652.537334471726
20891.367569690992
33022.36808980902
29627.284040759965
27947.28681578205
20293.694854545185
25404.740293665225
26235.787793381125
31138.676824950162
27189.122155833196
22646.46507370685
23206.198546748696
24271.97608910465
23725.038845642768
20832.013556231697
20125.67897499037
20669.578355501944
25219.425707090984
13693.614114221895
17624.401302681894
20162.315476960208
22126.168338908436
19393.645511038165
15841.376288760272
22126.168338908436
19808.715433150373
19084.158465979235
19393.64551103817
17624.401302681894
28317.028713813852
33617.17571826128
33617.17571826128
15365.103948453785
17624.401302681898
14725.24100721839
23255.185337133793
20329.7102435727
35570.722145478045
21408.53579420888
20341.467539840607
22883.381434120358
20329.710243572717
8904.974328425962
28472.532748898415
35570.722145478045
34243.70678717189
17892.03417999097
14725.241007218416
20600.502895829708
20938.232534684368
32208.213059235724
21323.392578473617
20938.232534684375
17137.228448842012
21153.608485064964
25973.106831471494
14725.241007218421
23839.39000828547
26026.308496793703
21431.087980623877
16382.511021258997
24428.966944026637
22052.506251998188
29518.29296655023
33280.86843216014
20777.954887302083
21003.447071865816
21030.944087489694
20068.781438018956
23674.99415577686
23737.75786778644
20664.245998623155
20777.954887302083
23951.199650540093
22833.865420737893
34571.41714075364
27539.120701480053
24187.862825513632
33571.95275460044
23713.947781666735
25293.125239076206
8563.516322258944
29453.4044497154
25766.13765800017
22052.506251998195
29016.489521410498
20104.849442075814
31668.040005508654
18829.610458102252
29322.96777728085
26154.634553723983
15299.734819022051
8111.357495980065
44700.71594154987
21146.509488232485
20012.12816992343
21687.876916241083
11316.59321434738
18569.656973641588
40937.25898768621
44700.715941549846
23229.08480763366
20571.297405555368
29306.406544681722
20052.477697396313
20951.576795863202
17824.60348451157
23069.158346395547
20262.445425695634
13337.370867229216
17262.227534333513
31242.42429637132
26154.634553723976
20132.908820683017
12227.14443887971
11548.882541420191
15832.173298576508
15984.29160923369
36231.16729416981
22777.736096011024
23674.857203290736
18723.956322351598
36452.33037159794
35066.3994569036
31987.382229628944
21966.15722421414
25852.193958821183
13874.901772272713
18723.956322351587
24025.309661871426
10912.029494315691
21863.21457843146
16439.633870461083
13559.940950162993
18348.83495395584
15773.618364258029
14372.605850050997
14717.590605505437
28406.021517822803
27849.918972013616
36231.16729416982
27494.293028353724
24203.46681640614
20248.943330183996
24252.831260634004
36754.703209871484
33408.516457317244
28044.852836780745
14620.12810245265
23165.261509921955
27694.487199189567
15733.078678988737
10522.113630690359
14929.233461890875
21956.80306669607
25481.653626790976
23165.261509921977
20417.544757230462
23648.899186120467
40551.21570575423
14015.196754774372
29387.19260657313
37067.70782911768
19365.595993334897
19893.168150286852
22020.99373779106
28362.423403595545
9486.468781358004
33408.516457317215
25165.77459275593
14595.041666218167
19057.786617896498
17665.55887573374
13109.423591240382
36512.78996792426
19343.47001504799
20456.7291285224
24238.505714249393
31272.989576753975
19257.313206438816
24584.044887864475
15312.360823311234
23361.76395488556
28106.82841176731
24238.505714249408
24584.044887864482
20990.021880272212
17336.06695244918
17999.88127455152
13253.518210708975
12366.6579174349
20253.708764572413
10610.219202610015
18267.02741275591
20436.75484607921
28497.55720526695
36512.789967924225
19423.76363935232
12958.139191343973
12958.139191343973
30320.532126740447
36512.789967924225
7954.274677412737
16451.46744862294
36891.911986501
16234.01838862898
16545.032199059606
9282.186595566533
24798.13385091318
36891.91198650099
29983.076527937374
7882.294110545513
28276.394850920384
25244.42424926342
22789.976259647367
7954.2746774127
23850.723369390136
36255.78181222728
31753.680341788822
24795.1721268201
26453.935472341695
21183.95157796901
20738.584696136844
39096.96675444936
13358.51934042238
18566.18630363863
17970.25796519976
37699.96527633104
20292.54800187204
15584.876124424722
957.6835490656754
22889.865485918664
7357.515894601685
15717.313831090964
14290.96247256754
19446.39105331376
32072.248465517005
42242.902409548944
28223.723990375453
23377.987938485676
36715.95503160857
9267.053125273544
8936.189554673976
20680.633022404752
12526.843292814068
21322.442664289854
7561.515718202005
22414.04773221539
67254.45247505528
45292.74154648652
5639.501549438013
31673.01950078376
17308.826130354017
17786.24367648956
82681.094333725
24361.42740097304
50258.323036007176
-3263.8431511811104
10483.05770745733
25069.594600483826
30821.23126571889
18944.431149194843
16292.76695924616
8202.341061777019
14304.08036861689
12976.259357280927
17413.59348443775
11052.681767341497
25908.628892577017
5311.187901952058
13926.90203551355
33241.91871400999
21940.35414179793
44859.91552444912
30438.608528693025
25690.057175503876
29764.841906810903
17627.212390816025
22995.296914878963
44590.411251448255
12172.538660422893
17705.552233907423
21731.01945163805
21252.45017360902
17501.739999118956
13136.015555508948
32646.470526597044
21056.326082365747
21624.60189544182
37398.13361323571
43753.307673547235
18164.248243101316
18170.67416159568
19214.462479822163
18892.671410499803
11990.029481883752
16555.965088991765
21882.62738226636
14269.144835533409
17349.155713092085
2467.9146136353056
21108.139935225958
9933.21265597649
2567.996652246904
25374.859867935233
31878.23824066599
39714.758044125694
13896.652377712608
30742.60272030927
20322.456406791927
9820.575851184358
26494.986658055797
30320.039719957873
34170.71712169345
26970.803470577335
18933.97223075168
33109.86752682693
-8121.110674188227
18820.992080063108
31185.584764976047
25095.960880915907
63972.79476594811
37932.54232978231
14905.713926623577
24558.30776797542
29201.532446152683
2917.9359219708376
37340.14272518831
4127.107661006376
28647.896870903773
281.2521176475256
20050.84221284584
14727.825844917974
31756.09741086854
6438.47744344147
5743.5696007675815
26105.678778059733
10661.135494066755
14097.590443129036
24810.569900268474
39346.187602758044
5293.755270984582
14574.565171130356
13305.349129632625
19072.908561827426
15763.657361083833
19814.679187566897
18753.00005924361
15046.044107070751
7838.7156636050695
14211.036412049572
16001.989607441463
10823.890875340543
17487.678403451897
12771.750973580645
16147.804262403532
17697.822043213564
18351.81189603044
10556.89551707852
14647.717356691632
21513.158839372947
17847.598228895888
21470.675841017943
6763.023063287138
34049.22156881016
35908.92535391387
35059.803409733766
35059.803409733766
20147.886766592932
34049.22156881016
14499.628696732218
13887.163513747146
18772.216020458072
27570.479229564484
36800.68598491584
29949.436347161776
33121.68832387269
18772.21602045807
26706.109442031844
17395.74150159816
49492.001152850265
24554.0467202531
15830.996750141114
14499.628696732238
14869.167540102952
29633.00113504187
20521.392375791303
17561.18573408733
23354.92718042337
17470.83289547421
23412.122302632422
34534.95716267346
27116.934729833578
18570.05988072318
24653.30615021635
35128.46049346801
29405.458568708207
28940.671947785886
10236.275377916552
27596.427448252813
22328.630175552775
51628.85091346227
34523.59070950795
20354.734335700297
27328.356572107426
17592.71370106818
15426.49174259428
28478.722085817306
23253.65213497025
37616.60844274968
23055.618802047728
39701.97622482482
10180.463272758148
30302.04868053244
63348.054724533315
-3179.3067554387762
18257.56793602199
24166.9148861
42099.599098205465
39060.01755114795
18405.236662033174
17276.055493180924
2561.601510781195
30855.75519858408
13939.362427493947
-4709.468960946993
37629.653224286936
41038.22502181238
24118.941031347866
33910.1367408891
21034.493523341032
32403.14896918487
47071.6955294344
38426.26524166375
16916.683370461265
24269.73566001434
20815.37491709755
27296.40379597731
656.4735734922768
2524.721379058883
19577.371987131122
19593.054424403093
5696.564063156852
22340.724558793394
13359.078616004246
14497.553684971039
27015.016190680697
21998.941798371532
14850.294309438948
12822.70669270542
16125.999200270646
22977.546616196527
20007.43220645552
27136.996836803177
16787.70034537577
4189.973244762121
21672.198106023545
14776.116819744977
37058.5274210462
38260.57660494637
21153.236549409947
16109.276189750926
30186.878767429665
20557.8310933065
6359.879545318045
13509.488057393284
10838.346129227633
40882.59601296803
11044.071660858204
13940.355131596643
20475.125401855348
19253.831379210966
26789.509927498628
6657.336464595995
20569.445383213508
14623.26540376718
49458.00353310972
28691.910233448583
50200.67884770817
11382.14806382629
15255.52754819547
14075.873178091742
42852.920080358046
29230.802529447472
20167.73991033364
32915.766242437254
40024.41644374091
9748.924740353043
20550.40739665755
-392.4513042981248
29700.358824201183
19062.903535690955
36597.02206451862
22864.08887948397
8415.17398510125
56792.77462428823
8144.964656655104
13045.178478978316
19201.7663514683
5931.2911071374365
12773.406107505294
30682.955757806172
69844.15818317296
23042.014622879942
27243.023415546824
11331.329997785499
9006.886497767666
14578.293667262822
6460.862210526606
27334.239809024482
22839.554953964896
19607.417837603018
13676.90822742114
10186.357023109062
30525.29231533061
24412.70963198226
9011.585809583386
17985.103878968526
18658.799569319417
16964.47372042637
28217.010758118005
20573.3456787972
12965.639703328054
28670.673617514207
12731.036678653716
19568.73128492046
29551.00493520315
21065.234190157335
11746.779727640785
24739.75631579936
31052.025553489137
11918.230372765694
44405.888848924646
27782.663843989427
11031.294695943607
11031.29469594361
26600.74818301394
44405.888848924646
21741.993260205883
11005.941751356135
34938.0549367273
24432.91783724653
23683.09754160498
17714.728867866073
18490.423281190542
34938.05493672732
35742.203722639366
21369.258951368887
18410.01897757809
14045.480314437837
18637.92933271663
21741.9932602059
-1729.6596384416941
27179.68933646577
18735.79309411819
13722.606164254717
35339.32422349878
35242.75445769224
24488.79359309631
34991.77633509961
31847.245177233155
22125.85690937406
26276.1274824518
10121.222463855142
17060.94745054534
12666.05524120123
38683.74455145171
4344.898486247672
23730.175187986555
-1328.1918656083467
40171.241548337086
-12224.189059933082
21648.335869189286
19324.324885916594
54175.56489106127
15564.112820494145
26131.00364766967
27826.528923302547
23298.123347162782
50097.30413745057
10704.215951282706
24651.22807383439
5401.2501798577105
9418.238848343484
6172.184147315085
29363.262018049834
7779.082778870117
8501.152563443302
22552.137558842434
17928.30018384598
25539.025266160923
31215.808333070338
49428.603172414034
43115.7445035393
27038.123357193243
17052.963807151405
10520.466896734955
18861.880975866934
40366.33102360529
6713.957762571134
11195.100720778422
9878.37095963507
22168.2318110232
16275.533956240772
15928.242273818163
8236.49588877453
4435.1134645354505
49655.49540048072
19587.847790555323
19228.940028742352
4956.030432599046
18040.115841060076
36588.003866518324
32275.355357053246
14659.57052973841
30236.19783392306
76997.78938359341
13073.454749773582
12131.433518688445
19401.9201583578
28187.802482086987
16533.8048408612
97175.49309888521
40970.674325188265
11235.365137267632
1263.324269294572
21158.15506870381
49550.82265404191
1241.0631102928928
48822.369944171616
7044.182066771231
3665.790041571545
28824.061650136744
38704.09140541945
17367.49207469937
48807.77378744651
7177.334588324175
12875.07756029361
23218.26288870331
37118.99973510942
11939.418348202442
15139.420526489403
30223.746092618832
15744.653951323015
10335.775189585362
64556.78198692111
7001.052547848411
6120.900015585941
10309.076336814916
14095.259991573104
13208.698159243311
12341.530550326199
15438.768620882078
44101.38830660456
31137.619984618286
-5253.844545953539
5804.216881518702
15501.671631640475
16003.574853417695
11919.254238838219
21979.807885467388
26272.431900194904
13142.273818289592
13043.118502759075
12490.534252114772
31687.38407648608
48680.32612696566
17872.1555432451
23609.78464442836
31616.973412146774
44379.96843209275
27839.90341144516
13657.398619351456
31876.262312231553
6122.531825618238
34117.98263947636
19676.673063955095
29451.349604808267
11089.251382624654
16121.895209283102
25752.45893147154
15644.504180395314
22132.61176194603
25961.87150919101
18614.22444682525
33550.12389476772
24588.166415140717
13797.416301481495
34487.58302314179
23229.13335795489
18001.502715525814
35028.99095453986
6168.335309568547
29544.964040295992
19147.88959982427
21666.651231666554
31160.31450919867
25929.482902384876
28063.146876571212
20676.148035056034
15092.02479398333
15354.871370322813
35997.31234432864
35997.312344328646
35755.77845832177
15092.024793983332
25738.5341692638
21024.1153774173
31065.556285587434
27020.151473417725
14281.45997773545
11495.761181345371
18981.050767749708
31065.55628558744
25564.680948824916
24455.205102006978
17254.260909182365
29970.642063569136
31301.11718261475
25738.534169263814
17781.752862794798
15333.147973276062
20045.73146828196
25841.224692020573
17776.199587736253
10889.292196041208
14454.296900673024
13409.169092542212
15068.297237884628
21835.643987351352
10278.344816457686
22756.03174668609
13409.842608287066
20534.129672638577
38790.99241268182
32299.725534632045
18516.191595215132
3010.8646516811773
14481.69914808162
8211.89859070091
5488.957770919702
23233.493230192053
18412.17866490487
9442.14590382981
19749.950919780924
14894.961415173386
14388.971738943479
49856.2249053778
28887.255732128506
21052.9776728226
14893.749014887462
40129.62530921225
32473.90743025135
13768.88370643192
19328.44059820071
11901.949772802805
34165.62768475685
27502.60928487559
25976.197635925477
31509.82191327052
38565.96217912028
34510.84510106179
9066.62626826422
21722.628976859778
19063.607716365397
33749.47809761493
23562.078269287296
1408.3606065574832
18282.18803616048
18198.839368978377
32658.017714921
34690.11404976705
-145.76024963008325
19077.47424293135
26641.24415507423
13712.105628073245
16378.33867884169
24379.706644442354
21564.409052985022
21631.352347303637
28466.820486095527
16639.096641366945
18611.46433094761
20967.204635011127
31201.562184422542
28289.19461962852
18154.395320191485
15485.95036850635
10409.092593044494
50521.06499666623
8006.86573081863
24936.598795332757
8562.957550072624
35248.78678462091
22278.228506661027
32702.52076826909
23546.170852946023
20364.465612588796
10113.864759301548
21557.526278766396
26708.25762110771
60198.20859133703
13245.981919207357
33467.13510402834
7972.626958427947
17344.0659060509
10756.57470691861
24063.44389012096
13220.61824786712
8967.651987678344
56893.78705333878
37154.63639739651
11580.13426939899
16404.50826361477
13569.29604540315
28141.03078596852
24740.563356294188
35253.2147904423
18985.620704389657
16173.59396913639
11731.437899454864
20616.29287450192
26503.504232549698
35001.24559160978
21186.73265652495
33666.85517691548
25634.27992248455
31142.37093930239
29027.711313793396
26905.31672528704
21214.46992299337
37783.78241862341
11803.88426604689
18367.782820032702
38471.56855483816
33140.04546315217
26372.46318928466
7627.459388641055
20895.368990327494
27372.122827887866
34560.352475363994
28856.76826606873
40042.04580681575
4907.978228062443
22624.7498637682
17027.166000143792
29311.360782426178
14631.353446954483
35082.47251355812
22600.662721019424
35511.25557580805
10058.689882987603
32018.86888115112
13629.692515796269
26855.498113019243
14167.39585993339
26154.79349700567
24987.218269899513
15839.860587929259
11534.650798375833
16035.935994131125
21039.911195325225
27123.53516863474
11074.395302085659
21372.27613110955
29656.13594991093
30137.205277163444
23032.206793058638
19783.234991964302
12895.588066454258
29795.60423026311
29795.60423026311
31683.424812938552
19783.234991964284
27501.572515965603
24257.769742061355
10258.616801781129
21449.142781750084
20241.189743807707
20186.059460612654
21948.563628981094
10258.616801781158
16352.282364611729
29085.83070300251
32382.4777703523
21948.563628981097
19099.6439557645
27501.5725159656
24538.90894417866
23359.268611521904
35345.32036220086
36047.55688677859
15143.175963165357
12860.440020200309
18698.61809875712
35345.32036220086
24151.140446461435
16625.153832646756
21225.161992170924
14584.65553505183
20467.271420824
27501.572515965607
32211.23962842105
23169.652224519712
25105.436031503352
20098.85682016634
21406.213447726463
12178.886461472714
12161.678897150976
27694.84268165779
32869.349886352305
26205.155001498923
25250.563500628476
9193.520527569746
9572.582574051776
37537.91845773154
24210.623457055062
20338.34896756146
12271.027318093007
20468.832754652118
37444.42102666019
29307.33919939989
29721.677092556598
12271.027318093007
24561.691025860164
24092.40817660981
21214.241503400273
18340.787929297334
24259.943366847998
37537.91845773153
10462.561540232831
21704.94917586418
34643.59451971754
24679.8723499378
14866.103379180162
8004.953655440163
26588.203493789075
18570.34117851615
25912.28376854345
18709.088697573057
17725.863146525204
11565.968663956854
29242.006797352096
18098.971018103144
22590.86981997611
23598.84157092972
26320.383858111363
31749.693653496925
31567.52541715955
9163.538879736758
8880.99200782045
26320.383858111363
18829.639552653396
14578.1508870911
29431.923815185946
36876.20556951854
24518.743929746008
18098.971018103144
10340.511464793039
26349.622221977414
38052.92433879829
27181.263082004116
24967.08893231098
12312.141277713645
21967.829570800084
30503.70281112349
17458.574770467836
16029.889098338004
12204.026106447012
14438.597799754252
15081.998551260205
10359.293046966333
18410.648496092
43905.798275276204
33086.423851849526
8768.999214012032
30735.142898657992
28187.879555001364
26010.01328095607
33086.42385184953
15723.872024546172
20607.024032597896
30572.4071316564
39687.84481871999
21478.63887471651
10359.293046966312
35449.29046135302
30207.166278017918
22771.444870330928
24399.152315090614
17884.948924073957
13856.16668375426
22369.649651911157
28287.898105323995
19387.335196650038
17710.13873914139
21191.45924899159
24071.32217868415
15649.588249043805
21579.19076369534
32851.644370829286
22674.87585131957
14804.277720928656
32349.22005113732
15042.67014281714
14454.356819418532
14169.070570711969
14804.277720928654
14236.833761883323
32124.072015823593
19556.968281945145
38762.26809698596
21877.05398484854
21579.190763695344
14165.210704532494
20522.558389214042
16469.250038768154
23812.068307715283
18439.631279390745
26895.965631633324
13946.8718218437
24770.922340665253
19654.176123077214
20663.009141472867
22066.002308405667
17898.39184584832
11306.35560575241
32685.160135046088
18746.916591706595
22664.66866751378
20887.788416048374
20434.583813694197
22664.66866751378
18287.554676131214
31915.673916688596
20887.788416048374
32685.16013504608
32470.80879434303
18561.01727112945
18561.017271129444
16821.32853027977
32685.160135046084
22817.70448365315
26935.383789479456
25346.63434320972
26791.844569215413
24954.75310336632
27200.36502663507
29767.357178071037
25346.63434320973
19440.12822896901
20461.825479056424
26791.844569215416
18743.840050997638
16999.48992931478
22817.70448365317
14491.237540233764
17816.446282668567
14430.317088465079
18893.11541423399
17816.44628266858
14133.159858516643
17100.90472141867
24755.32120869439
22817.70448365318
15842.461510182498
25986.17959203398
14232.909248373191
18168.849326912135
17140.668051315974
20703.379953296913
17739.422176582142
25209.151310043715
21152.48303075947
25853.142256475905
12689.646613385272
21255.80518401894
17464.650319154603
20616.609313510333
17414.26358623965
21152.483030759493
19364.800980057462
7114.292705874229
15647.040922455422
29381.23719990519
22450.89213661636
31799.12497341533
22129.416229358172
30035.975662358378
29189.127502883537
27671.076938694998
28676.94724734031
20703.379953296895
29845.13445605319
29251.519920913477
36484.71741825603
25423.28876506332
38632.71868352611
11328.08377828561
12246.15943524384
6634.302278704329
56909.564690861465
45589.84312376142
24617.782358050004
35263.44488879495
11780.569755692764
14442.593752957468
23491.448781609048
56909.56469086149
27690.569473579584
27697.12131616746
22223.634771426707
15130.147725025501
18595.911408920747
46172.26356890494
20691.986175752147
29310.110124711046
19881.914455355756
22040.97596666694
16023.360895724072
11328.083778285587
13973.822697200938
17421.651398715985
20179.24244738705
14737.636652248171
16899.749626819845
24461.762081403165
31438.401209114716
19648.59133080744
25985.634317223474
25042.77721209596
37520.272334973706
36874.705314197185
35222.8110552865
21633.262347764205
31029.848514712652
25985.63431722348
30657.602062887778
26516.74004889868
31561.9337563649
2362.065138404657
15802.947071729683
35061.70490122826
21078.411953292492
11745.765616701723
10753.806075862152
18349.377834400064
20516.61749283689
24461.76208140318
17903.36000692815
20917.700769614952
11901.824352834354
17360.982625602646
22112.770490238727
29146.160852803703
34928.801779031855
42829.64811158444
9238.250740565232
5738.3512600622325
3680.225421778519
10872.090038202465
15652.350477217062
19539.395037001377
35383.38482449782
9238.250740565216
26185.508994071653
16864.857412356992
14675.789991523648
41320.95714833896
15415.626681039093
33688.93801190931
24170.435012273352
29229.165688637393
17089.632630436485
19786.951574973595
17371.062839867656
29146.160852803707
34473.17815804701
36617.43570064905
32807.06110550217
22976.875258681102
38939.619058825134
13592.779375918271
18861.27116640928
22970.08009135818
39898.17824601689
23630.018109289013
20275.61212054695
21490.929443756515
24403.238952546442
21561.818082278558
29745.0734244398
39898.1782460169
21490.92944375653
20829.81769266625
25249.49512027101
21452.4859025629
24860.60589548238
26698.207016730114
19477.019499223257
30499.21157298335
14292.568471550652
24903.828886529474
40982.55527156071
13592.779375918264
11289.097241237187
14087.744278394868
14087.744278394868
15475.414901260103
13592.779375918268
37756.10413621189
24932.866129333823
14227.879098097801
20337.835570511103
21633.18713769904
17927.890289992083
16269.400964662727
14227.879098097843
22082.373541333407
24977.170628009673
17123.639595920915
14947.943838834377
18524.430808211564
37756.10413621193
20115.201506612004
19148.38053450087
27022.90103535114
24001.444103358852
22849.44705698662
18860.41523669715
26280.021847169297
23339.856988397012
25638.81091758535
22896.296220173295
16632.08081559975
20062.730935079308
19666.09516324457
23367.6048406579
10022.780618799548
27466.707178887656
39192.85099063782
27753.671103494376
21551.35761675337
13093.695693330394
6225.548735443347
28960.275172862
26385.8715563432
21139.00552490976
42723.57008552751
6102.488385411205
8805.406470726932
6300.996269182901
12758.30214824445
36976.56996871261
12757.238465137258
2757.429265738412
39327.648336482634
25941.463859466217
6918.13346272079
6160.697187039838
19204.06868710772
20335.92810322897
34088.03911591534
28188.458409802006
20992.356721670993
12252.112269115998
12933.409501196698
19574.631023077476
24865.218464712358
15450.426676264338
5530.434750573239
17367.542949893083
25297.807366847148
31498.399568981484
14953.876746033897
11330.751811215774
24808.85689154606
16025.320655444724
8434.431207186999
7400.34997108559
8194.346779192845
28233.552034293665
27289.734491053157
5658.669808855384
43547.209665782735
38735.5412921392
51553.70218880756
32947.86504362541
7583.189009373349
25434.70372359045
38614.74247115314
56294.23085128499
17850.065045698466
6963.557762472543
47486.43745078098
24377.828957718186
13198.613967496038
20822.335105398248
21658.33466933506
5597.255885890628
18397.976156876426
13666.702034961283
30998.788921813888
33817.2256776852
37066.570893428354
31649.835190761427
27088.3810362648
25497.66151985925
25017.380310000564
19700.20864797965
33996.55856395018
28612.36705981486
10553.27408936289
21054.663594965445
23489.74304087486
14469.420626718636
23370.28299833554
25960.3662054757
17790.745580517036
24490.967660435854
26049.26787059258
35934.987886502975
11029.691718021177
17092.434746133542
26283.2980727388
34320.542394491385
17507.18584704829
12814.31268758927
14417.369127786562
36970.60575764029
31385.218285010953
34805.933499499166
30230.73933247874
23602.4999659679
35279.81990546994
8079.215304746756
22815.737077931917
18345.730635051303
9730.364158168346
26434.27699991497
26903.05740343317
6552.753310526758
4451.568009465256
21521.628001373287
26221.33255777663
15328.779243311592
4929.134642685909
16334.485386271555
29519.413305978094
22010.927268637646
10836.337464253626
16742.502026040987
11280.547165857372
19792.69899201749
8800.95448018184
24935.827314293616
36056.957246892795
33941.747537811876
17355.94784824847
13151.381400431716
14999.889557469074
35515.04120216638
21906.798225167924
10881.439728186208
6544.259635821687
21403.451967329092
34211.939877540884
24224.41905055597
21128.08767887759
20955.79525587692
13093.943259598705
34370.45957365664
6639.977582842872
29525.11910632809
43601.28421360475
43601.284213604755
25232.177952257567
6639.977582842868
41234.19648173629
39708.815902916875
8758.170144527285
31747.655960545777
22912.303746313766
14773.445417801428
14853.81144317163
8758.170144527265
12326.145493991035
29867.369089136453
27218.28667054292
23311.36535636625
17123.2241769996
41234.19648173629
30784.858436889444
13885.24142328251
27656.470442107155
35122.180270688
16280.75034172541
15428.68566161455
24809.99611170044
16056.677865552074
21912.5015275737
17194.235677113433
17132.1955997217
16699.44433912375
18866.615254092336
27861.872025419423
11696.529939845408
6893.89017166516
19658.40090862235
19245.985519749196
4267.183212290801
25339.262402873217
36865.380126370794
1432.3303062376876
29920.483941645445
24826.377855957555
16621.339371692222
20703.81128078252
19320.6503938282
30962.25764249428
33747.612389676215
20549.716564747723
39649.410844262624
40556.36423062645
8844.920984503842
7352.398724220382
34469.522794216944
49455.02290079898
39764.81766846792
43357.235480797586
16833.00887352809
-272.7947467826116
2248.006766674749
52873.59067131674
25355.54107974248
32832.555683206636
33444.8051892466
37479.786670957146
11330.64689145806
17065.228026189958
4631.561647579293
34219.738875417956
26404.278425634016
30596.583955511924
22005.055859048927
23073.246650240373
2764.776887708383
27447.94384438996
23631.035031525844
25431.489040954046
51503.897163571
17194.831472702546
39890.37793287713
18121.222501346016
29701.209460683203
24837.639925148243
11153.068162088854
10231.96913850027
18641.035538835302
9696.177834369024
15729.607954699488
13060.635682776865
20823.147112800187
3480.791861737729
111194.14855709464
-7515.888309533208
15759.909759498893
10346.528672785716
53817.919766461884
34431.69270152835
71960.74656943839
8551.099853509986
13342.977952038575
-19058.83180110448
27433.597846185523
5364.464573506345
34680.81533329453
24867.909162068037
11788.978710017147
15302.9168939163
32701.312331730504
6131.373856325725
4486.394330365187
15377.78356475064
-9785.838491278157
35566.26272039169
106427.41458934617
44533.85821053374
26844.94166969004
-12368.998700643158
13774.283564156422
35890.24185729999
19954.354500197795
51018.14297803702
9489.549635522184
13200.314945369799
43387.03920530223
11216.534070051574
-11255.218458414613
46220.668238790895
-7913.239343539404
25156.884188185457
26582.70525499966
-14896.154368176616
-2467.736939932017
14437.236452338215
43143.40909485138
27231.845190275115
25922.39410970502
30140.903089828884
4088.995833881687
18982.89841569774
1713.0756827387922
22130.84591307379
64358.57330050607
33025.69167710094
29611.4986587632
-1404.5473578194687
27634.02655204224
21441.846915164555
50629.27127568292
20589.097484716374
24335.0229037178
9732.345831276714
23807.296008621906
13276.3050494075
30073.40449278372
24558.242815247075
29343.22282235376
25746.727227333035
20361.236311847395
20881.15874119545
34560.21498876309
22741.45381611195
15099.95083290836
8807.203026761435
36674.20302622637
16239.6199852048
20316.350262297008
28278.603922496768
14124.209424118115
20028.210833883983
31758.33896794404
31758.33896794404
29795.72896404172
14124.209424118122
20553.967669126894
21843.936987150897
29688.487811522835
17272.84574446426
21784.31953446685
13609.645941398792
15652.336317823532
29688.487811522835
21903.685470867913
17878.969490421736
30519.325117462195
12843.121400174377
13111.255179768854
20553.96766912691
22554.253790489078
31200.295288884332
22403.48211664731
18429.505536554636
26417.29795621298
20059.960197303
16896.450004813865
19502.25436713764
22233.105659026736
13818.744777283868
11732.980345015643
24438.05543673366
20514.675527930856
9958.672368530422
20159.252680667414
33801.32260582055
42139.70301542661
1742.4262361043188
13569.730215490747
17801.483106434232
25092.407530092878
60173.32781471521
18862.883868162768
29669.389783694907
3077.7629506456406
9023.819961663674
26559.003615290054
17852.440424624794
21378.175690873126
27775.44375309737
1744.9161289783601
8152.352257598782
16089.077706419335
7915.723365947568
7781.050750640232
6167.403179284561
38788.132862964456
26744.435920152042
68845.65917920685
33162.19125742036
40573.277324295734
16322.780061108231
6256.349889714274
8024.5411065997905
8112.317455343135
17329.860147353927
15429.272154612294
15742.550350495614
15774.32321585626
7446.573687614568
4906.679380439987
28038.820726444123
59686.32161423544
31549.856170499468
14387.659718389048
-10611.503685183534
39092.90780422851
29287.395723859743
43172.80063155773
45882.254561293696
17076.62946253264
5552.836195605569
3231.188176951313
47256.35585851221
35393.655586092944
23276.462211725397
30851.844269975805
24111.20967246115
23498.641273411296
26848.932021576657
68167.20612674016
37828.76626380082
19790.400622663852
87622.1523561397
6036.134780161258
5934.814934373459
50752.83153343698
17342.038756941678
29716.854111931665
68648.1708863204
32023.735641219286
28301.5733915906
56647.46221999899
40545.74031562066
25387.355639399928
19986.137126077283
30662.683556471522
24366.444324792974
18713.50391767315
4483.786718848853
13200.888848534407
4736.4642289283975
-39456.50791214637
3550.8716436439863
10762.234900042751
14724.502634713965
-3901.785074944639
23622.17800061379
26280.447826951855
15182.22233150131
12661.941915533864
17473.637023807936
18899.795087750917
10563.360816789609
15958.904503392418
20063.512059913388
22958.00902778111
39227.724353193255
50028.83549954907
22416.45648225539
18726.449224872867
25725.552803275245
46518.433019615695
32528.30415760964
50919.53056237689
60412.809292429214
27169.56594842288
8445.034333073512
10738.158382974207
10965.86777628028
32578.238275034524
18081.705388445465
16086.281428547345
18100.466083902837
21649.563989120892
16560.88263461468
35601.30239756334
26872.704078731418
20330.821374844087
37319.48340248259
23151.468871638896
11236.007564588164
24179.852889219776
20448.889602520336
20949.46814555879
29393.182216631634
19677.555314847
19368.931728972773
16149.814210386614
17738.43377427252
27318.27332926145
14544.41411459604
17706.07951458473
28350.121392734607
26486.246341330378
19397.008731930036
15420.426192480558
34411.572571904115
28989.878234752698
26404.08729228341
15709.489578514602
15709.489578514602
14581.822845611721
28989.87823475269
35404.394665619846
19969.03886328127
22542.29244622562
12298.140277845841
23571.24135124247
12410.7446802378
10722.617588704257
22542.29244622564
29746.429695902356
18009.988947556994
11550.282325691735
17229.02323824989
18635.562306497985
35404.394665619824
14824.779460684435
20519.488692927684
25982.029968423823
20787.84162656829
21288.749576009144
24402.854414279238
21592.668239534505
13507.61020231487
21885.787677506316
21671.54560410171
19128.586732727512
22244.049490569618
17079.042405521614
22412.846706788598
88576.23197980177
51131.00974148905
21075.624663142036
13846.644872378969
38423.34221708304
13932.985939334903
27898.725564629414
14842.333482053798
8948.794265940687
21261.04786646075
4617.951958259789
10927.708043726721
-8950.756653819903
68659.6311062983
29138.399440580768
20362.081153523955
2538.5938216709933
19046.77488956953
5886.115032208526
11792.660947278278
22001.453429646288
21478.136827928043
44628.95425039363
37152.696634541
23136.375734198107
21887.32393173399
17351.501749830575
40720.21862517495
17396.245350493427
30889.503876892682
20176.098237756592
7246.470141992519
8169.936929118256
7319.683016745268
16210.378728790914
23896.074597107017
16326.823948405045
28979.000580837066
26661.11734382547
23318.512215164705
6296.868256144509
22671.274599362485
41167.963938239925
34092.48774268491
29652.14878091499
26367.43426131102
34590.78042073931
10645.988961501242
21187.257613747224
11944.081680176441
25231.16880367131
37331.33803338859
38349.746940809775
32289.65317194057
8620.670577139817
24901.473353109803
26769.651549045317
16167.824529934442
11421.312791858629
35512.57523266455
26862.068070816073
11820.49534692675
21139.2195450512
7337.1722476602645
22386.48573720507
31012.15542781409
35718.00166770758
34493.758432882336
40335.07484466095
11001.468549220297
14046.132638242147
28631.7913226777
73966.8744316416
43482.41637089569
15062.386434776381
10854.406575736282
10284.049035770633
44567.950077830305
16491.0630839035
17190.408395369348
22135.725798496
25590.77926118903
26702.917491486478
17594.274484139474
46185.32638039202
22290.57568299469
31527.870523522808
33928.177970301185
18868.059775514477
4079.38352369828
22618.304069576687
18654.394643674976
19707.418276806897
37261.03576297266
26936.244673066132
23721.614997322784
45532.300304352626
13313.600382359638
22819.063362676778
13105.175521161822
22265.034068493245
58257.30450620115
28465.257163406604
1984.1698574754937
5826.9315746196735
35618.36949025852
53816.269150025604
2091.6542363966746
-11010.376979204604
20957.763463735253
37758.62910877587
47071.31350005338
21583.137791415385
24334.69618345736
6317.4174609648235
29548.99873132822
16237.430740844677
26420.10022514501
22905.87514207362
28220.360678685633
21639.78660700684
23063.164054922323
14145.088776842225
28465.33576857055
19782.93111192801
26736.374246308045
8758.218495192694
18593.227243314574
24373.510300355276
25826.619020440634
18610.032736663634
17915.759026059444
25686.225082922483
22562.63476639941
30973.924078998665
24530.7335427007
21320.387388336232
21320.387388336232
18276.543577636876
30973.924078998665
35364.32912677135
21819.30612944682
18825.941051536436
13608.936336258714
19823.03088249309
18864.793081652595
23345.529620959656
18825.94105153644
28625.590209988444
21642.044054376474
25901.244314953838
23345.52962095965
20158.303819577137
35364.32912677135
19185.79483757645
14098.716835138544
17835.38093249416
26188.26714923364
13836.199870431847
18304.041196504135
25428.670231495016
17835.380932494158
16304.800031595949
20727.25773700582
22479.72642709723
19170.639110852342
23659.3836552254
35364.32912677135
15934.118455382106
25106.701031522753
9176.197406973295
27028.21425371308
26935.20936304296
16332.676556584016
18967.841113345276
15263.888689044417
24211.797330931367
14477.279946401493
10059.596198233061
17482.0632197948
12354.01872534434
39510.62955100746
15073.8262402044
18874.487628789353
26850.723670128173
11639.472317444233
28329.555429395878
24068.103664750557
40959.85549291791
26850.72367012817
35822.67581399343
22568.193918372228
8983.809814913855
23501.400117370933
16529.069038208465
39510.629551007456
27461.879737073137
31230.677790107802
26476.843217229813
10747.591844393737
17559.458259671806
22968.907908898727
10083.725242270024
44335.50969555919
16554.98004714815
27599.120787988144
31624.93254262835
19999.174389480544
10424.402061496847
23734.03953002065
29816.507025902978
33198.282619258156
17260.85749374603
32093.266731676613
20343.7635898511
8532.395157117442
15332.770135321114
17260.85749374603
22985.054536942258
26021.83766991488
17421.068957205753
30575.591716017516
25121.127839477143
23734.03953002066
22132.34239321161
19270.784868097588
20534.99531231081
14294.690231993383
15751.903033914252
21314.265270532767
18814.81930714272
35514.59035531177
22739.35474623545
19001.04877014549
26592.630357627288
23400.20646389805
9381.4192535548
18425.134876121097
20885.70266087228
25363.90840438922
22666.575401920505
24738.23800352836
31166.4143526598
18385.88672589259
20738.20095593009
22666.575401920505
14734.291119547588
26583.686843764248
37809.32300180675
25340.553372430917
17091.025272936546
18425.134876121097
22166.909709369258
20881.71595484649
25643.75617688882
25591.642150252945
16075.00086240981
7984.237952257881
27458.459766176435
14207.102748022473
26791.4383839473
27139.598471959096
14066.956090582979
14749.876763556087
30506.442382290006
14819.538967939243
12852.720893463247
16209.500023397206
20471.582588269288
25415.799157347417
26574.999133208155
21708.185669043465
9644.04155587124
20471.582588269288
32859.04556206235
10480.490923386764
45249.94202799949
25057.381405211527
30638.50118072868
14819.538967939237
27066.29429173531
19126.721677630965
31448.473037064014
25263.25584208469
23524.611825451582
13033.138070615389
22279.6022275853
16205.690939690958
22020.843595477218
18634.411600720898
22838.80887040815
20300.123529647175
22922.28485226261
23563.466623636734
18443.103493818755
22275.23416833216
21349.55271583852
19040.341705407493
22275.234168332165
20620.678264901435
25177.35805802767
21349.55271583852
23563.46662363673
17721.638104331534
23707.692378943462
23707.692378943448
28817.358531614478
23563.46662363673
13503.87886203509
16363.068106319333
26367.75177725585
32100.76325862045
20198.708199830533
15772.456445985106
27986.14333073592
26367.751777255886
26921.097975079803
25469.88396711132
32100.763258620464
31580.62895120478
25456.581011290855
13503.878862035095
16052.789255083488
18339.945225251282
27413.850953743273
14765.8337904515
18339.945225251286
16691.62779150687
21461.388481405553
17767.084192935097
13503.8788620351
17866.39904343454
18738.64779286911
26895.53985744435
15782.96683709672
25136.94169437598
32669.954161930673
16489.43422221589
9323.68000814945
23821.84698078884
17974.05183266096
14723.948009035246
16154.58291677127
16619.08767608052
34180.38963545127
34484.54199231381
23821.846980788843
11768.109903884628
27475.500900307656
28120.745930871082
14539.88490666125
21511.062093123677
14210.533467134861
24028.568438683127
27160.745927507855
17514.529720641738
18171.469067904047
34100.34711991735
32669.95416193065
19171.386527589424
21250.865292761795
21764.02113380063
25522.621512149533
18497.190909132987
37091.07056508517
25842.982981230467
14113.66002206202
29481.96084090105
22879.493376848262
19990.393447289596
13964.672642907044
15100.24994242222
15875.435119257072
39411.304249771674
29481.96084090106
44635.87910356516
28876.768513203195
21390.09502471973
13422.551305854066
12462.789422009573
26959.082872667357
24670.194839760698
11537.028655109894
15609.753700811867
19982.571425806385
21497.724359173746
37091.07056508519
21299.732734610832
18196.174962944166
7368.137324806566
23139.544243038712
39807.952262603285
16128.92470702151
16415.70522961719
32426.91620080506
26516.35552729317
22976.29396532168
1019.4380696719056
30199.682537869325
20228.924516723087
40152.63431886659
19864.128753217836
26516.355527293206
34643.795561721374
34922.88896923665
19670.340385752872
19480.85350577895
19329.309031243592
25641.736971919974
17648.124643594467
21574.316618207613
17786.440761007318
32814.5337471318
39934.454184905684
16128.924707021497
20825.999462035554
20836.649863212508
41486.29713089517
25492.430741039083
35631.119761002425
25549.439036149644
16392.266140215375
19636.851644145336
23988.98907371617
9470.517219049098
10181.179503026606
12653.446102788952
25896.46308863665
38231.63933279614
31991.239499960946
23988.989073716188
8688.80920415646
20181.44430842041
34569.62215299877
11510.346856518512
40412.36475609065
16683.96554736099
29357.856803663104
40978.2396392369
27823.64690146345
16077.718678359652
34776.345855229694
25549.43903614962
11619.732876078408
16980.108228746056
30448.880937532245
32542.629687125576
10423.608068578527
30964.446357667002
19154.03563936033
19678.232105166237
32009.811016011685
28471.50405895251
14321.643845191198
17737.96283725598
18912.801062857197
19726.166102920237
23332.56880630619
32009.811016011685
17737.962837256026
14920.50308970386
9822.530963913392
19172.59928086511
20332.321463262866
30144.88904998081
24408.953213073375
18394.961766001365
24501.575746660885
20895.238079887014
27885.57452263285
30964.446357667046
16604.497422453904
2411.187277379749
2411.1872773797445
19461.278566560377
30964.446357667046
10517.551924746462
7252.281413463548
27246.251363276555
24443.174003468386
23781.669056290353
18119.91657888175
34155.04035503816
27246.2513632766
30361.976326524207
22023.882659929728
35042.798530825654
22623.341975868047
20742.295661859025
10517.55192474645
15708.651984996537
25259.43747076944
30008.913340577303
25729.020661603103
24609.434904842317
21724.500230752947
16517.8544523716
45641.21447150227
15680.400046460167
15287.765815045736
31347.993411600564
12696.256525020006
22425.616322408187
19329.98197531689
25856.336398416177
18975.64246009109
46929.40932559257
30677.89401746575
25379.089807935816
1712.2349850897476
2886.976228945395
42917.589381651305
29099.85221554729
11773.746341796046
19905.137473552535
25410.90774853138
15991.21389957518
20805.291509750125
14424.728844609275
25115.31423547204
13791.857365671203
8743.973462759132
43702.495929878525
26572.583728337297
9782.583913722827
8394.123965419209
7093.729667620311
3498.140623949707
39605.18311484203
16097.714411504214
18914.744883384858
5403.815216287774
31754.57037123736
44230.8848072845
29446.48998910967
-279.3773975405636
12137.388416742904
68.1655069794416
-3741.130846166157
2491.571718003723
2123.1441762232257
4214.3395653357065
-828.0438651285367
16282.038862555584
10339.593168804744
18235.33567399572
58021.40837526897
36399.77663578282
24891.305248079512
22770.720486374797
21481.11105761494
4917.182123654889
38715.48211224807
10465.915048850871
38963.881257194946
55625.06602949591
23913.070056404056
37300.42406877338
3708.866887915392
47555.35541764288
24750.10257244648
20012.406843165285
18123.272186163864
38174.11784723046
12593.980861086855
16017.135010538721
23796.507820733434
29404.349424646178
25322.80072311348
48866.768409243785
25418.301657743927
27506.38773998383
22592.70006460434
20404.75776059531
25044.123855719048
20398.92113408258
22113.10207404118
39129.371505388415
36927.30783528925
11583.360922817636
16120.55557965431
35170.23780964955
33547.58626272928
30883.419930014064
47262.3455611396
18300.419663299595
22172.96352257653
32969.38253087571
34171.748964384074
17178.670811709242
35403.99915486051
40954.00615372602
17731.583785079776
-4945.091410591931
19690.835963167803
16793.773293339596
36588.264973142745
28689.765626641118
34547.30185038342
33651.10568530804
29479.945975453556
27601.84027236695
17298.416172537713
17712.620559182375
31000.942289069328
14727.744123183533
26267.532232226207
25428.79429426992
21350.699749876072
19126.841694776183
7140.446333350346
8054.3626549322835
7657.730600409899
18541.42381853807
14937.107534170827
9234.615077514296
12251.796405175992
13455.25176868301
17070.840389138808
20346.975826464106
21418.159271873923
22799.97201296576
22095.35741978572
12130.942457606703
18462.905181657377
20126.987579604673
12936.863858035265
33397.7486878666
27290.48423502891
21495.02364311309
10991.508386390677
18849.227679129068
10306.649309391301
20442.79458181032
2700.756926000371
11126.381789354888
29624.856358536254
46358.94388060219
38412.150424772764
13983.474116489711
10034.874405411212
10034.874405411218
29506.62848808663
38412.15042477276
18225.251079670303
21484.50430451965
13464.122307124337
48486.35518224561
21675.57384195228
12355.214605329698
19609.90492190944
13464.12230712433
10147.199917815782
34849.05218036614
30085.550585801026
15172.682821828641
17708.780335428466
18225.2510796703
23998.194148481107
26769.294557503643
38941.243253798435
24173.897450019896
37952.68443331673
24969.836880248484
26454.28075899765
29521.908761571667
30592.298035170505
29862.19862363796
23220.580515546037
29657.172330017514
18792.639880771192
25187.337673838905
40478.72917583251
21429.531669618387
12839.071703890899
26841.805380844362
26437.839809141737
32500.414795530392
24273.05505648341
14895.351772240012
21318.785265798924
26392.15154824567
45302.796765791965
36347.4762980422
12144.624286314867
36701.17864694779
27299.627665958702
22479.70330113815
42161.04588649569
28720.432513391617
21230.434164297647
16446.247031493105
31660.14758994193
62266.979448133134
8921.947009891825
15832.229537992325
14696.187063244699
1162.113606004845
22188.979770092374
22737.287000273143
12564.470880767456
25984.547014085416
24341.405701710042
19470.195612879557
22676.149343834135
6598.743233772696
12213.52453416226
47252.920486464885
37272.96902054056
20487.066779642206
21284.022519293336
-680.8525964090792
1382.466800831066
39728.2121370737
19680.48998159951
30677.26110267311
26119.348086142058
16379.14104390594
64571.55230713941
45847.000543841255
28033.937704061533
19262.372126626793
22274.43126408943
13849.0430304646
2703.240133326089
16648.493510960718
18104.34652345472
23435.92350951795
14593.099252585793
15348.563486887891
66653.73795764043
8820.124234524757
21455.23744765833
-9150.773883568052
20303.27509706993
70879.49256992139
63128.24179814873
8924.737254932194
2523.106403325116
28496.053429425112
32741.686709782716
18297.909063164283
22153.726519374675
35267.2108116758
4218.072350675098
10602.58066045102
17828.033693945967
4522.224389558081
6191.459238424295
2680.4406787599855
10827.669541734476
12122.772276707052
85845.90506172692
119821.70852350413
4656.505101130764
8693.025270638373
8936.103971071228
27015.551859673877
24864.938016676755
3212.7974327766196
10194.91133619034
6637.287175421305
12150.582912365639
46373.953135472184
33295.20875712493
10920.34268325981
18762.946970524994
23478.807412291342
16011.947030620011
5887.694987335781
33899.73563241854
18417.013254816837
16481.98666536683
19083.94249761126
42789.635060217355
14775.907152602787
18126.28093838284
16516.87590654273
11855.683340862679
16792.18416532303
22751.858545196323
64209.54627529177
18234.34482799187
23234.859336965117
18530.737476112634
19683.36763091335
18388.81355029471
32125.791295579955
23460.52396780523
12857.532737495989
26348.262720942843
20990.947052127616
16063.668944372585
20661.133638224557
19833.444277105587
15134.158701380471
20030.325863625712
20402.219321481556
8824.51294188855
21751.846157656833
20993.56287872274
21528.61324388625
20554.819586893194
23809.69806048351
20061.07217056989
10125.155031420445
26018.61263537173
16219.937746703177
26079.58202087599
26079.582020875998
30916.293533100823
26018.612635371745
9252.037628604166
38065.8237522935
47509.375620112594
26473.07090677005
12897.248489696556
10615.055616808586
12155.564450404689
47509.37562011261
19278.586746331937
26107.655058686898
22866.37883508887
30315.862294216542
19965.574442013007
9252.03762860419
31205.968580450895
31652.04461503212
11324.52023202725
15351.019437967756
36239.68549035288
18289.554299882097
6991.353864960796
16088.552242900862
14953.46970066335
22425.946047724625
48398.047886370616
21510.15442374454
20437.996786487754
18257.132680300776
6070.244065038833
10560.05950287242
36962.01805036506
2588.164509529925
32003.959873620483
46072.86560031268
34191.10605935537
111752.62299378497
23469.980422397763
21880.615518902556
28439.534521994636
58514.30952341568
20712.8423384079
14196.829976440673
22842.896282188965
2847.4004688774844
11563.477412587821
6741.185406702784
33481.44187861285
-3240.2650789597938
-10057.914821148019
30262.49933795213
37749.90072205764
74830.30786876369
10743.246767559198
50138.41097582157
4471.028642398665
-16009.384107280284
27568.97560253982
41515.42375446424
8693.682907435768
33999.23356129011
17523.29730965286
42304.81808460785
28421.515932763494
23038.318491202328
23935.489641862587
29312.469182859062
24372.330497118626
39726.3687681805
5114.937130522785
2456.21977775368
22500.63766232965
14402.078550630184
21156.73610374917
21567.476310601203
26538.046102867072
14976.401646325412
9793.529554261631
15803.075148149606
9250.84175328818
36991.69114364401
63764.949887086135
30838.926671609763
8260.068434036642
33340.433213074284
33683.60369949797
29761.61127023796
11713.463471973124
38459.80048405649
34397.1068084987
15728.271178357038
15087.030711184723
2352.2045167381425
17766.188316630207
22790.4353300378
35768.88492650115
21924.673086760242
19716.618625358464
32704.704799783343
14236.357986579553
29996.134135618646
47735.567362502814
20862.276255753786
13919.17508045585
22394.77574170601
41973.269316854654
44595.00925059408
17366.786453742283
18814.423338053584
12962.686239691951
18504.186240164952
14992.096079761817
27233.39209843827
51539.382100947965
18066.787804423177
10824.425141909138
30902.6476243636
29435.26225668193
16405.423709611445
17925.661193112708
22475.995190872898
17631.075449827542
37402.1814547192
24330.8763270462
7057.120738783321
18761.932287576717
54522.1092679631
11021.027453025565
16527.78616701107
10413.41470448736
29228.424587777154
20001.421931670222
27013.19173139742
22466.528988857724
33157.90344046262
29385.96436994527
6840.053227167344
10432.969398460711
89.09694597070029
47837.70454734725
36160.121836701306
18513.898240956543
17313.0291212043
23504.08843271524
25627.3281391132
23248.67494178624
8337.919759076052
17333.907275249385
5005.015875164487
17079.865900208955
20749.140321330804
28730.019675429827
14846.150016197762
15154.324714285116
11893.987632908073
23236.438944056852
27215.82626653667
32189.994881330626
20520.19616101955
22868.46527301187
20441.08139852975
24495.198055697583
24002.990116253743
27949.634070034583
20541.117128488506
18495.15395481224
18495.15395481224
19574.19788851227
27949.634070034575
13855.323980466683
28871.540902365
46328.00094208894
15861.258282270912
29579.270992810372
35031.39425475192
33203.93885124466
46328.000942088955
24462.97661529073
15545.625089542968
32988.76005537697
20658.094609892432
9796.070783794374
13855.323980466675
21381.70386641442
26411.16856733039
9691.469294409078
18449.789585385606
27652.5971985084
4743.748649489831
9655.509273863587
25717.54817053644
21461.47721517459
19131.353106083603
26085.797263984292
32766.659051097944
25434.374886567082
14934.620717455751
12360.316269854844
26263.286187670165
24390.51631021128
28751.45030251192
20292.77469463344
19328.3976920688
29799.088928102985
21689.83747915927
19915.367617649583
15797.82654901522
29376.59664211991
58374.106730108186
31678.179733388104
-222.22248493922245
11035.510207738582
14667.342674497373
50136.42424381705
36184.210861012405
19579.23985346602
14780.730364408537
26835.7393469261
9166.149701210708
10284.327679700436
29289.767943692525
34043.89478342018
39792.70467805853
14643.909191229473
28200.024483735237
27415.257981044222
21210.40670261366
17768.954266266563
26080.825464567493
16364.033856486447
8074.371442573305
18967.768282655452
23113.58002087735
20580.126766130812
39994.89897476235
13689.572126936919
19231.695810182286
31399.0422317007
31565.785794715925
29376.37167773891
28964.799422080505
20458.090918701393
29567.795008619087
30755.24044841527
13577.760717077366
16117.064543038801
28414.177469074053
52246.61602168415
22589.887042494796
12328.88436781439
29554.721683762342
29092.782879020593
25647.945157009723
32755.579300423193
22667.224615017272
12164.968308101705
21981.825009109947
29740.749402066984
30367.50382310625
24099.915542388077
34049.48715785704
26951.13633808714
25228.330756226773
43062.38013992515
24250.425678912165
-646.3998128200545
21402.544621482186
19610.9727937193
30094.040309626318
24187.193208028784
25341.5584747494
22448.27800643168
31718.579725311876
21525.171775756593
27911.10844685298
24023.97305853074
21020.912037655107
29060.28740804862
13157.194922833543
28058.88842857282
29559.619023573152
27111.04839822836
14073.14006263364
5642.130046536122
62490.30421417954
22333.888560308897
18899.472340887733
46327.77457363745
6093.631628565342
22353.386490160825
18010.916572013022
7831.722870997311
19126.405286713267
31791.410719417967
23995.53223312152
12310.635141308876
12094.731858812369
56063.582258954106
41328.670720314694
10822.701834072841
21316.798800022032
46535.50975606966
36089.22379279055
7719.616201580079
18437.983998779546
12609.548195972893
9618.027606858937
14716.057923468305
28873.285914622335
16924.505809514798
19625.831994578184
15508.834344444962
31171.377551832033
32509.71536349368
25351.190914710558
10927.571233995102
16160.680233038629
16851.739961963798
36995.42504558445
50729.59977938684
22889.93145257204
26005.397599034728
41376.07334324534
5638.316863907687
16497.81130494493
32651.18740665465
22985.968543770516
16024.08156429189
19983.883663704844
31869.423696115115
30877.374912830353
33137.76617013398
13487.247473755595
3066.172745961959
3066.172745961959
33706.08524498213
33137.76617013399
22911.65428532261
20359.13871313774
19809.85837883593
29806.69269175698
25629.44356752421
20384.27221040027
22959.472170600286
19809.858378835914
21966.948150448156
15565.643610580933
14057.946038714801
22959.472170600297
17446.8868415901
22911.654285322587
6486.981763893539
19197.906387045918
30182.95792072299
11386.358247829496
27416.5308547335
29979.306902417895
38973.016024774115
30182.95792072298
32470.91304392433
24782.31006129682
21445.082739286867
26696.57390009066
20028.534540569173
22911.65428532259
22944.818784659925
7822.4834688015835
15638.112969565462
13212.350042266922
24247.628404712734
14528.972369421497
16397.68440592098
23749.03249086748
36469.59522166258
27102.723468424178
38245.20253788714
21777.38853518476
13666.819564481826
25424.564935011334
13796.584105795884
33288.82011457433
28427.792522594897
22402.82604998465
25432.465325564044
31159.26662143379
22167.44098735387
28427.792522594897
26384.59547960759
11286.590601434993
26889.228486507152
15836.168314644829
34430.997950335695
25424.56493501133
30881.868054440813
20723.325615247253
28397.064626627314
28909.5494140483
18101.941073478087
-2494.4561192927363
22896.595773858
25211.398346222664
30280.976438559206
23360.923776243406
19185.91763069384
18289.484173378787
29636.84469257306
27687.6830001809
25736.583059049288
16793.214770939772
17096.634796612998
33584.58176640121
29397.492348952434
22246.84435785683
11131.88376414219
17096.634796612998
24114.05040672047
18542.667183874066
37711.53612104342
23846.938443315026
28293.586581815736
27687.68300018087
15031.282098605641
33809.92061199079
36203.22712463438
23392.55573466381
22586.944731762662
23855.404040315298
24255.786518595563
25901.114356796723
17984.517353165185
13231.688503345948
16253.105198760784
19818.882229281546
15573.357076638036
20609.17338536169
18084.82704572877
26101.050363548366
19905.826362876443
11201.017367264663
22301.23633404263
14830.750492681855
26809.320257277497
19905.826362876443
21005.701348730898
21909.471583034356
22738.164398348585
33056.5234202123
19514.576812235362
20609.173385361682
19999.58619589898
17661.27403534826
47506.24944972579
15779.541591956706
13150.671299834607
23449.95923234545
22783.85973284202
54076.53274747075
8807.036377895409
20847.917422280578
21055.895241798455
25756.690382691293
10587.150704039545
5563.393175347421
23465.6708752776
22254.540544746073
24000.35168611264
13335.392618325797
32697.877365559445
19263.662094639807
12372.144203098673
24000.351686112645
3469.55356454731
36051.18292576005
39505.70924136289
16709.458983488967
25152.634721619834
5563.393175347428
21497.474555662742
20536.046704898225
28351.179146666833
25539.664374429307
26332.76856309319
26906.376695624964
36137.93028913183
31454.129391024642
23801.11903012596
19333.04307457889
26618.887517923544
20963.644022580887
15814.219542566705
15480.853711082305
14873.361593747237
18017.3662191664
9449.28623189191
5180.6881552852465
18017.3662191664
17599.51789630179
14748.415509850342
9449.28623189191
15480.853711082304
29580.111859947527
39243.35979442976
39243.35979442975
19373.929063612726
15480.853711082304
24076.880649197283
20735.125117715317
20488.266630285907
25042.720877452077
20123.65446898708
18053.494432101492
19814.307495313722
20488.266630285892
20824.9894947215
24311.113817522935
25042.720877452084
21934.259054021135
20824.457960174925
24076.880649197283
18399.326283412036
20568.611366210844
25042.720877452084
21983.66660974741
20568.61136621084
17914.44546804772
20123.654468987093
21671.37871955855
24076.880649197286
20735.125117715317
23288.075604380425
20488.266630285885
19719.54061332727
22448.547501222445
26636.54693224771
24205.57302601231
16508.643375713254
29509.014199897403
22120.39950617278
21609.909628480385
22726.440858999093
15930.684190350841
12960.066940020857
30400.283345057862
29509.014199897403
25380.995968631225
17346.01086299575
23496.496415812882
21114.170670277326
19064.11212834716
29509.01419989741
23146.884300355276
20853.248875977857
17099.36840738477
21504.155472453505
26268.306084697604
26636.546932247693
24205.573026012335
25368.58797860994
15930.684190350836
18502.514219904886
24285.614994715288
33183.33558365039
22736.57815011358
26968.27404697913
19176.282366482617
16194.170193032827
21135.500444981157
23754.22993962688
22190.53960808877
26967.69688599426
33560.165740259145
19176.282366482617
24304.321921317525
31074.688801360295
30332.902997981702
20566.735893827026
14094.134846625371
19176.28236648261
19739.299159303133
19554.718854344126
3121.1767491713817
21943.843524220545
31618.265865979334
33183.33558365038
22736.578150113557
19205.50879562806
22190.539608088777
20993.202153533697
20998.00361462315
41401.82905433158
18308.942702604298
18670.712163177654
14477.523221619134
27530.162891994678
15396.189014018584
14163.92622487104
14935.765413472323
37739.90201157297
23832.707610524132
14477.523221619125
6731.690713338724
12688.515524357574
23287.130537284127
19190.088135415554
22420.067553130535
14477.523221619136
25266.42778206835
22001.87039528744
27434.794030657933
18597.496305189572
24204.6931925538
41401.829054331574
18308.942702604298
24969.90597149665
14935.765413472327
21999.215129554897
32973.268813913906
33564.062546349494
24497.96713816517
22578.47847707358
29235.952028374617
42228.02294792156
21576.283291809294
24984.75577617619
12374.681736779781
14685.252309852196
14829.991499351903
29235.952028374628
17594.213050077746
5630.413470216962
11088.556648390586
20643.961703165434
26646.42558464626
29235.95202837465
16798.59879787491
16731.050543728077
28314.26854988047
29957.632040652014
31353.589329804014
33564.06254634952
24497.96713816515
17799.38748762786
12374.681736779788
23290.978261082353
34261.41506006
19063.90332725722
24368.55035593918
24915.736044002235
32241.689812415516
26586.546573768665
21342.400653124696
21723.477887677036
19734.558064434146
16738.282486540604
21738.927652519735
32241.689812415512
21723.47788767704
18219.562279298527
24943.112893760663
21366.938075251284
27152.57362195654
32241.68981241552
21738.927652519735
23064.91160987875
15766.950189237225
22913.862500711097
23616.72528652746
19063.903327257227
24368.550355939165
19734.558064434153
19734.55806443415
11321.044920688784
19063.903327257227
28855.354184460484
19485.20935467341
21119.648728271583
22559.374980070155
16700.39081638804
13177.552037054214
16424.75875458748
21119.64872827161
27994.41189664373
32222.88524644687
25305.43141724192
22737.58326163429
26992.250676556927
28855.3541844605
18263.472385806715
20312.123842664325
25305.431417241914
19491.966230618295
18451.96594957919
13490.294472194413
16700.39081638805
18082.580643229106
24520.38505927805
16986.485420153407
16423.633777502986
21119.6487282716
15583.430802714473
11839.081162946906
14821.016503378742
19201.358888605406
23659.800428800343
11231.861179055006
22150.482348573136
13493.244818495805
18807.866557346686
39951.00195696322
30771.55593937877
6590.057409301832
16814.646724678118
29069.407069663564
21266.63694722647
10769.985192697995
18189.317747324912
23486.623205313655
16814.646724678125
14060.387673148607
19504.33709907171
18482.14044421188
19023.441532840596
21898.636616917625
18097.974662171924
20345.822445667607
14948.71036587601
39951.00195696326
25218.003746352802
23715.059643610435
20382.961313661523
28528.5148552228
8808.583732083456
27971.802209831323
12271.379181144093
20532.47092324299
23837.091028797848
30098.809254865566
15953.53278119995
31077.61682852193
24104.966080291393
24134.25699538458
4291.156436664023
24506.027517082923
29347.44097994293
26636.09479174383
24104.96608029139
32345.403409161052
21073.430678713827
17318.733959436286
10919.829732500824
17162.572080275215
12558.919815032086
37262.83199356241
37337.67995405683
30098.809254865544
17273.842253335923
25450.12805727544
54598.0895264717
32938.787701324676
46678.08441035313
26780.26171086428
33925.93553114271
27850.501510609552
10219.74368920914
10954.2438492768
3377.7666870250523
20189.738624898568
6524.953844857238
5542.345433241732
15259.76466508892
54178.5805424568
30788.437332154244
21758.83349347419
6524.953844857239
22424.012201522062
26057.47629473188
7938.783427115879
17562.182681814364
12978.893896558464
16703.14780063825
53832.54792784854
7687.9686828830045
10954.243849276792
18097.42705670479
32927.7970841857
9998.225854499846
10768.70741443814
17365.07684148557
40963.57806687399
36412.289861929785
44836.79765717065
20349.36785781981
20738.181158862248
12426.070073324812
99.35042156741181
16877.036212820334
15216.157751982684
3471.4175240121426
8657.040882143345
4315.930964776243
21232.125015465725
16877.03621282032
13788.512462530416
25005.12043803447
21788.28499235073
44943.586841088014
26669.185024007187
45711.369905765714
40130.90265643457
24668.06935413978
20738.18115886222
17406.756421776852
25542.651507955183
26321.441582221527
23080.947813212973
23090.695315890847
36957.242940539385
22942.6740170018
26139.742959906634
29421.605989977033
18771.11484522084
19635.650514221925
20025.718799606642
39969.97281339267
30497.115600706187
16867.093392101895
21151.820772619707
18426.830218272484
16363.840149059311
39969.97281339267
20025.718799606628
22136.697711179775
14885.849419272789
28056.34433015593
20422.97591967226
9476.392478926728
16915.105286282964
18771.114845220858
18771.114845220858
11080.89682097791
9476.39247892672
43277.81223549312
32879.40498871225
8755.602114473571
27160.819694522317
18124.218038526673
16363.5946355814
16985.595022821315
8755.602114473604
17543.314679992276
41303.03664882312
20178.27220063599
7004.846982568208
10412.88759614553
43277.81223549312
29164.861281475103
24261.607375871063
20178.27220063601
29073.966735155722
18110.54946336991
18735.178747116446
18124.218038526647
24588.102353073515
14349.400427327215
13505.128823116549
26021.767485291708
8755.6021144736
24362.51268727948
35513.63103603729
31979.60074985684
21513.06813673886
14470.364676554906
30271.654439086567
26531.592753665114
20953.3110088769
15356.040672014016
7152.238748204379
22850.852814582337
17679.44608137247
19232.827447884207
16220.175922807219
23884.247602006577
53763.535415389684
6025.505068474385
17993.641921763825
19232.827447884207
22525.85704692494
24579.18075234731
21388.489896804356
52741.675883692325
22452.571835392628
53536.40997054333
11443.997702062756
26350.93607256845
7152.238748204379
41741.48878239951
21931.270011105098
23710.987944959837
19432.643272270725
31491.355026698206
16240.71650747685
32106.037906028934
1029.588988001282
16509.370770604815
37188.46839092085
31867.688276755587
14159.207229607693
20147.66220460114
14817.287778451426
15013.394550650899
10653.543545952609
18681.923265070178
39762.06750440546
20147.66220460113
15986.184798568009
19751.60877075622
39483.077778735475
19816.960131632757
24000.57433082253
38841.13151587288
10849.81830501101
9597.705624295795
37188.46839092084
34958.705522307886
11787.523908468911
27905.215391513208
24146.619199535555
24159.90467727664
21395.45976510839
21621.029936374503
19575.616412413594
20242.092424169594
44901.67320023591
23347.50203673237
14839.216882743638
15176.950546475635
35813.694911421575
14582.479091649364
11834.910848873853
13749.031620447637
21028.666728032647
15176.950546475637
15446.713661444724
15631.375459236478
24054.602924597537
9247.374599888171
10091.418195786924
11451.805714355487
27223.720237593803
13763.651144554993
44901.67320023593
23507.735503683616
16333.05445266742
12221.22940063981
27855.058963267882
10054.110752314828
18772.314861853585
18517.460597154397
28552.611528807367
15650.777727438835
32635.14008044724
16482.7181958805
13969.084741682831
22719.42389374885
19019.179347949834
4414.779938804948
27319.90313001421
13198.895976058773
33260.321440414315
22719.423893748848
12917.075387378456
22966.09495718183
27724.720871496505
32426.697810734397
18237.171746627264
21282.103777779244
28582.873756412853
29057.30806160661
32635.140080447254
19916.35552623252
23280.67630557413
28289.352286654794
26060.912145276496
18990.213936755797
20602.76106523568
20094.095771059554
31947.096679721333
21390.649533574495
22359.8321674827
19497.03194216046
18535.080654828067
34485.386733832005
32892.599544750134
13271.642215477998
24512.29751139727
14730.34402876296
17857.722533743417
34485.38673383199
18535.08065482807
17454.510433212763
13244.696458758362
29869.33018022302
24213.340625269404
12404.31392419636
22295.706523776447
22359.83216748269
22359.83216748269
9239.284499160232
12404.313924196349
35001.095577167835
31019.03287794214
29649.18742292936
14794.099082692663
20196.032115617607
16872.938573521264
18069.49449440459
29649.18742292933
25245.665188192797
18094.087910704395
7154.735837851308
12969.143225278234
14462.855013245491
35001.09557716786
24262.80881921356
26059.863101886982
7154.735837851297
16268.842159269705
16017.013826574606
19236.754062197302
20196.032115617607
15424.040151188676
26946.953093891156
24782.223679352523
16979.693279012412
29649.187422929343
21223.46908238259
29420.505595317227
15885.482791125742
18943.812232828284
14716.605421695933
21617.93842773133
31924.478816388586
32489.298031908253
21667.36885032989
20877.489696372904
14082.049511218336
20211.494463153183
24378.854609702288
29240.757697152392
8725.411818484961
13405.651293345263
9122.757769945489
16287.6274910741
24378.854609702288
9284.249381209276
12152.300285375943
20599.6099590368
33213.539893351786
21935.439873033803
22431.930649584865
28032.276176258772
21124.55019847187
20877.48969637289
22999.637501620855
44991.93370423697
23219.951113995136
21202.67273334031
28927.868642777452
22376.911872508183
24847.50467476196
20254.7967971612
16522.018592123226
20645.80286924748
28072.302294371162
20072.65349039412
16872.902240222847
18969.369051019996
24848.377394392995
41920.44377748651
12211.231024244122
16964.705825649882
16872.902240222847
18946.905290331015
23494.11723860836
16017.192734308575
26039.661967430628
19526.13146096057
25461.81725995903
22362.879185432084
17311.498745943685
20645.802869247487
18412.725552558415
21786.029870121776
21709.093127421274
7690.208430958752
8906.507678277521
32925.504676699544
59885.34551427804
27528.546796530656
16212.804511684164
10848.124552470563
50181.55199260541
2035.2978173236274
11398.117591840886
12174.357161630822
131.42084614128117
48831.70538638178
9695.479137224345
8399.368285828206
11398.117591840919
32835.94498216721
31898.48056984538
38275.70993672786
19887.14123393578
37062.58311945597
49398.23882436262
18558.62961865206
27997.391592181128
10848.124552470512
21830.816581049432
42723.01635962482
19401.30165991886
21121.49428716705
32266.368189571764
27157.994404892117
36343.151701157076
17613.508321513476
21382.563335300027
10967.583514529924
23803.797549377803
5384.133240796766
51942.87446807665
23299.70697966814
19802.208031146325
16108.004680836095
13063.639984085532
34719.984141501336
51942.874468076654
21807.8118811121
14833.919632042429
22320.049959039727
49030.189855014214
16426.598697856443
16266.768999580727
16105.572585055525
189.26579102112765
10967.583514529926
15899.013598834103
22266.93415965152
11679.787731130526
18121.467545395375
11620.757892350384
19404.593077989975
11055.880736246761
21181.780815188722
19581.197610401603
34276.069242702695
17601.659333690433
21642.35184236699
28378.068235089522
26784.25307303996
17235.716477814993
19254.52124058279
16809.566390505475
29670.899468659212
28378.06823508952
21642.351842366985
23689.23834491391
18385.206370276428
16939.52685093495
26972.139234158287
11504.329822346255
24053.452282470644
34276.069242702695
34276.06924270269
25214.758384745204
11504.329822346255
22603.876631115065
28450.132872576913
26741.10401169616
29009.303184190085
19794.298147072623
18000.573329885603
24028.53591498996
26741.10401169613
23358.400624196776
24970.918558809346
19399.723823992754
33828.6226968223
24752.883625178732
22603.876631115083
14980.080119109378
17090.198576459294
19399.723823992754
24508.46938513507
11652.565108740519
12982.863235977078
19794.29814707264
7437.468970535899
14963.99834177522
25871.465921608207
28820.667990047783
26741.104011696138
15168.915450492552
30364.719727341544
10556.163124300878
14970.323181301574
24284.121520962253
16362.900185653849
15141.562465437992
32735.206115910176
21791.878406609772
24828.553295794874
27172.411573962625
22328.501340695457
19893.77673340576
29789.111488513943
17845.70240118779
34805.08059682145
11940.243497571833
21999.037916991878
19893.77673340575
21186.1975959499
21769.456002361923
13563.333111232312
28670.449543608705
36085.60283517798
27927.00507290414
27118.963249482207
34544.12957560422
24828.55329579487
26011.474588264682
24228.561321340858
37708.66545357273
22553.611770075397
14407.438738075552
29535.387048946322
20750.53059056816
18513.38378198286
23987.109779853803
10450.688373346922
21784.970500329153
28538.78817249026
31406.129227384652
20887.818268002997
18279.71519456728
31766.97591878186
23194.369469557918
18806.87126869729
31406.12922738465
33087.255363500386
19467.531920662666
17716.992005559343
24289.478566187856
34563.208262546425
16997.192104945483
14728.160734800736
18155.26917879901
10450.688373346924
17878.14640901231
25522.612064511195
43170.23778971095
27785.86240612372
27960.8145275055
28343.369850468567
32590.34962100468
23014.328319757256
13353.755295072868
14186.602222819603
19424.78781020196
22033.397635563422
15239.207034041281
9415.288258524359
14907.034724944704
38044.046198596945
19690.351183105908
21655.496294312383
15239.207034041285
9390.14751209198
22236.519278394437
15335.813682307298
35507.41663452572
12282.824680299136
19595.517202817056
36782.389344783616
11461.791833913776
14186.602222819633
17200.545720890983
48597.37563556871
22219.603506473577
177.7917767703184
2501.4954274226293
24949.060992006755
27523.619451358696
33172.02428680873
22998.36774236489
12071.301545669878
27032.39003764209
30116.295018569086
42653.641158384926
29718.005173903846
20685.746788263816
26726.01460826269
-127.81571602842884
19657.538172237313
42653.64115838495
29028.288411641148
19752.92059980057
16485.818895298307
26260.99170031139
27128.85554201134
32198.42197228164
21109.822233162464
24866.13897994801
12071.301545669896
19811.229846120415
24455.255097459198
32762.81754899235
15229.613982092065
30821.5342480476
28213.169955088095
31338.40174527654
7323.261218453565
27473.978051580194
11253.91121219863
23317.34280952589
25288.974164406456
31128.660053762524
28277.065799519605
26460.336565516995
26432.527961512296
19331.537342934196
11340.737202443901
31128.66005376253
25288.97416440647
17982.232583217938
22239.004111029502
30309.469343241577
32334.137496069325
30210.23770025983
9503.612179303904
11253.911212198633
11253.91121219863
36435.88463279577
30210.237700259837
19307.588097866606
12460.19633525022
19266.57012675108
21508.98571011916
20386.91454674842
16553.613687306875
20389.091915049954
19266.570126751078
23212.314794242728
21365.956351757213
31362.21794472507
20389.09191504995
19234.413484974564
19307.588097866592
20295.20152699038
29213.75233796748
31362.217944725067
29245.041629816944
21350.805841600206
19234.351595062675
20386.914546748423
31362.217944725067
24262.30248639603
17279.230080579993
24254.64215679266
19266.57012675108
23212.314794242724
19307.588097866595
25592.799144646233
23216.80417246613
28976.63248528646
29315.807403652198
22266.16543773854
8139.45674006551
20023.1802898665
30563.42881879153
24205.124739790295
23199.326677577003
17802.03491257093
15114.289310892571
22564.09385567964
23014.241477417658
23884.252382090475
29267.58983862634
17802.034912570936
20445.620097213643
24857.223213900153
23572.649265585867
16595.277868241265
17802.034912570936
25605.42446442494
24058.883434815703
26250.28274151367
30563.428818791537
24205.124739790295
23014.24147741766
24438.448725990704
26361.05001966824
30580.316160986655
21562.704655687477
19884.132829658014
18988.08338126956
22144.93525068476
31179.953294198534
18882.641901642586
19645.308341796783
20059.40910202292
22678.413254923533
16642.489749428903
16740.75420444933
22487.922624467537
23126.382173490067
20059.409102022924
18244.737818551104
19937.26996396071
16744.67565889377
18184.265125322607
20059.409102022924
24157.842239838046
22700.30655497656
18025.748488816957
31179.95329419856
18882.641901642586
16740.75420444931
22689.024189316435
21545.512824282734
17687.74587495854
19225.44126435929
18789.75721234055
23415.859485251796
18116.306789046543
27775.989759420376
17871.358383751
19107.137184286526
21062.200299083353
25694.165621607706
15396.546653372085
23116.597847095112
19518.78357929969
19790.089968634264
21062.200299083357
21265.432956061402
18257.228360057325
14732.108046533198
19489.061117808407
21062.200299083353
20662.08232526542
27584.456302599436
23941.426987864605
27775.989759420372
17871.358383750983
23116.597847095116
23967.126250843114
32771.698041717595
24532.669383037464
19643.158675778628
18244.1999719473
15879.518290383521
17502.90231856322
28211.27109030477
17059.76020647621
15910.175358327679
19610.316024225685
17590.36458274098
13583.287557303436
28177.944875225596
29250.91636302993
27841.21909645988
19610.31602422569
26028.59162640104
15445.24595051398
13764.428280257081
18425.23149632034
19610.31602422569
13808.02762561971
19957.07827253321
12261.058139298959
28211.271090304763
17059.760206476207
28177.944875225592
18012.887582116902
23737.553428826563
15683.06789564554
24767.127904423298
15505.289276734424
25188.834023436044
15613.03233711372
28927.8835556265
18678.42894975567
19863.357392248574
14768.901129147065
26478.943213289167
16336.279082596127
27734.7033624959
15829.061087138458
19453.52911007028
14768.901129147056
19863.35739224858
19453.52911007028
16104.68404387642
24734.393966644417
14768.901129147054
27734.703362495904
32796.72832741849
28927.883555626515
28927.883555626515
18678.42894975567
27734.703362495915
