$MeshFormat
2.2 0 8
$EndMeshFormat
$PhysicalNames
7
2 1 "z_min"
2 2 "z_max"
2 3 "y_min"
2 4 "x_max"
2 5 "y_max"
2 6 "x_min"
3 7 "solid"
$EndPhysicalNames
$Nodes
558
1 0 0 0
2 20 2.25 2.25
3 20 3.75 2.25
4 0 6 0
5 0 0 6
6 20 2.25 3.75
7 20 3.75 3.75
8 0 6 6
9 0.9523809523800596 0.1071428571427567 0.1071428571427567
10 1.904761904760276 0.2142857142855311 0.2142857142855311
11 2.857142857139745 0.3214285714282213 0.3214285714282213
12 3.809523809517887 0.4285714285707624 0.4285714285707624
13 4.76190476189603 0.5357142857133034 0.5357142857133034
14 5.714285714274173 0.6428571428558444 0.6428571428558444
15 6.666666666652315 0.7499999999983854 0.7499999999983854
16 7.619047619030455 0.8571428571409263 0.8571428571409263
17 8.57142857141087 0.9642857142837229 0.9642857142837229
18 9.523809523793135 1.071428571426728 1.071428571426728
19 10.47619047617552 1.178571428569746 1.178571428569746
20 11.42857142855802 1.285714285712777 1.285714285712777
21 12.38095238094052 1.392857142855808 1.392857142855808
22 13.33333333332302 1.49999999999884 1.49999999999884
23 14.28571428570551 1.60714285714187 1.60714285714187
24 15.23809523808802 1.714285714284902 1.714285714284902
25 16.19047619047052 1.821428571427933 1.821428571427933
26 17.14285714285303 1.928571428570966 1.928571428570966
27 18.09523809523545 2.035714285713988 2.035714285713988
28 19.04761904761773 2.142857142856994 2.142857142856994
29 0.9523809523800912 5.89285714285724 0.1071428571427603
30 1.904761904760333 5.785714285714462 0.2142857142855375
31 2.857142857139833 5.678571428571769 0.3214285714282312
32 3.809523809518025 5.571428571429222 0.4285714285707778
33 4.761904761896217 5.464285714286675 0.5357142857133244
34 5.714285714274407 5.35714285714413 0.6428571428558708
35 6.6666666666526 5.250000000001583 0.7499999999984175
36 7.619047619030791 5.142857142859036 0.8571428571409639
37 8.571428571411253 5.035714285716234 0.964285714283766
38 9.523809523793567 4.928571428573224 1.071428571426776
39 10.47619047617594 4.821428571430206 1.178571428569793
40 11.42857142855837 4.714285714287183 1.285714285712817
41 12.3809523809408 4.60714285714416 1.39285714285584
42 13.33333333332323 4.500000000001136 1.499999999998864
43 14.28571428570567 4.392857142858112 1.607142857141888
44 15.2380952380881 4.285714285715089 1.714285714284911
45 16.19047619047053 4.178571428572065 1.821428571427935
46 17.14285714285296 4.071428571429042 1.928571428570958
47 18.09523809523535 3.964285714286023 2.035714285713977
48 19.04761904761767 3.857142857143012 2.142857142856988
49 0.9523809523800912 0.1071428571427603 5.89285714285724
50 1.904761904760333 0.2142857142855375 5.785714285714462
51 2.857142857139833 0.3214285714282312 5.678571428571769
52 3.809523809518025 0.4285714285707778 5.571428571429222
53 4.761904761896217 0.5357142857133244 5.464285714286675
54 5.714285714274407 0.6428571428558708 5.35714285714413
55 6.6666666666526 0.7499999999984175 5.250000000001583
56 7.619047619030791 0.8571428571409639 5.142857142859036
57 8.571428571411253 0.964285714283766 5.035714285716234
58 9.523809523793567 1.071428571426776 4.928571428573224
59 10.47619047617594 1.178571428569793 4.821428571430206
60 11.42857142855837 1.285714285712817 4.714285714287183
61 12.3809523809408 1.39285714285584 4.60714285714416
62 13.33333333332323 1.499999999998864 4.500000000001136
63 14.28571428570567 1.607142857141888 4.392857142858112
64 15.2380952380881 1.714285714284911 4.285714285715089
65 16.19047619047053 1.821428571427935 4.178571428572065
66 17.14285714285296 1.928571428570958 4.071428571429042
67 18.09523809523535 2.035714285713977 3.964285714286023
68 19.04761904761767 2.142857142856988 3.857142857143012
69 0.9523809523801213 5.892857142857236 5.892857142857236
70 1.904761904760386 5.785714285714457 5.785714285714457
71 2.857142857139915 5.678571428571759 5.678571428571759
72 3.809523809518154 5.571428571429208 5.571428571429208
73 4.761904761896393 5.464285714286656 5.464285714286656
74 5.714285714274632 5.357142857144104 5.357142857144104
75 6.666666666652871 5.250000000001553 5.250000000001553
76 7.619047619031111 5.142857142859 5.142857142859
77 8.571428571411619 5.035714285716193 5.035714285716193
78 9.523809523793981 4.928571428573177 4.928571428573177
79 10.47619047617634 4.821428571430162 4.821428571430162
80 11.4285714285587 4.714285714287146 4.714285714287146
81 12.38095238094106 4.60714285714413 4.60714285714413
82 13.33333333332343 4.500000000001115 4.500000000001115
83 14.28571428570579 4.392857142858099 4.392857142858099
84 15.23809523808815 4.285714285715083 4.285714285715083
85 16.19047619047051 4.178571428572067 4.178571428572067
86 17.14285714285288 4.071428571429051 4.071428571429051
87 18.09523809523526 3.964285714286034 3.964285714286034
88 19.04761904761763 3.857142857143017 3.857142857143017
89 0 0.9999999999956439 0
90 0 1.999999999992049 0
91 0 2.999999999988569 0
92 0 3.999999999992316 0
93 0 4.999999999996158 0
94 20 2.999999999999998 2.25
95 0 0.9999999999956439 6
96 0 1.999999999992049 6
97 0 2.999999999988569 6
98 0 3.999999999992316 6
99 0 4.999999999996158 6
100 20 2.999999999999998 3.75
101 0 0 0.9999999999956439
102 0 0 1.999999999992049
103 0 0 2.999999999988569
104 0 0 3.999999999992316
105 0 0 4.999999999996158
106 20 2.25 2.999999999999998
107 0 6 0.9999999999956439
108 0 6 1.999999999992049
109 0 6 2.999999999988569
110 0 6 3.999999999992316
111 0 6 4.999999999996158
112 20 3.75 2.999999999999998
113 3.245557686019476 1.165102736403659 0.365125239677191
114 5.121974874785165 1.401546603030319 0.5762221734133312
115 7.058099808222733 1.764425352094902 0.7940362284250575
116 3.245652317966438 4.835749082550077 0.3651358857712241
117 8.95541227285276 4.152153819432954 1.007483880695936
118 5.145888463335884 4.580725248006716 0.578912452125287
119 0.8436995249633683 3.474605396368414 0.09491619655837871
120 10.84708978233587 2.052431882321937 1.220297600512785
121 7.050650368092137 4.366439533720715 0.7931981664103656
122 12.76493608238227 3.723582390859963 1.436055309268005
123 8.990129017909211 1.825270652460949 1.011389514514787
124 14.73170139841456 3.438551444650168 1.657316407321639
125 10.85653568987814 3.868423101689072 1.221360265111291
126 0.7891410220096455 1.537894344939486 0.08877836497608491
127 13.73218160710338 2.32893342307635 1.54487043079913
128 1.336364653820718 5.009296676575464 0.1503410235548306
129 16.45363441209487 3.333422951077531 1.851033871360673
130 15.6220789395295 2.597846180569163 1.75748388069707
131 18.37430670596706 2.962352312638161 2.067109504421294
132 17.37126637484072 3.217696062626479 1.954267467169582
133 0.8422678525313111 2.502672019011063 0.09475513340977228
134 1.703065016633608 2.995564238457141 0.1915948143712807
135 1.743380340140813 4.068510836534691 0.1961302882658413
136 2.61944304578225 3.459070538685937 0.294687342650503
137 2.624558917068065 2.548470998054599 0.2952628781701572
138 3.335491355249471 2.980189905502565 0.3752427774655654
139 1.774024402499288 1.909521503782563 0.1995777452811697
140 8.003031320472262 4.259296676576323 0.9003410235531297
141 7.434634069530877 3.482879067439299 0.8363963328222238
142 6.482253117152487 3.590021924583616 0.7292534756796548
143 6.866236818590395 2.70646145830251 0.7724516420914196
144 5.917396577040643 2.836401052443415 0.6657071149170724
145 7.751073235869693 2.594926270881285 0.8719957390353406
146 9.907793225234634 1.954989037710922 1.114626737838897
147 9.476565227576378 2.727639480600497 1.066113588102343
148 10.34618737259622 2.871027305433583 1.163946079417075
149 11.2975729915774 2.915916441985516 1.270976961552458
150 9.875567501707478 3.754934692592921 1.111001343942092
151 11.8070335076594 3.747461687387244 1.328291269611683
152 12.23488423089979 2.908028245851658 1.376424475976227
153 2.297617010311474 4.937917906736512 0.2584819136600406
154 2.288745606200632 1.097846180566208 0.2574838806975709
155 8.370363342976107 3.385581568539118 0.9416658760848122
156 14.65766132734499 2.479533484433927 1.648986899326312
157 4.194509116842497 4.696883949230873 0.4718822756447807
158 4.60794074090323 3.798479616756355 0.5183933333516135
159 13.73037599097614 3.65912374739501 1.544667298984816
160 4.190468647062918 1.300655280674751 0.4714277227945782
161 4.579329042934337 2.144544793121323 0.5151745173301129
162 6.046188784028586 1.495377082519072 0.680196238203216
163 6.098269415713814 4.473582390864105 0.6860553092678041
164 5.537004623162654 3.713201705442352 0.6229130201057986
165 3.550567654652601 2.1119420098418 0.3994388611484174
166 3.554562529211307 3.844476357789657 0.399888284536272
167 8.071372448683316 1.73905983382844 0.9080294004768733
168 5.034760459534557 2.930064962264525 0.5664105516976377
169 12.76372273187541 2.207181184569181 1.435918807335984
170 15.63730928910631 3.516860322403168 1.759197295024461
171 11.79934649596959 2.122465286622296 1.327426480796579
172 19.26464709864892 3.093328187789955 2.167272798598004
173 0.7688415088286868 4.434470472122744 0.08649466974322705
174 1.421092618069431 0.9393099492805002 0.1598729195328107
175 13.22617948391757 2.971141498625353 1.487945191940727
176 5.471035983978703 2.178145326762615 0.6154915481976041
177 4.180501139694559 2.891296281329179 0.4703063782156378
178 16.63013590312151 2.517321501716582 1.87089028910117
179 8.64390441901026 2.621621120824689 0.9724392471386545
180 2.698066794539377 1.753334073806525 0.3035325143856797
181 2.698399988040712 4.249665130472614 0.30356999865458
182 14.10094806922378 2.993611182745743 1.586356657787676
183 9.167594448819077 3.423704879112699 1.031354375492146
184 6.32971500676523 2.216967072640462 0.7120929382610885
185 0.6325229184918272 0.7168694302716774 0.07115882833033033
186 19.57806653656665 2.621546332661736 2.202532485363749
187 0.66656004062795 5.240797713574114 0.07498800457064414
188 17.54929285774464 2.494680388452137 1.974295446496273
189 3.24555768601959 1.165102736403687 5.634874760322797
190 5.107612956516684 1.395552042041913 5.425393542391873
191 7.058099808224786 1.764425352094363 5.205963771574711
192 3.245652317966541 4.835749082550048 5.634864114228763
193 8.990129017909981 1.825270652460789 4.988610485485127
194 5.145888463336165 4.580725248005979 5.42108754787468
195 0.8436995249633725 3.474605396368416 5.905083803441619
196 10.86017417761741 2.062131894853921 4.778230405018041
197 8.00303132047236 4.259296676577642 5.099658976446858
198 12.76794562932197 3.735736485971155 4.563606116701277
199 9.907793225235419 4.045010962289046 4.885373262161014
200 14.73170139841465 3.438551444650173 4.342683592678351
201 0.7891410220096573 1.537894344939488 5.911221635023914
202 13.72135173910917 2.347242523426633 4.456347929350218
203 1.336364653820757 5.009296676575433 5.849658976445163
204 16.45363441209484 3.333422951077524 4.14896612863933
205 15.62207893952955 2.597846180569106 4.242516119302925
206 18.37430670596699 2.962352312638163 3.932890495578714
207 17.37126637484065 3.217696062626488 4.045732532830426
208 0.8422678525313183 2.502672019011063 5.905244866590226
209 1.703065016633626 2.995564238457141 5.808405185628716
210 1.743380340140847 4.06851083653468 5.803869711734153
211 2.619443045782311 3.459070538685924 5.705312657349489
212 2.62455891706813 2.548470998054602 5.704737121829835
213 3.336103457262936 3.02286484829043 5.624688361057919
214 1.774024402499333 1.909521503782576 5.800422254718825
215 7.050650368093016 4.366439533720291 5.206801833589535
216 7.434634069533085 3.482879067439197 5.163603667177527
217 6.482253117154387 3.590021924581943 5.27074652432013
218 8.500936116106812 3.323043423139325 5.043644686937983
219 7.780058842346174 2.591700543208829 5.124743380236055
220 9.913579349411146 1.951226449692821 4.884722323191246
221 10.21293353356688 3.024963070325875 4.851044977473726
222 11.29253594380864 2.980845724547927 4.729589706321526
223 9.319294262153406 2.721528508619723 4.951579395507741
224 2.297617010311539 4.937917906736495 5.74151808633995
225 2.288745606200699 1.097846180566256 5.742516119302421
226 6.866236818594232 2.706461458300807 5.227548357908148
227 5.916949055013199 2.841447310717122 5.334343231311014
228 5.530387696242216 3.701805280937224 5.37783138417275
229 5.014349991612025 2.968070424247759 5.435885625943647
230 6.098355337625547 4.474355807398515 5.313935024517125
231 14.65719147676225 2.48032781927487 4.351065958864247
232 4.194509116842657 4.696883949230713 5.5281177243552
233 11.81255512999983 2.169274751996975 4.67108754787502
234 12.77037856209295 2.227427732744112 4.563332411764543
235 6.040148264827266 1.496412027773456 5.320483320206932
236 10.85333614084396 3.88702976494308 4.778999684155053
237 11.81613205956301 3.791164218731887 4.670685143299161
238 4.615881842289261 3.829493889655668 5.480713292742457
239 4.185268955319859 1.301670513516525 5.529157242526516
240 13.73070525872887 3.6603095183811 4.455295658393002
241 8.955412272853344 4.152153819434663 4.992516119303998
242 3.540902622814852 2.149090704003379 5.601648454933329
243 3.556221631135143 3.885485490593414 5.599925066497295
244 8.055772328612296 1.726102689388724 5.093725613031117
245 4.550939020465229 2.176401793634513 5.488019360197661
246 15.63730928910633 3.516860322403137 4.240802704975538
247 12.27103995127315 2.984074818998666 4.619508005481771
248 19.26464709864889 3.093328187789955 3.832727201402
249 0.7688415088286987 4.434470472122737 5.91350533025677
250 1.421092618069471 0.939309949280516 5.840127080467185
251 13.21338799043341 2.994617985657321 4.513493851076241
252 5.456492493198166 2.189959524747785 5.386144594515206
253 4.1835616497615 3.104670995268518 5.529349314401831
254 16.63013590312147 2.517321501716608 4.129109710898835
255 8.56798449244263 2.499379459093396 5.036101744600204
256 2.698066794539468 1.753334073806534 5.69646748561431
257 9.375269901912025 3.467072846918508 4.945282136034896
258 2.698399988040796 4.2496651304726 5.696430001345409
259 14.09971098341024 2.995889696552985 4.413782514366347
260 6.329715006770073 2.216967072638422 5.287907061738367
261 0.6325229184918439 0.7168694302716817 5.928841171669668
262 19.57806653656663 2.621546332661735 3.797467514636253
263 0.666560040627975 5.240797713574096 5.925011995429351
264 17.54929285774457 2.49468038845214 4.025704553503736
265 3.245557686019476 0.365125239677191 1.165102736403659
266 5.1076129565165 0.5746064576081064 1.395552042041884
267 7.058099808224488 0.794036228425255 1.764425352094402
268 3.245652317966438 0.3651358857712241 4.835749082550077
269 8.990129017909576 1.011389514514828 1.825270652460746
270 5.145888463335972 0.5789124521252967 4.58072524800604
271 0.8436995249633683 0.09491619655837871 3.474605396368414
272 10.8470897823365 1.220297600512857 2.052431882321873
273 8.003031320472026 0.9003410235531031 4.259296676577723
274 12.76493608238227 1.436055309268005 3.723582390859963
275 9.907793225235007 1.114626737838939 4.045010962289107
276 14.73170139841456 1.657316407321639 3.438551444650168
277 0.7891410220096455 0.08877836497608491 1.537894344939486
278 13.73218160710341 1.544870430799134 2.328933423076336
279 1.336364653820718 0.1503410235548306 5.009296676575464
280 16.45363441209486 1.851033871360673 3.333422951077529
281 15.6220789395295 1.75748388069707 2.597846180569163
282 18.37430670596706 2.067109504421294 2.96235231263816
283 17.37126637484072 1.954267467169582 3.217696062626477
284 0.8422678525313111 0.09475513340977228 2.502672019011063
285 1.703065016633608 0.1915948143712807 2.995564238457141
286 1.743380340140813 0.1961302882658413 4.068510836534691
287 2.61944304578225 0.294687342650503 3.459070538685937
288 2.624558917068065 0.2952628781701572 2.548470998054599
289 3.336103457262833 0.3753116389420686 3.022864848290456
290 1.774024402499288 0.1995777452811697 1.909521503782563
291 7.05065036809273 0.7931981664104323 4.366439533720364
292 7.434634069532784 0.8363963328224384 3.482879067439317
293 6.482253117154134 0.7292534756798402 3.590021924582055
294 8.500936116106441 0.9563553130619747 3.323043423139357
295 7.780058842345845 0.8752566197639078 2.591700543208935
296 9.907793225234634 1.114626737838897 1.95498903771092
297 10.21023774507267 1.148651746320675 3.024114866823878
298 11.27552113494719 1.268496127681559 2.953005202793661
299 9.318926276909409 1.048379206152309 2.721654948319955
300 2.297617010311474 0.2584819136600406 4.937917906736512
301 2.288745606200632 0.2574838806975709 1.097846180566208
302 6.866236818593967 0.7724516420918214 2.706461458300969
303 5.91694905501298 0.6656567686889603 2.841447310717248
304 5.53038769624201 0.6221686158272262 3.701805280937322
305 5.014349991611859 0.5641143740563342 2.968070424247831
306 6.098355337625307 0.6860649754828472 4.474355807398581
307 10.85005104128445 1.2206307421445 3.88224831073373
308 11.81242827943545 1.328898181436488 3.774131967496865
309 12.26599616747853 1.379924568841335 2.967740615358399
310 14.65766132734499 1.648986899326312 2.47953348443393
311 4.19450911684251 0.4718822756447822 4.696883949230754
312 4.615881842289101 0.5192867072575239 3.829493889655739
313 4.185268955319714 0.4708427574734677 1.301670513516483
314 13.73037599097614 1.544667298984816 3.65912374739501
315 6.040148264827024 0.6795166797930403 1.496412027773455
316 8.955412272852959 1.007483880695958 4.152153819434754
317 3.540902622814751 0.3983515450666594 2.149090704003386
318 3.55622163113503 0.4000749335026908 3.885485490593458
319 8.055772328611933 0.9062743869688427 1.72610268938875
320 4.550939020465102 0.511980639802324 2.176401793634525
321 12.76890805463867 1.436502156146851 2.217133246153728
322 15.63730928910631 1.759197295024461 3.516860322403167
323 11.82783982481657 1.330631980291864 2.144813729199374
324 19.26464709864892 2.167272798598004 3.093328187789955
325 0.7688415088286868 0.08649466974322705 4.434470472122744
326 1.421092618069431 0.1598729195328107 0.9393099492805002
327 13.23222902714124 1.48862576555339 2.982752237140565
328 5.456492493197969 0.6138554054847715 2.189959524747814
329 4.183561649761373 0.4706506855981543 3.104670995268638
330 16.63013590312151 1.87089028910117 2.51732150171658
331 8.567957671360352 0.9638952380280397 2.499388674814916
332 2.698066794539377 0.3035325143856797 1.753334073806525
333 9.374832219949134 1.054668624744278 3.466969737803991
334 2.698399988040712 0.30356999865458 4.249665130472614
335 14.1012630183712 1.586392089566761 2.994215656845868
336 6.329715006769823 0.7120929382616052 2.216967072638439
337 0.6325229184918272 0.07115882833033033 0.7168694302716774
338 19.57806653656665 2.202532485363749 2.621546332661736
339 0.66656004062795 0.07498800457064414 5.240797713574114
340 17.54929285774464 1.974295446496273 2.494680388452131
341 3.24555768601959 5.634874760322796 1.165102736403687
342 5.107612956516686 5.425393542391872 1.395552042041911
343 7.058099808224791 5.20596377157471 1.764425352094359
344 3.245652317966544 5.634864114228761 4.835749082550048
345 8.990129017909892 4.988610485485137 1.825270652460681
346 5.145888463336168 5.421087547874678 4.580725248005977
347 0.8436995249633725 5.905083803441618 3.474605396368416
348 10.70668408752543 4.795498040153388 3.878887386659891
349 8.001372723483241 5.099845568608133 4.260526264283572
350 12.76878753743843 4.563511402038175 3.756811750646238
351 11.81425385431674 4.670896441389367 2.17007018681296
352 14.73170139841465 4.34268359267835 3.438551444650175
353 0.7891410220096572 5.911221635023913 1.537894344939488
354 13.72135173910918 4.456347929350217 2.347242523426634
355 1.336364653820754 5.849658976445163 5.009296676575434
356 16.45363441209484 4.148966128639329 3.333422951077523
357 15.62207893952955 4.242516119302923 2.597846180569106
358 18.37430670596699 3.932890495578713 2.962352312638162
359 17.37126637484065 4.045732532830425 3.217696062626488
360 0.8422678525313182 5.905244866590226 2.502672019011063
361 1.703065016633626 5.808405185628716 2.995564238457141
362 1.743380340140847 5.803869711734153 4.068510836534679
363 2.619443045782312 5.705312657349488 3.459070538685924
364 2.624558917068131 5.704737121829834 2.548470998054601
365 3.336103457262939 5.624688361057918 3.022864848290428
366 1.774024402499333 5.800422254718824 1.909521503782575
367 7.050373935261529 5.206832932283075 4.366644465004755
368 7.434311564563084 5.163639948986651 3.483118153937593
369 6.482153294187478 5.270757754403907 3.590095927545748
370 8.311124332162633 5.064998512631703 3.401765256620625
371 7.74200023650083 5.129024973393655 2.598053429550578
372 9.913579349410886 4.884722323191275 1.951226449692648
373 9.363234668544466 4.946636099788746 2.720546198636873
374 10.30733590982325 4.840424710144884 2.874823055268949
375 9.723274846654357 4.906131579751383 3.599237319608084
376 11.2838130203386 4.730571035211907 2.967200106101832
377 11.79528276353501 4.67303068910231 3.820001759992708
378 2.29761701031154 5.74151808633995 4.937917906736494
379 2.2887456062007 5.742516119302421 1.097846180566254
380 6.866236818594243 5.227548357908146 2.7064614583008
381 5.916942991907832 5.334343913410367 2.841451805552134
382 5.530370048563507 5.377833369536604 3.70181836390369
383 5.014346039814683 5.435886070520846 2.968073353881336
384 10.87062400643729 4.777054799275803 2.071267585359833
385 6.098289687046029 5.313942410207319 4.474404476934303
386 14.65719147676224 4.351065958864247 2.480327819274875
387 12.76991196949171 4.563384903432182 2.234308766368544
388 4.194509116842662 5.528117724355198 4.696883949230713
389 4.615878242376588 5.480713697732632 3.829496558422341
390 4.185268955319861 5.529157242526515 1.301670513516523
391 6.040148264827272 5.320483320206931 1.496412027773454
392 13.72695164270823 4.455717940195322 3.649567351391621
393 9.020879489534451 4.985151057427373 4.131323399787259
394 3.540902622814854 5.601648454933328 2.149090704003377
395 3.556221116861906 5.599925124353033 3.885485871845794
396 8.070292329711663 5.092092112907437 1.739432114622121
397 12.26645692132883 4.620023596350505 2.991398761653705
398 4.550938550013169 5.488019413123518 2.176402142400411
399 15.63730928910633 4.240802704975536 3.516860322403138
400 19.2646470986489 3.832727201401997 3.093328187789971
401 0.7688415088286983 5.913505330256768 4.434470472122736
402 1.421092618069471 5.840127080467184 0.9393099492805159
403 13.23073934505748 4.511541823681031 2.996554858914453
404 5.456491244941653 5.386144734944064 2.18996045013284
405 4.183561649761507 5.529349314401829 3.104670995268515
406 16.63013590312148 4.129109710898834 2.517321501716614
407 8.592260395829836 5.033370705469142 2.609720124726783
408 2.698066794539467 5.696467485614309 1.753334073806535
409 2.698399988040797 5.696430001345408 4.249665130472598
410 14.10041890399559 4.413702873300495 2.995431278511944
411 9.93836463908578 4.881933978102848 4.320196147239352
412 6.329715006770089 5.287907061738364 2.216967072638415
413 0.6325229184918438 5.928841171669667 0.7168694302716816
414 19.57806653656663 3.797467514636252 2.621546332661739
415 0.6665600406279736 5.92501199542935 5.240797713574098
416 9.057355758390804 4.981047477181033 3.352237208143629
417 17.54929285774455 4.025704553503737 2.494680388452133
418 0 3.489065740993341 5.094944114345773
419 0 3.491826982376509 0.8613067098646898
420 0 0.9522038028872141 3.464591077550408
421 0 4.990417706513435 3.484895436800141
422 0 0.9056972474363152 1.591825619050568
423 0 5.142147613824889 1.466969142564571
424 0 1.574245351700929 5.092151459134191
425 0 2.506810848001107 0.8605202608764189
426 0 2.999772971720164 1.730346834760444
427 0 4.149235136107136 1.813281328187121
428 0 3.499999999982208 2.598076211347951
429 0 2.499962161941102 2.597792215876532
430 0 2.999993693639554 3.446396798194675
431 0 3.999999999976762 3.464101615131517
432 0 2.01833334288786 3.445996857328494
433 0 2.517454703202125 4.364507451405522
434 0 1.507678256035953 2.55537609622625
435 0 5.154764908701212 4.512477948374642
436 0 5.101293725126656 2.410617177673033
437 0 1.994826598467569 1.695595711176413
438 0 4.515845386589135 5.178151043152935
439 0 4.492079460843853 0.8195380672425836
440 0 0.8246252544882515 4.49357120209141
441 0 1.530604399412915 0.8202981161087111
442 0 2.516153159175403 5.310320604977098
443 0 3.469105399336899 4.120311852615346
444 0 1.577372491033276 4.172163609502005
445 0 4.269866523685129 4.309147001736726
446 0 0.6698729810721118 2.499999999990309
447 0 4.33174787391328 2.713039976946554
448 0 5.267949192426578 5.267949192426578
449 0 0.7320508075659349 0.7320508075659349
450 0 0.7320508075645423 5.26794919243326
451 0 5.26794919243326 0.7320508075645427
452 20 3.357917274052476 3.357917274052476
453 20 3.187500000000002 2.812499999999997
454 20 2.786215379008746 3.223715379008745
455 20 2.671875000000001 2.671875000000001
456 2.670718522086008 2.999944983462203 3.000055983509462
457 5.108637672862898 3.000000279573035 2.999999727661396
458 7.300980340331588 3.023847065349202 3.023761161694777
459 9.167992794419479 3.127174379881112 3.115960411429188
460 3.889677572576498 2.123205248401296 2.115471193907958
461 3.889718077984167 2.103621503422889 3.851575216688877
462 3.889680016376954 3.833514258542052 3.902507172707632
463 3.889638843779054 3.899015330501665 2.18262357485776
464 2.060864893663603 1.876627475796546 1.876627475796546
465 1.713452929170367 1.955035738995921 4.042705121481371
466 11.59378389581022 3.002536215980381 3.003990629464965
467 2.044633300420853 4.123620660191857 4.123620660191859
468 2.060811580881058 4.123226371444636 1.87640934047747
469 13.50104174850669 3.000024140326462 2.999803129361193
470 5.749525655014232 2.059971609083453 2.059971609084549
471 5.740922790820788 3.945861116159423 2.063597822546892
472 6.205227350801484 2.232233880969227 3.755772482342705
473 5.880697290365338 3.921094229809991 3.92109052721479
474 1.343880001260208 3.000028337393446 2.431529377490082
475 2.946384194076602 1.672885364919244 2.978575933241424
476 2.817044303219479 2.810657884553378 4.361372055661152
477 2.980412823527682 3.028766598604133 1.681611005473902
478 2.79909082398364 4.364165939775409 3.005346067732885
479 8.312455500337226 2.339938692672305 2.315361302314238
480 7.193966905997846 3.963765089411441 3.963573631832443
481 5.043604727432666 2.546276892308714 4.218109103027389
482 8.247845260951145 2.268246020501592 3.704048664209797
483 7.066642028405708 3.907968632257126 2.037858186423214
484 14.87829678845669 2.933744081162294 2.933744081162291
485 1.340141993326468 4.479665934259495 2.994822436287937
486 1.238131075747902 3.120054988988231 4.542834659774311
487 5.225652739948488 1.773557518544274 3.147721716186253
488 2.917632325731126 1.542763416078961 4.45775261851474
489 10.32827840969208 2.498734693822056 2.550369450399987
490 8.386880093383205 3.76303560278672 2.229271770987862
491 4.837044673868585 2.863076624434137 1.793258577543192
492 4.876790232842739 4.213952285165906 3.225043108089577
493 7.031865790264327 2.277310870722118 1.990971408731763
494 10.42484780658484 3.495397290870085 3.533089837938999
495 3.889678627467855 2.969641067125716 2.993181696555719
496 1.291911906469786 1.454763454998284 2.880885937906597
497 8.457800160196957 3.879377191674402 3.85489493084168
498 6.209489003155269 3.004022364009565 2.588011442764266
499 1.166007397173454 2.519432993913974 1.296847335179602
500 10.00072765387303 3.699763779394522 2.365994809876235
501 1.117889844937785 4.688863965731024 4.688863965731024
502 4.790528146540749 1.63524190252393 1.633379612081081
503 1.138280429756042 4.710607561126094 1.322640994037967
504 3.107863843844658 4.501315044172826 4.501315044172828
505 6.428853889859727 4.193687054326261 2.949306485767878
506 4.866260163920151 4.209940115217758 4.372141434268245
507 1.153945528241026 1.297390158893788 1.297390158893788
508 4.772604503940857 4.362949272894704 1.632713566152788
509 3.096653098319395 1.686023007792158 1.390692949222645
510 16.75423268857416 2.998986536079502 2.998986536079504
511 12.54702640917609 3.470838751803196 2.544211910227249
512 12.54784564834397 2.544878221287163 3.47282878067913
513 3.104485658245796 4.606672452445192 1.693588955107404
514 9.435850450527235 2.19626847454925 3.816579203103758
515 7.063586637920553 1.855993564426002 3.07164442147798
516 1.748088785429036 3.157283765669533 3.577482198478095
517 4.636562722670456 1.54631238991032 4.440318760352358
518 7.208086911727873 2.676288398468409 4.123010603345112
519 1.081293683232826 1.172422161686855 4.576488475106809
520 10.80460629125546 2.377096959746052 3.628431702449456
521 11.21653050065799 3.741391878142334 2.267441092611246
522 12.30084058393076 2.410025384353886 2.409867127109507
523 3.858352925554324 4.500499651490305 3.066720701519785
524 12.28824288648481 3.599087369427155 3.594854729379616
525 1.133714815181003 3.612287409954096 1.522091196430564
526 2.03057401468641 2.173527278189928 3.068473220600335
527 0.9952863815959012 2.423724713755398 3.284409370548333
528 0.9775286816406609 3.954445006951893 3.913771584682586
529 6.273902840429318 3.068138361120872 4.378879753659785
530 9.320091176219465 2.031227914542286 2.031227914542138
531 4.184611478361766 1.542934207484877 2.977081158047238
532 2.886730917718491 3.66485708141826 3.753559801767785
533 7.63504090051479 4.095077967705774 2.962730587638458
534 5.827261962878644 2.978893311559247 1.657629819515178
535 5.611814466565354 1.519863307188033 4.165393027463149
536 2.033484574404094 3.135532370338426 1.198111436325252
537 9.190223034528772 3.088629118776163 2.042443397259118
538 3.871408808286273 2.949839238175422 4.513141786187594
539 2.144881666073353 1.217293452290348 3.454455687235473
540 11.28658135761362 2.221742694319425 2.234204057110272
541 9.502062406965258 3.784430563221312 3.94946592975896
542 4.836944805090461 3.713429196528456 2.377803487169242
543 1.984524024377353 2.488598850306311 4.890285244824773
544 3.952637829056762 3.220746009388033 1.41510490056841
545 7.698766389005197 3.113770775259435 1.780177947127101
546 0.9168542229050969 2.171646876235845 4.898309675330631
547 14.08287421916679 3.585746133872096 2.514881076986817
548 6.136981813864116 1.594959565605165 2.903648394617522
549 14.08475377107518 2.41552782349832 2.515311197981951
550 14.08281464539562 2.515341991523844 3.585799224112648
551 2.774882427555962 2.340348892162164 2.31419432466651
552 2.992551662733755 3.660170748677188 2.394175151394092
553 2.105069400606337 3.742262306040904 2.760354196723469
554 4.766526637410504 3.401408773506689 3.826544762823216
555 8.962460063366091 4.079499267276054 2.964558954963299
556 2.714690069843293 1.199481717270172 2.151626655787906
557 2.00398774789573 1.441496166349454 4.848796624847272
558 2.715894843490944 3.843360642723434 1.198732339982528
$EndNodes
$Elements
2734
1 2 2 1 1 1 9 185
2 2 2 1 1 89 1 185
3 2 2 1 1 28 2 186
4 2 2 1 1 2 94 186
5 2 2 1 1 3 48 172
6 2 2 1 1 94 3 172
7 2 2 1 1 29 4 187
8 2 2 1 1 4 93 187
9 2 2 1 1 9 10 174
10 2 2 1 1 9 174 185
11 2 2 1 1 10 11 154
12 2 2 1 1 10 154 174
13 2 2 1 1 11 12 113
14 2 2 1 1 11 113 154
15 2 2 1 1 12 13 160
16 2 2 1 1 113 12 160
17 2 2 1 1 13 14 114
18 2 2 1 1 13 114 160
19 2 2 1 1 14 15 162
20 2 2 1 1 114 14 162
21 2 2 1 1 15 16 115
22 2 2 1 1 15 115 162
23 2 2 1 1 16 17 167
24 2 2 1 1 115 16 167
25 2 2 1 1 17 18 123
26 2 2 1 1 17 123 167
27 2 2 1 1 18 19 146
28 2 2 1 1 123 18 146
29 2 2 1 1 19 20 120
30 2 2 1 1 19 120 146
31 2 2 1 1 20 21 171
32 2 2 1 1 120 20 171
33 2 2 1 1 21 22 169
34 2 2 1 1 21 169 171
35 2 2 1 1 22 23 127
36 2 2 1 1 22 127 169
37 2 2 1 1 23 24 156
38 2 2 1 1 127 23 156
39 2 2 1 1 24 25 130
40 2 2 1 1 24 130 156
41 2 2 1 1 25 26 178
42 2 2 1 1 130 25 178
43 2 2 1 1 26 27 188
44 2 2 1 1 178 26 188
45 2 2 1 1 27 28 131
46 2 2 1 1 27 131 188
47 2 2 1 1 131 28 172
48 2 2 1 1 172 28 186
49 2 2 1 1 30 29 128
50 2 2 1 1 128 29 187
51 2 2 1 1 31 30 153
52 2 2 1 1 30 128 153
53 2 2 1 1 32 31 116
54 2 2 1 1 116 31 153
55 2 2 1 1 33 32 157
56 2 2 1 1 32 116 157
57 2 2 1 1 34 33 118
58 2 2 1 1 118 33 157
59 2 2 1 1 35 34 163
60 2 2 1 1 34 118 163
61 2 2 1 1 36 35 121
62 2 2 1 1 121 35 163
63 2 2 1 1 37 36 140
64 2 2 1 1 36 121 140
65 2 2 1 1 38 37 117
66 2 2 1 1 117 37 140
67 2 2 1 1 39 38 150
68 2 2 1 1 38 117 150
69 2 2 1 1 40 39 125
70 2 2 1 1 125 39 150
71 2 2 1 1 41 40 151
72 2 2 1 1 40 125 151
73 2 2 1 1 42 41 122
74 2 2 1 1 122 41 151
75 2 2 1 1 43 42 159
76 2 2 1 1 42 122 159
77 2 2 1 1 44 43 124
78 2 2 1 1 124 43 159
79 2 2 1 1 45 44 170
80 2 2 1 1 44 124 170
81 2 2 1 1 46 45 129
82 2 2 1 1 129 45 170
83 2 2 1 1 47 46 132
84 2 2 1 1 46 129 132
85 2 2 1 1 48 47 131
86 2 2 1 1 131 47 132
87 2 2 1 1 48 131 172
88 2 2 1 1 90 89 126
89 2 2 1 1 126 89 185
90 2 2 1 1 91 90 133
91 2 2 1 1 90 126 133
92 2 2 1 1 92 91 119
93 2 2 1 1 119 91 133
94 2 2 1 1 93 92 173
95 2 2 1 1 92 119 173
96 2 2 1 1 93 173 187
97 2 2 1 1 94 172 186
98 2 2 1 1 154 113 180
99 2 2 1 1 113 160 165
100 2 2 1 1 113 165 180
101 2 2 1 1 160 114 161
102 2 2 1 1 161 114 176
103 2 2 1 1 114 162 176
104 2 2 1 1 143 115 145
105 2 2 1 1 115 143 184
106 2 2 1 1 145 115 167
107 2 2 1 1 162 115 184
108 2 2 1 1 116 153 181
109 2 2 1 1 157 116 166
110 2 2 1 1 166 116 181
111 2 2 1 1 117 140 155
112 2 2 1 1 150 117 183
113 2 2 1 1 117 155 183
114 2 2 1 1 118 157 158
115 2 2 1 1 118 158 164
116 2 2 1 1 163 118 164
117 2 2 1 1 119 133 134
118 2 2 1 1 119 134 135
119 2 2 1 1 119 135 173
120 2 2 1 1 146 120 148
121 2 2 1 1 148 120 149
122 2 2 1 1 149 120 171
123 2 2 1 1 140 121 141
124 2 2 1 1 141 121 142
125 2 2 1 1 142 121 163
126 2 2 1 1 122 151 152
127 2 2 1 1 122 152 175
128 2 2 1 1 159 122 175
129 2 2 1 1 123 146 147
130 2 2 1 1 123 147 179
131 2 2 1 1 167 123 179
132 2 2 1 1 130 124 156
133 2 2 1 1 124 130 170
134 2 2 1 1 156 124 182
135 2 2 1 1 124 159 182
136 2 2 1 1 125 148 149
137 2 2 1 1 148 125 150
138 2 2 1 1 125 149 151
139 2 2 1 1 133 126 139
140 2 2 1 1 139 126 174
141 2 2 1 1 174 126 185
142 2 2 1 1 127 156 182
143 2 2 1 1 169 127 175
144 2 2 1 1 175 127 182
145 2 2 1 1 128 135 153
146 2 2 1 1 135 128 173
147 2 2 1 1 173 128 187
148 2 2 1 1 130 129 170
149 2 2 1 1 129 130 178
150 2 2 1 1 132 129 178
151 2 2 1 1 131 132 188
152 2 2 1 1 132 178 188
153 2 2 1 1 134 133 139
154 2 2 1 1 135 134 136
155 2 2 1 1 136 134 137
156 2 2 1 1 137 134 139
157 2 2 1 1 135 136 181
158 2 2 1 1 153 135 181
159 2 2 1 1 136 137 138
160 2 2 1 1 136 138 166
161 2 2 1 1 136 166 181
162 2 2 1 1 138 137 165
163 2 2 1 1 137 139 180
164 2 2 1 1 165 137 180
165 2 2 1 1 138 165 177
166 2 2 1 1 166 138 177
167 2 2 1 1 154 139 174
168 2 2 1 1 139 154 180
169 2 2 1 1 140 141 155
170 2 2 1 1 141 142 143
171 2 2 1 1 141 143 145
172 2 2 1 1 141 145 155
173 2 2 1 1 143 142 144
174 2 2 1 1 144 142 164
175 2 2 1 1 142 163 164
176 2 2 1 1 143 144 184
177 2 2 1 1 144 164 168
178 2 2 1 1 144 168 176
179 2 2 1 1 144 176 184
180 2 2 1 1 155 145 179
181 2 2 1 1 145 167 179
182 2 2 1 1 147 146 148
183 2 2 1 1 147 148 150
184 2 2 1 1 147 150 183
185 2 2 1 1 179 147 183
186 2 2 1 1 151 149 152
187 2 2 1 1 152 149 171
188 2 2 1 1 169 152 171
189 2 2 1 1 152 169 175
190 2 2 1 1 155 179 183
191 2 2 1 1 158 157 166
192 2 2 1 1 164 158 168
193 2 2 1 1 158 166 177
194 2 2 1 1 168 158 177
195 2 2 1 1 159 175 182
196 2 2 1 1 160 161 165
197 2 2 1 1 165 161 177
198 2 2 1 1 168 161 176
199 2 2 1 1 161 168 177
200 2 2 1 1 176 162 184
201 2 2 2 2 5 49 261
202 2 2 2 2 95 5 261
203 2 2 2 2 68 6 262
204 2 2 2 2 6 100 262
205 2 2 2 2 7 88 248
206 2 2 2 2 100 7 248
207 2 2 2 2 69 8 263
208 2 2 2 2 8 99 263
209 2 2 2 2 49 50 250
210 2 2 2 2 49 250 261
211 2 2 2 2 50 51 225
212 2 2 2 2 50 225 250
213 2 2 2 2 51 52 189
214 2 2 2 2 51 189 225
215 2 2 2 2 52 53 239
216 2 2 2 2 189 52 239
217 2 2 2 2 53 54 190
218 2 2 2 2 53 190 239
219 2 2 2 2 54 55 235
220 2 2 2 2 190 54 235
221 2 2 2 2 55 56 191
222 2 2 2 2 55 191 235
223 2 2 2 2 56 57 244
224 2 2 2 2 191 56 244
225 2 2 2 2 57 58 193
226 2 2 2 2 57 193 244
227 2 2 2 2 58 59 220
228 2 2 2 2 193 58 220
229 2 2 2 2 59 60 196
230 2 2 2 2 59 196 220
231 2 2 2 2 60 61 233
232 2 2 2 2 196 60 233
233 2 2 2 2 61 62 234
234 2 2 2 2 233 61 234
235 2 2 2 2 62 63 202
236 2 2 2 2 62 202 234
237 2 2 2 2 63 64 231
238 2 2 2 2 202 63 231
239 2 2 2 2 64 65 205
240 2 2 2 2 64 205 231
241 2 2 2 2 65 66 254
242 2 2 2 2 205 65 254
243 2 2 2 2 66 67 264
244 2 2 2 2 254 66 264
245 2 2 2 2 67 68 206
246 2 2 2 2 67 206 264
247 2 2 2 2 206 68 248
248 2 2 2 2 248 68 262
249 2 2 2 2 70 69 203
250 2 2 2 2 203 69 263
251 2 2 2 2 71 70 224
252 2 2 2 2 70 203 224
253 2 2 2 2 72 71 192
254 2 2 2 2 192 71 224
255 2 2 2 2 73 72 232
256 2 2 2 2 72 192 232
257 2 2 2 2 74 73 194
258 2 2 2 2 194 73 232
259 2 2 2 2 75 74 230
260 2 2 2 2 74 194 230
261 2 2 2 2 76 75 215
262 2 2 2 2 215 75 230
263 2 2 2 2 77 76 197
264 2 2 2 2 197 76 215
265 2 2 2 2 78 77 241
266 2 2 2 2 77 197 241
267 2 2 2 2 79 78 199
268 2 2 2 2 199 78 241
269 2 2 2 2 80 79 236
270 2 2 2 2 79 199 236
271 2 2 2 2 81 80 237
272 2 2 2 2 80 236 237
273 2 2 2 2 82 81 198
274 2 2 2 2 198 81 237
275 2 2 2 2 83 82 240
276 2 2 2 2 82 198 240
277 2 2 2 2 84 83 200
278 2 2 2 2 200 83 240
279 2 2 2 2 85 84 246
280 2 2 2 2 84 200 246
281 2 2 2 2 86 85 204
282 2 2 2 2 204 85 246
283 2 2 2 2 87 86 207
284 2 2 2 2 86 204 207
285 2 2 2 2 88 87 206
286 2 2 2 2 206 87 207
287 2 2 2 2 88 206 248
288 2 2 2 2 96 95 201
289 2 2 2 2 201 95 261
290 2 2 2 2 97 96 208
291 2 2 2 2 96 201 208
292 2 2 2 2 98 97 195
293 2 2 2 2 195 97 208
294 2 2 2 2 99 98 249
295 2 2 2 2 98 195 249
296 2 2 2 2 99 249 263
297 2 2 2 2 100 248 262
298 2 2 2 2 225 189 256
299 2 2 2 2 189 239 242
300 2 2 2 2 189 242 256
301 2 2 2 2 190 235 252
302 2 2 2 2 239 190 245
303 2 2 2 2 245 190 252
304 2 2 2 2 191 219 226
305 2 2 2 2 219 191 244
306 2 2 2 2 191 226 260
307 2 2 2 2 235 191 260
308 2 2 2 2 192 224 258
309 2 2 2 2 232 192 243
310 2 2 2 2 243 192 258
311 2 2 2 2 193 220 223
312 2 2 2 2 193 223 255
313 2 2 2 2 244 193 255
314 2 2 2 2 194 228 230
315 2 2 2 2 228 194 238
316 2 2 2 2 194 232 238
317 2 2 2 2 195 208 209
318 2 2 2 2 195 209 210
319 2 2 2 2 195 210 249
320 2 2 2 2 220 196 221
321 2 2 2 2 221 196 222
322 2 2 2 2 222 196 233
323 2 2 2 2 197 215 216
324 2 2 2 2 197 216 218
325 2 2 2 2 197 218 241
326 2 2 2 2 198 237 247
327 2 2 2 2 240 198 251
328 2 2 2 2 198 247 251
329 2 2 2 2 199 221 236
330 2 2 2 2 221 199 257
331 2 2 2 2 199 241 257
332 2 2 2 2 205 200 231
333 2 2 2 2 200 205 246
334 2 2 2 2 231 200 259
335 2 2 2 2 200 240 259
336 2 2 2 2 208 201 214
337 2 2 2 2 214 201 250
338 2 2 2 2 250 201 261
339 2 2 2 2 202 231 259
340 2 2 2 2 234 202 251
341 2 2 2 2 251 202 259
342 2 2 2 2 203 210 224
343 2 2 2 2 210 203 249
344 2 2 2 2 249 203 263
345 2 2 2 2 205 204 246
346 2 2 2 2 204 205 254
347 2 2 2 2 207 204 254
348 2 2 2 2 206 207 264
349 2 2 2 2 207 254 264
350 2 2 2 2 209 208 214
351 2 2 2 2 210 209 211
352 2 2 2 2 211 209 212
353 2 2 2 2 212 209 214
354 2 2 2 2 210 211 258
355 2 2 2 2 224 210 258
356 2 2 2 2 211 212 213
357 2 2 2 2 211 213 243
358 2 2 2 2 211 243 258
359 2 2 2 2 213 212 242
360 2 2 2 2 212 214 256
361 2 2 2 2 242 212 256
362 2 2 2 2 213 242 253
363 2 2 2 2 243 213 253
364 2 2 2 2 225 214 250
365 2 2 2 2 214 225 256
366 2 2 2 2 216 215 217
367 2 2 2 2 217 215 230
368 2 2 2 2 216 217 226
369 2 2 2 2 218 216 219
370 2 2 2 2 219 216 226
371 2 2 2 2 226 217 227
372 2 2 2 2 227 217 228
373 2 2 2 2 228 217 230
374 2 2 2 2 218 219 255
375 2 2 2 2 223 218 255
376 2 2 2 2 218 223 257
377 2 2 2 2 241 218 257
378 2 2 2 2 219 244 255
379 2 2 2 2 220 221 223
380 2 2 2 2 221 222 236
381 2 2 2 2 223 221 257
382 2 2 2 2 222 233 247
383 2 2 2 2 236 222 237
384 2 2 2 2 237 222 247
385 2 2 2 2 226 227 260
386 2 2 2 2 227 228 229
387 2 2 2 2 227 229 252
388 2 2 2 2 227 252 260
389 2 2 2 2 229 228 238
390 2 2 2 2 229 238 253
391 2 2 2 2 229 245 252
392 2 2 2 2 245 229 253
393 2 2 2 2 238 232 243
394 2 2 2 2 233 234 247
395 2 2 2 2 247 234 251
396 2 2 2 2 252 235 260
397 2 2 2 2 238 243 253
398 2 2 2 2 242 239 245
399 2 2 2 2 240 251 259
400 2 2 2 2 242 245 253
401 2 2 3 3 1 9 337
402 2 2 3 3 101 1 337
403 2 2 3 3 28 2 338
404 2 2 3 3 2 106 338
405 2 2 3 3 49 5 339
406 2 2 3 3 5 105 339
407 2 2 3 3 6 68 324
408 2 2 3 3 106 6 324
409 2 2 3 3 9 10 326
410 2 2 3 3 9 326 337
411 2 2 3 3 10 11 301
412 2 2 3 3 10 301 326
413 2 2 3 3 11 12 265
414 2 2 3 3 11 265 301
415 2 2 3 3 12 13 313
416 2 2 3 3 265 12 313
417 2 2 3 3 13 14 266
418 2 2 3 3 13 266 313
419 2 2 3 3 14 15 315
420 2 2 3 3 266 14 315
421 2 2 3 3 15 16 267
422 2 2 3 3 15 267 315
423 2 2 3 3 16 17 319
424 2 2 3 3 267 16 319
425 2 2 3 3 17 18 269
426 2 2 3 3 17 269 319
427 2 2 3 3 18 19 296
428 2 2 3 3 269 18 296
429 2 2 3 3 19 20 272
430 2 2 3 3 19 272 296
431 2 2 3 3 20 21 323
432 2 2 3 3 272 20 323
433 2 2 3 3 21 22 321
434 2 2 3 3 21 321 323
435 2 2 3 3 22 23 278
436 2 2 3 3 22 278 321
437 2 2 3 3 23 24 310
438 2 2 3 3 278 23 310
439 2 2 3 3 24 25 281
440 2 2 3 3 24 281 310
441 2 2 3 3 25 26 330
442 2 2 3 3 281 25 330
443 2 2 3 3 26 27 340
444 2 2 3 3 330 26 340
445 2 2 3 3 27 28 282
446 2 2 3 3 27 282 340
447 2 2 3 3 282 28 324
448 2 2 3 3 324 28 338
449 2 2 3 3 50 49 279
450 2 2 3 3 279 49 339
451 2 2 3 3 51 50 300
452 2 2 3 3 50 279 300
453 2 2 3 3 52 51 268
454 2 2 3 3 268 51 300
455 2 2 3 3 53 52 311
456 2 2 3 3 52 268 311
457 2 2 3 3 54 53 270
458 2 2 3 3 270 53 311
459 2 2 3 3 55 54 306
460 2 2 3 3 54 270 306
461 2 2 3 3 56 55 291
462 2 2 3 3 291 55 306
463 2 2 3 3 57 56 273
464 2 2 3 3 273 56 291
465 2 2 3 3 58 57 316
466 2 2 3 3 57 273 316
467 2 2 3 3 59 58 275
468 2 2 3 3 275 58 316
469 2 2 3 3 60 59 307
470 2 2 3 3 59 275 307
471 2 2 3 3 61 60 308
472 2 2 3 3 60 307 308
473 2 2 3 3 62 61 274
474 2 2 3 3 274 61 308
475 2 2 3 3 63 62 314
476 2 2 3 3 62 274 314
477 2 2 3 3 64 63 276
478 2 2 3 3 276 63 314
479 2 2 3 3 65 64 322
480 2 2 3 3 64 276 322
481 2 2 3 3 66 65 280
482 2 2 3 3 280 65 322
483 2 2 3 3 67 66 283
484 2 2 3 3 66 280 283
485 2 2 3 3 68 67 282
486 2 2 3 3 282 67 283
487 2 2 3 3 68 282 324
488 2 2 3 3 102 101 277
489 2 2 3 3 277 101 337
490 2 2 3 3 103 102 284
491 2 2 3 3 102 277 284
492 2 2 3 3 104 103 271
493 2 2 3 3 271 103 284
494 2 2 3 3 105 104 325
495 2 2 3 3 104 271 325
496 2 2 3 3 105 325 339
497 2 2 3 3 106 324 338
498 2 2 3 3 301 265 332
499 2 2 3 3 265 313 317
500 2 2 3 3 265 317 332
501 2 2 3 3 313 266 320
502 2 2 3 3 266 315 328
503 2 2 3 3 320 266 328
504 2 2 3 3 267 295 302
505 2 2 3 3 295 267 319
506 2 2 3 3 267 302 336
507 2 2 3 3 315 267 336
508 2 2 3 3 268 300 334
509 2 2 3 3 311 268 318
510 2 2 3 3 318 268 334
511 2 2 3 3 269 296 299
512 2 2 3 3 269 299 331
513 2 2 3 3 319 269 331
514 2 2 3 3 270 304 306
515 2 2 3 3 304 270 312
516 2 2 3 3 270 311 312
517 2 2 3 3 271 284 285
518 2 2 3 3 271 285 286
519 2 2 3 3 271 286 325
520 2 2 3 3 296 272 297
521 2 2 3 3 297 272 298
522 2 2 3 3 298 272 323
523 2 2 3 3 273 291 292
524 2 2 3 3 273 292 294
525 2 2 3 3 273 294 316
526 2 2 3 3 274 308 309
527 2 2 3 3 274 309 327
528 2 2 3 3 314 274 327
529 2 2 3 3 275 297 307
530 2 2 3 3 297 275 333
531 2 2 3 3 275 316 333
532 2 2 3 3 281 276 310
533 2 2 3 3 276 281 322
534 2 2 3 3 310 276 335
535 2 2 3 3 276 314 335
536 2 2 3 3 284 277 290
537 2 2 3 3 290 277 326
538 2 2 3 3 326 277 337
539 2 2 3 3 278 310 335
540 2 2 3 3 321 278 327
541 2 2 3 3 327 278 335
542 2 2 3 3 279 286 300
543 2 2 3 3 286 279 325
544 2 2 3 3 325 279 339
545 2 2 3 3 281 280 322
546 2 2 3 3 280 281 330
547 2 2 3 3 283 280 330
548 2 2 3 3 282 283 340
549 2 2 3 3 283 330 340
550 2 2 3 3 285 284 290
551 2 2 3 3 286 285 287
552 2 2 3 3 287 285 288
553 2 2 3 3 288 285 290
554 2 2 3 3 286 287 334
555 2 2 3 3 300 286 334
556 2 2 3 3 287 288 289
557 2 2 3 3 287 289 318
558 2 2 3 3 287 318 334
559 2 2 3 3 289 288 317
560 2 2 3 3 288 290 332
561 2 2 3 3 317 288 332
562 2 2 3 3 289 317 329
563 2 2 3 3 318 289 329
564 2 2 3 3 301 290 326
565 2 2 3 3 290 301 332
566 2 2 3 3 292 291 293
567 2 2 3 3 293 291 306
568 2 2 3 3 292 293 302
569 2 2 3 3 294 292 295
570 2 2 3 3 295 292 302
571 2 2 3 3 302 293 303
572 2 2 3 3 303 293 304
573 2 2 3 3 304 293 306
574 2 2 3 3 294 295 331
575 2 2 3 3 299 294 331
576 2 2 3 3 294 299 333
577 2 2 3 3 316 294 333
578 2 2 3 3 295 319 331
579 2 2 3 3 296 297 299
580 2 2 3 3 297 298 307
581 2 2 3 3 299 297 333
582 2 2 3 3 307 298 308
583 2 2 3 3 308 298 309
584 2 2 3 3 309 298 323
585 2 2 3 3 302 303 336
586 2 2 3 3 303 304 305
587 2 2 3 3 303 305 328
588 2 2 3 3 303 328 336
589 2 2 3 3 305 304 312
590 2 2 3 3 305 312 329
591 2 2 3 3 305 320 328
592 2 2 3 3 320 305 329
593 2 2 3 3 321 309 323
594 2 2 3 3 309 321 327
595 2 2 3 3 312 311 318
596 2 2 3 3 312 318 329
597 2 2 3 3 317 313 320
598 2 2 3 3 314 327 335
599 2 2 3 3 328 315 336
600 2 2 3 3 317 320 329
601 2 2 5 4 48 3 414
602 2 2 5 4 3 112 414
603 2 2 5 4 4 29 413
604 2 2 5 4 107 4 413
605 2 2 5 4 7 88 400
606 2 2 5 4 112 7 400
607 2 2 5 4 69 8 415
608 2 2 5 4 8 111 415
609 2 2 5 4 29 30 402
610 2 2 5 4 29 402 413
611 2 2 5 4 30 31 379
612 2 2 5 4 30 379 402
613 2 2 5 4 31 32 341
614 2 2 5 4 31 341 379
615 2 2 5 4 32 33 390
616 2 2 5 4 341 32 390
617 2 2 5 4 33 34 342
618 2 2 5 4 33 342 390
619 2 2 5 4 34 35 391
620 2 2 5 4 342 34 391
621 2 2 5 4 35 36 343
622 2 2 5 4 35 343 391
623 2 2 5 4 36 37 396
624 2 2 5 4 343 36 396
625 2 2 5 4 37 38 345
626 2 2 5 4 37 345 396
627 2 2 5 4 38 39 372
628 2 2 5 4 345 38 372
629 2 2 5 4 39 40 384
630 2 2 5 4 372 39 384
631 2 2 5 4 40 41 351
632 2 2 5 4 40 351 384
633 2 2 5 4 41 42 387
634 2 2 5 4 351 41 387
635 2 2 5 4 42 43 354
636 2 2 5 4 42 354 387
637 2 2 5 4 43 44 386
638 2 2 5 4 354 43 386
639 2 2 5 4 44 45 357
640 2 2 5 4 44 357 386
641 2 2 5 4 45 46 406
642 2 2 5 4 357 45 406
643 2 2 5 4 46 47 417
644 2 2 5 4 406 46 417
645 2 2 5 4 47 48 358
646 2 2 5 4 47 358 417
647 2 2 5 4 358 48 400
648 2 2 5 4 400 48 414
649 2 2 5 4 70 69 355
650 2 2 5 4 355 69 415
651 2 2 5 4 71 70 378
652 2 2 5 4 70 355 378
653 2 2 5 4 72 71 344
654 2 2 5 4 344 71 378
655 2 2 5 4 73 72 388
656 2 2 5 4 72 344 388
657 2 2 5 4 74 73 346
658 2 2 5 4 346 73 388
659 2 2 5 4 75 74 385
660 2 2 5 4 74 346 385
661 2 2 5 4 76 75 367
662 2 2 5 4 367 75 385
663 2 2 5 4 77 76 349
664 2 2 5 4 349 76 367
665 2 2 5 4 78 77 393
666 2 2 5 4 77 349 393
667 2 2 5 4 79 78 411
668 2 2 5 4 78 393 411
669 2 2 5 4 80 79 348
670 2 2 5 4 348 79 411
671 2 2 5 4 81 80 377
672 2 2 5 4 80 348 377
673 2 2 5 4 82 81 350
674 2 2 5 4 350 81 377
675 2 2 5 4 83 82 392
676 2 2 5 4 82 350 392
677 2 2 5 4 84 83 352
678 2 2 5 4 352 83 392
679 2 2 5 4 85 84 399
680 2 2 5 4 84 352 399
681 2 2 5 4 86 85 356
682 2 2 5 4 356 85 399
683 2 2 5 4 87 86 359
684 2 2 5 4 86 356 359
685 2 2 5 4 88 87 358
686 2 2 5 4 358 87 359
687 2 2 5 4 88 358 400
688 2 2 5 4 108 107 353
689 2 2 5 4 353 107 413
690 2 2 5 4 109 108 360
691 2 2 5 4 108 353 360
692 2 2 5 4 110 109 347
693 2 2 5 4 347 109 360
694 2 2 5 4 111 110 401
695 2 2 5 4 110 347 401
696 2 2 5 4 111 401 415
697 2 2 5 4 112 400 414
698 2 2 5 4 379 341 408
699 2 2 5 4 341 390 394
700 2 2 5 4 341 394 408
701 2 2 5 4 390 342 398
702 2 2 5 4 342 391 404
703 2 2 5 4 398 342 404
704 2 2 5 4 343 371 380
705 2 2 5 4 371 343 396
706 2 2 5 4 343 380 412
707 2 2 5 4 391 343 412
708 2 2 5 4 344 378 409
709 2 2 5 4 388 344 395
710 2 2 5 4 395 344 409
711 2 2 5 4 345 372 373
712 2 2 5 4 345 373 407
713 2 2 5 4 396 345 407
714 2 2 5 4 346 382 385
715 2 2 5 4 382 346 389
716 2 2 5 4 346 388 389
717 2 2 5 4 347 360 361
718 2 2 5 4 347 361 362
719 2 2 5 4 347 362 401
720 2 2 5 4 374 348 375
721 2 2 5 4 348 374 376
722 2 2 5 4 375 348 411
723 2 2 5 4 348 376 377
724 2 2 5 4 349 367 368
725 2 2 5 4 349 368 370
726 2 2 5 4 349 370 393
727 2 2 5 4 350 377 397
728 2 2 5 4 392 350 403
729 2 2 5 4 350 397 403
730 2 2 5 4 351 376 384
731 2 2 5 4 376 351 397
732 2 2 5 4 351 387 397
733 2 2 5 4 357 352 386
734 2 2 5 4 352 357 399
735 2 2 5 4 386 352 410
736 2 2 5 4 352 392 410
737 2 2 5 4 360 353 366
738 2 2 5 4 366 353 402
739 2 2 5 4 402 353 413
740 2 2 5 4 354 386 410
741 2 2 5 4 387 354 403
742 2 2 5 4 403 354 410
743 2 2 5 4 355 362 378
744 2 2 5 4 362 355 401
745 2 2 5 4 401 355 415
746 2 2 5 4 357 356 399
747 2 2 5 4 356 357 406
748 2 2 5 4 359 356 406
749 2 2 5 4 358 359 417
750 2 2 5 4 359 406 417
751 2 2 5 4 361 360 366
752 2 2 5 4 362 361 363
753 2 2 5 4 363 361 364
754 2 2 5 4 364 361 366
755 2 2 5 4 362 363 409
756 2 2 5 4 378 362 409
757 2 2 5 4 363 364 365
758 2 2 5 4 363 365 395
759 2 2 5 4 363 395 409
760 2 2 5 4 365 364 394
761 2 2 5 4 364 366 408
762 2 2 5 4 394 364 408
763 2 2 5 4 365 394 405
764 2 2 5 4 395 365 405
765 2 2 5 4 379 366 402
766 2 2 5 4 366 379 408
767 2 2 5 4 368 367 369
768 2 2 5 4 369 367 385
769 2 2 5 4 368 369 380
770 2 2 5 4 370 368 371
771 2 2 5 4 371 368 380
772 2 2 5 4 380 369 381
773 2 2 5 4 381 369 382
774 2 2 5 4 382 369 385
775 2 2 5 4 370 371 407
776 2 2 5 4 393 370 416
777 2 2 5 4 370 407 416
778 2 2 5 4 371 396 407
779 2 2 5 4 373 372 374
780 2 2 5 4 374 372 384
781 2 2 5 4 373 374 375
782 2 2 5 4 373 375 416
783 2 2 5 4 407 373 416
784 2 2 5 4 376 374 384
785 2 2 5 4 393 375 411
786 2 2 5 4 375 393 416
787 2 2 5 4 377 376 397
788 2 2 5 4 380 381 412
789 2 2 5 4 381 382 383
790 2 2 5 4 381 383 404
791 2 2 5 4 381 404 412
792 2 2 5 4 383 382 389
793 2 2 5 4 383 389 405
794 2 2 5 4 383 398 404
795 2 2 5 4 398 383 405
796 2 2 5 4 397 387 403
797 2 2 5 4 389 388 395
798 2 2 5 4 389 395 405
799 2 2 5 4 394 390 398
800 2 2 5 4 404 391 412
801 2 2 5 4 392 403 410
802 2 2 5 4 394 398 405
803 2 2 6 5 1 89 449
804 2 2 6 5 101 1 449
805 2 2 6 5 93 4 451
806 2 2 6 5 4 107 451
807 2 2 6 5 95 5 450
808 2 2 6 5 5 105 450
809 2 2 6 5 8 99 448
810 2 2 6 5 111 8 448
811 2 2 6 5 89 90 441
812 2 2 6 5 89 441 449
813 2 2 6 5 90 91 425
814 2 2 6 5 90 425 441
815 2 2 6 5 91 92 419
816 2 2 6 5 91 419 425
817 2 2 6 5 92 93 439
818 2 2 6 5 419 92 439
819 2 2 6 5 439 93 451
820 2 2 6 5 96 95 424
821 2 2 6 5 424 95 450
822 2 2 6 5 97 96 442
823 2 2 6 5 96 424 442
824 2 2 6 5 98 97 418
825 2 2 6 5 418 97 442
826 2 2 6 5 99 98 438
827 2 2 6 5 98 418 438
828 2 2 6 5 99 438 448
829 2 2 6 5 102 101 422
830 2 2 6 5 422 101 449
831 2 2 6 5 103 102 446
832 2 2 6 5 102 422 446
833 2 2 6 5 104 103 420
834 2 2 6 5 420 103 446
835 2 2 6 5 105 104 440
836 2 2 6 5 104 420 440
837 2 2 6 5 105 440 450
838 2 2 6 5 107 108 423
839 2 2 6 5 107 423 451
840 2 2 6 5 108 109 436
841 2 2 6 5 423 108 436
842 2 2 6 5 109 110 421
843 2 2 6 5 109 421 436
844 2 2 6 5 110 111 435
845 2 2 6 5 421 110 435
846 2 2 6 5 435 111 448
847 2 2 6 5 433 418 442
848 2 2 6 5 418 433 443
849 2 2 6 5 438 418 445
850 2 2 6 5 418 443 445
851 2 2 6 5 425 419 426
852 2 2 6 5 426 419 427
853 2 2 6 5 427 419 439
854 2 2 6 5 432 420 434
855 2 2 6 5 420 432 444
856 2 2 6 5 434 420 446
857 2 2 6 5 440 420 444
858 2 2 6 5 431 421 445
859 2 2 6 5 421 431 447
860 2 2 6 5 421 435 445
861 2 2 6 5 436 421 447
862 2 2 6 5 434 422 437
863 2 2 6 5 422 434 446
864 2 2 6 5 437 422 441
865 2 2 6 5 441 422 449
866 2 2 6 5 427 423 436
867 2 2 6 5 423 427 439
868 2 2 6 5 423 439 451
869 2 2 6 5 424 433 442
870 2 2 6 5 433 424 444
871 2 2 6 5 424 440 444
872 2 2 6 5 440 424 450
873 2 2 6 5 425 426 437
874 2 2 6 5 425 437 441
875 2 2 6 5 426 427 428
876 2 2 6 5 426 428 429
877 2 2 6 5 426 429 437
878 2 2 6 5 428 427 447
879 2 2 6 5 427 436 447
880 2 2 6 5 429 428 430
881 2 2 6 5 430 428 431
882 2 2 6 5 431 428 447
883 2 2 6 5 429 430 432
884 2 2 6 5 429 432 434
885 2 2 6 5 429 434 437
886 2 2 6 5 430 431 443
887 2 2 6 5 432 430 433
888 2 2 6 5 433 430 443
889 2 2 6 5 443 431 445
890 2 2 6 5 432 433 444
891 2 2 6 5 435 438 445
892 2 2 6 5 438 435 448
893 2 2 4 6 2 94 455
894 2 2 4 6 106 2 455
895 2 2 4 6 94 3 453
896 2 2 4 6 3 112 453
897 2 2 4 6 100 6 454
898 2 2 4 6 6 106 454
899 2 2 4 6 7 100 452
900 2 2 4 6 112 7 452
901 2 2 4 6 94 453 455
902 2 2 4 6 452 100 454
903 2 2 4 6 454 106 455
904 2 2 4 6 112 452 453
905 2 2 4 6 453 452 454
906 2 2 4 6 453 454 455
907 4 2 7 1 340 282 188 510
908 4 2 7 1 215 230 367 473
909 4 2 7 1 367 230 385 473
910 4 2 7 1 246 484 399 510
911 4 2 7 1 315 162 470 493
912 4 2 7 1 482 497 223 514
913 4 2 7 1 162 184 470 493
914 4 2 7 1 460 457 487 491
915 4 2 7 1 291 515 472 518
916 4 2 7 1 479 482 299 514
917 4 2 7 1 248 324 206 400
918 4 2 7 1 172 324 400 131
919 4 2 7 1 460 491 487 502
920 4 2 7 1 292 291 273 518
921 4 2 7 1 223 514 497 541
922 4 2 7 1 461 456 475 476
923 4 2 7 1 292 515 291 518
924 4 2 7 1 473 498 458 529
925 4 2 7 1 475 488 476 526
926 4 2 7 1 367 215 473 480
927 4 2 7 1 487 491 470 502
928 4 2 7 1 154 464 301 509
929 4 2 7 1 459 497 482 514
930 4 2 7 1 363 478 467 485
931 4 2 7 1 358 131 282 510
932 4 2 7 1 206 358 282 510
933 4 2 7 1 364 468 478 485
934 4 2 7 1 479 514 299 530
935 4 2 7 1 352 469 410 547
936 4 2 7 1 473 458 498 505
937 4 2 7 1 471 492 404 542
938 4 2 7 1 459 497 514 541
939 4 2 7 1 191 472 291 535
940 4 2 7 1 228 529 481 554
941 4 2 7 1 228 473 529 554
942 4 2 7 1 259 469 200 550
943 4 2 7 1 404 471 381 492
944 4 2 7 1 291 472 191 518
945 4 2 7 1 392 410 352 469
946 4 2 7 1 358 207 359 510
947 4 2 7 1 218 223 482 497
948 4 2 7 1 471 404 508 542
949 4 2 7 1 163 391 471 483
950 4 2 7 1 292 482 515 518
951 4 2 7 1 467 476 211 543
952 4 2 7 1 463 508 157 513
953 4 2 7 1 457 471 492 505
954 4 2 7 1 475 476 456 526
955 4 2 7 1 211 476 467 504
956 4 2 7 1 200 259 240 469
957 4 2 7 1 131 188 282 510
958 4 2 7 1 301 464 154 507
959 4 2 7 1 291 191 273 518
960 4 2 7 1 391 412 471 483
961 4 2 7 1 255 218 223 482
962 4 2 7 1 292 273 482 518
963 4 2 7 1 474 485 428 528
964 4 2 7 1 338 186 324 455
965 4 2 7 1 377 237 494 524
966 4 2 7 1 492 508 404 542
967 4 2 7 1 379 468 153 513
968 4 2 7 1 383 404 492 508
969 4 2 7 1 467 211 486 543
970 4 2 7 1 264 207 206 510
971 4 2 7 1 359 417 358 510
972 4 2 7 1 260 472 191 535
973 4 2 7 1 132 188 131 510
974 4 2 7 1 340 283 282 510
975 4 2 7 1 305 487 328 502
976 4 2 7 1 252 481 260 535
977 4 2 7 1 294 299 479 482
978 4 2 7 1 301 509 464 556
979 4 2 7 1 153 468 379 503
980 4 2 7 1 469 547 352 550
981 4 2 7 1 247 233 466 512
982 4 2 7 1 457 492 473 505
983 4 2 7 1 458 480 473 529
984 4 2 7 1 237 222 494 524
985 4 2 7 1 461 476 475 488
986 4 2 7 1 461 475 318 488
987 4 2 7 1 457 460 487 531
988 4 2 7 1 313 460 320 502
989 4 2 7 1 143 534 493 545
990 4 2 7 1 246 399 204 510
991 4 2 7 1 474 551 477 553
992 4 2 7 1 473 480 458 505
993 4 2 7 1 363 467 362 485
994 4 2 7 1 143 483 534 545
995 4 2 7 1 161 502 460 509
996 4 2 7 1 345 490 117 500
997 4 2 7 1 260 481 472 535
998 4 2 7 1 454 324 453 455
999 4 2 7 1 388 504 462 506
1000 4 2 7 1 470 487 457 491
1001 4 2 7 1 376 494 466 524
1002 4 2 7 1 131 324 400 282
1003 4 2 7 1 400 324 206 282
1004 4 2 7 1 142 143 483 534
1005 4 2 7 1 389 388 462 506
1006 4 2 7 1 206 207 358 510
1007 4 2 7 1 228 506 473 554
1008 4 2 7 1 392 469 240 524
1009 4 2 7 1 191 244 273 518
1010 4 2 7 1 244 482 273 518
1011 4 2 7 1 467 504 476 532
1012 4 2 7 1 428 485 474 525
1013 4 2 7 1 437 499 496 507
1014 4 2 7 1 336 493 470 548
1015 4 2 7 1 224 378 467 501
1016 4 2 7 1 476 488 465 526
1017 4 2 7 1 392 352 240 469
1018 4 2 7 1 224 467 378 504
1019 4 2 7 1 444 519 496 527
1020 4 2 7 1 447 485 428 525
1021 4 2 7 1 210 467 211 486
1022 4 2 7 1 460 502 313 509
1023 4 2 7 1 472 457 481 529
1024 4 2 7 1 395 462 388 504
1025 4 2 7 1 471 381 492 505
1026 4 2 7 1 461 456 476 495
1027 4 2 7 1 472 481 260 529
1028 4 2 7 1 294 333 299 514
1029 4 2 7 1 228 481 229 554
1030 4 2 7 1 364 366 468 485
1031 4 2 7 1 474 516 485 528
1032 4 2 7 1 315 267 162 493
1033 4 2 7 1 162 115 184 493
1034 4 2 7 1 461 475 456 495
1035 4 2 7 1 291 293 472 515
1036 4 2 7 1 429 496 474 527
1037 4 2 7 1 240 469 251 524
1038 4 2 7 1 461 488 318 517
1039 4 2 7 1 466 494 222 524
1040 4 2 7 1 121 343 163 483
1041 4 2 7 1 376 377 494 524
1042 4 2 7 1 473 492 382 505
1043 4 2 7 1 252 260 481 529
1044 4 2 7 1 331 294 299 479
1045 4 2 7 1 457 495 460 531
1046 4 2 7 1 471 457 498 505
1047 4 2 7 1 454 324 248 453
1048 4 2 7 1 153 513 468 558
1049 4 2 7 1 474 536 477 551
1050 4 2 7 1 243 476 504 538
1051 4 2 7 1 293 291 472 535
1052 4 2 7 1 467 478 363 504
1053 4 2 7 1 469 522 175 549
1054 4 2 7 1 472 458 498 529
1055 4 2 7 1 294 299 482 514
1056 4 2 7 1 127 522 278 549
1057 4 2 7 1 381 382 492 505
1058 4 2 7 1 243 476 211 504
1059 4 2 7 1 388 232 504 506
1060 4 2 7 1 305 328 320 502
1061 4 2 7 1 215 217 230 473
1062 4 2 7 1 369 367 385 473
1063 4 2 7 1 252 227 260 529
1064 4 2 7 1 142 163 471 483
1065 4 2 7 1 464 496 474 499
1066 4 2 7 1 493 534 483 545
1067 4 2 7 1 395 389 388 462
1068 4 2 7 1 458 497 459 533
1069 4 2 7 1 383 398 404 508
1070 4 2 7 1 457 461 495 531
1071 4 2 7 1 267 115 162 493
1072 4 2 7 1 222 247 233 466
1073 4 2 7 1 462 504 232 506
1074 4 2 7 1 161 160 502 509
1075 4 2 7 1 458 459 490 533
1076 4 2 7 1 238 462 232 506
1077 4 2 7 1 327 522 469 549
1078 4 2 7 1 398 508 463 513
1079 4 2 7 1 403 469 392 524
1080 4 2 7 1 318 475 461 531
1081 4 2 7 1 457 481 461 487
1082 4 2 7 1 328 487 470 502
1083 4 2 7 1 459 514 479 530
1084 4 2 7 1 211 243 213 476
1085 4 2 7 1 457 487 461 531
1086 4 2 7 1 398 508 492 523
1087 4 2 7 1 477 536 474 553
1088 4 2 7 1 473 498 457 505
1089 4 2 7 1 127 175 522 549
1090 4 2 7 1 242 488 461 517
1091 4 2 7 1 228 229 506 554
1092 4 2 7 1 347 485 362 501
1093 4 2 7 1 309 466 308 512
1094 4 2 7 1 496 519 465 527
1095 4 2 7 1 362 485 467 501
1096 4 2 7 1 278 522 327 549
1097 4 2 7 1 161 460 165 509
1098 4 2 7 1 485 501 421 528
1099 4 2 7 1 383 492 398 508
1100 4 2 7 1 459 458 482 497
1101 4 2 7 1 243 213 476 538
1102 4 2 7 1 305 487 502 531
1103 4 2 7 1 490 500 345 555
1104 4 2 7 1 456 551 474 553
1105 4 2 7 1 372 345 117 500
1106 4 2 7 1 166 463 157 513
1107 4 2 7 1 180 464 154 509
1108 4 2 7 1 311 318 488 517
1109 4 2 7 1 235 260 191 535
1110 4 2 7 1 421 485 347 501
1111 4 2 7 1 117 500 490 537
1112 4 2 7 1 408 468 379 513
1113 4 2 7 1 464 496 499 507
1114 4 2 7 1 466 512 233 520
1115 4 2 7 1 218 497 482 518
1116 4 2 7 1 230 385 473 506
1117 4 2 7 1 492 523 508 542
1118 4 2 7 1 232 462 243 504
1119 4 2 7 1 217 473 215 480
1120 4 2 7 1 367 473 369 480
1121 4 2 7 1 457 492 471 542
1122 4 2 7 1 460 502 487 531
1123 4 2 7 1 476 495 456 532
1124 4 2 7 1 432 444 496 527
1125 4 2 7 1 436 485 447 503
1126 4 2 7 1 477 509 464 536
1127 4 2 7 1 308 233 512 520
1128 4 2 7 1 236 377 237 494
1129 4 2 7 1 163 343 391 483
1130 4 2 7 1 459 479 458 490
1131 4 2 7 1 389 462 395 523
1132 4 2 7 1 400 358 131 282
1133 4 2 7 1 358 400 206 282
1134 4 2 7 1 309 298 308 466
1135 4 2 7 1 239 311 488 517
1136 4 2 7 1 476 532 504 538
1137 4 2 7 1 409 467 363 504
1138 4 2 7 1 258 211 467 504
1139 4 2 7 1 444 420 496 519
1140 4 2 7 1 161 165 460 544
1141 4 2 7 1 127 321 278 522
1142 4 2 7 1 391 343 412 483
1143 4 2 7 1 257 223 218 541
1144 4 2 7 1 409 378 467 504
1145 4 2 7 1 224 258 467 504
1146 4 2 7 1 137 509 477 536
1147 4 2 7 1 468 485 366 503
1148 4 2 7 1 431 428 485 528
1149 4 2 7 1 246 205 484 510
1150 4 2 7 1 399 484 357 510
1151 4 2 7 1 317 460 313 509
1152 4 2 7 1 446 496 284 507
1153 4 2 7 1 475 488 526 539
1154 4 2 7 1 390 508 398 513
1155 4 2 7 1 459 482 479 514
1156 4 2 7 1 127 169 321 522
1157 4 2 7 1 383 404 381 492
1158 4 2 7 1 161 165 160 509
1159 4 2 7 1 252 481 227 529
1160 4 2 7 1 243 232 238 462
1161 4 2 7 1 305 502 320 531
1162 4 2 7 1 458 479 459 482
1163 4 2 7 1 233 222 466 520
1164 4 2 7 1 227 481 228 529
1165 4 2 7 1 457 495 461 554
1166 4 2 7 1 427 447 485 503
1167 4 2 7 1 460 457 491 495
1168 4 2 7 1 227 229 228 481
1169 4 2 7 1 408 366 379 468
1170 4 2 7 1 436 360 485 503
1171 4 2 7 1 295 482 479 515
1172 4 2 7 1 318 488 475 539
1173 4 2 7 1 154 180 139 464
1174 4 2 7 1 205 322 484 510
1175 4 2 7 1 357 484 170 510
1176 4 2 7 1 223 497 218 541
1177 4 2 7 1 153 468 135 558
1178 4 2 7 1 364 478 361 485
1179 4 2 7 1 301 464 290 556
1180 4 2 7 1 427 503 485 525
1181 4 2 7 1 366 485 360 503
1182 4 2 7 1 161 491 460 502
1183 4 2 7 1 289 475 318 531
1184 4 2 7 1 143 141 142 483
1185 4 2 7 1 142 121 163 483
1186 4 2 7 1 364 478 468 513
1187 4 2 7 1 363 361 478 485
1188 4 2 7 1 160 313 502 509
1189 4 2 7 1 239 488 242 517
1190 4 2 7 1 317 320 313 460
1191 4 2 7 1 258 210 224 467
1192 4 2 7 1 362 409 378 467
1193 4 2 7 1 457 461 481 554
1194 4 2 7 1 356 204 399 510
1195 4 2 7 1 452 454 248 453
1196 4 2 7 1 460 531 475 556
1197 4 2 7 1 363 362 361 485
1198 4 2 7 1 495 532 523 552
1199 4 2 7 1 163 471 391 508
1200 4 2 7 1 200 469 352 550
1201 4 2 7 1 493 498 483 534
1202 4 2 7 1 271 496 519 539
1203 4 2 7 1 447 427 485 525
1204 4 2 7 1 319 479 167 493
1205 4 2 7 1 165 477 509 544
1206 4 2 7 1 378 362 467 501
1207 4 2 7 1 224 467 210 501
1208 4 2 7 1 198 240 251 524
1209 4 2 7 1 200 240 352 469
1210 4 2 7 1 346 385 194 506
1211 4 2 7 1 230 194 385 506
1212 4 2 7 1 161 460 491 544
1213 4 2 7 1 308 512 466 520
1214 4 2 7 1 364 361 366 485
1215 4 2 7 1 480 497 216 518
1216 4 2 7 1 395 504 478 523
1217 4 2 7 1 165 509 460 544
1218 4 2 7 1 137 464 509 536
1219 4 2 7 1 137 464 180 509
1220 4 2 7 1 434 437 429 496
1221 4 2 7 1 293 306 291 535
1222 4 2 7 1 170 484 130 510
1223 4 2 7 1 281 484 322 510
1224 4 2 7 1 467 486 210 501
1225 4 2 7 1 135 468 153 503
1226 4 2 7 1 271 519 286 539
1227 4 2 7 1 446 434 496 507
1228 4 2 7 1 246 204 205 510
1229 4 2 7 1 399 357 356 510
1230 4 2 7 1 308 466 298 520
1231 4 2 7 1 460 509 477 544
1232 4 2 7 1 297 299 514 530
1233 4 2 7 1 280 281 322 510
1234 4 2 7 1 170 130 129 510
1235 4 2 7 1 294 479 295 482
1236 4 2 7 1 382 473 385 506
1237 4 2 7 1 238 506 229 554
1238 4 2 7 1 364 468 408 513
1239 4 2 7 1 373 345 500 555
1240 4 2 7 1 495 532 476 538
1241 4 2 7 1 379 468 366 503
1242 4 2 7 1 431 430 428 528
1243 4 2 7 1 158 508 157 544
1244 4 2 7 1 482 497 458 518
1245 4 2 7 1 278 321 327 522
1246 4 2 7 1 472 487 457 498
1247 4 2 7 1 389 506 462 523
1248 4 2 7 1 324 400 453 172
1249 4 2 7 1 400 248 324 453
1250 4 2 7 1 258 211 210 467
1251 4 2 7 1 409 362 363 467
1252 4 2 7 1 138 477 165 544
1253 4 2 7 1 218 216 497 518
1254 4 2 7 1 453 324 172 455
1255 4 2 7 1 461 495 476 538
1256 4 2 7 1 465 526 488 539
1257 4 2 7 1 164 158 491 508
1258 4 2 7 1 408 364 366 468
1259 4 2 7 1 318 312 461 517
1260 4 2 7 1 447 428 427 525
1261 4 2 7 1 210 211 209 486
1262 4 2 7 1 180 137 139 464
1263 4 2 7 1 163 164 471 508
1264 4 2 7 1 238 229 538 554
1265 4 2 7 1 295 479 319 493
1266 4 2 7 1 466 522 309 540
1267 4 2 7 1 395 363 478 504
1268 4 2 7 1 463 508 523 542
1269 4 2 7 1 389 492 506 523
1270 4 2 7 1 290 464 301 507
1271 4 2 7 1 154 464 139 507
1272 4 2 7 1 176 470 491 502
1273 4 2 7 1 271 496 420 519
1274 4 2 7 1 141 483 143 545
1275 4 2 7 1 242 517 461 538
1276 4 2 7 1 369 473 382 505
1277 4 2 7 1 350 403 392 524
1278 4 2 7 1 137 139 464 536
1279 4 2 7 1 471 483 412 505
1280 4 2 7 1 373 345 372 500
1281 4 2 7 1 210 486 195 501
1282 4 2 7 1 209 486 211 543
1283 4 2 7 1 395 462 504 523
1284 4 2 7 1 462 506 492 523
1285 4 2 7 1 142 483 471 534
1286 4 2 7 1 390 157 508 513
1287 4 2 7 1 474 464 536 551
1288 4 2 7 1 470 457 487 498
1289 4 2 7 1 298 466 309 540
1290 4 2 7 1 470 493 184 534
1291 4 2 7 1 456 495 475 551
1292 4 2 7 1 432 444 420 496
1293 4 2 7 1 466 512 309 522
1294 4 2 7 1 463 508 398 523
1295 4 2 7 1 427 436 447 503
1296 4 2 7 1 464 496 290 556
1297 4 2 7 1 137 165 138 477
1298 4 2 7 1 247 466 222 524
1299 4 2 7 1 398 463 394 513
1300 4 2 7 1 374 541 375 555
1301 4 2 7 1 487 498 472 548
1302 4 2 7 1 468 536 477 553
1303 4 2 7 1 127 175 169 522
1304 4 2 7 1 255 482 223 514
1305 4 2 7 1 352 547 484 550
1306 4 2 7 1 247 512 466 524
1307 4 2 7 1 229 481 538 554
1308 4 2 7 1 260 191 472 518
1309 4 2 7 1 477 495 460 544
1310 4 2 7 1 460 317 531 556
1311 4 2 7 1 113 154 301 509
1312 4 2 7 1 456 476 516 526
1313 4 2 7 1 462 523 495 532
1314 4 2 7 1 189 239 268 488
1315 4 2 7 1 239 311 268 488
1316 4 2 7 1 297 514 489 530
1317 4 2 7 1 318 475 287 539
1318 4 2 7 1 328 470 487 548
1319 4 2 7 1 312 318 461 531
1320 4 2 7 1 315 470 162 502
1321 4 2 7 1 469 512 251 524
1322 4 2 7 1 504 532 462 538
1323 4 2 7 1 242 245 517 538
1324 4 2 7 1 269 167 319 479
1325 4 2 7 1 294 482 295 515
1326 4 2 7 1 205 280 322 510
1327 4 2 7 1 357 170 129 510
1328 4 2 7 1 152 522 521 540
1329 4 2 7 1 395 478 365 523
1330 4 2 7 1 477 495 463 552
1331 4 2 7 1 470 498 487 548
1332 4 2 7 1 244 193 316 482
1333 4 2 7 1 495 523 492 542
1334 4 2 7 1 383 398 492 523
1335 4 2 7 1 236 237 222 494
1336 4 2 7 1 176 491 470 534
1337 4 2 7 1 163 391 118 508
1338 4 2 7 1 374 494 541 555
1339 4 2 7 1 295 294 331 479
1340 4 2 7 1 511 521 152 522
1341 4 2 7 1 139 499 464 536
1342 4 2 7 1 374 500 494 555
1343 4 2 7 1 346 382 385 506
1344 4 2 7 1 467 501 485 528
1345 4 2 7 1 437 496 434 507
1346 4 2 7 1 176 162 470 502
1347 4 2 7 1 320 502 460 531
1348 4 2 7 1 460 509 317 556
1349 4 2 7 1 485 503 468 525
1350 4 2 7 1 186 172 324 455
1351 4 2 7 1 461 517 312 531
1352 4 2 7 1 404 412 381 471
1353 4 2 7 1 376 466 494 521
1354 4 2 7 1 317 320 460 531
1355 4 2 7 1 403 511 469 524
1356 4 2 7 1 167 269 123 479
1357 4 2 7 1 460 475 495 551
1358 4 2 7 1 480 458 497 518
1359 4 2 7 1 460 495 477 551
1360 4 2 7 1 465 516 476 526
1361 4 2 7 1 319 167 115 493
1362 4 2 7 1 364 363 361 478
1363 4 2 7 1 236 348 377 494
1364 4 2 7 1 397 521 511 524
1365 4 2 7 1 446 422 434 507
1366 4 2 7 1 397 376 521 524
1367 4 2 7 1 163 118 164 508
1368 4 2 7 1 489 514 459 530
1369 4 2 7 1 318 289 287 475
1370 4 2 7 1 460 495 475 531
1371 4 2 7 1 381 369 382 505
1372 4 2 7 1 243 462 238 538
1373 4 2 7 1 315 328 470 502
1374 4 2 7 1 477 551 495 552
1375 4 2 7 1 523 532 478 552
1376 4 2 7 1 290 496 464 507
1377 4 2 7 1 398 394 463 523
1378 4 2 7 1 195 486 418 501
1379 4 2 7 1 474 525 485 553
1380 4 2 7 1 238 538 506 554
1381 4 2 7 1 458 472 518 529
1382 4 2 7 1 475 495 461 531
1383 4 2 7 1 219 218 255 482
1384 4 2 7 1 463 495 477 544
1385 4 2 7 1 327 512 469 522
1386 4 2 7 1 396 483 140 490
1387 4 2 7 1 218 482 219 518
1388 4 2 7 1 242 461 488 538
1389 4 2 7 1 290 496 285 556
1390 4 2 7 1 301 265 113 509
1391 4 2 7 1 230 473 228 506
1392 4 2 7 1 475 531 317 556
1393 4 2 7 1 404 391 471 508
1394 4 2 7 1 285 496 539 556
1395 4 2 7 1 317 475 289 531
1396 4 2 7 1 382 492 473 506
1397 4 2 7 1 463 523 495 542
1398 4 2 7 1 485 525 468 553
1399 4 2 7 1 477 552 468 553
1400 4 2 7 1 243 504 462 538
1401 4 2 7 1 318 287 488 539
1402 4 2 7 1 153 135 181 558
1403 4 2 7 1 284 496 290 507
1404 4 2 7 1 115 267 319 493
1405 4 2 7 1 363 365 395 478
1406 4 2 7 1 447 431 428 485
1407 4 2 7 1 149 152 521 540
1408 4 2 7 1 390 398 394 513
1409 4 2 7 1 184 176 470 534
1410 4 2 7 1 521 522 466 540
1411 4 2 7 1 164 158 168 491
1412 4 2 7 1 374 494 375 541
1413 4 2 7 1 251 240 259 469
1414 4 2 7 1 412 381 471 505
1415 4 2 7 1 295 479 493 515
1416 4 2 7 1 466 521 376 524
1417 4 2 7 1 473 480 217 529
1418 4 2 7 1 369 480 473 505
1419 4 2 7 1 469 511 175 522
1420 4 2 7 1 466 521 511 522
1421 4 2 7 1 222 494 466 520
1422 4 2 7 1 165 477 137 509
1423 4 2 7 1 478 523 504 532
1424 4 2 7 1 331 479 299 530
1425 4 2 7 1 492 495 462 523
1426 4 2 7 1 372 117 150 500
1427 4 2 7 1 161 177 165 544
1428 4 2 7 1 462 532 495 538
1429 4 2 7 1 166 158 157 544
1430 4 2 7 1 469 512 327 550
1431 4 2 7 1 260 518 472 529
1432 4 2 7 1 164 142 163 471
1433 4 2 7 1 118 391 342 508
1434 4 2 7 1 403 410 392 469
1435 4 2 7 1 394 365 478 523
1436 4 2 7 1 379 153 341 513
1437 4 2 7 1 472 481 457 487
1438 4 2 7 1 476 488 461 538
1439 4 2 7 1 114 266 315 502
1440 4 2 7 1 401 421 347 501
1441 4 2 7 1 251 469 259 550
1442 4 2 7 1 238 462 506 538
1443 4 2 7 1 301 290 332 556
1444 4 2 7 1 242 488 476 538
1445 4 2 7 1 511 521 466 524
1446 4 2 7 1 244 316 273 482
1447 4 2 7 1 460 495 491 544
1448 4 2 7 1 458 518 480 529
1449 4 2 7 1 175 511 469 547
1450 4 2 7 1 285 539 288 556
1451 4 2 7 1 430 486 527 528
1452 4 2 7 1 401 435 421 501
1453 4 2 7 1 143 184 493 534
1454 4 2 7 1 468 478 485 553
1455 4 2 7 1 410 469 403 547
1456 4 2 7 1 289 475 317 556
1457 4 2 7 1 291 292 293 515
1458 4 2 7 1 140 343 121 483
1459 4 2 7 1 176 162 184 470
1460 4 2 7 1 489 494 459 514
1461 4 2 7 1 418 501 486 528
1462 4 2 7 1 348 376 377 494
1463 4 2 7 1 456 495 551 552
1464 4 2 7 1 465 519 496 539
1465 4 2 7 1 130 330 178 510
1466 4 2 7 1 468 536 135 558
1467 4 2 7 1 461 487 481 517
1468 4 2 7 1 387 159 354 511
1469 4 2 7 1 248 400 452 453
1470 4 2 7 1 465 476 516 543
1471 4 2 7 1 288 290 285 556
1472 4 2 7 1 495 523 463 552
1473 4 2 7 1 336 470 328 548
1474 4 2 7 1 202 314 234 512
1475 4 2 7 1 142 471 164 534
1476 4 2 7 1 495 542 492 554
1477 4 2 7 1 369 385 382 473
1478 4 2 7 1 217 228 230 473
1479 4 2 7 1 504 523 462 532
1480 4 2 7 1 158 491 508 544
1481 4 2 7 1 457 542 495 554
1482 4 2 7 1 269 123 479 530
1483 4 2 7 1 175 182 469 549
1484 4 2 7 1 315 328 336 470
1485 4 2 7 1 516 527 486 528
1486 4 2 7 1 387 122 159 511
1487 4 2 7 1 457 470 491 534
1488 4 2 7 1 394 478 513 523
1489 4 2 7 1 354 511 159 547
1490 4 2 7 1 443 486 430 528
1491 4 2 7 1 462 495 492 554
1492 4 2 7 1 269 319 331 479
1493 4 2 7 1 202 314 512 550
1494 4 2 7 1 234 314 274 512
1495 4 2 7 1 466 298 520 540
1496 4 2 7 1 267 295 319 493
1497 4 2 7 1 228 229 238 506
1498 4 2 7 1 251 512 469 550
1499 4 2 7 1 315 162 114 502
1500 4 2 7 1 494 514 489 520
1501 4 2 7 1 117 150 500 537
1502 4 2 7 1 396 343 140 483
1503 4 2 7 1 468 525 135 536
1504 4 2 7 1 314 327 512 550
1505 4 2 7 1 116 341 153 513
1506 4 2 7 1 200 352 484 550
1507 4 2 7 1 457 471 534 542
1508 4 2 7 1 394 513 463 523
1509 4 2 7 1 221 494 514 541
1510 4 2 7 1 351 122 387 511
1511 4 2 7 1 193 316 482 514
1512 4 2 7 1 312 517 487 531
1513 4 2 7 1 202 512 251 550
1514 4 2 7 1 135 468 503 525
1515 4 2 7 1 176 491 161 502
1516 4 2 7 1 249 195 418 501
1517 4 2 7 1 311 318 268 488
1518 4 2 7 1 457 498 470 534
1519 4 2 7 1 159 511 175 547
1520 4 2 7 1 130 484 281 510
1521 4 2 7 1 301 154 174 507
1522 4 2 7 1 469 511 403 547
1523 4 2 7 1 245 481 517 538
1524 4 2 7 1 175 469 182 547
1525 4 2 7 1 457 471 498 534
1526 4 2 7 1 391 412 404 471
1527 4 2 7 1 439 173 503 525
1528 4 2 7 1 346 194 232 506
1529 4 2 7 1 429 426 474 499
1530 4 2 7 1 148 500 489 521
1531 4 2 7 1 378 203 355 501
1532 4 2 7 1 456 532 495 552
1533 4 2 7 1 371 483 396 490
1534 4 2 7 1 333 297 299 514
1535 4 2 7 1 401 347 362 501
1536 4 2 7 1 210 195 249 501
1537 4 2 7 1 164 491 168 534
1538 4 2 7 1 292 482 294 515
1539 4 2 7 1 300 225 488 557
1540 4 2 7 1 361 362 347 485
1541 4 2 7 1 148 489 149 521
1542 4 2 7 1 383 381 382 492
1543 4 2 7 1 153 379 402 503
1544 4 2 7 1 464 474 496 526
1545 4 2 7 1 224 203 378 501
1546 4 2 7 1 117 396 140 490
1547 4 2 7 1 394 365 364 478
1548 4 2 7 1 395 409 363 504
1549 4 2 7 1 258 243 211 504
1550 4 2 7 1 354 403 511 547
1551 4 2 7 1 456 526 474 551
1552 4 2 7 1 380 412 483 505
1553 4 2 7 1 167 479 145 493
1554 4 2 7 1 425 441 126 499
1555 4 2 7 1 225 189 300 488
1556 4 2 7 1 271 285 496 539
1557 4 2 7 1 113 265 313 509
1558 4 2 7 1 221 514 494 520
1559 4 2 7 1 176 114 162 502
1560 4 2 7 1 487 517 312 535
1561 4 2 7 1 418 438 249 501
1562 4 2 7 1 212 476 488 543
1563 4 2 7 1 267 302 295 515
1564 4 2 7 1 160 113 313 509
1565 4 2 7 1 433 444 527 546
1566 4 2 7 1 361 360 366 485
1567 4 2 7 1 371 483 490 533
1568 4 2 7 1 345 396 117 490
1569 4 2 7 1 149 521 489 540
1570 4 2 7 1 457 492 542 554
1571 4 2 7 1 370 349 368 480
1572 4 2 7 1 404 342 391 508
1573 4 2 7 1 120 146 272 489
1574 4 2 7 1 234 308 233 512
1575 4 2 7 1 349 215 367 480
1576 4 2 7 1 334 318 287 488
1577 4 2 7 1 494 500 374 521
1578 4 2 7 1 347 421 360 485
1579 4 2 7 1 370 480 368 533
1580 4 2 7 1 234 274 308 512
1581 4 2 7 1 476 516 467 532
1582 4 2 7 1 483 493 458 498
1583 4 2 7 1 368 480 369 505
1584 4 2 7 1 491 495 457 542
1585 4 2 7 1 304 487 312 535
1586 4 2 7 1 224 344 192 504
1587 4 2 7 1 464 509 477 551
1588 4 2 7 1 212 488 256 543
1589 4 2 7 1 260 226 518 529
1590 4 2 7 1 217 228 473 529
1591 4 2 7 1 212 476 242 488
1592 4 2 7 1 526 539 496 556
1593 4 2 7 1 483 498 471 534
1594 4 2 7 1 182 547 469 549
1595 4 2 7 1 333 294 316 514
1596 4 2 7 1 376 494 374 521
1597 4 2 7 1 436 353 360 503
1598 4 2 7 1 399 246 200 484
1599 4 2 7 1 151 122 351 511
1600 4 2 7 1 189 268 300 488
1601 4 2 7 1 140 490 483 545
1602 4 2 7 1 151 152 511 521
1603 4 2 7 1 495 538 461 554
1604 4 2 7 1 271 286 285 539
1605 4 2 7 1 239 242 245 517
1606 4 2 7 1 315 266 328 502
1607 4 2 7 1 479 482 458 515
1608 4 2 7 1 490 537 500 555
1609 4 2 7 1 464 526 496 556
1610 4 2 7 1 174 326 301 507
1611 4 2 7 1 267 295 493 515
1612 4 2 7 1 461 487 517 531
1613 4 2 7 1 370 349 480 497
1614 4 2 7 1 360 421 436 485
1615 4 2 7 1 346 385 74 194
1616 4 2 7 1 230 367 75 215
1617 4 2 7 1 194 385 74 230
1618 4 2 7 1 388 346 232 506
1619 4 2 7 1 75 385 367 230
1620 4 2 7 1 334 488 287 539
1621 4 2 7 1 230 228 194 506
1622 4 2 7 1 126 499 441 507
1623 4 2 7 1 216 480 197 497
1624 4 2 7 1 459 514 494 541
1625 4 2 7 1 224 378 344 504
1626 4 2 7 1 370 497 480 533
1627 4 2 7 1 116 390 341 513
1628 4 2 7 1 334 488 539 557
1629 4 2 7 1 335 549 327 550
1630 4 2 7 1 255 193 482 514
1631 4 2 7 1 328 487 303 548
1632 4 2 7 1 173 135 503 525
1633 4 2 7 1 464 499 139 507
1634 4 2 7 1 388 192 344 504
1635 4 2 7 1 457 473 492 554
1636 4 2 7 1 244 255 193 482
1637 4 2 7 1 439 419 173 525
1638 4 2 7 1 212 242 256 488
1639 4 2 7 1 475 539 526 556
1640 4 2 7 1 397 351 511 521
1641 4 2 7 1 394 478 364 513
1642 4 2 7 1 389 492 382 506
1643 4 2 7 1 477 536 464 551
1644 4 2 7 1 223 221 514 541
1645 4 2 7 1 472 293 535 548
1646 4 2 7 1 478 504 467 532
1647 4 2 7 1 195 208 442 486
1648 4 2 7 1 218 219 216 518
1649 4 2 7 1 446 420 284 496
1650 4 2 7 1 489 494 466 521
1651 4 2 7 1 457 534 491 542
1652 4 2 7 1 327 549 469 550
1653 4 2 7 1 467 485 478 553
1654 4 2 7 1 458 480 497 533
1655 4 2 7 1 486 527 465 546
1656 4 2 7 1 477 552 463 558
1657 4 2 7 1 168 161 176 491
1658 4 2 7 1 483 458 493 545
1659 4 2 7 1 489 514 297 520
1660 4 2 7 1 318 311 312 517
1661 4 2 7 1 157 390 116 513
1662 4 2 7 1 442 486 208 546
1663 4 2 7 1 458 472 498 515
1664 4 2 7 1 277 284 290 507
1665 4 2 7 1 319 295 331 479
1666 4 2 7 1 479 458 490 545
1667 4 2 7 1 168 491 176 534
1668 4 2 7 1 429 437 426 499
1669 4 2 7 1 456 516 476 532
1670 4 2 7 1 388 232 192 504
1671 4 2 7 1 464 474 526 551
1672 4 2 7 1 117 183 150 537
1673 4 2 7 1 334 539 286 557
1674 4 2 7 1 229 481 245 538
1675 4 2 7 1 153 402 128 503
1676 4 2 7 1 472 498 515 548
1677 4 2 7 1 205 254 280 510
1678 4 2 7 1 406 357 129 510
1679 4 2 7 1 485 516 474 553
1680 4 2 7 1 294 482 316 514
1681 4 2 7 1 199 411 348 541
1682 4 2 7 1 489 500 494 521
1683 4 2 7 1 237 247 222 524
1684 4 2 7 1 293 472 515 548
1685 4 2 7 1 173 119 135 525
1686 4 2 7 1 260 226 191 518
1687 4 2 7 1 330 130 281 510
1688 4 2 7 1 197 215 349 480
1689 4 2 7 1 461 517 481 538
1690 4 2 7 1 429 474 428 527
1691 4 2 7 1 126 133 425 499
1692 4 2 7 1 173 419 119 525
1693 4 2 7 1 353 436 423 503
1694 4 2 7 1 252 517 481 535
1695 4 2 7 1 418 445 501 528
1696 4 2 7 1 239 189 242 488
1697 4 2 7 1 235 252 260 535
1698 4 2 7 1 477 544 138 558
1699 4 2 7 1 486 501 467 528
1700 4 2 7 1 506 538 462 554
1701 4 2 7 1 474 464 499 536
1702 4 2 7 1 493 498 470 548
1703 4 2 7 1 465 516 486 543
1704 4 2 7 1 475 551 460 556
1705 4 2 7 1 275 514 220 520
1706 4 2 7 1 219 482 244 518
1707 4 2 7 1 328 305 303 487
1708 4 2 7 1 292 294 295 515
1709 4 2 7 1 367 349 76 215
1710 4 2 7 1 11 113 154 301
1711 4 2 7 1 477 463 544 558
1712 4 2 7 1 145 493 479 545
1713 4 2 7 1 73 232 346 194
1714 4 2 7 1 304 535 293 548
1715 4 2 7 1 296 272 146 489
1716 4 2 7 1 308 307 233 520
1717 4 2 7 1 366 360 353 503
1718 4 2 7 1 41 387 351 122
1719 4 2 7 1 429 434 496 527
1720 4 2 7 1 218 216 197 497
1721 4 2 7 1 351 151 511 521
1722 4 2 7 1 271 284 420 496
1723 4 2 7 1 184 144 176 534
1724 4 2 7 1 234 308 61 233
1725 4 2 7 1 87 207 359 358
1726 4 2 7 1 317 313 265 509
1727 4 2 7 1 121 140 36 343
1728 4 2 7 1 343 380 412 483
1729 4 2 7 1 308 234 61 274
1730 4 2 7 1 296 489 146 530
1731 4 2 7 1 425 133 119 499
1732 4 2 7 1 166 157 116 513
1733 4 2 7 1 238 229 253 538
1734 4 2 7 1 291 306 55 235
1735 4 2 7 1 433 444 432 527
1736 4 2 7 1 304 487 535 548
1737 4 2 7 1 372 125 384 500
1738 4 2 7 1 137 138 136 477
1739 4 2 7 1 420 440 325 519
1740 4 2 7 1 393 241 349 497
1741 4 2 7 1 202 234 251 512
1742 4 2 7 1 141 140 483 545
1743 4 2 7 1 312 487 305 531
1744 4 2 7 1 480 505 368 533
1745 4 2 7 1 430 486 433 527
1746 4 2 7 1 286 539 519 557
1747 4 2 7 1 491 542 508 544
1748 4 2 7 1 199 348 494 541
1749 4 2 7 1 493 515 498 548
1750 4 2 7 1 329 289 318 531
1751 4 2 7 1 186 324 28 338
1752 4 2 7 1 195 442 418 486
1753 4 2 7 1 445 421 501 528
1754 4 2 7 1 354 403 387 511
1755 4 2 7 1 197 480 349 497
1756 4 2 7 1 433 527 486 546
1757 4 2 7 1 462 538 495 554
1758 4 2 7 1 269 479 331 530
1759 4 2 7 1 267 15 315 162
1760 4 2 7 1 420 325 271 519
1761 4 2 7 1 275 297 514 520
1762 4 2 7 1 429 428 430 527
1763 4 2 7 1 377 376 397 524
1764 4 2 7 1 373 374 375 555
1765 4 2 7 1 158 168 491 544
1766 4 2 7 1 266 114 160 502
1767 4 2 7 1 197 349 241 497
1768 4 2 7 1 308 60 233 307
1769 4 2 7 1 373 500 374 555
1770 4 2 7 1 119 419 425 499
1771 4 2 7 1 242 476 213 538
1772 4 2 7 1 117 490 183 537
1773 4 2 7 1 113 11 265 301
1774 4 2 7 1 479 458 493 515
1775 4 2 7 1 148 125 500 521
1776 4 2 7 1 167 16 319 115
1777 4 2 7 1 481 461 538 554
1778 4 2 7 1 216 217 480 529
1779 4 2 7 1 367 369 368 480
1780 4 2 7 1 496 526 474 527
1781 4 2 7 1 278 127 22 321
1782 4 2 7 1 305 312 304 487
1783 4 2 7 1 354 42 159 387
1784 4 2 7 1 73 232 388 346
1785 4 2 7 1 236 199 348 494
1786 4 2 7 1 148 530 489 537
1787 4 2 7 1 220 514 221 520
1788 4 2 7 1 324 262 454 248
1789 4 2 7 1 396 36 140 343
1790 4 2 7 1 294 292 273 482
1791 4 2 7 1 169 22 127 321
1792 4 2 7 1 267 15 162 115
1793 4 2 7 1 190 517 252 535
1794 4 2 7 1 151 41 351 122
1795 4 2 7 1 288 287 289 475
1796 4 2 7 1 275 196 307 520
1797 4 2 7 1 202 62 234 314
1798 4 2 7 1 465 488 476 543
1799 4 2 7 1 387 42 159 122
1800 4 2 7 1 383 405 398 523
1801 4 2 7 1 113 180 154 509
1802 4 2 7 1 314 327 274 512
1803 4 2 7 1 430 443 433 486
1804 4 2 7 1 316 57 193 244
1805 4 2 7 1 138 136 477 558
1806 4 2 7 1 82 198 350 240
1807 4 2 7 1 477 509 460 551
1808 4 2 7 1 210 209 195 486
1809 4 2 7 1 119 419 499 525
1810 4 2 7 1 62 274 234 314
1811 4 2 7 1 406 356 357 510
1812 4 2 7 1 205 204 254 510
1813 4 2 7 1 190 54 270 535
1814 4 2 7 1 130 178 129 510
1815 4 2 7 1 330 281 280 510
1816 4 2 7 1 215 349 76 197
1817 4 2 7 1 206 207 87 358
1818 4 2 7 1 481 517 487 535
1819 4 2 7 1 349 393 77 241
1820 4 2 7 1 141 140 121 483
1821 4 2 7 1 245 481 252 517
1822 4 2 7 1 123 179 167 479
1823 4 2 7 1 16 267 319 115
1824 4 2 7 1 135 525 134 536
1825 4 2 7 1 341 408 379 513
1826 4 2 7 1 159 122 175 511
1827 4 2 7 1 224 210 203 501
1828 4 2 7 1 378 355 362 501
1829 4 2 7 1 483 498 458 505
1830 4 2 7 1 161 491 177 544
1831 4 2 7 1 519 539 465 557
1832 4 2 7 1 489 500 148 537
1833 4 2 7 1 479 537 179 545
1834 4 2 7 1 114 160 13 266
1835 4 2 7 1 380 505 483 533
1836 4 2 7 1 149 152 151 521
1837 4 2 7 1 275 220 196 520
1838 4 2 7 1 219 255 244 482
1839 4 2 7 1 312 329 318 531
1840 4 2 7 1 368 505 380 533
1841 4 2 7 1 275 316 58 193
1842 4 2 7 1 479 490 459 537
1843 4 2 7 1 242 212 213 476
1844 4 2 7 1 342 157 118 508
1845 4 2 7 1 119 499 134 525
1846 4 2 7 1 428 474 426 525
1847 4 2 7 1 225 256 488 557
1848 4 2 7 1 460 551 509 556
1849 4 2 7 1 192 388 344 72
1850 4 2 7 1 437 441 499 507
1851 4 2 7 1 148 147 530 537
1852 4 2 7 1 463 552 513 558
1853 4 2 7 1 288 475 289 556
1854 4 2 7 1 155 490 140 545
1855 4 2 7 1 256 543 488 557
1856 4 2 7 1 135 153 128 503
1857 4 2 7 1 216 480 518 529
1858 4 2 7 1 414 453 400 172
1859 4 2 7 1 197 349 77 241
1860 4 2 7 1 155 179 537 545
1861 4 2 7 1 481 487 472 535
1862 4 2 7 1 421 431 485 528
1863 4 2 7 1 471 498 483 505
1864 4 2 7 1 120 148 146 489
1865 4 2 7 1 422 437 434 507
1866 4 2 7 1 435 445 421 501
1867 4 2 7 1 137 477 136 536
1868 4 2 7 1 425 437 441 499
1869 4 2 7 1 489 521 466 540
1870 4 2 7 1 316 193 275 514
1871 4 2 7 1 191 219 244 518
1872 4 2 7 1 443 418 486 528
1873 4 2 7 1 459 489 530 537
1874 4 2 7 1 380 368 369 505
1875 4 2 7 1 378 203 70 355
1876 4 2 7 1 233 307 196 520
1877 4 2 7 1 252 229 227 481
1878 4 2 7 1 179 145 167 479
1879 4 2 7 1 118 342 33 157
1880 4 2 7 1 191 291 55 235
1881 4 2 7 1 146 489 148 530
1882 4 2 7 1 389 382 346 506
1883 4 2 7 1 350 392 82 240
1884 4 2 7 1 486 516 465 527
1885 4 2 7 1 470 498 493 534
1886 4 2 7 1 418 445 438 501
1887 4 2 7 1 14 315 114 266
1888 4 2 7 1 135 119 134 525
1889 4 2 7 1 203 378 70 224
1890 4 2 7 1 285 290 284 496
1891 4 2 7 1 189 225 256 488
1892 4 2 7 1 139 499 126 507
1893 4 2 7 1 266 160 313 502
1894 4 2 7 1 255 223 193 514
1895 4 2 7 1 51 225 189 300
1896 4 2 7 1 379 153 31 341
1897 4 2 7 1 192 232 388 72
1898 4 2 7 1 459 494 489 500
1899 4 2 7 1 175 127 182 549
1900 4 2 7 1 479 459 530 537
1901 4 2 7 1 464 475 526 556
1902 4 2 7 1 54 306 270 535
1903 4 2 7 1 140 117 37 396
1904 4 2 7 1 149 489 148 540
1905 4 2 7 1 288 539 475 556
1906 4 2 7 1 294 273 316 482
1907 4 2 7 1 224 192 344 71
1908 4 2 7 1 347 360 361 485
1909 4 2 7 1 447 436 421 485
1910 4 2 7 1 17 319 269 167
1911 4 2 7 1 185 337 174 507
1912 4 2 7 1 214 250 519 557
1913 4 2 7 1 144 168 176 534
1914 4 2 7 1 121 142 141 483
1915 4 2 7 1 304 303 487 548
1916 4 2 7 1 468 513 478 552
1917 4 2 7 1 243 238 253 538
1918 4 2 7 1 489 520 298 540
1919 4 2 7 1 185 449 337 507
1920 4 2 7 1 118 163 34 391
1921 4 2 7 1 131 324 28 172
1922 4 2 7 1 223 257 221 541
1923 4 2 7 1 155 537 490 545
1924 4 2 7 1 345 37 117 396
1925 4 2 7 1 335 327 314 550
1926 4 2 7 1 177 138 165 544
1927 4 2 7 1 371 380 483 533
1928 4 2 7 1 480 458 505 533
1929 4 2 7 1 34 342 118 391
1930 4 2 7 1 334 286 300 557
1931 4 2 7 1 409 344 378 504
1932 4 2 7 1 224 192 258 504
1933 4 2 7 1 352 399 200 484
1934 4 2 7 1 407 490 345 555
1935 4 2 7 1 389 346 388 506
1936 4 2 7 1 214 519 546 557
1937 4 2 7 1 134 525 499 536
1938 4 2 7 1 396 371 343 483
1939 4 2 7 1 251 512 247 524
1940 4 2 7 1 159 175 182 547
1941 4 2 7 1 57 316 273 244
1942 4 2 7 1 190 235 54 535
1943 4 2 7 1 261 450 201 519
1944 4 2 7 1 167 269 17 123
1945 4 2 7 1 216 217 215 480
1946 4 2 7 1 327 309 512 522
1947 4 2 7 1 275 307 297 520
1948 4 2 7 1 78 393 411 241
1949 4 2 7 1 155 117 140 490
1950 4 2 7 1 136 536 477 558
1951 4 2 7 1 300 189 51 268
1952 4 2 7 1 134 499 139 536
1953 4 2 7 1 310 130 24 156
1954 4 2 7 1 474 456 516 526
1955 4 2 7 1 212 211 213 476
1956 4 2 7 1 297 298 489 520
1957 4 2 7 1 265 12 113 313
1958 4 2 7 1 397 511 403 524
1959 4 2 7 1 344 378 224 71
1960 4 2 7 1 371 396 407 490
1961 4 2 7 1 196 233 60 307
1962 4 2 7 1 379 366 402 503
1963 4 2 7 1 304 293 303 548
1964 4 2 7 1 375 348 411 541
1965 4 2 7 1 351 397 376 521
1966 4 2 7 1 374 500 384 521
1967 4 2 7 1 511 512 469 524
1968 4 2 7 1 52 189 239 268
1969 4 2 7 1 148 149 125 521
1970 4 2 7 1 12 160 113 313
1971 4 2 7 1 458 498 493 515
1972 4 2 7 1 287 475 288 539
1973 4 2 7 1 390 157 342 508
1974 4 2 7 1 311 52 239 268
1975 4 2 7 1 334 300 488 557
1976 4 2 7 1 447 421 431 485
1977 4 2 7 1 374 376 348 494
1978 4 2 7 1 383 382 389 492
1979 4 2 7 1 375 494 348 541
1980 4 2 7 1 214 250 201 519
1981 4 2 7 1 187 413 451 503
1982 4 2 7 1 166 138 544 558
1983 4 2 7 1 300 286 279 557
1984 4 2 7 1 313 13 160 266
1985 4 2 7 1 214 519 201 546
1986 4 2 7 1 458 472 515 518
1987 4 2 7 1 469 512 511 522
1988 4 2 7 1 175 511 152 522
1989 4 2 7 1 317 509 265 556
1990 4 2 7 1 221 494 222 520
1991 4 2 7 1 268 334 300 488
1992 4 2 7 1 467 516 485 553
1993 4 2 7 1 416 541 497 555
1994 4 2 7 1 166 513 116 558
1995 4 2 7 1 120 146 19 272
1996 4 2 7 1 286 519 279 557
1997 4 2 7 1 348 375 374 494
1998 4 2 7 1 365 363 364 478
1999 4 2 7 1 120 148 489 540
2000 4 2 7 1 156 310 130 484
2001 4 2 7 1 458 533 490 545
2002 4 2 7 1 116 31 153 341
2003 4 2 7 1 411 241 393 541
2004 4 2 7 1 290 301 326 507
2005 4 2 7 1 154 139 174 507
2006 4 2 7 1 10 154 174 301
2007 4 2 7 1 345 407 396 490
2008 4 2 7 1 252 245 229 481
2009 4 2 7 1 426 428 429 474
2010 4 2 7 1 464 526 475 551
2011 4 2 7 1 467 478 532 553
2012 4 2 7 1 250 300 279 557
2013 4 2 7 1 114 315 14 162
2014 4 2 7 1 336 328 303 548
2015 4 2 7 1 466 494 489 520
2016 4 2 7 1 120 489 272 540
2017 4 2 7 1 423 436 427 503
2018 4 2 7 1 420 444 440 519
2019 4 2 7 1 300 250 225 557
2020 4 2 7 1 337 326 174 507
2021 4 2 7 1 392 352 83 240
2022 4 2 7 1 32 116 390 341
2023 4 2 7 1 508 542 463 544
2024 4 2 7 1 179 479 123 530
2025 4 2 7 1 297 489 296 530
2026 4 2 7 1 343 371 380 483
2027 4 2 7 1 150 125 372 500
2028 4 2 7 1 261 339 450 519
2029 4 2 7 1 199 78 411 241
2030 4 2 7 1 479 493 458 545
2031 4 2 7 1 477 536 468 558
2032 4 2 7 1 212 211 476 543
2033 4 2 7 1 143 144 184 534
2034 4 2 7 1 458 515 482 518
2035 4 2 7 1 157 342 33 390
2036 4 2 7 1 446 434 420 496
2037 4 2 7 1 54 235 306 535
2038 4 2 7 1 137 134 139 536
2039 4 2 7 1 120 149 148 540
2040 4 2 7 1 125 384 500 521
2041 4 2 7 1 474 499 426 525
2042 4 2 7 1 393 497 416 541
2043 4 2 7 1 372 38 117 345
2044 4 2 7 1 443 445 418 528
2045 4 2 7 1 464 551 475 556
2046 4 2 7 1 161 168 177 491
2047 4 2 7 1 179 145 479 545
2048 4 2 7 1 167 145 115 493
2049 4 2 7 1 182 156 124 549
2050 4 2 7 1 193 58 275 220
2051 4 2 7 1 439 503 427 525
2052 4 2 7 1 468 552 477 558
2053 4 2 7 1 483 505 458 533
2054 4 2 7 1 397 351 387 511
2055 4 2 7 1 247 234 233 512
2056 4 2 7 1 139 133 126 499
2057 4 2 7 1 458 483 533 545
2058 4 2 7 1 200 399 84 246
2059 4 2 7 1 170 44 124 386
2060 4 2 7 1 155 183 117 490
2061 4 2 7 1 182 124 547 549
2062 4 2 7 1 44 170 357 386
2063 4 2 7 1 116 157 32 390
2064 4 2 7 1 395 388 344 504
2065 4 2 7 1 232 243 192 504
2066 4 2 7 1 474 516 456 553
2067 4 2 7 1 449 277 337 507
2068 4 2 7 1 449 185 126 507
2069 4 2 7 1 142 144 143 534
2070 4 2 7 1 448 415 263 501
2071 4 2 7 1 272 489 298 540
2072 4 2 7 1 370 497 533 555
2073 4 2 7 1 413 423 451 503
2074 4 2 7 1 199 241 411 541
2075 4 2 7 1 355 263 415 501
2076 4 2 7 1 237 236 80 377
2077 4 2 7 1 329 317 289 531
2078 4 2 7 1 407 371 490 533
2079 4 2 7 1 146 148 147 530
2080 4 2 7 1 472 535 487 548
2081 4 2 7 1 115 143 184 493
2082 4 2 7 1 190 252 235 535
2083 4 2 7 1 433 486 442 546
2084 4 2 7 1 193 220 275 514
2085 4 2 7 1 263 355 203 501
2086 4 2 7 1 349 367 368 480
2087 4 2 7 1 324 131 28 282
2088 4 2 7 1 407 345 373 555
2089 4 2 7 1 326 10 174 301
2090 4 2 7 1 183 490 155 537
2091 4 2 7 1 303 305 304 487
2092 4 2 7 1 205 322 276 484
2093 4 2 7 1 270 53 190 517
2094 4 2 7 1 479 530 179 537
2095 4 2 7 1 220 221 196 520
2096 4 2 7 1 490 407 533 555
2097 4 2 7 1 413 353 423 503
2098 4 2 7 1 253 229 245 538
2099 4 2 7 1 261 201 250 519
2100 4 2 7 1 467 485 516 528
2101 4 2 7 1 325 286 271 519
2102 4 2 7 1 250 279 519 557
2103 4 2 7 1 384 372 39 125
2104 4 2 7 1 141 155 140 545
2105 4 2 7 1 370 533 407 555
2106 4 2 7 1 490 533 483 545
2107 4 2 7 1 323 309 522 540
2108 4 2 7 1 340 188 330 510
2109 4 2 7 1 21 171 323 522
2110 4 2 7 1 490 537 479 545
2111 4 2 7 1 449 126 441 507
2112 4 2 7 1 195 209 208 486
2113 4 2 7 1 198 251 247 524
2114 4 2 7 1 216 518 226 529
2115 4 2 7 1 151 152 122 511
2116 4 2 7 1 488 543 465 557
2117 4 2 7 1 420 434 432 496
2118 4 2 7 1 274 309 308 512
2119 4 2 7 1 488 465 539 557
2120 4 2 7 1 376 374 384 521
2121 4 2 7 1 270 517 190 535
2122 4 2 7 1 310 484 156 549
2123 4 2 7 1 21 169 171 522
2124 4 2 7 1 187 451 439 503
2125 4 2 7 1 467 532 516 553
2126 4 2 7 1 299 297 296 530
2127 4 2 7 1 250 225 50 300
2128 4 2 7 1 402 153 30 379
2129 4 2 7 1 389 395 405 523
2130 4 2 7 1 459 500 489 537
2131 4 2 7 1 393 241 497 541
2132 4 2 7 1 324 186 28 172
2133 4 2 7 1 348 80 236 377
2134 4 2 7 1 271 285 284 496
2135 4 2 7 1 173 187 439 503
2136 4 2 7 1 270 312 517 535
2137 4 2 7 1 438 448 263 501
2138 4 2 7 1 222 221 236 494
2139 4 2 7 1 164 168 144 534
2140 4 2 7 1 297 298 272 489
2141 4 2 7 1 350 397 403 524
2142 4 2 7 1 270 311 53 517
2143 4 2 7 1 205 276 231 484
2144 4 2 7 1 146 296 19 272
2145 4 2 7 1 270 304 312 535
2146 4 2 7 1 208 486 209 546
2147 4 2 7 1 340 282 27 188
2148 4 2 7 1 165 137 180 509
2149 4 2 7 1 21 323 321 522
2150 4 2 7 1 435 415 448 501
2151 4 2 7 1 199 494 221 541
2152 4 2 7 1 245 252 190 517
2153 4 2 7 1 90 425 441 126
2154 4 2 7 1 432 496 434 527
2155 4 2 7 1 59 275 196 307
2156 4 2 7 1 398 405 394 523
2157 4 2 7 1 236 221 199 494
2158 4 2 7 1 263 249 438 501
2159 4 2 7 1 401 415 435 501
2160 4 2 7 1 21 321 169 522
2161 4 2 7 1 323 298 309 540
2162 4 2 7 1 318 334 268 488
2163 4 2 7 1 88 248 206 400
2164 4 2 7 1 239 190 53 517
2165 4 2 7 1 130 330 25 178
2166 4 2 7 1 456 478 532 552
2167 4 2 7 1 118 158 164 508
2168 4 2 7 1 419 426 499 525
2169 4 2 7 1 200 246 205 484
2170 4 2 7 1 352 357 399 484
2171 4 2 7 1 50 250 300 279
2172 4 2 7 1 128 153 30 402
2173 4 2 7 1 216 226 217 529
2174 4 2 7 1 160 165 113 509
2175 4 2 7 1 178 330 188 510
2176 4 2 7 1 386 124 484 547
2177 4 2 7 1 276 231 484 550
2178 4 2 7 1 327 321 309 522
2179 4 2 7 1 171 522 152 540
2180 4 2 7 1 175 122 152 511
2181 4 2 7 1 439 427 419 525
2182 4 2 7 1 425 419 426 499
2183 4 2 7 1 198 237 81 524
2184 4 2 7 1 486 543 209 546
2185 4 2 7 1 456 475 526 551
2186 4 2 7 1 134 119 133 499
2187 4 2 7 1 375 541 416 555
2188 4 2 7 1 196 220 275 59
2189 4 2 7 1 136 135 536 558
2190 4 2 7 1 516 526 465 527
2191 4 2 7 1 207 86 359 204
2192 4 2 7 1 275 297 333 514
2193 4 2 7 1 473 506 492 554
2194 4 2 7 1 200 83 352 240
2195 4 2 7 1 442 433 418 486
2196 4 2 7 1 311 239 53 517
2197 4 2 7 1 201 450 424 519
2198 4 2 7 1 266 320 328 502
2199 4 2 7 1 398 342 404 508
2200 4 2 7 1 399 85 246 204
2201 4 2 7 1 274 327 309 512
2202 4 2 7 1 297 272 296 489
2203 4 2 7 1 198 81 350 524
2204 4 2 7 1 466 520 489 540
2205 4 2 7 1 142 164 144 534
2206 4 2 7 1 456 478 552 553
2207 4 2 7 1 189 256 242 488
2208 4 2 7 1 427 428 426 525
2209 4 2 7 1 130 310 24 281
2210 4 2 7 1 372 374 373 500
2211 4 2 7 1 202 251 259 550
2212 4 2 7 1 317 329 320 531
2213 4 2 7 1 429 432 434 527
2214 4 2 7 1 91 425 133 119
2215 4 2 7 1 171 152 149 540
2216 4 2 7 1 148 500 150 537
2217 4 2 7 1 443 430 431 528
2218 4 2 7 1 117 150 38 372
2219 4 2 7 1 359 207 204 510
2220 4 2 7 1 217 227 228 529
2221 4 2 7 1 416 497 370 555
2222 4 2 7 1 197 216 215 480
2223 4 2 7 1 293 515 302 548
2224 4 2 7 1 177 491 168 544
2225 4 2 7 1 499 525 474 536
2226 4 2 7 1 516 532 456 553
2227 4 2 7 1 169 175 152 522
2228 4 2 7 1 130 310 281 484
2229 4 2 7 1 109 360 347 421
2230 4 2 7 1 478 456 532 553
2231 4 2 7 1 417 47 358 131
2232 4 2 7 1 206 67 264 282
2233 4 2 7 1 176 161 114 502
2234 4 2 7 1 283 254 264 510
2235 4 2 7 1 417 406 132 510
2236 4 2 7 1 277 449 422 507
2237 4 2 7 1 308 298 307 520
2238 4 2 7 1 145 143 493 545
2239 4 2 7 1 393 416 375 541
2240 4 2 7 1 377 81 237 524
2241 4 2 7 1 440 325 104 420
2242 4 2 7 1 332 317 265 556
2243 4 2 7 1 386 484 352 547
2244 4 2 7 1 200 484 231 550
2245 4 2 7 1 205 231 200 484
2246 4 2 7 1 352 386 357 484
2247 4 2 7 1 126 90 425 133
2248 4 2 7 1 335 278 327 549
2249 4 2 7 1 384 374 372 500
2250 4 2 7 1 410 403 354 547
2251 4 2 7 1 397 387 403 511
2252 4 2 7 1 86 356 359 204
2253 4 2 7 1 468 552 478 553
2254 4 2 7 1 412 380 381 505
2255 4 2 7 1 119 91 425 419
2256 4 2 7 1 241 218 197 497
2257 4 2 7 1 247 251 234 512
2258 4 2 7 1 402 353 413 503
2259 4 2 7 1 194 238 232 506
2260 4 2 7 1 135 128 173 503
2261 4 2 7 1 223 221 220 514
2262 4 2 7 1 360 109 436 421
2263 4 2 7 1 372 150 39 125
2264 4 2 7 1 174 126 185 507
2265 4 2 7 1 326 337 277 507
2266 4 2 7 1 181 166 116 558
2267 4 2 7 1 393 370 416 497
2268 4 2 7 1 394 364 408 513
2269 4 2 7 1 297 307 298 520
2270 4 2 7 1 400 206 88 358
2271 4 2 7 1 421 435 401 110
2272 4 2 7 1 500 537 459 555
2273 4 2 7 1 377 350 81 524
2274 4 2 7 1 204 356 359 510
2275 4 2 7 1 271 104 325 420
2276 4 2 7 1 324 206 68 248
2277 4 2 7 1 249 203 210 501
2278 4 2 7 1 362 355 401 501
2279 4 2 7 1 381 380 369 505
2280 4 2 7 1 115 145 143 493
2281 4 2 7 1 370 393 349 497
2282 4 2 7 1 486 467 516 528
2283 4 2 7 1 128 187 173 503
2284 4 2 7 1 183 155 179 537
2285 4 2 7 1 282 131 27 188
2286 4 2 7 1 405 365 394 523
2287 4 2 7 1 213 243 253 538
2288 4 2 7 1 417 132 47 131
2289 4 2 7 1 283 264 67 282
2290 4 2 7 1 450 339 440 519
2291 4 2 7 1 511 512 466 522
2292 4 2 7 1 209 543 214 546
2293 4 2 7 1 125 150 148 500
2294 4 2 7 1 313 320 266 502
2295 4 2 7 1 401 347 421 110
2296 4 2 7 1 466 512 511 524
2297 4 2 7 1 421 445 431 528
2298 4 2 7 1 233 196 222 520
2299 4 2 7 1 269 331 299 530
2300 4 2 7 1 355 415 401 501
2301 4 2 7 1 263 203 249 501
2302 4 2 7 1 474 526 516 527
2303 4 2 7 1 418 433 443 486
2304 4 2 7 1 468 513 552 558
2305 4 2 7 1 492 506 462 554
2306 4 2 7 1 371 368 380 533
2307 4 2 7 1 114 161 160 502
2308 4 2 7 1 390 342 398 508
2309 4 2 7 1 440 339 325 519
2310 4 2 7 1 156 484 124 549
2311 4 2 7 1 205 322 280 65
2312 4 2 7 1 170 129 45 357
2313 4 2 7 1 330 25 281 130
2314 4 2 7 1 399 352 200 84
2315 4 2 7 1 40 151 351 521
2316 4 2 7 1 390 394 341 513
2317 4 2 7 1 344 409 395 504
2318 4 2 7 1 258 192 243 504
2319 4 2 7 1 40 351 384 521
2320 4 2 7 1 484 547 124 549
2321 4 2 7 1 196 221 222 520
2322 4 2 7 1 158 118 157 508
2323 4 2 7 1 340 26 330 188
2324 4 2 7 1 329 312 305 531
2325 4 2 7 1 395 365 405 523
2326 4 2 7 1 323 522 171 540
2327 4 2 7 1 486 465 543 546
2328 4 2 7 1 437 422 441 507
2329 4 2 7 1 302 293 292 515
2330 4 2 7 1 136 181 135 558
2331 4 2 7 1 276 549 335 550
2332 4 2 7 1 254 207 264 510
2333 4 2 7 1 417 359 406 510
2334 4 2 7 1 201 519 424 546
2335 4 2 7 1 290 326 277 507
2336 4 2 7 1 174 139 126 507
2337 4 2 7 1 208 209 214 546
2338 4 2 7 1 269 18 123 530
2339 4 2 7 1 178 188 132 510
2340 4 2 7 1 340 330 283 510
2341 4 2 7 1 68 206 324 282
2342 4 2 7 1 366 353 402 503
2343 4 2 7 1 490 459 537 555
2344 4 2 7 1 228 238 194 506
2345 4 2 7 1 158 177 168 544
2346 4 2 7 1 226 219 191 518
2347 4 2 7 1 85 399 356 204
2348 4 2 7 1 147 179 530 537
2349 4 2 7 1 171 120 20 540
2350 4 2 7 1 134 133 139 499
2351 4 2 7 1 214 546 543 557
2352 4 2 7 1 253 245 242 538
2353 4 2 7 1 276 310 335 549
2354 4 2 7 1 290 288 332 556
2355 4 2 7 1 465 526 496 527
2356 4 2 7 1 322 281 276 484
2357 4 2 7 1 170 124 130 484
2358 4 2 7 1 375 416 373 555
2359 4 2 7 1 92 173 439 419
2360 4 2 7 1 293 304 306 535
2361 4 2 7 1 543 546 465 557
2362 4 2 7 1 438 418 249 98
2363 4 2 7 1 442 208 96 201
2364 4 2 7 1 208 201 442 546
2365 4 2 7 1 316 275 333 514
2366 4 2 7 1 173 92 119 419
2367 4 2 7 1 406 45 129 357
2368 4 2 7 1 280 254 205 65
2369 4 2 7 1 386 352 410 547
2370 4 2 7 1 132 406 129 510
2371 4 2 7 1 254 283 280 510
2372 4 2 7 1 519 465 546 557
2373 4 2 7 1 323 171 20 540
2374 4 2 7 1 208 97 195 442
2375 4 2 7 1 178 330 26 188
2376 4 2 7 1 146 123 18 530
2377 4 2 7 1 185 337 9 174
2378 4 2 7 1 430 433 432 527
2379 4 2 7 1 259 200 231 550
2380 4 2 7 1 40 384 125 521
2381 4 2 7 1 100 454 248 452
2382 4 2 7 1 422 449 441 507
2383 4 2 7 1 425 426 437 499
2384 4 2 7 1 320 329 305 531
2385 4 2 7 1 98 418 249 195
2386 4 2 7 1 411 393 375 541
2387 4 2 7 1 353 108 423 436
2388 4 2 7 1 407 370 371 533
2389 4 2 7 1 276 484 310 549
2390 4 2 7 1 147 148 150 537
2391 4 2 7 1 269 296 18 530
2392 4 2 7 1 145 141 143 545
2393 4 2 7 1 220 193 223 514
2394 4 2 7 1 96 424 442 201
2395 4 2 7 1 439 423 427 503
2396 4 2 7 1 423 439 451 503
2397 4 2 7 1 448 438 435 501
2398 4 2 7 1 277 102 284 446
2399 4 2 7 1 214 543 256 557
2400 4 2 7 1 102 277 422 446
2401 4 2 7 1 136 135 134 536
2402 4 2 7 1 442 201 424 546
2403 4 2 7 1 436 353 108 360
2404 4 2 7 1 146 18 296 530
2405 4 2 7 1 334 287 286 539
2406 4 2 7 1 281 310 276 484
2407 4 2 7 1 156 130 124 484
2408 4 2 7 1 465 496 526 539
2409 4 2 7 1 418 195 97 442
2410 4 2 7 1 242 213 253 538
2411 4 2 7 1 400 112 452 453
2412 4 2 7 1 424 519 444 546
2413 4 2 7 1 464 509 551 556
2414 4 2 7 1 264 254 283 66
2415 4 2 7 1 417 46 132 406
2416 4 2 7 1 288 289 317 556
2417 4 2 7 1 276 484 549 550
2418 4 2 7 1 212 209 211 543
2419 4 2 7 1 40 125 151 521
2420 4 2 7 1 120 272 20 540
2421 4 2 7 1 174 337 9 326
2422 4 2 7 1 138 166 136 558
2423 4 2 7 1 285 287 288 539
2424 4 2 7 1 293 302 303 548
2425 4 2 7 1 156 23 310 549
2426 4 2 7 1 497 541 459 555
2427 4 2 7 1 227 226 260 529
2428 4 2 7 1 261 250 49 339
2429 4 2 7 1 187 29 413 402
2430 4 2 7 1 419 427 426 525
2431 4 2 7 1 245 190 239 517
2432 4 2 7 1 414 400 48 172
2433 4 2 7 1 324 68 262 248
2434 4 2 7 1 237 198 247 524
2435 4 2 7 1 171 169 152 522
2436 4 2 7 1 309 321 323 522
2437 4 2 7 1 147 179 123 530
2438 4 2 7 1 199 221 257 541
2439 4 2 7 1 156 127 23 549
2440 4 2 7 1 226 216 219 518
2441 4 2 7 1 180 113 165 509
2442 4 2 7 1 416 370 407 555
2443 4 2 7 1 278 23 127 549
2444 4 2 7 1 323 20 272 540
2445 4 2 7 1 400 7 248 452
2446 4 2 7 1 279 325 339 519
2447 4 2 7 1 370 368 371 533
2448 4 2 7 1 270 312 311 517
2449 4 2 7 1 355 415 263 69
2450 4 2 7 1 279 49 250 339
2451 4 2 7 1 187 128 29 402
2452 4 2 7 1 302 292 295 515
2453 4 2 7 1 203 355 263 69
2454 4 2 7 1 286 325 279 519
2455 4 2 7 1 183 147 150 537
2456 4 2 7 1 438 445 435 501
2457 4 2 7 1 267 16 15 115
2458 4 2 7 1 377 397 350 524
2459 4 2 7 1 285 286 287 539
2460 4 2 7 1 424 450 440 519
2461 4 2 7 1 346 74 73 194
2462 4 2 7 1 367 76 75 215
2463 4 2 7 1 278 310 23 549
2464 4 2 7 1 10 11 154 301
2465 4 2 7 1 75 74 385 230
2466 4 2 7 1 376 384 351 521
2467 4 2 7 1 270 306 304 535
2468 4 2 7 1 206 87 88 358
2469 4 2 7 1 356 406 359 510
2470 4 2 7 1 207 254 204 510
2471 4 2 7 1 217 226 227 529
2472 4 2 7 1 129 178 132 510
2473 4 2 7 1 283 330 280 510
2474 4 2 7 1 214 201 208 546
2475 4 2 7 1 214 225 250 557
2476 4 2 7 1 454 106 262 324
2477 4 2 7 1 166 138 177 544
2478 4 2 7 1 179 155 145 545
2479 4 2 7 1 125 149 151 521
2480 4 2 7 1 149 120 171 540
2481 4 2 7 1 316 57 58 193
2482 4 2 7 1 61 60 233 308
2483 4 2 7 1 248 262 454 100
2484 4 2 7 1 53 54 270 190
2485 4 2 7 1 342 33 34 118
2486 4 2 7 1 212 256 214 543
2487 4 2 7 1 280 283 254 66
2488 4 2 7 1 46 129 132 406
2489 4 2 7 1 414 94 453 172
2490 4 2 7 1 166 177 158 544
2491 4 2 7 1 432 429 430 527
2492 4 2 7 1 351 40 41 151
2493 4 2 7 1 440 444 424 519
2494 4 2 7 1 23 24 156 310
2495 4 2 7 1 400 112 453 414
2496 4 2 7 1 394 408 341 513
2497 4 2 7 1 303 302 336 548
2498 4 2 7 1 13 14 114 266
2499 4 2 7 1 261 95 201 450
2500 4 2 7 1 393 78 77 241
2501 4 2 7 1 199 257 241 541
2502 4 2 7 1 147 183 179 537
2503 4 2 7 1 101 337 449 277
2504 4 2 7 1 36 35 121 343
2505 4 2 7 1 202 63 314 550
2506 4 2 7 1 43 354 159 547
2507 4 2 7 1 291 55 56 191
2508 4 2 7 1 107 423 413 353
2509 4 2 7 1 451 423 413 107
2510 4 2 7 1 202 231 63 550
2511 4 2 7 1 386 354 43 547
2512 4 2 7 1 231 276 63 550
2513 4 2 7 1 43 124 386 547
2514 4 2 7 1 355 203 70 69
2515 4 2 7 1 269 299 296 530
2516 4 2 7 1 134 137 136 536
2517 4 2 7 1 225 51 50 300
2518 4 2 7 1 153 31 30 379
2519 4 2 7 1 350 81 198 82
2520 4 2 7 1 234 61 274 62
2521 4 2 7 1 206 68 67 282
2522 4 2 7 1 47 48 358 131
2523 4 2 7 1 79 80 236 348
2524 4 2 7 1 182 127 156 549
2525 4 2 7 1 18 17 269 123
2526 4 2 7 1 424 444 433 546
2527 4 2 7 1 41 42 387 122
2528 4 2 7 1 131 27 28 282
2529 4 2 7 1 37 36 140 396
2530 4 2 7 1 171 20 21 323
2531 4 2 7 1 146 147 123 530
2532 4 2 7 1 72 232 388 73
2533 4 2 7 1 401 435 415 111
2534 4 2 7 1 150 39 38 372
2535 4 2 7 1 440 339 105 325
2536 4 2 7 1 225 214 256 557
2537 4 2 7 1 106 262 6 454
2538 4 2 7 1 435 415 111 448
2539 4 2 7 1 296 19 18 146
2540 4 2 7 1 450 339 105 440
2541 4 2 7 1 439 173 93 187
2542 4 2 7 1 449 101 277 422
2543 4 2 7 1 239 53 52 311
2544 4 2 7 1 12 13 160 313
2545 4 2 7 1 77 76 349 197
2546 4 2 7 1 438 263 99 249
2547 4 2 7 1 155 141 145 545
2548 4 2 7 1 272 298 323 540
2549 4 2 7 1 187 93 439 451
2550 4 2 7 1 314 63 276 550
2551 4 2 7 1 43 159 124 547
2552 4 2 7 1 71 192 344 72
2553 4 2 7 1 250 50 49 279
2554 4 2 7 1 128 30 29 402
2555 4 2 7 1 80 81 237 377
2556 4 2 7 1 133 90 425 91
2557 4 2 7 1 209 212 214 543
2558 4 2 7 1 359 86 207 87
2559 4 2 7 1 120 19 20 272
2560 4 2 7 1 157 33 32 390
2561 4 2 7 1 263 448 438 99
2562 4 2 7 1 127 22 23 278
2563 4 2 7 1 11 12 113 265
2564 4 2 7 1 189 52 51 268
2565 4 2 7 1 424 201 95 450
2566 4 2 7 1 163 35 34 391
2567 4 2 7 1 306 54 55 235
2568 4 2 7 1 100 248 7 452
2569 4 2 7 1 7 400 112 452
2570 4 2 7 1 44 43 124 386
2571 4 2 7 1 276 231 63 64
2572 4 2 7 1 103 104 271 420
2573 4 2 7 1 21 22 169 321
2574 4 2 7 1 57 273 56 244
2575 4 2 7 1 17 16 319 167
2576 4 2 7 1 70 224 378 71
2577 4 2 7 1 94 453 3 414
2578 4 2 7 1 196 60 59 307
2579 4 2 7 1 421 347 109 110
2580 4 2 7 1 116 32 31 341
2581 4 2 7 1 373 416 407 555
2582 4 2 7 1 220 58 275 59
2583 4 2 7 1 431 445 443 528
2584 4 2 7 1 43 42 159 354
2585 4 2 7 1 63 62 202 314
2586 4 2 7 1 106 6 262 324
2587 4 2 7 1 414 3 94 172
2588 4 2 7 1 288 317 332 556
2589 4 2 7 1 424 433 442 546
2590 4 2 7 1 166 181 136 558
2591 4 2 7 1 423 107 108 353
2592 4 2 7 1 90 441 89 126
2593 4 2 7 1 39 40 384 125
2594 4 2 7 1 9 10 174 326
2595 4 2 7 1 352 83 200 84
2596 4 2 7 1 38 37 117 345
2597 4 2 7 1 91 119 92 419
2598 4 2 7 1 448 415 8 263
2599 4 2 7 1 276 335 314 550
2600 4 2 7 1 85 84 399 246
2601 4 2 7 1 159 182 124 547
2602 4 2 7 1 83 82 392 240
2603 4 2 7 1 413 4 187 451
2604 4 2 7 1 339 5 261 450
2605 4 2 7 1 356 86 85 204
2606 4 2 7 1 102 277 101 422
2607 4 2 7 1 15 14 315 162
2608 4 2 7 1 1 337 185 449
2609 4 2 7 1 109 436 108 360
2610 4 2 7 1 195 98 418 97
2611 4 2 7 1 278 335 310 549
2612 4 2 7 1 439 173 92 93
2613 4 2 7 1 386 410 354 547
2614 4 2 7 1 249 99 438 98
2615 4 2 7 1 201 96 424 95
2616 4 2 7 1 231 202 259 550
2617 4 2 7 1 65 205 322 64
2618 4 2 7 1 170 45 44 357
2619 4 2 7 1 105 440 325 104
2620 4 2 7 1 263 415 8 69
2621 4 2 7 1 435 401 110 111
2622 4 2 7 1 7 248 88 400
2623 4 2 7 1 281 25 24 130
2624 4 2 7 1 442 208 97 96
2625 4 2 7 1 339 105 5 450
2626 4 2 7 1 187 4 93 451
2627 4 2 7 1 263 8 448 99
2628 4 2 7 1 111 415 8 448
2629 4 2 7 1 261 49 5 339
2630 4 2 7 1 413 4 29 187
2631 4 2 7 1 186 28 2 338
2632 4 2 7 1 411 78 199 79
2633 4 2 7 1 6 68 262 324
2634 4 2 7 1 48 3 414 172
2635 4 2 7 1 451 413 4 107
2636 4 2 7 1 89 1 185 449
2637 4 2 7 1 102 103 284 446
2638 4 2 7 1 9 1 337 185
2639 4 2 7 1 46 45 129 406
2640 4 2 7 1 65 280 254 66
2641 4 2 7 1 283 264 66 67
2642 4 2 7 1 47 46 132 417
2643 4 2 7 1 261 5 95 450
2644 4 2 7 1 1 337 449 101
2645 4 2 7 1 26 25 330 178
2646 4 2 7 1 453 112 3 414
2647 4 2 7 1 454 262 6 100
2648 4 2 7 1 27 26 340 188
2649 4 2 7 1 186 2 94 455
2650 4 2 7 1 106 2 338 455
2651 4 2 7 1 338 2 186 455
2652 4 2 7 1 493 315 336 470
2653 4 2 7 1 493 336 315 267
2654 4 2 7 1 529 457 498 472
2655 4 2 7 1 529 498 457 473
2656 4 2 7 1 282 264 510 283
2657 4 2 7 1 282 510 264 206
2658 4 2 7 1 131 417 510 358
2659 4 2 7 1 131 510 417 132
2660 4 2 7 1 131 400 48 358
2661 4 2 7 1 131 48 400 172
2662 4 2 7 1 533 459 555 497
2663 4 2 7 1 533 555 459 490
2664 4 2 7 1 527 519 546 444
2665 4 2 7 1 527 546 519 465
2666 4 2 7 1 499 429 496 474
2667 4 2 7 1 499 496 429 437
2668 4 2 7 1 463 166 558 513
2669 4 2 7 1 463 558 166 544
2670 4 2 7 1 543 467 516 486
2671 4 2 7 1 543 516 467 476
2672 4 2 7 1 157 544 463 166
2673 4 2 7 1 463 544 157 508
2674 4 2 7 1 350 240 524 392
2675 4 2 7 1 524 240 350 198
2676 4 2 7 1 163 343 35 391
2677 4 2 7 1 35 343 163 121
2678 4 2 7 1 218 541 241 257
2679 4 2 7 1 241 541 218 497
2680 4 2 7 1 291 235 535 306
2681 4 2 7 1 535 235 291 191
2682 4 2 7 1 555 494 459 500
2683 4 2 7 1 555 459 494 541
2684 4 2 7 1 553 525 536 474
2685 4 2 7 1 553 536 525 468
2686 4 2 7 1 529 554 457 481
2687 4 2 7 1 457 554 529 473
2688 4 2 7 1 548 515 336 493
2689 4 2 7 1 548 336 515 302
2690 4 2 7 1 267 336 515 493
2691 4 2 7 1 267 515 336 302
2692 4 2 7 1 547 550 549 484
2693 4 2 7 1 549 550 547 469
2694 4 2 7 1 527 528 428 430
2695 4 2 7 1 273 191 56 244
2696 4 2 7 1 56 191 273 291
2697 4 2 7 1 420 284 103 446
2698 4 2 7 1 420 103 284 271
2699 4 2 7 1 265 556 301 332
2700 4 2 7 1 301 556 265 509
2701 4 2 7 1 552 523 513 478
2702 4 2 7 1 552 513 523 463
2703 4 2 7 1 116 558 153 181
2704 4 2 7 1 153 558 116 513
2705 4 2 7 1 534 542 508 491
2706 4 2 7 1 508 542 534 471
2707 4 2 7 1 508 164 534 491
2708 4 2 7 1 534 164 508 471
2709 4 2 7 1 523 383 389 492
2710 4 2 7 1 523 389 383 405
2711 4 2 7 1 446 277 507 284
2712 4 2 7 1 446 507 277 422
2713 4 2 7 1 339 250 519 261
2714 4 2 7 1 339 519 250 279
2715 4 2 7 1 402 187 503 413
2716 4 2 7 1 402 503 187 128
2717 4 2 7 1 276 205 64 322
2718 4 2 7 1 64 205 276 231
2719 4 2 7 1 386 170 484 124
2720 4 2 7 1 386 484 170 357
2721 4 2 7 1 544 542 495 491
2722 4 2 7 1 544 495 542 463
2723 4 2 7 1 199 348 79 236
2724 4 2 7 1 79 348 199 411
2725 4 2 7 1 551 552 553 456
2726 4 2 7 1 553 552 551 477
2727 4 2 7 1 455 172 94 186
2728 4 2 7 1 455 94 172 453
2729 4 2 7 1 455 324 106 454
2730 4 2 7 1 455 106 324 338
2731 4 2 7 1 449 126 89 441
2732 4 2 7 1 89 126 449 185
2733 4 2 7 1 474 528 527 516
2734 4 2 7 1 474 527 528 428
$EndElements
