$MeshFormat
2.2 0 8
$EndMeshFormat
$PhysicalNames
7
2 1 "z_min"
2 2 "z_max"
2 3 "y_min"
2 4 "x_max"
2 5 "y_max"
2 6 "x_min"
3 7 "solid"
$EndPhysicalNames
$Nodes
3049
1 0 0 0
2 20 0 0
3 20 3 0
4 0 3 0
5 0 0 3
6 20 0 3
7 20 3 3
8 0 3 3
9 0.399999999999712 0 0
10 0.7999999999993355 0 0
11 1.199999999998937 0 0
12 1.599999999998657 0 0
13 1.999999999998378 0 0
14 2.399999999998066 0 0
15 2.799999999997152 0 0
16 3.199999999995984 0 0
17 3.599999999994817 0 0
18 3.99999999999365 0 0
19 4.399999999992482 0 0
20 4.799999999991314 0 0
21 5.199999999990147 0 0
22 5.599999999988979 0 0
23 5.999999999987812 0 0
24 6.399999999986644 0 0
25 6.799999999985475 0 0
26 7.199999999984309 0 0
27 7.599999999983141 0 0
28 7.999999999982044 0 0
29 8.399999999982374 0 0
30 8.799999999982981 0 0
31 9.199999999983589 0 0
32 9.599999999984197 0 0
33 9.999999999984805 0 0
34 10.39999999998541 0 0
35 10.79999999998602 0 0
36 11.19999999998663 0 0
37 11.59999999998724 0 0
38 11.99999999998784 0 0
39 12.39999999998845 0 0
40 12.79999999998906 0 0
41 13.19999999998967 0 0
42 13.59999999999028 0 0
43 13.99999999999088 0 0
44 14.39999999999149 0 0
45 14.7999999999921 0 0
46 15.19999999999271 0 0
47 15.59999999999332 0 0
48 15.99999999999392 0 0
49 16.39999999999453 0 0
50 16.79999999999514 0 0
51 17.19999999999575 0 0
52 17.59999999999635 0 0
53 17.99999999999696 0 0
54 18.39999999999757 0 0
55 18.79999999999818 0 0
56 19.19999999999878 0 0
57 19.59999999999939 0 0
58 20 0.3749999999984838 0
59 20 0.7499999999969201 0
60 20 1.124999999995584 0
61 20 1.499999999994291 0
62 20 1.874999999995687 0
63 20 2.249999999997124 0
64 20 2.624999999998562 0
65 19.6 3 0
66 19.2 3 0
67 18.8 3 0
68 18.4 3 0
69 18 3 0
70 17.59999999999999 3 0
71 17.2 3 0
72 16.79999999999999 3 0
73 16.4 3 0
74 15.99999999999999 3 0
75 15.59999999999999 3 0
76 15.2 3 0
77 14.79999999999999 3 0
78 14.4 3 0
79 13.99999999999999 3 0
80 13.59999999999999 3 0
81 13.2 3 0
82 12.79999999999999 3 0
83 12.4 3 0
84 11.99999999999999 3 0
85 11.6 3 0
86 11.2 3 0
87 10.8 3 0
88 10.4 3 0
89 9.999999999999998 3 0
90 9.599999999999998 3 0
91 9.199999999999998 3 0
92 8.799999999999997 3 0
93 8.399999999999999 3 0
94 7.999999999999998 3 0
95 7.599999999999998 3 0
96 7.199999999999998 3 0
97 6.799999999999995 3 0
98 6.399999999999997 3 0
99 5.999999999999998 3 0
100 5.599999999999996 3 0
101 5.199999999999996 3 0
102 4.799999999999997 3 0
103 4.399999999999999 3 0
104 3.999999999999996 3 0
105 3.599999999999998 3 0
106 3.199999999999999 3 0
107 2.800000000000001 3 0
108 2.399999999999999 3 0
109 1.999999999999996 3 0
110 1.599999999999998 3 0
111 1.200000000000003 3 0
112 0.7999999999999972 3 0
113 0.3999999999999986 3 0
114 0 2.62500000000181 0
115 0 2.250000000002578 0
116 0 1.875000000002479 0
117 0 1.500000000004159 0
118 0 1.125000000003151 0
119 0 0.750000000002101 0
120 0 0.3750000000010507 0
121 0.399999999999712 0 3
122 0.7999999999993355 0 3
123 1.199999999998937 0 3
124 1.599999999998657 0 3
125 1.999999999998378 0 3
126 2.399999999998066 0 3
127 2.799999999997152 0 3
128 3.199999999995984 0 3
129 3.599999999994817 0 3
130 3.99999999999365 0 3
131 4.399999999992482 0 3
132 4.799999999991314 0 3
133 5.199999999990147 0 3
134 5.599999999988979 0 3
135 5.999999999987812 0 3
136 6.399999999986644 0 3
137 6.799999999985475 0 3
138 7.199999999984309 0 3
139 7.599999999983141 0 3
140 7.999999999982044 0 3
141 8.399999999982374 0 3
142 8.799999999982981 0 3
143 9.199999999983589 0 3
144 9.599999999984197 0 3
145 9.999999999984805 0 3
146 10.39999999998541 0 3
147 10.79999999998602 0 3
148 11.19999999998663 0 3
149 11.59999999998724 0 3
150 11.99999999998784 0 3
151 12.39999999998845 0 3
152 12.79999999998906 0 3
153 13.19999999998967 0 3
154 13.59999999999028 0 3
155 13.99999999999088 0 3
156 14.39999999999149 0 3
157 14.7999999999921 0 3
158 15.19999999999271 0 3
159 15.59999999999332 0 3
160 15.99999999999392 0 3
161 16.39999999999453 0 3
162 16.79999999999514 0 3
163 17.19999999999575 0 3
164 17.59999999999635 0 3
165 17.99999999999696 0 3
166 18.39999999999757 0 3
167 18.79999999999818 0 3
168 19.19999999999878 0 3
169 19.59999999999939 0 3
170 20 0.3749999999984838 3
171 20 0.7499999999969201 3
172 20 1.124999999995584 3
173 20 1.499999999994291 3
174 20 1.874999999995687 3
175 20 2.249999999997124 3
176 20 2.624999999998562 3
177 19.6 3 3
178 19.2 3 3
179 18.8 3 3
180 18.4 3 3
181 18 3 3
182 17.59999999999999 3 3
183 17.2 3 3
184 16.79999999999999 3 3
185 16.4 3 3
186 15.99999999999999 3 3
187 15.59999999999999 3 3
188 15.2 3 3
189 14.79999999999999 3 3
190 14.4 3 3
191 13.99999999999999 3 3
192 13.59999999999999 3 3
193 13.2 3 3
194 12.79999999999999 3 3
195 12.4 3 3
196 11.99999999999999 3 3
197 11.6 3 3
198 11.2 3 3
199 10.8 3 3
200 10.4 3 3
201 9.999999999999998 3 3
202 9.599999999999998 3 3
203 9.199999999999998 3 3
204 8.799999999999997 3 3
205 8.399999999999999 3 3
206 7.999999999999998 3 3
207 7.599999999999998 3 3
208 7.199999999999998 3 3
209 6.799999999999995 3 3
210 6.399999999999997 3 3
211 5.999999999999998 3 3
212 5.599999999999996 3 3
213 5.199999999999996 3 3
214 4.799999999999997 3 3
215 4.399999999999999 3 3
216 3.999999999999996 3 3
217 3.599999999999998 3 3
218 3.199999999999999 3 3
219 2.800000000000001 3 3
220 2.399999999999999 3 3
221 1.999999999999996 3 3
222 1.599999999999998 3 3
223 1.200000000000003 3 3
224 0.7999999999999972 3 3
225 0.3999999999999986 3 3
226 0 2.62500000000181 3
227 0 2.250000000002578 3
228 0 1.875000000002479 3
229 0 1.500000000004159 3
230 0 1.125000000003151 3
231 0 0.750000000002101 3
232 0 0.3750000000010507 3
233 0 0 0.3749999999984838
234 0 0 0.7499999999969201
235 0 0 1.124999999995584
236 0 0 1.499999999994291
237 0 0 1.874999999995687
238 0 0 2.249999999997124
239 0 0 2.624999999998562
240 20 0 0.3749999999984838
241 20 0 0.7499999999969201
242 20 0 1.124999999995584
243 20 0 1.499999999994291
244 20 0 1.874999999995687
245 20 0 2.249999999997124
246 20 0 2.624999999998562
247 20 3 0.3749999999984838
248 20 3 0.7499999999969201
249 20 3 1.124999999995584
250 20 3 1.499999999994291
251 20 3 1.874999999995687
252 20 3 2.249999999997124
253 20 3 2.624999999998562
254 0 3 0.3749999999984838
255 0 3 0.7499999999969201
256 0 3 1.124999999995584
257 0 3 1.499999999994291
258 0 3 1.874999999995687
259 0 3 2.249999999997124
260 0 3 2.624999999998562
261 2.951539271715161 0.3693652449312838 0
262 4.200567040097865 0.3610247651028941 0
263 5.400000000100873 0.346410161944613 0
264 6.600000000325155 0.3464101620008195 0
265 7.800000000044435 0.3464101614773801 0
266 1.863458400518123 0.377574366789061 0
267 18.21164436358216 2.661093936313527 0
268 16.98765659499633 2.679944592088323 0
269 15.78163127048596 2.650912179653414 0
270 14.61333418304719 2.682050650611485 0
271 13.409547056681 2.678053652786967 0
272 12.20955976351061 2.682176424309035 0
273 11.00683598917118 2.676953920588184 0
274 9.819939296520937 2.648215441775935 0
275 8.60000000000001 2.677246495518686 0
276 0.2970556931952162 1.675984189178769 0
277 19.63501306784783 1.339624444723944 0
278 7.001250165853227 2.612807337727866 0
279 5.806531665093577 2.635869488162078 0
280 4.604903719259441 2.626788251161684 0
281 3.41490870016677 2.605440227693367 0
282 9.410394069577013 0.3713464867611025 0
283 10.60000006755626 0.3464102145123837 0
284 2.20914113261269 2.628926364481939 0
285 11.80544559269564 0.3495541740145603 0
286 13.00616998590496 0.3568147736219372 0
287 14.20002084648243 0.3465287405170576 0
288 15.40008234792303 0.34650940303068 0
289 16.60002516744746 0.3463923653760385 0
290 17.80226844764342 0.3475180049162199 0
291 8.607481013955866 0.3550887556145786 0
292 7.799999999999997 2.653589838486223 0
293 18.60263533400983 0.3461177928871013 0
294 1.409584369820064 2.612339397808678 0
295 0.924768199234404 0.3075868217139894 0
296 19.01031604845114 2.653544051450365 0
297 0.3526413153538663 0.9256725893703271 0
298 19.65397571801319 2.059041752176916 0
299 19.38066537200384 0.3322809744669217 0
300 0.5666829767044249 2.64558790243442 0
301 19.00133703472612 0.3438432715518199 0
302 18.80394096256977 0.6872373388999018 0
303 18.40686377357985 0.6918438832697851 0
304 18.60848287275777 1.032843679634274 0
305 18.2117401429894 1.036613578183966 0
306 18.41338929328996 1.377294821220235 0
307 18.0163983606443 1.381670830238698 0
308 18.80911808181703 1.373550882617685 0
309 18.61455129923017 1.716906398459942 0
310 17.81437335210492 1.039990490122339 0
311 17.61847117686325 1.386122912976707 0
312 17.41371559789041 1.04205192143054 0
313 17.21982811859452 1.389685927341602 0
314 17.42258960089113 1.733402732583103 0
315 17.0232822618682 1.721211170112299 0
316 16.8204631754656 1.390803999974141 0
317 16.62381789386885 1.721972802463992 0
318 16.42091359693343 1.393372047584181 0
319 16.22417723639654 1.724342223931523 0
320 16.02120382780985 1.396653193290546 0
321 15.82440992382638 1.727845010268808 0
322 15.62144481577987 1.404422166244425 0
323 15.42472428422796 1.749115138525885 0
324 15.2169145316612 1.399282574932691 0
325 15.02407152601208 1.754323468029799 0
326 14.81909894108633 1.405236257389165 0
327 14.62436193094078 1.758707204423996 0
328 14.42167368372851 1.415684592995334 0
329 14.22486418042635 1.763701657183772 0
330 14.01683876617045 1.407422665476886 0
331 13.82416177392297 1.765671875575958 0
332 13.61903347350214 1.414150774804242 0
333 13.42442714088851 1.769637125015715 0
334 13.22149650332677 1.421238730915078 0
335 13.02489637046541 1.773994657351722 0
336 12.82250751865254 1.42290801213522 0
337 12.62515654046764 1.777512869157849 0
338 12.42197277479124 1.433401606534987 0
339 12.22512361119546 1.782362065190043 0
340 12.01876452676549 1.428940919315308 0
341 11.82459580411144 1.784940671506467 0
342 11.61614556764569 1.42079100163216 0
343 11.42408351997662 1.786525645621565 0
344 11.21873053408744 1.431302612389754 0
345 11.02444101473901 1.791055300648408 0
346 10.81813772750737 1.435695103235794 0
347 10.62441375267896 1.79505587434615 0
348 10.41586933008339 1.427464925165707 0
349 10.24268271462944 1.785867265568821 0
350 10.02165175145529 1.438052568744907 0
351 9.845871505919822 1.849931788163043 0
352 9.621932501813728 1.460914537404595 0
353 9.425206496929242 1.809194376154546 0
354 9.221953803052683 1.465056346804976 0
355 9.025004766044775 1.789675418393176 0
356 8.821897483298212 1.460964575211398 0
357 8.624798164925409 1.788154670017041 0
358 8.421865514129863 1.462542622821339 0
359 8.224990358933898 1.814028798214722 0
360 8.018814095074767 1.457926354456885 0
361 7.824701114920367 1.820184346487364 0
362 7.615609981320799 1.444421736832898 0
363 7.424130735462995 1.821472972371668 0
364 7.218117318125724 1.460275072327259 0
365 7.024620121657373 1.843257046909429 0
366 6.818154344714991 1.468075111507946 0
367 6.624719703146355 1.850701202921514 0
368 6.41528614534749 1.455105074961114 0
369 6.224300648512111 1.855533245105522 0
370 6.017883572680864 1.473523178987183 0
371 5.824675556409255 1.861921739765257 0
372 5.618151279155602 1.479049219482325 0
373 5.424609255150023 1.846767803470624 0
374 5.21505138917496 1.460183603969771 0
375 5.024078565348671 1.84203729233582 0
376 4.817600480011286 1.477910455055706 0
377 4.624426811186828 1.846716819235052 0
378 4.422042828900587 1.50438594345668 0
379 4.225389225254704 1.857631724498785 0
380 4.02702684077286 1.495067077601504 0
381 4.613475873160093 1.137412970885085 0
382 3.826254042158571 1.858776656561439 0
383 3.624756284912329 1.506394863158966 0
384 3.425757687862202 1.864533723631968 0
385 3.222723259943838 1.519208557339672 0
386 3.025490848157833 1.869517677106111 0
387 2.822353591438225 1.524751512535386 0
388 3.428693579475434 1.108752440273696 0
389 5.809838519187733 1.092461053552879 0
390 2.628764657973942 1.871335763151387 0
391 2.422863442023337 1.528574904951192 0
392 2.234600403349104 1.882734527517402 0
393 2.024248420279833 1.532701651785128 0
394 2.219549739418354 1.184732257933378 0
395 1.820248087414614 1.168198862528128 0
396 1.624679770233298 1.530903185553009 0
397 1.423075046725291 1.168907869407369 0
398 1.229218370523942 1.533117501252929 0
399 7.010019155621951 1.086249044381123 0
400 9.818658511542502 1.112634708650183 0
401 16.41444225034306 2.063934654033422 0
402 8.214639617282117 1.097092464999801 0
403 11.01048282781298 1.067917202419448 0
404 9.024250025693998 1.100224492239264 0
405 15.22794559546812 2.099911182270894 0
406 12.21423950318031 1.071975220321682 0
407 14.02808676341632 2.11183303286978 0
408 13.41250969224342 1.051932242268766 0
409 14.61116213562845 1.052784400508068 0
410 12.82830734324193 2.123074633841476 0
411 15.81018996493818 1.046480903681485 0
412 11.62811680271929 2.133944020835925 0
413 10.44986210626074 2.13206392749611 0
414 9.150100564599317 2.177209497178335 0
415 6.420518907253232 2.209387454567518 0
416 5.21765253817115 2.210862249620375 0
417 4.027416733408406 2.205056689355501 0
418 1.42910388557171 1.875764402064803 0
419 1.036885112256813 1.879870653254006 0
420 2.821860704853291 2.229636161292498 0
421 1.029479695520393 1.194006028601115 0
422 19.00869094638279 1.713228602396045 0
423 16.61759984735646 1.049073031948461 0
424 18.81512772297899 2.04428683405669 0
425 18.42066394368307 2.047188192537521 0
426 17.17905099266794 2.089275065856405 0
427 17.61751114590952 2.078393704112656 0
428 1.220952436274722 0.8563232077000714 0
429 2.022086599933284 0.80942333667608 0
430 2.416771608380982 0.8314486714149342 0
431 0.7983272990550893 0.8977902334970947 0
432 8.08428440929424 2.145318213357846 0
433 7.218011340826919 2.230376573987182 0
434 17.44579532045386 2.420764156814085 0
435 19.20923854646482 1.363424326391551 0
436 19.22118013065163 2.040017439127004 0
437 18.61458540216937 2.398354518051825 0
438 1.22352602555817 2.243472681006806 0
439 1.62521597086665 2.2367984682314 0
440 0.8166629842019359 2.264004914776194 0
441 2.285743668713932 0.4860119679028163 0
442 1.620572550824952 0.7582526292159747 0
443 0.6402814476507271 1.210843069291122 0
444 0.5848690645845702 0.5711555675636663 0
445 17.88794645851587 2.383951045920492 0
446 1.817212568287481 2.626055126639239 0
447 2.036035738920701 2.253322328353541 0
448 2.613424003119873 0.5285379667850056 0
449 2.815622666120675 0.8327209307599499 0
450 3.219508394692791 0.7326929257242442 0
451 19.40007382911105 1.711200390569853 0
452 19.39074283224462 1.010478862267475 0
453 19.42028586818813 2.403033909890221 0
454 19.0035944847773 1.024318290617926 0
455 0.8552296616481612 1.531914558867558 0
456 1.350260268204003 0.4199158902446977 0
457 1.001207255144168 2.635436513551322 0
458 0.4373678084675009 2.266857144354219 0
459 18.20371868180315 0.3469614817164177 0
460 3.400251585285937 0.3515160727483439 0
461 3.618150239858934 0.7118498282996639 0
462 3.843353358407401 1.06080330914834 0
463 17.81947981083294 1.728828737476981 0
464 15.64665145211144 2.098248077845205 0
465 15.4444663396116 2.430633611248251 0
466 15.03138748640011 2.449086364424674 0
467 3.219457070967622 2.23882946014731 0
468 3.62872448476559 2.210259132673663 0
469 3.815750673023041 2.594490761226631 0
470 14.4279043545714 2.08998657883371 0
471 14.28855044262215 2.408827062705213 0
472 13.83152054057537 2.46048799711351 0
473 13.22799034979224 2.100000379423647 0
474 13.08798412095898 2.415482103269296 0
475 12.6263790102983 2.463670024363907 0
476 12.02804449999364 2.110342024911925 0
477 11.88797241838808 2.423477201496842 0
478 11.42596797800225 2.469770370065499 0
479 10.83154178443662 2.117739926105691 0
480 10.69173340920776 2.42729808196029 0
481 10.25683526304328 2.444274867660983 0
482 9.89088661708502 2.252665840351734 0
483 5.617200531495622 2.252427667382902 0
484 4.42236292847826 2.211980698671096 0
485 8.199999999982632 0.3464101615139705 0
486 8.00145240348931 0.6980117699958507 0
487 7.600710417763924 0.6934151617587997 0
488 7.809006102898583 1.071412593122001 0
489 8.415019631268175 0.7343676988475364 0
490 8.819782135722908 0.7205106342151738 0
491 8.619575734565878 1.095950414722418 0
492 9.222529328459155 0.7454304548881835 0
493 7.400118403116881 0.3465093014070635 0
494 7.202276346695498 0.7005020106694214 0
495 7.000399125169293 0.3477069662893846 0
496 6.802115771567484 0.7021531653260529 0
497 6.400586234396389 0.6942409253266807 0
498 6.60792721407846 1.07404076234516 0
499 6.200097705935507 0.3466469292253042 0
500 6.001987348887395 0.7018334416059183 0
501 5.800347509301507 0.3479518097028853 0
502 5.602028896174717 0.7034512128118307 0
503 5.200338149191253 0.694592138296133 0
504 5.407568038694544 1.078161285491184 0
505 5.003281943819921 1.057798139562379 0
506 4.800405200743211 0.7199757801600138 0
507 4.386307719317118 0.8024042072424581 0
508 8.200000000000051 2.653589838486251 0
509 7.407968851177047 2.611554806132171 0
510 6.806422740226798 2.219146891525419 0
511 6.601501197196592 2.61766796228176 0
512 5.402513650070508 2.636552097458282 0
513 6.023395352096234 2.284082361475043 0
514 5.00638772255522 2.590975405512017 0
515 3.00478116292415 2.629064653633748 0
516 2.609993902796421 2.599985673488632 0
517 8.994059591023728 2.627069854903334 0
518 8.733133529845952 2.352700558579532 0
519 9.399999999999997 2.537135497468578 0
520 16.99992151635315 0.3464087685353347 0
521 16.80149724164468 0.6935041670807639 0
522 16.40321459815647 0.694838111805587 0
523 17.20526095693242 0.6946296719696022 0
524 17.4033672871059 0.3476015597951009 0
525 16.20058470313407 0.3467657383840612 0
526 16.00537059179241 0.6967092486378085 0
527 15.80104048932056 0.3471523541937705 0
528 15.60284529053361 0.6948548109328724 0
529 15.20199261868318 0.6925022530703346 0
530 15.40744332264328 1.043624117037385 0
531 15.00037976095499 0.3465031915249797 0
532 14.80372918632062 0.6944227919074923 0
533 14.60072169153744 0.3468024959219769 0
534 14.40258824735266 0.6955242678565353 0
535 14.00173316653941 0.6926638567221807 0
536 14.21032142425254 1.049784126960331 0
537 13.80029908285077 0.3465042670874658 0
538 13.60479837664614 0.6936728014706612 0
539 11.4009076254199 0.3469341600166977 0
540 11.60214810518442 0.6928027175298676 0
541 12.01121355301352 0.7072097709565806 0
542 11.2033456995264 0.6970569743599647 0
543 11.81150777813641 1.059529476185435 0
544 12.41840191494965 0.7197961842032968 0
545 12.61937256829748 1.070501660450597 0
546 12.81360772488039 0.7178369027075368 0
547 12.21554454574222 0.3618998461728569 0
548 11.00070892384122 0.3472036138035883 0
549 10.80000015057212 0.6928203339324842 0
550 10.40092990049379 0.6922836272560282 0
551 10.60849978332319 1.058698501708258 0
552 10.20015503275826 0.3463208241616808 0
553 10.00000018792211 0.6928205762140691 0
554 9.805752466164522 0.3649917673829405 0
555 16.59794531668161 2.674482558868235 0
556 16.80000000000004 2.307195140830287 0
557 16.19659864864786 2.673124010554638 0
558 16.00952633005883 2.312842928279711 0
559 4.597879993355452 0.3716358189643652 0
560 4.999940274157217 0.3487595700202472 0
561 7.679870921668799 2.247728302146556 0
562 11.22743510731814 2.109667342609393 0
563 12.42724623651869 2.101849346895711 0
564 13.6277760356174 2.092815595533989 0
565 13.40293327195046 0.3477602196195853 0
566 14.82768795125253 2.082727183804864 0
567 16.21446337489961 1.048053620180244 0
568 3.019157207455871 1.176839149323951 0
569 2.61938637580624 1.179844571153132 0
570 17.01419661880571 1.044275595994787 0
571 18.03226243223536 2.047790392891685 0
572 8.482397350820529 2.095076612813396 0
573 13.01597103228692 1.062331170669107 0
574 6.208918172429722 1.081867406129823 0
575 1.828980698203549 1.885370760584213 0
576 17.60954010730747 0.6953580773211759 0
577 9.419612996564986 1.11654845581743 0
578 18.2194575233193 1.716613228804177 0
579 7.409289887071081 1.07604593651525 0
580 18.00808408423803 0.6930475859216504 0
581 0.6104274960345574 1.871263794005437 0
582 19.19304292830999 0.6796625593215865 0
583 4.221715256152424 1.148606248073299 0
584 10.20697301256723 1.044942554526121 0
585 13.20933168065205 0.7050580183929323 0
586 11.41039341873222 1.061566664086105 0
587 9.010031091280252 0.3653960552465064 0
588 13.81087248322568 1.051604411283844 0
589 4.816635380833262 2.221560119422674 0
590 15.01005678933717 1.047975399140856 0
591 4.215086183533705 2.589186766993374 0
592 19.62641457716508 0.6297961197055355 0
593 4.014333168070012 0.7119970691828951 0
594 3.805550338883535 0.3560646225556328 0
595 9.619905407129174 0.7628808504667409 0
596 12.60895402857579 0.3593912844509379 0
597 6.188062996814317 2.654210842371663 0
598 2.435529885302778 2.227576460331422 0
599 0.3011738630258971 1.312500000003656 0
600 19.73781252299442 1.696973317492138 0
601 9.570166996024854 2.135411137382146 0
602 19.39105509214491 2.757745948339553 0
603 19.01629903448785 2.307847350515221 0
604 19.7171105940329 0.9705467763563942 0
605 18.60730916284053 2.742598501163144 0
606 19.75978702605731 2.413845488484 0
607 18.23342052003716 2.30767561714301 0
608 0.2737349860162698 1.98980217086511 0
609 0.6034343162397279 0.2461455925359936 0
610 17.76968882649427 2.71413717942281 0
611 0.2808730256707007 2.544532102622909 0
612 17.38824623038676 2.733867407248814 0
613 16.80811867974962 1.980717766659281 0
614 0.3067283097704412 0.3032078346248355 0
615 16.40000191299952 2.40615804987568 0
616 19.70334031356421 0.2906036655309693 0
617 16.02384143854725 1.985442578871734 0
618 15.35922441624971 2.727301886780917 0
619 15.0007892171394 2.771687780363415 0
620 0.5408336323109119 1.520501122269308 0
621 14.63777288357868 2.342535568075989 0
622 14.15556752770745 2.719626577651516 0
623 17.14339378310196 2.410031089754567 0
624 13.79932702499276 2.771633645510398 0
625 19.69518799773172 2.699937557785388 0
626 13.436963620725 2.349367945625482 0
627 12.96713216523075 2.735675662149449 0
628 12.60061418780793 2.776304422164478 0
629 12.23046641391519 2.354134463909069 0
630 11.76708335236916 2.740456923953242 0
631 0.9890454069298922 0.6188743047581565 0
632 11.40000000000001 2.779291700758705 0
633 11.03670285362719 2.360285928265811 0
634 10.14028282971981 2.083950787172212 0
635 10.58514362617968 2.761303450478147 0
636 10.20451298729911 2.780310935320062 0
637 0.2488477379417756 0.585007198312396 0
638 15.71662248862652 2.374503000766478 0
639 8.820906617695101 2.026194444635534 0
640 9.655263776637494 2.405541400158396 0
641 2.199999999998222 0.2058134391507356 0
642 0.2252608165688897 2.787257143373825 0
643 8.386976576164489 2.435271888155005 0
644 2.570298209483727 0.2348079605661457 0
645 8.015421623176303 2.439100472327387 0
646 6.599999999986059 0 0.3464101610541109
647 3.799999999994232 0 2.653589841509838
648 4.999999999990731 0 0.3464101610541117
649 7.799999999982593 0 2.653589841509808
650 2.588457588746046 0 0.3585435206546437
651 10.6060023235564 0 2.645086086570543
652 12.60000003431297 0 2.653589874899287
653 14.60001227872866 0 2.653502628601531
654 16.95643344192926 0 0.331501391762097
655 18.21314246614958 0 0.3351444590088924
656 9.047197626985344 0 0.3534094487426033
657 15.80000905702194 0 0.3464122649876135
658 13.36408429843236 0 0.3345437533258382
659 11.40203664883078 0 0.340741720240798
660 5.785288365720936 0 2.638511898164634
661 1.804586542596777 0 2.618513921482323
662 19.62694053636794 0 1.676400351349365
663 0.2551687120514826 0 1.305986124050519
664 10.22860379868042 0 0.34210771455962
665 16.59999999999483 0 2.653589841508302
666 17.80193251797971 0 2.651992339322022
667 9.401598963448768 0 2.653859997972053
668 3.811801896149098 0 0.3746400832723009
669 7.82065409904474 0 0.3391839773988624
670 14.5999999999918 0 0.3464101610556478
671 1.403556940582258 0 0.3464658385836743
672 2.599999999997609 0 2.653589836381828
673 13.79870985856742 0 2.651508650842265
674 6.599999999986058 0 2.653589841509839
675 11.8138187990893 0 2.64894005566072
676 4.602254309923767 0 2.640742540042474
677 15.8000344182299 0 2.653530622556166
678 18.60259628109894 0 2.652898943478688
679 12.19999999495982 0 0.3464101562619248
680 5.799999999988397 0 0.3464101615348524
681 8.599999999982677 0 2.653589841508421
682 0.9841227644437712 0 2.662986691016502
683 19.01633406717491 0 0.3352020811966259
684 0.3588632775429308 0 2.068802619798259
685 19.67524047358209 0 0.9374999999962521
686 0.6232421239086376 0 0.342149619253208
687 19.3768807156636 0 2.658338188039927
688 18.99238286049573 0 2.656175354190386
689 18.80162577172057 0 2.313150202766386
690 18.40686377052671 0 2.308156122250423
691 18.60868701139054 0 1.96663994304977
692 18.21172954985786 0 1.963493721820462
693 18.4133976128848 0 1.622489026522813
694 18.01618482259231 0 1.618339319054768
695 18.80932250125586 0 1.626632724369005
696 18.6143255670521 0 1.28296699482202
697 17.81413470582955 0 1.960350660330872
698 17.61813043524456 0 1.61418377964744
699 17.41484539247072 0 1.957613305235964
700 17.21932239321785 0 1.610317641009361
701 17.42251243759232 0 1.266637222103223
702 17.02195832222513 0 1.267207419505582
703 16.82018489617002 0 1.60688024651738
704 16.62363438976629 0 1.264991132495179
705 16.42078984251157 0 1.603390611704931
706 16.22104773013583 0 1.261962313051939
707 16.01958587560434 0 1.601193832955336
708 15.82113865188297 0 1.26318257984939
709 15.61822905448549 0 1.598850153004417
710 15.4200961374497 0 1.256599315236489
711 15.21839632991884 0 1.59464227026123
712 15.02481398337015 0 1.243616934190866
713 14.82158023008496 0 1.588079613039247
714 14.62645398606212 0 1.244794000759479
715 14.42164685516027 0 1.585379120589805
716 14.22426066639609 0 1.237932636837775
717 14.02166030967272 0 1.580553142089715
718 13.82493972110776 0 1.232284832034986
719 13.62175943906741 0 1.576413259123821
720 13.42316101761916 0 1.233817242519031
721 13.22169610704694 0 1.573185065031174
722 13.02477801117351 0 1.232017140732798
723 12.82175480216034 0 1.569666810642843
724 12.62088194489623 0 1.229154359146649
725 12.42143838772601 0 1.566142319381036
726 12.22090604985305 0 1.231202385626758
727 12.02170505262556 0 1.563804333124357
728 11.81970636929534 0 1.224168636308603
729 11.62145414073878 0 1.561289494201274
730 11.42506386466694 0 1.209658801523653
731 11.22110625129623 0 1.556336822828277
732 11.02711409300854 0 1.211744422903796
733 10.82045495075647 0 1.555147039446497
734 10.62193268871675 0 1.210406297286121
735 10.4177615720197 0 1.555713056484605
736 10.2209632019431 0 1.213563888173398
737 10.01571321412643 0 1.550406588312204
738 9.818795398262164 0 1.206295862287264
739 9.621879362844405 0 1.539087437368683
740 9.425153358331627 0 1.190807594099632
741 9.221433373862741 0 1.538396308807318
742 9.025171148284027 0 1.187037380569612
743 8.821914943881794 0 1.531547034378457
744 8.629366280963815 0 1.176523091749164
745 8.422205690534465 0 1.527335880320044
746 8.224217257320408 0 1.183475160145245
747 8.021950489316357 0 1.524006620965545
748 7.826446022907074 0 1.183653481047263
749 7.622146319175004 0 1.520584736084257
750 7.425242247362532 0 1.171956531278527
751 7.221997275653065 0 1.516595058970083
752 7.023315785929125 0 1.173723342023961
753 6.821884173696868 0 1.51306486724858
754 6.625277786753491 0 1.164416098770226
755 6.422021568442804 0 1.508925761982067
756 6.228494159131731 0 1.155125112721225
757 6.012846202572789 0 1.511078448561602
758 5.825313324426484 0 1.156875660383428
759 5.622057103923737 0 1.501385324193347
760 5.425331092792758 0 1.153105442249274
761 5.224497832327833 0 1.491424516997976
762 5.026181458903336 0 1.144936238209753
763 4.823188771086984 0 1.491308730566052
764 4.625528183058382 0 1.139670603852983
765 4.422731972686982 0 1.488843411604738
766 4.225699152537162 0 1.139561373757059
767 4.022520294876744 0 1.485731326154671
768 3.825793196488893 0 1.137178706026845
769 3.622396052932444 0 1.482270170984854
770 3.425701208817594 0 1.133935212938949
771 3.222317728091216 0 1.478641594330576
772 5.018818651392991 0 1.842124767532751
773 3.023887986153249 0 1.119632952105966
774 2.817974947910472 0 1.471451355510699
775 3.01861876354903 0 1.822972691062766
776 2.61928047343925 0 1.825150406835263
777 2.415214124106987 0 1.466012417939176
778 2.216644689463465 0 1.823476855481945
779 2.017723607789158 0 1.463650893598118
780 1.817766085418163 0 1.820427578306773
781 1.62366508750046 0 1.462132055783476
782 1.419380905506958 0 1.81612077586525
783 1.229514928612269 0 1.460502511964141
784 1.826228995368923 0 1.122411269021376
785 4.220773199245498 0 1.839709856854837
786 7.018719379020691 0 1.860996642707698
787 6.204553089777432 0 1.877800481484589
788 9.807882178639838 0 1.907332941853257
789 16.40842670775158 0 0.9327099098214722
790 8.218694344048773 0 1.872257664645399
791 11.02726679849108 0 1.90722331259113
792 9.018640959136363 0 1.879826899375119
793 15.20791069817544 0 0.92325848773395
794 13.01845770972611 0 1.917524683696657
795 14.0281231651165 0 0.8878608473083545
796 12.80679383440104 0 0.9059368512021136
797 15.01355428428751 0 1.941097754376861
798 12.22422598793937 0 1.923633884299993
799 10.80597475202378 0 0.8906021992944455
800 14.21373812352435 0 1.931319132849435
801 9.628409558237415 0 0.8462979542799625
802 16.21181314272323 0 1.955072186219281
803 8.385308004397908 0 0.7949610036182002
804 7.228516234015351 0 0.8236766517697125
805 4.428640622174446 0 0.7972851222998826
806 3.228693878849759 0 0.7859805124286512
807 1.028316303903835 0 1.802867020866371
808 19.00871516539376 0 1.286601819383857
809 18.81613332669989 0 0.94721469949579
810 18.42043884225782 0 0.9417278146446734
811 17.2264637025459 0 0.9189517361993493
812 17.6248924678384 0 0.923258791647134
813 11.60587980147396 0 0.8962229758313304
814 1.221755644897435 0 2.14407284360729
815 0.921080043781737 0 1.46913896705419
816 1.058174334270709 0 1.096351344641533
817 2.013807356848397 0 2.20527118373176
818 0.8417647122325679 0 2.116508516200031
819 2.815651489714105 0 2.167771992712163
820 3.215612211372918 0 2.171524101962651
821 17.48838017980568 0 0.5830257574483098
822 6.028569545646187 0 0.8123659970344169
823 5.228605080851597 0 0.8048255605678176
824 19.19166760893638 0 1.636653651435529
825 2.828719903374171 0 0.7822090564381128
826 19.23525823837574 0 0.9464521692152172
827 18.61208676577292 0 0.6091642448436088
828 3.031973061418297 0 0.4377078406253714
829 2.378335486381568 0 0.7394451469867689
830 3.094174678986222 0 2.510931904063336
831 17.82283680474505 0 0.5975862524481074
832 2.195173774615026 0 0.3791431553609841
833 2.396396859300981 0 2.24359925589465
834 2.03113562119143 0 0.7181234811012637
835 2.593534732621386 0 1.094946724826875
836 19.37463567705126 0 1.297852576475462
837 19.38389961358086 0 1.989122742996964
838 19.43426311393382 0 0.609240779290231
839 19.0050742922714 0 1.968913654769898
840 3.355521619252183 0 2.554083093601564
841 3.590631004547568 0 2.184721607992947
842 4.010562953658115 0 2.249568072156666
843 1.001174617847433 0 0.3457319959647787
844 0.8011640562315948 0 0.6872507783546942
845 0.4151214085021816 0 0.6795021345341108
846 0.6183335026195647 0 1.076376488617874
847 1.211401124120188 0 0.7217957855985636
848 1.418583059875047 0 1.095996881220578
849 0.6821413997980892 0 1.792043101292845
850 0.6318729000171832 0 2.417954745358379
851 1.624157939866353 0 0.7195186962915117
852 18.20273652360237 0 2.652397062470176
853 2.199999999781265 0 2.619762993477067
854 1.640296030917449 0 2.238817717630376
855 1.393832788841032 0 2.601959839736833
856 17.82142240630745 0 1.270446798941433
857 4.199788167543513 0 2.639462132045109
858 3.625943112603076 0 0.7866569400906531
859 4.027329909264004 0 0.7882089220351824
860 4.201622331303082 0 0.4126699067766832
861 14.42816075222606 0 0.8915611474325107
862 14.21500488873769 0 0.5487825652900941
863 13.87784133635788 0 0.5472103823162766
864 6.618747585428801 0 1.857205645794753
865 6.815473599499033 0 2.205485522608579
866 7.214003549252802 0 2.213810259919494
867 7.004914793413786 0 2.592987094441618
868 6.399731280149792 0 2.264412974965465
869 6.006315491237119 0 2.262297248373563
870 6.196221255800825 0 2.63257976090641
871 5.573308186275504 0 2.294440231141758
872 5.702576698404139 0 1.909233719949899
873 7.399815727891074 0 2.653270671912454
874 4.618836415028506 0 1.83835455290315
875 4.815562431564916 0 2.186634430674356
876 5.623992666891107 0 0.7968235019291585
877 6.20415455195767 0 0.4210522277098625
878 6.467413123831363 0 0.7682418298023895
879 6.869366267267518 0 0.643024936830027
880 7.20460236498197 0 0.4238841283794121
881 7.818716378905629 0 1.868527374328253
882 8.014129682519469 0 2.222083402368715
883 8.398107325066711 0 2.227905179940351
884 7.611093949811743 0 2.226181296742637
885 8.200496741242427 0 2.600609684700869
886 8.832513228275232 0 2.290726119470023
887 8.199999999982214 0 0.3464101615355312
888 7.921856516382816 0 0.6706371341944677
889 8.643144474699428 0 0.3767210717505144
890 8.8923654961021 0 0.735609674455017
891 9.278663388362208 0 0.6273182320656452
892 17.4016451559443 0 2.652442788638703
893 17.00057548412855 0 2.653172840182413
894 16.80072311746765 0 2.30700514980032
895 16.40260358838715 0 2.30617652944305
896 17.20525200321937 0 2.305650115235253
897 16.20021798044644 0 2.653448821001996
898 16.00190856961411 0 2.306182459323703
899 15.60138865468488 0 2.307197911945353
900 15.81075480032381 0 1.958947649166129
901 15.40014490973847 0 2.653427624465365
902 15.20252061743481 0 2.306427860113756
903 15.00026510866669 0 2.65336692961402
904 14.80244299328304 0 2.305866961744679
905 14.41005307669242 0 2.301320101563738
906 14.61817208280295 0 1.950267420485624
907 14.00300542958708 0 2.288829421422887
908 14.20073942277997 0 2.651396087111328
909 13.60326366391471 0 2.293049599055972
910 16.20139961032073 0 0.3418328790490663
911 15.98460802621254 0 0.6943546281589243
912 15.62229104482521 0 0.6745449688772321
913 15.40051741080993 0 0.3413393378304539
914 15.00122124300119 0 0.3396812594245302
915 14.80000171099105 0 0.6928216018655832
916 16.60000000009413 0 0.3464101614569699
917 16.80000000039235 0 0.6928136459793348
918 11.79935257190248 0 0.3386527687544089
919 12.03119199372925 0 0.6712366684292973
920 12.38798208359401 0 0.6913751614664834
921 12.60087939640905 0 0.3412736196182818
922 12.99999999998935 0 0.3464101615363884
923 13.20000000040601 0 0.6928202389937058
924 10.20081669495917 0 2.650447589820381
925 10.40101631658781 0 2.30706440014382
926 10.79999998772301 0 2.307179689125207
927 10.00192714094875 0 2.304555078191119
928 10.59999999695872 0 1.960769570133604
929 11.23278565527427 0 2.276714844011508
930 11.42226410429791 0 1.91944276968209
931 11.61576064184487 0 2.270744215428698
932 11.01815151104631 0 2.628706189857594
933 9.80083134471138 0 2.652343760354601
934 9.600000025881087 0 2.307179675184924
935 9.424089770850298 0 1.934452558973412
936 10.59999999998572 0 0.3464101613761416
937 10.38237096027541 0 0.6931414433365912
938 10.02490677562038 0 0.6823792547190182
939 9.641981579296923 0 0.4571419489970901
940 10.99794920467654 0 0.338476915163183
941 11.20616001784284 0 0.6621553546797361
942 12.99932135135433 0 2.652313020147013
943 12.79999999914779 0 2.307179864341023
944 12.4015681951175 0 2.306508566181463
945 12.20622275911056 0 2.652165601943633
946 5.004732218006096 0 2.643908730430264
947 5.403748392429447 0 0.3572593949888454
948 4.825706728164859 0 0.7335617957064491
949 7.418214224550949 0 1.86557218815419
950 8.618174950866536 0 1.880589079521215
951 13.41575214610252 0 1.920184346580339
952 12.62017458088969 0 1.923502682208734
953 3.815545582212645 0 1.837228796933954
954 3.413841592744746 0 1.829103561395672
955 13.62821917188326 0 0.8840125746298899
956 16.61548019279209 0 1.952650426978598
957 4.415980762908951 0 2.182637963958447
958 5.392770217296502 0 2.647138696196551
959 13.3991984472503 0 2.649772266433483
960 18.02059553770952 0 0.936005965434403
961 17.01351084290014 0 1.955629207704589
962 11.82055030814417 0 1.929006656332198
963 17.60784013418806 0 2.304788892578562
964 7.626214154895732 0 0.8287371601716854
965 18.21876195567618 0 1.277348123008768
966 18.00689130912004 0 2.30650459248781
967 9.003993561579287 0 2.651984733785371
968 13.20648835400604 0 2.283964956936674
969 19.19059862839053 0 2.317442429991203
970 1.802934926996673 0 0.3412513178492132
971 10.20555385872394 0 1.96397605175076
972 13.81632584171513 0 1.91988259956077
973 12.00685042633007 0 2.311134271225263
974 4.628090166773648 0 0.3530671392239333
975 15.41358042431223 0 1.960493332309584
976 3.422495794440501 0 0.4468171285466491
977 5.184433164169475 0 2.310840436426896
978 9.213405318905464 0 2.275160138805333
979 19.57015825963725 0 2.335784843016126
980 11.41105906506274 0 2.612946363444026
981 2.209501021671172 0 1.069659855373556
982 0.3017008601595882 0 1.687499999994989
983 5.349588484380683 0 1.988868290043365
984 19.72886924639381 0 1.312499999994938
985 9.335658692602999 0 0.3062632292235077
986 19.42102136528018 0 0.2688188114827187
987 19.01494945023455 0 0.6784121696464395
988 19.7171105980758 0 2.029453219871791
989 0.2886363974698188 0 0.9865900695747465
990 18.59999999999789 0 0.2662777444335483
991 19.74627191008921 0 0.5624999999977019
992 18.22939627925162 0 0.6729414791263088
993 7.52574453409022 0 0.5230199236233254
994 0.599999999999523 0 2.745992457349263
995 17.79999999999669 0 0.2556641379239841
996 17.39999999999603 0 0.2534629179235319
997 16.82621500834546 0 1.011337766868455
998 0.3075417541810327 0 2.64809676980146
999 16.39999999999415 0 0.593834126271652
1000 6.900223212483371 0 0.300434832612733
1001 0.329433875721714 0 0.3081596575734687
1002 19.66858729826908 0 2.69287897302102
1003 16.02684758499436 0 1.007984529039698
1004 9.252416516370738 0 0.9321817836441757
1005 15.62697399343897 0 1.006326509365691
1006 15.20001938109456 0 0.587319484035729
1007 0.5441629662369634 0 1.514200004546649
1008 14.82709934183367 0 1.00303873339319
1009 14.19999999999117 0 0.2357404267150317
1010 17.18897233568497 0 0.5915280727294829
1011 13.79999999999058 0 0.2336025328509208
1012 19.72467354310263 0 0.2678482197978696
1013 13.22714597994257 0 0.9965036405588763
1014 12.79999999961444 0 0.5744579082806227
1015 12.42714625732537 0 0.9932601732524251
1016 6.827390654958178 0 0.9412045244119656
1017 12.02714477810313 0 0.9916442766848909
1018 0.991895823766539 0 2.371284900314914
1019 11.60000000007336 0 0.567997876867425
1020 11.22714050755485 0 0.9884243376550048
1021 10.80000000025281 0 0.5636721577801336
1022 13.58971235445344 0 0.5659777558611682
1023 10.42713549556046 0 0.985220818431662
1024 7.460792319256022 0 0.248389347365209
1025 0.2521936793384638 0 2.373013804806773
1026 10.02713283919156 0 0.9836254340860888
1027 9.917286862808394 0 0.2786945603035642
1028 5.397106258583408 0 1.722101340433904
1029 14.50284120604089 0 0.6195459182947696
1030 8.027118647937142 0 0.9757161762663292
1031 2.999999999996566 0 2.799195349191158
1032 20 0.324759526590148 1.687499999994989
1033 20 1.709892262981525 2.665365828253772
1034 20 1.699759523892373 0.3357445115873004
1035 20 2.675240476414481 1.687499999994989
1036 20 0.3121289774744943 0.9593767516037305
1037 20 2.686520443948851 0.9384325979446748
1038 20 0.9049778820189359 2.663888952970592
1039 20 0.9375000001260069 0.3247595265460935
1040 20 2.655507323098816 2.439893487718002
1041 20 2.439271927141535 0.362308608575637
1042 20 0.3175395173734444 2.435910986454977
1043 20 0.3235561928321508 2.062235163718973
1044 20 0.6493184993852588 1.874955860520697
1045 20 0.649485627344217 1.499992643937402
1046 20 0.9742395838039593 1.687491415796302
1047 20 0.9720228588012678 1.316383456763511
1048 20 1.298655651948666 1.500645807926527
1049 20 1.298967867949794 1.875106200833085
1050 20 1.623722183356505 1.68762532797096
1051 20 1.623721309642077 1.312628516872334
1052 20 1.948557154819177 1.499999985545225
1053 20 1.948544586301463 1.875020874855704
1054 20 1.948544427285113 1.125021406318953
1055 20 1.608637385469522 0.9618258012232093
1056 20 2.273316674133348 1.312499978143534
1057 20 1.906108286181406 0.7003835603676485
1058 20 0.9805070106541409 2.05163153027539
1059 20 1.302658816590415 2.235432349844953
1060 20 2.273316682838959 1.687499977677531
1061 20 2.273316688825648 2.062499975641935
1062 20 1.921737754011548 2.309977308819176
1063 20 2.282883943396093 2.428661548640268
1064 20 0.6812496187598286 2.306673676202986
1065 20 1.623797637740142 2.062499993435029
1066 20 2.065241723337521 0.3279644094043755
1067 20 2.675240475350738 2.062500003064124
1068 20 0.3226488636785753 1.31614489954655
1069 20 1.314543254466805 0.3208285201750914
1070 20 1.132470545588364 0.6190381143142111
1071 20 0.7486304194224829 0.6121890601747937
1072 20 0.5635755902008839 0.3179828266791956
1073 20 2.675240472046901 1.31250000150217
1074 20 1.306101334806762 2.616114719091112
1075 20 2.273316670560646 0.9374999786182203
1076 20 0.6335759720728111 1.152597608732202
1077 20 1.299302870919383 1.149276190097914
1078 20 2.721223054580118 0.5755611638067482
1079 20 0.559216709933073 2.687858649871421
1080 20 0.3431434451342482 0.5896356041259763
1081 20 0.9591112926816331 0.9484257021489046
1082 20 2.066808796037272 2.689121668936846
1083 20 1.50000000082477 0.6149480302822266
1084 20 2.23200072196693 0.6162526557905386
1085 20 2.43473592997398 2.714315370520149
1086 20 1.572837561933913 2.377878039824231
1087 20 1.03509893227149 2.374748244792602
1088 20 0.2745190539235681 2.725480948992681
1089 20 2.72548094899268 0.2745190539235678
1090 20 0.274519052510152 0.2745190525101521
1091 20 2.728215517586928 2.728215514621132
1092 20 1.331963332487991 0.843356872424009
1093 20 2.474278583987075 1.124999998407935
1094 20 2.474278572286623 1.499999984331851
1095 20 2.474278577386633 1.87499998552445
1096 20 2.474278569295569 2.249999969014859
1097 20 2.476065004589407 0.7531067200068315
1098 20 0.5843528228895003 0.8628712197796302
1099 1.800000000000004 3 2.65358984150883
1100 10.2023930776873 3 0.3496602407245932
1101 12.19999999999999 3 2.653589841508829
1102 17.4 3 2.653589841508829
1103 15.4 3 2.653589841508829
1104 13.41169295702169 3 2.633439102669788
1105 6.599999941045461 3 0.3464101043456754
1106 4.598519725200386 3 2.658331544163784
1107 3.043444580940285 3 2.668470264374654
1108 8.599999999999994 3 0.3464101610551216
1109 16.59999999999999 3 0.3464101610551216
1110 14.59999999999999 3 0.3464101610551216
1111 11.4 3 0.3464101610551216
1112 3.800000523524581 3 0.3464097760709274
1113 18.2 3 0.3464101610551232
1114 5.400964719245628 3 0.3481471468740711
1115 9.400000000000002 3 2.653589841508827
1116 7.399999999999995 3 2.653589836380926
1117 19.69588270316365 3 1.688037196015351
1118 0.3731264272298702 3 1.323515952372008
1119 12.99608309209852 3 0.3440729857924476
1120 2.198328786890379 3 0.3487708024561942
1121 10.60236851277829 3 2.659704781947968
1122 6.198327461257055 3 2.658681537061238
1123 18.6 3 2.653589841508829
1124 8.600000023826544 3 2.653589825389046
1125 16.57263354873716 3 2.649591980186059
1126 14.59999999999999 3 2.653589841508829
1127 11.4 3 2.653589841508829
1128 3.798611419476011 3 2.658151578913135
1129 4.599999013104657 3 0.346410383478615
1130 15.40001097215622 3 0.3479812392425161
1131 12.19978461044689 3 0.3477090278737393
1132 17.4 3 0.3464101613756154
1133 13.78277619727663 3 0.3525160344444704
1134 9.399999996744588 3 0.3464101627853792
1135 7.400076868032974 3 0.3460092317707213
1136 1.397403715882753 3 0.3471010600854934
1137 2.99998309607837 3 0.3463976865191637
1138 5.398425511380093 3 2.658507444159914
1139 1 3 2.65358984150883
1140 19.01539682203695 3 0.3365407876125703
1141 0.3653355015358173 3 2.06057015600299
1142 19.64253750179923 3 0.9306084957741649
1143 0.6231192853637246 3 0.3416618142792878
1144 19.4 3 2.653589841508829
1145 1.007617140457004 3 0.343824648094299
1146 1.198888090605351 3 0.6863749992625151
1147 1.593136226745106 3 0.6918438831487865
1148 1.391872437269207 3 1.034757655945242
1149 1.788352849061788 3 1.037024888684224
1150 1.586781880733415 3 1.37750212500897
1151 1.983884511919584 3 1.381738671268972
1152 1.191795863840216 3 1.374353314827675
1153 1.386162398664116 3 1.713871308461173
1154 2.186528847606262 3 1.039997389694248
1155 2.381374610120083 3 1.385763066385246
1156 2.17929608181063 3 1.728299331441807
1157 2.577648512457134 3 1.732862726156523
1158 2.780457536815 3 1.38939033857048
1159 2.978305109577747 3 1.732227925655661
1160 3.179855329279768 3 1.392546599517008
1161 3.376713797041713 3 1.734324690747493
1162 3.579422286946269 3 1.395823342479406
1163 3.779347661416853 3 1.737214147749853
1164 3.979434525312449 3 1.399173015747271
1165 4.177709477409516 3 1.740578987996236
1166 4.379211277222808 3 1.402226767231292
1167 4.580141713958346 3 1.743904735072364
1168 4.779558711492026 3 1.405543129076563
1169 4.978118842049103 3 1.747417810404174
1170 5.178885139123736 3 1.410501820132348
1171 5.375736986375477 3 1.758685491534251
1172 5.578778853700994 3 1.414498288990416
1173 5.774079257819565 3 1.757307191294691
1174 5.978826530008259 3 1.417724618432568
1175 6.178020013707219 3 1.75889842102672
1176 6.378926656483451 3 1.420934534608018
1177 6.576787883453983 3 1.761761465399107
1178 6.778908303700323 3 1.424396524527277
1179 6.971970678118925 3 1.765378473518916
1180 7.178767029458108 3 1.428566889342677
1181 7.370415067271905 3 1.799688756598977
1182 7.577546832223657 3 1.431038678046936
1183 7.775610337469542 3 1.780384600459708
1184 7.978387171816845 3 1.43265418315646
1185 8.177594242850759 3 1.778220938120583
1186 8.379023545238013 3 1.435774053072966
1187 8.577894617725248 3 1.774120531955919
1188 8.780004582647615 3 1.438826920384175
1189 8.979835214090548 3 1.780478269080563
1190 9.180015676278934 3 1.441988216749421
1191 9.375543961567857 3 1.794845505638735
1192 9.580660408901165 3 1.446076938420259
1193 9.77609789555536 3 1.800922353716104
1194 9.986993856545949 3 1.448230118997434
1195 10.17847862929796 3 1.79687702317035
1196 10.39297569815392 3 1.45477066381915
1197 10.57667405608536 3 1.797967623428232
1198 10.78733108298866 3 1.461782500694126
1199 10.97791383548112 3 1.807477719525992
1200 11.18193718641794 3 1.464814592149261
1201 11.37696702729584 3 1.812338775130091
1202 11.57993051908776 3 1.468299408820543
1203 11.77620523354618 3 1.816354964663047
1204 11.97865584441932 3 1.468349044807537
1205 12.17577680564656 3 1.819910542871752
1206 12.37991069556856 3 1.470650487660556
1207 12.57572620157692 3 1.823472521024062
1208 12.77975139153098 3 1.473471247443251
1209 12.97570059135215 3 1.827025197680212
1210 13.18102596818227 3 1.476793157429028
1211 13.37512899277317 3 1.835627572007372
1212 13.57850312773527 3 1.486408573352671
1213 13.77563594581721 3 1.841325978541919
1214 13.97846756171523 3 1.490863334033297
1215 14.17537067184107 3 1.840762273215636
1216 14.37820477226397 3 1.492999875244754
1217 14.57520558074717 3 1.842302837914255
1218 14.77863647391104 3 1.495970330384357
1219 14.97531514192516 3 1.845457593687385
1220 15.17857137638508 3 1.494481737922957
1221 15.37476955006226 3 1.853011695494868
1222 15.58075257649074 3 1.496696085826492
1223 15.77561500742183 3 1.858082677561462
1224 15.97840511270339 3 1.508099454597332
1225 16.17776681440894 3 1.851911159138932
1226 16.37854920911519 3 1.511433512612417
1227 16.57524979283795 3 1.859918200063226
1228 16.77837244344669 3 1.515329765887616
1229 16.17965732244155 3 1.161768149680798
1230 16.9730717013335 3 1.867769114042852
1231 17.17816218456085 3 1.519269883618326
1232 17.37401355926553 3 1.868648867597575
1233 17.57783352733803 3 1.522942255891012
1234 17.77394798246959 3 1.87046996119928
1235 17.97718851176009 3 1.526154869120968
1236 17.78084346595225 3 1.178849158518958
1237 18.17842846291792 3 1.176920626585177
1238 18.37630001218385 3 1.52973040225665
1239 18.57764624827778 3 1.179220594911234
1240 18.7716570935579 3 1.531499382393232
1241 16.97951810079727 3 1.165618233634695
1242 14.98157675955596 3 1.152665566414184
1243 14.17548798478071 3 1.142620767259095
1244 2.374628963109824 3 2.07636083093474
1245 10.98174013963066 3 1.116514124639669
1246 13.38164209931828 3 1.138204990243032
1247 12.58419286035939 3 1.100307692738082
1248 11.78170745876327 3 1.12374441327982
1249 8.190452996706252 3 1.071097542573337
1250 9.813583057642191 3 1.087887776822271
1251 6.181944926943119 3 1.073139095685946
1252 6.772523278266608 3 2.117740071149765
1253 8.984745099849345 3 1.069821620039773
1254 7.97247099838696 3 2.128587895068846
1255 6.98339954383043 3 1.076558955787784
1256 9.992139404606039 3 2.177357697080286
1257 4.985705489796521 3 1.060767095797067
1258 4.184029335530127 3 1.049887473353221
1259 3.382531184417374 3 1.048242572473349
1260 12.77254283591119 3 2.171778339325908
1261 14.00669550973173 3 2.193338506660877
1262 16.01426107841209 3 2.233607276894744
1263 18.57245661116388 3 1.870760280290404
1264 18.9610929698075 3 1.874888174492282
1265 18.97069005097083 3 1.192090617467457
1266 0.9928171407174382 3 1.711643447685536
1267 1.975472598333155 3 2.072087906630958
1268 1.149056468569889 3 2.039882569463558
1269 3.591631145649426 3 2.066720792220871
1270 4.392071811546508 3 2.072356603047413
1271 5.192122461116286 3 2.078643444991779
1272 5.992236088359228 3 2.083887238899461
1273 9.170058157905277 3 2.122755530923472
1274 18.77816824383309 3 0.8499546682796915
1275 11.14175286256383 3 2.15480108696829
1276 19.15411386265705 3 0.878697025677779
1277 11.94130606499964 3 2.16184065993084
1278 17.98397924731078 3 0.8353659839814583
1279 17.58480782995205 3 0.8312551450450318
1280 15.17217616328614 3 2.193661177684072
1281 17.17209591890991 3 2.211575877014684
1282 0.8128454523565125 3 1.360354779105825
1283 0.7633912012796742 3 2.047826841013344
1284 18.7707628641328 3 2.222676578279781
1285 18.37329159236157 3 2.210003042956986
1286 19.15853798248476 3 2.21405109896027
1287 18.18638802676216 3 2.601533824126493
1288 2.195289955054037 3 2.413747196938528
1289 2.518121920280667 3 2.414917844301763
1290 19.36098421607672 3 1.195089179967253
1291 19.37157235514693 3 0.579332135559752
1292 17.97029746990593 3 2.242882778766484
1293 17.78795638229895 3 0.4873506745580137
1294 17.17414022271694 3 0.7338270419172218
1295 18.38115754892425 3 0.7425555808877233
1296 0.62608068085121 3 1.699006429833049
1297 0.6208736091820271 3 1.010947733979895
1298 0.5802564533950445 3 2.397426500187317
1299 1.001360583806346 3 1.031990251197228
1300 19.12066013931243 3 1.527608859834552
1301 18.63093704393722 3 0.384906611494814
1302 18.99498411984488 3 2.644874950782554
1303 19.57691905855327 3 2.270305451399786
1304 1.797457277083275 3 0.3478869121752408
1305 1.406560718224579 3 2.658557354697607
1306 1.600000002611317 3 2.308025746041311
1307 17.56800192253444 3 2.221725866993969
1308 16.97054856622022 3 2.636221074068797
1309 16.72915950279358 3 2.244416361229924
1310 16.99999999999874 3 0.3495364678753702
1311 16.580869786833 3 1.165298041601575
1312 16.38447720663344 3 0.8121046471296862
1313 15.98467190090119 3 0.8153047487108784
1314 16.19402141747151 3 0.423709977298763
1315 15.78502109375288 3 0.3578562843183695
1316 15.59706599350818 3 0.6996510358400759
1317 15.19601503410371 3 0.6917992966478255
1318 15.3844290150368 3 1.072566054183958
1319 14.77471982630422 3 0.776094745698838
1320 14.56927456018344 3 1.144202718234623
1321 14.36590942194559 3 0.7902548125194299
1322 14.00009032145321 3 0.7916578432836356
1323 14.20000000004368 3 0.4190977694358076
1324 13.54351224184778 3 0.7338869647194561
1325 15.77354887868574 3 1.155180067936253
1326 13.17225785086442 3 2.175585459492239
1327 12.8696925093383 3 2.58517546739039
1328 13.60873921079832 3 2.226991764035645
1329 13.85032359008541 3 2.586930417704965
1330 10.78028128418366 3 2.14505204771419
1331 14.37220883885681 3 2.186430887050743
1332 4.200386288370526 3 2.66177178893173
1333 3.992386284401448 3 2.328294114097937
1334 4.199999826374592 3 0.346410100718723
1335 4.399036227631576 3 0.693175189297634
1336 4.792746144352634 3 0.697476769476939
1337 3.999999999583654 3 0.6928203229916012
1338 3.597951468442059 3 0.6935518433920969
1339 4.582183667366737 3 1.049000264319119
1340 5.197660997672259 3 0.707511368893453
1341 3.400000000004784 3 0.3464101615165331
1342 4.999452486717715 3 0.3481358137538019
1343 5.598832164195608 3 0.7039254665414304
1344 2.599484247738772 3 0.3472825943252333
1345 2.799277303732701 3 0.6929749749153788
1346 2.396668282064578 3 0.6936965661075218
1347 8.999999998711052 3 0.3464101619690561
1348 9.19999999978968 3 0.6928203228131933
1349 9.599999990821084 3 0.6928203197877965
1350 8.797290315349271 3 0.6950308781561335
1351 8.400000007582229 3 0.692820318373656
1352 9.383420435549343 3 1.068387266618689
1353 10.02175275841584 3 0.7076098038262056
1354 8.200000041924769 3 0.3464101812454365
1355 7.998351421420375 3 0.691615797386157
1356 7.790213897628508 3 1.053733809004001
1357 8.586023577186976 3 1.060158108559445
1358 7.799834537870684 3 0.3457573366896713
1359 9.802295781567755 3 0.3489281280980992
1360 10.36901416542224 3 0.7255079924061165
1361 10.22190179164234 3 1.082163367827215
1362 6.6 3 2.653589841508829
1363 6.394399060401884 3 2.312987437471263
1364 6.999999998930109 3 2.486676796411555
1365 7.348493010539539 3 2.251871691248847
1366 10.20000000105162 3 2.653589841144536
1367 10.40000000084129 3 2.307179684640464
1368 9.7972564689662 3 2.575857365872374
1369 9.571928064427041 3 2.195812061177636
1370 9.002113476561737 3 2.659367668627047
1371 8.776177717797031 3 2.323707605507208
1372 8.400000022542439 3 2.307179684805278
1373 8.198061871295359 3 2.65911215363041
1374 7.800020603666384 3 2.658047844225738
1375 14.99609305488438 3 2.641888939377777
1376 15.59900236624796 3 2.262953765040401
1377 15.79508933646303 3 2.614757965653161
1378 12.6 3 0.3464101594305748
1379 12.79999999859309 3 0.69282032129797
1380 6.200513774287472 3 0.347411894600741
1381 6.400000000416327 3 0.6928200061765647
1382 6.7999992464585 3 0.6928198870305216
1383 7.000025243835033 3 0.346261106299777
1384 7.195837685371343 3 0.6937950769519884
1385 11.00166598148483 3 2.667991561783192
1386 11.80000000105161 3 2.653589841144535
1387 11.79988586541205 3 0.3468928993463832
1388 11.99999999978968 3 0.6928203228131902
1389 11.59732768910256 3 0.7011525344143359
1390 11.19999999675782 3 0.692820321546376
1391 12.19722250008514 3 1.07919082768718
1392 12.39999999924154 3 0.719302183313425
1393 12.97246684397198 3 1.070237748425346
1394 5.000411665160263 3 2.662078184242767
1395 4.792672639881374 3 2.32993165377499
1396 5.800438227655134 3 2.662380456971086
1397 5.592577410955837 3 2.331485924486146
1398 3.399999999345589 3 2.653589838864054
1399 3.199999997382353 3 2.30717968169527
1400 12.33402155552609 3 2.196780578297268
1401 11.51968706598051 3 2.156312109274729
1402 11.00123685724557 3 0.3488305166255831
1403 14.77641276090788 3 2.201285550881251
1404 11.38407466547781 3 1.112431873163053
1405 5.784721414172244 3 1.071150468557551
1406 6.583037929535376 3 1.074858163208902
1407 3.78234737427093 3 1.05165637003454
1408 16.7845433865919 3 0.8225946603910167
1409 3.197245035018121 3 0.6935917592995258
1410 2.773874057076945 3 2.080583893510032
1411 1.782181804836391 3 1.717872715012552
1412 17.38176145797316 3 1.168041341453897
1413 5.800703272149054 3 0.3493343258042263
1414 16.34412135307621 3 2.346730483517233
1415 14.99822547938837 3 0.3514985886875672
1416 2.983496491202565 3 1.046239094405734
1417 7.372336087376341 3 1.065396658010264
1418 10.59955828022303 3 0.3544001253666615
1419 18.17378361831451 3 1.87190221016045
1420 2.58679882203031 3 1.042575623137393
1421 1.994780325164079 3 0.6930381157093493
1422 12.57208182651478 3 2.514902081292478
1423 5.996021392609659 3 0.7100886189200079
1424 10.80955797721438 3 0.7597532889541276
1425 0.8106172456747629 3 0.6824777501900007
1426 19.34676996554876 3 1.881967792815864
1427 17.79341270950778 3 2.65739301245832
1428 5.383931407779517 3 1.071588921119439
1429 7.595642579746112 3 0.6946733192930605
1430 13.38212394511802 3 0.3505024718934328
1431 13.77975163773289 3 1.136765882787906
1432 0.4307144872670179 3 0.6643305715164229
1433 14.233960008879 3 2.542958383378426
1434 13.17851094694503 3 0.7311735328124931
1435 19.69721387782418 3 1.312499999994937
1436 16.20933169741243 3 2.664947022147927
1437 10.62499020119343 3 1.111719962809418
1438 0.271552068669255 3 1.687499999994989
1439 0.6000000000000476 3 2.727243894142533
1440 7.658891474419081 3 2.092832156415776
1441 0.9850505573646515 3 2.321587834746714
1442 0.2828894050757178 3 0.9705467750894911
1443 0.2783882408378737 3 2.429952857104187
1444 1.560137444696778 3 1.995994977275519
1445 19.7042621546502 3 1.979558653439413
1446 2.199999999999982 3 2.743781944434926
1447 19.4 3 0.2531586234133789
1448 19.69611676309879 3 2.557799508042358
1449 2.599999999999977 3 2.74618997854231
1450 3.174228160362524 3 1.988358731669582
1451 3.600000001311127 3 2.405803669152268
1452 19.6933028701116 3 0.3470588956200349
1453 0.3314999314952836 3 0.3071545024851671
1454 3.973751345426791 3 1.991569888574238
1455 4.399999999696027 3 2.409975203691466
1456 7.657920586554017 3 2.398746232707739
1457 1.281444916886588 3 2.343062135892514
1458 4.773612910652751 3 1.994740283172289
1459 7.080619984641235 3 2.067192607995804
1460 5.200000000743897 3 2.414083191385496
1461 19.45598054793365 3 1.486508527787351
1462 5.573574802624936 3 1.99788981856407
1463 5.999999996670681 3 2.418180346843323
1464 2.812999160163859 3 2.407481196167807
1465 6.373564845775803 3 2.001024322609501
1466 0.3050168271249944 3 2.725031450967072
1467 8.000000056640141 3 2.428462188259226
1468 8.373569673213922 3 2.008799362785784
1469 8.740036214120771 3 2.019403995478593
1470 9.176448757445916 3 2.419065218473846
1471 19.01088046224343 3 0.6261685549167914
1472 7.00000000000002 3 2.782300206702772
1473 1.888379163823256 3 2.35022035695714
1474 10.3735815097617 3 2.01648322337086
1475 19.75171506835277 3 0.6207899118653259
1476 10.80000000033402 3 2.44300193321654
1477 11.2000000007157 3 2.445094701081314
1478 11.61686864315355 3 2.440661163709453
1479 19.74625083570461 3 2.786388464909406
1480 11.95571816891679 3 2.445063015636011
1481 16.37341187134537 3 2.062363366993663
1482 6.728730169200832 3 2.399338210194345
1483 17.8 3 0.2027859399342807
1484 12.6 3 2.797876461589384
1485 0 1.290107747650058 2.665365836415583
1486 0 1.285536902362114 0.3372731466042556
1487 0 2.675240472577416 1.68750000088348
1488 0 0.3247595283929257 1.687499999994989
1489 0 2.098087000716203 0.3378805592564446
1490 0 0.3134795598775941 0.9384325985204944
1491 0 2.095022121335057 2.663888954520566
1492 0 2.677009981318114 0.9405648843695176
1493 0 0.3444926788043174 2.439893500255981
1494 0 2.682460481848217 2.435910986792811
1495 0 0.5607280701307031 0.3623086112486931
1496 0 2.676443808891571 2.062235165021056
1497 0 2.350681503969429 1.874955864306643
1498 0 2.350514372247202 1.499992648181959
1499 0 2.025760418853201 1.687491425694514
1500 0 2.025721420013778 1.312500007821157
1501 0 1.700968395393452 1.499998580812712
1502 0 1.700962976242331 1.124999771303519
1503 0 1.376203633481685 1.312499734121027
1504 0 1.376203667127733 1.687499726227472
1505 0 1.051443274169948 1.499999919696181
1506 0 1.051442996647206 1.874999979543019
1507 0 1.051443126515629 1.124999953155603
1508 0 1.382131983335213 2.05222998888796
1509 0 2.01948129014621 2.051613837275772
1510 0 2.019441539395866 0.9483773498962085
1511 0 0.726683322015274 1.312500017405741
1512 0 1.697321085977874 0.7645867941958011
1513 0 1.079107574328036 2.308507193280565
1514 0 0.7266833276090456 2.062500011689365
1515 0 0.71716741996942 2.42857228634024
1516 0 0.7430296367314924 0.9401416790095524
1517 0 1.079355800614314 0.6988114028348575
1518 0 0.928645329555609 0.3310359187156179
1519 0 0.3247595246492274 2.062500003064182
1520 0 1.693680659716582 0.3845178006556616
1521 0 1.694415918012262 2.618195816838419
1522 0 2.455817738234202 0.3238814853246527
1523 0 2.67554096085568 1.313009589958379
1524 0 0.3247595285540075 1.312500000461368
1525 0 1.376202367597865 0.9375000111174886
1526 0 2.349784869319697 1.127407415205698
1527 0 2.324862818410878 0.6981093250249587
1528 0 1.700917942621447 1.871472260110455
1529 0 1.699461131242794 2.223604635921787
1530 0 0.7266833278324762 1.687500014547553
1531 0 2.318748711920941 2.306671151735198
1532 0 2.693955900981821 0.566215361640757
1533 0 0.2787769441806032 0.5755611635342336
1534 0 2.440783090702713 2.687858348482424
1535 0 0.9332979597375433 2.688936034319601
1536 0 0.7671387642463205 0.617080865541908
1537 0 0.5652904246463413 2.714269555873253
1538 0 1.426419363270199 0.6245378309134892
1539 0 1.42411164642701 2.374237695762947
1540 0 1.966678621368775 0.6266943660018545
1541 0 1.971887331194357 2.372635117786015
1542 0 2.725480945846108 2.725480948908561
1543 0 0.2745190510069704 0.2745190539233215
1544 0 2.725480947545703 0.2745190514882703
1545 0 0.2717844841205466 2.728215515879347
1546 0 0.525721422105434 2.250000002100409
1547 0 0.525721421323837 1.875000003535827
1548 0 0.5257214221529223 1.500000005080147
1549 0 0.5257214331892985 1.125000020047948
1550 0 0.5239349851341726 0.7531067169817343
1551 2.951539271715161 0.3693652449312833 3
1552 4.200567040097865 0.3610247651028948 3
1553 5.400000000100873 0.346410161944613 3
1554 6.600000000325155 0.3464101620008195 3
1555 7.800000000044435 0.3464101614773801 3
1556 1.863458400518122 0.3775743667890606 3
1557 18.21164436358216 2.661093936313527 3
1558 16.98765659499633 2.679944592088323 3
1559 15.78163127048596 2.650912179653414 3
1560 14.61333418304719 2.682050650611485 3
1561 13.409547056681 2.678053652786967 3
1562 12.20955976351061 2.682176424309034 3
1563 11.00683598917118 2.676953920588184 3
1564 9.819939296520937 2.648215441775935 3
1565 8.60000000000001 2.677246495518686 3
1566 0.2970556931952159 1.67598418917877 3
1567 19.63501306784783 1.339624444723944 3
1568 7.001250165853227 2.612807337727866 3
1569 5.806531665093577 2.635869488162078 3
1570 4.604903719259441 2.626788251161684 3
1571 3.41490870016677 2.605440227693367 3
1572 9.410394069577013 0.3713464867611025 3
1573 10.60000006755626 0.3464102145123837 3
1574 2.20914113261269 2.628926364481939 3
1575 11.80544559269564 0.3495541740145605 3
1576 13.00616998590496 0.3568147736219408 3
1577 14.20002084648243 0.3465287405170576 3
1578 15.40008234792303 0.34650940303068 3
1579 16.60002516744746 0.3463923653760385 3
1580 17.80226844764342 0.3475180049162199 3
1581 8.607481013955866 0.3550887556145786 3
1582 7.799999999999997 2.653589838486223 3
1583 18.60263533400983 0.3461177928871013 3
1584 1.409584369820063 2.612339397808678 3
1585 0.9247681992344037 0.3075868217139898 3
1586 19.01031604845114 2.653544051450365 3
1587 0.3526413153538659 0.9256725893703285 3
1588 19.65397571801319 2.059041752176916 3
1589 19.38066537200384 0.3322809744669217 3
1590 0.5666829767044251 2.645587902434421 3
1591 19.00133703472612 0.3438432715518199 3
1592 18.80394096256977 0.6872373388999018 3
1593 18.40686377357985 0.6918438832697851 3
1594 18.60848287275777 1.032843679634274 3
1595 18.2117401429894 1.036613578183966 3
1596 18.41338929328996 1.377294821220235 3
1597 18.0163983606443 1.381670830238698 3
1598 18.80911808181703 1.373550882617685 3
1599 18.61455129923017 1.716906398459942 3
1600 17.81437335210492 1.039990490122339 3
1601 17.61847117686325 1.386122912976707 3
1602 17.41371559789041 1.04205192143054 3
1603 17.21982811859452 1.389685927341602 3
1604 17.42258960089113 1.733402732583103 3
1605 17.0232822618682 1.721211170112299 3
1606 16.8204631754656 1.390803999974141 3
1607 16.62381789386885 1.721972802463992 3
1608 16.42091359693343 1.393372047584181 3
1609 16.22417723639654 1.724342223931523 3
1610 16.02120382780985 1.396653193290546 3
1611 15.82440992382638 1.727845010268808 3
1612 15.62144481577987 1.404422166244425 3
1613 15.42472428422796 1.749115138525885 3
1614 15.2169145316612 1.399282574932691 3
1615 15.02407152601208 1.754323468029799 3
1616 14.81909894108633 1.405236257389165 3
1617 14.62436193094078 1.758707204423996 3
1618 14.42167368372851 1.415684592995334 3
1619 14.22486418042635 1.763701657183772 3
1620 14.01683876617045 1.407422665476886 3
1621 13.82416177392297 1.765671875575958 3
1622 13.61903347350214 1.414150774804242 3
1623 13.42442714088851 1.769637125015715 3
1624 13.22149650332677 1.421238730915076 3
1625 13.02489637046541 1.773994657351722 3
1626 12.82250751865254 1.422908012135217 3
1627 12.62515654046764 1.777512869157849 3
1628 12.42197277479124 1.433401606534987 3
1629 12.22512361119546 1.782362065190043 3
1630 12.01876452676549 1.428940919315308 3
1631 11.82459580411144 1.784940671506466 3
1632 11.61614556764569 1.420791001632162 3
1633 11.42408351997662 1.786525645621565 3
1634 11.21873053408744 1.431302612389756 3
1635 11.02444101473901 1.791055300648409 3
1636 10.81813772750737 1.435695103235795 3
1637 10.62441375267896 1.795055874346151 3
1638 10.41586933008339 1.427464925165707 3
1639 10.24268271462944 1.785867265568821 3
1640 10.02165175145529 1.438052568744908 3
1641 9.845871505919822 1.849931788163043 3
1642 9.621932501813728 1.460914537404595 3
1643 9.425206496929242 1.809194376154546 3
1644 9.221953803052683 1.465056346804976 3
1645 9.025004766044775 1.789675418393176 3
1646 8.821897483298212 1.460964575211398 3
1647 8.624798164925409 1.788154670017041 3
1648 8.421865514129863 1.462542622821339 3
1649 8.224990358933898 1.814028798214722 3
1650 8.018814095074767 1.457926354456885 3
1651 7.824701114920367 1.820184346487364 3
1652 7.615609981320799 1.444421736832898 3
1653 7.424130735462995 1.821472972371668 3
1654 7.218117318125724 1.460275072327259 3
1655 7.024620121657373 1.843257046909429 3
1656 6.818154344714991 1.468075111507946 3
1657 6.624719703146355 1.850701202921514 3
1658 6.41528614534749 1.455105074961114 3
1659 6.224300648512111 1.855533245105522 3
1660 6.017883572680864 1.473523178987183 3
1661 5.824675556409255 1.861921739765257 3
1662 5.618151279155602 1.479049219482325 3
1663 5.424609255150023 1.846767803470624 3
1664 5.21505138917496 1.460183603969771 3
1665 5.024078565348671 1.84203729233582 3
1666 4.817600480011286 1.477910455055706 3
1667 4.624426811186828 1.846716819235052 3
1668 4.422042828900587 1.50438594345668 3
1669 4.225389225254704 1.857631724498785 3
1670 4.027026840772861 1.495067077601504 3
1671 4.613475873160093 1.137412970885085 3
1672 3.826254042158571 1.858776656561439 3
1673 3.624756284912328 1.506394863158966 3
1674 3.425757687862202 1.864533723631968 3
1675 3.222723259943838 1.519208557339671 3
1676 3.025490848157833 1.869517677106111 3
1677 2.822353591438225 1.524751512535386 3
1678 3.428693579475432 1.108752440273697 3
1679 5.809838519187733 1.092461053552879 3
1680 2.628764657973942 1.871335763151387 3
1681 2.422863442023337 1.528574904951192 3
1682 2.234600403349104 1.882734527517402 3
1683 2.024248420279833 1.532701651785129 3
1684 2.219549739418353 1.184732257933378 3
1685 1.820248087414613 1.168198862528129 3
1686 1.624679770233299 1.530903185553011 3
1687 1.42307504672529 1.168907869407371 3
1688 1.229218370523941 1.533117501252932 3
1689 7.010019155621951 1.086249044381123 3
1690 9.818658511542502 1.112634708650183 3
1691 16.41444225034306 2.063934654033422 3
1692 8.214639617282117 1.097092464999801 3
1693 11.01048282781298 1.06791720241945 3
1694 9.024250025693998 1.100224492239264 3
1695 15.22794559546812 2.099911182270894 3
1696 12.21423950318031 1.071975220321682 3
1697 14.02808676341632 2.11183303286978 3
1698 13.41250969224342 1.051932242268764 3
1699 14.61116213562845 1.052784400508068 3
1700 12.82830734324193 2.123074633841475 3
1701 15.81018996493818 1.046480903681485 3
1702 11.62811680271929 2.133944020835925 3
1703 10.44986210626074 2.132063927496111 3
1704 9.150100564599317 2.177209497178335 3
1705 6.420518907253232 2.209387454567518 3
1706 5.21765253817115 2.210862249620375 3
1707 4.027416733408406 2.205056689355501 3
1708 1.429103885571711 1.875764402064805 3
1709 1.036885112256813 1.879870653254009 3
1710 2.821860704853291 2.229636161292498 3
1711 1.029479695520391 1.194006028601118 3
1712 19.00869094638279 1.713228602396045 3
1713 16.61759984735646 1.049073031948461 3
1714 18.81512772297899 2.04428683405669 3
1715 18.42066394368307 2.047188192537521 3
1716 17.17905099266794 2.089275065856405 3
1717 17.61751114590952 2.078393704112656 3
1718 1.220952436274719 0.8563232077000739 3
1719 2.022086599933282 0.80942333667608 3
1720 2.41677160838098 0.8314486714149333 3
1721 0.7983272990550879 0.8977902334970973 3
1722 8.08428440929424 2.145318213357846 3
1723 7.218011340826919 2.230376573987182 3
1724 17.44579532045386 2.420764156814085 3
1725 19.20923854646482 1.363424326391551 3
1726 19.22118013065163 2.040017439127004 3
1727 18.61458540216937 2.398354518051825 3
1728 1.22352602555817 2.243472681006808 3
1729 1.62521597086665 2.236798468231401 3
1730 0.8166629842019361 2.264004914776195 3
1731 2.285743668713931 0.4860119679028154 3
1732 1.62057255082495 0.7582526292159749 3
1733 0.6402814476507257 1.210843069291125 3
1734 0.5848690645845699 0.5711555675636678 3
1735 17.88794645851587 2.383951045920492 3
1736 1.817212568287481 2.62605512663924 3
1737 2.036035738920701 2.253322328353541 3
1738 2.613424003119872 0.5285379667850043 3
1739 2.815622666120674 0.8327209307599474 3
1740 3.21950839469279 0.732692925724245 3
1741 19.40007382911105 1.711200390569853 3
1742 19.39074283224462 1.010478862267475 3
1743 19.42028586818813 2.403033909890221 3
1744 19.0035944847773 1.024318290617926 3
1745 0.8552296616481605 1.531914558867561 3
1746 1.350260268204002 0.4199158902446984 3
1747 1.001207255144168 2.635436513551323 3
1748 0.4373678084675008 2.26685714435422 3
1749 18.20371868180315 0.3469614817164177 3
1750 3.400251585285937 0.3515160727483457 3
1751 3.618150239858933 0.7118498282996658 3
1752 3.843353358407398 1.060803309148343 3
1753 17.81947981083294 1.728828737476981 3
1754 15.64665145211144 2.098248077845205 3
1755 15.4444663396116 2.430633611248251 3
1756 15.03138748640011 2.449086364424674 3
1757 3.219457070967622 2.23882946014731 3
1758 3.62872448476559 2.210259132673663 3
1759 3.815750673023041 2.594490761226631 3
1760 14.4279043545714 2.08998657883371 3
1761 14.28855044262215 2.408827062705213 3
1762 13.83152054057537 2.46048799711351 3
1763 13.22799034979224 2.100000379423647 3
1764 13.08798412095898 2.415482103269296 3
1765 12.6263790102983 2.463670024363907 3
1766 12.02804449999364 2.110342024911924 3
1767 11.88797241838808 2.423477201496841 3
1768 11.42596797800225 2.469770370065498 3
1769 10.83154178443662 2.117739926105692 3
1770 10.69173340920776 2.42729808196029 3
1771 10.25683526304328 2.444274867660984 3
1772 9.89088661708502 2.252665840351734 3
1773 5.617200531495622 2.252427667382902 3
1774 4.42236292847826 2.211980698671096 3
1775 8.199999999982632 0.3464101615139705 3
1776 8.00145240348931 0.6980117699958507 3
1777 7.600710417763924 0.6934151617587997 3
1778 7.809006102898583 1.071412593122001 3
1779 8.415019631268175 0.7343676988475364 3
1780 8.819782135722908 0.7205106342151738 3
1781 8.619575734565878 1.095950414722418 3
1782 9.222529328459155 0.7454304548881835 3
1783 7.400118403116881 0.3465093014070635 3
1784 7.202276346695498 0.7005020106694214 3
1785 7.000399125169293 0.3477069662893846 3
1786 6.802115771567484 0.7021531653260529 3
1787 6.400586234396389 0.6942409253266807 3
1788 6.60792721407846 1.07404076234516 3
1789 6.200097705935507 0.3466469292253042 3
1790 6.001987348887395 0.7018334416059183 3
1791 5.800347509301507 0.3479518097028853 3
1792 5.602028896174717 0.7034512128118307 3
1793 5.200338149191253 0.694592138296133 3
1794 5.407568038694544 1.078161285491184 3
1795 5.003281943819921 1.057798139562379 3
1796 4.800405200743211 0.7199757801600138 3
1797 4.386307719317118 0.8024042072424581 3
1798 8.200000000000051 2.653589838486251 3
1799 7.407968851177047 2.611554806132171 3
1800 6.806422740226798 2.219146891525419 3
1801 6.601501197196592 2.61766796228176 3
1802 5.402513650070508 2.636552097458282 3
1803 6.023395352096234 2.284082361475043 3
1804 5.00638772255522 2.590975405512017 3
1805 3.00478116292415 2.629064653633748 3
1806 2.609993902796421 2.599985673488632 3
1807 8.994059591023728 2.627069854903334 3
1808 8.733133529845952 2.352700558579532 3
1809 9.399999999999997 2.537135497468578 3
1810 16.99992151635315 0.3464087685353347 3
1811 16.80149724164468 0.6935041670807639 3
1812 16.40321459815647 0.694838111805587 3
1813 17.20526095693242 0.6946296719696022 3
1814 17.4033672871059 0.3476015597951009 3
1815 16.20058470313407 0.3467657383840612 3
1816 16.00537059179241 0.6967092486378085 3
1817 15.80104048932056 0.3471523541937705 3
1818 15.60284529053361 0.6948548109328724 3
1819 15.20199261868318 0.6925022530703346 3
1820 15.40744332264328 1.043624117037385 3
1821 15.00037976095499 0.3465031915249797 3
1822 14.80372918632062 0.6944227919074923 3
1823 14.60072169153744 0.3468024959219769 3
1824 14.40258824735266 0.6955242678565353 3
1825 14.00173316653941 0.6926638567221807 3
1826 14.21032142425254 1.049784126960331 3
1827 13.80029908285077 0.3465042670874658 3
1828 13.60479837664614 0.6936728014706611 3
1829 11.4009076254199 0.3469341600166977 3
1830 11.60214810518442 0.6928027175298698 3
1831 12.01121355301352 0.7072097709565811 3
1832 11.2033456995264 0.6970569743599677 3
1833 11.81150777813641 1.059529476185438 3
1834 12.41840191494965 0.7197961842033008 3
1835 12.61937256829748 1.070501660450596 3
1836 12.81360772488039 0.7178369027075383 3
1837 12.21554454574222 0.3618998461728601 3
1838 11.00070892384122 0.3472036138035888 3
1839 10.80000015057212 0.6928203339324842 3
1840 10.40092990049379 0.6922836272560282 3
1841 10.60849978332319 1.058698501708258 3
1842 10.20015503275826 0.3463208241616808 3
1843 10.00000018792211 0.6928205762140691 3
1844 9.805752466164522 0.3649917673829405 3
1845 16.59794531668161 2.674482558868235 3
1846 16.80000000000004 2.307195140830287 3
1847 16.19659864864786 2.673124010554638 3
1848 16.00952633005883 2.312842928279711 3
1849 4.597879993355452 0.3716358189643654 3
1850 4.999940274157217 0.3487595700202472 3
1851 7.679870921668799 2.247728302146556 3
1852 11.22743510731814 2.109667342609393 3
1853 12.42724623651869 2.10184934689571 3
1854 13.6277760356174 2.092815595533989 3
1855 13.40293327195045 0.3477602196195861 3
1856 14.82768795125253 2.082727183804864 3
1857 16.21446337489961 1.048053620180244 3
1858 3.019157207455869 1.17683914932395 3
1859 2.619386375806239 1.179844571153131 3
1860 17.01419661880571 1.044275595994787 3
1861 18.03226243223536 2.047790392891685 3
1862 8.482397350820529 2.095076612813396 3
1863 13.01597103228692 1.062331170669107 3
1864 6.208918172429722 1.081867406129823 3
1865 1.828980698203549 1.885370760584215 3
1866 17.60954010730747 0.6953580773211759 3
1867 9.419612996564986 1.11654845581743 3
1868 18.2194575233193 1.716613228804177 3
1869 7.409289887071081 1.07604593651525 3
1870 18.00808408423803 0.6930475859216504 3
1871 0.6104274960345573 1.871263794005438 3
1872 19.19304292830999 0.6796625593215865 3
1873 4.221715256152423 1.148606248073299 3
1874 10.20697301256723 1.044942554526121 3
1875 13.20933168065204 0.7050580183929327 3
1876 11.41039341873222 1.061566664086107 3
1877 9.010031091280252 0.3653960552465064 3
1878 13.81087248322568 1.051604411283844 3
1879 4.816635380833262 2.221560119422674 3
1880 15.01005678933717 1.047975399140856 3
1881 4.215086183533705 2.589186766993374 3
1882 19.62641457716508 0.6297961197055355 3
1883 4.014333168070012 0.711997069182896 3
1884 3.805550338883535 0.3560646225556337 3
1885 9.619905407129174 0.7628808504667409 3
1886 12.60895402857579 0.35939128445094 3
1887 6.188062996814317 2.654210842371663 3
1888 2.435529885302777 2.227576460331422 3
1889 0.3011738630258954 1.312500000003655 3
1890 19.73781252299442 1.696973317492138 3
1891 9.570166996024854 2.135411137382146 3
1892 19.39105509214491 2.757745948339553 3
1893 19.01629903448785 2.307847350515221 3
1894 19.7171105940329 0.9705467763563942 3
1895 18.60730916284053 2.742598501163144 3
1896 19.75978702605731 2.413845488484 3
1897 18.23342052003716 2.30767561714301 3
1898 0.2737349860162698 1.989802170865111 3
1899 0.6034343162397278 0.2461455925359944 3
1900 17.76968882649427 2.71413717942281 3
1901 0.2808730256707008 2.544532102622908 3
1902 17.38824623038676 2.733867407248814 3
1903 16.80811867974962 1.980717766659281 3
1904 0.3067283097704413 0.3032078346248363 3
1905 16.40000191299952 2.40615804987568 3
1906 19.70334031356421 0.2906036655309693 3
1907 16.02384143854725 1.985442578871734 3
1908 15.35922441624971 2.727301886780917 3
1909 15.0007892171394 2.771687780363415 3
1910 0.540833632310911 1.52050112226931 3
1911 14.63777288357868 2.342535568075989 3
1912 14.15556752770745 2.719626577651516 3
1913 17.14339378310196 2.410031089754567 3
1914 13.79932702499276 2.771633645510398 3
1915 19.69518799773172 2.699937557785388 3
1916 13.436963620725 2.349367945625482 3
1917 12.96713216523075 2.735675662149449 3
1918 12.60061418780793 2.776304422164478 3
1919 12.23046641391518 2.354134463909068 3
1920 11.76708335236916 2.740456923953242 3
1921 0.9890454069298903 0.618874304758158 3
1922 11.40000000000001 2.779291700758705 3
1923 11.03670285362719 2.360285928265811 3
1924 10.14028282971981 2.083950787172212 3
1925 10.58514362617968 2.761303450478147 3
1926 10.20451298729911 2.780310935320062 3
1927 0.2488477379417754 0.5850071983123968 3
1928 15.71662248862652 2.374503000766478 3
1929 8.820906617695101 2.026194444635534 3
1930 9.655263776637494 2.405541400158396 3
1931 2.199999999998222 0.2058134391507352 3
1932 0.2252608165688898 2.787257143373825 3
1933 8.386976576164489 2.435271888155005 3
1934 2.570298209483727 0.2348079605661445 3
1935 8.015421623176303 2.439100472327387 3
1936 18.52349470323021 1.515262907043781 1.500127175122604
1937 1.476434076386405 1.484460307157475 1.49999972046116
1938 17.01084353893653 1.496677904440928 1.497001919818115
1939 2.985164938290885 1.507568355355637 1.5
1940 13.82255728987638 1.49627588581611 1.49662528299611
1941 4.61303274615778 1.500052357291157 1.5
1942 7.022057344507706 1.49828218106101 1.501612232541341
1943 11.38064102693724 1.503119432237443 1.5
1944 8.622393438819381 1.497895933055374 1.497822621120466
1945 15.41814712726803 1.483122706002956 1.484631906289193
1946 10.00119132017236 1.621139018703621 1.622376387041141
1947 12.60060578665795 1.266828207943437 1.251750417431743
1948 5.817887974805696 1.764952263041194 1.280218050805515
1949 12.98753286485395 1.951152748205366 1.958498758186487
1950 14.60632023902849 1.971899995765941 1.98399863630919
1951 5.438357396010458 1.014410697530583 1.86706470424279
1952 17.77427596396928 1.007650614101436 1.022155615699802
1953 16.21404935532063 1.969243650064052 1.022968843752026
1954 10.59757285145889 1.017098692275205 1.034631218661945
1955 3.801199808079452 1.958852341650581 1.036309095868582
1956 14.59788338136382 1.006326616261005 1.02855853650509
1957 17.76189954851006 2.005698139725469 1.077345792460165
1958 9.396176173016517 1.014352628686729 1.023162935410776
1959 16.21468481156288 1.03365383894239 1.966380638914532
1960 2.222911200223741 2.011038851891163 1.932663802458409
1961 7.82101499744083 1.027102660547882 1.036577592241551
1962 7.823450893751117 1.975254889377409 1.968607420015704
1963 17.77092686227861 1.114108474252898 2.010075853537464
1964 14.5192193698432 2.000688952173717 0.9900091119687663
1965 16.20247091722849 2.023695008680034 2.025111168852122
1966 10.63657990541617 2.015065378200591 0.9684711883861193
1967 16.1167502614757 0.9852220756337533 0.9827939456076967
1968 3.796716231131901 0.9877676614262705 1.252823972996822
1969 14.49718718215304 0.9856207308301441 2.016037573139027
1970 3.800282055470177 1.760079016350685 2.010746073213626
1971 2.238120256053916 1.018046591221461 1.006526113081421
1972 2.287785774701446 0.9911335648406228 2.013031339938462
1973 19.04919495269067 0.9466692032490173 2.052863278634093
1974 9.319628361094555 1.011702240226653 2.015406533629062
1975 2.091313486881269 2.026461988719456 0.9602178289839971
1976 13.15862808415112 0.9763613415913071 2.01809476535747
1977 7.94517945481301 2.015291239477775 0.9792655164634234
1978 12.01443296215715 2.033668957447158 2.024296339128889
1979 17.92986983102968 2.062923201541242 2.022961770208838
1980 13.16707390570459 2.033389962057171 0.9855137114740411
1981 12.04289701900299 0.9743789491809672 2.023577927191611
1982 12.03594919961368 2.030854004517169 0.9838505834311468
1983 9.321921350309172 2.007679735744985 1.004526553210335
1984 7.68722559691174 0.97285625782149 2.019231427453943
1985 0.9565408079207317 2.06222678508606 2.059242582458014
1986 10.68589565816003 1.030804075191974 2.017005098844692
1987 10.77360155726611 2.036672991637157 2.035584199767331
1988 19.045570261391 0.935678834974105 0.9496672198525679
1989 0.897236840969218 2.092895219712932 1.129226005372319
1990 6.349772562594003 0.9751552086116846 0.982024665880459
1991 5.267232936953191 1.94656123581728 2.052459322143104
1992 6.404207709958427 0.9584869311757491 2.04399838895772
1993 19.07343299583038 2.072037760265094 2.036134983162019
1994 5.254055079533182 1.08145549704195 0.9375186276121064
1995 6.38693443906468 2.019582693909366 2.037916776175352
1996 0.8812379133824939 1.233651437419693 0.8812052770758898
1997 13.39132908117403 0.9110667487183882 0.918073169513322
1998 9.231244834891426 2.07012315469891 1.946520292611787
1999 0.8769531877723958 0.8838779597690382 1.790231036786792
2000 19.11535585551385 1.838986127824318 0.8926861586037511
2001 3.392863308024999 0.9115476779270408 2.089571639346039
2002 5.027597922241308 2.082805858189396 0.9029822438692525
2003 11.80589088187039 0.9100991752279953 0.9200498333254413
2004 15.36417510585722 0.8645718237793099 2.135855675738779
2005 16.95160741415372 0.8423545741876889 0.8336396594661765
2006 6.609522845217378 2.083634953570035 0.9044031606071309
2007 2.956646847911501 2.138632270943076 0.8944836656915661
2008 17.06527774691772 2.088707683660152 2.135221484173267
2009 17.00345835285385 0.8112913064997775 2.188664230713906
2010 15.37126708117226 2.074526886786029 0.8537143515107909
2011 13.79341555238402 1.969443778048492 2.18769276587225
2012 4.260299565409689 0.862219850284677 1.984438676498601
2013 3.046193486622428 2.160154378675507 2.155361877514902
2014 16.99857143097188 1.919674909197427 0.7939629498829204
2015 3.049182998433488 0.8142798362808248 0.9054755654817261
2016 15.40025954109455 1.965981091293746 2.205215606786401
2017 8.502863444563875 1.031755631520365 2.177737468369408
2018 18.41492414421401 0.7480239910771662 1.39417717535138
2019 10.00544052512862 2.153313062407558 2.216737977309938
2020 8.605396437642515 0.865319456658013 0.8019319897977633
2021 15.34838059354988 0.8425150277632384 0.7797707356241088
2022 4.379067546078888 2.228489332511554 1.725065144960863
2023 18.28990241525377 1.529415520273887 0.7555217705764429
2024 19.27194090679895 1.476604040514434 1.567336159549707
2025 4.294822086120313 1.389297189388361 0.7780313975573649
2026 18.57606694372419 1.510318924517184 2.263855139047796
2027 9.997786200819487 1.524291930486614 0.8116147780431905
2028 1.56542543407319 2.252217412361831 1.59277655077545
2029 7.020923645861363 0.7368592237229148 1.63010601357597
2030 9.992482212835332 0.8125895519499391 1.537667086992063
2031 13.82060148574558 0.7428740226613673 1.685550376068464
2032 7.32019006215087 2.223710272312365 1.41377087137759
2033 13.77950993427714 2.260311750402807 1.396644619126298
2034 13.92196174649114 1.587333295666506 0.7405629441962432
2035 7.319785429386485 1.578430963093732 0.7743703290824545
2036 11.35865310460502 0.752520004126615 1.71740985410319
2037 1.489456237062623 0.7881615737713582 1.123222089990379
2038 4.532798909584833 1.67933934862258 2.249276532076242
2039 1.733468779046129 1.488352277170651 2.232521077634808
2040 7.099325758268379 0.7760090862631925 0.8479364564199611
2041 11.37992134280332 2.266998238734723 1.58219355964615
2042 8.635130570132899 1.979443952862399 0.7146070955040271
2043 4.550749248273839 0.7785960488810534 1.198522333428586
2044 8.545697086126102 1.811914576587494 2.221795467819768
2045 11.38419636167565 1.31365628899998 2.251770224818686
2046 18.36455424469255 0.7410988582264391 2.25890114156727
2047 18.37300332644181 2.251434818412241 1.443381887164663
2048 16.78234887704411 2.243059051015244 1.446901218320281
2049 11.42075578047424 1.551481020070935 0.7328969955928931
2050 8.50195831919056 2.254286535532867 1.591135064820404
2051 18.43033363682135 2.251679774300484 0.7083114333400432
2052 7.161155262804351 1.671867748527317 2.250317576597924
2053 1.647713332668026 1.439239430304755 0.7574827690621118
2054 17.27064848003981 0.7343628260420731 1.497816074661942
2055 8.792414244931894 0.7586778128911058 1.531168603359093
2056 0.7025537968879594 1.40164010296922 2.324516745474177
2057 13.82756710064806 1.221481909556614 2.266706485636618
2058 2.861166095422624 1.429747522470856 2.247837229565247
2059 12.68612569902007 0.7236548800512914 0.7401413594525961
2060 0.6911884455521317 1.556306709510397 1.624442572718954
2061 3.378725258368682 2.31308251752083 1.50558348354871
2062 12.60126977316289 1.398599232741249 2.277062416802928
2063 15.65744367559483 2.192561645485245 1.537475766795068
2064 15.61576729667898 0.7238306912849268 1.456900680291609
2065 16.6495588901195 1.513290024126978 2.301810573879211
2066 9.999559373405658 1.228965958185273 2.271410605603077
2067 12.49225973657502 2.27094013063492 1.513086608663047
2068 18.37446383202266 0.8300380190034571 0.692862425487301
2069 5.895808625362291 1.482104616277841 2.251252173991798
2070 1.459031379738231 2.2844332311827 0.7073716369740016
2071 5.797081368373437 2.275583611730803 0.7292672651876334
2072 9.984877456957122 2.273865073599562 1.245434952231395
2073 1.564701122880696 0.7512642819795287 2.103168339582983
2074 2.750838624226647 1.457390004189647 0.7249417544098526
2075 19.29792988265005 2.320128651928162 1.376836550052634
2076 16.56154368906169 0.6847982611476108 1.451160599530609
2077 15.01907308214215 1.473510944053182 0.6849116910988782
2078 14.03946592965921 0.6923024037892102 0.7131096458194419
2079 2.854319860986849 0.7262432166055608 1.615184958254976
2080 12.62082405257377 0.6791101122268709 1.655650956858618
2081 11.35140337760782 2.285461588778817 0.838232163480785
2082 14.95717594265063 2.309536118938095 1.461805089633706
2083 1.744962461676121 2.323414082732439 2.32384081197053
2084 15.78351634045898 1.528304701922129 0.6768351141893084
2085 5.756982532996231 0.7060149406200018 1.296185191481012
2086 12.60263796095058 1.713860644007043 0.7038793514410129
2087 19.37565589894602 1.488309746396232 2.210754377680467
2088 14.96728344521017 1.420018460502885 2.311103379682468
2089 2.58044419517464 2.339420654856622 1.439494110534968
2090 5.378293958878706 2.324723129713805 1.466337038048103
2091 3.483489379036441 1.378304024766444 0.7119252409567433
2092 11.39710508700622 2.282356182860738 2.303590021326767
2093 16.57374734930094 1.393231383411145 0.6704577817544775
2094 17.53270968241477 1.525436521473694 0.6576764246415902
2095 10.0003908203485 0.7282964791721026 0.7293594740315996
2096 13.94865703359521 2.296789757047056 0.6832346388633149
2097 17.44963200676326 2.326415392913778 1.602863301369548
2098 4.360451124215103 2.280546582620814 0.714869441661158
2099 14.92654951168484 0.688234189092073 1.554494458708384
2100 19.32058662400842 0.6536120491623173 1.503232380752722
2101 14.50873700129184 1.517744664001559 1.478168010459715
2102 9.320757256298641 1.50204655187952 1.517725360718503
2103 6.178604200880701 2.334343634595415 1.453281933464309
2104 10.68289981696767 1.516064083565158 1.515251457838277
2105 7.052171938486147 0.8884720362435705 2.321232208064298
2106 7.3454708773643 2.289888037247276 0.701662194842966
2107 9.762397665664725 2.312646638951608 0.6351204364034052
2108 16.33538473149163 1.442727236162388 1.436358588621008
2109 8.108615846348703 0.6822505733473392 1.558629569714371
2110 5.847218863872701 1.379672291833463 0.6836041649007143
2111 15.88675583099234 1.504381050851033 2.338340106477489
2112 12.05803216736244 1.505105476419764 1.592795034634328
2113 12.61594643481011 0.7070397095883858 2.34210105351284
2114 17.86397993612999 1.484582051592465 1.470767512567418
2115 17.32439306150492 1.499096223111104 2.3410336628772
2116 2.162416742895492 1.460036140828807 1.526917850638198
2117 4.871628056631356 1.053386004721897 2.298772226418922
2118 11.15402057673317 0.7095981458363368 0.7113946207984264
2119 7.698116693515193 1.569138153778746 1.433781937772647
2120 12.55296499417772 2.337819673828889 2.327001544731439
2121 8.234177415669015 1.424928047597404 0.6592944217642904
2122 0.6481672900746311 0.6450717629692587 0.6842622072132278
2123 7.249554530976903 2.334054539921931 2.088539491361614
2124 9.022259865371449 1.430333245612581 0.6443901860786596
2125 6.344248082945271 1.398056275550074 1.521458315085468
2126 5.808495933264884 2.322610124112451 2.318925162819172
2127 8.197929924338514 2.365240117885326 2.361383303281401
2128 13.16273298480901 1.559517592348159 1.451193639010249
2129 12.60095074092558 2.370975114759476 0.8494134606000792
2130 18.49718195704574 2.162913083293953 2.351510804847152
2131 0.6169254012994316 1.80092556875051 0.6349404175846742
2132 5.835420132528205 0.6718707924145312 2.324810341986205
2133 19.37980628439887 2.368559038549962 0.658773840182279
2134 15.82976410723144 2.406019015174361 2.373417808677868
2135 4.09410882848442 0.7367508473943711 0.6840716799072594
2136 3.670473200480875 2.333529840011945 2.339208640116705
2137 14.62709358844949 0.5965303284501156 0.5765038088700714
2138 11.40241610379728 0.6639201382472288 2.370775010207558
2139 10.58923801897692 2.378747239712216 1.509758344282687
2140 17.73861085978125 0.5885183831671085 2.424871249735004
2141 9.423137502246773 1.578325004628496 2.366289150590351
2142 13.28528548017351 1.491940290461218 0.6439845736520488
2143 4.751034221039584 2.322470897440514 2.28671898468823
2144 13.31059509231972 1.589157942938412 2.383582656132189
2145 10.28101958556389 0.6428241815727941 2.357114016648704
2146 0.6273084895088339 0.6343719501326057 2.325426637869281
2147 17.86333133855745 0.6063589699890208 1.655060773610119
2148 5.043280347747851 0.5910296556299215 1.614720024224943
2149 5.260118015616149 1.479477772745036 1.450486248355696
2150 14.08044078537838 0.6359950229689769 2.362429157830408
2151 15.91547799896717 0.6326950241545716 2.368005659783011
2152 13.23001969981153 0.6304006158628609 1.469010822009726
2153 2.008383501458071 0.6597440144110641 1.513119469949132
2154 17.96622664024054 1.563882282718613 2.401635929836858
2155 8.000404890654176 1.458213627900448 2.339690782037803
2156 5.844216763379519 0.7202791957628907 0.641373446468067
2157 6.670022463192383 1.464531470644424 0.653988643048196
2158 19.39965822103265 1.31600977441709 0.5967300540802959
2159 0.6195571980413205 2.372415009707899 1.623554949196877
2160 3.503247535382606 2.360582706709488 0.6203543655961621
2161 6.77540478467364 2.41752148073588 1.651526678801672
2162 12.00249842738859 0.6393087541650319 1.472684770047821
2163 13.28964257839595 2.260579953813286 2.403671611509563
2164 14.3530774628919 1.553616972577594 2.386014318528059
2165 15.87454037815969 2.398139756026941 0.6216017902606137
2166 11.9820082162111 1.502535196192156 2.370513314831403
2167 14.14788350342205 2.380059013558132 1.883322377051362
2168 16.55620286614988 2.385631741989036 0.6413163334789624
2169 10.7890713095123 1.485350477885335 0.6393981817107062
2170 3.992444729788971 1.542536358667035 1.45905839906533
2171 12.03753055382312 1.429884964190167 0.6358203667134809
2172 10.54997828841202 1.542849554800146 2.38166299062431
2173 2.523741130347545 0.6045939207911013 0.6218366661110707
2174 1.872384791152772 0.6462424831402438 0.6140212870833333
2175 16.5605867269193 2.404355901480536 2.385690392029486
2176 14.84560777075301 0.6183370074306368 2.38161590226701
2177 7.535711627871819 0.5782387159673805 1.339483276685898
2178 13.40360627485314 0.5792252364699937 2.425457394989212
2179 17.49555988386578 0.625504798881371 0.6117704530754192
2180 14.34050743742633 0.583992726578284 1.395819910344552
2181 2.762629255554062 0.6486521389056557 2.351454902030858
2182 9.472489559748265 2.314650387872342 2.437034961318669
2183 13.16939365258496 2.369506947968188 1.52088343672109
2184 2.303974443843791 1.630749416402617 2.407017376047933
2185 8.201052771697102 2.422985399798436 0.5902015317041043
2186 10.76191344518263 0.6355663170166717 1.520431617591073
2187 8.836043250350194 2.365232603699208 2.351504644743451
2188 6.412204319390877 0.6302537274746285 1.505923887750689
2189 0.6107127961494899 0.587372550842568 1.306899292735019
2190 6.723192963147423 2.381834236439656 2.409351650399465
2191 4.723485708846978 0.9443991373972588 0.6025869475049273
2192 9.14716849910849 0.6135615799988385 0.6091072989789286
2193 17.43687899621866 2.386511231287973 0.6544222722046751
2194 19.41152368001403 2.428664938630722 2.392983859033456
2195 8.957695946661072 0.6244299597190978 2.379364421778537
2196 6.553502124466503 1.493499628804094 2.371398187716799
2197 16.4290184198214 0.6129516215079372 0.6077618833978179
2198 3.452813930178083 0.5861182087504959 1.569558646738136
2199 9.400903451977207 0.6017796429994653 1.498263041810995
2200 2.460322050569056 2.384510496726177 0.6046239483234558
2201 16.20485791071503 2.426079371930546 1.421531884830978
2202 17.45132184531761 1.758180482375028 1.812878911753719
2203 0.7898171196172056 2.390445772787828 0.6015264888943581
2204 7.904267582730502 2.393280950530936 1.521207877880185
2205 7.649762810065987 0.6032341411866223 0.6140139406779884
2206 4.03579816059995 1.302465220286315 2.390283369300218
2207 4.666014590668667 2.432647532770302 1.235496014517081
2208 14.46667064952414 2.394166594852647 2.410370810036274
2209 9.651305005580399 0.6236401244587876 2.385709928530994
2210 10.58025593860583 0.5652712332864599 0.5652712630065304
2211 18.95103065768265 0.5433576856842638 2.457825031070703
2212 8.856843413774358 2.398410706034566 1.108391884318945
2213 18.89663219844577 1.04378249134257 1.505806999209062
2214 2.491697048199123 2.366977418354619 2.3837193568929
2215 16.50742947842003 0.5760870675644747 2.423993806008323
2216 18.81402432172192 1.331033078957761 0.5843912851018904
2217 4.074973919530302 2.432872389010233 1.26061419900349
2218 14.85915105391084 2.305042495784461 0.5746859461173763
2219 6.589847486353177 0.5716676785726722 0.571667679178343
2220 9.380171217442834 2.417781769071025 1.460379402309405
2221 14.33331779736626 2.439029530297979 1.330970203401593
2222 18.73707038326914 0.5339864828224762 1.813197631532782
2223 14.03198779916378 1.040541353768865 1.187972897804952
2224 9.162084659780811 2.403330413256889 0.5673750143741207
2225 4.876088204282842 1.549254606591391 0.6171208078446797
2226 3.360123621924599 1.719568073331864 2.419420528285933
2227 14.47173550159501 1.623156417898373 0.5470832127719757
2228 8.121321632081685 1.25829701795701 1.72154567696602
2229 2.19185417008364 1.589613804893438 0.568429542912134
2230 11.16503837073735 1.02139546861936 1.220585900424075
2231 10.23132060848679 1.986830446402214 0.5602895197686492
2232 1.187779223594057 1.522144600117602 2.012452233556081
2233 1.207327703475126 1.098599446749085 2.435829364875023
2234 8.069387383705383 0.6129903293316931 2.375176602276353
2235 4.367651933198044 1.930155054397361 1.185673448737905
2236 18.86295731561897 0.5470388713294747 0.5597317540856397
2237 19.43811289395722 0.5848897125606708 0.6840545937409941
2238 18.30746704680568 1.102406825823122 1.824612632848405
2239 19.45322507181542 0.5471106385197352 2.168083976400851
2240 15.80464344934948 0.5795443187466323 0.5330751354394982
2241 3.816287400717989 0.5889666094387039 2.419027496489546
2242 4.896598199647975 2.007650917303049 1.564861749156085
2243 18.80134971106928 2.451601780676847 1.107085639987433
2244 2.580414452409613 1.805184264574048 1.196960912979327
2245 10.50860466014081 2.41681392170122 2.4239091368499
2246 17.93045790113672 1.914310897478458 0.5426561150340213
2247 17.54683098970669 2.397809485527955 2.384498927693036
2248 3.504226698436217 1.290387937289133 1.658525281278134
2249 8.958322911699884 1.472770972699732 1.978458923667268
2250 1.202510552016923 1.773140540975281 0.5575390915595009
2251 12.61014653736485 1.581510761479678 1.732425560960266
2252 6.574897442628489 0.5630967158106842 2.449883622366921
2253 5.787222269568653 2.053424977377235 1.794159262815598
2254 14.95182623746582 1.245606055046616 1.750729642988934
2255 2.06977262112623 0.5791215220000059 2.424460999607609
2256 15.01578272412993 2.421801066568044 2.061887598400906
2257 3.874235511218495 2.400685420521921 1.861222118887113
2258 1.323909590904388 0.9696448769519338 0.5780369616972119
2259 18.85799019822499 1.960615778640551 1.387504687424843
2260 11.92759401344798 2.414197229472185 1.419164743077867
2261 19.48665804518096 1.124097243088107 1.210178523404725
2262 0.5384043918224852 2.164794625151461 2.44206786235915
2263 17.07079843372036 1.38178295609274 0.9479478269169528
2264 1.557595993864348 1.914195816180598 1.131737383461089
2265 18.76800008840503 2.489726171039079 1.757463876971291
2266 1.360737131223866 1.881768085222837 2.427985125916475
2267 2.034047412768223 2.43949747586761 1.340366884052862
2268 13.57317267504148 2.440358319523166 1.930929211503817
2269 17.95932216538253 1.152792390363701 0.5216308999495902
2270 15.01093150388327 1.765243227087014 1.184958425867493
2271 11.48230185376982 1.812851000437235 1.977346619142314
2272 13.3710785653356 2.440763068352138 0.5916275450195729
2273 11.11751792971711 1.793481511381541 2.430303192781718
2274 3.53864834638792 0.5433549479496604 1.008795439304125
2275 5.310989125255652 1.455669160462348 2.402928778208635
2276 19.51192083424745 1.098302896786352 1.847590825276419
2277 17.99358852380819 0.5145480139383566 1.128583055890033
2278 4.025726911473312 1.825183038293244 0.5313561815716635
2279 16.00790790336442 0.5255410095002597 1.817476308354983
2280 12.05951857064226 0.5656487992785471 2.437556860479443
2281 15.89950850533246 1.605778353789555 1.773084418798796
2282 16.74112665684455 1.098142349461488 1.784657037464687
2283 4.086522121808039 1.963943206439164 2.458414527042275
2284 1.272492996407366 2.488261441238728 1.193160428510003
2285 12.82581469725858 1.865313931122682 2.486187274863375
2286 5.453315267627283 1.812865447626124 0.591100555146197
2287 18.56827656218015 1.177239129661217 1.070576105933003
2288 18.98648481431758 1.245635875999777 2.502415874154419
2289 19.46659753379188 1.0106005046102 2.441055220812914
2290 1.187330190841593 2.435458723169371 2.43897708688702
2291 4.107686339759378 0.5718382552769715 1.507857572374317
2292 5.800288069583733 1.237798272839406 1.49073618908694
2293 14.95242654877692 0.5394234161184177 1.02138395368804
2294 0.4834358864437836 1.484456555496122 1.124999507188525
2295 13.74109921201702 0.5499746873676381 1.165523779917028
2296 8.119896603397951 0.5212681737584506 0.9389976685636823
2297 16.68510758407587 1.828045157228504 1.813421512521861
2298 6.614270250991632 1.902038977027729 1.451086837778492
2299 10.58838122619483 2.455407045709181 0.579618973410684
2300 13.49068477280583 1.916075641486281 1.724268660043172
2301 14.37856839348156 1.083136826748159 0.5320420378274515
2302 12.717236912637 1.821546793331508 1.239715132806039
2303 17.89141829197094 2.481226991290552 1.317497268959233
2304 12.13994130419919 0.5733077316136249 0.5635614666318526
2305 5.232382183924094 0.5458557782528844 2.132091633601887
2306 12.0931249120748 2.435819020328647 0.5639538464718814
2307 8.966317526893533 1.952219945868946 1.448991103606094
2308 12.80801190041906 1.225287082296263 0.5235730848143525
2309 5.252519397839328 0.5741248917817294 0.5968375482462621
2310 17.2573841111138 1.932161224172218 1.275836563048191
2311 1.317216680374571 0.5488677465805847 1.620994064065768
2312 14.9014971895606 1.955924267030257 2.45958899124683
2313 9.560016464375783 1.265675308835357 0.5350649114963605
2314 0.4885873899101085 1.811310872774921 2.047998169523108
2315 11.73234136503102 1.962811766355192 0.5207195295985965
2316 7.405554436170034 1.100549635456598 1.468385002115828
2317 13.47226994645786 0.5391549991195494 0.5153666467525957
2318 10.34372773468217 0.5315970272515191 1.117160083089753
2319 11.47833025856941 0.5574509962166159 1.206307502238949
2320 13.91387934786661 2.480810377749025 2.382286612494015
2321 10.84030567612815 0.6821487879326459 2.435427630351262
2322 10.99371544071686 1.993206041929233 0.5214415407456506
2323 5.28049540527945 2.452853760701413 0.5358001197721772
2324 7.353393796245136 0.5287148908089958 2.023633829558444
2325 4.971564854325865 1.477665869270986 1.937541132591626
2326 7.711202921022515 1.251312476564458 0.528128533845418
2327 10.33677747775619 1.150784126374908 0.5452648842405065
2328 2.516854035244587 0.5563165681059725 1.189170879584957
2329 14.15566405630275 1.917526353461524 1.593755010674778
2330 18.56429309450916 1.936488430954036 1.85339369399614
2331 7.484242137674089 1.257749647941412 2.466928553786559
2332 4.208656565616196 2.46919248826459 2.240044133136807
2333 13.73321216056093 1.113068455525001 0.5395747052375014
2334 16.08001442002452 0.5230357032053732 1.262958126271154
2335 17.43370312199107 0.5368000807227251 1.970095538729133
2336 17.25662544012581 1.217309412806509 1.886756421707751
2337 2.739655295923901 1.923885242007064 1.763742243066673
2338 11.13682612768702 1.920438902823326 1.210154860888707
2339 1.146087656995491 1.908368600731166 1.574677409791327
2340 15.11520707715309 1.094741961429013 1.220604517990883
2341 15.09835489450538 1.854169252926436 1.750351599830735
2342 18.8739086485308 0.5173004855710538 1.238728303834542
2343 8.338317952188449 1.096998022347103 1.23351986111574
2344 3.291272992772678 1.738091724138116 1.0935582369033
2345 0.5036310588418648 1.29548093673446 0.5105749689545432
2346 1.16848963566852 0.5320465580506483 2.467324466664448
2347 13.44649483921109 1.115173491050648 1.569652548436438
2348 6.176536959851557 1.853710283113613 0.5838118224138552
2349 12.44777041557588 0.5082132768230119 1.17382484528081
2350 3.306683567069311 1.847409730242735 1.787091080369678
2351 19.50257572556118 1.940311655055182 1.68751015406991
2352 14.17970711836922 1.407277362716086 1.894094022179221
2353 8.174018347390039 1.810487837888208 1.575278526948354
2354 11.77674605788858 1.417248999936004 1.129175350470325
2355 12.97718808546247 2.491774433362205 2.022382646789485
2356 18.75566290544075 1.855585315792819 0.4970385129552475
2357 17.18419603630515 2.46118171795152 1.138761421672032
2358 15.4414261154718 1.400449819177193 2.029643205113804
2359 16.14860223762742 1.873761921036002 0.5043298830947911
2360 6.830497063544371 1.061391234833529 1.231268102553573
2361 7.553269998333321 2.031626564703378 2.476870070896624
2362 11.9987052078802 2.429037166204913 2.438216542237226
2363 1.7966932320647 1.150430466113582 1.800765121185901
2364 0.5223936942018463 2.478846649755637 1.104610467328088
2365 18.02002622641604 1.051023927360916 2.509499488778029
2366 16.36238086469163 1.093054020470193 2.482494760764746
2367 10.97056480016349 1.53357055404156 1.97610572125352
2368 9.543812336742914 1.816357657119974 0.5379622282996879
2369 3.473768419540995 0.8415764827382217 0.531891090283986
2370 8.896725020249708 1.26581454775942 2.487789202297027
2371 3.225170907233764 1.830615792833117 0.5174464902625902
2372 1.158624902487809 2.504938577886793 1.834024140295786
2373 8.892069533681902 1.20201422121922 1.124533060725358
2374 1.930193098659886 2.486336364266121 0.5165933310851312
2375 11.73647017595058 1.899191755049038 1.412869042663503
2376 18.98748857177603 1.777459750000347 2.471594455636652
2377 5.939664648727854 0.810247257866723 1.799494511224075
2378 19.5150207449633 1.632954239634913 1.142078178897265
2379 16.68064657655686 1.785340309913573 1.197566333332848
2380 17.21449196264729 1.139438621055867 0.481711770398514
2381 18.23631405442206 1.81806696598847 1.186897139456825
2382 17.4296367819099 1.213829183374209 1.358669157970624
2383 13.02183469407173 2.002166283299483 0.477535191294517
2384 17.40869353301215 0.9946944498884744 2.473799827492721
2385 13.57003414145082 1.939042269380241 0.5192032355555456
2386 6.872937269675185 1.335760850281165 2.03543230197891
2387 17.26234363986888 0.4877801632209696 2.512896446721125
2388 6.827003153060323 2.454002865452845 0.5219687031420243
2389 13.63821766159155 1.826656114083189 1.122129587049381
2390 2.337226110625897 2.519381105824787 1.868510022575134
2391 4.541499225608685 0.5634463049954401 2.429018414894443
2392 2.071563935776283 1.149138740552652 2.481919740743971
2393 10.09862067226243 2.452166135776706 1.758506801218331
2394 15.86924088954628 1.594844645721234 1.207121182077455
2395 8.285029469700477 2.462389147689351 1.13151021186939
2396 5.27433605366883 2.438751687159139 2.480576936496681
2397 18.13944710940184 1.594596336828898 1.905565477995272
2398 8.486912077396886 0.5348658570866333 1.934669184317388
2399 11.05234428877419 2.486769182793708 1.94638410617405
2400 2.725785160564237 1.102492827073523 1.239499234893623
2401 18.25714978628168 2.473070484571754 1.916743203255352
2402 16.67218330308066 1.125394844918176 1.181408397874993
2403 5.004482502800549 2.466160872961865 1.830904872277868
2404 8.126390320038968 0.8774766351991933 0.5143032474153476
2405 0.5211691083921965 1.087590466681246 1.464496040348544
2406 16.5171448611737 2.467203233378498 1.855186876297061
2407 16.91150153193292 0.4837622587135184 1.784218422758871
2408 2.41860130566055 1.111383874103025 0.4901365588583427
2409 19.469904026053 2.44000770506252 1.865026684767678
2410 1.74961602712964 1.809519371907798 1.813782244880365
2411 9.830193552006156 1.252611937237746 1.255943610620148
2412 18.87897643266117 1.390023937489257 1.875616731694625
2413 6.273375591000708 2.483454917629441 0.5356409139978922
2414 7.347547649352763 1.826600311828199 1.772417863760747
2415 16.01212736829733 1.098498584437863 0.4813709460609473
2416 1.114591520190185 1.105951770526871 1.354984741706264
2417 4.723427460057322 1.029764745712247 1.751716214499492
2418 11.72015853548957 1.10027025837021 1.549040705021266
2419 1.123805566493094 1.620764887257738 1.137530955111577
2420 15.42937843455611 0.4983375687746811 2.501695295576832
2421 15.35672017817358 2.496222942635617 0.5241015446553507
2422 12.23628887029873 1.949256703634306 2.497611486780309
2423 6.824832257584346 0.4914999729567596 1.20217556486678
2424 11.74011315043787 2.477244422005938 1.914156891750584
2425 19.50318195469803 1.91437291283612 2.507736555681872
2426 18.03138036353501 0.4778794976501234 0.4870665398323674
2427 15.11829771999625 0.509531873001966 0.4689681727791929
2428 8.366734629345464 1.711562536490256 1.085287036460211
2429 11.75486407392223 0.525801542224119 1.994282556043982
2430 6.176930887744803 2.50477353424962 1.959803567557661
2431 14.94116565881732 0.9975402938119442 0.5069499998431273
2432 4.266496185713235 1.387619818012853 1.890179098207758
2433 4.740080819766847 1.254004431443428 1.042142597271314
2434 15.62987504531769 1.126863400409409 1.120212208778196
2435 2.756281729653761 1.881686571933786 2.491711930526639
2436 6.923555363506095 2.463466902482617 1.13151714310488
2437 1.765617686881662 1.896824559549702 0.5233912270650717
2438 7.856768195999168 2.513237898388194 2.016212518188332
2439 9.716234673940807 2.073059659552697 1.707000039932189
2440 15.99948875870062 2.512194742135764 1.892478132844557
2441 16.27286074940418 1.812654190913972 2.492387199052462
2442 17.48229121672063 0.4827713009007438 1.104193674189732
2443 11.77063341539232 1.029060436103071 2.473379668835121
2444 9.590203804421458 0.5131603583474459 1.002712191256622
2445 5.279976911333584 0.5180279833429789 1.131664407502058
2446 14.41772784591239 0.4809827964793282 1.902955695645959
2447 0.5209767035395063 0.4989814150286622 1.816496095700097
2448 7.678260408957221 1.899272050917197 0.5187395136731426
2449 13.02071772375901 1.165374329101051 2.486588619951324
2450 19.49615629743058 1.862233940289034 0.5099188737707616
2451 17.96016272942171 2.455133705157715 0.5321650015106669
2452 7.045836897992563 1.87202580931875 1.123555943233219
2453 2.960980553413048 2.483241662203572 1.759819256898026
2454 3.286980602578442 1.207103438079168 1.177939625397254
2455 15.60837504076665 1.107309219498458 2.525038182874452
2456 2.998441530779703 2.540604329267429 0.5769087948539215
2457 0.4867015484101603 1.925562722959115 1.358282308410097
2458 10.05626782814093 1.706252064209719 2.505365232584297
2459 6.231056449799278 1.545497892277711 1.01881855208423
2460 19.01566321095707 1.40589061508291 1.13601301156665
2461 16.025486940173 1.034480602334562 1.487316786254187
2462 6.97675569090875 1.926297358168295 0.5353660314071762
2463 7.552441916529663 0.7311046712438144 2.472471312482346
2464 12.26162550327356 2.495766599617193 1.923783312415221
2465 8.950076002637095 2.474427398232007 1.759325843033097
2466 18.87453052060424 2.478293881770151 0.4949938313255223
2467 11.49345900962769 1.070330176464467 0.5232339694756021
2468 2.590433179519534 1.362358805743141 1.807686672944572
2469 10.93155926241108 1.197671691528131 2.495398716158656
2470 15.31781755743096 2.398938923508443 2.491128074173072
2471 2.41445696410409 0.5009313309856553 1.82931377493928
2472 10.33500895433819 0.5111383485092893 1.832714799597567
2473 14.41070020363746 1.05683891554194 2.522068813902127
2474 2.679827382608256 1.924476114786085 0.5126765530434224
2475 1.151129973307854 0.521990582200812 0.8094182894820288
2476 11.6245725991998 1.84459480900241 2.525446207773902
2477 14.33432017265872 1.442766997882242 1.004366194755272
2478 12.30585298680462 1.053399370743556 0.8777817537948022
2479 9.003074500899032 1.879645610022235 2.479051919578486
2480 11.02973737809606 2.435658584590504 1.227046375196454
2481 1.817623428522265 1.161211330742617 1.277161206168203
2482 3.781671695243196 2.00050784095683 1.545787873201783
2483 3.158845197721691 0.469940894815235 1.973663699266105
2484 13.08313354936392 0.498963959109431 0.9884715507887694
2485 10.4146678582927 1.924446840833196 1.681923086818347
2486 10.30577797401395 1.201128188049591 1.698459865054559
2487 15.32463288437762 0.4788550983792167 1.800479106960922
2488 3.006441697863878 2.52304458454007 1.226565054531275
2489 13.51820511574788 1.456470381265564 1.939195457799889
2490 5.598093863321282 1.570997024840049 1.834592602451791
2491 7.194358792056466 1.15195660128227 0.490051733711338
2492 14.75249143675688 2.525158262782256 1.03434337308767
2493 16.9496375156278 0.4925988269408452 1.195211680705806
2494 7.702128420159402 2.479711966328528 1.041330850758468
2495 18.07788228695781 2.498028567520011 2.427795228121654
2496 8.898217569601218 0.5068610645232385 1.070812772332443
2497 15.37935792734997 2.483183923341134 1.191739150178722
2498 10.46339223094948 1.519642604786535 1.043616875957501
2499 16.23745537352773 1.931559412218809 1.527904196374456
2500 13.6374010266905 1.325280877163644 1.061638401020711
2501 13.06255027614688 1.275266871935692 1.044043993618684
2502 4.760510556120447 2.524461880459262 0.4867296920406146
2503 11.61191219805498 0.5292389039020533 0.5070519369973704
2504 15.41771862594927 1.24063827298121 0.4696458127331258
2505 12.2807942506677 1.063089954057565 2.492763054185679
2506 15.40230975638409 1.571410743539004 2.524845393418012
2507 4.250792789135514 1.098629187983212 1.465819779575495
2508 12.941632673254 1.062457127437233 1.567350237322867
2509 3.599577954932888 2.524233577023257 1.095333159583153
2510 12.28146959579093 1.049353689029415 1.581329482776667
2511 9.761989586409619 1.195549225333789 1.807618821152871
2512 9.765811033928225 1.801354739269948 1.190665590779053
2513 3.263960030187107 1.207596608856075 2.5077956974797
2514 13.43295425374942 0.5097119970822831 1.921067052762243
2515 2.072963905131603 1.952325575287042 1.45677482180291
2516 0.7086006963031652 2.50055765146711 2.104498919067447
2517 16.63847671015951 1.906541560632557 0.4571607222404837
2518 5.518170157374974 0.5011538978747546 1.704970895141326
2519 14.1677654149358 2.002901141574877 2.526211301332254
2520 5.771970579642089 2.501124280407977 1.189109316638002
2521 9.573595438268471 2.528360598408254 1.944576570437534
2522 4.973579822605403 1.851208046070802 2.477318749495752
2523 10.99860561178451 2.514597526903674 2.517194408959041
2524 16.9464764398085 1.177949667200423 2.523319276842954
2525 6.135163299430203 1.074325575492685 2.479997787302581
2526 18.01394928618274 1.018950144108777 1.445532795171746
2527 16.89616142711902 0.5173565369044411 0.4580298929227164
2528 17.02167942448957 2.483634476470208 1.822087852458003
2529 12.2653340796506 1.588182801118058 1.056398212600532
2530 18.52285700104461 1.109530985468244 2.529875958982188
2531 10.16565488631226 2.534345868241584 0.8491474589668258
2532 6.667777838179368 0.5255320090542176 1.942814023837165
2533 5.386353845117934 0.9269621356039487 2.482144042853961
2534 17.59424518345772 1.901763588217019 2.516319522452404
2535 7.684425973432827 1.478206131985546 1.937396152292311
2536 4.548183788671691 0.5018154592616276 1.760655053574163
2537 17.92721436768446 1.968086348281305 1.539714788901504
2538 3.806995287049334 0.8972361835134807 1.748914391721917
2539 16.75022854923561 1.958168006179301 2.504676317670211
2540 5.508354772942898 2.492526026979835 1.935959467516272
2541 6.890093015821376 2.000980670657434 1.931233975424863
2542 13.02166604631657 1.454437120628624 1.983460544773978
2543 1.842319825458153 2.538345014981086 1.887955257945427
2544 8.184287119719842 1.90215520428962 0.4971078902803874
2545 6.141350257991589 0.4954586728194613 1.009432154829072
2546 0.4566983801058555 1.245688766864453 1.926839427183628
2547 14.60255413875893 2.515776867611841 1.740002073399663
2548 15.79739384973138 1.943703022420026 2.552507463203492
2549 12.23278894105081 1.96181896631584 0.4698633583372008
2550 6.244391132626454 2.537009491610281 2.4601215614463
2551 3.208534539790154 2.480058664145415 2.536016623009036
2552 7.816157596880712 1.525785269068265 0.9420122637938041
2553 15.43616860959643 0.4606215703537303 1.079927556583038
2554 7.740141967016481 2.523997165858118 2.522275008874413
2555 3.281740453235872 0.5672955385360563 2.490070531882005
2556 12.26116121073506 0.5196856890225883 1.974983305609975
2557 14.53678152574309 1.023184870715989 1.521772038159762
2558 19.16528702058264 0.9140910460722108 0.4476569899646979
2559 16.98654963989687 1.567771163357888 0.459382150326552
2560 12.93332187413842 0.4919965649411219 2.009295084123757
2561 12.52142871477488 1.892798023365387 2.101767954768349
2562 18.26602464711283 0.4686614203907825 1.876502505050185
2563 9.443641083222689 2.510432976111272 0.9701303300627651
2564 19.56601297662237 0.4256168398050126 1.134569550230205
2565 5.369714109353405 1.307088078533303 0.477787548333435
2566 18.45418698874065 0.4739112144097376 1.003236391731933
2567 9.277092982451753 0.4947765390936172 1.991047096442063
2568 17.87484365537538 1.476062964678262 0.9908582273838916
2569 15.51383411167138 2.40330114075855 1.979187415022267
2570 2.053334942328614 1.535696228996136 1.04534117312514
2571 13.22615552073802 0.9662926891219044 0.4526483135765353
2572 15.22565730213146 1.848598904682376 0.4401643069520566
2573 6.110033440590398 1.913311303652422 2.481761776237925
2574 8.678682156140322 2.51994343920836 0.4701219628268039
2575 9.415349697152076 1.514039023937992 0.9506379830734007
2576 9.314455897608818 0.978630589152284 2.522409267774391
2577 5.185191978976495 2.537419583848952 1.052432693063743
2578 18.89492227718049 2.478646802681834 2.510771640670925
2579 13.42496797149319 2.453919542149714 1.093579202381078
2580 17.05411670546406 2.441473807450839 2.500767345923847
2581 1.882541308995519 1.879198605788982 2.504155416290772
2582 10.98048344503371 0.5096415716887246 1.970158366189211
2583 3.960831750944191 2.537264755789203 0.484494103838194
2584 9.060379375419137 1.893670535353913 0.4805371955260854
2585 14.3907582080779 2.122419770457856 0.5051238074483873
2586 6.279673855218975 1.160927231442009 0.5053542591644037
2587 13.77357698899373 1.626255711340435 2.534647149954411
2588 10.81919872246491 1.006565417027358 0.4681114185809396
2589 11.04345267260847 1.135266357657841 1.688488524299973
2590 4.723467686830478 2.014969674933741 0.4722766699766671
2591 8.872533585983701 1.689800999320856 1.039182361785195
2592 18.66524229636008 1.706200685208642 0.9994452820654456
2593 10.96419851069938 1.463791759543114 1.106283457827394
2594 8.154808306784512 1.895660580239515 2.515666881008559
2595 7.725170463418169 2.523699727006756 0.4765103648871721
2596 5.537439699956775 1.915061251673629 2.496357993947341
2597 7.846585951912947 0.4947625665217006 1.942291437939071
2598 15.40160660671182 1.541619586178588 0.986594114126538
2599 5.47723354503735 1.525672119057559 1.001140397582752
2600 2.575713135085559 1.095782481931642 2.501576575730459
2601 17.35578520373638 1.940828864853092 0.4477147877973778
2602 16.47013625063768 0.6194717587116917 1.940027150769927
2603 15.10584537647373 1.004571056704882 2.524373398048509
2604 3.034007554685273 1.137853643652243 1.829486668451169
2605 12.99587349786493 0.4675073046285736 0.4708598217544522
2606 6.38267620138314 2.533480977148304 1.030887341442369
2607 9.624478595867169 0.5226694039084598 0.4509678061810419
2608 10.44970341577271 1.078265407512918 2.5288693882359
2609 3.007293567214309 2.026614791309661 1.367692153011939
2610 9.783259869688999 0.5138989397369496 1.900645095896948
2611 7.157213634985498 0.4921310482885368 0.4466637028965292
2612 6.808474501399337 1.899125063946149 2.531840000028515
2613 0.8798838728838225 1.815920765367616 2.53321339301587
2614 8.459377676385566 0.476370225309021 0.4857357705438006
2615 8.506514568543457 2.531569247041684 2.041860134795207
2616 10.6866207119483 1.982944628172662 2.555069256979745
2617 15.73617357865079 1.043966777387422 1.878485229557194
2618 5.495422591674509 2.06809044825892 1.060850439146791
2619 11.7639468572736 1.365795803074819 1.953418561510102
2620 17.76987952711868 2.513694638175095 1.921410664433783
2621 19.55110912302781 2.102103128747302 1.025667629672434
2622 0.4675081925816232 0.9891494084856215 0.9856512360972742
2623 6.129476857809665 2.067057426935032 1.035948014098746
2624 5.331326217296319 0.9265927467180076 1.397111230670332
2625 16.34838029158646 1.496226515768908 1.91722563815192
2626 8.473220518455744 0.445697839492724 1.345573691134083
2627 2.399549339829933 2.556671281428479 1.049960448946197
2628 7.17981340244753 2.536959230081668 2.539663746122268
2629 4.92137729903897 1.704914851626284 1.187220668013376
2630 10.94472351645761 0.4442330376299526 1.050174507964711
2631 12.88737499290816 2.516410691838502 0.4557633119316339
2632 3.084763224841071 0.4706373703404906 1.259683797041494
2633 16.56583584444563 2.517419196899039 1.109086816924115
2634 3.396880956390084 2.460947151214804 1.963718176100671
2635 3.867303110500807 1.403409119429585 1.009918656487798
2636 7.000716974428497 1.319898438559653 2.561835795390659
2637 11.08052167484781 2.517410839534413 0.4791048470034082
2638 8.623011458905031 1.591045774145228 0.435769679450904
2639 9.80421557769753 1.717825122981763 2.072657232674824
2640 12.5417805431655 1.020874978834279 1.984994482833586
2641 10.57310351811939 2.545853091002178 1.962800774769625
2642 1.201545856800315 2.588951308474145 0.4602155078790164
2643 14.60838052105781 1.983956910471927 1.458455072161839
2644 1.012149449461974 0.4550668071825067 2.001920149576351
2645 11.59979701497872 2.551748707943951 0.467525381966987
2646 1.706125957612731 2.5372775362492 1.017634970369518
2647 9.186488665680551 1.037124657210723 1.474119527375306
2648 15.68163443500044 1.962213753929143 0.5116699138288388
2649 11.0808199252487 1.90434845226061 1.688591274713569
2650 18.40331975369848 0.4140333286691186 2.586180092069553
2651 2.919602129746255 1.05040158537157 0.4784960762971412
2652 2.346565853961435 1.009448245969449 1.5301645242151
2653 6.078407947105418 1.662723962138645 1.835139342380119
2654 12.41637921610684 0.9538908190373521 0.4180124427218423
2655 15.85663853280051 2.296165256198359 1.101208257967373
2656 3.539718658369213 1.370985409606257 2.13491818724763
2657 4.833241035723611 0.4914427993788584 0.8807507487022546
2658 0.451540451769185 1.039182311046131 2.535150962520527
2659 0.9664535584151712 1.375387416019486 0.4352005443154524
2660 14.37337307974903 0.4614267758689333 0.9455642785168216
2661 4.026257181348744 0.4315448110590606 1.052602866150826
2662 3.912017422402841 1.183500593508034 0.4977017188397782
2663 16.99919265059811 2.506714679597718 0.4615865466269251
2664 16.68950110096048 0.9822697842761151 0.4639886036556222
2665 1.921076339747132 1.124600074327341 0.4854488066473145
2666 3.007373662870053 0.5490006674605195 0.4730225342503143
2667 12.7991371995955 2.55837895564196 1.258394020155573
2668 2.043472587475297 0.4716986014939319 1.05069954870308
2669 14.45381094358515 0.436367406586555 2.56385364482169
2670 6.697749900250284 1.537087773860519 1.145060286878226
2671 14.07394178684288 2.000774684636641 1.138950737316649
2672 7.35947885079623 1.152716451772724 0.9931641828909455
2673 18.40496711130738 1.19993624767835 0.4230901200231684
2674 7.148232316909073 0.4658673209401197 2.5486442179805
2675 2.14520539784438 1.443590423237074 2.000866851407617
2676 1.312173721746639 1.102028982404098 1.800010936059794
2677 1.425055106058823 2.132196789353376 2.029982264731967
2678 18.06225249808972 2.023257466584019 2.518031875887181
2679 13.47656088715063 1.037382893811934 2.529176970009564
2680 8.448753014027167 1.443367729152861 2.51829077024482
2681 19.5666980629881 2.600678460549163 1.146122192825584
2682 0.4639126074630359 1.668746750514304 2.587939751644108
2683 12.78249959060096 0.8382427975790343 1.185888276127779
2684 11.79551513228185 2.454661030809256 0.9507246581982098
2685 14.63291981394831 1.500573297477044 1.987711879469418
2686 12.20747555260119 1.911105977032715 1.406074807388759
2687 8.909901042082831 1.00257092510299 0.4564252555468712
2688 0.4281181335281338 2.590410793497647 2.565181689505198
2689 12.96292104020448 0.4569653051570528 2.541070090412439
2690 18.2994686659989 2.545685346929921 1.067973811162913
2691 4.502556951074636 0.4956627661737652 0.4885732362667849
2692 19.60579362347551 1.523413279446374 1.842844283530912
2693 7.517842120737031 1.892768028152244 1.140086174589826
2694 1.938690765397602 0.4593927621984525 1.960724092876762
2695 16.17618318676015 1.435697601065673 0.9012246998637062
2696 17.05214653151234 1.615518869618242 1.989840852873725
2697 5.466068938865531 0.4597698331517805 2.540815926026334
2698 4.505863117180586 1.281109190128322 2.539997454339526
2699 19.1684811144831 0.4036230963995036 1.84771894037276
2700 8.274769954592941 2.107260327602862 1.975757205374082
2701 3.927963469629023 0.4656409741924393 1.95471890590745
2702 14.87999044588448 0.446297985849277 1.94996758284113
2703 10.3033840409558 1.57800452384837 1.981515948699092
2704 8.492301914390389 1.438381313319169 1.944005813035252
2705 5.895468274503298 1.087170248371946 1.052394343419102
2706 11.13733455326252 0.9438773976450223 2.105260374975801
2707 1.646262806443831 0.9270190732570954 2.546901042853979
2708 11.95175453544861 1.01049553752389 0.4446531636763926
2709 6.222175069711819 0.438490623609291 2.131073484501199
2710 6.593110136746685 1.639107193360164 1.844777154087595
2711 10.22785115332164 1.870161571025425 1.252716396777303
2712 17.45131220301671 1.573129528939323 1.094241008459262
2713 8.513606827601526 0.5459240125934743 2.562274214328321
2714 4.565529610395405 1.823104380599366 1.817997312503417
2715 18.41697138733625 1.761264939917992 2.599814462830143
2716 12.31085477425414 2.551043442611772 1.177321408880513
2717 2.201179193080333 2.036015067770744 0.4379269987805792
2718 7.247893137715908 1.036411902627717 1.89637487234643
2719 6.674947001589225 1.049755769148375 1.690522539753791
2720 6.61361752768049 1.038207614296372 2.514640651880274
2721 8.174345490537828 1.053896536694618 2.522102921632661
2722 13.99917167311043 1.90372092115463 0.3861738848381536
2723 12.84632983448393 0.407437186621942 1.368718815024679
2724 9.604791004056647 2.61700196011199 0.3728323745438765
2725 10.05304955547032 2.578481677677656 0.4138603096873614
2726 13.72143699867507 0.7979640796225601 2.129067063018857
2727 18.64263621528217 1.10232847896731 2.107809633894032
2728 11.99336989631891 0.4787502661630305 1.019625033798418
2729 4.572571868591115 2.584773076012489 1.949157133020424
2730 4.537755666615818 2.018512963064069 2.572663397013696
2731 5.009460336051021 0.6279837348610746 2.557077051686358
2732 8.872276612129019 1.025479480443088 1.9000354588124
2733 12.23326018203204 1.391949736914906 2.00212920819642
2734 17.33958273065712 0.9035421824335628 1.048651349689263
2735 16.50327198358432 0.4494028960608012 1.04519804051842
2736 7.498327315928873 2.563158684089417 1.684769437841019
2737 0.4418215581340019 2.072938268013096 0.9406775779708215
2738 1.443916872969136 1.460405073376377 2.585656347421394
2739 17.08420938017239 2.005552572597944 1.689178609764668
2740 6.734991993280765 1.015426280525687 0.4593677967572777
2741 10.59383455186744 2.503777268035486 1.051829641878019
2742 10.14626526306382 0.9494351968397681 1.10814664416095
2743 19.61819278246382 0.9477139744165607 0.5297193121935024
2744 11.58826990462682 1.910580021204904 0.9736730133928176
2745 4.440851645213866 1.655169728436398 0.4333091026061987
2746 11.12050603107371 1.169485312073245 0.7822766174155065
2747 15.28540220181947 0.9377698427372451 1.690813054408328
2748 18.60564936177848 0.3749583199731353 2.199625914151345
2749 7.441530606992075 0.4403383078639356 0.9998522945402827
2750 8.65620949272609 1.862318072352737 1.777489992548881
2751 13.95340747902151 2.562978599429178 1.075661382570778
2752 3.731238267413871 0.4330962051100002 0.5775383636651492
2753 19.37308309442446 0.5525444291940886 2.609357775254376
2754 11.58905749484885 0.9574425642186662 2.052057100390738
2755 13.97153046131663 0.424620623425814 1.974110683617356
2756 15.64853100914072 0.3938882316846526 2.098479616648426
2757 11.19966833856615 0.394555698423985 0.3975224742861371
2758 8.128205156231258 0.853878930400283 1.983001081634914
2759 19.11781673260139 1.609991878136871 0.4184309115010097
2760 19.592593932673 0.4472232130477168 1.770092305631465
2761 5.457266530480093 1.881414563535788 1.53217551406565
2762 18.21120475543977 1.358641285095225 1.240710064748996
2763 1.064055138255886 0.6584842699448504 1.249887707332366
2764 2.067857248320111 2.611611824966767 2.256262994410834
2765 5.835314755199281 2.569157193345699 1.632249986104545
2766 15.43864673614614 1.897775889767424 1.267981280005721
2767 10.03170865086111 2.531802047132501 2.553725124373917
2768 9.933967120740958 0.4330216072181081 1.291593689983366
2769 0.4156571645408013 2.579514411688812 0.4405009524777441
2770 14.18619750360588 1.831432681011168 2.029610758848061
2771 14.24780581927641 0.424031252519404 0.4316378608727581
2772 15.7602404654588 2.003921255805412 1.934898391213405
2773 11.52617287714087 2.584714025620586 1.292488736504302
2774 18.33103063733865 1.798108797562057 0.4140255718575882
2775 16.24160359691363 1.460687395155764 0.3935370765470584
2776 8.000000000007617 0.4110797777599678 0.4009846650630516
2777 10.07730543706851 0.8597238703906809 2.000160224344193
2778 2.872990742554689 2.577416027988741 2.237929686833983
2779 4.197804193640922 1.958344122510224 2.028045919804146
2780 0.4192679052717844 0.4101034700620513 0.963837094873837
2781 13.82124798506806 1.17150456614227 1.794239928871833
2782 14.93080413776825 0.9661013792795156 2.116482975498168
2783 10.21027682585941 1.562322455913437 0.3958237496312466
2784 18.46567138235821 0.3964058692893962 0.4221111563465972
2785 17.16419019934904 1.826618623524279 2.593145578924652
2786 19.08048382557594 2.52739092613578 2.091171034601826
2787 10.00058024101339 0.3952921944430121 2.599972052742475
2788 17.98725110530679 0.7448288687573231 2.052519270246801
2789 16.113867823105 0.4006443354586083 0.837474383605368
2790 14.34383472414302 2.404091153953456 0.878695313277474
2791 18.19882286385403 0.9587806294202339 1.062803178181665
2792 0.4792188825970103 0.4001846084217075 0.3781960725331769
2793 19.61847567469047 1.502522089561134 2.567591821240147
2794 4.186228524969149 1.023490087991083 1.023208474442787
2795 10.05712087909509 0.4071659175323498 0.4210183777060745
2796 6.172518637106991 0.9982792855889349 1.398482688201785
2797 7.687338011260662 2.002900324563938 1.541490052169638
2798 14.79057091376727 1.880213902387347 0.3880993773415027
2799 12.555805611632 0.4309413130219495 0.4340587243599516
2800 14.77515984420809 1.413119323484575 1.051362879548459
2801 1.630779186157497 0.4464363833957445 2.570942679859304
2802 18.73718691260153 0.9262423934984673 0.397498064658957
2803 18.21974821239132 1.278676662703795 2.205711343673175
2804 15.793872554348 2.602142806500958 1.421123299412179
2805 1.32424462510873 1.201878156144915 0.9660113893357432
2806 17.60897252274996 0.9518565029059669 1.647347953132379
2807 12.89569075579003 2.284829362720767 2.596959903332899
2808 18.2150237421459 0.380576828449304 1.464689876069607
2809 8.520435355358575 2.572730043680439 2.579059795138113
2810 1.4041115558956 1.417529971331421 0.3892135850488582
2811 9.967981985794019 0.8928346634100647 2.585642414875717
2812 15.75048192589191 0.7400754981137199 0.9419891144105098
2813 1.655706637922456 0.4342411614236237 1.346811204174083
2814 16.98406876126207 0.3779889917705381 2.198673549277559
2815 12.43322143840794 0.4024970077014426 2.60007105836131
2816 7.839655233879827 1.022376397601161 1.477332419777161
2817 8.521993111636627 1.091246755200497 1.638737134257897
2818 13.85990702058289 2.609349413518131 1.647394521404879
2819 3.668478716167754 1.978456540896795 2.603876540626203
2820 6.61071581394821 2.591656875620827 2.029931828570335
2821 0.9177656028828042 2.581937299974806 0.9662770216797306
2822 10.66333845699613 1.075909292538484 1.468789901111299
2823 12.62474794305401 2.169693379671126 0.3875874958096164
2824 0.3778275651548482 2.228870585064833 2.046168184344967
2825 16.19130602649192 2.458121346797075 2.61714655778788
2826 10.26074262184579 2.088289204611742 2.57757064890319
2827 0.3759717906089437 0.9008973096708822 0.50398619902858
2828 17.49290520534403 2.155284448103175 2.013234991670708
2829 16.20920770775371 0.3704059442904179 2.183171162243668
2830 19.59677536524306 2.081518398072492 2.102429603081938
2831 13.98549277234083 0.9895074772651504 2.603075884869816
2832 9.019880484301622 0.3876642170068893 1.639596775434722
2833 17.64567480904665 1.33759190102493 2.57475297862784
2834 8.547007722723587 2.099913749395779 2.560302202785079
2835 17.00591914738298 1.069516042062464 1.446921964159021
2836 3.628881764995829 1.979101488817995 0.3858828452189669
2837 6.164130737091356 0.4566927945192869 0.4441865555492789
2838 19.01379398184115 1.771619474288893 1.737885173832977
2839 9.669769031699909 1.261631742081585 2.589158676307755
2840 17.14689939847403 0.4536409159707444 0.8086474444052671
2841 13.01508070470733 1.962470470528273 1.524200235640894
2842 6.062241904546037 1.223338491603275 1.924644993278588
2843 8.48264328741711 1.13449982928248 0.4250880964847249
2844 17.67250867411778 1.522233793023959 2.093168745311401
2845 9.963649997025644 2.034575037483844 0.8910276859835078
2846 17.6136028182698 0.9551812401096346 0.3672802103440183
2847 4.18740867195739 0.8715802154335759 2.560405747381535
2848 4.29071346090307 2.620560525202265 1.578700061567345
2849 0.7456899917494658 0.3731560058447432 2.628706915854595
2850 12.42576998061807 1.417520876519538 0.4363525254938784
2851 17.84800362223344 1.534216278042912 0.3750613496798248
2852 0.3754955049544731 2.612895235895135 1.870453828475752
2853 4.709280538803348 0.4043530865026733 1.364189888814901
2854 13.03187772039247 2.491628406438507 0.8807518762163977
2855 18.11399246401713 0.4038866278281938 2.262764934903218
2856 18.56221353902763 2.633570238022796 1.41131817722678
2857 1.016141806209083 2.304129207300692 1.480758343322072
2858 16.85029773634161 0.396293520486662 2.603483662050524
2859 0.8969273299142099 0.9299247972821973 0.438781343024251
2860 14.71297293086383 1.577146976896391 2.620316226774576
2861 6.551627383344921 2.088603222284267 0.4438951533449967
2862 19.66159126697752 0.8644919098008902 1.502586367331422
2863 14.12825141262979 1.407912288050217 0.4123672308420699
2864 6.127977352701961 0.4371348342642242 2.56813440624964
2865 0.3763304463600965 2.131251511804158 0.527272070123103
2866 3.571540846118138 1.643284528748099 1.412794986768678
2867 2.287764294607966 2.033033443051189 2.58826159800007
2868 5.681597184961444 1.261227522932811 2.592407112032556
2869 3.385299330655278 2.154977140535054 0.9905657056175139
2870 1.465229326877925 0.4571395121881508 0.4592301407815457
2871 11.13918216813823 1.597260252087124 0.3988606626944594
2872 14.96847293507573 1.925789642746869 0.7826710075014471
2873 2.470585165700524 1.406279142387067 1.056321877327651
2874 9.417704375245407 1.438399626340724 1.945636302420787
2875 17.5246427783961 0.3986356033927874 1.51485627243042
2876 19.12513729278161 2.089171128823303 0.4290217108712158
2877 19.10305227416468 0.4069918177587457 0.8899634406582808
2878 0.743316602441797 1.972155477884012 1.693543957799804
2879 0.9528759983978436 0.4640628770423953 0.4154486187271498
2880 10.75262486988388 1.984889333345275 1.410114312076585
2881 12.49414481020858 1.630635461698652 2.620148208563648
2882 8.107140622006598 1.456201058316106 1.327622755050649
2883 8.631876664713834 1.392234065030454 0.8324284937715047
2884 13.77458528294719 0.4231121827276881 2.577432605964496
2885 13.47038894503565 1.923972300010382 2.60118478000458
2886 1.607825126638933 0.4148046146649988 0.897933611957061
2887 8.536988642202198 2.105592063948962 1.179162760470182
2888 5.690323801493753 2.577529733253378 0.4233643942174814
2889 13.64900385486511 1.51606430426917 0.4163955053642671
2890 9.406273153600624 1.925809905260325 1.429745261964506
2891 18.84501239753 2.160556617451577 0.7902784709848292
2892 15.40174823243213 0.807962979881227 0.3583430608749776
2893 15.28539674324104 2.577991133105122 1.626661616812285
2894 14.0632261768889 1.191454188843287 0.7933671785738865
2895 9.651685269802282 1.915157963833498 2.585522942111384
2896 4.320868541909205 1.505500471344225 1.188330851372261
2897 4.961719861188332 1.161492513687316 1.40852309629599
2898 13.37426323888823 1.926245187585936 2.1328137529719
2899 6.179501138572025 1.899410680919434 1.483251285540607
2900 10.56251772042734 0.3686746200830025 2.190136296460461
2901 5.737773146215819 1.077020926509767 2.18344434594775
2902 2.646749292818206 0.9662951178215029 0.8325866633275505
2903 15.16422964096169 0.3725879985380777 1.395623185888921
2904 18.44140242883373 2.584350047418229 0.3952565718382274
2905 2.667464079485199 2.277542964783032 1.993935790063175
2906 12.85837572013084 1.621872282086559 0.3753743393011727
2907 9.786983074402851 2.601564004913498 1.475550541461821
2908 11.62022307634341 0.4310069976212517 1.594579459493891
2909 0.8420953737577059 1.000498096024161 2.21232042567277
2910 7.280283917723666 0.4035158537152689 1.626927638797378
2911 18.61452140370047 2.554352378565943 2.171701156629372
2912 16.60489953568524 0.9562931273490884 2.16140458766058
2913 4.382936619227044 2.625123662428134 0.9732055306905933
2914 11.69656696380106 1.550503759789026 0.4024561247992426
2915 3.015584474436059 1.56792368193924 2.621435324852405
2916 4.000035438232891 2.61262979122233 2.600410970139956
2917 4.554389598548178 1.731813365747706 0.8463386272339891
2918 13.59024553311998 0.4200486167717184 1.538649072851506
2919 3.675543414719488 1.023843050661025 2.430966779537525
2920 11.68173622490155 0.4099895821715883 2.587215934419484
2921 12.71653091036349 2.606398961068519 1.687477532730402
2922 10.60837790923697 1.818733793831304 0.4315048108259776
2923 3.918541555344844 2.340026485022094 0.8676580343802275
2924 10.26343383854448 2.603239133594016 1.321725780217013
2925 14.88833051912321 2.577049842193506 2.481330515484013
2926 11.37135571923062 2.183084749034834 0.4070102710619933
2927 7.900461144079554 0.3708851223450235 1.367465040309159
2928 11.3238871948232 1.035552968302357 2.577224516519192
2929 8.266052277345588 2.616372759072239 1.599788080475585
2930 11.14330326326508 0.4267596180350944 1.526110869609296
2931 3.142691674706852 2.043555023482938 2.616510995882641
2932 18.53520699286389 2.097522849710695 1.086210391527681
2933 16.59643945974058 2.016969632926762 0.8589553279620057
2934 4.5011356604001 2.570830715117014 2.566087820029816
2935 11.20083448013864 0.3859898849324844 2.624736891387536
2936 4.978806287050713 2.628828085898033 1.441494078008398
2937 0.8930970042670752 2.02679159930454 0.3844256516193491
2938 2.569621116629395 1.691401567093847 2.078607090826831
2939 15.97384036836482 1.050309507191833 2.315994343608919
2940 5.804292839961468 1.841675693389945 0.850083203958218
2941 11.54996303418456 2.586513436559074 2.589422649467166
2942 12.67395840210514 2.227140176787201 1.892462369647127
2943 1.743675349236794 1.031637295325464 0.8700285374271602
2944 16.15195900125008 2.602350885106576 0.9492570088998099
2945 5.684433080544035 0.4245156038532012 0.9470160960592526
2946 14.6950736771297 1.31085354881892 0.3860680539496159
2947 17.40186004267997 1.928686737900133 0.887726777225667
2948 6.416022183475367 2.635105466227126 1.627245298538644
2949 8.124869927330291 1.66461280267765 1.979983686515675
2950 1.477047429935619 2.591764581789672 2.114515986916487
2951 18.84648267896727 0.8897078273779264 2.647679879196506
2952 2.53427908683956 2.159932428235388 0.9616275496940423
2953 9.389728601649409 0.8945286533597517 0.3764556198497569
2954 14.71301491561774 0.4001760776313908 1.33658460657931
2955 12.98228423417235 1.662856020468893 0.8885652202382465
2956 1.617855957338876 0.8535776056115569 1.535301603499043
2957 19.6182459837519 0.8058420478019696 0.9825966881691955
2958 3.021804487035262 1.468967379063822 0.383620166046706
2959 2.703536339920091 1.061977502600451 2.092604167522017
2960 19.63381340523879 0.4064624892929865 0.3799465701044968
2961 19.21376971698394 0.4032514507946778 0.3788893773817346
2962 7.200074063071625 2.619639775280776 0.3826773426653592
2963 15.76254613677541 1.910215619258256 0.932435972468438
2964 17.36762945178884 2.607436976610964 2.050883678731417
2965 17.7599139207499 0.3771860350217316 0.8139928189332614
2966 12.04998448720413 1.097403209534464 1.221374997040185
2967 14.18052630310188 0.9570381370207711 1.738352304099162
2968 0.3396461259265614 0.3377705344481122 1.500000000233767
2969 9.790659377395567 1.086671578404106 0.8565661323198037
2970 4.439425925150404 1.214637109799283 0.3987578902112405
2971 19.25089491648537 1.840824979488067 1.378371779006923
2972 9.302527741176631 0.4245048676376127 2.57333531122677
2973 12.43357688059704 2.610879216926647 2.638576439367451
2974 7.336740653015037 1.515003108051539 1.215464127246369
2975 17.00312684712686 0.7845598805106813 2.647307256554663
2976 0.3266212325354433 1.484460307157475 1.49999972046116
2977 1.454932882780539 2.641584574717001 1.526875869311874
2978 7.686617299073338 1.628033755791596 2.602796413526331
2979 14.4130002098302 2.586010758128805 0.454294136102976
2980 16.23124731878981 2.612809363888605 2.228378433264688
2981 4.227861516116358 1.868343250399623 1.575139776299692
2982 10.38194623662011 1.946476909250462 2.189666586139685
2983 10.98374602182497 2.658165676844393 1.578880403864817
2984 15.38367119011395 1.980443833636984 2.626537918426831
2985 16.50752159450957 0.9520375809324643 0.8388227369136898
2986 13.85721622575426 0.5450717062543861 0.3600862019666599
2987 3.482469452472467 2.011452930117465 2.136746592302855
2988 4.833158319097562 0.7049204617790492 2.030128076022592
2989 3.77893683769173 2.643753715477477 1.456200439101582
2990 7.1947997775516 0.8073959569679979 1.255071409584796
2991 13.83097002935989 1.714246242175343 1.849740803017247
2992 9.925107365027781 1.040461961432831 0.4240294995083062
2993 0.8417396047119539 1.153158322520256 2.629540309609895
2994 3.211038268020304 0.9324348640212802 1.497824611824595
2995 2.434001311555102 0.6273447347327618 2.631408229311497
2996 0.3688876343174346 0.8757945754034456 1.7783825461997
2997 5.505796497012702 0.8868771040864036 0.3981590664176047
2998 7.35129511041031 2.632954410987592 1.287352946029697
2999 17.77612757770066 2.400367511335654 0.9139834536449816
3000 9.148517289523864 2.585363301283937 2.582191264523768
3001 1.075086216737379 2.122340971233376 0.7509539425132945
3002 6.957906582561341 1.207569838945057 0.8462234386900478
3003 19.24032086975886 2.632465162987796 0.3678572868124322
3004 18.03165117170771 0.4322914571542593 2.643176867269263
3005 5.599704319144133 0.4690877929977222 0.360365539411887
3006 2.826470230321814 0.4296395252639049 0.8963868477600088
3007 1.554397881292718 2.600135273213568 2.594059475881464
3008 9.173161019756364 2.556113527532093 2.134482890922485
3009 16.17376576298892 0.4060554707953014 2.593935940818375
3010 18.23285236625761 1.37087648026731 2.637557364720216
3011 0.3762753035863957 0.6615220606964773 2.63183270414529
3012 6.930475426324723 0.3886025172208495 0.8036717604346488
3013 19.63657714012335 2.598118617452986 0.445306638052284
3014 3.245383561905578 2.63318426588538 0.9014849086477208
3015 19.00401067124675 2.610283046921563 1.435337396704488
3016 13.84477256695368 2.120412214416103 1.779153212044736
3017 11.41917292914631 1.491637773577747 2.633180141723925
3018 19.64576092388596 1.454632475262862 1.462091995583384
3019 8.606208554335737 0.9652739723582373 2.590179137671826
3020 16.22260778838285 2.284833960252299 0.3793325327374026
3021 3.760257667302615 0.3803282751533066 1.372490528448518
3022 5.65098511167017 2.602972278351309 2.602100573970663
3023 12.45243419042283 1.999292593812697 0.9696337813669755
3024 6.009620165413867 0.4440718380628755 1.554335111658698
3025 4.975719442152661 0.823236359983915 1.141668042652621
3026 16.92125896461311 1.249562200662836 2.120406270202698
3027 14.04522528510866 0.9138080622897113 0.3544009084363891
3028 17.9687951150214 0.8010141258128937 0.7286373062159149
3029 13.98715299383515 0.3849149175257384 1.447205571844171
3030 16.17735907891605 1.433568851426841 2.62102040139253
3031 10.41122955877226 0.3641494283337817 2.632930511525992
3032 19.66250618203643 2.286327684573803 1.499999977608482
3033 3.003173265463804 2.165036457643003 0.3786127119567462
3034 13.63659776313308 0.9401937042201888 1.248276704610767
3035 18.20781908559988 0.8067941393080338 0.3287353478643812
3036 11.38380200346811 0.3680818606216668 0.8329333280299941
3037 14.17269934125746 1.282344881310396 1.488251707563142
3038 12.47728536458819 2.624472400092055 0.5251950175476012
3039 18.13435344001445 2.171057707642763 0.9903283330293151
3040 2.776099599302865 2.648176995723445 0.9076691307799962
3041 13.01321415367443 1.546850758438608 2.660566950694012
3042 5.548621680408825 2.601305628117993 0.8418588568769765
3043 17.50658578333565 2.637294556432401 1.333039088640339
3044 1.084410300752573 1.422238756019752 1.622664479410382
3045 1.347401857198472 2.653225594289721 0.8317492984109844
3046 0.3252983278801378 1.816912803771982 1.697509939123665
3047 2.187953650859384 0.4294209933320758 0.4159888178163824
3048 9.865805700489837 2.012010838395926 0.3761381754990311
3049 18.31189231742769 1.82333443346742 2.204318107342186
$EndNodes
$Elements
16319
1 2 2 1 1 1 9 614
2 2 2 1 1 120 1 614
3 2 2 1 1 57 2 616
4 2 2 1 1 2 58 616
5 2 2 1 1 64 3 625
6 2 2 1 1 3 65 625
7 2 2 1 1 113 4 642
8 2 2 1 1 4 114 642
9 2 2 1 1 9 10 609
10 2 2 1 1 9 609 614
11 2 2 1 1 10 11 295
12 2 2 1 1 10 295 609
13 2 2 1 1 11 12 456
14 2 2 1 1 295 11 456
15 2 2 1 1 12 13 266
16 2 2 1 1 12 266 456
17 2 2 1 1 13 14 641
18 2 2 1 1 266 13 641
19 2 2 1 1 14 15 644
20 2 2 1 1 641 14 644
21 2 2 1 1 15 16 261
22 2 2 1 1 15 261 644
23 2 2 1 1 16 17 460
24 2 2 1 1 261 16 460
25 2 2 1 1 17 18 594
26 2 2 1 1 460 17 594
27 2 2 1 1 18 19 262
28 2 2 1 1 18 262 594
29 2 2 1 1 19 20 559
30 2 2 1 1 262 19 559
31 2 2 1 1 20 21 560
32 2 2 1 1 559 20 560
33 2 2 1 1 21 22 263
34 2 2 1 1 21 263 560
35 2 2 1 1 22 23 501
36 2 2 1 1 263 22 501
37 2 2 1 1 23 24 499
38 2 2 1 1 23 499 501
39 2 2 1 1 24 25 264
40 2 2 1 1 24 264 499
41 2 2 1 1 25 26 495
42 2 2 1 1 264 25 495
43 2 2 1 1 26 27 493
44 2 2 1 1 26 493 495
45 2 2 1 1 27 28 265
46 2 2 1 1 27 265 493
47 2 2 1 1 28 29 485
48 2 2 1 1 265 28 485
49 2 2 1 1 29 30 291
50 2 2 1 1 29 291 485
51 2 2 1 1 30 31 587
52 2 2 1 1 291 30 587
53 2 2 1 1 31 32 282
54 2 2 1 1 31 282 587
55 2 2 1 1 32 33 554
56 2 2 1 1 282 32 554
57 2 2 1 1 33 34 552
58 2 2 1 1 33 552 554
59 2 2 1 1 34 35 283
60 2 2 1 1 34 283 552
61 2 2 1 1 35 36 548
62 2 2 1 1 283 35 548
63 2 2 1 1 36 37 539
64 2 2 1 1 36 539 548
65 2 2 1 1 37 38 285
66 2 2 1 1 37 285 539
67 2 2 1 1 38 39 547
68 2 2 1 1 285 38 547
69 2 2 1 1 39 40 596
70 2 2 1 1 547 39 596
71 2 2 1 1 40 41 286
72 2 2 1 1 40 286 596
73 2 2 1 1 41 42 565
74 2 2 1 1 286 41 565
75 2 2 1 1 42 43 537
76 2 2 1 1 42 537 565
77 2 2 1 1 43 44 287
78 2 2 1 1 43 287 537
79 2 2 1 1 44 45 533
80 2 2 1 1 287 44 533
81 2 2 1 1 45 46 531
82 2 2 1 1 45 531 533
83 2 2 1 1 46 47 288
84 2 2 1 1 46 288 531
85 2 2 1 1 47 48 527
86 2 2 1 1 288 47 527
87 2 2 1 1 48 49 525
88 2 2 1 1 48 525 527
89 2 2 1 1 49 50 289
90 2 2 1 1 49 289 525
91 2 2 1 1 50 51 520
92 2 2 1 1 289 50 520
93 2 2 1 1 51 52 524
94 2 2 1 1 520 51 524
95 2 2 1 1 52 53 290
96 2 2 1 1 52 290 524
97 2 2 1 1 53 54 459
98 2 2 1 1 290 53 459
99 2 2 1 1 54 55 293
100 2 2 1 1 54 293 459
101 2 2 1 1 55 56 301
102 2 2 1 1 293 55 301
103 2 2 1 1 56 57 299
104 2 2 1 1 56 299 301
105 2 2 1 1 299 57 616
106 2 2 1 1 58 59 592
107 2 2 1 1 58 592 616
108 2 2 1 1 59 60 604
109 2 2 1 1 592 59 604
110 2 2 1 1 60 61 277
111 2 2 1 1 60 277 604
112 2 2 1 1 61 62 600
113 2 2 1 1 277 61 600
114 2 2 1 1 62 63 298
115 2 2 1 1 62 298 600
116 2 2 1 1 63 64 606
117 2 2 1 1 298 63 606
118 2 2 1 1 606 64 625
119 2 2 1 1 65 66 602
120 2 2 1 1 65 602 625
121 2 2 1 1 66 67 296
122 2 2 1 1 66 296 602
123 2 2 1 1 67 68 605
124 2 2 1 1 296 67 605
125 2 2 1 1 68 69 267
126 2 2 1 1 68 267 605
127 2 2 1 1 69 70 610
128 2 2 1 1 267 69 610
129 2 2 1 1 70 71 612
130 2 2 1 1 610 70 612
131 2 2 1 1 71 72 268
132 2 2 1 1 71 268 612
133 2 2 1 1 72 73 555
134 2 2 1 1 268 72 555
135 2 2 1 1 73 74 557
136 2 2 1 1 555 73 557
137 2 2 1 1 74 75 269
138 2 2 1 1 74 269 557
139 2 2 1 1 75 76 618
140 2 2 1 1 269 75 618
141 2 2 1 1 76 77 619
142 2 2 1 1 618 76 619
143 2 2 1 1 77 78 270
144 2 2 1 1 77 270 619
145 2 2 1 1 78 79 622
146 2 2 1 1 270 78 622
147 2 2 1 1 79 80 624
148 2 2 1 1 622 79 624
149 2 2 1 1 80 81 271
150 2 2 1 1 80 271 624
151 2 2 1 1 81 82 627
152 2 2 1 1 271 81 627
153 2 2 1 1 82 83 628
154 2 2 1 1 627 82 628
155 2 2 1 1 83 84 272
156 2 2 1 1 83 272 628
157 2 2 1 1 84 85 630
158 2 2 1 1 272 84 630
159 2 2 1 1 85 86 632
160 2 2 1 1 630 85 632
161 2 2 1 1 86 87 273
162 2 2 1 1 86 273 632
163 2 2 1 1 87 88 635
164 2 2 1 1 273 87 635
165 2 2 1 1 88 89 636
166 2 2 1 1 635 88 636
167 2 2 1 1 89 90 274
168 2 2 1 1 89 274 636
169 2 2 1 1 90 91 519
170 2 2 1 1 274 90 519
171 2 2 1 1 91 92 517
172 2 2 1 1 91 517 519
173 2 2 1 1 92 93 275
174 2 2 1 1 92 275 517
175 2 2 1 1 93 94 508
176 2 2 1 1 275 93 508
177 2 2 1 1 94 95 292
178 2 2 1 1 94 292 508
179 2 2 1 1 95 96 509
180 2 2 1 1 292 95 509
181 2 2 1 1 96 97 278
182 2 2 1 1 96 278 509
183 2 2 1 1 97 98 511
184 2 2 1 1 278 97 511
185 2 2 1 1 98 99 597
186 2 2 1 1 511 98 597
187 2 2 1 1 99 100 279
188 2 2 1 1 99 279 597
189 2 2 1 1 100 101 512
190 2 2 1 1 279 100 512
191 2 2 1 1 101 102 514
192 2 2 1 1 512 101 514
193 2 2 1 1 102 103 280
194 2 2 1 1 102 280 514
195 2 2 1 1 103 104 591
196 2 2 1 1 280 103 591
197 2 2 1 1 104 105 469
198 2 2 1 1 104 469 591
199 2 2 1 1 105 106 281
200 2 2 1 1 105 281 469
201 2 2 1 1 106 107 515
202 2 2 1 1 281 106 515
203 2 2 1 1 107 108 516
204 2 2 1 1 515 107 516
205 2 2 1 1 108 109 284
206 2 2 1 1 108 284 516
207 2 2 1 1 109 110 446
208 2 2 1 1 284 109 446
209 2 2 1 1 110 111 294
210 2 2 1 1 110 294 446
211 2 2 1 1 111 112 457
212 2 2 1 1 294 111 457
213 2 2 1 1 112 113 300
214 2 2 1 1 112 300 457
215 2 2 1 1 300 113 642
216 2 2 1 1 114 115 611
217 2 2 1 1 114 611 642
218 2 2 1 1 115 116 608
219 2 2 1 1 458 115 608
220 2 2 1 1 115 458 611
221 2 2 1 1 116 117 276
222 2 2 1 1 116 276 608
223 2 2 1 1 117 118 599
224 2 2 1 1 276 117 599
225 2 2 1 1 118 119 297
226 2 2 1 1 118 297 599
227 2 2 1 1 119 120 637
228 2 2 1 1 297 119 637
229 2 2 1 1 120 614 637
230 2 2 1 1 448 261 449
231 2 2 1 1 261 448 644
232 2 2 1 1 449 261 450
233 2 2 1 1 450 261 460
234 2 2 1 1 507 262 559
235 2 2 1 1 262 507 593
236 2 2 1 1 262 593 594
237 2 2 1 1 263 501 502
238 2 2 1 1 263 502 503
239 2 2 1 1 263 503 560
240 2 2 1 1 264 495 496
241 2 2 1 1 264 496 497
242 2 2 1 1 264 497 499
243 2 2 1 1 265 485 486
244 2 2 1 1 265 486 487
245 2 2 1 1 265 487 493
246 2 2 1 1 429 266 441
247 2 2 1 1 266 429 442
248 2 2 1 1 441 266 641
249 2 2 1 1 266 442 456
250 2 2 1 1 267 437 605
251 2 2 1 1 437 267 607
252 2 2 1 1 267 445 607
253 2 2 1 1 445 267 610
254 2 2 1 1 268 555 556
255 2 2 1 1 268 556 623
256 2 2 1 1 612 268 623
257 2 2 1 1 465 269 618
258 2 2 1 1 269 465 638
259 2 2 1 1 557 269 558
260 2 2 1 1 558 269 638
261 2 2 1 1 270 466 619
262 2 2 1 1 466 270 621
263 2 2 1 1 270 471 621
264 2 2 1 1 471 270 622
265 2 2 1 1 271 472 624
266 2 2 1 1 472 271 626
267 2 2 1 1 271 474 626
268 2 2 1 1 474 271 627
269 2 2 1 1 272 475 628
270 2 2 1 1 475 272 629
271 2 2 1 1 272 477 629
272 2 2 1 1 477 272 630
273 2 2 1 1 273 478 632
274 2 2 1 1 478 273 633
275 2 2 1 1 273 480 633
276 2 2 1 1 480 273 635
277 2 2 1 1 481 274 482
278 2 2 1 1 274 481 636
279 2 2 1 1 482 274 640
280 2 2 1 1 274 519 640
281 2 2 1 1 275 508 643
282 2 2 1 1 517 275 518
283 2 2 1 1 518 275 643
284 2 2 1 1 276 581 608
285 2 2 1 1 581 276 620
286 2 2 1 1 276 599 620
287 2 2 1 1 435 277 451
288 2 2 1 1 277 435 452
289 2 2 1 1 451 277 600
290 2 2 1 1 277 452 604
291 2 2 1 1 278 433 509
292 2 2 1 1 433 278 510
293 2 2 1 1 510 278 511
294 2 2 1 1 483 279 512
295 2 2 1 1 279 483 513
296 2 2 1 1 279 513 597
297 2 2 1 1 280 484 589
298 2 2 1 1 484 280 591
299 2 2 1 1 514 280 589
300 2 2 1 1 281 467 468
301 2 2 1 1 467 281 515
302 2 2 1 1 281 468 469
303 2 2 1 1 282 492 587
304 2 2 1 1 492 282 595
305 2 2 1 1 282 554 595
306 2 2 1 1 283 548 549
307 2 2 1 1 283 549 550
308 2 2 1 1 283 550 552
309 2 2 1 1 284 446 447
310 2 2 1 1 284 447 598
311 2 2 1 1 516 284 598
312 2 2 1 1 539 285 540
313 2 2 1 1 540 285 541
314 2 2 1 1 541 285 547
315 2 2 1 1 546 286 585
316 2 2 1 1 286 546 596
317 2 2 1 1 286 565 585
318 2 2 1 1 287 533 534
319 2 2 1 1 287 534 535
320 2 2 1 1 287 535 537
321 2 2 1 1 288 527 528
322 2 2 1 1 288 528 529
323 2 2 1 1 288 529 531
324 2 2 1 1 289 520 521
325 2 2 1 1 289 521 522
326 2 2 1 1 289 522 525
327 2 2 1 1 290 459 580
328 2 2 1 1 524 290 576
329 2 2 1 1 576 290 580
330 2 2 1 1 485 291 489
331 2 2 1 1 489 291 490
332 2 2 1 1 490 291 587
333 2 2 1 1 508 292 645
334 2 2 1 1 292 509 561
335 2 2 1 1 292 561 645
336 2 2 1 1 293 301 302
337 2 2 1 1 293 302 303
338 2 2 1 1 293 303 459
339 2 2 1 1 294 438 439
340 2 2 1 1 438 294 457
341 2 2 1 1 294 439 446
342 2 2 1 1 295 444 609
343 2 2 1 1 444 295 631
344 2 2 1 1 295 456 631
345 2 2 1 1 296 437 603
346 2 2 1 1 437 296 605
347 2 2 1 1 296 453 602
348 2 2 1 1 453 296 603
349 2 2 1 1 297 431 443
350 2 2 1 1 431 297 444
351 2 2 1 1 297 443 599
352 2 2 1 1 444 297 637
353 2 2 1 1 298 436 451
354 2 2 1 1 436 298 453
355 2 2 1 1 298 451 600
356 2 2 1 1 453 298 606
357 2 2 1 1 301 299 582
358 2 2 1 1 582 299 592
359 2 2 1 1 592 299 616
360 2 2 1 1 300 440 457
361 2 2 1 1 440 300 458
362 2 2 1 1 458 300 611
363 2 2 1 1 611 300 642
364 2 2 1 1 302 301 582
365 2 2 1 1 303 302 304
366 2 2 1 1 304 302 454
367 2 2 1 1 454 302 582
368 2 2 1 1 303 304 305
369 2 2 1 1 303 305 580
370 2 2 1 1 459 303 580
371 2 2 1 1 305 304 306
372 2 2 1 1 306 304 308
373 2 2 1 1 308 304 454
374 2 2 1 1 305 306 307
375 2 2 1 1 305 307 310
376 2 2 1 1 305 310 580
377 2 2 1 1 307 306 578
378 2 2 1 1 306 308 309
379 2 2 1 1 306 309 578
380 2 2 1 1 310 307 311
381 2 2 1 1 311 307 463
382 2 2 1 1 463 307 578
383 2 2 1 1 309 308 422
384 2 2 1 1 422 308 435
385 2 2 1 1 435 308 454
386 2 2 1 1 309 422 424
387 2 2 1 1 309 424 425
388 2 2 1 1 309 425 578
389 2 2 1 1 310 311 312
390 2 2 1 1 310 312 576
391 2 2 1 1 310 576 580
392 2 2 1 1 312 311 313
393 2 2 1 1 313 311 314
394 2 2 1 1 314 311 463
395 2 2 1 1 312 313 570
396 2 2 1 1 523 312 570
397 2 2 1 1 312 523 576
398 2 2 1 1 313 314 315
399 2 2 1 1 313 315 316
400 2 2 1 1 313 316 570
401 2 2 1 1 315 314 426
402 2 2 1 1 426 314 427
403 2 2 1 1 427 314 463
404 2 2 1 1 316 315 317
405 2 2 1 1 317 315 613
406 2 2 1 1 315 426 613
407 2 2 1 1 316 317 318
408 2 2 1 1 316 318 423
409 2 2 1 1 316 423 570
410 2 2 1 1 318 317 319
411 2 2 1 1 319 317 401
412 2 2 1 1 401 317 613
413 2 2 1 1 318 319 320
414 2 2 1 1 318 320 567
415 2 2 1 1 423 318 567
416 2 2 1 1 320 319 321
417 2 2 1 1 321 319 617
418 2 2 1 1 319 401 617
419 2 2 1 1 320 321 322
420 2 2 1 1 320 322 411
421 2 2 1 1 320 411 567
422 2 2 1 1 322 321 323
423 2 2 1 1 323 321 464
424 2 2 1 1 464 321 617
425 2 2 1 1 322 323 324
426 2 2 1 1 322 324 530
427 2 2 1 1 411 322 530
428 2 2 1 1 324 323 325
429 2 2 1 1 325 323 405
430 2 2 1 1 405 323 464
431 2 2 1 1 324 325 326
432 2 2 1 1 324 326 590
433 2 2 1 1 530 324 590
434 2 2 1 1 326 325 327
435 2 2 1 1 327 325 566
436 2 2 1 1 325 405 566
437 2 2 1 1 326 327 328
438 2 2 1 1 326 328 409
439 2 2 1 1 326 409 590
440 2 2 1 1 328 327 329
441 2 2 1 1 329 327 470
442 2 2 1 1 470 327 566
443 2 2 1 1 328 329 330
444 2 2 1 1 328 330 536
445 2 2 1 1 409 328 536
446 2 2 1 1 330 329 331
447 2 2 1 1 331 329 407
448 2 2 1 1 407 329 470
449 2 2 1 1 330 331 332
450 2 2 1 1 330 332 588
451 2 2 1 1 536 330 588
452 2 2 1 1 332 331 333
453 2 2 1 1 333 331 564
454 2 2 1 1 331 407 564
455 2 2 1 1 332 333 334
456 2 2 1 1 332 334 408
457 2 2 1 1 332 408 588
458 2 2 1 1 334 333 335
459 2 2 1 1 335 333 473
460 2 2 1 1 473 333 564
461 2 2 1 1 334 335 336
462 2 2 1 1 334 336 573
463 2 2 1 1 408 334 573
464 2 2 1 1 336 335 337
465 2 2 1 1 337 335 410
466 2 2 1 1 410 335 473
467 2 2 1 1 336 337 338
468 2 2 1 1 336 338 545
469 2 2 1 1 336 545 573
470 2 2 1 1 338 337 339
471 2 2 1 1 339 337 563
472 2 2 1 1 337 410 563
473 2 2 1 1 338 339 340
474 2 2 1 1 338 340 406
475 2 2 1 1 338 406 545
476 2 2 1 1 340 339 341
477 2 2 1 1 341 339 476
478 2 2 1 1 476 339 563
479 2 2 1 1 340 341 342
480 2 2 1 1 340 342 543
481 2 2 1 1 406 340 543
482 2 2 1 1 342 341 343
483 2 2 1 1 343 341 412
484 2 2 1 1 412 341 476
485 2 2 1 1 342 343 344
486 2 2 1 1 342 344 586
487 2 2 1 1 543 342 586
488 2 2 1 1 344 343 345
489 2 2 1 1 345 343 562
490 2 2 1 1 343 412 562
491 2 2 1 1 344 345 346
492 2 2 1 1 344 346 403
493 2 2 1 1 344 403 586
494 2 2 1 1 346 345 347
495 2 2 1 1 347 345 479
496 2 2 1 1 479 345 562
497 2 2 1 1 346 347 348
498 2 2 1 1 346 348 551
499 2 2 1 1 403 346 551
500 2 2 1 1 348 347 349
501 2 2 1 1 349 347 413
502 2 2 1 1 413 347 479
503 2 2 1 1 348 349 350
504 2 2 1 1 348 350 584
505 2 2 1 1 551 348 584
506 2 2 1 1 350 349 351
507 2 2 1 1 351 349 634
508 2 2 1 1 349 413 634
509 2 2 1 1 350 351 352
510 2 2 1 1 350 352 400
511 2 2 1 1 350 400 584
512 2 2 1 1 352 351 353
513 2 2 1 1 353 351 601
514 2 2 1 1 351 482 601
515 2 2 1 1 482 351 634
516 2 2 1 1 352 353 354
517 2 2 1 1 352 354 577
518 2 2 1 1 400 352 577
519 2 2 1 1 354 353 355
520 2 2 1 1 355 353 414
521 2 2 1 1 414 353 601
522 2 2 1 1 354 355 356
523 2 2 1 1 354 356 404
524 2 2 1 1 354 404 577
525 2 2 1 1 356 355 357
526 2 2 1 1 357 355 639
527 2 2 1 1 355 414 639
528 2 2 1 1 356 357 358
529 2 2 1 1 356 358 491
530 2 2 1 1 404 356 491
531 2 2 1 1 358 357 359
532 2 2 1 1 359 357 572
533 2 2 1 1 572 357 639
534 2 2 1 1 358 359 360
535 2 2 1 1 358 360 402
536 2 2 1 1 358 402 491
537 2 2 1 1 360 359 361
538 2 2 1 1 361 359 432
539 2 2 1 1 432 359 572
540 2 2 1 1 360 361 362
541 2 2 1 1 360 362 488
542 2 2 1 1 402 360 488
543 2 2 1 1 362 361 363
544 2 2 1 1 363 361 561
545 2 2 1 1 361 432 561
546 2 2 1 1 362 363 364
547 2 2 1 1 362 364 579
548 2 2 1 1 488 362 579
549 2 2 1 1 364 363 365
550 2 2 1 1 365 363 433
551 2 2 1 1 433 363 561
552 2 2 1 1 364 365 366
553 2 2 1 1 364 366 399
554 2 2 1 1 364 399 579
555 2 2 1 1 366 365 367
556 2 2 1 1 367 365 510
557 2 2 1 1 365 433 510
558 2 2 1 1 366 367 368
559 2 2 1 1 366 368 498
560 2 2 1 1 399 366 498
561 2 2 1 1 368 367 369
562 2 2 1 1 369 367 415
563 2 2 1 1 415 367 510
564 2 2 1 1 368 369 370
565 2 2 1 1 368 370 574
566 2 2 1 1 498 368 574
567 2 2 1 1 370 369 371
568 2 2 1 1 371 369 513
569 2 2 1 1 369 415 513
570 2 2 1 1 370 371 372
571 2 2 1 1 370 372 389
572 2 2 1 1 370 389 574
573 2 2 1 1 372 371 373
574 2 2 1 1 373 371 483
575 2 2 1 1 483 371 513
576 2 2 1 1 372 373 374
577 2 2 1 1 372 374 504
578 2 2 1 1 389 372 504
579 2 2 1 1 374 373 375
580 2 2 1 1 375 373 416
581 2 2 1 1 416 373 483
582 2 2 1 1 374 375 376
583 2 2 1 1 374 376 505
584 2 2 1 1 504 374 505
585 2 2 1 1 376 375 377
586 2 2 1 1 377 375 589
587 2 2 1 1 375 416 589
588 2 2 1 1 376 377 378
589 2 2 1 1 376 378 381
590 2 2 1 1 376 381 505
591 2 2 1 1 378 377 379
592 2 2 1 1 379 377 484
593 2 2 1 1 484 377 589
594 2 2 1 1 378 379 380
595 2 2 1 1 378 380 583
596 2 2 1 1 381 378 583
597 2 2 1 1 380 379 382
598 2 2 1 1 382 379 417
599 2 2 1 1 417 379 484
600 2 2 1 1 380 382 383
601 2 2 1 1 380 383 462
602 2 2 1 1 380 462 583
603 2 2 1 1 505 381 506
604 2 2 1 1 506 381 507
605 2 2 1 1 507 381 583
606 2 2 1 1 383 382 384
607 2 2 1 1 384 382 468
608 2 2 1 1 382 417 468
609 2 2 1 1 383 384 385
610 2 2 1 1 383 385 388
611 2 2 1 1 383 388 462
612 2 2 1 1 385 384 386
613 2 2 1 1 386 384 467
614 2 2 1 1 467 384 468
615 2 2 1 1 385 386 387
616 2 2 1 1 385 387 568
617 2 2 1 1 388 385 568
618 2 2 1 1 387 386 390
619 2 2 1 1 390 386 420
620 2 2 1 1 420 386 467
621 2 2 1 1 387 390 391
622 2 2 1 1 387 391 569
623 2 2 1 1 568 387 569
624 2 2 1 1 388 450 461
625 2 2 1 1 450 388 568
626 2 2 1 1 388 461 462
627 2 2 1 1 500 389 502
628 2 2 1 1 389 500 574
629 2 2 1 1 502 389 504
630 2 2 1 1 391 390 392
631 2 2 1 1 392 390 598
632 2 2 1 1 390 420 598
633 2 2 1 1 391 392 393
634 2 2 1 1 391 393 394
635 2 2 1 1 391 394 569
636 2 2 1 1 393 392 575
637 2 2 1 1 392 447 575
638 2 2 1 1 447 392 598
639 2 2 1 1 394 393 395
640 2 2 1 1 395 393 396
641 2 2 1 1 396 393 575
642 2 2 1 1 394 395 429
643 2 2 1 1 394 429 430
644 2 2 1 1 394 430 569
645 2 2 1 1 395 396 397
646 2 2 1 1 395 397 442
647 2 2 1 1 429 395 442
648 2 2 1 1 397 396 398
649 2 2 1 1 398 396 418
650 2 2 1 1 418 396 575
651 2 2 1 1 397 398 421
652 2 2 1 1 397 421 428
653 2 2 1 1 397 428 442
654 2 2 1 1 398 418 419
655 2 2 1 1 398 419 455
656 2 2 1 1 421 398 455
657 2 2 1 1 494 399 496
658 2 2 1 1 399 494 579
659 2 2 1 1 496 399 498
660 2 2 1 1 400 553 584
661 2 2 1 1 553 400 595
662 2 2 1 1 400 577 595
663 2 2 1 1 556 401 613
664 2 2 1 1 401 556 615
665 2 2 1 1 558 401 615
666 2 2 1 1 401 558 617
667 2 2 1 1 486 402 488
668 2 2 1 1 402 486 489
669 2 2 1 1 402 489 491
670 2 2 1 1 542 403 549
671 2 2 1 1 403 542 586
672 2 2 1 1 549 403 551
673 2 2 1 1 490 404 491
674 2 2 1 1 404 490 492
675 2 2 1 1 404 492 577
676 2 2 1 1 405 464 465
677 2 2 1 1 405 465 466
678 2 2 1 1 405 466 566
679 2 2 1 1 541 406 543
680 2 2 1 1 406 541 544
681 2 2 1 1 406 544 545
682 2 2 1 1 407 470 471
683 2 2 1 1 407 471 472
684 2 2 1 1 407 472 564
685 2 2 1 1 538 408 585
686 2 2 1 1 408 538 588
687 2 2 1 1 408 573 585
688 2 2 1 1 532 409 534
689 2 2 1 1 409 532 590
690 2 2 1 1 534 409 536
691 2 2 1 1 410 473 474
692 2 2 1 1 410 474 475
693 2 2 1 1 410 475 563
694 2 2 1 1 526 411 528
695 2 2 1 1 411 526 567
696 2 2 1 1 528 411 530
697 2 2 1 1 412 476 477
698 2 2 1 1 412 477 478
699 2 2 1 1 412 478 562
700 2 2 1 1 413 479 480
701 2 2 1 1 413 480 481
702 2 2 1 1 413 481 634
703 2 2 1 1 414 517 518
704 2 2 1 1 517 414 519
705 2 2 1 1 414 518 639
706 2 2 1 1 519 414 601
707 2 2 1 1 415 510 511
708 2 2 1 1 415 511 597
709 2 2 1 1 513 415 597
710 2 2 1 1 416 483 512
711 2 2 1 1 416 512 514
712 2 2 1 1 416 514 589
713 2 2 1 1 468 417 469
714 2 2 1 1 469 417 591
715 2 2 1 1 417 484 591
716 2 2 1 1 419 418 438
717 2 2 1 1 438 418 439
718 2 2 1 1 439 418 575
719 2 2 1 1 419 438 440
720 2 2 1 1 419 440 581
721 2 2 1 1 455 419 581
722 2 2 1 1 420 467 515
723 2 2 1 1 420 515 516
724 2 2 1 1 420 516 598
725 2 2 1 1 428 421 431
726 2 2 1 1 431 421 443
727 2 2 1 1 443 421 455
728 2 2 1 1 424 422 436
729 2 2 1 1 422 435 451
730 2 2 1 1 436 422 451
731 2 2 1 1 521 423 522
732 2 2 1 1 423 521 570
733 2 2 1 1 522 423 567
734 2 2 1 1 425 424 437
735 2 2 1 1 424 436 603
736 2 2 1 1 437 424 603
737 2 2 1 1 425 437 607
738 2 2 1 1 425 571 578
739 2 2 1 1 571 425 607
740 2 2 1 1 426 427 434
741 2 2 1 1 426 434 623
742 2 2 1 1 426 556 613
743 2 2 1 1 556 426 623
744 2 2 1 1 434 427 445
745 2 2 1 1 445 427 571
746 2 2 1 1 427 463 571
747 2 2 1 1 428 431 631
748 2 2 1 1 442 428 456
749 2 2 1 1 456 428 631
750 2 2 1 1 430 429 441
751 2 2 1 1 430 441 448
752 2 2 1 1 430 448 449
753 2 2 1 1 430 449 569
754 2 2 1 1 431 444 631
755 2 2 1 1 561 432 645
756 2 2 1 1 432 572 643
757 2 2 1 1 432 643 645
758 2 2 1 1 509 433 561
759 2 2 1 1 434 445 610
760 2 2 1 1 434 610 612
761 2 2 1 1 434 612 623
762 2 2 1 1 452 435 454
763 2 2 1 1 436 453 603
764 2 2 1 1 440 438 457
765 2 2 1 1 446 439 447
766 2 2 1 1 447 439 575
767 2 2 1 1 440 458 581
768 2 2 1 1 448 441 644
769 2 2 1 1 441 641 644
770 2 2 1 1 443 455 620
771 2 2 1 1 599 443 620
772 2 2 1 1 609 444 614
773 2 2 1 1 614 444 637
774 2 2 1 1 445 571 607
775 2 2 1 1 449 450 568
776 2 2 1 1 449 568 569
777 2 2 1 1 450 460 461
778 2 2 1 1 452 454 582
779 2 2 1 1 452 582 592
780 2 2 1 1 452 592 604
781 2 2 1 1 602 453 625
782 2 2 1 1 453 606 625
783 2 2 1 1 455 581 620
784 2 2 1 1 581 458 608
785 2 2 1 1 461 460 594
786 2 2 1 1 462 461 593
787 2 2 1 1 593 461 594
788 2 2 1 1 583 462 593
789 2 2 1 1 571 463 578
790 2 2 1 1 465 464 638
791 2 2 1 1 558 464 617
792 2 2 1 1 464 558 638
793 2 2 1 1 466 465 618
794 2 2 1 1 566 466 621
795 2 2 1 1 466 618 619
796 2 2 1 1 471 470 621
797 2 2 1 1 470 566 621
798 2 2 1 1 472 471 622
799 2 2 1 1 564 472 626
800 2 2 1 1 472 622 624
801 2 2 1 1 474 473 626
802 2 2 1 1 473 564 626
803 2 2 1 1 475 474 627
804 2 2 1 1 563 475 629
805 2 2 1 1 475 627 628
806 2 2 1 1 477 476 629
807 2 2 1 1 476 563 629
808 2 2 1 1 478 477 630
809 2 2 1 1 562 478 633
810 2 2 1 1 478 630 632
811 2 2 1 1 480 479 633
812 2 2 1 1 479 562 633
813 2 2 1 1 481 480 635
814 2 2 1 1 481 482 634
815 2 2 1 1 481 635 636
816 2 2 1 1 601 482 640
817 2 2 1 1 486 485 489
818 2 2 1 1 487 486 488
819 2 2 1 1 487 488 579
820 2 2 1 1 493 487 494
821 2 2 1 1 494 487 579
822 2 2 1 1 489 490 491
823 2 2 1 1 492 490 587
824 2 2 1 1 577 492 595
825 2 2 1 1 493 494 495
826 2 2 1 1 495 494 496
827 2 2 1 1 497 496 498
828 2 2 1 1 497 498 574
829 2 2 1 1 499 497 500
830 2 2 1 1 500 497 574
831 2 2 1 1 499 500 501
832 2 2 1 1 501 500 502
833 2 2 1 1 503 502 504
834 2 2 1 1 503 504 505
835 2 2 1 1 503 505 506
836 2 2 1 1 503 506 560
837 2 2 1 1 506 507 559
838 2 2 1 1 506 559 560
839 2 2 1 1 507 583 593
840 2 2 1 1 643 508 645
841 2 2 1 1 518 572 639
842 2 2 1 1 572 518 643
843 2 2 1 1 519 601 640
844 2 2 1 1 521 520 523
845 2 2 1 1 523 520 524
846 2 2 1 1 521 523 570
847 2 2 1 1 525 522 526
848 2 2 1 1 526 522 567
849 2 2 1 1 523 524 576
850 2 2 1 1 525 526 527
851 2 2 1 1 527 526 528
852 2 2 1 1 529 528 530
853 2 2 1 1 529 530 590
854 2 2 1 1 531 529 532
855 2 2 1 1 532 529 590
856 2 2 1 1 531 532 533
857 2 2 1 1 533 532 534
858 2 2 1 1 535 534 536
859 2 2 1 1 535 536 588
860 2 2 1 1 537 535 538
861 2 2 1 1 538 535 588
862 2 2 1 1 537 538 565
863 2 2 1 1 565 538 585
864 2 2 1 1 539 540 542
865 2 2 1 1 539 542 548
866 2 2 1 1 540 541 543
867 2 2 1 1 542 540 586
868 2 2 1 1 540 543 586
869 2 2 1 1 544 541 547
870 2 2 1 1 548 542 549
871 2 2 1 1 545 544 546
872 2 2 1 1 546 544 596
873 2 2 1 1 544 547 596
874 2 2 1 1 545 546 573
875 2 2 1 1 573 546 585
876 2 2 1 1 550 549 551
877 2 2 1 1 550 551 584
878 2 2 1 1 552 550 553
879 2 2 1 1 553 550 584
880 2 2 1 1 552 553 554
881 2 2 1 1 554 553 595
882 2 2 1 1 556 555 615
883 2 2 1 1 555 557 615
884 2 2 1 1 557 558 615
885 2 2 3 13 9 1001 1
886 2 2 3 13 1 1001 233
887 2 2 3 13 2 1012 57
888 2 2 3 13 240 1012 2
889 2 2 3 13 5 998 121
890 2 2 3 13 239 998 5
891 2 2 3 13 169 1002 6
892 2 2 3 13 6 1002 246
893 2 2 3 13 10 686 9
894 2 2 3 13 686 1001 9
895 2 2 3 13 11 843 10
896 2 2 3 13 10 843 686
897 2 2 3 13 12 671 11
898 2 2 3 13 671 843 11
899 2 2 3 13 13 970 12
900 2 2 3 13 12 970 671
901 2 2 3 13 14 832 13
902 2 2 3 13 832 970 13
903 2 2 3 13 15 650 14
904 2 2 3 13 650 832 14
905 2 2 3 13 16 828 15
906 2 2 3 13 15 828 650
907 2 2 3 13 17 976 16
908 2 2 3 13 16 976 828
909 2 2 3 13 18 668 17
910 2 2 3 13 668 976 17
911 2 2 3 13 19 860 18
912 2 2 3 13 18 860 668
913 2 2 3 13 20 974 19
914 2 2 3 13 19 974 860
915 2 2 3 13 21 648 20
916 2 2 3 13 648 974 20
917 2 2 3 13 22 947 21
918 2 2 3 13 21 947 648
919 2 2 3 13 23 680 22
920 2 2 3 13 680 947 22
921 2 2 3 13 24 877 23
922 2 2 3 13 23 877 680
923 2 2 3 13 25 646 24
924 2 2 3 13 646 877 24
925 2 2 3 13 26 1000 25
926 2 2 3 13 25 1000 646
927 2 2 3 13 27 1024 26
928 2 2 3 13 880 1000 26
929 2 2 3 13 26 1024 880
930 2 2 3 13 28 669 27
931 2 2 3 13 669 1024 27
932 2 2 3 13 29 887 28
933 2 2 3 13 28 887 669
934 2 2 3 13 30 889 29
935 2 2 3 13 29 889 887
936 2 2 3 13 31 656 30
937 2 2 3 13 656 889 30
938 2 2 3 13 32 985 31
939 2 2 3 13 31 985 656
940 2 2 3 13 33 1027 32
941 2 2 3 13 939 985 32
942 2 2 3 13 32 1027 939
943 2 2 3 13 34 664 33
944 2 2 3 13 664 1027 33
945 2 2 3 13 35 936 34
946 2 2 3 13 34 936 664
947 2 2 3 13 36 940 35
948 2 2 3 13 35 940 936
949 2 2 3 13 37 659 36
950 2 2 3 13 659 940 36
951 2 2 3 13 38 918 37
952 2 2 3 13 37 918 659
953 2 2 3 13 39 679 38
954 2 2 3 13 679 918 38
955 2 2 3 13 40 921 39
956 2 2 3 13 39 921 679
957 2 2 3 13 41 922 40
958 2 2 3 13 40 922 921
959 2 2 3 13 42 658 41
960 2 2 3 13 658 922 41
961 2 2 3 13 43 1011 42
962 2 2 3 13 42 1011 658
963 2 2 3 13 44 1009 43
964 2 2 3 13 1009 1011 43
965 2 2 3 13 45 670 44
966 2 2 3 13 670 1009 44
967 2 2 3 13 46 914 45
968 2 2 3 13 45 914 670
969 2 2 3 13 47 913 46
970 2 2 3 13 913 914 46
971 2 2 3 13 48 657 47
972 2 2 3 13 657 913 47
973 2 2 3 13 49 910 48
974 2 2 3 13 48 910 657
975 2 2 3 13 50 916 49
976 2 2 3 13 49 916 910
977 2 2 3 13 51 654 50
978 2 2 3 13 654 916 50
979 2 2 3 13 52 996 51
980 2 2 3 13 51 996 654
981 2 2 3 13 53 995 52
982 2 2 3 13 995 996 52
983 2 2 3 13 54 655 53
984 2 2 3 13 655 995 53
985 2 2 3 13 55 990 54
986 2 2 3 13 54 990 655
987 2 2 3 13 56 683 55
988 2 2 3 13 683 990 55
989 2 2 3 13 57 986 56
990 2 2 3 13 56 986 683
991 2 2 3 13 57 1012 986
992 2 2 3 13 121 994 122
993 2 2 3 13 121 998 994
994 2 2 3 13 122 682 123
995 2 2 3 13 122 994 682
996 2 2 3 13 123 855 124
997 2 2 3 13 682 855 123
998 2 2 3 13 124 661 125
999 2 2 3 13 124 855 661
1000 2 2 3 13 125 853 126
1001 2 2 3 13 661 853 125
1002 2 2 3 13 126 672 127
1003 2 2 3 13 126 853 672
1004 2 2 3 13 127 1031 128
1005 2 2 3 13 672 1031 127
1006 2 2 3 13 128 840 129
1007 2 2 3 13 128 1031 840
1008 2 2 3 13 129 647 130
1009 2 2 3 13 129 840 647
1010 2 2 3 13 130 857 131
1011 2 2 3 13 647 857 130
1012 2 2 3 13 131 676 132
1013 2 2 3 13 131 857 676
1014 2 2 3 13 132 946 133
1015 2 2 3 13 676 946 132
1016 2 2 3 13 133 958 134
1017 2 2 3 13 946 958 133
1018 2 2 3 13 134 660 135
1019 2 2 3 13 134 958 660
1020 2 2 3 13 135 870 136
1021 2 2 3 13 660 870 135
1022 2 2 3 13 136 674 137
1023 2 2 3 13 136 870 674
1024 2 2 3 13 137 867 138
1025 2 2 3 13 674 867 137
1026 2 2 3 13 138 873 139
1027 2 2 3 13 867 873 138
1028 2 2 3 13 139 649 140
1029 2 2 3 13 139 873 649
1030 2 2 3 13 140 885 141
1031 2 2 3 13 649 885 140
1032 2 2 3 13 141 681 142
1033 2 2 3 13 141 885 681
1034 2 2 3 13 142 967 143
1035 2 2 3 13 681 967 142
1036 2 2 3 13 143 667 144
1037 2 2 3 13 143 967 667
1038 2 2 3 13 144 933 145
1039 2 2 3 13 667 933 144
1040 2 2 3 13 145 924 146
1041 2 2 3 13 145 933 924
1042 2 2 3 13 146 651 147
1043 2 2 3 13 146 924 651
1044 2 2 3 13 147 932 148
1045 2 2 3 13 651 932 147
1046 2 2 3 13 148 980 149
1047 2 2 3 13 932 980 148
1048 2 2 3 13 149 675 150
1049 2 2 3 13 149 980 675
1050 2 2 3 13 150 945 151
1051 2 2 3 13 675 945 150
1052 2 2 3 13 151 652 152
1053 2 2 3 13 151 945 652
1054 2 2 3 13 152 942 153
1055 2 2 3 13 652 942 152
1056 2 2 3 13 153 959 154
1057 2 2 3 13 942 959 153
1058 2 2 3 13 154 673 155
1059 2 2 3 13 154 959 673
1060 2 2 3 13 155 908 156
1061 2 2 3 13 673 908 155
1062 2 2 3 13 156 653 157
1063 2 2 3 13 156 908 653
1064 2 2 3 13 157 903 158
1065 2 2 3 13 653 903 157
1066 2 2 3 13 158 901 159
1067 2 2 3 13 158 903 901
1068 2 2 3 13 159 677 160
1069 2 2 3 13 159 901 677
1070 2 2 3 13 160 897 161
1071 2 2 3 13 677 897 160
1072 2 2 3 13 161 665 162
1073 2 2 3 13 161 897 665
1074 2 2 3 13 162 893 163
1075 2 2 3 13 665 893 162
1076 2 2 3 13 163 892 164
1077 2 2 3 13 163 893 892
1078 2 2 3 13 164 666 165
1079 2 2 3 13 164 892 666
1080 2 2 3 13 165 852 166
1081 2 2 3 13 666 852 165
1082 2 2 3 13 166 678 167
1083 2 2 3 13 166 852 678
1084 2 2 3 13 167 688 168
1085 2 2 3 13 678 688 167
1086 2 2 3 13 168 687 169
1087 2 2 3 13 168 688 687
1088 2 2 3 13 687 1002 169
1089 2 2 3 13 233 845 234
1090 2 2 3 13 233 1001 845
1091 2 2 3 13 234 989 235
1092 2 2 3 13 845 989 234
1093 2 2 3 13 235 663 236
1094 2 2 3 13 235 989 663
1095 2 2 3 13 236 982 237
1096 2 2 3 13 663 982 236
1097 2 2 3 13 237 684 238
1098 2 2 3 13 237 982 684
1099 2 2 3 13 238 1025 239
1100 2 2 3 13 684 1025 238
1101 2 2 3 13 239 1025 998
1102 2 2 3 13 241 991 240
1103 2 2 3 13 991 1012 240
1104 2 2 3 13 242 685 241
1105 2 2 3 13 685 991 241
1106 2 2 3 13 243 984 242
1107 2 2 3 13 242 984 685
1108 2 2 3 13 244 662 243
1109 2 2 3 13 662 984 243
1110 2 2 3 13 245 988 244
1111 2 2 3 13 244 988 662
1112 2 2 3 13 246 979 245
1113 2 2 3 13 979 988 245
1114 2 2 3 13 246 1002 979
1115 2 2 3 13 646 878 877
1116 2 2 3 13 646 879 878
1117 2 2 3 13 646 1000 879
1118 2 2 3 13 840 841 647
1119 2 2 3 13 841 842 647
1120 2 2 3 13 842 857 647
1121 2 2 3 13 648 947 823
1122 2 2 3 13 823 948 648
1123 2 2 3 13 948 974 648
1124 2 2 3 13 873 884 649
1125 2 2 3 13 649 884 882
1126 2 2 3 13 882 885 649
1127 2 2 3 13 650 828 825
1128 2 2 3 13 825 829 650
1129 2 2 3 13 829 832 650
1130 2 2 3 13 924 925 651
1131 2 2 3 13 925 926 651
1132 2 2 3 13 926 932 651
1133 2 2 3 13 652 943 942
1134 2 2 3 13 652 944 943
1135 2 2 3 13 652 945 944
1136 2 2 3 13 653 904 903
1137 2 2 3 13 653 905 904
1138 2 2 3 13 653 908 905
1139 2 2 3 13 654 917 916
1140 2 2 3 13 654 1010 917
1141 2 2 3 13 996 1010 654
1142 2 2 3 13 655 990 827
1143 2 2 3 13 827 992 655
1144 2 2 3 13 655 992 831
1145 2 2 3 13 831 995 655
1146 2 2 3 13 656 890 889
1147 2 2 3 13 656 891 890
1148 2 2 3 13 656 985 891
1149 2 2 3 13 910 911 657
1150 2 2 3 13 911 912 657
1151 2 2 3 13 912 913 657
1152 2 2 3 13 658 923 922
1153 2 2 3 13 658 1022 923
1154 2 2 3 13 1011 1022 658
1155 2 2 3 13 918 1019 659
1156 2 2 3 13 659 941 940
1157 2 2 3 13 659 1019 941
1158 2 2 3 13 869 870 660
1159 2 2 3 13 660 871 869
1160 2 2 3 13 660 958 871
1161 2 2 3 13 817 853 661
1162 2 2 3 13 661 854 817
1163 2 2 3 13 661 855 854
1164 2 2 3 13 824 836 662
1165 2 2 3 13 662 837 824
1166 2 2 3 13 836 984 662
1167 2 2 3 13 662 988 837
1168 2 2 3 13 663 989 846
1169 2 2 3 13 846 1007 663
1170 2 2 3 13 663 1007 982
1171 2 2 3 13 936 937 664
1172 2 2 3 13 937 938 664
1173 2 2 3 13 938 1027 664
1174 2 2 3 13 665 894 893
1175 2 2 3 13 665 895 894
1176 2 2 3 13 665 897 895
1177 2 2 3 13 666 966 852
1178 2 2 3 13 892 963 666
1179 2 2 3 13 963 966 666
1180 2 2 3 13 667 934 933
1181 2 2 3 13 667 978 934
1182 2 2 3 13 967 978 667
1183 2 2 3 13 668 859 858
1184 2 2 3 13 858 976 668
1185 2 2 3 13 668 860 859
1186 2 2 3 13 887 888 669
1187 2 2 3 13 888 993 669
1188 2 2 3 13 993 1024 669
1189 2 2 3 13 862 1009 670
1190 2 2 3 13 670 1029 862
1191 2 2 3 13 914 915 670
1192 2 2 3 13 915 1029 670
1193 2 2 3 13 671 847 843
1194 2 2 3 13 671 851 847
1195 2 2 3 13 671 970 851
1196 2 2 3 13 819 830 672
1197 2 2 3 13 672 833 819
1198 2 2 3 13 830 1031 672
1199 2 2 3 13 672 853 833
1200 2 2 3 13 907 908 673
1201 2 2 3 13 673 909 907
1202 2 2 3 13 673 959 909
1203 2 2 3 13 865 867 674
1204 2 2 3 13 674 868 865
1205 2 2 3 13 674 870 868
1206 2 2 3 13 931 973 675
1207 2 2 3 13 675 980 931
1208 2 2 3 13 675 973 945
1209 2 2 3 13 857 957 676
1210 2 2 3 13 875 946 676
1211 2 2 3 13 676 957 875
1212 2 2 3 13 677 898 897
1213 2 2 3 13 677 899 898
1214 2 2 3 13 677 901 899
1215 2 2 3 13 678 689 688
1216 2 2 3 13 678 690 689
1217 2 2 3 13 678 852 690
1218 2 2 3 13 679 919 918
1219 2 2 3 13 679 920 919
1220 2 2 3 13 679 921 920
1221 2 2 3 13 822 876 680
1222 2 2 3 13 680 877 822
1223 2 2 3 13 876 947 680
1224 2 2 3 13 681 885 883
1225 2 2 3 13 883 886 681
1226 2 2 3 13 886 967 681
1227 2 2 3 13 682 994 850
1228 2 2 3 13 850 1018 682
1229 2 2 3 13 682 1018 855
1230 2 2 3 13 683 987 827
1231 2 2 3 13 827 990 683
1232 2 2 3 13 683 986 838
1233 2 2 3 13 838 987 683
1234 2 2 3 13 684 849 818
1235 2 2 3 13 818 850 684
1236 2 2 3 13 684 982 849
1237 2 2 3 13 850 1025 684
1238 2 2 3 13 685 836 826
1239 2 2 3 13 826 838 685
1240 2 2 3 13 685 984 836
1241 2 2 3 13 838 991 685
1242 2 2 3 13 843 844 686
1243 2 2 3 13 844 845 686
1244 2 2 3 13 845 1001 686
1245 2 2 3 13 688 969 687
1246 2 2 3 13 969 979 687
1247 2 2 3 13 979 1002 687
1248 2 2 3 13 689 969 688
1249 2 2 3 13 690 691 689
1250 2 2 3 13 691 839 689
1251 2 2 3 13 839 969 689
1252 2 2 3 13 690 692 691
1253 2 2 3 13 690 966 692
1254 2 2 3 13 852 966 690
1255 2 2 3 13 692 693 691
1256 2 2 3 13 693 695 691
1257 2 2 3 13 695 839 691
1258 2 2 3 13 692 694 693
1259 2 2 3 13 692 697 694
1260 2 2 3 13 692 966 697
1261 2 2 3 13 694 965 693
1262 2 2 3 13 693 696 695
1263 2 2 3 13 693 965 696
1264 2 2 3 13 697 698 694
1265 2 2 3 13 698 856 694
1266 2 2 3 13 856 965 694
1267 2 2 3 13 696 808 695
1268 2 2 3 13 808 824 695
1269 2 2 3 13 824 839 695
1270 2 2 3 13 696 809 808
1271 2 2 3 13 696 810 809
1272 2 2 3 13 696 965 810
1273 2 2 3 13 697 699 698
1274 2 2 3 13 697 963 699
1275 2 2 3 13 697 966 963
1276 2 2 3 13 699 700 698
1277 2 2 3 13 700 701 698
1278 2 2 3 13 701 856 698
1279 2 2 3 13 699 961 700
1280 2 2 3 13 896 961 699
1281 2 2 3 13 699 963 896
1282 2 2 3 13 700 702 701
1283 2 2 3 13 700 703 702
1284 2 2 3 13 700 961 703
1285 2 2 3 13 702 811 701
1286 2 2 3 13 811 812 701
1287 2 2 3 13 812 856 701
1288 2 2 3 13 703 704 702
1289 2 2 3 13 704 997 702
1290 2 2 3 13 702 997 811
1291 2 2 3 13 703 705 704
1292 2 2 3 13 703 956 705
1293 2 2 3 13 703 961 956
1294 2 2 3 13 705 706 704
1295 2 2 3 13 706 789 704
1296 2 2 3 13 789 997 704
1297 2 2 3 13 705 707 706
1298 2 2 3 13 705 802 707
1299 2 2 3 13 705 956 802
1300 2 2 3 13 707 708 706
1301 2 2 3 13 708 1003 706
1302 2 2 3 13 706 1003 789
1303 2 2 3 13 707 709 708
1304 2 2 3 13 707 900 709
1305 2 2 3 13 802 900 707
1306 2 2 3 13 709 710 708
1307 2 2 3 13 710 1005 708
1308 2 2 3 13 708 1005 1003
1309 2 2 3 13 709 711 710
1310 2 2 3 13 709 975 711
1311 2 2 3 13 900 975 709
1312 2 2 3 13 711 712 710
1313 2 2 3 13 712 793 710
1314 2 2 3 13 793 1005 710
1315 2 2 3 13 711 713 712
1316 2 2 3 13 711 797 713
1317 2 2 3 13 711 975 797
1318 2 2 3 13 713 714 712
1319 2 2 3 13 714 1008 712
1320 2 2 3 13 712 1008 793
1321 2 2 3 13 713 715 714
1322 2 2 3 13 713 906 715
1323 2 2 3 13 797 906 713
1324 2 2 3 13 715 716 714
1325 2 2 3 13 716 861 714
1326 2 2 3 13 861 1008 714
1327 2 2 3 13 715 717 716
1328 2 2 3 13 715 800 717
1329 2 2 3 13 715 906 800
1330 2 2 3 13 717 718 716
1331 2 2 3 13 718 795 716
1332 2 2 3 13 795 861 716
1333 2 2 3 13 717 719 718
1334 2 2 3 13 717 972 719
1335 2 2 3 13 800 972 717
1336 2 2 3 13 719 720 718
1337 2 2 3 13 720 955 718
1338 2 2 3 13 718 955 795
1339 2 2 3 13 719 721 720
1340 2 2 3 13 719 951 721
1341 2 2 3 13 719 972 951
1342 2 2 3 13 721 722 720
1343 2 2 3 13 722 1013 720
1344 2 2 3 13 720 1013 955
1345 2 2 3 13 721 723 722
1346 2 2 3 13 721 794 723
1347 2 2 3 13 721 951 794
1348 2 2 3 13 723 724 722
1349 2 2 3 13 724 796 722
1350 2 2 3 13 796 1013 722
1351 2 2 3 13 723 725 724
1352 2 2 3 13 723 952 725
1353 2 2 3 13 794 952 723
1354 2 2 3 13 725 726 724
1355 2 2 3 13 726 1015 724
1356 2 2 3 13 724 1015 796
1357 2 2 3 13 725 727 726
1358 2 2 3 13 725 798 727
1359 2 2 3 13 725 952 798
1360 2 2 3 13 727 728 726
1361 2 2 3 13 728 1017 726
1362 2 2 3 13 726 1017 1015
1363 2 2 3 13 727 729 728
1364 2 2 3 13 727 962 729
1365 2 2 3 13 798 962 727
1366 2 2 3 13 729 730 728
1367 2 2 3 13 730 813 728
1368 2 2 3 13 813 1017 728
1369 2 2 3 13 729 731 730
1370 2 2 3 13 729 930 731
1371 2 2 3 13 729 962 930
1372 2 2 3 13 731 732 730
1373 2 2 3 13 732 1020 730
1374 2 2 3 13 730 1020 813
1375 2 2 3 13 731 733 732
1376 2 2 3 13 731 791 733
1377 2 2 3 13 731 930 791
1378 2 2 3 13 733 734 732
1379 2 2 3 13 734 799 732
1380 2 2 3 13 799 1020 732
1381 2 2 3 13 733 735 734
1382 2 2 3 13 733 928 735
1383 2 2 3 13 791 928 733
1384 2 2 3 13 735 736 734
1385 2 2 3 13 736 1023 734
1386 2 2 3 13 734 1023 799
1387 2 2 3 13 735 737 736
1388 2 2 3 13 735 971 737
1389 2 2 3 13 928 971 735
1390 2 2 3 13 737 738 736
1391 2 2 3 13 738 1026 736
1392 2 2 3 13 736 1026 1023
1393 2 2 3 13 737 739 738
1394 2 2 3 13 737 788 739
1395 2 2 3 13 737 971 788
1396 2 2 3 13 739 740 738
1397 2 2 3 13 740 801 738
1398 2 2 3 13 801 1026 738
1399 2 2 3 13 739 741 740
1400 2 2 3 13 739 935 741
1401 2 2 3 13 788 935 739
1402 2 2 3 13 741 742 740
1403 2 2 3 13 742 1004 740
1404 2 2 3 13 740 1004 801
1405 2 2 3 13 741 743 742
1406 2 2 3 13 741 792 743
1407 2 2 3 13 741 935 792
1408 2 2 3 13 743 744 742
1409 2 2 3 13 744 890 742
1410 2 2 3 13 890 1004 742
1411 2 2 3 13 743 745 744
1412 2 2 3 13 743 950 745
1413 2 2 3 13 792 950 743
1414 2 2 3 13 745 746 744
1415 2 2 3 13 746 803 744
1416 2 2 3 13 803 890 744
1417 2 2 3 13 745 747 746
1418 2 2 3 13 745 790 747
1419 2 2 3 13 745 950 790
1420 2 2 3 13 747 748 746
1421 2 2 3 13 748 1030 746
1422 2 2 3 13 746 1030 803
1423 2 2 3 13 747 749 748
1424 2 2 3 13 747 881 749
1425 2 2 3 13 790 881 747
1426 2 2 3 13 749 750 748
1427 2 2 3 13 750 964 748
1428 2 2 3 13 964 1030 748
1429 2 2 3 13 749 751 750
1430 2 2 3 13 749 949 751
1431 2 2 3 13 881 949 749
1432 2 2 3 13 751 752 750
1433 2 2 3 13 752 804 750
1434 2 2 3 13 804 964 750
1435 2 2 3 13 751 753 752
1436 2 2 3 13 751 786 753
1437 2 2 3 13 751 949 786
1438 2 2 3 13 753 754 752
1439 2 2 3 13 754 1016 752
1440 2 2 3 13 752 1016 804
1441 2 2 3 13 753 755 754
1442 2 2 3 13 753 864 755
1443 2 2 3 13 786 864 753
1444 2 2 3 13 755 756 754
1445 2 2 3 13 756 878 754
1446 2 2 3 13 878 1016 754
1447 2 2 3 13 755 757 756
1448 2 2 3 13 755 787 757
1449 2 2 3 13 755 864 787
1450 2 2 3 13 757 758 756
1451 2 2 3 13 758 822 756
1452 2 2 3 13 822 878 756
1453 2 2 3 13 757 759 758
1454 2 2 3 13 757 872 759
1455 2 2 3 13 787 872 757
1456 2 2 3 13 759 760 758
1457 2 2 3 13 760 876 758
1458 2 2 3 13 758 876 822
1459 2 2 3 13 759 761 760
1460 2 2 3 13 759 1028 761
1461 2 2 3 13 872 1028 759
1462 2 2 3 13 761 762 760
1463 2 2 3 13 762 823 760
1464 2 2 3 13 823 876 760
1465 2 2 3 13 761 763 762
1466 2 2 3 13 761 772 763
1467 2 2 3 13 761 1028 772
1468 2 2 3 13 763 764 762
1469 2 2 3 13 764 948 762
1470 2 2 3 13 762 948 823
1471 2 2 3 13 763 765 764
1472 2 2 3 13 763 874 765
1473 2 2 3 13 772 874 763
1474 2 2 3 13 765 766 764
1475 2 2 3 13 766 805 764
1476 2 2 3 13 805 948 764
1477 2 2 3 13 765 767 766
1478 2 2 3 13 765 785 767
1479 2 2 3 13 765 874 785
1480 2 2 3 13 767 768 766
1481 2 2 3 13 768 859 766
1482 2 2 3 13 766 859 805
1483 2 2 3 13 767 769 768
1484 2 2 3 13 767 953 769
1485 2 2 3 13 785 953 767
1486 2 2 3 13 769 770 768
1487 2 2 3 13 770 858 768
1488 2 2 3 13 858 859 768
1489 2 2 3 13 769 771 770
1490 2 2 3 13 769 954 771
1491 2 2 3 13 953 954 769
1492 2 2 3 13 771 773 770
1493 2 2 3 13 773 806 770
1494 2 2 3 13 806 858 770
1495 2 2 3 13 771 774 773
1496 2 2 3 13 771 775 774
1497 2 2 3 13 771 954 775
1498 2 2 3 13 772 875 874
1499 2 2 3 13 772 977 875
1500 2 2 3 13 772 983 977
1501 2 2 3 13 772 1028 983
1502 2 2 3 13 774 835 773
1503 2 2 3 13 773 825 806
1504 2 2 3 13 773 835 825
1505 2 2 3 13 775 776 774
1506 2 2 3 13 776 777 774
1507 2 2 3 13 777 835 774
1508 2 2 3 13 775 819 776
1509 2 2 3 13 775 820 819
1510 2 2 3 13 775 954 820
1511 2 2 3 13 776 778 777
1512 2 2 3 13 776 833 778
1513 2 2 3 13 819 833 776
1514 2 2 3 13 778 779 777
1515 2 2 3 13 779 981 777
1516 2 2 3 13 777 981 835
1517 2 2 3 13 778 780 779
1518 2 2 3 13 778 817 780
1519 2 2 3 13 778 833 817
1520 2 2 3 13 780 781 779
1521 2 2 3 13 781 784 779
1522 2 2 3 13 784 981 779
1523 2 2 3 13 780 782 781
1524 2 2 3 13 780 854 782
1525 2 2 3 13 817 854 780
1526 2 2 3 13 782 783 781
1527 2 2 3 13 783 848 781
1528 2 2 3 13 781 848 784
1529 2 2 3 13 782 807 783
1530 2 2 3 13 782 814 807
1531 2 2 3 13 782 854 814
1532 2 2 3 13 807 815 783
1533 2 2 3 13 815 816 783
1534 2 2 3 13 816 848 783
1535 2 2 3 13 784 851 834
1536 2 2 3 13 834 981 784
1537 2 2 3 13 848 851 784
1538 2 2 3 13 842 953 785
1539 2 2 3 13 785 957 842
1540 2 2 3 13 874 957 785
1541 2 2 3 13 786 865 864
1542 2 2 3 13 786 866 865
1543 2 2 3 13 786 949 866
1544 2 2 3 13 864 868 787
1545 2 2 3 13 868 869 787
1546 2 2 3 13 869 872 787
1547 2 2 3 13 927 934 788
1548 2 2 3 13 788 971 927
1549 2 2 3 13 934 935 788
1550 2 2 3 13 911 999 789
1551 2 2 3 13 789 1003 911
1552 2 2 3 13 917 997 789
1553 2 2 3 13 789 999 917
1554 2 2 3 13 790 882 881
1555 2 2 3 13 790 883 882
1556 2 2 3 13 790 950 883
1557 2 2 3 13 926 928 791
1558 2 2 3 13 791 929 926
1559 2 2 3 13 791 930 929
1560 2 2 3 13 886 950 792
1561 2 2 3 13 792 978 886
1562 2 2 3 13 935 978 792
1563 2 2 3 13 912 1005 793
1564 2 2 3 13 793 1006 912
1565 2 2 3 13 915 1006 793
1566 2 2 3 13 793 1008 915
1567 2 2 3 13 943 952 794
1568 2 2 3 13 794 968 943
1569 2 2 3 13 951 968 794
1570 2 2 3 13 795 862 861
1571 2 2 3 13 795 863 862
1572 2 2 3 13 795 955 863
1573 2 2 3 13 920 1014 796
1574 2 2 3 13 796 1015 920
1575 2 2 3 13 923 1013 796
1576 2 2 3 13 796 1014 923
1577 2 2 3 13 902 904 797
1578 2 2 3 13 797 975 902
1579 2 2 3 13 904 906 797
1580 2 2 3 13 798 952 944
1581 2 2 3 13 944 973 798
1582 2 2 3 13 798 973 962
1583 2 2 3 13 937 1021 799
1584 2 2 3 13 799 1023 937
1585 2 2 3 13 941 1020 799
1586 2 2 3 13 799 1021 941
1587 2 2 3 13 800 906 905
1588 2 2 3 13 905 907 800
1589 2 2 3 13 907 972 800
1590 2 2 3 13 891 939 801
1591 2 2 3 13 801 1004 891
1592 2 2 3 13 801 939 938
1593 2 2 3 13 938 1026 801
1594 2 2 3 13 895 898 802
1595 2 2 3 13 802 956 895
1596 2 2 3 13 898 900 802
1597 2 2 3 13 803 888 887
1598 2 2 3 13 887 889 803
1599 2 2 3 13 803 1030 888
1600 2 2 3 13 889 890 803
1601 2 2 3 13 879 880 804
1602 2 2 3 13 804 1016 879
1603 2 2 3 13 880 993 804
1604 2 2 3 13 804 993 964
1605 2 2 3 13 859 860 805
1606 2 2 3 13 860 974 805
1607 2 2 3 13 805 974 948
1608 2 2 3 13 825 828 806
1609 2 2 3 13 828 976 806
1610 2 2 3 13 806 976 858
1611 2 2 3 13 814 818 807
1612 2 2 3 13 807 849 815
1613 2 2 3 13 818 849 807
1614 2 2 3 13 809 826 808
1615 2 2 3 13 808 836 824
1616 2 2 3 13 826 836 808
1617 2 2 3 13 810 827 809
1618 2 2 3 13 809 987 826
1619 2 2 3 13 827 987 809
1620 2 2 3 13 810 992 827
1621 2 2 3 13 810 965 960
1622 2 2 3 13 960 992 810
1623 2 2 3 13 811 821 812
1624 2 2 3 13 811 1010 821
1625 2 2 3 13 811 997 917
1626 2 2 3 13 917 1010 811
1627 2 2 3 13 821 831 812
1628 2 2 3 13 831 960 812
1629 2 2 3 13 812 960 856
1630 2 2 3 13 919 1017 813
1631 2 2 3 13 813 1019 919
1632 2 2 3 13 941 1019 813
1633 2 2 3 13 813 1020 941
1634 2 2 3 13 814 1018 818
1635 2 2 3 13 854 855 814
1636 2 2 3 13 855 1018 814
1637 2 2 3 13 815 846 816
1638 2 2 3 13 815 1007 846
1639 2 2 3 13 849 1007 815
1640 2 2 3 13 816 846 844
1641 2 2 3 13 844 847 816
1642 2 2 3 13 847 848 816
1643 2 2 3 13 833 853 817
1644 2 2 3 13 818 1018 850
1645 2 2 3 13 820 830 819
1646 2 2 3 13 820 840 830
1647 2 2 3 13 820 841 840
1648 2 2 3 13 820 954 841
1649 2 2 3 13 821 995 831
1650 2 2 3 13 821 996 995
1651 2 2 3 13 821 1010 996
1652 2 2 3 13 877 878 822
1653 2 2 3 13 823 947 876
1654 2 2 3 13 837 839 824
1655 2 2 3 13 825 835 829
1656 2 2 3 13 826 987 838
1657 2 2 3 13 829 834 832
1658 2 2 3 13 829 981 834
1659 2 2 3 13 835 981 829
1660 2 2 3 13 840 1031 830
1661 2 2 3 13 831 992 960
1662 2 2 3 13 834 970 832
1663 2 2 3 13 851 970 834
1664 2 2 3 13 837 969 839
1665 2 2 3 13 837 979 969
1666 2 2 3 13 837 988 979
1667 2 2 3 13 986 1012 838
1668 2 2 3 13 838 1012 991
1669 2 2 3 13 841 953 842
1670 2 2 3 13 841 954 953
1671 2 2 3 13 842 957 857
1672 2 2 3 13 843 847 844
1673 2 2 3 13 844 846 845
1674 2 2 3 13 846 989 845
1675 2 2 3 13 847 851 848
1676 2 2 3 13 982 1007 849
1677 2 2 3 13 994 998 850
1678 2 2 3 13 998 1025 850
1679 2 2 3 13 960 965 856
1680 2 2 3 13 862 1029 861
1681 2 2 3 13 915 1008 861
1682 2 2 3 13 861 1029 915
1683 2 2 3 13 863 1009 862
1684 2 2 3 13 955 1022 863
1685 2 2 3 13 863 1011 1009
1686 2 2 3 13 863 1022 1011
1687 2 2 3 13 865 868 864
1688 2 2 3 13 866 867 865
1689 2 2 3 13 866 873 867
1690 2 2 3 13 866 884 873
1691 2 2 3 13 866 949 884
1692 2 2 3 13 868 870 869
1693 2 2 3 13 871 872 869
1694 2 2 3 13 871 983 872
1695 2 2 3 13 958 977 871
1696 2 2 3 13 977 983 871
1697 2 2 3 13 983 1028 872
1698 2 2 3 13 875 957 874
1699 2 2 3 13 875 977 946
1700 2 2 3 13 879 1016 878
1701 2 2 3 13 879 1000 880
1702 2 2 3 13 880 1024 993
1703 2 2 3 13 882 884 881
1704 2 2 3 13 884 949 881
1705 2 2 3 13 883 885 882
1706 2 2 3 13 883 950 886
1707 2 2 3 13 886 978 967
1708 2 2 3 13 964 993 888
1709 2 2 3 13 888 1030 964
1710 2 2 3 13 891 1004 890
1711 2 2 3 13 891 985 939
1712 2 2 3 13 893 896 892
1713 2 2 3 13 896 963 892
1714 2 2 3 13 894 896 893
1715 2 2 3 13 895 956 894
1716 2 2 3 13 894 961 896
1717 2 2 3 13 956 961 894
1718 2 2 3 13 897 898 895
1719 2 2 3 13 899 900 898
1720 2 2 3 13 899 975 900
1721 2 2 3 13 901 902 899
1722 2 2 3 13 902 975 899
1723 2 2 3 13 901 903 902
1724 2 2 3 13 903 904 902
1725 2 2 3 13 905 906 904
1726 2 2 3 13 905 908 907
1727 2 2 3 13 909 972 907
1728 2 2 3 13 909 968 951
1729 2 2 3 13 951 972 909
1730 2 2 3 13 959 968 909
1731 2 2 3 13 910 999 911
1732 2 2 3 13 916 999 910
1733 2 2 3 13 911 1005 912
1734 2 2 3 13 1003 1005 911
1735 2 2 3 13 912 1006 913
1736 2 2 3 13 913 1006 914
1737 2 2 3 13 914 1006 915
1738 2 2 3 13 917 999 916
1739 2 2 3 13 919 1019 918
1740 2 2 3 13 920 1017 919
1741 2 2 3 13 921 1014 920
1742 2 2 3 13 1015 1017 920
1743 2 2 3 13 922 1014 921
1744 2 2 3 13 923 1014 922
1745 2 2 3 13 955 1013 923
1746 2 2 3 13 923 1022 955
1747 2 2 3 13 924 927 925
1748 2 2 3 13 924 933 927
1749 2 2 3 13 925 928 926
1750 2 2 3 13 927 971 925
1751 2 2 3 13 925 971 928
1752 2 2 3 13 929 932 926
1753 2 2 3 13 933 934 927
1754 2 2 3 13 930 931 929
1755 2 2 3 13 931 980 929
1756 2 2 3 13 929 980 932
1757 2 2 3 13 930 962 931
1758 2 2 3 13 962 973 931
1759 2 2 3 13 934 978 935
1760 2 2 3 13 936 1021 937
1761 2 2 3 13 940 1021 936
1762 2 2 3 13 937 1026 938
1763 2 2 3 13 1023 1026 937
1764 2 2 3 13 939 1027 938
1765 2 2 3 13 941 1021 940
1766 2 2 3 13 943 968 942
1767 2 2 3 13 942 968 959
1768 2 2 3 13 944 952 943
1769 2 2 3 13 945 973 944
1770 2 2 3 13 946 977 958
1771 2 2 4 17 58 1090 2
1772 2 2 4 17 2 1090 240
1773 2 2 4 17 3 1089 64
1774 2 2 4 17 247 1089 3
1775 2 2 4 17 6 1088 170
1776 2 2 4 17 246 1088 6
1777 2 2 4 17 176 1091 7
1778 2 2 4 17 7 1091 253
1779 2 2 4 17 59 1072 58
1780 2 2 4 17 1072 1090 58
1781 2 2 4 17 60 1039 59
1782 2 2 4 17 1039 1072 59
1783 2 2 4 17 61 1069 60
1784 2 2 4 17 60 1069 1039
1785 2 2 4 17 62 1034 61
1786 2 2 4 17 1034 1069 61
1787 2 2 4 17 63 1066 62
1788 2 2 4 17 62 1066 1034
1789 2 2 4 17 64 1041 63
1790 2 2 4 17 1041 1066 63
1791 2 2 4 17 64 1089 1041
1792 2 2 4 17 170 1079 171
1793 2 2 4 17 170 1088 1079
1794 2 2 4 17 171 1038 172
1795 2 2 4 17 171 1079 1038
1796 2 2 4 17 172 1074 173
1797 2 2 4 17 1038 1074 172
1798 2 2 4 17 173 1033 174
1799 2 2 4 17 173 1074 1033
1800 2 2 4 17 174 1082 175
1801 2 2 4 17 1033 1082 174
1802 2 2 4 17 175 1085 176
1803 2 2 4 17 1082 1085 175
1804 2 2 4 17 1085 1091 176
1805 2 2 4 17 240 1080 241
1806 2 2 4 17 240 1090 1080
1807 2 2 4 17 241 1036 242
1808 2 2 4 17 241 1080 1036
1809 2 2 4 17 242 1068 243
1810 2 2 4 17 1036 1068 242
1811 2 2 4 17 243 1032 244
1812 2 2 4 17 243 1068 1032
1813 2 2 4 17 244 1043 245
1814 2 2 4 17 1032 1043 244
1815 2 2 4 17 245 1042 246
1816 2 2 4 17 245 1043 1042
1817 2 2 4 17 1042 1088 246
1818 2 2 4 17 248 1078 247
1819 2 2 4 17 1078 1089 247
1820 2 2 4 17 249 1037 248
1821 2 2 4 17 1037 1078 248
1822 2 2 4 17 250 1073 249
1823 2 2 4 17 249 1073 1037
1824 2 2 4 17 251 1035 250
1825 2 2 4 17 1035 1073 250
1826 2 2 4 17 252 1067 251
1827 2 2 4 17 251 1067 1035
1828 2 2 4 17 253 1040 252
1829 2 2 4 17 1040 1067 252
1830 2 2 4 17 253 1091 1040
1831 2 2 4 17 1032 1044 1043
1832 2 2 4 17 1032 1045 1044
1833 2 2 4 17 1032 1068 1045
1834 2 2 4 17 1062 1082 1033
1835 2 2 4 17 1033 1086 1062
1836 2 2 4 17 1074 1086 1033
1837 2 2 4 17 1034 1066 1057
1838 2 2 4 17 1057 1083 1034
1839 2 2 4 17 1034 1083 1069
1840 2 2 4 17 1067 1095 1035
1841 2 2 4 17 1035 1094 1073
1842 2 2 4 17 1035 1095 1094
1843 2 2 4 17 1036 1076 1068
1844 2 2 4 17 1036 1098 1076
1845 2 2 4 17 1080 1098 1036
1846 2 2 4 17 1073 1093 1037
1847 2 2 4 17 1037 1097 1078
1848 2 2 4 17 1093 1097 1037
1849 2 2 4 17 1038 1079 1064
1850 2 2 4 17 1064 1087 1038
1851 2 2 4 17 1038 1087 1074
1852 2 2 4 17 1069 1070 1039
1853 2 2 4 17 1070 1071 1039
1854 2 2 4 17 1071 1072 1039
1855 2 2 4 17 1040 1085 1063
1856 2 2 4 17 1063 1096 1040
1857 2 2 4 17 1040 1096 1067
1858 2 2 4 17 1040 1091 1085
1859 2 2 4 17 1041 1084 1066
1860 2 2 4 17 1041 1089 1078
1861 2 2 4 17 1078 1097 1041
1862 2 2 4 17 1041 1097 1084
1863 2 2 4 17 1043 1064 1042
1864 2 2 4 17 1064 1079 1042
1865 2 2 4 17 1079 1088 1042
1866 2 2 4 17 1044 1064 1043
1867 2 2 4 17 1045 1046 1044
1868 2 2 4 17 1046 1058 1044
1869 2 2 4 17 1058 1064 1044
1870 2 2 4 17 1045 1047 1046
1871 2 2 4 17 1045 1076 1047
1872 2 2 4 17 1068 1076 1045
1873 2 2 4 17 1047 1048 1046
1874 2 2 4 17 1048 1049 1046
1875 2 2 4 17 1049 1058 1046
1876 2 2 4 17 1047 1077 1048
1877 2 2 4 17 1076 1081 1047
1878 2 2 4 17 1047 1081 1077
1879 2 2 4 17 1048 1050 1049
1880 2 2 4 17 1048 1051 1050
1881 2 2 4 17 1048 1077 1051
1882 2 2 4 17 1050 1065 1049
1883 2 2 4 17 1049 1059 1058
1884 2 2 4 17 1049 1065 1059
1885 2 2 4 17 1051 1052 1050
1886 2 2 4 17 1052 1053 1050
1887 2 2 4 17 1053 1065 1050
1888 2 2 4 17 1051 1054 1052
1889 2 2 4 17 1051 1055 1054
1890 2 2 4 17 1051 1077 1055
1891 2 2 4 17 1052 1060 1053
1892 2 2 4 17 1054 1056 1052
1893 2 2 4 17 1056 1060 1052
1894 2 2 4 17 1060 1061 1053
1895 2 2 4 17 1061 1062 1053
1896 2 2 4 17 1062 1065 1053
1897 2 2 4 17 1055 1057 1054
1898 2 2 4 17 1054 1075 1056
1899 2 2 4 17 1057 1075 1054
1900 2 2 4 17 1055 1083 1057
1901 2 2 4 17 1077 1092 1055
1902 2 2 4 17 1055 1092 1083
1903 2 2 4 17 1056 1094 1060
1904 2 2 4 17 1075 1093 1056
1905 2 2 4 17 1093 1094 1056
1906 2 2 4 17 1066 1084 1057
1907 2 2 4 17 1057 1084 1075
1908 2 2 4 17 1059 1087 1058
1909 2 2 4 17 1058 1087 1064
1910 2 2 4 17 1065 1086 1059
1911 2 2 4 17 1059 1086 1074
1912 2 2 4 17 1074 1087 1059
1913 2 2 4 17 1060 1095 1061
1914 2 2 4 17 1094 1095 1060
1915 2 2 4 17 1061 1063 1062
1916 2 2 4 17 1061 1096 1063
1917 2 2 4 17 1095 1096 1061
1918 2 2 4 17 1063 1082 1062
1919 2 2 4 17 1062 1086 1065
1920 2 2 4 17 1063 1085 1082
1921 2 2 4 17 1067 1096 1095
1922 2 2 4 17 1069 1083 1070
1923 2 2 4 17 1070 1081 1071
1924 2 2 4 17 1070 1092 1081
1925 2 2 4 17 1083 1092 1070
1926 2 2 4 17 1071 1080 1072
1927 2 2 4 17 1071 1098 1080
1928 2 2 4 17 1081 1098 1071
1929 2 2 4 17 1080 1090 1072
1930 2 2 4 17 1073 1094 1093
1931 2 2 4 17 1084 1097 1075
1932 2 2 4 17 1075 1097 1093
1933 2 2 4 17 1076 1098 1081
1934 2 2 4 17 1081 1092 1077
1935 2 2 5 21 65 1452 3
1936 2 2 5 21 3 1452 247
1937 2 2 5 21 4 1453 113
1938 2 2 5 21 254 1453 4
1939 2 2 5 21 7 1479 177
1940 2 2 5 21 253 1479 7
1941 2 2 5 21 225 1466 8
1942 2 2 5 21 8 1466 260
1943 2 2 5 21 66 1447 65
1944 2 2 5 21 1447 1452 65
1945 2 2 5 21 67 1140 66
1946 2 2 5 21 1140 1447 66
1947 2 2 5 21 68 1301 67
1948 2 2 5 21 67 1301 1140
1949 2 2 5 21 69 1113 68
1950 2 2 5 21 1113 1301 68
1951 2 2 5 21 70 1483 69
1952 2 2 5 21 69 1483 1113
1953 2 2 5 21 71 1132 70
1954 2 2 5 21 1132 1483 70
1955 2 2 5 21 72 1310 71
1956 2 2 5 21 71 1310 1132
1957 2 2 5 21 73 1109 72
1958 2 2 5 21 1109 1310 72
1959 2 2 5 21 74 1314 73
1960 2 2 5 21 73 1314 1109
1961 2 2 5 21 75 1315 74
1962 2 2 5 21 74 1315 1314
1963 2 2 5 21 76 1130 75
1964 2 2 5 21 1130 1315 75
1965 2 2 5 21 77 1415 76
1966 2 2 5 21 76 1415 1130
1967 2 2 5 21 78 1110 77
1968 2 2 5 21 1110 1415 77
1969 2 2 5 21 79 1323 78
1970 2 2 5 21 78 1323 1110
1971 2 2 5 21 80 1133 79
1972 2 2 5 21 1133 1323 79
1973 2 2 5 21 81 1430 80
1974 2 2 5 21 80 1430 1133
1975 2 2 5 21 82 1119 81
1976 2 2 5 21 1119 1430 81
1977 2 2 5 21 83 1378 82
1978 2 2 5 21 82 1378 1119
1979 2 2 5 21 84 1131 83
1980 2 2 5 21 1131 1378 83
1981 2 2 5 21 85 1387 84
1982 2 2 5 21 84 1387 1131
1983 2 2 5 21 86 1111 85
1984 2 2 5 21 1111 1387 85
1985 2 2 5 21 87 1402 86
1986 2 2 5 21 86 1402 1111
1987 2 2 5 21 88 1418 87
1988 2 2 5 21 87 1418 1402
1989 2 2 5 21 89 1100 88
1990 2 2 5 21 1100 1418 88
1991 2 2 5 21 90 1359 89
1992 2 2 5 21 89 1359 1100
1993 2 2 5 21 91 1134 90
1994 2 2 5 21 1134 1359 90
1995 2 2 5 21 92 1347 91
1996 2 2 5 21 91 1347 1134
1997 2 2 5 21 93 1108 92
1998 2 2 5 21 1108 1347 92
1999 2 2 5 21 94 1354 93
2000 2 2 5 21 93 1354 1108
2001 2 2 5 21 95 1358 94
2002 2 2 5 21 94 1358 1354
2003 2 2 5 21 96 1135 95
2004 2 2 5 21 1135 1358 95
2005 2 2 5 21 97 1383 96
2006 2 2 5 21 96 1383 1135
2007 2 2 5 21 98 1105 97
2008 2 2 5 21 1105 1383 97
2009 2 2 5 21 99 1380 98
2010 2 2 5 21 98 1380 1105
2011 2 2 5 21 100 1413 99
2012 2 2 5 21 99 1413 1380
2013 2 2 5 21 101 1114 100
2014 2 2 5 21 1114 1413 100
2015 2 2 5 21 102 1342 101
2016 2 2 5 21 101 1342 1114
2017 2 2 5 21 103 1129 102
2018 2 2 5 21 1129 1342 102
2019 2 2 5 21 104 1334 103
2020 2 2 5 21 103 1334 1129
2021 2 2 5 21 105 1112 104
2022 2 2 5 21 1112 1334 104
2023 2 2 5 21 106 1341 105
2024 2 2 5 21 105 1341 1112
2025 2 2 5 21 107 1137 106
2026 2 2 5 21 1137 1341 106
2027 2 2 5 21 108 1344 107
2028 2 2 5 21 107 1344 1137
2029 2 2 5 21 109 1120 108
2030 2 2 5 21 1120 1344 108
2031 2 2 5 21 110 1304 109
2032 2 2 5 21 109 1304 1120
2033 2 2 5 21 111 1136 110
2034 2 2 5 21 1136 1304 110
2035 2 2 5 21 112 1145 111
2036 2 2 5 21 111 1145 1136
2037 2 2 5 21 113 1143 112
2038 2 2 5 21 1143 1145 112
2039 2 2 5 21 113 1453 1143
2040 2 2 5 21 177 1144 178
2041 2 2 5 21 177 1479 1144
2042 2 2 5 21 178 1302 179
2043 2 2 5 21 1144 1302 178
2044 2 2 5 21 179 1123 180
2045 2 2 5 21 179 1302 1123
2046 2 2 5 21 180 1287 181
2047 2 2 5 21 1123 1287 180
2048 2 2 5 21 181 1427 182
2049 2 2 5 21 1287 1427 181
2050 2 2 5 21 182 1102 183
2051 2 2 5 21 182 1427 1102
2052 2 2 5 21 183 1308 184
2053 2 2 5 21 1102 1308 183
2054 2 2 5 21 184 1125 185
2055 2 2 5 21 184 1308 1125
2056 2 2 5 21 185 1436 186
2057 2 2 5 21 1125 1436 185
2058 2 2 5 21 186 1377 187
2059 2 2 5 21 186 1436 1377
2060 2 2 5 21 187 1103 188
2061 2 2 5 21 187 1377 1103
2062 2 2 5 21 188 1375 189
2063 2 2 5 21 1103 1375 188
2064 2 2 5 21 189 1126 190
2065 2 2 5 21 189 1375 1126
2066 2 2 5 21 190 1433 191
2067 2 2 5 21 1126 1433 190
2068 2 2 5 21 191 1329 192
2069 2 2 5 21 191 1433 1329
2070 2 2 5 21 192 1104 193
2071 2 2 5 21 192 1329 1104
2072 2 2 5 21 193 1327 194
2073 2 2 5 21 1104 1327 193
2074 2 2 5 21 194 1484 195
2075 2 2 5 21 1327 1484 194
2076 2 2 5 21 195 1101 196
2077 2 2 5 21 195 1484 1101
2078 2 2 5 21 196 1386 197
2079 2 2 5 21 1101 1386 196
2080 2 2 5 21 197 1127 198
2081 2 2 5 21 197 1386 1127
2082 2 2 5 21 198 1385 199
2083 2 2 5 21 1127 1385 198
2084 2 2 5 21 199 1121 200
2085 2 2 5 21 199 1385 1121
2086 2 2 5 21 200 1366 201
2087 2 2 5 21 1121 1366 200
2088 2 2 5 21 201 1368 202
2089 2 2 5 21 1366 1368 201
2090 2 2 5 21 202 1115 203
2091 2 2 5 21 202 1368 1115
2092 2 2 5 21 203 1370 204
2093 2 2 5 21 1115 1370 203
2094 2 2 5 21 204 1124 205
2095 2 2 5 21 204 1370 1124
2096 2 2 5 21 205 1373 206
2097 2 2 5 21 1124 1373 205
2098 2 2 5 21 206 1374 207
2099 2 2 5 21 1373 1374 206
2100 2 2 5 21 207 1116 208
2101 2 2 5 21 207 1374 1116
2102 2 2 5 21 208 1472 209
2103 2 2 5 21 1116 1472 208
2104 2 2 5 21 209 1362 210
2105 2 2 5 21 209 1472 1362
2106 2 2 5 21 210 1122 211
2107 2 2 5 21 210 1362 1122
2108 2 2 5 21 211 1396 212
2109 2 2 5 21 1122 1396 211
2110 2 2 5 21 212 1138 213
2111 2 2 5 21 212 1396 1138
2112 2 2 5 21 213 1394 214
2113 2 2 5 21 1138 1394 213
2114 2 2 5 21 214 1106 215
2115 2 2 5 21 214 1394 1106
2116 2 2 5 21 215 1332 216
2117 2 2 5 21 1106 1332 215
2118 2 2 5 21 216 1128 217
2119 2 2 5 21 216 1332 1128
2120 2 2 5 21 217 1398 218
2121 2 2 5 21 1128 1398 217
2122 2 2 5 21 218 1107 219
2123 2 2 5 21 218 1398 1107
2124 2 2 5 21 219 1449 220
2125 2 2 5 21 1107 1449 219
2126 2 2 5 21 220 1446 221
2127 2 2 5 21 220 1449 1446
2128 2 2 5 21 221 1099 222
2129 2 2 5 21 221 1446 1099
2130 2 2 5 21 222 1305 223
2131 2 2 5 21 1099 1305 222
2132 2 2 5 21 223 1139 224
2133 2 2 5 21 223 1305 1139
2134 2 2 5 21 224 1439 225
2135 2 2 5 21 1139 1439 224
2136 2 2 5 21 1439 1466 225
2137 2 2 5 21 247 1475 248
2138 2 2 5 21 1452 1475 247
2139 2 2 5 21 248 1142 249
2140 2 2 5 21 248 1475 1142
2141 2 2 5 21 249 1435 250
2142 2 2 5 21 1142 1435 249
2143 2 2 5 21 250 1117 251
2144 2 2 5 21 250 1435 1117
2145 2 2 5 21 251 1445 252
2146 2 2 5 21 1117 1445 251
2147 2 2 5 21 252 1448 253
2148 2 2 5 21 252 1445 1303
2149 2 2 5 21 1303 1448 252
2150 2 2 5 21 1448 1479 253
2151 2 2 5 21 255 1432 254
2152 2 2 5 21 1432 1453 254
2153 2 2 5 21 256 1442 255
2154 2 2 5 21 255 1442 1432
2155 2 2 5 21 257 1118 256
2156 2 2 5 21 1118 1442 256
2157 2 2 5 21 258 1438 257
2158 2 2 5 21 257 1438 1118
2159 2 2 5 21 259 1141 258
2160 2 2 5 21 1141 1438 258
2161 2 2 5 21 260 1443 259
2162 2 2 5 21 259 1443 1141
2163 2 2 5 21 260 1466 1443
2164 2 2 5 21 1099 1446 1288
2165 2 2 5 21 1288 1473 1099
2166 2 2 5 21 1099 1306 1305
2167 2 2 5 21 1099 1473 1306
2168 2 2 5 21 1100 1359 1353
2169 2 2 5 21 1353 1360 1100
2170 2 2 5 21 1360 1418 1100
2171 2 2 5 21 1101 1480 1386
2172 2 2 5 21 1101 1422 1400
2173 2 2 5 21 1400 1480 1101
2174 2 2 5 21 1101 1484 1422
2175 2 2 5 21 1102 1307 1281
2176 2 2 5 21 1281 1308 1102
2177 2 2 5 21 1102 1427 1307
2178 2 2 5 21 1280 1375 1103
2179 2 2 5 21 1103 1376 1280
2180 2 2 5 21 1103 1377 1376
2181 2 2 5 21 1326 1327 1104
2182 2 2 5 21 1104 1328 1326
2183 2 2 5 21 1104 1329 1328
2184 2 2 5 21 1380 1381 1105
2185 2 2 5 21 1381 1382 1105
2186 2 2 5 21 1382 1383 1105
2187 2 2 5 21 1106 1455 1332
2188 2 2 5 21 1394 1395 1106
2189 2 2 5 21 1395 1455 1106
2190 2 2 5 21 1398 1399 1107
2191 2 2 5 21 1399 1464 1107
2192 2 2 5 21 1107 1464 1449
2193 2 2 5 21 1108 1350 1347
2194 2 2 5 21 1108 1351 1350
2195 2 2 5 21 1108 1354 1351
2196 2 2 5 21 1109 1408 1310
2197 2 2 5 21 1109 1314 1312
2198 2 2 5 21 1312 1408 1109
2199 2 2 5 21 1110 1321 1319
2200 2 2 5 21 1319 1415 1110
2201 2 2 5 21 1110 1323 1321
2202 2 2 5 21 1111 1389 1387
2203 2 2 5 21 1111 1390 1389
2204 2 2 5 21 1111 1402 1390
2205 2 2 5 21 1112 1337 1334
2206 2 2 5 21 1112 1338 1337
2207 2 2 5 21 1112 1341 1338
2208 2 2 5 21 1113 1293 1278
2209 2 2 5 21 1278 1295 1113
2210 2 2 5 21 1113 1483 1293
2211 2 2 5 21 1295 1301 1113
2212 2 2 5 21 1114 1342 1340
2213 2 2 5 21 1340 1343 1114
2214 2 2 5 21 1343 1413 1114
2215 2 2 5 21 1368 1369 1115
2216 2 2 5 21 1369 1470 1115
2217 2 2 5 21 1115 1470 1370
2218 2 2 5 21 1116 1365 1364
2219 2 2 5 21 1364 1472 1116
2220 2 2 5 21 1116 1456 1365
2221 2 2 5 21 1374 1456 1116
2222 2 2 5 21 1426 1445 1117
2223 2 2 5 21 1117 1461 1426
2224 2 2 5 21 1435 1461 1117
2225 2 2 5 21 1118 1296 1282
2226 2 2 5 21 1282 1297 1118
2227 2 2 5 21 1118 1438 1296
2228 2 2 5 21 1297 1442 1118
2229 2 2 5 21 1378 1379 1119
2230 2 2 5 21 1379 1434 1119
2231 2 2 5 21 1119 1434 1430
2232 2 2 5 21 1304 1421 1120
2233 2 2 5 21 1120 1346 1344
2234 2 2 5 21 1120 1421 1346
2235 2 2 5 21 1121 1367 1366
2236 2 2 5 21 1121 1476 1367
2237 2 2 5 21 1385 1476 1121
2238 2 2 5 21 1362 1363 1122
2239 2 2 5 21 1363 1463 1122
2240 2 2 5 21 1122 1463 1396
2241 2 2 5 21 1284 1285 1123
2242 2 2 5 21 1123 1302 1284
2243 2 2 5 21 1285 1287 1123
2244 2 2 5 21 1370 1371 1124
2245 2 2 5 21 1371 1372 1124
2246 2 2 5 21 1372 1373 1124
2247 2 2 5 21 1308 1309 1125
2248 2 2 5 21 1309 1414 1125
2249 2 2 5 21 1414 1436 1125
2250 2 2 5 21 1126 1403 1331
2251 2 2 5 21 1331 1433 1126
2252 2 2 5 21 1375 1403 1126
2253 2 2 5 21 1127 1477 1385
2254 2 2 5 21 1386 1478 1127
2255 2 2 5 21 1127 1478 1477
2256 2 2 5 21 1332 1333 1128
2257 2 2 5 21 1333 1451 1128
2258 2 2 5 21 1128 1451 1398
2259 2 2 5 21 1334 1335 1129
2260 2 2 5 21 1335 1336 1129
2261 2 2 5 21 1336 1342 1129
2262 2 2 5 21 1130 1316 1315
2263 2 2 5 21 1130 1317 1316
2264 2 2 5 21 1130 1415 1317
2265 2 2 5 21 1131 1392 1378
2266 2 2 5 21 1387 1388 1131
2267 2 2 5 21 1388 1392 1131
2268 2 2 5 21 1279 1293 1132
2269 2 2 5 21 1132 1294 1279
2270 2 2 5 21 1293 1483 1132
2271 2 2 5 21 1132 1310 1294
2272 2 2 5 21 1322 1323 1133
2273 2 2 5 21 1133 1324 1322
2274 2 2 5 21 1133 1430 1324
2275 2 2 5 21 1347 1348 1134
2276 2 2 5 21 1348 1349 1134
2277 2 2 5 21 1349 1359 1134
2278 2 2 5 21 1135 1429 1358
2279 2 2 5 21 1383 1384 1135
2280 2 2 5 21 1384 1429 1135
2281 2 2 5 21 1145 1146 1136
2282 2 2 5 21 1146 1147 1136
2283 2 2 5 21 1147 1304 1136
2284 2 2 5 21 1137 1409 1341
2285 2 2 5 21 1344 1345 1137
2286 2 2 5 21 1345 1409 1137
2287 2 2 5 21 1138 1460 1394
2288 2 2 5 21 1396 1397 1138
2289 2 2 5 21 1397 1460 1138
2290 2 2 5 21 1298 1439 1139
2291 2 2 5 21 1139 1441 1298
2292 2 2 5 21 1305 1457 1139
2293 2 2 5 21 1139 1457 1441
2294 2 2 5 21 1291 1447 1140
2295 2 2 5 21 1140 1471 1291
2296 2 2 5 21 1301 1471 1140
2297 2 2 5 21 1283 1296 1141
2298 2 2 5 21 1141 1298 1283
2299 2 2 5 21 1296 1438 1141
2300 2 2 5 21 1141 1443 1298
2301 2 2 5 21 1276 1290 1142
2302 2 2 5 21 1142 1291 1276
2303 2 2 5 21 1290 1435 1142
2304 2 2 5 21 1142 1475 1291
2305 2 2 5 21 1143 1425 1145
2306 2 2 5 21 1143 1432 1425
2307 2 2 5 21 1143 1453 1432
2308 2 2 5 21 1286 1302 1144
2309 2 2 5 21 1144 1303 1286
2310 2 2 5 21 1144 1448 1303
2311 2 2 5 21 1144 1479 1448
2312 2 2 5 21 1145 1425 1146
2313 2 2 5 21 1146 1148 1147
2314 2 2 5 21 1146 1299 1148
2315 2 2 5 21 1146 1425 1299
2316 2 2 5 21 1148 1149 1147
2317 2 2 5 21 1149 1421 1147
2318 2 2 5 21 1147 1421 1304
2319 2 2 5 21 1148 1150 1149
2320 2 2 5 21 1148 1152 1150
2321 2 2 5 21 1148 1299 1152
2322 2 2 5 21 1150 1151 1149
2323 2 2 5 21 1151 1154 1149
2324 2 2 5 21 1154 1421 1149
2325 2 2 5 21 1150 1411 1151
2326 2 2 5 21 1152 1153 1150
2327 2 2 5 21 1153 1411 1150
2328 2 2 5 21 1151 1155 1154
2329 2 2 5 21 1151 1156 1155
2330 2 2 5 21 1151 1411 1156
2331 2 2 5 21 1152 1266 1153
2332 2 2 5 21 1152 1282 1266
2333 2 2 5 21 1152 1299 1282
2334 2 2 5 21 1266 1268 1153
2335 2 2 5 21 1268 1444 1153
2336 2 2 5 21 1153 1444 1411
2337 2 2 5 21 1155 1420 1154
2338 2 2 5 21 1154 1420 1346
2339 2 2 5 21 1346 1421 1154
2340 2 2 5 21 1156 1157 1155
2341 2 2 5 21 1157 1158 1155
2342 2 2 5 21 1158 1420 1155
2343 2 2 5 21 1156 1244 1157
2344 2 2 5 21 1156 1267 1244
2345 2 2 5 21 1156 1411 1267
2346 2 2 5 21 1157 1159 1158
2347 2 2 5 21 1157 1410 1159
2348 2 2 5 21 1244 1410 1157
2349 2 2 5 21 1159 1160 1158
2350 2 2 5 21 1160 1416 1158
2351 2 2 5 21 1416 1420 1158
2352 2 2 5 21 1159 1161 1160
2353 2 2 5 21 1159 1450 1161
2354 2 2 5 21 1410 1450 1159
2355 2 2 5 21 1161 1162 1160
2356 2 2 5 21 1162 1259 1160
2357 2 2 5 21 1259 1416 1160
2358 2 2 5 21 1161 1163 1162
2359 2 2 5 21 1161 1269 1163
2360 2 2 5 21 1161 1450 1269
2361 2 2 5 21 1163 1164 1162
2362 2 2 5 21 1164 1407 1162
2363 2 2 5 21 1162 1407 1259
2364 2 2 5 21 1163 1165 1164
2365 2 2 5 21 1163 1454 1165
2366 2 2 5 21 1269 1454 1163
2367 2 2 5 21 1165 1166 1164
2368 2 2 5 21 1166 1258 1164
2369 2 2 5 21 1258 1407 1164
2370 2 2 5 21 1165 1167 1166
2371 2 2 5 21 1165 1270 1167
2372 2 2 5 21 1165 1454 1270
2373 2 2 5 21 1167 1168 1166
2374 2 2 5 21 1168 1339 1166
2375 2 2 5 21 1166 1339 1258
2376 2 2 5 21 1167 1169 1168
2377 2 2 5 21 1167 1458 1169
2378 2 2 5 21 1270 1458 1167
2379 2 2 5 21 1169 1170 1168
2380 2 2 5 21 1170 1257 1168
2381 2 2 5 21 1257 1339 1168
2382 2 2 5 21 1169 1171 1170
2383 2 2 5 21 1169 1271 1171
2384 2 2 5 21 1169 1458 1271
2385 2 2 5 21 1171 1172 1170
2386 2 2 5 21 1172 1428 1170
2387 2 2 5 21 1170 1428 1257
2388 2 2 5 21 1171 1173 1172
2389 2 2 5 21 1171 1462 1173
2390 2 2 5 21 1271 1462 1171
2391 2 2 5 21 1173 1174 1172
2392 2 2 5 21 1174 1405 1172
2393 2 2 5 21 1405 1428 1172
2394 2 2 5 21 1173 1175 1174
2395 2 2 5 21 1173 1272 1175
2396 2 2 5 21 1173 1462 1272
2397 2 2 5 21 1175 1176 1174
2398 2 2 5 21 1176 1251 1174
2399 2 2 5 21 1251 1405 1174
2400 2 2 5 21 1175 1177 1176
2401 2 2 5 21 1175 1465 1177
2402 2 2 5 21 1272 1465 1175
2403 2 2 5 21 1177 1178 1176
2404 2 2 5 21 1178 1406 1176
2405 2 2 5 21 1176 1406 1251
2406 2 2 5 21 1177 1179 1178
2407 2 2 5 21 1177 1252 1179
2408 2 2 5 21 1177 1465 1252
2409 2 2 5 21 1179 1180 1178
2410 2 2 5 21 1180 1255 1178
2411 2 2 5 21 1255 1406 1178
2412 2 2 5 21 1179 1181 1180
2413 2 2 5 21 1179 1459 1181
2414 2 2 5 21 1252 1459 1179
2415 2 2 5 21 1181 1182 1180
2416 2 2 5 21 1182 1417 1180
2417 2 2 5 21 1180 1417 1255
2418 2 2 5 21 1181 1183 1182
2419 2 2 5 21 1181 1440 1183
2420 2 2 5 21 1365 1440 1181
2421 2 2 5 21 1181 1459 1365
2422 2 2 5 21 1183 1184 1182
2423 2 2 5 21 1184 1356 1182
2424 2 2 5 21 1356 1417 1182
2425 2 2 5 21 1183 1185 1184
2426 2 2 5 21 1183 1254 1185
2427 2 2 5 21 1183 1440 1254
2428 2 2 5 21 1185 1186 1184
2429 2 2 5 21 1186 1249 1184
2430 2 2 5 21 1249 1356 1184
2431 2 2 5 21 1185 1187 1186
2432 2 2 5 21 1185 1468 1187
2433 2 2 5 21 1254 1468 1185
2434 2 2 5 21 1187 1188 1186
2435 2 2 5 21 1188 1357 1186
2436 2 2 5 21 1186 1357 1249
2437 2 2 5 21 1187 1189 1188
2438 2 2 5 21 1187 1469 1189
2439 2 2 5 21 1468 1469 1187
2440 2 2 5 21 1189 1190 1188
2441 2 2 5 21 1190 1253 1188
2442 2 2 5 21 1253 1357 1188
2443 2 2 5 21 1189 1191 1190
2444 2 2 5 21 1189 1273 1191
2445 2 2 5 21 1189 1469 1273
2446 2 2 5 21 1191 1192 1190
2447 2 2 5 21 1192 1352 1190
2448 2 2 5 21 1190 1352 1253
2449 2 2 5 21 1191 1193 1192
2450 2 2 5 21 1191 1369 1193
2451 2 2 5 21 1273 1369 1191
2452 2 2 5 21 1193 1194 1192
2453 2 2 5 21 1194 1250 1192
2454 2 2 5 21 1250 1352 1192
2455 2 2 5 21 1193 1195 1194
2456 2 2 5 21 1193 1256 1195
2457 2 2 5 21 1193 1369 1256
2458 2 2 5 21 1195 1196 1194
2459 2 2 5 21 1196 1361 1194
2460 2 2 5 21 1194 1361 1250
2461 2 2 5 21 1195 1197 1196
2462 2 2 5 21 1195 1474 1197
2463 2 2 5 21 1256 1474 1195
2464 2 2 5 21 1197 1198 1196
2465 2 2 5 21 1198 1437 1196
2466 2 2 5 21 1196 1437 1361
2467 2 2 5 21 1197 1199 1198
2468 2 2 5 21 1197 1330 1199
2469 2 2 5 21 1197 1474 1330
2470 2 2 5 21 1199 1200 1198
2471 2 2 5 21 1200 1245 1198
2472 2 2 5 21 1245 1437 1198
2473 2 2 5 21 1199 1201 1200
2474 2 2 5 21 1199 1275 1201
2475 2 2 5 21 1199 1330 1275
2476 2 2 5 21 1201 1202 1200
2477 2 2 5 21 1202 1404 1200
2478 2 2 5 21 1200 1404 1245
2479 2 2 5 21 1201 1203 1202
2480 2 2 5 21 1201 1401 1203
2481 2 2 5 21 1275 1401 1201
2482 2 2 5 21 1203 1204 1202
2483 2 2 5 21 1204 1248 1202
2484 2 2 5 21 1248 1404 1202
2485 2 2 5 21 1203 1205 1204
2486 2 2 5 21 1203 1277 1205
2487 2 2 5 21 1203 1401 1277
2488 2 2 5 21 1205 1206 1204
2489 2 2 5 21 1206 1391 1204
2490 2 2 5 21 1204 1391 1248
2491 2 2 5 21 1205 1207 1206
2492 2 2 5 21 1205 1400 1207
2493 2 2 5 21 1277 1400 1205
2494 2 2 5 21 1207 1208 1206
2495 2 2 5 21 1208 1247 1206
2496 2 2 5 21 1247 1391 1206
2497 2 2 5 21 1207 1209 1208
2498 2 2 5 21 1207 1260 1209
2499 2 2 5 21 1207 1400 1260
2500 2 2 5 21 1209 1210 1208
2501 2 2 5 21 1210 1393 1208
2502 2 2 5 21 1208 1393 1247
2503 2 2 5 21 1209 1211 1210
2504 2 2 5 21 1209 1326 1211
2505 2 2 5 21 1260 1326 1209
2506 2 2 5 21 1211 1212 1210
2507 2 2 5 21 1212 1246 1210
2508 2 2 5 21 1246 1393 1210
2509 2 2 5 21 1211 1213 1212
2510 2 2 5 21 1211 1328 1213
2511 2 2 5 21 1326 1328 1211
2512 2 2 5 21 1213 1214 1212
2513 2 2 5 21 1214 1431 1212
2514 2 2 5 21 1212 1431 1246
2515 2 2 5 21 1213 1215 1214
2516 2 2 5 21 1213 1261 1215
2517 2 2 5 21 1213 1328 1261
2518 2 2 5 21 1215 1216 1214
2519 2 2 5 21 1216 1243 1214
2520 2 2 5 21 1243 1431 1214
2521 2 2 5 21 1215 1217 1216
2522 2 2 5 21 1215 1331 1217
2523 2 2 5 21 1261 1331 1215
2524 2 2 5 21 1217 1218 1216
2525 2 2 5 21 1218 1320 1216
2526 2 2 5 21 1216 1320 1243
2527 2 2 5 21 1217 1219 1218
2528 2 2 5 21 1217 1403 1219
2529 2 2 5 21 1331 1403 1217
2530 2 2 5 21 1219 1220 1218
2531 2 2 5 21 1220 1242 1218
2532 2 2 5 21 1242 1320 1218
2533 2 2 5 21 1219 1221 1220
2534 2 2 5 21 1219 1280 1221
2535 2 2 5 21 1219 1403 1280
2536 2 2 5 21 1221 1222 1220
2537 2 2 5 21 1222 1318 1220
2538 2 2 5 21 1220 1318 1242
2539 2 2 5 21 1221 1223 1222
2540 2 2 5 21 1221 1376 1223
2541 2 2 5 21 1280 1376 1221
2542 2 2 5 21 1223 1224 1222
2543 2 2 5 21 1224 1325 1222
2544 2 2 5 21 1222 1325 1318
2545 2 2 5 21 1223 1225 1224
2546 2 2 5 21 1223 1262 1225
2547 2 2 5 21 1223 1376 1262
2548 2 2 5 21 1225 1226 1224
2549 2 2 5 21 1226 1229 1224
2550 2 2 5 21 1229 1325 1224
2551 2 2 5 21 1225 1227 1226
2552 2 2 5 21 1225 1481 1227
2553 2 2 5 21 1262 1481 1225
2554 2 2 5 21 1227 1228 1226
2555 2 2 5 21 1228 1311 1226
2556 2 2 5 21 1226 1311 1229
2557 2 2 5 21 1227 1230 1228
2558 2 2 5 21 1227 1309 1230
2559 2 2 5 21 1227 1481 1309
2560 2 2 5 21 1230 1231 1228
2561 2 2 5 21 1231 1241 1228
2562 2 2 5 21 1241 1311 1228
2563 2 2 5 21 1311 1312 1229
2564 2 2 5 21 1312 1313 1229
2565 2 2 5 21 1313 1325 1229
2566 2 2 5 21 1230 1232 1231
2567 2 2 5 21 1230 1281 1232
2568 2 2 5 21 1230 1309 1281
2569 2 2 5 21 1232 1233 1231
2570 2 2 5 21 1233 1412 1231
2571 2 2 5 21 1231 1412 1241
2572 2 2 5 21 1232 1234 1233
2573 2 2 5 21 1232 1307 1234
2574 2 2 5 21 1281 1307 1232
2575 2 2 5 21 1234 1235 1233
2576 2 2 5 21 1235 1236 1233
2577 2 2 5 21 1236 1412 1233
2578 2 2 5 21 1234 1419 1235
2579 2 2 5 21 1234 1307 1292
2580 2 2 5 21 1292 1419 1234
2581 2 2 5 21 1235 1237 1236
2582 2 2 5 21 1235 1238 1237
2583 2 2 5 21 1235 1419 1238
2584 2 2 5 21 1237 1278 1236
2585 2 2 5 21 1278 1279 1236
2586 2 2 5 21 1279 1412 1236
2587 2 2 5 21 1238 1239 1237
2588 2 2 5 21 1239 1295 1237
2589 2 2 5 21 1237 1295 1278
2590 2 2 5 21 1238 1240 1239
2591 2 2 5 21 1238 1263 1240
2592 2 2 5 21 1238 1419 1263
2593 2 2 5 21 1240 1265 1239
2594 2 2 5 21 1265 1274 1239
2595 2 2 5 21 1274 1295 1239
2596 2 2 5 21 1263 1264 1240
2597 2 2 5 21 1264 1300 1240
2598 2 2 5 21 1240 1300 1265
2599 2 2 5 21 1294 1408 1241
2600 2 2 5 21 1241 1412 1294
2601 2 2 5 21 1241 1408 1311
2602 2 2 5 21 1242 1318 1317
2603 2 2 5 21 1317 1319 1242
2604 2 2 5 21 1319 1320 1242
2605 2 2 5 21 1320 1321 1243
2606 2 2 5 21 1321 1322 1243
2607 2 2 5 21 1322 1431 1243
2608 2 2 5 21 1267 1288 1244
2609 2 2 5 21 1288 1289 1244
2610 2 2 5 21 1289 1410 1244
2611 2 2 5 21 1245 1404 1390
2612 2 2 5 21 1390 1424 1245
2613 2 2 5 21 1424 1437 1245
2614 2 2 5 21 1246 1431 1324
2615 2 2 5 21 1324 1434 1246
2616 2 2 5 21 1246 1434 1393
2617 2 2 5 21 1379 1392 1247
2618 2 2 5 21 1247 1393 1379
2619 2 2 5 21 1247 1392 1391
2620 2 2 5 21 1388 1389 1248
2621 2 2 5 21 1248 1391 1388
2622 2 2 5 21 1389 1404 1248
2623 2 2 5 21 1351 1355 1249
2624 2 2 5 21 1249 1357 1351
2625 2 2 5 21 1355 1356 1249
2626 2 2 5 21 1349 1352 1250
2627 2 2 5 21 1250 1353 1349
2628 2 2 5 21 1250 1361 1353
2629 2 2 5 21 1251 1406 1381
2630 2 2 5 21 1381 1423 1251
2631 2 2 5 21 1251 1423 1405
2632 2 2 5 21 1252 1465 1363
2633 2 2 5 21 1363 1482 1252
2634 2 2 5 21 1364 1459 1252
2635 2 2 5 21 1252 1482 1364
2636 2 2 5 21 1348 1350 1253
2637 2 2 5 21 1253 1352 1348
2638 2 2 5 21 1350 1357 1253
2639 2 2 5 21 1254 1467 1372
2640 2 2 5 21 1372 1468 1254
2641 2 2 5 21 1440 1456 1254
2642 2 2 5 21 1456 1467 1254
2643 2 2 5 21 1255 1384 1382
2644 2 2 5 21 1382 1406 1255
2645 2 2 5 21 1255 1417 1384
2646 2 2 5 21 1366 1367 1256
2647 2 2 5 21 1256 1368 1366
2648 2 2 5 21 1367 1474 1256
2649 2 2 5 21 1256 1369 1368
2650 2 2 5 21 1336 1339 1257
2651 2 2 5 21 1257 1340 1336
2652 2 2 5 21 1257 1428 1340
2653 2 2 5 21 1335 1337 1258
2654 2 2 5 21 1258 1339 1335
2655 2 2 5 21 1337 1407 1258
2656 2 2 5 21 1259 1407 1338
2657 2 2 5 21 1338 1409 1259
2658 2 2 5 21 1409 1416 1259
2659 2 2 5 21 1260 1327 1326
2660 2 2 5 21 1260 1422 1327
2661 2 2 5 21 1400 1422 1260
2662 2 2 5 21 1328 1329 1261
2663 2 2 5 21 1329 1433 1261
2664 2 2 5 21 1261 1433 1331
2665 2 2 5 21 1376 1377 1262
2666 2 2 5 21 1377 1436 1262
2667 2 2 5 21 1262 1436 1414
2668 2 2 5 21 1414 1481 1262
2669 2 2 5 21 1263 1284 1264
2670 2 2 5 21 1263 1285 1284
2671 2 2 5 21 1263 1419 1285
2672 2 2 5 21 1284 1286 1264
2673 2 2 5 21 1286 1426 1264
2674 2 2 5 21 1264 1426 1300
2675 2 2 5 21 1265 1276 1274
2676 2 2 5 21 1265 1290 1276
2677 2 2 5 21 1265 1300 1290
2678 2 2 5 21 1266 1283 1268
2679 2 2 5 21 1282 1296 1266
2680 2 2 5 21 1266 1296 1283
2681 2 2 5 21 1267 1473 1288
2682 2 2 5 21 1267 1444 1306
2683 2 2 5 21 1306 1473 1267
2684 2 2 5 21 1411 1444 1267
2685 2 2 5 21 1283 1441 1268
2686 2 2 5 21 1441 1457 1268
2687 2 2 5 21 1268 1457 1444
2688 2 2 5 21 1269 1451 1333
2689 2 2 5 21 1333 1454 1269
2690 2 2 5 21 1269 1450 1399
2691 2 2 5 21 1399 1451 1269
2692 2 2 5 21 1270 1454 1333
2693 2 2 5 21 1333 1455 1270
2694 2 2 5 21 1270 1455 1395
2695 2 2 5 21 1395 1458 1270
2696 2 2 5 21 1271 1458 1395
2697 2 2 5 21 1395 1460 1271
2698 2 2 5 21 1271 1460 1397
2699 2 2 5 21 1397 1462 1271
2700 2 2 5 21 1272 1463 1363
2701 2 2 5 21 1363 1465 1272
2702 2 2 5 21 1272 1462 1397
2703 2 2 5 21 1397 1463 1272
2704 2 2 5 21 1273 1470 1369
2705 2 2 5 21 1273 1469 1371
2706 2 2 5 21 1371 1470 1273
2707 2 2 5 21 1276 1471 1274
2708 2 2 5 21 1274 1301 1295
2709 2 2 5 21 1274 1471 1301
2710 2 2 5 21 1330 1476 1275
2711 2 2 5 21 1275 1477 1401
2712 2 2 5 21 1476 1477 1275
2713 2 2 5 21 1291 1471 1276
2714 2 2 5 21 1277 1480 1400
2715 2 2 5 21 1401 1478 1277
2716 2 2 5 21 1478 1480 1277
2717 2 2 5 21 1278 1293 1279
2718 2 2 5 21 1294 1412 1279
2719 2 2 5 21 1280 1403 1375
2720 2 2 5 21 1281 1309 1308
2721 2 2 5 21 1282 1299 1297
2722 2 2 5 21 1298 1441 1283
2723 2 2 5 21 1284 1302 1286
2724 2 2 5 21 1285 1292 1287
2725 2 2 5 21 1285 1419 1292
2726 2 2 5 21 1303 1426 1286
2727 2 2 5 21 1292 1427 1287
2728 2 2 5 21 1288 1446 1289
2729 2 2 5 21 1289 1464 1410
2730 2 2 5 21 1446 1449 1289
2731 2 2 5 21 1449 1464 1289
2732 2 2 5 21 1300 1461 1290
2733 2 2 5 21 1290 1461 1435
2734 2 2 5 21 1291 1452 1447
2735 2 2 5 21 1291 1475 1452
2736 2 2 5 21 1307 1427 1292
2737 2 2 5 21 1310 1408 1294
2738 2 2 5 21 1299 1425 1297
2739 2 2 5 21 1425 1432 1297
2740 2 2 5 21 1432 1442 1297
2741 2 2 5 21 1298 1466 1439
2742 2 2 5 21 1443 1466 1298
2743 2 2 5 21 1426 1461 1300
2744 2 2 5 21 1303 1445 1426
2745 2 2 5 21 1306 1457 1305
2746 2 2 5 21 1444 1457 1306
2747 2 2 5 21 1309 1481 1414
2748 2 2 5 21 1311 1408 1312
2749 2 2 5 21 1312 1314 1313
2750 2 2 5 21 1314 1315 1313
2751 2 2 5 21 1315 1316 1313
2752 2 2 5 21 1316 1325 1313
2753 2 2 5 21 1317 1318 1316
2754 2 2 5 21 1318 1325 1316
2755 2 2 5 21 1317 1415 1319
2756 2 2 5 21 1319 1321 1320
2757 2 2 5 21 1321 1323 1322
2758 2 2 5 21 1324 1431 1322
2759 2 2 5 21 1430 1434 1324
2760 2 2 5 21 1422 1484 1327
2761 2 2 5 21 1330 1474 1367
2762 2 2 5 21 1367 1476 1330
2763 2 2 5 21 1332 1455 1333
2764 2 2 5 21 1334 1337 1335
2765 2 2 5 21 1335 1339 1336
2766 2 2 5 21 1340 1342 1336
2767 2 2 5 21 1338 1407 1337
2768 2 2 5 21 1341 1409 1338
2769 2 2 5 21 1340 1428 1343
2770 2 2 5 21 1405 1423 1343
2771 2 2 5 21 1343 1428 1405
2772 2 2 5 21 1343 1423 1413
2773 2 2 5 21 1344 1346 1345
2774 2 2 5 21 1346 1420 1345
2775 2 2 5 21 1345 1416 1409
2776 2 2 5 21 1345 1420 1416
2777 2 2 5 21 1347 1350 1348
2778 2 2 5 21 1348 1352 1349
2779 2 2 5 21 1353 1359 1349
2780 2 2 5 21 1351 1357 1350
2781 2 2 5 21 1354 1355 1351
2782 2 2 5 21 1353 1361 1360
2783 2 2 5 21 1354 1358 1355
2784 2 2 5 21 1355 1429 1356
2785 2 2 5 21 1358 1429 1355
2786 2 2 5 21 1356 1429 1417
2787 2 2 5 21 1361 1437 1360
2788 2 2 5 21 1360 1424 1418
2789 2 2 5 21 1360 1437 1424
2790 2 2 5 21 1362 1482 1363
2791 2 2 5 21 1362 1472 1364
2792 2 2 5 21 1364 1482 1362
2793 2 2 5 21 1365 1459 1364
2794 2 2 5 21 1365 1456 1440
2795 2 2 5 21 1370 1470 1371
2796 2 2 5 21 1371 1469 1372
2797 2 2 5 21 1372 1467 1373
2798 2 2 5 21 1372 1469 1468
2799 2 2 5 21 1373 1467 1374
2800 2 2 5 21 1374 1467 1456
2801 2 2 5 21 1378 1392 1379
2802 2 2 5 21 1393 1434 1379
2803 2 2 5 21 1380 1423 1381
2804 2 2 5 21 1413 1423 1380
2805 2 2 5 21 1381 1406 1382
2806 2 2 5 21 1382 1384 1383
2807 2 2 5 21 1417 1429 1384
2808 2 2 5 21 1385 1477 1476
2809 2 2 5 21 1386 1480 1478
2810 2 2 5 21 1387 1389 1388
2811 2 2 5 21 1391 1392 1388
2812 2 2 5 21 1390 1404 1389
2813 2 2 5 21 1402 1424 1390
2814 2 2 5 21 1394 1460 1395
2815 2 2 5 21 1396 1463 1397
2816 2 2 5 21 1398 1451 1399
2817 2 2 5 21 1399 1450 1410
2818 2 2 5 21 1410 1464 1399
2819 2 2 5 21 1477 1478 1401
2820 2 2 5 21 1418 1424 1402
2821 2 2 6 25 1 1543 120
2822 2 2 6 25 233 1543 1
2823 2 2 6 25 114 1544 4
2824 2 2 6 25 4 1544 254
2825 2 2 6 25 232 1545 5
2826 2 2 6 25 5 1545 239
2827 2 2 6 25 8 1542 226
2828 2 2 6 25 260 1542 8
2829 2 2 6 25 115 1522 114
2830 2 2 6 25 1522 1544 114
2831 2 2 6 25 116 1489 115
2832 2 2 6 25 1489 1522 115
2833 2 2 6 25 117 1520 116
2834 2 2 6 25 116 1520 1489
2835 2 2 6 25 118 1486 117
2836 2 2 6 25 1486 1520 117
2837 2 2 6 25 119 1518 118
2838 2 2 6 25 118 1518 1486
2839 2 2 6 25 120 1495 119
2840 2 2 6 25 1495 1518 119
2841 2 2 6 25 120 1543 1495
2842 2 2 6 25 226 1534 227
2843 2 2 6 25 226 1542 1534
2844 2 2 6 25 227 1491 228
2845 2 2 6 25 227 1534 1491
2846 2 2 6 25 228 1521 229
2847 2 2 6 25 1491 1521 228
2848 2 2 6 25 229 1485 230
2849 2 2 6 25 229 1521 1485
2850 2 2 6 25 230 1535 231
2851 2 2 6 25 1485 1535 230
2852 2 2 6 25 231 1537 232
2853 2 2 6 25 1535 1537 231
2854 2 2 6 25 1537 1545 232
2855 2 2 6 25 234 1533 233
2856 2 2 6 25 1533 1543 233
2857 2 2 6 25 235 1490 234
2858 2 2 6 25 1490 1533 234
2859 2 2 6 25 236 1524 235
2860 2 2 6 25 235 1524 1490
2861 2 2 6 25 237 1488 236
2862 2 2 6 25 1488 1524 236
2863 2 2 6 25 238 1519 237
2864 2 2 6 25 237 1519 1488
2865 2 2 6 25 239 1493 238
2866 2 2 6 25 1493 1519 238
2867 2 2 6 25 239 1545 1493
2868 2 2 6 25 254 1532 255
2869 2 2 6 25 254 1544 1532
2870 2 2 6 25 255 1492 256
2871 2 2 6 25 255 1532 1492
2872 2 2 6 25 256 1523 257
2873 2 2 6 25 1492 1523 256
2874 2 2 6 25 257 1487 258
2875 2 2 6 25 257 1523 1487
2876 2 2 6 25 258 1496 259
2877 2 2 6 25 1487 1496 258
2878 2 2 6 25 259 1494 260
2879 2 2 6 25 259 1496 1494
2880 2 2 6 25 1494 1542 260
2881 2 2 6 25 1513 1535 1485
2882 2 2 6 25 1485 1539 1513
2883 2 2 6 25 1521 1539 1485
2884 2 2 6 25 1486 1518 1517
2885 2 2 6 25 1517 1538 1486
2886 2 2 6 25 1486 1538 1520
2887 2 2 6 25 1487 1497 1496
2888 2 2 6 25 1487 1498 1497
2889 2 2 6 25 1487 1523 1498
2890 2 2 6 25 1519 1547 1488
2891 2 2 6 25 1488 1548 1524
2892 2 2 6 25 1547 1548 1488
2893 2 2 6 25 1520 1540 1489
2894 2 2 6 25 1489 1527 1522
2895 2 2 6 25 1489 1540 1527
2896 2 2 6 25 1524 1549 1490
2897 2 2 6 25 1490 1550 1533
2898 2 2 6 25 1549 1550 1490
2899 2 2 6 25 1491 1541 1521
2900 2 2 6 25 1491 1534 1531
2901 2 2 6 25 1531 1541 1491
2902 2 2 6 25 1492 1526 1523
2903 2 2 6 25 1492 1527 1526
2904 2 2 6 25 1492 1532 1527
2905 2 2 6 25 1493 1537 1515
2906 2 2 6 25 1515 1546 1493
2907 2 2 6 25 1493 1546 1519
2908 2 2 6 25 1493 1545 1537
2909 2 2 6 25 1496 1531 1494
2910 2 2 6 25 1531 1534 1494
2911 2 2 6 25 1534 1542 1494
2912 2 2 6 25 1495 1536 1518
2913 2 2 6 25 1495 1543 1533
2914 2 2 6 25 1533 1550 1495
2915 2 2 6 25 1495 1550 1536
2916 2 2 6 25 1497 1531 1496
2917 2 2 6 25 1498 1499 1497
2918 2 2 6 25 1499 1509 1497
2919 2 2 6 25 1509 1531 1497
2920 2 2 6 25 1498 1500 1499
2921 2 2 6 25 1498 1526 1500
2922 2 2 6 25 1523 1526 1498
2923 2 2 6 25 1500 1501 1499
2924 2 2 6 25 1501 1528 1499
2925 2 2 6 25 1499 1528 1509
2926 2 2 6 25 1500 1502 1501
2927 2 2 6 25 1500 1510 1502
2928 2 2 6 25 1500 1526 1510
2929 2 2 6 25 1502 1503 1501
2930 2 2 6 25 1503 1504 1501
2931 2 2 6 25 1504 1528 1501
2932 2 2 6 25 1502 1525 1503
2933 2 2 6 25 1510 1512 1502
2934 2 2 6 25 1512 1525 1502
2935 2 2 6 25 1503 1505 1504
2936 2 2 6 25 1503 1507 1505
2937 2 2 6 25 1503 1525 1507
2938 2 2 6 25 1505 1506 1504
2939 2 2 6 25 1506 1508 1504
2940 2 2 6 25 1508 1528 1504
2941 2 2 6 25 1505 1530 1506
2942 2 2 6 25 1507 1511 1505
2943 2 2 6 25 1511 1530 1505
2944 2 2 6 25 1506 1513 1508
2945 2 2 6 25 1506 1514 1513
2946 2 2 6 25 1506 1530 1514
2947 2 2 6 25 1507 1516 1511
2948 2 2 6 25 1507 1517 1516
2949 2 2 6 25 1507 1525 1517
2950 2 2 6 25 1513 1539 1508
2951 2 2 6 25 1508 1529 1528
2952 2 2 6 25 1508 1539 1529
2953 2 2 6 25 1528 1529 1509
2954 2 2 6 25 1529 1541 1509
2955 2 2 6 25 1509 1541 1531
2956 2 2 6 25 1510 1540 1512
2957 2 2 6 25 1526 1527 1510
2958 2 2 6 25 1527 1540 1510
2959 2 2 6 25 1516 1549 1511
2960 2 2 6 25 1511 1548 1530
2961 2 2 6 25 1511 1549 1548
2962 2 2 6 25 1520 1538 1512
2963 2 2 6 25 1512 1540 1520
2964 2 2 6 25 1512 1538 1525
2965 2 2 6 25 1514 1515 1513
2966 2 2 6 25 1515 1535 1513
2967 2 2 6 25 1514 1546 1515
2968 2 2 6 25 1530 1547 1514
2969 2 2 6 25 1514 1547 1546
2970 2 2 6 25 1515 1537 1535
2971 2 2 6 25 1517 1536 1516
2972 2 2 6 25 1536 1550 1516
2973 2 2 6 25 1516 1550 1549
2974 2 2 6 25 1518 1536 1517
2975 2 2 6 25 1525 1538 1517
2976 2 2 6 25 1546 1547 1519
2977 2 2 6 25 1529 1539 1521
2978 2 2 6 25 1521 1541 1529
2979 2 2 6 25 1527 1532 1522
2980 2 2 6 25 1532 1544 1522
2981 2 2 6 25 1548 1549 1524
2982 2 2 6 25 1530 1548 1547
2983 2 2 2 26 5 121 1904
2984 2 2 2 26 232 5 1904
2985 2 2 2 26 169 6 1906
2986 2 2 2 26 6 170 1906
2987 2 2 2 26 176 7 1915
2988 2 2 2 26 7 177 1915
2989 2 2 2 26 225 8 1932
2990 2 2 2 26 8 226 1932
2991 2 2 2 26 121 122 1899
2992 2 2 2 26 121 1899 1904
2993 2 2 2 26 122 123 1585
2994 2 2 2 26 122 1585 1899
2995 2 2 2 26 123 124 1746
2996 2 2 2 26 1585 123 1746
2997 2 2 2 26 124 125 1556
2998 2 2 2 26 124 1556 1746
2999 2 2 2 26 125 126 1931
3000 2 2 2 26 1556 125 1931
3001 2 2 2 26 126 127 1934
3002 2 2 2 26 1931 126 1934
3003 2 2 2 26 127 128 1551
3004 2 2 2 26 127 1551 1934
3005 2 2 2 26 128 129 1750
3006 2 2 2 26 1551 128 1750
3007 2 2 2 26 129 130 1884
3008 2 2 2 26 1750 129 1884
3009 2 2 2 26 130 131 1552
3010 2 2 2 26 130 1552 1884
3011 2 2 2 26 131 132 1849
3012 2 2 2 26 1552 131 1849
3013 2 2 2 26 132 133 1850
3014 2 2 2 26 1849 132 1850
3015 2 2 2 26 133 134 1553
3016 2 2 2 26 133 1553 1850
3017 2 2 2 26 134 135 1791
3018 2 2 2 26 1553 134 1791
3019 2 2 2 26 135 136 1789
3020 2 2 2 26 135 1789 1791
3021 2 2 2 26 136 137 1554
3022 2 2 2 26 136 1554 1789
3023 2 2 2 26 137 138 1785
3024 2 2 2 26 1554 137 1785
3025 2 2 2 26 138 139 1783
3026 2 2 2 26 138 1783 1785
3027 2 2 2 26 139 140 1555
3028 2 2 2 26 139 1555 1783
3029 2 2 2 26 140 141 1775
3030 2 2 2 26 1555 140 1775
3031 2 2 2 26 141 142 1581
3032 2 2 2 26 141 1581 1775
3033 2 2 2 26 142 143 1877
3034 2 2 2 26 1581 142 1877
3035 2 2 2 26 143 144 1572
3036 2 2 2 26 143 1572 1877
3037 2 2 2 26 144 145 1844
3038 2 2 2 26 1572 144 1844
3039 2 2 2 26 145 146 1842
3040 2 2 2 26 145 1842 1844
3041 2 2 2 26 146 147 1573
3042 2 2 2 26 146 1573 1842
3043 2 2 2 26 147 148 1838
3044 2 2 2 26 1573 147 1838
3045 2 2 2 26 148 149 1829
3046 2 2 2 26 148 1829 1838
3047 2 2 2 26 149 150 1575
3048 2 2 2 26 149 1575 1829
3049 2 2 2 26 150 151 1837
3050 2 2 2 26 1575 150 1837
3051 2 2 2 26 151 152 1886
3052 2 2 2 26 1837 151 1886
3053 2 2 2 26 152 153 1576
3054 2 2 2 26 152 1576 1886
3055 2 2 2 26 153 154 1855
3056 2 2 2 26 1576 153 1855
3057 2 2 2 26 154 155 1827
3058 2 2 2 26 154 1827 1855
3059 2 2 2 26 155 156 1577
3060 2 2 2 26 155 1577 1827
3061 2 2 2 26 156 157 1823
3062 2 2 2 26 1577 156 1823
3063 2 2 2 26 157 158 1821
3064 2 2 2 26 157 1821 1823
3065 2 2 2 26 158 159 1578
3066 2 2 2 26 158 1578 1821
3067 2 2 2 26 159 160 1817
3068 2 2 2 26 1578 159 1817
3069 2 2 2 26 160 161 1815
3070 2 2 2 26 160 1815 1817
3071 2 2 2 26 161 162 1579
3072 2 2 2 26 161 1579 1815
3073 2 2 2 26 162 163 1810
3074 2 2 2 26 1579 162 1810
3075 2 2 2 26 163 164 1814
3076 2 2 2 26 1810 163 1814
3077 2 2 2 26 164 165 1580
3078 2 2 2 26 164 1580 1814
3079 2 2 2 26 165 166 1749
3080 2 2 2 26 1580 165 1749
3081 2 2 2 26 166 167 1583
3082 2 2 2 26 166 1583 1749
3083 2 2 2 26 167 168 1591
3084 2 2 2 26 1583 167 1591
3085 2 2 2 26 168 169 1589
3086 2 2 2 26 168 1589 1591
3087 2 2 2 26 1589 169 1906
3088 2 2 2 26 170 171 1882
3089 2 2 2 26 170 1882 1906
3090 2 2 2 26 171 172 1894
3091 2 2 2 26 1882 171 1894
3092 2 2 2 26 172 173 1567
3093 2 2 2 26 172 1567 1894
3094 2 2 2 26 173 174 1890
3095 2 2 2 26 1567 173 1890
3096 2 2 2 26 174 175 1588
3097 2 2 2 26 174 1588 1890
3098 2 2 2 26 175 176 1896
3099 2 2 2 26 1588 175 1896
3100 2 2 2 26 1896 176 1915
3101 2 2 2 26 177 178 1892
3102 2 2 2 26 177 1892 1915
3103 2 2 2 26 178 179 1586
3104 2 2 2 26 178 1586 1892
3105 2 2 2 26 179 180 1895
3106 2 2 2 26 1586 179 1895
3107 2 2 2 26 180 181 1557
3108 2 2 2 26 180 1557 1895
3109 2 2 2 26 181 182 1900
3110 2 2 2 26 1557 181 1900
3111 2 2 2 26 182 183 1902
3112 2 2 2 26 1900 182 1902
3113 2 2 2 26 183 184 1558
3114 2 2 2 26 183 1558 1902
3115 2 2 2 26 184 185 1845
3116 2 2 2 26 1558 184 1845
3117 2 2 2 26 185 186 1847
3118 2 2 2 26 1845 185 1847
3119 2 2 2 26 186 187 1559
3120 2 2 2 26 186 1559 1847
3121 2 2 2 26 187 188 1908
3122 2 2 2 26 1559 187 1908
3123 2 2 2 26 188 189 1909
3124 2 2 2 26 1908 188 1909
3125 2 2 2 26 189 190 1560
3126 2 2 2 26 189 1560 1909
3127 2 2 2 26 190 191 1912
3128 2 2 2 26 1560 190 1912
3129 2 2 2 26 191 192 1914
3130 2 2 2 26 1912 191 1914
3131 2 2 2 26 192 193 1561
3132 2 2 2 26 192 1561 1914
3133 2 2 2 26 193 194 1917
3134 2 2 2 26 1561 193 1917
3135 2 2 2 26 194 195 1918
3136 2 2 2 26 1917 194 1918
3137 2 2 2 26 195 196 1562
3138 2 2 2 26 195 1562 1918
3139 2 2 2 26 196 197 1920
3140 2 2 2 26 1562 196 1920
3141 2 2 2 26 197 198 1922
3142 2 2 2 26 1920 197 1922
3143 2 2 2 26 198 199 1563
3144 2 2 2 26 198 1563 1922
3145 2 2 2 26 199 200 1925
3146 2 2 2 26 1563 199 1925
3147 2 2 2 26 200 201 1926
3148 2 2 2 26 1925 200 1926
3149 2 2 2 26 201 202 1564
3150 2 2 2 26 201 1564 1926
3151 2 2 2 26 202 203 1809
3152 2 2 2 26 1564 202 1809
3153 2 2 2 26 203 204 1807
3154 2 2 2 26 203 1807 1809
3155 2 2 2 26 204 205 1565
3156 2 2 2 26 204 1565 1807
3157 2 2 2 26 205 206 1798
3158 2 2 2 26 1565 205 1798
3159 2 2 2 26 206 207 1582
3160 2 2 2 26 206 1582 1798
3161 2 2 2 26 207 208 1799
3162 2 2 2 26 1582 207 1799
3163 2 2 2 26 208 209 1568
3164 2 2 2 26 208 1568 1799
3165 2 2 2 26 209 210 1801
3166 2 2 2 26 1568 209 1801
3167 2 2 2 26 210 211 1887
3168 2 2 2 26 1801 210 1887
3169 2 2 2 26 211 212 1569
3170 2 2 2 26 211 1569 1887
3171 2 2 2 26 212 213 1802
3172 2 2 2 26 1569 212 1802
3173 2 2 2 26 213 214 1804
3174 2 2 2 26 1802 213 1804
3175 2 2 2 26 214 215 1570
3176 2 2 2 26 214 1570 1804
3177 2 2 2 26 215 216 1881
3178 2 2 2 26 1570 215 1881
3179 2 2 2 26 216 217 1759
3180 2 2 2 26 216 1759 1881
3181 2 2 2 26 217 218 1571
3182 2 2 2 26 217 1571 1759
3183 2 2 2 26 218 219 1805
3184 2 2 2 26 1571 218 1805
3185 2 2 2 26 219 220 1806
3186 2 2 2 26 1805 219 1806
3187 2 2 2 26 220 221 1574
3188 2 2 2 26 220 1574 1806
3189 2 2 2 26 221 222 1736
3190 2 2 2 26 1574 221 1736
3191 2 2 2 26 222 223 1584
3192 2 2 2 26 222 1584 1736
3193 2 2 2 26 223 224 1747
3194 2 2 2 26 1584 223 1747
3195 2 2 2 26 224 225 1590
3196 2 2 2 26 224 1590 1747
3197 2 2 2 26 1590 225 1932
3198 2 2 2 26 226 227 1901
3199 2 2 2 26 226 1901 1932
3200 2 2 2 26 227 228 1898
3201 2 2 2 26 1748 227 1898
3202 2 2 2 26 227 1748 1901
3203 2 2 2 26 228 229 1566
3204 2 2 2 26 228 1566 1898
3205 2 2 2 26 229 230 1889
3206 2 2 2 26 1566 229 1889
3207 2 2 2 26 230 231 1587
3208 2 2 2 26 230 1587 1889
3209 2 2 2 26 231 232 1927
3210 2 2 2 26 1587 231 1927
3211 2 2 2 26 232 1904 1927
3212 2 2 2 26 1738 1551 1739
3213 2 2 2 26 1551 1738 1934
3214 2 2 2 26 1739 1551 1740
3215 2 2 2 26 1740 1551 1750
3216 2 2 2 26 1797 1552 1849
3217 2 2 2 26 1552 1797 1883
3218 2 2 2 26 1552 1883 1884
3219 2 2 2 26 1553 1791 1792
3220 2 2 2 26 1553 1792 1793
3221 2 2 2 26 1553 1793 1850
3222 2 2 2 26 1554 1785 1786
3223 2 2 2 26 1554 1786 1787
3224 2 2 2 26 1554 1787 1789
3225 2 2 2 26 1555 1775 1776
3226 2 2 2 26 1555 1776 1777
3227 2 2 2 26 1555 1777 1783
3228 2 2 2 26 1719 1556 1731
3229 2 2 2 26 1556 1719 1732
3230 2 2 2 26 1731 1556 1931
3231 2 2 2 26 1556 1732 1746
3232 2 2 2 26 1557 1727 1895
3233 2 2 2 26 1727 1557 1897
3234 2 2 2 26 1557 1735 1897
3235 2 2 2 26 1735 1557 1900
3236 2 2 2 26 1558 1845 1846
3237 2 2 2 26 1558 1846 1913
3238 2 2 2 26 1902 1558 1913
3239 2 2 2 26 1755 1559 1908
3240 2 2 2 26 1559 1755 1928
3241 2 2 2 26 1847 1559 1848
3242 2 2 2 26 1848 1559 1928
3243 2 2 2 26 1560 1756 1909
3244 2 2 2 26 1756 1560 1911
3245 2 2 2 26 1560 1761 1911
3246 2 2 2 26 1761 1560 1912
3247 2 2 2 26 1561 1762 1914
3248 2 2 2 26 1762 1561 1916
3249 2 2 2 26 1561 1764 1916
3250 2 2 2 26 1764 1561 1917
3251 2 2 2 26 1562 1765 1918
3252 2 2 2 26 1765 1562 1919
3253 2 2 2 26 1562 1767 1919
3254 2 2 2 26 1767 1562 1920
3255 2 2 2 26 1563 1768 1922
3256 2 2 2 26 1768 1563 1923
3257 2 2 2 26 1563 1770 1923
3258 2 2 2 26 1770 1563 1925
3259 2 2 2 26 1771 1564 1772
3260 2 2 2 26 1564 1771 1926
3261 2 2 2 26 1772 1564 1930
3262 2 2 2 26 1564 1809 1930
3263 2 2 2 26 1565 1798 1933
3264 2 2 2 26 1807 1565 1808
3265 2 2 2 26 1808 1565 1933
3266 2 2 2 26 1566 1871 1898
3267 2 2 2 26 1871 1566 1910
3268 2 2 2 26 1566 1889 1910
3269 2 2 2 26 1725 1567 1741
3270 2 2 2 26 1567 1725 1742
3271 2 2 2 26 1741 1567 1890
3272 2 2 2 26 1567 1742 1894
3273 2 2 2 26 1568 1723 1799
3274 2 2 2 26 1723 1568 1800
3275 2 2 2 26 1800 1568 1801
3276 2 2 2 26 1773 1569 1802
3277 2 2 2 26 1569 1773 1803
3278 2 2 2 26 1569 1803 1887
3279 2 2 2 26 1570 1774 1879
3280 2 2 2 26 1774 1570 1881
3281 2 2 2 26 1804 1570 1879
3282 2 2 2 26 1571 1757 1758
3283 2 2 2 26 1757 1571 1805
3284 2 2 2 26 1571 1758 1759
3285 2 2 2 26 1572 1782 1877
3286 2 2 2 26 1782 1572 1885
3287 2 2 2 26 1572 1844 1885
3288 2 2 2 26 1573 1838 1839
3289 2 2 2 26 1573 1839 1840
3290 2 2 2 26 1573 1840 1842
3291 2 2 2 26 1574 1736 1737
3292 2 2 2 26 1574 1737 1888
3293 2 2 2 26 1806 1574 1888
3294 2 2 2 26 1829 1575 1830
3295 2 2 2 26 1830 1575 1831
3296 2 2 2 26 1831 1575 1837
3297 2 2 2 26 1836 1576 1875
3298 2 2 2 26 1576 1836 1886
3299 2 2 2 26 1576 1855 1875
3300 2 2 2 26 1577 1823 1824
3301 2 2 2 26 1577 1824 1825
3302 2 2 2 26 1577 1825 1827
3303 2 2 2 26 1578 1817 1818
3304 2 2 2 26 1578 1818 1819
3305 2 2 2 26 1578 1819 1821
3306 2 2 2 26 1579 1810 1811
3307 2 2 2 26 1579 1811 1812
3308 2 2 2 26 1579 1812 1815
3309 2 2 2 26 1580 1749 1870
3310 2 2 2 26 1814 1580 1866
3311 2 2 2 26 1866 1580 1870
3312 2 2 2 26 1775 1581 1779
3313 2 2 2 26 1779 1581 1780
3314 2 2 2 26 1780 1581 1877
3315 2 2 2 26 1798 1582 1935
3316 2 2 2 26 1582 1799 1851
3317 2 2 2 26 1582 1851 1935
3318 2 2 2 26 1583 1591 1592
3319 2 2 2 26 1583 1592 1593
3320 2 2 2 26 1583 1593 1749
3321 2 2 2 26 1584 1728 1729
3322 2 2 2 26 1728 1584 1747
3323 2 2 2 26 1584 1729 1736
3324 2 2 2 26 1585 1734 1899
3325 2 2 2 26 1734 1585 1921
3326 2 2 2 26 1585 1746 1921
3327 2 2 2 26 1586 1727 1893
3328 2 2 2 26 1727 1586 1895
3329 2 2 2 26 1586 1743 1892
3330 2 2 2 26 1743 1586 1893
3331 2 2 2 26 1587 1721 1733
3332 2 2 2 26 1721 1587 1734
3333 2 2 2 26 1587 1733 1889
3334 2 2 2 26 1734 1587 1927
3335 2 2 2 26 1588 1726 1741
3336 2 2 2 26 1726 1588 1743
3337 2 2 2 26 1588 1741 1890
3338 2 2 2 26 1743 1588 1896
3339 2 2 2 26 1591 1589 1872
3340 2 2 2 26 1872 1589 1882
3341 2 2 2 26 1882 1589 1906
3342 2 2 2 26 1590 1730 1747
3343 2 2 2 26 1730 1590 1748
3344 2 2 2 26 1748 1590 1901
3345 2 2 2 26 1901 1590 1932
3346 2 2 2 26 1592 1591 1872
3347 2 2 2 26 1593 1592 1594
3348 2 2 2 26 1594 1592 1744
3349 2 2 2 26 1744 1592 1872
3350 2 2 2 26 1593 1594 1595
3351 2 2 2 26 1593 1595 1870
3352 2 2 2 26 1749 1593 1870
3353 2 2 2 26 1595 1594 1596
3354 2 2 2 26 1596 1594 1598
3355 2 2 2 26 1598 1594 1744
3356 2 2 2 26 1595 1596 1597
3357 2 2 2 26 1595 1597 1600
3358 2 2 2 26 1595 1600 1870
3359 2 2 2 26 1597 1596 1868
3360 2 2 2 26 1596 1598 1599
3361 2 2 2 26 1596 1599 1868
3362 2 2 2 26 1600 1597 1601
3363 2 2 2 26 1601 1597 1753
3364 2 2 2 26 1753 1597 1868
3365 2 2 2 26 1599 1598 1712
3366 2 2 2 26 1712 1598 1725
3367 2 2 2 26 1725 1598 1744
3368 2 2 2 26 1599 1712 1714
3369 2 2 2 26 1599 1714 1715
3370 2 2 2 26 1599 1715 1868
3371 2 2 2 26 1600 1601 1602
3372 2 2 2 26 1600 1602 1866
3373 2 2 2 26 1600 1866 1870
3374 2 2 2 26 1602 1601 1603
3375 2 2 2 26 1603 1601 1604
3376 2 2 2 26 1604 1601 1753
3377 2 2 2 26 1602 1603 1860
3378 2 2 2 26 1813 1602 1860
3379 2 2 2 26 1602 1813 1866
3380 2 2 2 26 1603 1604 1605
3381 2 2 2 26 1603 1605 1606
3382 2 2 2 26 1603 1606 1860
3383 2 2 2 26 1605 1604 1716
3384 2 2 2 26 1716 1604 1717
3385 2 2 2 26 1717 1604 1753
3386 2 2 2 26 1606 1605 1607
3387 2 2 2 26 1607 1605 1903
3388 2 2 2 26 1605 1716 1903
3389 2 2 2 26 1606 1607 1608
3390 2 2 2 26 1606 1608 1713
3391 2 2 2 26 1606 1713 1860
3392 2 2 2 26 1608 1607 1609
3393 2 2 2 26 1609 1607 1691
3394 2 2 2 26 1691 1607 1903
3395 2 2 2 26 1608 1609 1610
3396 2 2 2 26 1608 1610 1857
3397 2 2 2 26 1713 1608 1857
3398 2 2 2 26 1610 1609 1611
3399 2 2 2 26 1611 1609 1907
3400 2 2 2 26 1609 1691 1907
3401 2 2 2 26 1610 1611 1612
3402 2 2 2 26 1610 1612 1701
3403 2 2 2 26 1610 1701 1857
3404 2 2 2 26 1612 1611 1613
3405 2 2 2 26 1613 1611 1754
3406 2 2 2 26 1754 1611 1907
3407 2 2 2 26 1612 1613 1614
3408 2 2 2 26 1612 1614 1820
3409 2 2 2 26 1701 1612 1820
3410 2 2 2 26 1614 1613 1615
3411 2 2 2 26 1615 1613 1695
3412 2 2 2 26 1695 1613 1754
3413 2 2 2 26 1614 1615 1616
3414 2 2 2 26 1614 1616 1880
3415 2 2 2 26 1820 1614 1880
3416 2 2 2 26 1616 1615 1617
3417 2 2 2 26 1617 1615 1856
3418 2 2 2 26 1615 1695 1856
3419 2 2 2 26 1616 1617 1618
3420 2 2 2 26 1616 1618 1699
3421 2 2 2 26 1616 1699 1880
3422 2 2 2 26 1618 1617 1619
3423 2 2 2 26 1619 1617 1760
3424 2 2 2 26 1760 1617 1856
3425 2 2 2 26 1618 1619 1620
3426 2 2 2 26 1618 1620 1826
3427 2 2 2 26 1699 1618 1826
3428 2 2 2 26 1620 1619 1621
3429 2 2 2 26 1621 1619 1697
3430 2 2 2 26 1697 1619 1760
3431 2 2 2 26 1620 1621 1622
3432 2 2 2 26 1620 1622 1878
3433 2 2 2 26 1826 1620 1878
3434 2 2 2 26 1622 1621 1623
3435 2 2 2 26 1623 1621 1854
3436 2 2 2 26 1621 1697 1854
3437 2 2 2 26 1622 1623 1624
3438 2 2 2 26 1622 1624 1698
3439 2 2 2 26 1622 1698 1878
3440 2 2 2 26 1624 1623 1625
3441 2 2 2 26 1625 1623 1763
3442 2 2 2 26 1763 1623 1854
3443 2 2 2 26 1624 1625 1626
3444 2 2 2 26 1624 1626 1863
3445 2 2 2 26 1698 1624 1863
3446 2 2 2 26 1626 1625 1627
3447 2 2 2 26 1627 1625 1700
3448 2 2 2 26 1700 1625 1763
3449 2 2 2 26 1626 1627 1628
3450 2 2 2 26 1626 1628 1835
3451 2 2 2 26 1626 1835 1863
3452 2 2 2 26 1628 1627 1629
3453 2 2 2 26 1629 1627 1853
3454 2 2 2 26 1627 1700 1853
3455 2 2 2 26 1628 1629 1630
3456 2 2 2 26 1628 1630 1696
3457 2 2 2 26 1628 1696 1835
3458 2 2 2 26 1630 1629 1631
3459 2 2 2 26 1631 1629 1766
3460 2 2 2 26 1766 1629 1853
3461 2 2 2 26 1630 1631 1632
3462 2 2 2 26 1630 1632 1833
3463 2 2 2 26 1696 1630 1833
3464 2 2 2 26 1632 1631 1633
3465 2 2 2 26 1633 1631 1702
3466 2 2 2 26 1702 1631 1766
3467 2 2 2 26 1632 1633 1634
3468 2 2 2 26 1632 1634 1876
3469 2 2 2 26 1833 1632 1876
3470 2 2 2 26 1634 1633 1635
3471 2 2 2 26 1635 1633 1852
3472 2 2 2 26 1633 1702 1852
3473 2 2 2 26 1634 1635 1636
3474 2 2 2 26 1634 1636 1693
3475 2 2 2 26 1634 1693 1876
3476 2 2 2 26 1636 1635 1637
3477 2 2 2 26 1637 1635 1769
3478 2 2 2 26 1769 1635 1852
3479 2 2 2 26 1636 1637 1638
3480 2 2 2 26 1636 1638 1841
3481 2 2 2 26 1693 1636 1841
3482 2 2 2 26 1638 1637 1639
3483 2 2 2 26 1639 1637 1703
3484 2 2 2 26 1703 1637 1769
3485 2 2 2 26 1638 1639 1640
3486 2 2 2 26 1638 1640 1874
3487 2 2 2 26 1841 1638 1874
3488 2 2 2 26 1640 1639 1641
3489 2 2 2 26 1641 1639 1924
3490 2 2 2 26 1639 1703 1924
3491 2 2 2 26 1640 1641 1642
3492 2 2 2 26 1640 1642 1690
3493 2 2 2 26 1640 1690 1874
3494 2 2 2 26 1642 1641 1643
3495 2 2 2 26 1643 1641 1891
3496 2 2 2 26 1641 1772 1891
3497 2 2 2 26 1772 1641 1924
3498 2 2 2 26 1642 1643 1644
3499 2 2 2 26 1642 1644 1867
3500 2 2 2 26 1690 1642 1867
3501 2 2 2 26 1644 1643 1645
3502 2 2 2 26 1645 1643 1704
3503 2 2 2 26 1704 1643 1891
3504 2 2 2 26 1644 1645 1646
3505 2 2 2 26 1644 1646 1694
3506 2 2 2 26 1644 1694 1867
3507 2 2 2 26 1646 1645 1647
3508 2 2 2 26 1647 1645 1929
3509 2 2 2 26 1645 1704 1929
3510 2 2 2 26 1646 1647 1648
3511 2 2 2 26 1646 1648 1781
3512 2 2 2 26 1694 1646 1781
3513 2 2 2 26 1648 1647 1649
3514 2 2 2 26 1649 1647 1862
3515 2 2 2 26 1862 1647 1929
3516 2 2 2 26 1648 1649 1650
3517 2 2 2 26 1648 1650 1692
3518 2 2 2 26 1648 1692 1781
3519 2 2 2 26 1650 1649 1651
3520 2 2 2 26 1651 1649 1722
3521 2 2 2 26 1722 1649 1862
3522 2 2 2 26 1650 1651 1652
3523 2 2 2 26 1650 1652 1778
3524 2 2 2 26 1692 1650 1778
3525 2 2 2 26 1652 1651 1653
3526 2 2 2 26 1653 1651 1851
3527 2 2 2 26 1651 1722 1851
3528 2 2 2 26 1652 1653 1654
3529 2 2 2 26 1652 1654 1869
3530 2 2 2 26 1778 1652 1869
3531 2 2 2 26 1654 1653 1655
3532 2 2 2 26 1655 1653 1723
3533 2 2 2 26 1723 1653 1851
3534 2 2 2 26 1654 1655 1656
3535 2 2 2 26 1654 1656 1689
3536 2 2 2 26 1654 1689 1869
3537 2 2 2 26 1656 1655 1657
3538 2 2 2 26 1657 1655 1800
3539 2 2 2 26 1655 1723 1800
3540 2 2 2 26 1656 1657 1658
3541 2 2 2 26 1656 1658 1788
3542 2 2 2 26 1689 1656 1788
3543 2 2 2 26 1658 1657 1659
3544 2 2 2 26 1659 1657 1705
3545 2 2 2 26 1705 1657 1800
3546 2 2 2 26 1658 1659 1660
3547 2 2 2 26 1658 1660 1864
3548 2 2 2 26 1788 1658 1864
3549 2 2 2 26 1660 1659 1661
3550 2 2 2 26 1661 1659 1803
3551 2 2 2 26 1659 1705 1803
3552 2 2 2 26 1660 1661 1662
3553 2 2 2 26 1660 1662 1679
3554 2 2 2 26 1660 1679 1864
3555 2 2 2 26 1662 1661 1663
3556 2 2 2 26 1663 1661 1773
3557 2 2 2 26 1773 1661 1803
3558 2 2 2 26 1662 1663 1664
3559 2 2 2 26 1662 1664 1794
3560 2 2 2 26 1679 1662 1794
3561 2 2 2 26 1664 1663 1665
3562 2 2 2 26 1665 1663 1706
3563 2 2 2 26 1706 1663 1773
3564 2 2 2 26 1664 1665 1666
3565 2 2 2 26 1664 1666 1795
3566 2 2 2 26 1794 1664 1795
3567 2 2 2 26 1666 1665 1667
3568 2 2 2 26 1667 1665 1879
3569 2 2 2 26 1665 1706 1879
3570 2 2 2 26 1666 1667 1668
3571 2 2 2 26 1666 1668 1671
3572 2 2 2 26 1666 1671 1795
3573 2 2 2 26 1668 1667 1669
3574 2 2 2 26 1669 1667 1774
3575 2 2 2 26 1774 1667 1879
3576 2 2 2 26 1668 1669 1670
3577 2 2 2 26 1668 1670 1873
3578 2 2 2 26 1671 1668 1873
3579 2 2 2 26 1670 1669 1672
3580 2 2 2 26 1672 1669 1707
3581 2 2 2 26 1707 1669 1774
3582 2 2 2 26 1670 1672 1673
3583 2 2 2 26 1670 1673 1752
3584 2 2 2 26 1670 1752 1873
3585 2 2 2 26 1795 1671 1796
3586 2 2 2 26 1796 1671 1797
3587 2 2 2 26 1797 1671 1873
3588 2 2 2 26 1673 1672 1674
3589 2 2 2 26 1674 1672 1758
3590 2 2 2 26 1672 1707 1758
3591 2 2 2 26 1673 1674 1675
3592 2 2 2 26 1673 1675 1678
3593 2 2 2 26 1673 1678 1752
3594 2 2 2 26 1675 1674 1676
3595 2 2 2 26 1676 1674 1757
3596 2 2 2 26 1757 1674 1758
3597 2 2 2 26 1675 1676 1677
3598 2 2 2 26 1675 1677 1858
3599 2 2 2 26 1678 1675 1858
3600 2 2 2 26 1677 1676 1680
3601 2 2 2 26 1680 1676 1710
3602 2 2 2 26 1710 1676 1757
3603 2 2 2 26 1677 1680 1681
3604 2 2 2 26 1677 1681 1859
3605 2 2 2 26 1858 1677 1859
3606 2 2 2 26 1678 1740 1751
3607 2 2 2 26 1740 1678 1858
3608 2 2 2 26 1678 1751 1752
3609 2 2 2 26 1790 1679 1792
3610 2 2 2 26 1679 1790 1864
3611 2 2 2 26 1792 1679 1794
3612 2 2 2 26 1681 1680 1682
3613 2 2 2 26 1682 1680 1888
3614 2 2 2 26 1680 1710 1888
3615 2 2 2 26 1681 1682 1683
3616 2 2 2 26 1681 1683 1684
3617 2 2 2 26 1681 1684 1859
3618 2 2 2 26 1683 1682 1865
3619 2 2 2 26 1682 1737 1865
3620 2 2 2 26 1737 1682 1888
3621 2 2 2 26 1684 1683 1685
3622 2 2 2 26 1685 1683 1686
3623 2 2 2 26 1686 1683 1865
3624 2 2 2 26 1684 1685 1719
3625 2 2 2 26 1684 1719 1720
3626 2 2 2 26 1684 1720 1859
3627 2 2 2 26 1685 1686 1687
3628 2 2 2 26 1685 1687 1732
3629 2 2 2 26 1719 1685 1732
3630 2 2 2 26 1687 1686 1688
3631 2 2 2 26 1688 1686 1708
3632 2 2 2 26 1708 1686 1865
3633 2 2 2 26 1687 1688 1711
3634 2 2 2 26 1687 1711 1718
3635 2 2 2 26 1687 1718 1732
3636 2 2 2 26 1688 1708 1709
3637 2 2 2 26 1688 1709 1745
3638 2 2 2 26 1711 1688 1745
3639 2 2 2 26 1784 1689 1786
3640 2 2 2 26 1689 1784 1869
3641 2 2 2 26 1786 1689 1788
3642 2 2 2 26 1690 1843 1874
3643 2 2 2 26 1843 1690 1885
3644 2 2 2 26 1690 1867 1885
3645 2 2 2 26 1846 1691 1903
3646 2 2 2 26 1691 1846 1905
3647 2 2 2 26 1848 1691 1905
3648 2 2 2 26 1691 1848 1907
3649 2 2 2 26 1776 1692 1778
3650 2 2 2 26 1692 1776 1779
3651 2 2 2 26 1692 1779 1781
3652 2 2 2 26 1832 1693 1839
3653 2 2 2 26 1693 1832 1876
3654 2 2 2 26 1839 1693 1841
3655 2 2 2 26 1780 1694 1781
3656 2 2 2 26 1694 1780 1782
3657 2 2 2 26 1694 1782 1867
3658 2 2 2 26 1695 1754 1755
3659 2 2 2 26 1695 1755 1756
3660 2 2 2 26 1695 1756 1856
3661 2 2 2 26 1831 1696 1833
3662 2 2 2 26 1696 1831 1834
3663 2 2 2 26 1696 1834 1835
3664 2 2 2 26 1697 1760 1761
3665 2 2 2 26 1697 1761 1762
3666 2 2 2 26 1697 1762 1854
3667 2 2 2 26 1828 1698 1875
3668 2 2 2 26 1698 1828 1878
3669 2 2 2 26 1698 1863 1875
3670 2 2 2 26 1822 1699 1824
3671 2 2 2 26 1699 1822 1880
3672 2 2 2 26 1824 1699 1826
3673 2 2 2 26 1700 1763 1764
3674 2 2 2 26 1700 1764 1765
3675 2 2 2 26 1700 1765 1853
3676 2 2 2 26 1816 1701 1818
3677 2 2 2 26 1701 1816 1857
3678 2 2 2 26 1818 1701 1820
3679 2 2 2 26 1702 1766 1767
3680 2 2 2 26 1702 1767 1768
3681 2 2 2 26 1702 1768 1852
3682 2 2 2 26 1703 1769 1770
3683 2 2 2 26 1703 1770 1771
3684 2 2 2 26 1703 1771 1924
3685 2 2 2 26 1704 1807 1808
3686 2 2 2 26 1807 1704 1809
3687 2 2 2 26 1704 1808 1929
3688 2 2 2 26 1809 1704 1891
3689 2 2 2 26 1705 1800 1801
3690 2 2 2 26 1705 1801 1887
3691 2 2 2 26 1803 1705 1887
3692 2 2 2 26 1706 1773 1802
3693 2 2 2 26 1706 1802 1804
3694 2 2 2 26 1706 1804 1879
3695 2 2 2 26 1758 1707 1759
3696 2 2 2 26 1759 1707 1881
3697 2 2 2 26 1707 1774 1881
3698 2 2 2 26 1709 1708 1728
3699 2 2 2 26 1728 1708 1729
3700 2 2 2 26 1729 1708 1865
3701 2 2 2 26 1709 1728 1730
3702 2 2 2 26 1709 1730 1871
3703 2 2 2 26 1745 1709 1871
3704 2 2 2 26 1710 1757 1805
3705 2 2 2 26 1710 1805 1806
3706 2 2 2 26 1710 1806 1888
3707 2 2 2 26 1718 1711 1721
3708 2 2 2 26 1721 1711 1733
3709 2 2 2 26 1733 1711 1745
3710 2 2 2 26 1714 1712 1726
3711 2 2 2 26 1712 1725 1741
3712 2 2 2 26 1726 1712 1741
3713 2 2 2 26 1811 1713 1812
3714 2 2 2 26 1713 1811 1860
3715 2 2 2 26 1812 1713 1857
3716 2 2 2 26 1715 1714 1727
3717 2 2 2 26 1714 1726 1893
3718 2 2 2 26 1727 1714 1893
3719 2 2 2 26 1715 1727 1897
3720 2 2 2 26 1715 1861 1868
3721 2 2 2 26 1861 1715 1897
3722 2 2 2 26 1716 1717 1724
3723 2 2 2 26 1716 1724 1913
3724 2 2 2 26 1716 1846 1903
3725 2 2 2 26 1846 1716 1913
3726 2 2 2 26 1724 1717 1735
3727 2 2 2 26 1735 1717 1861
3728 2 2 2 26 1717 1753 1861
3729 2 2 2 26 1718 1721 1921
3730 2 2 2 26 1732 1718 1746
3731 2 2 2 26 1746 1718 1921
3732 2 2 2 26 1720 1719 1731
3733 2 2 2 26 1720 1731 1738
3734 2 2 2 26 1720 1738 1739
3735 2 2 2 26 1720 1739 1859
3736 2 2 2 26 1721 1734 1921
3737 2 2 2 26 1851 1722 1935
3738 2 2 2 26 1722 1862 1933
3739 2 2 2 26 1722 1933 1935
3740 2 2 2 26 1799 1723 1851
3741 2 2 2 26 1724 1735 1900
3742 2 2 2 26 1724 1900 1902
3743 2 2 2 26 1724 1902 1913
3744 2 2 2 26 1742 1725 1744
3745 2 2 2 26 1726 1743 1893
3746 2 2 2 26 1730 1728 1747
3747 2 2 2 26 1736 1729 1737
3748 2 2 2 26 1737 1729 1865
3749 2 2 2 26 1730 1748 1871
3750 2 2 2 26 1738 1731 1934
3751 2 2 2 26 1731 1931 1934
3752 2 2 2 26 1733 1745 1910
3753 2 2 2 26 1889 1733 1910
3754 2 2 2 26 1899 1734 1904
3755 2 2 2 26 1904 1734 1927
3756 2 2 2 26 1735 1861 1897
3757 2 2 2 26 1739 1740 1858
3758 2 2 2 26 1739 1858 1859
3759 2 2 2 26 1740 1750 1751
3760 2 2 2 26 1742 1744 1872
3761 2 2 2 26 1742 1872 1882
3762 2 2 2 26 1742 1882 1894
3763 2 2 2 26 1892 1743 1915
3764 2 2 2 26 1743 1896 1915
3765 2 2 2 26 1745 1871 1910
3766 2 2 2 26 1871 1748 1898
3767 2 2 2 26 1751 1750 1884
3768 2 2 2 26 1752 1751 1883
3769 2 2 2 26 1883 1751 1884
3770 2 2 2 26 1873 1752 1883
3771 2 2 2 26 1861 1753 1868
3772 2 2 2 26 1755 1754 1928
3773 2 2 2 26 1848 1754 1907
3774 2 2 2 26 1754 1848 1928
3775 2 2 2 26 1756 1755 1908
3776 2 2 2 26 1856 1756 1911
3777 2 2 2 26 1756 1908 1909
3778 2 2 2 26 1761 1760 1911
3779 2 2 2 26 1760 1856 1911
3780 2 2 2 26 1762 1761 1912
3781 2 2 2 26 1854 1762 1916
3782 2 2 2 26 1762 1912 1914
3783 2 2 2 26 1764 1763 1916
3784 2 2 2 26 1763 1854 1916
3785 2 2 2 26 1765 1764 1917
3786 2 2 2 26 1853 1765 1919
3787 2 2 2 26 1765 1917 1918
3788 2 2 2 26 1767 1766 1919
3789 2 2 2 26 1766 1853 1919
3790 2 2 2 26 1768 1767 1920
3791 2 2 2 26 1852 1768 1923
3792 2 2 2 26 1768 1920 1922
3793 2 2 2 26 1770 1769 1923
3794 2 2 2 26 1769 1852 1923
3795 2 2 2 26 1771 1770 1925
3796 2 2 2 26 1771 1772 1924
3797 2 2 2 26 1771 1925 1926
3798 2 2 2 26 1891 1772 1930
3799 2 2 2 26 1776 1775 1779
3800 2 2 2 26 1777 1776 1778
3801 2 2 2 26 1777 1778 1869
3802 2 2 2 26 1783 1777 1784
3803 2 2 2 26 1784 1777 1869
3804 2 2 2 26 1779 1780 1781
3805 2 2 2 26 1782 1780 1877
3806 2 2 2 26 1867 1782 1885
3807 2 2 2 26 1783 1784 1785
3808 2 2 2 26 1785 1784 1786
3809 2 2 2 26 1787 1786 1788
3810 2 2 2 26 1787 1788 1864
3811 2 2 2 26 1789 1787 1790
3812 2 2 2 26 1790 1787 1864
3813 2 2 2 26 1789 1790 1791
3814 2 2 2 26 1791 1790 1792
3815 2 2 2 26 1793 1792 1794
3816 2 2 2 26 1793 1794 1795
3817 2 2 2 26 1793 1795 1796
3818 2 2 2 26 1793 1796 1850
3819 2 2 2 26 1796 1797 1849
3820 2 2 2 26 1796 1849 1850
3821 2 2 2 26 1797 1873 1883
3822 2 2 2 26 1933 1798 1935
3823 2 2 2 26 1808 1862 1929
3824 2 2 2 26 1862 1808 1933
3825 2 2 2 26 1809 1891 1930
3826 2 2 2 26 1811 1810 1813
3827 2 2 2 26 1813 1810 1814
3828 2 2 2 26 1811 1813 1860
3829 2 2 2 26 1815 1812 1816
3830 2 2 2 26 1816 1812 1857
3831 2 2 2 26 1813 1814 1866
3832 2 2 2 26 1815 1816 1817
3833 2 2 2 26 1817 1816 1818
3834 2 2 2 26 1819 1818 1820
3835 2 2 2 26 1819 1820 1880
3836 2 2 2 26 1821 1819 1822
3837 2 2 2 26 1822 1819 1880
3838 2 2 2 26 1821 1822 1823
3839 2 2 2 26 1823 1822 1824
3840 2 2 2 26 1825 1824 1826
3841 2 2 2 26 1825 1826 1878
3842 2 2 2 26 1827 1825 1828
3843 2 2 2 26 1828 1825 1878
3844 2 2 2 26 1827 1828 1855
3845 2 2 2 26 1855 1828 1875
3846 2 2 2 26 1829 1830 1832
3847 2 2 2 26 1829 1832 1838
3848 2 2 2 26 1830 1831 1833
3849 2 2 2 26 1832 1830 1876
3850 2 2 2 26 1830 1833 1876
3851 2 2 2 26 1834 1831 1837
3852 2 2 2 26 1838 1832 1839
3853 2 2 2 26 1835 1834 1836
3854 2 2 2 26 1836 1834 1886
3855 2 2 2 26 1834 1837 1886
3856 2 2 2 26 1835 1836 1863
3857 2 2 2 26 1863 1836 1875
3858 2 2 2 26 1840 1839 1841
3859 2 2 2 26 1840 1841 1874
3860 2 2 2 26 1842 1840 1843
3861 2 2 2 26 1843 1840 1874
3862 2 2 2 26 1842 1843 1844
3863 2 2 2 26 1844 1843 1885
3864 2 2 2 26 1846 1845 1905
3865 2 2 2 26 1845 1847 1905
3866 2 2 2 26 1847 1848 1905
3867 4 2 7 1 2069 1660 2525 2573
3868 4 2 7 1 696 2222 2342 2808
3869 4 2 7 1 2074 2344 1939 2454
3870 4 2 7 1 2074 2244 1939 2344
3871 4 2 7 1 1235 2303 1238 2401
3872 4 2 7 1 2196 2525 1660 2573
3873 4 2 7 1 2069 2525 2196 2573
3874 4 2 7 1 1965 2297 2175 2539
3875 4 2 7 1 1681 2600 2184 2915
3876 4 2 7 1 1336 2207 2502 2577
3877 4 2 7 1 1896 1085 1082 2194
3878 4 2 7 1 1238 2401 2303 2856
3879 4 2 7 1 1940 2477 2034 2671
3880 4 2 7 1 2183 2389 2300 2841
3881 4 2 7 1 2032 2452 2414 2541
3882 4 2 7 1 705 2279 2076 2334
3883 4 2 7 1 2112 2561 2251 2686
3884 4 2 7 1 1978 2561 2112 2686
3885 4 2 7 1 1952 2442 2147 2806
3886 4 2 7 1 1188 2212 2050 2929
3887 4 2 7 1 396 393 2437 2665
3888 4 2 7 1 2058 2604 2350 2656
3889 4 2 7 1 725 2162 2080 2349
3890 4 2 7 1 2082 2492 2010 2872
3891 4 2 7 1 2064 2279 709 2334
3892 4 2 7 1 1357 2212 2395 2574
3893 4 2 7 1 1966 2081 2322 2637
3894 4 2 7 1 2033 2300 2183 2389
3895 4 2 7 1 2081 1966 2480 2637
3896 4 2 7 1 2030 2511 2411 2647
3897 4 2 7 1 1952 2380 2094 2846
3898 4 2 7 1 1726 2376 2194 2425
3899 4 2 7 1 1336 2502 2207 2913
3900 4 2 7 1 1936 2018 2213 2238
3901 4 2 7 1 2048 2357 1228 2528
3902 4 2 7 1 1968 2369 2274 2454
3903 4 2 7 1 2230 2354 2049 2593
3904 4 2 7 1 1942 2414 2386 2718
3905 4 2 7 1 2213 2261 2024 2276
3906 4 2 7 1 696 693 2222 2808
3907 4 2 7 1 1668 2698 2283 2730
3908 4 2 7 1 2032 2298 2452 2541
3909 4 2 7 1 1943 2354 2230 2593
3910 4 2 7 1 1939 2337 2058 2350
3911 4 2 7 1 1952 2277 2147 2442
3912 4 2 7 1 2038 2283 2698 2730
3913 4 2 7 1 1179 2123 2161 2736
3914 4 2 7 1 2386 2414 2052 2718
3915 4 2 7 1 1523 1487 1498 2852
3916 4 2 7 1 1188 2395 2212 2929
3917 4 2 7 1 1940 2034 2389 2671
3918 4 2 7 1 1336 1257 2207 2577
3919 4 2 7 1 708 2064 709 2334
3920 4 2 7 1 2080 2162 725 2556
3921 4 2 7 1 2094 2380 1952 2734
3922 4 2 7 1 396 2665 2437 2810
3923 4 2 7 1 2229 2437 393 2665
3924 4 2 7 1 1441 2516 2290 2688
3925 4 2 7 1 1683 2581 2039 2738
3926 4 2 7 1 1228 2406 1226 2633
3927 4 2 7 1 1988 2287 2068 2566
3928 4 2 7 1 2039 2392 1683 2738
3929 4 2 7 1 2030 2411 2199 2647
3930 4 2 7 1 2074 1939 2400 2454
3931 4 2 7 1 1966 2322 2299 2637
3932 4 2 7 1 2030 2199 2511 2647
3933 4 2 7 1 366 364 2462 2491
3934 4 2 7 1 2013 2058 2337 2350
3935 4 2 7 1 1936 2213 2018 2287
3936 4 2 7 1 1980 2389 2183 2841
3937 4 2 7 1 2076 2282 2108 2461
3938 4 2 7 1 2175 2297 1965 2406
3939 4 2 7 1 2091 2369 1968 2454
3940 4 2 7 1 2100 2261 2213 2276
3941 4 2 7 1 1916 2163 1561 2320
3942 4 2 7 1 2035 2326 362 2448
3943 4 2 7 1 1015 2349 2059 2799
3944 4 2 7 1 1727 2495 1895 2578
3945 4 2 7 1 1940 2671 2329 3037
3946 4 2 7 1 1978 2271 2041 2375
3947 4 2 7 1 1963 2336 2114 2806
3948 4 2 7 1 2248 2538 2432 2656
3949 4 2 7 1 2008 2297 2175 2406
3950 4 2 7 1 2264 2515 1937 2570
3951 4 2 7 1 1963 2114 2336 2844
3952 4 2 7 1 1940 2477 2671 3037
3953 4 2 7 1 1580 2140 666 2387
3954 4 2 7 1 1943 2049 2354 2593
3955 4 2 7 1 2175 2297 2008 2539
3956 4 2 7 1 695 696 693 2222
3957 4 2 7 1 1580 666 2140 3004
3958 4 2 7 1 1231 1228 2357 2528
3959 4 2 7 1 955 2295 2078 2317
3960 4 2 7 1 1970 2248 2432 2656
3961 4 2 7 1 1978 2375 2041 2424
3962 4 2 7 1 930 2138 2429 2582
3963 4 2 7 1 1955 2278 2235 2896
3964 4 2 7 1 1188 2050 2212 2465
3965 4 2 7 1 1955 2025 2278 2896
3966 4 2 7 1 1228 2357 2048 2633
3967 4 2 7 1 2114 2310 2202 2537
3968 4 2 7 1 2091 1968 2369 2662
3969 4 2 7 1 2030 1958 2411 2444
3970 4 2 7 1 391 2229 2074 2474
3971 4 2 7 1 1179 2161 2123 2820
3972 4 2 7 1 964 2296 2205 2749
3973 4 2 7 1 1854 1916 2320 2885
3974 4 2 7 1 1335 1334 2502 2583
3975 4 2 7 1 1025 1546 1493 2146
3976 4 2 7 1 2114 2310 2537 2712
3977 4 2 7 1 2103 2161 2298 2606
3978 4 2 7 1 1228 2048 2406 2633
3979 4 2 7 1 366 2462 2157 2491
3980 4 2 7 1 1963 2336 2335 2384
3981 4 2 7 1 2184 2435 1681 2915
3982 4 2 7 1 1683 2392 2039 2581
3983 4 2 7 1 2053 2437 2665 2810
3984 4 2 7 1 1606 2065 2539 2785
3985 4 2 7 1 2076 2279 705 2602
3986 4 2 7 1 2071 1423 2520 2606
3987 4 2 7 1 2206 2226 2656 2919
3988 4 2 7 1 2043 2661 2657 2853
3989 4 2 7 1 902 2420 2487 2702
3990 4 2 7 1 2414 2535 2052 2718
3991 4 2 7 1 1669 1668 2283 2730
3992 4 2 7 1 2411 2742 2444 2969
3993 4 2 7 1 1988 2342 2287 2566
3994 4 2 7 1 1666 2522 2275 2698
3995 4 2 7 1 2014 2357 2168 2933
3996 4 2 7 1 1598 2376 2288 2715
3997 4 2 7 1 792 2398 2567 2832
3998 4 2 7 1 2411 2444 1958 2969
3999 4 2 7 1 360 2326 2121 2544
4000 4 2 7 1 1538 1512 2294 2345
4001 4 2 7 1 2163 2320 1916 2885
4002 4 2 7 1 416 2286 2323 2590
4003 4 2 7 1 1451 1398 2136 2916
4004 4 2 7 1 2235 2278 2025 2896
4005 4 2 7 1 910 2197 525 2240
4006 4 2 7 1 1970 2226 2206 2819
4007 4 2 7 1 1939 2350 2058 2604
4008 4 2 7 1 1814 1580 666 2387
4009 4 2 7 1 550 2210 2327 2795
4010 4 2 7 1 364 2035 2462 2491
4011 4 2 7 1 1606 2524 2065 2785
4012 4 2 7 1 2230 2354 2003 2746
4013 4 2 7 1 2013 2226 2058 2350
4014 4 2 7 1 1978 2041 2271 2424
4015 4 2 7 1 1970 2248 2170 2432
4016 4 2 7 1 487 2205 2491 2611
4017 4 2 7 1 2116 1937 2515 2570
4018 4 2 7 1 1958 2373 2192 2496
4019 4 2 7 1 1947 2086 2308 2478
4020 4 2 7 1 2657 2661 764 2853
4021 4 2 7 1 2192 2373 1958 2687
4022 4 2 7 1 1936 2018 2238 2762
4023 4 2 7 1 2091 2635 1968 2662
4024 4 2 7 1 2213 2238 2222 2727
4025 4 2 7 1 696 2222 695 2342
4026 4 2 7 1 2034 1964 2585 2671
4027 4 2 7 1 323 2504 2084 2572
4028 4 2 7 1 391 569 387 2408
4029 4 2 7 1 2030 2444 2411 2742
4030 4 2 7 1 1336 1257 1339 2207
4031 4 2 7 1 1984 2324 2177 2597
4032 4 2 7 1 2389 2500 2128 2501
4033 4 2 7 1 2288 2376 2026 2715
4034 4 2 7 1 550 2795 2327 2992
4035 4 2 7 1 666 892 1814 2387
4036 4 2 7 1 1357 2395 1351 2574
4037 4 2 7 1 418 2070 2250 2437
4038 4 2 7 1 601 2107 2224 2368
4039 4 2 7 1 1928 1559 2134 2470
4040 4 2 7 1 1666 2275 2117 2698
4041 4 2 7 1 572 2544 2042 2574
4042 4 2 7 1 2135 2369 1968 2662
4043 4 2 7 1 2434 2504 2415 2812
4044 4 2 7 1 2108 2282 2076 2402
4045 4 2 7 1 1760 2519 2312 2860
4046 4 2 7 1 707 709 2279 2334
4047 4 2 7 1 2010 2492 2082 2497
4048 4 2 7 1 1459 1179 2123 2820
4049 4 2 7 1 2320 2519 1854 2885
4050 4 2 7 1 546 2308 2059 2571
4051 4 2 7 1 1942 2316 2535 2718
4052 4 2 7 1 1123 1895 2495 2578
4053 4 2 7 1 2033 2389 2183 2579
4054 4 2 7 1 1989 2294 2131 2419
4055 4 2 7 1 1539 1508 2314 2546
4056 4 2 7 1 323 2572 2084 2648
4057 4 2 7 1 1946 2486 2411 2498
4058 4 2 7 1 2202 2336 2114 2844
4059 4 2 7 1 1958 2030 2199 2444
4060 4 2 7 1 1936 2287 2018 2762
4061 4 2 7 1 1942 2535 2414 2718
4062 4 2 7 1 2194 2376 1726 2578
4063 4 2 7 1 2128 2389 2501 2955
4064 4 2 7 1 871 2305 2132 2518
4065 4 2 7 1 2161 2436 2298 2606
4066 4 2 7 1 360 2448 2326 2544
4067 4 2 7 1 1606 2539 1605 2785
4068 4 2 7 1 2018 2222 2213 2238
4069 4 2 7 1 2049 2467 2354 2746
4070 4 2 7 1 1760 2312 1617 2860
4071 4 2 7 1 1327 2355 2163 2807
4072 4 2 7 1 1955 2635 2025 2896
4073 4 2 7 1 487 2491 494 2611
4074 4 2 7 1 2116 2337 2244 2515
4075 4 2 7 1 546 2571 2059 2605
4076 4 2 7 1 2026 2376 2412 2838
4077 4 2 7 1 815 2189 2447 2644
4078 4 2 7 1 2206 2226 1673 2819
4079 4 2 7 1 2211 2727 1973 2748
4080 4 2 7 1 2074 2229 391 2408
4081 4 2 7 1 2034 1964 2227 2585
4082 4 2 7 1 391 2408 387 2958
4083 4 2 7 1 1928 2134 2548 2984
4084 4 2 7 1 1939 2244 2074 2873
4085 4 2 7 1 2500 2501 2389 2955
4086 4 2 7 1 1523 1498 2159 2852
4087 4 2 7 1 1336 2207 1339 2913
4088 4 2 7 1 2038 2117 2325 2522
4089 4 2 7 1 1697 1854 2320 2519
4090 4 2 7 1 2202 2310 2114 2712
4091 4 2 7 1 1969 2150 2057 2967
4092 4 2 7 1 2365 2650 1593 3004
4093 4 2 7 1 2336 2382 2114 2806
4094 4 2 7 1 2232 2909 2546 3044
4095 4 2 7 1 1943 2045 2589 2619
4096 4 2 7 1 1952 2734 2380 2846
4097 4 2 7 1 2116 1960 2337 2515
4098 4 2 7 1 2244 2474 2229 2952
4099 4 2 7 1 1978 2112 2561 2733
4100 4 2 7 1 1948 2090 2253 2520
4101 4 2 7 1 416 375 2286 2590
4102 4 2 7 1 607 2451 2246 2774
4103 4 2 7 1 2075 2243 2133 2891
4104 4 2 7 1 2133 2243 2075 2681
4105 4 2 7 1 2114 2336 2202 2382
4106 4 2 7 1 2038 2325 2117 2432
4107 4 2 7 1 1997 2059 2501 2571
4108 4 2 7 1 1451 2136 1398 2551
4109 4 2 7 1 2347 2501 2152 2508
4110 4 2 7 1 2046 2727 2211 2748
4111 4 2 7 1 2068 2236 1988 2566
4112 4 2 7 1 2025 1955 2278 2635
4113 4 2 7 1 1991 2522 2143 2714
4114 4 2 7 1 2330 2381 1936 2537
4115 4 2 7 1 1835 2449 2113 2505
4116 4 2 7 1 1398 2551 2136 2916
4117 4 2 7 1 2189 1999 2644 2763
4118 4 2 7 1 795 2078 955 2295
4119 4 2 7 1 572 2185 2544 2574
4120 4 2 7 1 1980 2183 2389 2579
4121 4 2 7 1 2049 2338 2322 2593
4122 4 2 7 1 2199 2411 1958 2647
4123 4 2 7 1 2053 2437 2229 2665
4124 4 2 7 1 1606 2065 1607 2539
4125 4 2 7 1 1737 2083 2764 2867
4126 4 2 7 1 1539 2314 2056 2546
4127 4 2 7 1 707 708 709 2334
4128 4 2 7 1 1451 1128 1398 2916
4129 4 2 7 1 2060 2416 2294 2419
4130 4 2 7 1 2374 2627 1421 2646
4131 4 2 7 1 1179 2161 1180 2736
4132 4 2 7 1 1835 1626 2449 2881
4133 4 2 7 1 2189 1999 2447 2644
4134 4 2 7 1 2135 2274 1968 2369
4135 4 2 7 1 1957 2537 2310 2712
4136 4 2 7 1 323 322 2084 2504
4137 4 2 7 1 1948 2253 2103 2520
4138 4 2 7 1 1835 2449 2062 2881
4139 4 2 7 1 1699 2603 2473 2860
4140 4 2 7 1 903 2176 1821 2420
4141 4 2 7 1 1943 2589 2418 2619
4142 4 2 7 1 1870 2365 1593 3004
4143 4 2 7 1 2014 2168 2357 2663
4144 4 2 7 1 1940 2034 2477 2500
4145 4 2 7 1 2108 2402 2076 2461
4146 4 2 7 1 656 2192 587 2614
4147 4 2 7 1 607 2051 2451 2774
4148 4 2 7 1 2158 2261 1092 2378
4149 4 2 7 1 2140 697 2335 2855
4150 4 2 7 1 996 2179 524 2527
4151 4 2 7 1 2411 2498 2486 2742
4152 4 2 7 1 1606 1608 2065 2524
4153 4 2 7 1 2229 2244 2074 2474
4154 4 2 7 1 2107 2531 1349 2563
4155 4 2 7 1 418 439 2070 2437
4156 4 2 7 1 2133 2621 2075 2891
4157 4 2 7 1 2341 2766 2063 2772
4158 4 2 7 1 371 2071 2286 2348
4159 4 2 7 1 438 418 2070 2250
4160 4 2 7 1 1092 2261 2158 2957
4161 4 2 7 1 2192 2373 2020 2496
4162 4 2 7 1 288 913 2240 2427
4163 4 2 7 1 276 620 2131 2345
4164 4 2 7 1 2385 2389 2096 2579
4165 4 2 7 1 1226 2406 2201 2633
4166 4 2 7 1 2251 2561 2112 2733
4167 4 2 7 1 2030 1958 2199 2411
4168 4 2 7 1 1994 2085 2156 2705
4169 4 2 7 1 2183 2579 1212 2818
4170 4 2 7 1 2010 2421 2218 2497
4171 4 2 7 1 2226 2058 2350 2656
4172 4 2 7 1 2020 2373 2192 2687
4173 4 2 7 1 2238 2397 2026 2412
4174 4 2 7 1 1835 1836 2113 2449
4175 4 2 7 1 1984 2177 2316 2816
4176 4 2 7 1 1304 1136 294 2374
4177 4 2 7 1 2054 2282 2009 2336
4178 4 2 7 1 1937 2053 2264 2570
4179 4 2 7 1 2034 2671 2585 2722
4180 4 2 7 1 2058 2013 2337 2938
4181 4 2 7 1 2007 2244 2074 2344
4182 4 2 7 1 2086 1947 2308 2955
4183 4 2 7 1 1669 1668 1670 2283
4184 4 2 7 1 391 2074 2408 2958
4185 4 2 7 1 2090 1948 2253 2761
4186 4 2 7 1 2056 2232 2613 2738
4187 4 2 7 1 1154 1421 2627 2646
4188 4 2 7 1 1538 1512 1525 2294
4189 4 2 7 1 753 2029 2423 2532
4190 4 2 7 1 1939 2074 2400 2873
4191 4 2 7 1 1010 2179 996 2527
4192 4 2 7 1 1085 1063 1082 2194
4193 4 2 7 1 944 2556 2113 2560
4194 4 2 7 1 1936 2397 2238 2412
4195 4 2 7 1 2117 2522 2038 2698
4196 4 2 7 1 1970 2206 2226 2656
4197 4 2 7 1 2308 2501 2059 2571
4198 4 2 7 1 2091 2371 1955 2836
4199 4 2 7 1 1973 2727 2222 2748
4200 4 2 7 1 2287 2342 2018 2566
4201 4 2 7 1 1606 1607 1605 2539
4202 4 2 7 1 2432 2538 2206 2656
4203 4 2 7 1 371 2286 2110 2348
4204 4 2 7 1 2132 2518 2377 2709
4205 4 2 7 1 1498 1523 2159 2364
4206 4 2 7 1 2275 2522 2117 2698
4207 4 2 7 1 2421 2492 2218 2497
4208 4 2 7 1 1795 2117 1666 2275
4209 4 2 7 1 2091 2454 2074 2651
4210 4 2 7 1 955 2295 2317 2484
4211 4 2 7 1 1993 2075 2259 2265
4212 4 2 7 1 1334 591 2502 2583
4213 4 2 7 1 2056 2233 2232 2738
4214 4 2 7 1 2357 2633 2168 2933
4215 4 2 7 1 1947 2501 2308 2955
4216 4 2 7 1 2071 2413 1423 2606
4217 4 2 7 1 1367 2641 2245 2767
4218 4 2 7 1 1276 2243 2133 2681
4219 4 2 7 1 2082 2010 2270 2872
4220 4 2 7 1 902 2176 2420 2702
4221 4 2 7 1 2418 2619 2589 2754
4222 4 2 7 1 929 2138 930 2582
4223 4 2 7 1 1118 1523 2159 2852
4224 4 2 7 1 1699 1616 2603 2860
4225 4 2 7 1 1529 1539 1508 2314
4226 4 2 7 1 1978 2067 2561 2686
4227 4 2 7 1 1980 2389 2385 2579
4228 4 2 7 1 1658 1660 2196 2525
4229 4 2 7 1 1956 2340 2293 2431
4230 4 2 7 1 2311 2644 1999 2763
4231 4 2 7 1 364 362 363 2035
4232 4 2 7 1 1978 2112 2271 2375
4233 4 2 7 1 1737 2764 1574 2867
4234 4 2 7 1 1928 2470 2134 2984
4235 4 2 7 1 2354 2467 2003 2746
4236 4 2 7 1 1952 2147 2526 2806
4237 4 2 7 1 1835 2062 2449 2505
4238 4 2 7 1 439 2070 2374 2642
4239 4 2 7 1 1083 2378 1055 2450
4240 4 2 7 1 1335 2502 2098 2583
4241 4 2 7 1 1970 2206 2283 2819
4242 4 2 7 1 2069 2573 2253 2596
4243 4 2 7 1 1960 2116 2337 2938
4244 4 2 7 1 1188 1186 2395 2929
4245 4 2 7 1 2095 2327 2210 2795
4246 4 2 7 1 2009 2335 2336 2384
4247 4 2 7 1 1608 2366 2065 2524
4248 4 2 7 1 2042 2544 2185 2574
4249 4 2 7 1 1955 2091 2344 2371
4250 4 2 7 1 2087 2276 1059 2289
4251 4 2 7 1 2415 2434 2084 2504
4252 4 2 7 1 2326 2448 2121 2544
4253 4 2 7 1 1975 2244 2229 2952
4254 4 2 7 1 2021 2504 2434 2812
4255 4 2 7 1 2176 2473 1822 2603
4256 4 2 7 1 1136 294 2374 2642
4257 4 2 7 1 1760 2208 2312 2519
4258 4 2 7 1 2039 2073 2233 2676
4259 4 2 7 1 1938 2108 2282 2297
4260 4 2 7 1 1852 2523 2273 2616
4261 4 2 7 1 2212 2395 2050 2929
4262 4 2 7 1 483 371 2071 2286
4263 4 2 7 1 708 709 2064 2553
4264 4 2 7 1 1984 2597 2177 2816
4265 4 2 7 1 1730 2290 2262 2688
4266 4 2 7 1 1673 2226 2206 2919
4267 4 2 7 1 1699 1822 2473 2603
4268 4 2 7 1 651 1838 2935 3031
4269 4 2 7 1 2327 2795 2095 2992
4270 4 2 7 1 1936 2024 2412 2460
4271 4 2 7 1 2110 2156 389 2586
4272 4 2 7 1 2015 2074 2454 2651
4273 4 2 7 1 2024 2213 2276 2412
4274 4 2 7 1 1065 2087 1086 2425
4275 4 2 7 1 2022 2242 2403 2714
4276 4 2 7 1 1975 2627 2374 2646
4277 4 2 7 1 2066 2209 1974 2777
4278 4 2 7 1 2045 2589 2619 2754
4279 4 2 7 1 2066 1974 2511 2777
4280 4 2 7 1 2021 2293 2340 2431
4281 4 2 7 1 2059 2308 546 2654
4282 4 2 7 1 2056 2546 2232 2909
4283 4 2 7 1 2049 2354 2230 2746
4284 4 2 7 1 2330 1936 2397 2537
4285 4 2 7 1 2158 2378 1083 2450
4286 4 2 7 1 2091 1955 2278 2836
4287 4 2 7 1 2054 2009 2282 2407
4288 4 2 7 1 1875 2449 2178 2689
4289 4 2 7 1 2090 2520 1948 2618
4290 4 2 7 1 363 2035 362 2448
4291 4 2 7 1 522 526 2197 2415
4292 4 2 7 1 2050 2465 1188 2929
4293 4 2 7 1 2029 2532 753 2910
4294 4 2 7 1 1092 2158 2743 2957
4295 4 2 7 1 1965 2065 2297 2539
4296 4 2 7 1 2177 2749 2296 2927
4297 4 2 7 1 2232 2546 2060 3044
4298 4 2 7 1 1058 2276 2239 2289
4299 4 2 7 1 2147 2277 1952 2526
4300 4 2 7 1 790 745 747 2109
4301 4 2 7 1 2014 2048 2357 2933
4302 4 2 7 1 2087 2412 2376 2838
4303 4 2 7 1 2325 2417 2117 2432
4304 4 2 7 1 2303 2401 2047 2856
4305 4 2 7 1 323 2084 322 2648
4306 4 2 7 1 2038 2522 2325 2714
4307 4 2 7 1 2213 2412 2024 2460
4308 4 2 7 1 2088 2312 2016 2341
4309 4 2 7 1 1620 2587 2164 2831
4310 4 2 7 1 1574 2764 2214 2867
4311 4 2 7 1 2244 2337 2116 2468
4312 4 2 7 1 2123 2612 2361 2628
4313 4 2 7 1 1960 2515 2028 2543
4314 4 2 7 1 2057 2150 1969 2473
4315 4 2 7 1 2114 2537 1957 2712
4316 4 2 7 1 1304 1147 1136 2374
4317 4 2 7 1 2216 309 2673 2774
4318 4 2 7 1 464 638 2421 2648
4319 4 2 7 1 806 2666 2274 2752
4320 4 2 7 1 2170 2432 2248 2538
4321 4 2 7 1 1928 1755 1559 2470
4322 4 2 7 1 1937 2481 2053 2570
4323 4 2 7 1 1964 2492 2082 2872
4324 4 2 7 1 290 524 995 2179
4325 4 2 7 1 2150 2726 2057 2967
4326 4 2 7 1 2025 2278 2235 2917
4327 4 2 7 1 912 2240 2427 2553
4328 4 2 7 1 1945 2766 2341 2772
4329 4 2 7 1 766 764 2661 2853
4330 4 2 7 1 1816 1857 2366 2939
4331 4 2 7 1 2074 2244 2229 2873
4332 4 2 7 1 1464 1805 1449 2778
4333 4 2 7 1 1180 2736 2161 2998
4334 4 2 7 1 1118 2159 1523 2364
4335 4 2 7 1 1253 2220 2212 2563
4336 4 2 7 1 1073 1094 1035 2681
4337 4 2 7 1 1838 651 1573 3031
4338 4 2 7 1 1952 2712 2094 2734
4339 4 2 7 1 1973 2239 2100 2276
4340 4 2 7 1 2069 2253 2490 2596
4341 4 2 7 1 1190 2220 1253 2563
4342 4 2 7 1 2004 2487 2420 2702
4343 4 2 7 1 1964 2082 2270 2872
4344 4 2 7 1 846 2189 2475 2780
4345 4 2 7 1 1959 2282 2076 2461
4346 4 2 7 1 2049 2322 2169 2593
4347 4 2 7 1 1212 2268 2183 2818
4348 4 2 7 1 2002 2323 2286 2590
4349 4 2 7 1 1025 1546 684 1519
4350 4 2 7 1 914 531 533 2427
4351 4 2 7 1 1454 2136 2257 2332
4352 4 2 7 1 1350 2212 1357 2574
4353 4 2 7 1 389 2156 2110 2997
4354 4 2 7 1 2010 2218 2492 2497
4355 4 2 7 1 1658 2196 1660 2573
4356 4 2 7 1 1952 2094 2269 2846
4357 4 2 7 1 2186 2318 2030 2822
4358 4 2 7 1 601 2224 2107 2724
4359 4 2 7 1 1945 2341 2358 2772
4360 4 2 7 1 2014 2601 2517 2663
4361 4 2 7 1 2131 2294 1512 2345
4362 4 2 7 1 1960 2410 2083 2543
4363 4 2 7 1 1188 1357 2212 2395
4364 4 2 7 1 2092 2273 1852 2523
4365 4 2 7 1 1384 2436 2106 2998
4366 4 2 7 1 1990 2219 2040 2423
4367 4 2 7 1 1024 265 493 2205
4368 4 2 7 1 1896 1082 1588 2194
4369 4 2 7 1 2161 2298 2032 2541
4370 4 2 7 1 2062 2505 1835 2881
4371 4 2 7 1 2321 2935 1838 3031
4372 4 2 7 1 2067 1978 2260 2686
4373 4 2 7 1 2254 2270 2101 2341
4374 4 2 7 1 1571 2551 1398 2916
4375 4 2 7 1 2060 2405 2294 2416
4376 4 2 7 1 796 2059 1015 2349
4377 4 2 7 1 2513 2656 2226 2919
4378 4 2 7 1 607 2246 571 2774
4379 4 2 7 1 2199 2444 740 2496
4380 4 2 7 1 1670 2283 2206 2819
4381 4 2 7 1 533 2137 670 2427
4382 4 2 7 1 1936 2412 2213 2460
4383 4 2 7 1 2143 2522 2038 2714
4384 4 2 7 1 1328 2163 2268 2320
4385 4 2 7 1 1994 2156 2085 2945
4386 4 2 7 1 1073 1035 1435 2681
4387 4 2 7 1 1519 1546 2146 2447
4388 4 2 7 1 2275 2325 2117 2522
4389 4 2 7 1 1973 2276 2213 2412
4390 4 2 7 1 2657 2661 2043 2691
4391 4 2 7 1 2187 2615 2465 2750
4392 4 2 7 1 487 579 494 2491
4393 4 2 7 1 2052 1655 2361 2612
4394 4 2 7 1 1998 2187 2465 2750
4395 4 2 7 1 569 387 2408 2958
4396 4 2 7 1 2092 1987 2399 2649
4397 4 2 7 1 1783 1555 649 2463
4398 4 2 7 1 1155 2267 2089 2390
4399 4 2 7 1 1852 1769 2523 2616
4400 4 2 7 1 1997 2152 2501 2683
4401 4 2 7 1 910 916 289 2197
4402 4 2 7 1 2152 2508 2501 2683
4403 4 2 7 1 1317 2492 2421 2497
4404 4 2 7 1 2022 2403 2143 2714
4405 4 2 7 1 2046 2222 2727 2748
4406 4 2 7 1 2282 2297 2108 2625
4407 4 2 7 1 2398 2732 2567 2832
4408 4 2 7 1 2066 1974 2209 2839
4409 4 2 7 1 1965 2441 2065 2539
4410 4 2 7 1 2067 2260 1978 2464
4411 4 2 7 1 1940 2389 2034 2500
4412 4 2 7 1 930 2138 931 2429
4413 4 2 7 1 1571 1398 1128 2916
4414 4 2 7 1 1816 2366 1812 3009
4415 4 2 7 1 438 418 439 2070
4416 4 2 7 1 1875 2178 2449 2679
4417 4 2 7 1 1015 2059 796 2799
4418 4 2 7 1 1821 2176 903 2669
4419 4 2 7 1 1939 2058 2337 2468
4420 4 2 7 1 2140 2335 2788 2855
4421 4 2 7 1 484 2278 379 2745
4422 4 2 7 1 1960 2028 2410 2543
4423 4 2 7 1 2325 2522 1991 2714
4424 4 2 7 1 2056 2314 1539 2682
4425 4 2 7 1 526 525 2197 2240
4426 4 2 7 1 432 2544 2185 2595
4427 4 2 7 1 277 1069 1034 2158
4428 4 2 7 1 289 525 910 2197
4429 4 2 7 1 775 2079 2483 2632
4430 4 2 7 1 1190 2212 1253 2220
4431 4 2 7 1 2179 2380 523 2527
4432 4 2 7 1 1606 1608 1607 2065
4433 4 2 7 1 2032 2298 2161 2436
4434 4 2 7 1 2000 2075 2621 2891
4435 4 2 7 1 526 2240 2197 2415
4436 4 2 7 1 1961 2121 2343 2404
4437 4 2 7 1 2060 2232 2056 2546
4438 4 2 7 1 902 2487 2420 2756
4439 4 2 7 1 2004 2420 2176 2702
4440 4 2 7 1 352 2368 2313 2783
4441 4 2 7 1 1950 2164 2312 2519
4442 4 2 7 1 2064 2334 708 2553
4443 4 2 7 1 1459 2123 2628 2820
4444 4 2 7 1 1990 2040 2360 2423
4445 4 2 7 1 1998 2044 2187 2750
4446 4 2 7 1 2078 2894 2333 3034
4447 4 2 7 1 432 2448 2544 2595
4448 4 2 7 1 2112 1978 2271 2619
4449 4 2 7 1 2495 2578 2130 2911
4450 4 2 7 1 2064 2617 2434 2747
4451 4 2 7 1 1838 1573 2321 3031
4452 4 2 7 1 2212 2220 1190 2465
4453 4 2 7 1 1938 2202 2382 2712
4454 4 2 7 1 1598 1599 2376 2715
4455 4 2 7 1 1972 2363 2073 2392
4456 4 2 7 1 2478 2510 2349 2683
4457 4 2 7 1 1673 2513 2226 2919
4458 4 2 7 1 2146 1514 2658 2996
4459 4 2 7 1 1948 2090 2618 2761
4460 4 2 7 1 483 2286 2071 2323
4461 4 2 7 1 651 2935 2321 3031
4462 4 2 7 1 1952 2734 2442 2806
4463 4 2 7 1 2021 2427 2240 2553
4464 4 2 7 1 2113 1976 2449 2689
4465 4 2 7 1 2244 1939 2468 2873
4466 4 2 7 1 1459 2123 1179 2736
4467 4 2 7 1 600 277 1034 2450
4468 4 2 7 1 1973 2213 2100 2222
4469 4 2 7 1 2116 2468 2337 2938
4470 4 2 7 1 2117 2038 2432 2698
4471 4 2 7 1 2198 2483 954 2701
4472 4 2 7 1 725 2162 727 2556
4473 4 2 7 1 1960 2410 2028 2515
4474 4 2 7 1 372 2110 371 2286
4475 4 2 7 1 2045 2367 1943 2589
4476 4 2 7 1 1816 1701 1857 2939
4477 4 2 7 1 720 2295 1013 2484
4478 4 2 7 1 2363 2392 2039 2707
4479 4 2 7 1 863 955 795 2078
4480 4 2 7 1 1969 2150 2446 2669
4481 4 2 7 1 2050 2353 2204 2887
4482 4 2 7 1 1129 1335 1334 2502
4483 4 2 7 1 2143 2396 1394 2934
4484 4 2 7 1 2091 2278 383 2836
4485 4 2 7 1 1747 2290 1730 2688
4486 4 2 7 1 2002 2207 2098 2235
4487 4 2 7 1 1969 2446 2176 2669
4488 4 2 7 1 1923 1852 1769 2523
4489 4 2 7 1 1574 1737 1736 2764
4490 4 2 7 1 2034 2585 2227 2722
4491 4 2 7 1 2047 2381 2330 2537
4492 4 2 7 1 1188 2212 1190 2465
4493 4 2 7 1 1377 2134 1559 2470
4494 4 2 7 1 1066 298 2450 3013
4495 4 2 7 1 2190 2628 2123 2820
4496 4 2 7 1 2076 705 2407 2602
4497 4 2 7 1 2142 2500 2389 2955
4498 4 2 7 1 2018 2342 2222 2808
4499 4 2 7 1 745 2109 790 2398
4500 4 2 7 1 2242 2577 2207 2936
4501 4 2 7 1 1836 2113 2449 2689
4502 4 2 7 1 1464 1107 1805 2778
4503 4 2 7 1 1123 2578 2495 2911
4504 4 2 7 1 697 963 2140 2335
4505 4 2 7 1 1216 2221 2167 2818
4506 4 2 7 1 2049 2230 2593 2746
4507 4 2 7 1 2124 2368 354 2584
4508 4 2 7 1 1836 2449 1875 2689
4509 4 2 7 1 2630 2757 2118 3036
4510 4 2 7 1 2003 2354 2230 2418
4511 4 2 7 1 2086 1980 2383 3023
4512 4 2 7 1 753 2423 2188 2532
4513 4 2 7 1 2091 2344 2074 2454
4514 4 2 7 1 1977 2042 2185 2887
4515 4 2 7 1 1727 2130 2495 2578
4516 4 2 7 1 2185 1351 2395 2574
4517 4 2 7 1 725 726 2162 2349
4518 4 2 7 1 952 2556 944 2560
4519 4 2 7 1 2219 2423 878 3012
4520 4 2 7 1 1104 2163 1764 2807
4521 4 2 7 1 2179 2527 1010 2840
4522 4 2 7 1 1025 2146 1493 3011
4523 4 2 7 1 2294 2416 1996 2419
4524 4 2 7 1 2195 2567 2398 2732
4525 4 2 7 1 1937 2232 2039 2410
4526 4 2 7 1 2446 2669 904 2702
4527 4 2 7 1 2349 2510 2478 2966
4528 4 2 7 1 2051 2243 1274 2690
4529 4 2 7 1 1529 1539 2314 2682
4530 4 2 7 1 2251 2561 2067 2686
4531 4 2 7 1 2202 2114 2382 2712
4532 4 2 7 1 354 2124 2313 2368
4533 4 2 7 1 2318 2742 2030 2822
4534 4 2 7 1 1960 2410 2039 2581
4535 4 2 7 1 2241 2483 2001 2701
4536 4 2 7 1 1936 2024 2460 2838
4537 4 2 7 1 1215 1216 2167 2818
4538 4 2 7 1 2002 2207 2242 2577
4539 4 2 7 1 1421 2374 1346 2627
4540 4 2 7 1 2059 1997 2501 2683
4541 4 2 7 1 2041 1201 2399 2424
4542 4 2 7 1 439 2374 294 2642
4543 4 2 7 1 465 464 638 2421
4544 4 2 7 1 548 283 940 2210
4545 4 2 7 1 363 364 2035 2462
4546 4 2 7 1 354 2124 2687 2953
4547 4 2 7 1 2050 2204 2395 2887
4548 4 2 7 1 1112 1341 281 2583
4549 4 2 7 1 2100 2213 1973 2276
4550 4 2 7 1 2056 2232 2060 2314
4551 4 2 7 1 1160 2061 1161 2453
4552 4 2 7 1 2032 2298 2436 2452
4553 4 2 7 1 1129 1334 591 2502
4554 4 2 7 1 1498 2364 2159 2457
4555 4 2 7 1 2060 1989 2419 2457
4556 4 2 7 1 370 371 2110 2348
4557 4 2 7 1 1423 2071 2520 3042
4558 4 2 7 1 1667 2522 2698 2730
4559 4 2 7 1 1274 2243 2051 2466
4560 4 2 7 1 871 2132 872 2518
4561 4 2 7 1 1367 1256 1474 2641
4562 4 2 7 1 1260 2355 2120 2921
4563 4 2 7 1 1960 2083 2410 2581
4564 4 2 7 1 2175 2528 1309 2580
4565 4 2 7 1 1654 1655 2052 2636
4566 4 2 7 1 1960 2039 2410 2675
4567 4 2 7 1 720 2295 2484 2918
4568 4 2 7 1 1441 2290 1139 2688
4569 4 2 7 1 1966 2322 2338 2593
4570 4 2 7 1 2048 2633 2357 2933
4571 4 2 7 1 1997 2078 2333 3034
4572 4 2 7 1 2282 2336 2054 2835
4573 4 2 7 1 786 753 2532 2910
4574 4 2 7 1 2083 1960 2764 2867
4575 4 2 7 1 1989 2060 2339 2457
4576 4 2 7 1 1936 2412 2024 2838
4577 4 2 7 1 2216 2356 309 2774
4578 4 2 7 1 1996 2122 2475 2763
4579 4 2 7 1 1964 2034 2227 2477
4580 4 2 7 1 1804 1394 2396 2934
4581 4 2 7 1 910 2197 2240 2789
4582 4 2 7 1 700 2493 2407 2875
4583 4 2 7 1 1094 1035 2681 3032
4584 4 2 7 1 1816 2151 1701 2939
4585 4 2 7 1 1596 1598 2530 2715
4586 4 2 7 1 1937 2264 2053 2419
4587 4 2 7 1 1216 2167 2221 2547
4588 4 2 7 1 2147 2806 2442 2875
4589 4 2 7 1 1946 2104 2486 2498
4590 4 2 7 1 1538 2294 1525 2345
4591 4 2 7 1 1960 2581 2039 2675
4592 4 2 7 1 816 2475 2189 2763
4593 4 2 7 1 905 904 2446 2669
4594 4 2 7 1 2090 2577 2242 2936
4595 4 2 7 1 1546 1025 1493 1519
4596 4 2 7 1 927 2145 2472 2610
4597 4 2 7 1 2253 2573 2126 2596
4598 4 2 7 1 2009 2335 2054 2336
4599 4 2 7 1 1959 2108 2282 2461
4600 4 2 7 1 1965 2134 2441 2825
4601 4 2 7 1 720 2484 2152 2918
4602 4 2 7 1 2377 2709 2518 3024
4603 4 2 7 1 2116 2244 2468 2873
4604 4 2 7 1 2123 2052 2361 2612
4605 4 2 7 1 703 704 2076 2493
4606 4 2 7 1 1760 2208 1911 2312
4607 4 2 7 1 2129 2383 1980 3023
4608 4 2 7 1 2613 2738 1688 2993
4609 4 2 7 1 1940 2300 2033 2389
4610 4 2 7 1 2261 2276 2100 2862
4611 4 2 7 1 2178 2449 1976 2689
4612 4 2 7 1 2094 2712 2263 2734
4613 4 2 7 1 1999 2546 2909 3044
4614 4 2 7 1 1253 2212 1350 2224
4615 4 2 7 1 878 2423 2219 2545
4616 4 2 7 1 1424 2637 2480 2741
4617 4 2 7 1 2191 505 2565 2997
4618 4 2 7 1 2135 2043 2661 2691
4619 4 2 7 1 2018 2287 2213 2342
4620 4 2 7 1 276 2131 1520 2345
4621 4 2 7 1 1260 2120 2464 2921
4622 4 2 7 1 1947 2086 2478 2529
4623 4 2 7 1 931 930 929 2138
4624 4 2 7 1 354 2313 2124 2953
4625 4 2 7 1 2060 2314 2232 2878
4626 4 2 7 1 2101 2270 2254 2800
4627 4 2 7 1 2058 2184 2600 2915
4628 4 2 7 1 2094 2263 2380 2734
4629 4 2 7 1 2002 2242 2090 2577
4630 4 2 7 1 1546 1025 684 2146
4631 4 2 7 1 1228 2406 2048 2528
4632 4 2 7 1 2242 2629 2618 2761
4633 4 2 7 1 1519 1546 684 2146
4634 4 2 7 1 2012 2117 2432 2698
4635 4 2 7 1 2092 2399 1401 2424
4636 4 2 7 1 1940 2033 2329 2389
4637 4 2 7 1 2092 1987 2273 2523
4638 4 2 7 1 317 318 316 2093
4639 4 2 7 1 1978 2260 2375 2424
4640 4 2 7 1 2298 2436 2006 2606
4641 4 2 7 1 2057 1969 2352 2473
4642 4 2 7 1 753 2423 2029 2910
4643 4 2 7 1 484 2098 417 2278
4644 4 2 7 1 775 2079 776 2483
4645 4 2 7 1 2015 2274 2369 2454
4646 4 2 7 1 936 940 283 2210
4647 4 2 7 1 697 2562 2147 2855
4648 4 2 7 1 1856 1760 1911 2312
4649 4 2 7 1 1725 2288 2376 2793
4650 4 2 7 1 1117 2681 1035 3032
4651 4 2 7 1 2486 2742 2498 2822
4652 4 2 7 1 2002 2502 2207 2577
4653 4 2 7 1 2131 2294 1989 2737
4654 4 2 7 1 2015 2454 2091 2651
4655 4 2 7 1 1702 2362 1766 2476
4656 4 2 7 1 703 704 705 2076
4657 4 2 7 1 1953 2048 2201 2499
4658 4 2 7 1 1943 2049 2338 2744
4659 4 2 7 1 1928 2548 1754 2984
4660 4 2 7 1 1513 2658 1514 2996
4661 4 2 7 1 1996 2131 2294 2419
4662 4 2 7 1 427 2246 2193 2601
4663 4 2 7 1 2122 1996 2622 2763
4664 4 2 7 1 1937 2039 2232 2363
4665 4 2 7 1 2399 2649 2139 2983
4666 4 2 7 1 1985 2232 2056 2314
4667 4 2 7 1 2033 2096 2389 2579
4668 4 2 7 1 2225 2286 375 2590
4669 4 2 7 1 2079 2328 774 2471
4670 4 2 7 1 703 2076 705 2407
4671 4 2 7 1 2093 2402 2379 2695
4672 4 2 7 1 2102 2249 1944 2647
4673 4 2 7 1 308 2216 309 2673
4674 4 2 7 1 2152 2484 2295 2918
4675 4 2 7 1 1943 2338 2049 2593
4676 4 2 7 1 2165 2421 638 2648
4677 4 2 7 1 2044 1998 2249 2750
4678 4 2 7 1 1821 2176 1819 2420
4679 4 2 7 1 2270 2340 2254 2800
4680 4 2 7 1 2185 2395 1355 2494
4681 4 2 7 1 425 2051 607 2774
4682 4 2 7 1 1985 2232 2314 2878
4683 4 2 7 1 1996 2250 2131 2419
4684 4 2 7 1 1271 2396 2143 2403
4685 4 2 7 1 1215 2167 1216 2547
4686 4 2 7 1 1316 2497 2165 2655
4687 4 2 7 1 943 944 2113 2560
4688 4 2 7 1 1513 2546 2658 2996
4689 4 2 7 1 601 2368 2224 2584
4690 4 2 7 1 2212 2224 1253 2563
4691 4 2 7 1 483 2323 2071 2888
4692 4 2 7 1 427 2193 2246 2451
4693 4 2 7 1 1980 2129 2302 2667
4694 4 2 7 1 2350 2604 2248 2656
4695 4 2 7 1 1978 2561 2067 2942
4696 4 2 7 1 2107 2368 601 3048
4697 4 2 7 1 513 2071 371 2348
4698 4 2 7 1 774 2079 775 2632
4699 4 2 7 1 1256 2393 2641 2767
4700 4 2 7 1 306 308 309 2673
4701 4 2 7 1 1683 2184 2392 2581
4702 4 2 7 1 2273 2523 1987 2616
4703 4 2 7 1 2303 2401 1235 2620
4704 4 2 7 1 2236 2342 1988 2566
4705 4 2 7 1 1973 2100 2239 2699
4706 4 2 7 1 1961 2672 2205 2749
4707 4 2 7 1 721 2560 2152 2723
4708 4 2 7 1 1994 2110 2705 2997
4709 4 2 7 1 725 726 727 2162
4710 4 2 7 1 1966 2169 2322 2593
4711 4 2 7 1 2294 2419 1989 2457
4712 4 2 7 1 872 2518 2132 2709
4713 4 2 7 1 1945 2358 2281 2772
4714 4 2 7 1 1823 1821 903 2669
4715 4 2 7 1 1160 1162 1161 2061
4716 4 2 7 1 1988 2068 2287 2802
4717 4 2 7 1 1875 1836 1863 2449
4718 4 2 7 1 524 2179 523 2527
4719 4 2 7 1 2157 2462 2035 2491
4720 4 2 7 1 705 2334 2076 2735
4721 4 2 7 1 1188 1186 1357 2395
4722 4 2 7 1 1818 1701 1816 2151
4723 4 2 7 1 1498 2159 1499 2457
4724 4 2 7 1 2039 2233 2232 2676
4725 4 2 7 1 317 2093 316 2559
4726 4 2 7 1 1417 1384 2106 2998
4727 4 2 7 1 1571 2136 2551 2916
4728 4 2 7 1 2117 2417 2012 2432
4729 4 2 7 1 2288 2376 2087 2412
4730 4 2 7 1 1058 1059 2276 2289
4731 4 2 7 1 2075 2259 2243 2891
4732 4 2 7 1 2038 2283 2206 2698
4733 4 2 7 1 322 2084 321 2648
4734 4 2 7 1 2109 2398 745 2626
4735 4 2 7 1 2042 2212 1983 2224
4736 4 2 7 1 2235 2896 2025 2917
4737 4 2 7 1 1713 2215 2366 2975
4738 4 2 7 1 1608 1607 2065 3030
4739 4 2 7 1 2150 1969 2473 2669
4740 4 2 7 1 938 2095 2318 2795
4741 4 2 7 1 2246 2451 2051 2774
4742 4 2 7 1 403 2588 2467 2871
4743 4 2 7 1 2060 2419 2294 2457
4744 4 2 7 1 2002 2618 2242 2629
4745 4 2 7 1 795 2078 2295 2660
4746 4 2 7 1 1091 1040 1085 2194
4747 4 2 7 1 1974 2576 2209 2839
4748 4 2 7 1 1683 1686 2581 2738
4749 4 2 7 1 2116 1937 2410 2515
4750 4 2 7 1 1729 2083 2266 3007
4751 4 2 7 1 865 2324 2532 2674
4752 4 2 7 1 1052 2378 2351 2621
4753 4 2 7 1 1723 2361 2612 2628
4754 4 2 7 1 1035 1117 1435 2681
4755 4 2 7 1 2098 2207 2002 2502
4756 4 2 7 1 2044 2249 1998 2479
4757 4 2 7 1 903 653 1823 2669
4758 4 2 7 1 1943 2045 2271 2367
4759 4 2 7 1 2176 2473 1969 2669
4760 4 2 7 1 2303 2537 2401 2620
4761 4 2 7 1 1228 1241 2357 2633
4762 4 2 7 1 932 651 1838 2935
4763 4 2 7 1 2393 2521 2019 2767
4764 4 2 7 1 417 2278 2098 2583
4765 4 2 7 1 1282 2364 2821 2857
4766 4 2 7 1 1955 2371 2344 2869
4767 4 2 7 1 1945 2434 2617 2747
4768 4 2 7 1 902 2176 903 2420
4769 4 2 7 1 1989 2339 2060 2419
4770 4 2 7 1 1282 2159 2364 2857
4771 4 2 7 1 1994 2705 2156 2997
4772 4 2 7 1 2573 2596 2069 2868
4773 4 2 7 1 2048 2310 2014 2357
4774 4 2 7 1 472 2096 1133 2272
4775 4 2 7 1 764 2657 805 2661
4776 4 2 7 1 2176 904 2669 2702
4777 4 2 7 1 2074 2007 2344 2371
4778 4 2 7 1 1818 1701 2151 2455
4779 4 2 7 1 2048 1953 2201 2633
4780 4 2 7 1 2052 2636 2386 2718
4781 4 2 7 1 351 2368 2783 3048
4782 4 2 7 1 383 2278 2091 2662
4783 4 2 7 1 1938 2310 2202 2712
4784 4 2 7 1 505 2225 2191 2565
4785 4 2 7 1 2033 2389 2096 2671
4786 4 2 7 1 1993 2259 2075 2838
4787 4 2 7 1 2322 2338 2049 2744
4788 4 2 7 1 2029 2316 2718 2910
4789 4 2 7 1 2274 2666 806 3006
4790 4 2 7 1 1893 1726 2376 2578
4791 4 2 7 1 2176 2669 2446 2702
4792 4 2 7 1 1201 2424 2041 2773
4793 4 2 7 1 1994 2191 2565 2997
4794 4 2 7 1 2064 2340 2553 2903
4795 4 2 7 1 2230 2319 2003 2418
4796 4 2 7 1 2055 2343 2020 2626
4797 4 2 7 1 2105 2532 2324 2674
4798 4 2 7 1 2337 2468 2058 2938
4799 4 2 7 1 2070 438 2250 2937
4800 4 2 7 1 490 587 2192 2614
4801 4 2 7 1 1817 2151 677 2420
4802 4 2 7 1 1162 2061 1160 2509
4803 4 2 7 1 2168 2633 2357 2663
4804 4 2 7 1 1954 2318 2210 2630
4805 4 2 7 1 2015 2074 2400 2454
4806 4 2 7 1 2073 2255 1972 2392
4807 4 2 7 1 2083 2543 2410 2677
4808 4 2 7 1 2100 2564 1988 2957
4809 4 2 7 1 1384 2388 2106 2436
4810 4 2 7 1 367 368 2157 2348
4811 4 2 7 1 548 2210 940 2757
4812 4 2 7 1 2177 2597 2324 2910
4813 4 2 7 1 2473 2603 2088 2860
4814 4 2 7 1 2002 2090 2242 2618
4815 4 2 7 1 1937 2419 2053 2805
4816 4 2 7 1 1118 1487 1523 2852
4817 4 2 7 1 2649 2880 2139 2983
4818 4 2 7 1 2098 2002 2235 2917
4819 4 2 7 1 2000 2259 2075 2891
4820 4 2 7 1 437 2051 425 2356
4821 4 2 7 1 2142 2383 333 2906
4822 4 2 7 1 1266 2159 1282 2857
4823 4 2 7 1 2020 2343 2121 2404
4824 4 2 7 1 2060 2416 2419 3044
4825 4 2 7 1 1729 2266 2290 3007
4826 4 2 7 1 1104 1764 1917 2807
4827 4 2 7 1 2213 2287 1988 2342
4828 4 2 7 1 1266 2372 2159 2857
4829 4 2 7 1 1276 2133 2243 2466
4830 4 2 7 1 1034 1069 1083 2158
4831 4 2 7 1 2156 2705 2110 2997
4832 4 2 7 1 1964 2034 2477 2671
4833 4 2 7 1 1595 1593 2365 2530
4834 4 2 7 1 1983 2042 2224 2584
4835 4 2 7 1 1341 2160 281 2583
4836 4 2 7 1 1949 2300 2268 2898
4837 4 2 7 1 2164 2473 1620 2831
4838 4 2 7 1 2075 2265 1993 2409
4839 4 2 7 1 2223 2894 2078 3034
4840 4 2 7 1 1946 2485 2439 2639
4841 4 2 7 1 1979 2047 2330 2537
4842 4 2 7 1 2052 2331 2636 2718
4843 4 2 7 1 533 670 914 2427
4844 4 2 7 1 1942 2029 2316 2718
4845 4 2 7 1 2091 2278 1955 2635
4846 4 2 7 1 1963 2335 2140 2384
4847 4 2 7 1 2207 2242 2235 2629
4848 4 2 7 1 2133 2450 298 3013
4849 4 2 7 1 705 706 2334 2735
4850 4 2 7 1 2098 2502 591 2583
4851 4 2 7 1 2146 2658 2546 2996
4852 4 2 7 1 1895 1727 1557 2495
4853 4 2 7 1 2118 2467 542 2588
4854 4 2 7 1 2046 2650 2365 3004
4855 4 2 7 1 2047 2401 2303 2537
4856 4 2 7 1 1348 1253 1350 2224
4857 4 2 7 1 288 2427 2240 2892
4858 4 2 7 1 2242 2618 2090 2761
4859 4 2 7 1 2011 2519 2320 2885
4860 4 2 7 1 2407 2493 2054 2875
4861 4 2 7 1 2038 2698 2522 2730
4862 4 2 7 1 1947 2510 2478 2683
4863 4 2 7 1 1784 2105 1869 2463
4864 4 2 7 1 2014 2310 2048 2379
4865 4 2 7 1 1974 2199 2511 2610
4866 4 2 7 1 318 2093 317 2775
4867 4 2 7 1 2290 2516 2262 2688
4868 4 2 7 1 1915 1091 1085 2194
4869 4 2 7 1 2405 2622 2416 2763
4870 4 2 7 1 1555 2234 649 2463
4871 4 2 7 1 409 2301 2137 2431
4872 4 2 7 1 765 766 2291 2853
4873 4 2 7 1 1944 2647 2249 2732
4874 4 2 7 1 1155 1156 2267 2390
4875 4 2 7 1 1942 2316 2029 2360
4876 4 2 7 1 1822 2473 2176 2669
4877 4 2 7 1 2019 2439 2485 2639
4878 4 2 7 1 1943 2354 2049 2744
4879 4 2 7 1 2044 1998 2187 2479
4880 4 2 7 1 2039 2233 2073 2707
4881 4 2 7 1 913 657 527 2240
4882 4 2 7 1 1945 2434 2461 2617
4883 4 2 7 1 372 370 371 2110
4884 4 2 7 1 1373 2127 1798 2554
4885 4 2 7 1 1739 2513 2181 2600
4886 4 2 7 1 2175 2406 1309 2528
4887 4 2 7 1 1348 1253 2224 2563
4888 4 2 7 1 2067 2561 2251 2942
4889 4 2 7 1 941 2757 2630 3036
4890 4 2 7 1 2054 2442 2734 2806
4891 4 2 7 1 1364 1482 1252 2190
4892 4 2 7 1 1256 2393 1474 2641
4893 4 2 7 1 705 707 2279 2334
4894 4 2 7 1 2075 2681 2243 3015
4895 4 2 7 1 1710 2214 2551 2931
4896 4 2 7 1 1498 1500 1526 2457
4897 4 2 7 1 1701 2151 2455 2939
4898 4 2 7 1 1636 2273 2172 2616
4899 4 2 7 1 2024 2276 2087 2412
4900 4 2 7 1 2033 2579 2183 2818
4901 4 2 7 1 1967 2076 2402 2461
4902 4 2 7 1 1117 2409 1461 3032
4903 4 2 7 1 2052 1654 2636 2978
4904 4 2 7 1 2191 2309 505 2997
4905 4 2 7 1 2096 2272 472 2385
4906 4 2 7 1 740 2444 1004 2496
4907 4 2 7 1 2183 2268 1949 2300
4908 4 2 7 1 1950 2312 2208 2519
4909 4 2 7 1 1937 2039 2363 2410
4910 4 2 7 1 2264 2410 1937 2515
4911 4 2 7 1 527 288 913 2240
4912 4 2 7 1 325 326 324 2077
4913 4 2 7 1 1980 2667 2302 2841
4914 4 2 7 1 522 567 526 2415
4915 4 2 7 1 639 2584 2042 2638
4916 4 2 7 1 1187 1188 2465 2929
4917 4 2 7 1 2123 2190 2612 2628
4918 4 2 7 1 1949 2268 2183 2355
4919 4 2 7 1 1943 2271 2045 2619
4920 4 2 7 1 2214 2764 1960 2867
4921 4 2 7 1 323 322 321 2648
4922 4 2 7 1 1454 2136 1269 2257
4923 4 2 7 1 1970 2257 2136 2779
4924 4 2 7 1 1158 1157 2089 2453
4925 4 2 7 1 2135 2662 1968 2794
4926 4 2 7 1 1854 1916 1762 2320
4927 4 2 7 1 277 2158 1034 2450
4928 4 2 7 1 294 446 1304 2374
4929 4 2 7 1 2100 2276 2239 2760
4930 4 2 7 1 775 2483 771 2632
4931 4 2 7 1 290 2179 995 2426
4932 4 2 7 1 1988 2564 2100 2877
4933 4 2 7 1 747 2109 745 2626
4934 4 2 7 1 1722 2554 2127 2594
4935 4 2 7 1 709 2064 2553 2903
4936 4 2 7 1 1607 2441 2065 3030
4937 4 2 7 1 1989 2264 2284 2857
4938 4 2 7 1 1346 2374 2200 2627
4939 4 2 7 1 2229 2244 1975 2570
4940 4 2 7 1 2207 2235 2002 2629
4941 4 2 7 1 1316 2421 2165 2497
4942 4 2 7 1 1539 2546 2056 2658
4943 4 2 7 1 1206 2464 2260 2716
4944 4 2 7 1 1429 1417 2106 2494
4945 4 2 7 1 1942 2029 2718 2719
4946 4 2 7 1 2076 2461 2279 2602
4947 4 2 7 1 1722 2361 2554 2594
4948 4 2 7 1 803 2496 2296 2626
4949 4 2 7 1 1139 2290 1747 2688
4950 4 2 7 1 1107 1464 1805 1449
4951 4 2 7 1 795 2660 2295 3029
4952 4 2 7 1 2097 1957 2310 2357
4953 4 2 7 1 2052 2535 2331 2718
4954 4 2 7 1 2041 2399 1201 2983
4955 4 2 7 1 1962 2052 2414 2535
4956 4 2 7 1 703 2076 2407 2493
4957 4 2 7 1 1955 2098 2235 2278
4958 4 2 7 1 1171 1170 1172 2090
4959 4 2 7 1 488 487 2205 2326
4960 4 2 7 1 1745 2613 1688 2993
4961 4 2 7 1 2016 2358 2341 2772
4962 4 2 7 1 1201 1401 2399 2424
4963 4 2 7 1 790 2109 747 2597
4964 4 2 7 1 1956 2137 2078 2301
4965 4 2 7 1 1958 2687 2124 2953
4966 4 2 7 1 433 2448 2106 2462
4967 4 2 7 1 2124 1958 2373 2687
4968 4 2 7 1 1973 2222 2100 2699
4969 4 2 7 1 2028 2339 2264 2410
4970 4 2 7 1 721 2514 2152 2560
4971 4 2 7 1 1561 2163 1104 2320
4972 4 2 7 1 2073 2392 2363 2707
4973 4 2 7 1 1988 2287 2216 2802
4974 4 2 7 1 2105 2331 1869 2463
4975 4 2 7 1 2069 2253 2573 2653
4976 4 2 7 1 2088 2341 2016 2358
4977 4 2 7 1 2066 2458 1640 2608
4978 4 2 7 1 766 2661 2291 2853
4979 4 2 7 1 2082 2270 2010 2766
4980 4 2 7 1 2064 2461 2434 2617
4981 4 2 7 1 2073 2363 2039 2707
4982 4 2 7 1 2142 2501 2500 2955
4983 4 2 7 1 2180 2295 2223 2660
4984 4 2 7 1 782 2073 2311 2644
4985 4 2 7 1 2587 2770 2057 2991
4986 4 2 7 1 335 333 2383 2906
4987 4 2 7 1 2057 2352 2164 2473
4988 4 2 7 1 752 2749 2423 2910
4989 4 2 7 1 2021 2077 2340 2598
4990 4 2 7 1 930 2582 2908 2930
4991 4 2 7 1 1947 2112 2251 2529
4992 4 2 7 1 2243 2681 1276 3015
4993 4 2 7 1 2172 2273 1636 2469
4994 4 2 7 1 1152 2372 1266 2857
4995 4 2 7 1 878 754 2423 2545
4996 4 2 7 1 2089 2390 2267 2515
4997 4 2 7 1 1211 2183 1212 2268
4998 4 2 7 1 2066 2608 1986 2703
4999 4 2 7 1 1977 2185 2395 2887
5000 4 2 7 1 1266 2159 2372 2516
5001 4 2 7 1 560 2309 506 2691
5002 4 2 7 1 1946 2498 2411 2711
5003 4 2 7 1 2339 2457 2060 2878
5004 4 2 7 1 2041 2375 2744 2773
5005 4 2 7 1 1646 1647 2479 2680
5006 4 2 7 1 2028 2515 2267 2543
5007 4 2 7 1 842 2241 2391 2701
5008 4 2 7 1 2108 2379 2402 2695
5009 4 2 7 1 2122 2475 2189 2780
5010 4 2 7 1 1976 2489 2144 2679
5011 4 2 7 1 1349 2107 1353 2531
5012 4 2 7 1 1117 1035 2409 3032
5013 4 2 7 1 2063 2499 2394 2655
5014 4 2 7 1 389 2156 500 2586
5015 4 2 7 1 2106 2388 1384 2962
5016 4 2 7 1 1996 2763 2475 2805
5017 4 2 7 1 839 2211 2699 2748
5018 4 2 7 1 2026 2330 2130 2376
5019 4 2 7 1 2362 2422 1766 2476
5020 4 2 7 1 2078 2137 1956 2660
5021 4 2 7 1 2039 2363 2073 2676
5022 4 2 7 1 1955 2836 2371 2869
5023 4 2 7 1 2400 2468 1939 2873
5024 4 2 7 1 1683 2392 1685 2738
5025 4 2 7 1 434 610 612 2193
5026 4 2 7 1 839 2211 969 2699
5027 4 2 7 1 799 2210 2318 2630
5028 4 2 7 1 996 995 524 2179
5029 4 2 7 1 2071 2286 2348 2940
5030 4 2 7 1 759 2085 2445 2518
5031 4 2 7 1 2040 2740 1990 3002
5032 4 2 7 1 1990 2040 2219 2740
5033 4 2 7 1 1979 2330 2047 2401
5034 4 2 7 1 2335 2336 1963 2806
5035 4 2 7 1 1953 2379 2048 2499
5036 4 2 7 1 884 2463 2234 2597
5037 4 2 7 1 403 542 2467 2588
5038 4 2 7 1 2308 2478 2086 2850
5039 4 2 7 1 2362 2476 1702 2941
5040 4 2 7 1 927 2145 2610 2787
5041 4 2 7 1 1991 2490 2253 2596
5042 4 2 7 1 571 2246 607 2451
5043 4 2 7 1 1025 2849 2146 3011
5044 4 2 7 1 2264 2339 1937 2410
5045 4 2 7 1 1596 2715 2530 3010
5046 4 2 7 1 311 2094 313 2380
5047 4 2 7 1 344 403 2467 2871
5048 4 2 7 1 2146 2849 2346 2993
5049 4 2 7 1 1989 2457 2339 2878
5050 4 2 7 1 1986 2608 2172 2703
5051 4 2 7 1 2405 2189 2622 2763
5052 4 2 7 1 2026 2376 2288 2412
5053 4 2 7 1 848 2763 783 2813
5054 4 2 7 1 2294 2457 1989 2737
5055 4 2 7 1 313 2094 314 2559
5056 4 2 7 1 1942 2360 2029 2719
5057 4 2 7 1 1957 2357 2097 3043
5058 4 2 7 1 2292 2624 2599 2705
5059 4 2 7 1 1795 1666 1664 2275
5060 4 2 7 1 2164 2587 2057 2831
5061 4 2 7 1 2028 2267 2264 2646
5062 4 2 7 1 1806 1449 1805 2778
5063 4 2 7 1 367 2348 2157 2861
5064 4 2 7 1 2211 2289 1973 2951
5065 4 2 7 1 1667 2522 1666 2698
5066 4 2 7 1 1997 2317 2295 2484
5067 4 2 7 1 2266 2581 2410 2677
5068 4 2 7 1 2294 2405 1996 2416
5069 4 2 7 1 1052 2621 2351 3032
5070 4 2 7 1 309 306 2673 2774
5071 4 2 7 1 2223 2295 2078 2660
5072 4 2 7 1 2198 2001 2483 2701
5073 4 2 7 1 2074 2344 2091 2371
5074 4 2 7 1 493 1024 2205 2611
5075 4 2 7 1 513 483 371 2071
5076 4 2 7 1 2244 2570 2229 2873
5077 4 2 7 1 1961 2343 2296 2404
5078 4 2 7 1 2191 2225 505 2970
5079 4 2 7 1 2039 2410 2266 2581
5080 4 2 7 1 354 2687 404 2953
5081 4 2 7 1 2162 2429 727 2556
5082 4 2 7 1 2244 2337 2089 2515
5083 4 2 7 1 2052 1962 2361 2535
5084 4 2 7 1 2021 2340 2077 2431
5085 4 2 7 1 1816 1857 1812 2366
5086 4 2 7 1 1956 2340 2431 2800
5087 4 2 7 1 2046 2238 2222 2562
5088 4 2 7 1 1251 2520 1423 2606
5089 4 2 7 1 2181 2513 1739 2555
5090 4 2 7 1 677 2151 1817 3009
5091 4 2 7 1 2046 2222 2238 2727
5092 4 2 7 1 2118 1954 2210 2630
5093 4 2 7 1 1949 2268 2355 2898
5094 4 2 7 1 1951 2117 2325 2417
5095 4 2 7 1 1942 2386 2541 2710
5096 4 2 7 1 1429 1417 1384 2106
5097 4 2 7 1 488 2326 2205 2404
5098 4 2 7 1 2051 425 2356 2774
5099 4 2 7 1 1968 2662 2635 2794
5100 4 2 7 1 2046 2211 2727 2951
5101 4 2 7 1 2272 2385 2096 2579
5102 4 2 7 1 1171 2090 1172 2765
5103 4 2 7 1 2041 2649 2399 2983
5104 4 2 7 1 1958 2124 2313 2953
5105 4 2 7 1 638 2165 269 2421
5106 4 2 7 1 1962 2123 2736 2797
5107 4 2 7 1 1424 1390 2480 2637
5108 4 2 7 1 2326 2491 2205 2672
5109 4 2 7 1 1653 1654 1655 2052
5110 4 2 7 1 2123 2438 1365 2554
5111 4 2 7 1 2213 2222 1973 2727
5112 4 2 7 1 2048 2014 2379 2933
5113 4 2 7 1 1978 2375 2260 2686
5114 4 2 7 1 2359 2695 2093 2933
5115 4 2 7 1 1916 1561 1762 2320
5116 4 2 7 1 2079 2471 776 2483
5117 4 2 7 1 2002 2225 2599 2629
5118 4 2 7 1 2118 2230 2003 2746
5119 4 2 7 1 2026 2412 2330 2838
5120 4 2 7 1 2188 2423 754 2545
5121 4 2 7 1 1461 2409 2075 3032
5122 4 2 7 1 1661 2596 2573 2868
5123 4 2 7 1 2041 2480 2649 2983
5124 4 2 7 1 2077 2431 2340 2800
5125 4 2 7 1 1686 1683 1685 2738
5126 4 2 7 1 2480 2880 2649 2983
5127 4 2 7 1 2036 2908 2582 2930
5128 4 2 7 1 2087 2276 1973 2412
5129 4 2 7 1 956 2602 2215 2814
5130 4 2 7 1 1989 2339 2264 2857
5131 4 2 7 1 1965 2441 2134 2548
5132 4 2 7 1 1062 1065 1086 2425
5133 4 2 7 1 1155 2089 1157 2390
5134 4 2 7 1 1945 2254 2270 2340
5135 4 2 7 1 1082 2194 1063 2425
5136 4 2 7 1 2039 2232 2266 2410
5137 4 2 7 1 1201 2773 2041 2983
5138 4 2 7 1 912 2240 913 2427
5139 4 2 7 1 1059 2276 2087 2692
5140 4 2 7 1 1218 2221 2492 2547
5141 4 2 7 1 697 2140 963 2855
5142 4 2 7 1 1713 1811 2215 2975
5143 4 2 7 1 1152 1266 1282 2857
5144 4 2 7 1 1866 1600 1870 2365
5145 4 2 7 1 1959 2461 2076 2602
5146 4 2 7 1 1852 2092 1702 2476
5147 4 2 7 1 1973 2222 2211 2748
5148 4 2 7 1 326 2077 325 2946
5149 4 2 7 1 1940 2477 2223 2500
5150 4 2 7 1 1962 2414 2123 2797
5151 4 2 7 1 1960 2390 2089 2515
5152 4 2 7 1 1990 2219 2423 2545
5153 4 2 7 1 317 2517 2093 2559
5154 4 2 7 1 1065 2087 2425 2830
5155 4 2 7 1 1066 606 298 3013
5156 4 2 7 1 2381 2932 2023 3039
5157 4 2 7 1 1915 1085 1896 2194
5158 4 2 7 1 1943 2375 2271 2619
5159 4 2 7 1 2164 2057 2587 2770
5160 4 2 7 1 774 776 775 2079
5161 4 2 7 1 1866 1870 2140 2365
5162 4 2 7 1 1980 2385 2272 2579
5163 4 2 7 1 1660 2573 2069 2868
5164 4 2 7 1 1975 2267 2627 2646
5165 4 2 7 1 1367 1256 2641 2767
5166 4 2 7 1 1995 2103 2161 2298
5167 4 2 7 1 523 2380 570 2527
5168 4 2 7 1 2150 2473 2057 2831
5169 4 2 7 1 333 2383 2142 2385
5170 4 2 7 1 2061 2488 1160 2509
5171 4 2 7 1 2018 2222 2238 2562
5172 4 2 7 1 1705 2573 2190 2612
5173 4 2 7 1 2675 2938 2184 2959
5174 4 2 7 1 1946 2104 2498 2711
5175 4 2 7 1 2266 2410 2232 2677
5176 4 2 7 1 2030 2472 2186 2822
5177 4 2 7 1 1960 2184 2581 2675
5178 4 2 7 1 1066 1041 606 3013
5179 4 2 7 1 1994 2309 2191 2997
5180 4 2 7 1 1327 1326 2163 2355
5181 4 2 7 1 374 375 2225 2286
5182 4 2 7 1 1951 2117 2275 2325
5183 4 2 7 1 695 2342 2222 2699
5184 4 2 7 1 1994 2599 2225 2629
5185 4 2 7 1 1714 2376 2130 2578
5186 4 2 7 1 2020 2496 2296 2614
5187 4 2 7 1 2072 1983 2220 2563
5188 4 2 7 1 2444 2742 2030 2768
5189 4 2 7 1 1499 2457 2159 3046
5190 4 2 7 1 1498 1526 2364 2457
5191 4 2 7 1 2051 2690 1274 2904
5192 4 2 7 1 1162 1161 2061 2989
5193 4 2 7 1 2049 2171 2354 2467
5194 4 2 7 1 1626 2449 2881 3041
5195 4 2 7 1 2081 2480 1390 2637
5196 4 2 7 1 2517 2559 613 2601
5197 4 2 7 1 909 2755 2514 2884
5198 4 2 7 1 2242 2325 2149 2761
5199 4 2 7 1 1350 2224 2212 2574
5200 4 2 7 1 1988 2213 2100 2261
5201 4 2 7 1 1355 2395 1249 2494
5202 4 2 7 1 1945 2461 2281 2617
5203 4 2 7 1 2030 2318 2186 2472
5204 4 2 7 1 352 351 2368 2783
5205 4 2 7 1 1943 2112 2375 2619
5206 4 2 7 1 2285 2422 1853 2807
5207 4 2 7 1 2112 2251 2529 2686
5208 4 2 7 1 2042 1977 2185 2544
5209 4 2 7 1 805 2661 2657 2691
5210 4 2 7 1 1325 2497 1316 2655
5211 4 2 7 1 325 2077 324 2572
5212 4 2 7 1 1660 1661 2573 2868
5213 4 2 7 1 1058 1087 1059 2289
5214 4 2 7 1 1655 2612 2052 2636
5215 4 2 7 1 2300 2389 2128 2841
5216 4 2 7 1 1946 2639 2439 2874
5217 4 2 7 1 1274 2466 2051 2904
5218 4 2 7 1 803 2296 2496 2614
5219 4 2 7 1 2018 2238 2147 2562
5220 4 2 7 1 526 525 522 2197
5221 4 2 7 1 409 534 2137 2301
5222 4 2 7 1 2074 2015 2400 2902
5223 4 2 7 1 1670 2206 1673 2819
5224 4 2 7 1 2101 1964 2477 2671
5225 4 2 7 1 1394 2143 1395 2396
5226 4 2 7 1 2021 2504 2077 2598
5227 4 2 7 1 1953 2048 2379 2933
5228 4 2 7 1 1066 1084 1041 3013
5229 4 2 7 1 1998 2102 2249 2307
5230 4 2 7 1 1953 2633 2048 2933
5231 4 2 7 1 2431 2504 324 2946
5232 4 2 7 1 1852 2273 2092 2476
5233 4 2 7 1 1945 2394 2281 2461
5234 4 2 7 1 1893 2376 1714 2578
5235 4 2 7 1 2003 2230 2118 2319
5236 4 2 7 1 1822 1824 2473 2669
5237 4 2 7 1 2271 2375 2112 2619
5238 4 2 7 1 1178 2606 2436 2948
5239 4 2 7 1 766 764 805 2661
5240 4 2 7 1 1869 2331 2105 2636
5241 4 2 7 1 2181 2513 2001 2959
5242 4 2 7 1 2262 2290 1730 2613
5243 4 2 7 1 1117 1461 2681 3032
5244 4 2 7 1 503 505 2191 2309
5245 4 2 7 1 1608 2065 2366 3030
5246 4 2 7 1 1710 2435 2214 2931
5247 4 2 7 1 601 2107 640 2724
5248 4 2 7 1 2238 2412 2026 2727
5249 4 2 7 1 1976 2113 2560 2689
5250 4 2 7 1 2029 2177 2316 2910
5251 4 2 7 1 2058 2226 2013 2435
5252 4 2 7 1 2083 2581 1960 2867
5253 4 2 7 1 912 2427 1006 2553
5254 4 2 7 1 964 888 2205 2296
5255 4 2 7 1 2035 2448 363 2462
5256 4 2 7 1 1963 2114 2238 2526
5257 4 2 7 1 315 613 2559 2601
5258 4 2 7 1 1975 2264 2267 2646
5259 4 2 7 1 1261 2167 2320 2818
5260 4 2 7 1 2040 1990 2360 3002
5261 4 2 7 1 1174 1176 2103 2606
5262 4 2 7 1 276 1520 2131 2865
5263 4 2 7 1 1936 2460 2259 2838
5264 4 2 7 1 2058 2435 2184 2915
5265 4 2 7 1 1714 2130 2376 2715
5266 4 2 7 1 405 2421 2572 2648
5267 4 2 7 1 1328 2163 1326 2268
5268 4 2 7 1 1261 2268 1213 2818
5269 4 2 7 1 708 710 709 2553
5270 4 2 7 1 2139 2399 1987 2649
5271 4 2 7 1 752 750 2749 2910
5272 4 2 7 1 1989 2419 2131 3001
5273 4 2 7 1 455 2131 620 2659
5274 4 2 7 1 1689 1869 1784 2105
5275 4 2 7 1 1588 2194 1082 2425
5276 4 2 7 1 841 2483 2241 2701
5277 4 2 7 1 786 865 2324 2532
5278 4 2 7 1 402 2121 2326 2404
5279 4 2 7 1 1959 2279 2461 2602
5280 4 2 7 1 527 657 910 2240
5281 4 2 7 1 532 409 2137 2431
5282 4 2 7 1 2146 1721 2849 2993
5283 4 2 7 1 2093 2517 317 2775
5284 4 2 7 1 2064 2279 2617 2756
5285 4 2 7 1 2293 2553 2340 2903
5286 4 2 7 1 1350 1357 1351 2574
5287 4 2 7 1 1155 1158 1157 2089
5288 4 2 7 1 1417 2106 2494 2998
5289 4 2 7 1 2042 2544 572 2638
5290 4 2 7 1 2064 2617 2487 2756
5291 4 2 7 1 370 2348 2110 2586
5292 4 2 7 1 281 2160 1341 2456
5293 4 2 7 1 2153 2328 777 2668
5294 4 2 7 1 1362 1482 1364 2190
5295 4 2 7 1 910 525 527 2240
5296 4 2 7 1 2103 2520 1174 2606
5297 4 2 7 1 2171 2549 339 2914
5298 4 2 7 1 955 1013 720 2295
5299 4 2 7 1 649 2234 884 2463
5300 4 2 7 1 2114 1963 2238 2397
5301 4 2 7 1 1104 2163 1328 2320
5302 4 2 7 1 1958 2373 2496 2647
5303 4 2 7 1 2281 2394 2063 2499
5304 4 2 7 1 1729 2266 2083 2581
5305 4 2 7 1 2012 2536 2391 2701
5306 4 2 7 1 320 2084 322 2415
5307 4 2 7 1 1880 1699 1616 2603
5308 4 2 7 1 313 2380 2094 2559
5309 4 2 7 1 1408 2357 2633 2663
5310 4 2 7 1 2134 2548 2441 2825
5311 4 2 7 1 1635 2273 1636 2616
5312 4 2 7 1 909 2514 2178 2884
5313 4 2 7 1 1988 2564 2877 2957
5314 4 2 7 1 1058 1044 2239 2276
5315 4 2 7 1 2103 2298 2006 2606
5316 4 2 7 1 2020 2343 2055 2373
5317 4 2 7 1 1065 2692 2087 2830
5318 4 2 7 1 1716 2247 2534 2785
5319 4 2 7 1 2066 1974 2839 2874
5320 4 2 7 1 2087 2376 1993 2838
5321 4 2 7 1 1705 2550 2190 2573
5322 4 2 7 1 2078 2295 1997 2317
5323 4 2 7 1 742 2199 740 2496
5324 4 2 7 1 2104 1986 2367 2703
5325 4 2 7 1 1994 2085 2445 2945
5326 4 2 7 1 2202 2310 2097 2537
5327 4 2 7 1 2163 1326 2268 2355
5328 4 2 7 1 1947 2478 2510 2966
5329 4 2 7 1 2131 2345 620 2659
5330 4 2 7 1 1957 2246 2381 2568
5331 4 2 7 1 2018 2526 2238 2762
5332 4 2 7 1 2014 2093 2263 2379
5333 4 2 7 1 871 2132 2305 2697
5334 4 2 7 1 1681 2392 2184 2600
5335 4 2 7 1 1956 2293 2137 2431
5336 4 2 7 1 1672 2283 1670 2819
5337 4 2 7 1 1960 2089 2337 2515
5338 4 2 7 1 368 2157 2348 2586
5339 4 2 7 1 1250 1349 2531 2563
5340 4 2 7 1 1653 1654 2052 2978
5341 4 2 7 1 2588 2746 2467 2871
5342 4 2 7 1 1996 2416 2622 2763
5343 4 2 7 1 1893 2194 1726 2578
5344 4 2 7 1 1327 2120 2355 2807
5345 4 2 7 1 1395 2143 1394 2934
5346 4 2 7 1 927 2472 971 2610
5347 4 2 7 1 839 689 2211 2748
5348 4 2 7 1 2056 2232 1985 2613
5349 4 2 7 1 2063 2341 2569 2893
5350 4 2 7 1 938 2444 2095 2795
5351 4 2 7 1 2088 1969 2473 2685
5352 4 2 7 1 833 2255 2181 2471
5353 4 2 7 1 2351 2692 2087 2838
5354 4 2 7 1 943 952 944 2560
5355 4 2 7 1 1344 1120 284 2200
5356 4 2 7 1 402 2121 360 2326
5357 4 2 7 1 2225 2286 2002 2599
5358 4 2 7 1 1170 1172 2090 2577
5359 4 2 7 1 1778 2155 2331 2978
5360 4 2 7 1 1983 2072 2220 2890
5361 4 2 7 1 753 2188 755 2532
5362 4 2 7 1 362 2326 360 2448
5363 4 2 7 1 894 956 2215 2814
5364 4 2 7 1 1118 1438 1487 2852
5365 4 2 7 1 2023 2381 2246 2568
5366 4 2 7 1 727 2429 2162 2908
5367 4 2 7 1 824 2100 808 2342
5368 4 2 7 1 2216 2287 2068 2802
5369 4 2 7 1 2066 2172 2608 2703
5370 4 2 7 1 824 2100 2342 2699
5371 4 2 7 1 2078 1956 2223 2660
5372 4 2 7 1 2331 2105 2636 2718
5373 4 2 7 1 2012 2206 2432 2538
5374 4 2 7 1 2051 2023 2932 3039
5375 4 2 7 1 1980 2086 2383 2955
5376 4 2 7 1 1947 2251 2302 2529
5377 4 2 7 1 2312 2519 2164 2860
5378 4 2 7 1 1958 2444 2199 2496
5379 4 2 7 1 1778 2331 2155 2721
5380 4 2 7 1 1958 2496 2199 2647
5381 4 2 7 1 956 2215 2602 2829
5382 4 2 7 1 376 505 2225 2970
5383 4 2 7 1 1417 2436 1384 2998
5384 4 2 7 1 1983 2212 2042 2591
5385 4 2 7 1 1778 2463 2331 2721
5386 4 2 7 1 2001 2604 2483 2959
5387 4 2 7 1 1666 2117 1795 2698
5388 4 2 7 1 2063 2082 2341 2893
5389 4 2 7 1 405 464 2421 2648
5390 4 2 7 1 964 1030 888 2296
5391 4 2 7 1 2136 2257 1970 2987
5392 4 2 7 1 2084 2415 1967 2434
5393 4 2 7 1 2036 2429 2138 2582
5394 4 2 7 1 2218 2010 2492 2872
5395 4 2 7 1 2600 2675 2184 2959
5396 4 2 7 1 2386 2636 2105 2718
5397 4 2 7 1 1974 2209 2610 2777
5398 4 2 7 1 1123 1895 1557 2495
5399 4 2 7 1 2087 2376 2288 2793
5400 4 2 7 1 1994 2225 2433 2629
5401 4 2 7 1 2081 2041 2744 2773
5402 4 2 7 1 2207 2002 2242 2629
5403 4 2 7 1 839 689 969 2211
5404 4 2 7 1 2261 2378 2158 2460
5405 4 2 7 1 2030 2486 2472 2822
5406 4 2 7 1 786 2532 2324 2910
5407 4 2 7 1 388 2369 2091 2958
5408 4 2 7 1 1952 2179 2734 2846
5409 4 2 7 1 2057 2352 1969 2967
5410 4 2 7 1 2077 324 2504 2946
5411 4 2 7 1 955 1013 2295 2484
5412 4 2 7 1 1204 2260 1206 2464
5413 4 2 7 1 1984 2331 2463 2721
5414 4 2 7 1 1974 2511 2199 2647
5415 4 2 7 1 1653 2052 1655 2361
5416 4 2 7 1 1980 2086 2955 3023
5417 4 2 7 1 938 2318 937 2795
5418 4 2 7 1 1727 2130 1897 2495
5419 4 2 7 1 1953 2394 2499 2655
5420 4 2 7 1 1459 1179 1181 2736
5421 4 2 7 1 1218 2492 2082 2547
5422 4 2 7 1 1939 2337 2244 2468
5423 4 2 7 1 570 2527 2380 2664
5424 4 2 7 1 2599 2624 1994 2705
5425 4 2 7 1 759 2445 2085 2945
5426 4 2 7 1 1157 2390 2089 2453
5427 4 2 7 1 2077 2798 325 2946
5428 4 2 7 1 1975 2200 2374 2627
5429 4 2 7 1 1990 2156 2586 2837
5430 4 2 7 1 2018 2147 2238 2526
5431 4 2 7 1 1261 2320 2268 2818
5432 4 2 7 1 2391 2536 957 2701
5433 4 2 7 1 1716 2580 2247 2785
5434 4 2 7 1 314 313 311 2094
5435 4 2 7 1 2313 2368 2027 2783
5436 4 2 7 1 1152 2372 2857 2977
5437 4 2 7 1 2206 2656 2538 2919
5438 4 2 7 1 2022 2242 2207 2403
5439 4 2 7 1 1834 1835 2113 2505
5440 4 2 7 1 1152 1282 2284 2857
5441 4 2 7 1 1023 799 2210 2318
5442 4 2 7 1 1936 2238 2213 2412
5443 4 2 7 1 2000 2216 2158 2460
5444 4 2 7 1 2070 1975 2374 2646
5445 4 2 7 1 624 472 1133 2272
5446 4 2 7 1 799 2630 941 2757
5447 4 2 7 1 937 2318 2210 2795
5448 4 2 7 1 1323 2096 1133 2979
5449 4 2 7 1 1647 2479 2680 2834
5450 4 2 7 1 1993 2376 2194 2578
5451 4 2 7 1 1951 2325 2275 2490
5452 4 2 7 1 2117 2275 1795 2533
5453 4 2 7 1 1454 1333 2136 2332
5454 4 2 7 1 1689 1869 2105 2636
5455 4 2 7 1 640 2107 601 3048
5456 4 2 7 1 2264 2267 2028 2515
5457 4 2 7 1 1206 2067 2464 2716
5458 4 2 7 1 311 2094 2380 2846
5459 4 2 7 1 2061 2453 1160 2488
5460 4 2 7 1 1723 2361 1655 2612
5461 4 2 7 1 2205 2672 2040 2749
5462 4 2 7 1 2131 2250 1996 2659
5463 4 2 7 1 705 2076 704 2735
5464 4 2 7 1 2051 2023 2592 2932
5465 4 2 7 1 1937 2116 2481 2570
5466 4 2 7 1 2208 2519 2167 2770
5467 4 2 7 1 1806 2214 1449 2778
5468 4 2 7 1 1519 2146 684 2447
5469 4 2 7 1 1792 1679 2132 2868
5470 4 2 7 1 2131 2419 2250 3001
5471 4 2 7 1 2263 2379 2093 2402
5472 4 2 7 1 1171 1170 2090 2936
5473 4 2 7 1 2100 2222 2213 2342
5474 4 2 7 1 1472 1568 1362 2190
5475 4 2 7 1 2051 2592 2023 2774
5476 4 2 7 1 2016 2312 2256 2341
5477 4 2 7 1 1133 2096 1324 2272
5478 4 2 7 1 1978 2362 2092 2476
5479 4 2 7 1 1836 1834 1835 2113
5480 4 2 7 1 1966 2072 2531 2845
5481 4 2 7 1 2023 2269 2068 2791
5482 4 2 7 1 2020 2296 2343 2404
5483 4 2 7 1 938 2607 2444 2795
5484 4 2 7 1 1948 2520 2103 2623
5485 4 2 7 1 1086 2425 2087 2793
5486 4 2 7 1 1593 2650 2530 2951
5487 4 2 7 1 2302 2529 2251 2686
5488 4 2 7 1 2256 2312 1950 2341
5489 4 2 7 1 2340 2434 2064 2553
5490 4 2 7 1 513 2071 2348 2413
5491 4 2 7 1 709 2553 710 2903
5492 4 2 7 1 1974 2647 2567 2732
5493 4 2 7 1 2414 2736 2123 2797
5494 4 2 7 1 324 2077 326 2946
5495 4 2 7 1 334 2142 333 2906
5496 4 2 7 1 2063 2499 2440 2772
5497 4 2 7 1 2095 2210 1954 2318
5498 4 2 7 1 1914 1762 1561 2320
5499 4 2 7 1 2227 2800 2301 2946
5500 4 2 7 1 1201 1202 2424 2773
5501 4 2 7 1 2107 2724 1349 2725
5502 4 2 7 1 1395 1271 2143 2403
5503 4 2 7 1 1993 2351 2087 2838
5504 4 2 7 1 484 591 2098 2502
5505 4 2 7 1 1324 2272 2096 2751
5506 4 2 7 1 2211 2222 1973 2699
5507 4 2 7 1 2398 2055 2732 2832
5508 4 2 7 1 2120 1853 2422 2807
5509 4 2 7 1 1976 2057 2489 2679
5510 4 2 7 1 1982 2171 2354 2744
5511 4 2 7 1 782 2311 2073 2694
5512 4 2 7 1 1204 1206 1205 2464
5513 4 2 7 1 2000 2621 2133 2891
5514 4 2 7 1 1373 1798 2127 2809
5515 4 2 7 1 1231 1228 1241 2357
5516 4 2 7 1 2283 2916 1774 2934
5517 4 2 7 1 2082 2010 2497 2766
5518 4 2 7 1 2066 2608 1640 2811
5519 4 2 7 1 2366 2625 2111 3030
5520 4 2 7 1 1812 2366 2215 3009
5521 4 2 7 1 488 2205 487 2404
5522 4 2 7 1 2106 2436 2006 2452
5523 4 2 7 1 2072 1983 2563 2845
5524 4 2 7 1 782 814 2073 2644
5525 4 2 7 1 520 996 524 2527
5526 4 2 7 1 1964 2101 2643 2671
5527 4 2 7 1 2639 2703 2485 2982
5528 4 2 7 1 2067 2251 2841 2942
5529 4 2 7 1 956 2407 705 2602
5530 4 2 7 1 1125 1845 2175 2580
5531 4 2 7 1 2070 2937 2250 3001
5532 4 2 7 1 339 340 2171 2914
5533 4 2 7 1 1317 2218 2421 2492
5534 4 2 7 1 1174 2103 1176 2948
5535 4 2 7 1 1212 2579 2751 2818
5536 4 2 7 1 2077 2504 2431 2946
5537 4 2 7 1 472 564 407 2722
5538 4 2 7 1 2410 2581 2083 2677
5539 4 2 7 1 1764 1104 1561 2163
5540 4 2 7 1 1762 1697 1854 2320
5541 4 2 7 1 1991 2325 2242 2761
5542 4 2 7 1 1171 2090 2403 2936
5543 4 2 7 1 1818 2151 2420 2455
5544 4 2 7 1 1820 2455 2420 2603
5545 4 2 7 1 503 505 2309 2997
5546 4 2 7 1 2023 2051 2774 3039
5547 4 2 7 1 1937 2053 2481 2805
5548 4 2 7 1 1081 1092 2743 2957
5549 4 2 7 1 1512 2294 2131 2737
5550 4 2 7 1 2040 2205 2491 2672
5551 4 2 7 1 2008 2297 2406 2528
5552 4 2 7 1 2120 2422 2285 2807
5553 4 2 7 1 1275 1401 2092 2399
5554 4 2 7 1 2070 2642 438 2937
5555 4 2 7 1 884 2324 2463 2597
5556 4 2 7 1 2408 2665 429 3047
5557 4 2 7 1 2562 2788 2147 2855
5558 4 2 7 1 1451 2136 2551 2634
5559 4 2 7 1 1965 2441 2175 2825
5560 4 2 7 1 938 2095 1026 2318
5561 4 2 7 1 1178 1180 2161 2436
5562 4 2 7 1 1998 2141 2639 2895
5563 4 2 7 1 2055 2020 2496 2626
5564 4 2 7 1 1945 2270 2254 2341
5565 4 2 7 1 777 2328 2153 2471
5566 4 2 7 1 749 2910 2597 2927
5567 4 2 7 1 2052 2535 2361 2978
5568 4 2 7 1 2068 1988 2236 2802
5569 4 2 7 1 2022 2403 2207 2729
5570 4 2 7 1 1646 2479 2370 2680
5571 4 2 7 1 1395 2143 1271 2396
5572 4 2 7 1 437 2051 2356 2466
5573 4 2 7 1 846 2189 816 2475
5574 4 2 7 1 2109 790 2398 2597
5575 4 2 7 1 649 873 1783 2463
5576 4 2 7 1 1812 1713 1811 2215
5577 4 2 7 1 1564 1930 1809 2182
5578 4 2 7 1 779 2153 777 2668
5579 4 2 7 1 1502 2294 1512 2737
5580 4 2 7 1 777 774 2328 2471
5581 4 2 7 1 1870 1595 1593 2365
5582 4 2 7 1 1988 2100 2342 2877
5583 4 2 7 1 2111 2625 2366 2939
5584 4 2 7 1 2047 1979 2401 2537
5585 4 2 7 1 1638 1640 2458 2608
5586 4 2 7 1 1986 2486 2066 2703
5587 4 2 7 1 995 2426 2179 2965
5588 4 2 7 1 2058 2435 2013 2938
5589 4 2 7 1 895 894 956 2215
5590 4 2 7 1 716 2660 795 3029
5591 4 2 7 1 1104 1327 2163 2807
5592 4 2 7 1 2003 2354 2171 2467
5593 4 2 7 1 370 368 2348 2586
5594 4 2 7 1 824 2342 695 2699
5595 4 2 7 1 1620 2164 1618 2473
5596 4 2 7 1 542 2467 2118 2757
5597 4 2 7 1 709 2487 2064 2903
5598 4 2 7 1 2021 2434 2340 2553
5599 4 2 7 1 2151 2215 1959 2939
5600 4 2 7 1 872 2518 2709 3024
5601 4 2 7 1 1461 2075 2681 3032
5602 4 2 7 1 1621 1854 1697 2519
5603 4 2 7 1 1995 2161 2103 2948
5604 4 2 7 1 2283 1774 2730 2934
5605 4 2 7 1 1729 2266 1728 2290
5606 4 2 7 1 1954 2210 2095 2327
5607 4 2 7 1 1954 2498 2742 2822
5608 4 2 7 1 1819 1820 2420 2603
5609 4 2 7 1 1893 1726 1714 2376
5610 4 2 7 1 2181 2255 833 2995
5611 4 2 7 1 2109 747 2597 2927
5612 4 2 7 1 1472 1568 2190 2628
5613 4 2 7 1 1051 1052 2378 3018
5614 4 2 7 1 2059 1997 2484 2571
5615 4 2 7 1 2019 2639 2485 2982
5616 4 2 7 1 2227 2477 2301 2800
5617 4 2 7 1 2041 2338 2081 2744
5618 4 2 7 1 2141 2370 1644 2479
5619 4 2 7 1 2128 1980 2389 2955
5620 4 2 7 1 2239 2276 1044 2760
5621 4 2 7 1 2093 2695 2379 2933
5622 4 2 7 1 2211 2239 1973 2289
5623 4 2 7 1 735 2186 734 2318
5624 4 2 7 1 500 2586 2156 2837
5625 4 2 7 1 2089 2515 2267 2952
5626 4 2 7 1 1975 2070 2264 2646
5627 4 2 7 1 1790 2132 1679 2525
5628 4 2 7 1 2019 2439 2393 2485
5629 4 2 7 1 2442 2806 2054 2875
5630 4 2 7 1 1857 2939 1701 3030
5631 4 2 7 1 581 276 620 2131
5632 4 2 7 1 2058 2184 2938 2959
5633 4 2 7 1 457 1145 1143 2203
5634 4 2 7 1 696 2342 2566 2808
5635 4 2 7 1 2054 2407 2282 2835
5636 4 2 7 1 1958 2444 2192 2953
5637 4 2 7 1 1940 2223 2477 3037
5638 4 2 7 1 2081 2338 2322 2744
5639 4 2 7 1 2041 2375 2260 2424
5640 4 2 7 1 2001 2483 2241 2555
5641 4 2 7 1 1622 2679 2587 2831
5642 4 2 7 1 2415 2664 567 2775
5643 4 2 7 1 2063 2201 2440 2499
5644 4 2 7 1 490 2614 2192 2687
5645 4 2 7 1 1344 2200 516 2456
5646 4 2 7 1 1990 2586 2219 2837
5647 4 2 7 1 1996 2475 2258 2805
5648 4 2 7 1 2352 2057 2770 2991
5649 4 2 7 1 1619 2164 1620 2587
5650 4 2 7 1 523 2380 2179 2846
5651 4 2 7 1 1975 2264 2437 2570
5652 4 2 7 1 2173 2174 1971 2408
5653 4 2 7 1 2106 2452 2006 2462
5654 4 2 7 1 2684 2744 2375 2773
5655 4 2 7 1 1974 2066 2511 2874
5656 4 2 7 1 1713 2215 1812 2366
5657 4 2 7 1 2117 2417 1951 2988
5658 4 2 7 1 2164 2352 2057 2770
5659 4 2 7 1 2096 2389 2034 2671
5660 4 2 7 1 1004 2444 2192 2496
5661 4 2 7 1 2158 2216 2000 2759
5662 4 2 7 1 1667 2698 1668 2730
5663 4 2 7 1 735 2472 2318 2768
5664 4 2 7 1 1277 1478 2424 2941
5665 4 2 7 1 2567 2647 2199 2832
5666 4 2 7 1 2070 2642 2937 3001
5667 4 2 7 1 2083 2290 2266 3007
5668 4 2 7 1 656 587 889 2614
5669 4 2 7 1 1352 1190 1253 2563
5670 4 2 7 1 1962 2361 2127 2438
5671 4 2 7 1 542 2503 2467 2757
5672 4 2 7 1 1441 1298 2516 2688
5673 4 2 7 1 1702 2092 1852 2941
5674 4 2 7 1 2056 1985 2314 2613
5675 4 2 7 1 2266 2613 2232 2738
5676 4 2 7 1 1960 2675 2116 2938
5677 4 2 7 1 844 2475 2122 2780
5678 4 2 7 1 2054 2335 2009 2407
5679 4 2 7 1 1980 2128 2389 2841
5680 4 2 7 1 1096 2194 1067 2409
5681 4 2 7 1 677 2151 899 2420
5682 4 2 7 1 488 579 487 2326
5683 4 2 7 1 1707 1774 2283 2916
5684 4 2 7 1 553 2795 550 2992
5685 4 2 7 1 1644 2370 2141 2576
5686 4 2 7 1 506 2309 2191 2691
5687 4 2 7 1 2067 2251 2302 2841
5688 4 2 7 1 524 290 576 2179
5689 4 2 7 1 1976 2489 2057 2726
5690 4 2 7 1 335 334 333 2906
5691 4 2 7 1 2211 2239 969 2699
5692 4 2 7 1 2089 2267 1155 2627
5693 4 2 7 1 2053 2437 2264 2570
5694 4 2 7 1 1472 1362 1364 2190
5695 4 2 7 1 2032 2161 2123 2736
5696 4 2 7 1 2297 2282 2696 3026
5697 4 2 7 1 1950 2167 2547 2643
5698 4 2 7 1 2052 2636 2331 2978
5699 4 2 7 1 573 2308 546 2571
5700 4 2 7 1 1323 1133 622 2979
5701 4 2 7 1 783 2763 2311 2813
5702 4 2 7 1 2230 2354 1943 2418
5703 4 2 7 1 2059 2484 1997 2683
5704 4 2 7 1 956 895 2215 2829
5705 4 2 7 1 1798 2127 1935 2554
5706 4 2 7 1 1792 1679 1790 2132
5707 4 2 7 1 1172 2520 2090 2577
5708 4 2 7 1 1818 2420 1820 2455
5709 4 2 7 1 1458 2403 2143 2729
5710 4 2 7 1 1206 2464 2067 2921
5711 4 2 7 1 413 479 2299 2922
5712 4 2 7 1 2112 1978 2619 2733
5713 4 2 7 1 1951 2417 2325 2897
5714 4 2 7 1 1725 2376 1741 2793
5715 4 2 7 1 2485 2641 2393 2982
5716 4 2 7 1 1994 2309 2156 2945
5717 4 2 7 1 1950 2329 2167 2643
5718 4 2 7 1 1151 2267 1156 2543
5719 4 2 7 1 2070 2374 1975 2437
5720 4 2 7 1 2030 2511 2199 2610
5721 4 2 7 1 2123 2161 2032 2541
5722 4 2 7 1 439 2374 2070 2437
5723 4 2 7 1 848 2763 2813 2886
5724 4 2 7 1 1282 2821 2284 2857
5725 4 2 7 1 1091 1448 1040 2194
5726 4 2 7 1 2102 2373 1944 2591
5727 4 2 7 1 697 2335 2147 2875
5728 4 2 7 1 2480 2139 2880 2983
5729 4 2 7 1 2167 2329 2221 2643
5730 4 2 7 1 1472 2190 1364 2628
5731 4 2 7 1 2174 2665 2408 3047
5732 4 2 7 1 2122 1996 2475 2859
5733 4 2 7 1 2023 2774 2246 3039
5734 4 2 7 1 2440 2499 1965 2772
5735 4 2 7 1 2072 2531 2107 2563
5736 4 2 7 1 2107 2563 1983 2845
5737 4 2 7 1 1995 2190 2573 2612
5738 4 2 7 1 2063 2394 2281 2766
5739 4 2 7 1 735 2186 2318 2472
5740 4 2 7 1 1064 1058 2239 2289
5741 4 2 7 1 2167 2519 2011 2770
5742 4 2 7 1 322 2415 2084 2504
5743 4 2 7 1 2023 2068 2269 2673
5744 4 2 7 1 2096 2385 2034 2389
5745 4 2 7 1 2126 2573 1773 2596
5746 4 2 7 1 802 705 2279 2602
5747 4 2 7 1 2297 2625 2282 3026
5748 4 2 7 1 1796 2391 2117 2731
5749 4 2 7 1 1982 2315 2171 2744
5750 4 2 7 1 1657 2196 2573 2612
5751 4 2 7 1 2110 2348 2286 2940
5752 4 2 7 1 2058 2468 1939 2604
5753 4 2 7 1 2137 2301 534 2771
5754 4 2 7 1 1684 2392 1681 2600
5755 4 2 7 1 2546 2909 2146 2996
5756 4 2 7 1 1957 2097 2310 2537
5757 4 2 7 1 2210 2318 2095 2795
5758 4 2 7 1 1939 2248 2350 2604
5759 4 2 7 1 2052 2123 2541 2612
5760 4 2 7 1 321 322 320 2084
5761 4 2 7 1 1792 2132 2533 2868
5762 4 2 7 1 2072 2393 2439 2485
5763 4 2 7 1 1515 2146 1514 2658
5764 4 2 7 1 613 556 2517 2663
5765 4 2 7 1 2265 2409 2075 3015
5766 4 2 7 1 1327 2120 1260 2355
5767 4 2 7 1 2211 1973 2727 2951
5768 4 2 7 1 321 2084 320 2775
5769 4 2 7 1 2073 814 2346 2644
5770 4 2 7 1 1953 2695 2359 2933
5771 4 2 7 1 1092 2261 1077 2378
5772 4 2 7 1 2132 1679 2525 2868
5773 4 2 7 1 2082 2063 2341 2766
5774 4 2 7 1 656 890 2192 2614
5775 4 2 7 1 1232 2528 2097 2964
5776 4 2 7 1 1233 2097 1232 3043
5777 4 2 7 1 1957 2097 2303 3043
5778 4 2 7 1 2008 2115 2202 2828
5779 4 2 7 1 2061 1161 2453 2634
5780 4 2 7 1 1024 993 2205 2611
5781 4 2 7 1 2333 2894 2500 3034
5782 4 2 7 1 484 417 379 2278
5783 4 2 7 1 1621 1854 2519 2885
5784 4 2 7 1 1987 2092 2399 2523
5785 4 2 7 1 2149 2599 2292 2624
5786 4 2 7 1 688 1583 1591 2211
5787 4 2 7 1 1632 2166 1630 2443
5788 4 2 7 1 2206 2283 2038 2779
5789 4 2 7 1 1081 2261 1092 2957
5790 4 2 7 1 884 2463 2324 2674
5791 4 2 7 1 1962 2052 2361 2414
5792 4 2 7 1 2007 2074 2244 2474
5793 4 2 7 1 904 906 2446 2702
5794 4 2 7 1 2167 2221 2547 2643
5795 4 2 7 1 2069 2573 2196 2653
5796 4 2 7 1 1583 688 678 2211
5797 4 2 7 1 503 2191 506 2309
5798 4 2 7 1 361 2448 360 2544
5799 4 2 7 1 1646 1645 1644 2479
5800 4 2 7 1 1944 2249 2102 2307
5801 4 2 7 1 1728 2290 2266 2613
5802 4 2 7 1 1956 2800 2431 2946
5803 4 2 7 1 1630 2505 2166 2881
5804 4 2 7 1 2254 2341 2088 2358
5805 4 2 7 1 2139 2711 2072 2741
5806 4 2 7 1 1052 1054 2378 2621
5807 4 2 7 1 648 2309 560 2691
5808 4 2 7 1 2076 2334 2279 2461
5809 4 2 7 1 1961 2326 2205 2672
5810 4 2 7 1 1989 2284 2264 3001
5811 4 2 7 1 1975 2267 2264 2515
5812 4 2 7 1 2164 2352 1969 2473
5813 4 2 7 1 1818 2151 1817 2420
5814 4 2 7 1 1171 2540 2090 2765
5815 4 2 7 1 2072 2485 2439 2711
5816 4 2 7 1 1390 2081 1404 2480
5817 4 2 7 1 1325 1316 2165 2655
5818 4 2 7 1 1935 2127 1722 2554
5819 4 2 7 1 2201 2406 2048 2633
5820 4 2 7 1 465 405 464 2421
5821 4 2 7 1 1325 2655 2165 2944
5822 4 2 7 1 1092 1070 1081 2743
5823 4 2 7 1 955 2317 1013 2484
5824 4 2 7 1 591 280 1129 2502
5825 4 2 7 1 1353 2107 1349 2725
5826 4 2 7 1 1162 2061 2509 2989
5827 4 2 7 1 1974 2610 2511 2777
5828 4 2 7 1 2194 2376 1993 2425
5829 4 2 7 1 430 2408 429 3047
5830 4 2 7 1 424 437 425 2356
5831 4 2 7 1 2232 2410 2339 2677
5832 4 2 7 1 1000 495 264 2219
5833 4 2 7 1 1819 1820 1818 2420
5834 4 2 7 1 2251 2510 2508 2640
5835 4 2 7 1 1938 2297 2282 2696
5836 4 2 7 1 905 904 906 2446
5837 4 2 7 1 311 2094 2846 2851
5838 4 2 7 1 1973 2289 2288 2951
5839 4 2 7 1 1624 2144 1622 2679
5840 4 2 7 1 1945 2434 2394 2461
5841 4 2 7 1 1340 1336 2502 2577
5842 4 2 7 1 2053 2264 2250 2419
5843 4 2 7 1 1950 2208 2167 2770
5844 4 2 7 1 2095 2318 1954 2742
5845 4 2 7 1 1961 2121 2552 2882
5846 4 2 7 1 2553 2789 2240 2812
5847 4 2 7 1 1218 2221 1320 2492
5848 4 2 7 1 1461 1435 1117 2681
5849 4 2 7 1 1998 2639 2182 2895
5850 4 2 7 1 1603 2384 2115 2833
5851 4 2 7 1 2143 2396 1879 2522
5852 4 2 7 1 374 2286 2225 2565
5853 4 2 7 1 1725 2289 2288 2793
5854 4 2 7 1 1034 2158 1083 2450
5855 4 2 7 1 2546 2658 2146 2909
5856 4 2 7 1 1407 2509 1338 2923
5857 4 2 7 1 2351 2378 1052 3018
5858 4 2 7 1 1944 2373 2102 2647
5859 4 2 7 1 1983 2224 2107 2368
5860 4 2 7 1 1353 2531 2107 2725
5861 4 2 7 1 1975 2267 2515 2952
5862 4 2 7 1 1277 2424 2362 2941
5863 4 2 7 1 2130 2330 1993 2376
5864 4 2 7 1 1184 2395 2204 2494
5865 4 2 7 1 1171 2403 2090 2540
5866 4 2 7 1 2322 2744 2049 2926
5867 4 2 7 1 2075 2409 1461 3015
5868 4 2 7 1 702 2493 700 2875
5869 4 2 7 1 645 432 2185 2595
5870 4 2 7 1 1277 1478 1401 2424
5871 4 2 7 1 1951 2148 2417 2897
5872 4 2 7 1 1337 1407 1338 2923
5873 4 2 7 1 2106 2494 1977 2595
5874 4 2 7 1 1961 2343 2121 2882
5875 4 2 7 1 952 2080 725 2556
5876 4 2 7 1 747 2109 2626 2927
5877 4 2 7 1 727 2429 962 2556
5878 4 2 7 1 2039 2392 2184 2581
5879 4 2 7 1 1986 2472 2486 2822
5880 4 2 7 1 1957 2999 2357 3043
5881 4 2 7 1 1940 2300 2991 3016
5882 4 2 7 1 1638 2458 2172 2608
5883 4 2 7 1 2116 2468 2400 2873
5884 4 2 7 1 1511 1548 2968 2996
5885 4 2 7 1 854 2073 2346 2801
5886 4 2 7 1 2215 2366 1959 2939
5887 4 2 7 1 1998 2182 2439 2521
5888 4 2 7 1 723 725 2080 2723
5889 4 2 7 1 1629 2166 1631 2422
5890 4 2 7 1 285 918 679 2304
5891 4 2 7 1 1026 2318 2095 2768
5892 4 2 7 1 725 952 723 2080
5893 4 2 7 1 2113 2449 2062 2505
5894 4 2 7 1 2161 2436 1180 2998
5895 4 2 7 1 1231 2528 2357 3043
5896 4 2 7 1 2059 2349 2304 2799
5897 4 2 7 1 2104 2486 1986 2703
5898 4 2 7 1 2118 2003 2467 2746
5899 4 2 7 1 1969 2088 2473 2782
5900 4 2 7 1 1819 2420 2176 2603
5901 4 2 7 1 1395 1271 1460 2396
5902 4 2 7 1 483 416 2286 2323
5903 4 2 7 1 2115 2384 1603 2524
5904 4 2 7 1 1015 796 920 2799
5905 4 2 7 1 1403 2256 2208 2547
5906 4 2 7 1 734 2318 2186 2630
5907 4 2 7 1 409 534 532 2137
5908 4 2 7 1 601 2224 414 2584
5909 4 2 7 1 1266 1296 2159 2516
5910 4 2 7 1 2267 2390 1156 2543
5911 4 2 7 1 2253 2103 2520 2765
5912 4 2 7 1 1513 2546 1539 2658
5913 4 2 7 1 1937 2363 2232 2676
5914 4 2 7 1 1988 2261 2158 2460
5915 4 2 7 1 1978 2067 2464 2942
5916 4 2 7 1 2093 2380 2263 2664
5917 4 2 7 1 2170 2507 2432 2538
5918 4 2 7 1 2087 2351 1993 2830
5919 4 2 7 1 2101 2254 2557 2800
5920 4 2 7 1 574 389 500 2586
5921 4 2 7 1 2106 1977 2448 2595
5922 4 2 7 1 1634 1636 2273 2469
5923 4 2 7 1 2073 2644 2346 2909
5924 4 2 7 1 2140 2335 963 2387
5925 4 2 7 1 2197 2240 1967 2415
5926 4 2 7 1 1993 2075 2351 2838
5927 4 2 7 1 2082 1964 2270 2643
5928 4 2 7 1 1324 2579 2272 2751
5929 4 2 7 1 801 2444 938 2607
5930 4 2 7 1 2331 2636 1654 2978
5931 4 2 7 1 756 2188 754 2545
5932 4 2 7 1 905 2150 2446 2755
5933 4 2 7 1 2166 2271 1978 2619
5934 4 2 7 1 2061 2482 2866 2869
5935 4 2 7 1 2008 2534 2115 2828
5936 4 2 7 1 771 2483 2198 2632
5937 4 2 7 1 806 2632 2274 3006
5938 4 2 7 1 2214 2778 2551 2931
5939 4 2 7 1 1967 2434 2415 2812
5940 4 2 7 1 2214 2435 2013 2931
5941 4 2 7 1 1915 1448 1091 2194
5942 4 2 7 1 2101 2341 2270 2643
5943 4 2 7 1 1970 2283 2206 2779
5944 4 2 7 1 774 2328 2079 2632
5945 4 2 7 1 1341 1409 2456 3014
5946 4 2 7 1 2067 2667 2302 3023
5947 4 2 7 1 1988 2158 2261 2957
5948 4 2 7 1 1057 1055 2378 2450
5949 4 2 7 1 1251 1174 2520 2606
5950 4 2 7 1 2150 905 2446 2669
5951 4 2 7 1 2102 2411 2511 2647
5952 4 2 7 1 2254 2341 2101 2685
5953 4 2 7 1 1998 2439 2874 2890
5954 4 2 7 1 2182 2019 2439 2521
5955 4 2 7 1 2144 2449 1976 2679
5956 4 2 7 1 586 403 542 2467
5957 4 2 7 1 1940 2991 2329 3016
5958 4 2 7 1 1245 1424 1390 2480
5959 4 2 7 1 1966 2711 2072 2845
5960 4 2 7 1 2129 2302 2667 3023
5961 4 2 7 1 276 581 608 2865
5962 4 2 7 1 271 472 624 2272
5963 4 2 7 1 2014 2357 2193 2663
5964 4 2 7 1 2048 2406 2297 2528
5965 4 2 7 1 1628 1835 2505 2881
5966 4 2 7 1 1947 2508 2251 2510
5967 4 2 7 1 1938 2282 2108 2402
5968 4 2 7 1 1026 2095 2444 2768
5969 4 2 7 1 2032 2736 2414 2797
5970 4 2 7 1 2374 2642 2070 3045
5971 4 2 7 1 2073 2233 2676 2909
5972 4 2 7 1 388 2651 2369 2958
5973 4 2 7 1 584 550 2327 2992
5974 4 2 7 1 361 362 360 2448
5975 4 2 7 1 2180 2223 1956 2660
5976 4 2 7 1 1992 2196 2710 2842
5977 4 2 7 1 577 2313 354 2953
5978 4 2 7 1 2585 2671 2096 2722
5979 4 2 7 1 503 505 506 2191
5980 4 2 7 1 1949 2355 2120 2807
5981 4 2 7 1 1632 2166 2443 3017
5982 4 2 7 1 2100 1988 2261 2957
5983 4 2 7 1 2038 2432 2206 2779
5984 4 2 7 1 1974 2141 2249 2370
5985 4 2 7 1 321 2359 2084 2775
5986 4 2 7 1 2012 2206 2538 2919
5987 4 2 7 1 1948 2103 2253 2899
5988 4 2 7 1 2165 2421 2010 2497
5989 4 2 7 1 2117 1951 2275 2533
5990 4 2 7 1 610 2193 434 2451
5991 4 2 7 1 1951 2624 2148 2897
5992 4 2 7 1 1614 2506 2088 2860
5993 4 2 7 1 2144 2587 1622 2679
5994 4 2 7 1 2161 2606 2103 2948
5995 4 2 7 1 1804 2396 2143 2934
5996 4 2 7 1 2410 2543 2028 2677
5997 4 2 7 1 1013 2317 923 2484
5998 4 2 7 1 2214 2013 2778 2931
5999 4 2 7 1 848 2475 2763 2886
6000 4 2 7 1 1477 2092 1401 2941
6001 4 2 7 1 1997 2333 2500 3034
6002 4 2 7 1 508 2185 1354 2595
6003 4 2 7 1 2073 2346 2233 2909
6004 4 2 7 1 1364 2190 1252 2628
6005 4 2 7 1 1962 2127 2361 2594
6006 4 2 7 1 1155 1158 2089 2627
6007 4 2 7 1 2063 2569 2341 2772
6008 4 2 7 1 2123 2554 1365 2628
6009 4 2 7 1 2048 2297 2406 2499
6010 4 2 7 1 723 794 721 2723
6011 4 2 7 1 2065 2441 1607 2539
6012 4 2 7 1 1211 1209 2183 2355
6013 4 2 7 1 2207 2729 2403 2936
6014 4 2 7 1 2673 2774 307 2851
6015 4 2 7 1 1331 2208 2167 2547
6016 4 2 7 1 2058 2600 2184 2959
6017 4 2 7 1 2380 2734 2179 2846
6018 4 2 7 1 435 2216 454 2558
6019 4 2 7 1 2241 2483 841 2555
6020 4 2 7 1 1120 2200 1346 2374
6021 4 2 7 1 2048 2528 2297 2739
6022 4 2 7 1 1973 2288 2087 2412
6023 4 2 7 1 2202 2336 1938 2382
6024 4 2 7 1 1976 2560 2178 2689
6025 4 2 7 1 2235 2278 2098 2917
6026 4 2 7 1 1511 1549 2622 2780
6027 4 2 7 1 417 2098 484 2583
6028 4 2 7 1 1956 2301 2800 2946
6029 4 2 7 1 577 354 404 2953
6030 4 2 7 1 1713 2366 2524 2975
6031 4 2 7 1 938 1026 2095 2444
6032 4 2 7 1 794 2560 721 2723
6033 4 2 7 1 1477 1275 1401 2092
6034 4 2 7 1 1778 1650 2155 2978
6035 4 2 7 1 1564 1930 2182 2767
6036 4 2 7 1 2647 2732 1944 2817
6037 4 2 7 1 1303 1067 2194 2409
6038 4 2 7 1 1987 2485 2367 2703
6039 4 2 7 1 2023 2568 2269 2791
6040 4 2 7 1 882 2398 790 2597
6041 4 2 7 1 2207 2502 2098 2913
6042 4 2 7 1 1968 2454 2274 2994
6043 4 2 7 1 2340 2557 2254 2800
6044 4 2 7 1 1970 2206 2432 2779
6045 4 2 7 1 2112 2375 1978 2686
6046 4 2 7 1 2061 1161 2634 2989
6047 4 2 7 1 2195 2370 1974 2732
6048 4 2 7 1 2093 2517 2359 2933
6049 4 2 7 1 824 808 695 2342
6050 4 2 7 1 2250 2264 2053 2437
6051 4 2 7 1 936 283 664 2210
6052 4 2 7 1 276 608 1520 2865
6053 4 2 7 1 2088 2603 2473 2782
6054 4 2 7 1 366 364 365 2462
6055 4 2 7 1 1354 2185 508 2574
6056 4 2 7 1 1977 2353 2204 2797
6057 4 2 7 1 780 2311 2694 2813
6058 4 2 7 1 314 2559 2094 2601
6059 4 2 7 1 2078 2317 1997 2333
6060 4 2 7 1 2062 2881 2449 3041
6061 4 2 7 1 1951 2325 2149 2897
6062 4 2 7 1 2268 2320 2167 2818
6063 4 2 7 1 2077 2572 325 2798
6064 4 2 7 1 2127 2438 1254 2615
6065 4 2 7 1 2108 2297 1938 2379
6066 4 2 7 1 1275 2399 2092 2523
6067 4 2 7 1 700 702 2407 2493
6068 4 2 7 1 782 2073 854 2694
6069 4 2 7 1 1268 2372 2290 2516
6070 4 2 7 1 2123 2438 1962 2736
6071 4 2 7 1 1988 2743 2158 2957
6072 4 2 7 1 720 722 2152 2484
6073 4 2 7 1 1005 708 2334 2553
6074 4 2 7 1 1303 1445 1067 2409
6075 4 2 7 1 2155 2228 2017 2758
6076 4 2 7 1 576 2179 290 2426
6077 4 2 7 1 1995 2190 2550 2573
6078 4 2 7 1 1958 2192 2444 2496
6079 4 2 7 1 2142 2308 334 2571
6080 4 2 7 1 2444 2607 2095 2795
6081 4 2 7 1 1967 2334 2076 2461
6082 4 2 7 1 434 2193 427 2451
6083 4 2 7 1 309 2216 308 2356
6084 4 2 7 1 1983 2512 2072 2890
6085 4 2 7 1 2054 2336 2335 2806
6086 4 2 7 1 2032 2123 2414 2736
6087 4 2 7 1 916 289 2197 2527
6088 4 2 7 1 2092 2271 2041 2424
6089 4 2 7 1 1966 2322 2081 2338
6090 4 2 7 1 1941 2149 2242 2325
6091 4 2 7 1 2057 2679 1976 2726
6092 4 2 7 1 2130 2330 2026 3049
6093 4 2 7 1 572 643 2185 2574
6094 4 2 7 1 1152 2857 2284 2977
6095 4 2 7 1 2072 1966 2531 2741
6096 4 2 7 1 936 1021 940 2210
6097 4 2 7 1 2142 2571 334 2889
6098 4 2 7 1 1982 2354 2171 2529
6099 4 2 7 1 497 2586 500 2837
6100 4 2 7 1 1961 2109 2816 2927
6101 4 2 7 1 1621 2519 2587 2885
6102 4 2 7 1 1256 2521 2393 2767
6103 4 2 7 1 1260 2464 1207 2921
6104 4 2 7 1 552 664 283 2795
6105 4 2 7 1 1984 2155 2331 2721
6106 4 2 7 1 1872 2289 2753 2951
6107 4 2 7 1 899 2420 2151 2756
6108 4 2 7 1 1946 2485 2639 2703
6109 4 2 7 1 700 702 703 2407
6110 4 2 7 1 1962 2361 2123 2414
6111 4 2 7 1 352 2313 350 2783
6112 4 2 7 1 841 954 2483 2701
6113 4 2 7 1 307 2673 306 2774
6114 4 2 7 1 2061 2482 2634 2987
6115 4 2 7 1 1911 2312 2208 2925
6116 4 2 7 1 723 2080 2560 2723
6117 4 2 7 1 607 2051 425 2904
6118 4 2 7 1 276 2131 581 2865
6119 4 2 7 1 2059 2349 796 2484
6120 4 2 7 1 1265 2243 1276 3015
6121 4 2 7 1 1211 2183 2268 2355
6122 4 2 7 1 2202 2397 2114 2537
6123 4 2 7 1 2132 1951 2377 2518
6124 4 2 7 1 2143 2403 2022 2729
6125 4 2 7 1 1940 2128 2300 2389
6126 4 2 7 1 2224 2574 518 2584
6127 4 2 7 1 2293 2340 2099 2903
6128 4 2 7 1 2123 2361 2052 2414
6129 4 2 7 1 1498 1497 1499 2159
6130 4 2 7 1 1740 1739 2513 2555
6131 4 2 7 1 759 760 2445 2945
6132 4 2 7 1 1646 1644 2370 2479
6133 4 2 7 1 1976 2489 2726 2781
6134 4 2 7 1 1499 2159 2824 3046
6135 4 2 7 1 2055 2020 2373 2496
6136 4 2 7 1 1960 2214 2867 2938
6137 4 2 7 1 2369 2651 2091 2958
6138 4 2 7 1 2121 2448 2326 2552
6139 4 2 7 1 836 808 2100 2342
6140 4 2 7 1 2068 2287 2023 2791
6141 4 2 7 1 1174 1251 1176 2606
6142 4 2 7 1 2127 2438 2361 2554
6143 4 2 7 1 2105 2029 2324 2532
6144 4 2 7 1 334 2571 408 2889
6145 4 2 7 1 2337 2453 2350 2609
6146 4 2 7 1 752 751 750 2910
6147 4 2 7 1 1978 2271 2166 2476
6148 4 2 7 1 2000 2158 2378 2460
6149 4 2 7 1 2361 2535 1962 2978
6150 4 2 7 1 1717 2534 2247 2678
6151 4 2 7 1 339 2549 2171 2850
6152 4 2 7 1 2090 2253 2520 2765
6153 4 2 7 1 1987 2273 2367 2649
6154 4 2 7 1 2190 2541 2123 2612
6155 4 2 7 1 944 2113 2556 2815
6156 4 2 7 1 723 2080 952 2560
6157 4 2 7 1 1840 2608 2321 3031
6158 4 2 7 1 405 2421 2218 2572
6159 4 2 7 1 546 2059 2654 2799
6160 4 2 7 1 705 704 706 2735
6161 4 2 7 1 546 2605 2059 2799
6162 4 2 7 1 2005 2380 2179 2527
6163 4 2 7 1 2078 1997 2295 3034
6164 4 2 7 1 2260 2684 2375 2773
6165 4 2 7 1 2196 2573 1995 2653
6166 4 2 7 1 2498 2783 2231 2922
6167 4 2 7 1 2483 2604 2079 2959
6168 4 2 7 1 1961 2816 2177 2927
6169 4 2 7 1 1441 1268 2290 2516
6170 4 2 7 1 1780 1694 2576 3019
6171 4 2 7 1 1178 2436 2161 2948
6172 4 2 7 1 1000 495 2219 2611
6173 4 2 7 1 651 2321 2900 3031
6174 4 2 7 1 2037 2481 2153 2668
6175 4 2 7 1 2423 2910 2749 2990
6176 4 2 7 1 1195 1196 1197 2641
6177 4 2 7 1 610 1132 612 2193
6178 4 2 7 1 1993 2265 2259 2330
6179 4 2 7 1 1382 2388 2436 2606
6180 4 2 7 1 2061 2866 2344 2869
6181 4 2 7 1 1178 1180 1179 2161
6182 4 2 7 1 1038 2289 1064 2753
6183 4 2 7 1 1907 2441 2548 2825
6184 4 2 7 1 1778 2155 1650 2721
6185 4 2 7 1 1478 1401 2424 2941
6186 4 2 7 1 1615 2506 1614 2860
6187 4 2 7 1 2257 2634 2482 2987
6188 4 2 7 1 1377 1376 2134 2470
6189 4 2 7 1 1634 2469 2273 3017
6190 4 2 7 1 2011 2770 2587 2991
6191 4 2 7 1 2367 2485 2104 2703
6192 4 2 7 1 2202 2534 2115 2844
6193 4 2 7 1 898 899 677 2151
6194 4 2 7 1 1384 1382 2388 2436
6195 4 2 7 1 2199 2444 2030 2768
6196 4 2 7 1 549 2588 2210 2757
6197 4 2 7 1 2169 2322 2049 2871
6198 4 2 7 1 991 2237 1080 2960
6199 4 2 7 1 1760 1856 1617 2312
6200 4 2 7 1 387 390 391 2474
6201 4 2 7 1 479 2322 2299 2922
6202 4 2 7 1 2167 2208 1950 2547
6203 4 2 7 1 1004 891 2192 2444
6204 4 2 7 1 472 407 2096 2722
6205 4 2 7 1 2007 2371 2074 2474
6206 4 2 7 1 2093 2379 2014 2933
6207 4 2 7 1 943 2113 944 2815
6208 4 2 7 1 701 2493 702 2875
6209 4 2 7 1 2001 2483 2181 2959
6210 4 2 7 1 1303 1067 1096 2194
6211 4 2 7 1 1978 2561 2166 2733
6212 4 2 7 1 886 2195 2398 2713
6213 4 2 7 1 1975 2264 2070 2437
6214 4 2 7 1 2084 2415 320 2775
6215 4 2 7 1 2161 2736 2032 2998
6216 4 2 7 1 854 2073 814 2346
6217 4 2 7 1 1275 2092 1477 2523
6218 4 2 7 1 1822 1819 1821 2176
6219 4 2 7 1 2317 2333 538 2571
6220 4 2 7 1 2467 2503 2118 2757
6221 4 2 7 1 1341 2456 2160 3014
6222 4 2 7 1 2063 2655 2394 2963
6223 4 2 7 1 1614 2088 2506 2603
6224 4 2 7 1 1942 2718 2386 2719
6225 4 2 7 1 2115 2534 2202 2828
6226 4 2 7 1 721 720 722 2152
6227 4 2 7 1 2481 2668 2037 2943
6228 4 2 7 1 2047 2259 2243 2265
6229 4 2 7 1 2027 2711 2231 2845
6230 4 2 7 1 551 348 2327 2588
6231 4 2 7 1 664 2210 283 2795
6232 4 2 7 1 2418 2589 2036 2754
6233 4 2 7 1 271 624 1133 2272
6234 4 2 7 1 1780 2576 2195 3019
6235 4 2 7 1 2104 1943 2593 2649
6236 4 2 7 1 2749 2910 2177 2990
6237 4 2 7 1 1525 2345 2294 2622
6238 4 2 7 1 1404 2081 2684 2773
6239 4 2 7 1 1956 2078 2223 2894
6240 4 2 7 1 1454 1165 2332 2848
6241 4 2 7 1 1355 2185 2494 2595
6242 4 2 7 1 2106 2388 2006 2436
6243 4 2 7 1 678 1583 2211 2650
6244 4 2 7 1 1559 1755 1908 2470
6245 4 2 7 1 799 2318 734 2630
6246 4 2 7 1 2113 2449 1976 2640
6247 4 2 7 1 1212 2183 1210 2579
6248 4 2 7 1 1967 2402 2108 2461
6249 4 2 7 1 1995 2573 2253 2653
6250 4 2 7 1 593 2369 2135 2662
6251 4 2 7 1 2074 2371 2091 2958
6252 4 2 7 1 1987 2399 2245 2523
6253 4 2 7 1 2109 1961 2296 2927
6254 4 2 7 1 2213 2412 2238 2727
6255 4 2 7 1 1966 2531 2231 2845
6256 4 2 7 1 2329 2643 2101 2671
6257 4 2 7 1 1965 2297 2065 2625
6258 4 2 7 1 1225 2201 1226 2406
6259 4 2 7 1 385 2091 2371 2958
6260 4 2 7 1 1454 2332 2257 2848
6261 4 2 7 1 2341 2569 2016 2772
6262 4 2 7 1 1630 2443 2166 2505
6263 4 2 7 1 1938 2310 2263 2379
6264 4 2 7 1 1978 2092 2271 2476
6265 4 2 7 1 2188 2423 2029 2532
6266 4 2 7 1 2105 2252 2532 2674
6267 4 2 7 1 1611 2111 1612 2506
6268 4 2 7 1 2321 2608 2145 3031
6269 4 2 7 1 363 2448 433 2462
6270 4 2 7 1 360 2121 358 2544
6271 4 2 7 1 725 2349 2080 2723
6272 4 2 7 1 2411 2498 2027 2711
6273 4 2 7 1 2102 1944 2307 2591
6274 4 2 7 1 2050 2465 2615 2750
6275 4 2 7 1 1260 2120 1400 2464
6276 4 2 7 1 1874 1640 2608 2811
6277 4 2 7 1 2028 2264 2284 2646
6278 4 2 7 1 1949 2120 2285 2807
6279 4 2 7 1 703 2407 702 2493
6280 4 2 7 1 1151 1150 2267 2977
6281 4 2 7 1 1203 1204 1205 2424
6282 4 2 7 1 2133 2450 1084 2621
6283 4 2 7 1 1107 2551 1805 2778
6284 4 2 7 1 2008 2297 2528 2739
6285 4 2 7 1 1104 1917 1327 2807
6286 4 2 7 1 2263 2310 2014 2379
6287 4 2 7 1 1029 915 2137 2660
6288 4 2 7 1 638 269 465 2421
6289 4 2 7 1 1561 1104 1764 1917
6290 4 2 7 1 2366 2215 2912 2975
6291 4 2 7 1 774 775 771 2632
6292 4 2 7 1 2192 2444 891 2607
6293 4 2 7 1 976 2666 806 2752
6294 4 2 7 1 2084 2572 2504 2598
6295 4 2 7 1 1957 2381 2246 3039
6296 4 2 7 1 2187 2479 1929 2834
6297 4 2 7 1 2065 2625 2366 3030
6298 4 2 7 1 2045 2271 2166 2619
6299 4 2 7 1 1216 2221 1218 2547
6300 4 2 7 1 776 2079 774 2471
6301 4 2 7 1 2271 2367 2273 2649
6302 4 2 7 1 1446 2214 1574 2764
6303 4 2 7 1 326 325 2798 2946
6304 4 2 7 1 1950 2312 2164 2685
6305 4 2 7 1 551 346 348 2588
6306 4 2 7 1 453 2133 298 3013
6307 4 2 7 1 2011 2167 2320 2519
6308 4 2 7 1 550 2327 2210 2588
6309 4 2 7 1 1994 2149 2629 2897
6310 4 2 7 1 1783 2463 873 2674
6311 4 2 7 1 2302 2667 2067 2841
6312 4 2 7 1 753 755 2188 2423
6313 4 2 7 1 1218 1219 2547 2893
6314 4 2 7 1 2096 2579 2033 2751
6315 4 2 7 1 2334 2789 2553 2812
6316 4 2 7 1 1630 1628 2505 2881
6317 4 2 7 1 1021 799 941 2757
6318 4 2 7 1 903 1821 901 2420
6319 4 2 7 1 1954 2118 2230 2630
6320 4 2 7 1 1218 2547 2082 2893
6321 4 2 7 1 1218 1216 1320 2221
6322 4 2 7 1 1937 2339 2232 2410
6323 4 2 7 1 516 2456 2200 3033
6324 4 2 7 1 2093 316 2559 2664
6325 4 2 7 1 1276 2681 1290 3015
6326 4 2 7 1 878 2423 754 3012
6327 4 2 7 1 2166 2271 2045 2476
6328 4 2 7 1 2110 1994 2565 2997
6329 4 2 7 1 2077 2431 2800 2946
6330 4 2 7 1 275 1354 508 2574
6331 4 2 7 1 2059 2571 2484 2605
6332 4 2 7 1 2069 2525 1660 2868
6333 4 2 7 1 2016 2111 2358 2772
6334 4 2 7 1 2022 2235 2207 2242
6335 4 2 7 1 1150 2646 2267 2977
6336 4 2 7 1 2181 2255 1972 2471
6337 4 2 7 1 1612 2455 2111 3030
6338 4 2 7 1 262 2691 2135 2752
6339 4 2 7 1 1109 557 555 3020
6340 4 2 7 1 2097 1233 2620 3043
6341 4 2 7 1 1258 2217 1407 2923
6342 4 2 7 1 281 469 1112 2583
6343 4 2 7 1 2143 2714 2038 2779
6344 4 2 7 1 447 2200 2374 2717
6345 4 2 7 1 438 2070 439 2642
6346 4 2 7 1 1879 2143 1804 2396
6347 4 2 7 1 2132 2305 1951 2518
6348 4 2 7 1 2366 2625 1959 2939
6349 4 2 7 1 856 2808 2277 2875
6350 4 2 7 1 2070 2264 2250 2437
6351 4 2 7 1 587 656 985 2192
6352 4 2 7 1 497 2219 2586 2837
6353 4 2 7 1 356 354 355 2124
6354 4 2 7 1 2177 2597 2910 2927
6355 4 2 7 1 2148 1951 2417 2988
6356 4 2 7 1 1335 2583 2098 2913
6357 4 2 7 1 435 2216 2558 2759
6358 4 2 7 1 1362 1568 1801 2190
6359 4 2 7 1 2022 2714 2143 2779
6360 4 2 7 1 2171 2315 2049 2744
6361 4 2 7 1 355 2124 354 2584
6362 4 2 7 1 1816 1817 1818 2151
6363 4 2 7 1 1728 1730 2290 2613
6364 4 2 7 1 2017 2228 2155 2704
6365 4 2 7 1 2062 1976 2449 2640
6366 4 2 7 1 2164 2685 2312 2860
6367 4 2 7 1 910 999 916 2197
6368 4 2 7 1 1104 1914 1561 2320
6369 4 2 7 1 1578 901 1821 2420
6370 4 2 7 1 1972 2675 2600 2959
6371 4 2 7 1 1980 2142 2385 2389
6372 4 2 7 1 593 2135 2369 2752
6373 4 2 7 1 2166 2619 1978 2733
6374 4 2 7 1 886 792 950 2398
6375 4 2 7 1 1364 1252 1459 2628
6376 4 2 7 1 1737 2581 2083 2867
6377 4 2 7 1 2088 2341 2254 2685
6378 4 2 7 1 2444 2607 2192 2953
6379 4 2 7 1 403 586 344 2467
6380 4 2 7 1 844 846 2475 2780
6381 4 2 7 1 434 427 445 2451
6382 4 2 7 1 1986 2066 2486 2777
6383 4 2 7 1 2139 2741 2072 2924
6384 4 2 7 1 2073 1972 2255 2694
6385 4 2 7 1 1724 1716 2247 2534
6386 4 2 7 1 1615 2312 2506 2860
6387 4 2 7 1 1965 2134 2825 2980
6388 4 2 7 1 2062 2561 2166 2881
6389 4 2 7 1 370 2110 389 2586
6390 4 2 7 1 2067 2302 2251 2686
6391 4 2 7 1 1976 2062 2542 2640
6392 4 2 7 1 339 2171 340 2850
6393 4 2 7 1 1345 2200 1344 2456
6394 4 2 7 1 2003 2319 2162 2418
6395 4 2 7 1 694 2147 697 2562
6396 4 2 7 1 854 782 814 2073
6397 4 2 7 1 1996 2416 2405 2622
6398 4 2 7 1 2325 2490 2149 2761
6399 4 2 7 1 581 620 455 2131
6400 4 2 7 1 1176 2103 2606 2948
6401 4 2 7 1 2263 2380 2005 2664
6402 4 2 7 1 275 1108 1354 2574
6403 4 2 7 1 1619 2519 2164 2587
6404 4 2 7 1 2530 2650 2046 2951
6405 4 2 7 1 2122 2622 2189 2763
6406 4 2 7 1 1269 1454 1333 2136
6407 4 2 7 1 1792 1791 2697 2864
6408 4 2 7 1 1079 1038 1064 2753
6409 4 2 7 1 2015 2666 2274 3006
6410 4 2 7 1 1417 1255 1384 2436
6411 4 2 7 1 2081 1966 2338 2480
6412 4 2 7 1 694 2808 856 2875
6413 4 2 7 1 1955 2098 2278 2923
6414 4 2 7 1 1158 2453 2089 2488
6415 4 2 7 1 358 2544 2121 2638
6416 4 2 7 1 2006 2388 2106 2462
6417 4 2 7 1 1419 1235 1238 2401
6418 4 2 7 1 2181 2600 2513 2959
6419 4 2 7 1 1970 2432 2206 2656
6420 4 2 7 1 355 356 2124 2584
6421 4 2 7 1 1993 2409 2265 2786
6422 4 2 7 1 1978 2422 2362 2476
6423 4 2 7 1 2102 1998 2249 2874
6424 4 2 7 1 1988 2158 2216 2460
6425 4 2 7 1 2264 2028 2410 2515
6426 4 2 7 1 2256 2569 2341 2893
6427 4 2 7 1 1337 1338 2583 2923
6428 4 2 7 1 285 679 547 2304
6429 4 2 7 1 1966 2711 2139 2741
6430 4 2 7 1 795 2078 2660 2771
6431 4 2 7 1 928 2186 2472 2582
6432 4 2 7 1 915 2293 2137 2660
6433 4 2 7 1 1021 940 2210 2757
6434 4 2 7 1 2287 2566 2018 2791
6435 4 2 7 1 1151 2267 1150 2646
6436 4 2 7 1 1877 2195 967 2713
6437 4 2 7 1 2400 2468 2116 2652
6438 4 2 7 1 1976 2514 2347 2726
6439 4 2 7 1 2166 2561 2422 2881
6440 4 2 7 1 1995 2103 2430 2948
6441 4 2 7 1 1701 2939 2455 3030
6442 4 2 7 1 1940 2128 2389 2500
6443 4 2 7 1 1960 2905 2214 2938
6444 4 2 7 1 357 572 2544 2638
6445 4 2 7 1 262 860 2691 2752
6446 4 2 7 1 1988 2100 2213 2342
6447 4 2 7 1 1610 1612 1611 3030
6448 4 2 7 1 2243 2466 2133 2891
6449 4 2 7 1 1986 2186 2472 2822
6450 4 2 7 1 467 2160 2456 3033
6451 4 2 7 1 587 985 282 2192
6452 4 2 7 1 984 1068 2564 2760
6453 4 2 7 1 2195 1974 2370 2576
6454 4 2 7 1 484 2098 591 2583
6455 4 2 7 1 749 949 2597 2910
6456 4 2 7 1 2126 2253 1995 2573
6457 4 2 7 1 545 546 2308 2654
6458 4 2 7 1 1856 2312 1911 2925
6459 4 2 7 1 842 2391 957 2701
6460 4 2 7 1 1086 1065 1059 2087
6461 4 2 7 1 1835 1863 1836 2449
6462 4 2 7 1 640 482 2107 3048
6463 4 2 7 1 1994 2149 2599 2629
6464 4 2 7 1 866 2324 865 2674
6465 4 2 7 1 2239 2699 2100 2760
6466 4 2 7 1 1953 2379 2695 2933
6467 4 2 7 1 2618 2629 2599 2761
6468 4 2 7 1 341 339 2549 2914
6469 4 2 7 1 1612 2111 1611 3030
6470 4 2 7 1 2258 2475 1996 2859
6471 4 2 7 1 1736 1446 1574 2764
6472 4 2 7 1 2653 2710 2196 2842
6473 4 2 7 1 1062 1065 2425 2830
6474 4 2 7 1 996 821 995 2179
6475 4 2 7 1 1539 2658 2056 2682
6476 4 2 7 1 2310 2357 1957 2947
6477 4 2 7 1 376 2225 505 2565
6478 4 2 7 1 2381 2592 2023 2932
6479 4 2 7 1 1037 1097 2681 3013
6480 4 2 7 1 1994 2445 2309 2945
6481 4 2 7 1 1978 2271 2092 2424
6482 4 2 7 1 842 2241 857 2391
6483 4 2 7 1 360 358 359 2544
6484 4 2 7 1 1630 1632 1631 2166
6485 4 2 7 1 2040 2749 2672 2990
6486 4 2 7 1 2087 1973 2276 2289
6487 4 2 7 1 1974 2249 2141 2874
6488 4 2 7 1 2055 2496 2373 2647
6489 4 2 7 1 2049 2315 2171 2914
6490 4 2 7 1 1704 1929 2187 2479
6491 4 2 7 1 694 2147 2808 2875
6492 4 2 7 1 1133 624 622 472
6493 4 2 7 1 2344 2061 2609 2866
6494 4 2 7 1 1631 1629 1630 2166
6495 4 2 7 1 1552 2391 2241 2847
6496 4 2 7 1 1258 1407 1337 2923
6497 4 2 7 1 2008 2406 2175 2528
6498 4 2 7 1 1550 1536 1516 2827
6499 4 2 7 1 2047 2265 2243 2856
6500 4 2 7 1 1958 2192 2687 2953
6501 4 2 7 1 2093 2263 2005 2664
6502 4 2 7 1 740 2444 2199 2768
6503 4 2 7 1 572 2185 432 2544
6504 4 2 7 1 2068 2023 2287 2673
6505 4 2 7 1 1635 1634 1636 2273
6506 4 2 7 1 1644 2576 2141 2839
6507 4 2 7 1 756 755 754 2188
6508 4 2 7 1 1976 2062 2449 2542
6509 4 2 7 1 2351 2838 2075 2971
6510 4 2 7 1 451 277 600 2450
6511 4 2 7 1 284 2200 1120 2374
6512 4 2 7 1 1023 734 799 2318
6513 4 2 7 1 2260 2464 2067 2716
6514 4 2 7 1 430 2173 2408 3047
6515 4 2 7 1 863 2078 795 2771
6516 4 2 7 1 1958 2373 2102 2575
6517 4 2 7 1 1840 2145 2608 3031
6518 4 2 7 1 1974 2199 2567 2647
6519 4 2 7 1 2274 2666 2369 2752
6520 4 2 7 1 1803 1773 2126 2573
6521 4 2 7 1 1987 2104 2367 2485
6522 4 2 7 1 2065 2297 2539 2696
6523 4 2 7 1 2039 2232 2363 2676
6524 4 2 7 1 2012 2538 2241 2919
6525 4 2 7 1 2013 2350 2337 2453
6526 4 2 7 1 2380 2559 316 2664
6527 4 2 7 1 1958 2102 2373 2647
6528 4 2 7 1 1953 2394 2655 2963
6529 4 2 7 1 2439 2485 1946 2711
6530 4 2 7 1 2259 2265 2075 3015
6531 4 2 7 1 2366 2912 2524 2975
6532 4 2 7 1 2068 2566 2287 2791
6533 4 2 7 1 2478 2529 2086 2850
6534 4 2 7 1 1143 300 2203 2769
6535 4 2 7 1 1965 2175 2441 2539
6536 4 2 7 1 1423 1251 1405 2520
6537 4 2 7 1 2147 2562 2238 2788
6538 4 2 7 1 1736 1099 1446 2764
6539 4 2 7 1 1800 2612 2190 2628
6540 4 2 7 1 1959 2366 2215 2912
6541 4 2 7 1 2181 2471 2079 2483
6542 4 2 7 1 483 2071 513 2888
6543 4 2 7 1 1610 2455 1612 3030
6544 4 2 7 1 2115 2524 1603 2785
6545 4 2 7 1 2008 2202 2115 2696
6546 4 2 7 1 276 1486 599 2345
6547 4 2 7 1 334 2308 2142 2906
6548 4 2 7 1 2082 2256 1950 2341
6549 4 2 7 1 1980 2183 2667 2841
6550 4 2 7 1 1154 2627 2267 2646
6551 4 2 7 1 1990 2423 2188 2545
6552 4 2 7 1 1265 1276 1290 3015
6553 4 2 7 1 516 1344 284 2200
6554 4 2 7 1 1253 1190 1188 2212
6555 4 2 7 1 2136 2257 2332 2779
6556 4 2 7 1 1965 2406 2297 2499
6557 4 2 7 1 567 2664 423 2775
6558 4 2 7 1 2091 383 2371 2836
6559 4 2 7 1 1978 2422 2166 2561
6560 4 2 7 1 1947 2128 2251 2508
6561 4 2 7 1 2199 2496 742 2832
6562 4 2 7 1 448 644 2173 3047
6563 4 2 7 1 700 2407 2335 2875
6564 4 2 7 1 2061 2350 2482 2987
6565 4 2 7 1 2042 1977 2428 2887
6566 4 2 7 1 950 743 2626 2832
6567 4 2 7 1 1966 2072 2711 2741
6568 4 2 7 1 2043 2291 2661 2853
6569 4 2 7 1 2027 2498 2231 2711
6570 4 2 7 1 2351 2087 2692 2830
6571 4 2 7 1 2111 2548 1965 2772
6572 4 2 7 1 2101 1950 2329 2770
6573 4 2 7 1 2114 2397 2202 2844
6574 4 2 7 1 1657 2196 1659 2573
6575 4 2 7 1 2246 2381 2023 3039
6576 4 2 7 1 2061 2482 2257 2634
6577 4 2 7 1 2263 2380 2093 2559
6578 4 2 7 1 1151 1156 1411 2543
6579 4 2 7 1 2141 2370 1974 2576
6580 4 2 7 1 1763 1625 2285 2885
6581 4 2 7 1 2260 2424 1202 2773
6582 4 2 7 1 1446 1449 1574 2214
6583 4 2 7 1 2034 2385 2142 2389
6584 4 2 7 1 1993 2330 2259 2838
6585 4 2 7 1 896 963 2335 2387
6586 4 2 7 1 534 2771 2301 3027
6587 4 2 7 1 1972 2073 2363 2694
6588 4 2 7 1 1736 1099 2764 3007
6589 4 2 7 1 2575 2591 2102 2890
6590 4 2 7 1 2152 2508 2080 2560
6591 4 2 7 1 2357 2999 2193 3043
6592 4 2 7 1 864 753 755 2532
6593 4 2 7 1 1944 2373 2647 2817
6594 4 2 7 1 1857 2366 2939 3030
6595 4 2 7 1 1005 2553 2334 2789
6596 4 2 7 1 1735 1717 2247 2678
6597 4 2 7 1 2076 1967 2402 2985
6598 4 2 7 1 2401 2537 1979 2620
6599 4 2 7 1 2171 2049 2354 2744
6600 4 2 7 1 884 873 2463 2674
6601 4 2 7 1 1282 2159 1118 2364
6602 4 2 7 1 1040 1303 1067 1096
6603 4 2 7 1 1057 2450 2378 2621
6604 4 2 7 1 2347 2514 2031 2726
6605 4 2 7 1 2032 2436 2106 2452
6606 4 2 7 1 388 2091 385 2958
6607 4 2 7 1 1344 1346 1120 2200
6608 4 2 7 1 849 815 2447 2644
6609 4 2 7 1 2149 2599 2629 2761
6610 4 2 7 1 1250 1349 1353 2531
6611 4 2 7 1 1225 2201 2406 2440
6612 4 2 7 1 723 2560 794 2723
6613 4 2 7 1 2117 2698 2012 2847
6614 4 2 7 1 2001 2513 2181 2555
6615 4 2 7 1 1622 2587 1620 2831
6616 4 2 7 1 1776 2234 1555 2463
6617 4 2 7 1 1527 2769 2364 2865
6618 4 2 7 1 2051 2356 2592 2774
6619 4 2 7 1 779 777 2153 2471
6620 4 2 7 1 2069 2653 2196 2842
6621 4 2 7 1 1715 2130 1714 2715
6622 4 2 7 1 2250 2419 1996 2805
6623 4 2 7 1 2338 2593 1943 2649
6624 4 2 7 1 2242 2325 1991 2714
6625 4 2 7 1 437 2356 424 2466
6626 4 2 7 1 435 308 454 2216
6627 4 2 7 1 1365 2438 1440 2554
6628 4 2 7 1 1998 2249 2141 2479
6629 4 2 7 1 549 542 2588 2757
6630 4 2 7 1 2146 2993 2658 3011
6631 4 2 7 1 1513 1515 1514 2658
6632 4 2 7 1 1983 2072 2512 2845
6633 4 2 7 1 2256 2341 2082 2893
6634 4 2 7 1 1987 2367 2104 2649
6635 4 2 7 1 1281 1309 2528 2580
6636 4 2 7 1 1979 2397 2202 2537
6637 4 2 7 1 2022 2729 2207 2848
6638 4 2 7 1 2259 2075 2838 2971
6639 4 2 7 1 1981 2418 2162 2429
6640 4 2 7 1 905 907 2150 2755
6641 4 2 7 1 2455 2506 2358 2603
6642 4 2 7 1 890 2496 2192 2614
6643 4 2 7 1 1979 2330 2397 2537
6644 4 2 7 1 1599 1598 1596 2715
6645 4 2 7 1 1954 2118 2210 2588
6646 4 2 7 1 829 2328 2173 2668
6647 4 2 7 1 1406 2606 1178 2948
6648 4 2 7 1 2213 2222 2018 2342
6649 4 2 7 1 2191 2225 1994 2565
6650 4 2 7 1 2170 2248 1968 2538
6651 4 2 7 1 2111 2625 2441 3030
6652 4 2 7 1 1784 1786 1689 2105
6653 4 2 7 1 795 2295 718 3029
6654 4 2 7 1 2274 2454 2015 2994
6655 4 2 7 1 1187 2465 2615 2929
6656 4 2 7 1 2101 1964 2643 2800
6657 4 2 7 1 1983 2042 2584 2591
6658 4 2 7 1 1631 2422 2166 2476
6659 4 2 7 1 1574 1449 1806 2214
6660 4 2 7 1 1969 2099 2446 2557
6661 4 2 7 1 2155 1962 2535 2978
6662 4 2 7 1 1976 2508 2152 2560
6663 4 2 7 1 1949 2163 2355 2807
6664 4 2 7 1 2172 2458 1639 2826
6665 4 2 7 1 1955 2235 2098 2923
6666 4 2 7 1 1340 2502 2323 2577
6667 4 2 7 1 2189 2475 2122 2763
6668 4 2 7 1 2110 2286 372 2565
6669 4 2 7 1 2062 2166 2561 2733
6670 4 2 7 1 2239 2276 1973 2289
6671 4 2 7 1 1951 2149 2325 2490
6672 4 2 7 1 2177 2296 1961 2927
6673 4 2 7 1 2394 2461 1967 2695
6674 4 2 7 1 2214 2390 1244 2778
6675 4 2 7 1 497 574 500 2586
6676 4 2 7 1 1804 2143 1879 2934
6677 4 2 7 1 701 2442 2493 2875
6678 4 2 7 1 2002 2286 2225 2590
6679 4 2 7 1 550 551 2327 2588
6680 4 2 7 1 2092 1702 2476 2941
6681 4 2 7 1 1404 2081 1389 2684
6682 4 2 7 1 1971 2668 2481 2943
6683 4 2 7 1 902 904 903 2176
6684 4 2 7 1 1778 1776 2463 2721
6685 4 2 7 1 912 2240 2553 2789
6686 4 2 7 1 1025 850 2146 2849
6687 4 2 7 1 1702 1852 1768 2941
6688 4 2 7 1 1737 1729 2083 2581
6689 4 2 7 1 613 426 556 2663
6690 4 2 7 1 2350 2453 2061 2609
6691 4 2 7 1 2008 2528 2175 2580
6692 4 2 7 1 2111 2506 1611 2548
6693 4 2 7 1 1948 2599 2110 2705
6694 4 2 7 1 1571 1128 1759 2916
6695 4 2 7 1 486 487 2205 2404
6696 4 2 7 1 2231 2725 634 3048
6697 4 2 7 1 1571 1759 2136 2916
6698 4 2 7 1 2222 2699 2211 2748
6699 4 2 7 1 2074 2091 2651 2958
6700 4 2 7 1 2077 2504 324 2572
6701 4 2 7 1 2435 2867 2214 2938
6702 4 2 7 1 708 2334 1003 2789
6703 4 2 7 1 2185 1977 2494 2595
6704 4 2 7 1 1965 2441 2111 2625
6705 4 2 7 1 494 2611 2491 2740
6706 4 2 7 1 2036 2319 2230 2418
6707 4 2 7 1 1866 2384 2140 2387
6708 4 2 7 1 700 961 2335 2407
6709 4 2 7 1 1557 1727 1897 2495
6710 4 2 7 1 2087 2289 1059 2793
6711 4 2 7 1 1215 2167 1261 2818
6712 4 2 7 1 2088 2358 2506 2603
6713 4 2 7 1 1155 1156 1151 2267
6714 4 2 7 1 899 2151 898 2756
6715 4 2 7 1 2121 2404 402 2843
6716 4 2 7 1 1423 2413 2071 2888
6717 4 2 7 1 555 557 615 3020
6718 4 2 7 1 2513 2604 2001 2959
6719 4 2 7 1 1964 2800 2227 2872
6720 4 2 7 1 1406 2436 1178 2606
6721 4 2 7 1 366 367 2157 2462
6722 4 2 7 1 2369 2666 460 2752
6723 4 2 7 1 442 2258 2174 2665
6724 4 2 7 1 1956 2099 2557 2954
6725 4 2 7 1 2262 1985 2290 2613
6726 4 2 7 1 2081 2744 2322 2926
6727 4 2 7 1 2239 2289 2211 2753
6728 4 2 7 1 457 1145 2203 2642
6729 4 2 7 1 2066 1986 2608 2777
6730 4 2 7 1 1858 2513 1739 2600
6731 4 2 7 1 770 2198 771 3021
6732 4 2 7 1 2277 2808 2147 2875
6733 4 2 7 1 2441 2625 2065 3030
6734 4 2 7 1 1467 2127 1373 2554
6735 4 2 7 1 1947 2251 2128 2302
6736 4 2 7 1 2123 2032 2414 2541
6737 4 2 7 1 2207 2848 2729 2936
6738 4 2 7 1 2101 2685 1950 2770
6739 4 2 7 1 1492 2364 1527 2769
6740 4 2 7 1 1206 2067 2716 2921
6741 4 2 7 1 1404 2480 2081 2773
6742 4 2 7 1 2104 2485 1987 2649
6743 4 2 7 1 1957 2303 2999 3043
6744 4 2 7 1 607 2451 2051 2904
6745 4 2 7 1 1409 1341 1338 3014
6746 4 2 7 1 1954 2327 2095 2742
6747 4 2 7 1 1005 2334 708 2789
6748 4 2 7 1 1971 2570 2229 2665
6749 4 2 7 1 1994 2629 2433 2897
6750 4 2 7 1 1269 2257 2136 2634
6751 4 2 7 1 1980 2302 2129 3023
6752 4 2 7 1 2059 2605 796 2799
6753 4 2 7 1 2174 2408 2173 3047
6754 4 2 7 1 2024 2261 2213 2460
6755 4 2 7 1 2350 2609 2061 2866
6756 4 2 7 1 916 2197 999 2527
6757 4 2 7 1 2245 2399 1987 2641
6758 4 2 7 1 2156 1990 2545 2837
6759 4 2 7 1 1161 1163 2634 2989
6760 4 2 7 1 2052 2541 2196 2612
6761 4 2 7 1 1971 2153 2481 2668
6762 4 2 7 1 2103 2298 1995 2899
6763 4 2 7 1 1295 1274 2690 2904
6764 4 2 7 1 1928 1754 1755 2984
6765 4 2 7 1 2184 2600 2392 2675
6766 4 2 7 1 2147 2442 2277 2875
6767 4 2 7 1 1025 998 2849 3011
6768 4 2 7 1 2008 2539 2297 2696
6769 4 2 7 1 1464 1449 1289 2778
6770 4 2 7 1 2208 2256 1950 2547
6771 4 2 7 1 2208 2320 2167 2519
6772 4 2 7 1 1196 2139 1197 2641
6773 4 2 7 1 2285 2807 1763 2885
6774 4 2 7 1 984 1032 1068 2760
6775 4 2 7 1 1956 2301 2477 2800
6776 4 2 7 1 2076 2735 1967 2985
6777 4 2 7 1 567 423 318 2775
6778 4 2 7 1 1998 2307 2249 2750
6779 4 2 7 1 1963 2140 2335 2788
6780 4 2 7 1 1680 1681 2184 2435
6781 4 2 7 1 2108 2461 2394 2695
6782 4 2 7 1 1356 1355 1249 2494
6783 4 2 7 1 1059 1049 2276 2692
6784 4 2 7 1 1729 1737 2083 3007
6785 4 2 7 1 471 2096 407 2585
6786 4 2 7 1 1962 2155 2594 2978
6787 4 2 7 1 1948 2110 2459 2705
6788 4 2 7 1 1996 2659 2250 2805
6789 4 2 7 1 1088 1079 1042 2753
6790 4 2 7 1 2120 2464 2362 2973
6791 4 2 7 1 865 2532 2252 2674
6792 4 2 7 1 467 2160 281 2456
6793 4 2 7 1 1824 2150 2473 2669
6794 4 2 7 1 2118 2588 542 2757
6795 4 2 7 1 2144 2489 1976 2542
6796 4 2 7 1 1984 2228 2155 2758
6797 4 2 7 1 578 307 306 2774
6798 4 2 7 1 1555 1775 649 2234
6799 4 2 7 1 2075 2259 2000 2971
6800 4 2 7 1 479 2299 2322 2637
6801 4 2 7 1 1991 2403 2396 2540
6802 4 2 7 1 1272 2430 2126 2540
6803 4 2 7 1 2015 2369 2091 2454
6804 4 2 7 1 1951 2490 2275 2901
6805 4 2 7 1 1103 1377 1559 2470
6806 4 2 7 1 759 2445 761 2518
6807 4 2 7 1 2065 2524 2115 2785
6808 4 2 7 1 1238 2303 1237 2856
6809 4 2 7 1 1408 2633 2168 2663
6810 4 2 7 1 700 961 699 2335
6811 4 2 7 1 2135 2191 2043 2691
6812 4 2 7 1 417 2278 2583 2836
6813 4 2 7 1 1998 2439 2639 2874
6814 4 2 7 1 2092 2476 2362 2941
6815 4 2 7 1 1952 2382 2712 2734
6816 4 2 7 1 432 561 2448 2595
6817 4 2 7 1 761 2148 2445 2853
6818 4 2 7 1 2587 2679 2057 2831
6819 4 2 7 1 2264 2284 2070 3001
6820 4 2 7 1 1511 2189 2405 2996
6821 4 2 7 1 2036 2418 2429 2908
6822 4 2 7 1 1559 1928 2134 2825
6823 4 2 7 1 1928 1755 2470 2984
6824 4 2 7 1 1653 2052 2361 2978
6825 4 2 7 1 1872 1742 2289 2951
6826 4 2 7 1 1729 1708 2266 2581
6827 4 2 7 1 857 2241 1552 2391
6828 4 2 7 1 2104 2593 2338 2649
6829 4 2 7 1 1211 1210 1212 2183
6830 4 2 7 1 2486 2498 2104 2822
6831 4 2 7 1 882 2234 2398 2597
6832 4 2 7 1 2061 2453 2350 2634
6833 4 2 7 1 505 376 381 2970
6834 4 2 7 1 1661 1773 2573 2596
6835 4 2 7 1 742 741 740 2199
6836 4 2 7 1 1991 2143 2396 2403
6837 4 2 7 1 2468 2938 2675 2959
6838 4 2 7 1 2094 2246 1957 2568
6839 4 2 7 1 1956 2301 2078 2894
6840 4 2 7 1 1493 2146 1546 3011
6841 4 2 7 1 1500 1498 1499 2457
6842 4 2 7 1 2000 2378 2158 2450
6843 4 2 7 1 2072 2563 2107 2845
6844 4 2 7 1 2575 2584 2124 2591
6845 4 2 7 1 990 301 293 2236
6846 4 2 7 1 2098 2502 1335 2913
6847 4 2 7 1 548 549 2210 2757
6848 4 2 7 1 952 2080 2556 2560
6849 4 2 7 1 1196 2139 2641 2924
6850 4 2 7 1 1824 2473 2150 2831
6851 4 2 7 1 1938 2108 2379 2402
6852 4 2 7 1 425 2051 437 2904
6853 4 2 7 1 324 590 2431 2946
6854 4 2 7 1 413 2299 2231 2922
6855 4 2 7 1 1527 2364 2737 2865
6856 4 2 7 1 1988 2237 2743 2957
6857 4 2 7 1 2139 2649 1987 2880
6858 4 2 7 1 2034 2096 2671 2722
6859 4 2 7 1 1721 2993 2146 3011
6860 4 2 7 1 1792 1790 1791 2864
6861 4 2 7 1 1967 2076 2334 2735
6862 4 2 7 1 2087 2276 2024 2692
6863 4 2 7 1 771 2198 770 2632
6864 4 2 7 1 2165 2497 2010 2655
6865 4 2 7 1 1991 2090 2242 2403
6866 4 2 7 1 432 572 643 2185
6867 4 2 7 1 473 2272 2383 2385
6868 4 2 7 1 2108 1967 2461 2695
6869 4 2 7 1 1786 1689 2105 2720
6870 4 2 7 1 819 2471 2181 2483
6871 4 2 7 1 2175 2441 1691 2825
6872 4 2 7 1 1990 2125 2360 2670
6873 4 2 7 1 1968 2274 2198 2994
6874 4 2 7 1 2212 2224 2042 2574
6875 4 2 7 1 1724 2247 1716 2580
6876 4 2 7 1 2192 2496 2020 2614
6877 4 2 7 1 1176 1406 1178 2948
6878 4 2 7 1 2255 2392 2073 2707
6879 4 2 7 1 1957 2947 2357 2999
6880 4 2 7 1 1980 2129 2667 2854
6881 4 2 7 1 1341 2160 1338 3014
6882 4 2 7 1 1661 1662 2596 2868
6883 4 2 7 1 2102 2575 2373 2591
6884 4 2 7 1 538 2333 2317 2986
6885 4 2 7 1 1376 2440 2134 2569
6886 4 2 7 1 481 2231 413 2299
6887 4 2 7 1 2116 2675 2468 2938
6888 4 2 7 1 740 2199 739 2768
6889 4 2 7 1 1079 1064 1042 2753
6890 4 2 7 1 1201 1200 2773 2983
6891 4 2 7 1 831 2426 995 2965
6892 4 2 7 1 786 865 866 2324
6893 4 2 7 1 1424 2299 2637 2741
6894 4 2 7 1 2487 2617 2004 2756
6895 4 2 7 1 1955 2482 2217 2509
6896 4 2 7 1 508 1354 292 2595
6897 4 2 7 1 1143 300 457 2203
6898 4 2 7 1 1165 2729 2332 2848
6899 4 2 7 1 1772 2182 1930 2767
6900 4 2 7 1 975 2487 902 2756
6901 4 2 7 1 1395 2143 1458 2403
6902 4 2 7 1 2082 1950 2256 2547
6903 4 2 7 1 1991 2490 2325 2761
6904 4 2 7 1 1428 2520 1172 2577
6905 4 2 7 1 1965 2065 2441 2625
6906 4 2 7 1 2558 2743 2237 2960
6907 4 2 7 1 2164 2519 1619 2860
6908 4 2 7 1 926 2582 2321 2935
6909 4 2 7 1 2019 2393 2641 2982
6910 4 2 7 1 2018 2566 2342 2808
6911 4 2 7 1 1064 2239 1042 2753
6912 4 2 7 1 1979 2202 2397 2844
6913 4 2 7 1 490 291 587 2614
6914 4 2 7 1 2157 2452 2035 2462
6915 4 2 7 1 1952 2568 2094 2712
6916 4 2 7 1 1341 1137 515 2456
6917 4 2 7 1 1966 2231 2498 2711
6918 4 2 7 1 1786 2252 2105 2674
6919 4 2 7 1 2021 2340 2434 2598
6920 4 2 7 1 2211 1973 2239 2699
6921 4 2 7 1 2293 2427 2137 2431
6922 4 2 7 1 1258 1337 2913 2923
6923 4 2 7 1 1956 2557 2180 2954
6924 4 2 7 1 2099 1969 2446 2702
6925 4 2 7 1 2729 2848 1167 2936
6926 4 2 7 1 2040 2491 2205 2611
6927 4 2 7 1 2209 2610 2145 2787
6928 4 2 7 1 761 759 760 2445
6929 4 2 7 1 2021 2434 2504 2598
6930 4 2 7 1 2211 2753 2289 2951
6931 4 2 7 1 2170 1968 2507 2538
6932 4 2 7 1 1942 2119 2316 2974
6933 4 2 7 1 1965 2201 2406 2499
6934 4 2 7 1 2169 348 2327 2783
6935 4 2 7 1 2011 2320 2163 2885
6936 4 2 7 1 2183 2268 2033 2818
6937 4 2 7 1 2020 2343 2296 2626
6938 4 2 7 1 1667 1666 1668 2698
6939 4 2 7 1 1036 1080 685 2237
6940 4 2 7 1 794 2514 721 2560
6941 4 2 7 1 2135 583 2662 2970
6942 4 2 7 1 2084 2359 321 2648
6943 4 2 7 1 873 649 884 2463
6944 4 2 7 1 2270 2643 1964 2800
6945 4 2 7 1 2162 2429 2418 2908
6946 4 2 7 1 1511 1549 1516 2622
6947 4 2 7 1 2006 2298 2103 2623
6948 4 2 7 1 1657 1658 1659 2196
6949 4 2 7 1 1637 1636 2172 2616
6950 4 2 7 1 449 430 2173 2408
6951 4 2 7 1 2172 2367 1986 2703
6952 4 2 7 1 1419 1235 2401 2620
6953 4 2 7 1 1976 2726 2347 2781
6954 4 2 7 1 2139 2393 2072 2485
6955 4 2 7 1 1252 2190 1482 2820
6956 4 2 7 1 1477 2523 2092 2941
6957 4 2 7 1 2283 2332 2916 2934
6958 4 2 7 1 2167 2208 1331 2320
6959 4 2 7 1 1999 2060 2546 3044
6960 4 2 7 1 1878 2679 1622 2831
6961 4 2 7 1 2069 2490 2275 2596
6962 4 2 7 1 1125 1308 1845 2580
6963 4 2 7 1 352 350 351 2783
6964 4 2 7 1 2396 2403 1271 2540
6965 4 2 7 1 2099 1956 2293 2954
6966 4 2 7 1 742 740 1004 2496
6967 4 2 7 1 2012 2391 2241 2701
6968 4 2 7 1 592 2743 2558 2960
6969 4 2 7 1 1104 1329 1914 2320
6970 4 2 7 1 2119 1977 2353 2882
6971 4 2 7 1 1940 2347 2128 2500
6972 4 2 7 1 2027 2327 2498 2742
6973 4 2 7 1 1956 2431 2301 2946
6974 4 2 7 1 2174 429 2665 3047
6975 4 2 7 1 1354 1358 292 2595
6976 4 2 7 1 1941 2242 2149 2629
6977 4 2 7 1 1025 1493 998 3011
6978 4 2 7 1 285 918 2304 2503
6979 4 2 7 1 1786 2105 1784 2674
6980 4 2 7 1 486 488 487 2404
6981 4 2 7 1 2007 2244 2344 2609
6982 4 2 7 1 1691 2441 2175 2539
6983 4 2 7 1 703 705 956 2407
6984 4 2 7 1 1417 1255 2436 2998
6985 4 2 7 1 2024 2412 2087 2838
6986 4 2 7 1 2244 2515 2089 2952
6987 4 2 7 1 408 538 2333 2571
6988 4 2 7 1 953 2198 954 2701
6989 4 2 7 1 289 522 525 2197
6990 4 2 7 1 1970 2136 2283 2779
6991 4 2 7 1 1629 1630 2166 2881
6992 4 2 7 1 1395 1458 2143 2729
6993 4 2 7 1 1972 2363 2153 2694
6994 4 2 7 1 1238 1235 1237 2303
6995 4 2 7 1 1787 2525 2252 2864
6996 4 2 7 1 1109 555 2168 3020
6997 4 2 7 1 2144 2489 2057 2679
6998 4 2 7 1 1064 1087 1058 2289
6999 4 2 7 1 2034 2389 2142 2500
7000 4 2 7 1 1953 2944 2168 3020
7001 4 2 7 1 1624 2144 2679 3041
7002 4 2 7 1 1965 2825 2175 2980
7003 4 2 7 1 2059 2484 796 2605
7004 4 2 7 1 1954 2742 2318 2822
7005 4 2 7 1 1965 2440 2201 2499
7006 4 2 7 1 1446 1289 1449 2214
7007 4 2 7 1 626 2272 473 2385
7008 4 2 7 1 1258 2913 2217 2923
7009 4 2 7 1 638 464 558 2648
7010 4 2 7 1 727 726 728 2728
7011 4 2 7 1 1953 2379 2108 2695
7012 4 2 7 1 2013 2350 2453 2634
7013 4 2 7 1 451 2158 277 2450
7014 4 2 7 1 1967 2084 2434 2695
7015 4 2 7 1 2106 1429 2494 2595
7016 4 2 7 1 1965 2406 2201 2440
7017 4 2 7 1 1977 2119 2353 2797
7018 4 2 7 1 593 2369 461 2752
7019 4 2 7 1 2240 2415 411 2892
7020 4 2 7 1 2120 2422 1853 2973
7021 4 2 7 1 1792 2697 2132 2864
7022 4 2 7 1 1990 2360 2188 2423
7023 4 2 7 1 2137 2293 915 2427
7024 4 2 7 1 2171 2315 1982 2549
7025 4 2 7 1 1499 2159 1497 2824
7026 4 2 7 1 2022 2217 2207 2235
7027 4 2 7 1 2214 2905 2435 2938
7028 4 2 7 1 1977 2042 2428 2544
7029 4 2 7 1 2351 2621 2378 2971
7030 4 2 7 1 1168 1167 2848 2936
7031 4 2 7 1 269 557 1315 2165
7032 4 2 7 1 2349 2162 2510 2966
7033 4 2 7 1 1969 2446 2150 2967
7034 4 2 7 1 809 2236 2566 2877
7035 4 2 7 1 705 706 707 2334
7036 4 2 7 1 439 446 294 2374
7037 4 2 7 1 2022 2257 2217 2482
7038 4 2 7 1 1423 2888 2071 3042
7039 4 2 7 1 542 540 2467 2503
7040 4 2 7 1 1894 1038 1882 2289
7041 4 2 7 1 1581 1877 967 2713
7042 4 2 7 1 1833 2443 1630 2505
7043 4 2 7 1 1724 1717 1716 2534
7044 4 2 7 1 2040 2423 2219 3012
7045 4 2 7 1 1951 2085 2292 2377
7046 4 2 7 1 735 2318 736 2768
7047 4 2 7 1 1696 1833 1630 2505
7048 4 2 7 1 2115 2534 2008 2785
7049 4 2 7 1 1949 2542 2285 2561
7050 4 2 7 1 1554 1785 674 2252
7051 4 2 7 1 1722 2361 1851 2554
7052 4 2 7 1 333 2385 2142 2889
7053 4 2 7 1 1957 2246 2947 2999
7054 4 2 7 1 2196 2386 1992 2710
7055 4 2 7 1 950 2398 792 2832
7056 4 2 7 1 1942 2125 2360 2719
7057 4 2 7 1 2099 2293 1956 2340
7058 4 2 7 1 2092 2362 1978 2424
7059 4 2 7 1 881 749 949 2597
7060 4 2 7 1 1410 2390 1157 2453
7061 4 2 7 1 2484 2571 2317 2605
7062 4 2 7 1 1629 2166 2422 2881
7063 4 2 7 1 2120 2355 1949 2942
7064 4 2 7 1 1998 2874 2102 2890
7065 4 2 7 1 1460 1394 1395 2396
7066 4 2 7 1 2128 2500 2347 2501
7067 4 2 7 1 416 375 373 2286
7068 4 2 7 1 1637 1635 1636 2616
7069 4 2 7 1 1098 1080 1036 2237
7070 4 2 7 1 1761 1697 2320 2519
7071 4 2 7 1 1937 2363 2116 2410
7072 4 2 7 1 282 2192 985 2607
7073 4 2 7 1 2198 770 2632 3021
7074 4 2 7 1 1951 2292 2085 2624
7075 4 2 7 1 2231 2299 481 2725
7076 4 2 7 1 505 381 2191 2970
7077 4 2 7 1 1346 1344 1345 2200
7078 4 2 7 1 1786 2105 2252 2720
7079 4 2 7 1 1747 1590 1439 2688
7080 4 2 7 1 2058 2604 2513 2959
7081 4 2 7 1 2097 2537 2303 2620
7082 4 2 7 1 2142 2389 1980 2955
7083 4 2 7 1 1959 2461 2281 2625
7084 4 2 7 1 1971 2408 2174 2665
7085 4 2 7 1 1519 1547 1546 2447
7086 4 2 7 1 1421 1120 1346 2374
7087 4 2 7 1 2400 2652 2116 2873
7088 4 2 7 1 2093 2664 2415 2775
7089 4 2 7 1 2508 2542 2251 2640
7090 4 2 7 1 2177 2749 750 2910
7091 4 2 7 1 2135 2661 859 2691
7092 4 2 7 1 1992 2710 2386 2719
7093 4 2 7 1 927 2610 2209 2787
7094 4 2 7 1 561 2106 433 2448
7095 4 2 7 1 2392 2600 1972 2675
7096 4 2 7 1 1546 1514 2146 2447
7097 4 2 7 1 2001 2198 2538 2701
7098 4 2 7 1 733 2186 928 2582
7099 4 2 7 1 2044 2680 2479 2834
7100 4 2 7 1 848 816 783 2763
7101 4 2 7 1 2044 2370 2249 2479
7102 4 2 7 1 821 996 1010 2179
7103 4 2 7 1 2127 2554 2361 2594
7104 4 2 7 1 1699 1880 1822 2603
7105 4 2 7 1 2124 2584 356 2638
7106 4 2 7 1 1921 1718 2346 2993
7107 4 2 7 1 573 545 546 2308
7108 4 2 7 1 2093 2415 2664 2985
7109 4 2 7 1 929 2138 2582 2935
7110 4 2 7 1 2043 2417 2507 2536
7111 4 2 7 1 2460 2838 2024 2971
7112 4 2 7 1 2186 2318 1954 2630
7113 4 2 7 1 1966 2498 2231 2922
7114 4 2 7 1 2086 2302 1947 2955
7115 4 2 7 1 1950 2519 2208 2770
7116 4 2 7 1 2039 2581 2184 2675
7117 4 2 7 1 1939 2344 2244 2609
7118 4 2 7 1 2265 2330 1993 2911
7119 4 2 7 1 2436 2606 2161 2948
7120 4 2 7 1 1423 2520 1405 3042
7121 4 2 7 1 697 698 2335 2875
7122 4 2 7 1 2238 2526 2114 2762
7123 4 2 7 1 1145 1425 1143 2203
7124 4 2 7 1 1943 2104 2367 2649
7125 4 2 7 1 2066 2811 1640 2839
7126 4 2 7 1 1995 2430 2161 2948
7127 4 2 7 1 599 620 276 2345
7128 4 2 7 1 807 2311 815 2644
7129 4 2 7 1 570 2380 316 2664
7130 4 2 7 1 1068 1045 2564 2760
7131 4 2 7 1 1382 2436 1406 2606
7132 4 2 7 1 1987 2641 2485 2982
7133 4 2 7 1 2202 2828 2534 2844
7134 4 2 7 1 660 2132 871 2697
7135 4 2 7 1 2129 2667 2067 3023
7136 4 2 7 1 1965 2111 2441 2548
7137 4 2 7 1 1946 2411 2102 2512
7138 4 2 7 1 1983 2584 2575 2591
7139 4 2 7 1 2024 2087 2692 2838
7140 4 2 7 1 2065 2297 2696 3026
7141 4 2 7 1 654 996 520 2527
7142 4 2 7 1 2033 2751 2579 2818
7143 4 2 7 1 1875 2449 1863 2679
7144 4 2 7 1 645 2185 508 2595
7145 4 2 7 1 697 2147 698 2875
7146 4 2 7 1 1496 2688 2824 2852
7147 4 2 7 1 2219 2545 1990 2837
7148 4 2 7 1 923 1013 955 2317
7149 4 2 7 1 1664 2275 1666 2522
7150 4 2 7 1 1699 1822 1824 2473
7151 4 2 7 1 2399 2523 1330 2641
7152 4 2 7 1 648 2657 2309 2691
7153 4 2 7 1 2355 2120 2921 2942
7154 4 2 7 1 1971 2174 2173 2668
7155 4 2 7 1 1044 2760 2276 2862
7156 4 2 7 1 2005 2263 2093 2402
7157 4 2 7 1 2096 2033 2671 2751
7158 4 2 7 1 1938 2379 2263 2402
7159 4 2 7 1 770 2274 806 2632
7160 4 2 7 1 2102 1958 2411 2647
7161 4 2 7 1 2453 2778 2390 2905
7162 4 2 7 1 1384 1255 1382 2436
7163 4 2 7 1 2106 2452 2035 2693
7164 4 2 7 1 2315 2049 2744 2926
7165 4 2 7 1 1723 2612 1800 2628
7166 4 2 7 1 2196 1995 2541 2710
7167 4 2 7 1 2418 2429 1981 2754
7168 4 2 7 1 337 2823 2549 2906
7169 4 2 7 1 2196 2541 1995 2612
7170 4 2 7 1 2021 2340 2293 2553
7171 4 2 7 1 904 2176 902 2702
7172 4 2 7 1 1384 1429 2106 2962
7173 4 2 7 1 1712 1598 1599 2376
7174 4 2 7 1 2092 2424 1401 2941
7175 4 2 7 1 2075 1993 2351 2409
7176 4 2 7 1 2317 2484 1997 2571
7177 4 2 7 1 1170 2577 2090 2936
7178 4 2 7 1 2257 2634 1163 2989
7179 4 2 7 1 2054 2076 2407 2835
7180 4 2 7 1 1828 2679 2831 2884
7181 4 2 7 1 2052 2331 2535 2978
7182 4 2 7 1 2032 2452 2106 2693
7183 4 2 7 1 2315 2871 343 2914
7184 4 2 7 1 2091 2369 388 2662
7185 4 2 7 1 2208 2256 1403 2925
7186 4 2 7 1 849 807 815 2644
7187 4 2 7 1 2062 2449 2113 2640
7188 4 2 7 1 2062 2285 2542 2561
7189 4 2 7 1 1959 2282 2108 2625
7190 4 2 7 1 1322 1324 2096 2751
7191 4 2 7 1 2156 2309 1994 2997
7192 4 2 7 1 1988 2237 2558 2743
7193 4 2 7 1 1952 2269 2094 2568
7194 4 2 7 1 1983 2591 2575 2890
7195 4 2 7 1 2217 2509 2482 2989
7196 4 2 7 1 2446 2702 713 2954
7197 4 2 7 1 1743 1896 1588 2194
7198 4 2 7 1 408 2571 2333 2889
7199 4 2 7 1 2065 2625 2297 3026
7200 4 2 7 1 516 2200 420 3033
7201 4 2 7 1 389 2110 2565 2997
7202 4 2 7 1 1991 2253 2126 2596
7203 4 2 7 1 1324 1133 1322 2096
7204 4 2 7 1 2059 2304 2349 2478
7205 4 2 7 1 2057 2489 2587 2991
7206 4 2 7 1 2020 2121 2343 2883
7207 4 2 7 1 1959 2076 2282 2602
7208 4 2 7 1 524 523 520 2527
7209 4 2 7 1 836 808 824 2100
7210 4 2 7 1 654 1010 996 2527
7211 4 2 7 1 638 558 2165 2648
7212 4 2 7 1 1747 1439 1139 2688
7213 4 2 7 1 453 2450 2133 2876
7214 4 2 7 1 651 2321 926 2900
7215 4 2 7 1 2400 2468 2079 2604
7216 4 2 7 1 1942 2360 2125 2670
7217 4 2 7 1 1658 1659 2196 2573
7218 4 2 7 1 1511 2968 2189 2996
7219 4 2 7 1 962 2429 727 2908
7220 4 2 7 1 2091 2369 2015 2651
7221 4 2 7 1 1475 1078 1037 3013
7222 4 2 7 1 1426 2786 1264 3015
7223 4 2 7 1 283 548 549 2210
7224 4 2 7 1 2045 2706 2589 2754
7225 4 2 7 1 797 902 2487 2702
7226 4 2 7 1 1212 2579 1431 2751
7227 4 2 7 1 1210 2579 2183 2667
7228 4 2 7 1 1967 2240 2197 2789
7229 4 2 7 1 2048 2406 2201 2499
7230 4 2 7 1 2249 2680 2044 2704
7231 4 2 7 1 1088 1042 1002 2753
7232 4 2 7 1 1988 2213 2261 2460
7233 4 2 7 1 1973 2087 2288 2289
7234 4 2 7 1 354 2313 352 2368
7235 4 2 7 1 1919 1853 2422 2973
7236 4 2 7 1 2041 2375 2338 2744
7237 4 2 7 1 2243 2265 2259 3015
7238 4 2 7 1 1345 2200 2456 3040
7239 4 2 7 1 1930 2182 1772 2895
7240 4 2 7 1 389 2110 372 2565
7241 4 2 7 1 1346 1154 1421 2627
7242 4 2 7 1 2117 2012 2391 2847
7243 4 2 7 1 1928 2134 1848 2548
7244 4 2 7 1 1064 2289 2239 2753
7245 4 2 7 1 1957 2303 2097 2537
7246 4 2 7 1 2111 2281 1965 2625
7247 4 2 7 1 363 365 364 2462
7248 4 2 7 1 2394 2434 1967 2461
7249 4 2 7 1 912 913 1006 2427
7250 4 2 7 1 1266 1296 1282 2159
7251 4 2 7 1 1819 2176 1822 2603
7252 4 2 7 1 2083 1960 2543 2764
7253 4 2 7 1 1988 2558 2158 2743
7254 4 2 7 1 453 298 2133 2450
7255 4 2 7 1 2079 2468 2400 2652
7256 4 2 7 1 1948 2618 2520 2623
7257 4 2 7 1 374 2225 376 2565
7258 4 2 7 1 2409 2786 1426 3015
7259 4 2 7 1 2118 1954 2230 2746
7260 4 2 7 1 1943 2271 2375 2649
7261 4 2 7 1 1808 2187 1929 2834
7262 4 2 7 1 1451 2551 1399 2634
7263 4 2 7 1 1672 1670 1673 2819
7264 4 2 7 1 366 2491 2157 2740
7265 4 2 7 1 314 2094 311 2851
7266 4 2 7 1 1977 2353 2428 2887
7267 4 2 7 1 1879 2396 1706 2522
7268 4 2 7 1 701 702 700 2875
7269 4 2 7 1 2231 2498 2027 2783
7270 4 2 7 1 1511 2405 2189 2622
7271 4 2 7 1 2281 2358 2111 2772
7272 4 2 7 1 1950 2256 2208 2312
7273 4 2 7 1 1422 1260 1327 2120
7274 4 2 7 1 685 1080 991 2237
7275 4 2 7 1 2101 2643 2270 2800
7276 4 2 7 1 1511 2622 2189 2780
7277 4 2 7 1 2026 2397 2238 2803
7278 4 2 7 1 497 2586 2219 2740
7279 4 2 7 1 373 483 416 2286
7280 4 2 7 1 802 956 705 2602
7281 4 2 7 1 2140 2365 1963 2384
7282 4 2 7 1 1948 2125 2292 2459
7283 4 2 7 1 1144 2194 1892 2578
7284 4 2 7 1 1943 2367 2104 2589
7285 4 2 7 1 1940 2300 2128 2489
7286 4 2 7 1 1944 2249 2307 2750
7287 4 2 7 1 1303 1096 1040 2194
7288 4 2 7 1 1955 2866 2482 2869
7289 4 2 7 1 2234 2463 1776 2721
7290 4 2 7 1 2121 2544 2448 2552
7291 4 2 7 1 2093 2005 2402 2985
7292 4 2 7 1 1946 2102 2411 2511
7293 4 2 7 1 1482 2190 1362 2550
7294 4 2 7 1 1721 2658 2993 3011
7295 4 2 7 1 2281 2461 2108 2625
7296 4 2 7 1 2260 2424 1978 2464
7297 4 2 7 1 836 808 2342 2877
7298 4 2 7 1 2615 2700 2438 2929
7299 4 2 7 1 2163 2355 2268 2898
7300 4 2 7 1 1614 2506 2455 2603
7301 4 2 7 1 2278 2635 2091 2662
7302 4 2 7 1 928 2186 733 2472
7303 4 2 7 1 2080 2349 2510 2683
7304 4 2 7 1 722 2152 2484 2723
7305 4 2 7 1 1970 2257 2482 2987
7306 4 2 7 1 2272 2579 2096 2751
7307 4 2 7 1 954 953 769 2198
7308 4 2 7 1 2146 2849 1721 3011
7309 4 2 7 1 2415 2504 411 2892
7310 4 2 7 1 1055 1057 2378 2621
7311 4 2 7 1 2120 2464 2921 2942
7312 4 2 7 1 2210 2588 2118 2757
7313 4 2 7 1 413 479 480 2299
7314 4 2 7 1 2086 2549 2823 2906
7315 4 2 7 1 427 2246 445 2451
7316 4 2 7 1 2315 343 2871 2926
7317 4 2 7 1 1170 1428 1172 2577
7318 4 2 7 1 2250 2419 2264 3001
7319 4 2 7 1 2504 2572 2077 2598
7320 4 2 7 1 1987 2367 2172 2703
7321 4 2 7 1 2249 2370 2044 2680
7322 4 2 7 1 2370 2680 2249 2704
7323 4 2 7 1 1160 2509 2488 3014
7324 4 2 7 1 1184 2204 1182 2494
7325 4 2 7 1 2211 2046 2650 2951
7326 4 2 7 1 2063 2394 2766 2963
7327 4 2 7 1 523 570 521 2527
7328 4 2 7 1 2164 2519 1950 2770
7329 4 2 7 1 2452 2693 2414 2974
7330 4 2 7 1 1382 1381 2388 2606
7331 4 2 7 1 521 2527 570 2664
7332 4 2 7 1 1704 1929 1808 2187
7333 4 2 7 1 350 2783 2313 2992
7334 4 2 7 1 2329 2389 2033 2671
7335 4 2 7 1 315 426 613 2601
7336 4 2 7 1 2012 2432 2206 2698
7337 4 2 7 1 1443 1494 1496 2688
7338 4 2 7 1 1995 2103 2253 2430
7339 4 2 7 1 1794 1795 2275 2533
7340 4 2 7 1 1725 1712 1741 2376
7341 4 2 7 1 787 755 2188 2532
7342 4 2 7 1 2146 2346 2909 2993
7343 4 2 7 1 968 2178 2514 2560
7344 4 2 7 1 367 2157 2462 2861
7345 4 2 7 1 2181 2483 2079 2959
7346 4 2 7 1 1575 1837 945 2920
7347 4 2 7 1 1092 2158 1070 2743
7348 4 2 7 1 2473 2603 2176 2782
7349 4 2 7 1 2128 2489 2300 2542
7350 4 2 7 1 1792 2132 1790 2864
7351 4 2 7 1 656 889 890 2614
7352 4 2 7 1 1959 2215 2602 2912
7353 4 2 7 1 2236 1988 2342 2877
7354 4 2 7 1 455 2131 2659 2937
7355 4 2 7 1 447 2200 284 2374
7356 4 2 7 1 1976 2347 2489 2781
7357 4 2 7 1 2094 2263 2014 2559
7358 4 2 7 1 793 2427 2293 2553
7359 4 2 7 1 1766 1702 1767 2362
7360 4 2 7 1 1954 2230 2186 2630
7361 4 2 7 1 2043 2191 2135 2794
7362 4 2 7 1 1661 1660 1662 2868
7363 4 2 7 1 2090 1991 2242 2761
7364 4 2 7 1 2324 2532 2029 2910
7365 4 2 7 1 372 389 370 2110
7366 4 2 7 1 385 2091 383 2371
7367 4 2 7 1 393 2437 2229 2717
7368 4 2 7 1 2296 2496 2020 2626
7369 4 2 7 1 2151 2617 2279 2756
7370 4 2 7 1 1953 2165 2944 3020
7371 4 2 7 1 1728 2266 1709 2613
7372 4 2 7 1 2014 2263 2093 2559
7373 4 2 7 1 471 472 407 2096
7374 4 2 7 1 1059 2087 1065 2692
7375 4 2 7 1 1936 2114 2381 2762
7376 4 2 7 1 950 2626 2398 2832
7377 4 2 7 1 2056 2314 2060 2546
7378 4 2 7 1 721 2152 722 2723
7379 4 2 7 1 2109 2626 2343 2817
7380 4 2 7 1 2058 2513 2604 2656
7381 4 2 7 1 2053 2419 2250 2805
7382 4 2 7 1 1968 2091 2454 2635
7383 4 2 7 1 1845 1308 1558 2580
7384 4 2 7 1 1074 1894 1567 2289
7385 4 2 7 1 2101 2477 1964 2800
7386 4 2 7 1 1947 2251 2112 2510
7387 4 2 7 1 1281 2580 2528 2964
7388 4 2 7 1 1628 1626 1835 2881
7389 4 2 7 1 2041 2375 2271 2649
7390 4 2 7 1 1971 2229 2408 2665
7391 4 2 7 1 1824 2150 1825 2831
7392 4 2 7 1 2245 1330 2523 2641
7393 4 2 7 1 1955 2344 2091 2635
7394 4 2 7 1 2164 2473 1969 2685
7395 4 2 7 1 2039 2392 2363 2675
7396 4 2 7 1 1014 796 2605 2799
7397 4 2 7 1 2572 2598 2084 2648
7398 4 2 7 1 2446 2755 2150 2967
7399 4 2 7 1 2004 2617 2151 2756
7400 4 2 7 1 576 2179 2426 2846
7401 4 2 7 1 1441 1139 1298 2688
7402 4 2 7 1 741 2199 742 2832
7403 4 2 7 1 2105 2463 1784 2674
7404 4 2 7 1 1969 2702 2099 2782
7405 4 2 7 1 1432 1442 1492 2364
7406 4 2 7 1 1983 2368 2107 2845
7407 4 2 7 1 1967 2108 2402 2695
7408 4 2 7 1 1995 2253 2126 2430
7409 4 2 7 1 697 694 698 2147
7410 4 2 7 1 374 376 505 2565
7411 4 2 7 1 2259 2838 2460 2971
7412 4 2 7 1 2275 2490 1991 2596
7413 4 2 7 1 1796 2117 1795 2731
7414 4 2 7 1 1947 2302 2086 2529
7415 4 2 7 1 2093 2559 2380 2664
7416 4 2 7 1 2069 2490 2253 2653
7417 4 2 7 1 1225 1224 1226 2201
7418 4 2 7 1 1160 1161 1159 2453
7419 4 2 7 1 2347 2501 2500 3034
7420 4 2 7 1 2065 2115 2696 2785
7421 4 2 7 1 1456 1365 1440 2554
7422 4 2 7 1 2055 2343 2626 2817
7423 4 2 7 1 891 2444 801 2607
7424 4 2 7 1 727 2162 726 2728
7425 4 2 7 1 513 2071 2413 2888
7426 4 2 7 1 2037 2475 2763 2805
7427 4 2 7 1 2103 1995 2253 2899
7428 4 2 7 1 339 341 340 2914
7429 4 2 7 1 754 2188 755 2423
7430 4 2 7 1 2041 2399 2092 2424
7431 4 2 7 1 2065 2696 2539 2785
7432 4 2 7 1 2230 2418 1943 2589
7433 4 2 7 1 1729 2290 1728 3007
7434 4 2 7 1 1993 2130 2376 2578
7435 4 2 7 1 2006 2157 2452 2670
7436 4 2 7 1 2029 2718 2324 2910
7437 4 2 7 1 2250 2805 2659 2810
7438 4 2 7 1 1622 2144 1623 2587
7439 4 2 7 1 1154 1149 1421 2646
7440 4 2 7 1 1314 2165 557 3020
7441 4 2 7 1 780 782 2311 2813
7442 4 2 7 1 2031 2223 2180 3029
7443 4 2 7 1 1949 2285 2163 2807
7444 4 2 7 1 1432 2364 2203 2821
7445 4 2 7 1 2015 2400 2328 2632
7446 4 2 7 1 1912 2208 1761 2320
7447 4 2 7 1 1963 2397 2114 2844
7448 4 2 7 1 2207 2235 2217 2913
7449 4 2 7 1 1944 2353 2750 2887
7450 4 2 7 1 2414 2452 2032 2693
7451 4 2 7 1 2051 2466 437 2904
7452 4 2 7 1 1214 2221 1216 2818
7453 4 2 7 1 308 2356 2216 2759
7454 4 2 7 1 348 2783 2169 2922
7455 4 2 7 1 1316 1325 2165 2944
7456 4 2 7 1 2076 2493 704 2735
7457 4 2 7 1 2084 1967 2415 2695
7458 4 2 7 1 2043 2507 2291 2536
7459 4 2 7 1 2109 2296 1961 2343
7460 4 2 7 1 1029 2660 2137 2771
7461 4 2 7 1 1422 2120 1327 2973
7462 4 2 7 1 1970 2482 2257 2779
7463 4 2 7 1 1976 2449 2144 2542
7464 4 2 7 1 1839 2321 1840 2608
7465 4 2 7 1 2222 2342 2100 2699
7466 4 2 7 1 1783 1777 1555 2463
7467 4 2 7 1 1958 2102 2411 2575
7468 4 2 7 1 2057 2726 2489 2781
7469 4 2 7 1 1959 2279 2151 2617
7470 4 2 7 1 2232 2233 2039 2738
7471 4 2 7 1 2357 2528 2097 3043
7472 4 2 7 1 727 728 2162 2728
7473 4 2 7 1 480 2299 479 2637
7474 4 2 7 1 2183 2355 1209 2921
7475 4 2 7 1 2482 2509 2061 2989
7476 4 2 7 1 1943 2375 2338 2649
7477 4 2 7 1 798 727 962 2556
7478 4 2 7 1 2139 2485 2072 2711
7479 4 2 7 1 713 715 2446 2954
7480 4 2 7 1 2411 2027 2512 2711
7481 4 2 7 1 2062 2542 2285 3041
7482 4 2 7 1 2035 2452 2106 2462
7483 4 2 7 1 2282 2407 2076 2835
7484 4 2 7 1 2137 2301 1956 2431
7485 4 2 7 1 2099 1969 2254 2557
7486 4 2 7 1 2079 2652 1972 2959
7487 4 2 7 1 2087 1993 2376 2425
7488 4 2 7 1 2223 2500 2477 2894
7489 4 2 7 1 1972 2363 2392 2675
7490 4 2 7 1 2041 2081 2338 2480
7491 4 2 7 1 1969 2099 2254 2782
7492 4 2 7 1 929 2582 926 2935
7493 4 2 7 1 1100 636 635 2725
7494 4 2 7 1 872 2132 869 2709
7495 4 2 7 1 1982 2529 2171 2549
7496 4 2 7 1 2005 2735 2527 2840
7497 4 2 7 1 1711 1688 2738 2993
7498 4 2 7 1 1693 1832 2321 2928
7499 4 2 7 1 950 743 745 2626
7500 4 2 7 1 2046 2365 2140 3004
7501 4 2 7 1 2478 2728 2349 2966
7502 4 2 7 1 1272 2126 1397 2540
7503 4 2 7 1 2014 2559 2517 2601
7504 4 2 7 1 1853 2422 2285 2881
7505 4 2 7 1 1548 1511 1530 2996
7506 4 2 7 1 1028 772 983 2518
7507 4 2 7 1 1261 1328 1213 2268
7508 4 2 7 1 1942 2710 2125 2719
7509 4 2 7 1 1695 2312 1756 2470
7510 4 2 7 1 2017 2370 2195 2732
7511 4 2 7 1 1526 2457 1500 2737
7512 4 2 7 1 2169 2783 2498 2922
7513 4 2 7 1 442 397 2258 2665
7514 4 2 7 1 1429 2595 2106 2962
7515 4 2 7 1 780 2311 782 2694
7516 4 2 7 1 1390 1389 1404 2081
7517 4 2 7 1 2141 2839 1974 2874
7518 4 2 7 1 1395 1458 1271 2403
7519 4 2 7 1 871 869 872 2132
7520 4 2 7 1 367 369 368 2348
7521 4 2 7 1 1577 2150 1825 2669
7522 4 2 7 1 798 725 727 2556
7523 4 2 7 1 598 2200 447 2717
7524 4 2 7 1 1972 2392 2255 2600
7525 4 2 7 1 2054 2407 2076 2493
7526 4 2 7 1 1930 1772 1891 2895
7527 4 2 7 1 2365 2384 1600 2833
7528 4 2 7 1 761 2445 2148 2518
7529 4 2 7 1 447 2374 439 2437
7530 4 2 7 1 1311 1228 1226 2633
7531 4 2 7 1 1957 2246 2094 2947
7532 4 2 7 1 1259 2509 1160 3014
7533 4 2 7 1 2076 2054 2493 2835
7534 4 2 7 1 1838 1573 1839 2321
7535 4 2 7 1 1314 557 1109 3020
7536 4 2 7 1 1834 2280 1831 2505
7537 4 2 7 1 1314 2168 2944 3020
7538 4 2 7 1 1623 1622 1624 2144
7539 4 2 7 1 575 2437 393 2717
7540 4 2 7 1 1968 2274 2135 2661
7541 4 2 7 1 2233 2346 1718 2993
7542 4 2 7 1 2564 2760 1045 2862
7543 4 2 7 1 2087 1993 2425 2830
7544 4 2 7 1 1051 1052 1054 2378
7545 4 2 7 1 1977 2428 2121 2544
7546 4 2 7 1 1945 2281 2394 2766
7547 4 2 7 1 674 2252 1785 2674
7548 4 2 7 1 481 634 2231 2725
7549 4 2 7 1 1651 2361 1722 2594
7550 4 2 7 1 2014 2517 2168 2663
7551 4 2 7 1 1966 2299 2231 2531
7552 4 2 7 1 1948 2459 2292 2705
7553 4 2 7 1 2259 2381 2047 2932
7554 4 2 7 1 522 2197 289 2527
7555 4 2 7 1 1224 2201 1225 2440
7556 4 2 7 1 2004 2455 2358 2603
7557 4 2 7 1 592 2960 2558 2961
7558 4 2 7 1 507 583 2135 2970
7559 4 2 7 1 935 2199 2567 2610
7560 4 2 7 1 1942 2452 2414 2974
7561 4 2 7 1 2095 2607 2444 2969
7562 4 2 7 1 2531 2907 2072 2924
7563 4 2 7 1 2312 2685 2088 2860
7564 4 2 7 1 333 2142 334 2889
7565 4 2 7 1 2530 2715 2026 3010
7566 4 2 7 1 1449 2214 1289 2778
7567 4 2 7 1 1837 2280 945 2920
7568 4 2 7 1 1403 2208 1331 2547
7569 4 2 7 1 889 587 291 2614
7570 4 2 7 1 2006 2452 2157 2462
7571 4 2 7 1 1612 2111 2455 2506
7572 4 2 7 1 430 448 449 2173
7573 4 2 7 1 276 1520 1486 2345
7574 4 2 7 1 2364 2457 1526 2737
7575 4 2 7 1 819 776 2471 2483
7576 4 2 7 1 2004 2420 2487 2756
7577 4 2 7 1 1347 517 1134 2224
7578 4 2 7 1 2141 2249 1998 2874
7579 4 2 7 1 1997 2295 2152 2484
7580 4 2 7 1 1831 1830 2443 2920
7581 4 2 7 1 2235 2242 2022 2981
7582 4 2 7 1 2246 2601 463 2851
7583 4 2 7 1 561 2106 2448 2595
7584 4 2 7 1 1866 1580 2140 3004
7585 4 2 7 1 2068 2287 2216 2673
7586 4 2 7 1 1976 2080 2560 2640
7587 4 2 7 1 2311 2644 2073 2676
7588 4 2 7 1 2245 1987 2523 2616
7589 4 2 7 1 1878 1622 1620 2831
7590 4 2 7 1 1968 2635 2454 2866
7591 4 2 7 1 1825 2150 1824 2669
7592 4 2 7 1 1961 2119 2552 2974
7593 4 2 7 1 1766 2422 1631 2476
7594 4 2 7 1 1794 1795 1664 2275
7595 4 2 7 1 1317 1242 2492 2497
7596 4 2 7 1 1954 2498 2327 2742
7597 4 2 7 1 886 2398 883 2713
7598 4 2 7 1 1991 2396 2126 2540
7599 4 2 7 1 2280 2505 1834 2815
7600 4 2 7 1 2038 2730 2143 2779
7601 4 2 7 1 2036 2429 2418 2754
7602 4 2 7 1 1981 2280 2113 2505
7603 4 2 7 1 2005 2402 2493 2835
7604 4 2 7 1 1246 2579 1210 2667
7605 4 2 7 1 1006 2427 793 2553
7606 4 2 7 1 265 487 493 2205
7607 4 2 7 1 2098 2590 2002 2917
7608 4 2 7 1 2113 1834 2505 2815
7609 4 2 7 1 1989 2264 2339 2419
7610 4 2 7 1 2235 2002 2629 2917
7611 4 2 7 1 898 2151 677 3009
7612 4 2 7 1 1028 761 2148 2518
7613 4 2 7 1 990 2236 293 2784
7614 4 2 7 1 1381 2413 2388 2606
7615 4 2 7 1 2016 2088 2358 2506
7616 4 2 7 1 495 496 264 2219
7617 4 2 7 1 344 2871 2467 2914
7618 4 2 7 1 1965 2548 2134 2772
7619 4 2 7 1 1176 2606 1406 2948
7620 4 2 7 1 2033 2221 2167 2329
7621 4 2 7 1 1984 2155 2228 2535
7622 4 2 7 1 1787 2252 2525 2720
7623 4 2 7 1 2023 2216 2673 2774
7624 4 2 7 1 2551 2778 2013 2931
7625 4 2 7 1 908 1577 2669 2884
7626 4 2 7 1 2726 2831 2679 2884
7627 4 2 7 1 1962 2594 2361 2978
7628 4 2 7 1 2212 2307 2220 2465
7629 4 2 7 1 1242 2082 1218 2492
7630 4 2 7 1 1104 1326 1328 2163
7631 4 2 7 1 1261 2167 1331 2320
7632 4 2 7 1 353 354 2368 2584
7633 4 2 7 1 1701 2455 1610 3030
7634 4 2 7 1 560 503 506 2309
7635 4 2 7 1 1575 945 675 2920
7636 4 2 7 1 1680 2184 1681 2867
7637 4 2 7 1 2191 2657 2043 2691
7638 4 2 7 1 2079 2471 2181 2959
7639 4 2 7 1 2027 2498 2411 2742
7640 4 2 7 1 2328 2400 2079 2632
7641 4 2 7 1 1959 2617 2151 2939
7642 4 2 7 1 2558 2960 2237 2961
7643 4 2 7 1 2123 2541 2190 2820
7644 4 2 7 1 935 739 2199 2610
7645 4 2 7 1 926 2321 2582 2900
7646 4 2 7 1 1008 2293 915 2660
7647 4 2 7 1 2280 2443 1831 2505
7648 4 2 7 1 1376 2134 2470 2569
7649 4 2 7 1 1377 2825 2134 2980
7650 4 2 7 1 1300 1426 1264 3015
7651 4 2 7 1 1972 2255 2181 2995
7652 4 2 7 1 2019 2182 2639 2895
7653 4 2 7 1 1643 2141 1644 2479
7654 4 2 7 1 2477 2500 2034 2894
7655 4 2 7 1 1997 2484 2152 2683
7656 4 2 7 1 1940 2389 2329 2671
7657 4 2 7 1 1741 2376 2425 2793
7658 4 2 7 1 323 324 2504 2572
7659 4 2 7 1 1583 1592 2211 2650
7660 4 2 7 1 2019 2641 2245 2982
7661 4 2 7 1 2016 2312 2088 2506
7662 4 2 7 1 905 2150 907 2669
7663 4 2 7 1 2102 1946 2512 2890
7664 4 2 7 1 1803 1661 1773 2573
7665 4 2 7 1 1647 2680 2594 2834
7666 4 2 7 1 1349 2107 2563 2724
7667 4 2 7 1 1400 2464 2120 2973
7668 4 2 7 1 1961 2326 2121 2404
7669 4 2 7 1 1057 1083 1055 2450
7670 4 2 7 1 2217 2022 2482 2981
7671 4 2 7 1 494 2491 399 2740
7672 4 2 7 1 2031 2295 2223 3029
7673 4 2 7 1 1984 2463 2234 2721
7674 4 2 7 1 1952 2269 2568 2791
7675 4 2 7 1 1619 1618 1620 2164
7676 4 2 7 1 1798 1582 1373 2554
7677 4 2 7 1 769 2198 953 3021
7678 4 2 7 1 1950 2547 2082 2643
7679 4 2 7 1 1549 1516 2622 2780
7680 4 2 7 1 1777 1776 1555 2463
7681 4 2 7 1 1882 2289 1038 2753
7682 4 2 7 1 1104 1327 1326 2163
7683 4 2 7 1 1577 1825 2150 2884
7684 4 2 7 1 2245 2523 2399 2641
7685 4 2 7 1 2121 2428 1977 2552
7686 4 2 7 1 2264 2419 1989 3001
7687 4 2 7 1 1513 1508 1539 2546
7688 4 2 7 1 1962 2123 2361 2438
7689 4 2 7 1 1250 2907 2531 2924
7690 4 2 7 1 1410 2390 2453 2778
7691 4 2 7 1 2318 2472 2030 2768
7692 4 2 7 1 2338 2375 2041 2649
7693 4 2 7 1 2022 2143 2332 2779
7694 4 2 7 1 1948 2292 2125 2653
7695 4 2 7 1 1941 2417 2325 2432
7696 4 2 7 1 2182 2521 1369 2767
7697 4 2 7 1 1780 1782 2195 2576
7698 4 2 7 1 1390 1404 1245 2480
7699 4 2 7 1 1374 1373 1582 2554
7700 4 2 7 1 1640 2458 2066 2839
7701 4 2 7 1 2036 2418 2230 2589
7702 4 2 7 1 1069 2158 277 2743
7703 4 2 7 1 1817 2151 1816 3009
7704 4 2 7 1 2232 2339 2060 2878
7705 4 2 7 1 601 353 2368 2584
7706 4 2 7 1 2128 1947 2302 2501
7707 4 2 7 1 954 2198 771 2483
7708 4 2 7 1 1227 2406 1228 2528
7709 4 2 7 1 1206 2260 1204 2716
7710 4 2 7 1 2193 2947 2246 2999
7711 4 2 7 1 1948 2292 2599 2705
7712 4 2 7 1 481 634 413 2231
7713 4 2 7 1 523 524 576 2179
7714 4 2 7 1 1990 2459 2125 2670
7715 4 2 7 1 2197 2664 2415 2985
7716 4 2 7 1 1884 647 1750 2241
7717 4 2 7 1 307 2774 578 2851
7718 4 2 7 1 2203 2364 2769 2865
7719 4 2 7 1 2106 2436 2032 2998
7720 4 2 7 1 2012 2241 2538 2701
7721 4 2 7 1 1212 2751 1431 2818
7722 4 2 7 1 1183 2438 2204 2929
7723 4 2 7 1 1592 2211 2650 2951
7724 4 2 7 1 2021 2431 2077 2504
7725 4 2 7 1 573 334 2308 2571
7726 4 2 7 1 1943 2589 2104 2593
7727 4 2 7 1 1853 2807 2120 2973
7728 4 2 7 1 1983 2307 2212 2591
7729 4 2 7 1 1424 2480 1245 2741
7730 4 2 7 1 515 281 1341 2456
7731 4 2 7 1 2117 2305 1951 2533
7732 4 2 7 1 1956 2660 2293 2954
7733 4 2 7 1 1996 2294 2131 2345
7734 4 2 7 1 322 411 2415 2504
7735 4 2 7 1 2096 407 2585 2722
7736 4 2 7 1 2004 2358 2088 2603
7737 4 2 7 1 1694 2370 2576 3019
7738 4 2 7 1 1950 2082 2341 2643
7739 4 2 7 1 2140 2384 2335 2387
7740 4 2 7 1 908 907 2150 2669
7741 4 2 7 1 2022 2257 2482 2779
7742 4 2 7 1 2106 433 2462 2962
7743 4 2 7 1 2259 2265 2047 2330
7744 4 2 7 1 1972 2600 2255 2995
7745 4 2 7 1 270 466 619 2218
7746 4 2 7 1 2023 2774 2673 2851
7747 4 2 7 1 2101 2352 2685 2770
7748 4 2 7 1 2120 2807 1327 2973
7749 4 2 7 1 1963 2384 2833 2844
7750 4 2 7 1 2105 2324 2029 2718
7751 4 2 7 1 2002 2098 2502 2590
7752 4 2 7 1 2217 2235 2098 2913
7753 4 2 7 1 2513 2600 2058 2959
7754 4 2 7 1 1972 2079 2471 2652
7755 4 2 7 1 593 262 2135 2752
7756 4 2 7 1 1761 2320 2208 2519
7757 4 2 7 1 1980 2955 2302 3023
7758 4 2 7 1 1976 2508 2080 2640
7759 4 2 7 1 716 795 718 3029
7760 4 2 7 1 1624 2679 2449 3041
7761 4 2 7 1 374 373 375 2286
7762 4 2 7 1 2011 2587 2489 2991
7763 4 2 7 1 2009 2335 2384 2387
7764 4 2 7 1 1959 2281 2461 2617
7765 4 2 7 1 1725 2288 1712 2376
7766 4 2 7 1 2246 2774 2051 3039
7767 4 2 7 1 1831 2443 2280 2920
7768 4 2 7 1 2382 2734 1952 2806
7769 4 2 7 1 2583 2836 2278 2923
7770 4 2 7 1 2283 2819 1707 2916
7771 4 2 7 1 1853 1700 2285 2807
7772 4 2 7 1 1798 1933 1935 2127
7773 4 2 7 1 1632 1630 1833 2443
7774 4 2 7 1 1983 2107 2224 2563
7775 4 2 7 1 2260 2375 2041 2773
7776 4 2 7 1 2281 2394 2108 2461
7777 4 2 7 1 2014 2263 2094 2947
7778 4 2 7 1 1209 1210 1211 2183
7779 4 2 7 1 969 2239 2211 2753
7780 4 2 7 1 912 2553 1005 2789
7781 4 2 7 1 2247 2495 1735 2678
7782 4 2 7 1 1316 2165 1313 2944
7783 4 2 7 1 1971 2408 2229 2873
7784 4 2 7 1 1269 1333 1451 2136
7785 4 2 7 1 2274 2015 2632 2994
7786 4 2 7 1 2078 2295 2223 3034
7787 4 2 7 1 1941 2507 2433 2897
7788 4 2 7 1 590 324 2431 2504
7789 4 2 7 1 2180 2446 2031 3029
7790 4 2 7 1 1956 2137 2293 2660
7791 4 2 7 1 1999 2405 2416 2763
7792 4 2 7 1 1968 2454 2248 2866
7793 4 2 7 1 1946 2102 2511 2874
7794 4 2 7 1 2121 1977 2544 2552
7795 4 2 7 1 1940 2128 2347 2489
7796 4 2 7 1 1994 2445 2085 2624
7797 4 2 7 1 693 2562 2222 2808
7798 4 2 7 1 476 2306 477 2315
7799 4 2 7 1 1005 708 1003 2789
7800 4 2 7 1 2105 2252 1992 2532
7801 4 2 7 1 2085 2518 759 3024
7802 4 2 7 1 1998 2102 2307 2890
7803 4 2 7 1 1960 2410 2116 2675
7804 4 2 7 1 1982 2129 2306 2716
7805 4 2 7 1 2006 2459 2298 2623
7806 4 2 7 1 2113 2280 1981 2556
7807 4 2 7 1 1991 2090 2253 2761
7808 4 2 7 1 1331 2167 1215 2547
7809 4 2 7 1 2196 2525 2069 2842
7810 4 2 7 1 494 496 2611 2740
7811 4 2 7 1 1715 1897 2130 2678
7812 4 2 7 1 1759 1758 1571 2136
7813 4 2 7 1 1983 2220 2212 2307
7814 4 2 7 1 2150 2755 2726 2967
7815 4 2 7 1 720 2152 721 2918
7816 4 2 7 1 1714 2376 1599 2715
7817 4 2 7 1 2085 1994 2624 2705
7818 4 2 7 1 1036 2237 685 2564
7819 4 2 7 1 2599 2618 2002 2629
7820 4 2 7 1 2125 1990 2360 2796
7821 4 2 7 1 2082 2492 1964 2643
7822 4 2 7 1 2144 2285 1949 2542
7823 4 2 7 1 969 2211 688 2753
7824 4 2 7 1 1976 2152 2347 2514
7825 4 2 7 1 2008 2247 2580 2785
7826 4 2 7 1 649 1775 885 2234
7827 4 2 7 1 1317 1319 2218 2492
7828 4 2 7 1 2204 2438 2700 2929
7829 4 2 7 1 1894 1074 1038 2289
7830 4 2 7 1 863 2078 2771 2986
7831 4 2 7 1 2132 2697 660 2864
7832 4 2 7 1 2133 2681 1097 3013
7833 4 2 7 1 1467 1373 2127 2809
7834 4 2 7 1 1870 2140 2365 3004
7835 4 2 7 1 1400 2362 2464 2973
7836 4 2 7 1 1984 2155 2721 2758
7837 4 2 7 1 901 1578 677 2420
7838 4 2 7 1 2007 2474 2244 2952
7839 4 2 7 1 882 883 790 2398
7840 4 2 7 1 1872 2289 1742 2753
7841 4 2 7 1 2449 2679 2144 3041
7842 4 2 7 1 1964 2477 2227 2800
7843 4 2 7 1 1297 2364 1432 2821
7844 4 2 7 1 2150 2669 1577 2884
7845 4 2 7 1 891 985 2192 2607
7846 4 2 7 1 1407 2217 2509 2923
7847 4 2 7 1 1432 2203 2364 2769
7848 4 2 7 1 2136 2819 2283 2916
7849 4 2 7 1 2074 2651 2015 2902
7850 4 2 7 1 1953 2933 2359 3020
7851 4 2 7 1 2250 2264 2070 3001
7852 4 2 7 1 1152 2284 1282 2821
7853 4 2 7 1 1639 1637 1638 2172
7854 4 2 7 1 269 557 2165 3020
7855 4 2 7 1 2117 1951 2305 2988
7856 4 2 7 1 2093 2014 2517 2933
7857 4 2 7 1 1633 2273 1852 2476
7858 4 2 7 1 1961 2552 2672 2974
7859 4 2 7 1 1559 1908 1103 2470
7860 4 2 7 1 2016 2341 2256 2569
7861 4 2 7 1 1345 1346 2200 3040
7862 4 2 7 1 938 1026 937 2318
7863 4 2 7 1 1636 2172 2469 2608
7864 4 2 7 1 1747 1730 1590 2688
7865 4 2 7 1 1388 1392 1391 2716
7866 4 2 7 1 2129 1980 2383 2854
7867 4 2 7 1 1276 2133 2466 3003
7868 4 2 7 1 1643 1644 1645 2479
7869 4 2 7 1 1991 2253 2090 2540
7870 4 2 7 1 1201 1202 1203 2424
7871 4 2 7 1 360 358 2121 2843
7872 4 2 7 1 1960 2867 2184 2938
7873 4 2 7 1 2285 2542 2144 3041
7874 4 2 7 1 1968 2248 2170 2866
7875 4 2 7 1 1974 2249 2647 2732
7876 4 2 7 1 1057 1084 2450 2621
7877 4 2 7 1 2207 2403 2242 2936
7878 4 2 7 1 2130 1993 2330 2911
7879 4 2 7 1 1550 1516 2780 2827
7880 4 2 7 1 1712 2288 1598 2376
7881 4 2 7 1 848 2475 816 2763
7882 4 2 7 1 383 385 388 2091
7883 4 2 7 1 2303 2690 1237 2856
7884 4 2 7 1 1974 2647 2249 2874
7885 4 2 7 1 2259 2460 1936 2592
7886 4 2 7 1 1571 2136 1758 2551
7887 4 2 7 1 359 2544 358 2638
7888 4 2 7 1 1695 1856 1756 2312
7889 4 2 7 1 699 697 698 2335
7890 4 2 7 1 737 2610 2472 2768
7891 4 2 7 1 1168 2848 2207 2936
7892 4 2 7 1 2188 787 2532 2709
7893 4 2 7 1 1834 2113 1836 2815
7894 4 2 7 1 618 269 1130 2421
7895 4 2 7 1 2149 1994 2599 2624
7896 4 2 7 1 2170 2248 1970 2866
7897 4 2 7 1 2172 2458 2066 2608
7898 4 2 7 1 829 2668 2173 3047
7899 4 2 7 1 2015 2369 2274 2666
7900 4 2 7 1 2019 2485 2393 2982
7901 4 2 7 1 1172 2090 2520 2765
7902 4 2 7 1 348 2169 346 2922
7903 4 2 7 1 2005 2197 2527 2735
7904 4 2 7 1 1933 1722 1935 2127
7905 4 2 7 1 1616 1614 1880 2603
7906 4 2 7 1 779 2153 778 2471
7907 4 2 7 1 2021 2427 2293 2431
7908 4 2 7 1 1951 2085 2377 2518
7909 4 2 7 1 2255 2471 833 2694
7910 4 2 7 1 2283 2730 2332 2934
7911 4 2 7 1 368 366 367 2157
7912 4 2 7 1 2527 2735 917 2840
7913 4 2 7 1 2262 2290 1985 2516
7914 4 2 7 1 2285 2885 1625 3041
7915 4 2 7 1 1724 2247 1717 2534
7916 4 2 7 1 593 2135 583 2662
7917 4 2 7 1 342 344 2467 2914
7918 4 2 7 1 2063 2082 2497 2766
7919 4 2 7 1 2102 2591 2307 2890
7920 4 2 7 1 495 496 2219 2611
7921 4 2 7 1 2500 2894 2223 3034
7922 4 2 7 1 1678 2555 2513 2919
7923 4 2 7 1 1947 2112 2529 2966
7924 4 2 7 1 1323 1322 1133 2096
7925 4 2 7 1 2003 2319 2118 3036
7926 4 2 7 1 2084 2504 2434 2598
7927 4 2 7 1 1999 2189 2405 2763
7928 4 2 7 1 2076 2493 2402 2835
7929 4 2 7 1 2066 2209 2811 2839
7930 4 2 7 1 2114 2526 1963 2806
7931 4 2 7 1 2312 2470 1695 2984
7932 4 2 7 1 984 2564 662 2760
7933 4 2 7 1 1826 1620 2473 2831
7934 4 2 7 1 1780 1694 1782 2576
7935 4 2 7 1 869 871 660 2132
7936 4 2 7 1 1978 2166 2422 2476
7937 4 2 7 1 2213 2287 1936 2460
7938 4 2 7 1 2079 1972 2471 2959
7939 4 2 7 1 1615 2506 2312 2984
7940 4 2 7 1 2101 2329 1950 2643
7941 4 2 7 1 2049 2315 2871 2926
7942 4 2 7 1 435 2558 2158 2759
7943 4 2 7 1 1866 1813 2384 2387
7944 4 2 7 1 1425 1432 2203 2821
7945 4 2 7 1 288 2240 528 2892
7946 4 2 7 1 1949 2542 2300 2898
7947 4 2 7 1 2177 2910 749 2927
7948 4 2 7 1 1844 2787 933 2972
7949 4 2 7 1 1328 2268 1261 2320
7950 4 2 7 1 1272 2430 2540 2765
7951 4 2 7 1 1680 2435 2184 2867
7952 4 2 7 1 770 771 769 3021
7953 4 2 7 1 1955 2235 2170 2896
7954 4 2 7 1 1485 2658 1539 2682
7955 4 2 7 1 1118 2159 1296 2852
7956 4 2 7 1 976 460 2666 2752
7957 4 2 7 1 1638 1639 2172 2458
7958 4 2 7 1 1647 1649 2594 2680
7959 4 2 7 1 1817 677 1578 2420
7960 4 2 7 1 943 2560 2113 2689
7961 4 2 7 1 2081 2480 2041 2773
7962 4 2 7 1 1686 1708 2581 2738
7963 4 2 7 1 2226 2350 2013 2987
7964 4 2 7 1 1388 2684 2306 2716
7965 4 2 7 1 908 2150 907 2884
7966 4 2 7 1 850 684 1025 2146
7967 4 2 7 1 2143 2522 1879 2730
7968 4 2 7 1 727 2162 728 2908
7969 4 2 7 1 2199 2610 739 2768
7970 4 2 7 1 2010 2598 2572 2648
7971 4 2 7 1 2207 2098 2235 2913
7972 4 2 7 1 2241 2538 2001 2919
7973 4 2 7 1 528 2240 411 2892
7974 4 2 7 1 472 2096 471 2979
7975 4 2 7 1 2082 2492 2221 2547
7976 4 2 7 1 1965 2281 2111 2772
7977 4 2 7 1 2042 2591 2212 2887
7978 4 2 7 1 761 2445 762 2853
7979 4 2 7 1 1320 2221 1243 2790
7980 4 2 7 1 2430 2820 2161 2948
7981 4 2 7 1 2015 2400 2632 2994
7982 4 2 7 1 1098 2237 1036 2564
7983 4 2 7 1 1197 1196 1198 2139
7984 4 2 7 1 1315 557 1314 2165
7985 4 2 7 1 1962 2736 2438 2797
7986 4 2 7 1 2115 2833 2384 2844
7987 4 2 7 1 1559 2134 1377 2825
7988 4 2 7 1 1956 2180 2660 2954
7989 4 2 7 1 1897 2495 2130 2678
7990 4 2 7 1 2016 2548 2111 2772
7991 4 2 7 1 875 2536 2391 2988
7992 4 2 7 1 943 2689 2113 2815
7993 4 2 7 1 1976 2449 2178 2679
7994 4 2 7 1 660 869 2132 2864
7995 4 2 7 1 1991 2090 2403 2540
7996 4 2 7 1 1658 2525 2196 2720
7997 4 2 7 1 2057 2726 2781 2967
7998 4 2 7 1 1540 1512 1520 2131
7999 4 2 7 1 1999 2644 2311 2676
8000 4 2 7 1 449 2408 2173 2651
8001 4 2 7 1 2042 2574 2224 2584
8002 4 2 7 1 2292 2459 2125 2796
8003 4 2 7 1 380 2278 2662 2745
8004 4 2 7 1 2126 1995 2430 2550
8005 4 2 7 1 2030 2742 2486 2822
8006 4 2 7 1 2349 2478 2304 2728
8007 4 2 7 1 2008 2534 2247 2785
8008 4 2 7 1 1183 1185 2438 2929
8009 4 2 7 1 1855 2178 959 2689
8010 4 2 7 1 1992 2525 2196 2842
8011 4 2 7 1 772 2148 2536 2988
8012 4 2 7 1 1944 2428 2353 2887
8013 4 2 7 1 1678 1751 2555 2919
8014 4 2 7 1 308 2216 435 2759
8015 4 2 7 1 1663 2275 2522 2596
8016 4 2 7 1 1181 1440 1365 2736
8017 4 2 7 1 1067 1035 1095 2409
8018 4 2 7 1 2060 2339 2232 3044
8019 4 2 7 1 1995 2196 2653 2710
8020 4 2 7 1 2305 875 2731 2988
8021 4 2 7 1 1946 2411 2512 2711
8022 4 2 7 1 1422 1400 1260 2120
8023 4 2 7 1 2266 2581 1708 2738
8024 4 2 7 1 532 2137 2427 2431
8025 4 2 7 1 2123 2161 2541 2820
8026 4 2 7 1 1603 2384 1602 2524
8027 4 2 7 1 779 2694 2153 2813
8028 4 2 7 1 380 2278 383 2662
8029 4 2 7 1 1960 2116 2410 2515
8030 4 2 7 1 1514 2146 2447 2996
8031 4 2 7 1 1987 2273 2172 2367
8032 4 2 7 1 1462 1272 1397 2540
8033 4 2 7 1 1902 2247 1724 2580
8034 4 2 7 1 2132 1951 2305 2901
8035 4 2 7 1 2027 2783 2368 3048
8036 4 2 7 1 1941 2432 2325 2714
8037 4 2 7 1 1961 2109 2343 2816
8038 4 2 7 1 1951 2085 2518 2624
8039 4 2 7 1 383 2091 388 2662
8040 4 2 7 1 2195 2398 2017 2732
8041 4 2 7 1 411 2240 526 2415
8042 4 2 7 1 453 298 606 3013
8043 4 2 7 1 1397 2126 1463 3022
8044 4 2 7 1 2347 2128 2508 2542
8045 4 2 7 1 1722 2127 1933 2834
8046 4 2 7 1 2120 1949 2285 2561
8047 4 2 7 1 555 615 2168 3020
8048 4 2 7 1 2035 2448 2106 2693
8049 4 2 7 1 2205 2296 888 2776
8050 4 2 7 1 1463 2126 1272 2550
8051 4 2 7 1 1996 2416 2763 2805
8052 4 2 7 1 1557 1287 1123 2495
8053 4 2 7 1 2031 2446 2180 2967
8054 4 2 7 1 513 2413 2348 2861
8055 4 2 7 1 2225 1994 2565 2599
8056 4 2 7 1 453 298 2450 2876
8057 4 2 7 1 1995 2161 2430 2820
8058 4 2 7 1 1820 1614 2455 2603
8059 4 2 7 1 1507 2294 1503 2405
8060 4 2 7 1 2079 2468 2652 2959
8061 4 2 7 1 2103 2606 2006 2623
8062 4 2 7 1 900 2279 709 2756
8063 4 2 7 1 886 967 2195 2713
8064 4 2 7 1 2101 2329 2352 2770
8065 4 2 7 1 2106 2494 2032 2693
8066 4 2 7 1 1451 1269 2136 2634
8067 4 2 7 1 1174 2520 2103 2765
8068 4 2 7 1 699 896 963 2335
8069 4 2 7 1 2255 2600 2392 2995
8070 4 2 7 1 1900 1724 1902 2247
8071 4 2 7 1 1976 2080 2508 2560
8072 4 2 7 1 1705 1657 2573 2612
8073 4 2 7 1 360 2121 402 2843
8074 4 2 7 1 1742 2289 1725 2793
8075 4 2 7 1 2079 2632 2400 2994
8076 4 2 7 1 2433 2507 2043 2897
8077 4 2 7 1 1959 2151 2279 2829
8078 4 2 7 1 902 975 797 2487
8079 4 2 7 1 2388 2462 433 2962
8080 4 2 7 1 2251 2508 2128 2542
8081 4 2 7 1 2106 2462 2388 2962
8082 4 2 7 1 1158 1160 1159 2488
8083 4 2 7 1 2314 2546 1528 3046
8084 4 2 7 1 2178 2560 968 2689
8085 4 2 7 1 2570 2665 1971 2943
8086 4 2 7 1 1517 2345 1525 2622
8087 4 2 7 1 1645 1646 1647 2479
8088 4 2 7 1 1663 2275 1664 2522
8089 4 2 7 1 1081 1077 1092 2261
8090 4 2 7 1 2186 1986 2472 2582
8091 4 2 7 1 1541 2314 2262 2682
8092 4 2 7 1 1259 1162 1160 2509
8093 4 2 7 1 1277 2362 2424 2464
8094 4 2 7 1 2203 2737 2364 2865
8095 4 2 7 1 2162 2418 2319 2908
8096 4 2 7 1 803 744 2496 2626
8097 4 2 7 1 476 2306 2315 2549
8098 4 2 7 1 1152 1266 2372 2977
8099 4 2 7 1 2407 2602 956 2814
8100 4 2 7 1 1502 2457 2294 2737
8101 4 2 7 1 1756 2470 2312 2925
8102 4 2 7 1 2452 2035 2974 3002
8103 4 2 7 1 2265 2786 2409 3015
8104 4 2 7 1 1968 2170 2635 2866
8105 4 2 7 1 2132 2377 1951 2901
8106 4 2 7 1 1445 1035 1067 2409
8107 4 2 7 1 2240 2427 2021 2892
8108 4 2 7 1 1118 1282 1296 2159
8109 4 2 7 1 1357 1350 1253 2212
8110 4 2 7 1 1727 1714 1715 2130
8111 4 2 7 1 796 2484 2349 2723
8112 4 2 7 1 612 434 2193 2663
8113 4 2 7 1 454 2558 2216 2802
8114 4 2 7 1 2212 2050 2307 2465
8115 4 2 7 1 425 607 571 2774
8116 4 2 7 1 2081 2744 2684 2773
8117 4 2 7 1 584 553 550 2992
8118 4 2 7 1 1925 2245 1121 2523
8119 4 2 7 1 1418 1100 635 2725
8120 4 2 7 1 1852 1923 1768 2523
8121 4 2 7 1 2097 2357 2310 2739
8122 4 2 7 1 1528 2314 1508 2546
8123 4 2 7 1 2370 2479 2044 2680
8124 4 2 7 1 2057 2473 2164 2831
8125 4 2 7 1 1949 2841 2251 2942
8126 4 2 7 1 931 2920 2138 2935
8127 4 2 7 1 1961 2296 2205 2404
8128 4 2 7 1 2525 2709 2252 2864
8129 4 2 7 1 2325 2432 2038 2714
8130 4 2 7 1 2006 2298 2459 2670
8131 4 2 7 1 1974 2567 2199 2610
8132 4 2 7 1 2319 2418 2036 2908
8133 4 2 7 1 2046 2727 2530 2951
8134 4 2 7 1 2048 2310 2357 2739
8135 4 2 7 1 2003 2418 2162 2966
8136 4 2 7 1 2249 2647 2102 2874
8137 4 2 7 1 1956 2099 2340 2557
8138 4 2 7 1 1318 2421 1316 2497
8139 4 2 7 1 829 2173 2328 3006
8140 4 2 7 1 447 2374 2437 2717
8141 4 2 7 1 2408 2651 569 2958
8142 4 2 7 1 2033 2268 2183 2300
8143 4 2 7 1 1504 1528 2546 2976
8144 4 2 7 1 1980 2142 2383 2385
8145 4 2 7 1 2197 917 2527 2735
8146 4 2 7 1 2252 2525 1992 2709
8147 4 2 7 1 2288 2289 2087 2793
8148 4 2 7 1 1963 2526 2238 2788
8149 4 2 7 1 2061 2634 2350 2987
8150 4 2 7 1 1198 2741 2139 2924
8151 4 2 7 1 1976 2560 2113 2640
8152 4 2 7 1 2516 2824 2688 2852
8153 4 2 7 1 2162 2349 726 2728
8154 4 2 7 1 1964 2492 2221 2643
8155 4 2 7 1 1991 2126 2253 2540
8156 4 2 7 1 2082 2492 1242 2497
8157 4 2 7 1 2187 2700 2044 2834
8158 4 2 7 1 1729 1708 1728 2266
8159 4 2 7 1 908 2669 2150 2884
8160 4 2 7 1 2393 2641 2139 2924
8161 4 2 7 1 2082 2497 1242 2893
8162 4 2 7 1 785 957 2536 2701
8163 4 2 7 1 1961 2119 2316 2816
8164 4 2 7 1 1957 2381 2114 2568
8165 4 2 7 1 2390 2543 1960 2764
8166 4 2 7 1 1706 2522 2396 2596
8167 4 2 7 1 1564 1115 1368 2182
8168 4 2 7 1 1742 2288 1725 2289
8169 4 2 7 1 1362 2190 1801 2550
8170 4 2 7 1 643 508 2185 2574
8171 4 2 7 1 2300 2542 2489 2898
8172 4 2 7 1 1688 2613 2266 2738
8173 4 2 7 1 1919 2422 2362 2973
8174 4 2 7 1 2295 2660 2180 3029
8175 4 2 7 1 1433 2208 1912 2320
8176 4 2 7 1 2088 2506 2312 2860
8177 4 2 7 1 2374 2646 1147 3045
8178 4 2 7 1 2321 2928 1832 2935
8179 4 2 7 1 1826 1620 1618 2473
8180 4 2 7 1 1314 1109 2168 3020
8181 4 2 7 1 1182 2494 2204 2998
8182 4 2 7 1 2204 2395 1184 2929
8183 4 2 7 1 2093 2695 2415 2985
8184 4 2 7 1 1942 2386 2710 2719
8185 4 2 7 1 2005 2493 2734 2835
8186 4 2 7 1 2446 2755 2031 3029
8187 4 2 7 1 2292 2705 2459 2796
8188 4 2 7 1 2452 2974 2670 3002
8189 4 2 7 1 1389 2081 2645 2684
8190 4 2 7 1 1961 2205 2326 2404
8191 4 2 7 1 2021 2434 2553 2812
8192 4 2 7 1 2277 2566 2426 3028
8193 4 2 7 1 522 289 521 2527
8194 4 2 7 1 2223 2295 2180 3029
8195 4 2 7 1 355 356 2584 2638
8196 4 2 7 1 1031 672 1551 2181
8197 4 2 7 1 2077 2227 2800 2872
8198 4 2 7 1 1938 2379 2297 2739
8199 4 2 7 1 681 1581 967 2713
8200 4 2 7 1 2075 2621 2133 2681
8201 4 2 7 1 1515 1546 1514 2146
8202 4 2 7 1 1868 2154 1753 2678
8203 4 2 7 1 2136 2332 2283 2779
8204 4 2 7 1 1947 2508 2510 2683
8205 4 2 7 1 1228 1227 1226 2406
8206 4 2 7 1 1735 2247 1900 2495
8207 4 2 7 1 2178 2726 2679 2884
8208 4 2 7 1 1979 2330 2401 3049
8209 4 2 7 1 427 571 445 2246
8210 4 2 7 1 2155 2017 2721 2758
8211 4 2 7 1 1984 2316 2535 2816
8212 4 2 7 1 934 2209 927 2610
8213 4 2 7 1 264 646 1000 2219
8214 4 2 7 1 2694 2813 2311 2956
8215 4 2 7 1 1691 2441 1907 2825
8216 4 2 7 1 1158 1159 2453 2488
8217 4 2 7 1 2297 2379 2108 2499
8218 4 2 7 1 767 765 766 2291
8219 4 2 7 1 1790 2525 1787 2864
8220 4 2 7 1 2192 2614 2020 2687
8221 4 2 7 1 1994 2225 2191 2433
8222 4 2 7 1 1636 1638 2172 2608
8223 4 2 7 1 2065 2366 2625 2912
8224 4 2 7 1 2071 2323 2286 2618
8225 4 2 7 1 1496 2688 1531 2824
8226 4 2 7 1 647 1750 2241 2555
8227 4 2 7 1 1260 1400 1207 2464
8228 4 2 7 1 1985 2339 2232 2878
8229 4 2 7 1 2426 2566 992 2784
8230 4 2 7 1 2031 2347 2152 2514
8231 4 2 7 1 1658 1660 1659 2573
8232 4 2 7 1 1948 2149 2292 2490
8233 4 2 7 1 394 391 2229 2408
8234 4 2 7 1 2106 2032 2494 2998
8235 4 2 7 1 2264 2070 2284 2646
8236 4 2 7 1 1985 2232 2339 2677
8237 4 2 7 1 484 2502 2098 2590
8238 4 2 7 1 1942 2360 2670 2974
8239 4 2 7 1 1971 2229 2570 2873
8240 4 2 7 1 2048 2357 2097 2739
8241 4 2 7 1 2124 2638 356 2687
8242 4 2 7 1 1627 1853 2285 2881
8243 4 2 7 1 2286 2323 2002 2618
8244 4 2 7 1 1846 2175 1845 2580
8245 4 2 7 1 2198 2701 953 3021
8246 4 2 7 1 1086 2087 1059 2793
8247 4 2 7 1 1151 1411 1150 2977
8248 4 2 7 1 1211 2268 1212 2818
8249 4 2 7 1 2023 2762 2568 2791
8250 4 2 7 1 2005 2734 2263 2835
8251 4 2 7 1 2837 2945 2156 3005
8252 4 2 7 1 2060 2405 1999 2546
8253 4 2 7 1 2136 2332 1333 2916
8254 4 2 7 1 1279 2193 2999 3043
8255 4 2 7 1 2274 2632 770 3021
8256 4 2 7 1 1946 2485 2104 2711
8257 4 2 7 1 1999 2405 2060 3044
8258 4 2 7 1 2023 2356 2216 2774
8259 4 2 7 1 420 2200 2474 3033
8260 4 2 7 1 2342 2566 2236 2877
8261 4 2 7 1 1955 2170 2635 2896
8262 4 2 7 1 1087 1059 2289 2793
8263 4 2 7 1 1023 2210 937 2318
8264 4 2 7 1 2143 2730 2332 2779
8265 4 2 7 1 309 2356 308 2759
8266 4 2 7 1 2145 2608 1986 2777
8267 4 2 7 1 593 462 461 2369
8268 4 2 7 1 2171 2467 2049 2914
8269 4 2 7 1 2162 2349 2728 2966
8270 4 2 7 1 1900 1902 1102 2247
8271 4 2 7 1 836 2564 2100 2760
8272 4 2 7 1 2391 2731 875 2988
8273 4 2 7 1 2048 2379 2297 2499
8274 4 2 7 1 483 373 371 2286
8275 4 2 7 1 1729 1736 1737 3007
8276 4 2 7 1 1893 1743 1726 2194
8277 4 2 7 1 2064 2553 2434 2812
8278 4 2 7 1 2049 2871 2322 2926
8279 4 2 7 1 2126 2430 1272 2550
8280 4 2 7 1 2258 2665 397 2810
8281 4 2 7 1 2158 2450 451 2759
8282 4 2 7 1 1160 2453 1159 2488
8283 4 2 7 1 678 2650 2211 2748
8284 4 2 7 1 402 2326 488 2404
8285 4 2 7 1 2089 1960 2337 2905
8286 4 2 7 1 2327 2498 2169 2783
8287 4 2 7 1 2392 2707 1685 2738
8288 4 2 7 1 2088 1969 2685 2782
8289 4 2 7 1 581 2131 455 2937
8290 4 2 7 1 576 2426 580 2846
8291 4 2 7 1 1856 1756 2312 2925
8292 4 2 7 1 1144 1892 1586 2578
8293 4 2 7 1 2004 2088 2358 2782
8294 4 2 7 1 674 1785 867 2674
8295 4 2 7 1 2138 931 2429 2920
8296 4 2 7 1 2001 2604 2513 2656
8297 4 2 7 1 2098 2583 2278 2923
8298 4 2 7 1 1292 2495 2247 2620
8299 4 2 7 1 1995 2550 2126 2573
8300 4 2 7 1 1888 2214 2435 2867
8301 4 2 7 1 2256 2547 1219 2893
8302 4 2 7 1 1425 1297 1432 2821
8303 4 2 7 1 982 1488 1519 2447
8304 4 2 7 1 2112 2354 1943 2375
8305 4 2 7 1 2127 2700 2615 2834
8306 4 2 7 1 966 697 963 2855
8307 4 2 7 1 1536 1550 2792 2827
8308 4 2 7 1 882 2234 883 2398
8309 4 2 7 1 1954 2318 2186 2822
8310 4 2 7 1 2157 2586 368 2740
8311 4 2 7 1 1275 1201 1401 2399
8312 4 2 7 1 1693 2321 1839 2469
8313 4 2 7 1 2184 1960 2581 2867
8314 4 2 7 1 1977 2395 2185 2494
8315 4 2 7 1 1988 2877 2237 2957
8316 4 2 7 1 2354 2375 2112 2686
8317 4 2 7 1 735 737 2472 2768
8318 4 2 7 1 1363 2190 1482 2550
8319 4 2 7 1 1197 2139 1198 2983
8320 4 2 7 1 484 280 591 2502
8321 4 2 7 1 1517 1538 1525 2345
8322 4 2 7 1 688 2211 1591 2753
8323 4 2 7 1 938 801 1026 2444
8324 4 2 7 1 2249 2370 2141 2479
8325 4 2 7 1 2276 2760 2100 2862
8326 4 2 7 1 1554 1786 1785 2252
8327 4 2 7 1 1266 2372 1283 2516
8328 4 2 7 1 802 2602 2279 2829
8329 4 2 7 1 645 508 292 2595
8330 4 2 7 1 1990 2157 2670 3002
8331 4 2 7 1 405 2572 2218 2798
8332 4 2 7 1 2080 2510 2508 2683
8333 4 2 7 1 1948 2623 2103 2899
8334 4 2 7 1 1511 2405 1505 2996
8335 4 2 7 1 2011 2268 2163 2320
8336 4 2 7 1 2241 2391 2012 2847
8337 4 2 7 1 2141 2576 1974 2839
8338 4 2 7 1 288 527 528 2240
8339 4 2 7 1 805 859 2661 2691
8340 4 2 7 1 368 366 2157 2740
8341 4 2 7 1 2022 2779 2482 2981
8342 4 2 7 1 2024 2276 2261 3018
8343 4 2 7 1 2144 1623 2587 2885
8344 4 2 7 1 2152 2514 721 2918
8345 4 2 7 1 733 2186 735 2472
8346 4 2 7 1 442 2174 2258 2870
8347 4 2 7 1 2006 2348 2157 2459
8348 4 2 7 1 824 2100 2699 2760
8349 4 2 7 1 2025 2662 2278 2745
8350 4 2 7 1 1266 1283 1296 2516
8351 4 2 7 1 1368 1564 2182 2767
8352 4 2 7 1 2016 2358 2111 2506
8353 4 2 7 1 2089 2390 1960 2905
8354 4 2 7 1 402 360 488 2326
8355 4 2 7 1 2282 2402 1938 2835
8356 4 2 7 1 1234 1233 1235 2620
8357 4 2 7 1 2281 2499 2063 2772
8358 4 2 7 1 1191 1190 2220 2465
8359 4 2 7 1 1938 2310 2379 2739
8360 4 2 7 1 1268 2290 2372 2950
8361 4 2 7 1 1888 1574 2214 2867
8362 4 2 7 1 1955 2170 2235 2981
8363 4 2 7 1 779 778 2153 2694
8364 4 2 7 1 2126 2396 1991 2596
8365 4 2 7 1 2146 2658 1515 3011
8366 4 2 7 1 2347 2489 2128 2542
8367 4 2 7 1 728 2728 2319 2908
8368 4 2 7 1 1593 1592 2650 2951
8369 4 2 7 1 2089 2267 2627 2952
8370 4 2 7 1 2012 2507 2417 2536
8371 4 2 7 1 2393 2485 2139 2641
8372 4 2 7 1 1693 2321 2469 2928
8373 4 2 7 1 1223 2440 1376 2569
8374 4 2 7 1 1340 1257 1336 2577
8375 4 2 7 1 2133 2621 1097 2681
8376 4 2 7 1 1546 1547 1514 2447
8377 4 2 7 1 778 2471 2153 2694
8378 4 2 7 1 2014 2093 2517 2559
8379 4 2 7 1 2105 2463 2324 2718
8380 4 2 7 1 2171 2529 2086 2549
8381 4 2 7 1 1238 1263 2401 2856
8382 4 2 7 1 586 542 540 2467
8383 4 2 7 1 2440 2569 1223 2804
8384 4 2 7 1 1984 2331 2535 2718
8385 4 2 7 1 2111 2939 2366 3030
8386 4 2 7 1 2155 2594 1650 2680
8387 4 2 7 1 680 2945 2837 3005
8388 4 2 7 1 2036 2230 2186 2589
8389 4 2 7 1 928 2582 2472 2900
8390 4 2 7 1 1226 2201 1229 2633
8391 4 2 7 1 1512 2131 1540 2737
8392 4 2 7 1 1198 2139 2741 2983
8393 4 2 7 1 1408 1294 2357 2663
8394 4 2 7 1 2055 2647 2373 2817
8395 4 2 7 1 1123 2495 1287 2911
8396 4 2 7 1 2002 2323 2502 2577
8397 4 2 7 1 593 462 2369 2662
8398 4 2 7 1 678 2211 689 2748
8399 4 2 7 1 2354 2112 2529 2686
8400 4 2 7 1 2298 2623 2459 2899
8401 4 2 7 1 2105 1992 2252 2720
8402 4 2 7 1 728 2162 2728 2908
8403 4 2 7 1 1959 2625 2366 2912
8404 4 2 7 1 2172 2367 2273 2469
8405 4 2 7 1 1215 1261 1213 2818
8406 4 2 7 1 1418 635 2299 2725
8407 4 2 7 1 261 448 644 2666
8408 4 2 7 1 824 836 2100 2760
8409 4 2 7 1 269 2165 1315 2421
8410 4 2 7 1 2615 2700 2187 2834
8411 4 2 7 1 2251 2542 2128 2841
8412 4 2 7 1 2046 2140 2855 3004
8413 4 2 7 1 1979 2537 2097 2620
8414 4 2 7 1 1682 2184 1683 2581
8415 4 2 7 1 687 969 688 2753
8416 4 2 7 1 2026 2376 2130 2715
8417 4 2 7 1 1942 2414 2119 2974
8418 4 2 7 1 1941 2235 2242 2629
8419 4 2 7 1 2214 2390 1960 2764
8420 4 2 7 1 929 931 2138 2935
8421 4 2 7 1 1223 2804 2569 2893
8422 4 2 7 1 1420 1158 2627 3040
8423 4 2 7 1 1992 2377 2132 2901
8424 4 2 7 1 1317 2218 1415 2421
8425 4 2 7 1 1897 1727 1715 2130
8426 4 2 7 1 2097 2357 2048 2528
8427 4 2 7 1 1947 2510 2112 2966
8428 4 2 7 1 1888 2214 1710 2435
8429 4 2 7 1 1995 2573 2196 2612
8430 4 2 7 1 1963 2526 2788 2806
8431 4 2 7 1 1141 2688 1496 2852
8432 4 2 7 1 2216 2287 2023 2673
8433 4 2 7 1 500 2156 389 2997
8434 4 2 7 1 2001 2538 2241 2701
8435 4 2 7 1 507 2135 2691 2970
8436 4 2 7 1 2088 2004 2603 2782
8437 4 2 7 1 2343 2428 2121 2882
8438 4 2 7 1 1841 1693 1839 2469
8439 4 2 7 1 2285 2885 2144 2898
8440 4 2 7 1 2232 2266 1985 2613
8441 4 2 7 1 1997 2333 2142 2500
8442 4 2 7 1 2238 2526 2147 2788
8443 4 2 7 1 1244 2390 2214 2764
8444 4 2 7 1 1938 2263 2310 2712
8445 4 2 7 1 2114 1957 2568 2712
8446 4 2 7 1 309 308 422 2759
8447 4 2 7 1 2005 2263 2402 2835
8448 4 2 7 1 1986 2486 2472 2777
8449 4 2 7 1 1102 2247 1902 2580
8450 4 2 7 1 1432 2364 1492 2769
8451 4 2 7 1 332 334 408 2889
8452 4 2 7 1 2014 2193 2357 2947
8453 4 2 7 1 1990 2670 2360 3002
8454 4 2 7 1 2043 2148 2417 2536
8455 4 2 7 1 670 1029 2137 2771
8456 4 2 7 1 1314 2944 2165 3020
8457 4 2 7 1 2186 2230 1954 2822
8458 4 2 7 1 2266 2290 1985 2613
8459 4 2 7 1 1969 2557 2352 2685
8460 4 2 7 1 2061 2344 2609 2869
8461 4 2 7 1 1028 2148 772 2518
8462 4 2 7 1 1937 2416 2481 2956
8463 4 2 7 1 2333 2986 538 3027
8464 4 2 7 1 734 2186 733 2630
8465 4 2 7 1 2106 2448 1977 2693
8466 4 2 7 1 427 463 2246 2601
8467 4 2 7 1 1584 2290 1305 3007
8468 4 2 7 1 2080 2349 2162 2510
8469 4 2 7 1 697 699 963 2335
8470 4 2 7 1 2242 2714 2022 2981
8471 4 2 7 1 1363 1482 2190 2820
8472 4 2 7 1 950 745 2398 2626
8473 4 2 7 1 418 2437 2250 2810
8474 4 2 7 1 1085 1040 1063 2194
8475 4 2 7 1 1962 2353 2204 2700
8476 4 2 7 1 448 2173 430 3047
8477 4 2 7 1 1541 1529 2314 2682
8478 4 2 7 1 1425 2203 1145 2642
8479 4 2 7 1 2157 2459 2348 2586
8480 4 2 7 1 1982 2375 2684 2744
8481 4 2 7 1 1154 1155 1151 2267
8482 4 2 7 1 2011 2587 2519 2885
8483 4 2 7 1 896 2387 2335 2814
8484 4 2 7 1 1978 2464 2120 2561
8485 4 2 7 1 1037 1078 1097 3013
8486 4 2 7 1 2118 2588 1954 2746
8487 4 2 7 1 493 2205 487 2611
8488 4 2 7 1 2324 2463 1984 2718
8489 4 2 7 1 1906 1079 1088 2753
8490 4 2 7 1 2034 2385 2096 2722
8491 4 2 7 1 2177 2316 1961 2990
8492 4 2 7 1 1201 1200 1202 2773
8493 4 2 7 1 2126 2550 1803 2573
8494 4 2 7 1 2259 1936 2381 2592
8495 4 2 7 1 1316 1313 1325 2944
8496 4 2 7 1 1986 2104 2367 2589
8497 4 2 7 1 329 2227 327 2585
8498 4 2 7 1 1959 2108 2461 2625
8499 4 2 7 1 1998 2639 2141 2874
8500 4 2 7 1 917 916 999 2527
8501 4 2 7 1 771 2198 769 3021
8502 4 2 7 1 2082 2221 2492 2643
8503 4 2 7 1 787 864 755 2532
8504 4 2 7 1 2352 2557 2101 2685
8505 4 2 7 1 2172 1987 2703 2982
8506 4 2 7 1 466 2218 405 2421
8507 4 2 7 1 2050 2204 2353 2700
8508 4 2 7 1 341 2549 2315 2914
8509 4 2 7 1 1758 2819 2136 2916
8510 4 2 7 1 1992 2377 2188 2709
8511 4 2 7 1 1977 2204 2494 2797
8512 4 2 7 1 905 2446 800 2755
8513 4 2 7 1 2006 2436 2298 2452
8514 4 2 7 1 1884 1750 1751 2241
8515 4 2 7 1 1131 1387 272 2306
8516 4 2 7 1 1602 2384 1603 2833
8517 4 2 7 1 1991 2396 2143 2522
8518 4 2 7 1 2147 2788 2526 2806
8519 4 2 7 1 1158 1159 1157 2453
8520 4 2 7 1 2139 1987 2399 2641
8521 4 2 7 1 1565 1124 1370 2809
8522 4 2 7 1 1125 2175 1845 2825
8523 4 2 7 1 2050 2615 2465 2929
8524 4 2 7 1 2280 2429 2138 2443
8525 4 2 7 1 2003 2118 2503 3036
8526 4 2 7 1 1389 2081 1390 2645
8527 4 2 7 1 1393 1246 1210 2667
8528 4 2 7 1 2487 2747 2702 2782
8529 4 2 7 1 1443 1496 1141 2688
8530 4 2 7 1 1333 1451 2136 2916
8531 4 2 7 1 593 507 583 2135
8532 4 2 7 1 480 479 633 2637
8533 4 2 7 1 284 447 598 2200
8534 4 2 7 1 1944 2750 2307 2887
8535 4 2 7 1 2193 2601 2246 2947
8536 4 2 7 1 2111 2358 2281 2617
8537 4 2 7 1 2546 2976 1528 3046
8538 4 2 7 1 2417 2043 2507 2897
8539 4 2 7 1 2158 2558 2216 2759
8540 4 2 7 1 2096 2585 471 2979
8541 4 2 7 1 1767 2362 1702 2941
8542 4 2 7 1 2106 2448 2035 2462
8543 4 2 7 1 2012 2291 2507 2536
8544 4 2 7 1 933 2787 2209 2972
8545 4 2 7 1 346 2588 403 2871
8546 4 2 7 1 1942 2125 2298 2670
8547 4 2 7 1 1052 1054 2621 3032
8548 4 2 7 1 1422 1400 2120 2973
8549 4 2 7 1 2539 2696 2008 2785
8550 4 2 7 1 979 1042 2239 2753
8551 4 2 7 1 1368 2182 1369 2767
8552 4 2 7 1 1995 2298 2161 2541
8553 4 2 7 1 1937 2481 2416 2805
8554 4 2 7 1 2250 2053 2805 2810
8555 4 2 7 1 2405 2416 2060 3044
8556 4 2 7 1 1058 1059 1049 2276
8557 4 2 7 1 1279 2357 2193 3043
8558 4 2 7 1 1246 1212 1210 2579
8559 4 2 7 1 2513 2600 1858 2915
8560 4 2 7 1 1978 2362 2120 2464
8561 4 2 7 1 1029 861 915 2660
8562 4 2 7 1 2119 2552 1977 2882
8563 4 2 7 1 2186 2230 2036 2930
8564 4 2 7 1 1933 2127 1798 2809
8565 4 2 7 1 2071 2606 2520 2623
8566 4 2 7 1 1430 271 2272 2631
8567 4 2 7 1 1963 2788 2335 2806
8568 4 2 7 1 1272 1463 1397 2126
8569 4 2 7 1 2534 2785 2115 2833
8570 4 2 7 1 1951 2292 2149 2490
8571 4 2 7 1 2233 2707 2039 2738
8572 4 2 7 1 1983 2224 2368 2584
8573 4 2 7 1 1982 2375 2260 2684
8574 4 2 7 1 1966 2231 2711 2845
8575 4 2 7 1 1943 2375 2354 2744
8576 4 2 7 1 2165 1953 2359 3020
8577 4 2 7 1 1753 2154 1868 3010
8578 4 2 7 1 1948 2292 2149 2599
8579 4 2 7 1 454 2216 308 2802
8580 4 2 7 1 1979 2534 2828 2844
8581 4 2 7 1 528 526 411 2240
8582 4 2 7 1 1975 2515 2264 2570
8583 4 2 7 1 2061 2482 2350 2866
8584 4 2 7 1 909 968 2178 2514
8585 4 2 7 1 2309 2657 2191 2691
8586 4 2 7 1 2078 2301 2137 2771
8587 4 2 7 1 1975 2515 2244 2952
8588 4 2 7 1 1693 1832 1839 2321
8589 4 2 7 1 1354 2185 1355 2595
8590 4 2 7 1 2585 2671 1964 2790
8591 4 2 7 1 2380 2527 2005 2664
8592 4 2 7 1 1376 1262 2134 2440
8593 4 2 7 1 1976 2542 2508 2640
8594 4 2 7 1 760 759 758 2945
8595 4 2 7 1 2164 2587 2519 2770
8596 4 2 7 1 2472 2582 1986 2900
8597 4 2 7 1 2120 2362 1978 2422
8598 4 2 7 1 1000 2611 2219 3012
8599 4 2 7 1 2176 2446 1969 2702
8600 4 2 7 1 2142 2501 2308 2571
8601 4 2 7 1 999 2197 910 2789
8602 4 2 7 1 1133 1430 271 2272
8603 4 2 7 1 1244 1289 2214 2778
8604 4 2 7 1 1943 2418 2112 2619
8605 4 2 7 1 2361 2438 2123 2554
8606 4 2 7 1 958 1850 1553 2697
8607 4 2 7 1 582 592 2558 2961
8608 4 2 7 1 472 271 626 2272
8609 4 2 7 1 882 884 2234 2597
8610 4 2 7 1 1949 2542 2251 2841
8611 4 2 7 1 1943 2354 2112 2418
8612 4 2 7 1 809 2236 827 2566
8613 4 2 7 1 713 2446 906 2702
8614 4 2 7 1 2248 2350 1970 2866
8615 4 2 7 1 1323 1322 2096 2979
8616 4 2 7 1 2025 2635 2278 2662
8617 4 2 7 1 1745 2682 2056 2993
8618 4 2 7 1 1994 2110 2599 2705
8619 4 2 7 1 806 2274 858 2752
8620 4 2 7 1 1711 2738 2233 2993
8621 4 2 7 1 1951 2149 2292 2624
8622 4 2 7 1 1198 2139 1196 2924
8623 4 2 7 1 1828 2178 2679 2884
8624 4 2 7 1 1388 1391 2684 2716
8625 4 2 7 1 1727 1714 2130 2578
8626 4 2 7 1 2324 2597 949 2910
8627 4 2 7 1 1611 2111 2548 3030
8628 4 2 7 1 1840 2321 1839 3031
8629 4 2 7 1 2265 2401 1263 2856
8630 4 2 7 1 2004 2151 2617 2939
8631 4 2 7 1 2360 2670 2974 3002
8632 4 2 7 1 2119 2535 2316 2816
8633 4 2 7 1 830 2483 2181 2555
8634 4 2 7 1 1959 2279 2602 2829
8635 4 2 7 1 526 527 525 2240
8636 4 2 7 1 2064 2487 2617 2747
8637 4 2 7 1 997 2735 2493 2840
8638 4 2 7 1 1348 2563 2224 2724
8639 4 2 7 1 1272 2540 1173 2765
8640 4 2 7 1 2190 1995 2550 2820
8641 4 2 7 1 2050 2615 2700 2750
8642 4 2 7 1 733 734 735 2186
8643 4 2 7 1 575 396 393 2437
8644 4 2 7 1 2233 2909 2346 2993
8645 4 2 7 1 2057 2781 2352 2967
8646 4 2 7 1 1953 2168 2633 2933
8647 4 2 7 1 1600 1866 1602 2384
8648 4 2 7 1 2153 2694 2363 2956
8649 4 2 7 1 1141 2516 2688 2852
8650 4 2 7 1 2212 2220 1983 2563
8651 4 2 7 1 1309 1481 2406 2980
8652 4 2 7 1 2275 2325 1991 2490
8653 4 2 7 1 1966 2139 2711 2880
8654 4 2 7 1 1772 2767 2826 2895
8655 4 2 7 1 575 393 392 2717
8656 4 2 7 1 1977 2494 2693 2797
8657 4 2 7 1 2454 2635 2344 2866
8658 4 2 7 1 2006 2459 2157 2670
8659 4 2 7 1 2112 1981 2418 2510
8660 4 2 7 1 1786 1785 2252 2674
8661 4 2 7 1 2072 2439 2220 2890
8662 4 2 7 1 883 2398 2234 2713
8663 4 2 7 1 913 912 657 2240
8664 4 2 7 1 2031 2180 2223 2967
8665 4 2 7 1 2438 2736 2204 2797
8666 4 2 7 1 1941 2417 2507 2897
8667 4 2 7 1 445 2246 571 2451
8668 4 2 7 1 1476 2245 1330 2523
8669 4 2 7 1 473 2383 333 2385
8670 4 2 7 1 2037 2813 2763 2886
8671 4 2 7 1 2163 2885 2285 2898
8672 4 2 7 1 2108 2394 1953 2695
8673 4 2 7 1 1830 2138 2443 2920
8674 4 2 7 1 1704 2479 2182 2895
8675 4 2 7 1 1942 2298 2125 2710
8676 4 2 7 1 588 408 538 2333
8677 4 2 7 1 772 2305 983 2518
8678 4 2 7 1 1882 1038 1079 2753
8679 4 2 7 1 1981 2505 2113 2640
8680 4 2 7 1 1942 2316 2360 2974
8681 4 2 7 1 2293 2427 2021 2553
8682 4 2 7 1 1963 2384 2365 2833
8683 4 2 7 1 2247 2580 1102 2964
8684 4 2 7 1 2001 2538 2656 2919
8685 4 2 7 1 818 684 2146 2447
8686 4 2 7 1 1977 2494 2106 2693
8687 4 2 7 1 1971 2173 2328 2668
8688 4 2 7 1 394 2229 393 2665
8689 4 2 7 1 1998 2465 2307 2750
8690 4 2 7 1 2113 2689 1836 2815
8691 4 2 7 1 477 2315 2306 2645
8692 4 2 7 1 1491 2262 1898 2682
8693 4 2 7 1 1986 2582 2186 2589
8694 4 2 7 1 2216 2460 2000 2592
8695 4 2 7 1 1986 2367 2172 2469
8696 4 2 7 1 2002 2599 2286 2618
8697 4 2 7 1 1974 2370 2249 2732
8698 4 2 7 1 2335 2407 961 2814
8699 4 2 7 1 405 2218 566 2798
8700 4 2 7 1 2483 2604 2001 2994
8701 4 2 7 1 2120 1949 2561 2942
8702 4 2 7 1 1037 2681 1142 3013
8703 4 2 7 1 1325 2497 2655 2804
8704 4 2 7 1 556 2517 2168 3020
8705 4 2 7 1 1944 2343 2428 2883
8706 4 2 7 1 2004 2420 2151 2455
8707 4 2 7 1 1579 2215 665 3009
8708 4 2 7 1 1351 2185 1354 2574
8709 4 2 7 1 925 2145 927 2787
8710 4 2 7 1 1303 2409 2194 2786
8711 4 2 7 1 1957 2114 2381 2537
8712 4 2 7 1 412 476 477 2315
8713 4 2 7 1 1988 2216 2158 2558
8714 4 2 7 1 435 2158 451 2759
8715 4 2 7 1 2225 2565 2286 2599
8716 4 2 7 1 2000 2621 2075 2971
8717 4 2 7 1 1155 1157 1156 2390
8718 4 2 7 1 802 705 707 2279
8719 4 2 7 1 1309 2406 2175 2980
8720 4 2 7 1 1944 2307 2591 2887
8721 4 2 7 1 891 985 656 2192
8722 4 2 7 1 1215 1214 1216 2818
8723 4 2 7 1 1953 2168 2933 3020
8724 4 2 7 1 2112 2418 1981 2619
8725 4 2 7 1 1627 1853 1700 2285
8726 4 2 7 1 1790 2132 2525 2864
8727 4 2 7 1 1728 1709 1730 2613
8728 4 2 7 1 2336 2384 2115 3026
8729 4 2 7 1 779 780 2694 2813
8730 4 2 7 1 2282 2407 2009 2912
8731 4 2 7 1 382 383 2278 2836
8732 4 2 7 1 1567 1074 2289 2793
8733 4 2 7 1 2343 2121 2428 2883
8734 4 2 7 1 2145 2472 1986 2900
8735 4 2 7 1 1951 2292 2490 2842
8736 4 2 7 1 1247 2667 2129 2854
8737 4 2 7 1 1867 2576 1644 2839
8738 4 2 7 1 438 418 2250 2937
8739 4 2 7 1 1996 2405 2294 2622
8740 4 2 7 1 890 803 2496 2614
8741 4 2 7 1 2132 2709 2525 2864
8742 4 2 7 1 2392 2600 1720 2995
8743 4 2 7 1 1969 2352 2164 2685
8744 4 2 7 1 643 275 508 2574
8745 4 2 7 1 2301 2431 409 2946
8746 4 2 7 1 1287 2495 1285 2911
8747 4 2 7 1 2032 2436 2161 2998
8748 4 2 7 1 881 749 2597 2927
8749 4 2 7 1 2082 2341 2270 2766
8750 4 2 7 1 1992 2132 2525 2901
8751 4 2 7 1 1990 2157 2459 2670
8752 4 2 7 1 1972 2181 2600 2995
8753 4 2 7 1 1997 2500 2501 3034
8754 4 2 7 1 800 2755 2446 3029
8755 4 2 7 1 1016 878 754 3012
8756 4 2 7 1 1830 2443 2138 2928
8757 4 2 7 1 1421 1147 2374 2646
8758 4 2 7 1 412 2315 477 2645
8759 4 2 7 1 1174 2765 2103 2948
8760 4 2 7 1 1866 2140 1870 3004
8761 4 2 7 1 445 610 434 2451
8762 4 2 7 1 1191 2465 2220 2521
8763 4 2 7 1 2020 2404 2121 2843
8764 4 2 7 1 329 327 470 2585
8765 4 2 7 1 1952 2114 2382 2526
8766 4 2 7 1 2496 2626 743 2832
8767 4 2 7 1 800 717 2755 3029
8768 4 2 7 1 1951 2275 2533 2901
8769 4 2 7 1 533 670 2137 2771
8770 4 2 7 1 2136 1758 2551 2819
8771 4 2 7 1 2278 2836 1955 2923
8772 4 2 7 1 1704 2479 2187 3000
8773 4 2 7 1 1722 2594 2127 2834
8774 4 2 7 1 1955 2482 2170 2981
8775 4 2 7 1 473 2272 474 2383
8776 4 2 7 1 2348 2459 2110 2586
8777 4 2 7 1 2274 2632 2015 3006
8778 4 2 7 1 1948 2149 2490 2761
8779 4 2 7 1 1396 1122 1887 2550
8780 4 2 7 1 1910 2682 1745 2993
8781 4 2 7 1 1900 2247 1427 2495
8782 4 2 7 1 2340 2434 1945 2747
8783 4 2 7 1 1663 1664 1665 2522
8784 4 2 7 1 424 2466 2356 2876
8785 4 2 7 1 1948 2653 2125 2899
8786 4 2 7 1 1155 2267 1154 2627
8787 4 2 7 1 635 2299 480 2637
8788 4 2 7 1 2583 2913 1337 2923
8789 4 2 7 1 713 715 906 2446
8790 4 2 7 1 774 835 2328 2632
8791 4 2 7 1 2191 2794 2025 2970
8792 4 2 7 1 2438 2615 2127 2700
8793 4 2 7 1 1987 2139 2485 2641
8794 4 2 7 1 1955 2344 2866 2869
8795 4 2 7 1 2049 2871 2315 2914
8796 4 2 7 1 2116 2515 2244 2570
8797 4 2 7 1 1035 1445 1117 2409
8798 4 2 7 1 339 337 2549 2850
8799 4 2 7 1 2160 2836 1955 2869
8800 4 2 7 1 2113 2556 1981 2640
8801 4 2 7 1 2263 2712 2382 2734
8802 4 2 7 1 1982 2716 2686 3023
8803 4 2 7 1 925 2145 2787 3031
8804 4 2 7 1 1940 2223 2781 3034
8805 4 2 7 1 630 272 1387 2306
8806 4 2 7 1 2095 2444 2742 2969
8807 4 2 7 1 1597 1753 1868 3010
8808 4 2 7 1 2198 2483 2079 2632
8809 4 2 7 1 715 2446 2180 3029
8810 4 2 7 1 1347 2224 1350 2574
8811 4 2 7 1 2156 2586 2110 2705
8812 4 2 7 1 2163 2807 2285 2885
8813 4 2 7 1 2148 2536 2043 2853
8814 4 2 7 1 2094 2568 1957 2947
8815 4 2 7 1 1096 1067 1095 2409
8816 4 2 7 1 1000 2219 879 3012
8817 4 2 7 1 1860 1603 1602 2524
8818 4 2 7 1 1952 2382 2114 2568
8819 4 2 7 1 324 326 590 2946
8820 4 2 7 1 1953 2108 2379 2499
8821 4 2 7 1 1048 2862 2276 3018
8822 4 2 7 1 1745 2056 2613 2993
8823 4 2 7 1 2282 2602 2407 2912
8824 4 2 7 1 426 2601 623 2663
8825 4 2 7 1 1975 2437 2229 2570
8826 4 2 7 1 816 2189 815 2763
8827 4 2 7 1 1889 2658 1485 2682
8828 4 2 7 1 1983 2368 2575 2584
8829 4 2 7 1 1865 1686 1708 2581
8830 4 2 7 1 393 2229 392 2717
8831 4 2 7 1 780 781 782 2813
8832 4 2 7 1 2116 2410 2363 2675
8833 4 2 7 1 1729 1865 1708 2581
8834 4 2 7 1 2128 2501 2347 2508
8835 4 2 7 1 1276 2243 1274 2466
8836 4 2 7 1 2135 2794 2191 2970
8837 4 2 7 1 1970 2432 2170 2981
8838 4 2 7 1 1377 1103 1376 2470
8839 4 2 7 1 1977 2428 2353 2882
8840 4 2 7 1 1956 2223 2180 2557
8841 4 2 7 1 839 2699 2222 2748
8842 4 2 7 1 973 962 2429 2556
8843 4 2 7 1 1997 2501 2142 2571
8844 4 2 7 1 2058 2600 2513 2915
8845 4 2 7 1 1649 1650 2594 2680
8846 4 2 7 1 1956 2101 2477 2557
8847 4 2 7 1 309 422 2356 2759
8848 4 2 7 1 394 2408 2229 2665
8849 4 2 7 1 1243 1216 1214 2221
8850 4 2 7 1 588 2333 538 3027
8851 4 2 7 1 829 981 2328 2668
8852 4 2 7 1 2226 2435 2058 2915
8853 4 2 7 1 2147 2277 2018 2808
8854 4 2 7 1 917 999 2197 2527
8855 4 2 7 1 1975 2437 2374 2717
8856 4 2 7 1 1555 1776 1775 2234
8857 4 2 7 1 2197 2415 1967 2985
8858 4 2 7 1 1495 1536 1550 2792
8859 4 2 7 1 1276 2466 1471 3003
8860 4 2 7 1 1210 2183 1209 2921
8861 4 2 7 1 687 688 1591 2753
8862 4 2 7 1 1233 1232 1231 3043
8863 4 2 7 1 2031 2347 2726 2781
8864 4 2 7 1 1990 2586 2156 2705
8865 4 2 7 1 1597 2154 1753 3010
8866 4 2 7 1 1604 2785 2534 2833
8867 4 2 7 1 2018 2277 2147 2526
8868 4 2 7 1 1875 1863 1698 2679
8869 4 2 7 1 1070 2158 1069 2743
8870 4 2 7 1 753 754 755 2423
8871 4 2 7 1 2360 2423 2029 2719
8872 4 2 7 1 1943 2338 2375 2744
8873 4 2 7 1 418 396 2437 2810
8874 4 2 7 1 1044 1064 1058 2239
8875 4 2 7 1 1496 1494 1531 2688
8876 4 2 7 1 2026 2238 2727 2803
8877 4 2 7 1 1745 2613 2056 2682
8878 4 2 7 1 1945 2341 2254 2358
8879 4 2 7 1 668 262 594 2752
8880 4 2 7 1 934 2567 2209 2610
8881 4 2 7 1 2182 2187 1998 2479
8882 4 2 7 1 1747 1305 1584 2290
8883 4 2 7 1 1552 857 1884 2241
8884 4 2 7 1 2246 2023 2568 2851
8885 4 2 7 1 1008 2293 2660 2954
8886 4 2 7 1 2271 2273 2045 2476
8887 4 2 7 1 2201 2499 2063 2655
8888 4 2 7 1 787 2709 2188 3024
8889 4 2 7 1 2188 2360 1990 2796
8890 4 2 7 1 740 739 738 2768
8891 4 2 7 1 1026 1023 937 2318
8892 4 2 7 1 649 882 884 2234
8893 4 2 7 1 556 2168 2517 2663
8894 4 2 7 1 2073 854 2694 2801
8895 4 2 7 1 1952 2442 2179 2965
8896 4 2 7 1 427 2193 434 2601
8897 4 2 7 1 1583 1592 1591 2211
8898 4 2 7 1 2004 2747 2487 2782
8899 4 2 7 1 576 523 2179 2846
8900 4 2 7 1 2191 2309 1994 3025
8901 4 2 7 1 370 368 369 2348
8902 4 2 7 1 1762 1761 1697 2320
8903 4 2 7 1 1930 1891 2182 2895
8904 4 2 7 1 1694 2370 1644 2576
8905 4 2 7 1 2232 2676 2233 2909
8906 4 2 7 1 2195 2017 2398 2713
8907 4 2 7 1 1276 2133 1291 2681
8908 4 2 7 1 2079 2604 2483 2994
8909 4 2 7 1 2035 2157 2491 3002
8910 4 2 7 1 2148 2305 772 2518
8911 4 2 7 1 2005 2179 2380 2734
8912 4 2 7 1 1688 1709 2266 2613
8913 4 2 7 1 1046 1044 2276 2862
8914 4 2 7 1 1874 1640 1638 2608
8915 4 2 7 1 2449 2542 2062 3041
8916 4 2 7 1 1952 2179 2846 3028
8917 4 2 7 1 1967 2434 2394 2695
8918 4 2 7 1 2316 2672 2360 2974
8919 4 2 7 1 2307 2212 2591 2887
8920 4 2 7 1 1004 801 891 2444
8921 4 2 7 1 635 1418 2299 2637
8922 4 2 7 1 1997 2142 2333 2571
8923 4 2 7 1 1763 2285 1625 2807
8924 4 2 7 1 2257 2332 2022 2848
8925 4 2 7 1 2098 2235 2217 2923
8926 4 2 7 1 1264 2786 2265 3015
8927 4 2 7 1 1926 1925 1771 2245
8928 4 2 7 1 1944 2591 2428 2887
8929 4 2 7 1 2539 2580 1716 2785
8930 4 2 7 1 1270 2332 1165 2729
8931 4 2 7 1 1983 2512 2368 2845
8932 4 2 7 1 2193 2601 2014 2663
8933 4 2 7 1 935 739 741 2199
8934 4 2 7 1 1511 1507 2405 2622
8935 4 2 7 1 1105 2388 1381 2413
8936 4 2 7 1 2064 2461 2334 2812
8937 4 2 7 1 1962 2438 2204 2797
8938 4 2 7 1 1921 1721 1718 2993
8939 4 2 7 1 2023 2592 2356 2774
8940 4 2 7 1 2702 2747 2099 2782
8941 4 2 7 1 777 2328 981 2668
8942 4 2 7 1 765 2291 2536 2853
8943 4 2 7 1 2009 2384 2336 3026
8944 4 2 7 1 1956 2557 2340 2800
8945 4 2 7 1 1954 2210 2327 2588
8946 4 2 7 1 2119 1962 2353 2797
8947 4 2 7 1 2152 2514 1976 2560
8948 4 2 7 1 687 1591 1589 2753
8949 4 2 7 1 1198 2741 2480 2983
8950 4 2 7 1 2316 2672 1961 2990
8951 4 2 7 1 973 2429 2280 2556
8952 4 2 7 1 1505 1511 1507 2405
8953 4 2 7 1 2193 2357 1294 2663
8954 4 2 7 1 2368 2512 2027 2845
8955 4 2 7 1 1992 2105 2386 2720
8956 4 2 7 1 1946 2104 2485 2703
8957 4 2 7 1 2159 2364 1989 2457
8958 4 2 7 1 1803 2550 2126 3022
8959 4 2 7 1 1689 2636 2105 2720
8960 4 2 7 1 2622 2827 2345 2859
8961 4 2 7 1 1970 2350 2248 2656
8962 4 2 7 1 1951 2533 2305 2901
8963 4 2 7 1 1743 1915 1896 2194
8964 4 2 7 1 1523 1492 1442 2364
8965 4 2 7 1 1956 2557 2477 3037
8966 4 2 7 1 1155 1420 1158 2627
8967 4 2 7 1 2167 2033 2329 3016
8968 4 2 7 1 314 2601 2094 2851
8969 4 2 7 1 1948 2459 2110 2940
8970 4 2 7 1 691 2222 693 2562
8971 4 2 7 1 2023 2216 2356 2592
8972 4 2 7 1 645 561 432 2595
8973 4 2 7 1 2004 2254 2747 2782
8974 4 2 7 1 2079 2604 2468 2959
8975 4 2 7 1 1031 830 672 2181
8976 4 2 7 1 1414 2175 2825 2980
8977 4 2 7 1 818 2447 2146 2644
8978 4 2 7 1 1949 2355 2163 2898
8979 4 2 7 1 1184 2204 1183 2736
8980 4 2 7 1 1764 1561 1916 2163
8981 4 2 7 1 479 2322 633 2637
8982 4 2 7 1 2003 2118 2467 2503
8983 4 2 7 1 1723 1653 1655 2361
8984 4 2 7 1 2195 2370 2017 3019
8985 4 2 7 1 1758 1707 2819 2916
8986 4 2 7 1 2218 2421 2010 2572
8987 4 2 7 1 2152 2295 1997 3034
8988 4 2 7 1 1979 2097 2537 2828
8989 4 2 7 1 1984 2109 2597 2816
8990 4 2 7 1 1978 2464 2561 2942
8991 4 2 7 1 420 2200 598 2474
8992 4 2 7 1 2048 2297 2379 2739
8993 4 2 7 1 494 399 496 2740
8994 4 2 7 1 2202 2537 2097 2828
8995 4 2 7 1 1987 2172 2273 2616
8996 4 2 7 1 1869 2331 1778 2463
8997 4 2 7 1 772 2305 2148 2988
8998 4 2 7 1 844 846 816 2475
8999 4 2 7 1 2108 1953 2394 2499
9000 4 2 7 1 2107 2531 2231 2725
9001 4 2 7 1 1498 1526 1523 2364
9002 4 2 7 1 1349 2563 1348 2724
9003 4 2 7 1 1724 1716 1913 2580
9004 4 2 7 1 1982 2306 2129 3023
9005 4 2 7 1 2123 2414 2052 2541
9006 4 2 7 1 2004 2358 2254 2782
9007 4 2 7 1 1579 665 2215 2858
9008 4 2 7 1 2519 2587 2011 2770
9009 4 2 7 1 1953 2165 2359 2963
9010 4 2 7 1 1048 1046 2276 2862
9011 4 2 7 1 2200 1975 2374 2717
9012 4 2 7 1 1948 2110 2599 2940
9013 4 2 7 1 967 2195 1877 2972
9014 4 2 7 1 2278 2745 2098 2917
9015 4 2 7 1 2125 2360 2719 2796
9016 4 2 7 1 1355 2494 1429 2595
9017 4 2 7 1 2130 2401 2330 3049
9018 4 2 7 1 1166 2207 1168 2848
9019 4 2 7 1 623 426 434 2601
9020 4 2 7 1 1931 2255 1731 2995
9021 4 2 7 1 2102 2647 2511 2874
9022 4 2 7 1 1979 2154 2534 2844
9023 4 2 7 1 2102 2512 2411 2575
9024 4 2 7 1 1855 959 1576 2689
9025 4 2 7 1 1356 1184 1182 2494
9026 4 2 7 1 2004 2487 2702 2782
9027 4 2 7 1 1946 2512 2439 2711
9028 4 2 7 1 1182 2204 2736 2998
9029 4 2 7 1 394 391 393 2229
9030 4 2 7 1 2094 2559 2014 2601
9031 4 2 7 1 2004 2617 2487 2747
9032 4 2 7 1 2228 2353 2119 2949
9033 4 2 7 1 644 650 2173 3047
9034 4 2 7 1 541 285 2304 2503
9035 4 2 7 1 948 2657 648 2691
9036 4 2 7 1 1426 2409 1303 2786
9037 4 2 7 1 555 615 556 2168
9038 4 2 7 1 1906 1088 1002 2753
9039 4 2 7 1 1376 2470 1280 2569
9040 4 2 7 1 2267 2646 2028 2977
9041 4 2 7 1 2048 2379 2310 2739
9042 4 2 7 1 1214 2751 2221 2818
9043 4 2 7 1 2169 2588 346 2871
9044 4 2 7 1 1564 1809 1115 2182
9045 4 2 7 1 2027 2512 2368 2575
9046 4 2 7 1 2127 2594 1962 2700
9047 4 2 7 1 1130 269 1315 2421
9048 4 2 7 1 2045 2273 2367 2469
9049 4 2 7 1 1414 2175 1125 2825
9050 4 2 7 1 1331 1261 1215 2167
9051 4 2 7 1 2159 2516 1296 2852
9052 4 2 7 1 1467 1372 1373 2809
9053 4 2 7 1 2417 2897 2148 3025
9054 4 2 7 1 2217 2235 2022 2981
9055 4 2 7 1 1976 2347 2508 2542
9056 4 2 7 1 1986 2472 2145 2777
9057 4 2 7 1 2191 2433 2025 2794
9058 4 2 7 1 1567 2289 1742 2793
9059 4 2 7 1 2407 2602 2009 2912
9060 4 2 7 1 2275 2490 2069 2901
9061 4 2 7 1 2686 2716 2067 3023
9062 4 2 7 1 2136 1970 2283 2987
9063 4 2 7 1 1069 277 604 2743
9064 4 2 7 1 1684 1720 2392 2600
9065 4 2 7 1 1888 1737 1574 2867
9066 4 2 7 1 2477 2557 2101 3037
9067 4 2 7 1 1097 2621 1075 2681
9068 4 2 7 1 1317 2421 1318 2497
9069 4 2 7 1 2363 2694 2073 2956
9070 4 2 7 1 886 681 967 2713
9071 4 2 7 1 1778 2331 1652 2978
9072 4 2 7 1 482 634 2725 3048
9073 4 2 7 1 2163 2285 1949 2898
9074 4 2 7 1 2455 2617 2358 2939
9075 4 2 7 1 2037 2886 2258 2943
9076 4 2 7 1 2111 2455 2358 2939
9077 4 2 7 1 1108 1351 1354 2574
9078 4 2 7 1 1380 2413 1423 2888
9079 4 2 7 1 2426 2566 2068 3028
9080 4 2 7 1 2430 2550 1995 2820
9081 4 2 7 1 2000 2356 2216 2592
9082 4 2 7 1 1961 2121 2326 2552
9083 4 2 7 1 2190 1995 2541 2612
9084 4 2 7 1 755 2188 756 3024
9085 4 2 7 1 960 2277 965 2566
9086 4 2 7 1 1982 2260 2686 2716
9087 4 2 7 1 1981 2429 2280 2443
9088 4 2 7 1 1413 1380 1423 2888
9089 4 2 7 1 772 1028 761 2148
9090 4 2 7 1 2416 2481 2037 2805
9091 4 2 7 1 1039 1069 604 2743
9092 4 2 7 1 1069 1070 1083 2158
9093 4 2 7 1 2113 2556 2080 2560
9094 4 2 7 1 2043 2417 2148 3025
9095 4 2 7 1 2225 2433 2025 2970
9096 4 2 7 1 689 678 688 2211
9097 4 2 7 1 2095 2742 2444 2768
9098 4 2 7 1 601 640 519 2724
9099 4 2 7 1 1711 1745 1688 2993
9100 4 2 7 1 790 747 881 2597
9101 4 2 7 1 1953 2633 2168 2944
9102 4 2 7 1 2160 1955 2836 2923
9103 4 2 7 1 2053 2229 2570 2665
9104 4 2 7 1 2317 2333 2078 2986
9105 4 2 7 1 740 738 2444 2768
9106 4 2 7 1 1946 2486 2104 2703
9107 4 2 7 1 972 2514 909 2755
9108 4 2 7 1 1217 1331 1215 2547
9109 4 2 7 1 2148 2305 1951 2988
9110 4 2 7 1 2265 2401 2330 2911
9111 4 2 7 1 1948 2490 2292 2653
9112 4 2 7 1 2026 2412 2288 2727
9113 4 2 7 1 1974 2511 2647 2874
9114 4 2 7 1 2296 2343 2109 2626
9115 4 2 7 1 461 2369 460 2752
9116 4 2 7 1 1953 2359 2695 2963
9117 4 2 7 1 2254 2358 2004 2747
9118 4 2 7 1 2188 2719 2360 2796
9119 4 2 7 1 2027 2313 2783 2992
9120 4 2 7 1 1704 2182 2479 3000
9121 4 2 7 1 1347 1348 1350 2224
9122 4 2 7 1 2047 2690 2303 2856
9123 4 2 7 1 2053 2665 2570 2943
9124 4 2 7 1 449 2173 448 2666
9125 4 2 7 1 1050 2351 1052 3018
9126 4 2 7 1 2022 2332 2143 2729
9127 4 2 7 1 2332 2730 2283 2779
9128 4 2 7 1 2053 2229 2437 2570
9129 4 2 7 1 311 2380 312 2846
9130 4 2 7 1 815 2311 783 2763
9131 4 2 7 1 699 2335 698 2875
9132 4 2 7 1 393 396 395 2665
9133 4 2 7 1 2328 2471 2079 2652
9134 4 2 7 1 1974 2567 2209 2576
9135 4 2 7 1 2028 2543 2267 2977
9136 4 2 7 1 511 2388 1105 2413
9137 4 2 7 1 1973 2288 2412 2727
9138 4 2 7 1 2005 2493 2735 2840
9139 4 2 7 1 2266 2083 2581 2677
9140 4 2 7 1 1969 2473 2176 2782
9141 4 2 7 1 770 806 773 2632
9142 4 2 7 1 1678 1751 1740 2555
9143 4 2 7 1 1939 2468 2400 2604
9144 4 2 7 1 1984 2535 2316 2718
9145 4 2 7 1 2039 2707 2392 2738
9146 4 2 7 1 984 662 1032 2760
9147 4 2 7 1 2132 1992 2525 2709
9148 4 2 7 1 670 1029 915 2137
9149 4 2 7 1 2228 2119 2535 2949
9150 4 2 7 1 1951 2149 2624 2897
9151 4 2 7 1 1996 2622 2345 2859
9152 4 2 7 1 1872 1744 1742 2951
9153 4 2 7 1 1915 1892 1144 2194
9154 4 2 7 1 593 594 262 2752
9155 4 2 7 1 1461 2681 2075 3015
9156 4 2 7 1 1937 2116 2363 2481
9157 4 2 7 1 1956 2477 2223 3037
9158 4 2 7 1 819 833 2181 2471
9159 4 2 7 1 2037 2258 2475 2805
9160 4 2 7 1 2277 2442 856 2875
9161 4 2 7 1 2327 2742 2027 2969
9162 4 2 7 1 2037 2481 2416 2956
9163 4 2 7 1 2167 2011 2320 3016
9164 4 2 7 1 375 377 376 2590
9165 4 2 7 1 1551 2181 672 2995
9166 4 2 7 1 1656 2196 1657 2612
9167 4 2 7 1 886 2195 978 2567
9168 4 2 7 1 2334 2461 1967 2812
9169 4 2 7 1 1981 2429 2443 2754
9170 4 2 7 1 2047 2330 2265 2401
9171 4 2 7 1 2121 2428 2042 2544
9172 4 2 7 1 320 322 411 2415
9173 4 2 7 1 699 700 2335 2875
9174 4 2 7 1 1142 2133 1291 3013
9175 4 2 7 1 772 874 875 2536
9176 4 2 7 1 1798 1935 1582 2554
9177 4 2 7 1 2023 2673 2269 2851
9178 4 2 7 1 1945 2281 2358 2617
9179 4 2 7 1 2152 2560 2080 2723
9180 4 2 7 1 2171 2708 340 2850
9181 4 2 7 1 1214 1243 2221 2751
9182 4 2 7 1 2359 2093 2695 2775
9183 4 2 7 1 2953 2969 2607 2992
9184 4 2 7 1 1118 1296 1438 2852
9185 4 2 7 1 356 2687 2638 2843
9186 4 2 7 1 2171 2529 2478 2850
9187 4 2 7 1 1134 2224 519 2724
9188 4 2 7 1 1926 1366 1925 2245
9189 4 2 7 1 1142 1475 1037 3013
9190 4 2 7 1 1858 2600 1859 2915
9191 4 2 7 1 406 340 2708 2850
9192 4 2 7 1 1973 2412 2213 2727
9193 4 2 7 1 1931 1934 853 2995
9194 4 2 7 1 1978 2120 2422 2561
9195 4 2 7 1 809 2566 2342 2877
9196 4 2 7 1 1643 2479 1704 2895
9197 4 2 7 1 2067 2841 2183 2942
9198 4 2 7 1 2188 2545 756 3024
9199 4 2 7 1 2167 2221 2033 2818
9200 4 2 7 1 2104 2485 2649 2880
9201 4 2 7 1 2031 2755 2446 2967
9202 4 2 7 1 694 698 2147 2875
9203 4 2 7 1 573 334 336 2308
9204 4 2 7 1 2138 2443 2429 2754
9205 4 2 7 1 2055 2373 2343 2817
9206 4 2 7 1 1958 2124 2373 2575
9207 4 2 7 1 1982 2529 2549 3023
9208 4 2 7 1 2241 2847 2012 2919
9209 4 2 7 1 630 2306 1387 2645
9210 4 2 7 1 1980 2667 2183 2854
9211 4 2 7 1 859 2661 2135 2752
9212 4 2 7 1 354 352 353 2368
9213 4 2 7 1 1142 2681 2133 3013
9214 4 2 7 1 1992 2842 2377 2901
9215 4 2 7 1 2019 2521 2182 2767
9216 4 2 7 1 2335 2407 2054 2875
9217 4 2 7 1 973 2280 2429 2920
9218 4 2 7 1 442 395 397 2665
9219 4 2 7 1 1980 2383 2142 2955
9220 4 2 7 1 2186 2582 2036 2589
9221 4 2 7 1 2142 2385 2034 2889
9222 4 2 7 1 2216 2068 2673 2802
9223 4 2 7 1 1084 2133 1097 3013
9224 4 2 7 1 820 2483 830 2555
9225 4 2 7 1 1720 1719 2392 2995
9226 4 2 7 1 2287 2018 2762 2791
9227 4 2 7 1 1944 2373 2343 2883
9228 4 2 7 1 1678 1740 2513 2555
9229 4 2 7 1 2344 2454 2091 2635
9230 4 2 7 1 1498 1497 2159 2852
9231 4 2 7 1 580 2846 2426 3035
9232 4 2 7 1 1743 2194 1588 2425
9233 4 2 7 1 1354 1355 1358 2595
9234 4 2 7 1 1610 1701 1612 2455
9235 4 2 7 1 334 336 2308 2906
9236 4 2 7 1 1410 1244 2390 2778
9237 4 2 7 1 2129 2716 1982 3023
9238 4 2 7 1 1920 1386 1562 2362
9239 4 2 7 1 612 2193 1132 2663
9240 4 2 7 1 795 2660 862 2771
9241 4 2 7 1 1851 2554 2361 2628
9242 4 2 7 1 1277 2424 1205 2464
9243 4 2 7 1 1167 1169 2729 2936
9244 4 2 7 1 277 451 435 2158
9245 4 2 7 1 694 697 692 2562
9246 4 2 7 1 650 2666 2173 3006
9247 4 2 7 1 779 778 777 2471
9248 4 2 7 1 2415 2695 1967 2985
9249 4 2 7 1 1503 2405 2294 2976
9250 4 2 7 1 1839 1840 1841 2608
9251 4 2 7 1 2209 2567 2195 2576
9252 4 2 7 1 1925 1770 2245 2523
9253 4 2 7 1 910 657 911 2240
9254 4 2 7 1 1958 2313 2124 2575
9255 4 2 7 1 1962 2204 2438 2700
9256 4 2 7 1 1396 1463 1122 2550
9257 4 2 7 1 2220 2563 1192 2907
9258 4 2 7 1 1096 2194 2409 2830
9259 4 2 7 1 1860 1602 2384 2524
9260 4 2 7 1 2010 2572 2421 2648
9261 4 2 7 1 1967 2415 2240 2812
9262 4 2 7 1 2188 2029 2423 2719
9263 4 2 7 1 2124 2575 2368 2584
9264 4 2 7 1 2073 2694 2311 2956
9265 4 2 7 1 1272 1462 1173 2540
9266 4 2 7 1 586 342 344 2467
9267 4 2 7 1 2002 2502 2323 2590
9268 4 2 7 1 779 777 981 2668
9269 4 2 7 1 1540 2131 1520 2865
9270 4 2 7 1 2111 2358 2617 2939
9271 4 2 7 1 1955 2217 2235 2923
9272 4 2 7 1 1151 1150 1149 2646
9273 4 2 7 1 421 2659 2258 2810
9274 4 2 7 1 2153 2328 1971 2652
9275 4 2 7 1 2132 2305 2533 2901
9276 4 2 7 1 380 2745 2662 2970
9277 4 2 7 1 2339 2410 2028 2677
9278 4 2 7 1 567 522 423 2664
9279 4 2 7 1 1560 1761 1912 2208
9280 4 2 7 1 2144 1949 2285 2898
9281 4 2 7 1 523 312 2380 2846
9282 4 2 7 1 1597 1753 2154 2833
9283 4 2 7 1 1840 2787 2145 3031
9284 4 2 7 1 2153 2813 2694 2956
9285 4 2 7 1 2227 2077 2800 2946
9286 4 2 7 1 1049 1048 2276 3018
9287 4 2 7 1 1295 2690 2451 2904
9288 4 2 7 1 1740 1739 1858 2513
9289 4 2 7 1 2084 2695 2359 2963
9290 4 2 7 1 1963 2365 2154 2833
9291 4 2 7 1 2117 2533 1795 2731
9292 4 2 7 1 2243 2856 2265 3015
9293 4 2 7 1 1941 2325 2242 2714
9294 4 2 7 1 772 2536 875 2988
9295 4 2 7 1 496 2219 2611 2740
9296 4 2 7 1 1919 1766 2362 2422
9297 4 2 7 1 1459 2123 1365 2628
9298 4 2 7 1 1394 1138 1802 2396
9299 4 2 7 1 1951 2842 2490 2901
9300 4 2 7 1 444 2827 2792 2859
9301 4 2 7 1 2351 2621 2971 3032
9302 4 2 7 1 884 2324 866 2674
9303 4 2 7 1 1839 2321 1573 3031
9304 4 2 7 1 1377 2134 1262 2980
9305 4 2 7 1 1743 1726 2194 2425
9306 4 2 7 1 2089 2007 2488 2609
9307 4 2 7 1 1673 2206 1752 2919
9308 4 2 7 1 2171 2003 2467 2708
9309 4 2 7 1 2439 2512 2072 2711
9310 4 2 7 1 1980 2128 2302 2955
9311 4 2 7 1 2023 2287 2216 2592
9312 4 2 7 1 2253 2540 2430 2765
9313 4 2 7 1 1105 511 1383 2388
9314 4 2 7 1 1068 1032 1045 2760
9315 4 2 7 1 775 954 771 2483
9316 4 2 7 1 601 414 353 2584
9317 4 2 7 1 319 317 2517 2775
9318 4 2 7 1 2207 2217 2022 2848
9319 4 2 7 1 1467 2127 1372 2809
9320 4 2 7 1 2057 2587 2144 2679
9321 4 2 7 1 1230 1227 1228 2528
9322 4 2 7 1 1975 2244 2515 2570
9323 4 2 7 1 973 2429 931 2920
9324 4 2 7 1 2093 2664 2005 2985
9325 4 2 7 1 956 2602 802 2829
9326 4 2 7 1 1197 2641 2139 2983
9327 4 2 7 1 2126 2430 2253 2540
9328 4 2 7 1 841 2483 820 2555
9329 4 2 7 1 2294 2405 1507 2622
9330 4 2 7 1 1966 2498 2593 2880
9331 4 2 7 1 2064 2434 2340 2747
9332 4 2 7 1 1106 1394 1570 2934
9333 4 2 7 1 1696 1630 1628 2505
9334 4 2 7 1 2043 2897 2417 3025
9335 4 2 7 1 2180 2446 715 2954
9336 4 2 7 1 1848 2134 1928 2825
9337 4 2 7 1 262 593 2135 2691
9338 4 2 7 1 2086 2549 2529 3023
9339 4 2 7 1 1972 2153 2363 2652
9340 4 2 7 1 2121 2042 2428 2883
9341 4 2 7 1 2095 2607 2969 2992
9342 4 2 7 1 1142 1291 2133 2681
9343 4 2 7 1 417 484 591 2583
9344 4 2 7 1 1772 2826 1924 2895
9345 4 2 7 1 2046 2211 2650 2748
9346 4 2 7 1 2021 2553 2240 2812
9347 4 2 7 1 907 2755 909 2884
9348 4 2 7 1 928 733 735 2472
9349 4 2 7 1 2306 2549 2129 3023
9350 4 2 7 1 1672 1669 1670 2283
9351 4 2 7 1 787 2188 755 3024
9352 4 2 7 1 1887 1396 2550 3022
9353 4 2 7 1 2212 1983 2224 2563
9354 4 2 7 1 1770 2523 1769 2616
9355 4 2 7 1 467 281 515 2456
9356 4 2 7 1 1427 2247 1292 2495
9357 4 2 7 1 1792 2533 2132 2697
9358 4 2 7 1 1277 1400 2362 2464
9359 4 2 7 1 1952 2965 2179 3028
9360 4 2 7 1 2032 2693 2494 2797
9361 4 2 7 1 2081 2637 1390 2645
9362 4 2 7 1 1513 1506 2546 2996
9363 4 2 7 1 1943 2230 2589 2593
9364 4 2 7 1 2204 2353 1962 2797
9365 4 2 7 1 2198 2274 2632 2994
9366 4 2 7 1 2188 2423 2360 2719
9367 4 2 7 1 375 376 2225 2590
9368 4 2 7 1 1181 1179 1180 2736
9369 4 2 7 1 546 585 2571 2605
9370 4 2 7 1 1968 2291 2661 2794
9371 4 2 7 1 2702 2903 713 2954
9372 4 2 7 1 2043 2433 2191 2794
9373 4 2 7 1 1868 2154 2678 2715
9374 4 2 7 1 1700 1763 1625 2807
9375 4 2 7 1 1647 2594 1649 2834
9376 4 2 7 1 1325 1318 1316 2497
9377 4 2 7 1 314 463 2601 2851
9378 4 2 7 1 2153 2471 2328 2652
9379 4 2 7 1 1975 2627 2267 2952
9380 4 2 7 1 2467 2503 540 2708
9381 4 2 7 1 2179 2005 2527 2840
9382 4 2 7 1 1578 1821 1819 2420
9383 4 2 7 1 1967 2240 2789 2812
9384 4 2 7 1 2014 2357 2310 2947
9385 4 2 7 1 1952 2277 2442 2965
9386 4 2 7 1 1931 853 2255 2995
9387 4 2 7 1 2113 2505 2062 2640
9388 4 2 7 1 1184 1183 2204 2929
9389 4 2 7 1 1947 2501 2128 2508
9390 4 2 7 1 2625 2912 2282 3026
9391 4 2 7 1 2398 2626 2055 2832
9392 4 2 7 1 327 2585 2227 2798
9393 4 2 7 1 1952 2114 2526 2568
9394 4 2 7 1 558 269 638 2165
9395 4 2 7 1 1270 1454 1165 2332
9396 4 2 7 1 2037 2153 2481 2956
9397 4 2 7 1 1859 1684 1681 2600
9398 4 2 7 1 1658 2196 1656 2720
9399 4 2 7 1 1682 1681 1683 2184
9400 4 2 7 1 550 551 584 2327
9401 4 2 7 1 1974 2195 2567 2576
9402 4 2 7 1 2062 2251 2542 2640
9403 4 2 7 1 1247 2129 1379 2854
9404 4 2 7 1 2124 2687 2373 2883
9405 4 2 7 1 1397 2396 1271 2540
9406 4 2 7 1 2138 2928 2321 2935
9407 4 2 7 1 2121 2638 2042 2883
9408 4 2 7 1 683 301 990 2236
9409 4 2 7 1 2157 1990 2740 3002
9410 4 2 7 1 1609 2441 1607 3030
9411 4 2 7 1 2037 2668 2153 2813
9412 4 2 7 1 1976 2489 2347 2542
9413 4 2 7 1 1712 1725 1598 2288
9414 4 2 7 1 2017 2370 2249 2704
9415 4 2 7 1 1982 2354 2375 2744
9416 4 2 7 1 2190 2541 1995 2820
9417 4 2 7 1 2206 2012 2847 2919
9418 4 2 7 1 323 324 322 2504
9419 4 2 7 1 1121 1925 1366 2245
9420 4 2 7 1 1691 2175 1846 2539
9421 4 2 7 1 1985 2266 2232 2677
9422 4 2 7 1 905 800 907 2755
9423 4 2 7 1 2258 2886 2174 2943
9424 4 2 7 1 1864 2525 1658 2720
9425 4 2 7 1 1322 2790 2096 2979
9426 4 2 7 1 1753 2534 2154 2833
9427 4 2 7 1 1855 1875 2178 2689
9428 4 2 7 1 458 2203 2769 2865
9429 4 2 7 1 864 786 753 2532
9430 4 2 7 1 2191 2025 2433 2970
9431 4 2 7 1 1510 1502 1512 2737
9432 4 2 7 1 997 917 2735 2840
9433 4 2 7 1 2582 2589 1986 2706
9434 4 2 7 1 1191 1189 1190 2465
9435 4 2 7 1 579 2326 362 2491
9436 4 2 7 1 1962 2594 2155 2949
9437 4 2 7 1 1974 2567 2195 2732
9438 4 2 7 1 626 473 564 2385
9439 4 2 7 1 2254 2340 2099 2557
9440 4 2 7 1 1922 2523 1127 2941
9441 4 2 7 1 2216 2287 1988 2460
9442 4 2 7 1 2128 1980 2302 2841
9443 4 2 7 1 263 560 648 2309
9444 4 2 7 1 2269 2673 307 2851
9445 4 2 7 1 539 659 918 2503
9446 4 2 7 1 532 2427 529 2431
9447 4 2 7 1 2054 2734 2493 2835
9448 4 2 7 1 2028 2372 2339 2677
9449 4 2 7 1 419 2250 418 2937
9450 4 2 7 1 1143 2203 1425 2769
9451 4 2 7 1 2491 2611 2040 2740
9452 4 2 7 1 1320 2492 2221 2790
9453 4 2 7 1 917 2197 999 2735
9454 4 2 7 1 1791 660 2697 2864
9455 4 2 7 1 2195 2576 2370 3019
9456 4 2 7 1 901 902 903 2420
9457 4 2 7 1 601 519 2224 2724
9458 4 2 7 1 1311 1226 1229 2633
9459 4 2 7 1 1952 2846 2269 3028
9460 4 2 7 1 2145 1986 2321 2900
9461 4 2 7 1 2333 2571 2142 2889
9462 4 2 7 1 2183 2067 2667 2841
9463 4 2 7 1 2363 2652 2116 2675
9464 4 2 7 1 1979 2401 2130 3049
9465 4 2 7 1 1876 1632 2443 2928
9466 4 2 7 1 1307 1292 2247 2620
9467 4 2 7 1 2104 2593 2498 2880
9468 4 2 7 1 2302 2501 1947 2955
9469 4 2 7 1 1851 1935 1722 2554
9470 4 2 7 1 1523 1442 1118 2364
9471 4 2 7 1 1397 2540 2126 3022
9472 4 2 7 1 2134 2016 2548 2984
9473 4 2 7 1 486 2404 2205 2776
9474 4 2 7 1 2012 2117 2391 2988
9475 4 2 7 1 2359 2517 2093 2775
9476 4 2 7 1 2169 2327 1954 2498
9477 4 2 7 1 2472 2610 2030 2768
9478 4 2 7 1 2443 2928 1632 3017
9479 4 2 7 1 369 2348 367 2861
9480 4 2 7 1 933 2209 934 2972
9481 4 2 7 1 1970 2779 2432 2981
9482 4 2 7 1 550 2210 549 2588
9483 4 2 7 1 2288 2727 1973 2951
9484 4 2 7 1 835 2328 2632 3006
9485 4 2 7 1 452 2558 592 2743
9486 4 2 7 1 1280 2470 2256 2569
9487 4 2 7 1 2094 2601 2014 2947
9488 4 2 7 1 799 937 1023 2210
9489 4 2 7 1 368 498 366 2740
9490 4 2 7 1 2016 2506 2111 2548
9491 4 2 7 1 1986 2145 2321 2608
9492 4 2 7 1 2193 2357 2947 2999
9493 4 2 7 1 1982 2306 2684 2716
9494 4 2 7 1 944 2556 2280 2815
9495 4 2 7 1 1844 2209 2787 2972
9496 4 2 7 1 2274 2369 2135 2752
9497 4 2 7 1 2167 2320 2268 3016
9498 4 2 7 1 2435 2905 2013 2938
9499 4 2 7 1 910 2240 911 2789
9500 4 2 7 1 692 2562 697 2855
9501 4 2 7 1 1998 2220 2307 2465
9502 4 2 7 1 2094 2712 2568 2947
9503 4 2 7 1 2007 2089 2488 2952
9504 4 2 7 1 1463 2126 2550 3022
9505 4 2 7 1 1972 2652 2363 2675
9506 4 2 7 1 1750 1751 2241 2555
9507 4 2 7 1 2228 2155 2704 2949
9508 4 2 7 1 448 430 441 3047
9509 4 2 7 1 2004 2455 2151 2939
9510 4 2 7 1 1773 2126 2596 3022
9511 4 2 7 1 2087 2425 2376 2793
9512 4 2 7 1 1977 2693 2119 2797
9513 4 2 7 1 2080 2510 2162 2556
9514 4 2 7 1 555 2168 556 2663
9515 4 2 7 1 2063 2497 2082 2893
9516 4 2 7 1 2128 2501 2302 2955
9517 4 2 7 1 2511 2639 2066 2703
9518 4 2 7 1 319 2517 2359 2775
9519 4 2 7 1 1777 1778 1776 2463
9520 4 2 7 1 2099 2702 2446 2954
9521 4 2 7 1 2104 2589 1986 2822
9522 4 2 7 1 1425 2203 1432 2769
9523 4 2 7 1 2065 2912 2625 3026
9524 4 2 7 1 1337 2583 1335 2913
9525 4 2 7 1 716 2660 2180 2954
9526 4 2 7 1 1877 1780 2195 2713
9527 4 2 7 1 2188 2377 1992 2796
9528 4 2 7 1 2097 1979 2620 2828
9529 4 2 7 1 1968 2538 2248 2994
9530 4 2 7 1 1682 2184 2581 2867
9531 4 2 7 1 2204 2395 1977 2494
9532 4 2 7 1 1058 1046 1044 2276
9533 4 2 7 1 2100 2760 2564 2862
9534 4 2 7 1 2568 2712 1957 2947
9535 4 2 7 1 1945 2340 2270 2598
9536 4 2 7 1 1926 2245 1771 2767
9537 4 2 7 1 2268 2320 2011 3016
9538 4 2 7 1 1992 2188 2532 2709
9539 4 2 7 1 1504 1528 1508 2546
9540 4 2 7 1 1999 2416 2405 3044
9541 4 2 7 1 1182 1184 1183 2736
9542 4 2 7 1 1618 1699 2473 2860
9543 4 2 7 1 2321 2582 2138 2935
9544 4 2 7 1 1635 1634 2273 3017
9545 4 2 7 1 1046 1049 1048 2276
9546 4 2 7 1 1942 2541 2298 2710
9547 4 2 7 1 366 365 367 2462
9548 4 2 7 1 1955 2344 2635 2866
9549 4 2 7 1 316 2380 313 2559
9550 4 2 7 1 1619 1618 2164 2860
9551 4 2 7 1 1342 512 1114 2323
9552 4 2 7 1 2029 2316 2177 2990
9553 4 2 7 1 1576 959 942 2689
9554 4 2 7 1 2150 2831 2726 2884
9555 4 2 7 1 2006 2413 2348 2623
9556 4 2 7 1 2089 2007 2609 2952
9557 4 2 7 1 1657 1656 1658 2196
9558 4 2 7 1 311 313 312 2380
9559 4 2 7 1 1706 1663 2522 2596
9560 4 2 7 1 699 2335 961 2814
9561 4 2 7 1 2551 2819 1758 2931
9562 4 2 7 1 1397 2396 2540 3022
9563 4 2 7 1 2166 2476 2045 3017
9564 4 2 7 1 785 765 2291 2536
9565 4 2 7 1 2269 2846 2094 2851
9566 4 2 7 1 1775 885 2234 2713
9567 4 2 7 1 1504 2405 1505 2976
9568 4 2 7 1 833 2255 853 2995
9569 4 2 7 1 2191 2691 2135 2970
9570 4 2 7 1 1974 2209 2567 2610
9571 4 2 7 1 2041 2480 2338 2649
9572 4 2 7 1 1828 2178 1875 2679
9573 4 2 7 1 2099 2702 2487 2747
9574 4 2 7 1 2056 2232 2233 2909
9575 4 2 7 1 1966 2169 2498 2922
9576 4 2 7 1 2043 2661 2291 2794
9577 4 2 7 1 1700 1625 2285 2807
9578 4 2 7 1 1696 1834 1831 2505
9579 4 2 7 1 878 2545 2219 2837
9580 4 2 7 1 1773 2596 2396 3022
9581 4 2 7 1 2183 2300 1949 2841
9582 4 2 7 1 1969 2176 2702 2782
9583 4 2 7 1 1233 1234 1232 2620
9584 4 2 7 1 2004 2702 2176 2782
9585 4 2 7 1 1968 2198 2538 2994
9586 4 2 7 1 2017 2680 2370 2704
9587 4 2 7 1 667 1572 933 2972
9588 4 2 7 1 2215 2602 2009 2814
9589 4 2 7 1 1985 2159 2372 2857
9590 4 2 7 1 1541 2262 1491 2682
9591 4 2 7 1 2096 2671 2585 2790
9592 4 2 7 1 875 957 2391 2536
9593 4 2 7 1 438 439 294 2642
9594 4 2 7 1 1451 1399 1269 2634
9595 4 2 7 1 2010 2598 2648 2963
9596 4 2 7 1 2231 2299 1966 2922
9597 4 2 7 1 2218 2492 1319 2979
9598 4 2 7 1 1317 1319 1415 2218
9599 4 2 7 1 2103 2623 2298 2899
9600 4 2 7 1 540 2503 541 2708
9601 4 2 7 1 1983 2307 2591 2890
9602 4 2 7 1 1372 1467 1254 2127
9603 4 2 7 1 1988 2237 2236 2558
9604 4 2 7 1 1533 1550 2780 2792
9605 4 2 7 1 1765 2807 1853 2973
9606 4 2 7 1 1999 2447 2146 2996
9607 4 2 7 1 534 533 532 2137
9608 4 2 7 1 2279 2334 2064 2461
9609 4 2 7 1 1846 1716 1903 2539
9610 4 2 7 1 1857 1701 1610 3030
9611 4 2 7 1 2237 826 2564 2877
9612 4 2 7 1 2448 2544 1977 2552
9613 4 2 7 1 2145 2610 2209 2777
9614 4 2 7 1 2163 1763 2807 2885
9615 4 2 7 1 1758 2136 1759 2916
9616 4 2 7 1 777 776 774 2471
9617 4 2 7 1 2396 2522 1991 2596
9618 4 2 7 1 1055 2378 1054 2621
9619 4 2 7 1 1980 2383 2272 2385
9620 4 2 7 1 1567 1742 1725 2793
9621 4 2 7 1 2198 2483 2001 2994
9622 4 2 7 1 2145 2787 1840 2811
9623 4 2 7 1 2335 2788 2147 2806
9624 4 2 7 1 541 2503 2304 2708
9625 4 2 7 1 1985 2339 2372 2677
9626 4 2 7 1 2176 2420 2004 2603
9627 4 2 7 1 2269 2568 2023 2851
9628 4 2 7 1 2016 2134 2548 2772
9629 4 2 7 1 2223 1940 2781 3037
9630 4 2 7 1 587 492 490 2192
9631 4 2 7 1 2208 2312 2256 2925
9632 4 2 7 1 481 2299 635 2725
9633 4 2 7 1 2223 2031 2781 3034
9634 4 2 7 1 615 556 2168 3020
9635 4 2 7 1 2259 2592 2381 2932
9636 4 2 7 1 1623 2144 1624 3041
9637 4 2 7 1 1144 1448 1915 2194
9638 4 2 7 1 1972 2468 2675 2959
9639 4 2 7 1 387 386 390 2474
9640 4 2 7 1 2003 2728 2319 3036
9641 4 2 7 1 2155 2680 2017 2704
9642 4 2 7 1 2196 2636 1656 2720
9643 4 2 7 1 1956 2223 2557 3037
9644 4 2 7 1 1953 2201 2633 2944
9645 4 2 7 1 2027 2498 2327 2783
9646 4 2 7 1 2394 2434 2084 2695
9647 4 2 7 1 2080 2556 2113 2640
9648 4 2 7 1 622 472 471 2979
9649 4 2 7 1 1004 2192 890 2496
9650 4 2 7 1 1946 2639 2511 2703
9651 4 2 7 1 1171 2403 1169 2936
9652 4 2 7 1 539 918 285 2503
9653 4 2 7 1 1803 2126 1773 3022
9654 4 2 7 1 1536 2792 1495 2827
9655 4 2 7 1 1283 2372 1268 2516
9656 4 2 7 1 2792 2827 2122 2859
9657 4 2 7 1 1330 2399 1275 2523
9658 4 2 7 1 2045 2273 2271 2367
9659 4 2 7 1 1469 2187 2615 3008
9660 4 2 7 1 2097 2528 2048 2739
9661 4 2 7 1 2254 2358 2088 2782
9662 4 2 7 1 2160 2371 2007 3033
9663 4 2 7 1 596 922 286 2605
9664 4 2 7 1 1691 1905 1846 2175
9665 4 2 7 1 1981 2162 2510 2556
9666 4 2 7 1 2276 2862 2261 3018
9667 4 2 7 1 1968 2661 2135 2794
9668 4 2 7 1 1846 1845 1558 2580
9669 4 2 7 1 2135 2025 2794 2970
9670 4 2 7 1 2197 1967 2735 2985
9671 4 2 7 1 2378 2450 2000 2621
9672 4 2 7 1 533 2137 534 2771
9673 4 2 7 1 2104 2649 2338 2880
9674 4 2 7 1 2099 2903 2702 2954
9675 4 2 7 1 960 965 810 2566
9676 4 2 7 1 2104 1986 2486 2822
9677 4 2 7 1 565 658 1011 2317
9678 4 2 7 1 1915 1743 1892 2194
9679 4 2 7 1 1182 2204 1184 2736
9680 4 2 7 1 2002 2577 2090 2618
9681 4 2 7 1 1682 1680 1681 2867
9682 4 2 7 1 1577 1825 1824 2669
9683 4 2 7 1 2182 2767 1772 2895
9684 4 2 7 1 1734 1721 2849 3011
9685 4 2 7 1 1055 1092 1077 2378
9686 4 2 7 1 2134 1965 2440 2980
9687 4 2 7 1 1963 2365 2140 2788
9688 4 2 7 1 810 992 960 2566
9689 4 2 7 1 1840 2608 2145 2811
9690 4 2 7 1 1956 2477 2101 2800
9691 4 2 7 1 446 1120 1304 2374
9692 4 2 7 1 2076 2407 2282 2602
9693 4 2 7 1 2299 2531 1966 2741
9694 4 2 7 1 694 2147 2562 2808
9695 4 2 7 1 288 914 913 2427
9696 4 2 7 1 812 2840 2442 2965
9697 4 2 7 1 2153 1971 2328 2668
9698 4 2 7 1 2125 2796 2719 2842
9699 4 2 7 1 1612 2455 1614 2506
9700 4 2 7 1 384 2371 383 2836
9701 4 2 7 1 829 2328 835 3006
9702 4 2 7 1 1198 1437 2741 2924
9703 4 2 7 1 2526 2568 2114 2762
9704 4 2 7 1 1637 1636 1638 2172
9705 4 2 7 1 2301 2771 2078 3027
9706 4 2 7 1 2003 2503 2728 3036
9707 4 2 7 1 1579 2215 1811 2858
9708 4 2 7 1 360 402 358 2843
9709 4 2 7 1 694 856 698 2875
9710 4 2 7 1 2084 2648 2598 2963
9711 4 2 7 1 1500 2457 1502 2737
9712 4 2 7 1 2287 1936 2460 2592
9713 4 2 7 1 2526 2762 2018 2791
9714 4 2 7 1 914 288 531 2427
9715 4 2 7 1 1965 2134 2440 2772
9716 4 2 7 1 282 492 587 2192
9717 4 2 7 1 2209 2777 2066 2811
9718 4 2 7 1 1340 1342 2323 2502
9719 4 2 7 1 1253 1188 1357 2212
9720 4 2 7 1 1168 1339 1257 2207
9721 4 2 7 1 1985 2372 2159 2516
9722 4 2 7 1 1990 2459 2157 2586
9723 4 2 7 1 1979 2130 2401 2495
9724 4 2 7 1 2299 2322 1966 2922
9725 4 2 7 1 1999 2146 2909 2996
9726 4 2 7 1 2160 467 2836 3033
9727 4 2 7 1 2231 2531 2299 2725
9728 4 2 7 1 1369 2521 1256 2767
9729 4 2 7 1 1742 1894 1882 2289
9730 4 2 7 1 2074 2651 2408 2958
9731 4 2 7 1 1846 1716 2539 2580
9732 4 2 7 1 2020 2373 2687 2883
9733 4 2 7 1 359 357 572 2544
9734 4 2 7 1 2144 2542 2449 3041
9735 4 2 7 1 665 894 2215 2858
9736 4 2 7 1 2160 2007 2371 2869
9737 4 2 7 1 1408 2357 1241 2633
9738 4 2 7 1 908 905 907 2669
9739 4 2 7 1 2058 2226 2513 2656
9740 4 2 7 1 707 709 900 2279
9741 4 2 7 1 1982 2549 2306 3023
9742 4 2 7 1 647 840 1750 2555
9743 4 2 7 1 711 713 2702 2903
9744 4 2 7 1 1887 1569 1396 3022
9745 4 2 7 1 2065 2115 2524 3026
9746 4 2 7 1 2298 2459 2125 2899
9747 4 2 7 1 2062 2542 2251 2561
9748 4 2 7 1 2719 2796 1992 2842
9749 4 2 7 1 1379 2129 1392 3038
9750 4 2 7 1 2486 2511 2066 2703
9751 4 2 7 1 1250 1192 2563 2907
9752 4 2 7 1 1778 1652 1650 2978
9753 4 2 7 1 1844 933 1572 2972
9754 4 2 7 1 2122 2827 2622 2859
9755 4 2 7 1 1463 2550 1396 3022
9756 4 2 7 1 1381 1105 1382 2388
9757 4 2 7 1 668 860 262 2752
9758 4 2 7 1 766 767 2291 2661
9759 4 2 7 1 1735 1724 1900 2247
9760 4 2 7 1 857 647 1884 2241
9761 4 2 7 1 2131 1996 2345 2659
9762 4 2 7 1 919 2304 2503 2728
9763 4 2 7 1 1662 2275 1663 2596
9764 4 2 7 1 2209 2567 934 2972
9765 4 2 7 1 1403 1331 1217 2547
9766 4 2 7 1 1198 1196 1437 2924
9767 4 2 7 1 2205 2611 993 2749
9768 4 2 7 1 1929 2479 1647 2834
9769 4 2 7 1 2162 2418 1981 2510
9770 4 2 7 1 2154 2715 1868 3010
9771 4 2 7 1 2147 2018 2562 2808
9772 4 2 7 1 2153 2481 2363 2652
9773 4 2 7 1 1945 2617 2358 2747
9774 4 2 7 1 2353 2050 2750 2887
9775 4 2 7 1 919 2503 813 2728
9776 4 2 7 1 1984 2721 2234 2758
9777 4 2 7 1 1954 2327 2169 2588
9778 4 2 7 1 992 2566 810 2784
9779 4 2 7 1 1512 1502 1525 2294
9780 4 2 7 1 2258 428 2870 2879
9781 4 2 7 1 1722 1651 1851 2361
9782 4 2 7 1 576 290 580 2426
9783 4 2 7 1 1621 2519 1619 2587
9784 4 2 7 1 1770 2245 2523 2616
9785 4 2 7 1 1515 1546 2146 3011
9786 4 2 7 1 1134 1348 1347 2224
9787 4 2 7 1 2142 2500 2333 2889
9788 4 2 7 1 293 301 302 2236
9789 4 2 7 1 821 2179 1010 2840
9790 4 2 7 1 2071 2413 2606 2623
9791 4 2 7 1 2362 2422 2120 2973
9792 4 2 7 1 968 2514 794 2560
9793 4 2 7 1 850 818 684 2146
9794 4 2 7 1 1602 1866 1813 2384
9795 4 2 7 1 1858 1859 1677 2915
9796 4 2 7 1 892 893 1810 2387
9797 4 2 7 1 2067 2183 2921 2942
9798 4 2 7 1 912 1006 793 2553
9799 4 2 7 1 1943 2367 2271 2649
9800 4 2 7 1 1984 2331 2155 2535
9801 4 2 7 1 2287 2460 2216 2592
9802 4 2 7 1 1338 2160 2509 3014
9803 4 2 7 1 1905 2175 1691 2825
9804 4 2 7 1 635 480 273 2637
9805 4 2 7 1 1718 2346 2233 2707
9806 4 2 7 1 2127 2615 2187 2834
9807 4 2 7 1 769 771 954 2198
9808 4 2 7 1 1419 1234 1235 2620
9809 4 2 7 1 2510 2640 2251 2733
9810 4 2 7 1 691 695 693 2222
9811 4 2 7 1 2060 2419 2339 3044
9812 4 2 7 1 1739 1551 2181 2555
9813 4 2 7 1 735 734 736 2318
9814 4 2 7 1 1397 1460 1271 2396
9815 4 2 7 1 1373 1374 1467 2554
9816 4 2 7 1 492 2192 2607 2953
9817 4 2 7 1 1594 1593 2530 2951
9818 4 2 7 1 574 370 389 2586
9819 4 2 7 1 2072 2393 2139 2924
9820 4 2 7 1 416 2323 514 2502
9821 4 2 7 1 2263 2712 2094 2947
9822 4 2 7 1 927 2209 934 2787
9823 4 2 7 1 1990 2125 2459 2796
9824 4 2 7 1 2064 2434 2461 2812
9825 4 2 7 1 1814 892 1810 2387
9826 4 2 7 1 2206 2012 2698 2847
9827 4 2 7 1 1392 2129 2716 3038
9828 4 2 7 1 2191 2657 2309 3025
9829 4 2 7 1 277 2158 452 2743
9830 4 2 7 1 556 401 2517 3020
9831 4 2 7 1 2116 1971 2481 2570
9832 4 2 7 1 509 561 2595 2962
9833 4 2 7 1 1801 2190 1705 2550
9834 4 2 7 1 2134 2470 2016 2984
9835 4 2 7 1 2415 2695 2093 2775
9836 4 2 7 1 834 970 851 2174
9837 4 2 7 1 596 922 2605 2799
9838 4 2 7 1 2019 2826 2767 2895
9839 4 2 7 1 813 2728 2503 3036
9840 4 2 7 1 2339 2372 2028 2857
9841 4 2 7 1 1952 2568 2526 2762
9842 4 2 7 1 1267 2764 1473 2950
9843 4 2 7 1 1281 1309 1230 2528
9844 4 2 7 1 2236 2237 1988 2877
9845 4 2 7 1 2451 2690 2051 2904
9846 4 2 7 1 1669 1667 1668 2730
9847 4 2 7 1 2113 2560 2080 2640
9848 4 2 7 1 2032 2494 2204 2797
9849 4 2 7 1 2338 2649 2480 2880
9850 4 2 7 1 2026 2715 2130 3049
9851 4 2 7 1 1392 2129 1247 2716
9852 4 2 7 1 672 2181 833 2995
9853 4 2 7 1 1650 2594 2155 2978
9854 4 2 7 1 984 836 662 2564
9855 4 2 7 1 2072 2563 2220 2907
9856 4 2 7 1 919 2304 918 2503
9857 4 2 7 1 895 665 894 2215
9858 4 2 7 1 716 714 2660 2954
9859 4 2 7 1 1025 998 850 2849
9860 4 2 7 1 1615 1614 1616 2860
9861 4 2 7 1 1211 2268 1326 2355
9862 4 2 7 1 618 465 269 2421
9863 4 2 7 1 1708 1688 1709 2266
9864 4 2 7 1 2068 2566 2426 2784
9865 4 2 7 1 2198 2632 2274 3021
9866 4 2 7 1 2184 2867 2435 2938
9867 4 2 7 1 2367 2469 1986 2706
9868 4 2 7 1 1952 2179 2442 2734
9869 4 2 7 1 979 1002 1042 2753
9870 4 2 7 1 2230 2319 2036 2930
9871 4 2 7 1 896 2335 699 2814
9872 4 2 7 1 1748 1491 1534 2262
9873 4 2 7 1 2191 2433 2225 2970
9874 4 2 7 1 636 481 635 2725
9875 4 2 7 1 1941 2149 2325 2897
9876 4 2 7 1 2181 2471 1972 2959
9877 4 2 7 1 2420 2455 2004 2603
9878 4 2 7 1 2358 2455 2004 2617
9879 4 2 7 1 1950 2167 2329 2770
9880 4 2 7 1 1579 1812 1811 2215
9881 4 2 7 1 2057 2489 2144 2587
9882 4 2 7 1 1972 2471 2255 2694
9883 4 2 7 1 2012 2417 2117 2988
9884 4 2 7 1 2154 2534 1753 2678
9885 4 2 7 1 366 399 2491 2740
9886 4 2 7 1 1976 2514 2178 2560
9887 4 2 7 1 498 2586 497 2740
9888 4 2 7 1 1608 1609 1607 3030
9889 4 2 7 1 2181 2483 2001 2555
9890 4 2 7 1 819 775 776 2483
9891 4 2 7 1 1650 2155 2680 2721
9892 4 2 7 1 1876 1632 1833 2443
9893 4 2 7 1 2112 1981 2510 2733
9894 4 2 7 1 498 368 2586 2740
9895 4 2 7 1 1643 2141 2479 2895
9896 4 2 7 1 959 2178 968 2689
9897 4 2 7 1 1504 2546 2405 2976
9898 4 2 7 1 1983 2368 2512 2575
9899 4 2 7 1 2216 2356 2000 2759
9900 4 2 7 1 575 447 439 2437
9901 4 2 7 1 2256 2312 2016 2470
9902 4 2 7 1 617 2648 2359 3020
9903 4 2 7 1 1926 1366 2245 2767
9904 4 2 7 1 973 798 962 2556
9905 4 2 7 1 1885 2209 1844 2972
9906 4 2 7 1 1748 2262 1534 2688
9907 4 2 7 1 2188 1992 2719 2796
9908 4 2 7 1 2248 2538 2001 2994
9909 4 2 7 1 2022 2332 2257 2779
9910 4 2 7 1 827 2566 2236 2784
9911 4 2 7 1 2458 2639 2066 2839
9912 4 2 7 1 1277 1203 1205 2424
9913 4 2 7 1 2260 2684 1248 2716
9914 4 2 7 1 2258 2859 428 2879
9915 4 2 7 1 1115 1369 1368 2182
9916 4 2 7 1 1559 1377 1847 2825
9917 4 2 7 1 2161 1995 2541 2820
9918 4 2 7 1 2045 2476 2273 3017
9919 4 2 7 1 1532 1492 1527 2769
9920 4 2 7 1 1971 2116 2481 2652
9921 4 2 7 1 474 473 626 2272
9922 4 2 7 1 2121 2544 2042 2638
9923 4 2 7 1 2234 2398 2017 2713
9924 4 2 7 1 1938 2282 2336 2696
9925 4 2 7 1 596 921 922 2799
9926 4 2 7 1 1907 2441 1609 2548
9927 4 2 7 1 1682 1681 2184 2867
9928 4 2 7 1 1808 1704 2187 3000
9929 4 2 7 1 1367 1330 2245 2641
9930 4 2 7 1 2160 468 2583 2836
9931 4 2 7 1 1971 2116 2652 2873
9932 4 2 7 1 1109 2168 555 2663
9933 4 2 7 1 2363 2410 2039 2675
9934 4 2 7 1 969 2239 837 2699
9935 4 2 7 1 2047 2537 2303 3039
9936 4 2 7 1 440 2642 2203 2937
9937 4 2 7 1 1250 1192 1352 2563
9938 4 2 7 1 519 1134 517 2224
9939 4 2 7 1 570 313 316 2380
9940 4 2 7 1 1936 2330 2412 2838
9941 4 2 7 1 590 2504 2431 2892
9942 4 2 7 1 2070 2646 2374 3045
9943 4 2 7 1 1665 1706 1663 2522
9944 4 2 7 1 944 973 2280 2556
9945 4 2 7 1 543 2467 2708 2914
9946 4 2 7 1 2008 2247 2534 2828
9947 4 2 7 1 829 981 835 2328
9948 4 2 7 1 1997 2500 2142 2501
9949 4 2 7 1 1529 1508 1528 2314
9950 4 2 7 1 1849 1850 676 2731
9951 4 2 7 1 2101 2557 1956 2800
9952 4 2 7 1 1123 1287 1285 2911
9953 4 2 7 1 2403 2729 1169 2936
9954 4 2 7 1 2198 2001 2538 2994
9955 4 2 7 1 1219 2256 1403 2547
9956 4 2 7 1 2362 2424 2092 2941
9957 4 2 7 1 1152 1282 1299 2821
9958 4 2 7 1 2094 2246 2568 2851
9959 4 2 7 1 2125 2459 2298 2670
9960 4 2 7 1 1244 2214 1289 2764
9961 4 2 7 1 737 739 2610 2768
9962 4 2 7 1 2005 2380 2263 2734
9963 4 2 7 1 1971 2570 2116 2873
9964 4 2 7 1 1279 2193 2451 2999
9965 4 2 7 1 1168 2207 1257 2936
9966 4 2 7 1 387 386 2474 2958
9967 4 2 7 1 1988 2287 2213 2460
9968 4 2 7 1 579 362 364 2491
9969 4 2 7 1 1281 1102 2580 2964
9970 4 2 7 1 2109 1984 2758 2816
9971 4 2 7 1 1183 2204 2438 2736
9972 4 2 7 1 1083 1070 1092 2158
9973 4 2 7 1 724 2349 725 2723
9974 4 2 7 1 862 2660 1029 2771
9975 4 2 7 1 2662 2745 2025 2970
9976 4 2 7 1 2120 2561 2464 2942
9977 4 2 7 1 794 951 721 2514
9978 4 2 7 1 492 2192 282 2607
9979 4 2 7 1 1375 1908 1909 2925
9980 4 2 7 1 842 857 957 2391
9981 4 2 7 1 2401 2495 1292 2620
9982 4 2 7 1 2045 2443 2166 3017
9983 4 2 7 1 2207 2577 1257 2936
9984 4 2 7 1 1152 1299 2284 2821
9985 4 2 7 1 1164 2217 1166 2848
9986 4 2 7 1 1363 1482 1362 2550
9987 4 2 7 1 2262 2314 1541 2824
9988 4 2 7 1 350 2313 352 2992
9989 4 2 7 1 1976 2347 2152 2508
9990 4 2 7 1 380 382 383 2278
9991 4 2 7 1 2029 2360 2316 2990
9992 4 2 7 1 1961 2119 2816 2882
9993 4 2 7 1 1702 1766 1631 2476
9994 4 2 7 1 450 460 2369 2666
9995 4 2 7 1 2051 2592 2356 2891
9996 4 2 7 1 2270 2598 2340 2800
9997 4 2 7 1 2135 2661 2043 2794
9998 4 2 7 1 1658 1864 1660 2525
9999 4 2 7 1 375 376 374 2225
10000 4 2 7 1 728 2319 730 2908
10001 4 2 7 1 1979 2397 2330 3049
10002 4 2 7 1 2014 2168 2517 2933
10003 4 2 7 1 1971 2481 2153 2652
10004 4 2 7 1 1407 1258 1164 2217
10005 4 2 7 1 2251 2542 1949 2561
10006 4 2 7 1 2388 2006 2436 2606
10007 4 2 7 1 923 2484 2317 2605
10008 4 2 7 1 1269 1163 2257 2634
10009 4 2 7 1 1981 2112 2619 2733
10010 4 2 7 1 2031 2223 2295 3034
10011 4 2 7 1 1780 1782 1877 2195
10012 4 2 7 1 1931 1731 1934 2995
10013 4 2 7 1 588 2333 330 2889
10014 4 2 7 1 2187 2479 2182 3000
10015 4 2 7 1 2217 2257 2022 2848
10016 4 2 7 1 1983 2220 2307 2890
10017 4 2 7 1 2074 2229 2408 2873
10018 4 2 7 1 1966 2498 2169 2593
10019 4 2 7 1 2107 2725 2231 3048
10020 4 2 7 1 1968 2538 2198 3021
10021 4 2 7 1 796 2349 724 2723
10022 4 2 7 1 1787 2525 1864 2720
10023 4 2 7 1 1989 2364 2203 2737
10024 4 2 7 1 1948 2125 2459 2899
10025 4 2 7 1 2046 2238 2562 2788
10026 4 2 7 1 1450 2453 1161 2634
10027 4 2 7 1 1228 1311 1241 2633
10028 4 2 7 1 1705 1803 2550 2573
10029 4 2 7 1 2203 2737 2131 3001
10030 4 2 7 1 1984 2597 2109 2758
10031 4 2 7 1 2223 2781 2031 2967
10032 4 2 7 1 959 2178 1855 2884
10033 4 2 7 1 1633 1635 1852 2273
10034 4 2 7 1 1666 1795 1671 2698
10035 4 2 7 1 2002 2323 2577 2618
10036 4 2 7 1 951 794 968 2514
10037 4 2 7 1 1992 2525 2842 2901
10038 4 2 7 1 2315 2645 412 2926
10039 4 2 7 1 1981 2429 2162 2556
10040 4 2 7 1 2368 2845 2027 3048
10041 4 2 7 1 1799 2554 1851 2628
10042 4 2 7 1 2275 2596 1662 2868
10043 4 2 7 1 433 2388 510 2462
10044 4 2 7 1 2166 2505 2062 2881
10045 4 2 7 1 357 2544 359 2638
10046 4 2 7 1 2020 2687 2614 2843
10047 4 2 7 1 2055 2732 2647 2817
10048 4 2 7 1 1724 1735 1717 2247
10049 4 2 7 1 2246 2451 2193 2999
10050 4 2 7 1 1673 1678 2513 2919
10051 4 2 7 1 703 702 704 2493
10052 4 2 7 1 2307 2465 2050 2750
10053 4 2 7 1 490 2192 492 2687
10054 4 2 7 1 2003 2171 2354 2966
10055 4 2 7 1 1907 1609 1611 2548
10056 4 2 7 1 1570 1394 1804 2934
10057 4 2 7 1 1049 2276 2692 3018
10058 4 2 7 1 421 2258 2659 2859
10059 4 2 7 1 330 2333 2863 2889
10060 4 2 7 1 372 2286 373 2565
10061 4 2 7 1 2142 2034 2500 2889
10062 4 2 7 1 1963 2154 2365 2803
10063 4 2 7 1 432 643 645 2185
10064 4 2 7 1 2201 2440 1224 2804
10065 4 2 7 1 1317 1318 1242 2497
10066 4 2 7 1 1952 2277 2965 3028
10067 4 2 7 1 2033 2268 2300 3016
10068 4 2 7 1 1371 1469 2187 2615
10069 4 2 7 1 2141 2639 2458 2839
10070 4 2 7 1 711 2702 2487 2903
10071 4 2 7 1 1219 1403 1217 2547
10072 4 2 7 1 374 373 2286 2565
10073 4 2 7 1 2037 2763 2475 2886
10074 4 2 7 1 474 2383 2272 2631
10075 4 2 7 1 836 662 2564 2760
10076 4 2 7 1 1500 1502 1510 2737
10077 4 2 7 1 2306 2549 629 2823
10078 4 2 7 1 438 419 418 2937
10079 4 2 7 1 715 716 2180 2954
10080 4 2 7 1 2064 2334 2553 2812
10081 4 2 7 1 1636 2469 1841 2608
10082 4 2 7 1 862 863 795 2771
10083 4 2 7 1 1967 2695 2402 2985
10084 4 2 7 1 1602 1600 2384 2833
10085 4 2 7 1 1992 2132 2377 2709
10086 4 2 7 1 2104 2593 2589 2822
10087 4 2 7 1 2157 2348 2006 2861
10088 4 2 7 1 1723 1851 2361 2628
10089 4 2 7 1 285 547 541 2304
10090 4 2 7 1 543 342 2467 2914
10091 4 2 7 1 1357 1249 1351 2395
10092 4 2 7 1 2411 2486 2030 2742
10093 4 2 7 1 2036 2582 2138 2706
10094 4 2 7 1 1933 2127 2809 2834
10095 4 2 7 1 2018 2222 2562 2808
10096 4 2 7 1 455 2659 419 2937
10097 4 2 7 1 2226 2656 2350 2987
10098 4 2 7 1 933 934 2209 2787
10099 4 2 7 1 749 2177 750 2910
10100 4 2 7 1 1877 2195 1782 2972
10101 4 2 7 1 2216 2673 308 2802
10102 4 2 7 1 998 1493 1545 3011
10103 4 2 7 1 935 2567 934 2610
10104 4 2 7 1 2065 2696 2115 3026
10105 4 2 7 1 1994 2110 2565 2599
10106 4 2 7 1 2067 2686 2260 2716
10107 4 2 7 1 2472 2610 2145 2777
10108 4 2 7 1 2028 2646 2284 2977
10109 4 2 7 1 543 2467 540 2708
10110 4 2 7 1 1164 1258 1166 2217
10111 4 2 7 1 1087 2289 1074 2793
10112 4 2 7 1 395 2665 396 2810
10113 4 2 7 1 1962 2119 2535 2797
10114 4 2 7 1 970 2174 834 3047
10115 4 2 7 1 2196 2612 1656 2636
10116 4 2 7 1 909 951 968 2514
10117 4 2 7 1 2330 2401 2130 2911
10118 4 2 7 1 551 550 549 2588
10119 4 2 7 1 803 2296 746 2626
10120 4 2 7 1 1879 2143 2730 2934
10121 4 2 7 1 1938 2202 2310 2739
10122 4 2 7 1 1469 2615 2465 3008
10123 4 2 7 1 1309 1481 1227 2406
10124 4 2 7 1 2033 2221 2329 2671
10125 4 2 7 1 1121 1385 1563 2523
10126 4 2 7 1 785 2536 2291 2701
10127 4 2 7 1 1964 2227 2798 2872
10128 4 2 7 1 1382 1255 1406 2436
10129 4 2 7 1 1684 1720 1719 2392
10130 4 2 7 1 971 2472 737 2610
10131 4 2 7 1 2054 2734 2382 2806
10132 4 2 7 1 1419 2401 1292 2620
10133 4 2 7 1 878 756 754 2545
10134 4 2 7 1 419 2659 2250 2937
10135 4 2 7 1 2340 2598 2077 2800
10136 4 2 7 1 2333 2500 2034 2889
10137 4 2 7 1 1322 2751 2096 2790
10138 4 2 7 1 1279 2193 1293 2451
10139 4 2 7 1 1961 2316 2177 2816
10140 4 2 7 1 2003 2354 2418 2966
10141 4 2 7 1 1540 2737 2131 2865
10142 4 2 7 1 2315 2549 2171 2914
10143 4 2 7 1 2367 2589 2045 2706
10144 4 2 7 1 2242 2149 2629 2761
10145 4 2 7 1 597 2413 1380 2888
10146 4 2 7 1 1747 1139 1305 2290
10147 4 2 7 1 2237 2877 2564 2957
10148 4 2 7 1 2348 2413 2071 2623
10149 4 2 7 1 1072 1039 592 2743
10150 4 2 7 1 1970 2819 2283 2987
10151 4 2 7 1 735 736 737 2768
10152 4 2 7 1 1993 2130 2578 2911
10153 4 2 7 1 2354 2171 2529 2966
10154 4 2 7 1 646 2219 264 2837
10155 4 2 7 1 2232 2039 2266 2738
10156 4 2 7 1 1441 1283 1268 2516
10157 4 2 7 1 2287 2762 2023 2791
10158 4 2 7 1 2290 2372 1985 2516
10159 4 2 7 1 1096 2409 1061 2830
10160 4 2 7 1 2313 2368 2124 2575
10161 4 2 7 1 467 2456 515 3033
10162 4 2 7 1 2066 2639 2511 2874
10163 4 2 7 1 2107 482 2725 3048
10164 4 2 7 1 1967 2461 2434 2812
10165 4 2 7 1 1087 1074 1059 2793
10166 4 2 7 1 883 2234 885 2713
10167 4 2 7 1 1004 891 890 2192
10168 4 2 7 1 1961 2552 2119 2882
10169 4 2 7 1 881 2597 747 2927
10170 4 2 7 1 1407 2217 1164 2989
10171 4 2 7 1 2589 2593 2230 2822
10172 4 2 7 1 321 319 2359 2775
10173 4 2 7 1 1996 2122 2622 2859
10174 4 2 7 1 2080 2508 2510 2640
10175 4 2 7 1 2243 2259 2075 3015
10176 4 2 7 1 2175 2406 1965 2980
10177 4 2 7 1 2178 1976 2679 2726
10178 4 2 7 1 1166 1339 1168 2207
10179 4 2 7 1 329 2227 2585 2722
10180 4 2 7 1 2279 2461 2064 2617
10181 4 2 7 1 1618 2473 2164 2860
10182 4 2 7 1 1064 1038 1087 2289
10183 4 2 7 1 1985 2372 2339 2857
10184 4 2 7 1 2446 2557 2180 2967
10185 4 2 7 1 2306 2716 2129 3038
10186 4 2 7 1 2296 2614 803 2776
10187 4 2 7 1 1743 2194 1893 2578
10188 4 2 7 1 311 2846 310 2851
10189 4 2 7 1 817 2255 833 2694
10190 4 2 7 1 2136 2283 2819 2987
10191 4 2 7 1 598 420 516 2200
10192 4 2 7 1 1191 2465 2521 3008
10193 4 2 7 1 1425 2203 2642 2821
10194 4 2 7 1 1714 1712 1599 2376
10195 4 2 7 1 1565 1370 1807 2809
10196 4 2 7 1 1825 1828 2831 2884
10197 4 2 7 1 2221 2643 2329 2671
10198 4 2 7 1 1392 1379 1247 2129
10199 4 2 7 1 930 791 2582 2930
10200 4 2 7 1 822 2837 680 2945
10201 4 2 7 1 1513 1514 1506 2996
10202 4 2 7 1 763 761 762 2853
10203 4 2 7 1 1979 2247 2534 2678
10204 4 2 7 1 2024 2692 2351 2838
10205 4 2 7 1 1985 2159 2857 2878
10206 4 2 7 1 2270 2341 2082 2643
10207 4 2 7 1 1946 2411 2486 2511
10208 4 2 7 1 2112 2510 2251 2733
10209 4 2 7 1 2119 2228 2535 2816
10210 4 2 7 1 806 773 2632 3006
10211 4 2 7 1 1604 2534 1753 2833
10212 4 2 7 1 1715 2678 2130 2715
10213 4 2 7 1 1048 2261 1047 2862
10214 4 2 7 1 1900 1102 1427 2247
10215 4 2 7 1 1276 1274 1471 2466
10216 4 2 7 1 851 2174 970 2870
10217 4 2 7 1 1952 2382 2568 2712
10218 4 2 7 1 1964 2218 2492 2872
10219 4 2 7 1 2282 2336 2696 3026
10220 4 2 7 1 1867 1694 1644 2576
10221 4 2 7 1 2017 2249 2370 2732
10222 4 2 7 1 310 2846 2269 2851
10223 4 2 7 1 1511 1505 1530 2996
10224 4 2 7 1 1657 1659 1705 2573
10225 4 2 7 1 767 2701 2291 3021
10226 4 2 7 1 1099 1473 2764 3007
10227 4 2 7 1 2051 2592 2891 2932
10228 4 2 7 1 1948 2253 2490 2653
10229 4 2 7 1 1856 1911 1756 2925
10230 4 2 7 1 1612 1820 1614 2455
10231 4 2 7 1 2361 2554 2123 2628
10232 4 2 7 1 1434 2272 2579 2854
10233 4 2 7 1 588 330 2333 2863
10234 4 2 7 1 2332 2729 2022 2848
10235 4 2 7 1 1980 2183 2579 2854
10236 4 2 7 1 817 2255 2694 2801
10237 4 2 7 1 1967 2197 2735 2789
10238 4 2 7 1 1790 1864 1787 2525
10239 4 2 7 1 2209 2576 2195 2972
10240 4 2 7 1 449 2651 2173 2666
10241 4 2 7 1 1022 1011 2317 2986
10242 4 2 7 1 696 2342 809 2566
10243 4 2 7 1 2231 2531 2107 2845
10244 4 2 7 1 1845 1846 1905 2175
10245 4 2 7 1 487 486 2205 2776
10246 4 2 7 1 1381 1423 2413 2606
10247 4 2 7 1 2360 2974 2672 3002
10248 4 2 7 1 2097 2310 2202 2739
10249 4 2 7 1 1355 1356 1429 2494
10250 4 2 7 1 2219 2040 2611 2740
10251 4 2 7 1 1831 2280 1834 2815
10252 4 2 7 1 1907 2548 1848 2825
10253 4 2 7 1 1179 1177 1178 2161
10254 4 2 7 1 1369 2182 3000 3008
10255 4 2 7 1 734 733 732 2630
10256 4 2 7 1 2024 2378 2261 2460
10257 4 2 7 1 718 795 955 2295
10258 4 2 7 1 2158 2000 2450 2759
10259 4 2 7 1 1937 2339 2264 2419
10260 4 2 7 1 886 978 792 2567
10261 4 2 7 1 2173 2668 2174 3047
10262 4 2 7 1 2402 2695 2093 2985
10263 4 2 7 1 819 2181 830 2483
10264 4 2 7 1 1469 1371 2187 3008
10265 4 2 7 1 801 938 939 2607
10266 4 2 7 1 558 2648 617 3020
10267 4 2 7 1 1267 1473 1306 2950
10268 4 2 7 1 2254 2557 1969 2685
10269 4 2 7 1 1963 2833 2154 2844
10270 4 2 7 1 2294 2345 1996 2622
10271 4 2 7 1 2113 2505 2280 2815
10272 4 2 7 1 361 432 2448 2544
10273 4 2 7 1 1813 2384 2387 2975
10274 4 2 7 1 658 2317 565 2605
10275 4 2 7 1 820 819 830 2483
10276 4 2 7 1 1831 1830 1833 2443
10277 4 2 7 1 335 333 473 2383
10278 4 2 7 1 1949 2251 2561 2942
10279 4 2 7 1 1055 1054 1057 2621
10280 4 2 7 1 1649 1648 1650 2680
10281 4 2 7 1 2129 2383 2631 2854
10282 4 2 7 1 2414 2693 2119 2974
10283 4 2 7 1 1846 2539 2175 2580
10284 4 2 7 1 2089 2488 2952 3040
10285 4 2 7 1 2472 2486 2030 2777
10286 4 2 7 1 421 2258 397 2810
10287 4 2 7 1 2345 2827 443 2859
10288 4 2 7 1 2195 2567 2209 2972
10289 4 2 7 1 2200 2456 2007 3033
10290 4 2 7 1 2031 2152 2347 3034
10291 4 2 7 1 2458 2839 1642 2895
10292 4 2 7 1 278 1383 511 2388
10293 4 2 7 1 589 416 514 2502
10294 4 2 7 1 270 621 466 2218
10295 4 2 7 1 1940 2781 2347 3034
10296 4 2 7 1 2478 2529 2171 2966
10297 4 2 7 1 813 2319 728 2728
10298 4 2 7 1 1954 2593 2498 2822
10299 4 2 7 1 2170 1970 2482 2866
10300 4 2 7 1 2045 2469 2367 2706
10301 4 2 7 1 1488 1547 1519 2447
10302 4 2 7 1 1939 2604 2400 2994
10303 4 2 7 1 646 879 1000 2219
10304 4 2 7 1 1226 1224 1229 2201
10305 4 2 7 1 2036 2589 2582 2706
10306 4 2 7 1 1269 1161 1163 2634
10307 4 2 7 1 1968 2291 2538 3021
10308 4 2 7 1 1949 2355 2183 2942
10309 4 2 7 1 1708 1688 2266 2738
10310 4 2 7 1 1852 1702 1633 2476
10311 4 2 7 1 617 558 464 2648
10312 4 2 7 1 513 2348 415 2861
10313 4 2 7 1 1415 619 618 2421
10314 4 2 7 1 358 2638 2121 2843
10315 4 2 7 1 1314 2168 1312 2944
10316 4 2 7 1 875 874 957 2536
10317 4 2 7 1 2337 2013 2905 2938
10318 4 2 7 1 1419 1238 1263 2401
10319 4 2 7 1 1198 1245 2480 2741
10320 4 2 7 1 2160 2836 2583 2923
10321 4 2 7 1 2206 2432 2038 2698
10322 4 2 7 1 1989 2131 2737 3001
10323 4 2 7 1 2037 2475 2258 2886
10324 4 2 7 1 774 773 835 2632
10325 4 2 7 1 2384 2524 2115 3026
10326 4 2 7 1 2255 2392 1719 2995
10327 4 2 7 1 2124 2591 2042 2638
10328 4 2 7 1 2577 2618 2323 3042
10329 4 2 7 1 948 2309 648 2657
10330 4 2 7 1 2433 2507 1941 2896
10331 4 2 7 1 269 558 557 3020
10332 4 2 7 1 2186 2582 733 2930
10333 4 2 7 1 2011 2163 2268 2898
10334 4 2 7 1 629 2306 2823 3038
10335 4 2 7 1 1969 2557 2446 2967
10336 4 2 7 1 2140 2365 2046 2788
10337 4 2 7 1 2169 1954 2588 2746
10338 4 2 7 1 2124 2584 2042 2591
10339 4 2 7 1 716 2180 2660 3029
10340 4 2 7 1 1698 1624 1622 2679
10341 4 2 7 1 767 785 765 2291
10342 4 2 7 1 1439 1298 1139 2688
10343 4 2 7 1 988 2239 1043 2760
10344 4 2 7 1 2003 2478 2171 2966
10345 4 2 7 1 2072 2512 2439 2890
10346 4 2 7 1 2128 2302 2251 2841
10347 4 2 7 1 2089 2453 2337 2609
10348 4 2 7 1 2238 2397 1963 2803
10349 4 2 7 1 676 1850 946 2731
10350 4 2 7 1 1204 2260 1248 2716
10351 4 2 7 1 1990 2219 2586 2740
10352 4 2 7 1 2227 2585 1964 2798
10353 4 2 7 1 2115 2008 2696 2785
10354 4 2 7 1 1278 2303 1236 2999
10355 4 2 7 1 2101 2557 2254 2685
10356 4 2 7 1 1964 2643 2221 2671
10357 4 2 7 1 1951 2305 2148 2518
10358 4 2 7 1 1294 2193 1279 2357
10359 4 2 7 1 452 2158 435 2558
10360 4 2 7 1 818 2644 2146 2849
10361 4 2 7 1 750 2177 749 2927
10362 4 2 7 1 2270 2800 1964 2872
10363 4 2 7 1 565 2317 585 2605
10364 4 2 7 1 2326 2448 2035 2552
10365 4 2 7 1 2085 2624 2292 2705
10366 4 2 7 1 2152 2080 2508 2683
10367 4 2 7 1 1450 2453 2634 2778
10368 4 2 7 1 1363 2190 2550 2820
10369 4 2 7 1 1990 2586 2157 2740
10370 4 2 7 1 582 302 2236 2558
10371 4 2 7 1 1997 2333 2317 2571
10372 4 2 7 1 1647 1648 1649 2680
10373 4 2 7 1 2050 2204 2700 2929
10374 4 2 7 1 430 394 429 2408
10375 4 2 7 1 945 2280 1837 2815
10376 4 2 7 1 1953 2499 2201 2655
10377 4 2 7 1 1290 2681 1461 3015
10378 4 2 7 1 1166 2848 2217 2913
10379 4 2 7 1 562 2871 343 2926
10380 4 2 7 1 2009 2912 2215 2975
10381 4 2 7 1 829 834 2668 3047
10382 4 2 7 1 2129 2549 2306 2823
10383 4 2 7 1 372 371 373 2286
10384 4 2 7 1 2067 2716 2129 3023
10385 4 2 7 1 394 429 2408 2665
10386 4 2 7 1 838 2237 991 2960
10387 4 2 7 1 1050 1052 1051 3018
10388 4 2 7 1 812 821 2840 2965
10389 4 2 7 1 303 2784 302 2802
10390 4 2 7 1 1568 1800 2190 2628
10391 4 2 7 1 1340 1336 1342 2502
10392 4 2 7 1 1984 2535 2228 2816
10393 4 2 7 1 2439 2512 1946 2890
10394 4 2 7 1 1307 1292 1427 2247
10395 4 2 7 1 2054 2493 2442 2875
10396 4 2 7 1 2306 2315 1982 2684
10397 4 2 7 1 2094 2380 2263 2559
10398 4 2 7 1 2186 2630 2230 2930
10399 4 2 7 1 1096 1095 1061 2409
10400 4 2 7 1 1705 2190 1800 2612
10401 4 2 7 1 2249 1944 2732 2817
10402 4 2 7 1 1048 2261 2862 3018
10403 4 2 7 1 1577 908 1827 2884
10404 4 2 7 1 2063 2766 2655 2963
10405 4 2 7 1 1991 2325 2275 2522
10406 4 2 7 1 1709 1728 1708 2266
10407 4 2 7 1 490 2687 491 2843
10408 4 2 7 1 1040 1096 1063 2194
10409 4 2 7 1 2012 2432 2507 2538
10410 4 2 7 1 1951 2377 2292 2842
10411 4 2 7 1 1503 1507 1525 2294
10412 4 2 7 1 1505 1507 1503 2405
10413 4 2 7 1 733 2630 2186 2930
10414 4 2 7 1 440 458 2203 2769
10415 4 2 7 1 2042 2584 2124 2638
10416 4 2 7 1 1972 2153 2471 2694
10417 4 2 7 1 1621 1619 1620 2587
10418 4 2 7 1 1371 1370 2809 3000
10419 4 2 7 1 1431 2579 1324 2751
10420 4 2 7 1 2545 2945 758 3024
10421 4 2 7 1 443 620 2345 2659
10422 4 2 7 1 1188 1190 1189 2465
10423 4 2 7 1 1968 2170 2507 2635
10424 4 2 7 1 1741 2376 1726 2425
10425 4 2 7 1 1258 1166 2217 2913
10426 4 2 7 1 1189 1187 1188 2465
10427 4 2 7 1 2221 2082 2547 2643
10428 4 2 7 1 1975 2200 2627 2952
10429 4 2 7 1 2056 2682 2658 2993
10430 4 2 7 1 1243 2221 2751 2790
10431 4 2 7 1 1336 1335 2502 2913
10432 4 2 7 1 1881 1774 2916 2934
10433 4 2 7 1 1060 2351 2830 3032
10434 4 2 7 1 772 875 2305 2988
10435 4 2 7 1 1992 2796 2377 2842
10436 4 2 7 1 1407 2509 2217 2989
10437 4 2 7 1 1632 2928 1876 3017
10438 4 2 7 1 1063 2425 2194 2830
10439 4 2 7 1 696 695 808 2342
10440 4 2 7 1 1952 2526 2382 2806
10441 4 2 7 1 1845 2175 1905 2825
10442 4 2 7 1 1008 2660 714 2954
10443 4 2 7 1 918 919 679 2304
10444 4 2 7 1 2726 2755 2031 2967
10445 4 2 7 1 1382 1406 1381 2606
10446 4 2 7 1 1572 1885 1844 2972
10447 4 2 7 1 359 361 360 2544
10448 4 2 7 1 513 371 369 2348
10449 4 2 7 1 2098 2745 2590 2917
10450 4 2 7 1 1020 941 2630 3036
10451 4 2 7 1 1115 1369 2182 3000
10452 4 2 7 1 2196 2386 2052 2636
10453 4 2 7 1 1988 2216 2558 2802
10454 4 2 7 1 1662 1664 1663 2275
10455 4 2 7 1 1376 1223 1262 2440
10456 4 2 7 1 417 2583 468 2836
10457 4 2 7 1 1979 2828 2202 2844
10458 4 2 7 1 2198 2274 1968 3021
10459 4 2 7 1 1121 2245 1476 2523
10460 4 2 7 1 1380 597 1105 2413
10461 4 2 7 1 1871 1898 2262 2682
10462 4 2 7 1 1348 1352 1253 2563
10463 4 2 7 1 1914 1329 1912 2320
10464 4 2 7 1 470 2585 327 2798
10465 4 2 7 1 2498 2593 2104 2822
10466 4 2 7 1 2015 2328 2400 2902
10467 4 2 7 1 2246 2601 2094 2947
10468 4 2 7 1 344 346 403 2871
10469 4 2 7 1 2159 1989 2364 2857
10470 4 2 7 1 1940 2329 2352 3037
10471 4 2 7 1 1979 2537 2202 2828
10472 4 2 7 1 1998 2187 2182 3008
10473 4 2 7 1 1979 2495 2247 2678
10474 4 2 7 1 1847 1125 1845 2825
10475 4 2 7 1 270 621 2218 2979
10476 4 2 7 1 444 431 2827 2859
10477 4 2 7 1 341 476 2315 2549
10478 4 2 7 1 429 442 2174 2665
10479 4 2 7 1 965 696 2566 2808
10480 4 2 7 1 490 491 489 2843
10481 4 2 7 1 815 807 783 2311
10482 4 2 7 1 1019 813 919 2503
10483 4 2 7 1 467 468 281 2160
10484 4 2 7 1 2160 2007 2456 3033
10485 4 2 7 1 1474 1256 1195 2393
10486 4 2 7 1 2139 1987 2485 2880
10487 4 2 7 1 1348 2224 1134 2724
10488 4 2 7 1 1946 2511 2486 2703
10489 4 2 7 1 2068 2236 2566 2784
10490 4 2 7 1 1989 2737 2203 3001
10491 4 2 7 1 2319 2630 730 2930
10492 4 2 7 1 1227 1225 1226 2406
10493 4 2 7 1 1497 2824 2159 2852
10494 4 2 7 1 2223 2781 2967 3037
10495 4 2 7 1 1937 2676 2416 2956
10496 4 2 7 1 2231 2027 2845 3048
10497 4 2 7 1 720 1013 722 2484
10498 4 2 7 1 2510 2556 2080 2640
10499 4 2 7 1 2200 2007 2474 3033
10500 4 2 7 1 2330 2397 2026 3049
10501 4 2 7 1 1888 1710 1680 2435
10502 4 2 7 1 1166 2207 2848 2913
10503 4 2 7 1 1744 1725 1742 2288
10504 4 2 7 1 2152 2080 2683 2723
10505 4 2 7 1 856 2442 2277 2965
10506 4 2 7 1 1220 1242 2497 2893
10507 4 2 7 1 2054 2382 2336 2806
10508 4 2 7 1 1888 2435 1680 2867
10509 4 2 7 1 1187 1186 1188 2929
10510 4 2 7 1 1636 1841 1638 2608
10511 4 2 7 1 599 2345 1486 2827
10512 4 2 7 1 2089 2337 2244 2609
10513 4 2 7 1 1060 2830 2409 3032
10514 4 2 7 1 2009 2602 2215 2912
10515 4 2 7 1 1998 2307 2220 2890
10516 4 2 7 1 1989 2203 2364 2821
10517 4 2 7 1 1742 1567 1894 2289
10518 4 2 7 1 798 952 725 2556
10519 4 2 7 1 1268 1283 1266 2372
10520 4 2 7 1 839 2222 691 2748
10521 4 2 7 1 646 264 499 2837
10522 4 2 7 1 2520 2577 1428 3042
10523 4 2 7 1 275 1347 1108 2574
10524 4 2 7 1 507 2691 2191 2970
10525 4 2 7 1 2277 2791 2566 3028
10526 4 2 7 1 1425 2642 1146 2821
10527 4 2 7 1 1303 1040 1448 2194
10528 4 2 7 1 1506 1505 1504 2996
10529 4 2 7 1 1977 2552 2119 2693
10530 4 2 7 1 2249 2704 1944 2817
10531 4 2 7 1 2097 2620 2303 3043
10532 4 2 7 1 507 2135 593 2691
10533 4 2 7 1 2013 2435 2226 2931
10534 4 2 7 1 1958 2953 2313 2969
10535 4 2 7 1 1989 2821 2364 2857
10536 4 2 7 1 1008 915 861 2660
10537 4 2 7 1 2566 2791 2068 3028
10538 4 2 7 1 1215 1216 1217 2547
10539 4 2 7 1 876 2945 680 3005
10540 4 2 7 1 2101 2557 2352 3037
10541 4 2 7 1 2188 2709 2377 3024
10542 4 2 7 1 1629 1631 1766 2422
10543 4 2 7 1 1644 2141 1642 2839
10544 4 2 7 1 1656 2612 1655 2636
10545 4 2 7 1 2428 2552 2121 2882
10546 4 2 7 1 1944 2428 2591 2883
10547 4 2 7 1 2294 2457 1502 2976
10548 4 2 7 1 514 512 1342 2323
10549 4 2 7 1 888 2296 803 2776
10550 4 2 7 1 1726 1741 1712 2376
10551 4 2 7 1 2010 2572 2598 2872
10552 4 2 7 1 532 529 590 2431
10553 4 2 7 1 585 2317 538 2571
10554 4 2 7 1 1989 2159 2457 2878
10555 4 2 7 1 1210 2667 2183 2921
10556 4 2 7 1 1221 2569 2256 2893
10557 4 2 7 1 1863 1835 1626 2449
10558 4 2 7 1 1979 2534 2154 2678
10559 4 2 7 1 2363 2481 2116 2652
10560 4 2 7 1 2089 2952 2627 3040
10561 4 2 7 1 2020 2843 2121 2883
10562 4 2 7 1 1413 597 1380 2888
10563 4 2 7 1 1979 2397 2154 2844
10564 4 2 7 1 2180 2557 2223 2967
10565 4 2 7 1 2082 2547 2256 2893
10566 4 2 7 1 1761 2208 1760 2519
10567 4 2 7 1 1962 2438 2127 2700
10568 4 2 7 1 1205 1206 1207 2464
10569 4 2 7 1 1501 1502 2457 2976
10570 4 2 7 1 988 837 2239 2760
10571 4 2 7 1 1598 2530 2288 2951
10572 4 2 7 1 340 2708 2171 2914
10573 4 2 7 1 2202 1938 2336 2696
10574 4 2 7 1 1011 658 1022 2317
10575 4 2 7 1 1206 1207 2464 2921
10576 4 2 7 1 1815 1579 665 3009
10577 4 2 7 1 664 937 936 2210
10578 4 2 7 1 517 2224 1347 2574
10579 4 2 7 1 2215 1811 2858 2975
10580 4 2 7 1 1765 1917 2807 2973
10581 4 2 7 1 1268 1457 1441 2290
10582 4 2 7 1 1643 1642 1644 2141
10583 4 2 7 1 1394 1802 1804 2396
10584 4 2 7 1 615 401 556 3020
10585 4 2 7 1 2236 2558 302 2802
10586 4 2 7 1 1604 1601 1603 2833
10587 4 2 7 1 1903 2539 1716 2785
10588 4 2 7 1 463 578 2246 2851
10589 4 2 7 1 2134 1848 2548 2825
10590 4 2 7 1 2030 2486 2411 2511
10591 4 2 7 1 1979 2130 2495 2678
10592 4 2 7 1 263 503 560 2309
10593 4 2 7 1 2217 2482 2257 2989
10594 4 2 7 1 2036 2589 2706 2754
10595 4 2 7 1 1594 1593 1595 2530
10596 4 2 7 1 2169 2593 1954 2746
10597 4 2 7 1 2138 2920 1830 2935
10598 4 2 7 1 2144 2885 2285 3041
10599 4 2 7 1 388 450 2369 2651
10600 4 2 7 1 2025 2135 2662 2970
10601 4 2 7 1 2071 2323 2618 3042
10602 4 2 7 1 1303 1426 1445 2409
10603 4 2 7 1 897 1815 665 3009
10604 4 2 7 1 2297 2499 2108 2625
10605 4 2 7 1 1707 1881 1774 2916
10606 4 2 7 1 2153 2668 779 2813
10607 4 2 7 1 2109 2758 2398 2817
10608 4 2 7 1 2244 2116 2570 2873
10609 4 2 7 1 1981 2556 2510 2640
10610 4 2 7 1 2006 2348 2413 2861
10611 4 2 7 1 1399 2634 2551 2778
10612 4 2 7 1 2003 2728 2478 2966
10613 4 2 7 1 1526 1527 2364 2737
10614 4 2 7 1 2059 2478 2349 2683
10615 4 2 7 1 923 955 1022 2317
10616 4 2 7 1 363 561 433 2448
10617 4 2 7 1 1757 2551 1758 2931
10618 4 2 7 1 2054 2336 2382 2835
10619 4 2 7 1 1737 1865 1729 2581
10620 4 2 7 1 612 623 434 2663
10621 4 2 7 1 1931 853 1556 2255
10622 4 2 7 1 1966 2593 2338 2880
10623 4 2 7 1 2230 2630 2319 2930
10624 4 2 7 1 1645 1647 1929 2479
10625 4 2 7 1 1946 2511 2639 2874
10626 4 2 7 1 711 713 797 2702
10627 4 2 7 1 1865 1683 1686 2581
10628 4 2 7 1 1939 2350 2248 2866
10629 4 2 7 1 1850 958 946 2697
10630 4 2 7 1 1432 1297 1442 2364
10631 4 2 7 1 972 951 909 2514
10632 4 2 7 1 1327 1260 1326 2355
10633 4 2 7 1 398 2250 419 2659
10634 4 2 7 1 562 2322 2871 2926
10635 4 2 7 1 1862 1722 1933 2834
10636 4 2 7 1 903 1821 158 901
10637 4 2 7 1 974 560 559 2691
10638 4 2 7 1 1574 1806 1888 2214
10639 4 2 7 1 509 433 561 2962
10640 4 2 7 1 2108 2394 2281 2499
10641 4 2 7 1 1806 1710 1888 2214
10642 4 2 7 1 1828 2679 1878 2831
10643 4 2 7 1 2262 2314 1985 2613
10644 4 2 7 1 2118 2319 2230 2630
10645 4 2 7 1 1053 2692 1065 2830
10646 4 2 7 1 1673 1670 1752 2206
10647 4 2 7 1 447 2437 575 2717
10648 4 2 7 1 369 415 2348 2861
10649 4 2 7 1 1924 2826 1641 2895
10650 4 2 7 1 304 308 2673 2802
10651 4 2 7 1 980 2920 931 2935
10652 4 2 7 1 1367 1330 1476 2245
10653 4 2 7 1 664 937 2210 2795
10654 4 2 7 1 2138 2429 2280 2920
10655 4 2 7 1 1324 1434 2272 2579
10656 4 2 7 1 261 644 650 2666
10657 4 2 7 1 562 2322 345 2871
10658 4 2 7 1 1456 1365 2554 2628
10659 4 2 7 1 300 440 457 2203
10660 4 2 7 1 600 1034 1066 2450
10661 4 2 7 1 2388 2413 2006 2606
10662 4 2 7 1 468 2160 467 2836
10663 4 2 7 1 474 2272 271 2631
10664 4 2 7 1 2382 2263 2734 2835
10665 4 2 7 1 715 714 716 2954
10666 4 2 7 1 2000 2259 2460 2971
10667 4 2 7 1 901 1821 158 1578
10668 4 2 7 1 2138 2429 2036 2754
10669 4 2 7 1 2104 2498 2711 2880
10670 4 2 7 1 2280 2443 2138 2920
10671 4 2 7 1 511 2388 2413 2861
10672 4 2 7 1 1386 2362 1920 2941
10673 4 2 7 1 2158 2558 452 2743
10674 4 2 7 1 2243 2259 2047 2932
10675 4 2 7 1 1860 2524 2384 2975
10676 4 2 7 1 2000 2460 2259 2592
10677 4 2 7 1 970 266 2174 3047
10678 4 2 7 1 1191 2220 1192 2907
10679 4 2 7 1 444 2859 2792 2879
10680 4 2 7 1 1902 1724 1913 2580
10681 4 2 7 1 1604 1753 1601 2833
10682 4 2 7 1 1393 2667 1247 2854
10683 4 2 7 1 1914 1912 1762 2320
10684 4 2 7 1 1184 2395 1249 2929
10685 4 2 7 1 1222 2804 1223 2893
10686 4 2 7 1 2396 2596 2126 3022
10687 4 2 7 1 1613 1611 2506 2548
10688 4 2 7 1 1959 2461 2279 2617
10689 4 2 7 1 1823 1821 157 903
10690 4 2 7 1 2101 2352 2329 3037
10691 4 2 7 1 436 2450 298 2876
10692 4 2 7 1 1339 2207 1166 2913
10693 4 2 7 1 1236 2999 2303 3043
10694 4 2 7 1 2306 2645 2315 2684
10695 4 2 7 1 1742 2289 1882 2753
10696 4 2 7 1 974 648 560 2691
10697 4 2 7 1 1751 2241 2555 2919
10698 4 2 7 1 2030 2610 2199 2768
10699 4 2 7 1 804 993 2611 2749
10700 4 2 7 1 1939 2244 2337 2609
10701 4 2 7 1 161 665 1815 1579
10702 4 2 7 1 907 2150 2755 2884
10703 4 2 7 1 1358 1135 292 2595
10704 4 2 7 1 2249 2732 2704 2817
10705 4 2 7 1 544 546 2654 2799
10706 4 2 7 1 161 665 897 1815
10707 4 2 7 1 673 1827 908 2884
10708 4 2 7 1 159 677 901 1578
10709 4 2 7 1 1830 1876 2443 2928
10710 4 2 7 1 385 383 384 2371
10711 4 2 7 1 2218 2585 621 2798
10712 4 2 7 1 1038 1074 1087 2289
10713 4 2 7 1 1967 2735 2334 2789
10714 4 2 7 1 2072 2107 2531 2845
10715 4 2 7 1 543 2708 340 2914
10716 4 2 7 1 2092 2273 2271 2476
10717 4 2 7 1 491 2687 356 2843
10718 4 2 7 1 2287 1936 2592 2762
10719 4 2 7 1 438 2642 440 2937
10720 4 2 7 1 1115 2182 1809 3000
10721 4 2 7 1 1450 1159 1161 2453
10722 4 2 7 1 498 574 497 2586
10723 4 2 7 1 2349 2484 2059 2683
10724 4 2 7 1 2079 2400 2328 2652
10725 4 2 7 1 2051 2466 2243 2891
10726 4 2 7 1 1889 1485 1566 2682
10727 4 2 7 1 653 1823 157 903
10728 4 2 7 1 1489 1520 608 2865
10729 4 2 7 1 2085 2545 2156 2705
10730 4 2 7 1 2051 2356 2466 2891
10731 4 2 7 1 1327 2807 1917 2973
10732 4 2 7 1 2027 2368 2313 2575
10733 4 2 7 1 2038 2522 2143 2730
10734 4 2 7 1 2433 2794 2507 2896
10735 4 2 7 1 566 405 466 2218
10736 4 2 7 1 514 2323 1342 2502
10737 4 2 7 1 1776 1775 2234 2713
10738 4 2 7 1 1945 2358 2254 2747
10739 4 2 7 1 562 345 343 2871
10740 4 2 7 1 740 741 739 2199
10741 4 2 7 1 2004 2617 2455 2939
10742 4 2 7 1 894 2814 2215 2858
10743 4 2 7 1 2058 2938 2468 2959
10744 4 2 7 1 2077 2598 2572 2872
10745 4 2 7 1 1072 2743 592 2960
10746 4 2 7 1 353 355 354 2584
10747 4 2 7 1 2659 2805 2258 2810
10748 4 2 7 1 2006 2606 2413 2623
10749 4 2 7 1 834 2174 851 2886
10750 4 2 7 1 2035 2552 2448 2693
10751 4 2 7 1 1193 2393 1256 2521
10752 4 2 7 1 2205 2404 2296 2776
10753 4 2 7 1 1944 2591 2373 2883
10754 4 2 7 1 1885 2576 2209 2972
10755 4 2 7 1 1898 1491 1748 2262
10756 4 2 7 1 1675 2226 1673 2513
10757 4 2 7 1 568 2651 388 2958
10758 4 2 7 1 2242 2403 2090 2936
10759 4 2 7 1 765 764 766 2853
10760 4 2 7 1 1977 2552 2428 2882
10761 4 2 7 1 2152 2031 2918 3034
10762 4 2 7 1 1371 2615 2187 2809
10763 4 2 7 1 1077 2378 2261 3018
10764 4 2 7 1 547 2304 679 2799
10765 4 2 7 1 1794 2533 2275 2868
10766 4 2 7 1 835 2632 773 3006
10767 4 2 7 1 1410 1244 1157 2390
10768 4 2 7 1 529 2431 2427 2892
10769 4 2 7 1 1993 2578 2786 2911
10770 4 2 7 1 487 2205 265 2776
10771 4 2 7 1 1987 2245 2641 2982
10772 4 2 7 1 582 592 452 2558
10773 4 2 7 1 1618 1616 1699 2860
10774 4 2 7 1 892 893 163 1810
10775 4 2 7 1 1568 1800 1801 2190
10776 4 2 7 1 2371 2474 386 2958
10777 4 2 7 1 977 2305 875 2731
10778 4 2 7 1 1177 2161 1179 2820
10779 4 2 7 1 457 2203 440 2642
10780 4 2 7 1 431 443 2827 2859
10781 4 2 7 1 665 2215 895 3009
10782 4 2 7 1 732 730 2630 2930
10783 4 2 7 1 590 530 2504 2892
10784 4 2 7 1 1875 1828 1855 2178
10785 4 2 7 1 2162 2319 2003 2728
10786 4 2 7 1 302 2784 2236 2802
10787 4 2 7 1 1525 2294 1507 2622
10788 4 2 7 1 1370 1807 2809 3000
10789 4 2 7 1 513 369 415 2348
10790 4 2 7 1 2166 2443 1981 2505
10791 4 2 7 1 370 369 371 2348
10792 4 2 7 1 1968 2507 2291 2794
10793 4 2 7 1 2668 2886 2037 2943
10794 4 2 7 1 2045 2166 2443 2619
10795 4 2 7 1 978 934 2567 2972
10796 4 2 7 1 2350 2482 1970 2866
10797 4 2 7 1 1810 163 892 1814
10798 4 2 7 1 2009 2602 2407 2814
10799 4 2 7 1 2338 2593 2104 2880
10800 4 2 7 1 1883 2241 1751 2919
10801 4 2 7 1 677 159 1817 1578
10802 4 2 7 1 1580 666 164 1814
10803 4 2 7 1 1262 2134 2440 2980
10804 4 2 7 1 2027 2231 2783 3048
10805 4 2 7 1 1953 2165 2655 2944
10806 4 2 7 1 2257 2482 2061 2989
10807 4 2 7 1 2204 2494 2032 2998
10808 4 2 7 1 2467 2871 2049 2914
10809 4 2 7 1 2315 2645 2081 2684
10810 4 2 7 1 2528 2580 2008 2964
10811 4 2 7 1 2232 2339 1937 3044
10812 4 2 7 1 1970 2350 2656 2987
10813 4 2 7 1 1278 2690 2303 2999
10814 4 2 7 1 817 2694 854 2801
10815 4 2 7 1 1885 1844 2209 2787
10816 4 2 7 1 1456 2554 1116 2628
10817 4 2 7 1 47 527 913 657
10818 4 2 7 1 1063 2194 1096 2830
10819 4 2 7 1 1812 2215 1579 3009
10820 4 2 7 1 1658 1656 1788 2720
10821 4 2 7 1 1971 2174 2668 2943
10822 4 2 7 1 2023 2287 2592 2762
10823 4 2 7 1 2331 2155 2535 2978
10824 4 2 7 1 2171 2549 2086 2850
10825 4 2 7 1 1224 1229 2201 2804
10826 4 2 7 1 2258 2870 2174 2886
10827 4 2 7 1 1486 1520 1538 2345
10828 4 2 7 1 2194 2425 1993 2830
10829 4 2 7 1 578 2774 2246 2851
10830 4 2 7 1 934 927 788 2610
10831 4 2 7 1 293 2236 302 2784
10832 4 2 7 1 374 372 373 2565
10833 4 2 7 1 2159 2878 2824 3046
10834 4 2 7 1 476 629 2306 2549
10835 4 2 7 1 2359 2933 2517 3020
10836 4 2 7 1 752 2423 2749 3012
10837 4 2 7 1 1992 2386 2196 2720
10838 4 2 7 1 1212 1246 1431 2579
10839 4 2 7 1 862 861 1029 2660
10840 4 2 7 1 1992 2525 2252 2720
10841 4 2 7 1 2846 3028 2426 3035
10842 4 2 7 1 2170 2482 1970 2981
10843 4 2 7 1 892 164 666 1814
10844 4 2 7 1 747 2626 746 2927
10845 4 2 7 1 1964 2798 2585 2872
10846 4 2 7 1 1902 1913 1558 2580
10847 4 2 7 1 1971 2328 2173 2902
10848 4 2 7 1 2507 2635 2170 2896
10849 4 2 7 1 2319 2728 2162 2908
10850 4 2 7 1 513 415 2413 2861
10851 4 2 7 1 1216 1243 1320 2221
10852 4 2 7 1 1302 1144 1586 2578
10853 4 2 7 1 2160 2371 2836 2869
10854 4 2 7 1 2303 2537 1957 3039
10855 4 2 7 1 2061 2634 2257 2989
10856 4 2 7 1 527 288 47 913
10857 4 2 7 1 1985 2372 2290 2677
10858 4 2 7 1 1936 2259 2330 2838
10859 4 2 7 1 2220 2465 1998 2521
10860 4 2 7 1 791 929 930 2582
10861 4 2 7 1 816 815 783 2763
10862 4 2 7 1 449 569 430 2408
10863 4 2 7 1 1204 2260 1202 2773
10864 4 2 7 1 2122 2475 844 2879
10865 4 2 7 1 1999 2311 2416 2676
10866 4 2 7 1 1843 1840 2787 2811
10867 4 2 7 1 1986 2469 2172 2608
10868 4 2 7 1 1777 2463 1783 2674
10869 4 2 7 1 1987 2649 2485 2880
10870 4 2 7 1 1938 2382 2263 2712
10871 4 2 7 1 1594 2530 1598 2951
10872 4 2 7 1 2094 2568 2269 2851
10873 4 2 7 1 2157 2006 2462 2861
10874 4 2 7 1 1838 2321 1839 2935
10875 4 2 7 1 1665 1664 1666 2522
10876 4 2 7 1 846 815 816 2189
10877 4 2 7 1 1077 1047 1048 2261
10878 4 2 7 1 1117 1426 1461 2409
10879 4 2 7 1 1421 1149 1147 2646
10880 4 2 7 1 365 363 433 2462
10881 4 2 7 1 1849 676 2391 2731
10882 4 2 7 1 2169 1966 2322 2922
10883 4 2 7 1 884 949 2324 2597
10884 4 2 7 1 1860 2384 1602 2975
10885 4 2 7 1 1949 2183 2841 2942
10886 4 2 7 1 2114 2382 2526 2806
10887 4 2 7 1 393 391 392 2229
10888 4 2 7 1 1773 1706 2396 2596
10889 4 2 7 1 1978 2424 2362 2464
10890 4 2 7 1 1982 2315 2306 2549
10891 4 2 7 1 588 330 332 2889
10892 4 2 7 1 1772 1924 1641 2895
10893 4 2 7 1 1989 2857 2159 2878
10894 4 2 7 1 2031 2514 2152 2918
10895 4 2 7 1 1719 2392 2255 2707
10896 4 2 7 1 1928 1848 1754 2548
10897 4 2 7 1 1941 2432 2170 2507
10898 4 2 7 1 453 436 298 2876
10899 4 2 7 1 305 307 2269 2673
10900 4 2 7 1 685 991 838 2237
10901 4 2 7 1 1954 2169 2498 2593
10902 4 2 7 1 286 658 565 2605
10903 4 2 7 1 1279 1412 2357 3043
10904 4 2 7 1 1954 2230 2593 2822
10905 4 2 7 1 833 2471 778 2694
10906 4 2 7 1 860 859 805 2691
10907 4 2 7 1 1723 1799 1851 2628
10908 4 2 7 1 1777 1869 1778 2463
10909 4 2 7 1 1871 2262 1730 2613
10910 4 2 7 1 155 1827 1577 908
10911 4 2 7 1 2373 2575 2124 2591
10912 4 2 7 1 1968 2248 2454 2994
10913 4 2 7 1 530 411 2504 2892
10914 4 2 7 1 533 914 45 531
10915 4 2 7 1 2160 2456 2007 3014
10916 4 2 7 1 886 2195 967 2972
10917 4 2 7 1 1166 1168 1167 2848
10918 4 2 7 1 1430 1133 1324 2272
10919 4 2 7 1 2004 2151 2420 2756
10920 4 2 7 1 578 571 463 2246
10921 4 2 7 1 2017 2398 2234 2758
10922 4 2 7 1 2273 2469 2045 3017
10923 4 2 7 1 598 2474 2200 2717
10924 4 2 7 1 1999 2405 2189 2996
10925 4 2 7 1 939 2607 938 2795
10926 4 2 7 1 942 652 1886 2689
10927 4 2 7 1 1045 1076 2564 2862
10928 4 2 7 1 600 1066 298 2450
10929 4 2 7 1 2383 2129 2631 2823
10930 4 2 7 1 2057 2352 2781 2991
10931 4 2 7 1 443 455 620 2659
10932 4 2 7 1 785 2291 767 2701
10933 4 2 7 1 589 375 416 2590
10934 4 2 7 1 1221 1223 2569 2893
10935 4 2 7 1 1371 1370 1124 2809
10936 4 2 7 1 2169 2746 2588 2871
10937 4 2 7 1 1981 2443 2166 2619
10938 4 2 7 1 965 2566 2277 2808
10939 4 2 7 1 1944 2353 2228 2704
10940 4 2 7 1 1830 1876 1833 2443
10941 4 2 7 1 1968 2274 2661 3021
10942 4 2 7 1 303 2784 2802 3035
10943 4 2 7 1 2467 2588 2118 2746
10944 4 2 7 1 1219 1221 2256 2893
10945 4 2 7 1 2116 2652 2468 2675
10946 4 2 7 1 1173 1171 1172 2765
10947 4 2 7 1 2136 2931 2551 2987
10948 4 2 7 1 2283 2332 2136 2916
10949 4 2 7 1 395 397 2665 2810
10950 4 2 7 1 455 398 419 2659
10951 4 2 7 1 929 980 931 2935
10952 4 2 7 1 2156 2837 2545 2945
10953 4 2 7 1 2114 2568 2382 2712
10954 4 2 7 1 559 560 506 2691
10955 4 2 7 1 1268 1457 2290 2950
10956 4 2 7 1 263 648 947 2309
10957 4 2 7 1 2072 2741 2531 2924
10958 4 2 7 1 972 2514 2755 2918
10959 4 2 7 1 1321 1320 1243 2790
10960 4 2 7 1 1938 2263 2382 2835
10961 4 2 7 1 1982 2684 2315 2744
10962 4 2 7 1 446 284 1120 2374
10963 4 2 7 1 1559 1848 1928 2825
10964 4 2 7 1 406 2708 2654 2850
10965 4 2 7 1 409 536 534 2301
10966 4 2 7 1 617 321 2359 2648
10967 4 2 7 1 1071 1080 1098 2237
10968 4 2 7 1 2094 2601 2246 2851
10969 4 2 7 1 1424 2299 1418 2637
10970 4 2 7 1 1291 2133 1276 3003
10971 4 2 7 1 1735 1861 1717 2678
10972 4 2 7 1 2066 2608 2145 2777
10973 4 2 7 1 2156 2545 1990 2705
10974 4 2 7 1 269 2165 558 3020
10975 4 2 7 1 711 797 2487 2702
10976 4 2 7 1 1941 2170 2432 2981
10977 4 2 7 1 500 2156 2997 3005
10978 4 2 7 1 1972 2468 2652 2675
10979 4 2 7 1 604 592 1039 2743
10980 4 2 7 1 2050 2395 2212 2887
10981 4 2 7 1 630 477 272 2306
10982 4 2 7 1 1877 1581 1780 2713
10983 4 2 7 1 780 782 854 2694
10984 4 2 7 1 1855 1576 1875 2689
10985 4 2 7 1 1552 2241 1883 2847
10986 4 2 7 1 1972 2600 2181 2959
10987 4 2 7 1 1968 2661 2291 3021
10988 4 2 7 1 1826 2473 1824 2831
10989 4 2 7 1 1979 2247 2495 2620
10990 4 2 7 1 1519 684 982 2447
10991 4 2 7 1 558 2165 2648 3020
10992 4 2 7 1 2017 2732 2398 2817
10993 4 2 7 1 1415 618 1130 2421
10994 4 2 7 1 1969 2352 2557 2967
10995 4 2 7 1 1623 2885 2144 3041
10996 4 2 7 1 987 2236 809 2877
10997 4 2 7 1 1886 1836 2689 2815
10998 4 2 7 1 715 2180 716 3029
10999 4 2 7 1 1527 1492 1526 2364
11000 4 2 7 1 1971 2173 2408 2902
11001 4 2 7 1 585 2317 2571 2605
11002 4 2 7 1 1847 1377 1436 2825
11003 4 2 7 1 288 914 46 913
11004 4 2 7 1 2321 1986 2582 2900
11005 4 2 7 1 1965 2499 2297 2625
11006 4 2 7 1 2301 2477 2227 2894
11007 4 2 7 1 1346 2627 2200 3040
11008 4 2 7 1 1178 1255 1180 2436
11009 4 2 7 1 531 914 46 288
11010 4 2 7 1 621 2585 470 2798
11011 4 2 7 1 2133 2000 2450 2621
11012 4 2 7 1 1839 2321 1832 2935
11013 4 2 7 1 277 435 452 2158
11014 4 2 7 1 2198 2538 2701 3021
11015 4 2 7 1 899 902 2420 2756
11016 4 2 7 1 1703 2245 1770 2616
11017 4 2 7 1 445 571 607 2451
11018 4 2 7 1 1999 2189 2447 2996
11019 4 2 7 1 634 349 413 2231
11020 4 2 7 1 750 748 964 2749
11021 4 2 7 1 2726 2755 2150 2884
11022 4 2 7 1 2043 2507 2433 2794
11023 4 2 7 1 570 523 312 2380
11024 4 2 7 1 667 933 934 2972
11025 4 2 7 1 718 2295 720 2918
11026 4 2 7 1 2005 2197 2735 2985
11027 4 2 7 1 2485 2711 2139 2880
11028 4 2 7 1 1138 1394 1460 2396
11029 4 2 7 1 2100 2261 2862 2957
11030 4 2 7 1 427 314 463 2601
11031 4 2 7 1 2178 2514 1976 2726
11032 4 2 7 1 1962 2700 2594 2949
11033 4 2 7 1 2076 2402 2282 2835
11034 4 2 7 1 1122 1362 1887 2550
11035 4 2 7 1 2591 2638 2124 2883
11036 4 2 7 1 719 972 717 3029
11037 4 2 7 1 440 2203 300 2769
11038 4 2 7 1 1948 2490 2253 2761
11039 4 2 7 1 730 728 813 2319
11040 4 2 7 1 2049 2593 2169 2746
11041 4 2 7 1 826 838 2237 2564
11042 4 2 7 1 1972 2471 2153 2652
11043 4 2 7 1 315 313 314 2559
11044 4 2 7 1 1206 2716 2667 2921
11045 4 2 7 1 1337 1334 1335 2583
11046 4 2 7 1 1175 2765 1174 2948
11047 4 2 7 1 461 450 460 2369
11048 4 2 7 1 1480 2362 1400 2973
11049 4 2 7 1 575 418 396 2437
11050 4 2 7 1 2301 2227 2863 2894
11051 4 2 7 1 279 597 1413 2888
11052 4 2 7 1 2226 2819 1970 2987
11053 4 2 7 1 1995 2653 2253 2899
11054 4 2 7 1 1999 2416 2311 2763
11055 4 2 7 1 695 691 839 2222
11056 4 2 7 1 1218 1220 1219 2893
11057 4 2 7 1 1554 2252 674 2864
11058 4 2 7 1 2291 2507 2043 2794
11059 4 2 7 1 746 747 745 2626
11060 4 2 7 1 2085 2545 2705 2796
11061 4 2 7 1 2009 2524 2384 3026
11062 4 2 7 1 619 466 618 2421
11063 4 2 7 1 2067 2183 2667 2921
11064 4 2 7 1 1582 1116 1374 2554
11065 4 2 7 1 1891 1704 2182 2895
11066 4 2 7 1 604 277 452 2743
11067 4 2 7 1 1885 2787 2209 2811
11068 4 2 7 1 1955 2509 2217 2923
11069 4 2 7 1 1789 1554 674 2864
11070 4 2 7 1 1450 2634 1399 2778
11071 4 2 7 1 1939 2248 2454 2866
11072 4 2 7 1 1191 2521 2220 2907
11073 4 2 7 1 1171 1271 2403 2540
11074 4 2 7 1 1229 2633 2201 2944
11075 4 2 7 1 841 953 954 2701
11076 4 2 7 1 1939 2400 2454 2994
11077 4 2 7 1 910 49 289 916
11078 4 2 7 1 1938 2402 2263 2835
11079 4 2 7 1 302 582 2236 2961
11080 4 2 7 1 1993 2786 2265 2911
11081 4 2 7 1 1509 1541 2314 2824
11082 4 2 7 1 414 601 519 2224
11083 4 2 7 1 2119 2693 2414 2797
11084 4 2 7 1 283 35 548 940
11085 4 2 7 1 946 1850 2697 2731
11086 4 2 7 1 1646 2370 1781 2680
11087 4 2 7 1 2126 2540 2396 3022
11088 4 2 7 1 1640 1642 2458 2839
11089 4 2 7 1 724 796 1015 2349
11090 4 2 7 1 2174 1971 2665 2943
11091 4 2 7 1 972 2918 2755 3029
11092 4 2 7 1 511 1105 597 2413
11093 4 2 7 1 2016 2569 2134 2772
11094 4 2 7 1 266 970 2174 2870
11095 4 2 7 1 730 2908 2319 2930
11096 4 2 7 1 2266 2290 2083 2677
11097 4 2 7 1 1354 292 94 508
11098 4 2 7 1 1641 2458 1642 2895
11099 4 2 7 1 1713 1812 1857 2366
11100 4 2 7 1 1762 1912 1761 2320
11101 4 2 7 1 910 527 48 657
11102 4 2 7 1 1177 1178 2161 2948
11103 4 2 7 1 1899 994 1904 2849
11104 4 2 7 1 1861 1753 2534 2678
11105 4 2 7 1 2111 2455 2939 3030
11106 4 2 7 1 1984 2463 2324 2597
11107 4 2 7 1 541 2304 544 2654
11108 4 2 7 1 2253 2430 2103 2765
11109 4 2 7 1 668 594 460 2752
11110 4 2 7 1 2224 2563 2107 2724
11111 4 2 7 1 1104 1328 1329 2320
11112 4 2 7 1 2174 2870 851 2886
11113 4 2 7 1 767 953 2701 3021
11114 4 2 7 1 1583 167 688 1591
11115 4 2 7 1 1782 2195 2576 2972
11116 4 2 7 1 1739 1740 1551 2555
11117 4 2 7 1 2015 2454 2400 2994
11118 4 2 7 1 2046 2238 2788 2803
11119 4 2 7 1 2003 2304 2478 2728
11120 4 2 7 1 2169 2871 346 2922
11121 4 2 7 1 1890 1082 1033 2425
11122 4 2 7 1 1970 2482 2350 2987
11123 4 2 7 1 2487 2747 2064 2903
11124 4 2 7 1 2081 2315 2684 2744
11125 4 2 7 1 428 2258 421 2859
11126 4 2 7 1 2792 2859 2122 2879
11127 4 2 7 1 2010 2218 2572 2872
11128 4 2 7 1 477 2306 630 2645
11129 4 2 7 1 1198 1437 1245 2741
11130 4 2 7 1 979 1042 1043 2239
11131 4 2 7 1 1951 2518 2148 2624
11132 4 2 7 1 2195 978 2567 2972
11133 4 2 7 1 2155 2535 1962 2949
11134 4 2 7 1 48 525 527 910
11135 4 2 7 1 788 971 737 2610
11136 4 2 7 1 1988 2558 2236 2802
11137 4 2 7 1 2079 2400 2604 2994
11138 4 2 7 1 525 49 289 910
11139 4 2 7 1 688 969 689 2211
11140 4 2 7 1 1977 2448 2552 2693
11141 4 2 7 1 788 927 971 2610
11142 4 2 7 1 413 2231 349 2922
11143 4 2 7 1 2042 2638 2591 2883
11144 4 2 7 1 573 546 585 2571
11145 4 2 7 1 2072 2220 2439 2907
11146 4 2 7 1 730 2630 2319 3036
11147 4 2 7 1 566 621 470 2798
11148 4 2 7 1 2165 2648 2359 2963
11149 4 2 7 1 1985 2290 2266 2677
11150 4 2 7 1 2068 2791 2269 3028
11151 4 2 7 1 1748 1730 2262 2688
11152 4 2 7 1 2067 2667 2129 2716
11153 4 2 7 1 872 2709 787 3024
11154 4 2 7 1 2089 2488 2453 2609
11155 4 2 7 1 2212 2307 2050 2887
11156 4 2 7 1 1142 1276 1291 2681
11157 4 2 7 1 1189 2465 1191 3008
11158 4 2 7 1 508 275 93 1354
11159 4 2 7 1 610 267 1483 2451
11160 4 2 7 1 695 2222 839 2699
11161 4 2 7 1 978 2195 886 2972
11162 4 2 7 1 2105 2636 2386 2720
11163 4 2 7 1 1035 1095 2409 3032
11164 4 2 7 1 939 891 801 2607
11165 4 2 7 1 1052 1056 1054 3032
11166 4 2 7 1 2236 582 2558 2961
11167 4 2 7 1 1984 2234 2463 2597
11168 4 2 7 1 1940 2500 2223 3034
11169 4 2 7 1 2406 2440 1965 2980
11170 4 2 7 1 1371 2809 2187 3000
11171 4 2 7 1 2166 2505 1981 2733
11172 4 2 7 1 292 1354 94 1358
11173 4 2 7 1 2089 2609 2244 2952
11174 4 2 7 1 1941 2235 2629 2896
11175 4 2 7 1 2066 2458 2172 2703
11176 4 2 7 1 719 2918 972 3029
11177 4 2 7 1 920 796 1014 2799
11178 4 2 7 1 2361 2594 1651 2978
11179 4 2 7 1 1735 2495 1897 2678
11180 4 2 7 1 2059 2478 2308 2654
11181 4 2 7 1 2057 2781 2489 2991
11182 4 2 7 1 742 2496 743 2832
11183 4 2 7 1 1108 93 275 1354
11184 4 2 7 1 2269 2791 1952 3028
11185 4 2 7 1 2129 2549 2823 3023
11186 4 2 7 1 2109 2343 2228 2817
11187 4 2 7 1 1391 1248 2684 2716
11188 4 2 7 1 1941 2417 2432 2507
11189 4 2 7 1 2312 2506 2016 2984
11190 4 2 7 1 2019 2767 2182 2895
11191 4 2 7 1 376 2225 2745 2970
11192 4 2 7 1 2103 2520 2606 2623
11193 4 2 7 1 1784 1777 1783 2674
11194 4 2 7 1 951 721 2514 2918
11195 4 2 7 1 940 283 35 936
11196 4 2 7 1 1827 155 673 908
11197 4 2 7 1 1690 1640 2811 2839
11198 4 2 7 1 688 678 167 1583
11199 4 2 7 1 1925 1121 1563 2523
11200 4 2 7 1 2041 2424 2260 2773
11201 4 2 7 1 1619 1617 1618 2860
11202 4 2 7 1 1318 1317 1316 2421
11203 4 2 7 1 534 2301 536 3027
11204 4 2 7 1 1393 1247 1379 2854
11205 4 2 7 1 930 2908 731 2930
11206 4 2 7 1 799 1020 941 2630
11207 4 2 7 1 1184 1185 1183 2929
11208 4 2 7 1 1987 2485 2703 2982
11209 4 2 7 1 346 2871 345 2922
11210 4 2 7 1 2393 2439 2019 2521
11211 4 2 7 1 1794 2275 1664 2868
11212 4 2 7 1 2328 2400 1971 2652
11213 4 2 7 1 2390 2778 2214 2905
11214 4 2 7 1 1695 1615 2312 2984
11215 4 2 7 1 975 709 2487 2756
11216 4 2 7 1 1990 2459 2705 2796
11217 4 2 7 1 1200 2480 1404 2773
11218 4 2 7 1 2136 2819 2551 2931
11219 4 2 7 1 2119 2353 2228 2882
11220 4 2 7 1 1953 2655 2165 2963
11221 4 2 7 1 508 645 643 2185
11222 4 2 7 1 2125 2710 2653 2842
11223 4 2 7 1 2069 2596 2275 2868
11224 4 2 7 1 1414 1309 1125 2175
11225 4 2 7 1 2001 2538 2248 2656
11226 4 2 7 1 588 2863 2333 3027
11227 4 2 7 1 2051 2451 2246 3039
11228 4 2 7 1 386 2474 2371 3033
11229 4 2 7 1 1325 2804 2655 2944
11230 4 2 7 1 2115 2336 2696 2844
11231 4 2 7 1 1965 2281 2499 2625
11232 4 2 7 1 1282 2364 1297 2821
11233 4 2 7 1 2214 1960 2390 2905
11234 4 2 7 1 2030 2511 2610 2777
11235 4 2 7 1 2135 2025 2662 2794
11236 4 2 7 1 1341 1409 1137 2456
11237 4 2 7 1 1696 1628 1835 2505
11238 4 2 7 1 2160 2007 2869 3014
11239 4 2 7 1 813 2319 2728 3036
11240 4 2 7 1 2414 2693 2032 2797
11241 4 2 7 1 1552 1884 1883 2241
11242 4 2 7 1 2202 2696 2336 2844
11243 4 2 7 1 1855 2178 1828 2884
11244 4 2 7 1 1706 1879 1804 2396
11245 4 2 7 1 2381 2537 2047 3039
11246 4 2 7 1 2250 2659 2131 2937
11247 4 2 7 1 1944 2343 2373 2817
11248 4 2 7 1 659 918 37 539
11249 4 2 7 1 1391 1204 1248 2716
11250 4 2 7 1 2071 2520 2618 2623
11251 4 2 7 1 2819 2931 2136 2987
11252 4 2 7 1 444 637 2792 2827
11253 4 2 7 1 314 315 2559 2601
11254 4 2 7 1 2013 2551 2931 2987
11255 4 2 7 1 1516 1536 1517 2827
11256 4 2 7 1 337 410 2823 2906
11257 4 2 7 1 1137 1345 1344 2456
11258 4 2 7 1 1361 1250 2531 2924
11259 4 2 7 1 1770 1923 1769 2523
11260 4 2 7 1 2009 2524 2912 2975
11261 4 2 7 1 2134 2016 2470 2569
11262 4 2 7 1 1669 2283 1774 2730
11263 4 2 7 1 2023 2592 2381 2762
11264 4 2 7 1 1583 1593 1592 2650
11265 4 2 7 1 968 959 909 2178
11266 4 2 7 1 2089 2453 2390 2905
11267 4 2 7 1 607 425 437 2904
11268 4 2 7 1 1372 2127 2615 2809
11269 4 2 7 1 2053 2665 2258 2810
11270 4 2 7 1 2010 2421 2165 2648
11271 4 2 7 1 2000 2592 2259 2891
11272 4 2 7 1 1279 2999 1236 3043
11273 4 2 7 1 1968 2635 2507 2794
11274 4 2 7 1 2381 2592 1936 2762
11275 4 2 7 1 1949 2144 2542 2898
11276 4 2 7 1 2007 2456 2200 3040
11277 4 2 7 1 2545 2796 2085 3024
11278 4 2 7 1 1600 1597 2365 2833
11279 4 2 7 1 797 904 902 2702
11280 4 2 7 1 2204 2032 2736 2998
11281 4 2 7 1 2060 2546 2314 3046
11282 4 2 7 1 1719 2707 2255 2801
11283 4 2 7 1 1886 1576 942 2689
11284 4 2 7 1 566 2218 621 2798
11285 4 2 7 1 2044 2704 2680 2949
11286 4 2 7 1 898 2756 2151 2829
11287 4 2 7 1 1635 2273 1633 3017
11288 4 2 7 1 1959 2282 2625 2912
11289 4 2 7 1 1953 2655 2201 2944
11290 4 2 7 1 1617 2312 1615 2860
11291 4 2 7 1 2291 2701 2538 3021
11292 4 2 7 1 1077 2261 1048 3018
11293 4 2 7 1 2055 2398 2732 2817
11294 4 2 7 1 1714 1726 1712 2376
11295 4 2 7 1 901 677 899 2420
11296 4 2 7 1 1432 1492 1532 2769
11297 4 2 7 1 777 774 835 2328
11298 4 2 7 1 1837 1831 1834 2815
11299 4 2 7 1 1381 1251 1423 2606
11300 4 2 7 1 1106 1395 1394 2934
11301 4 2 7 1 858 806 770 2274
11302 4 2 7 1 2155 2228 2535 2949
11303 4 2 7 1 2046 2788 2365 2803
11304 4 2 7 1 2348 2459 2006 2623
11305 4 2 7 1 2360 2672 2316 2990
11306 4 2 7 1 516 284 598 2200
11307 4 2 7 1 2272 2383 1980 2854
11308 4 2 7 1 979 2239 969 2753
11309 4 2 7 1 2475 2870 2258 2886
11310 4 2 7 1 818 2146 850 2849
11311 4 2 7 1 286 922 658 2605
11312 4 2 7 1 543 586 540 2467
11313 4 2 7 1 537 1009 287 2986
11314 4 2 7 1 1225 2440 2406 2980
11315 4 2 7 1 854 2346 855 2801
11316 4 2 7 1 571 2246 578 2774
11317 4 2 7 1 1321 2492 2790 2979
11318 4 2 7 1 2507 2794 2635 2896
11319 4 2 7 1 2154 1597 2833 3010
11320 4 2 7 1 2484 2683 2349 2723
11321 4 2 7 1 1050 2692 2351 3018
11322 4 2 7 1 153 1576 1855 959
11323 4 2 7 1 310 2846 580 3035
11324 4 2 7 1 1278 2451 1295 2690
11325 4 2 7 1 1880 1819 1822 2603
11326 4 2 7 1 1506 1504 2546 2996
11327 4 2 7 1 1711 1687 2233 2738
11328 4 2 7 1 1864 1658 1788 2720
11329 4 2 7 1 1939 2454 2344 2866
11330 4 2 7 1 1402 1424 1418 2637
11331 4 2 7 1 2184 2392 2039 2675
11332 4 2 7 1 2187 2809 1808 3000
11333 4 2 7 1 2404 2614 489 2843
11334 4 2 7 1 2222 2562 691 2748
11335 4 2 7 1 1743 1893 1586 2578
11336 4 2 7 1 549 542 403 2588
11337 4 2 7 1 886 950 883 2398
11338 4 2 7 1 366 399 364 2491
11339 4 2 7 1 2171 2086 2529 2850
11340 4 2 7 1 2062 2505 2166 2733
11341 4 2 7 1 541 540 285 2503
11342 4 2 7 1 729 728 730 2908
11343 4 2 7 1 744 743 2496 2626
11344 4 2 7 1 2607 2795 553 2992
11345 4 2 7 1 786 2324 949 2910
11346 4 2 7 1 2480 2741 2139 2983
11347 4 2 7 1 1955 2635 2170 2866
11348 4 2 7 1 2174 2886 2668 2943
11349 4 2 7 1 2186 2589 2230 2822
11350 4 2 7 1 1008 861 714 2660
11351 4 2 7 1 888 1030 803 2296
11352 4 2 7 1 978 886 967 2972
11353 4 2 7 1 1043 1042 1064 2239
11354 4 2 7 1 988 979 1043 2239
11355 4 2 7 1 1787 2252 1554 2864
11356 4 2 7 1 2017 2398 2758 2817
11357 4 2 7 1 1827 154 1855 2884
11358 4 2 7 1 1944 2428 2343 2882
11359 4 2 7 1 2120 2285 2422 2561
11360 4 2 7 1 2186 1986 2589 2822
11361 4 2 7 1 1765 1918 1917 2973
11362 4 2 7 1 2230 1954 2593 2746
11363 4 2 7 1 858 2274 768 2661
11364 4 2 7 1 302 2236 301 2961
11365 4 2 7 1 2358 2455 2111 2506
11366 4 2 7 1 2228 2343 2109 2816
11367 4 2 7 1 1939 2337 2350 2609
11368 4 2 7 1 2043 2536 2291 2853
11369 4 2 7 1 730 731 2908 2930
11370 4 2 7 1 2075 2971 2621 3032
11371 4 2 7 1 2081 2315 2744 2926
11372 4 2 7 1 594 593 461 2752
11373 4 2 7 1 834 2174 2668 3047
11374 4 2 7 1 1837 2280 1831 2815
11375 4 2 7 1 2214 2013 2435 2905
11376 4 2 7 1 2383 2823 410 2906
11377 4 2 7 1 2179 2840 821 2965
11378 4 2 7 1 1691 1607 2441 2539
11379 4 2 7 1 2226 2513 1675 2915
11380 4 2 7 1 751 749 750 2910
11381 4 2 7 1 2411 2512 2027 2575
11382 4 2 7 1 2259 2891 2592 2932
11383 4 2 7 1 1495 2792 637 2827
11384 4 2 7 1 2140 2788 2046 2855
11385 4 2 7 1 968 2560 943 2689
11386 4 2 7 1 856 812 2442 2965
11387 4 2 7 1 1288 1099 1473 2764
11388 4 2 7 1 250 1035 1435 1073
11389 4 2 7 1 1280 2256 1221 2569
11390 4 2 7 1 590 2431 529 2892
11391 4 2 7 1 2155 2017 2680 2721
11392 4 2 7 1 461 460 594 2752
11393 4 2 7 1 2311 2763 2416 2956
11394 4 2 7 1 1723 1655 1800 2612
11395 4 2 7 1 442 2258 428 2870
11396 4 2 7 1 1307 2247 1102 2964
11397 4 2 7 1 1789 1787 1554 2864
11398 4 2 7 1 1354 1351 1355 2185
11399 4 2 7 1 824 662 836 2760
11400 4 2 7 1 2680 2704 2155 2949
11401 4 2 7 1 998 1545 1904 3011
11402 4 2 7 1 2112 2354 2529 2966
11403 4 2 7 1 1883 2847 2241 2919
11404 4 2 7 1 1992 2196 2525 2720
11405 4 2 7 1 2304 2654 541 2708
11406 4 2 7 1 397 421 428 2258
11407 4 2 7 1 818 1018 2644 2849
11408 4 2 7 1 1231 1230 1228 2528
11409 4 2 7 1 1578 1818 1817 2420
11410 4 2 7 1 951 2514 972 2918
11411 4 2 7 1 922 596 40 921
11412 4 2 7 1 206 1374 1373 1582
11413 4 2 7 1 285 37 918 539
11414 4 2 7 1 880 804 993 2611
11415 4 2 7 1 2350 2634 2013 2987
11416 4 2 7 1 2195 2017 2713 3019
11417 4 2 7 1 496 497 2219 2740
11418 4 2 7 1 2095 2742 2327 2969
11419 4 2 7 1 909 2178 959 2884
11420 4 2 7 1 2136 2634 2257 2987
11421 4 2 7 1 2332 2729 1455 2934
11422 4 2 7 1 1782 2576 1885 2972
11423 4 2 7 1 878 2219 646 2837
11424 4 2 7 1 540 2503 542 2757
11425 4 2 7 1 1551 1750 1031 2555
11426 4 2 7 1 1582 1373 206 1798
11427 4 2 7 1 1986 2321 2469 2608
11428 4 2 7 1 1410 1157 1159 2453
11429 4 2 7 1 2512 2575 2102 2890
11430 4 2 7 1 750 749 748 2927
11431 4 2 7 1 1191 1190 1192 2220
11432 4 2 7 1 2311 2416 2676 2956
11433 4 2 7 1 1825 2831 2150 2884
11434 4 2 7 1 1998 2465 2187 3008
11435 4 2 7 1 726 2349 1015 2728
11436 4 2 7 1 1945 2254 2340 2747
11437 4 2 7 1 1840 1874 2608 2811
11438 4 2 7 1 547 544 2304 2799
11439 4 2 7 1 2346 2644 1018 2849
11440 4 2 7 1 656 890 891 2192
11441 4 2 7 1 999 2735 2197 2789
11442 4 2 7 1 1695 1615 1856 2312
11443 4 2 7 1 950 745 790 2398
11444 4 2 7 1 2218 1964 2585 2872
11445 4 2 7 1 1990 2705 2545 2796
11446 4 2 7 1 1707 1774 1669 2283
11447 4 2 7 1 1079 1906 1882 2753
11448 4 2 7 1 2188 2796 2545 3024
11449 4 2 7 1 2085 2945 2545 3024
11450 4 2 7 1 726 725 724 2349
11451 4 2 7 1 1503 1505 2405 2976
11452 4 2 7 1 1225 2406 1481 2980
11453 4 2 7 1 2084 2434 2394 2598
11454 4 2 7 1 1433 1331 2208 2320
11455 4 2 7 1 1173 2540 1171 2765
11456 4 2 7 1 1501 1502 1500 2457
11457 4 2 7 1 1615 1617 1856 2312
11458 4 2 7 1 1828 1875 1698 2679
11459 4 2 7 1 2018 2277 2526 2791
11460 4 2 7 1 1395 1455 2729 2934
11461 4 2 7 1 1147 1304 1421 2374
11462 4 2 7 1 732 2630 733 2930
11463 4 2 7 1 1080 2237 1071 2960
11464 4 2 7 1 1789 674 870 2864
11465 4 2 7 1 2015 2632 2328 3006
11466 4 2 7 1 1470 1369 3000 3008
11467 4 2 7 1 424 603 2466 2876
11468 4 2 7 1 40 286 596 922
11469 4 2 7 1 2377 2842 1951 2901
11470 4 2 7 1 2327 2783 584 2992
11471 4 2 7 1 2594 2700 2127 2834
11472 4 2 7 1 1768 2523 1922 2941
11473 4 2 7 1 1979 2534 2247 2828
11474 4 2 7 1 2194 1993 2578 2786
11475 4 2 7 1 2056 2658 2546 2909
11476 4 2 7 1 1385 1477 1127 2523
11477 4 2 7 1 1105 511 97 1383
11478 4 2 7 1 2386 2636 2196 2720
11479 4 2 7 1 263 2309 947 3005
11480 4 2 7 1 2035 2326 2552 2672
11481 4 2 7 1 916 654 289 2527
11482 4 2 7 1 1717 1861 1753 2534
11483 4 2 7 1 2029 2910 2423 2990
11484 4 2 7 1 1369 2521 2182 3008
11485 4 2 7 1 649 885 882 2234
11486 4 2 7 1 264 2219 497 2837
11487 4 2 7 1 1941 2507 2170 2896
11488 4 2 7 1 730 1020 2630 3036
11489 4 2 7 1 709 711 2487 2903
11490 4 2 7 1 627 474 271 2631
11491 4 2 7 1 998 1904 2849 3011
11492 4 2 7 1 845 2780 2122 2792
11493 4 2 7 1 1940 2352 2329 2991
11494 4 2 7 1 1298 1141 2516 2688
11495 4 2 7 1 1963 2365 2788 2803
11496 4 2 7 1 2821 3001 2642 3045
11497 4 2 7 1 827 810 2566 2784
11498 4 2 7 1 2365 2833 1597 3010
11499 4 2 7 1 1972 2652 2468 2959
11500 4 2 7 1 154 959 1855 2884
11501 4 2 7 1 758 756 2545 3024
11502 4 2 7 1 1434 2579 1246 2854
11503 4 2 7 1 1328 1326 1211 2268
11504 4 2 7 1 1784 2463 1777 2674
11505 4 2 7 1 2009 2215 2858 2975
11506 4 2 7 1 481 413 480 2299
11507 4 2 7 1 504 2565 505 2997
11508 4 2 7 1 1405 1251 1174 2520
11509 4 2 7 1 2416 2763 2037 2956
11510 4 2 7 1 1518 1495 637 2827
11511 4 2 7 1 1315 2165 1316 2421
11512 4 2 7 1 1229 2201 2804 2944
11513 4 2 7 1 2250 2437 2053 2810
11514 4 2 7 1 2095 2318 2742 2768
11515 4 2 7 1 1512 1540 1510 2737
11516 4 2 7 1 1264 1263 2265 2911
11517 4 2 7 1 1436 1414 1125 2825
11518 4 2 7 1 2314 2613 2262 2682
11519 4 2 7 1 1588 1082 1890 2425
11520 4 2 7 1 1199 2399 1330 2641
11521 4 2 7 1 2312 2470 2256 2925
11522 4 2 7 1 1931 1556 1731 2255
11523 4 2 7 1 652 1886 2689 2815
11524 4 2 7 1 500 2997 502 3005
11525 4 2 7 1 427 463 571 2246
11526 4 2 7 1 2251 2640 2062 2733
11527 4 2 7 1 1963 2803 2397 2844
11528 4 2 7 1 581 2865 2131 2937
11529 4 2 7 1 2010 2655 2497 2766
11530 4 2 7 1 2273 2476 1633 3017
11531 4 2 7 1 569 2408 449 2651
11532 4 2 7 1 1994 2624 2149 2897
11533 4 2 7 1 1334 1112 469 2583
11534 4 2 7 1 1944 2228 2353 2882
11535 4 2 7 1 2467 2746 2049 2871
11536 4 2 7 1 2009 2336 2282 3026
11537 4 2 7 1 466 405 465 2421
11538 4 2 7 1 110 1304 1136 294
11539 4 2 7 1 1952 2526 2277 2791
11540 4 2 7 1 2480 2773 1200 2983
11541 4 2 7 1 1456 1116 1365 2628
11542 4 2 7 1 297 431 443 2827
11543 4 2 7 1 1198 2480 1245 2983
11544 4 2 7 1 1254 1183 1185 2438
11545 4 2 7 1 2079 2483 2198 2994
11546 4 2 7 1 544 541 547 2304
11547 4 2 7 1 2280 2556 2113 2815
11548 4 2 7 1 310 2269 2846 3035
11549 4 2 7 1 2594 2680 2044 2834
11550 4 2 7 1 2153 2037 2813 2956
11551 4 2 7 1 2174 2665 2258 2943
11552 4 2 7 1 1366 1367 1121 2245
11553 4 2 7 1 1286 1426 1303 2786
11554 4 2 7 1 834 2668 2174 2886
11555 4 2 7 1 1996 2258 2659 2805
11556 4 2 7 1 718 955 720 2295
11557 4 2 7 1 1278 2451 2690 2999
11558 4 2 7 1 1459 1252 1179 2820
11559 4 2 7 1 2055 2626 2496 2832
11560 4 2 7 1 1989 2457 2364 2737
11561 4 2 7 1 1761 1911 1760 2208
11562 4 2 7 1 2154 2026 2715 3010
11563 4 2 7 1 1715 1714 1599 2715
11564 4 2 7 1 307 310 2269 2851
11565 4 2 7 1 2077 2798 2227 2872
11566 4 2 7 1 2065 2524 2366 2912
11567 4 2 7 1 417 382 2278 2836
11568 4 2 7 1 2254 2099 2747 2782
11569 4 2 7 1 868 2252 2532 2709
11570 4 2 7 1 1017 1015 920 2728
11571 4 2 7 1 1454 1269 1163 2257
11572 4 2 7 1 1838 147 1573 651
11573 4 2 7 1 918 679 38 285
11574 4 2 7 1 1956 2223 2477 2894
11575 4 2 7 1 2063 2569 2440 2804
11576 4 2 7 1 1650 2680 1692 2721
11577 4 2 7 1 1961 2552 2326 2672
11578 4 2 7 1 1643 1645 1704 2479
11579 4 2 7 1 2044 2700 2594 2834
11580 4 2 7 1 1237 1236 1278 2303
11581 4 2 7 1 1474 2393 1195 2641
11582 4 2 7 1 1263 2401 2265 2911
11583 4 2 7 1 1641 1640 1642 2458
11584 4 2 7 1 1186 1249 2395 2929
11585 4 2 7 1 1665 1879 1706 2522
11586 4 2 7 1 2063 2440 2201 2804
11587 4 2 7 1 794 723 952 2560
11588 4 2 7 1 672 833 853 2995
11589 4 2 7 1 1309 2175 1414 2980
11590 4 2 7 1 2056 2613 2314 2682
11591 4 2 7 1 107 1137 1344 515
11592 4 2 7 1 2284 3001 2821 3045
11593 4 2 7 1 1379 2129 2631 2854
11594 4 2 7 1 1940 2347 2500 3034
11595 4 2 7 1 506 2191 507 2691
11596 4 2 7 1 1784 1869 1777 2463
11597 4 2 7 1 1091 1915 1479 1448
11598 4 2 7 1 1480 1277 1400 2362
11599 4 2 7 1 1171 1169 1170 2936
11600 4 2 7 1 2453 2488 2061 2609
11601 4 2 7 1 458 2865 581 2937
11602 4 2 7 1 1982 2260 2375 2686
11603 4 2 7 1 518 2224 517 2574
11604 4 2 7 1 1898 1748 1871 2262
11605 4 2 7 1 781 780 779 2813
11606 4 2 7 1 1956 2477 2301 2894
11607 4 2 7 1 2351 2971 2378 3018
11608 4 2 7 1 884 881 949 2597
11609 4 2 7 1 1948 2599 2149 2761
11610 4 2 7 1 2482 2779 1970 2981
11611 4 2 7 1 2050 2395 2204 2929
11612 4 2 7 1 2398 2597 2234 2758
11613 4 2 7 1 2517 2933 2168 3020
11614 4 2 7 1 2012 2391 2536 2988
11615 4 2 7 1 976 806 858 2752
11616 4 2 7 1 1813 1602 2384 2975
11617 4 2 7 1 1566 1485 1521 2682
11618 4 2 7 1 925 2900 2145 3031
11619 4 2 7 1 811 2442 812 2840
11620 4 2 7 1 1963 2788 2238 2803
11621 4 2 7 1 2061 2488 2509 2869
11622 4 2 7 1 708 707 706 2334
11623 4 2 7 1 292 1135 509 2595
11624 4 2 7 1 1786 2252 1787 2720
11625 4 2 7 1 1009 2771 287 2986
11626 4 2 7 1 1957 2246 2999 3039
11627 4 2 7 1 738 1026 2444 2768
11628 4 2 7 1 2445 2657 762 2853
11629 4 2 7 1 1395 2729 2143 2934
11630 4 2 7 1 2146 2447 1999 2644
11631 4 2 7 1 1654 2331 1869 2636
11632 4 2 7 1 1939 2454 2248 2994
11633 4 2 7 1 1679 1660 2525 2868
11634 4 2 7 1 1847 1436 1125 2825
11635 4 2 7 1 2457 2878 2159 3046
11636 4 2 7 1 670 914 45 533
11637 4 2 7 1 2083 2764 2950 3007
11638 4 2 7 1 1267 1156 2390 2543
11639 4 2 7 1 632 1111 2637 2645
11640 4 2 7 1 1827 673 154 2884
11641 4 2 7 1 1850 133 958 1553
11642 4 2 7 1 2426 2846 2179 3028
11643 4 2 7 1 1186 1184 1249 2929
11644 4 2 7 1 1979 2495 2401 2620
11645 4 2 7 1 1343 1340 1114 2323
11646 4 2 7 1 959 153 1576 942
11647 4 2 7 1 2046 2855 2650 3004
11648 4 2 7 1 297 2345 599 2827
11649 4 2 7 1 2017 2704 2249 2732
11650 4 2 7 1 2160 2836 2371 3033
11651 4 2 7 1 286 565 585 2605
11652 4 2 7 1 1650 1648 1692 2680
11653 4 2 7 1 1874 1690 1640 2811
11654 4 2 7 1 1066 1057 1084 2450
11655 4 2 7 1 1342 1114 1340 2323
11656 4 2 7 1 2044 2680 2155 2949
11657 4 2 7 1 1613 1611 1612 2506
11658 4 2 7 1 1056 2621 1054 3032
11659 4 2 7 1 2028 2950 2543 2977
11660 4 2 7 1 1981 2443 2280 2505
11661 4 2 7 1 1521 1491 1898 2682
11662 4 2 7 1 1500 2457 1499 3046
11663 4 2 7 1 1990 2545 2188 2796
11664 4 2 7 1 2426 2965 2277 3028
11665 4 2 7 1 1883 1751 1752 2919
11666 4 2 7 1 2399 2641 1199 2983
11667 4 2 7 1 2008 2580 2539 2785
11668 4 2 7 1 1081 1047 1077 2261
11669 4 2 7 1 2138 2036 2706 2754
11670 4 2 7 1 2007 2952 2488 3040
11671 4 2 7 1 1837 150 1575 945
11672 4 2 7 1 1108 275 92 1347
11673 4 2 7 1 1916 1763 2163 2885
11674 4 2 7 1 2000 2133 2450 2876
11675 4 2 7 1 1886 152 652 942
11676 4 2 7 1 1197 1199 2641 2983
11677 4 2 7 1 2099 2340 2254 2747
11678 4 2 7 1 1187 2465 1469 2615
11679 4 2 7 1 1966 2711 2498 2880
11680 4 2 7 1 1605 1607 1903 2539
11681 4 2 7 1 1834 1696 1835 2505
11682 4 2 7 1 590 530 324 2504
11683 4 2 7 1 2154 2397 1979 3049
11684 4 2 7 1 2066 2511 2486 2777
11685 4 2 7 1 1743 1588 1726 2425
11686 4 2 7 1 400 350 352 2992
11687 4 2 7 1 2146 2644 2346 2849
11688 4 2 7 1 1994 2433 2191 3025
11689 4 2 7 1 2308 2654 2478 2850
11690 4 2 7 1 945 973 2280 2815
11691 4 2 7 1 951 972 719 2918
11692 4 2 7 1 1613 2548 2506 2984
11693 4 2 7 1 1960 2184 2675 2938
11694 4 2 7 1 751 753 786 2910
11695 4 2 7 1 2299 2531 1360 2725
11696 4 2 7 1 843 847 671 2879
11697 4 2 7 1 572 518 643 2574
11698 4 2 7 1 1891 1643 1704 2895
11699 4 2 7 1 2171 2708 2467 2914
11700 4 2 7 1 1534 2262 1531 2688
11701 4 2 7 1 919 918 1019 2503
11702 4 2 7 1 2227 2722 329 2863
11703 4 2 7 1 1673 1752 1678 2919
11704 4 2 7 1 2028 2372 2950 2977
11705 4 2 7 1 822 2545 2837 2945
11706 4 2 7 1 811 2493 2442 2840
11707 4 2 7 1 1060 1061 1095 2409
11708 4 2 7 1 1941 2325 2417 2897
11709 4 2 7 1 423 570 316 2664
11710 4 2 7 1 1937 2416 2419 2805
11711 4 2 7 1 1651 1649 1650 2594
11712 4 2 7 1 1651 2594 1650 2978
11713 4 2 7 1 920 2304 919 2728
11714 4 2 7 1 1948 2618 2599 2761
11715 4 2 7 1 361 432 561 2448
11716 4 2 7 1 2363 2481 2153 2956
11717 4 2 7 1 1642 2141 1643 2895
11718 4 2 7 1 545 2308 336 2850
11719 4 2 7 1 884 866 873 2674
11720 4 2 7 1 2629 2896 2235 2917
11721 4 2 7 1 2003 2304 2503 2708
11722 4 2 7 1 418 575 439 2437
11723 4 2 7 1 154 673 959 2884
11724 4 2 7 1 2414 2535 2119 2797
11725 4 2 7 1 2012 2432 2417 2507
11726 4 2 7 1 1767 1920 1562 2362
11727 4 2 7 1 2134 2569 2440 2772
11728 4 2 7 1 964 2205 993 2749
11729 4 2 7 1 826 2237 838 2877
11730 4 2 7 1 1534 1491 1531 2262
11731 4 2 7 1 1397 1271 1462 2540
11732 4 2 7 1 1235 1236 2303 3043
11733 4 2 7 1 2175 2539 2008 2580
11734 4 2 7 1 2233 2346 2073 2707
11735 4 2 7 1 444 297 637 2827
11736 4 2 7 1 2044 2155 2594 2949
11737 4 2 7 1 1521 1541 1491 2682
11738 4 2 7 1 1776 1779 1775 2713
11739 4 2 7 1 1623 1625 2885 3041
11740 4 2 7 1 586 543 342 2467
11741 4 2 7 1 1911 2208 1560 2925
11742 4 2 7 1 1667 1879 2522 2730
11743 4 2 7 1 2009 2215 2814 2858
11744 4 2 7 1 2060 2976 2546 3046
11745 4 2 7 1 2044 2594 2155 2680
11746 4 2 7 1 1379 2631 2129 3038
11747 4 2 7 1 1367 1476 1121 2245
11748 4 2 7 1 473 333 564 2385
11749 4 2 7 1 2351 2692 1053 2830
11750 4 2 7 1 462 388 2369 2662
11751 4 2 7 1 2296 2404 2020 2614
11752 4 2 7 1 532 590 409 2431
11753 4 2 7 1 1962 2535 2414 2797
11754 4 2 7 1 2191 2433 2043 3025
11755 4 2 7 1 1124 1370 204 1565
11756 4 2 7 1 2141 1642 2839 2895
11757 4 2 7 1 563 629 2549 2823
11758 4 2 7 1 898 2829 2151 3009
11759 4 2 7 1 868 2252 865 2532
11760 4 2 7 1 343 2315 412 2926
11761 4 2 7 1 1274 2243 1239 2690
11762 4 2 7 1 2344 2371 2007 2869
11763 4 2 7 1 1241 1408 1294 2357
11764 4 2 7 1 1342 1129 280 2502
11765 4 2 7 1 923 796 2484 2605
11766 4 2 7 1 319 401 2359 2517
11767 4 2 7 1 2638 2687 2124 2843
11768 4 2 7 1 2154 2803 2026 3010
11769 4 2 7 1 1324 1246 1434 2579
11770 4 2 7 1 1171 1271 1169 2403
11771 4 2 7 1 2068 2802 2784 3035
11772 4 2 7 1 585 538 408 2571
11773 4 2 7 1 945 150 1575 675
11774 4 2 7 1 1654 1656 1655 2636
11775 4 2 7 1 1286 1303 2194 2786
11776 4 2 7 1 1919 1853 1766 2422
11777 4 2 7 1 2149 1941 2629 2897
11778 4 2 7 1 1866 1814 1813 2387
11779 4 2 7 1 2259 2243 2891 2932
11780 4 2 7 1 563 2549 337 2823
11781 4 2 7 1 1060 2351 1053 2830
11782 4 2 7 1 2145 2777 2209 2811
11783 4 2 7 1 2037 2763 2416 2805
11784 4 2 7 1 2061 2609 2488 2869
11785 4 2 7 1 2011 2898 2268 3016
11786 4 2 7 1 2011 2167 2770 3016
11787 4 2 7 1 2268 2898 2300 3016
11788 4 2 7 1 289 654 520 2527
11789 4 2 7 1 425 309 2356 2774
11790 4 2 7 1 876 822 680 2945
11791 4 2 7 1 1703 2245 2616 2826
11792 4 2 7 1 2090 2577 2520 2618
11793 4 2 7 1 1553 1791 660 2697
11794 4 2 7 1 2003 2478 2304 2708
11795 4 2 7 1 892 963 896 2387
11796 4 2 7 1 2003 2503 2304 2728
11797 4 2 7 1 329 328 327 2227
11798 4 2 7 1 1910 1745 1733 2993
11799 4 2 7 1 890 803 744 2496
11800 4 2 7 1 1985 2314 2262 2824
11801 4 2 7 1 1408 2168 1109 2663
11802 4 2 7 1 2027 2742 2411 2969
11803 4 2 7 1 1939 2248 2604 2994
11804 4 2 7 1 2411 2575 2027 2969
11805 4 2 7 1 869 2709 2132 2864
11806 4 2 7 1 513 2413 597 2888
11807 4 2 7 1 685 2237 838 2564
11808 4 2 7 1 331 2863 2722 2889
11809 4 2 7 1 2225 2629 2002 2917
11810 4 2 7 1 1135 2595 1429 2962
11811 4 2 7 1 341 339 476 2549
11812 4 2 7 1 2530 2727 2288 2951
11813 4 2 7 1 2229 2437 1975 2717
11814 4 2 7 1 2234 2713 2017 2721
11815 4 2 7 1 1995 2298 2710 2899
11816 4 2 7 1 972 2755 717 3029
11817 4 2 7 1 2020 2343 2373 2883
11818 4 2 7 1 2130 2678 1979 3049
11819 4 2 7 1 621 2585 2218 2979
11820 4 2 7 1 1948 2253 2653 2899
11821 4 2 7 1 492 2687 2192 2953
11822 4 2 7 1 1861 2534 1717 2678
11823 4 2 7 1 1964 2492 2218 2790
11824 4 2 7 1 344 343 2871 2914
11825 4 2 7 1 500 2837 2156 3005
11826 4 2 7 1 1667 1879 1665 2522
11827 4 2 7 1 2000 2133 2876 2891
11828 4 2 7 1 883 882 885 2234
11829 4 2 7 1 1667 1665 1666 2522
11830 4 2 7 1 959 968 942 2689
11831 4 2 7 1 1286 2194 2578 2786
11832 4 2 7 1 2302 2955 2086 3023
11833 4 2 7 1 2074 2474 2371 2958
11834 4 2 7 1 1613 2506 1615 2984
11835 4 2 7 1 425 309 424 2356
11836 4 2 7 1 1294 1279 1412 2357
11837 4 2 7 1 547 38 679 285
11838 4 2 7 1 1804 1879 1570 2934
11839 4 2 7 1 881 747 749 2927
11840 4 2 7 1 1362 1801 1887 2550
11841 4 2 7 1 2013 2453 2337 2905
11842 4 2 7 1 1411 2543 1444 2977
11843 4 2 7 1 2003 2171 2478 2708
11844 4 2 7 1 876 2309 2945 3005
11845 4 2 7 1 409 328 2301 2946
11846 4 2 7 1 2104 2711 2485 2880
11847 4 2 7 1 339 338 337 2850
11848 4 2 7 1 2638 2843 2124 2883
11849 4 2 7 1 973 962 931 2429
11850 4 2 7 1 2132 2868 2525 2901
11851 4 2 7 1 746 2626 2296 2927
11852 4 2 7 1 453 2876 2133 3003
11853 4 2 7 1 982 1488 2447 2968
11854 4 2 7 1 2148 2518 2445 2624
11855 4 2 7 1 1679 1660 1864 2525
11856 4 2 7 1 677 1817 160 3009
11857 4 2 7 1 1652 2331 1654 2978
11858 4 2 7 1 400 352 2313 2992
11859 4 2 7 1 1120 1304 109 446
11860 4 2 7 1 632 1111 1402 2637
11861 4 2 7 1 944 2280 973 2815
11862 4 2 7 1 479 562 633 2322
11863 4 2 7 1 321 320 319 2775
11864 4 2 7 1 1674 1673 2226 2819
11865 4 2 7 1 1045 1076 1068 2564
11866 4 2 7 1 2017 2721 2713 3019
11867 4 2 7 1 782 2311 807 2644
11868 4 2 7 1 507 506 381 2191
11869 4 2 7 1 1126 2208 1403 2925
11870 4 2 7 1 1986 2589 2367 2706
11871 4 2 7 1 2129 2667 1247 2716
11872 4 2 7 1 990 827 2236 2784
11873 4 2 7 1 350 584 2783 2992
11874 4 2 7 1 1193 1195 1256 2393
11875 4 2 7 1 1781 2680 2370 3019
11876 4 2 7 1 1076 2564 2862 2957
11877 4 2 7 1 543 340 342 2914
11878 4 2 7 1 394 569 391 2408
11879 4 2 7 1 1059 1065 1049 2692
11880 4 2 7 1 1965 2499 2281 2772
11881 4 2 7 1 297 443 599 2345
11882 4 2 7 1 1597 1601 1753 2833
11883 4 2 7 1 2014 2601 2193 2947
11884 4 2 7 1 2052 2612 2196 2636
11885 4 2 7 1 2445 2518 2085 2624
11886 4 2 7 1 2053 2258 2665 2943
11887 4 2 7 1 1982 2684 2260 2716
11888 4 2 7 1 1117 1035 1435 250
11889 4 2 7 1 1945 2270 2341 2766
11890 4 2 7 1 2335 2387 2009 2814
11891 4 2 7 1 1098 2237 2564 2957
11892 4 2 7 1 152 1886 1576 942
11893 4 2 7 1 1998 2439 2220 2521
11894 4 2 7 1 2099 2747 2487 2903
11895 4 2 7 1 450 2369 2651 2666
11896 4 2 7 1 1321 1319 2492 2979
11897 4 2 7 1 791 733 928 2582
11898 4 2 7 1 2046 2562 2222 2748
11899 4 2 7 1 2171 2478 2654 2850
11900 4 2 7 1 2141 2839 2458 2895
11901 4 2 7 1 1358 95 292 1135
11902 4 2 7 1 2281 2108 2499 2625
11903 4 2 7 1 1885 2576 1867 2839
11904 4 2 7 1 390 2474 598 2717
11905 4 2 7 1 2047 2401 2265 2856
11906 4 2 7 1 1211 1213 2268 2818
11907 4 2 7 1 1428 1405 1172 2520
11908 4 2 7 1 840 1031 1750 2555
11909 4 2 7 1 1747 1728 1730 2290
11910 4 2 7 1 1849 857 1552 2391
11911 4 2 7 1 2171 2654 2478 2708
11912 4 2 7 1 817 833 778 2694
11913 4 2 7 1 2089 2337 2453 2905
11914 4 2 7 1 327 326 2798 2946
11915 4 2 7 1 1591 168 687 1589
11916 4 2 7 1 701 856 2442 2875
11917 4 2 7 1 2003 2503 2467 2708
11918 4 2 7 1 1862 2594 1722 2834
11919 4 2 7 1 1861 1868 1753 2678
11920 4 2 7 1 327 2798 2227 2946
11921 4 2 7 1 2346 2644 2146 2909
11922 4 2 7 1 1592 1872 1591 2211
11923 4 2 7 1 1028 759 761 2518
11924 4 2 7 1 2026 2154 2715 3049
11925 4 2 7 1 1152 2284 1148 2977
11926 4 2 7 1 1223 1376 1221 2569
11927 4 2 7 1 1388 2645 2306 2684
11928 4 2 7 1 2308 2501 2142 2955
11929 4 2 7 1 2218 2585 2798 2872
11930 4 2 7 1 1937 2481 2363 2956
11931 4 2 7 1 853 661 1556 2255
11932 4 2 7 1 1292 2401 1285 2495
11933 4 2 7 1 692 2748 2562 2855
11934 4 2 7 1 633 2637 2322 2926
11935 4 2 7 1 738 1026 801 2444
11936 4 2 7 1 1850 1553 2697 2731
11937 4 2 7 1 417 382 379 2278
11938 4 2 7 1 1999 2909 2546 2996
11939 4 2 7 1 1763 1764 1916 2163
11940 4 2 7 1 2057 2726 2150 2831
11941 4 2 7 1 507 2191 381 2970
11942 4 2 7 1 328 2227 329 2863
11943 4 2 7 1 1634 2928 2469 3017
11944 4 2 7 1 2557 2967 2352 3037
11945 4 2 7 1 444 431 297 2827
11946 4 2 7 1 2265 2786 1264 2911
11947 4 2 7 1 855 854 814 2346
11948 4 2 7 1 2070 3001 2284 3045
11949 4 2 7 1 2050 2307 2750 2887
11950 4 2 7 1 1955 2170 2482 2866
11951 4 2 7 1 1469 2465 1189 3008
11952 4 2 7 1 2309 2445 1994 3025
11953 4 2 7 1 2109 2597 2398 2758
11954 4 2 7 1 958 1553 660 2697
11955 4 2 7 1 2145 2608 2066 2811
11956 4 2 7 1 1718 1746 2346 2801
11957 4 2 7 1 2154 2803 1963 2844
11958 4 2 7 1 344 342 343 2914
11959 4 2 7 1 1966 2480 2741 2880
11960 4 2 7 1 1343 2323 1114 2888
11961 4 2 7 1 2016 2470 2312 2984
11962 4 2 7 1 517 1347 275 2574
11963 4 2 7 1 1602 1603 1601 2833
11964 4 2 7 1 977 875 946 2731
11965 4 2 7 1 379 2278 380 2745
11966 4 2 7 1 827 992 810 2784
11967 4 2 7 1 1674 2226 2915 2931
11968 4 2 7 1 1873 2206 1670 2698
11969 4 2 7 1 2304 2478 2059 2654
11970 4 2 7 1 1024 880 993 2611
11971 4 2 7 1 2001 2248 2604 2656
11972 4 2 7 1 2262 1531 2688 2824
11973 4 2 7 1 484 589 2502 2590
11974 4 2 7 1 2451 2999 2246 3039
11975 4 2 7 1 1267 2543 2764 2950
11976 4 2 7 1 943 652 2689 2815
11977 4 2 7 1 1594 1596 1598 2530
11978 4 2 7 1 494 493 487 2611
11979 4 2 7 1 732 730 1020 2630
11980 4 2 7 1 511 2413 415 2861
11981 4 2 7 1 1343 1340 2323 3042
11982 4 2 7 1 330 2863 331 2889
11983 4 2 7 1 2203 2937 2642 3001
11984 4 2 7 1 1800 1705 1801 2190
11985 4 2 7 1 310 305 307 2269
11986 4 2 7 1 536 409 328 2301
11987 4 2 7 1 481 482 634 2725
11988 4 2 7 1 443 2659 2345 2859
11989 4 2 7 1 1810 2387 893 2858
11990 4 2 7 1 1187 1189 1469 2465
11991 4 2 7 1 2001 2604 2248 2994
11992 4 2 7 1 925 2787 924 3031
11993 4 2 7 1 1826 1824 1825 2831
11994 4 2 7 1 767 2291 2661 3021
11995 4 2 7 1 1490 1524 989 2780
11996 4 2 7 1 544 2654 2304 2799
11997 4 2 7 1 1232 1230 1231 2528
11998 4 2 7 1 1248 1404 2684 2773
11999 4 2 7 1 2058 2184 2435 2938
12000 4 2 7 1 1629 1628 1630 2881
12001 4 2 7 1 687 688 168 1591
12002 4 2 7 1 1981 2505 2640 2733
12003 4 2 7 1 1641 2826 2458 2895
12004 4 2 7 1 347 346 345 2922
12005 4 2 7 1 2274 2661 858 2752
12006 4 2 7 1 2086 2823 2549 3023
12007 4 2 7 1 2007 2200 2952 3040
12008 4 2 7 1 1768 1563 1922 2523
12009 4 2 7 1 2221 2751 2033 2818
12010 4 2 7 1 2115 2696 2202 2844
12011 4 2 7 1 1692 2680 1781 3019
12012 4 2 7 1 2203 2642 2821 3001
12013 4 2 7 1 944 798 973 2556
12014 4 2 7 1 2269 3028 2846 3035
12015 4 2 7 1 1371 1372 2615 2809
12016 4 2 7 1 1647 1649 1862 2834
12017 4 2 7 1 489 2614 2404 2776
12018 4 2 7 1 556 426 623 2663
12019 4 2 7 1 974 948 648 2691
12020 4 2 7 1 301 2236 683 2961
12021 4 2 7 1 1998 2521 2465 3008
12022 4 2 7 1 2433 2896 2629 2917
12023 4 2 7 1 1282 1118 1297 2364
12024 4 2 7 1 1444 2543 2950 2977
12025 4 2 7 1 646 499 877 2837
12026 4 2 7 1 1968 2291 2507 2538
12027 4 2 7 1 729 730 731 2908
12028 4 2 7 1 1280 1221 1376 2569
12029 4 2 7 1 2338 2480 1966 2880
12030 4 2 7 1 2247 2008 2580 2964
12031 4 2 7 1 283 549 550 2210
12032 4 2 7 1 2172 2616 1987 2982
12033 4 2 7 1 633 2322 562 2926
12034 4 2 7 1 1401 1201 1203 2424
12035 4 2 7 1 930 731 791 2930
12036 4 2 7 1 418 2250 398 2810
12037 4 2 7 1 1582 1799 1116 2554
12038 4 2 7 1 1647 1646 1648 2680
12039 4 2 7 1 412 343 341 2315
12040 4 2 7 1 510 2388 511 2861
12041 4 2 7 1 1947 2529 2478 2966
12042 4 2 7 1 687 979 969 2753
12043 4 2 7 1 1060 1061 2409 2830
12044 4 2 7 1 765 874 763 2853
12045 4 2 7 1 2066 2639 2458 2703
12046 4 2 7 1 965 696 810 2566
12047 4 2 7 1 1057 1075 1084 2621
12048 4 2 7 1 1244 1410 1289 2778
12049 4 2 7 1 1718 1732 1746 2801
12050 4 2 7 1 1314 1109 1312 2168
12051 4 2 7 1 2035 2491 2326 2672
12052 4 2 7 1 1719 1732 2707 2801
12053 4 2 7 1 2095 2795 2607 2992
12054 4 2 7 1 2010 2165 2655 2963
12055 4 2 7 1 2202 1938 2696 2739
12056 4 2 7 1 937 799 1021 2210
12057 4 2 7 1 964 888 993 2205
12058 4 2 7 1 819 833 672 2181
12059 4 2 7 1 2012 2507 2291 2538
12060 4 2 7 1 1146 2821 2642 3045
12061 4 2 7 1 1885 1843 2787 2811
12062 4 2 7 1 2404 2614 2296 2776
12063 4 2 7 1 1387 1131 1388 2306
12064 4 2 7 1 811 812 821 2840
12065 4 2 7 1 1941 2629 2433 2896
12066 4 2 7 1 2156 2545 2085 2945
12067 4 2 7 1 34 283 552 664
12068 4 2 7 1 660 134 1791 1553
12069 4 2 7 1 2189 2968 2447 2996
12070 4 2 7 1 1313 2165 1314 2944
12071 4 2 7 1 788 935 934 2610
12072 4 2 7 1 1148 1152 1299 2284
12073 4 2 7 1 345 2322 479 2922
12074 4 2 7 1 976 460 828 2666
12075 4 2 7 1 1842 2787 1840 3031
12076 4 2 7 1 1210 1208 2667 2921
12077 4 2 7 1 1211 1212 1213 2818
12078 4 2 7 1 536 2301 328 2863
12079 4 2 7 1 1235 1233 1236 3043
12080 4 2 7 1 667 144 933 1572
12081 4 2 7 1 448 441 644 3047
12082 4 2 7 1 2100 2862 2564 2957
12083 4 2 7 1 1321 2492 1320 2790
12084 4 2 7 1 486 489 2404 2776
12085 4 2 7 1 817 661 2255 2801
12086 4 2 7 1 768 2274 770 3021
12087 4 2 7 1 2090 2540 2253 2765
12088 4 2 7 1 459 290 995 2426
12089 4 2 7 1 1638 1640 1639 2458
12090 4 2 7 1 410 335 2383 2906
12091 4 2 7 1 1517 2345 2622 2827
12092 4 2 7 1 827 809 987 2236
12093 4 2 7 1 634 349 2231 3048
12094 4 2 7 1 1495 1550 1533 2792
12095 4 2 7 1 2129 2823 2306 3038
12096 4 2 7 1 2062 2561 2251 2733
12097 4 2 7 1 1121 1476 1385 2523
12098 4 2 7 1 104 1334 1112 469
12099 4 2 7 1 2465 2615 2187 3008
12100 4 2 7 1 2261 2378 2024 3018
12101 4 2 7 1 577 352 354 2313
12102 4 2 7 1 1940 2300 2489 2991
12103 4 2 7 1 1989 2821 2284 3001
12104 4 2 7 1 2139 2641 2399 2983
12105 4 2 7 1 1368 1369 1256 2767
12106 4 2 7 1 1234 1419 1292 2620
12107 4 2 7 1 2154 2833 2534 2844
12108 4 2 7 1 297 443 2345 2827
12109 4 2 7 1 2279 2756 900 2829
12110 4 2 7 1 378 2745 380 2970
12111 4 2 7 1 1937 2363 2676 2956
12112 4 2 7 1 1382 1384 2388 2962
12113 4 2 7 1 1873 1670 1668 2698
12114 4 2 7 1 307 311 310 2851
12115 4 2 7 1 888 993 2205 2776
12116 4 2 7 1 686 609 2792 2879
12117 4 2 7 1 106 1341 1137 515
12118 4 2 7 1 651 1838 147 932
12119 4 2 7 1 1799 1116 2554 2628
12120 4 2 7 1 134 660 958 1553
12121 4 2 7 1 1168 1169 1167 2936
12122 4 2 7 1 1529 1509 1541 2314
12123 4 2 7 1 328 327 2227 2946
12124 4 2 7 1 692 690 2748 2855
12125 4 2 7 1 1938 2336 2282 2835
12126 4 2 7 1 1008 793 915 2293
12127 4 2 7 1 2534 2833 2115 2844
12128 4 2 7 1 1971 2408 2873 2902
12129 4 2 7 1 2489 2542 2144 2898
12130 4 2 7 1 2489 2898 2011 2991
12131 4 2 7 1 105 1112 1341 281
12132 4 2 7 1 2335 2806 2147 2875
12133 4 2 7 1 2442 2493 2054 2734
12134 4 2 7 1 2441 2548 2111 3030
12135 4 2 7 1 962 930 2429 2908
12136 4 2 7 1 2139 2741 2480 2880
12137 4 2 7 1 641 832 644 3047
12138 4 2 7 1 1214 1212 1431 2818
12139 4 2 7 1 1615 1613 1614 2506
12140 4 2 7 1 1953 2695 2394 2963
12141 4 2 7 1 2228 2758 2109 2817
12142 4 2 7 1 1938 2382 2336 2835
12143 4 2 7 1 2144 2885 2587 2898
12144 4 2 7 1 965 2277 856 2808
12145 4 2 7 1 847 2870 671 2879
12146 4 2 7 1 2131 2737 2203 2865
12147 4 2 7 1 1998 2220 2439 2890
12148 4 2 7 1 2291 2536 2012 2701
12149 4 2 7 1 1009 537 1011 2986
12150 4 2 7 1 2011 2587 2885 2898
12151 4 2 7 1 1985 2857 2339 2878
12152 4 2 7 1 1406 1255 1178 2436
12153 4 2 7 1 1153 2372 1266 2977
12154 4 2 7 1 876 947 2309 3005
12155 4 2 7 1 278 2388 433 2962
12156 4 2 7 1 1427 1557 1900 2495
12157 4 2 7 1 2073 2694 2255 2801
12158 4 2 7 1 897 677 160 3009
12159 4 2 7 1 1975 2717 2200 2952
12160 4 2 7 1 640 601 482 3048
12161 4 2 7 1 2067 2302 2686 3023
12162 4 2 7 1 1327 1917 1918 2973
12163 4 2 7 1 1047 2261 1081 2957
12164 4 2 7 1 1552 1797 2391 2847
12165 4 2 7 1 1304 110 446 294
12166 4 2 7 1 1035 1094 1095 3032
12167 4 2 7 1 1132 2193 1294 2663
12168 4 2 7 1 1431 1246 1324 2579
12169 4 2 7 1 2292 2125 2653 2842
12170 4 2 7 1 2313 2969 2953 2992
12171 4 2 7 1 2062 2640 2505 2733
12172 4 2 7 1 452 592 604 2743
12173 4 2 7 1 1865 1682 1683 2581
12174 4 2 7 1 921 596 39 2799
12175 4 2 7 1 2335 2009 2407 2814
12176 4 2 7 1 2218 2790 2492 2979
12177 4 2 7 1 2023 2246 2774 2851
12178 4 2 7 1 829 2173 650 3047
12179 4 2 7 1 2219 2611 2040 3012
12180 4 2 7 1 1360 2299 1424 2741
12181 4 2 7 1 1214 1431 2751 2818
12182 4 2 7 1 845 1533 2780 2792
12183 4 2 7 1 497 264 496 2219
12184 4 2 7 1 1199 1201 2399 2983
12185 4 2 7 1 1150 1152 1148 2977
12186 4 2 7 1 2074 2873 2408 2902
12187 4 2 7 1 1739 2600 2181 2995
12188 4 2 7 1 819 776 833 2471
12189 4 2 7 1 480 635 481 2299
12190 4 2 7 1 1115 1470 1369 3000
12191 4 2 7 1 1052 2351 1060 3032
12192 4 2 7 1 1296 2516 1283 2852
12193 4 2 7 1 517 518 414 2224
12194 4 2 7 1 410 337 335 2906
12195 4 2 7 1 339 340 338 2850
12196 4 2 7 1 339 337 563 2549
12197 4 2 7 1 442 397 428 2258
12198 4 2 7 1 1248 1404 1389 2684
12199 4 2 7 1 2124 2843 2687 2883
12200 4 2 7 1 2183 2667 2579 2854
12201 4 2 7 1 659 2503 539 2757
12202 4 2 7 1 2481 2570 1971 2943
12203 4 2 7 1 205 1798 1373 2809
12204 4 2 7 1 765 2536 874 2853
12205 4 2 7 1 1278 1237 2303 2690
12206 4 2 7 1 1172 2520 1174 2765
12207 4 2 7 1 1619 1621 1697 2519
12208 4 2 7 1 1274 1276 1265 2243
12209 4 2 7 1 2321 2138 2706 2928
12210 4 2 7 1 2409 2830 2351 3032
12211 4 2 7 1 310 305 2269 3035
12212 4 2 7 1 1279 1132 1293 2193
12213 4 2 7 1 1343 2323 2888 3042
12214 4 2 7 1 2036 2582 2186 2930
12215 4 2 7 1 1376 1262 1377 2134
12216 4 2 7 1 1648 1646 1781 2680
12217 4 2 7 1 841 954 820 2483
12218 4 2 7 1 511 278 97 1383
12219 4 2 7 1 1790 1679 1864 2525
12220 4 2 7 1 2044 2479 2187 2834
12221 4 2 7 1 453 3003 2133 3013
12222 4 2 7 1 1883 1752 2847 2919
12223 4 2 7 1 2063 2497 2655 2766
12224 4 2 7 1 977 2697 2305 2731
12225 4 2 7 1 540 542 539 2757
12226 4 2 7 1 343 341 2315 2914
12227 4 2 7 1 1758 1759 1707 2916
12228 4 2 7 1 1820 1880 1614 2603
12229 4 2 7 1 945 944 973 2815
12230 4 2 7 1 2054 2806 2335 2875
12231 4 2 7 1 839 969 837 2699
12232 4 2 7 1 1398 217 1571 1128
12233 4 2 7 1 2311 2037 2763 2956
12234 4 2 7 1 1995 2298 2541 2710
12235 4 2 7 1 1195 2393 1194 2924
12236 4 2 7 1 1787 1864 1788 2720
12237 4 2 7 1 1388 1387 2306 2645
12238 4 2 7 1 2188 2532 2029 2719
12239 4 2 7 1 412 341 476 2315
12240 4 2 7 1 2084 2359 2695 2775
12241 4 2 7 1 629 2823 475 3038
12242 4 2 7 1 1127 2523 1477 2941
12243 4 2 7 1 513 597 279 2888
12244 4 2 7 1 1985 2314 2824 2878
12245 4 2 7 1 1868 1861 1715 2715
12246 4 2 7 1 1433 1912 1329 2320
12247 4 2 7 1 1780 2195 2713 3019
12248 4 2 7 1 2223 2967 2557 3037
12249 4 2 7 1 727 728 729 2908
12250 4 2 7 1 1872 2753 2211 2951
12251 4 2 7 1 1815 160 1817 3009
12252 4 2 7 1 1180 2436 1255 2998
12253 4 2 7 1 410 2383 474 2631
12254 4 2 7 1 2038 2283 2730 2779
12255 4 2 7 1 856 2277 960 2965
12256 4 2 7 1 788 737 739 2610
12257 4 2 7 1 1971 2400 2328 2902
12258 4 2 7 1 823 2309 948 2657
12259 4 2 7 1 1830 2920 1829 2935
12260 4 2 7 1 1871 2262 2613 2682
12261 4 2 7 1 1925 1770 1771 2245
12262 4 2 7 1 1371 3000 2187 3008
12263 4 2 7 1 2256 2470 1280 2925
12264 4 2 7 1 1200 1245 1404 2480
12265 4 2 7 1 2262 2688 2516 2824
12266 4 2 7 1 2200 2717 2474 2952
12267 4 2 7 1 2458 2703 2639 2982
12268 4 2 7 1 543 540 541 2708
12269 4 2 7 1 2520 2618 2577 3042
12270 4 2 7 1 2007 2200 2474 2952
12271 4 2 7 1 2098 2913 2583 2923
12272 4 2 7 1 1711 2233 1718 2993
12273 4 2 7 1 1565 1798 205 2809
12274 4 2 7 1 1945 2434 2340 2598
12275 4 2 7 1 322 530 411 2504
12276 4 2 7 1 2228 2017 2758 2817
12277 4 2 7 1 809 827 810 2566
12278 4 2 7 1 1952 2568 2762 2791
12279 4 2 7 1 505 381 506 2191
12280 4 2 7 1 1072 1071 2743 2960
12281 4 2 7 1 2039 2581 2266 2738
12282 4 2 7 1 1272 1173 1175 2765
12283 4 2 7 1 1321 2790 1322 2979
12284 4 2 7 1 1950 2685 2164 2770
12285 4 2 7 1 296 1140 605 2466
12286 4 2 7 1 822 2545 878 2837
12287 4 2 7 1 2138 2582 2321 2706
12288 4 2 7 1 410 2383 2631 2823
12289 4 2 7 1 857 1849 676 2391
12290 4 2 7 1 856 812 701 2442
12291 4 2 7 1 795 861 862 2660
12292 4 2 7 1 491 404 356 2687
12293 4 2 7 1 1280 1219 1221 2256
12294 4 2 7 1 1099 1288 1446 2764
12295 4 2 7 1 1807 1808 2809 3000
12296 4 2 7 1 2315 2081 2645 2926
12297 4 2 7 1 686 295 609 2879
12298 4 2 7 1 1788 1656 2636 2720
12299 4 2 7 1 930 931 962 2429
12300 4 2 7 1 2254 2685 1969 2782
12301 4 2 7 1 283 34 936 664
12302 4 2 7 1 2270 2077 2598 2800
12303 4 2 7 1 1142 1291 1475 3013
12304 4 2 7 1 438 457 440 2642
12305 4 2 7 1 348 584 2327 2783
12306 4 2 7 1 1692 1648 1781 2680
12307 4 2 7 1 1847 1559 186 1377
12308 4 2 7 1 406 541 2654 2708
12309 4 2 7 1 1044 1043 2239 2760
12310 4 2 7 1 2026 2803 2154 3049
12311 4 2 7 1 500 389 502 2997
12312 4 2 7 1 672 853 1934 2995
12313 4 2 7 1 1761 1560 1911 2208
12314 4 2 7 1 1955 2160 2869 2923
12315 4 2 7 1 2221 2492 1964 2790
12316 4 2 7 1 2006 2452 2298 2670
12317 4 2 7 1 1944 2353 2704 2750
12318 4 2 7 1 1426 1117 1445 2409
12319 4 2 7 1 770 768 858 2274
12320 4 2 7 1 579 399 494 2491
12321 4 2 7 1 679 2304 920 2799
12322 4 2 7 1 1898 1566 1521 2682
12323 4 2 7 1 828 806 976 2666
12324 4 2 7 1 1480 1400 1101 2973
12325 4 2 7 1 1434 2631 2272 2854
12326 4 2 7 1 1156 1244 1267 2390
12327 4 2 7 1 411 526 567 2415
12328 4 2 7 1 1693 2469 1634 2928
12329 4 2 7 1 328 2863 2301 2946
12330 4 2 7 1 1834 1836 1886 2815
12331 4 2 7 1 1217 1218 1219 2547
12332 4 2 7 1 1488 1519 237 982
12333 4 2 7 1 803 746 744 2626
12334 4 2 7 1 2228 2758 1984 2816
12335 4 2 7 1 2028 2372 2677 2950
12336 4 2 7 1 952 798 944 2556
12337 4 2 7 1 1592 1872 2211 2951
12338 4 2 7 1 877 878 646 2837
12339 4 2 7 1 540 539 2503 2757
12340 4 2 7 1 2225 2025 2433 2917
12341 4 2 7 1 828 806 2666 3006
12342 4 2 7 1 1357 1186 1249 2395
12343 4 2 7 1 935 788 739 2610
12344 4 2 7 1 965 960 856 2277
12345 4 2 7 1 2533 2868 2132 2901
12346 4 2 7 1 1248 2684 2260 2773
12347 4 2 7 1 981 777 835 2328
12348 4 2 7 1 1270 1455 2332 2729
12349 4 2 7 1 2569 2804 2063 2893
12350 4 2 7 1 1944 2817 2228 2882
12351 4 2 7 1 319 617 321 2359
12352 4 2 7 1 2028 2677 2543 2950
12353 4 2 7 1 1098 1071 2237 2957
12354 4 2 7 1 1265 2856 2243 3015
12355 4 2 7 1 1307 2620 2247 2964
12356 4 2 7 1 2236 2784 2068 2802
12357 4 2 7 1 2225 2002 2590 2917
12358 4 2 7 1 1243 2751 1321 2790
12359 4 2 7 1 329 2585 470 2722
12360 4 2 7 1 573 408 334 2571
12361 4 2 7 1 2003 2162 2728 2966
12362 4 2 7 1 1985 2262 2516 2824
12363 4 2 7 1 333 331 2385 2889
12364 4 2 7 1 348 346 347 2922
12365 4 2 7 1 2183 2355 2921 2942
12366 4 2 7 1 588 330 2863 3027
12367 4 2 7 1 923 2317 658 2605
12368 4 2 7 1 1591 2211 1872 2753
12369 4 2 7 1 456 428 631 2879
12370 4 2 7 1 1964 2218 2585 2790
12371 4 2 7 1 1152 1153 1266 2977
12372 4 2 7 1 2011 2300 2898 3016
12373 4 2 7 1 1460 1138 2396 3022
12374 4 2 7 1 2189 2622 2122 2780
12375 4 2 7 1 596 547 39 2799
12376 4 2 7 1 1941 2432 2714 2981
12377 4 2 7 1 646 878 879 2219
12378 4 2 7 1 2272 2631 2383 2854
12379 4 2 7 1 207 1116 1374 1582
12380 4 2 7 1 1427 1287 1557 2495
12381 4 2 7 1 1844 933 144 1572
12382 4 2 7 1 2010 2648 2165 2963
12383 4 2 7 1 389 2565 504 2997
12384 4 2 7 1 458 2769 1522 2865
12385 4 2 7 1 1595 2530 2365 3010
12386 4 2 7 1 1285 1292 1419 2401
12387 4 2 7 1 2432 2779 2714 2981
12388 4 2 7 1 135 1791 1789 2864
12389 4 2 7 1 1870 1600 1595 2365
12390 4 2 7 1 975 900 709 2756
12391 4 2 7 1 631 428 2859 2879
12392 4 2 7 1 923 1014 796 2605
12393 4 2 7 1 2654 2708 2171 2850
12394 4 2 7 1 2191 2043 2657 3025
12395 4 2 7 1 1692 2721 2680 3019
12396 4 2 7 1 1467 1456 1254 2554
12397 4 2 7 1 807 782 783 2311
12398 4 2 7 1 691 2562 692 2748
12399 4 2 7 1 1280 2470 1103 2925
12400 4 2 7 1 2327 2969 2027 2992
12401 4 2 7 1 278 510 433 2388
12402 4 2 7 1 830 819 672 2181
12403 4 2 7 1 605 1140 1301 2466
12404 4 2 7 1 844 2122 845 2780
12405 4 2 7 1 1921 1734 1721 2849
12406 4 2 7 1 268 1109 555 2663
12407 4 2 7 1 266 2174 442 2870
12408 4 2 7 1 1481 1225 1227 2406
12409 4 2 7 1 1429 1356 1417 2494
12410 4 2 7 1 424 2356 422 2876
12411 4 2 7 1 2237 2743 1071 2960
12412 4 2 7 1 2321 2582 1986 2706
12413 4 2 7 1 2053 2481 2805 2943
12414 4 2 7 1 2313 2027 2575 2969
12415 4 2 7 1 1063 1062 2425 2830
12416 4 2 7 1 696 809 810 2566
12417 4 2 7 1 1861 1735 1897 2678
12418 4 2 7 1 1317 1242 1319 2492
12419 4 2 7 1 1684 1859 1720 2600
12420 4 2 7 1 2292 2653 2490 2842
12421 4 2 7 1 681 1775 1581 2713
12422 4 2 7 1 1598 2288 1744 2951
12423 4 2 7 1 1942 2670 2452 2974
12424 4 2 7 1 864 2532 787 2709
12425 4 2 7 1 2137 2660 2078 2771
12426 4 2 7 1 891 939 985 2607
12427 4 2 7 1 2280 2429 1981 2556
12428 4 2 7 1 1763 1764 2163 2807
12429 4 2 7 1 349 2783 2231 3048
12430 4 2 7 1 1865 2581 1737 2867
12431 4 2 7 1 2025 2745 2278 2917
12432 4 2 7 1 879 2219 878 3012
12433 4 2 7 1 2321 2706 2469 2928
12434 4 2 7 1 2107 2845 2368 3048
12435 4 2 7 1 1555 649 139 1783
12436 4 2 7 1 117 1486 599 276
12437 4 2 7 1 1105 1383 1382 2388
12438 4 2 7 1 2244 2609 2007 2952
12439 4 2 7 1 2027 2783 2327 2992
12440 4 2 7 1 1793 1795 2533 2731
12441 4 2 7 1 356 2638 358 2843
12442 4 2 7 1 388 568 450 2651
12443 4 2 7 1 623 612 268 2663
12444 4 2 7 1 1363 2550 2430 2820
12445 4 2 7 1 2172 2458 2826 2982
12446 4 2 7 1 595 2607 553 2992
12447 4 2 7 1 2005 2527 2197 2664
12448 4 2 7 1 1356 2494 1182 2998
12449 4 2 7 1 1451 1398 1399 2551
12450 4 2 7 1 1194 2907 1250 2924
12451 4 2 7 1 1298 1443 1141 2688
12452 4 2 7 1 1002 1589 1906 2753
12453 4 2 7 1 1941 2896 2170 2981
12454 4 2 7 1 1511 1548 1549 2968
12455 4 2 7 1 2221 2671 2033 2751
12456 4 2 7 1 548 542 549 2757
12457 4 2 7 1 2194 1993 2409 2830
12458 4 2 7 1 2228 2704 2353 2949
12459 4 2 7 1 1149 1150 1148 2646
12460 4 2 7 1 596 2605 546 2799
12461 4 2 7 1 1433 1261 1331 2320
12462 4 2 7 1 681 886 883 2713
12463 4 2 7 1 345 2871 2322 2922
12464 4 2 7 1 2044 2594 2700 2949
12465 4 2 7 1 2051 2690 2451 3039
12466 4 2 7 1 302 2558 454 2802
12467 4 2 7 1 1383 2388 278 2962
12468 4 2 7 1 866 949 786 2324
12469 4 2 7 1 1535 1485 1889 2658
12470 4 2 7 1 1272 1175 2430 2765
12471 4 2 7 1 1711 1688 1687 2738
12472 4 2 7 1 2088 2685 2254 2782
12473 4 2 7 1 1343 2888 1423 3042
12474 4 2 7 1 1698 1622 1878 2679
12475 4 2 7 1 802 2279 900 2829
12476 4 2 7 1 493 495 880 2611
12477 4 2 7 1 2135 2661 2274 2752
12478 4 2 7 1 2114 2568 2381 2762
12479 4 2 7 1 736 734 1023 2318
12480 4 2 7 1 1450 1410 1159 2453
12481 4 2 7 1 442 266 429 2174
12482 4 2 7 1 2228 2704 2017 2817
12483 4 2 7 1 1981 2619 2166 2733
12484 4 2 7 1 1713 1857 1608 2366
12485 4 2 7 1 2173 2015 2666 2902
12486 4 2 7 1 1120 1421 1304 2374
12487 4 2 7 1 2309 2445 823 2945
12488 4 2 7 1 1476 1330 1275 2523
12489 4 2 7 1 956 961 2407 2814
12490 4 2 7 1 477 476 629 2306
12491 4 2 7 1 2551 2634 2013 2778
12492 4 2 7 1 2217 2848 2207 2913
12493 4 2 7 1 1718 2233 1687 2707
12494 4 2 7 1 1869 1652 1778 2331
12495 4 2 7 1 2154 1979 2678 3049
12496 4 2 7 1 1518 637 297 2827
12497 4 2 7 1 261 828 460 2666
12498 4 2 7 1 899 975 902 2756
12499 4 2 7 1 1703 1771 1770 2245
12500 4 2 7 1 1285 2495 2401 2911
12501 4 2 7 1 2046 2727 2238 2803
12502 4 2 7 1 1044 1043 1064 2239
12503 4 2 7 1 2006 2413 2388 2861
12504 4 2 7 1 1783 138 1785 2674
12505 4 2 7 1 2005 2179 2734 2840
12506 4 2 7 1 2528 2739 2097 2828
12507 4 2 7 1 1944 2343 2817 2882
12508 4 2 7 1 1124 205 1373 2809
12509 4 2 7 1 2290 2677 2372 2950
12510 4 2 7 1 1577 1823 156 2669
12511 4 2 7 1 808 809 696 2342
12512 4 2 7 1 493 880 1024 2611
12513 4 2 7 1 2018 2566 2277 2791
12514 4 2 7 1 1779 2713 2721 3019
12515 4 2 7 1 2024 2378 2460 2971
12516 4 2 7 1 1481 1309 1414 2980
12517 4 2 7 1 2513 2555 2001 2919
12518 4 2 7 1 1023 1026 736 2318
12519 4 2 7 1 1148 2284 1299 3045
12520 4 2 7 1 286 546 596 2605
12521 4 2 7 1 1221 1222 1223 2893
12522 4 2 7 1 1947 2501 2508 2683
12523 4 2 7 1 1274 1301 2466 2904
12524 4 2 7 1 1514 2447 1547 2996
12525 4 2 7 1 2033 2167 2818 3016
12526 4 2 7 1 893 2387 896 2858
12527 4 2 7 1 1703 1771 2245 2826
12528 4 2 7 1 503 2309 263 3005
12529 4 2 7 1 618 75 1130 269
12530 4 2 7 1 1209 2355 1260 2921
12531 4 2 7 1 439 447 446 2374
12532 4 2 7 1 516 107 1344 515
12533 4 2 7 1 1966 2741 2139 2880
12534 4 2 7 1 885 1775 681 2713
12535 4 2 7 1 2324 2463 2105 2674
12536 4 2 7 1 1730 1871 1748 2262
12537 4 2 7 1 1307 1102 1281 2964
12538 4 2 7 1 2085 2292 2377 2796
12539 4 2 7 1 1840 1839 1573 3031
12540 4 2 7 1 504 389 372 2565
12541 4 2 7 1 2227 2798 2077 2946
12542 4 2 7 1 420 598 390 2474
12543 4 2 7 1 156 908 1577 2669
12544 4 2 7 1 2667 2716 2067 2921
12545 4 2 7 1 1556 2255 661 2801
12546 4 2 7 1 626 271 474 2272
12547 4 2 7 1 1511 1516 1507 2622
12548 4 2 7 1 1957 2537 2381 3039
12549 4 2 7 1 848 847 2475 2886
12550 4 2 7 1 2509 2869 2488 3014
12551 4 2 7 1 1646 1644 1694 2370
12552 4 2 7 1 1107 1398 1571 2551
12553 4 2 7 1 325 324 323 2572
12554 4 2 7 1 2000 2460 2378 2971
12555 4 2 7 1 1986 2469 2321 2706
12556 4 2 7 1 357 359 358 2638
12557 4 2 7 1 1524 2780 1549 2968
12558 4 2 7 1 2423 2749 2040 2990
12559 4 2 7 1 2049 2746 2169 2871
12560 4 2 7 1 1051 2378 1077 3018
12561 4 2 7 1 1674 2226 1675 2915
12562 4 2 7 1 2010 2598 2270 2872
12563 4 2 7 1 2015 2328 2902 3006
12564 4 2 7 1 1589 1002 687 2753
12565 4 2 7 1 977 946 2697 2731
12566 4 2 7 1 693 694 2562 2808
12567 4 2 7 1 844 2792 2122 2879
12568 4 2 7 1 2034 2500 2333 2894
12569 4 2 7 1 398 418 419 2250
12570 4 2 7 1 304 308 306 2673
12571 4 2 7 1 733 2582 791 2930
12572 4 2 7 1 925 927 924 2787
12573 4 2 7 1 849 2447 818 2644
12574 4 2 7 1 2172 2826 2616 2982
12575 4 2 7 1 365 433 510 2462
12576 4 2 7 1 1557 1735 1900 2495
12577 4 2 7 1 303 293 302 2784
12578 4 2 7 1 1340 2577 2323 3042
12579 4 2 7 1 1995 2710 2653 2899
12580 4 2 7 1 2488 2609 2007 2869
12581 4 2 7 1 1349 1348 1134 2724
12582 4 2 7 1 1129 102 1342 280
12583 4 2 7 1 526 528 527 2240
12584 4 2 7 1 668 460 976 2752
12585 4 2 7 1 407 470 2585 2722
12586 4 2 7 1 1765 1700 1853 2807
12587 4 2 7 1 2078 2986 2333 3027
12588 4 2 7 1 135 660 1791 2864
12589 4 2 7 1 1970 2656 2226 2987
12590 4 2 7 1 1401 1203 1277 2424
12591 4 2 7 1 1183 2438 1440 2736
12592 4 2 7 1 386 2371 384 3033
12593 4 2 7 1 2334 2735 706 2789
12594 4 2 7 1 2372 1153 2950 2977
12595 4 2 7 1 793 2553 2293 2903
12596 4 2 7 1 1674 2915 1676 2931
12597 4 2 7 1 1769 1703 1770 2616
12598 4 2 7 1 1363 1272 2430 2550
12599 4 2 7 1 1746 682 1585 2346
12600 4 2 7 1 319 317 401 2517
12601 4 2 7 1 826 685 838 2564
12602 4 2 7 1 272 1131 2306 3038
12603 4 2 7 1 581 458 608 2865
12604 4 2 7 1 2045 2619 2443 2754
12605 4 2 7 1 789 917 999 2735
12606 4 2 7 1 1808 2809 2187 2834
12607 4 2 7 1 1267 2543 2390 2764
12608 4 2 7 1 1490 1533 1550 2780
12609 4 2 7 1 694 692 693 2562
12610 4 2 7 1 538 2317 565 2986
12611 4 2 7 1 1770 1925 1563 2523
12612 4 2 7 1 2020 2614 2404 2843
12613 4 2 7 1 898 900 2756 2829
12614 4 2 7 1 1195 2393 1193 2907
12615 4 2 7 1 1818 1820 1701 2455
12616 4 2 7 1 1685 2707 1687 2738
12617 4 2 7 1 1223 1224 2440 2804
12618 4 2 7 1 108 1344 1120 284
12619 4 2 7 1 836 826 808 2877
12620 4 2 7 1 591 1334 469 2583
12621 4 2 7 1 2256 2470 2016 2569
12622 4 2 7 1 55 293 990 301
12623 4 2 7 1 1309 1281 1308 2580
12624 4 2 7 1 2152 2918 2295 3034
12625 4 2 7 1 779 780 778 2694
12626 4 2 7 1 818 849 684 2447
12627 4 2 7 1 214 1570 1106 1394
12628 4 2 7 1 712 793 2293 2903
12629 4 2 7 1 1860 1713 2524 2975
12630 4 2 7 1 1823 653 156 2669
12631 4 2 7 1 1992 2532 2188 2719
12632 4 2 7 1 2475 2258 2870 2879
12633 4 2 7 1 1889 229 1566 1485
12634 4 2 7 1 264 497 499 2837
12635 4 2 7 1 813 2503 1019 3036
12636 4 2 7 1 361 363 362 2448
12637 4 2 7 1 823 2445 2309 2657
12638 4 2 7 1 302 301 582 2961
12639 4 2 7 1 1459 1365 1364 2628
12640 4 2 7 1 2387 2814 896 2858
12641 4 2 7 1 2008 2247 2828 2964
12642 4 2 7 1 1999 2146 2644 2909
12643 4 2 7 1 2065 2524 2912 3026
12644 4 2 7 1 437 424 603 2466
12645 4 2 7 1 585 565 538 2317
12646 4 2 7 1 716 714 861 2660
12647 4 2 7 1 2058 2513 2226 2915
12648 4 2 7 1 1037 1097 1093 2681
12649 4 2 7 1 1138 1802 213 1394
12650 4 2 7 1 2029 2423 2360 2990
12651 4 2 7 1 2053 2570 2481 2943
12652 4 2 7 1 1991 2522 2275 2596
12653 4 2 7 1 1664 2275 1662 2868
12654 4 2 7 1 2490 2842 2069 2901
12655 4 2 7 1 1637 1639 1703 2826
12656 4 2 7 1 1380 1105 1381 2413
12657 4 2 7 1 2004 2176 2603 2782
12658 4 2 7 1 2040 2611 2205 2749
12659 4 2 7 1 629 272 2306 3038
12660 4 2 7 1 1279 2451 1278 2999
12661 4 2 7 1 1861 2678 1715 2715
12662 4 2 7 1 1053 2351 1050 2692
12663 4 2 7 1 1032 243 984 1068
12664 4 2 7 1 2046 2365 2530 2803
12665 4 2 7 1 1930 1891 1809 2182
12666 4 2 7 1 1264 2265 1240 3015
12667 4 2 7 1 1688 1745 1709 2613
12668 4 2 7 1 957 785 842 2701
12669 4 2 7 1 1832 1830 1829 2935
12670 4 2 7 1 846 1007 815 2189
12671 4 2 7 1 907 972 909 2755
12672 4 2 7 1 653 908 156 2669
12673 4 2 7 1 692 691 693 2562
12674 4 2 7 1 1577 1827 1825 2884
12675 4 2 7 1 1786 1788 1689 2720
12676 4 2 7 1 1248 2260 1204 2773
12677 4 2 7 1 1124 1565 205 2809
12678 4 2 7 1 857 842 647 2241
12679 4 2 7 1 1560 2208 1126 2925
12680 4 2 7 1 1629 2422 1853 2881
12681 4 2 7 1 1389 2645 1388 2684
12682 4 2 7 1 1376 1103 1280 2470
12683 4 2 7 1 2038 2714 2432 2779
12684 4 2 7 1 1961 2816 2343 2882
12685 4 2 7 1 1680 1676 1677 2915
12686 4 2 7 1 2393 2521 1193 2907
12687 4 2 7 1 1680 2435 1676 2915
12688 4 2 7 1 1971 2652 2400 2873
12689 4 2 7 1 267 1113 1483 2451
12690 4 2 7 1 1197 1199 1330 2641
12691 4 2 7 1 2443 2619 1981 2754
12692 4 2 7 1 2690 2999 2451 3039
12693 4 2 7 1 1673 1675 1674 2226
12694 4 2 7 1 1240 2265 1263 2856
12695 4 2 7 1 431 2859 444 2879
12696 4 2 7 1 1903 1691 1846 2539
12697 4 2 7 1 321 464 323 2648
12698 4 2 7 1 1868 2678 1861 2715
12699 4 2 7 1 1033 2425 1086 2793
12700 4 2 7 1 1360 2531 2299 2741
12701 4 2 7 1 451 2759 2450 2876
12702 4 2 7 1 2187 2615 2127 2809
12703 4 2 7 1 1942 2298 2452 2670
12704 4 2 7 1 142 967 1581 1877
12705 4 2 7 1 2142 2906 2308 2955
12706 4 2 7 1 1541 1521 1529 2682
12707 4 2 7 1 429 2174 266 3047
12708 4 2 7 1 351 353 352 2368
12709 4 2 7 1 2132 2533 2305 2697
12710 4 2 7 1 1164 2848 1165 2989
12711 4 2 7 1 2025 2745 2225 2970
12712 4 2 7 1 545 336 338 2850
12713 4 2 7 1 1175 2430 2765 2948
12714 4 2 7 1 1757 1571 1758 2551
12715 4 2 7 1 2458 2639 2141 2895
12716 4 2 7 1 1338 2509 1259 3014
12717 4 2 7 1 280 514 1342 2502
12718 4 2 7 1 510 367 365 2462
12719 4 2 7 1 355 357 356 2638
12720 4 2 7 1 1846 1913 1716 2580
12721 4 2 7 1 612 1310 268 2663
12722 4 2 7 1 1160 2488 1416 3014
12723 4 2 7 1 2286 2565 2110 2599
12724 4 2 7 1 1625 1627 1700 2285
12725 4 2 7 1 1213 1328 1211 2268
12726 4 2 7 1 768 2661 2274 3021
12727 4 2 7 1 1859 1858 1739 2600
12728 4 2 7 1 458 1522 1489 2865
12729 4 2 7 1 2041 2773 2480 2983
12730 4 2 7 1 824 2699 837 2760
12731 4 2 7 1 338 340 406 2850
12732 4 2 7 1 674 2252 868 2864
12733 4 2 7 1 1683 1684 1685 2392
12734 4 2 7 1 2297 2696 1938 2739
12735 4 2 7 1 545 2654 2308 2850
12736 4 2 7 1 896 699 961 2814
12737 4 2 7 1 2029 2177 2910 2990
12738 4 2 7 1 2131 2937 2203 3001
12739 4 2 7 1 1991 2253 2490 2761
12740 4 2 7 1 1114 1342 101 512
12741 4 2 7 1 1410 2453 1450 2778
12742 4 2 7 1 929 791 926 2582
12743 4 2 7 1 2347 2781 2031 3034
12744 4 2 7 1 1584 1747 223 1305
12745 4 2 7 1 1672 1707 1669 2283
12746 4 2 7 1 2073 2311 2676 2956
12747 4 2 7 1 833 817 853 2255
12748 4 2 7 1 2294 2405 2060 2976
12749 4 2 7 1 699 698 700 2875
12750 4 2 7 1 2635 2662 2025 2794
12751 4 2 7 1 2358 2617 2004 2747
12752 4 2 7 1 1474 1195 1197 2641
12753 4 2 7 1 1363 2430 1465 2820
12754 4 2 7 1 1623 1625 1763 2885
12755 4 2 7 1 1850 1793 1553 2731
12756 4 2 7 1 429 441 430 3047
12757 4 2 7 1 1131 628 1378 3038
12758 4 2 7 1 1607 1609 1691 2441
12759 4 2 7 1 325 2572 405 2798
12760 4 2 7 1 802 707 900 2279
12761 4 2 7 1 440 300 458 2769
12762 4 2 7 1 2025 2794 2433 2896
12763 4 2 7 1 1231 2357 1412 3043
12764 4 2 7 1 1767 1920 2362 2941
12765 4 2 7 1 510 2462 2388 2861
12766 4 2 7 1 2351 2971 2075 3032
12767 4 2 7 1 1055 1077 1051 2378
12768 4 2 7 1 2154 2397 2803 2844
12769 4 2 7 1 2026 2288 2530 2727
12770 4 2 7 1 1135 509 2595 2962
12771 4 2 7 1 1959 2602 2282 2912
12772 4 2 7 1 1148 2646 2284 3045
12773 4 2 7 1 1387 84 1131 272
12774 4 2 7 1 1707 2283 1672 2819
12775 4 2 7 1 736 2318 1026 2768
12776 4 2 7 1 1129 1336 1335 2502
12777 4 2 7 1 262 507 593 2691
12778 4 2 7 1 1680 1710 1676 2435
12779 4 2 7 1 1885 1843 1844 2787
12780 4 2 7 1 1177 2161 2820 2948
12781 4 2 7 1 2042 2591 2428 2883
12782 4 2 7 1 2043 2148 2853 3025
12783 4 2 7 1 1291 2133 3003 3013
12784 4 2 7 1 2475 2870 847 2879
12785 4 2 7 1 1145 1143 112 457
12786 4 2 7 1 456 843 671 2879
12787 4 2 7 1 2084 2695 2415 2775
12788 4 2 7 1 1600 1597 1595 2365
12789 4 2 7 1 1767 1919 1766 2362
12790 4 2 7 1 648 948 823 2309
12791 4 2 7 1 2445 2853 2148 3025
12792 4 2 7 1 1778 1650 1692 2721
12793 4 2 7 1 421 2659 443 2859
12794 4 2 7 1 1113 1295 2451 2904
12795 4 2 7 1 1960 2337 2905 2938
12796 4 2 7 1 2618 2623 1948 2940
12797 4 2 7 1 2008 2739 2528 2828
12798 4 2 7 1 545 573 336 2308
12799 4 2 7 1 951 719 721 2918
12800 4 2 7 1 522 521 423 2664
12801 4 2 7 1 1076 2862 1047 2957
12802 4 2 7 1 2145 2066 2777 2811
12803 4 2 7 1 709 710 711 2903
12804 4 2 7 1 1444 2950 1153 2977
12805 4 2 7 1 840 841 820 2555
12806 4 2 7 1 1862 1649 1722 2594
12807 4 2 7 1 462 383 388 2662
12808 4 2 7 1 1687 2707 2233 2738
12809 4 2 7 1 1486 1518 118 599
12810 4 2 7 1 1388 1391 1248 2684
12811 4 2 7 1 617 464 321 2648
12812 4 2 7 1 406 545 338 2850
12813 4 2 7 1 95 509 292 1135
12814 4 2 7 1 837 2699 2239 2760
12815 4 2 7 1 932 929 926 2935
12816 4 2 7 1 1194 2393 1195 2907
12817 4 2 7 1 2356 2759 422 2876
12818 4 2 7 1 500 501 2837 3005
12819 4 2 7 1 406 2654 545 2850
12820 4 2 7 1 888 669 993 2776
12821 4 2 7 1 1691 1907 1848 2825
12822 4 2 7 1 785 767 953 2701
12823 4 2 7 1 853 817 661 2255
12824 4 2 7 1 1367 2245 1366 2767
12825 4 2 7 1 2655 2766 2010 2963
12826 4 2 7 1 1838 1839 1832 2935
12827 4 2 7 1 723 724 725 2723
12828 4 2 7 1 551 348 584 2327
12829 4 2 7 1 1752 2206 2847 2919
12830 4 2 7 1 1993 2194 2409 2786
12831 4 2 7 1 1952 2762 2526 2791
12832 4 2 7 1 529 2427 288 2892
12833 4 2 7 1 1153 1411 1444 2977
12834 4 2 7 1 2173 2666 2651 2902
12835 4 2 7 1 2440 2569 2063 2772
12836 4 2 7 1 2351 2409 1993 2830
12837 4 2 7 1 1082 1063 1062 2425
12838 4 2 7 1 1727 1893 1714 2578
12839 4 2 7 1 535 2771 534 3027
12840 4 2 7 1 1967 2789 2334 2812
12841 4 2 7 1 1654 1652 1869 2331
12842 4 2 7 1 674 868 870 2864
12843 4 2 7 1 1793 2697 1553 2731
12844 4 2 7 1 1053 1060 1052 2351
12845 4 2 7 1 1297 1118 1442 2364
12846 4 2 7 1 2704 2750 2353 2949
12847 4 2 7 1 1191 1192 1193 2907
12848 4 2 7 1 1879 2730 1774 2934
12849 4 2 7 1 1405 2520 1428 3042
12850 4 2 7 1 304 2802 2673 3035
12851 4 2 7 1 1458 1169 2403 2729
12852 4 2 7 1 2475 2859 2258 2879
12853 4 2 7 1 809 2342 808 2877
12854 4 2 7 1 360 362 488 2326
12855 4 2 7 1 317 316 315 2559
12856 4 2 7 1 1964 2671 2221 2790
12857 4 2 7 1 2332 2730 2143 2934
12858 4 2 7 1 512 2323 483 2888
12859 4 2 7 1 828 825 806 3006
12860 4 2 7 1 842 841 2241 2701
12861 4 2 7 1 1199 1201 1275 2399
12862 4 2 7 1 2117 2305 2533 2731
12863 4 2 7 1 1315 1316 1130 2421
12864 4 2 7 1 759 2518 872 3024
12865 4 2 7 1 1033 1062 1086 2425
12866 4 2 7 1 1458 1167 1169 2729
12867 4 2 7 1 533 287 1009 2771
12868 4 2 7 1 908 907 673 2884
12869 4 2 7 1 631 431 444 2879
12870 4 2 7 1 595 2953 2607 2992
12871 4 2 7 1 1531 2262 1541 2824
12872 4 2 7 1 1524 663 989 2780
12873 4 2 7 1 708 706 1003 2334
12874 4 2 7 1 844 845 2122 2792
12875 4 2 7 1 785 957 874 2536
12876 4 2 7 1 471 407 470 2585
12877 4 2 7 1 897 665 895 3009
12878 4 2 7 1 436 2759 451 2876
12879 4 2 7 1 1071 2743 2237 2957
12880 4 2 7 1 1815 897 160 3009
12881 4 2 7 1 1313 1315 1314 2165
12882 4 2 7 1 2493 2734 2442 2840
12883 4 2 7 1 2034 2722 2227 2863
12884 4 2 7 1 347 345 479 2922
12885 4 2 7 1 572 432 359 2544
12886 4 2 7 1 1300 1290 1461 3015
12887 4 2 7 1 1058 1049 1046 2276
12888 4 2 7 1 1637 1703 2616 2826
12889 4 2 7 1 1458 1169 1271 2403
12890 4 2 7 1 2478 2654 2304 2708
12891 4 2 7 1 303 2802 304 3035
12892 4 2 7 1 491 356 358 2843
12893 4 2 7 1 2189 2780 846 2968
12894 4 2 7 1 406 541 544 2654
12895 4 2 7 1 2142 2383 2906 2955
12896 4 2 7 1 2203 2821 1989 3001
12897 4 2 7 1 1815 1812 1579 3009
12898 4 2 7 1 2381 2568 2023 2762
12899 4 2 7 1 722 2484 796 2723
12900 4 2 7 1 2112 2418 2354 2966
12901 4 2 7 1 804 2749 2611 3012
12902 4 2 7 1 1842 1843 1840 2787
12903 4 2 7 1 1541 1531 1491 2262
12904 4 2 7 1 2031 2781 2726 2967
12905 4 2 7 1 1659 1660 1661 2573
12906 4 2 7 1 1102 1307 1427 2247
12907 4 2 7 1 1278 1279 1293 2451
12908 4 2 7 1 319 318 317 2775
12909 4 2 7 1 410 473 474 2383
12910 4 2 7 1 935 978 934 2567
12911 4 2 7 1 1945 2394 2434 2598
12912 4 2 7 1 2250 2659 398 2810
12913 4 2 7 1 1174 1172 1405 2520
12914 4 2 7 1 744 743 742 2496
12915 4 2 7 1 1305 2290 1457 3007
12916 4 2 7 1 1206 2667 1208 2921
12917 4 2 7 1 1761 1760 1697 2519
12918 4 2 7 1 1987 2616 2245 2982
12919 4 2 7 1 870 135 1789 2864
12920 4 2 7 1 1267 2390 1244 2764
12921 4 2 7 1 988 1043 1032 2760
12922 4 2 7 1 2146 2909 2658 2993
12923 4 2 7 1 730 2319 813 3036
12924 4 2 7 1 682 1585 2346 2849
12925 4 2 7 1 1682 1865 1737 2867
12926 4 2 7 1 468 417 469 2583
12927 4 2 7 1 305 2673 2269 3035
12928 4 2 7 1 2487 2702 2099 2903
12929 4 2 7 1 1890 2425 1033 2793
12930 4 2 7 1 761 760 762 2445
12931 4 2 7 1 390 2474 386 3033
12932 4 2 7 1 2084 2394 2695 2963
12933 4 2 7 1 2050 2700 2615 2929
12934 4 2 7 1 1460 2396 1397 3022
12935 4 2 7 1 1268 2372 1153 2950
12936 4 2 7 1 2077 2270 2598 2872
12937 4 2 7 1 2308 2906 2086 2955
12938 4 2 7 1 564 333 331 2385
12939 4 2 7 1 305 306 307 2673
12940 4 2 7 1 24 646 264 499
12941 4 2 7 1 1341 106 281 515
12942 4 2 7 1 2072 2439 2393 2907
12943 4 2 7 1 1047 2862 2261 2957
12944 4 2 7 1 1126 1331 1403 2208
12945 4 2 7 1 2284 2821 1299 3045
12946 4 2 7 1 2011 2885 2163 2898
12947 4 2 7 1 564 2385 331 2722
12948 4 2 7 1 1523 1526 1492 2364
12949 4 2 7 1 1825 1828 1878 2831
12950 4 2 7 1 2062 2285 2561 2881
12951 4 2 7 1 304 454 308 2802
12952 4 2 7 1 912 911 2240 2789
12953 4 2 7 1 906 800 905 2446
12954 4 2 7 1 426 427 434 2601
12955 4 2 7 1 2422 2561 2285 2881
12956 4 2 7 1 135 870 660 2864
12957 4 2 7 1 510 367 2462 2861
12958 4 2 7 1 284 1120 109 446
12959 4 2 7 1 1382 2388 1383 2962
12960 4 2 7 1 1259 1160 1416 3014
12961 4 2 7 1 409 2431 590 2946
12962 4 2 7 1 537 538 565 2986
12963 4 2 7 1 1525 1502 1503 2294
12964 4 2 7 1 1958 2575 2411 2969
12965 4 2 7 1 632 1402 273 2637
12966 4 2 7 1 2112 2510 2418 2966
12967 4 2 7 1 2019 2458 2639 2982
12968 4 2 7 1 274 640 482 2725
12969 4 2 7 1 1093 1097 1075 2681
12970 4 2 7 1 1234 1232 2620 2964
12971 4 2 7 1 2173 2651 2408 2902
12972 4 2 7 1 2070 2642 3001 3045
12973 4 2 7 1 1139 1457 1305 2290
12974 4 2 7 1 1718 1711 1687 2233
12975 4 2 7 1 1105 1380 98 597
12976 4 2 7 1 1206 1247 2667 2716
12977 4 2 7 1 1748 1590 1730 2688
12978 4 2 7 1 1828 1698 1878 2679
12979 4 2 7 1 1264 1263 1240 2265
12980 4 2 7 1 2071 2623 2618 2940
12981 4 2 7 1 1823 1824 1822 2669
12982 4 2 7 1 349 2231 2783 2922
12983 4 2 7 1 1017 726 1015 2728
12984 4 2 7 1 868 2532 864 2709
12985 4 2 7 1 274 2724 640 2725
12986 4 2 7 1 429 395 442 2665
12987 4 2 7 1 1989 2339 2857 2878
12988 4 2 7 1 2040 2360 2423 2990
12989 4 2 7 1 1399 1450 1269 2634
12990 4 2 7 1 325 405 566 2798
12991 4 2 7 1 1685 2392 1719 2707
12992 4 2 7 1 746 2296 1030 2927
12993 4 2 7 1 1516 1517 2622 2827
12994 4 2 7 1 1682 2581 1865 2867
12995 4 2 7 1 621 566 466 2218
12996 4 2 7 1 454 452 435 2558
12997 4 2 7 1 1772 1771 1924 2826
12998 4 2 7 1 2125 2710 2298 2899
12999 4 2 7 1 462 593 583 2662
13000 4 2 7 1 275 517 92 1347
13001 4 2 7 1 2086 2823 2383 2906
13002 4 2 7 1 1749 1593 2650 3004
13003 4 2 7 1 783 781 848 2813
13004 4 2 7 1 2228 2817 2343 2882
13005 4 2 7 1 1715 1861 1897 2678
13006 4 2 7 1 977 871 983 2305
13007 4 2 7 1 1786 1787 1788 2720
13008 4 2 7 1 2339 2419 1937 3044
13009 4 2 7 1 1562 1920 196 1386
13010 4 2 7 1 1191 1193 2521 2907
13011 4 2 7 1 574 368 370 2586
13012 4 2 7 1 1584 1728 1747 2290
13013 4 2 7 1 1360 1361 2531 2741
13014 4 2 7 1 1787 1786 1554 2252
13015 4 2 7 1 840 830 1031 2555
13016 4 2 7 1 503 504 505 2997
13017 4 2 7 1 700 703 961 2407
13018 4 2 7 1 2127 2187 2809 2834
13019 4 2 7 1 2098 2217 2913 2923
13020 4 2 7 1 1983 2575 2512 2890
13021 4 2 7 1 1819 1818 1578 2420
13022 4 2 7 1 2435 2915 2226 2931
13023 4 2 7 1 1857 1608 2366 3030
13024 4 2 7 1 456 2870 428 2879
13025 4 2 7 1 1312 2168 1408 2633
13026 4 2 7 1 990 827 683 2236
13027 4 2 7 1 1477 1401 1478 2941
13028 4 2 7 1 309 578 306 2774
13029 4 2 7 1 779 2668 784 2813
13030 4 2 7 1 1162 1163 1161 2989
13031 4 2 7 1 2057 2679 2726 2831
13032 4 2 7 1 2119 2228 2816 2882
13033 4 2 7 1 920 919 1017 2728
13034 4 2 7 1 1535 1889 1587 2658
13035 4 2 7 1 1460 1397 1138 3022
13036 4 2 7 1 1537 1545 1493 3011
13037 4 2 7 1 379 382 380 2278
13038 4 2 7 1 632 2637 478 2645
13039 4 2 7 1 1007 2189 846 2968
13040 4 2 7 1 2015 2651 2369 2666
13041 4 2 7 1 836 2564 826 2877
13042 4 2 7 1 579 488 362 2326
13043 4 2 7 1 1710 1676 2435 2931
13044 4 2 7 1 1270 1395 1455 2729
13045 4 2 7 1 582 454 302 2558
13046 4 2 7 1 1792 1793 2533 2697
13047 4 2 7 1 984 1068 1036 2564
13048 4 2 7 1 1556 1719 2255 2801
13049 4 2 7 1 495 26 493 880
13050 4 2 7 1 1416 2488 1158 3040
13051 4 2 7 1 899 902 901 2420
13052 4 2 7 1 1594 1598 1744 2951
13053 4 2 7 1 1022 863 1011 2986
13054 4 2 7 1 1053 1052 1050 2351
13055 4 2 7 1 1568 1723 1800 2628
13056 4 2 7 1 1984 2234 2597 2758
13057 4 2 7 1 117 1486 276 1520
13058 4 2 7 1 1444 2543 1267 2950
13059 4 2 7 1 1565 1370 204 1807
13060 4 2 7 1 2035 2672 2552 2974
13061 4 2 7 1 1503 2294 1502 2976
13062 4 2 7 1 1509 1499 2824 3046
13063 4 2 7 1 1407 1259 1338 2509
13064 4 2 7 1 970 832 641 3047
13065 4 2 7 1 1425 1145 1146 2642
13066 4 2 7 1 2651 2666 2015 2902
13067 4 2 7 1 1521 1485 1539 2682
13068 4 2 7 1 1436 1847 186 1377
13069 4 2 7 1 1164 1165 1163 2989
13070 4 2 7 1 533 1009 670 2771
13071 4 2 7 1 939 282 985 2607
13072 4 2 7 1 1996 2659 2258 2859
13073 4 2 7 1 2311 2763 2037 2813
13074 4 2 7 1 939 554 282 2607
13075 4 2 7 1 1649 2594 1862 2834
13076 4 2 7 1 1937 2419 2416 3044
13077 4 2 7 1 2284 2821 1989 2857
13078 4 2 7 1 1758 2819 1674 2931
13079 4 2 7 1 2095 2969 2327 2992
13080 4 2 7 1 1594 1595 1596 2530
13081 4 2 7 1 1390 2637 1111 2645
13082 4 2 7 1 2046 2530 2727 2803
13083 4 2 7 1 650 828 261 2666
13084 4 2 7 1 1728 2290 1584 3007
13085 4 2 7 1 2125 2292 2796 2842
13086 4 2 7 1 336 2850 2308 2906
13087 4 2 7 1 1194 2393 2907 2924
13088 4 2 7 1 2069 2868 2275 2901
13089 4 2 7 1 328 2227 2863 2946
13090 4 2 7 1 2284 2857 2028 2977
13091 4 2 7 1 395 394 393 2665
13092 4 2 7 1 1003 2334 706 2789
13093 4 2 7 1 1797 1849 1552 2391
13094 4 2 7 1 2453 2013 2634 2778
13095 4 2 7 1 562 479 345 2322
13096 4 2 7 1 136 674 1789 1554
13097 4 2 7 1 1595 2365 1597 3010
13098 4 2 7 1 461 462 388 2369
13099 4 2 7 1 1944 2353 2428 2882
13100 4 2 7 1 577 400 2313 2953
13101 4 2 7 1 2418 2510 2162 2966
13102 4 2 7 1 2657 2853 2445 3025
13103 4 2 7 1 415 510 511 2861
13104 4 2 7 1 2356 2876 2466 2891
13105 4 2 7 1 2197 2005 2664 2985
13106 4 2 7 1 1216 1218 1217 2547
13107 4 2 7 1 1194 1195 1193 2907
13108 4 2 7 1 1810 1813 2387 2975
13109 4 2 7 1 327 326 325 2798
13110 4 2 7 1 1112 105 469 281
13111 4 2 7 1 1661 1662 1663 2596
13112 4 2 7 1 627 81 1119 1430
13113 4 2 7 1 1594 1592 1593 2951
13114 4 2 7 1 1174 1176 1175 2948
13115 4 2 7 1 2024 2971 2351 3018
13116 4 2 7 1 680 499 501 2837
13117 4 2 7 1 752 2749 804 3012
13118 4 2 7 1 272 1387 84 630
13119 4 2 7 1 1690 2811 1885 2839
13120 4 2 7 1 331 2722 2385 2889
13121 4 2 7 1 1751 1883 1884 2241
13122 4 2 7 1 1693 1636 1634 2469
13123 4 2 7 1 855 682 1746 2346
13124 4 2 7 1 1485 1513 1539 2658
13125 4 2 7 1 545 544 546 2654
13126 4 2 7 1 1605 2539 1903 2785
13127 4 2 7 1 1773 1663 1706 2596
13128 4 2 7 1 731 930 729 2908
13129 4 2 7 1 1562 1919 2362 2973
13130 4 2 7 1 556 401 613 2517
13131 4 2 7 1 958 946 133 1850
13132 4 2 7 1 2028 2857 2372 2977
13133 4 2 7 1 467 386 384 3033
13134 4 2 7 1 1510 1526 1500 2737
13135 4 2 7 1 185 1847 1125 1845
13136 4 2 7 1 2671 2751 2221 2790
13137 4 2 7 1 2074 2400 2873 2902
13138 4 2 7 1 1521 1539 1529 2682
13139 4 2 7 1 801 740 738 2444
13140 4 2 7 1 789 2735 999 2789
13141 4 2 7 1 732 731 730 2930
13142 4 2 7 1 1312 2168 2633 2944
13143 4 2 7 1 2225 2433 2629 2917
13144 4 2 7 1 1462 1171 1173 2540
13145 4 2 7 1 2247 2620 1979 2828
13146 4 2 7 1 1211 1326 1209 2355
13147 4 2 7 1 376 2745 378 2970
13148 4 2 7 1 915 1006 914 2427
13149 4 2 7 1 2125 2653 2710 2899
13150 4 2 7 1 104 1334 469 591
13151 4 2 7 1 1704 1645 1929 2479
13152 4 2 7 1 2009 2387 2384 2975
13153 4 2 7 1 837 979 988 2239
13154 4 2 7 1 1595 1596 2530 3010
13155 4 2 7 1 1272 1465 1363 2430
13156 4 2 7 1 729 962 727 2908
13157 4 2 7 1 1524 663 2780 2968
13158 4 2 7 1 2027 2512 2711 2845
13159 4 2 7 1 2040 2749 2423 3012
13160 4 2 7 1 1336 1339 1335 2913
13161 4 2 7 1 229 1521 1566 1485
13162 4 2 7 1 2236 2558 2237 2961
13163 4 2 7 1 1739 1720 2600 2995
13164 4 2 7 1 631 2859 431 2879
13165 4 2 7 1 436 451 2450 2876
13166 4 2 7 1 1480 2362 1386 2941
13167 4 2 7 1 2458 2826 2019 2895
13168 4 2 7 1 1277 1205 1400 2464
13169 4 2 7 1 338 337 2850 2906
13170 4 2 7 1 517 91 1347 1134
13171 4 2 7 1 628 627 1378 2631
13172 4 2 7 1 1689 1654 1869 2636
13173 4 2 7 1 2215 2829 895 3009
13174 4 2 7 1 1734 1899 1904 2849
13175 4 2 7 1 801 1004 740 2444
13176 4 2 7 1 496 498 497 2740
13177 4 2 7 1 576 312 523 2846
13178 4 2 7 1 659 1019 918 2503
13179 4 2 7 1 332 333 334 2889
13180 4 2 7 1 53 459 290 995
13181 4 2 7 1 1095 1060 2409 3032
13182 4 2 7 1 1749 1870 1593 3004
13183 4 2 7 1 704 2493 997 2735
13184 4 2 7 1 1981 2619 2418 2754
13185 4 2 7 1 1114 2323 512 2888
13186 4 2 7 1 485 2614 489 2776
13187 4 2 7 1 1320 1242 1218 2492
13188 4 2 7 1 456 671 2870 2879
13189 4 2 7 1 1072 1071 1039 2743
13190 4 2 7 1 2824 2878 2314 3046
13191 4 2 7 1 1705 1800 1657 2612
13192 4 2 7 1 2020 2687 2843 2883
13193 4 2 7 1 1490 845 1533 2780
13194 4 2 7 1 1239 2243 1265 2856
13195 4 2 7 1 407 329 470 2722
13196 4 2 7 1 1338 1112 1337 2583
13197 4 2 7 1 2062 2285 2881 3041
13198 4 2 7 1 1902 1558 183 1308
13199 4 2 7 1 2270 2598 2010 2766
13200 4 2 7 1 2313 2027 2969 2992
13201 4 2 7 1 1281 2528 1230 2964
13202 4 2 7 1 2032 2204 2736 2797
13203 4 2 7 1 2309 2657 2445 3025
13204 4 2 7 1 1710 2551 1757 2931
13205 4 2 7 1 1236 1237 1235 2303
13206 4 2 7 1 17 594 460 668
13207 4 2 7 1 1127 1922 198 1385
13208 4 2 7 1 882 790 881 2597
13209 4 2 7 1 712 2293 1008 2954
13210 4 2 7 1 390 598 392 2717
13211 4 2 7 1 1670 1873 1752 2206
13212 4 2 7 1 687 1002 979 2753
13213 4 2 7 1 1472 1116 1799 2628
13214 4 2 7 1 1021 936 937 2210
13215 4 2 7 1 1061 1063 1096 2830
13216 4 2 7 1 817 854 661 2801
13217 4 2 7 1 242 984 1068 1036
13218 4 2 7 1 1644 1642 1867 2839
13219 4 2 7 1 1434 1246 1393 2854
13220 4 2 7 1 716 861 795 2660
13221 4 2 7 1 1382 1383 1384 2962
13222 4 2 7 1 1308 1281 1102 2580
13223 4 2 7 1 1223 1224 1225 2440
13224 4 2 7 1 2439 2521 2393 2907
13225 4 2 7 1 1863 2449 1626 3041
13226 4 2 7 1 1759 1571 217 1128
13227 4 2 7 1 876 2309 823 2945
13228 4 2 7 1 1948 2459 2623 2899
13229 4 2 7 1 1362 1887 210 1122
13230 4 2 7 1 1582 207 1116 1799
13231 4 2 7 1 2295 2918 718 3029
13232 4 2 7 1 2005 2734 2493 2840
13233 4 2 7 1 1603 1860 1606 2524
13234 4 2 7 1 1005 710 708 2553
13235 4 2 7 1 967 681 142 1581
13236 4 2 7 1 1810 2387 2858 2975
13237 4 2 7 1 1627 1629 1853 2881
13238 4 2 7 1 348 350 584 2783
13239 4 2 7 1 297 118 1518 599
13240 4 2 7 1 1093 1056 1094 3032
13241 4 2 7 1 1095 1094 1060 3032
13242 4 2 7 1 1146 1136 1147 3045
13243 4 2 7 1 1571 1805 1107 2551
13244 4 2 7 1 674 870 136 1789
13245 4 2 7 1 1208 1210 1209 2921
13246 4 2 7 1 2401 2495 2130 2911
13247 4 2 7 1 1904 994 998 2849
13248 4 2 7 1 1517 1525 1507 2622
13249 4 2 7 1 2668 2813 2037 2886
13250 4 2 7 1 1057 1034 1083 2450
13251 4 2 7 1 2079 2198 2632 2994
13252 4 2 7 1 2110 2459 2348 2940
13253 4 2 7 1 2097 2739 2202 2828
13254 4 2 7 1 1311 2633 1229 2944
13255 4 2 7 1 1863 1624 2449 3041
13256 4 2 7 1 320 2415 567 2775
13257 4 2 7 1 1633 2476 1631 3017
13258 4 2 7 1 762 2445 823 2657
13259 4 2 7 1 349 351 2783 3048
13260 4 2 7 1 969 979 837 2239
13261 4 2 7 1 1093 1075 1056 2621
13262 4 2 7 1 785 874 765 2536
13263 4 2 7 1 2700 2353 2750 2949
13264 4 2 7 1 1996 2419 2416 2805
13265 4 2 7 1 1138 1802 2396 3022
13266 4 2 7 1 2008 2202 2696 2739
13267 4 2 7 1 2013 2214 2778 2905
13268 4 2 7 1 2000 2378 2621 2971
13269 4 2 7 1 1384 1135 1429 2962
13270 4 2 7 1 1627 2285 1625 3041
13271 4 2 7 1 947 823 876 2309
13272 4 2 7 1 1072 1039 59 592
13273 4 2 7 1 847 844 2475 2879
13274 4 2 7 1 1621 1622 1623 2587
13275 4 2 7 1 628 2631 1378 3038
13276 4 2 7 1 904 905 653 2669
13277 4 2 7 1 2086 2529 2302 3023
13278 4 2 7 1 1500 1501 2457 3046
13279 4 2 7 1 1897 1735 1557 2495
13280 4 2 7 1 2073 2707 2346 2801
13281 4 2 7 1 760 823 2445 2945
13282 4 2 7 1 1167 2729 1165 2848
13283 4 2 7 1 1522 458 611 2769
13284 4 2 7 1 1587 2658 1721 3011
13285 4 2 7 1 1164 2217 2848 2989
13286 4 2 7 1 2241 2001 2555 2919
13287 4 2 7 1 2296 2626 2109 2927
13288 4 2 7 1 2433 2629 1941 2897
13289 4 2 7 1 2009 2858 2814 2975
13290 4 2 7 1 483 512 416 2323
13291 4 2 7 1 1149 1148 1147 3045
13292 4 2 7 1 1940 2489 2347 2781
13293 4 2 7 1 1294 1132 1279 2193
13294 4 2 7 1 2488 2869 2007 3014
13295 4 2 7 1 2318 2030 2742 2768
13296 4 2 7 1 1830 1832 1876 2928
13297 4 2 7 1 2313 2953 400 2992
13298 4 2 7 1 424 309 422 2356
13299 4 2 7 1 1901 1748 1534 2688
13300 4 2 7 1 787 872 869 2709
13301 4 2 7 1 267 2451 607 2904
13302 4 2 7 1 838 2877 2237 2961
13303 4 2 7 1 1010 2527 917 2840
13304 4 2 7 1 1250 1352 1349 2563
13305 4 2 7 1 2109 2758 2228 2816
13306 4 2 7 1 1992 2532 2252 2709
13307 4 2 7 1 2226 2931 2819 2987
13308 4 2 7 1 966 692 697 2855
13309 4 2 7 1 1264 1284 1263 2911
13310 4 2 7 1 867 1785 138 2674
13311 4 2 7 1 1752 2206 1873 2847
13312 4 2 7 1 848 847 816 2475
13313 4 2 7 1 1283 1441 1298 2516
13314 4 2 7 1 484 589 280 2502
13315 4 2 7 1 766 768 767 2661
13316 4 2 7 1 1483 1113 1293 2451
13317 4 2 7 1 2053 2258 2805 2810
13318 4 2 7 1 444 2792 609 2879
13319 4 2 7 1 361 359 432 2544
13320 4 2 7 1 2075 2409 2351 3032
13321 4 2 7 1 988 1032 662 2760
13322 4 2 7 1 1910 1889 1566 2682
13323 4 2 7 1 847 2870 2475 2886
13324 4 2 7 1 1498 1487 1497 2852
13325 4 2 7 1 2073 2255 2707 2801
13326 4 2 7 1 2442 2840 2179 2965
13327 4 2 7 1 235 989 1490 1524
13328 4 2 7 1 933 927 934 2787
13329 4 2 7 1 2024 2692 2276 3018
13330 4 2 7 1 531 529 532 2427
13331 4 2 7 1 2007 2371 2474 3033
13332 4 2 7 1 868 2252 2709 2864
13333 4 2 7 1 443 620 599 2345
13334 4 2 7 1 956 961 703 2407
13335 4 2 7 1 1312 1109 1408 2168
13336 4 2 7 1 476 563 629 2549
13337 4 2 7 1 1795 1794 1793 2533
13338 4 2 7 1 1627 2881 2285 3041
13339 4 2 7 1 284 108 1344 516
13340 4 2 7 1 758 757 756 3024
13341 4 2 7 1 291 490 489 2614
13342 4 2 7 1 1149 1147 2646 3045
13343 4 2 7 1 1713 1606 1860 2524
13344 4 2 7 1 880 804 2611 3012
13345 4 2 7 1 2008 2828 2528 2964
13346 4 2 7 1 1093 1094 1073 2681
13347 4 2 7 1 871 2305 977 2697
13348 4 2 7 1 2359 2648 2165 3020
13349 4 2 7 1 583 380 2662 2970
13350 4 2 7 1 1470 3000 1371 3008
13351 4 2 7 1 1937 2676 2232 3044
13352 4 2 7 1 1941 2235 2896 2981
13353 4 2 7 1 715 716 717 3029
13354 4 2 7 1 2456 2007 3014 3040
13355 4 2 7 1 1635 1633 1634 3017
13356 4 2 7 1 1200 1245 2480 2983
13357 4 2 7 1 2488 3014 2007 3040
13358 4 2 7 1 968 794 943 2560
13359 4 2 7 1 459 995 655 2426
13360 4 2 7 1 2257 2848 2217 2989
13361 4 2 7 1 2060 2457 2294 2976
13362 4 2 7 1 1342 514 101 512
13363 4 2 7 1 1693 1841 1636 2469
13364 4 2 7 1 1149 2646 1148 3045
13365 4 2 7 1 1378 83 628 1131
13366 4 2 7 1 1547 2447 1530 2996
13367 4 2 7 1 1633 1631 1632 3017
13368 4 2 7 1 1814 1810 1813 2387
13369 4 2 7 1 977 983 772 2305
13370 4 2 7 1 681 883 885 2713
13371 4 2 7 1 486 485 489 2776
13372 4 2 7 1 859 858 2661 2752
13373 4 2 7 1 1613 1754 1611 2548
13374 4 2 7 1 2277 2566 2018 2808
13375 4 2 7 1 459 2784 303 3035
13376 4 2 7 1 839 691 689 2748
13377 4 2 7 1 1538 1517 1486 2345
13378 4 2 7 1 1674 1675 1676 2915
13379 4 2 7 1 896 893 892 2387
13380 4 2 7 1 453 603 2876 3003
13381 4 2 7 1 2329 2770 2167 3016
13382 4 2 7 1 671 970 12 2870
13383 4 2 7 1 912 1005 911 2789
13384 4 2 7 1 2131 2250 2937 3001
13385 4 2 7 1 1586 1895 1302 2578
13386 4 2 7 1 1781 1646 1694 2370
13387 4 2 7 1 1105 98 511 597
13388 4 2 7 1 1802 1773 2396 3022
13389 4 2 7 1 2044 2700 2750 2949
13390 4 2 7 1 658 286 41 922
13391 4 2 7 1 1322 1321 2751 2790
13392 4 2 7 1 971 735 737 2472
13393 4 2 7 1 1131 272 628 3038
13394 4 2 7 1 2009 2814 2387 2975
13395 4 2 7 1 2220 2521 2439 2907
13396 4 2 7 1 1598 1725 1744 2288
13397 4 2 7 1 560 21 263 648
13398 4 2 7 1 2359 2648 2084 2963
13399 4 2 7 1 1285 1419 1263 2401
13400 4 2 7 1 1003 911 1005 2789
13401 4 2 7 1 856 960 812 2965
13402 4 2 7 1 102 514 1342 280
13403 4 2 7 1 536 2863 330 3027
13404 4 2 7 1 2173 2666 2015 3006
13405 4 2 7 1 1284 1264 2786 2911
13406 4 2 7 1 1709 1871 1730 2613
13407 4 2 7 1 1887 1801 1705 2550
13408 4 2 7 1 2672 2974 2035 3002
13409 4 2 7 1 1122 1887 211 1396
13410 4 2 7 1 2295 2918 2031 3034
13411 4 2 7 1 1051 1054 1055 2378
13412 4 2 7 1 1273 1469 1189 3008
13413 4 2 7 1 44 1009 533 287
13414 4 2 7 1 2025 2225 2745 2917
13415 4 2 7 1 1609 1907 1691 2441
13416 4 2 7 1 2152 2683 2484 2723
13417 4 2 7 1 1731 2255 1719 2995
13418 4 2 7 1 1944 2704 2249 2750
13419 4 2 7 1 537 1009 43 287
13420 4 2 7 1 1472 1116 208 1799
13421 4 2 7 1 1472 1799 1568 2628
13422 4 2 7 1 310 576 580 2846
13423 4 2 7 1 1145 111 1136 2642
13424 4 2 7 1 1471 1291 1276 3003
13425 4 2 7 1 41 565 286 658
13426 4 2 7 1 678 690 2650 2748
13427 4 2 7 1 459 2426 2784 3035
13428 4 2 7 1 1796 1849 2391 2731
13429 4 2 7 1 1027 554 2607 2795
13430 4 2 7 1 1386 196 1562 1101
13431 4 2 7 1 2172 2703 2458 2982
13432 4 2 7 1 1690 1885 1867 2839
13433 4 2 7 1 2157 2740 2491 3002
13434 4 2 7 1 1285 2401 1263 2911
13435 4 2 7 1 719 718 720 2918
13436 4 2 7 1 1394 214 1570 1804
13437 4 2 7 1 691 692 690 2748
13438 4 2 7 1 1006 913 914 2427
13439 4 2 7 1 1146 2642 1136 3045
13440 4 2 7 1 1506 1508 1513 2546
13441 4 2 7 1 2814 2858 2387 2975
13442 4 2 7 1 1563 1768 1923 2523
13443 4 2 7 1 1392 1247 1391 2716
13444 4 2 7 1 1600 1601 1597 2833
13445 4 2 7 1 1394 1802 213 1804
13446 4 2 7 1 1996 2345 2659 2859
13447 4 2 7 1 1788 2636 1689 2720
13448 4 2 7 1 300 112 1143 457
13449 4 2 7 1 1231 1241 1412 2357
13450 4 2 7 1 1423 1405 1343 3042
13451 4 2 7 1 551 403 346 2588
13452 4 2 7 1 1444 1267 1306 2950
13453 4 2 7 1 1547 1488 1548 2968
13454 4 2 7 1 1549 1548 1524 2968
13455 4 2 7 1 847 844 816 2475
13456 4 2 7 1 887 291 485 2614
13457 4 2 7 1 402 2404 489 2843
13458 4 2 7 1 1388 2306 1131 3038
13459 4 2 7 1 2431 2504 2021 2892
13460 4 2 7 1 1751 1678 1752 2919
13461 4 2 7 1 2015 2902 2173 3006
13462 4 2 7 1 1322 1431 1324 2751
13463 4 2 7 1 712 2903 2293 2954
13464 4 2 7 1 524 52 290 995
13465 4 2 7 1 1139 223 1747 1305
13466 4 2 7 1 2024 2351 2692 3018
13467 4 2 7 1 218 1571 1107 1398
13468 4 2 7 1 399 366 498 2740
13469 4 2 7 1 50 520 289 654
13470 4 2 7 1 1602 1601 1600 2833
13471 4 2 7 1 1484 1327 1918 2973
13472 4 2 7 1 1819 1880 1820 2603
13473 4 2 7 1 767 2661 768 3021
13474 4 2 7 1 1330 1199 1275 2399
13475 4 2 7 1 1073 249 1037 2681
13476 4 2 7 1 1423 1380 1381 2413
13477 4 2 7 1 1018 818 850 2849
13478 4 2 7 1 1022 658 923 2317
13479 4 2 7 1 1363 1463 1272 2550
13480 4 2 7 1 1910 1871 1745 2682
13481 4 2 7 1 1613 1754 2548 2984
13482 4 2 7 1 2249 2704 2044 2750
13483 4 2 7 1 1919 1767 1562 2362
13484 4 2 7 1 2209 2787 2145 2811
13485 4 2 7 1 1195 1194 1196 2924
13486 4 2 7 1 1194 1250 1361 2924
13487 4 2 7 1 2042 2428 2591 2887
13488 4 2 7 1 1361 2531 2741 2924
13489 4 2 7 1 829 834 981 2668
13490 4 2 7 1 1325 1222 2497 2804
13491 4 2 7 1 1414 2825 1436 2980
13492 4 2 7 1 1710 1805 1757 2551
13493 4 2 7 1 1866 1870 1580 3004
13494 4 2 7 1 2164 2685 2352 2770
13495 4 2 7 1 295 444 609 2879
13496 4 2 7 1 1858 1678 1740 2513
13497 4 2 7 1 1485 1889 230 1535
13498 4 2 7 1 1144 1479 1915 1448
13499 4 2 7 1 262 860 974 2691
13500 4 2 7 1 1274 1295 1301 2904
13501 4 2 7 1 1356 1417 2494 2998
13502 4 2 7 1 1611 1609 1610 3030
13503 4 2 7 1 2359 2517 401 3020
13504 4 2 7 1 1629 1766 1853 2422
13505 4 2 7 1 2405 1999 2546 2996
13506 4 2 7 1 2017 2234 2721 2758
13507 4 2 7 1 1230 2528 1232 2964
13508 4 2 7 1 1045 2760 1044 2862
13509 4 2 7 1 975 709 711 2487
13510 4 2 7 1 2031 2755 2514 2918
13511 4 2 7 1 916 50 289 654
13512 4 2 7 1 824 837 662 2760
13513 4 2 7 1 538 2986 535 3027
13514 4 2 7 1 1239 2690 2243 2856
13515 4 2 7 1 458 581 440 2937
13516 4 2 7 1 1691 1903 1607 2539
13517 4 2 7 1 1295 1274 1239 2690
13518 4 2 7 1 471 470 621 2585
13519 4 2 7 1 852 2650 690 2855
13520 4 2 7 1 1380 1413 99 597
13521 4 2 7 1 349 2783 347 2922
13522 4 2 7 1 873 139 649 1783
13523 4 2 7 1 1731 1556 1719 2255
13524 4 2 7 1 520 51 524 996
13525 4 2 7 1 338 2850 336 2906
13526 4 2 7 1 1375 1280 1103 2925
13527 4 2 7 1 1039 604 59 592
13528 4 2 7 1 859 858 768 2661
13529 4 2 7 1 948 805 2657 2691
13530 4 2 7 1 1229 2804 1325 2944
13531 4 2 7 1 492 2607 595 2953
13532 4 2 7 1 1859 1739 1720 2600
13533 4 2 7 1 799 734 732 2630
13534 4 2 7 1 811 997 702 2493
13535 4 2 7 1 539 285 540 2503
13536 4 2 7 1 1757 1758 1674 2931
13537 4 2 7 1 1093 1094 2681 3032
13538 4 2 7 1 1244 1156 1157 2390
13539 4 2 7 1 1189 1191 1273 3008
13540 4 2 7 1 465 618 466 2421
13541 4 2 7 1 305 304 2673 3035
13542 4 2 7 1 1420 2627 1346 3040
13543 4 2 7 1 610 445 267 2451
13544 4 2 7 1 2045 2928 2443 3017
13545 4 2 7 1 137 674 1554 1785
13546 4 2 7 1 2236 2877 987 2961
13547 4 2 7 1 1807 1808 1565 2809
13548 4 2 7 1 338 336 337 2906
13549 4 2 7 1 1093 1075 2621 2681
13550 4 2 7 1 267 445 607 2451
13551 4 2 7 1 215 1332 1106 2934
13552 4 2 7 1 2290 2083 2677 2950
13553 4 2 7 1 268 555 556 2663
13554 4 2 7 1 1783 873 138 2674
13555 4 2 7 1 679 919 920 2304
13556 4 2 7 1 2377 2796 2292 2842
13557 4 2 7 1 1302 1895 1123 2578
13558 4 2 7 1 1729 1728 1584 3007
13559 4 2 7 1 2012 2536 2417 2988
13560 4 2 7 1 1040 1303 252 1067
13561 4 2 7 1 1781 2370 1694 3019
13562 4 2 7 1 1621 2587 1623 2885
13563 4 2 7 1 746 803 1030 2296
13564 4 2 7 1 75 1315 1130 269
13565 4 2 7 1 1540 1510 2737 2865
13566 4 2 7 1 960 992 831 2965
13567 4 2 7 1 992 2426 831 2965
13568 4 2 7 1 1009 670 44 533
13569 4 2 7 1 2672 2990 2360 3002
13570 4 2 7 1 1776 1692 1779 2721
13571 4 2 7 1 2131 2865 2203 2937
13572 4 2 7 1 2047 2303 2690 3039
13573 4 2 7 1 1347 1350 1108 2574
13574 4 2 7 1 2097 2528 2828 2964
13575 4 2 7 1 1039 1070 1069 2743
13576 4 2 7 1 588 538 535 3027
13577 4 2 7 1 977 946 958 2697
13578 4 2 7 1 2019 2639 2458 2895
13579 4 2 7 1 1240 2856 1265 3015
13580 4 2 7 1 420 2474 390 3033
13581 4 2 7 1 1576 1886 1836 2689
13582 4 2 7 1 834 784 2668 2886
13583 4 2 7 1 843 456 295 2879
13584 4 2 7 1 1998 2182 2521 3008
13585 4 2 7 1 1980 2579 2272 2854
13586 4 2 7 1 353 601 2368 3048
13587 4 2 7 1 1515 1493 1546 3011
13588 4 2 7 1 647 842 841 2241
13589 4 2 7 1 2466 2876 603 3003
13590 4 2 7 1 2044 2750 2704 2949
13591 4 2 7 1 2319 2630 2118 3036
13592 4 2 7 1 1509 2824 2314 3046
13593 4 2 7 1 2047 2690 2243 2932
13594 4 2 7 1 2096 2751 2671 2790
13595 4 2 7 1 1119 1378 627 2631
13596 4 2 7 1 1873 2206 2698 2847
13597 4 2 7 1 1528 1509 1529 2314
13598 4 2 7 1 1813 1860 1602 2975
13599 4 2 7 1 2486 2511 2030 2777
13600 4 2 7 1 1008 712 793 2293
13601 4 2 7 1 1324 1434 1430 2272
13602 4 2 7 1 2533 2697 1793 2731
13603 4 2 7 1 1695 2470 1755 2984
13604 4 2 7 1 1675 1673 1678 2513
13605 4 2 7 1 1294 1412 1241 2357
13606 4 2 7 1 1824 1826 1699 2473
13607 4 2 7 1 2543 2677 2083 2950
13608 4 2 7 1 348 347 2783 2922
13609 4 2 7 1 546 286 585 2605
13610 4 2 7 1 2077 2800 2270 2872
13611 4 2 7 1 1244 1289 1288 2764
13612 4 2 7 1 680 2837 501 3005
13613 4 2 7 1 24 646 499 877
13614 4 2 7 1 868 865 864 2532
13615 4 2 7 1 2117 2305 2731 2988
13616 4 2 7 1 2154 2833 2365 3010
13617 4 2 7 1 1360 1424 1437 2741
13618 4 2 7 1 166 1583 678 2650
13619 4 2 7 1 1146 1299 1425 2821
13620 4 2 7 1 314 311 463 2851
13621 4 2 7 1 1958 2313 2575 2969
13622 4 2 7 1 2243 2690 2047 2856
13623 4 2 7 1 588 536 330 3027
13624 4 2 7 1 436 422 2759 2876
13625 4 2 7 1 2427 2431 2021 2892
13626 4 2 7 1 2529 2686 2302 3023
13627 4 2 7 1 291 485 29 887
13628 4 2 7 1 811 997 2493 2840
13629 4 2 7 1 1919 1765 1853 2973
13630 4 2 7 1 81 627 271 1430
13631 4 2 7 1 1073 1435 249 2681
13632 4 2 7 1 2352 2770 2329 2991
13633 4 2 7 1 962 729 930 2908
13634 4 2 7 1 999 910 911 2789
13635 4 2 7 1 543 406 340 2708
13636 4 2 7 1 911 657 912 2240
13637 4 2 7 1 2170 2896 2235 2981
13638 4 2 7 1 2071 2618 2286 2940
13639 4 2 7 1 2201 2655 2063 2804
13640 4 2 7 1 2000 2356 2592 2891
13641 4 2 7 1 1220 2497 1222 2893
13642 4 2 7 1 537 42 1011 565
13643 4 2 7 1 1468 1187 2615 2929
13644 4 2 7 1 2506 2548 2016 2984
13645 4 2 7 1 2050 2700 2353 2750
13646 4 2 7 1 1360 1437 1361 2741
13647 4 2 7 1 1141 1283 2516 2852
13648 4 2 7 1 294 1136 111 2642
13649 4 2 7 1 51 520 654 996
13650 4 2 7 1 419 581 455 2937
13651 4 2 7 1 423 521 570 2664
13652 4 2 7 1 1413 1114 100 2888
13653 4 2 7 1 595 492 282 2607
13654 4 2 7 1 298 451 600 2450
13655 4 2 7 1 1349 1352 1348 2563
13656 4 2 7 1 1871 2613 1745 2682
13657 4 2 7 1 1413 279 99 597
13658 4 2 7 1 852 1749 166 2650
13659 4 2 7 1 1060 1053 1061 2830
13660 4 2 7 1 1279 1278 1236 2999
13661 4 2 7 1 1209 1260 1207 2921
13662 4 2 7 1 754 753 752 2423
13663 4 2 7 1 2138 2754 2706 2928
13664 4 2 7 1 1555 140 649 1775
13665 4 2 7 1 2040 2990 2672 3002
13666 4 2 7 1 2045 2706 2754 2928
13667 4 2 7 1 2073 2676 2363 2956
13668 4 2 7 1 243 662 1032 984
13669 4 2 7 1 1674 2819 2226 2931
13670 4 2 7 1 1111 1402 86 632
13671 4 2 7 1 678 689 690 2748
13672 4 2 7 1 1847 1845 1905 2825
13673 4 2 7 1 702 997 704 2493
13674 4 2 7 1 1053 1050 1065 2692
13675 4 2 7 1 2040 2360 2990 3002
13676 4 2 7 1 629 475 272 3038
13677 4 2 7 1 1957 2712 2310 2947
13678 4 2 7 1 1424 1360 1418 2299
13679 4 2 7 1 2343 2816 2228 2882
13680 4 2 7 1 1826 1618 1699 2473
13681 4 2 7 1 757 758 759 3024
13682 4 2 7 1 2356 2000 2759 2876
13683 4 2 7 1 479 413 347 2922
13684 4 2 7 1 529 531 288 2427
13685 4 2 7 1 1455 2916 2332 2934
13686 4 2 7 1 1144 1286 1303 2194
13687 4 2 7 1 719 720 721 2918
13688 4 2 7 1 411 567 320 2415
13689 4 2 7 1 2035 2552 2693 2974
13690 4 2 7 1 1000 880 495 2611
13691 4 2 7 1 471 2585 621 2979
13692 4 2 7 1 2300 2898 2489 2991
13693 4 2 7 1 2013 2931 2226 2987
13694 4 2 7 1 1981 2640 2510 2733
13695 4 2 7 1 889 30 291 587
13696 4 2 7 1 2304 2654 2059 2799
13697 4 2 7 1 1890 1741 2425 2793
13698 4 2 7 1 600 62 1066 1034
13699 4 2 7 1 554 32 939 282
13700 4 2 7 1 1749 1583 166 2650
13701 4 2 7 1 2202 2739 2008 2828
13702 4 2 7 1 1450 1161 1269 2634
13703 4 2 7 1 939 1027 554 2607
13704 4 2 7 1 678 852 166 2650
13705 4 2 7 1 1486 2345 1517 2827
13706 4 2 7 1 536 2301 2863 3027
13707 4 2 7 1 402 488 486 2404
13708 4 2 7 1 1603 1605 1604 2785
13709 4 2 7 1 1908 1755 1756 2470
13710 4 2 7 1 2085 2796 2377 3024
13711 4 2 7 1 565 42 1011 658
13712 4 2 7 1 693 696 965 2808
13713 4 2 7 1 764 762 2657 2853
13714 4 2 7 1 608 458 1489 2865
13715 4 2 7 1 1278 1113 1295 2451
13716 4 2 7 1 487 265 486 2776
13717 4 2 7 1 865 786 864 2532
13718 4 2 7 1 1316 1315 1313 2165
13719 4 2 7 1 349 348 347 2783
13720 4 2 7 1 2148 2417 2536 2988
13721 4 2 7 1 2151 2756 2279 2829
13722 4 2 7 1 574 498 368 2586
13723 4 2 7 1 1528 1509 2314 3046
13724 4 2 7 1 568 569 2651 2958
13725 4 2 7 1 1799 208 1472 1568
13726 4 2 7 1 1429 1135 1358 2595
13727 4 2 7 1 1501 2976 2457 3046
13728 4 2 7 1 1399 1107 1464 2778
13729 4 2 7 1 1222 2497 2804 2893
13730 4 2 7 1 18 262 594 668
13731 4 2 7 1 1575 1830 1831 2920
13732 4 2 7 1 1396 1887 211 1569
13733 4 2 7 1 1802 1773 1706 2396
13734 4 2 7 1 773 771 770 2632
13735 4 2 7 1 272 477 629 2306
13736 4 2 7 1 2012 2538 2291 2701
13737 4 2 7 1 1627 1626 2881 3041
13738 4 2 7 1 887 803 2614 2776
13739 4 2 7 1 1476 1275 1477 2523
13740 4 2 7 1 1420 1416 1158 3040
13741 4 2 7 1 298 62 1066 600
13742 4 2 7 1 459 580 290 2426
13743 4 2 7 1 26 1024 493 880
13744 4 2 7 1 1379 2631 1434 2854
13745 4 2 7 1 1268 1266 1153 2372
13746 4 2 7 1 1845 184 1558 1308
13747 4 2 7 1 319 401 617 2359
13748 4 2 7 1 1540 1520 1489 2865
13749 4 2 7 1 378 379 380 2745
13750 4 2 7 1 2122 2859 2475 2879
13751 4 2 7 1 1836 1875 1576 2689
13752 4 2 7 1 559 262 974 2691
13753 4 2 7 1 1303 1448 1144 2194
13754 4 2 7 1 1123 1284 2578 2911
13755 4 2 7 1 722 796 724 2723
13756 4 2 7 1 1581 681 141 1775
13757 4 2 7 1 413 349 347 2922
13758 4 2 7 1 663 846 2780 2968
13759 4 2 7 1 569 394 430 2408
13760 4 2 7 1 2009 2384 2524 2975
13761 4 2 7 1 298 436 451 2450
13762 4 2 7 1 644 832 650 3047
13763 4 2 7 1 694 965 856 2808
13764 4 2 7 1 328 326 327 2946
13765 4 2 7 1 652 943 944 2815
13766 4 2 7 1 975 711 797 2487
13767 4 2 7 1 1526 1510 1527 2737
13768 4 2 7 1 1469 1273 1371 3008
13769 4 2 7 1 2275 2868 2533 2901
13770 4 2 7 1 1409 1345 2456 3040
13771 4 2 7 1 1206 1247 1208 2667
13772 4 2 7 1 210 1887 1362 1801
13773 4 2 7 1 1797 1796 1849 2391
13774 4 2 7 1 2286 2599 2110 2940
13775 4 2 7 1 1540 1527 1510 2865
13776 4 2 7 1 865 868 674 2252
13777 4 2 7 1 1945 2394 2598 2766
13778 4 2 7 1 262 19 974 860
13779 4 2 7 1 1301 605 2466 2904
13780 4 2 7 1 2054 2382 2734 2835
13781 4 2 7 1 1457 1139 1441 2290
13782 4 2 7 1 2156 2945 2309 3005
13783 4 2 7 1 1081 2743 1071 2957
13784 4 2 7 1 1705 1659 1803 2573
13785 4 2 7 1 1999 2676 2416 3044
13786 4 2 7 1 1794 1664 1662 2868
13787 4 2 7 1 2243 2690 2051 2932
13788 4 2 7 1 1028 983 872 2518
13789 4 2 7 1 1409 2456 3014 3040
13790 4 2 7 1 2442 2734 2179 2840
13791 4 2 7 1 1267 1411 1156 2543
13792 4 2 7 1 1248 1204 1202 2773
13793 4 2 7 1 2019 2245 2826 2982
13794 4 2 7 1 2084 2598 2394 2963
13795 4 2 7 1 1778 1692 1776 2721
13796 4 2 7 1 2145 2900 2321 3031
13797 4 2 7 1 2755 2918 2031 3029
13798 4 2 7 1 568 387 569 2958
13799 4 2 7 1 2173 2902 2328 3006
13800 4 2 7 1 2151 2829 2215 3009
13801 4 2 7 1 726 724 1015 2349
13802 4 2 7 1 2450 2759 2000 2876
13803 4 2 7 1 2086 2906 2383 2955
13804 4 2 7 1 353 2368 351 3048
13805 4 2 7 1 1243 1322 1321 2751
13806 4 2 7 1 721 722 723 2723
13807 4 2 7 1 313 570 312 2380
13808 4 2 7 1 1719 1685 1684 2392
13809 4 2 7 1 792 2567 935 2832
13810 4 2 7 1 1547 2447 1488 2968
13811 4 2 7 1 1944 2704 2228 2817
13812 4 2 7 1 919 813 1017 2728
13813 4 2 7 1 1848 1907 1754 2548
13814 4 2 7 1 552 550 553 2795
13815 4 2 7 1 1257 2577 1170 2936
13816 4 2 7 1 30 889 656 587
13817 4 2 7 1 130 1884 1552 857
13818 4 2 7 1 1350 1351 1108 2574
13819 4 2 7 1 54 293 459 2784
13820 4 2 7 1 612 1132 1310 2663
13821 4 2 7 1 804 752 750 2749
13822 4 2 7 1 355 353 414 2584
13823 4 2 7 1 1416 1160 1158 2488
13824 4 2 7 1 1891 1704 1809 2182
13825 4 2 7 1 683 55 990 301
13826 4 2 7 1 74 1315 269 557
13827 4 2 7 1 1955 2869 2509 2923
13828 4 2 7 1 1100 89 636 2725
13829 4 2 7 1 400 352 577 2313
13830 4 2 7 1 1183 1440 1181 2736
13831 4 2 7 1 521 520 523 2527
13832 4 2 7 1 1535 1889 230 1587
13833 4 2 7 1 1252 1177 1179 2820
13834 4 2 7 1 224 1747 1590 1439
13835 4 2 7 1 1655 1656 1657 2612
13836 4 2 7 1 185 1847 1436 1125
13837 4 2 7 1 1585 1921 2346 2849
13838 4 2 7 1 790 883 950 2398
13839 4 2 7 1 1556 1732 1719 2801
13840 4 2 7 1 299 2960 592 2961
13841 4 2 7 1 926 2582 791 2900
13842 4 2 7 1 1131 83 628 272
13843 4 2 7 1 2007 2609 2344 2869
13844 4 2 7 1 421 398 2659 2810
13845 4 2 7 1 1353 1361 1250 2531
13846 4 2 7 1 2443 2754 2138 2928
13847 4 2 7 1 1424 1245 1437 2741
13848 4 2 7 1 441 641 644 3047
13849 4 2 7 1 2107 2231 2845 3048
13850 4 2 7 1 1549 1524 1490 2780
13851 4 2 7 1 2069 2490 2653 2842
13852 4 2 7 1 1299 1282 1297 2821
13853 4 2 7 1 1952 2791 2277 3028
13854 4 2 7 1 987 683 827 2236
13855 4 2 7 1 2037 2805 2481 2943
13856 4 2 7 1 2466 2876 2133 2891
13857 4 2 7 1 1428 2577 1340 3042
13858 4 2 7 1 1400 1205 1207 2464
13859 4 2 7 1 447 284 446 2374
13860 4 2 7 1 580 2426 459 3035
13861 4 2 7 1 385 384 386 2371
13862 4 2 7 1 1310 1109 268 2663
13863 4 2 7 1 925 651 2900 3031
13864 4 2 7 1 668 859 860 2752
13865 4 2 7 1 1771 2767 2245 2826
13866 4 2 7 1 1922 1563 198 1385
13867 4 2 7 1 568 388 385 2958
13868 4 2 7 1 1408 1241 1311 2633
13869 4 2 7 1 1222 1220 1318 2497
13870 4 2 7 1 686 2792 844 2879
13871 4 2 7 1 1788 1656 1689 2636
13872 4 2 7 1 1443 259 1496 1494
13873 4 2 7 1 503 2997 2309 3005
13874 4 2 7 1 2008 2696 2297 2739
13875 4 2 7 1 906 715 800 2446
13876 4 2 7 1 2025 2896 2433 2917
13877 4 2 7 1 989 845 1490 2780
13878 4 2 7 1 1389 1388 1248 2684
13879 4 2 7 1 757 755 756 3024
13880 4 2 7 1 2033 2818 2268 3016
13881 4 2 7 1 1307 1234 1292 2620
13882 4 2 7 1 2045 2754 2443 2928
13883 4 2 7 1 1890 174 1033 1082
13884 4 2 7 1 847 851 2870 2886
13885 4 2 7 1 1686 1685 1687 2738
13886 4 2 7 1 1238 1240 1263 2856
13887 4 2 7 1 2349 2683 2080 2723
13888 4 2 7 1 1796 1850 1849 2731
13889 4 2 7 1 1062 1053 1065 2830
13890 4 2 7 1 1145 457 111 2642
13891 4 2 7 1 1399 2551 1107 2778
13892 4 2 7 1 1300 1264 1240 3015
13893 4 2 7 1 1786 1784 1785 2674
13894 4 2 7 1 2520 2071 2618 3042
13895 4 2 7 1 1734 2849 1904 3011
13896 4 2 7 1 504 374 505 2565
13897 4 2 7 1 1048 1047 1046 2862
13898 4 2 7 1 1519 684 237 982
13899 4 2 7 1 436 422 451 2759
13900 4 2 7 1 1074 1894 172 1567
13901 4 2 7 1 1100 1359 89 2725
13902 4 2 7 1 1274 1265 1239 2243
13903 4 2 7 1 857 676 957 2391
13904 4 2 7 1 1881 1332 215 2934
13905 4 2 7 1 1556 1931 661 853
13906 4 2 7 1 535 2986 2771 3027
13907 4 2 7 1 838 987 2877 2961
13908 4 2 7 1 1840 1874 1841 2608
13909 4 2 7 1 604 60 1069 1039
13910 4 2 7 1 852 690 966 2855
13911 4 2 7 1 2040 2491 2740 3002
13912 4 2 7 1 970 266 12 2870
13913 4 2 7 1 499 501 23 680
13914 4 2 7 1 2269 2673 2068 3035
13915 4 2 7 1 1934 126 1931 853
13916 4 2 7 1 1809 2182 1704 3000
13917 4 2 7 1 852 2650 2855 3004
13918 4 2 7 1 1433 1331 1126 2208
13919 4 2 7 1 2043 2433 2897 3025
13920 4 2 7 1 710 2553 793 2903
13921 4 2 7 1 1741 1588 1890 2425
13922 4 2 7 1 880 879 804 3012
13923 4 2 7 1 1391 1206 1204 2716
13924 4 2 7 1 967 1877 143 2972
13925 4 2 7 1 533 534 287 2771
13926 4 2 7 1 1335 1258 1337 2913
13927 4 2 7 1 680 877 499 2837
13928 4 2 7 1 661 1931 125 853
13929 4 2 7 1 2148 2897 2624 3025
13930 4 2 7 1 1141 1283 1298 2516
13931 4 2 7 1 410 335 473 2383
13932 4 2 7 1 2405 2546 2060 2976
13933 4 2 7 1 1755 1695 1756 2470
13934 4 2 7 1 956 802 895 2829
13935 4 2 7 1 889 291 887 2614
13936 4 2 7 1 2085 2705 2292 2796
13937 4 2 7 1 1318 1325 1222 2497
13938 4 2 7 1 1948 2623 2459 2940
13939 4 2 7 1 2469 2928 2045 3017
13940 4 2 7 1 1621 1620 1622 2587
13941 4 2 7 1 544 596 546 2799
13942 4 2 7 1 1455 1333 2332 2916
13943 4 2 7 1 1827 1855 1828 2884
13944 4 2 7 1 11 843 671 456
13945 4 2 7 1 1009 537 43 1011
13946 4 2 7 1 1585 1746 123 682
13947 4 2 7 1 1945 2598 2270 2766
13948 4 2 7 1 681 885 141 1775
13949 4 2 7 1 923 658 922 2605
13950 4 2 7 1 1111 632 630 2645
13951 4 2 7 1 289 520 521 2527
13952 4 2 7 1 1392 1388 1131 3038
13953 4 2 7 1 1571 1805 218 1107
13954 4 2 7 1 985 939 32 282
13955 4 2 7 1 1019 2503 659 2757
13956 4 2 7 1 1107 1805 219 1449
13957 4 2 7 1 977 772 875 2305
13958 4 2 7 1 2053 2805 2258 2943
13959 4 2 7 1 1125 184 1845 1308
13960 4 2 7 1 866 884 949 2324
13961 4 2 7 1 1019 2503 2757 3036
13962 4 2 7 1 674 137 867 1785
13963 4 2 7 1 942 943 652 2689
13964 4 2 7 1 1808 1807 1704 3000
13965 4 2 7 1 1387 1111 630 2645
13966 4 2 7 1 266 970 641 3047
13967 4 2 7 1 1572 1782 1885 2972
13968 4 2 7 1 2037 2258 2805 2943
13969 4 2 7 1 1299 2821 1146 3045
13970 4 2 7 1 595 400 2953 2992
13971 4 2 7 1 1579 162 665 2858
13972 4 2 7 1 1793 1794 1792 2533
13973 4 2 7 1 420 390 386 3033
13974 4 2 7 1 1874 1840 1843 2811
13975 4 2 7 1 1649 1651 1722 2594
13976 4 2 7 1 1355 1429 1358 2595
13977 4 2 7 1 404 2687 492 2953
13978 4 2 7 1 2388 2462 2006 2861
13979 4 2 7 1 1191 2521 1273 3008
13980 4 2 7 1 805 859 766 2661
13981 4 2 7 1 1066 1034 1057 2450
13982 4 2 7 1 928 791 2582 2900
13983 4 2 7 1 667 967 143 2972
13984 4 2 7 1 1114 512 100 2888
13985 4 2 7 1 2290 2950 1457 3007
13986 4 2 7 1 174 1890 1588 1082
13987 4 2 7 1 1803 1773 1569 3022
13988 4 2 7 1 2237 2877 2236 2961
13989 4 2 7 1 867 866 865 2674
13990 4 2 7 1 53 459 995 655
13991 4 2 7 1 2585 2790 2218 2979
13992 4 2 7 1 676 1849 132 1850
13993 4 2 7 1 2233 2056 2909 2993
13994 4 2 7 1 628 475 2631 3038
13995 4 2 7 1 52 524 996 995
13996 4 2 7 1 418 398 396 2810
13997 4 2 7 1 1619 1697 1760 2519
13998 4 2 7 1 490 492 404 2687
13999 4 2 7 1 1321 1319 1320 2492
14000 4 2 7 1 262 974 19 559
14001 4 2 7 1 1116 1456 1374 2554
14002 4 2 7 1 535 287 534 2771
14003 4 2 7 1 1280 1403 1219 2256
14004 4 2 7 1 1367 1474 1330 2641
14005 4 2 7 1 943 794 952 2560
14006 4 2 7 1 2377 2796 2188 3024
14007 4 2 7 1 804 964 993 2749
14008 4 2 7 1 582 299 592 2961
14009 4 2 7 1 1010 654 917 2527
14010 4 2 7 1 416 512 514 2323
14011 4 2 7 1 1635 1637 1769 2616
14012 4 2 7 1 718 2918 719 3029
14013 4 2 7 1 1360 2531 1353 2725
14014 4 2 7 1 1038 1894 172 1074
14015 4 2 7 1 1371 1372 1469 2615
14016 4 2 7 1 510 278 511 2388
14017 4 2 7 1 898 677 897 3009
14018 4 2 7 1 1887 1705 1803 2550
14019 4 2 7 1 1454 1270 1333 2332
14020 4 2 7 1 1257 1428 1170 2577
14021 4 2 7 1 315 316 313 2559
14022 4 2 7 1 16 460 261 828
14023 4 2 7 1 1362 1122 1363 2550
14024 4 2 7 1 291 29 889 887
14025 4 2 7 1 1171 1462 1271 2540
14026 4 2 7 1 793 1005 912 2553
14027 4 2 7 1 495 494 496 2611
14028 4 2 7 1 1661 1803 1659 2573
14029 4 2 7 1 1522 1489 115 458
14030 4 2 7 1 966 852 2855 3004
14031 4 2 7 1 1994 2445 2624 3025
14032 4 2 7 1 939 1027 2607 2795
14033 4 2 7 1 833 776 778 2471
14034 4 2 7 1 2370 2680 2017 3019
14035 4 2 7 1 1409 3014 1416 3040
14036 4 2 7 1 72 555 268 1109
14037 4 2 7 1 1711 1718 1721 2993
14038 4 2 7 1 916 917 654 2527
14039 4 2 7 1 1455 1332 2916 2934
14040 4 2 7 1 1543 637 1495 2792
14041 4 2 7 1 769 953 767 3021
14042 4 2 7 1 511 597 415 2413
14043 4 2 7 1 1564 1772 1930 2767
14044 4 2 7 1 519 517 414 2224
14045 4 2 7 1 2031 2726 2514 2755
14046 4 2 7 1 1274 1301 1471 2466
14047 4 2 7 1 140 885 649 1775
14048 4 2 7 1 1817 1816 1815 3009
14049 4 2 7 1 2377 2518 2085 3024
14050 4 2 7 1 669 265 27 1024
14051 4 2 7 1 273 480 633 2637
14052 4 2 7 1 1876 1693 1634 2928
14053 4 2 7 1 450 2651 449 2666
14054 4 2 7 1 982 2447 849 2968
14055 4 2 7 1 273 478 632 2637
14056 4 2 7 1 1781 1694 1780 3019
14057 4 2 7 1 530 528 411 2892
14058 4 2 7 1 2103 2765 2430 2948
14059 4 2 7 1 1413 100 279 2888
14060 4 2 7 1 2704 2732 2017 2817
14061 4 2 7 1 1653 1652 1654 2978
14062 4 2 7 1 224 1747 1439 1139
14063 4 2 7 1 1407 1162 1259 2509
14064 4 2 7 1 1779 2721 1692 3019
14065 4 2 7 1 2182 2187 3000 3008
14066 4 2 7 1 478 412 2645 2926
14067 4 2 7 1 742 1004 890 2496
14068 4 2 7 1 947 648 823 2309
14069 4 2 7 1 1500 1499 1501 3046
14070 4 2 7 1 2117 2731 2391 2988
14071 4 2 7 1 712 710 793 2903
14072 4 2 7 1 149 980 1829 2920
14073 4 2 7 1 2650 2748 690 2855
14074 4 2 7 1 1356 1182 1417 2998
14075 4 2 7 1 1343 1413 1423 2888
14076 4 2 7 1 1251 1406 1176 2606
14077 4 2 7 1 2245 2767 2019 2826
14078 4 2 7 1 1820 1612 1701 2455
14079 4 2 7 1 641 970 13 832
14080 4 2 7 1 706 2735 789 2789
14081 4 2 7 1 385 2371 386 2958
14082 4 2 7 1 1863 1626 1624 3041
14083 4 2 7 1 670 862 1029 2771
14084 4 2 7 1 741 792 935 2832
14085 4 2 7 1 1782 1867 1885 2576
14086 4 2 7 1 302 304 303 2802
14087 4 2 7 1 1143 1425 1432 2769
14088 4 2 7 1 867 138 873 2674
14089 4 2 7 1 489 402 486 2404
14090 4 2 7 1 1284 1286 2578 2786
14091 4 2 7 1 2143 2729 2332 2934
14092 4 2 7 1 1162 2509 1407 2989
14093 4 2 7 1 1772 2767 1771 2826
14094 4 2 7 1 436 424 422 2876
14095 4 2 7 1 1070 1071 1081 2743
14096 4 2 7 1 564 331 407 2722
14097 4 2 7 1 2030 2610 2472 2777
14098 4 2 7 1 235 989 1524 663
14099 4 2 7 1 231 1927 1537 3011
14100 4 2 7 1 682 1746 123 855
14101 4 2 7 1 1130 1317 1415 2421
14102 4 2 7 1 1318 1220 1242 2497
14103 4 2 7 1 2069 2842 2525 2901
14104 4 2 7 1 668 460 17 976
14105 4 2 7 1 67 605 296 1140
14106 4 2 7 1 775 820 954 2483
14107 4 2 7 1 2301 2078 2894 3027
14108 4 2 7 1 887 888 803 2776
14109 4 2 7 1 2284 2646 2070 3045
14110 4 2 7 1 1409 1416 1345 3040
14111 4 2 7 1 1612 1614 1613 2506
14112 4 2 7 1 2083 2764 2543 2950
14113 4 2 7 1 447 575 392 2717
14114 4 2 7 1 1420 1154 1346 2627
14115 4 2 7 1 499 500 501 2837
14116 4 2 7 1 1902 183 1102 1308
14117 4 2 7 1 314 426 315 2601
14118 4 2 7 1 91 517 519 1134
14119 4 2 7 1 2336 2115 2696 3026
14120 4 2 7 1 1033 1082 1062 2425
14121 4 2 7 1 2459 2623 2348 2940
14122 4 2 7 1 1444 1268 1153 2950
14123 4 2 7 1 529 288 528 2892
14124 4 2 7 1 2497 2063 2804 2893
14125 4 2 7 1 898 802 900 2829
14126 4 2 7 1 2301 2863 2227 2946
14127 4 2 7 1 1879 1774 1570 2934
14128 4 2 7 1 1940 2781 2352 2991
14129 4 2 7 1 295 686 843 2879
14130 4 2 7 1 272 475 628 3038
14131 4 2 7 1 1567 1725 1741 2793
14132 4 2 7 1 294 111 457 2642
14133 4 2 7 1 2026 2397 2803 3049
14134 4 2 7 1 2119 2693 2552 2974
14135 4 2 7 1 617 2359 401 3020
14136 4 2 7 1 2034 2863 2333 2889
14137 4 2 7 1 882 881 884 2597
14138 4 2 7 1 2218 2798 2572 2872
14139 4 2 7 1 2286 2618 2599 2940
14140 4 2 7 1 1721 2658 1733 2993
14141 4 2 7 1 843 11 295 456
14142 4 2 7 1 21 263 648 947
14143 4 2 7 1 130 1884 857 647
14144 4 2 7 1 431 421 443 2859
14145 4 2 7 1 633 478 2637 2926
14146 4 2 7 1 982 684 849 2447
14147 4 2 7 1 984 1036 685 2564
14148 4 2 7 1 946 676 132 1850
14149 4 2 7 1 2322 2637 2081 2926
14150 4 2 7 1 673 909 959 2884
14151 4 2 7 1 1175 1173 1174 2765
14152 4 2 7 1 1402 1418 87 635
14153 4 2 7 1 1270 1165 1167 2729
14154 4 2 7 1 2673 2802 2068 3035
14155 4 2 7 1 797 713 906 2702
14156 4 2 7 1 1323 1321 1322 2979
14157 4 2 7 1 273 1402 87 635
14158 4 2 7 1 1527 2737 1510 2865
14159 4 2 7 1 1503 1504 1505 2976
14160 4 2 7 1 683 2236 987 2961
14161 4 2 7 1 1501 1503 1502 2976
14162 4 2 7 1 1553 1792 1791 2697
14163 4 2 7 1 668 18 262 860
14164 4 2 7 1 1634 1876 2928 3017
14165 4 2 7 1 1262 2440 1225 2980
14166 4 2 7 1 554 553 2607 2795
14167 4 2 7 1 1773 1661 1663 2596
14168 4 2 7 1 1933 2809 1808 2834
14169 4 2 7 1 824 695 839 2699
14170 4 2 7 1 181 1427 1557 1900
14171 4 2 7 1 1829 1575 149 2920
14172 4 2 7 1 579 364 399 2491
14173 4 2 7 1 1035 1445 1067 251
14174 4 2 7 1 803 890 889 2614
14175 4 2 7 1 1329 1328 1261 2320
14176 4 2 7 1 1315 74 1314 557
14177 4 2 7 1 632 1402 86 273
14178 4 2 7 1 1846 1558 1913 2580
14179 4 2 7 1 1284 2786 2578 2911
14180 4 2 7 1 1523 1442 1492 256
14181 4 2 7 1 1552 1883 1797 2847
14182 4 2 7 1 2373 2591 2124 2883
14183 4 2 7 1 1631 1633 1702 2476
14184 4 2 7 1 54 990 293 2784
14185 4 2 7 1 701 812 811 2442
14186 4 2 7 1 2333 2894 2078 3027
14187 4 2 7 1 1340 1428 1257 2577
14188 4 2 7 1 726 1017 728 2728
14189 4 2 7 1 2071 2348 2623 2940
14190 4 2 7 1 2598 2766 2394 2963
14191 4 2 7 1 1587 1721 1734 3011
14192 4 2 7 1 1342 1336 1129 2502
14193 4 2 7 1 822 878 877 2837
14194 4 2 7 1 636 88 1100 635
14195 4 2 7 1 1361 2741 1437 2924
14196 4 2 7 1 2074 2408 2651 2902
14197 4 2 7 1 1921 1746 1585 2346
14198 4 2 7 1 875 957 676 2391
14199 4 2 7 1 1225 1262 1223 2440
14200 4 2 7 1 242 984 1036 685
14201 4 2 7 1 414 639 355 2584
14202 4 2 7 1 1860 1811 1713 2975
14203 4 2 7 1 2154 2803 2397 3049
14204 4 2 7 1 1916 1854 1763 2885
14205 4 2 7 1 1024 265 27 493
14206 4 2 7 1 1389 1390 1111 2645
14207 4 2 7 1 395 396 397 2810
14208 4 2 7 1 1911 1560 1756 2925
14209 4 2 7 1 478 412 477 2645
14210 4 2 7 1 814 1018 2346 2644
14211 4 2 7 1 2468 2604 2058 2959
14212 4 2 7 1 2035 2491 2672 3002
14213 4 2 7 1 1528 1504 1501 2976
14214 4 2 7 1 782 807 814 2644
14215 4 2 7 1 571 578 425 2774
14216 4 2 7 1 2300 2011 2898 2991
14217 4 2 7 1 1197 1198 1199 2983
14218 4 2 7 1 1119 1434 1379 2631
14219 4 2 7 1 981 784 779 2668
14220 4 2 7 1 2333 2863 2034 2894
14221 4 2 7 1 1922 1127 197 2941
14222 4 2 7 1 267 1113 2451 2904
14223 4 2 7 1 1748 227 1534 1491
14224 4 2 7 1 2179 2965 2426 3028
14225 4 2 7 1 1557 1427 181 1287
14226 4 2 7 1 1293 1113 1278 2451
14227 4 2 7 1 1041 1084 1097 3013
14228 4 2 7 1 2024 2838 2351 2971
14229 4 2 7 1 461 388 450 2369
14230 4 2 7 1 1851 1653 1723 2361
14231 4 2 7 1 712 713 2903 2954
14232 4 2 7 1 2722 2863 2034 2889
14233 4 2 7 1 2025 2635 2794 2896
14234 4 2 7 1 988 244 1032 1043
14235 4 2 7 1 332 330 331 2889
14236 4 2 7 1 376 377 378 2745
14237 4 2 7 1 1100 1360 1353 2725
14238 4 2 7 1 73 555 1109 557
14239 4 2 7 1 1495 637 119 1518
14240 4 2 7 1 2530 2026 2803 3010
14241 4 2 7 1 1182 2736 1180 2998
14242 4 2 7 1 1442 1523 1118 256
14243 4 2 7 1 764 948 805 2657
14244 4 2 7 1 2010 2766 2598 2963
14245 4 2 7 1 2268 2818 2167 3016
14246 4 2 7 1 1572 143 1877 2972
14247 4 2 7 1 632 85 1111 630
14248 4 2 7 1 845 1533 234 1490
14249 4 2 7 1 322 324 530 2504
14250 4 2 7 1 1994 2897 2433 3025
14251 4 2 7 1 1515 2658 1535 3011
14252 4 2 7 1 898 897 895 3009
14253 4 2 7 1 263 22 501 3005
14254 4 2 7 1 2655 2804 2201 2944
14255 4 2 7 1 1290 1300 1265 3015
14256 4 2 7 1 85 1387 1111 630
14257 4 2 7 1 1276 1142 1290 2681
14258 4 2 7 1 956 894 961 2814
14259 4 2 7 1 175 1082 1896 1085
14260 4 2 7 1 1126 1909 1560 2925
14261 4 2 7 1 1420 1155 1154 2627
14262 4 2 7 1 410 2631 475 2823
14263 4 2 7 1 1676 2915 2435 2931
14264 4 2 7 1 2024 2378 2971 3018
14265 4 2 7 1 2509 2869 2160 2923
14266 4 2 7 1 1746 1921 1718 2346
14267 4 2 7 1 1470 1371 1273 3008
14268 4 2 7 1 244 1032 662 988
14269 4 2 7 1 583 378 380 2970
14270 4 2 7 1 1639 1640 1641 2458
14271 4 2 7 1 422 308 435 2759
14272 4 2 7 1 1468 1185 1187 2929
14273 4 2 7 1 1388 1389 1387 2645
14274 4 2 7 1 605 67 1301 1140
14275 4 2 7 1 773 774 771 2632
14276 4 2 7 1 1638 1841 1874 2608
14277 4 2 7 1 1815 1816 1812 3009
14278 4 2 7 1 1480 1386 1478 2941
14279 4 2 7 1 1741 1726 1588 2425
14280 4 2 7 1 2621 2681 2075 3032
14281 4 2 7 1 904 797 906 2702
14282 4 2 7 1 162 893 665 2858
14283 4 2 7 1 1937 2416 2676 3044
14284 4 2 7 1 847 843 844 2879
14285 4 2 7 1 2068 2784 2426 3035
14286 4 2 7 1 1270 1455 1333 2332
14287 4 2 7 1 295 609 10 686
14288 4 2 7 1 898 895 2829 3009
14289 4 2 7 1 1708 1686 1688 2738
14290 4 2 7 1 1908 187 1559 1103
14291 4 2 7 1 1805 1806 219 1449
14292 4 2 7 1 547 596 544 2799
14293 4 2 7 1 2599 2618 1948 2940
14294 4 2 7 1 1587 1733 1721 2658
14295 4 2 7 1 1579 1810 162 2858
14296 4 2 7 1 701 698 856 2875
14297 4 2 7 1 1224 1325 1229 2804
14298 4 2 7 1 2353 2700 1962 2949
14299 4 2 7 1 1828 1825 1827 2884
14300 4 2 7 1 468 467 384 2836
14301 4 2 7 1 215 1106 1570 2934
14302 4 2 7 1 855 2346 1746 2801
14303 4 2 7 1 2385 2722 2034 2889
14304 4 2 7 1 318 320 567 2775
14305 4 2 7 1 1543 614 637 2792
14306 4 2 7 1 1934 1551 127 1031
14307 4 2 7 1 1141 259 1496 1443
14308 4 2 7 1 421 455 443 2659
14309 4 2 7 1 187 1559 1103 1377
14310 4 2 7 1 970 834 832 3047
14311 4 2 7 1 1045 1047 1076 2862
14312 4 2 7 1 2469 2706 2045 2928
14313 4 2 7 1 879 878 1016 3012
14314 4 2 7 1 2863 2894 2333 3027
14315 4 2 7 1 796 1013 923 2484
14316 4 2 7 1 82 628 627 1378
14317 4 2 7 1 1572 667 143 2972
14318 4 2 7 1 305 303 304 3035
14319 4 2 7 1 478 2645 2637 2926
14320 4 2 7 1 608 116 276 1520
14321 4 2 7 1 928 2472 971 2900
14322 4 2 7 1 125 1556 1931 661
14323 4 2 7 1 100 512 279 2888
14324 4 2 7 1 1768 1767 1702 2941
14325 4 2 7 1 2035 2693 2452 2974
14326 4 2 7 1 2237 2960 838 2961
14327 4 2 7 1 363 361 561 2448
14328 4 2 7 1 1754 1695 1755 2984
14329 4 2 7 1 1868 2715 1596 3010
14330 4 2 7 1 349 351 350 2783
14331 4 2 7 1 1003 706 789 2789
14332 4 2 7 1 590 529 530 2892
14333 4 2 7 1 245 1043 988 979
14334 4 2 7 1 1191 1369 1273 2521
14335 4 2 7 1 1369 1273 2521 3008
14336 4 2 7 1 1210 1208 1393 2667
14337 4 2 7 1 2000 2876 2356 2891
14338 4 2 7 1 1310 1408 1109 2663
14339 4 2 7 1 813 728 1017 2728
14340 4 2 7 1 1625 1623 1624 3041
14341 4 2 7 1 2572 2798 2077 2872
14342 4 2 7 1 1898 228 1521 1566
14343 4 2 7 1 456 671 12 2870
14344 4 2 7 1 173 1890 1033 2793
14345 4 2 7 1 800 717 972 2755
14346 4 2 7 1 1214 1431 1243 2751
14347 4 2 7 1 1957 2999 2303 3039
14348 4 2 7 1 268 612 71 1310
14349 4 2 7 1 1069 277 60 604
14350 4 2 7 1 23 499 680 877
14351 4 2 7 1 1804 1802 1706 2396
14352 4 2 7 1 1881 2916 1332 2934
14353 4 2 7 1 1465 2820 2430 2948
14354 4 2 7 1 1312 2633 1311 2944
14355 4 2 7 1 563 476 339 2549
14356 4 2 7 1 69 610 267 1483
14357 4 2 7 1 942 968 943 2689
14358 4 2 7 1 2051 2891 2243 2932
14359 4 2 7 1 1172 1174 1173 2765
14360 4 2 7 1 1234 2620 1307 2964
14361 4 2 7 1 459 2426 655 2784
14362 4 2 7 1 2148 2624 2445 3025
14363 4 2 7 1 1099 221 1736 1446
14364 4 2 7 1 997 917 789 2735
14365 4 2 7 1 1535 1515 1513 2658
14366 4 2 7 1 261 449 448 2666
14367 4 2 7 1 1929 1647 1862 2834
14368 4 2 7 1 834 851 784 2886
14369 4 2 7 1 1674 1672 1673 2819
14370 4 2 7 1 1126 1375 1909 2925
14371 4 2 7 1 559 974 20 560
14372 4 2 7 1 909 673 907 2884
14373 4 2 7 1 1240 2265 2856 3015
14374 4 2 7 1 1465 2430 1175 2948
14375 4 2 7 1 928 735 971 2472
14376 4 2 7 1 1193 1256 1369 2521
14377 4 2 7 1 1528 2976 1501 3046
14378 4 2 7 1 722 1013 796 2484
14379 4 2 7 1 835 825 829 3006
14380 4 2 7 1 1694 1867 1782 2576
14381 4 2 7 1 394 395 429 2665
14382 4 2 7 1 1371 1470 1370 3000
14383 4 2 7 1 2322 2871 2169 2922
14384 4 2 7 1 1868 1599 1596 2715
14385 4 2 7 1 1522 2769 1527 2865
14386 4 2 7 1 1403 2256 1280 2925
14387 4 2 7 1 940 1021 941 2757
14388 4 2 7 1 1604 1717 1753 2534
14389 4 2 7 1 311 312 310 2846
14390 4 2 7 1 1312 1311 1229 2944
14391 4 2 7 1 1284 1286 1302 2578
14392 4 2 7 1 757 759 872 3024
14393 4 2 7 1 483 513 279 2888
14394 4 2 7 1 1531 1541 1509 2824
14395 4 2 7 1 1518 637 119 297
14396 4 2 7 1 442 428 456 2870
14397 4 2 7 1 2009 2912 2524 3026
14398 4 2 7 1 580 459 303 3035
14399 4 2 7 1 380 383 462 2662
14400 4 2 7 1 1909 1756 1560 2925
14401 4 2 7 1 1494 1534 1531 2688
14402 4 2 7 1 1072 1080 1071 2960
14403 4 2 7 1 829 650 832 3047
14404 4 2 7 1 652 945 151 2815
14405 4 2 7 1 855 814 1018 2346
14406 4 2 7 1 1345 1137 1409 2456
14407 4 2 7 1 2068 3028 2269 3035
14408 4 2 7 1 1837 151 945 2815
14409 4 2 7 1 36 659 539 2757
14410 4 2 7 1 1750 1740 1751 2555
14411 4 2 7 1 605 437 2466 2904
14412 4 2 7 1 762 760 823 2445
14413 4 2 7 1 811 821 1010 2840
14414 4 2 7 1 1940 2489 2781 2991
14415 4 2 7 1 1239 1265 1240 2856
14416 4 2 7 1 1363 1252 1482 2820
14417 4 2 7 1 820 775 819 2483
14418 4 2 7 1 171 1882 1894 1038
14419 4 2 7 1 1792 1553 1793 2697
14420 4 2 7 1 799 732 1020 2630
14421 4 2 7 1 460 16 976 828
14422 4 2 7 1 548 940 36 2757
14423 4 2 7 1 2067 2921 2464 2942
14424 4 2 7 1 162 1810 893 2858
14425 4 2 7 1 2026 2727 2530 2803
14426 4 2 7 1 310 580 305 3035
14427 4 2 7 1 1733 1587 1889 2658
14428 4 2 7 1 988 662 837 2760
14429 4 2 7 1 2319 2908 2036 2930
14430 4 2 7 1 2046 2562 2748 2855
14431 4 2 7 1 980 1829 2920 2935
14432 4 2 7 1 1933 1808 1862 2834
14433 4 2 7 1 1750 1551 1740 2555
14434 4 2 7 1 353 351 601 3048
14435 4 2 7 1 1871 1566 1898 2682
14436 4 2 7 1 978 935 792 2567
14437 4 2 7 1 1057 1054 1075 2621
14438 4 2 7 1 931 675 973 2920
14439 4 2 7 1 634 351 349 3048
14440 4 2 7 1 287 2771 535 2986
14441 4 2 7 1 1334 1337 1112 2583
14442 4 2 7 1 925 651 926 2900
14443 4 2 7 1 606 63 1041 1066
14444 4 2 7 1 1019 659 941 2757
14445 4 2 7 1 562 343 412 2926
14446 4 2 7 1 1066 606 63 298
14447 4 2 7 1 840 820 830 2555
14448 4 2 7 1 1732 1718 1687 2707
14449 4 2 7 1 1543 1533 1001 2792
14450 4 2 7 1 453 603 436 2876
14451 4 2 7 1 605 437 296 2466
14452 4 2 7 1 1591 1872 1589 2753
14453 4 2 7 1 928 926 791 2900
14454 4 2 7 1 231 1587 1927 3011
14455 4 2 7 1 274 636 89 2725
14456 4 2 7 1 989 845 234 1490
14457 4 2 7 1 2063 2655 2497 2804
14458 4 2 7 1 80 271 624 1133
14459 4 2 7 1 1180 1182 1181 2736
14460 4 2 7 1 145 1842 924 2787
14461 4 2 7 1 2040 2672 2491 3002
14462 4 2 7 1 1359 274 89 2725
14463 4 2 7 1 948 764 762 2657
14464 4 2 7 1 463 307 578 2851
14465 4 2 7 1 589 377 375 2590
14466 4 2 7 1 1826 1878 1620 2831
14467 4 2 7 1 2627 2952 2200 3040
14468 4 2 7 1 28 265 669 2776
14469 4 2 7 1 652 151 1886 2815
14470 4 2 7 1 1507 1516 1517 2622
14471 4 2 7 1 1496 2824 1497 2852
14472 4 2 7 1 1982 2686 2529 3023
14473 4 2 7 1 1473 1099 1306 3007
14474 4 2 7 1 2301 2894 2863 3027
14475 4 2 7 1 36 539 548 2757
14476 4 2 7 1 470 327 566 2798
14477 4 2 7 1 245 1043 979 1042
14478 4 2 7 1 822 758 2545 2945
14479 4 2 7 1 179 1302 1586 1895
14480 4 2 7 1 1279 1236 1412 3043
14481 4 2 7 1 852 666 165 3004
14482 4 2 7 1 899 898 900 2756
14483 4 2 7 1 577 595 400 2953
14484 4 2 7 1 1882 171 1079 1038
14485 4 2 7 1 966 666 852 3004
14486 4 2 7 1 459 655 54 2784
14487 4 2 7 1 326 409 590 2946
14488 4 2 7 1 1019 2757 941 3036
14489 4 2 7 1 756 878 822 2545
14490 4 2 7 1 1494 1443 1542 2688
14491 4 2 7 1 2303 2999 2690 3039
14492 4 2 7 1 2047 2932 2381 3039
14493 4 2 7 1 625 1447 602 3013
14494 4 2 7 1 2678 2715 2154 3049
14495 4 2 7 1 36 940 659 2757
14496 4 2 7 1 1414 1436 1262 2980
14497 4 2 7 1 855 1018 682 2346
14498 4 2 7 1 743 950 792 2832
14499 4 2 7 1 1098 2564 1076 2957
14500 4 2 7 1 1199 1200 1201 2983
14501 4 2 7 1 173 1567 1890 2793
14502 4 2 7 1 415 597 513 2413
14503 4 2 7 1 778 776 777 2471
14504 4 2 7 1 1810 2858 1811 2975
14505 4 2 7 1 495 1000 26 880
14506 4 2 7 1 2282 2912 2009 3026
14507 4 2 7 1 784 2813 2668 2886
14508 4 2 7 1 809 808 826 2877
14509 4 2 7 1 1570 1881 215 2934
14510 4 2 7 1 1653 2361 1651 2978
14511 4 2 7 1 475 2823 2631 3038
14512 4 2 7 1 1378 627 82 1119
14513 4 2 7 1 165 1749 852 3004
14514 4 2 7 1 629 563 475 2823
14515 4 2 7 1 1586 1727 1895 2578
14516 4 2 7 1 231 1537 1535 3011
14517 4 2 7 1 421 397 398 2810
14518 4 2 7 1 675 980 149 2920
14519 4 2 7 1 1076 1047 1081 2957
14520 4 2 7 1 450 261 460 2666
14521 4 2 7 1 2031 2918 2295 3029
14522 4 2 7 1 1287 1427 1292 2495
14523 4 2 7 1 1651 1653 1851 2361
14524 4 2 7 1 868 864 787 2709
14525 4 2 7 1 1140 2466 296 3003
14526 4 2 7 1 1543 1495 1533 2792
14527 4 2 7 1 760 876 823 2945
14528 4 2 7 1 982 849 1007 2968
14529 4 2 7 1 848 2813 784 2886
14530 4 2 7 1 848 851 847 2886
14531 4 2 7 1 958 660 871 2697
14532 4 2 7 1 1693 1876 1832 2928
14533 4 2 7 1 666 1580 165 3004
14534 4 2 7 1 404 491 490 2687
14535 4 2 7 1 2311 2813 2037 2956
14536 4 2 7 1 1333 1128 1451 2916
14537 4 2 7 1 2308 2850 2086 2906
14538 4 2 7 1 1046 1045 1044 2862
14539 4 2 7 1 1372 1468 1469 2615
14540 4 2 7 1 1018 682 2346 2849
14541 4 2 7 1 536 328 330 2863
14542 4 2 7 1 475 410 474 2631
14543 4 2 7 1 2293 2903 2099 2954
14544 4 2 7 1 1884 129 1750 647
14545 4 2 7 1 717 718 719 3029
14546 4 2 7 1 2096 2790 2585 2979
14547 4 2 7 1 587 985 31 282
14548 4 2 7 1 1575 675 149 2920
14549 4 2 7 1 768 770 769 3021
14550 4 2 7 1 1254 1440 1183 2438
14551 4 2 7 1 749 751 949 2910
14552 4 2 7 1 2060 2314 2878 3046
14553 4 2 7 1 180 1123 1895 1557
14554 4 2 7 1 456 12 266 2870
14555 4 2 7 1 1496 1531 1497 2824
14556 4 2 7 1 1109 1314 73 557
14557 4 2 7 1 1509 1499 1497 2824
14558 4 2 7 1 330 328 329 2863
14559 4 2 7 1 403 551 549 2588
14560 4 2 7 1 1455 1332 1333 2916
14561 4 2 7 1 1504 1508 1506 2546
14562 4 2 7 1 1790 1787 1789 2864
14563 4 2 7 1 145 924 933 2787
14564 4 2 7 1 1123 1284 1302 2578
14565 4 2 7 1 948 974 805 2691
14566 4 2 7 1 333 332 331 2889
14567 4 2 7 1 762 823 948 2657
14568 4 2 7 1 495 25 1000 264
14569 4 2 7 1 1396 212 1138 3022
14570 4 2 7 1 291 489 485 2614
14571 4 2 7 1 1493 1515 1537 3011
14572 4 2 7 1 554 553 595 2607
14573 4 2 7 1 1872 1742 1882 2753
14574 4 2 7 1 1574 1736 221 1446
14575 4 2 7 1 641 13 970 266
14576 4 2 7 1 1037 249 1142 2681
14577 4 2 7 1 1491 1748 227 1898
14578 4 2 7 1 759 1028 872 2518
14579 4 2 7 1 1299 1297 1425 2821
14580 4 2 7 1 1123 1285 1284 2911
14581 4 2 7 1 1082 1588 175 1896
14582 4 2 7 1 1486 1517 1518 2827
14583 4 2 7 1 1791 1790 1789 2864
14584 4 2 7 1 1402 1390 1424 2637
14585 4 2 7 1 408 573 585 2571
14586 4 2 7 1 1627 1625 1626 3041
14587 4 2 7 1 1326 1260 1209 2355
14588 4 2 7 1 1470 1273 1369 3008
14589 4 2 7 1 863 862 1009 2771
14590 4 2 7 1 1329 1261 1433 2320
14591 4 2 7 1 1447 3003 602 3013
14592 4 2 7 1 2097 2828 2620 2964
14593 4 2 7 1 1799 1582 1851 2554
14594 4 2 7 1 503 502 2997 3005
14595 4 2 7 1 2611 2749 2040 3012
14596 4 2 7 1 1395 1270 1458 2729
14597 4 2 7 1 611 1522 115 458
14598 4 2 7 1 1107 1399 1398 2551
14599 4 2 7 1 478 273 633 2637
14600 4 2 7 1 738 739 737 2768
14601 4 2 7 1 377 589 484 2590
14602 4 2 7 1 1810 1811 1813 2975
14603 4 2 7 1 1258 1339 1166 2913
14604 4 2 7 1 2616 2826 2245 2982
14605 4 2 7 1 877 680 822 2837
14606 4 2 7 1 1577 1824 1823 2669
14607 4 2 7 1 1920 1922 197 2941
14608 4 2 7 1 1971 2873 2400 2902
14609 4 2 7 1 77 270 619 1110
14610 4 2 7 1 1076 1098 1036 2564
14611 4 2 7 1 745 743 744 2626
14612 4 2 7 1 2309 2997 2156 3005
14613 4 2 7 1 1056 1075 1054 2621
14614 4 2 7 1 1089 606 1041 3013
14615 4 2 7 1 679 920 921 2799
14616 4 2 7 1 2352 2781 1940 3037
14617 4 2 7 1 1475 248 1037 1078
14618 4 2 7 1 656 985 31 587
14619 4 2 7 1 713 714 715 2954
14620 4 2 7 1 1115 1368 202 1564
14621 4 2 7 1 1489 608 115 458
14622 4 2 7 1 88 1418 1100 635
14623 4 2 7 1 252 1303 1445 1067
14624 4 2 7 1 852 1749 2650 3004
14625 4 2 7 1 1292 1285 1287 2495
14626 4 2 7 1 1381 1406 1251 2606
14627 4 2 7 1 2680 2721 2017 3019
14628 4 2 7 1 406 543 541 2708
14629 4 2 7 1 1779 1780 2713 3019
14630 4 2 7 1 994 850 998 2849
14631 4 2 7 1 301 56 299 2961
14632 4 2 7 1 807 849 818 2644
14633 4 2 7 1 2133 2876 2466 3003
14634 4 2 7 1 1605 1903 1716 2785
14635 4 2 7 1 868 869 870 2864
14636 4 2 7 1 2083 2950 2290 3007
14637 4 2 7 1 1032 1044 1045 2760
14638 4 2 7 1 868 2709 869 2864
14639 4 2 7 1 847 851 671 2870
14640 4 2 7 1 1378 2631 1379 3038
14641 4 2 7 1 786 949 751 2910
14642 4 2 7 1 619 618 76 1415
14643 4 2 7 1 376 378 381 2970
14644 4 2 7 1 1390 1402 1111 2637
14645 4 2 7 1 2072 2907 2393 2924
14646 4 2 7 1 190 1126 1560 1912
14647 4 2 7 1 1765 1917 1764 2807
14648 4 2 7 1 151 1837 1886 2815
14649 4 2 7 1 382 384 383 2836
14650 4 2 7 1 304 306 305 2673
14651 4 2 7 1 591 469 417 2583
14652 4 2 7 1 1378 1119 1379 2631
14653 4 2 7 1 872 787 757 3024
14654 4 2 7 1 618 1130 76 1415
14655 4 2 7 1 1074 1086 1059 2793
14656 4 2 7 1 1117 1445 1035 251
14657 4 2 7 1 1487 1438 258 2852
14658 4 2 7 1 1025 238 1493 1519
14659 4 2 7 1 644 650 15 261
14660 4 2 7 1 417 468 382 2836
14661 4 2 7 1 228 1521 1491 1898
14662 4 2 7 1 2159 2824 2516 2852
14663 4 2 7 1 692 966 690 2855
14664 4 2 7 1 672 1934 127 1031
14665 4 2 7 1 1909 1375 188 1908
14666 4 2 7 1 271 80 1430 1133
14667 4 2 7 1 116 608 1489 1520
14668 4 2 7 1 560 974 20 648
14669 4 2 7 1 2011 2991 2300 3016
14670 4 2 7 1 2046 2748 2650 2855
14671 4 2 7 1 660 870 869 2864
14672 4 2 7 1 731 733 791 2930
14673 4 2 7 1 1709 1745 1871 2613
14674 4 2 7 1 1415 77 619 1110
14675 4 2 7 1 2043 2853 2657 3025
14676 4 2 7 1 1435 1142 249 2681
14677 4 2 7 1 459 293 303 2784
14678 4 2 7 1 939 938 1027 2795
14679 4 2 7 1 1027 32 939 554
14680 4 2 7 1 1848 1905 1691 2825
14681 4 2 7 1 1695 1613 1615 2984
14682 4 2 7 1 1902 1102 182 1900
14683 4 2 7 1 1301 1140 1471 2466
14684 4 2 7 1 145 933 1844 2787
14685 4 2 7 1 292 561 645 2595
14686 4 2 7 1 449 450 568 2651
14687 4 2 7 1 292 509 561 2595
14688 4 2 7 1 1675 2513 1858 2915
14689 4 2 7 1 336 334 335 2906
14690 4 2 7 1 686 844 843 2879
14691 4 2 7 1 2530 2803 2365 3010
14692 4 2 7 1 263 947 22 3005
14693 4 2 7 1 806 825 773 3006
14694 4 2 7 1 1731 1738 1934 2995
14695 4 2 7 1 908 653 905 2669
14696 4 2 7 1 1031 1750 128 840
14697 4 2 7 1 2069 2525 2868 2901
14698 4 2 7 1 500 499 497 2837
14699 4 2 7 1 1564 202 1115 1809
14700 4 2 7 1 1345 1420 1346 3040
14701 4 2 7 1 438 294 457 2642
14702 4 2 7 1 1551 1934 672 1031
14703 4 2 7 1 1785 1784 1783 2674
14704 4 2 7 1 989 663 846 2780
14705 4 2 7 1 1994 2624 2897 3025
14706 4 2 7 1 928 971 925 2900
14707 4 2 7 1 506 507 559 2691
14708 4 2 7 1 663 1007 846 2968
14709 4 2 7 1 628 475 627 2631
14710 4 2 7 1 1267 1444 1411 2543
14711 4 2 7 1 1068 1076 1036 2564
14712 4 2 7 1 1793 1796 1795 2731
14713 4 2 7 1 1256 1367 1366 2767
14714 4 2 7 1 655 2426 992 2784
14715 4 2 7 1 2001 2656 2513 2919
14716 4 2 7 1 1862 1808 1929 2834
14717 4 2 7 1 491 402 489 2843
14718 4 2 7 1 399 498 496 2740
14719 4 2 7 1 1379 1434 1393 2854
14720 4 2 7 1 1926 1564 1366 2767
14721 4 2 7 1 1446 220 1574 1449
14722 4 2 7 1 986 299 56 2961
14723 4 2 7 1 1177 1176 1178 2948
14724 4 2 7 1 1935 1851 1582 2554
14725 4 2 7 1 1923 1770 1563 2523
14726 4 2 7 1 887 2614 485 2776
14727 4 2 7 1 1312 1313 1314 2944
14728 4 2 7 1 1234 1307 1232 2964
14729 4 2 7 1 1364 1365 1116 2628
14730 4 2 7 1 1589 1882 1906 2753
14731 4 2 7 1 420 467 515 3033
14732 4 2 7 1 493 494 495 2611
14733 4 2 7 1 671 851 970 2870
14734 4 2 7 1 1311 1312 1408 2633
14735 4 2 7 1 1848 1559 1847 2825
14736 4 2 7 1 706 704 789 2735
14737 4 2 7 1 2071 2888 2323 3042
14738 4 2 7 1 1641 1642 1643 2895
14739 4 2 7 1 2013 2778 2453 2905
14740 4 2 7 1 122 994 1899 2849
14741 4 2 7 1 220 1806 1574 1449
14742 4 2 7 1 1074 173 1033 2793
14743 4 2 7 1 1127 1477 1478 2941
14744 4 2 7 1 180 1123 1557 1287
14745 4 2 7 1 1926 1564 201 1366
14746 4 2 7 1 2457 2976 2060 3046
14747 4 2 7 1 1802 1138 212 3022
14748 4 2 7 1 1532 1527 1522 2769
14749 4 2 7 1 923 922 1014 2605
14750 4 2 7 1 1306 1457 2950 3007
14751 4 2 7 1 1089 625 606 3013
14752 4 2 7 1 2121 2843 2638 2883
14753 4 2 7 1 189 1126 1909 1560
14754 4 2 7 1 1518 1536 1495 2827
14755 4 2 7 1 28 485 265 2776
14756 4 2 7 1 1685 1719 1732 2707
14757 4 2 7 1 741 742 743 2832
14758 4 2 7 1 744 742 890 2496
14759 4 2 7 1 1854 1621 1623 2885
14760 4 2 7 1 145 1844 1842 2787
14761 4 2 7 1 1422 1101 1400 2973
14762 4 2 7 1 1124 1373 1372 2809
14763 4 2 7 1 748 746 1030 2927
14764 4 2 7 1 731 732 733 2930
14765 4 2 7 1 280 589 514 2502
14766 4 2 7 1 667 934 978 2972
14767 4 2 7 1 990 54 655 2784
14768 4 2 7 1 323 405 325 2572
14769 4 2 7 1 502 501 500 3005
14770 4 2 7 1 1302 179 1123 1895
14771 4 2 7 1 1027 552 554 2795
14772 4 2 7 1 584 350 400 2992
14773 4 2 7 1 1535 1513 1485 2658
14774 4 2 7 1 781 779 784 2813
14775 4 2 7 1 173 1074 1567 2793
14776 4 2 7 1 425 578 309 2774
14777 4 2 7 1 1116 1472 1364 2628
14778 4 2 7 1 1310 1132 1294 2663
14779 4 2 7 1 1141 1296 1283 2852
14780 4 2 7 1 1657 1800 1655 2612
14781 4 2 7 1 2072 2711 2512 2845
14782 4 2 7 1 1483 267 69 1113
14783 4 2 7 1 822 758 756 2545
14784 4 2 7 1 1535 2658 1587 3011
14785 4 2 7 1 1396 1569 212 3022
14786 4 2 7 1 1779 1692 1781 3019
14787 4 2 7 1 1533 845 1001 2792
14788 4 2 7 1 1465 1272 1175 2430
14789 4 2 7 1 1310 72 268 1109
14790 4 2 7 1 1528 1499 1509 3046
14791 4 2 7 1 698 701 700 2875
14792 4 2 7 1 752 804 1016 3012
14793 4 2 7 1 2019 2826 2458 2982
14794 4 2 7 1 1549 1550 1516 2780
14795 4 2 7 1 563 337 410 2823
14796 4 2 7 1 1775 1779 1581 2713
14797 4 2 7 1 2637 2645 2081 2926
14798 4 2 7 1 1317 1130 1316 2421
14799 4 2 7 1 2305 2697 2533 2731
14800 4 2 7 1 871 977 958 2697
14801 4 2 7 1 757 787 755 3024
14802 4 2 7 1 1901 1542 1932 2688
14803 4 2 7 1 1668 1666 1671 2698
14804 4 2 7 1 2047 2690 2932 3039
14805 4 2 7 1 421 398 455 2659
14806 4 2 7 1 559 507 262 2691
14807 4 2 7 1 1857 1610 1608 3030
14808 4 2 7 1 1443 1466 1542 2688
14809 4 2 7 1 1736 222 1099 3007
14810 4 2 7 1 2154 2365 2803 3010
14811 4 2 7 1 642 1544 611 2769
14812 4 2 7 1 2160 2869 2509 3014
14813 4 2 7 1 842 953 841 2701
14814 4 2 7 1 1098 1081 1071 2957
14815 4 2 7 1 595 553 400 2992
14816 4 2 7 1 1305 222 1584 3007
14817 4 2 7 1 1736 1584 222 3007
14818 4 2 7 1 231 1535 1587 3011
14819 4 2 7 1 664 552 1027 2795
14820 4 2 7 1 1580 1749 165 3004
14821 4 2 7 1 1703 1769 1637 2616
14822 4 2 7 1 1063 1061 1062 2830
14823 4 2 7 1 1200 1198 1245 2983
14824 4 2 7 1 860 805 974 2691
14825 4 2 7 1 1749 1593 1583 2650
14826 4 2 7 1 1474 1197 1330 2641
14827 4 2 7 1 784 981 834 2668
14828 4 2 7 1 1634 1632 1876 3017
14829 4 2 7 1 690 852 678 2650
14830 4 2 7 1 817 780 854 2694
14831 4 2 7 1 1223 1222 1224 2804
14832 4 2 7 1 377 379 378 2745
14833 4 2 7 1 1542 1466 1932 2688
14834 4 2 7 1 261 650 15 828
14835 4 2 7 1 842 785 953 2701
14836 4 2 7 1 1561 193 1104 1917
14837 4 2 7 1 504 372 374 2565
14838 4 2 7 1 1397 1463 1396 3022
14839 4 2 7 1 1202 1200 1404 2773
14840 4 2 7 1 22 680 501 3005
14841 4 2 7 1 1465 1177 2820 2948
14842 4 2 7 1 1408 1310 1294 2663
14843 4 2 7 1 78 1323 622 2979
14844 4 2 7 1 1410 1464 1289 2778
14845 4 2 7 1 811 917 997 2840
14846 4 2 7 1 2590 2745 2225 2917
14847 4 2 7 1 603 296 437 2466
14848 4 2 7 1 781 784 848 2813
14849 4 2 7 1 129 1750 647 840
14850 4 2 7 1 1754 1907 1611 2548
14851 4 2 7 1 1416 3014 2488 3040
14852 4 2 7 1 826 838 987 2877
14853 4 2 7 1 1758 1707 1672 2819
14854 4 2 7 1 1924 1703 1639 2826
14855 4 2 7 1 664 938 937 2795
14856 4 2 7 1 1471 2466 1140 3003
14857 4 2 7 1 1049 1065 1050 2692
14858 4 2 7 1 343 342 341 2914
14859 4 2 7 1 2771 2986 2078 3027
14860 4 2 7 1 503 263 502 3005
14861 4 2 7 1 1456 1467 1374 2554
14862 4 2 7 1 633 562 478 2926
14863 4 2 7 1 2129 2631 2823 3038
14864 4 2 7 1 1748 1534 227 1901
14865 4 2 7 1 712 1008 714 2954
14866 4 2 7 1 1375 189 1126 1909
14867 4 2 7 1 686 10 295 843
14868 4 2 7 1 1343 1114 1413 2888
14869 4 2 7 1 453 602 3003 3013
14870 4 2 7 1 296 2466 603 3003
14871 4 2 7 1 1678 1858 1675 2513
14872 4 2 7 1 1477 1385 1476 2523
14873 4 2 7 1 1779 1780 1581 2713
14874 4 2 7 1 1213 1214 1215 2818
14875 4 2 7 1 2060 2878 2457 3046
14876 4 2 7 1 876 680 947 3005
14877 4 2 7 1 1126 190 1433 1912
14878 4 2 7 1 1343 1428 1340 3042
14879 4 2 7 1 1738 1720 1739 2995
14880 4 2 7 1 2658 2909 2056 2993
14881 4 2 7 1 712 714 713 2954
14882 4 2 7 1 1626 1628 1627 2881
14883 4 2 7 1 314 427 426 2601
14884 4 2 7 1 1772 1641 1891 2895
14885 4 2 7 1 1144 1479 1892 1915
14886 4 2 7 1 642 1453 1544 2769
14887 4 2 7 1 1484 1422 1327 2973
14888 4 2 7 1 200 1925 1926 1366
14889 4 2 7 1 1010 917 811 2840
14890 4 2 7 1 1731 1719 1720 2995
14891 4 2 7 1 1925 200 1121 1366
14892 4 2 7 1 873 866 867 2674
14893 4 2 7 1 613 401 317 2517
14894 4 2 7 1 428 421 431 2859
14895 4 2 7 1 1537 1927 232 1545
14896 4 2 7 1 1372 1371 1124 2809
14897 4 2 7 1 1338 1259 1409 3014
14898 4 2 7 1 972 907 800 2755
14899 4 2 7 1 986 2960 299 2961
14900 4 2 7 1 146 924 1842 3031
14901 4 2 7 1 1286 1264 1426 2786
14902 4 2 7 1 737 736 738 2768
14903 4 2 7 1 1196 1361 1437 2924
14904 4 2 7 1 1487 258 1496 2852
14905 4 2 7 1 275 643 518 2574
14906 4 2 7 1 1305 1099 222 3007
14907 4 2 7 1 518 517 275 2574
14908 4 2 7 1 358 356 357 2638
14909 4 2 7 1 1550 1549 1490 2780
14910 4 2 7 1 1669 1774 1667 2730
14911 4 2 7 1 711 712 713 2903
14912 4 2 7 1 992 655 831 2426
14913 4 2 7 1 1148 1299 1146 3045
14914 4 2 7 1 441 429 266 3047
14915 4 2 7 1 444 295 631 2879
14916 4 2 7 1 124 855 1746 2801
14917 4 2 7 1 1368 1366 1564 2767
14918 4 2 7 1 1732 1687 1685 2707
14919 4 2 7 1 1162 1407 1164 2989
14920 4 2 7 1 1893 1727 1586 2578
14921 4 2 7 1 978 967 667 2972
14922 4 2 7 1 1932 1466 1590 2688
14923 4 2 7 1 1040 1303 1448 252
14924 4 2 7 1 304 302 454 2802
14925 4 2 7 1 2770 2991 2011 3016
14926 4 2 7 1 1565 1933 1798 2809
14927 4 2 7 1 537 287 535 2986
14928 4 2 7 1 1073 1037 1093 2681
14929 4 2 7 1 1359 1100 1353 2725
14930 4 2 7 1 2329 2991 2770 3016
14931 4 2 7 1 980 148 1829 2935
14932 4 2 7 1 1888 1680 1682 2867
14933 4 2 7 1 624 622 79 1133
14934 4 2 7 1 1830 1575 1829 2920
14935 4 2 7 1 1438 1141 258 2852
14936 4 2 7 1 1453 1532 1544 2769
14937 4 2 7 1 1890 1567 1741 2793
14938 4 2 7 1 1734 1904 1927 3011
14939 4 2 7 1 491 358 402 2843
14940 4 2 7 1 1564 1368 201 1366
14941 4 2 7 1 625 1452 1447 3013
14942 4 2 7 1 78 622 270 2979
14943 4 2 7 1 924 2787 1842 3031
14944 4 2 7 1 1463 1363 1122 2550
14945 4 2 7 1 28 669 887 2776
14946 4 2 7 1 829 832 834 3047
14947 4 2 7 1 1168 1257 1170 2936
14948 4 2 7 1 535 534 536 3027
14949 4 2 7 1 2046 2788 2562 2855
14950 4 2 7 1 1877 1782 1572 2972
14951 4 2 7 1 554 595 282 2607
14952 4 2 7 1 1617 1615 1616 2860
14953 4 2 7 1 583 380 462 2662
14954 4 2 7 1 995 831 655 2426
14955 4 2 7 1 1514 1547 1530 2996
14956 4 2 7 1 1573 651 146 3031
14957 4 2 7 1 1571 1757 1805 2551
14958 4 2 7 1 1453 642 300 2769
14959 4 2 7 1 1799 1723 1568 2628
14960 4 2 7 1 717 716 718 3029
14961 4 2 7 1 1164 1166 1165 2848
14962 4 2 7 1 342 340 341 2914
14963 4 2 7 1 1736 1729 1584 3007
14964 4 2 7 1 1534 1542 1901 2688
14965 4 2 7 1 665 893 894 2858
14966 4 2 7 1 2068 2426 3028 3035
14967 4 2 7 1 1579 1811 1810 2858
14968 4 2 7 1 266 442 456 2870
14969 4 2 7 1 2118 2757 2503 3036
14970 4 2 7 1 1051 1077 1048 3018
14971 4 2 7 1 1182 1183 1181 2736
14972 4 2 7 1 1585 122 1899 2849
14973 4 2 7 1 453 625 602 3013
14974 4 2 7 1 1206 1391 1247 2716
14975 4 2 7 1 2620 2828 2247 2964
14976 4 2 7 1 126 1934 672 853
14977 4 2 7 1 661 855 124 2801
14978 4 2 7 1 454 582 452 2558
14979 4 2 7 1 1395 1106 1455 2934
14980 4 2 7 1 1592 1744 1872 2951
14981 4 2 7 1 345 344 343 2871
14982 4 2 7 1 344 345 346 2871
14983 4 2 7 1 646 1000 25 264
14984 4 2 7 1 212 1569 1802 3022
14985 4 2 7 1 862 670 1009 2771
14986 4 2 7 1 1014 921 920 2799
14987 4 2 7 1 1411 1153 1150 2977
14988 4 2 7 1 1703 1924 1771 2826
14989 4 2 7 1 1281 1230 1232 2964
14990 4 2 7 1 274 1359 2724 2725
14991 4 2 7 1 568 569 449 2651
14992 4 2 7 1 1763 1700 1764 2807
14993 4 2 7 1 1286 1284 1264 2786
14994 4 2 7 1 1310 612 71 1132
14995 4 2 7 1 1599 1868 1715 2715
14996 4 2 7 1 1080 1090 991 2960
14997 4 2 7 1 723 722 724 2723
14998 4 2 7 1 1881 216 1332 2916
14999 4 2 7 1 404 492 577 2953
15000 4 2 7 1 1239 1237 2690 2856
15001 4 2 7 1 1187 1469 1468 2615
15002 4 2 7 1 554 1027 33 552
15003 4 2 7 1 1136 1146 1145 2642
15004 4 2 7 1 128 1551 1750 1031
15005 4 2 7 1 278 96 1383 2962
15006 4 2 7 1 1090 1072 616 2960
15007 4 2 7 1 545 406 544 2654
15008 4 2 7 1 598 447 392 2717
15009 4 2 7 1 1711 1733 1745 2993
15010 4 2 7 1 1319 1321 1110 2979
15011 4 2 7 1 616 1072 592 2960
15012 4 2 7 1 148 932 1838 2935
15013 4 2 7 1 616 299 986 2960
15014 4 2 7 1 1679 1662 1660 2868
15015 4 2 7 1 631 428 431 2859
15016 4 2 7 1 2352 2967 2781 3037
15017 4 2 7 1 844 686 845 2792
15018 4 2 7 1 1522 611 1544 2769
15019 4 2 7 1 556 623 268 2663
15020 4 2 7 1 1573 146 1842 3031
15021 4 2 7 1 844 845 846 2780
15022 4 2 7 1 2022 2714 2779 2981
15023 4 2 7 1 279 512 483 2888
15024 4 2 7 1 685 826 836 2564
15025 4 2 7 1 1332 216 1128 2916
15026 4 2 7 1 193 1327 1104 1917
15027 4 2 7 1 422 435 451 2759
15028 4 2 7 1 1295 1239 1237 2690
15029 4 2 7 1 764 763 762 2853
15030 4 2 7 1 1044 1032 1043 2760
15031 4 2 7 1 148 1838 1829 2935
15032 4 2 7 1 738 736 1026 2768
15033 4 2 7 1 1417 1180 1255 2998
15034 4 2 7 1 1522 1527 1489 2865
15035 4 2 7 1 1111 1387 1389 2645
15036 4 2 7 1 1556 661 124 2801
15037 4 2 7 1 606 625 453 3013
15038 4 2 7 1 632 478 630 2645
15039 4 2 7 1 789 704 997 2735
15040 4 2 7 1 301 683 56 2961
15041 4 2 7 1 748 747 746 2927
15042 4 2 7 1 1570 1774 1881 2934
15043 4 2 7 1 804 750 964 2749
15044 4 2 7 1 96 509 1135 2962
15045 4 2 7 1 1166 1167 1165 2848
15046 4 2 7 1 1369 1191 1193 2521
15047 4 2 7 1 96 1135 1383 2962
15048 4 2 7 1 1455 1106 1332 2934
15049 4 2 7 1 1291 3003 1447 3013
15050 4 2 7 1 485 28 887 2776
15051 4 2 7 1 1427 182 1102 1900
15052 4 2 7 1 642 611 300 2769
15053 4 2 7 1 1212 1214 1213 2818
15054 4 2 7 1 859 768 766 2661
15055 4 2 7 1 1759 1128 216 2916
15056 4 2 7 1 1689 1656 1654 2636
15057 4 2 7 1 548 539 542 2757
15058 4 2 7 1 887 803 889 2614
15059 4 2 7 1 1837 1834 1886 2815
15060 4 2 7 1 1110 1323 78 2979
15061 4 2 7 1 1239 1238 1237 2856
15062 4 2 7 1 478 477 630 2645
15063 4 2 7 1 1143 1453 300 2769
15064 4 2 7 1 450 449 261 2666
15065 4 2 7 1 424 436 603 2876
15066 4 2 7 1 1496 258 1141 2852
15067 4 2 7 1 778 780 817 2694
15068 4 2 7 1 1343 1405 1428 3042
15069 4 2 7 1 552 1027 33 664
15070 4 2 7 1 2051 2932 2690 3039
15071 4 2 7 1 924 146 651 3031
15072 4 2 7 1 387 385 386 2958
15073 4 2 7 1 1185 1186 1187 2929
15074 4 2 7 1 1671 1873 1668 2698
15075 4 2 7 1 1597 1868 1596 3010
15076 4 2 7 1 2130 2715 2678 3049
15077 4 2 7 1 90 1134 519 2724
15078 4 2 7 1 1494 1443 260 1542
15079 4 2 7 1 1779 1781 1780 3019
15080 4 2 7 1 994 122 682 2849
15081 4 2 7 1 1242 1320 1319 2492
15082 4 2 7 1 1250 1194 1192 2907
15083 4 2 7 1 693 965 694 2808
15084 4 2 7 1 1133 622 79 1323
15085 4 2 7 1 1262 1225 1481 2980
15086 4 2 7 1 1604 1605 1716 2785
15087 4 2 7 1 1746 1556 124 2801
15088 4 2 7 1 1361 1353 1360 2531
15089 4 2 7 1 1532 1453 1432 2769
15090 4 2 7 1 1290 1435 1461 2681
15091 4 2 7 1 1050 1051 1048 3018
15092 4 2 7 1 1595 1597 1596 3010
15093 4 2 7 1 986 838 2960 2961
15094 4 2 7 1 1052 1060 1056 3032
15095 4 2 7 1 1904 1899 121 994
15096 4 2 7 1 764 765 763 2853
15097 4 2 7 1 1667 1774 1879 2730
15098 4 2 7 1 1466 1439 1590 2688
15099 4 2 7 1 331 329 407 2722
15100 4 2 7 1 675 931 980 2920
15101 4 2 7 1 680 22 947 3005
15102 4 2 7 1 668 858 859 2752
15103 4 2 7 1 684 238 1025 1519
15104 4 2 7 1 553 584 400 2992
15105 4 2 7 1 1410 1450 1399 2778
15106 4 2 7 1 746 745 744 2626
15107 4 2 7 1 1854 1623 1763 2885
15108 4 2 7 1 602 1447 66 3003
15109 4 2 7 1 1878 1826 1825 2831
15110 4 2 7 1 1219 1220 1221 2893
15111 4 2 7 1 1301 68 605 2904
15112 4 2 7 1 482 481 274 2725
15113 4 2 7 1 1688 1686 1687 2738
15114 4 2 7 1 1206 1208 1207 2921
15115 4 2 7 1 192 1104 1914 1561
15116 4 2 7 1 945 652 944 2815
15117 4 2 7 1 319 320 318 2775
15118 4 2 7 1 1002 687 169 1589
15119 4 2 7 1 409 326 328 2946
15120 4 2 7 1 1370 203 1807 3000
15121 4 2 7 1 1809 203 1115 3000
15122 4 2 7 1 986 56 683 2961
15123 4 2 7 1 1892 1479 177 1915
15124 4 2 7 1 295 456 631 2879
15125 4 2 7 1 1901 1932 1590 2688
15126 4 2 7 1 1617 1616 1618 2860
15127 4 2 7 1 1005 793 710 2553
15128 4 2 7 1 300 611 458 2769
15129 4 2 7 1 1142 248 1037 1475
15130 4 2 7 1 1140 66 1447 3003
15131 4 2 7 1 1524 1488 236 2968
15132 4 2 7 1 1097 1078 1041 3013
15133 4 2 7 1 1530 1505 1506 2996
15134 4 2 7 1 1908 1375 188 1103
15135 4 2 7 1 1370 1115 203 3000
15136 4 2 7 1 78 270 1110 2979
15137 4 2 7 1 980 932 148 2935
15138 4 2 7 1 1850 1796 1793 2731
15139 4 2 7 1 1278 1295 1237 2690
15140 4 2 7 1 369 367 415 2861
15141 4 2 7 1 1589 169 1002 1906
15142 4 2 7 1 1901 1590 1748 2688
15143 4 2 7 1 475 474 627 2631
15144 4 2 7 1 463 311 307 2851
15145 4 2 7 1 1881 1707 1759 2916
15146 4 2 7 1 1871 1910 1566 2682
15147 4 2 7 1 1904 232 1927 1545
15148 4 2 7 1 93 94 508 1354
15149 4 2 7 1 289 49 50 916
15150 4 2 7 1 876 760 758 2945
15151 4 2 7 1 839 837 824 2699
15152 4 2 7 1 1821 158 157 903
15153 4 2 7 1 691 690 689 2748
15154 4 2 7 1 665 161 162 1579
15155 4 2 7 1 749 747 748 2927
15156 4 2 7 1 900 975 899 2756
15157 4 2 7 1 851 848 784 2886
15158 4 2 7 1 605 68 267 2904
15159 4 2 7 1 1268 1444 1457 2950
15160 4 2 7 1 767 768 769 3021
15161 4 2 7 1 166 167 678 1583
15162 4 2 7 1 164 165 666 1580
15163 4 2 7 1 160 161 897 1815
15164 4 2 7 1 158 159 901 1578
15165 4 2 7 1 984 685 836 2564
15166 4 2 7 1 1737 1888 1682 2867
15167 4 2 7 1 1488 982 236 2968
15168 4 2 7 1 1465 1175 1177 2948
15169 4 2 7 1 1361 1196 1194 2924
15170 4 2 7 1 1001 686 609 2792
15171 4 2 7 1 165 166 852 1749
15172 4 2 7 1 1690 1642 1640 2839
15173 4 2 7 1 1823 157 156 653
15174 4 2 7 1 1363 1465 1252 2820
15175 4 2 7 1 1608 1610 1609 3030
15176 4 2 7 1 47 48 527 657
15177 4 2 7 1 677 159 160 1817
15178 4 2 7 1 1690 1843 1885 2811
15179 4 2 7 1 1306 1305 1457 3007
15180 4 2 7 1 1914 1329 191 1912
15181 4 2 7 1 1208 1247 1393 2667
15182 4 2 7 1 933 924 927 2787
15183 4 2 7 1 554 552 553 2795
15184 4 2 7 1 1650 1652 1651 2978
15185 4 2 7 1 1629 1627 1628 2881
15186 4 2 7 1 163 164 892 1814
15187 4 2 7 1 1573 1842 1840 3031
15188 4 2 7 1 1256 1366 1368 2767
15189 4 2 7 1 1168 1170 1169 2936
15190 4 2 7 1 1410 1399 1464 2778
15191 4 2 7 1 162 163 893 1810
15192 4 2 7 1 1484 1918 195 2973
15193 4 2 7 1 40 41 286 922
15194 4 2 7 1 1809 1807 203 3000
15195 4 2 7 1 34 35 283 936
15196 4 2 7 1 1564 1771 1772 2767
15197 4 2 7 1 167 168 688 1591
15198 4 2 7 1 337 336 335 2906
15199 4 2 7 1 651 925 924 3031
15200 4 2 7 1 614 1543 1001 2792
15201 4 2 7 1 46 47 288 913
15202 4 2 7 1 270 471 621 2979
15203 4 2 7 1 1829 1838 1832 2935
15204 4 2 7 1 1802 1569 1773 3022
15205 4 2 7 1 896 961 894 2814
15206 4 2 7 1 156 155 1577 908
15207 4 2 7 1 478 562 412 2926
15208 4 2 7 1 1542 1443 260 1466
15209 4 2 7 1 192 1104 1329 1914
15210 4 2 7 1 205 206 1373 1798
15211 4 2 7 1 1185 1184 1186 2929
15212 4 2 7 1 440 419 438 2937
15213 4 2 7 1 152 151 1886 652
15214 4 2 7 1 120 1543 637 1495
15215 4 2 7 1 155 154 1827 673
15216 4 2 7 1 1710 1757 1676 2931
15217 4 2 7 1 835 773 825 3006
15218 4 2 7 1 914 46 45 531
15219 4 2 7 1 1855 154 153 959
15220 4 2 7 1 1313 1229 1325 2944
15221 4 2 7 1 1585 682 122 2849
15222 4 2 7 1 389 504 502 2997
15223 4 2 7 1 1150 1153 1152 2977
15224 4 2 7 1 1098 1076 1081 2957
15225 4 2 7 1 96 278 509 2962
15226 4 2 7 1 1012 991 1090 2960
15227 4 2 7 1 1765 1764 1700 2807
15228 4 2 7 1 1001 609 614 2792
15229 4 2 7 1 133 134 958 1553
15230 4 2 7 1 1072 58 1090 616
15231 4 2 7 1 1494 1542 1534 2688
15232 4 2 7 1 1842 146 145 924
15233 4 2 7 1 1881 1759 216 2916
15234 4 2 7 1 35 36 548 940
15235 4 2 7 1 502 504 503 2997
15236 4 2 7 1 711 710 712 2903
15237 4 2 7 1 1061 1053 1062 2830
15238 4 2 7 1 37 36 659 539
15239 4 2 7 1 1794 1662 1679 2868
15240 4 2 7 1 525 48 49 910
15241 4 2 7 1 58 1072 592 616
15242 4 2 7 1 27 28 265 669
15243 4 2 7 1 870 135 136 1789
15244 4 2 7 1 312 576 310 2846
15245 4 2 7 1 1177 1252 1465 2820
15246 4 2 7 1 1809 1704 1807 3000
15247 4 2 7 1 172 173 1074 1567
15248 4 2 7 1 1590 1932 225 1466
15249 4 2 7 1 1537 1515 1535 3011
15250 4 2 7 1 39 38 679 547
15251 4 2 7 1 1071 1070 1039 2743
15252 4 2 7 1 1837 151 150 945
15253 4 2 7 1 279 99 100 1413
15254 4 2 7 1 1926 1771 1564 2767
15255 4 2 7 1 66 1140 296 3003
15256 4 2 7 1 552 33 34 664
15257 4 2 7 1 153 152 1576 942
15258 4 2 7 1 1676 1757 1674 2931
15259 4 2 7 1 1767 1768 1920 2941
15260 4 2 7 1 1136 111 110 294
15261 4 2 7 1 1378 1392 1131 3038
15262 4 2 7 1 1808 1933 1565 2809
15263 4 2 7 1 327 325 566 2798
15264 4 2 7 1 1613 1695 1754 2984
15265 4 2 7 1 1296 1141 1438 2852
15266 4 2 7 1 1089 1452 625 3013
15267 4 2 7 1 602 66 296 3003
15268 4 2 7 1 838 683 987 2961
15269 4 2 7 1 149 148 1829 980
15270 4 2 7 1 1383 1135 1384 2962
15271 4 2 7 1 933 144 145 1844
15272 4 2 7 1 278 96 97 1383
15273 4 2 7 1 509 278 433 2962
15274 4 2 7 1 1744 1592 1594 2951
15275 4 2 7 1 814 818 1018 2644
15276 4 2 7 1 1304 110 109 446
15277 4 2 7 1 108 107 1344 516
15278 4 2 7 1 1134 1359 1349 2724
15279 4 2 7 1 39 40 596 921
15280 4 2 7 1 1518 1517 1536 2827
15281 4 2 7 1 45 44 670 533
15282 4 2 7 1 147 146 1573 651
15283 4 2 7 1 1101 1484 195 2973
15284 4 2 7 1 90 1359 1134 2724
15285 4 2 7 1 1233 1231 1412 3043
15286 4 2 7 1 1240 1265 1300 3015
15287 4 2 7 1 1339 1258 1335 2913
15288 4 2 7 1 1192 1194 1193 2907
15289 4 2 7 1 622 471 270 2979
15290 4 2 7 1 1543 614 120 637
15291 4 2 7 1 1677 1675 1858 2915
15292 4 2 7 1 134 135 660 1791
15293 4 2 7 1 802 898 895 2829
15294 4 2 7 1 1012 616 986 2960
15295 4 2 7 1 1285 1263 1284 2911
15296 4 2 7 1 1883 1752 1873 2847
15297 4 2 7 1 581 419 440 2937
15298 4 2 7 1 195 1918 1562 2973
15299 4 2 7 1 1259 1416 1409 3014
15300 4 2 7 1 1396 211 212 1569
15301 4 2 7 1 867 137 138 1785
15302 4 2 7 1 615 557 558 3020
15303 4 2 7 1 1089 1078 1452 3013
15304 4 2 7 1 1375 1403 1280 2925
15305 4 2 7 1 1334 104 103 591
15306 4 2 7 1 606 1041 64 1089
15307 4 2 7 1 1177 1175 1176 2948
15308 4 2 7 1 113 1453 642 300
15309 4 2 7 1 511 97 98 1105
15310 4 2 7 1 661 854 855 2801
15311 4 2 7 1 1584 223 222 1305
15312 4 2 7 1 932 980 929 2935
15313 4 2 7 1 453 296 603 3003
15314 4 2 7 1 1497 1531 1509 2824
15315 4 2 7 1 514 101 102 1342
15316 4 2 7 1 1162 1164 1163 2989
15317 4 2 7 1 95 96 509 1135
15318 4 2 7 1 1047 1045 1046 2862
15319 4 2 7 1 168 169 687 1589
15320 4 2 7 1 1078 1475 1452 3013
15321 4 2 7 1 1874 1843 1690 2811
15322 4 2 7 1 636 274 481 2725
15323 4 2 7 1 789 999 911 2789
15324 4 2 7 1 1288 1267 1244 2764
15325 4 2 7 1 1479 177 1144 1892
15326 4 2 7 1 499 23 24 877
15327 4 2 7 1 1872 1882 1589 2753
15328 4 2 7 1 1580 1870 1749 3004
15329 4 2 7 1 1452 1291 1447 3013
15330 4 2 7 1 441 266 641 3047
15331 4 2 7 1 1378 1379 1392 3038
15332 4 2 7 1 396 398 397 2810
15333 4 2 7 1 1322 1243 1431 2751
15334 4 2 7 1 538 537 535 2986
15335 4 2 7 1 1559 187 186 1377
15336 4 2 7 1 664 1027 938 2795
15337 4 2 7 1 38 37 918 285
15338 4 2 7 1 1147 1148 1146 3045
15339 4 2 7 1 1632 1634 1633 3017
15340 4 2 7 1 826 987 809 2877
15341 4 2 7 1 818 814 807 2644
15342 4 2 7 1 1674 1758 1672 2819
15343 4 2 7 1 1838 148 147 932
15344 4 2 7 1 301 299 582 2961
15345 4 2 7 1 1734 1921 1585 2849
15346 4 2 7 1 602 625 65 1447
15347 4 2 7 1 1138 1397 1396 3022
15348 4 2 7 1 213 214 1394 1804
15349 4 2 7 1 410 475 563 2823
15350 4 2 7 1 1842 1844 1843 2787
15351 4 2 7 1 1089 64 606 625
15352 4 2 7 1 1675 1677 1676 2915
15353 4 2 7 1 1571 218 217 1398
15354 4 2 7 1 1732 1556 1746 2801
15355 4 2 7 1 216 215 1881 1332
15356 4 2 7 1 1530 1506 1514 2996
15357 4 2 7 1 838 991 1012 2960
15358 4 2 7 1 90 91 519 1134
15359 4 2 7 1 1207 1208 1209 2921
15360 4 2 7 1 1112 105 104 469
15361 4 2 7 1 1341 106 105 281
15362 4 2 7 1 507 381 583 2970
15363 4 2 7 1 663 1524 236 2968
15364 4 2 7 1 659 940 941 2757
15365 4 2 7 1 1466 225 1590 1439
15366 4 2 7 1 1811 1860 1813 2975
15367 4 2 7 1 94 95 292 1358
15368 4 2 7 1 1587 1734 1927 3011
15369 4 2 7 1 1101 195 1562 2973
15370 4 2 7 1 1453 113 1143 300
15371 4 2 7 1 1291 1452 1475 3013
15372 4 2 7 1 667 143 144 1572
15373 4 2 7 1 1306 1099 1305 3007
15374 4 2 7 1 1493 998 239 1025
15375 4 2 7 1 1079 1906 170 1882
15376 4 2 7 1 31 30 656 587
15377 4 2 7 1 986 683 838 2961
15378 4 2 7 1 1072 59 58 592
15379 4 2 7 1 998 239 1545 1493
15380 4 2 7 1 1127 1478 1386 2941
15381 4 2 7 1 1374 206 207 1582
15382 4 2 7 1 92 93 275 1108
15383 4 2 7 1 976 858 668 2752
15384 4 2 7 1 1248 1202 1404 2773
15385 4 2 7 1 1016 804 879 3012
15386 4 2 7 1 1501 1504 1503 2976
15387 4 2 7 1 1035 1117 251 250
15388 4 2 7 1 1124 204 205 1565
15389 4 2 7 1 1544 1532 1522 2769
15390 4 2 7 1 1118 1523 257 256
15391 4 2 7 1 217 216 1759 1128
15392 4 2 7 1 1906 170 1088 1079
15393 4 2 7 1 827 655 992 2784
15394 4 2 7 1 822 876 758 2945
15395 4 2 7 1 662 1032 244 243
15396 4 2 7 1 349 350 348 2783
15397 4 2 7 1 1080 240 991 1090
15398 4 2 7 1 437 267 607 2904
15399 4 2 7 1 1867 1642 1690 2839
15400 4 2 7 1 485 486 265 2776
15401 4 2 7 1 529 528 530 2892
15402 4 2 7 1 1499 1528 1501 3046
15403 4 2 7 1 510 415 367 2861
15404 4 2 7 1 60 61 277 1069
15405 4 2 7 1 967 142 143 1877
15406 4 2 7 1 124 123 1746 855
15407 4 2 7 1 885 140 141 1775
15408 4 2 7 1 1585 1899 1734 2849
15409 4 2 7 1 1489 1527 1540 2865
15410 4 2 7 1 207 208 1116 1799
15411 4 2 7 1 150 149 1575 675
15412 4 2 7 1 960 831 812 2965
15413 4 2 7 1 1375 1126 1403 2925
15414 4 2 7 1 1362 209 210 1801
15415 4 2 7 1 57 986 616 299
15416 4 2 7 1 536 588 535 3027
15417 4 2 7 1 1074 1033 1086 2793
15418 4 2 7 1 1329 1433 191 1912
15419 4 2 7 1 467 420 386 3033
15420 4 2 7 1 1416 1420 1345 3040
15421 4 2 7 1 1003 789 911 2789
15422 4 2 7 1 228 229 1521 1566
15423 4 2 7 1 276 116 117 1520
15424 4 2 7 1 558 617 401 3020
15425 4 2 7 1 9 609 614 1001
15426 4 2 7 1 1301 1113 68 2904
15427 4 2 7 1 1143 113 112 300
15428 4 2 7 1 41 42 565 658
15429 4 2 7 1 845 989 846 2780
15430 4 2 7 1 90 274 1359 2724
15431 4 2 7 1 1145 112 111 457
15432 4 2 7 1 1496 1497 1487 2852
15433 4 2 7 1 520 50 51 654
15434 4 2 7 1 1120 109 108 284
15435 4 2 7 1 253 1040 1448 252
15436 4 2 7 1 1221 1220 1222 2893
15437 4 2 7 1 68 1113 267 2904
15438 4 2 7 1 18 19 262 860
15439 4 2 7 1 1137 107 106 515
15440 4 2 7 1 1199 1198 1200 2983
15441 4 2 7 1 250 1435 249 1073
15442 4 2 7 1 838 1012 986 2960
15443 4 2 7 1 74 73 1314 557
15444 4 2 7 1 868 787 869 2709
15445 4 2 7 1 246 1042 979 1002
15446 4 2 7 1 384 382 468 2836
15447 4 2 7 1 1306 1457 1444 2950
15448 4 2 7 1 305 580 303 3035
15449 4 2 7 1 1020 730 813 3036
15450 4 2 7 1 1001 9 609 686
15451 4 2 7 1 1452 65 625 1447
15452 4 2 7 1 998 1904 121 994
15453 4 2 7 1 1417 1182 1180 2998
15454 4 2 7 1 1042 979 245 246
15455 4 2 7 1 119 118 1518 297
15456 4 2 7 1 351 634 482 3048
15457 4 2 7 1 1233 1412 1236 3043
15458 4 2 7 1 16 17 460 976
15459 4 2 7 1 63 62 1066 298
15460 4 2 7 1 26 25 1000 495
15461 4 2 7 1 1653 1651 1652 2978
15462 4 2 7 1 351 482 601 3048
15463 4 2 7 1 222 221 1736 1099
15464 4 2 7 1 1545 1904 5 998
15465 4 2 7 1 1625 1624 1626 3041
15466 4 2 7 1 741 743 792 2832
15467 4 2 7 1 1091 1040 1448 253
15468 4 2 7 1 1883 1873 1797 2847
15469 4 2 7 1 236 982 663 2968
15470 4 2 7 1 1089 1078 247 1452
15471 4 2 7 1 812 831 821 2965
15472 4 2 7 1 263 21 22 947
15473 4 2 7 1 1125 184 185 1845
15474 4 2 7 1 1298 1466 1443 2688
15475 4 2 7 1 1750 129 128 840
15476 4 2 7 1 625 1089 3 1452
15477 4 2 7 1 170 171 1079 1882
15478 4 2 7 1 577 492 595 2953
15479 4 2 7 1 1332 1128 1333 2916
15480 4 2 7 1 1488 237 236 982
15481 4 2 7 1 1002 246 1042 1088
15482 4 2 7 1 1543 1 614 1001
15483 4 2 7 1 1768 1922 1920 2941
15484 4 2 7 1 990 655 827 2784
15485 4 2 7 1 1240 1238 1239 2856
15486 4 2 7 1 9 10 609 686
15487 4 2 7 1 1323 1110 1321 2979
15488 4 2 7 1 296 453 602 3003
15489 4 2 7 1 889 30 29 291
15490 4 2 7 1 237 238 684 1519
15491 4 2 7 1 1088 1002 6 1906
15492 4 2 7 1 682 850 994 2849
15493 4 2 7 1 459 53 54 655
15494 4 2 7 1 501 502 263 3005
15495 4 2 7 1 1114 101 100 512
15496 4 2 7 1 1167 1458 1270 2729
15497 4 2 7 1 444 637 614 2792
15498 4 2 7 1 1140 1447 1291 3003
15499 4 2 7 1 1129 103 102 280
15500 4 2 7 1 12 11 671 456
15501 4 2 7 1 213 212 1802 1138
15502 4 2 7 1 1641 1643 1891 2895
15503 4 2 7 1 274 90 519 2724
15504 4 2 7 1 1453 1532 1432 254
15505 4 2 7 1 15 16 261 828
15506 4 2 7 1 1532 1432 254 255
15507 4 2 7 1 175 174 1588 1082
15508 4 2 7 1 583 381 378 2970
15509 4 2 7 1 1711 1721 1733 2993
15510 4 2 7 1 25 24 646 264
15511 4 2 7 1 1445 252 1067 251
15512 4 2 7 1 1290 1142 1435 2681
15513 4 2 7 1 132 133 946 1850
15514 4 2 7 1 1570 215 214 1106
15515 4 2 7 1 1533 234 233 845
15516 4 2 7 1 1471 1140 1291 3003
15517 4 2 7 1 1018 850 682 2849
15518 4 2 7 1 616 592 299 2960
15519 4 2 7 1 1466 1298 1439 2688
15520 4 2 7 1 1090 616 1012 2960
15521 4 2 7 1 56 55 683 301
15522 4 2 7 1 259 1496 258 1141
15523 4 2 7 1 1001 1543 233 1533
15524 4 2 7 1 1288 1473 1267 2764
15525 4 2 7 1 267 437 605 2904
15526 4 2 7 1 1453 1544 1532 254
15527 4 2 7 1 1078 1475 247 1452
15528 4 2 7 1 1557 181 180 1287
15529 4 2 7 1 926 928 925 2900
15530 4 2 7 1 1535 230 231 1587
15531 4 2 7 1 637 119 120 1495
15532 4 2 7 1 233 1001 1533 845
15533 4 2 7 1 1012 991 240 1090
15534 4 2 7 1 1036 241 242 685
15535 4 2 7 1 609 444 614 2792
15536 4 2 7 1 989 234 235 1490
15537 4 2 7 1 1848 1847 1905 2825
15538 4 2 7 1 121 5 1904 998
15539 4 2 7 1 248 1037 249 1142
15540 4 2 7 1 873 138 139 1783
15541 4 2 7 1 649 139 140 1555
15542 4 2 7 1 202 203 1115 1809
15543 4 2 7 1 1224 1222 1325 2804
15544 4 2 7 1 1101 1422 1484 2973
15545 4 2 7 1 1765 1919 1562 2973
15546 4 2 7 1 887 669 888 2776
15547 4 2 7 1 985 32 31 282
15548 4 2 7 1 625 3 65 1452
15549 4 2 7 1 1012 57 986 616
15550 4 2 7 1 17 18 594 668
15551 4 2 7 1 1295 1113 1301 2904
15552 4 2 7 1 199 198 1563 1385
15553 4 2 7 1 558 401 615 3020
15554 4 2 7 1 1556 125 124 661
15555 4 2 7 1 1368 201 202 1564
15556 4 2 7 1 239 238 1493 1025
15557 4 2 7 1 1558 184 183 1308
15558 4 2 7 1 1915 1479 7 1091
15559 4 2 7 1 681 141 142 1581
15560 4 2 7 1 84 83 1131 272
15561 4 2 7 1 1262 1481 1414 2980
15562 4 2 7 1 132 131 1849 676
15563 4 2 7 1 274 519 640 2724
15564 4 2 7 1 91 92 517 1347
15565 4 2 7 1 66 67 296 1140
15566 4 2 7 1 568 385 387 2958
15567 4 2 7 1 984 243 242 1068
15568 4 2 7 1 27 26 1024 493
15569 4 2 7 1 1090 1080 1072 2960
15570 4 2 7 1 1089 1041 1078 3013
15571 4 2 7 1 59 60 604 1039
15572 4 2 7 1 941 813 1019 3036
15573 4 2 7 1 1041 64 63 606
15574 4 2 7 1 1302 178 179 1586
15575 4 2 7 1 1522 115 114 611
15576 4 2 7 1 80 81 271 1430
15577 4 2 7 1 219 218 1805 1107
15578 4 2 7 1 1089 247 3 1452
15579 4 2 7 1 1027 33 32 554
15580 4 2 7 1 991 241 240 1080
15581 4 2 7 1 211 210 1887 1122
15582 4 2 7 1 131 130 1552 857
15583 4 2 7 1 203 204 1370 1807
15584 4 2 7 1 76 75 1130 618
15585 4 2 7 1 1738 1731 1720 2995
15586 4 2 7 1 114 1544 1522 611
15587 4 2 7 1 1380 99 98 597
15588 4 2 7 1 54 55 293 990
15589 4 2 7 1 20 21 560 648
15590 4 2 7 1 1443 260 259 1494
15591 4 2 7 1 1932 1542 8 1466
15592 4 2 7 1 1901 1534 226 1542
15593 4 2 7 1 75 74 1315 269
15594 4 2 7 1 1281 1232 1307 2964
15595 4 2 7 1 1915 7 176 1091
15596 4 2 7 1 118 117 1486 599
15597 4 2 7 1 10 11 295 843
15598 4 2 7 1 224 223 1747 1139
15599 4 2 7 1 1562 1918 1765 2973
15600 4 2 7 1 986 57 56 299
15601 4 2 7 1 1402 87 86 273
15602 4 2 7 1 172 171 1894 1038
15603 4 2 7 1 2 1012 1090 616
15604 4 2 7 1 1889 230 229 1485
15605 4 2 7 1 1 9 614 1001
15606 4 2 7 1 1545 5 239 998
15607 4 2 7 1 13 14 641 832
15608 4 2 7 1 1060 1094 1056 3032
15609 4 2 7 1 1542 260 8 1466
15610 4 2 7 1 1001 845 686 2792
15611 4 2 7 1 974 20 19 559
15612 4 2 7 1 485 28 29 887
15613 4 2 7 1 1143 1432 1453 2769
15614 4 2 7 1 61 62 600 1034
15615 4 2 7 1 1470 1115 1370 3000
15616 4 2 7 1 674 136 137 1554
15617 4 2 7 1 1585 123 122 682
15618 4 2 7 1 268 71 72 1310
15619 4 2 7 1 1534 226 227 1901
15620 4 2 7 1 186 185 1847 1436
15621 4 2 7 1 1002 169 6 1906
15622 4 2 7 1 1524 1548 1488 2968
15623 4 2 7 1 1524 236 235 663
15624 4 2 7 1 198 197 1922 1127
15625 4 2 7 1 78 79 622 1323
15626 4 2 7 1 1920 197 196 1386
15627 4 2 7 1 89 90 274 1359
15628 4 2 7 1 1438 258 257 1487
15629 4 2 7 1 13 12 970 266
15630 4 2 7 1 225 224 1590 1439
15631 4 2 7 1 1111 86 85 632
15632 4 2 7 1 1020 813 941 3036
15633 4 2 7 1 501 22 23 680
15634 4 2 7 1 126 125 1931 853
15635 4 2 7 1 1387 85 84 630
15636 4 2 7 1 1433 190 191 1912
15637 4 2 7 1 196 195 1562 1101
15638 4 2 7 1 1100 89 88 636
15639 4 2 7 1 1904 5 232 1545
15640 4 2 7 1 1313 1312 1229 2944
15641 4 2 7 1 1033 173 174 1890
15642 4 2 7 1 82 83 628 1378
15643 4 2 7 1 52 53 290 995
15644 4 2 7 1 227 228 1491 1898
15645 4 2 7 1 608 115 116 1489
15646 4 2 7 1 81 82 627 1119
15647 4 2 7 1 614 120 1 1543
15648 4 2 7 1 220 219 1806 1449
15649 4 2 7 1 1327 193 194 1917
15650 4 2 7 1 1453 642 1544 254
15651 4 2 7 1 1927 232 231 1537
15652 4 2 7 1 524 51 52 996
15653 4 2 7 1 208 209 1472 1568
15654 4 2 7 1 1544 642 4 254
15655 4 2 7 1 1301 68 67 605
15656 4 2 7 1 1884 130 129 647
15657 4 2 7 1 44 43 1009 287
15658 4 2 7 1 1544 114 642 611
15659 4 2 7 1 1542 226 1901 1932
15660 4 2 7 1 43 42 1011 537
15661 4 2 7 1 1089 3 64 625
15662 4 2 7 1 1479 1091 1448 253
15663 4 2 7 1 72 73 555 1109
15664 4 2 7 1 1442 255 1492 256
15665 4 2 7 1 200 199 1925 1121
15666 4 2 7 1 1090 58 2 616
15667 4 2 7 1 1043 988 244 245
15668 4 2 7 1 1896 176 175 1085
15669 4 2 7 1 76 77 619 1415
15670 4 2 7 1 1475 247 248 1078
15671 4 2 7 1 1479 7 177 1915
15672 4 2 7 1 1375 188 189 1909
15673 4 2 7 1 122 121 1899 994
15674 4 2 7 1 1453 4 113 642
15675 4 2 7 1 70 71 612 1132
15676 4 2 7 1 2 57 1012 616
15677 4 2 7 1 1102 182 183 1902
15678 4 2 7 1 68 69 267 1113
15679 4 2 7 1 191 192 1329 1914
15680 4 2 7 1 1144 177 178 1892
15681 4 2 7 1 1418 88 87 635
15682 4 2 7 1 642 1453 4 254
15683 4 2 7 1 663 982 1007 2968
15684 4 2 7 1 6 170 1088 1906
15685 4 2 7 1 1543 233 1 1001
15686 4 2 7 1 221 220 1574 1446
15687 4 2 7 1 1002 6 246 1088
15688 4 2 7 1 1427 181 182 1900
15689 4 2 7 1 1542 8 226 1932
15690 4 2 7 1 1091 1479 7 253
15691 4 2 7 1 77 78 270 1110
15692 4 2 7 1 1932 8 225 1466
15693 4 2 7 1 240 2 1012 1090
15694 4 2 7 1 1551 128 127 1031
15695 4 2 7 1 1908 188 187 1103
15696 4 2 7 1 1123 179 180 1895
15697 4 2 7 1 79 80 624 1133
15698 4 2 7 1 642 4 114 1544
15699 4 2 7 1 1934 127 126 672
15700 4 2 7 1 1126 189 190 1560
15701 4 2 7 1 65 66 602 1447
15702 4 2 7 1 15 14 650 644
15703 4 2 7 1 201 200 1926 1366
15704 4 2 7 1 69 70 610 1483
15705 4 2 7 1 1104 192 193 1561
15706 4 2 7 1 1484 194 195 1918
15707 4 2 7 1 2644 2763 815 2189
15708 4 2 7 1 815 2763 2644 2311
15709 4 2 7 1 2452 2541 1942 2414
15710 4 2 7 1 1942 2541 2452 2298
15711 4 2 7 1 2288 2715 2530 1598
15712 4 2 7 1 2530 2715 2288 2026
15713 4 2 7 1 2637 2741 1966 2480
15714 4 2 7 1 1966 2741 2637 2299
15715 4 2 7 1 2860 1760 1619 1617
15716 4 2 7 1 2860 1619 1760 2519
15717 4 2 7 1 2147 2855 2335 697
15718 4 2 7 1 2335 2855 2147 2788
15719 4 2 7 1 2491 487 2326 2205
15720 4 2 7 1 2491 2326 487 579
15721 4 2 7 1 2958 391 2474 387
15722 4 2 7 1 2958 2474 391 2074
15723 4 2 7 1 1030 2927 2749 748
15724 4 2 7 1 2749 2927 1030 2296
15725 4 2 7 1 2749 964 1030 748
15726 4 2 7 1 1030 964 2749 2296
15727 4 2 7 1 2535 1942 2119 2316
15728 4 2 7 1 2535 2119 1942 2414
15729 4 2 7 1 2910 2316 2324 2177
15730 4 2 7 1 2910 2324 2316 2718
15731 4 2 7 1 1984 2324 2316 2177
15732 4 2 7 1 1984 2316 2324 2718
15733 4 2 7 1 2641 2019 2767 2393
15734 4 2 7 1 2641 2767 2019 2245
15735 4 2 7 1 2812 2504 2240 2021
15736 4 2 7 1 2812 2240 2504 2415
15737 4 2 7 1 2892 2240 2504 2021
15738 4 2 7 1 2892 2504 2240 2415
15739 4 2 7 1 2412 2397 2330 1936
15740 4 2 7 1 2412 2330 2397 2026
15741 4 2 7 1 2387 1580 1866 1814
15742 4 2 7 1 2387 1866 1580 2140
15743 4 2 7 1 2772 2766 2281 1945
15744 4 2 7 1 2772 2281 2766 2063
15745 4 2 7 1 2671 2101 3037 2477
15746 4 2 7 1 2671 3037 2101 2329
15747 4 2 7 1 2387 666 963 2140
15748 4 2 7 1 2387 963 666 892
15749 4 2 7 1 2378 1083 1092 2158
15750 4 2 7 1 2378 1092 1083 1055
15751 4 2 7 1 2415 522 2664 2197
15752 4 2 7 1 2415 2664 522 567
15753 4 2 7 1 2738 2056 2993 2613
15754 4 2 7 1 2738 2993 2056 2233
15755 4 2 7 1 2887 2204 1977 2353
15756 4 2 7 1 2887 1977 2204 2395
15757 4 2 7 1 2403 2714 1991 2143
15758 4 2 7 1 1991 2714 2403 2242
15759 4 2 7 1 518 2584 2042 639
15760 4 2 7 1 2042 2584 518 2574
15761 4 2 7 1 2042 572 518 639
15762 4 2 7 1 518 572 2042 2574
15763 4 2 7 1 2650 2530 2365 1593
15764 4 2 7 1 2650 2365 2530 2046
15765 4 2 7 1 2582 2908 2429 930
15766 4 2 7 1 2429 2908 2582 2036
15767 4 2 7 1 2649 2092 2041 2399
15768 4 2 7 1 2649 2041 2092 2271
15769 4 2 7 1 2583 1341 1338 1112
15770 4 2 7 1 2583 1338 1341 2160
15771 4 2 7 1 2757 2630 1021 799
15772 4 2 7 1 2210 1021 2630 799
15773 4 2 7 1 2376 2330 2838 2026
15774 4 2 7 1 2376 2838 2330 1993
15775 4 2 7 1 2628 2820 1252 1459
15776 4 2 7 1 1252 2820 2628 2190
15777 4 2 7 1 2601 613 2663 426
15778 4 2 7 1 2601 2663 613 2517
15779 4 2 7 1 2386 2414 2541 2052
15780 4 2 7 1 2541 2414 2386 1942
15781 4 2 7 1 2584 518 414 639
15782 4 2 7 1 2584 414 518 2224
15783 4 2 7 1 2524 1608 1713 1606
15784 4 2 7 1 2524 1713 1608 2366
15785 4 2 7 1 2450 3013 1084 1066
15786 4 2 7 1 1084 3013 2450 2133
15787 4 2 7 1 2799 1015 2304 920
15788 4 2 7 1 2799 2304 1015 2349
15789 4 2 7 1 2728 2304 1015 920
15790 4 2 7 1 2728 1015 2304 2349
15791 4 2 7 1 3016 1940 2033 2329
15792 4 2 7 1 3016 2033 1940 2300
15793 4 2 7 1 2383 3023 2823 2086
15794 4 2 7 1 2823 3023 2383 2129
15795 4 2 7 1 2537 1936 2114 2381
15796 4 2 7 1 2537 2114 1936 2397
15797 4 2 7 1 2567 886 2398 792
15798 4 2 7 1 2567 2398 886 2195
15799 4 2 7 1 2778 1805 2214 2551
15800 4 2 7 1 2778 2214 1805 1806
15801 4 2 7 1 1710 2214 1805 2551
15802 4 2 7 1 1710 1805 2214 1806
15803 4 2 7 1 2472 927 2900 2145
15804 4 2 7 1 2472 2900 927 971
15805 4 2 7 1 925 2900 927 2145
15806 4 2 7 1 925 927 2900 971
15807 4 2 7 1 2638 572 639 357
15808 4 2 7 1 2638 639 572 2042
15809 4 2 7 1 2935 651 926 932
15810 4 2 7 1 2935 926 651 2321
15811 4 2 7 1 2182 2439 2639 1998
15812 4 2 7 1 2639 2439 2182 2019
15813 4 2 7 1 2385 472 2722 564
15814 4 2 7 1 2385 2722 472 2096
15815 4 2 7 1 2501 2059 1947 2308
15816 4 2 7 1 2501 1947 2059 2683
15817 4 2 7 1 2478 1947 2059 2308
15818 4 2 7 1 2478 2059 1947 2683
15819 4 2 7 1 2491 362 2035 2326
15820 4 2 7 1 2491 2035 362 364
15821 4 2 7 1 2515 2390 2543 1960
15822 4 2 7 1 2515 2543 2390 2267
15823 4 2 7 1 2685 2312 2341 1950
15824 4 2 7 1 2685 2341 2312 2088
15825 4 2 7 1 2953 2444 2969 1958
15826 4 2 7 1 2953 2969 2444 2607
15827 4 2 7 1 2381 2330 2259 2047
15828 4 2 7 1 2381 2259 2330 1936
15829 4 2 7 1 2979 472 1133 622
15830 4 2 7 1 2979 1133 472 2096
15831 4 2 7 1 2365 1866 2384 2140
15832 4 2 7 1 2365 2384 1866 1600
15833 4 2 7 1 2700 2187 2750 2615
15834 4 2 7 1 2700 2750 2187 2044
15835 4 2 7 1 2427 670 915 2137
15836 4 2 7 1 2427 915 670 914
15837 4 2 7 1 2229 2952 2717 1975
15838 4 2 7 1 2717 2952 2229 2474
15839 4 2 7 1 2427 533 532 531
15840 4 2 7 1 2427 532 533 2137
15841 4 2 7 1 2345 1512 1520 1538
15842 4 2 7 1 2345 1520 1512 2131
15843 4 2 7 1 2857 2264 2028 2339
15844 4 2 7 1 2857 2028 2264 2284
15845 4 2 7 1 2745 2098 484 2278
15846 4 2 7 1 2745 484 2098 2590
15847 4 2 7 1 2756 2064 709 2487
15848 4 2 7 1 2756 709 2064 2279
15849 4 2 7 1 2518 871 983 872
15850 4 2 7 1 2518 983 871 2305
15851 4 2 7 1 2884 2514 2726 2755
15852 4 2 7 1 2884 2726 2514 2178
15853 4 2 7 1 2832 2647 2496 2055
15854 4 2 7 1 2832 2496 2647 2199
15855 4 2 7 1 2698 1797 1796 1671
15856 4 2 7 1 2785 1606 1603 1605
15857 4 2 7 1 2785 1603 1606 2524
15858 4 2 7 1 2588 348 2169 346
15859 4 2 7 1 2588 2169 348 2327
15860 4 2 7 1 2749 1961 2296 2205
15861 4 2 7 1 2749 2296 1961 2177
15862 4 2 7 1 2544 2595 1977 2185
15863 4 2 7 1 1977 2595 2544 2448
15864 4 2 7 1 2993 1921 2849 2346
15865 4 2 7 1 2993 2849 1921 1721
15866 4 2 7 1 3007 1737 2764 1736
15867 4 2 7 1 3007 2764 1737 2083
15868 4 2 7 1 2438 1365 2736 2123
15869 4 2 7 1 2438 2736 1365 1440
15870 4 2 7 1 2669 1821 1822 1823
15871 4 2 7 1 2669 1822 1821 2176
15872 4 2 7 1 2669 903 904 2176
15873 4 2 7 1 2669 904 903 653
15874 4 2 7 1 2860 2603 1614 1616
15875 4 2 7 1 2860 1614 2603 2088
15876 4 2 7 1 2385 626 472 564
15877 4 2 7 1 2385 472 626 2272
15878 4 2 7 1 2995 1551 1739 1738
15879 4 2 7 1 2995 1739 1551 2181
15880 4 2 7 1 2829 1959 2215 2602
15881 4 2 7 1 2829 2215 1959 2151
15882 4 2 7 1 2097 1232 2620 1233
15883 4 2 7 1 2097 2620 1232 2964
15884 4 2 7 1 2676 2644 2909 1999
15885 4 2 7 1 2676 2909 2644 2073
15886 4 2 7 1 2698 1670 2283 2206
15887 4 2 7 1 2698 2283 1670 1668
15888 4 2 7 1 2649 2273 2092 1987
15889 4 2 7 1 2649 2092 2273 2271
15890 4 2 7 1 2909 3044 2676 1999
15891 4 2 7 1 2676 3044 2909 2232
15892 4 2 7 1 2874 2890 1946 2102
15893 4 2 7 1 1946 2890 2874 2439
15894 4 2 7 1 2687 354 356 2124
15895 4 2 7 1 2687 356 354 404
15896 4 2 7 1 2616 1852 1635 2273
15897 4 2 7 1 2616 1635 1852 1769
15898 4 2 7 1 1936 2114 2238 2397
15899 4 2 7 1 2238 2114 1936 2762
15900 4 2 7 1 3043 2528 1232 1231
15901 4 2 7 1 3043 1232 2528 2097
15902 4 2 7 1 2392 1681 1683 1684
15903 4 2 7 1 2392 1683 1681 2184
15904 4 2 7 1 644 2173 2666 448
15905 4 2 7 1 2666 2173 644 650
15906 4 2 7 1 1118 1487 257 1523
15907 4 2 7 1 257 1487 1118 1438
15908 4 2 7 1 2212 2887 2574 2042
15909 4 2 7 1 2212 2574 2887 2395
15910 4 2 7 1 2185 2574 2887 2042
15911 4 2 7 1 2185 2887 2574 2395
15912 4 2 7 1 2543 1151 2977 1411
15913 4 2 7 1 2543 2977 1151 2267
15914 4 2 7 1 2923 1338 2160 2509
15915 4 2 7 1 2923 2160 1338 2583
15916 4 2 7 1 2501 3034 2152 1997
15917 4 2 7 1 2152 3034 2501 2347
15918 4 2 7 1 2395 1355 1351 2185
15919 4 2 7 1 2395 1351 1355 1249
15920 4 2 7 1 2848 1454 2989 2257
15921 4 2 7 1 2848 2989 1454 1165
15922 4 2 7 1 1163 2989 1454 2257
15923 4 2 7 1 1163 1454 2989 1165
15924 4 2 7 1 2941 1277 1480 2362
15925 4 2 7 1 2941 1480 1277 1478
15926 4 2 7 1 2732 2832 2647 2567
15927 4 2 7 1 2647 2832 2732 2055
15928 4 2 7 1 2386 2541 2196 2052
15929 4 2 7 1 2386 2196 2541 2710
15930 4 2 7 1 995 2965 821 831
15931 4 2 7 1 821 2965 995 2179
15932 4 2 7 1 2951 1742 2288 1744
15933 4 2 7 1 2951 2288 1742 2289
15934 4 2 7 1 2464 1204 2424 1205
15935 4 2 7 1 2464 2424 1204 2260
15936 4 2 7 1 2780 1511 2968 2189
15937 4 2 7 1 2780 2968 1511 1549
15938 4 2 7 1 1249 2494 1184 1356
15939 4 2 7 1 1184 2494 1249 2395
15940 4 2 7 1 2903 2747 2340 2099
15941 4 2 7 1 2903 2340 2747 2064
15942 4 2 7 1 2736 1459 1365 1181
15943 4 2 7 1 2736 1365 1459 2123
15944 4 2 7 1 2531 2907 2563 2072
15945 4 2 7 1 2563 2907 2531 1250
15946 4 2 7 1 1816 2939 3009 2151
15947 4 2 7 1 1816 3009 2939 2366
15948 4 2 7 1 2215 3009 2939 2151
15949 4 2 7 1 2215 2939 3009 2366
15950 4 2 7 1 2843 490 2614 489
15951 4 2 7 1 2843 2614 490 2687
15952 4 2 7 1 2906 2549 2850 2086
15953 4 2 7 1 2906 2850 2549 337
15954 4 2 7 1 2578 1892 1743 2194
15955 4 2 7 1 2578 1743 1892 1586
15956 4 2 7 1 2775 423 2093 2664
15957 4 2 7 1 2775 2093 423 318
15958 4 2 7 1 316 2093 423 2664
15959 4 2 7 1 316 423 2093 318
15960 4 2 7 1 2563 1190 1192 1352
15961 4 2 7 1 2563 1192 1190 2220
15962 4 2 7 1 613 2559 317 315
15963 4 2 7 1 317 2559 613 2517
15964 4 2 7 1 2482 2869 2509 1955
15965 4 2 7 1 2509 2869 2482 2061
15966 4 2 7 1 2421 619 2218 1415
15967 4 2 7 1 2421 2218 619 466
15968 4 2 7 1 2895 1998 2479 2182
15969 4 2 7 1 2895 2479 1998 2141
15970 4 2 7 1 2528 1227 1309 1230
15971 4 2 7 1 2528 1309 1227 2406
15972 4 2 7 1 2974 1961 2316 2672
15973 4 2 7 1 2974 2316 1961 2119
15974 4 2 7 1 283 2795 550 552
15975 4 2 7 1 550 2795 283 2210
15976 4 2 7 1 2691 2752 859 2135
15977 4 2 7 1 859 2752 2691 860
15978 4 2 7 1 2101 1950 2341 2643
15979 4 2 7 1 2101 2341 1950 2685
15980 4 2 7 1 2915 1859 1681 2600
15981 4 2 7 1 2915 1681 1859 1677
15982 4 2 7 1 1961 2990 2749 2177
15983 4 2 7 1 2749 2990 1961 2672
15984 4 2 7 1 2995 1934 1551 1738
15985 4 2 7 1 2995 1551 1934 672
15986 4 2 7 1 2910 752 753 2423
15987 4 2 7 1 2910 753 752 751
15988 4 2 7 1 2005 2985 2493 2402
15989 4 2 7 1 2005 2493 2985 2735
15990 4 2 7 1 2076 2493 2985 2402
15991 4 2 7 1 2076 2985 2493 2735
15992 4 2 7 1 3015 1426 1461 1300
15993 4 2 7 1 3015 1461 1426 2409
15994 4 2 7 1 2626 2817 2398 2055
15995 4 2 7 1 2398 2817 2626 2109
15996 4 2 7 1 2844 2384 2336 1963
15997 4 2 7 1 2844 2336 2384 2115
15998 4 2 7 1 2424 1204 1202 1203
15999 4 2 7 1 2424 1202 1204 2260
16000 4 2 7 1 2617 2939 2281 2111
16001 4 2 7 1 2617 2281 2939 1959
16002 4 2 7 1 2625 2281 2939 2111
16003 4 2 7 1 2625 2939 2281 1959
16004 4 2 7 1 2993 1910 2658 1733
16005 4 2 7 1 2993 2658 1910 2682
16006 4 2 7 1 1889 2658 1910 1733
16007 4 2 7 1 1889 1910 2658 2682
16008 4 2 7 1 2580 1125 1309 2175
16009 4 2 7 1 2580 1309 1125 1308
16010 4 2 7 1 1349 2725 1359 1353
16011 4 2 7 1 1359 2725 1349 2724
16012 4 2 7 1 2527 522 2664 521
16013 4 2 7 1 2527 2664 522 2197
16014 4 2 7 1 2941 1852 2523 2092
16015 4 2 7 1 2941 2523 1852 1768
16016 4 2 7 1 2583 281 468 2160
16017 4 2 7 1 2583 468 281 469
16018 4 2 7 1 2686 2354 1982 2529
16019 4 2 7 1 2686 1982 2354 2375
16020 4 2 7 1 3029 800 715 2446
16021 4 2 7 1 3029 715 800 717
16022 4 2 7 1 3033 516 515 420
16023 4 2 7 1 3033 515 516 2456
16024 4 2 7 1 2924 1195 2641 1196
16025 4 2 7 1 2924 2641 1195 2393
16026 4 2 7 1 2638 639 355 357
16027 4 2 7 1 2638 355 639 2584
16028 4 2 7 1 2927 750 2749 748
16029 4 2 7 1 2927 2749 750 2177
16030 4 2 7 1 2877 2100 836 2564
16031 4 2 7 1 2877 836 2100 2342
16032 4 2 7 1 2427 793 915 1006
16033 4 2 7 1 2427 915 793 2293
16034 4 2 7 1 2780 2827 2792 1550
16035 4 2 7 1 2792 2827 2780 2122
16036 4 2 7 1 2833 2785 1603 1604
16037 4 2 7 1 2833 1603 2785 2115
16038 4 2 7 1 2965 992 2277 960
16039 4 2 7 1 2965 2277 992 2426
16040 4 2 7 1 2566 2277 992 960
16041 4 2 7 1 2566 992 2277 2426
16042 4 2 7 1 2609 2866 1939 2344
16043 4 2 7 1 1939 2866 2609 2350
16044 4 2 7 1 2981 1955 2217 2235
16045 4 2 7 1 2981 2217 1955 2482
16046 4 2 7 1 2493 701 811 2442
16047 4 2 7 1 2493 811 701 702
16048 4 2 7 1 3002 2452 2157 2670
16049 4 2 7 1 3002 2157 2452 2035
16050 4 2 7 1 2981 2242 1941 2235
16051 4 2 7 1 2981 1941 2242 2714
16052 4 2 7 1 2725 1418 1360 2299
16053 4 2 7 1 2725 1360 1418 1100
16054 4 2 7 1 2717 390 2229 392
16055 4 2 7 1 2717 2229 390 2474
16056 4 2 7 1 391 2229 390 392
16057 4 2 7 1 391 390 2229 2474
16058 4 2 7 1 2505 1833 1831 1696
16059 4 2 7 1 2505 1831 1833 2443
16060 4 2 7 1 2780 2827 2622 2122
16061 4 2 7 1 2622 2827 2780 1516
16062 4 2 7 1 2920 1837 1831 1575
16063 4 2 7 1 2920 1831 1837 2280
16064 4 2 7 1 2718 2463 2331 2105
16065 4 2 7 1 2718 2331 2463 1984
16066 4 2 7 1 265 2776 1024 669
16067 4 2 7 1 265 1024 2776 2205
16068 4 2 7 1 993 1024 2776 669
16069 4 2 7 1 993 2776 1024 2205
16070 4 2 7 1 2925 1908 1756 2470
16071 4 2 7 1 2925 1756 1908 1909
16072 4 2 7 1 2648 405 323 2572
16073 4 2 7 1 2648 323 405 464
16074 4 2 7 1 2646 1151 1154 1149
16075 4 2 7 1 2646 1154 1151 2267
16076 4 2 7 1 2698 1795 1796 2117
16077 4 2 7 1 2698 1796 1795 1671
16078 4 2 7 1 2847 2117 1797 2391
16079 4 2 7 1 2847 1797 2117 2698
16080 4 2 7 1 1796 1797 2117 2391
16081 4 2 7 1 1796 2117 1797 2698
16082 4 2 7 1 2996 1504 2405 1505
16083 4 2 7 1 2996 2405 1504 2546
16084 4 2 7 1 3024 2945 759 2085
16085 4 2 7 1 3024 759 2945 758
16086 4 2 7 1 277 1034 61 600
16087 4 2 7 1 277 61 1034 1069
16088 4 2 7 1 2608 1839 2469 1841
16089 4 2 7 1 2608 2469 1839 2321
16090 4 2 7 1 963 2855 3004 966
16091 4 2 7 1 3004 2855 963 2140
16092 4 2 7 1 3004 666 963 966
16093 4 2 7 1 963 666 3004 2140
16094 4 2 7 1 2920 945 973 2280
16095 4 2 7 1 2920 973 945 675
16096 4 2 7 1 2078 2986 955 2317
16097 4 2 7 1 2078 955 2986 863
16098 4 2 7 1 1022 955 2986 2317
16099 4 2 7 1 1022 2986 955 863
16100 4 2 7 1 2705 2586 2459 1990
16101 4 2 7 1 2705 2459 2586 2110
16102 4 2 7 1 2962 561 2106 433
16103 4 2 7 1 2962 2106 561 2595
16104 4 2 7 1 2893 1242 1218 1220
16105 4 2 7 1 2893 1218 1242 2082
16106 4 2 7 1 2548 1609 3030 2441
16107 4 2 7 1 2548 3030 1609 1611
16108 4 2 7 1 2745 484 377 379
16109 4 2 7 1 2745 377 484 2590
16110 4 2 7 1 2816 2927 2597 2177
16111 4 2 7 1 2597 2927 2816 2109
16112 4 2 7 1 2590 376 2745 377
16113 4 2 7 1 2590 2745 376 2225
16114 4 2 7 1 2557 2954 2446 2180
16115 4 2 7 1 2446 2954 2557 2099
16116 4 2 7 1 2621 1097 1084 2133
16117 4 2 7 1 2621 1084 1097 1075
16118 4 2 7 1 2674 674 865 867
16119 4 2 7 1 2674 865 674 2252
16120 4 2 7 1 2979 1415 1319 2218
16121 4 2 7 1 2979 1319 1415 1110
16122 4 2 7 1 2841 2542 2300 1949
16123 4 2 7 1 2841 2300 2542 2128
16124 4 2 7 1 2502 416 2590 589
16125 4 2 7 1 2502 2590 416 2323
16126 4 2 7 1 2949 2119 1962 2353
16127 4 2 7 1 2949 1962 2119 2535
16128 4 2 7 1 1568 1362 209 1472
16129 4 2 7 1 1568 209 1362 1801
16130 4 2 7 1 2725 640 2107 2724
16131 4 2 7 1 2725 2107 640 482
16132 4 2 7 1 2980 1377 1436 1262
16133 4 2 7 1 2980 1436 1377 2825
16134 4 2 7 1 2631 1430 1434 2272
16135 4 2 7 1 2631 1434 1430 1119
16136 4 2 7 1 2663 434 2601 623
16137 4 2 7 1 2663 2601 434 2193
16138 4 2 7 1 565 2986 1011 537
16139 4 2 7 1 1011 2986 565 2317
16140 4 2 7 1 591 1129 103 1334
16141 4 2 7 1 591 103 1129 280
16142 4 2 7 1 3012 1000 880 879
16143 4 2 7 1 3012 880 1000 2611
16144 4 2 7 1 1344 515 2456 516
16145 4 2 7 1 2456 515 1344 1137
16146 4 2 7 1 754 3012 752 1016
16147 4 2 7 1 752 3012 754 2423
16148 4 2 7 1 2813 782 783 781
16149 4 2 7 1 2813 783 782 2311
16150 4 2 7 1 2555 647 841 2241
16151 4 2 7 1 2555 841 647 840
16152 4 2 7 1 1440 2554 1254 1456
16153 4 2 7 1 1254 2554 1440 2438
16154 4 2 7 1 2937 458 2203 440
16155 4 2 7 1 2937 2203 458 2865
16156 4 2 7 1 2868 1792 1794 2533
16157 4 2 7 1 2868 1794 1792 1679
16158 4 2 7 1 3006 650 829 2173
16159 4 2 7 1 3006 829 650 825
16160 4 2 7 1 1922 1385 2523 1563
16161 4 2 7 1 2523 1385 1922 1127
16162 4 2 7 1 1985 2159 2824 2516
16163 4 2 7 1 2824 2159 1985 2878
16164 4 2 7 1 2713 1776 2721 2234
16165 4 2 7 1 2713 2721 1776 1779
16166 4 2 7 1 2996 1548 2447 1530
16167 4 2 7 1 2996 2447 1548 2968
16168 4 2 7 1 1547 2447 1548 1530
16169 4 2 7 1 1547 1548 2447 2968
16170 4 2 7 1 3022 1887 1803 2550
16171 4 2 7 1 3022 1803 1887 1569
16172 4 2 7 1 3043 1235 2620 2303
16173 4 2 7 1 3043 2620 1235 1233
16174 4 2 7 1 2950 1473 3007 2764
16175 4 2 7 1 2950 3007 1473 1306
16176 4 2 7 1 2947 2263 2310 2014
16177 4 2 7 1 2947 2310 2263 2712
16178 4 2 7 1 2801 1718 2707 2346
16179 4 2 7 1 2801 2707 1718 1732
16180 4 2 7 1 2839 2639 2874 2141
16181 4 2 7 1 2839 2874 2639 2066
16182 4 2 7 1 2854 1246 2667 2579
16183 4 2 7 1 2854 2667 1246 1393
16184 4 2 7 1 2719 2842 2710 2125
16185 4 2 7 1 2710 2842 2719 1992
16186 4 2 7 1 2929 1468 2438 2615
16187 4 2 7 1 2929 2438 1468 1185
16188 4 2 7 1 1254 2438 1468 2615
16189 4 2 7 1 1254 1468 2438 1185
16190 4 2 7 1 2826 1637 2172 2616
16191 4 2 7 1 2826 2172 1637 1639
16192 4 2 7 1 2935 2928 1830 2138
16193 4 2 7 1 2935 1830 2928 1832
16194 4 2 7 1 2987 2551 2634 2013
16195 4 2 7 1 2987 2634 2551 2136
16196 4 2 7 1 2578 1144 1286 1302
16197 4 2 7 1 2578 1286 1144 2194
16198 4 2 7 1 1148 2977 2646 1150
16199 4 2 7 1 2646 2977 1148 2284
16200 4 2 7 1 935 2832 2199 741
16201 4 2 7 1 2199 2832 935 2567
16202 4 2 7 1 2898 2587 2489 2011
16203 4 2 7 1 2898 2489 2587 2144
16204 4 2 7 1 2679 1863 1624 2449
16205 4 2 7 1 2679 1624 1863 1698
16206 4 2 7 1 2731 676 875 946
16207 4 2 7 1 2731 875 676 2391
16208 4 2 7 1 2451 1483 2193 1293
16209 4 2 7 1 2451 2193 1483 610
16210 4 2 7 1 1132 2193 1483 1293
16211 4 2 7 1 1132 1483 2193 610
16212 4 2 7 1 2894 2227 2034 2477
16213 4 2 7 1 2894 2034 2227 2863
16214 4 2 7 1 1254 2554 2127 1467
16215 4 2 7 1 2127 2554 1254 2438
16216 4 2 7 1 2889 588 408 332
16217 4 2 7 1 2889 408 588 2333
16218 4 2 7 1 3017 1631 2166 2476
16219 4 2 7 1 3017 2166 1631 1632
16220 4 2 7 1 2764 1289 1446 2214
16221 4 2 7 1 2764 1446 1289 1288
16222 4 2 7 1 3040 2089 1158 2627
16223 4 2 7 1 3040 1158 2089 2488
16224 4 2 7 1 2105 2532 2719 2029
16225 4 2 7 1 2105 2718 2719 2386
16226 4 2 7 1 2719 2718 2105 2029
16227 4 2 7 1 2826 1641 1639 1924
16228 4 2 7 1 2826 1639 1641 2458
16229 4 2 7 1 1430 627 2631 1119
16230 4 2 7 1 1430 2631 627 271
16231 4 2 7 1 384 3033 2836 467
16232 4 2 7 1 2836 3033 384 2371
16233 4 2 7 1 2860 2685 2473 2164
16234 4 2 7 1 2860 2473 2685 2088
16235 4 2 7 1 1563 1121 199 1385
16236 4 2 7 1 199 1121 1563 1925
16237 4 2 7 1 1562 2973 1386 1101
16238 4 2 7 1 1562 1386 2973 2362
16239 4 2 7 1 1480 1386 2973 1101
16240 4 2 7 1 1480 2973 1386 2362
16241 4 2 7 1 39 2799 679 921
16242 4 2 7 1 679 2799 39 547
16243 4 2 7 1 599 1518 2827 1486
16244 4 2 7 1 599 2827 1518 297
16245 4 2 7 1 2534 1716 1604 1717
16246 4 2 7 1 2534 1604 1716 2785
16247 4 2 7 1 2839 2209 1885 2576
16248 4 2 7 1 2839 1885 2209 2811
16249 4 2 7 1 2148 2853 772 2536
16250 4 2 7 1 874 772 2853 2536
16251 4 2 7 1 874 2853 772 763
16252 4 2 7 1 2915 1680 1681 1677
16253 4 2 7 1 2915 1681 1680 2435
16254 4 2 7 1 2986 1009 863 1011
16255 4 2 7 1 2986 863 1009 2771
16256 4 2 7 1 2799 922 1014 921
16257 4 2 7 1 2799 1014 922 2605
16258 4 2 7 1 2863 331 329 330
16259 4 2 7 1 2863 329 331 2722
16260 4 2 7 1 1031 2555 2181 1551
16261 4 2 7 1 2181 2555 1031 830
16262 4 2 7 1 896 2858 894 893
16263 4 2 7 1 894 2858 896 2814
16264 4 2 7 1 3038 1388 2716 1392
16265 4 2 7 1 3038 2716 1388 2306
16266 4 2 7 1 3045 1136 2374 2642
16267 4 2 7 1 3045 2374 1136 1147
16268 4 2 7 1 1126 1912 2208 1560
16269 4 2 7 1 2208 1912 1126 1433
16270 4 2 7 1 1308 1902 2580 1102
16271 4 2 7 1 1308 2580 1902 1558
16272 4 2 7 1 1144 1586 178 1302
16273 4 2 7 1 178 1586 1144 1892
16274 4 2 7 1 857 1849 131 676
16275 4 2 7 1 857 131 1849 1552
16276 4 2 7 1 1103 2925 1908 1375
16277 4 2 7 1 1908 2925 1103 2470
16278 4 2 7 1 3018 1049 1050 2692
16279 4 2 7 1 3018 1050 1049 1048
16280 4 2 7 1 1402 635 2637 1418
16281 4 2 7 1 2637 635 1402 273
16282 4 2 7 1 1797 2698 1873 1671
16283 4 2 7 1 1797 1873 2698 2847
16284 4 2 7 1 3006 828 650 2666
16285 4 2 7 1 3006 650 828 825
16286 4 2 7 1 832 644 14 641
16287 4 2 7 1 832 14 644 650
16288 4 2 7 1 685 1080 241 991
16289 4 2 7 1 241 1080 685 1036
16290 4 2 7 1 1432 1492 255 1532
16291 4 2 7 1 255 1492 1432 1442
16292 4 2 7 1 3032 1093 2621 2681
16293 4 2 7 1 3032 2621 1093 1056
16294 4 2 7 1 619 1110 2979 1415
16295 4 2 7 1 2979 1110 619 270
16296 4 2 7 1 2979 2218 619 1415
16297 4 2 7 1 619 2218 2979 270
16298 4 2 7 1 197 2941 1386 1920
16299 4 2 7 1 1386 2941 197 1127
16300 4 2 7 1 2968 849 2189 2447
16301 4 2 7 1 2968 2189 849 1007
16302 4 2 7 1 815 2189 849 2447
16303 4 2 7 1 815 849 2189 1007
16304 4 2 7 1 1918 1327 194 1917
16305 4 2 7 1 1918 194 1327 1484
16306 4 2 7 1 1132 610 70 1483
16307 4 2 7 1 1132 70 610 612
16308 4 2 7 1 1085 1915 176 1091
16309 4 2 7 1 1085 176 1915 1896
16310 4 2 7 1 1545 1927 3011 1537
16311 4 2 7 1 1545 3011 1927 1904
16312 4 2 7 1 2615 1254 1372 1468
16313 4 2 7 1 2615 1372 1254 2127
16314 4 2 7 1 2757 2630 2210 1021
16315 4 2 7 1 2210 2630 2757 2118
16316 4 2 7 1 2719 2105 1992 2532
16317 4 2 7 1 1992 2105 2719 2386
16318 4 2 7 1 2853 772 761 2148
16319 4 2 7 1 2853 761 772 763
$EndElements
