23150.721362251144
-560.7086287125858
-11152.919542422089
68825.49971201768
47908.159199658076
15321.666995956086
19546.773752929064
-11152.919542422182
11216.717376549952
32552.758893861115
68825.49971201768
15208.88599314251
23183.169732172675
23150.7213622511
24643.976635354593
25123.595893158978
13952.776715492739
32552.758893861217
25123.595893158916
24555.136703824188
15603.204426686032
68825.4997120177
23150.721362251104
25433.209529317915
-11152.919542422154
30665.168697478475
11216.717376549948
24879.465680641668
12203.504820316737
3181.2026945685793
-3455.1868116705336
75450.43886824849
44585.387157387144
21693.40191384318
36741.56852679834
-6621.732177791534
12958.671392574914
42755.22793760866
75450.43886824857
24676.1615860293
22805.63323728672
2733.910166714348
26912.750465209276
16100.752992065201
22114.055717059673
28833.28070469971
30473.951054171557
20363.895487752827
20247.00774813816
75450.43886824856
12203.504820316743
-1163.4160276576913
-3455.1868116705277
3655.116155896142
12958.6713925749
22378.85231010727
17415.417589984972
6824.069852347588
-2.532797349449538
43213.185477480816
34955.549548780604
8595.99936031719
18128.00850303763
-475.67842772397995
11795.567625399386
21851.281179707326
43213.18547748087
27071.70609300212
33405.741903726004
32318.09608952355
12235.2062036293
41817.674867554764
69397.86824803152
32568.296962217984
13288.765763438629
35803.79615317934
32494.769998094423
43213.18547748085
17415.417589984972
20181.747481598417
-2.5327973494886464
29248.705602957827
11795.567625399404
7710.834320877322
11304.883835624745
2097.9135143567255
-7945.26150281759
75235.31782438389
38869.71167089861
24804.216966457672
29839.261312760882
7226.8374299271745
11575.456071811923
43851.50327609158
75235.31782438392
25699.36617158775
24321.13848927325
3557.685071479578
19890.182831951242
28235.191596503766
29088.73345291632
21792.11895840644
27381.297320060698
24116.49683277923
27374.92678176235
75235.31782438392
11304.883835624743
-1377.8290819047634
-7945.261502817583
4710.346880524156
11575.45607181191
16951.37138570335
6447.574545594148
10521.69319180386
-2221.711643030867
73140.68315124157
56135.48381118432
25472.943918928187
40572.60521797006
17748.88796935147
10510.279192025107
21186.420974986013
73140.68315124152
32285.364956228237
19866.717482806922
12514.202717819215
14142.838603748438
12419.707210938946
4204.233235023318
29398.5732271488
30392.22865515644
22469.853906957316
8067.418919955966
73140.68315124155
6447.574545594203
9854.945030028819
-2221.7116430308597
20375.717930099254
10510.279192025184
21454.99453810727
5111.484560737579
31922.73050328427
11182.662976651758
61369.009914846065
37186.25006368648
23709.95854853966
22190.855410979726
5128.29679447001
9287.636806362565
16870.80843430494
61369.00991484605
22190.855410979697
15820.389431768435
40362.105386288444
16622.323040644802
23990.95279449025
27368.689860247203
19617.346778278537
32563.855947201224
23616.63293869949
37186.25006368643
61369.009914846065
5111.48456073759
4860.478683441004
11182.66297665175
11182.66297665175
9287.636806362547
5111.484560737605
24366.256914268164
13217.541348365878
5088.656560435178
56241.249280977114
20075.8630714601
11849.312744416884
14697.975072353263
5088.656560435179
15605.048094565487
33875.759030814734
60617.95616848541
30281.16367748892
23934.433832808765
24366.256914268168
21255.91433150454
45938.8187753486
31064.516398438845
33875.75903081476
1422.4069546261685
26511.748207509067
35861.17633984727
56241.24928097714
8866.577361944652
6030.567588426209
5088.656560435171
14227.116167422577
19616.596302560356
15701.750951685171
-14545.405256368249
-2636.064026886961
-1584.194096443398
102726.02434640443
12990.256612805892
27390.851939063727
49785.03642834523
10729.664865309656
8583.13136887438
20305.190512034198
50723.72042628851
2897.9390759275034
35486.26482145894
-428.96722055523287
13041.714352037969
46619.852591748466
28449.60880389682
37047.69364032803
12470.818466962113
18586.883300509002
50534.37252510491
102726.02434640445
22586.03254740018
15671.598164308565
-1584.194096443418
-5707.619106428185
3950.1629037045936
6666.539907917789
24254.867427895595
17236.31293637352
12747.893032946504
35941.35054763908
35703.92775494186
24973.542606113744
19649.862949204264
14862.274473634214
21830.005349358882
25783.430548714186
65495.72908814606
20001.898569955345
11570.100964404077
19070.41779103127
25763.485612994682
47974.62770318646
33293.19401427332
19620.107192980413
12856.072211967563
20479.677943892122
31488.007256790323
35941.35054763906
22189.073544265604
14191.995820483113
12747.893032946518
14885.50380734573
12212.0635957805
11741.293660407691
21888.209334909254
6346.487714194474
-2695.049356309399
92326.26229168952
32082.874874176778
15346.940360078506
39932.6314583281
2129.8945812597235
3629.109769171678
22769.456921453242
37839.52667431763
18518.298294156655
34466.82180849991
11347.130338352708
19247.02450594189
22089.568899159953
47696.358286616516
58266.62680249866
28574.22969046061
25661.421080170636
29302.156035572923
92326.26229168953
-2034.470949438597
11971.546181193391
-2695.049356309421
-6852.6060827579195
-6631.9340532613805
7158.370737253455
4830.406906781119
-26091.326849871344
-6156.247423081161
93143.98752038355
-21800.93005151858
36607.6670807932
56739.800515017065
-12712.34419187635
-12195.691367755904
30409.581192801088
81001.11281570277
15441.580488619493
20649.37779896456
-47173.945364154424
27713.325271961905
56123.170665219965
61415.28482891576
17257.86419959066
-26782.963919173122
22435.536101629412
119065.24275021104
93143.98752038369
37760.58380896255
46512.35574281481
-6156.247423081036
-3611.8322624958532
8254.47031030438
46155.93485845169
14841.013427573862
39497.239825939585
-3905.7664907015364
70763.3047480872
41591.36659249278
32055.882068002607
21315.98752837291
25083.511182191087
22546.87352440246
25438.31591891809
5646.386723587345
24140.0100894152
3818.3111586564223
60235.181685940915
20723.258691051527
27275.089993682777
74962.27193064835
20869.85828669841
23455.591469707408
30592.01071694494
41591.36659249275
70763.30474808728
8803.171634673286
-5115.525128070009
-3905.7664907015987
-3905.7664907016006
-6384.216667160985
8803.171634673334
12566.333197932527
11577.5142741007
5192.123003237182
79076.97773763235
25917.613611642686
19409.2530641369
15436.50658264925
5192.123003237159
8550.976209851358
31806.270191876945
22926.74198304559
31106.20480889409
23609.61512835
12566.333197932518
24506.581414195345
32622.660632897274
55122.7311863771
31806.270191876938
21805.865749949433
20502.042650154766
28237.84608668327
79076.97773763243
17026.89696351046
4984.8351914834275
5192.1230032371495
-1866.0662978822456
10846.823111437854
11166.644706531653
-11274.468176503444
-182.66138613407384
2259.579572480517
86501.3605748903
73208.40549600578
21724.928009541138
22067.165548330464
-1722.7877295050107
-285.40206482786664
46295.448689016586
59571.445242685506
31541.55994558942
29384.3971281596
724.3883047623615
17092.711281984284
24338.88713901987
86693.53996392793
6870.340552376287
34541.00622652824
25104.528447206954
8102.17053118554
86501.36057489028
15374.401059872773
9660.998441267733
2259.5795724805225
-1116.0068233393638
13764.003122656864
28236.302709816475
56231.59508919161
3827.3041744703805
3677.499242117205
64271.161676536634
68751.95030707466
21116.784593079174
25215.556077459198
6693.893064319844
28693.03491689837
17450.23805513297
54271.77267957285
15487.663968015197
13975.871046804945
36465.33773656226
6494.576674189643
35280.89270009777
31822.427161652573
13388.780034427466
6720.754615647809
45315.22768378525
28914.55986877594
64271.161676536576
16843.030693209705
19901.00156362396
3677.4992421171623
-8148.259876259639
6161.0412224775755
8570.278779781915
24748.622209589736
25311.473137315872
-1117.8735138055831
66051.03185607857
30522.08166804849
21933.70966375472
10004.862465864393
14468.11222782878
2472.907149720257
41788.44834016994
41274.141950978374
34799.484341516174
34389.93496397105
9397.87003236555
4374.122835184057
16142.842300866057
6868.880789558988
33160.457437564866
16624.138183342147
19780.10373171812
19167.339367953708
66051.03185607854
37364.14202648893
484.2224856377943
-1117.8735138055595
-16607.801922395247
18531.37342172952
41688.48434611933
32746.89333684457
16959.48554083616
6299.077510464876
40454.16682736871
33764.95773915608
28567.21961413093
13332.125986799023
6686.361679924212
6513.431083159976
29384.175503265124
26475.311544134845
24943.38079303875
12831.032166404442
10814.562365912016
21212.677412593042
14758.597797739101
48130.31082274093
19970.643177340207
23662.789889509808
11636.866184194943
30631.96755116619
40454.1668273687
22048.92647500705
16633.737971934203
6299.07751046485
9724.00844657156
11101.441632693175
7910.911813821468
45488.52610869088
17286.394229442732
148.5686105804253
54521.1197640427
31622.984841912952
17443.522612317855
37048.06584866253
22698.5304094985
27532.096630856588
39953.33788166768
55324.59105964162
3335.7824830389372
8760.359014493684
9522.662718464999
36689.892854677906
35011.044220772375
17306.588253826652
1701.0764631086658
20830.41643211579
17080.30080123908
31622.984841912898
54521.11976404266
16462.766992753677
16740.813523046065
148.56861058040755
148.56861058040755
-5927.310862122982
16462.766992753674
13826.502035768168
15198.569633005172
-3392.707859500937
65158.79831255112
35345.41867877171
29079.81105404439
27520.20482167932
-3392.7078595009493
10935.956654449994
27015.612890283865
67382.23056997661
15670.673595843946
18162.67987647173
13826.502035768162
19080.242972812805
25327.730505879128
17245.40830010557
27015.61289028387
21123.73531443853
17205.357476115394
33298.24701455808
65158.79831255113
25275.3438642277
5484.002809686901
-3392.707859500933
16782.883995767137
5725.9594899451895
14243.37851643595
6189.254903239962
7650.4094618128
10213.33267235194
58876.12575292205
25794.339435235506
22598.01303858914
23627.621161356114
4342.709036321568
6336.699345440667
33040.80038784359
43296.87224646747
17864.891043169315
16085.399078823855
8208.241637680452
23807.02422495925
42909.69287885482
64592.639565337704
16729.301014851517
16411.5308195369
16927.5612873901
36912.67022911583
58876.125752922075
15863.890494222444
9968.99573343367
10213.332672351911
4010.9023942837666
12875.352291587253
14563.904328662253
25550.896810853246
9602.726681280059
21876.838220629154
22208.5529195731
12208.069972656453
16845.347900825152
26974.94195380647
15922.513795782646
22253.44878609532
17381.561601100213
25090.04209632948
29027.902572579933
14642.762702584558
13239.468182527906
12605.17902613009
25061.092657619767
47792.2017109107
17366.681671819155
23159.06046945859
30351.41876961923
34605.59580902349
22208.552919573103
12172.571219608595
21787.839019374576
21876.838220629157
5753.067198553193
18612.221985265664
27413.28471838392
12227.99915994726
5667.367609024732
-1460.9101966114065
74451.73126162963
36669.43592461738
22622.40856552152
11733.358018022149
-7886.808743853421
12214.668215239555
27733.535984896065
22026.983273444916
37326.79028279785
26639.498073808343
25598.621556865695
17577.982377919365
19008.11495609844
29269.252159952408
31369.501634136068
14436.71109431741
15861.65752730927
36028.07819690922
74451.7312616296
14271.914767841046
3777.7186182481237
-1460.9101966114088
11485.819134772739
21609.4928283682
22137.113492115765
52825.80996753884
9870.04555978773
-11786.455217494478
34839.08365351359
39612.5658769879
12786.72869688033
14482.187363105717
-133.77476890174134
19000.163568722008
37590.805786520206
41072.83986712903
18873.35857229806
28175.670457776774
35160.81998269003
18242.85680234457
23734.530960864908
56152.84356353421
37597.176865616304
3400.784002778946
24667.847058490108
33476.68512572302
34839.083653513626
57462.776275938624
18459.993252232918
-11786.455217494498
5789.520204086169
7304.751057960031
34578.88410742499
22460.328048306208
8385.100136902634
-3680.341902213349
77449.68354849146
26869.102098451156
19096.15345932548
27790.376835716976
1397.405311829352
-280.05656517200237
63484.99365041507
32516.776408065965
11787.302747492864
20774.15114484173
22582.064762968006
20742.948462601667
16534.694876154954
56985.109061255826
35552.61616779436
26191.253720389363
21670.370785775012
26869.102098451163
77449.68354849145
23412.61241409529
4015.004403777577
-3680.3419022133335
-3680.3419022133335
21713.09383600908
23412.612414095332
36120.936778654606
19934.20932146955
6511.119353985494
51481.580322720954
33919.18470780652
34792.30203611492
5997.93686679823
6511.119353985505
8373.40367258877
22178.72636272474
28948.28825421033
36968.21315001931
13214.064942594343
36120.93677865456
13709.673243689771
13375.011958262634
38622.12140026581
22178.72636272473
18067.783609510087
16837.36245675235
38019.722898360706
51481.58032272093
18187.691122844357
11623.94947775371
6511.1193539855
-730.8047777356464
13424.487326463577
7669.757242256099
27157.033307916525
8126.026759105662
-13394.30401299897
64731.90940132531
36510.946016709444
11393.690371291115
67.93699733263838
16164.140841155904
-1974.4107212144786
29426.335362331993
75909.12767226853
28896.0775801133
13666.3040468807
-3537.8507126547406
36634.728278977724
6587.774197583513
-17098.80534665364
25216.558451872694
35510.63763517037
30146.755232976204
37775.64853194253
64731.90940132534
47898.220790222
12074.732471712228
-13394.304012998971
6011.725722861394
14374.60160691556
21084.597589741286
29246.23334098035
8186.351106705522
-274.6396798791233
44452.26017790874
32057.964723138306
35977.19969517825
11363.505959706008
-14709.727325981034
3106.116283666387
45070.94486198431
68188.69584021102
39561.879736076735
22359.757505692483
38283.470017459644
21799.266980797176
21457.285930142887
11225.90452343836
25706.536685738196
9887.568090283958
2898.895862498208
34113.52082705665
44452.26017790877
35225.06130930611
16492.41743695302
-274.6396798790924
28987.866550381605
32555.610883255344
30377.944105546198
6657.725796027892
17661.79421997549
-3096.600126077444
93740.77582730929
47874.51493331261
19978.482691961268
24759.424585311855
-11084.578891774137
-3693.7274502922915
33025.05628669134
12507.11289494028
18910.843359437527
16414.10343123488
18038.918725268406
21495.070673591457
17463.136760171175
30639.685318226733
24673.247802317517
28329.058760259682
35911.39172529285
46506.978268707375
93740.77582730933
25892.289470354197
1279.1412308654922
-3096.600126077454
-2743.643063958112
5699.090114393544
21391.631333491303
40968.1988144893
19143.584998598613
9058.46815374126
30772.813982101467
23777.148407571825
17167.116182011014
15427.543687902062
-1567.7216881107615
13238.12230733181
40474.6248862595
45992.349514538975
22142.430188176855
23339.265436840662
9364.817567680742
17410.453879870493
18193.874673954357
43034.439097350165
32457.25441691486
15119.61030677386
22120.727230603057
24380.47239864932
30772.81398210148
37745.232282651625
9770.233754887448
9058.46815374125
4692.011171211756
30609.26909012442
39902.22908682712
32363.157674039954
11523.3210129375
1848.7476231932296
87388.71083355825
27058.56315053305
19706.57890780806
23270.547920690155
4011.572967894165
36557.274320961835
3306.936384705376
22897.82021885875
31404.264077678425
31310.245346051186
25169.125798900237
19446.936590183665
36420.215713865844
22468.119188607034
62384.512582714655
3304.8232435488417
18586.526005448264
27058.56315053311
87388.71083355813
1858.0581450301506
577.2964965736501
1848.7476231932342
1848.7476231932342
-13470.215276873543
1858.0581450300779
26350.578669616098
12112.154390980271
-7056.338366444765
70031.39618899992
13637.783441767571
22338.55002118936
25791.29301820381
-7056.338366444687
13996.663280472803
31976.55060518995
13689.647286669093
25791.293018203836
22409.269734928046
26350.578669616098
18770.116483725324
24660.516321404084
70031.39618899992
31976.55060518989
432.70955254861474
22748.244720936
58040.16928185432
70031.39618899992
21634.048207363943
12112.154390980311
-7056.338366444716
9687.0386262436
10984.836023866086
26350.578669616098
11140.876284433667
10359.476746017841
-102.34756058932635
63431.1056438686
23317.25706140783
12931.155845046855
18090.558812588686
2877.0609762045433
2563.4376439204557
30197.294392389253
28481.29323324347
12055.014224868652
18711.96539704209
24683.998231779755
18600.825363159933
23679.464455093843
63431.105643868614
44328.81170004346
26955.58888039085
29415.859922451884
34799.59084776273
63431.105643868614
21687.306601120596
10359.476746017881
-102.34756058931453
391.30561024693907
22257.031571671894
24683.998231779755
16505.808562572747
10201.34768431598
5581.741175599026
49676.296525713005
30269.3940030802
16965.342010935063
14713.430010325392
4612.994466838247
20221.159422017492
11417.393768052194
43161.26089681333
33999.716274466606
22834.457424126762
18185.449039967698
17141.462130382224
15715.775541771882
49676.296525713
41230.91183627371
20533.544526992137
21702.042021392375
34021.778920409306
49676.296525713
24663.492407739042
10201.34768431598
5581.741175599013
7119.060566211992
10390.654144994058
18185.449039967698
27147.6412210042
9211.44503701906
-3207.213063280435
60493.37712246556
13319.982463373031
14349.915375018414
13400.130082909207
4984.828791725841
12721.807064832561
17935.74278222028
1270.8188607204372
22564.61620398536
16534.94514692202
22287.87725134837
15405.93694385599
16348.819713716177
60493.37712246554
34810.96565272115
29877.800643358973
34860.962177243506
47398.19560976392
60493.37712246554
7571.390946907883
9211.445037019112
-3207.213063280425
18181.10067859794
18025.98109219812
22287.877251348367
1974.2112092294947
11267.62064662436
8555.93693363275
33107.9913521521
22013.27110351176
13725.322520456295
11168.27571843009
13062.964255976272
12197.74815505332
30506.77055848298
43518.1552211997
28636.6793431142
31115.172099628824
33576.55634038677
14786.375635166334
20446.7300092604
33107.991352152094
32401.394484843855
18086.068363657138
17156.031817179613
25578.528080366996
33107.991352152094
23465.52881038957
11267.620646624373
8555.936933632733
9348.437350457527
28580.16467342264
33576.556340386785
20998.597221318072
9899.974580769296
-1802.3990191987966
65547.8895387255
28655.336653517028
19270.77844387578
27480.693883335916
18746.599983412303
19313.373335319397
13495.02941970118
8008.948688221862
20533.982157094408
25461.95227763973
16624.151929759802
19371.91842274003
20838.353201267564
65547.88953872553
45994.77678026783
20838.353201267564
19371.77891729905
28655.336653517013
65547.88953872553
16624.1519297598
9899.974580769305
-1802.399019198842
-1802.399019198842
2714.2163969679527
16624.151929759824
22384.729240608194
3696.0228480832593
-5136.759363675679
88163.51823051226
59115.1708442919
24178.997058973433
-1910.3703043522225
-5136.759363675602
2525.3772526531343
40005.949588806114
88163.51823051219
34357.083408619554
14912.697240935955
22384.729240608198
27206.446191262847
28239.744572917465
-4634.234500733646
19495.975930029483
28239.744572917454
27551.694120006
20685.453594249222
57089.09349778336
22384.729240608194
11972.859422220845
13498.154797359068
-15415.080261249237
22993.68327409846
37295.86728220649
25122.955882341525
11984.557171563589
-17221.730153795335
92287.57667568476
36550.12256268698
22355.836166151334
-3547.736740406611
-5565.6564509573145
12255.048053052216
64725.166543264015
92287.57667568474
51421.13091538717
30703.306000164834
18848.644685106858
15427.375300913864
17049.07135339729
37222.42318111883
14637.849968981396
17705.92143322566
15532.092969221485
25504.2486748478
12362.72950201194
25122.95588234152
9377.982634702812
13514.784622830406
-4686.996815474749
8121.184709595323
15434.086761292114
34202.3349444433
4658.07271921233
10112.947036029123
31454.316255688987
31504.887354105995
18927.973991708855
23867.720238971047
-12448.832920629211
19866.01809992678
28716.108918099628
31454.316255688973
3097.1664484078324
17259.49172153593
33078.79136781978
18334.25142977
-7346.791888068409
21251.422644359067
33629.98940694773
39344.721892212045
24696.910454471497
33418.12407873299
52902.183654628876
34202.33494444331
13399.442116058857
26519.58299824839
-19791.249240114812
27163.222519962408
40764.3738419605
29889.077662650758
2087.2118388908566
26501.81549391856
51091.57311392633
42882.872599706025
8377.581501018965
25713.7927578038
-23062.521413096463
-14546.361214977169
35669.9109718417
51091.57311392638
17810.903311917842
35841.8011078588
20477.667672763062
15821.21935056219
33185.02404582834
63631.244261521955
28759.028876273544
11963.809134706968
23787.687250486848
30356.961486593063
34306.786548736665
29889.07766265079
22992.684960901774
-4665.255071527214
-10099.15283263535
35081.62007691807
16545.055016550476
30921.036604979712
8087.287459308922
2907.8721436082906
67669.57203778734
29425.354922494607
15525.80199394951
26116.17733750456
-10773.364007237307
16713.101461135913
46649.50111912633
67669.57203778732
26780.962035358105
28810.036699232143
28380.10148208017
16879.978869130973
18922.603083624326
54150.96906506726
6024.648062811661
15849.501402934946
17031.54810406074
34780.39357710001
18961.394169708703
30921.03660497968
6395.8364272725075
5703.39803856238
-3560.335111628308
20825.366908899523
5368.769217948217
34099.898081885716
8779.571621447729
641.1580691701452
34708.70985094152
28052.63061828577
14848.552221552585
18920.65612853051
9605.637294020411
15691.05256987293
32184.360513455027
34708.709850941494
18920.656128530525
17404.828243738782
8723.865954111008
16803.742360723394
11681.956966493937
34115.4998368556
32926.70411379218
23507.177918642195
26043.454619322067
31074.90292630424
50923.64156374767
34099.898081885745
20410.10916035613
4950.903195925742
4950.903195925737
23244.622887579662
34099.898081885745
26979.52631173322
25559.581224788737
11912.635272682222
57439.643823275605
8849.51067789519
12480.183430241672
24811.602255557922
11912.635272682166
21691.42059934917
30136.136082682468
-10584.148248643673
4408.329023254195
18284.73671646596
26979.52631173321
16410.673202194786
17677.51585871944
59701.90117832205
19552.437562293864
36858.40603147489
28028.914030223783
50273.078670822186
63644.34385791314
20212.460866748646
2767.252263018192
-8495.412264622568
4052.67893578926
4577.844500561621
20088.76230366605
20281.51129319231
9989.055395750038
15886.100384714835
3040.211302127182
26491.894615341025
16822.192413232566
-2017.245922477048
1731.9679672208588
6815.073799927006
23552.929852518017
27471.84912584349
47245.00891681004
35638.48694553658
20180.775783771736
13927.611963566264
5579.650189286395
85586.90284814754
51550.85602974079
19179.35460573676
7028.476059478425
16767.529339674024
51109.28633696806
24552.446449619223
5252.805570446259
-8689.383415409753
3268.2294147082507
21464.813502941164
25828.254233641903
15765.474173105526
17147.284711718137
11078.054199802966
56027.323244852996
31428.792293042574
8716.231107089565
16384.449318950243
1867.493666266254
13832.189693309469
27410.914650751623
22485.48350798441
20840.601029467314
8880.084923882798
27265.34466284293
37377.56526934194
-11984.505626795088
29366.34644285116
36884.90215397256
47764.664191039745
30674.47418441448
32894.70467299577
31992.278676321603
11464.937635847718
24196.089451341886
11398.420027448328
13102.602062876602
19343.080703510735
52723.39062771796
-746.5830107317691
10511.461118060877
1674.5861059186448
44003.07726540484
46537.998003496505
50956.556721054425
21672.252463168028
-18634.284883105764
10376.256056020866
53213.73997850738
121471.30830116296
29677.970161471636
17169.174172534647
15928.864928747904
20363.037465741312
50909.189720851566
31857.605774722408
32620.170727205234
19944.208989487623
17275.65335789432
38258.391605958226
59628.536388999004
17949.959077427484
-16547.911966450003
-11029.925866939404
-16469.83958507175
10412.159820325693
7733.0120508398195
38434.87588660598
11353.757293236544
-26734.824554147537
29976.606024158147
59150.626658598114
14049.632572367238
54978.198125847935
11986.853562681423
10829.27023354913
7075.651789463747
70163.86928399999
-955.6447798597486
38829.91017443447
70905.54960073791
15524.694772270328
-8741.535694580572
95603.69096957227
35287.95390047276
23977.983707228726
28109.43965513008
33671.07801123561
29945.911283987243
-6001.185278016994
13695.823913902532
-23025.976977218957
125.2669182459806
-525.3756394144621
25317.311098683826
8309.205380216314
14248.028534641999
444.0057658503779
35186.83153920234
26282.8109915237
14832.612658822323
11020.495178047007
2450.18724111838
11647.41934992723
34756.0517843199
30787.853584878776
11205.454209814221
30367.471455479314
27281.81316281756
16968.679093228962
11578.950043633771
33443.63510318272
37695.560401415656
20635.32489366904
19637.665961872783
33015.95873226822
39634.78155138239
57924.94836230365
20289.746927048567
2143.415947209925
2143.4159472099227
29780.392823983093
57924.94836230366
29666.891726590387
7012.319519190947
-16236.469189960666
11166.424744615184
62462.3932904533
17558.611614617006
16515.988021804464
-16236.469189960644
15571.898638167479
19509.285423707686
96785.66201101644
8993.98014321613
18830.048085626495
29666.89172659036
33731.00083721356
-6544.241602673377
3771.5629497842997
40494.98652942634
53953.867573085394
16102.967115215488
-1135.7848761009373
99318.69498977844
13834.634170975434
21092.838520966823
-30342.17808572533
46622.26911999706
5030.05069010696
28178.801929720175
20331.349848938382
5748.724048654345
-5632.73044041424
73934.45835859227
6321.770805776753
10403.750839606038
7093.738319989283
-10852.659422858347
9893.030457719606
66826.86521477807
81557.24769348043
25280.56978229285
31105.92404155573
24479.05671016765
22788.258614799444
14865.267078309687
18539.82542820803
50779.54970999628
21753.138869804134
14688.912683559505
24776.82102994959
50093.165269599696
35061.26639516818
19710.980242425343
-5224.745511191702
-3462.1069129720527
7416.2933829050435
44047.260797212344
16013.227522990532
19428.41491602476
15228.346503351619
58908.44404380803
34748.210223436894
29356.625854450842
26245.472211311513
9891.596657821965
10835.29617448425
20586.459797999876
65684.05968897583
22159.10242692314
12671.473915972221
11943.66928035298
18306.41943860711
28039.88865178638
47307.88452750435
22926.644016199527
22523.479089274468
14113.74237912273
36314.655380293596
41059.871586013964
36998.75546870234
21865.76711876081
10115.697848874364
4331.776267860333
13609.688858657868
17526.12167525623
-4421.553487562252
11008.832819413306
43465.986437044274
111795.67298581578
29650.739045599523
31963.892591068994
71783.4383883215
7324.027120072516
11685.086887664911
7083.772652535937
47162.00501523846
13290.121876211168
17167.943797069864
14788.811035967328
25325.574870537057
5449.685767203979
93336.35608482588
30445.47119053521
18775.059890398476
117.06450592642432
24143.89216190698
26032.32595590046
-4635.78203198186
13563.873712471852
-12700.556717691563
-7518.808406134244
-1315.67742592799
-1309.5041840057675
20351.107192557767
20693.83069609054
14928.671619705074
43031.503140557135
35205.38168584393
12190.649540702068
11298.260991290199
12956.564962640241
10877.43560348583
16448.71598034108
20214.53087508729
24225.844668725465
13684.082013403027
18478.480757705645
17572.332784658727
39344.26466428329
42870.87278291532
15961.969204292303
24390.29039108078
25273.93972019734
19390.877053679662
38118.02122820986
750.8432096390607
17827.50921754347
38100.48788461679
26743.651343482325
11770.145694276644
8497.668301922597
6762.121834367576
14933.342804308282
10587.857871530427
61690.52113986099
24697.54455133447
12389.108188500231
19081.3705841972
14460.441224068069
24174.578861519858
48071.004695937285
62646.53599353219
11191.084390537571
22608.193522226506
21425.983725558723
24963.02455336996
32046.919953522673
26534.475396205275
20526.082460545585
31792.909231445283
18985.188053334892
19660.966917530604
10154.304766135565
17472.715124170543
6329.846811163596
7700.304342253968
7700.3043422539695
7946.261949155896
17472.71512417055
22437.20452809025
9908.896401036836
7660.7233761652315
70099.69398757957
42806.52915149731
17014.991897483174
16794.94227900354
7660.723376165254
13980.073104825855
16171.392553331778
47790.53982750358
26511.346259173086
16329.309535928174
22437.204528090217
15051.569125575597
38874.89908737412
53085.63773332972
32282.801777630997
3668.4829161601206
31850.896066260008
26199.407820985085
49323.10661680266
5220.671541933516
11876.726289943705
-4071.7030691362997
-979.8707791392166
8764.508046929233
17349.203048805335
17769.392709709973
23139.052740746527
3086.2600463439376
22028.73983234243
17317.559889878914
13754.21536570759
11236.272357643335
4197.7830953272205
7111.3190363408
34850.89073555788
20215.699886618437
22069.755502214426
31611.867188775017
35108.35431941591
27849.47108387728
28580.73664118018
82424.27546624123
46372.95373261326
18624.188460444737
3555.204517189961
17029.391990543805
30253.820775617278
19382.392788492296
11610.250595566247
2107.7451477055806
4608.308056405893
10851.648488565635
15920.792702963785
28230.025520552288
8197.912474672004
8428.96590628981
30470.823199318562
18564.28888938786
18218.95637155346
28957.705743026818
13996.545525459138
10985.612775294197
28316.900330316057
28984.27038160447
22193.718564545095
13087.874847985868
25425.552811948728
24808.496848266037
20985.663314060715
11155.271127746744
31309.047634763574
33097.88472006601
10737.36706691145
36152.19330691757
42906.73069821409
32456.39467238043
33838.06232302845
4411.496446184988
22417.166495852067
7327.856624054693
21099.292597181775
26894.74349195598
16006.176471489292
-9558.372006414282
59472.6547474183
38001.98767715069
7061.05240934046
35872.86733815824
3762.8526489982396
-10115.269391440892
67644.28726222784
91292.78011900418
30668.635570672093
35956.425541912
-20295.8344783104
10336.757939154812
23111.604975633083
111260.23456838488
27930.087285481903
24149.718594602335
26818.20832524308
25159.777864184653
79528.69279107636
-19142.069659512905
14130.188976759915
15517.713496517188
-16667.269057712365
9709.637893515886
61099.54786984058
18177.321926037588
16822.948421442634
-9914.814578913667
78014.65706061196
27798.07932580392
25090.655675518447
31020.0037065761
11626.203096770392
19314.43769767593
57305.003496443314
80129.68591210803
19267.316715305824
27121.594660794995
19929.30704229969
18255.175906682056
4769.362135218555
34800.153500387605
31615.958290927483
50375.14993966589
23306.477580903505
42735.28336447228
82072.18567231212
16616.56549044456
-2727.9658548131083
2296.389728363342
-5248.886857152072
19196.267145698148
36007.67490377146
10633.157872683849
23058.9290050297
5758.470519658386
103845.5306586696
21812.411473184602
10034.517966806005
27734.57264260632
-8263.481591842183
7220.342021593742
27139.73768182083
87472.02823889215
19690.469428338107
23248.190584424163
18344.750517467815
13496.191731775732
58410.54920070962
61598.928923486616
32533.9745167409
7545.987744817066
27524.61969183423
63577.59768983885
104153.59806840828
7276.84317420395
911.6139115696187
7225.6428276985735
7225.642827698577
1457.7838174411947
7276.843174203939
14225.542957556068
6246.429718611413
8470.739989427337
40591.43020791119
22672.742813603763
14306.108898481983
28435.20725135859
8470.739989427319
-18254.87939681081
80510.2848586021
112400.53543428994
26600.48856822315
4327.574872010778
14225.542957556074
15253.57168510621
35983.7070311128
22734.627745755155
-34111.975501300694
2968.905203055006
41432.558258188335
93380.11901679882
76309.38247887808
-25797.74861979251
5074.407789874238
11525.876388814975
5254.299286135962
54916.06513354951
54998.075826135624
30277.186990422088
6938.332928650023
4664.954201269092
32087.079554748914
16338.277375498577
1669.9952154040445
20755.740667845206
-1673.6592682346404
24016.149141041522
46339.51028409544
97712.7489167465
21224.008450709138
23405.792784861722
23717.031598061603
28184.63231030902
38853.47702850597
58772.53429925255
58264.767429491774
1213.3557585582312
37850.718722766935
20082.995024820975
6004.296351168107
17379.982857963183
13709.01588042923
1745.2084080814564
-3762.145958138914
16974.530924061284
36483.3015771399
24312.88401627128
17792.676100323355
-31137.21348511627
74094.31922633272
26213.195974708437
14981.410357526627
44351.78848809426
10624.44151643879
-7760.369209379625
87324.99430675877
37695.616852023035
-6187.85311490186
45953.124366501164
51976.72630169024
350.8492502437406
38176.31157917897
-17360.786862428933
36655.51509099725
4314.449584629703
24011.540195052243
1987.8761851134623
9845.687718760371
5204.756219263716
32252.375658281246
26700.03735055749
361.21650340417574
13398.174157372683
38791.90479246597
-31072.163609119434
-8284.240582485552
-890.1341807404856
47762.92745708078
12600.688653227375
28031.499372689945
33371.378352690204
3163.4176011162094
-3719.82251901863
47215.79769214354
63549.10165351277
11370.436903386517
-635.0119164966561
-7196.092942065999
51037.42936466562
45545.679113631384
37556.20843198968
33955.99198041207
17629.242541140757
2764.274878418658
16266.037708973896
96891.85404276667
36995.71045846174
18337.735885819442
10883.460463500596
2401.8659244111254
14994.31193360175
28021.53717660931
41755.83801249512
61593.0402324673
19029.205544665612
89759.26330777854
22677.63372088064
18476.576203484055
36625.55895144378
9256.331268329663
39067.138788834396
17953.826893634294
31277.08130221768
6950.59642070272
25862.068267078164
48933.470165505474
54721.369079970515
18279.013832302477
51557.001115900224
59361.99319315448
36963.020467791845
-9331.311132725596
5880.302600869625
33912.47790661848
-45000.82134359743
-17549.752478363414
20335.57168224617
32309.03994406281
-8977.044814562818
6708.022313143349
44433.289993081184
8796.985468214443
9385.71307286033
78342.54678901695
41251.17179798117
41432.13132764036
41235.46248403276
-4909.834511884657
18002.202224294102
-6009.688871502177
65703.75803778424
15636.699339120922
-2308.2251696670264
-25489.58291090117
41116.727455152555
-1687.830089354185
35900.63622752947
53846.928326103625
46689.52330887675
10702.282820806
46177.63953066309
130916.53356225956
5558.677254864126
942.4502070923877
7218.056176911646
7218.056176911653
111.10145383134295
5558.6772548641065
30634.17471226162
2541.0041887590196
-10736.675184170046
24589.073445783622
52988.40701658005
16662.152506476596
24557.47157140273
-10736.67518417003
20342.50936554464
24001.80358004637
22940.263538664185
24557.471571402817
25515.661700836015
30634.17471226161
3684.5995451950284
12093.023838693165
92002.01624125497
32167.186522853182
24670.073581056302
44826.56420097451
29290.026298495202
92002.01624125497
-505.5094009710665
16517.573666249937
16254.48062665393
11318.901969467732
5950.508819721476
30634.174712261625
5980.241479788132
5839.4368048834585
16270.10525259909
19127.294060507476
26622.421021741404
1517.1871727813786
16009.868029401594
4811.905226583015
13020.941609634407
45346.5060680168
44599.45792066974
27277.389630928465
34129.90749951739
12633.38840647213
26063.523842451275
31932.8204103792
65697.78262677634
28376.238135147338
22093.766587901613
17223.414219045553
10711.039515635734
65697.78262677634
41678.68032541735
12708.216574172142
8015.427445739406
13161.710934060824
32589.848147636232
12633.38840647212
28093.519887507588
14880.33854568928
2028.0508698901124
50809.41227297704
20436.696033754615
16384.118278661084
47357.32320058
9009.686353105255
8736.15050786606
8484.805536932605
16199.511371615617
17309.360037330956
27580.0640159529
10917.338758465323
14527.33161884056
17617.07971416246
70460.03338487851
53003.36356515595
12449.954214386722
15924.026222639306
36775.54478575519
70460.03338487851
5830.276608821616
12398.049131154212
4258.563934571842
5171.708044436702
9192.011537751212
10917.33875846529
8016.408411546507
2377.2433299215336
4309.610321487321
27374.06002321174
34972.053298199826
21626.41399200381
3491.0097373022904
3010.869838940682
11491.274636017795
-2056.2840476309757
53156.9286654213
27383.490839862206
27451.027471938156
10227.661812187882
18477.31844127244
34076.50524226933
84844.10009843182
77787.2000638952
48613.14006322415
11128.209226154055
15200.581340140074
84844.10009843182
34266.71855907596
25169.318469463215
14123.929723746369
-9245.459067347703
7152.099094077066
10227.661812187882
49080.34781046072
48133.59484485039
-13156.506603188725
12010.347183744047
22287.095512218566
19245.68727378484
39225.00275356431
12197.168452516518
-4486.12568520191
40520.14156669893
44226.457591085615
29323.825916080208
21894.728893486354
1741.9355278974149
34723.61133132048
18377.940263042994
96269.68561189265
42834.72499001451
27106.01733608223
7691.495827524286
17927.508791779794
96269.68561189265
66.62916463058718
-2969.6842007547557
8534.066275179357
23856.692159376995
6418.749482351777
1741.935527897469
1149.9663916383315
15346.154713836535
-1769.4019975025537
58788.86702457915
22793.010048276687
29447.16398608944
39248.13182917124
10040.12223938073
9309.55879885232
31607.067035134172
50535.94209698233
17589.87805074408
10765.57688968594
19590.815050803616
27421.49332270666
21143.798075261384
79278.34203494493
34679.06020030913
21143.798075261384
20815.154999615246
42777.8202538553
79278.34203494493
19590.815050803612
3205.22458117407
-3515.359840581834
-3515.359840581843
4612.233965547424
19590.81505080362
19707.36189568692
6775.361088243386
3453.3254083275715
71599.85135578862
42824.45622695113
29462.08418528761
19686.054707728374
3453.3254083276424
7156.49023754168
31871.10882410386
71599.85135578855
35057.327529461836
6471.537205236809
19707.361895686954
26595.700893471403
18335.905450319515
62471.95197805859
37163.718903966976
18335.90545031947
18345.510021054724
18726.85884355458
40323.09858849957
19707.361895686954
19629.644772826512
7756.447952126324
1575.2205495659719
11786.352322234085
9762.972516814989
24702.790564043575
8549.161472455366
5688.594088097232
65423.741087615905
43510.7149244261
15555.807810868579
8166.755428308363
1473.3696731023072
16481.077812840897
29604.607918883812
65423.74108761594
17007.47663552775
11702.646746111881
21111.69387273568
33143.85160777091
49442.10691601734
56189.43976122813
40683.34973821214
8815.744168947747
11625.124722735407
28891.197110299137
52367.58953132076
24702.790564043564
20900.560764340575
4248.213940040602
10216.693764404883
11217.331352740317
40787.07611034835
14252.990555695596
12833.608475917237
-1956.883606484891
74365.17584489849
29000.560041360022
15695.433539015334
22803.007314202918
-1342.9154011595417
10349.41249351681
66967.14522661807
74365.17584489849
26170.42948368569
22616.933602500387
19331.35840088088
24227.642439669224
4920.45696886575
39194.05315702306
7336.175452055246
39272.39874955134
24458.13604226492
27537.65115866411
57835.35860521495
14252.990555695615
-1093.1537552889022
-4747.973700400116
-975.1094414432389
14083.3368543576
34962.21633091381
29719.709401422897
9647.54727592181
-9491.709046376385
59156.28919664278
49166.425406673225
27602.620705401056
2590.261754102862
2346.0010954474646
10278.596208701827
30933.474451766084
59156.28919664272
28204.713820058518
16794.220731452628
32231.897693834573
23792.601227258157
11237.631811104302
15143.93955818649
33822.398417228906
39563.091518328445
24231.125711583598
23844.95249159912
71769.94383107754
29719.70940142283
5942.29759962401
9599.293894022967
-12156.697444959016
21429.645036275746
11692.38132478515
10743.461178016552
-7606.27018747566
7745.816524890331
89760.75186042508
29158.91227633903
15174.434281652282
44617.292473038724
-19101.933996891534
7883.998279779761
49159.78952118079
89760.75186042504
15515.275099764833
18409.222521174983
-7528.069328479045
32273.0329388898
31361.64728911554
63859.91908430401
38434.493245601945
13620.314106225129
32795.994547528535
21212.59199884248
61047.44708617006
10743.461178016609
23604.52332099936
-23566.13299191987
13938.591665934977
11764.845857581513
49881.66223046332
9466.026983143674
4255.2548475324875
10148.736275408977
98634.99515797751
28577.827779078416
32130.961842397424
29176.843993517723
-17642.73091266693
14891.60285432958
67498.80424924953
98634.99515797752
29176.843993517785
27034.181940971972
31469.510229493775
20734.75079527632
40790.465614444685
36968.06979884962
14650.577374937508
11389.844409999416
16088.799527802621
23692.786629741153
47290.36191830952
9466.026983143687
7407.220798699672
860.7623482722965
860.7623482722965
4457.854770620575
9466.026983143665
17899.875625373596
12331.081123153956
3863.151368523031
43653.311726093234
32647.031500386984
19360.29165440674
16476.050685133778
3863.1513685230207
6411.370044119904
26025.134005443033
75213.88124753335
21807.616194696195
14734.096748915978
17899.8756253736
30340.56625234683
16109.611706805892
79803.49855700183
32237.006553649702
39006.319684853974
15750.671458159602
42112.7894603513
59093.46661670926
13979.87330185957
15812.48821309061
1972.4059588091227
9019.480914199381
8213.681960917322
16175.916262403822
23857.354672555182
23193.783382630718
2459.1966868570416
62139.560859298
30189.54546839218
25218.459132802687
14622.096270439642
13060.848983344202
19599.009060652315
40805.89598061
48201.02648436629
23713.905973796333
1244.4855152223668
35290.4421423521
24270.075389456626
35313.510556701134
70826.1130814796
40627.65333607718
8402.11662866435
13072.771931039682
22553.13739034179
55248.50996242394
26136.60357626268
7425.215329593119
4587.300706076177
17.915096229390656
14596.154497813528
17435.505333313762
8179.255951446612
896.3967905464233
-7164.682801066087
44368.21664147597
34790.004563416405
17741.708132546097
5458.875411129546
-22978.801004569286
27365.110754181358
48716.034718030154
86335.78101807741
12535.457055015577
28423.576300923487
35383.84755687579
28463.854949298275
24813.954164399605
16645.909733220567
58658.78239268455
20555.006280477388
12919.69970850019
13786.077068794815
55411.81727976338
50788.04437388226
5774.027931771321
33700.0565358784
-15171.029691206519
15065.837527920572
23735.881691785515
35515.80733247572
16017.680920078186
4500.646561792187
94497.01687647506
48148.13391082398
14291.639639943403
25797.19128883145
-10737.13393385296
3747.9447075306553
37149.108969533874
38351.689455639
20501.543814363482
19741.712465432658
14482.545861446664
15546.558193317142
18956.71092444359
57889.54748865115
21705.83715858155
15481.904404495672
45798.88327204319
46810.06366835098
21117.46844176322
16318.351799117747
8802.213030067283
-18865.58880913839
-8808.978499475235
8402.193822235859
31157.256024493254
-3671.659273290921
4346.735571135185
23058.642054682692
79175.05352304438
21267.74773218206
7427.081605924332
25772.43838631672
-1518.0625687889094
10865.568491204727
22708.706801728742
35298.00439987278
48525.30887045732
37035.43074526565
118.3955077846584
16361.510782147425
4147.322546512591
84891.9598447346
32464.324241798426
41943.5434236904
21909.999599436145
16622.302486448272
92770.84885579708
33765.168344708465
17540.27072083873
-8674.509228376966
7962.142888768262
13607.588608933645
17979.995714925626
88820.67922608665
96543.47776706086
-26995.895054726952
27191.62188323964
13174.63157810659
-1997.2350851876602
113271.94085763227
240472.9966096068
-10028.696169969633
-36077.446204463755
-2738.79432920811
-4191.967965239219
54454.17399153716
6184.440960102355
-20804.396659761307
90180.52023561078
97123.4245966999
97366.2613486868
-88598.91362136652
39872.57469728351
17233.34753572421
129327.11598548564
-61955.69817072682
-95083.77060738028
-73561.95659298914
-73561.95659298894
21307.90446181226
-61955.69817072673
1792.0304243194553
-3572.5309255621105
-6854.021262003749
60743.632017542965
15535.693270528349
24583.92473362913
55957.99342953461
-6854.021262003711
1285.9912577810687
35524.308139014036
30629.03852894328
-15631.380949573231
6408.697445811333
1792.0304243194555
32513.838557080195
53106.40711723171
86115.37740973046
28365.98411528411
6964.644958030247
24411.099622168564
33756.586048795514
41253.66072264237
10681.916676408426
25491.616728557678
13501.153803521549
28729.525308317225
19874.8563318854
41674.84442045434
16718.7809863767
14159.576758587558
2382.732969642008
89155.66796751112
19379.81030268552
9613.34180799539
10961.925053825793
5320.812581585658
16373.668817211485
47036.0412900688
117310.78189481316
33551.02891875107
29390.47569607486
26283.22593884991
24197.524171768386
40474.66700477254
15213.725793423104
23207.10415574305
24284.38505063787
21032.10318857575
24655.86539547112
61040.76766806569
7884.075105829106
3873.381958137322
-6998.485268013467
-4018.142212536253
-4081.4119030744323
9060.92336043057
21142.86331469341
5791.753069123981
8385.808477486356
53719.65418048529
28061.762709043327
6245.803093232068
19013.119812261582
16838.60235966248
6280.863275106407
41102.02906328266
36165.74257676917
23549.558818384696
27827.17891075721
15881.056155228767
10854.523734981152
8611.429236319502
25063.130937315465
23961.219176463663
24796.8595110661
27779.87665792253
27754.135866717934
45148.98241571654
14495.901299190313
-1225.262565916495
-2153.58623073211
5725.903210015346
42458.13039254161
24541.019868460746
28231.281454069012
57395.07006962357
25901.590422170026
-468.0490306728916
-8702.168534411932
26814.381655572128
23265.721411813145
58464.4674271867
10464.080691877502
59683.78188750046
60870.69481650393
46942.80185906757
20135.756700353188
43173.872162174564
1466.1821606386652
12496.11431247432
32350.94093155071
-15341.741849001519
-524.406158996563
38014.386846982154
77648.42707509786
152514.56517466417
-20328.530539056548
-58319.815715405275
-29253.55201731724
-19384.91488751219
5923.794539507891
-25473.467977061624
11277.934332076145
9137.254820229253
11066.3881390459
41300.583303875996
20249.359495268152
5669.290276301072
10302.58013930076
26226.20065058704
19889.507271153845
19345.96733495106
25828.189765664763
23572.325107816494
26862.028577185687
10486.19125822498
17436.555262898233
42723.25064944999
49903.486612186774
42391.54971188714
34664.40827073084
24825.30343723323
12777.018621786889
40377.36832858072
23065.905678714134
19193.15868578986
16886.454205537717
26614.268007510025
23612.188256330177
17133.712498453908
16839.47999675608
4435.505955834022
-13118.36471034961
77866.95649638594
27752.48736276285
19047.203068140974
34733.10824098572
-12458.444635950258
7628.195068630192
35917.76416309262
62462.508924568116
41142.10098129133
26129.441522955058
2600.9080010980347
4490.019428572057
38295.61227587106
33903.31613919313
13752.66098790147
-1276.4101192121418
30608.852360045592
24445.9386326905
96202.29454792291
10605.61781525264
21767.308021147957
22899.54062817649
22899.540628176506
12925.458412315264
10605.617815252655
12400.912822940549
7147.688409370676
16236.873180463233
53598.451390394715
33706.64237396211
25225.194459580503
27254.870030085487
16236.873180463244
18330.74002879932
28151.1161064406
73822.55784283989
15723.193527017089
17006.430425237773
12400.912822940523
23890.328347238727
27187.300342599
41451.272315791095
24837.394199465285
31347.01204444365
19109.189251204083
27949.431852263915
50144.458064321356
18492.787675812306
15202.36238803705
-7219.431654996898
-1083.1631430456862
7018.99340150541
22564.418014656563
9639.268653699131
25022.391621962735
19470.268537134954
45003.466541361246
12581.612755840653
28726.757865981435
37950.881407926645
26181.22488116194
14480.621475920942
22190.0595315897
57278.802045087796
30805.38066593943
12029.838036301893
8644.391445549081
23061.59171117195
13984.934523455464
43342.26436592474
39795.63976319366
20631.67352702744
5664.37694188374
25972.554757882684
87025.89587496831
7454.61596004187
8450.063256018117
6539.008053502043
2068.7863313471184
12465.063355223625
12315.631331179113
650.8141162160948
14113.356617900135
2295.30204147756
91894.87537564676
7772.9564450859825
21762.103888109134
29191.778278985537
2239.098692281763
4169.502699925152
33703.06237726539
52503.56226229299
20526.964029070015
20156.495570671723
10376.792311054667
12753.853571662868
32569.6785708601
65855.69121739024
28889.068707722377
35404.51494298415
12758.663616102389
32772.26308991277
44981.23470111025
5427.087227948785
20995.910213504056
17056.731781814193
11396.161868908117
-2540.869117039366
6367.757621489286
21269.054911405172
20831.963069301804
-26808.999305310423
79620.94943107654
21371.259630228025
14516.777198304644
26352.476110651125
15377.762619245297
9216.507474803715
37733.580124525724
76534.8112188128
-5067.753939051893
23703.74989814161
38422.591135296076
-2952.9164102597206
60748.14934225078
3485.0208075897326
-1676.106828780412
35955.402949969
25714.395918714963
64728.45096905124
71225.96286235764
16300.626214418302
2524.2321145989226
12062.156581918345
3960.2962414534236
13532.917181292962
7141.493208193273
18123.291770598593
20014.768224831736
21051.506466461855
36223.57387563015
11284.462904527441
6842.751564097872
16158.825574337998
-4628.914058049374
22047.02719157447
48433.501664102965
57591.63835018596
13050.791674188813
50007.04163587925
44598.72207046701
14498.033057528413
30180.2920200605
29375.830354219434
16012.721849061394
18548.156902674775
5889.653369028798
30145.801626233562
25867.05609133431
50113.86369996509
-4838.7569512979535
7427.416459125972
-6973.810986794406
49631.41892195085
14968.394486770183
13774.614841087947
13259.46941708534
10250.287530010042
62961.43435071361
9979.062280952916
11903.625337139958
34212.74124381207
1931.1077954311206
21254.724778236476
25622.544720553356
30672.842517777084
19826.53241020915
24458.939989223254
-563.5684355621125
6642.993043414924
15106.735365157092
67419.07382362324
14291.483026086444
21877.775038176707
37369.99561459468
69537.90237747764
61568.62918391172
25380.833775542636
5507.782507422091
7597.650533075331
7597.650533075309
9130.178962022355
25380.83377554261
24275.366155388474
8759.223101115756
1006.2506310827885
70484.99707439118
25585.78804977976
43530.17844922739
33569.36424748992
1006.2506310827793
14954.143093454204
16511.924759051202
115030.88355210227
-627.1382534862887
8665.422341779675
24275.36615538846
19969.72392678986
39365.45466935952
39213.653741130605
29658.399551250648
9043.873583305987
13230.229614657757
55591.5389346344
11677.34129100447
11786.134182163843
19699.80260139961
11340.5896254013
5231.090245949656
2962.5738356285874
1724.2895592216773
29487.93684794215
9850.520172185337
12152.892443732671
68007.42799008
29348.300063457787
30276.1091689865
35215.52682382122
5849.039503687538
12967.64003963805
36498.242909061606
44071.244870536444
8288.27122634011
13285.187143957743
13159.932444711787
30454.586478151108
22644.02017580534
41252.28475761288
46418.30699079818
26598.4098142564
4360.413431166002
36438.99128399872
79870.04899941367
29108.220604386188
26487.56262803766
4589.724858689842
18026.7039920263
19131.62454160801
21490.59586054905
325.08726737910985
-10404.065455330965
11750.196993165178
23652.060268992427
46952.66053602977
13168.667239276017
19740.212040918403
-6657.630378591018
-2889.408017505148
51172.45758710188
77999.24030931613
34890.435405807875
35032.06224401773
-34977.42859305896
16047.781607094543
48849.43392250631
145486.296879814
54800.053541397516
-4390.1705729166015
19943.219715169398
21083.451301569097
60083.08296213409
19768.1220611553
31319.09644965028
81.383371651924
4044.815009421821
7600.565219061333
35233.75403813313
17459.97251609022
10438.762655975377
9363.274708931915
55712.785328425154
2391.435521258752
19482.86708248399
29945.63134836598
23725.722906504056
25592.82236008638
43311.73997662402
65502.77599057239
26695.755004046325
4055.055109118772
28765.21931295128
12534.917692704537
17979.970961473766
64946.69005554991
28679.72737454859
20882.342246060125
18013.120360270565
24296.866580039412
39239.705487541534
-3893.647101810604
6092.2320866388945
7926.308095590066
4400.598279213602
7293.573529525677
16196.020361310315
16147.433599067494
9266.618871332525
4179.262934729737
26508.00163149436
20579.50747119686
15708.657877761714
24280.31279516826
6339.701516625463
14239.479803824132
38508.84357562076
34926.691389535146
13123.892077909743
24078.968773012475
36724.76852101481
10387.606121895022
20518.362962736344
30637.392119871467
37985.87715238269
20012.312149593883
12360.210455719265
17220.324852653368
68817.34014270148
19526.899757781954
11249.707227536679
6750.310888314446
6060.994964644461
30919.43767275657
10928.345982147512
15634.116370228394
18254.43675492228
16128.599979365785
28442.737549714057
51028.18453776657
9070.716960296688
26016.340681185888
-9116.615590250622
21566.836724371202
22378.76498069553
72249.53839648435
7079.455969918761
13874.014275863783
8192.603378432688
16586.826009526434
25842.34785377614
71571.99654920356
20923.93058063363
14564.453982953872
47794.6199964594
29967.587648199835
9219.363257257952
37260.88853509103
10652.684060358057
1574.6150896494032
1574.6150896494082
6078.723531435951
37260.88853509102
18908.10913006773
6396.188544010598
974.2483767678095
38529.56826070682
47075.252392295835
25831.61059163129
23338.55001056943
974.2483767678048
10318.391001787348
34848.144287341536
37195.5912934935
23338.5500105694
16941.389868064347
18908.109130067714
19511.932006712086
18547.983271965753
88993.61279512093
12390.826634418981
27575.875219732785
21222.974063448397
43957.07555158186
88993.61279512093
16848.19516821697
13678.192456959488
-143.37898279546656
114.80154032476466
8529.699821130032
18908.10913006772
14849.06271199771
24039.345864706964
6050.117773956192
66857.2658920985
26924.960209395827
15607.888433539856
15296.350557943397
14045.348532627464
13623.040504330877
43322.72659269403
19949.80721765866
20054.474684585704
9778.092540843223
23487.011237605882
29664.71197213713
13568.721556893535
46797.71670465976
37839.80219774716
43131.71751258763
22449.559336994957
20048.365789921318
46797.71670465976
24163.222793426372
10391.11431004493
4885.89986882408
9974.269553124645
11187.970093272997
23487.01123760589
10079.515843147847
-3566.11361268114
-3697.9587727594662
38770.82247197181
30320.262344327897
33742.55636880617
21739.71666063039
13870.939396350497
17667.314124916058
33551.600500732115
70753.27671295694
28164.382915599235
16472.146948072048
12124.369921681515
12411.44442361464
45004.75229121184
59309.97243783394
27019.116529373743
15897.457420243727
16633.59211950297
34210.57434384305
59309.97243783394
12852.043671068945
13554.970730427325
17730.03285312306
362.36976327905165
16310.902565930053
12124.369921681511
25296.064655184302
4248.659690647102
-5387.885903848019
42200.478956298575
32964.5088761424
20584.597521814987
15601.527257750007
-391.7817996182639
21954.448682788923
-856.0720030951497
29359.160185052562
67737.31522848505
19868.991321673606
12069.697989983717
28336.65193890878
7568.071581937039
97847.75896064872
83794.1269148693
23818.874014870893
19489.10343611233
21384.861887930085
97847.75896064872
30564.194591115796
12183.560518309056
-47.47563913393215
15798.410641874321
10490.01978699712
12069.697989983712
20611.070818341985
3023.1942564777855
-13316.911264601833
61748.794002070856
41930.03543598834
22463.124353562664
42819.80132608619
5445.724516036772
16310.434951531683
20417.51137436304
71868.7666029832
4100.804141522115
22623.861449318858
32075.625360378242
20006.136684551893
16435.830312042526
65582.95499149199
52275.102454737644
17956.3605861366
26216.35910594219
35746.73305492649
65582.95499149199
25659.335597534737
22281.96711781863
719.3056171219138
-25652.400502436976
-2283.3264440337916
32075.625360378206
15767.131113748695
2565.9034108958003
-5716.472729884878
19125.992993852735
29485.610931617583
23617.558960143557
15808.91753344414
944.0455355769267
13739.056864809034
29788.52918340539
72099.13304213999
19042.173318709447
18994.759142385057
26830.134103820412
21885.679952775525
24881.11978834916
60314.4782195645
29906.01893945814
24881.119788349155
22333.039014451017
46704.191614652125
60314.4782195645
26830.134103820412
13637.86053510912
-1012.1486180968245
-1012.1486180968209
13516.481512011598
26830.13410382042
10628.435157638167
5119.0885428698675
6458.409406587525
81431.52909255537
33679.828320675595
19578.976612482984
48203.67777789921
6458.409406587537
13395.557718691125
40284.21556200786
81431.52909255541
17749.43393310109
26237.025783770096
10628.435157638178
17039.687900888024
18105.235229374797
26469.04940656278
16612.724439048303
18105.23522937479
15810.659500964233
18196.240892810758
18884.19706760781
10628.435157638176
8932.82595086348
7716.925470488487
15832.840378997298
14711.737174619855
13133.693922221471
17595.445481902752
12684.076714956493
2192.8838471553013
88569.28295451151
56460.341995606745
21509.17400236178
5700.178227598572
725.7315734876803
11960.698615667237
25796.431277369054
88569.28295451152
14840.311827717296
5462.855255332779
25958.27538518856
18177.42470912178
31631.551668434204
8930.85962642097
23689.925888466656
37019.049250953256
31447.780022567968
25256.92567700392
42990.82841443433
17595.445481902738
9287.487996094333
18102.157913474282
-559.0134187040455
22931.541087204416
20073.991214119225
26311.123939966295
11739.75263778241
-18410.12308327129
88576.09363473319
63394.18645973409
27017.96794007664
36583.339449788735
7562.0358157701985
5079.940433828255
40056.37800258704
88576.0936347332
20265.416737314383
22126.378165075297
28542.36487320994
15293.462903293317
8371.297810166981
15883.055754543635
24415.421197411895
22694.45677073307
20514.728412108947
8199.682565229945
42258.90620419731
26311.123939966325
21431.829638357445
-7481.29817640502
6934.082466281992
8652.165574242335
21936.498728614206
17835.251402584876
33747.703162965205
-42384.69110598095
87996.99936684994
59655.07643485561
34393.21734471951
22461.249935663414
11918.773611453147
11769.275719005014
40239.777944870766
87996.99936685011
33501.97228780649
6951.140216244487
45517.81281793298
20458.53655267412
6986.819241468327
45566.920309774105
12931.397889925149
33038.3341353284
23491.183243028034
11568.563804853678
-6097.427363042669
17835.251402584865
3471.6360740018063
6110.980875799509
27074.237287537657
-2216.6153882201725
14700.624978328146
24203.85220637444
3871.179055259374
9029.54418166885
53884.98405107771
30743.03337817483
31038.577469024818
38212.14738190689
5946.529404206938
15572.877742352492
35663.88333466065
53884.984051077736
19187.036821455258
7416.210595571869
21268.561474238242
35819.80209788486
26390.616466542997
30636.391117441715
53820.82120463665
18377.703606480267
4576.021354069204
20120.13965459562
73126.72178855503
24203.852206374464
24777.25471237294
5542.9866077448705
1763.2636633474951
9886.790242787625
20616.177016885795
8330.014383975735
39527.641669561315
5115.982792339678
90741.38178394554
59045.65745891717
22955.04459745935
26670.628890363667
1735.0710915414227
9731.456045432553
11653.790295309724
90741.38178394556
26670.628890363685
7234.027982870727
52569.089482973744
12840.095478110554
33973.902241698015
26665.259002673734
21215.382172456935
20846.009961744192
30255.87583399371
36063.96334778587
20724.930199329654
8330.01438397573
-287.6544893857317
5851.9562548070935
5851.956254807128
-2200.4331123550583
8330.014383975737
21222.20953630369
20194.49158372017
-884.0853620603375
50977.62105418139
30682.026138482543
31096.13832193095
12507.424002967662
-884.0853620603564
7140.10597481908
37123.98839494884
35726.25386679579
26867.846429134865
23879.494800987224
21222.209536303697
18874.16579535753
22568.51148252912
83092.86184973187
40139.465118390304
24172.06560335487
14899.301097659289
37037.81717050604
59081.35102081643
32777.94619992733
9486.751491052351
-1567.034922977778
5541.046864786022
10365.895266303405
12254.420865741726
-12194.607898420605
69041.8831383368
29138.922279828905
89776.81924088128
97160.77496811467
-45925.994904450534
-38649.6827149083
22089.316375485578
-25373.87669859026
-17899.51668754272
-72627.29462347292
67104.44275138195
34544.903168370285
2269.645988551159
12661.28891504634
-73176.75830624775
60221.49593857695
69029.32628032213
86357.14629960498
83533.10193960086
37150.841098884724
230237.83491721397
46891.33614990375
18127.22197551375
-84943.2628382174
21687.055893636167
19762.203773901947
20860.48839005397
21578.241513631303
20244.392414113987
-1007.3110117236699
55643.40155755305
24480.426180471535
15291.957534867392
9013.060819581207
13618.314317763905
25566.01640619729
7062.8474078135
55334.61063692443
41282.99958507786
24751.63697912746
29148.029580526934
8211.250538803564
14705.009811431015
75242.18614609617
37970.23391514609
27741.60536482508
19041.69496400463
62297.803441149954
68654.68853219347
23894.267049445305
17413.980953015955
1831.9098649261834
8495.681886763216
5365.853183706436
9191.864662254044
24997.655655715756
-10227.863714780004
15139.909309347284
57013.127264924704
44951.5721070555
36335.195063943036
-5104.776003341796
-1425.3260417388033
18767.432273347356
28911.5156926745
99571.15694635273
41631.10054328352
4413.404647094134
12673.81667910481
28219.27257963903
19703.748612087307
87255.31075842358
39701.92806280291
23558.42978334314
1133.8021261354825
42483.34290646076
73689.47818136982
23281.169347774754
25363.010803312463
5123.256472614807
-6248.335814636964
9503.37152542228
889.2670277347534
38134.90448003606
56992.63887449857
2356.834057213225
45892.55403867784
17692.908853298177
19045.07193122256
22172.644590763877
13833.453356934298
5229.513898009209
53305.93414879194
21666.626235706855
25865.782341236016
-5280.275292021504
42814.81972477786
47871.58585672487
19823.48465906651
48797.69667407078
28822.975876804463
36952.65044281002
1822.956983056807
30584.47153914351
36926.63023953497
24583.625026299884
-8390.299394213129
11330.53130644566
32264.392073637115
7715.6681406237985
969.4946677934477
30404.483790442893
4033.349135637727
-8758.295215434273
36682.64098154486
14753.842892103765
47222.24547047622
12339.658073918432
14606.455343338283
27354.252617532216
25699.747404276095
64785.932830287114
23742.39566142524
-10868.77519898684
-15647.516013242575
33466.55093290252
25262.81668461254
90821.94484109458
17848.533454916593
17042.778150506667
8392.441377285322
73915.79094056938
56083.42544051525
46435.9266910877
18360.650457915937
-7113.198267082642
-7113.198267082629
-3683.6911369320896
46435.926691087654
28499.547243829835
11370.821355288106
2768.582102604014
41287.94636433608
40295.670249557974
21603.019583144665
29786.63993853801
2768.5821026040053
26452.593793389016
28205.86367254144
48129.3236101741
15498.579232404038
19116.26595219981
28499.54724382983
21783.49767045965
23353.412028675666
29966.426389238488
29369.02754379957
16285.46859646245
18896.720192958823
28377.844256725934
51598.29797373746
26700.885455585852
11174.133178422848
3348.3262569203375
9830.766491446158
11393.321611984953
26315.217154479327
-13194.700793531185
24229.619753712148
1471.3633368966987
73571.78264456643
-12759.627831190368
15730.75067288629
16421.66944957818
-7057.875576754998
-16637.842039052804
44903.54999693577
46716.54877750762
6142.91328648257
21811.602742067334
31447.693386927735
4850.1948618261795
78009.20451834484
90316.64472756338
-4686.156367971491
10409.820173695958
26551.96124243862
134947.01257596005
87500.85768702516
24915.817257212235
12073.311261123488
12072.764957292095
-2456.6131771671553
26682.105450737694
10053.330196631385
32016.238515843972
11403.659129874985
16114.144474754416
45923.68233764354
33957.99936792523
8719.016921968416
25411.758994771913
-2325.99353047379
27552.655675900336
27608.257958296366
67703.45001495272
24090.49599952447
15179.878611982615
20148.512722996362
26448.86731238166
29541.116116501158
45204.28133532359
7975.776145177171
15390.300861787524
22620.88352644225
35832.51290450929
28260.84641274194
25124.745330179943
12866.982559427357
7923.759080159903
-355.50643913296125
3194.4353764549023
6794.630053552666
35638.90609507079
22325.782670164794
20176.226528032952
16439.331758105738
-12550.380883923344
26777.506037991032
60850.556341430296
-1828.4104780884584
17211.062857730754
18201.11006468724
-5608.746147828207
17545.74849629614
23543.683141938043
14377.31093892571
23844.452224321667
43981.88456415891
69900.86463230329
27834.559863195722
-16808.258026738586
12106.538187255297
114410.76889830155
125981.91270041435
30270.08502673175
-6986.913643206955
-32090.913877931944
-8345.242692502216
3616.660818856195
31222.280674972357
59897.74685545745
15846.351101724038
1308.1498345499153
29820.14801315156
29770.244855538615
21386.73758274415
20599.5673302298
12648.603020151999
-10731.844578520346
63456.568175062785
4653.368177144693
16292.138761783677
6211.116591520226
108174.17787108547
70514.86978906588
-22751.42270160325
37274.12697698894
55782.11994144325
16709.83517734386
24251.541294930867
-5611.333912382484
49367.32216696513
-10938.19063140939
58510.2284025401
3220.9073893397463
-24173.00921735357
45390.61645376451
7600.989184260017
6287.727080036797
13907.786631757503
781.9689286575152
65386.16205147139
39851.987198229894
28101.21515181084
37177.493502704594
2448.341348426783
11063.033513866048
26523.66543757651
48136.00946000846
301.2973113166623
11491.448484865165
9233.928893147191
15201.571003119889
17786.392643659958
58390.19044242733
30396.483687247688
12791.511288155789
11213.71017509367
26233.908949112316
40645.972341776745
38149.061514106514
21480.796319807527
3660.878143134279
3660.8781431342773
7961.631661666943
38149.06151410655
18816.88406970661
18842.30866581468
852.1664598311472
70681.69586797399
28499.146491128184
20513.138469927995
22533.676001880747
852.1664598311579
11286.365274939655
33680.34376197568
39922.0920003204
21019.423741344614
20007.66519068502
18816.884069706623
20051.766747861995
14717.318225782528
47604.55857351747
25802.26531848345
32244.663542569153
24408.496823315436
36384.35364029621
44571.24834417626
33779.41936183418
11453.056998442557
3963.9480536600163
8091.727059586546
7114.221610618966
12068.150463831524
49482.795607517466
21438.956382217963
6574.788184310837
62971.02713899883
35851.31272743024
15787.134884259469
27858.030001877658
2164.076841090893
20337.574051044114
16181.499096532722
33970.136599803714
12670.67101138492
9548.55715015759
28411.08584773802
13053.197839974595
8941.962974969663
53956.4775143153
19366.070669825753
23000.446656473356
18240.97063565115
61770.751303744306
65573.35296049851
20210.013733118183
12310.636150459617
-958.4384544088776
11182.735299206215
12852.922491302334
11273.673706273961
37110.71947771056
10376.939620151948
-1619.542833347486
32801.051242074944
23258.863801853884
12096.016092254458
15534.481409723558
14021.688531722397
6780.654978800345
35097.96301326081
32263.49948505281
15540.69085772714
14236.985433331676
17576.445001061697
-1313.0192506073072
29550.38737363311
38978.81622507173
37450.16400645759
10483.246455806044
16782.98807144071
19276.534945084546
45527.729018008926
35846.2814101174
10923.630734536468
1939.3579180777137
1742.0579129357916
24360.179415946754
28108.5882227989
6504.584824174152
16141.153143192118
7203.336211784785
53131.43134742172
45451.548319856374
20084.805778010228
32674.472542822867
23166.42277585344
12951.374097828315
8150.629164859987
41584.38492218507
27202.64045318255
-6499.850323661044
5097.059083485823
13318.038843389617
29790.17324885781
57412.50958503907
20581.517344955035
12402.826149315637
31565.466649104426
12618.001235192496
30929.53503171627
11060.817529237935
11869.903687368613
17168.421541351938
14132.082565585382
25145.32961055606
27182.288026109698
14838.80405780318
36132.959306202974
13070.848122137686
42734.1855382455
21616.00617958897
22420.109166537157
24034.54873944161
25304.816935869727
17752.998217562457
37896.60909106422
31464.27130441187
25677.845889197553
21323.445670408008
36225.301970511275
15105.412967910172
31399.14448474217
37725.04235937671
24681.056898754803
8368.65692212399
7170.369146690915
19782.87739956665
18029.231493505406
11693.586065387259
20974.919092037937
17929.26943638354
19601.58542074566
10335.217981332633
10210.544987060388
3013.9533355537988
8354.348771391102
562.471907629679
41786.63185312505
21249.16828452089
26584.8338907199
21161.669454587867
3234.8826957148017
14030.428577102666
30001.12980975529
53678.04640829327
15597.927530881034
11763.158272438932
4582.322584486982
25594.966756764592
19492.75540925063
53318.77362609302
28921.105669666696
12678.728722385405
12734.602765336
39197.41597890424
69250.72839662911
39444.47034866951
19495.997929648936
-996.6321037318646
-996.6321037318683
2909.8370337571687
39444.47034866949
9991.381981882634
11149.055293127501
5102.239959358245
71561.06649923135
47493.35422465351
6286.188941199824
13059.707501783918
5102.239959358262
10740.716083437263
21637.515063823746
84526.24460232607
36834.31600153607
31280.4607377684
9991.381981882632
11856.446628367
19054.501061108178
50045.8561535232
28315.417253392872
28879.5258727122
28212.57678977384
26540.849005251213
69532.76728817858
10118.866220461308
13259.2033590544
-2183.1583147380948
7444.0260165316095
8311.160051047309
16464.591173890884
40531.16885914374
21407.235543315488
-1326.237222434521
50936.046783375125
18624.688851012445
5064.462882634666
-10651.806698509545
9565.338432775565
40134.07529258366
39530.81920403081
89982.93848648663
47376.769382397346
30343.61000497783
15016.501068087226
-6958.592150249633
8676.760651587605
44009.07146109625
47463.620207480526
33622.32994510318
21173.74466234811
29924.88237599912
62978.39958011849
11619.241623262193
21774.477014958084
32598.978087679
-5777.262252007114
-2726.2932906152746
2610.9945875919257
26702.240790213524
6725.68656647575
-5278.618267091074
39657.10131970088
26267.746209429573
12943.27802988192
19087.52441240175
2501.1251281011373
30063.083539513253
39593.57230717018
36097.858294676815
894.2451582467423
19481.062892482594
80856.81292582398
2936.8256509266025
-3853.6000795456303
24223.442360361987
58926.45194143657
34258.831063451384
12466.123699011032
37097.81851844578
56099.325834695854
48685.740074431116
14394.2630026581
-3687.587996723949
-5155.869623149974
12252.940986402893
65580.40696867522
1730.61882528329
-3065.1408839380456
31353.532720308893
113146.56367766997
78029.42668029039
17463.55215918463
-5643.821716807425
-49944.473540906634
5495.6073813747325
16226.079970614664
141424.165316794
90753.64842127103
10370.785327533162
7470.435197196146
23688.798786692016
10764.288886711318
26730.911465326244
31208.29814095037
10854.449047769329
16362.094060595768
-13198.326031451086
40329.62704464267
30764.00839403709
13253.940759984183
-25742.099361745713
33336.65328352913
30868.280224389444
3054.578350084006
28795.633927526174
26413.21810845926
-3004.812735430025
114268.33272898341
35824.52431529119
18007.49952291356
48228.399148369324
3972.3696392408174
13052.487337223178
16281.26412709595
54750.19730790865
20980.99070548399
8774.459860578003
17544.540602465117
3967.0769586955944
27758.916110899714
52662.54092185178
9118.222621610794
16401.806953938736
23343.110249049147
13768.655574051985
57335.04691161716
5608.600149600192
16050.474636855915
-543.5407308456327
16758.86323122849
10031.142842420386
12644.46918370809
1364.638996572084
10370.958470350459
10084.263068865825
44460.765640182726
22236.62807660123
20111.956890751317
17213.49433788527
-3422.2473149764787
16705.97652255606
27102.28015016464
26438.84977846633
15993.137168706424
17118.419212436747
23758.753936468154
28578.479496209246
28433.83501487539
46984.187709965605
40722.97893756927
11599.638089325172
14354.091815991524
27727.2679645685
47737.98123803396
41674.029811243934
26141.455506279155
4563.579589136107
4563.57958913611
5016.2855533387155
41674.02981124393
17133.108679050878
5914.534107148778
3468.3329594835777
51769.8058858687
26777.650982513787
16683.742076287977
19895.14371613836
3468.3329594835777
8780.234046413898
27456.2042810107
64158.07034987517
19895.143716138362
28285.959144331413
17133.10867905086
6147.269307302129
40797.10100179278
75765.77159336324
41072.19349936578
20886.562813787416
31097.263786075193
34101.90325615177
75765.77159336326
9539.54596495314
10255.771199570037
11021.979160284145
1137.8856384930793
17824.04720676035
17133.108679050867
18909.049185246407
16559.992680244075
8870.088411745894
41300.719280824545
29434.416637658025
218.92594953760414
15506.243162314517
653.8989534634273
21417.60011143133
18644.01803415045
61033.77687634602
56720.33664649362
27658.335457456
23741.001502868974
19626.017903678247
15963.09694035592
72203.73139306072
52733.09633379758
13482.322638123042
22510.67119888035
26794.61517971619
72203.73139306072
33025.255235790064
8039.080035565558
-9166.656311145969
19715.46825359718
16559.120718056
23741.001502869036
27888.557979132114
26210.108007786912
13730.138331887212
43603.23261414297
10847.962255953382
14657.086635080823
10970.17125246232
-4743.766637774383
11784.77533654605
24772.98095109825
27877.650875870444
19415.47855084542
19106.508383238208
31769.075245962533
23234.54026933456
20323.6985784972
43650.718057328595
41973.31213621017
22355.95393973554
17884.522775318826
38363.68920213864
43650.718057328595
11874.442351325726
11085.101590622253
4252.292374514623
-1908.3741447348716
9545.185460715049
31769.075245962544
8669.076817676518
12798.013676806746
3655.295024016553
24627.18499414105
11615.676088491788
28763.680806872253
36513.08681211854
2132.0049068814874
9255.174231230103
16357.484863827207
22479.153788000436
18984.360957633537
27278.568637976798
23504.597658481656
10614.589558218033
23137.027583182768
84754.9437411134
39909.29461624268
12008.497489310324
17090.198344504
51204.58396746483
84754.9437411134
31441.52253134659
16916.318254622398
9961.973487610247
-18012.247762932388
7545.3302997057435
23504.597658481638
53443.624411568984
6231.835415588823
-21681.53134126197
10854.59143882147
19580.12491056288
28395.221013169543
26930.16806277716
759.6385105071395
20328.651374619873
22327.17416117477
39354.38609202972
19360.6160175926
12621.13524549696
11308.885962066837
21896.248517282518
11322.774490448006
100288.34072999177
13700.725536365757
44782.104388504114
30930.79200002459
72610.26665280627
100288.34072999177
20153.60137042529
6817.956496717458
-3543.4756755079757
1691.6849244621933
1225.6992382724943
11308.885962066828
24208.498289920066
17859.45938367865
4588.705307813086
72312.50555081939
30189.818174806238
17792.64855554282
4303.901272109168
26953.20054066321
21018.17897031291
20800.918718064837
-3309.825523945196
26328.059332865294
20021.77082482136
25150.99818856816
25456.55314177414
25452.599478486864
71756.01032616111
48976.882151506565
25452.59947848686
24054.982537819473
29403.089297916933
71756.01032616111
25150.998188568155
3747.90501616909
-17630.63442874904
-17630.634428749017
8279.41823765768
25150.998188568123
19736.088882680677
7374.845030084296
-5210.680782042276
80107.50007050854
38164.31797750232
23160.062051627403
22985.875855595626
-5210.680782042225
11192.135529158239
43435.37579678422
80107.50007050855
27144.935357418453
26181.59885663907
19736.0888826807
14486.147180769887
17638.995513607835
6733.805710812065
11162.517738081737
17638.99551360784
13989.6117673768
12689.350378777392
12078.400995869935
19736.08888268072
12085.475511804209
19538.631882679496
10216.264148934155
13074.287297551386
11098.231503934658
24770.019756925238
4009.7445300829568
-13468.273345426536
54145.97144519898
25978.415972305716
30467.076083812983
17513.158723967616
7334.802550807622
9415.852778149556
27192.54110340339
54145.97144519897
34257.119402486846
-894.3893742473502
10632.358244882567
27729.424313605883
29067.086532415124
75595.98139689233
24093.81546170277
8566.667068750792
18590.27931298959
46449.61046310592
39394.21166815338
24770.019756925216
20112.39539100459
6325.47203598782
16012.795705725785
14829.34315556931
24435.456033852835
12880.844212647044
13469.376154903897
-4572.36816289977
97854.95820860079
35126.28794845413
29714.167939677933
52435.931198405284
15276.544467924323
5039.3175357299315
23513.61073134692
97854.9582086007
35444.19490820793
29445.287107543725
4576.799257925019
21179.588483483123
-8191.593383834535
47831.333769707206
33017.44589463246
43287.20778620655
6404.252100038435
22645.111127418888
-7406.0168265014045
12880.844212647042
11899.532142525732
4065.0957572158636
10948.973277130684
11293.049000150662
15701.169109868228
6679.3704861399065
17649.3979148328
9504.839367885708
68838.13176566034
27847.497397561405
21670.79549907816
20961.38916415353
13325.984784348673
11845.386463353527
-10926.636857068415
68838.13176566041
31629.634436229284
14067.368875830387
22404.154230613447
23027.819287325765
12105.077610725726
46272.87198740252
41555.63150422185
40729.22939262818
19825.001939295507
44398.93928798425
50747.89109364697
6679.370486139913
8006.345541039869
10802.283942199121
9698.643471364587
13609.080038893959
-3222.487833638592
21221.02871620665
6102.458479173001
-5322.531660898238
73169.58875067462
21440.275882476857
6815.134092655123
8498.254171743078
2086.960645042628
21043.823001734392
52583.10246268412
73169.58875067458
33258.63481095779
50093.036392438
23935.656689675965
12591.412643582176
26962.2063857197
62372.271766345286
31115.105369553854
18041.43870232981
19335.886396317463
26507.89071528694
-8876.480452886368
21221.028716206623
14464.178094066841
10936.592699652696
9943.7721595012
1950.1956158299918
13094.911152908997
31953.715258769447
13185.370101882
7102.672865437654
41771.6244950629
33573.94867026222
16048.680080043974
18458.68901603216
10415.87729530694
16450.904634471342
30901.071192092393
41771.62449506286
18458.689016032164
18604.541427984146
2313.2462317380164
11014.941133029188
12692.548301970306
35907.70608540706
24698.706177922977
30242.14801851524
33473.68258227882
36168.3643442816
56770.17989287184
31953.715258769447
8204.305393949551
5261.820916462025
5261.820916462028
25919.34349734684
31953.715258769465
26548.73684853317
30908.08812937363
9666.380762253932
31322.33262869527
15687.422789284354
25976.51413170233
26262.26619519028
9666.380762253923
13032.941732469852
20639.623198904526
22345.673327898494
31260.924247124574
15955.465715771119
26548.736848533197
23658.08856060009
13216.024564126425
59577.0974114438
39431.783042337614
16798.954066589573
17248.219898694333
36968.00100315161
70022.70503140806
10857.766763387966
-274.04195814866034
6692.74115184289
-15008.214833269498
10384.090455618196
28770.77242140685
3657.004732247323
15550.837058367535
3859.8945850524547
18706.144971277437
38766.83319596157
25012.916807306345
36309.75465867184
10050.103123418805
7914.87909283205
37956.35755736074
100186.51377726189
-19706.13180103935
7326.33487408407
10837.814616604246
45488.5580233422
17484.808356229074
159858.86388717295
12705.551603810223
102202.41332157297
28113.277224507256
35685.692160474464
-737.4544801952109
12902.325739857053
8530.54911082988
-36994.83490225725
10835.725722873663
-15437.757369470008
5865.859870181639
22779.44662873273
31933.66062416818
7216.2048049838395
29081.691913093902
28407.19613508776
49383.32151552978
23490.71586308805
6052.659201841272
15425.825696299222
43074.455402571846
42155.47005593162
30558.35207396051
6188.7715917742025
6068.0721593373655
34203.53553033381
11413.463951564041
42405.58763040246
25318.535534359864
25813.22524123578
6165.379969571679
41389.73373787725
71143.60766145308
43746.064663129335
10843.193717502692
13482.377230039025
7937.337616787268
10251.642857821367
9458.481051601218
19169.872797380543
7980.453622871064
8861.289019079784
101643.4549942633
32553.488895482184
11177.984661588867
13878.996116422068
2683.0512364091574
17894.76616416937
36362.94468826493
56666.63141942345
19339.11864688656
-1233.6155176170423
18019.90676842928
52541.31969466224
71923.98995244953
33898.37797771226
27878.72238113996
7372.491266917192
15455.548831038192
50631.05363937016
155901.29865777036
4839.997117957155
6230.379457218454
9411.14847242578
6067.046004239125
12394.986186778602
3429.2496029126196
26158.30386496458
17691.409151137195
6597.186529656293
62442.31330958373
17896.29230912896
11145.431346817802
22956.703739802673
5547.748079830231
14973.804073565467
29357.77715189701
65048.627753473746
18474.92526937625
15059.110345698125
25185.74368689151
11528.4760382714
63139.60227262498
59519.776553028845
30764.998660656336
8890.337371836868
29072.492990998337
34373.412023376295
60963.26221124696
7962.88537492865
11139.307318883188
18864.430214246935
2558.033169871999
28896.592878424643
22520.380608984873
15459.52456571596
24565.123824549657
21033.931591850775
41652.75487914157
36996.95499807647
6726.729761594906
23019.486817417655
-1220.873796552144
16631.148279103025
40003.03316455821
113009.74425818896
214.59863884919258
18860.95192593448
20397.107482814878
23093.955755609484
32084.955887972326
57694.7457091523
22537.27784371485
26713.21197724677
26351.963791808088
34270.021940066516
41766.62889741859
20294.81727236811
18784.925142742428
-9453.729910245404
-9453.7299102454
-4158.780408667544
20294.817272368095
28449.755308775002
-3770.7814602969156
-44487.64092026287
72824.60335595196
32310.60144681027
43310.54734658905
25477.666919033814
-44487.64092026292
-12076.119317754672
23342.87548829548
17921.0125300673
28198.695072176128
30087.468549360652
28449.755308775013
12236.254197410371
33573.741406085355
43502.79396820695
35186.28601166151
-4784.20042816268
4602.900317645179
48119.62700023623
109134.77567614024
33707.57270367705
37496.461626979864
22162.17833551938
41685.394968018874
26236.125475064146
12122.585102863397
44366.68770584148
56966.02711981566
-37705.97674077992
186569.2684292884
47470.34839826533
5156.999160650737
52881.78442137797
50247.527920392946
35403.96386079809
24246.712543626276
112939.90517591624
2193.690859664205
25058.89974081681
16161.334357025458
21942.44984683316
10936.49210345527
31915.472021529775
26436.647402587387
-61.95920747109955
14130.052418225268
14127.146133358525
59020.80775612709
-38733.0806847301
-2941.8802060876205
-43762.174473059546
-12151.37247583062
-31457.74053462252
23907.51907241754
5771.512898288552
16737.58803602258
2203.5068652000627
55849.10665215282
39250.03256790133
48983.222642366156
38760.887096353894
16796.601930462115
9483.937452984925
24342.994361244353
32881.05869188983
29033.6761027057
-1338.2160322386464
22398.5035376904
27661.681919574803
15554.286179693949
36669.19736279175
23774.90843037235
10117.928798980758
5367.077974056661
20516.35468845923
51542.496364012346
10652.80162251145
39074.13539613883
20291.47412041735
27988.004172208144
10887.436336801655
27311.071444345267
-734.1101102814929
25855.993098113184
11122.16240865226
88987.2872082841
44032.88067928993
16103.067325018335
10564.4002125425
1919.2830357017942
17433.736617415812
31230.12144356196
96428.0412713483
24078.442337686396
12741.240251259387
6728.797183382372
17804.138706790796
69792.59154778019
112324.58582702906
42784.26020989912
-4137.211599391732
20295.52002800843
35015.72717516172
76704.73609567274
7771.603407113568
19902.253425172075
16172.167484227924
9658.412545456555
-4705.78971163083
5787.099406565365
5720.857723260266
20866.393528783876
10795.026150324982
128531.93792557783
127698.88777958968
17191.03504521669
30426.477133055672
20211.10599166928
27841.16038682355
27142.354294193552
42308.36317001945
68056.3196308584
30844.43618421947
27870.968267881868
11102.216544947245
4382.040166410241
31474.271590791715
1989.0707317648248
25310.996130014857
20317.8907297472
-4241.181355382127
26470.696300431864
14317.30676089968
7918.521083380103
3122.5352739988984
14684.906221481893
-3903.0409121558328
25776.59579856897
11323.120168636411
-8454.525852653212
-24764.373176474935
75016.2243207232
47722.92147182387
16134.091782405663
55955.91542425695
-33128.48807023098
2488.1047306544606
88169.48471384979
156173.63331674572
-21472.493604068866
26976.10462098751
15749.79059087392
12871.165838192288
73574.43366855569
67002.08709559606
-4430.085679509535
-1687.5619795527818
31774.15926418056
-13999.714683849637
-18103.071752665943
16329.878325155278
35715.13543410443
21880.43075714251
21880.430757142516
10381.184857532266
16329.878325155285
31794.77961388078
16107.138346536303
7941.377176628288
25529.233050592968
26559.37819991217
19927.09683647836
10028.706604603682
7941.377176628251
8266.359100277903
23809.460935259896
37096.98090563502
34593.58187662145
15144.824852466407
31794.779613880775
22028.347674291872
14115.270277402227
59766.80163869619
32831.282737475805
18261.799626001623
19777.834695188318
28966.123818172426
38694.81494448617
10843.416097271587
20672.844834160718
9685.788097804643
-3929.940099267147
13388.66316758591
21722.94994243991
7243.8310403982005
-11488.703766215578
-5033.953830587725
55279.04004809565
55559.366859476126
26393.913800351584
22324.703949985094
-13089.706412085612
8427.754468309648
18995.163393582196
87613.2600537313
15062.060106641124
254.24893539957338
-7655.824355930135
36196.42164733752
26569.650729296285
33092.87198451896
35002.87053966764
27313.697344317894
14043.529355797162
42868.418105530094
94629.60280120483
22478.48789329619
5345.845156112735
-889.1004243189852
2128.246635527126
16891.211424315712
32800.554473636184
18251.945234045972
16984.098473104008
-2358.1294394723814
57171.5614194312
27818.117122855187
24290.76151784369
10880.244340584844
-6335.231602283581
5327.789135584671
46340.40563567724
59012.61911189377
32631.593245370455
24877.777765291154
30476.24731101145
29380.047455089287
27875.517869318268
128807.9480756685
43580.89169644551
38819.76509964448
16155.595216854093
46927.80426806399
48816.6328498234
13020.472907151569
17431.39089731873
-912.0902221157148
6433.064309912421
1090.8162362638323
24147.015699992164
-4816.366059565709
9882.119865336106
3453.1896022646106
116113.25593331525
21931.102226381507
30761.375453582736
22658.928763668133
20136.65766069792
17096.968857871678
44655.726533793255
110134.23892955758
22721.71978785797
-747.9332292804066
13582.101791941648
21258.22120449304
2809.2019675381107
24522.614325234357
56899.09711222014
60857.890457538386
14472.285935792854
24940.311235753186
90081.07484063446
5841.850292048044
1270.8145695782218
3951.9072239187913
5906.629120656227
8248.209648122485
-521.6934915930606
-9025.83584538372
-7586.671684839268
19745.237681524486
63982.0526278766
2679.4976547946458
31642.48511537399
128506.68514535856
42785.22299440812
15677.838361627139
9312.828040148172
43810.884812870165
-13028.75105280169
21095.561446926768
-1483.7683318120862
8216.618805703274
28006.014043500196
59339.82642476267
28284.26063131208
-13070.788827006336
14874.58832083051
72568.32907226596
41232.8482111855
3650.2148140914287
36112.39855774839
5976.026008886572
49508.608298193576
27630.2728441345
29745.89056903177
16067.796026171125
11349.417673965647
89882.81698994024
93667.63761475537
49641.110492736865
-2997.520120135998
91116.88948485813
-231158.4087059343
-81791.96227058784
58082.6362605373
73364.5700517366
-74571.97910205589
33076.94260619029
55148.690820137395
-14367.163727769344
158061.80216702342
3386.524326487506
4019.497760404398
-67339.43949453907
65789.41149447183
5019.0301750943745
130425.82388253497
-19376.095981009366
49544.59652627092
73106.54674256605
73106.54674256605
84952.68627773035
-19376.095981009483
42990.03508716181
20862.714834271697
-1612.6224729345522
47611.525468720625
28069.620499145538
35069.41907034998
760.8570518485747
-1612.6224729345834
-1663.309788215379
35873.83522917322
46938.02220061453
41584.01404214951
15716.33554362638
42990.03508716182
25444.722556955065
18059.05265627716
53158.71036193898
38825.958598581376
11554.8730429673
7014.055036080323
40195.27891719015
57950.49579286537
33818.88412203873
12939.835151455887
-5454.051567105116
9877.834806595478
25790.834260250067
10779.71833999845
-1368.7861595934273
13323.611441859677
13196.90052112353
62562.92704957451
16696.378180398904
21242.166250556955
38448.74817872394
14872.63909383777
9311.488231694791
23796.049680262437
13239.996874114062
1257.0982795403647
5859.1361449486285
2693.405338064958
22498.091121883434
17403.060943086286
84345.25260213454
27668.474165326625
22122.62647127067
12104.029919293378
47045.52078255864
61936.62264699734
21135.813335000425
15715.356881214662
1482.6703996427752
963.9809423554033
15207.786270904156
19060.068744002307
13695.751874771424
10923.578042571608
17550.75390395287
31863.98784982804
41887.15295911929
32340.80899534963
25409.437224374004
17402.08885028002
19069.96496955281
12863.67915653368
70051.54065382222
30970.49534277683
3896.8151934850243
10908.036812206641
23343.151678321945
34842.12150575163
26214.010308068282
25537.982430406904
33108.89445008939
24541.796077938518
338.29716417657437
26778.03902816991
-18109.288740286294
14727.795317289634
28119.512704569726
18894.276010219
11114.157564936304
10106.271648864105
123323.15074244847
-2958.446548471734
37927.06729927862
120939.57683932497
6390.397504653264
14997.012314534526
-14973.068047171259
-15681.37569138269
17223.289293502454
25403.813515120906
12906.571838679018
43175.43364386384
9331.44414833561
-4839.211423073203
42685.49160898787
82111.33191917381
117093.31919155235
112848.48249629309
-16031.278784446935
10671.414823980238
-17183.30222600398
-21133.93104677102
-84836.6370349766
16625.15027532154
-19222.567413089473
15318.662236801843
4217.249385834794
62276.834734849544
21849.32757599207
-904.523133334973
16937.902096433245
58525.7236910787
19218.640220369685
52472.93580093412
1356.3382713338117
-3976.7106157262383
13642.664739902837
8710.505572037888
79319.44339506266
75571.32515627747
16414.062981625513
-2749.2478323738555
18485.62861102106
43347.468650595474
41321.79281814076
17723.344222454278
-6460.564754287466
2156.07888577281
77700.94525185194
57336.079015574964
42234.0818064831
26660.02316434245
23991.431350391125
4663.499775647269
18216.622954586368
4582.09805715059
6644.243049732048
911.7608714556263
-97387.76706395794
3268.3085496461717
24065.743099945354
3070.960541425513
59965.48177912999
66799.10089523958
9248.43978062608
27712.88338123874
101493.97948687385
-26086.193759167887
15879.862020659764
33658.00725378379
44687.93067957108
38729.857555815
5106.924187619695
21003.33607315369
56365.36367233389
19138.234393876697
36084.41076347362
110109.3818064687
15676.105098240001
36488.530558563914
37876.36922819011
37876.36922819016
10357.59050635813
15676.105098239976
25171.434347480732
14757.102114699373
4808.612866489246
43417.57952997027
36816.75290084954
19130.087789547786
19617.239963836273
4808.612866489259
13621.556864119551
23565.342056112233
50618.53684879499
19617.23996383629
16547.525026328192
25171.434347480747
25699.26780164816
17280.578248080757
50337.01769607516
31539.090247608103
26137.055409155928
17523.919963545413
28385.97401721979
50337.01769607516
12972.093871563977
13616.231266885972
3044.372158841885
4736.477560149166
9627.985578638412
25171.434347480736
20601.078819210685
10308.873058785852
-1941.7321356589596
30428.162962217855
20817.71345978367
33271.5833829526
59091.38568722698
6075.353932157825
5108.91786836332
41798.72158141919
51843.125240131325
2463.950947218131
22683.16961212545
24813.542837582194
8405.766103860558
19705.661950315945
68281.23742997806
24550.033579667477
18559.601105233247
15335.741587174412
38604.966861643334
68281.23742997806
23947.35905477506
22963.11095419258
18733.17694771989
-1466.4615685914341
15923.303081709819
24813.5428375822
29428.088456321388
8572.780568911483
2402.0983549123766
60432.22843663697
6354.794705191453
27636.40210251201
22933.13599248704
-2333.1854477853017
8678.24558740357
39162.97090412772
40641.240470225464
35812.23306481385
16969.41990259083
4351.212172280319
23586.166036072693
31397.53839664348
91229.30301353546
5393.379727457395
17033.646365187138
24838.380790652966
78928.36332421613
91229.30301353546
18698.425540106036
5897.546874210728
-1771.9348954496772
-5640.681284758839
8586.91948607198
4351.212172280333
17361.791588223627
10491.259345399041
-8232.46771413225
34797.63265653297
26434.047573691027
18288.969016777428
15226.23153660345
-2996.3229189826143
13392.090204680235
25536.448693566108
41975.19385369416
27702.405256839607
14033.642407749701
16007.18145025886
27429.652181843103
54895.498494417145
87664.22629211389
56495.15631098978
-2913.6847388784195
19603.16683710061
27187.430310506432
87664.22629211389
13368.988517011732
6875.263297024368
12706.506458476491
-2181.030765334172
12418.410300037223
16007.18145025886
13817.101561240259
5473.541006093888
-8364.295673651148
63704.29697605662
46334.750105734034
25820.84087128365
27821.302019352042
3236.7645358709597
15510.907361939218
26687.187958164744
35237.56280292222
14938.037655897346
28057.686110538845
25587.931272467067
17006.494635900886
24248.59922295405
76510.56385381475
38774.10057390146
21251.63853583632
17266.635196498657
29821.562893339942
76510.56385381475
30062.161481220923
14703.407778682802
-3398.6359349962745
3255.150484849267
11132.377571448607
25587.931272467024
36308.63629864157
23631.867211224715
19330.05559803456
31793.862450400262
21100.213499120175
14720.26496100083
-4949.888340691419
-7055.709493278635
9714.097941837435
20186.725233726214
7704.17662155761
42884.83231590616
20189.97740059385
16813.90091227517
29200.844253329873
27665.731416528437
105911.84841113967
59334.420696871064
27665.731416528437
29497.17407235157
37654.52130731924
105911.84841113967
16813.900912275174
-4025.3214687274267
-9566.528635683593
-9566.528635683611
9922.654571329876
16813.900912275196
12604.959274871178
9588.432773134817
2106.4521109775596
66268.07645867801
29314.066094007696
19973.34873402306
31412.752873359506
2106.4521109775646
5996.26110200741
45504.67035163405
66268.07645867809
25833.543211853612
24096.034593205484
12604.959274871182
19508.728025421755
20479.436057489074
66268.07645867807
12276.6447084532
20479.436057489096
19889.591855183222
29314.066094007685
12056.26712577011
12604.959274871177
9588.43277313484
15225.137251312199
2106.452110977564
14940.463557667748
22028.16109446503
10461.300048695994
10854.652648078583
3495.8462530146508
56865.577750397264
20219.199050554405
13947.602905829479
12926.651587821063
985.5880879642174
11554.992218780015
62524.05461658465
56865.57775039728
40463.76728359702
25998.18279169984
15441.711044360014
18787.233434405087
34019.93935920086
56865.57775039727
2063.766538917833
11314.030643879609
19311.17086873165
23528.762533348658
41065.587756585184
10461.30004869598
10854.652648078554
14239.379359036162
985.5880879642318
11646.475829482992
26807.67683735068
18405.091599859574
9718.743576788474
14370.812975595409
60436.95993632686
26613.84493730182
13753.809574009456
17355.588990773267
-4502.0720812836935
26183.395273154725
55422.25353936726
60436.95993632687
35251.354704980986
33567.09738868246
30640.59602367426
16029.846473545922
32027.598658294108
60436.95993632686
10389.236365007326
7225.342440892685
12196.931691491503
17464.659424157584
8804.926718848797
18405.091599859552
9718.743576788465
20480.021687837892
-4502.072081283692
8971.899774580615
11487.160580844175
24187.026976747824
12252.568090309724
3018.2666037572667
47312.66156268959
30512.320520107318
16518.87725520346
19009.463861137436
7048.240268293138
12297.818234579658
33792.0144125033
47312.66156268963
21997.384348482512
15202.975390829322
13441.124355081745
17841.281179148133
10377.099067212976
47312.661562689624
27167.05822341024
33382.58144340663
27593.078972144445
30683.814891383372
49061.50370845534
24187.02697674783
12252.568090309722
6080.042649600974
7048.240268293133
19914.806627345246
28334.895233395622
25413.594714078485
11332.955152072027
-3896.613146135994
65848.00301340196
32564.735077764235
24223.792615888608
22444.20129862043
2125.372886699158
7300.227139667591
40648.56901119424
65848.00301340189
17301.887545045898
18519.520478249975
39504.635324390896
27066.481056324836
17598.32339811268
65848.0030134019
34580.91699557933
27724.247788276494
17631.69295796976
25001.40516629572
25764.281112326975
25413.59471407853
11332.955152071961
-1245.6681249695998
2125.3728866991505
17525.67632814655
1918.2109153560996
23659.429967044627
11087.362780073163
-3928.7104069513707
67710.03482644177
41395.407416018774
23916.828809664396
23372.04194601888
401.1757063001473
11200.743822146536
30269.24768154507
67710.0348264418
23372.04194601888
22214.131158400593
15217.218408327124
21174.97911187631
13653.20330141459
67710.0348264418
30269.247681545086
24589.686424739193
19811.925739006547
27742.882717847664
18351.947772986663
23659.4299670446
11087.362780073181
401.17570630017417
401.175706300176
7448.976455694666
23659.429967044587
36389.201707962726
3656.4837927361077
2429.6567004296303
25755.149459042637
32078.62121847306
20130.806185483794
44264.89838371994
2429.6567004296267
15793.00186269961
28593.49204626755
55301.08278766118
1484.821058043939
29407.65313016154
36389.20170796274
12900.483119831324
13641.08276317136
55301.0827876612
35462.85109638692
29348.135565593195
22150.18109558079
32078.62121847307
62243.780814319936
3978.318258715746
12824.75366036062
11092.519424137294
2429.6567004296276
19444.038452553174
9808.04130518184
8582.767297914395
5643.439230924087
61304.26430213898
41193.14957947277
42727.17068003318
-9.641614392462266
21049.761068779495
-27091.983862039626
-3043.6427968991106
43443.26783888109
67353.80305726358
10236.126557155803
26311.217764557867
11514.333122842887
15238.870200233185
52752.71081479458
67353.80305726356
26787.924161513598
5608.914488968052
32715.25627885108
16133.01085968761
53937.08388602356
34005.74688931524
9559.50666987935
17356.49558819283
-27091.983862039662
37515.33737957153
3806.0316890429895
34411.605369545076
8916.367020446545
14851.743222336698
47417.125925373686
29173.605272350294
8994.894088803898
24210.90278350175
3071.8294886558037
11487.71107369032
20439.442768213667
48611.38547286101
25000.651908100517
22033.95140116879
17142.24519743672
15141.261657626495
44763.36373048214
48611.38547286101
38188.01351234244
4209.141489134847
31123.25511203499
23140.58574239076
66878.39208129102
15281.801376107036
14946.16238877422
4438.312295196405
3071.8294886557783
26572.26372572578
18977.284497476343
12421.026161561196
14938.334591117746
33481.54629327598
4352.465451374555
42602.10133507021
10979.12790015455
16171.054271681038
-12064.959748354413
19597.956569313286
29316.17734352595
103216.08825161404
10459.965298898693
14358.34175274531
24832.060667205464
25564.06787291668
41999.235213204636
103216.08825161401
44803.99806173779
33408.99573483715
33296.054236431686
25583.74919526177
-10628.398077064057
23359.061830173974
9487.519545003172
15465.874976387215
-12064.959748354475
1178.1372361860037
15717.12276289364
15705.38692542176
23841.64092392275
14801.281525550365
47997.767806213094
38067.76409677592
15757.947505046684
10170.972253279302
-363.35465347590105
10242.941208675358
3966.633033174858
54045.685650189225
37001.576945395114
17576.902754575956
15010.761536304171
20167.986186042544
22338.616233645516
54045.68565018922
32990.95555235862
28520.638521869936
22996.942975642065
29167.12227501794
51963.02215097973
12051.990749937086
14199.392827533626
9048.07645897093
-363.35465347588035
11141.076401096463
33534.68276054424
7884.677942460156
12760.540753899324
2080.5694734328586
39262.449522912
23805.19315944576
27535.510084234193
32232.17079635597
6030.863949728602
6366.998289678337
29833.537221581628
66712.67686564552
16978.95422418927
19423.26189227695
19375.280187925942
19550.929921791227
23211.360421133453
66712.67686564551
29833.53722158162
24017.39835787326
16810.374733569675
31095.09328392078
54493.554190695
13650.32642268997
13533.530200046267
6030.863949728608
6030.863949728608
9641.054980526174
13650.326422689974
15008.358233908299
5938.831942937366
-15811.330118643153
27190.824729925233
36775.02387288842
21226.20469090169
6373.053852978217
-15811.330118643096
-6987.361983126359
24432.800562382643
85409.55761236814
59595.43971238827
27632.0020676927
15008.358233908295
15379.788097680797
15938.977482716376
85409.55761236812
37636.670380252806
13551.218500769277
19829.957608219913
36775.023872888414
56280.507390606625
14343.937471443822
29450.769365952176
48281.813104863184
-15811.330118643133
12067.586972597841
21081.911581620363
14812.541172026771
17481.710050321577
24332.723507930416
60252.55118013522
30969.46779727539
19133.031576958096
-27998.880741235163
-12139.661904146871
9181.956154343008
34826.791702018294
87121.16745167128
77317.95826309873
40826.44340562677
23554.980283801015
12001.503311157432
20054.204003293253
87121.16745167132
33153.76295206396
18045.22015294927
11627.61698228986
37699.649475051774
21598.128331624317
12683.178358136236
6919.997075001847
16820.308246094442
-12139.661904146864
10956.151454468169
7780.34545291949
25816.98057158937
10277.883632940764
14191.511001491062
50118.82948859108
18794.63325928859
11225.076060440979
10221.469320471993
-21527.942577646358
42278.01208529865
55248.96456994575
74478.55554001375
47622.51163916687
46416.51643863737
18647.30033837262
-5775.00667461224
43630.33823953399
74478.55554001374
-4028.797206845512
4136.594725963489
18071.58241893903
39207.584153953256
22066.87373731859
28631.02691078959
1243.2682865865281
63329.552912751074
-21527.942577646412
1695.174645570559
-11350.068273284429
23804.16427813364
12142.512377869207
19989.97720973006
24476.32021387799
33741.98950825568
-1170.8752915470234
24318.91072271877
-1525.9753765321052
36975.5955923958
42710.170791551565
51341.38159698463
8434.545968861683
23985.849441376224
2073.222987299636
16925.99057666409
-1065.8910873839184
51341.38159698463
34039.242050179106
41955.86897902114
35888.50516538061
31357.536533018774
44808.674785654985
51539.48680519732
7949.22832738357
3044.722461936792
-1525.9753765321013
13133.426218097105
46778.37640176752
26628.60843373458
9926.244330557747
18803.760140922055
46553.135605505166
42188.25299709564
26506.39533085624
48008.488962528325
-8105.870413151241
19646.674827221188
25397.993113268305
69032.20638755977
2109.553921992147
29287.0851088012
29209.761873021496
4823.380120990181
14830.887231236815
69032.20638755974
12565.313428826725
19523.11376805483
18341.82510579086
36916.817681008084
-191.5508467115592
36959.261363910584
11908.447141791334
14338.545541624613
-8105.870413151218
19025.229691543296
13713.73163751682
21591.501618620514
3443.6512877938076
7788.707801368654
50993.002831735226
34199.85625041942
12719.532033612793
32222.905206561387
2197.1994940514255
10420.445662766593
28498.085404399862
72166.56496721941
15470.41385676186
21062.519017425824
3322.0293821409546
17682.26035005817
11078.908956594554
72166.56496721943
28498.08540439982
35917.82271112562
34608.26166264642
25938.862317327133
30294.052692017376
18017.96172897875
12516.266133444593
2197.1994940514637
2197.1994940514546
16011.79094780381
18017.96172897875
12783.968391666296
10888.116918488653
12326.94865556401
21829.862189536616
36522.64067191839
23815.153734570053
41975.578401303916
12326.948655563983
15034.082430196855
35795.465716872946
54825.18125327247
12721.172275871824
18758.882473527352
12783.968391666314
17501.449222375075
24455.99690259309
54825.181253272494
13779.38968956964
19255.809454563554
23272.336475617223
36522.64067191838
65329.355183256936
10644.15482022869
4506.908616884024
3875.7664093024823
12326.948655564021
22493.965919363724
17061.411872542365
21042.96354341138
6605.661283135232
-6743.118112235837
47231.405093524445
20765.000919213795
15102.068121468861
5009.346280624328
-1980.0817643965077
-3036.5956721879525
41093.43639907902
98774.24373024149
46266.511280766885
21248.901195239563
-13199.202269414833
23409.83822560107
33399.8754477968
98774.24373024152
66969.22451873134
21053.596378628547
35855.28626924648
25810.56644372518
14511.758193503143
13751.47202858355
4945.131167350327
2264.997830141639
-1980.0817643965167
10964.129335623838
18985.423591954263
52639.12652445047
19016.947844558308
-9767.074647644442
41559.227295441735
28868.967044397454
15434.11439068262
30618.594263088828
-4029.627980718651
13792.242750208397
50689.74947919893
43880.85436574658
17650.977440292
12478.873179114096
28116.13632401793
37374.41610346549
21460.73764742808
43880.85436574659
52770.148328321266
11281.270684383899
17691.512541332984
34347.966110395064
75345.02648914982
20326.207110153027
-4636.794446402522
-488.3209146664474
-4029.627980718649
22380.188336458577
54908.037689466
53930.18346251534
2970.8051022953005
18876.260228273022
19145.962946085812
32309.519584717338
8989.179218922915
18248.64523732104
-14415.979777211347
6620.844053827317
45971.96964513367
74705.49057955907
3122.426621115075
20476.742542175554
38450.09015940819
28237.59010503427
38366.926490216414
74705.49057955902
45568.86632163038
3466.948793814912
22003.232628347727
32096.22373980539
38950.37970317313
25625.42211676897
32108.156443924167
-20834.625413124715
-14415.979777211342
-1817.7718442580858
27764.035570268486
69037.14757830888
1652.8311859452078
9714.73721757169
5124.844332379626
18847.28295434105
21059.388170580067
45176.72990357675
-7756.380137936677
5578.40985781928
46830.04136586794
59248.617744477044
-4747.741048187023
38490.65533404847
47521.76177007931
5041.904518763923
13989.814704635639
59248.61774447705
28040.788760468473
11138.268309471847
13582.24493716713
29896.929652188526
9277.42183710807
36641.8786528297
26729.229608342004
15413.236837349681
-7756.380137936655
30009.624238448894
15760.046061603836
14273.518581842054
19466.205846781508
-1614.772512927014
30822.071049064885
37117.88125768862
14654.066730221915
18794.372799267825
5309.463546122031
8424.952188398149
24265.32055515596
51918.454956317444
11089.328667553453
14182.22410928051
13349.798305532875
13905.715865069293
-3691.9382581734244
51918.45495631746
24265.320555155948
45972.5025100876
37616.713560233504
34324.33995067798
37229.22500856769
41021.110115244424
4699.308185667029
5309.463546122011
5309.46354612201
22498.082591692477
41021.110115244424
18448.944979622665
-12861.429419852444
-6098.135499873431
15570.307886669778
38248.43372220131
30483.222721753405
42896.406573320324
-6098.135499873525
4816.723511262409
2410.6054429307665
90629.84931178112
18464.663568633627
22148.338745192086
18448.944979622607
8028.819262512422
16974.99858517689
90629.84931178113
53285.978177671044
18497.04576146346
25852.767899533006
38248.4337222013
46010.51001595065
22399.02405682941
32886.768605508245
28530.171118453305
-6098.135499873514
22496.694486492863
20504.77498657426
9636.775933862426
7665.148045246518
4021.1614755809933
15358.820817008456
23828.622063175877
14408.808980880107
10481.742801441776
126.32970325536886
15155.381579438006
23690.07972128722
75127.16554652677
32823.18571778926
19799.34867873805
18264.306678672772
26379.85695534456
38915.43855006695
75127.16554652683
46206.20448715256
15911.602165825114
18961.280111970525
31479.110104551408
59901.73242301435
17928.841013768408
2400.4316693993733
-1685.8549667035231
126.32970325534764
6705.458989946988
12223.461306670235
17372.02092757116
14469.974324140072
8552.234732961906
45999.54574834342
32994.506050725686
22733.40667820473
27017.302940230493
16462.10590524313
11482.44532376972
21368.810338327403
27152.940388597104
20445.563609889476
17970.872761034865
21612.407153923417
15323.668804182593
20403.486704580264
27152.9403885971
20450.193079215955
19675.26570586639
16931.10475859369
22926.571664145504
20840.568827674844
24923.074113995513
19930.597728474262
7800.44244856446
16462.105905243145
14111.774315932653
26773.012493007147
12546.247655845638
10252.577303192484
-13787.977129424053
38562.20422347699
25848.532190326805
22808.263284823694
23122.814361220557
-6653.879771642493
8774.493432004216
31888.8284205694
80815.5335819636
21261.84301208531
8543.19342890549
25687.291318173426
30344.061789431635
34004.20556589127
80815.53358196364
40684.433287544496
9927.348745381936
15822.270299586025
24560.72754495376
17803.236161659257
9611.142623226573
7085.516900986113
24570.511657657913
-6653.879771642471
13683.09244454327
16557.054991836918
25553.645566325187
13268.648138393939
-3250.4190002471278
46652.48042566805
22884.556321731412
25354.316980673964
45400.89408652706
7395.583956190105
11595.77437907692
36249.0927801173
53990.74372823122
-156.06432180226795
25072.944525414696
31920.34245676999
13795.340895007837
11775.688774391749
53990.743728231224
37939.877537327135
18919.791125728516
11975.502601872611
38133.501623042226
26515.829983091247
21759.790932666117
14789.216888913905
1512.4430826614453
7395.583956190101
17935.25782016692
30882.362621110475
14364.306069706157
21942.821795014665
9144.980345645285
31640.2475933482
29257.94131018629
12804.012373867685
21456.385389315747
3441.7608928911222
19676.617913786216
29815.552588242237
75464.49882315606
7334.869919711369
15989.251235344605
21408.91703441415
21978.450624955967
1062.919111236704
75464.49882315604
29815.5525882423
58498.08512144898
30513.76189152649
35435.10947944517
12418.449994988374
30228.26646620304
4052.068341310238
3441.7608928911463
3441.760892891141
11032.1229809205
30228.26646620305
18373.54304502523
3409.6131990931462
-4089.581274451193
10721.452880228462
32372.79576150709
23517.227310586077
23726.40723523335
-4089.5812744510426
11479.67511626794
18220.15886776107
72290.27094017182
23726.407235233313
24097.223271939118
18373.543045025126
14683.65604511506
14272.028185141686
72290.27094017174
43030.42747745713
31087.660664604286
25038.304453252484
32372.795761507034
72290.27094017174
18822.842618406452
14471.144580809132
19198.883407870624
-4089.5812744511168
11479.675116267983
18373.543045025253
16828.12354093432
1865.6677788675006
15372.647292370995
41570.93745919904
34402.49147255021
17647.840096905424
11994.698432377523
-3559.739416638516
11659.874746970216
30714.20909618145
63366.557771667845
38105.181287780244
23716.619685983092
24519.296627179225
23088.89905008947
18933.790796168072
63366.55777166784
38099.27870884923
21646.199489866583
24192.331273464442
22147.382609495588
63366.55777166784
11515.672397792734
16439.25584600088
-7652.728792318353
-3559.739416638507
11659.8747469702
24519.29662717923
19387.383460422225
10440.143944899755
-5268.91267707401
26185.069204810698
37456.980781850834
22968.661886770264
11517.94672398813
-741.6033170347872
10681.088676078522
20921.667366636488
66940.37018230802
32996.38874208963
24796.18402573321
28959.15745644886
16208.10629126081
13431.504990819032
66940.37018230803
42004.54929512841
28101.51482945068
24982.136593729505
31879.590972161717
66940.37018230803
10822.91237945186
7788.807826027849
1419.1159011175857
-741.6033170347921
10681.088676078483
28959.157456448847
14688.372573598252
12995.189236317266
2497.412924785837
18443.58687363261
24753.69142438676
15111.997750013086
27093.565775196515
662.842261408257
10844.826326817587
28674.09425506457
69104.80281445247
13109.586926770316
21735.291019204826
20321.295249879822
24636.13960390068
18678.325374942622
69104.80281445247
32492.083015111373
30689.800603402353
24447.477855313402
41234.364272210034
69104.80281445247
23125.1990592867
6427.271650375249
490.93586948608447
662.8422614082587
10844.826326817625
20321.29524987982
21955.58340324016
5378.557905573587
843.917187428894
23912.026461070822
31070.267244438193
24868.08789772186
28466.734816032964
507.4707110299307
11520.491041005744
19811.334119754527
69164.77986931434
22272.214649936257
23487.42146082098
20072.49065307938
16497.134727090226
12322.096590511517
69164.77986931427
49149.46468496138
25522.327252262057
21081.066312503834
30277.364397910438
69164.77986931427
17926.773584343635
11149.008353940426
-1015.7293648727662
507.47071102993624
11520.491041005711
20072.49065307939
23862.446972454483
19042.94723858872
954.8819804003055
18668.3274781657
11302.37588067566
17093.812622079193
23852.132385464112
-1761.094042885983
12364.103181049535
32313.634677378406
70722.44631920353
14262.349703595322
23437.507761630124
20912.77935282632
23478.12981976666
24873.72498430478
70722.44631920358
32313.634677378577
24873.72498430478
23265.364456555064
56686.19444451983
70722.44631920358
20912.77935282623
-4599.464759262624
-1761.0940428859176
-1761.0940428859176
12364.10318104959
20912.7793528262
