152642.27466295013
145830.43475011073
135091.41530245956
128281.7142369623
139813.67856521186
128195.53170817938
121911.31407475329
135091.41530245944
119909.68988606583
120565.08748539063
128281.71423696236
118030.23660244426
105084.49920087657
152642.27466295022
107817.8079923667
123541.26115517021
139643.12547781368
120565.08748539067
123541.26115517021
107334.95854471908
122577.38721106609
128281.71423696236
152642.27466295016
123662.8612119141
135091.41530245944
136016.74062694353
119909.6898860658
124824.26297785403
168615.5703300578
128614.22220877197
125266.23715200531
124662.89948242254
115123.49650897022
88087.22822887996
104751.6992505715
127871.56841274364
126066.72990035413
154282.5364808858
124662.89948242255
119849.4315393568
113773.37896994097
137615.81397989986
139465.43281761734
132865.2017608131
150220.62870720497
120368.68200024217
123986.67339030109
115348.36589267761
134169.95150444604
124662.89948242254
168615.5703300579
143299.9330685943
125266.23715200521
146093.30185602795
126066.72990035417
161412.62158920048
123724.05296738702
112185.59735300211
131703.89379709418
170647.99226374182
123947.10520710175
119050.21385010573
151036.48341829528
154235.9901411906
130437.23508397945
144596.02445785314
170647.9922637418
134550.91038784533
117258.46447902887
119924.52041908295
109943.5844875099
122741.98763353967
126941.25288869212
135217.2876216587
122824.61658926544
110360.5843663966
119673.03982375658
170647.99226374182
123724.05296738695
111275.19479869971
131703.8937970941
112939.81952501417
130437.23508397945
141400.35482025117
110424.90945078904
127817.39316627005
167286.0493863356
143695.17106646657
142833.0370897699
136000.4299671261
147065.58153990383
147751.3244727344
124969.12207984757
100138.30805523797
143695.17106646646
134368.37236688507
109591.20214535393
138953.8274177702
95117.50000398398
130089.38264513543
128745.78790282404
114822.97275771458
121599.52584766573
114020.13298968691
122747.45902859644
143695.1710664665
110424.90945078911
126478.87452674827
167286.04938633554
141950.19383022765
124969.12207984751
127101.02150254771
121018.6077581292
114813.67575756053
161277.35184451978
141354.4139754738
133875.67757981762
113107.1513691532
146345.51974700147
140733.1314112699
132043.54052836585
115046.29184659212
141354.4139754739
137117.27131637774
119022.48247179085
120678.63159158335
108089.3899095289
128135.77710562707
148902.99986995483
119857.07873812778
124718.98993141143
119981.69625709727
129406.23469726613
141354.4139754739
121018.60775812918
130785.64037612129
161277.35184451996
149468.15223355958
132043.54052836588
147112.04104789934
128801.26551155378
130290.51423180278
151292.1529239876
136495.12237615357
135213.47471143698
123753.36445653884
132456.34540658802
141393.8893923532
133133.84985788717
106337.91606889594
136495.1223761535
132456.34540658793
121267.09042498382
153197.84713533358
90100.31454671097
132411.97662436665
149198.91805835505
124001.60631912547
125035.92182182174
124700.8627147171
135213.47471143695
136495.1223761535
128801.2655115536
118782.96803253207
151292.1529239876
151292.1529239876
133133.8498578872
128801.2655115536
157259.8452132857
141598.23447759042
142511.2426824061
120418.57409163886
119862.86735018264
131895.03275036754
137715.10227610468
142511.24268240615
127776.73766073595
118204.70269391322
139959.7455986039
124457.84026993402
103344.62580502137
157259.8452132854
100303.6718432387
116429.62456034623
127641.70043792155
118204.70269391325
106022.61504414823
111489.16620428313
141486.32257139756
120418.57409163882
130977.99184223474
124348.04345246757
142511.24268240615
122230.74985919305
120927.27180450078
141733.4510993261
152007.45132443684
150295.4270268383
173070.26714833963
90310.87889645212
102942.07924352383
110597.62813562804
110664.38884080296
147936.4784120798
143447.03991554346
111747.06643203963
138046.79619394324
109737.74760611888
106751.8537681591
170588.5869209547
125567.42984568575
127472.69006078054
86800.48401218603
146023.12788338828
130359.66461658571
102034.08427702858
103833.32985320709
90310.8788964522
142301.54976977233
138936.4168585391
173070.26714833963
123214.2923677901
114958.87270011516
143892.87913489083
123663.14200250152
142056.35630595149
165031.81651740664
141429.47752540477
120345.71866799187
98979.61887886483
123730.57982914937
113029.27984518651
98074.05578835867
125100.14411563217
101556.26367350883
119187.45211378695
121037.35479444284
125852.21831043632
139401.55286630982
123139.95883393628
158179.93660380485
137039.01994520993
149545.0929857218
91149.81442673304
117478.28573151391
141429.4775254047
156737.56590949278
157401.60549370295
165031.81651740667
148928.56863047686
114093.69849936225
125231.41555494283
143036.09031145315
126018.9390243857
128315.43311570182
171074.69652651684
120127.97509021027
95748.63807591189
112000.00296107992
141587.11861807437
118342.32217950399
151760.13886444859
164575.3694269094
128973.971342642
86709.65487790505
113459.37205501048
155878.6656800928
130016.69481592336
153088.34963445904
119900.90616383798
175019.2510897761
125834.79277505855
141086.34773454734
171074.69652651678
128380.16632666238
142477.72943516058
128315.43311570193
154545.7218390357
111618.55680917791
143063.17706338724
105332.60404079736
115519.4157458357
130962.56771763365
182265.70418519925
126395.04406170988
96498.30867229306
100514.70275869209
158983.9726068954
141473.3171519878
134206.5691402387
172050.7792476116
125986.71399006479
105859.08160345483
119564.47519856931
131074.64927468688
147231.5384627857
152628.67618308368
134656.13008261743
194231.13271559827
139508.8405537379
138778.5325940831
182265.70418519917
127524.49071323742
114122.88925442845
130962.56771763379
160978.37646097757
121892.09704355372
128282.62959127531
151743.73170358397
125177.99800747633
144830.96203816246
161821.8727074002
139279.16654632826
128947.04861039044
132630.2593682425
156951.52613330894
134977.8114257646
108403.78719787368
151874.0108244065
136838.76582726208
102726.36252201472
137617.77660967203
100674.17888000098
131047.34633944646
126309.39586249445
122307.94141171584
137798.84541940907
132306.7793946035
139279.16654632826
161821.87270740027
112717.52740522657
109788.86481601623
144830.9620381624
144830.96203816237
136051.01260113477
112717.52740522657
121214.06439338528
127037.98404801759
139784.33641578932
164536.14209907924
138871.01257295426
132871.07333198833
163254.78166722544
139784.33641578938
118513.35596439645
127721.78954619964
146312.85025452496
148769.6544326271
114599.32971848904
121214.06439338547
109092.1848915198
118946.76975480025
141303.18154660496
127721.78954619961
103453.04071377555
100351.65115250631
123094.06218364427
164536.14209907924
115916.16447137664
125460.82914904327
139784.3364157894
144174.2042188596
124840.51626873857
153706.1636276962
144354.4731018141
133641.28120473505
128521.63681780222
122728.40809150024
133966.13243956215
104359.9451361545
106209.39563008981
132161.29573136484
131396.22308590537
112339.66159661443
133903.34117980182
121301.88054697537
114269.25882282393
173930.5692098614
120364.42743490193
145257.01637630537
162223.99512337233
127574.83568675042
130611.20213388828
126019.1552577565
156897.44357593966
122728.40809150024
144124.2442002743
142553.2719201854
128521.6368178024
163826.83993490954
129640.61722616036
169331.54704932065
180378.5161527041
130617.15363865177
104401.51694914291
137922.3996330487
134856.9175951913
122397.60749255562
107977.81700928173
144682.75093284945
132864.33509054373
143706.25061776015
153520.0751506944
113742.45321528413
122557.4272570105
187338.42750020066
110744.82197432163
129357.42286468719
121097.05804121135
158910.7664974741
116332.8634921053
104333.49225809473
118764.82578112709
137922.39963304874
169684.24900608286
119415.39935554855
104401.51694914307
102473.64162990026
135651.14124498738
153560.9736375396
120209.08992607269
131886.97051020683
139600.02768804855
147232.01481289027
95385.6757849961
101155.99544773407
143845.52951600595
149275.55829776038
109836.95406385392
162382.48903620034
134269.53987647343
129456.96106633141
133901.35832672083
113053.3542883034
133883.1543768571
117905.37549541473
140316.42910772946
160314.31175192219
116221.74152212859
80862.91439052335
89819.349906238
147232.0148128903
155994.7807858502
141421.52405779748
139600.02768804878
122526.14171831642
119529.74862453282
146235.91395762592
113726.09486040803
110360.78535923548
190788.49442323027
173715.7289608015
129356.85394892958
94247.46643424414
149599.7061027972
165516.64787987544
140639.71739961958
91475.89565916506
145533.76184976194
125190.09406612444
118011.30301494544
82122.29105409351
136602.31489284846
134396.35681003254
103000.4378267387
166042.67214133934
167736.227017534
115561.03475531361
73900.59548529997
173715.72896080144
59994.11856336707
148828.88686013472
190788.49442323027
162557.08601744194
99073.89300358147
139396.2646504036
119843.0828581366
116979.79060522112
162589.55260054395
166932.24452117496
128530.32380631175
113088.93691063227
145859.51453242564
131111.25099977336
120868.30227883047
109954.87125748313
147571.9248627229
128930.72039179901
113875.44245732234
110349.80070581027
112118.32684161018
126436.46116134919
129450.26955460064
111889.12385320115
149246.60803364476
115585.0183736329
128530.32380631178
166932.24452117502
103192.75643565923
115184.9161728475
162589.552600544
162589.552600544
133793.63091615427
103192.75643565926
136143.47784875208
158433.35179361043
140041.60110875167
149516.2723026362
135668.87469926634
133568.096947548
131539.30796581443
140041.60110875158
93101.00729167671
130923.58899039561
127437.96176701349
129228.4687151112
110928.85137851218
136143.47784875217
121760.1557305857
133149.47621055
165903.52593226943
130923.58899039561
133814.1197438434
93720.5049245119
127670.10926003745
149516.27230263627
151915.89955658244
145000.53147691637
140041.6011087516
145494.83270601783
111852.83964674549
124074.72627096705
154642.32939641306
146398.28240011533
171182.34237492658
124171.83889303205
124404.66176627672
119857.08581066968
104727.47429719141
159106.37207707553
119205.34028554233
142375.21318965853
148544.53946163427
118383.80752060922
67735.88014670776
136352.929410538
157412.71103449544
135521.97859025246
119364.6258884323
115032.81676807356
163135.8436697553
115797.04974834666
112877.5930660012
124171.83889303202
143330.3589205618
159509.38367718062
171182.34237492646
136032.66913817797
117258.91627566674
133979.02641954657
169190.14092963116
138689.064490624
153724.44838440703
117626.50971583926
115988.84858013163
107469.22215064864
130277.8414352872
131989.70359518472
130243.74719309696
126880.74510757971
113775.58332458342
120079.66823683641
112494.11301221538
147058.10173338873
115076.47160384602
110943.74342805009
123476.49490612496
117126.83994597984
118207.86704609254
108449.82327632894
121613.39701725953
117626.50971583926
131307.9371324845
128904.4849831301
153724.44838440703
132892.89740354946
123802.25519114325
134400.84656033342
171142.44812283284
148333.87124755682
119521.723852688
116749.3756310577
84539.67616255365
89662.95322481327
95376.96095549174
97752.03226217795
108573.17472791638
141823.25801096417
154000.50448935095
108090.0871057645
130046.71858884809
153365.00400102607
155334.37298221298
143828.40861887115
129664.1213698049
166720.33935512858
119690.7772994748
85044.42000585837
152597.60318274272
116749.37563105774
213250.2244709601
140656.66477519594
119521.723852688
149791.3434393359
130693.57186888001
151245.7395784505
139961.0723866557
121673.41416678071
95123.63072447058
168582.7367817317
122048.51583182951
115503.98683399089
115489.70994323741
151141.21481275352
112788.40696126755
162986.23598578773
166062.71053159502
137951.88319947157
111754.01360069474
143640.3628699685
147441.8853045882
123994.11538133654
134093.29138317658
170590.06337791122
130178.36011808713
85915.59718997046
99834.86320506438
168582.73678173168
165427.54336099018
145448.5327227823
95123.63072447067
125727.609272854
104096.13432207986
142367.5074289442
148004.05070889377
129377.30438381457
127227.39248615639
165881.64796544635
126026.48757210559
117533.17874163273
142815.76604745185
144652.39894614657
117297.38721739715
133218.99833262237
151127.85725499154
135029.71113439093
107280.62383558927
120873.99526936564
120132.16740355678
125048.82203172181
153945.99873447066
137342.83325580394
123915.96763864804
111244.04597903411
126026.48757210559
165881.64796544635
122990.96577624914
129544.26831765402
127227.39248615639
127227.39248615639
102744.96478532089
122990.96577624916
166726.75492060356
148432.97486110422
125861.34253011341
139557.0102658235
147117.21494924027
153842.91410141785
144118.80603234042
125861.34253011354
112485.33707061595
119559.33457818713
144095.0889096956
128487.24015776844
105794.69252569604
166726.75492060362
102351.31245265224
114397.1810582373
117493.04207119506
119559.33457818713
97735.49952315289
90146.3321930508
134142.3092548373
139557.01026582348
156365.61592305993
121958.43483478394
125861.34253011357
144428.51739103952
128117.6967759066
117590.6010586059
147248.39613332594
141462.96229096368
140678.9758494209
102643.21688710379
116063.02721081444
91170.90985432308
120205.55833320772
148693.3749027588
130283.56387727994
167142.1451691571
105490.31213831103
133481.7688568989
122713.01419145038
165570.3251469322
139157.9184808622
119439.68128811437
170969.86250831475
126139.28538550754
110805.29436572066
108455.10708761442
112845.67318112012
102643.21688710376
156389.5003037749
158450.20865818253
140678.9758494209
136273.24231595313
119525.14482413468
189628.6359770326
139729.67978225133
140318.04926403885
136445.51113138717
130475.59833351617
113033.66769940154
116720.478931167
136224.36998045695
155024.3068949174
134370.98695404132
126110.18915385478
134839.87969057707
125075.93321004418
126663.72933209209
162291.13583281572
107713.42031433304
119897.48018311484
133996.84072225916
151424.057355427
116263.74150100235
100828.77688891358
115999.45757483001
130475.59833351611
128481.89918475889
114727.85244831571
136445.51113138732
130481.29064112651
124544.65477936351
149471.66798851156
152105.77439175965
141798.44006407913
149297.6106434766
124697.81249689491
122375.31299410363
107524.2758364802
110091.9926665544
133550.73972155433
138978.8024860554
123187.71837005792
118513.89639583617
105758.41261533191
104304.77648232873
169454.91596072726
127549.3820631434
115391.55510015714
90352.89856494265
147216.5654707143
134192.76132818506
100417.19558062495
98464.9556918565
124697.81249689487
145879.1946177822
129252.06628665887
149297.61064347677
111260.61608524804
112881.38158313715
155979.62116723653
133252.02444918102
126350.47767656366
155338.2846442813
126644.05874396855
123670.52179356344
117445.42878453215
151082.11983088558
113393.20470825884
109498.97706910915
136983.05046454127
118764.19883812167
107572.01206512956
124413.04576149047
131058.2653399528
105541.0451076376
105695.62055613741
111335.61579727581
123579.71639083378
100875.87733274417
81732.40320995488
95917.02394592647
126644.05874396852
160847.24539024252
136472.39208559226
155338.28464428132
116978.10326370157
130283.42495289913
149513.5135469468
142108.01285101371
135192.8165779396
156939.7489515664
115057.50837726187
123142.99524151986
108233.8488313004
129944.44698076289
125081.2425921082
119066.75157832923
125124.63114674966
109848.57290174045
123672.67408446655
117918.87655193529
136389.52776466563
119845.8369551721
116671.98896241137
141962.30792999704
116551.87209584341
124105.0107398923
104704.17641661086
123142.99524151982
115057.50837726188
150797.32016646222
149586.13758029148
156939.74895156652
156939.74895156655
126417.73699568678
150797.32016646225
154305.11301504157
123969.20671514864
114513.40880974091
151801.34807350076
136862.99091203892
110245.9801197336
124468.03655141903
114513.40880974093
130523.93217711188
119579.69651550095
131296.13686736283
124468.03655141903
107047.91387691145
154305.11301504145
106632.88190678811
115064.22736712419
151801.34807350073
119579.69651550095
127350.40930115108
127903.18485455611
155562.58375007758
151801.34807350073
128938.85223613252
123969.20671514864
114513.40880974091
140383.45835296984
115171.02047195047
154305.11301504148
137636.51828362464
132424.38131404272
140636.80800356957
117838.2035343506
122560.76581323454
116222.60313176287
101201.72157615966
154042.1804827244
138996.88116085742
135649.96735262783
156905.48223948135
119437.27756177352
115196.39880673743
158575.2337256464
127233.25223010276
141612.62278350192
117838.20353435066
151831.2984756603
135291.48198226703
103907.04619676493
109303.73835117523
117838.20353435067
171696.34372786246
132424.3813140426
140636.8080035696
138650.3579511897
142946.12609635282
158575.23372564645
158161.29887799005
135951.3904179642
127197.9086813437
152649.46937187423
130101.3728594025
126761.62801496328
155556.49727677891
129730.96931759996
113413.3265557763
129704.09340555358
143122.3110085544
142810.68817328502
125608.28275155573
137653.53366665216
119442.73436266405
120498.73344269674
152649.4693718743
135470.20558738091
100482.18437009494
91093.34476643617
134337.0310459461
152649.4693718743
131932.06013764002
135951.3904179642
127197.9086813437
158063.00399257266
124297.46353468325
137653.5336666522
155989.45989756082
127767.32769459067
105843.7170895037
153056.10711371648
128662.18084246677
115540.99070989786
131244.16350891025
128756.97825444405
124378.53081639665
132407.56024819595
135976.84504675813
122262.89030953363
110637.45809222462
169389.36848408694
112793.21429950645
115649.73628953507
153056.10711371654
144465.0600358568
113390.08632994028
116312.01766635214
143447.53143588916
153056.10711371654
133470.4241001166
127767.32769459055
105843.71708950367
109404.86638383422
110455.2100852396
169389.3684840869
147981.96097162372
122316.7779559549
93179.5881767454
151475.3180941216
136967.2307028269
108026.43224665381
108780.73771381864
118974.58687386008
116220.53811959714
131887.10900061164
126402.2781309007
118050.83334378956
115426.21459752762
169693.4579833357
109715.96964685741
118099.13146186067
151475.31809412164
135038.69744821702
123760.35694779754
118290.40640550695
143850.57483631352
151475.31809412164
156143.9084025373
122316.77795595484
93179.5881767454
124151.81635384026
125345.12532219023
169693.45798333574
140208.76587672645
129286.76865620213
126472.7433256247
129686.5309431756
129050.96954891813
114823.36320221465
99645.95700931617
145390.04834018156
134094.3081403778
134550.96144245414
144470.32002731223
115867.92554878652
100502.97945925171
163660.92957630494
121923.30380632779
135100.93916837175
129686.53094317547
135479.96675472797
135100.93916837173
121622.56008865917
129050.96954891813
129686.53094317547
163660.92957630497
129286.768656202
126472.74332562472
126472.74332562469
132343.63197360074
163660.92957630497
129840.930787709
117747.8338270734
133794.0041694278
149829.41818545034
138510.8175614074
100836.03826481692
120935.60379415596
133794.00416942782
124410.83564516203
116477.57587364421
149829.41818545028
134503.20872336513
111132.70661303106
129840.93078770894
122588.64067334334
134851.94493637243
154711.0843039677
125782.13321776425
134851.94493637243
126949.63082014733
140644.34443541747
148509.7226646311
129840.93078770894
129386.51139688477
128399.81262842595
159762.78156939003
132355.24779377834
154521.6922114967
124673.33090402673
117185.80416247278
112845.53790223523
178884.52745117215
114987.71005530839
112423.36684780812
133725.05636897343
147769.8621240026
134461.67523879974
144203.98358960406
178884.5274511722
128295.34083258623
110565.70977100854
144446.2538812534
124814.66452581222
137328.2166785565
163460.48208037016
157738.1981305361
154984.16601787705
125198.01242781132
136570.03467273113
163532.48038845265
124673.33090402672
110552.91382937331
152097.28800592813
121608.07898530259
137582.84735854345
143780.86940722866
131637.7599249592
107765.90604013065
132040.0313382289
179502.22597054372
151843.632008078
99879.99469598942
129203.61022756237
125819.14646936185
148886.83445303852
135849.72536402574
179502.2259705439
147062.30050926743
156549.62836642793
163937.09900808323
89277.20543677655
130058.89842866454
186088.35231752848
126814.0339247993
127520.86095432041
122370.25893203556
139541.85423367211
134137.65978711046
131637.75992495904
107234.5501178602
104051.0431247971
133945.1832530476
116341.93569114103
118482.47408253235
169683.06410624023
125288.80488758266
127849.34768070767
124460.57591682453
134388.70387514052
116340.06862335406
125477.68400740536
170920.96935911514
140539.48525386897
132325.88673624417
124460.57591682447
138334.80762928643
140083.66835364184
146919.33352943134
79592.24338380838
114917.62749278737
140850.19786126452
127789.87283023195
117376.28284246432
122115.8890069022
123404.81294447507
120095.08093050348
169683.06410624026
110465.51769539154
124155.48936285131
142889.0407499352
155259.23006181384
131395.42399163014
167993.37856560582
115988.44103682204
134983.63628792428
128978.56278543074
82627.4494906824
77581.70195266852
123765.1573645673
147971.3520483192
144168.18160985055
189248.59965069743
128978.56278543072
134939.74386532372
143200.6647400546
117435.22317155902
133155.2090240851
123356.66277640134
135687.87473201228
135576.04772823805
126352.05987704147
99454.47199336872
104970.62402544853
135621.95494146046
167993.37856560576
135564.12780630117
152549.2746729413
141864.50114155773
143131.64393100713
150724.8296635865
139013.6647586424
117231.64530669525
153344.6558213829
139003.72049392943
135149.78545680028
113382.5255421873
130118.98689944821
131955.08782207788
141283.02433073986
120246.98645967586
139003.72049392952
130118.98689944827
116823.35592531807
144337.87374762772
107566.09499459332
123439.40990907786
125388.20767686504
125881.77733887671
132070.887884327
119983.15095393363
131470.6688735262
155478.2559215044
139013.66475864255
111831.10488340072
143857.14539778896
143857.14539778896
147547.33392630704
139013.66475864255
118004.92429985073
97335.0739575355
162625.45046398143
126109.29038812491
135126.2809179607
97109.90457844193
116141.92179418955
162625.45046398148
179699.97975827966
124923.98668112121
161965.22530090183
140949.16577348244
128503.42838823966
118004.92429985089
92593.60172791172
145931.15893420033
149900.137122103
106147.0043077787
141317.95621404675
139536.03915522152
129964.41548060573
137809.4085236569
141334.59169626454
114043.81203713201
133122.47132512514
167301.25476471503
125904.80399233162
128763.03158777345
106099.37800842238
106333.6346450852
126028.89294587803
150303.86451742292
108901.67644323512
90967.56933854551
136366.68505951317
191501.74383712534
127683.64924698809
86172.03638067274
146496.9475684286
167709.60903370456
145538.44121070145
128295.16618157209
100586.65813973092
136768.82164538844
135696.56962724298
136853.74951838094
155052.56724778158
129465.02962240188
123514.90229902748
148501.1200528591
45746.21843477103
110096.60260908293
148308.1849197673
247387.5503358794
161335.4020042353
124809.28957585394
146845.2587898307
128811.14979524526
136115.35367323685
134225.6811084167
120011.3422872117
166249.03597031362
165083.52719609687
198036.1273598643
127986.19187816723
121870.29218152705
144880.80932709496
128384.54116603965
76346.3835606291
109346.94239967567
97813.10901076435
142912.7314471116
130553.08807295132
108986.46726772378
130212.66519657195
125732.50134929523
127006.63438375077
171725.85781548228
66178.69923266274
147046.17238823514
201373.14594701384
141516.9618576849
122712.0798242852
129700.80410558877
194257.02722295758
118648.65297056508
131638.8663995254
127150.91097853232
148209.79329941366
98651.91475849383
124150.82096832455
108516.80795323601
159702.82239788503
124375.57767765985
141599.4581247836
97481.5682252915
102449.17649730945
176156.52889196307
113913.66782367635
133196.50798922635
131103.44365052224
123650.14708373017
128944.03269716015
137105.7069573967
165526.80089397082
118362.0760377633
164886.88154647377
137703.6248580993
131017.04223220087
140764.48526783776
136675.81415974104
148223.81919199374
147952.47037709906
145255.29345824884
99028.9899106205
141213.36276070806
143635.99944478236
85518.31496132864
111073.0714751327
109031.43530133693
114255.25693673323
178617.3616455975
171634.31710222957
84729.61566031692
133590.65570869885
252161.69984685964
140640.45141819617
147117.14883757534
121293.3856282064
172146.32835614722
102959.88236698661
93855.65767566778
91538.28954448272
105415.71003154294
199929.9725493593
127901.69064156924
97391.99530286469
101482.35258316655
159413.57508007975
227885.6838649519
179958.61767971833
131332.05020606506
126289.98534407411
159231.73327735253
149386.0918927803
131931.36951977294
138203.7004220541
135139.95245297987
120513.37916882503
122254.6645184068
126074.26163342895
129035.07985444051
107261.36161355063
131044.18764649692
104657.05554138264
112271.39109835448
139766.21314720114
133659.05988987174
103590.017398227
114676.68529251592
143438.00142214386
137405.18293136582
168415.66670714004
161112.77907799816
109626.10424386067
109626.10424386067
102727.39404827845
168415.66670714004
125354.55385798212
90708.28088573826
161709.9071122799
156540.36101161427
122679.98130931461
107211.395724693
150961.9430984759
161709.90711228014
174095.0935810967
144798.6889650207
170761.15404418192
151554.82941604557
152505.29012202553
125354.55385798207
67263.5319596763
102549.39790434224
130981.8527337756
120237.71420130451
126056.54197143516
114773.83758906399
108715.79343130904
136563.76283153513
125210.32592453036
100346.317885058
146501.37454146703
107669.73673624497
120512.61542727158
115560.98094516076
156522.72802911437
95682.53551238391
155566.4665674044
101988.7019565284
143420.92952043648
95659.50935307446
123465.18930038548
145812.78338894458
169849.5670212904
93011.13406846482
74686.0210590049
112224.59008169781
106164.44824036394
130856.84076216075
67756.19168195875
116765.3802345289
117203.76376578485
117588.89600320163
148899.35993944717
182736.32634950764
140236.55005297886
171532.34971359943
176949.46065062436
80803.05861048514
171773.12594547923
170726.09987317323
205235.59820862548
132728.25618941223
157466.23726159957
139193.41808774823
179870.02866130037
149026.82474104268
173469.3839076066
130749.553935138
167452.22932563294
125748.42525183623
123528.35936793462
102950.33805052948
134691.05302673014
140688.60475968075
107105.98702019083
119481.41032076036
84324.85555942298
113822.89928535314
157299.43477048425
95763.00322737338
117469.82032138608
149995.2252272176
172330.0750830946
134449.60217280133
126781.55455491644
129010.54520001226
149440.15410752606
132129.7384152803
144202.05552322755
189222.99695745888
123783.39737822203
128839.53628413787
179215.80965817114
134463.79368603873
96847.36729075473
103455.14983523286
118646.62535998582
166804.264375461
143460.72325623626
118038.11151407314
132381.85187715504
137533.26046211674
113713.24340918429
144301.8028228604
129143.87837799272
126973.7468910186
136080.0608176585
128866.58079590723
150772.4326696404
100314.01132268817
133201.59466777038
147631.66234829853
95457.38228638495
122680.17667950975
149074.95059843818
152517.03714946617
114053.17564227647
124725.39314044314
125951.50085077202
125542.62557674706
158681.29872063163
100945.64504457767
145929.2682265056
110939.43264700624
103664.27809998539
107951.7590133534
156210.63440408153
105626.23005983852
103574.0805263641
79515.5827109625
85524.56299904893
220747.16141239536
94914.91428892077
160135.71346279336
153607.227608385
74120.8385505909
129732.06481912456
147896.70779413747
161176.23817975842
87005.48483300932
158492.06907754357
115874.62881434587
116394.48810200939
193022.83689047155
145542.58959164354
95858.41836944179
145445.00132759465
109307.30249200913
128842.09273845675
130210.49877355984
142749.51185281965
130767.29832947733
135787.76710667563
125459.2622382988
117168.61075257507
105264.19337345005
119015.00586615164
120910.97736720803
108306.94803485445
99096.7194489152
82522.48405684947
109208.7821457839
119986.39816069798
122008.36845658685
91883.15486005417
121802.02238949169
128742.74988048247
95036.22591666467
192145.83955146215
150330.78110119974
139759.2940751034
139759.29407510336
145981.99675121735
192145.83955146215
158736.70200691477
146842.1845146034
107131.66149873746
143042.42958728844
139000.12568139602
121837.73825798255
112675.96858902629
107131.66149873738
106751.68156231605
116436.66064615214
130636.57591919553
121872.10090264617
101952.9561520562
158736.70200691486
121841.62829176385
122674.44253101584
159458.1383526855
145863.50474806267
132689.28163475957
110201.44334239778
150152.82391029526
170563.38860244091
148897.49837946764
126245.70240798645
121666.57892680321
132882.903744783
122968.96815191447
147444.65560367686
139327.27516718835
151080.75738934585
147157.72670513677
158697.38295677226
147777.32327637842
111646.44852849284
97268.85857521089
155977.8548771456
121020.94356536919
115200.20778438322
133671.8564450512
88996.71948316226
58242.3819238476
136933.67401162384
139595.84915333366
164134.39643708972
109678.4494947592
100490.25420105907
151219.19797004445
146393.43289734653
152029.0721306389
134083.79189147727
135554.85256420576
154817.36422829636
129722.31251291193
129964.74394188065
110015.75953469714
169069.7324530366
105546.99718524636
123557.12239583093
159886.4837430271
101846.1471101763
162375.39592086332
164997.9689580681
127642.27657019254
160025.3187603426
127360.32526357856
79891.83177512644
161667.58849835309
158301.02364540967
95521.5104232853
129854.27180415911
92792.09284829926
143356.92874931346
136256.65179391947
84150.18119208144
122923.57008863274
114219.55806317463
158962.93426406902
130091.24614271683
127557.24723197545
148150.84676354827
161435.4784016917
223138.46627714942
138226.0702221524
129399.98089392186
134970.55491009555
148136.14188854065
153686.44506999513
183533.18141759685
129073.12288189403
144139.84653228876
157333.6581923419
175246.19294959804
97591.77875890497
130695.89038620023
161722.04314844334
150492.63049275294
87474.55869664374
90385.69349277721
133871.95209871576
151281.0736516315
195525.249285084
165828.30604326003
127605.63307549113
113263.64652767272
108719.0427974887
146962.8905139295
103557.21007147839
166265.75525122185
156450.04025252687
145862.45802573205
111844.62998185557
164107.9003005575
162317.96953307922
186128.26141880336
161008.93677414954
202493.9200963008
154265.58973002288
141762.19556059845
117265.1316936023
109034.71025722349
97593.69474445163
111814.1127157448
104362.08519404061
107472.12077342933
68966.84607516586
151257.3188329719
117044.1038108084
134289.54850151905
153343.28683536776
98629.11676228345
153469.01999471476
118726.50956830356
183461.13550274493
192182.09238159543
124291.38624451525
112405.1130087541
112265.46664234482
92642.94725025639
72763.17082301584
124590.46697347931
128686.39574232472
115541.97793435445
150559.73372194413
104432.14220919901
129149.62831387286
126402.10655330936
118416.67787428986
105579.98491242623
122561.4336458694
120001.14968694975
140359.91073581594
122106.0485912121
113399.40266574232
155282.85389129844
109549.44052310484
117127.0930843085
132724.32993480828
114725.65409740695
117865.89886801089
97919.56773806692
148517.06442477688
118471.04881084194
175737.59718832048
149839.4546266591
129666.74301284901
129666.74301284904
132803.0436658843
175737.59718832048
144099.08002142483
99505.85600948904
127508.52557315445
156811.16649495263
152173.08524048096
115425.25036655359
140036.61442501337
127508.52557315424
143255.60216985564
121007.67850744117
167228.07643966266
158332.48670704203
128327.74495288478
144099.08002142486
85336.83283669998
99997.16661642313
151214.20829156562
114060.6331375581
115831.78272544089
128962.25224406368
148569.2344686095
120111.47278228834
126135.00503785112
121289.71186092854
134459.61970642675
147325.79897863718
141949.8133830976
155324.58439867268
146634.4935372785
143024.53491405956
125386.16395542675
121239.081395854
112991.83517514376
109333.62918668339
125633.8108671792
156117.4955927488
150283.40290306884
156695.34709974218
93178.97703767795
112357.88316370103
157998.3042031404
170070.2773120994
93869.25513438457
134477.8995791333
155087.96401635432
158824.87700014998
132344.68134096178
110312.94305564869
129630.46994355175
152114.7052616374
212823.8150935213
112498.55205985713
151633.7044987806
130095.07029925588
159298.05674780151
146954.90053071198
177321.47700473559
98731.96450898808
133063.9396568133
167590.64574634226
189166.8975182019
119320.33288137535
115940.1354788124
120767.89865438521
141791.6552678032
110656.76026710948
169661.87441478128
113115.70587905264
77108.09553425251
126301.82597283366
88543.66928380405
125681.52838580646
117396.61896333465
83443.1006962909
150087.6673943167
167564.75408363575
166673.7590324272
157840.6277461035
168439.7909675116
120776.57186862716
114467.88474325808
134906.79770877544
137912.23562663596
117535.82549878905
131293.98896763762
135432.21449539374
149521.2033862252
138447.305110101
150709.44470609017
128985.62118693504
154560.9017162923
189965.13089597653
119532.5637334037
102862.50136331987
180338.97358919296
151435.1269490248
110393.32276245038
103233.65278621555
100319.15489207204
148787.31716768438
175115.6083156372
104621.32780810744
106433.35006825902
123409.17400365179
142430.1380993632
105366.00707852155
128547.65508561741
123909.83091928501
120294.44322252386
187138.75386773818
137429.89400168732
121255.49096395208
125078.26578891289
122544.14586596505
160246.76492009053
206175.0464003089
144675.7192693499
153205.43907101345
204236.42913897368
171126.76528835064
122420.83914820765
134372.69735272453
140260.6345578475
198016.73529909342
100349.69410116285
45605.337090858426
94481.41154799366
141026.54424586336
177153.08830869914
103586.2882976839
81438.20722346561
100235.98478387651
83444.19858134253
186507.35981834723
69737.11570043757
115658.90816170262
170008.2003453725
191539.98069529684
92615.91664201772
61729.774786911265
108735.51724156574
131667.26999992604
167689.9105560774
91140.41949745613
101106.0000329928
119926.87563397572
118381.76665493177
170410.0380421235
137222.15036106957
100501.59778171852
105481.78750082903
129442.11771233007
121874.08461577816
154972.7209910005
107171.71012660277
139031.75090703054
135548.03864097403
126326.78407906121
142352.42849972303
110022.66775874687
122891.95234824403
124736.010016857
122562.37633402861
138991.47127720245
193759.34661894006
193759.3466189401
147185.29077147375
122562.37633402865
116823.53952695747
91349.13791049266
143774.26946974878
140849.1683990335
123662.34268885705
103453.47436257609
121378.34585348358
143774.26946974878
151363.80722457715
137208.2823210907
146716.27588874262
121378.34585348352
112223.94976646453
116823.53952695757
95652.1776122655
150515.72470573147
168409.3746698716
121261.0528989221
141143.5386313881
142135.06818242065
130223.69300680683
168409.3746698716
147629.5342585963
110303.562878731
145598.64967077633
118957.24615005415
127853.9916099991
116823.53952695755
180362.0064301454
137918.2190236267
185391.1931389741
128329.48018030923
133783.65977688908
76912.29978801166
151668.3968910587
140504.11790655588
162676.02182315296
119958.33794012229
125238.84704498788
113537.88557675605
147340.82930523908
169267.5991109471
127788.3938808901
113209.66445424169
93810.5823859514
145180.7225556219
111100.49199348396
111579.63368690725
103693.02244221435
93810.58238595142
132948.63850365218
117075.66674355067
154388.82110832853
154654.4276716624
159983.47883100912
169267.59911094717
147067.3002683032
102292.42770983523
98000.38688710167
128135.63250655988
126120.57676883937
124955.77081348671
130180.0285827905
130401.83018176883
138054.4117406743
115015.33986349679
131632.0005275811
135553.38536893693
123923.24977468012
178131.0704980526
69680.01493416066
87388.75612574024
162957.6519678104
143181.74447348766
127571.22779011381
129675.167997919
155065.99308718755
162957.6519678104
120062.0486206543
129131.86193470363
139113.47281399975
99120.137383156
126873.48614904848
178131.0704980526
120131.22432094289
98706.08582057856
148323.9680841739
116657.70373668845
132267.88435935165
108860.8481544715
127394.88705243687
106445.6757203712
148363.73534445313
117270.58244256744
174727.52261046815
132359.01268274972
141195.8140836421
146995.47146417366
82811.1457228105
128564.17774191964
153073.5586042045
126683.37309363211
129278.40472461237
128376.56896811114
160851.271253525
153073.5586042045
170321.6660721194
94991.41177328213
136789.02603654674
126408.12311663205
168199.1172048013
146995.47146417364
121024.06849558877
93303.90641175193
103471.4537532648
178520.8962619727
146801.84810008286
103740.75072532494
141394.3819477348
95807.75030861245
101977.02772434271
141392.45694178034
194359.77766867244
122208.31921486321
130482.7060726895
108908.24525314628
115234.62492661666
131948.41248441522
200515.70270931817
149638.45920173003
156236.72546213842
119731.3061814922
127006.82293840649
200515.70270931817
139223.31921951403
113502.73524184091
133580.0445175659
131467.80700979725
132961.15133634547
108908.24525314626
176086.46537615563
141050.57645520905
150570.95492988933
147025.4989231521
140385.6165008003
95462.15053590367
107125.88119656552
155969.95802761725
139465.76364733663
138328.9478707222
156639.78114391371
113045.47330390518
87164.63360827019
139431.04222264906
144194.84490400675
148676.45929616358
136674.10881664336
124348.71466228607
148676.45929616358
144504.34478815936
127706.47930419623
136674.10881664336
139431.04222264903
122816.70534743923
129357.65256615965
129357.65256615965
122822.70561517801
139431.04222264903
141804.510397204
135181.17786220514
131077.91018570197
143545.54903719618
127957.59808374822
126056.52254563989
131731.1863306377
131077.91018570215
113857.93321276018
133985.88831873325
143545.5490371963
115213.95112816301
94998.64107714397
141804.5103972039
119566.01219268207
130156.91429258848
137487.3890778622
134451.90296416133
130156.9142925885
115400.27754854712
123382.73199400408
151752.31581663163
141804.51039720394
132087.42215387293
156072.7753420449
118990.87800747427
123827.01176337607
144842.11802617437
160163.95539377333
144873.07000090752
156872.10091179266
132044.66670101494
125364.7773616225
118907.11629792106
127903.74166775866
116580.9401696673
119543.88227877962
138928.9330729735
132044.66670101494
119511.63892351383
121834.21502702757
155197.81239775708
117399.95458619871
119833.9788601661
152583.45802976258
128450.60740489041
125641.97513088585
93465.43101183383
122405.95379404207
112371.37105906925
160163.9553937734
141588.05700904844
141098.22565458925
111083.22488702108
104273.51283842788
129325.97125024807
151075.19501605458
107308.37427177065
130521.68663527454
156377.13701869792
125028.55124273748
101891.0762945454
128628.52860468361
101408.22839223812
122337.07852732496
150242.75932887502
156377.1370186979
110186.55988173808
109756.24970822998
136382.19628282893
128232.43863962565
115795.57139467116
114915.16147895373
124707.11955876244
132822.16810077644
112361.09128049732
133219.62675522862
149513.5049869324
151075.19501605455
131141.19855904565
137646.69326495886
118613.42041088302
135046.4010582469
168696.286262244
161114.75853533196
158111.33542182634
154491.13408894438
114285.1103814044
174907.3976711199
144349.5218134576
132255.78427061194
134531.80011868585
125659.83636734314
97945.48380972132
114285.11038140448
127403.68474331948
97196.94730997112
154288.66992266083
99698.4289019361
122043.61887427673
147417.75283760153
116973.62271926262
118906.60019451444
121411.97527151402
137342.85484931257
144981.67848001298
161114.75853533176
135115.69615891465
143275.61469370456
137813.81602356848
126035.13293010564
155126.01208713243
139901.66349778848
118500.02662438113
145615.6472828783
154267.93143643864
111686.47515846787
103151.22609529912
120072.58809083658
139445.712249331
139064.56759465142
153052.45037691056
154267.93143643864
126646.18941971674
114572.94283645837
135154.18438341652
137267.85007882302
136716.33956456103
115561.22768222066
133092.29260706593
138653.092125721
95913.97410667741
120069.2715209474
155663.69804227992
139901.66349778848
130749.2026395226
145676.52962289
129298.73652729324
115558.0251080167
132229.3316826139
147676.4505811837
123182.45065028372
140348.56222078123
136236.05385386542
156568.54564375986
112289.13660683355
126276.4812367954
140897.5669518618
125235.44141255524
102396.29689955107
136236.05385386545
126276.48123679537
108407.67770641278
131430.31491786698
87920.8795316703
134643.19656407312
151154.20960674298
115354.88956032059
117835.1642576299
145652.50362831683
132633.91508832434
117491.053458469
147676.45058118366
121259.18495129241
142026.19875669797
142026.198756698
146356.18810862384
147676.45058118374
136596.3488050613
156130.04872775904
137667.8027553393
163931.2021263475
154728.98642739066
146748.5085827213
145807.12182357305
137667.80275533927
90386.1356474404
116034.58261540924
161156.2813746784
108520.07695471002
82796.05968027108
136596.34880506122
125447.78022643391
132149.24735609675
127965.55341235091
123360.79670114063
130913.42231707925
97022.4415303264
129864.5015595273
152603.97937897043
137850.16988907923
139515.695545269
137126.5014592985
130263.87352161163
113191.93423914452
138777.0867904735
172431.9820210198
236621.79438638623
126317.55584024728
142580.6516044307
115892.00234692603
112321.32879548818
113539.43890285265
121206.00868520344
103523.87392491275
154714.9485366244
130472.00784151013
147361.7402810463
102599.43353861473
177992.89303155235
162503.6570015816
127852.10221253346
163765.34796392577
146976.9579945054
99448.55833350339
84268.72146507977
133371.8060550049
116065.37072034652
91175.84664028554
132077.58470954065
162290.2177391653
126792.21550605586
90864.18293334902
215523.2575036946
112258.28764541482
169759.16274633817
127508.033589861
169001.3745681137
133402.2349230819
133972.17839234418
119087.80919048024
149827.7202901717
116217.63017528802
144244.492667051
130051.67483714997
117023.72657788762
106483.27996166791
184158.92055588675
127070.31573391719
137897.7182350929
160726.1835568682
149985.52596955688
131977.40264137788
84638.87469742808
125652.09861558181
152980.33955584635
141769.78830157506
130068.0828617018
97443.43437754226
110288.85338923952
86817.92794662385
154969.01721266116
160540.3607157449
145838.26479468384
123077.41977748329
136702.782209169
130161.0237498077
164003.41716478302
137567.2243468622
169132.8028092041
120263.31310568922
139468.7696772735
138017.78580539103
139332.16882829615
88746.79707554539
160184.0019488834
100226.98041481584
102293.4409092739
105479.55777492552
92983.66977924557
121135.98727390404
100110.3771609292
140614.37850891205
114191.81553130472
159727.43815860694
166992.5903015004
150772.99727684286
150096.81227189602
119826.92041326221
144132.38834709133
153365.08662107578
141891.5162899515
108265.83835028413
162669.16309080127
124699.87340951305
126146.3731025343
161762.3314488595
102832.26647392311
137094.8588932337
131760.99010834852
147355.13866850937
130458.45075878281
121995.36462853325
129266.02812702482
131217.00031686234
130482.6730401501
129524.23604168091
184106.76022787267
78117.1450615106
79230.71545301998
107673.33787392454
192439.31944297536
179472.46324191368
142344.80648887932
154920.57048402436
83529.87435694579
75718.82909109071
152543.27190895815
134852.54127978024
125345.33126696409
163551.71098299243
119155.64134249513
141686.6019746125
157226.29751505406
128832.68157377621
132124.17625032854
123352.71531150218
102154.67767293674
145194.98839033756
135360.59339328113
94155.86132215512
147018.645556878
110841.77176709917
119096.29855660541
142601.16306972562
111457.51204255689
119615.92322970473
99014.50979472257
171947.56541280547
123150.86714287238
173626.9692648587
176918.52356782305
131021.78325598186
131021.78325598183
108419.63120168302
173626.9692648587
130992.73475168023
124534.36093264865
135961.3881868911
180343.946673612
130969.03646478325
115067.06591273728
130348.91059829004
135961.38818689107
108266.95426815942
118153.84802263552
135713.98974510538
136132.20797655554
118610.72081033475
130992.73475168018
103600.6767508195
130210.93294625403
149645.95330425887
110711.48940935254
119282.62380701944
102641.49379291365
147223.3507489538
154908.6854716433
131180.97355557003
128939.36049425123
94633.5500644484
142633.40148579574
106742.57181030224
106163.28495760761
145121.8019736296
164164.7786290213
187315.29107484565
59079.923824709025
65750.45168821642
98914.30605649554
87394.8283400212
218006.65507698854
133763.95229551717
143625.11032982313
142425.1612734277
152908.29881410816
108202.46831646103
113396.3579999844
147462.27665503774
148309.93374297087
105364.52041846474
139415.28886836328
137201.33717796847
104309.4911943468
91980.54032990921
88050.12045231335
138058.20331061212
143823.48491390125
202958.0192217441
184455.7002510586
148868.17644047784
136787.82232045592
134957.84975708698
141181.6146931763
168640.61193666668
125180.50209361348
102883.40846848088
106495.42777079971
115467.85489019431
157781.81258983686
145744.06882466143
123305.1309807895
125381.31548389413
167513.0574075307
143912.28681603598
133706.7967366731
105654.3302042806
113455.49193705153
121933.27319293149
120188.46272384562
138848.912188025
103606.99473119856
128228.70795143051
143865.86085950112
119669.71723862154
93829.91757421076
153279.5024947334
192884.20730492542
173627.42926858927
129281.61286861238
150643.53733437348
109193.46200687072
125029.46068417944
142342.58711143874
108323.17566428382
64090.41088854664
115497.18731030564
136334.61742923097
168150.3008053041
157735.34920974475
140647.3687006215
116569.79884562221
150049.31238883093
125643.89370379175
101678.33327608692
117685.18680573085
138109.4209995402
151671.98720366985
137483.19440950762
123959.69238628991
108448.16964677752
147920.33991921187
162086.12065941963
72822.52559437603
110687.75790135909
114147.69258511043
147982.37133702013
151654.84819525172
120772.47876765011
124251.14493944496
109937.23589828765
184076.1336106615
166440.75044100726
92292.83089537981
107123.70833666036
119804.2396182366
99717.17592888657
113364.30261814113
161439.98350410393
116572.69294872599
97074.92398914401
121766.3360586167
113734.10369983052
150542.84250851232
150914.33261320833
121762.40674708446
154604.40589780887
150632.7707058722
124109.69943452968
125666.62832214059
136715.14939317148
121450.20031082816
133013.79780348617
170940.40742205994
141000.30496463386
159964.19614132604
163860.06267294573
143979.73980394984
127874.39456144713
127737.0890405907
118778.11124777242
145884.06425171907
126199.3965509563
185439.81512408453
141197.0707454551
133114.03171549746
122552.69539908753
154039.7585410428
119046.90420976601
165297.55489624047
109054.03504275628
115965.99660536366
136882.50953619237
140091.7495185036
117212.46041441278
98887.1274065468
128746.57070956506
140419.97370226769
144342.112782527
142110.8298755954
141404.5193273282
141404.51932732816
120646.23665280317
144342.11278252694
144312.22746772817
146665.4647453758
119406.13944928214
147883.32185455112
123242.97880855517
132968.4168257642
130414.74421341438
119406.13944928226
100562.30394402913
115710.0738306884
144412.74141655155
119154.04721333091
76721.33883071011
144312.22746772817
124227.6272989992
128437.16510963903
163607.99349686858
138817.7778515664
130239.19925984659
118265.66110754789
150955.05534089598
159113.78436897337
120093.87081492366
120400.47832448583
150050.7262019354
116529.46485690538
121150.61932334396
153309.54410710942
90812.94312547588
171507.02844017022
163089.2504322406
171591.53754482642
90242.17492731483
106418.6012913379
123696.1970862781
158545.32162937536
116382.7191369534
155494.01898406536
180921.22545154428
111644.09920289223
117709.39579698938
126449.03015379669
161595.12275090962
148221.14845912703
112250.76155741932
132272.33629093398
154464.764724026
68318.40446518663
116649.32401787952
103169.8472620858
137968.08272592933
113503.8497182327
165033.09245005954
148557.652898149
116006.8192211361
120567.0732437759
160963.24805262487
147421.74982100702
157052.14529179057
134778.20411847852
118807.06412001191
115212.32720241939
136494.29597792905
139690.67273009467
147066.64667798017
129772.46026370458
112441.04017056082
159034.8927746406
126169.597133456
134551.15779712636
101044.49650093642
119366.1874062752
114978.05452548216
123547.60594131856
117494.80870823163
127533.45485934589
110854.16780982938
113758.49742943201
132220.4620617519
130149.99929225573
222522.3467878322
162831.24361734628
150639.56498088303
137482.46113159644
155782.9435463331
149419.299591318
156534.30568289204
132499.2248669854
102864.3651213343
114306.51658168972
146086.6942585001
121405.78048526842
121437.37048506239
130608.60089904704
98445.08144422925
135288.98774556376
163394.47391724377
182656.19916659722
92625.13392976903
93736.65476868059
130053.59498875808
162194.27378959768
100665.67226175571
82485.58995404482
130548.28369742938
138951.62384248315
173957.89391281526
108906.73293718713
132054.07615331255
113558.02329411118
146955.750766011
148931.38100709982
92960.83520503958
144324.01933041005
219582.08584729658
144684.15702813034
127620.9129626511
80531.96594781415
51228.237728060325
126255.40137506444
111658.64984392998
109210.32782982268
161293.70135123102
121732.04047242386
69478.60787938526
96132.74854270123
141146.86485289258
174139.10340597533
153445.32647058627
89954.39200153292
205126.8215513363
154681.0194179755
130273.57677140884
108814.63013108075
123546.59873541293
118129.7180871783
163842.01224477708
137403.59272414952
127997.04432482783
120738.89363375583
127206.25813449596
130209.04729956575
158471.6037769682
138534.4346118386
106241.9681291956
105287.70961961213
139654.40774743576
175506.13608208223
130870.54801522847
133091.12001172078
138338.96305738253
136520.76819716976
126785.25300120217
124265.28908544627
121611.58325656195
123889.71015100104
106565.43015689318
116105.40262008013
137795.71038871256
103933.89753187502
95533.61719027917
113370.74800470576
109729.79016282318
126663.43664781911
185129.40339983397
185129.40339983394
145166.80237701602
109729.79016282318
146368.39948046033
142928.6329978031
134932.1965382633
148692.17223890708
131586.12099611305
122897.44934812299
131401.0321873411
134932.1965382633
116196.93144637058
136578.0876105575
137348.12437500016
129161.69552121838
114605.24150200999
146368.39948046033
108350.35057706437
132590.18598745298
155607.26395889773
119001.25623921092
129833.32012144236
123156.47330216537
143681.0389438504
121661.27214161199
154767.84543529246
150392.21342675984
152083.82794179628
146940.181327303
127839.06843456047
161049.46174088755
147547.02945999353
155026.57356221962
125543.79279315774
148162.70345469905
138409.2476470508
148893.38894923503
152956.27890567618
109252.58630591181
115789.72536818752
134240.044211344
160582.77403953986
122347.0234906551
91731.21083446502
129111.88579592612
155562.449419615
123495.98115838072
149741.62144626863
164565.07910921352
140807.12723643135
72875.03471883798
140973.33460935214
239532.7948789964
148180.7619597614
102748.92777272395
106549.47783825955
124930.54821580973
100194.38938582089
127560.27744674454
169171.3314989767
175146.15971685585
133886.1739247745
135200.95030024712
150176.0970848287
108112.19749598428
87652.35649542884
164075.31105176758
90626.3613094576
132220.311026537
136537.88867829472
95498.69870613464
49603.787581097095
155666.10709093153
170630.79008690632
173353.16871575228
158991.24814197936
111469.91021508789
156364.6119987631
134654.7274248644
121956.58411786651
93507.67234958195
178642.0056368375
192878.3179826225
160582.54985334072
109422.01781611385
88356.0954780023
113422.83836826688
204425.80786485865
125760.63211567461
152838.62731451896
144346.27219638284
156736.61074466497
96280.58241563707
129944.01888956249
132511.38743785617
128108.85414297307
166900.68292796437
117337.54127714343
152929.79105984556
139151.51973606605
98125.31436105154
167150.40584301268
97724.60214573404
142526.25096909763
160986.450793603
124521.20598258512
69612.28889471812
75146.19704540455
146423.08652643033
144333.2425837289
167226.50248791807
143172.0913870783
133563.33759244904
124259.96700583515
212460.94368932952
134988.11768545667
97494.2654701983
95186.12254829003
192337.65923574034
133457.4615641359
98901.46162996117
114148.32087991192
139011.4757065562
142405.23061224143
183647.76947939245
199119.52773063767
132703.85078859096
159033.71381340612
156090.0228974312
93342.52154335605
138689.31152388811
179067.107932342
126033.34905821284
138079.84645558044
109347.77423107889
127015.90776821191
173059.29546938636
158453.22321998572
89145.10893959306
98797.21556427743
104155.86698590443
134974.83023854406
86476.87695940172
167012.331306031
121171.6618534723
118542.33526884785
127146.13570560078
115675.87939418002
94803.29545379555
144888.2812723093
170918.66857248617
138357.63033686284
137183.8151959199
113853.85300434318
134750.8215284122
134361.4242891971
120280.50813280395
98515.81045314105
119674.53212214164
129698.63233302612
141872.48136692547
115241.04368914803
130741.78288716104
111373.8061456141
137611.33423408007
148614.20336481807
104744.85482994876
158963.41119438046
158963.41119438043
174250.35881246917
148614.20336481807
137468.3584249044
138121.55163557868
154222.93128921144
118997.65489117413
125662.87466866376
115120.63490596015
128389.29332891369
154222.9312892114
130808.49264302767
125390.27987170794
150806.69078118604
128389.29332891376
115558.88089331026
137468.35842490426
130535.87113176692
140608.85888571676
127928.07693174193
126654.11302224992
113410.99003321482
94785.69876097074
118416.17716162758
127928.07693174193
144903.68203958625
125494.97379055868
132001.26053275104
161893.3690875615
130835.01891443713
137468.35842490426
162364.40594413003
135513.21414974827
115537.67096561968
164120.12858908187
122087.8750342812
121924.30953938252
150544.5936872246
142307.14025659463
126760.4400422566
129615.38601271724
108666.16677784311
143869.68104772613
129563.88922253253
155244.88363613293
85715.61112503616
104214.98918031601
134358.5939118805
126671.04619524506
110079.90226089551
119443.05804233125
139360.89880176212
134358.5939118805
124641.63255790336
138099.05184638573
139722.8104824244
147721.0497917419
119390.26089640133
155244.88363613287
143406.46677123004
118099.07153352402
123191.5670389174
107832.14244546546
136211.23024329165
118382.63989033511
111332.34896618823
134118.0414022316
144175.21379202767
130342.11155227399
175100.50511262807
136583.298588188
117227.42212057122
153539.4576275393
111222.6640590998
138451.27427904724
147463.26106094004
125854.75064957683
109510.22375137787
108123.43291706263
145634.02603167045
147463.26106094004
162688.3847907579
102864.373880631
104155.72110071623
138881.85457715523
143689.8343488394
153539.4576275393
130155.93777038157
126941.52485397406
129999.18619276091
146903.18422564236
107001.7020302853
100360.00320569362
140243.89114429228
179367.1419256933
131812.88883747938
152838.26589586693
135247.59393207886
131904.4815995783
141469.18178386692
129051.94169320376
119370.1172235175
132954.66719040152
152454.39539941895
172496.48437232894
141592.03786912383
99982.51551133126
83569.47282538499
152454.39539941895
148425.83996799082
132416.81936964588
154330.98530654123
139342.00281489163
136280.8954716099
129051.94169320371
149485.437023997
117467.95842624892
125399.76357082969
141221.1394033613
117656.61032948512
98864.6349146043
137568.30311040068
117934.5537268926
131685.57260710208
134126.30846024674
151903.7713729727
130471.16987500103
114766.20529762965
121032.62958031433
119314.17920216713
131942.58913292573
173491.0711180674
156272.33351647912
128281.5880542437
120081.07436289833
116008.93615482691
173491.0711180674
119362.08701476305
106526.65650469408
163983.8332400231
110097.1480788324
121991.1917099551
121032.62958031436
140082.50442003703
129281.56818926724
155062.63913047372
150464.00781131294
138780.17343437468
93979.44606390182
114561.30137486506
120077.34951812457
133752.73982293525
121688.20383962864
115511.87240260805
101516.1305007
121480.35484675797
165505.70785905383
119616.06886772889
135840.50331972787
117310.44107434203
124280.90732111395
135840.50331972787
123683.5227039867
135006.6130134869
117310.44107434203
165505.70785905383
133813.52189631062
142426.51117801914
142426.51117801914
142893.59614474408
165505.7078590538
146224.13326996606
133088.70953239274
140548.70482685522
136027.2771085374
136774.26016011144
123361.26861788484
122708.50962372657
140548.70482685528
129449.02739298667
121055.18289648998
136027.27710853738
130358.23505824563
117004.55422565923
146224.1332699659
102410.86650110484
119381.24020931455
130670.75259490884
117271.05638070138
119381.2402093146
103857.17375415479
122977.3353602912
130702.2655160211
146224.1332699659
120291.421037717
125619.35931154578
139245.74304230508
119994.16302540596
123327.5943029281
153848.06547768277
136022.20219428756
147180.59841060816
104085.8627761676
130049.57082582722
125875.87254751373
112068.73360853906
160117.58992697165
127942.64642536947
107915.93971756485
104085.86277616757
143448.73664231645
103661.07879178578
129279.1974114115
106027.60258332021
111587.99001019898
109601.22782411709
114335.6115643919
114812.29217419123
108016.79617418347
115830.87825041983
125069.02827086703
153848.0654776828
131475.3790766813
155288.71123532706
147499.89454516093
135329.80982537838
138016.19478423678
161327.1913498822
151034.7196193993
131696.64202560598
112989.94575239737
115014.06194589114
109844.03892196214
105809.71679759341
153020.07007902145
119491.25439652053
136649.6585277983
112989.9457523973
120913.15761077384
107678.82610391208
144570.4466584475
113416.4789140914
135527.71852056196
129780.12184747061
121632.97758406946
124218.46098203897
113509.59477603408
109213.28938683984
103270.56334064683
161327.19134988228
140450.3432278719
176001.4363913683
132020.13965519387
123925.8960713115
121773.17578769462
130341.28768484478
123255.84967226867
183904.81594469363
132739.8708071239
129850.49889446989
109355.9298854153
140945.19468743177
133027.6980216971
127348.0036832679
115267.57353320131
132739.8708071238
131152.66549138827
90162.44273382188
105699.31724546586
141894.13903167087
112909.86558645467
126151.95458923929
119928.6512131957
142362.64817383094
117557.63616153499
128783.61372953141
148642.8611618409
130341.28768484475
147589.66693684988
145790.53998276425
165193.34357374065
133210.35029249307
165504.4182932506
126958.91746751958
129197.49042971578
135235.7682801405
167571.18191699433
126566.87663721356
96544.89351409675
100608.70948757227
127280.15085743161
131215.4899414939
141402.97144093647
167571.18191699425
125074.6478126767
131220.2361080712
166240.81288970992
117510.34652531953
154621.5722086116
162779.6190202479
129441.77645714775
151168.82318964525
112922.03385566211
126442.8478736159
131612.86094762405
126958.9174675196
124265.12016594868
121375.01572712758
160836.14686439667
114109.61428720603
102070.08379093326
166220.91330113047
121586.8311547545
120939.79090773492
135705.19379582122
127110.23705284864
111395.28466435576
130602.94565055074
140795.50129908285
134776.37375087565
147531.46950152598
135705.19379582122
130602.94565055073
118166.11120926357
130158.40466699001
112778.78289757165
113800.03003869654
118106.9750946201
133537.52220824693
112728.81477651873
114559.82093844755
123515.76262184708
154733.01553491448
166220.91330113023
115774.99795324518
122301.89918834841
122301.89918834841
145496.25653696444
166220.91330113023
148025.00591259875
139962.47076138796
141604.8356500024
120632.0627737514
116443.11216061261
108637.10449277298
140798.68801330728
141604.83565000244
131284.58203633042
134696.93640450915
121807.42559761094
132673.98424217693
126427.09760183287
148025.00591259886
99714.81001821978
108027.94983279514
161470.80329265932
125457.14786814997
115238.51416654201
111017.8743982575
122177.68553977132
109258.7757911483
133865.91123135597
132793.8593463131
136175.32190909437
139626.91789434964
112704.26031185592
154451.37383248596
197898.54019287074
89892.01728756458
84369.82015357321
116447.6844919345
110668.89475534197
89643.67712099975
85913.0983401853
83554.88931062982
181246.08487402092
154661.9139447784
108216.19525168034
77931.68877564036
114426.073131624
174199.585860628
131495.60937357115
106767.87983196782
89015.23342444307
164839.142891147
157756.36879779916
119647.59469944963
133482.954186792
155195.3996150014
234293.0827395492
149237.05257324447
143732.71307971107
122783.56593367267
140610.97684525064
210729.97001555783
214485.09452522206
144391.95449018816
89197.42002392915
110826.85000159407
203334.53926523495
115609.52205336552
105728.53708278536
90740.31241277185
146695.85589822836
130072.8982219142
154106.39593497678
128979.30532854628
91726.61027358002
188647.7396138039
129104.44992767174
111722.42882158981
136113.700141468
148671.31985081948
99945.35251443369
122413.68923800113
110973.47464257036
148969.1185840264
171792.50839125674
149915.3862088374
130805.49620785583
91875.98350587703
104581.56913733335
220831.97181738768
84310.44293279495
136596.89825998945
104501.5056985178
209725.86782540183
137366.86925905375
128725.86066540393
126790.99791504678
147657.46037719768
75137.01474685426
135610.32476016387
173723.41873245052
143020.55954197526
106309.46558163699
111901.41117631762
120589.19133137108
120803.79430215116
137358.6894053415
118946.09028126346
165270.92469339404
91261.76469044064
111926.21067804514
161161.021770508
120453.63774819796
145307.14623086608
161812.93528493465
144759.0024550584
114630.7478042997
121432.30788650922
114338.42144317026
132296.85183807422
189948.95255115506
79528.061042984
81811.32661412159
88388.17079033091
167686.98414885814
187508.82073519903
132501.6509068866
132770.2534796482
161063.55816547395
154140.80344023195
141233.72342724004
103223.2937362558
126974.69600713051
144982.34379705173
183699.44589732005
144620.14067242184
111321.45851801457
100065.09884673849
94687.86274028203
110513.96063995047
103299.61707161626
132490.01694400274
205567.9237457683
120480.91240260254
112923.58172873216
113775.34512019511
101321.02323184538
115835.22328239761
166864.6204058239
140102.08738080921
104610.99810034523
100560.17928724157
131675.49428507156
124124.32051759423
127962.4190787944
116990.41006188106
107129.41196773188
107368.24977773738
130067.6054367153
156416.48378597942
125670.16342232935
128085.93143423687
104099.57913726647
133754.3673095685
149590.87013533735
93922.50403868032
114269.18634638264
143948.8900658084
131466.87617678006
137752.29452835844
176972.37292111278
176972.3729211128
146862.61702889932
131466.87617678006
142746.5133612706
119130.96369001956
121929.75677033461
118750.5886521743
121834.00448258751
122560.43972186424
131068.40881433449
121929.75677033463
124442.60805032332
133487.41268289805
174385.35582891543
158282.12962342182
131839.47661362667
142746.51336127063
110936.98921855997
102153.52844613633
153512.8399728456
143260.77739109664
114408.31833777596
88389.4389607324
120365.65514216268
134276.09658006157
139630.94329890783
117570.58445091899
124758.19940981202
147482.33970569228
136403.35330693657
147361.93896833085
107177.28301968881
146094.36285774072
160940.2561700558
133219.06178289303
117813.21815491293
79865.05757852578
118013.52935644507
172832.58536809817
141503.10845972362
143465.61449284127
68589.81108505945
77175.55718357801
122690.4976622923
196018.09015860755
145813.82523284148
106835.33310518583
39235.693017052865
148755.79582749127
145628.56659628914
99791.290222765
71496.22743295408
114602.61875678193
207459.6103308128
164535.5202312051
134991.0765342263
134135.1321765971
131432.69229957822
207797.6091511894
136041.07096667198
126514.3402990789
129596.04700196978
132120.8238138131
144091.36069504448
179304.86151479848
155401.77485941353
112386.26409782555
107102.90714299389
88722.84893497598
134195.87864410685
126683.16815133153
83136.85437821086
121776.80343168224
87741.44258030139
99363.91572106731
98753.69623344952
106463.3770869243
97803.4931920942
99899.6510507124
167785.2245465287
126362.569648247
196914.32785927737
156384.26118335442
176299.69878468342
147114.52198485148
137708.78269168735
157947.08192734735
120737.84666420362
141136.83591885172
132333.60171478172
172831.26451338074
133132.6491406217
120688.80287121166
126586.1182037043
137794.94971322524
105253.41274586605
140417.2587691494
151848.8037938432
144550.10342388632
138515.6197227295
127062.83285996971
103020.82993052618
132115.3949586325
234994.1492888674
144932.43861851687
142257.16931939966
99243.52952464265
136689.00640337687
149828.46897477927
150131.2772053462
126460.95782447825
116665.99331453728
105054.55370079058
89371.36917735935
89527.86689264004
170811.05937951856
128137.95110817772
92641.06863678673
131481.100122213
113448.07821348478
94580.2920119612
133158.97285287475
148523.3380419321
99391.00812836076
212778.090644741
217403.3107779093
126402.03564642575
113779.25178768257
117320.1090611639
189354.89780615806
138041.86562999585
126519.0835070089
149526.06002535298
134406.27395761415
75810.06865037991
81058.46357478222
146331.3652108719
166660.04624060242
141785.39497907992
154282.12863190076
137717.399260983
143102.6110422944
142478.75147320586
165309.889976505
149738.03427502123
142082.81018252636
180241.9730524475
132031.76037110644
110310.3710933448
140989.83276203892
138038.91808541206
126960.4644797393
139101.91913506054
135483.51075629363
125538.3601657291
119325.72004403552
143144.9628308353
135779.7769601573
117635.63204836553
148986.46165235178
154833.43065293593
138992.93295587023
99998.53678731638
121903.38989695683
167829.34944147692
138440.07858022055
135810.12066783104
115759.18606491586
115759.18606491586
89700.56240295738
138440.07858022058
150435.09971762943
137128.30383321154
138787.41548282106
112884.133735907
132982.17094150124
114085.6349685942
108686.06903197945
138787.4154828211
127060.44372626394
116040.52475532408
130540.66873771924
126696.07502871883
112897.98024363595
150435.09971762964
114942.57443396446
133083.6644729328
149995.78530663223
125693.25636565058
124616.74886595026
112553.27151326831
134427.2358209166
129883.13460078112
152893.23879608387
130524.04445457924
129079.67885158183
151087.54488488837
127232.01904460072
139242.52290542566
171038.94593971394
112687.08199765277
132405.14723482158
167251.2543306754
108163.04646525349
76758.12228735093
119232.24946357378
158695.07610703356
137357.90717885277
154260.9738855217
83725.76299438466
128807.96579501948
141940.8280465129
157041.6366288764
129706.5183894132
123315.80868112358
115259.99790407266
180148.50127244007
102301.31810159702
93083.99367806863
76172.25209398569
110593.3806547856
184124.86869531535
171744.8632987608
131270.95318521158
128996.59241877706
110364.49962161017
120643.12814715736
120734.65177929346
137627.84311792074
135391.84321458553
124253.43198034464
123889.95725521576
114793.44848218751
103604.4829297823
147328.9629866723
121761.83088248555
125464.65545909404
102843.43246835026
122125.28418530533
96556.28210126498
154083.4355035022
114776.63662913584
145454.27926382655
113533.32460389209
103852.67115288251
132773.47502024152
123360.02236916221
140370.2272403662
137049.12293631295
161941.43254592034
147017.26088686628
159510.64876537994
159498.77462872677
141186.18924311813
174983.02672761236
179407.11650407134
141763.9136625782
135184.23638249835
85815.8887836808
127181.4284360589
122298.26405807087
105027.92499420409
152305.42492215292
158091.37700439853
120077.8957282276
136717.1446001871
146203.10227356924
107300.56104616036
182475.85253605727
124098.8282071607
114549.96901493742
130920.2527351283
137958.33448997323
118342.3158072709
102230.90681872825
139470.90053060636
132773.93191933574
137305.08029678173
126104.40231303891
125951.51476241571
157369.60596078957
130737.85537622494
162583.85435973422
141579.65164965024
134215.01657762536
132850.49958134565
156085.67591482148
115378.83126458072
72597.79891404328
49765.66811939016
122199.76849331301
111001.70666693547
123319.005481346
151045.8410353145
115859.41616293631
102656.2897342852
164445.62524530748
166887.2296212889
144464.04873203108
144777.79238440754
189884.2149838796
201870.29309128385
99208.66173656515
108361.03822144307
137780.37673790482
173465.58699122103
113661.63593529726
118141.27251352789
109794.83271201781
131527.43014372425
131382.35681664204
156294.82847909033
140661.5839244331
122467.83115803557
157943.79961285708
124388.31366340799
125780.43797423701
136135.36411703948
153622.99955297928
117100.16466433986
141181.02317117417
132255.43328850015
144821.20169743267
112471.37508796233
130507.67007739122
109220.8164160251
119671.53489093634
139012.74452151445
138410.198273672
110338.02711307637
109094.33527374244
116926.83237035369
130517.56946189982
147916.6588558414
146869.9748498886
136370.0284111403
136370.0284111403
110265.39116932786
147916.65885584147
161067.85746842355
113687.98998124042
151810.2617471012
113386.30177284616
121775.79672564325
125711.20830528189
142342.7354793373
151810.26174710115
175991.76704289104
113135.83287819021
135608.91015202386
133006.62531016726
113125.96537245628
161067.85746842372
94704.7888833155
115882.90640574774
104375.66750844065
125311.67758229644
115958.31845182064
129934.90005309402
151058.69514605874
129293.60172584136
140887.39815277304
119968.77598325565
168245.84745677983
145991.97319594782
149448.84185791423
159371.55884381675
130569.57729860052
109500.31178501854
95650.58024249817
164966.67199510764
141594.4979044579
109299.05277393774
196164.11143597492
111473.2156907126
98741.13932975466
117007.40086175315
178707.2344898001
116926.13290911839
135052.73376122146
113525.01709068747
106792.36033225694
118038.86234922726
236679.4651394021
169484.78084711352
125395.65323866272
93748.11165387675
130461.85258848178
209590.78556477377
138737.44162236957
102500.43560554764
99253.55706615918
142515.2840768825
146470.64048505807
131517.68399564194
117258.18400643364
187469.63345610123
186455.2106179336
109800.01731346604
119944.90658322125
110084.09271880396
124810.52443672458
213557.62807889289
128229.49935611704
126340.5801030718
99090.3205723749
111790.78452050529
108922.84985518859
182300.6059486531
141658.53588231106
149876.8394104804
131071.82263120574
131865.71787763236
125474.42471618849
111103.30276567722
113515.19249787828
115403.65174046055
136428.05013211374
155401.4971376137
131497.5728242766
156958.36429979297
116883.4210745715
168360.90861957715
137896.72973527235
118603.95882163837
116599.12284065955
159556.31188718832
125230.09391994237
109902.23350536676
131983.7352632085
129431.3679290055
132575.89193969284
166864.89929475062
155338.18832547887
112582.32957460138
117658.30750375088
170580.5543441876
103718.94197195426
118592.51009222999
109763.51173568312
130245.07086533247
146836.3492134372
120300.98071267079
108950.4151873202
141429.95227993658
146479.7932352777
125248.47551487765
163750.1002541346
137183.18417247917
159249.31414650136
132348.51190530646
136124.05142660608
119501.30133498763
125782.17521761375
176789.67570257216
124315.27540225904
80709.86843330691
131173.21041647825
113962.75839991833
121096.02745602283
127904.28086994946
148561.710268373
128203.31839413897
137308.65909083144
129852.06828551971
94078.64757056229
112010.25871814103
169107.7210224775
155863.11053559405
125784.09441838176
148284.43393818557
153890.20111564017
158854.95276170172
129320.53153295488
93508.35984698946
104096.58874496455
87513.22686518035
145887.85574126474
206029.72164829474
122792.51055485442
122471.62880412949
155546.35724227564
132129.73369093434
128586.79523539975
125744.32989589477
150664.85389904547
119373.9083716377
134160.72449811
114240.92104712178
148814.4925217625
133659.32039201152
139836.16534618085
151587.81496227885
96104.9756091947
112485.09186031141
136030.2198061024
127740.83003727828
123718.94049368385
96283.00006991383
138707.37514992105
153599.3712724765
134600.65720464225
111560.19919320915
149024.93290737216
149024.9329073722
142256.71115042252
134600.65720464225
144132.92283267152
134208.9848035584
136868.79594828014
154507.82176006943
134248.10326630736
125163.97346405892
133883.8631294991
136868.7959482801
121763.15298061901
128798.3513060558
126425.52491421124
133883.86312949908
120991.12340419187
144132.9228326715
97808.8142976426
116816.86020701633
132102.5071352354
113729.9076918063
121890.97397879849
114928.22606137674
134224.682672768
132102.5071352354
146781.91454470588
134597.93931995632
143327.432382334
147018.17125031006
127923.5626043824
144132.92283267155
131493.71237008358
95631.54293473676
113442.89096987603
144716.2318135637
122158.595650775
122805.91616077749
129059.09182249951
126958.85516074633
128640.74580359829
128366.99160154922
158444.77102079976
131802.8517653461
102967.71853603456
115174.59591291803
90325.05340398193
134977.36915994485
198626.89190172518
104704.45048812544
144597.26742241194
143649.89968439486
182839.49729303035
198626.8919017252
136695.51942374773
110842.3724497261
130316.54811982665
125578.22267579549
126744.97193083807
115174.59591291806
159435.90441440378
111738.17009970458
161204.605521367
134393.62507857234
143995.75359280576
109252.20643646926
141793.2352273417
140767.8287073138
168126.37985629195
135560.3332291227
157686.38765345403
129068.87843956701
139382.07822736655
149754.483033244
99814.68962035463
119384.11076315846
112518.19692094963
119738.1981739243
120796.25070091471
123140.44270953495
119901.88712256076
112518.19692094962
166919.59273670975
114277.0724548025
158462.1285390598
142360.43347115556
162409.11501963183
149754.48303324403
152991.38125122778
133314.8593947534
141508.01363024308
163194.61484927472
126774.69318300647
90422.56433887535
134883.57425390708
138170.51701452854
126013.4140963892
134787.86827136847
134620.10989724073
130912.94598242524
121387.14939099112
133304.89557722214
118658.73841055151
122228.49815615511
170953.34179420295
143577.54075463308
128138.11347490206
121390.65354085919
125382.8564671799
170953.34179420295
112417.15043655208
103234.19817604833
111196.63025759146
110293.55078390776
112587.09715218676
133304.8955772221
102647.98468440538
151667.83247836027
151275.12110395302
119559.02323218263
123001.44719815889
133861.16251618793
109299.60613743734
170203.8626398441
102248.96233828507
120919.08610828302
141061.0837568833
137001.7057858939
102438.99271649243
120952.8151985812
124152.56709989608
137554.9188227472
134972.21927289024
111791.11348210067
139356.4117433396
91884.64834161472
121526.19378580747
134972.21927289024
157397.95619738218
127014.67832595292
156416.79611745125
152874.7890195393
133303.40216800908
120952.81519858126
144759.2456181991
128281.37522813008
148431.49567276958
151462.1083697383
128384.9878159455
126218.91948884043
133390.5879756986
144699.57392159605
126436.06559568398
125996.25305342051
130014.2069030907
145178.51844594153
103289.30882983663
119680.44291756218
114306.60274385262
124469.02585520741
132092.4665445441
115113.17072555194
124469.0258552074
111065.32732273969
112852.79158601156
132092.4665445441
119680.44291756218
147922.8645644135
164318.04512777584
164318.04512777584
108591.22819325252
119680.44291756218
122085.52551679447
150111.319862691
162071.11900433403
150360.61619106148
129942.35998582706
145667.92263534275
150286.23648493105
162071.119004334
103639.64639625445
106473.02316665287
150360.61619106142
133220.97870506978
97296.97765682939
122085.52551679446
105170.74924121829
118935.70705319698
134726.27010765052
125633.51313636465
118935.70705319697
103011.80186641189
128619.02149673137
131807.0053063809
122085.52551679447
123572.56815503968
141483.98956183236
120216.78689499118
119939.30883250004
140818.11360751092
111829.51019499711
119016.06733392703
160238.97311702243
143633.90515832554
110547.3199462877
102940.24340582202
139855.07446466948
139986.4368971025
119798.12536729973
118571.00743677352
143633.9051583256
148979.05980836874
119381.0942800555
121553.88633198803
135185.38930702623
123708.89528282285
149724.52044963007
125134.64070170259
137871.16599017466
99536.03092646725
129127.041008931
137147.8707124719
111829.51019499708
151458.37690667858
152535.70054485832
193120.90804495174
117553.03327442946
131687.68240458413
88389.77702398514
119383.99037521012
185634.67822557417
130255.74555500165
124579.72278505676
137776.33721691335
153691.74488229104
195310.26058524096
135473.30265044427
88260.5830388582
130255.74555500143
167470.26935020526
116256.98438009711
119991.82106997388
95340.98295306959
114895.47584242732
142416.85626062306
130267.1794894044
139443.43208922126
112314.58040658484
113989.21552458566
161550.51705560938
88389.77702398511
114418.7347334176
200021.54209741947
138063.12344221055
142002.68462439303
122348.75185320093
103688.01223930213
131901.2840135162
165411.47031711877
140911.90493134386
135825.8068810387
117193.14101132876
132667.57739729068
147362.2370112401
115490.66162058267
104161.56182661212
140911.90493134392
123187.09581519669
115350.57934877987
140798.8846545232
96590.95540849895
140553.15282980696
143324.79235967674
111227.69737096729
155295.2913281703
126909.87987059067
121456.79098131464
139694.48666156983
103688.01223930196
116163.61430615919
168889.08801346703
180819.82846353322
148620.1695692783
107304.60418031436
171291.66807319722
152629.5796617748
124619.45944125496
111381.98818509842
162400.55546154716
121513.91175762232
104908.51074378369
134587.85977208128
119180.79223488896
106840.67179457424
111381.98818509841
108914.6591107976
91207.986320658
155429.9958038261
111891.79338889902
139601.90565019386
153334.81369514772
128920.18184904556
134392.39523513996
141253.86522703362
131363.34706237834
132615.50174986487
171291.66807319748
136988.56343757332
151229.30730234802
140102.82365869478
136440.5926524587
160757.96767407568
146652.45901821015
115332.323640091
130216.84141677737
172106.16848718654
125172.16617074229
115414.78100994133
125808.40094906426
127781.85583373655
119616.31726633337
148118.88670792614
172106.16848718654
125808.40094906428
112202.50678293689
132610.6746418456
130195.6180912001
119649.08960309773
137056.89308525756
136592.93158508828
125971.04221148446
97549.51502660853
130934.93536762198
150047.8593541453
146652.45901821036
140179.54532385257
103343.51620218481
103343.51620218482
101801.76611050789
146652.45901821033
153335.07913719784
123627.61912126228
122470.81422145932
137240.45078638272
170112.0047646509
138133.59474825303
129775.84966585082
122470.81422145938
128640.33514157012
96550.58612467203
134376.24179880187
123330.93248428094
97214.80292268093
153335.0791371976
98065.52595711662
131006.7869415278
127996.91089595354
99612.70774802876
123899.84161317105
124222.3962961112
176896.32181170062
177684.95315337737
149245.72792495863
119485.30285951687
104600.3556966258
160631.68544537493
137252.24096727878
149316.41794113972
123869.68574487726
116276.40149164514
109377.80760833248
213120.39467254365
162380.71598131084
106123.32561144621
81080.51583310479
129059.41420980671
130313.27116878405
146552.03377879696
172496.78331601797
125931.90297560998
88580.20953184315
145999.94050853245
127129.79928110239
215025.43961028324
188591.2030793008
152035.1528315262
119573.58121321254
145080.73683988085
109173.74648124185
129060.5618189333
172153.65072679857
121177.1873840637
135000.42266506405
114369.25277197924
128108.61425804051
133433.72842902917
152221.53295128644
135886.42082108394
155808.11507407145
165832.6655118962
160940.48810780855
125325.09137116674
147379.6839817554
132711.42940712132
122809.85649464616
122059.7940675121
136825.14037341037
153036.7565869313
125179.72342885022
120489.3270406076
104037.9310221833
134402.73220826586
179561.2848168402
107734.78119463682
125529.92659748394
134497.99016038267
171666.41936544393
160167.53478304623
159568.33737780227
140356.61804758746
124933.8375930511
170108.16690805586
132705.58628596156
142554.88919915917
119782.16632049829
114992.69324425154
130044.30954698983
214668.7622619459
137639.40118356817
113124.1854382712
143498.0307307079
174784.22170518726
124298.50099760898
141696.1225444202
208167.8608485841
129718.85430808186
88828.17029937255
96993.518547829
124352.0978674326
140468.52662708663
204301.9100497034
131681.95692423361
164955.6132963809
132627.74292928455
116167.26434443954
171568.96097072048
85613.23825765625
97186.40778261196
111024.17261275272
101980.426989815
95968.46345896268
85633.4822431574
147468.6493135104
124009.27779559628
270040.7984614723
93935.64781257228
99091.43012442981
128156.20689579785
96550.09773874692
196577.47941725305
191878.08207039855
46824.648845556265
117769.50769659762
161364.3587915029
115344.28439024746
150723.71576099997
87080.23997465767
127766.72306684236
78018.14149335033
118102.54288141332
130924.32814908474
133224.06534953637
191768.14904403157
77658.76238362752
149962.00392236427
127653.20235014727
116792.26563031835
177707.52253679588
163428.30252096607
151501.163012605
124771.40514115086
118088.09758325957
110804.5898358172
133590.8078566535
131169.81218592759
111180.30506769924
140625.57692308587
163004.32063953823
117690.97181935432
107198.41117387697
138136.11750461964
143056.26188021648
128644.09864550432
133443.580401232
69121.97406917297
133954.73945337406
161864.00430000387
128274.44567400414
98989.25717889887
133126.9809576625
120956.24090974871
114764.73448073187
132323.93031993587
113795.10526234364
161297.27669564806
161297.27669564806
155326.2398836841
132323.93031993587
150612.93314091928
119750.00145146227
167683.9945772547
148049.66034318082
120466.56497980989
104687.49536281414
136398.25707296436
167683.99457725452
164814.57953776832
131164.76037794998
99789.2611491787
130735.8335571761
124391.17665480613
150612.9331409192
80343.54647829453
103146.81391108476
126490.48327492393
105168.69757333936
140847.8341757868
154013.55161450434
148220.46473137935
116874.75128120794
133435.89384374913
136100.69930881207
153252.46528603224
146385.1618607705
137462.0386172828
181140.0520680648
121461.79872580519
70502.61935737281
207728.96183657733
134181.3297717753
120145.51931428083
69802.74643215655
145729.53775118373
135440.29630640757
195113.75367111218
116954.90067199517
162664.48791417753
103033.36605598648
115331.5495037418
92375.85500237529
113012.84320967749
131244.25543754819
141282.93039056202
111084.03042647701
184827.61762294307
152928.09910391338
136023.23599511333
164888.28203787113
83319.19065587746
116203.64781649446
180032.95774413174
130474.75124033299
130293.03754524197
137563.2731327378
95041.32187430165
162226.11082602362
177771.75255133107
164815.01306402782
116258.02784112448
123793.82578090316
153275.34443703803
175057.37022849298
181072.97073222115
113800.80877910148
154151.0281080038
150469.6602547849
156931.0930478199
141589.71144935026
70704.54566747067
97572.82555098733
79459.15835210173
115183.51470528165
142943.43221153805
126491.30288836274
130780.72396433106
100820.10538370234
150805.2676344798
66113.18139577682
147240.4942648659
255120.4372027515
163410.0318934999
111051.30314559823
107732.3392317694
96463.41968912433
112983.25176240584
139350.15760161562
134719.64828118807
89429.12659744489
158234.85470536182
127110.29051800624
116353.10033669243
126349.50986390594
149048.33480112161
139938.04784787993
130909.5930836021
110924.95797707728
139402.97347238605
137569.14896908676
195351.04593935303
166002.73258294468
141678.24768828636
112211.53019033378
121308.04598606289
274484.767120676
86970.29715126066
110634.78339660028
137809.68582802068
148011.48121436543
131638.26263809044
136137.73221657003
143661.091149167
163892.0139621707
137652.53700762618
181440.4118711815
129294.03011794119
120374.07625211925
102015.96452810179
156433.46575446444
135549.98502024345
141735.35230093353
136770.37812521323
113397.2531897391
92410.42482167562
198859.0255331659
115803.09334960731
133486.6117190472
128830.12224557098
133106.88868251265
184677.9691062745
141820.5279795564
136886.54289645187
139343.0642799431
141978.8185109474
127094.77104452005
170797.6069698464
116523.60913777948
115304.20785076651
110622.98183812771
142365.40514971802
116525.9908040245
134869.7435835641
116311.05992417184
143993.18257643914
117644.58033871229
116326.868077388
108006.89954630165
131365.8342282563
124173.05109767844
180290.04622550972
113082.6257992227
88261.87242387177
138223.89676608107
120783.26606147195
128435.17715513644
138008.76426301338
102775.39954268174
138289.5246015254
123357.03326140442
163932.08238996135
143578.9568528242
164646.3812217802
119615.79324214779
118623.34737375024
118623.34737375026
132674.9336103954
164646.3812217802
123682.05489354432
117737.56244075857
156916.44846858247
132622.60578999956
133710.71473224042
128652.66111288458
151970.01804198386
156916.44846858253
134962.79084858065
114376.3696393078
154824.8279236252
141509.38615334043
102249.58252519972
123682.05489354444
122401.00529003852
130169.46220006267
122270.40059879831
131447.3899407622
126825.1862034403
118303.92688945515
131000.36374674928
155951.43924295108
134643.79772567807
133687.62648509035
169037.30263059618
164012.4333905576
152308.84637512724
160118.88631290774
83745.4862546758
127059.65710402722
186888.05908271726
173267.390801083
140491.6937311805
108909.55881258787
152410.855091126
161913.44290977457
145067.24115345345
123928.49129501647
161323.45585437163
137448.12872841727
149501.28525125654
124340.48002137017
94524.17185596592
151181.20440037374
194143.49983070997
138428.40204438748
161605.55548000854
122706.68432076774
113037.9929922844
171493.65789328734
116790.59405666625
116835.01340916014
137182.08957963297
158763.46649472282
102679.66022322993
96370.049346563
138753.10296990664
106575.52101687825
125060.20572407158
151845.4167303858
129949.84758424664
76999.91582078746
117831.45438613226
173242.98493242465
132238.61558906175
124878.3465809557
178688.36883527736
133769.19030744568
114826.1973744677
107915.12408155552
108291.67099129737
152670.6140757076
144275.78209160446
123079.67795385742
147749.1310373199
164261.06638414
134164.46714479587
160969.6244259905
117322.3330316212
79824.3260423969
154243.33137726213
142311.44815203373
189801.42885904084
123891.89396182114
115427.10710793425
112516.38991583069
148855.96789533508
145511.0161650673
139332.28457342618
109962.64945219868
144461.94310340277
163715.20284579057
167941.9744025901
123351.82513279136
153447.2431493235
115531.28723480605
138212.8515040759
153831.73304344976
88806.5574317882
175102.14755114596
132859.3626030786
130548.35054022024
118307.91906401567
140884.02770978858
122673.60238320276
141290.17219538492
165887.3744507357
128249.5347025898
159973.0337993937
196979.24432650465
150590.5175114
121266.82273173542
167142.34015114326
139386.9992193065
123780.93274692855
182353.2791664064
141111.55932488802
100468.66570665348
140396.66230937958
104350.97246626647
115695.0733973888
146561.01708619687
190018.6827464983
135078.18658880296
106202.35016113785
133922.82007565058
140942.1748218095
140596.56455716607
190232.19063483767
134449.2779685496
123987.90372498512
118490.90790331933
128404.0994688484
153558.5562405639
102862.78444792144
121827.81593262411
126015.24264201424
128693.82314763071
102570.10791119139
117498.06473147764
131673.04719344093
115532.73719176231
120799.45525851731
188229.28605166025
123361.9155249431
121162.97372765306
142502.50292256233
105516.77829284956
119003.6497415474
166498.9133746555
176205.34614217616
109857.26714716353
123026.16692467185
153272.52265747075
128156.97009802867
119394.97688009146
138628.99681652503
145411.45619975586
114443.47196266352
80451.31784089464
122141.56661106294
152038.5551794822
155113.08721551514
134924.91330145783
94869.92408102722
94869.92408102722
98164.68311804054
155113.08721551512
103558.63873901586
118437.51156399335
177186.16912837513
158500.37481697678
123427.85714718014
119483.75277325932
140146.9741338649
177186.16912837527
137289.41313297497
125362.17887736077
137171.2070491171
141507.9095839872
133883.05600329489
103558.63873901592
88245.34032665641
136521.7791348034
141369.3016353647
101167.4126996815
139584.17808983172
120093.6686142775
124642.51090830789
137797.10452014167
144363.14836793282
133437.13637768987
151501.2014243738
164000.960815129
127217.79051386242
109597.8094111718
154586.5751519226
102687.22078480496
132544.30860828998
188907.37641203677
117629.2462014087
142157.95651405663
164785.18274721268
109512.61033203288
129116.82698875989
92569.87952739178
188446.873783239
201227.06296962636
116860.49777899162
85701.21844396992
92439.52697532516
91066.0743666535
160254.86206581202
143479.12120044584
116939.58421331007
110953.7369917084
160293.10949059261
164024.30740148018
88597.00154338405
105620.45708983374
184748.68049022526
158394.85016871328
135854.04678795196
85772.08064052177
131347.18677967813
128464.47884213866
189881.16846525925
84425.12141234349
104100.75251168001
124527.94451595792
157798.7001086621
169919.20221934744
156115.58605195335
94078.23570340489
66248.91353507561
121783.57542742784
121506.93353693275
137080.08098709214
100940.50157121997
109007.68180830401
135315.39363350027
128239.4417084278
117406.83646812031
109007.74344384042
129851.28773055057
145691.7306708713
134054.97333694642
136295.15876029854
199060.62298360228
153534.00998826686
141165.66958642466
135981.86106023373
132456.191063819
126701.58768271463
178967.10434291107
140972.6727238375
156147.12665973598
128168.24066066412
152579.9591382119
134592.95150050928
123817.75650003795
95061.93619629843
153558.19247273955
118981.99875409993
109259.69838921574
125349.82558715982
85993.40939629597
129444.03931887055
110646.64773573473
90608.76078826393
130621.95536739749
123810.98344322179
115412.8108768152
108502.10750368304
123136.43643295387
128810.06281995245
186069.225191862
171161.5701593977
140926.36766278755
85398.78718688968
152046.92754183224
88062.34725439054
148278.48937812986
121830.66983538223
111544.74694721229
82616.4748162739
131158.5033809183
150268.39449882743
158756.28243790934
137345.26034281918
160657.10127949517
156562.22929249544
153247.31585371855
120377.51790690544
123298.9711106719
125721.97930272674
121663.21422829936
143054.78869786073
113923.9317077279
96589.63355350443
126590.68943262502
169890.05778694115
135408.4690511172
117784.04773784321
135604.44743804337
145393.33711465515
150900.95994135932
143682.9371460898
135543.31743600586
117010.83598393452
126681.84844350231
148244.12658809315
130812.23563268146
113220.5396228082
162493.81117718795
156742.2944780186
129526.06990797455
116116.12429734923
129205.83399484854
146071.23243055164
153462.99940312613
135792.74395267898
70514.72314876257
115934.93289186856
152879.3914527988
145315.33893685235
102411.97476379134
117808.18876947302
119116.28630882643
150159.72454820518
140313.13820351678
106402.75994540646
145273.09747496352
145273.09747496355
157446.0583115755
140313.13820351678
134741.22296779352
128863.95882875612
131005.67231240374
141282.44248210115
126464.6424804449
116067.41176343912
127845.75591728187
131005.67231240385
116517.78242893671
131494.84641506546
141410.25620609004
127845.75591728195
116243.91154075095
134741.22296779347
119347.82825631843
125305.75066912409
151237.89850701336
136770.291151147
127855.91837615136
103111.53165607982
118822.7474598336
151237.8985070134
143618.92804052416
126826.17401417045
136833.09097146924
137205.93556632966
122760.44094690515
134741.22296779347
128989.17831918897
93432.28990840254
106545.8933116281
131030.07721078624
120900.31417923508
104366.3779035399
112754.20311590451
104258.94088561712
100423.55282194784
119009.14902532626
134375.19678752264
114371.56987963228
93381.70928860841
120840.05871309437
124895.74478445186
154144.49656301003
188055.795805869
128928.07858417666
141940.10437438614
130016.43474476796
149263.98090616867
188055.795805869
127315.87146314433
142436.69971165387
153517.15549553998
153420.72876444706
131197.28140425537
120840.05871309426
163216.5078923175
144131.03368304926
155496.29496438155
140396.1138191624
139250.0445765615
119810.88516932887
129720.36869242079
152822.55691364405
137245.16976963045
135312.46439157941
129400.24475165896
128681.48931675323
126527.46930867588
155272.41722854518
109664.9211701488
113335.10079252564
98565.37085173867
117242.14786186651
121443.29419719313
112588.27717336721
115834.9848237372
98565.37085173868
169273.40326595848
142898.24360420695
151607.77480067062
158948.9471765828
141552.14422534066
155272.41722854518
152730.78271379814
121183.82766360114
121951.25748342257
142087.9024826146
133225.04788174733
117614.02658994192
125317.95880378633
124388.60787911572
125518.41179296201
126869.03161652184
161021.82757626203
135437.00948325056
101314.73158216443
138982.39523063976
118195.20489775749
128992.56286024099
181246.3215474577
129493.12990368469
118045.19533738628
117871.20094051331
155975.63498392818
181246.3215474577
119408.8577646992
107619.4988995631
98535.24029819583
112135.43873698822
111751.6906370382
138982.3952306398
124955.61892766399
140993.1467146927
140300.28235051752
135301.04683360737
112187.75758874361
98818.4586143632
124964.70814241066
169904.6760526616
127273.88151472821
135760.75056615288
136820.67750305924
105415.41305289904
113513.23695958147
146501.841561326
130190.22324307707
128675.28845770862
125936.80330092365
155374.62683121575
151947.51020647067
110159.50131990295
98717.21808512018
125936.80330092365
150154.84845728945
138875.20336426003
155663.0297145758
126235.44919320528
125414.35819635473
146501.84156132603
133357.3192834685
129818.00303116016
153238.42300394215
128229.16099423464
131020.25867272505
132762.67925834784
138951.00809237492
134237.96817699992
126531.16183246847
112759.24128262956
139568.0753439821
128525.06373998648
103291.8478291142
135746.36136138093
106509.45535594324
123823.91886495576
129298.65239737532
101294.36278601468
123823.91886495578
111752.258235825
144071.63636735277
129298.65239737532
135746.36136138093
139700.16968841813
159922.00956665576
159922.00956665576
125202.30547914811
135746.36136138096
119517.64630319279
123598.83811402059
155219.97537854878
143488.79522225514
125799.97004328023
111207.03840462097
133077.26951496428
155219.975378549
134037.22728138394
119374.50975127475
143488.79522225517
150522.68795790384
124485.90720295097
119517.6463031927
107105.29211971998
120721.73333484292
143488.79522225517
117525.14856184917
120721.73333484292
109023.66825804304
125799.9700432803
137655.03294722838
119517.64630319271
123598.83811402044
129093.45041232649
155219.975378549
118489.58059712095
139452.27557191974
141713.89737957343
124470.46032998379
125146.1361533082
132471.36708662543
103013.92296499225
105050.5893139825
121183.26899532172
147815.6646244333
135250.1089291012
149885.39571555753
132471.3670866254
118606.59941380756
124497.4436552334
148270.22366369187
114464.15393084938
139839.0620849415
132471.3670866254
135060.45770793498
132785.8909524717
110156.514925329
113133.58690570442
145778.98393819702
141713.89737957332
124470.46032998378
158836.98572762508
147815.6646244333
136743.3773889925
122277.83694785475
158870.65118570838
117104.54952882434
147528.77462242366
133947.51059764135
126234.2896320731
102519.85186922828
124822.6749538383
131850.1280559395
136629.41094100807
142983.72107773102
133947.51059764135
142826.82583401477
145814.49527012018
150140.83343131244
98951.28532590832
101110.28858633265
133947.51059764138
118711.92991790708
114345.8027625269
100520.52546220666
121242.68634114278
133393.9687179953
158870.65118570835
117104.54952882446
112355.49656626691
131850.1280559395
136989.2398977495
124068.45925379814
157515.13874781475
118813.61023209034
129824.99121560308
125082.53804433982
117605.16893898332
103453.8376449101
125903.6922035269
146659.05466334606
134939.75329998822
137416.25850954148
125082.53804433977
131287.84184560156
126723.82272337108
124040.16121852865
103971.39068537446
117037.88621072912
125082.53804433977
127582.21540215146
117995.54563780337
116860.875803513
116035.96375719187
128556.38537714643
157515.1387478147
118813.6102320904
146926.65252414747
146659.0546633462
149802.23205141007
146780.67722478957
145837.87480046847
134463.55055839376
147348.41382198804
122357.46360275155
132453.71284204422
126761.82882485878
134630.0651500009
145642.21083052625
130013.44448188557
114514.71834428376
122357.46360275154
120004.17811005775
91134.39527058361
140329.0784059458
124572.00412399374
127170.5061862782
122357.46360275151
128687.2712041458
128154.51114594878
121375.06148297378
133383.221050888
158234.74510574705
145837.87480046856
134463.55055839376
154530.29334254787
145642.21083052616
135584.50909468532
159108.04931963453
126405.84790254547
131802.4359417531
141434.9476474801
158309.55320001277
131435.12194358037
117649.83087696962
126674.92481950902
132925.00176536778
118128.12729786248
127261.34342415666
158309.55320001268
126674.92481950896
112719.51143707383
142991.5831825575
118277.41317760521
138135.59206603884
158309.55320001274
127261.34342415666
131622.6327961255
107646.21921636842
130743.40293192783
139362.20161363407
126405.84790254523
131802.4359417531
132925.00176536778
132925.00176536778
105244.71892671216
126405.84790254524
121363.79823867425
111081.75251878035
118047.59907316038
156277.47982550165
131284.3783806131
123609.79396698215
133091.13944506168
118047.5990731603
111222.68820669671
132680.4739565455
180352.27090318323
142684.24844842718
108469.01516491472
121363.79823867424
105942.00697738271
129309.76394883441
180352.27090318323
138180.16225374944
130183.92291546705
122892.84358496295
131284.37838061317
158768.8928469998
132701.63714015804
123641.80337717921
152189.2161559074
118047.5990731603
124291.83868705039
136065.4463979151
159305.1377606045
153261.51759913634
148464.79564819828
150201.0573166021
118755.17372882886
94860.7866036827
123645.72665475849
114309.39021652081
103146.1260223121
170081.47692232887
170169.91061063515
128084.52327989505
114969.09171263085
153180.81424767047
162744.63103189113
146188.88847970305
170169.91061063524
145294.53097596864
131857.98578150125
96186.9778850868
116758.83897435866
159701.79520925676
114349.29152945311
122328.06399712995
135169.21223539024
114309.39021652083
111194.39294986441
139185.98351953825
151196.168450896
167951.57058364712
137920.11664618965
128637.41842969837
128758.81374668397
135900.61188679055
126575.4793258235
90587.29282315394
112390.83725392584
161189.38345385788
129622.74296576582
116079.68165498074
102978.2283537276
154932.66082512087
140994.70498333985
106214.57781491155
129622.74296576586
144903.34210486684
131023.44557668458
85332.15955134011
121621.02289629568
170167.65618947116
184809.70318406157
122841.01438449098
160110.552313715
90587.292823154
118200.29587120572
187185.21186445578
135985.30828736478
134694.8432969532
135798.35261612476
151987.47987291528
128594.15157894853
88469.09658860539
111404.9992931866
116323.11576563197
136078.32134453708
149785.34684823046
153740.46336957446
112610.11703382774
138041.90315637583
185666.1455848803
119661.90981880602
141947.26001404886
153740.4633695743
133405.6329872776
119570.94309510435
105590.76425325446
132586.495493461
122200.76976853648
162564.06593450782
117983.5646456414
104028.64653937373
116323.11576563194
109939.74314805043
134897.42634792824
147181.63401232194
130315.44373259414
139849.61747208965
138574.59255068187
124497.93177556353
105673.75882305429
126059.96908577075
164820.32317609907
130271.7451115942
134448.88599881658
108290.65460706275
122484.5176566643
127381.48701358678
133121.9352092263
97164.02760246594
131387.6516807044
108290.6546070628
108116.57606130649
123616.54104000736
126004.54323350434
117443.41367311993
109676.70288138448
170292.41348476586
135092.4024722078
155070.62116432685
164820.32317609905
153604.81443745262
148186.25265554746
151076.9703084807
120662.47953968908
142440.4018654243
119941.01178643457
120022.30801113001
124796.42786582703
141158.15816472392
149593.42378010534
134278.5872858203
129906.9554208851
139431.5961665377
154398.1687727808
119932.98159467064
124758.76958441152
111314.97314987633
107854.94225674792
139431.59616653773
129906.95542088509
118461.99741525477
101167.13144227854
126901.32083884049
159556.6155850359
131080.86056512222
123840.92554384007
149593.42378010537
149593.42378010537
135870.0840011564
131080.8605651222
127494.7036065433
124269.29445409577
162641.41142585763
117539.74284957985
132605.0968078965
113557.09300277602
122780.32335075359
162641.41142585775
142456.06685627712
114283.72796281992
131238.71966894533
111147.97575476802
103828.27155694441
127494.70360654336
118399.67513391486
152488.91914206
131238.71966894538
115922.17915952473
140896.7462465097
122476.7428278986
132605.0968078965
156958.14190513492
151543.97765415494
120845.87978463639
136621.4601945557
162641.41142585775
136739.99714353308
120825.08912984758
138104.96921274293
129450.88406421244
136225.36070994075
150025.19903577864
132847.1171082326
86134.19238559199
118519.41585326861
159858.9542525379
125002.17854285608
131926.56065454776
152380.83091426035
105598.97852837984
105960.83447275897
112984.51205939088
129622.51543307414
171848.11719611444
152380.83091426032
125525.7514196765
136877.35124378314
127710.06509961732
101198.58541206334
131078.5562223106
131365.86675628801
118076.41578266781
147060.28224141325
159858.95425253795
123916.30582614956
104083.30275984257
159144.3140352246
146848.36503568164
157615.5105449327
142911.49966492117
142772.4341423972
122638.49484754026
133936.8376159509
157871.41128003263
111319.12691419272
116065.62412800395
117177.52882091855
131262.1682419283
94736.2513119409
121616.83699946385
117053.901287288
121478.69800954261
117177.52882091858
118226.2652760118
128714.51582960485
125242.56941462685
114089.93854482583
123561.9203412184
140813.26934970453
153015.20986224338
156301.6139755043
157871.41128003265
131904.5599578391
150947.80462239636
159224.76491618867
140677.4996424279
107033.24632532742
129678.3137989381
123260.73893694578
123486.49869012581
117277.2288927617
100813.53463718752
120958.8885168331
151323.57965111698
159595.46034239413
122300.2385144113
107397.9598676056
166975.39187838783
122263.00503594395
132477.60863106104
159595.46034239413
149296.70509374072
117151.66191712974
98710.51854461526
127371.06948314092
164863.4171818339
148805.10876956658
104760.35458662527
135751.2251986134
100813.53463718752
120982.16150108643
133237.4689132707
160094.0990172349
134412.15854020044
150433.16417110394
131065.98567042727
152980.11371730198
94406.08646510766
116613.16628571416
120390.58896905703
125634.75176601413
100644.01553389026
134900.58614148202
91852.0926983281
91026.16979997912
139333.87301235602
133370.9174276908
146384.75766688213
134900.586141482
133906.1547863381
129519.03620411627
138167.2465425752
153390.0495678663
151908.58100309805
178345.9969292481
131120.3249663348
107063.59117940198
120390.58896905709
139926.92109648912
177946.58829087118
126460.81715008827
135269.6647380776
136413.98085688378
156272.220445684
123754.4749259416
107560.34197197431
119767.67560197983
152825.56457209517
118458.55440933457
127668.63692839615
134463.3727682908
115081.33276532553
108996.54421219483
145361.66155489694
116378.36076143685
146603.95459202718
134463.37276829084
127668.63692839626
134714.15064636283
121628.29783223676
119880.27667399285
115283.17836296845
133851.88373446462
140494.50452639826
152825.56457209506
152825.56457209509
121626.62999116845
133851.8837344646
162515.87646077352
132388.37855762098
132761.8877664794
146187.8967252604
126778.50066812009
116039.41274836738
127997.69191606512
132761.88776647937
138628.2627366084
137940.60055364567
121683.16911471025
123921.65310886702
128245.2838863958
162515.8764607734
97761.26068478524
109939.2201395352
121683.16911471028
122913.21661762052
121082.5767425781
113572.74770752998
126778.50066812008
119788.90024607831
161107.53587605423
134450.42358731222
143599.7304897388
132761.88776647934
122867.62660835417
141314.45554015963
162172.64241364444
136020.88798546384
138393.13857922796
113760.85953330004
154690.80357155064
126391.58521972592
120476.06322107367
126158.667999823
139514.4740743917
114599.0708568004
129331.54652216403
136068.52116069908
100245.37854898437
154208.81549608224
114110.81942667531
112436.53821766244
129331.54652216415
120833.3980836577
106319.25416254981
110001.97781790666
133125.2396328605
145583.64910417557
144643.70170161198
120174.46834592037
123738.27145379553
126158.66799982297
122779.9448896108
169677.0188036195
133566.08841705823
131246.7826917587
125749.89342521814
158461.40379604432
130657.0726153149
136106.57077198743
120446.89229766223
133720.3741050304
102314.80945224733
127718.4207488256
139573.2709935309
110723.59078899489
95985.45881506088
152008.24063125177
103190.1791100722
134316.7292807015
139573.27099353092
110500.33346069454
132758.55339115913
117437.74396825687
149348.7024517917
116308.5687906299
161493.01139340037
155365.2936855103
138465.44233074316
133720.3741050304
123499.85474897355
141946.07286421006
170346.0162877061
160912.49441816896
150669.57134589233
129149.73684588184
142311.3291392699
137567.62837201764
141283.16296676468
141336.35170390655
123448.28275765221
111363.00851013103
124047.40819969376
141942.83192594894
95652.7192287719
142301.06928499302
125879.2139974409
101492.56219346129
124047.4081996938
128681.72762794778
115224.87853470462
100711.8666966794
136371.52307559276
141992.57872755433
134372.09994377472
137296.23617147555
137104.61870534535
141336.3517039066
117095.14135217827
167336.56572642748
110707.56324096506
122125.25252982118
137602.3690067996
146220.16804940152
162106.33266144947
161459.47280463367
123352.34296172956
128193.12024554552
108821.52362791376
109756.7045778911
153875.0568279549
132487.92626414986
82923.00793300204
140962.38744443678
92449.02672751008
138933.1970942071
153875.05682795492
98652.6640561898
123304.25040790375
124443.66666514862
153619.68442806313
139872.0351001478
154213.91384404956
156391.7847020842
153258.87656394544
128193.12024554565
113071.82435443992
147812.23778398172
130727.51936282161
126176.10553723079
140827.69898020953
162191.59747544516
138730.28743761167
116219.40812587952
130194.1652054006
122633.46856858769
121724.06359627939
124676.17277967594
173874.75906909376
136017.94714002387
113898.60103843958
139382.5127676424
115625.12783029517
132680.03641467536
173874.75906909365
124676.17277967595
133519.54260400674
109446.38059227208
133641.5639458758
160885.27464542957
109292.64132436992
110947.55524103448
122633.4685685876
122633.4685685876
102505.09224476691
109292.64132436992
158325.23315649564
132265.92866059428
134531.69691123866
138501.36278478158
116336.72165233789
101662.32203330965
123074.45742326077
134531.6969112386
132417.76538388632
129393.97212288274
119518.14974298085
116124.4376367338
117870.15189815643
158325.2331564956
124366.51118759248
117837.85282758104
119518.14974298085
138831.9933362321
123598.53408043986
101553.91456717331
116336.72165233799
144526.3790615044
128549.70815665927
121310.25731174355
125487.06424198748
134531.6969112386
117870.9414958183
137964.29678135982
136742.65441296346
129456.45042429055
127629.8382759769
143955.19570787443
125211.9504153327
118595.47801429979
124869.14172232163
136265.07200418232
117942.46846709284
130924.87575113864
128484.71772915489
128073.25360212468
116720.24501328554
148032.88930115348
100161.00244434006
113088.74538211577
128484.71772915486
121481.0514451496
113984.33801787475
111837.03412759448
128202.9849752078
110173.02443930652
155598.5531163386
143173.0065813111
134648.0283251109
136265.07200418235
123117.14944435762
160710.7240366903
149350.08017086782
143042.4684572983
163481.5202996848
96395.12240539474
111483.01531627582
115562.87686774648
121547.6583743532
170338.71846072786
138782.5770637189
113723.00398401656
110747.69319324898
135026.28314552136
116500.08803040147
145636.75163074044
129745.08849364321
122477.81653333353
110747.69319324901
122763.4334259421
120117.62180103616
90393.53025637324
130242.47216079535
143015.6625324259
139176.96472002665
123343.00554704695
120836.63759240357
170338.7184607279
135282.86319830175
143972.20875128184
126868.64294953214
137120.03665333497
136261.01037913887
144049.5341781262
132869.5696335449
133341.83055227302
118583.58367458367
190697.35093733904
111609.79292441238
109942.01452805856
113704.58765782826
154026.4434057634
98824.48085032769
108722.44724743022
93007.41557745534
126584.24307454246
113704.58765782832
94492.61641147413
125530.86493517998
127059.65148417077
120373.08962237045
109770.07585134098
125727.9118772114
147393.0113461822
156630.54791770066
190697.35093733913
132891.85849337484
140486.69343414964
129914.01404301407
129215.649486029
132945.01986355882
154953.13798805582
118372.5570098202
127034.69899056017
128612.60852011928
149036.6838071645
126438.90090180664
141724.06482425146
153263.26755192498
136427.36962274692
119399.7745481198
140797.82807983103
99962.58085578863
140849.50587727665
153263.26755192498
114583.93053934065
138126.67103733847
113574.21855987422
133119.16255957366
141542.95440144802
139780.90398718347
130302.37592760756
161986.2468794483
149036.6838071644
128587.86860014449
106383.42346544287
160952.24584407677
124158.1096326207
149133.1890988991
130327.38275065114
135718.35709085673
129569.51340741348
140587.2889809186
129633.90554486694
131954.31530032246
126006.81235030999
158119.0473216109
160334.07516629493
115532.15420723047
118804.99021637683
105476.9425051723
97624.7979240375
158119.04732161103
126006.81235030999
115780.81309499781
105432.43022599173
141051.17277350265
145536.4731647665
139042.33324857499
116383.29612483257
129633.90554486694
129633.90554486695
131056.01416304086
139042.33324857499
147924.147039505
132094.79016492143
130114.3936023314
138728.43646783248
122926.89808117665
111166.88501150617
125682.00422767829
130114.39360233139
123817.81999194075
127345.38986917988
136469.44885730522
125682.00422767828
111937.8697152439
147924.14703950493
118400.83608125089
118617.99975665954
136469.44885730525
137102.5499070345
121520.11024449293
109432.04064202044
122926.8980811766
136469.44885730528
134126.21009773458
123424.5615510286
138232.85833910882
130114.3936023314
123817.81999194076
147924.1470395049
128478.70648595561
120279.32565539714
131041.11252814026
127979.87238763146
122672.61183878951
109836.25253953881
117452.15205581365
127534.88599622302
123677.56939769918
124039.43900424516
149839.37704690045
113651.13559851197
106450.4227273469
142891.1420706472
124820.05589747893
143771.84024411056
149839.37704690048
137621.6064294363
124346.46643769804
109273.74406945238
131067.16966833577
149839.37704690048
145952.66946683748
125063.38403509997
131977.66314961208
127534.885996223
123677.56939769915
142891.1420706472
155219.84952184604
133522.6287206516
136068.686895023
152048.47825375828
126814.60188412965
108656.6565193478
130434.51564492888
135771.14169593676
131504.1682887558
135836.6522072134
119545.61819128484
123602.93107528977
124219.79353252887
159840.92186959265
108680.44145978845
112218.99578422899
119545.61819128486
138832.6957357968
125167.13958115717
119769.88433520976
115930.25653677419
119545.61819128487
152212.14742084016
139286.30212301598
151943.1029468992
135771.14169593668
131504.1682887558
159840.92186959268
127744.55809629562
115674.67740147084
137912.92269804588
135437.0103195182
136275.0081532643
119031.55304040622
121151.53181721045
120953.00811904902
133297.55350376267
127886.43399949302
159569.53912149908
130737.385768063
118381.87748643343
137961.64749765967
98265.58284923121
128908.4619653593
159569.53912149896
115970.87882912226
132593.0380004141
122638.71201333601
148514.95916191937
159569.53912149896
152823.3352250319
109542.63710828172
132953.60160731565
120953.00811904903
133297.5535037627
137961.64749765967
153584.88849932817
145009.89968277275
157903.27141275027
137186.3947033137
121111.43804944484
89894.63880404395
125648.80920827184
146650.54469910858
124707.26885705124
124789.73824747116
142238.12083228346
122329.02121556913
109814.01549095515
136348.7981386385
143384.4797674179
142938.8429993541
142238.12083228352
140772.14014586929
122928.36666448445
108909.63364042158
116529.27438466364
142238.12083228352
115151.18311731805
109476.03743774389
118704.45597269255
146650.54469910864
124707.26885705137
136348.7981386385
128260.38221386462
132357.95086068398
126772.659575667
141179.34697729978
115669.95029682123
131262.54880023334
115874.63117368027
150692.79778891132
118753.64174805924
122485.49309870551
119772.54719560941
133268.0125496658
105513.73048519493
149175.34911347323
107753.4324923573
122207.42321986455
119772.5471956094
122485.49309870551
122207.42321986455
105311.56747842349
131617.46053310862
119772.5471956094
149175.3491134732
151815.61655900395
150692.79778891132
150692.7977889113
118753.64174805922
149175.34911347326
