$MeshFormat
2.2 0 8
$EndMeshFormat
$PhysicalNames
7
2 1 "z_min"
2 2 "z_max"
2 3 "y_min"
2 4 "x_max"
2 5 "y_max"
2 6 "x_min"
3 7 "solid"
$EndPhysicalNames
$Nodes
1644
1 0 0 0
2 20 2.25 2.25
3 20 3.75 2.25
4 0 6 0
5 0 0 6
6 20 2.25 3.75
7 20 3.75 3.75
8 0 6 6
9 0.4837912470198094 0.05442651528972856 0.05442651528972856
10 0.9792852447991354 0.1101695900399027 0.1101695900399027
11 1.486764923684171 0.1672610539144692 0.1672610539144692
12 2.006520208736692 0.2257335234828778 0.2257335234828778
13 2.538848243633197 0.2856204274087347 0.2856204274087347
14 3.084053170824616 0.3469559817177693 0.3469559817177693
15 3.642446153911115 0.4097751923150004 0.4097751923150004
16 4.214346559991944 0.4741139879990938 0.4741139879990938
17 4.800080936619432 0.5400091053696862 0.5400091053696862
18 5.399983998985577 0.6074981998858774 0.6074981998858774
19 6.014398492763426 0.6766198304358855 0.6766198304358855
20 6.64367537027831 0.7474134791563098 0.7474134791563098
21 7.2881741580127 0.8199195927764288 0.8199195927764288
22 7.948263054046186 0.8941795935801959 0.8941795935801959
23 8.624319260346766 0.9702359167890112 0.9702359167890112
24 9.316728900633128 1.048132001321227 1.048132001321227
25 10.0258877408859 1.127912370849663 1.127912370849663
26 10.7522006968576 1.20962257839648 1.20962257839648
27 11.49608298263155 1.293309335546049 1.293309335546049
28 12.25795938014817 1.37902043026667 1.37902043026667
29 13.03826520759848 1.466804835854829 1.466804835854829
30 13.83744630892288 1.556712709753824 1.556712709753824
31 14.65595943101865 1.648795435989598 1.648795435989598
32 15.49427191435896 1.743105590365383 1.743105590365383
33 16.35286273946707 1.839697058190045 1.839697058190045
34 17.23222247697392 1.938625028659566 1.938625028659566
35 18.13285343985373 2.039946011983545 2.039946011983545
36 19.05527042579524 2.143717922901964 2.143717922901964
37 0.4837912470198216 5.94557348471027 0.05442651528972993
38 0.9792852447991629 5.889830409960094 0.1101695900399058
39 1.48676492368421 5.832738946085526 0.1672610539144737
40 2.006520208736737 5.774266476517117 0.2257335234828829
41 2.538848243633252 5.714379572591259 0.2856204274087409
42 3.084053170824697 5.653044018282221 0.3469559817177785
43 3.642446153911224 5.590224807684987 0.4097751923150127
44 4.214346559992082 5.525886012000891 0.4741139879991092
45 4.800080936619599 5.459990894630295 0.5400091053697049
46 5.399983998985775 5.392501800114101 0.6074981998858996
47 6.014398492763657 5.323380169564088 0.6766198304359115
48 6.643675370278577 5.252586520843661 0.7474134791563398
49 7.288174158013003 5.180080407223537 0.8199195927764629
50 7.948263054046526 5.105820406419766 0.8941795935802341
51 8.624319260347146 5.029764083210946 0.970235916789054
52 9.316728900633548 4.951867998678726 1.048132001321274
53 10.02588774088635 4.872087629150285 1.127912370849715
54 10.752200696858 4.790377421603475 1.209622578396525
55 11.49608298263192 4.706690664453909 1.293309335546091
56 12.25795938014849 4.620979569733294 1.379020430266706
57 13.03826520759874 4.533195164145141 1.466804835854858
58 13.8374463089231 4.443287290246152 1.556712709753848
59 14.6559594310188 4.351204564010386 1.648795435989614
60 15.49427191435903 4.256894409634609 1.743105590365391
61 16.35286273946708 4.160302941809954 1.839697058190046
62 17.23222247697385 4.061374971340442 1.938625028659559
63 18.13285343985365 3.960053988016464 2.039946011983536
64 19.05527042579519 3.856282077098041 2.143717922901959
65 0.4837912470198216 0.05442651528972993 5.94557348471027
66 0.9792852447991629 0.1101695900399058 5.889830409960094
67 1.48676492368421 0.1672610539144737 5.832738946085526
68 2.006520208736737 0.2257335234828829 5.774266476517117
69 2.538848243633252 0.2856204274087409 5.714379572591259
70 3.084053170824697 0.3469559817177785 5.653044018282221
71 3.642446153911224 0.4097751923150127 5.590224807684987
72 4.214346559992082 0.4741139879991092 5.525886012000891
73 4.800080936619599 0.5400091053697049 5.459990894630295
74 5.399983998985775 0.6074981998858996 5.392501800114101
75 6.014398492763657 0.6766198304359115 5.323380169564088
76 6.643675370278577 0.7474134791563398 5.252586520843661
77 7.288174158013003 0.8199195927764629 5.180080407223537
78 7.948263054046526 0.8941795935802341 5.105820406419766
79 8.624319260347146 0.970235916789054 5.029764083210946
80 9.316728900633548 1.048132001321274 4.951867998678726
81 10.02588774088635 1.127912370849715 4.872087629150285
82 10.752200696858 1.209622578396525 4.790377421603475
83 11.49608298263192 1.293309335546091 4.706690664453909
84 12.25795938014849 1.379020430266706 4.620979569733294
85 13.03826520759874 1.466804835854858 4.533195164145141
86 13.8374463089231 1.556712709753848 4.443287290246152
87 14.6559594310188 1.648795435989614 4.351204564010386
88 15.49427191435903 1.743105590365391 4.256894409634609
89 16.35286273946708 1.839697058190046 4.160302941809954
90 17.23222247697385 1.938625028659559 4.061374971340442
91 18.13285343985365 2.039946011983536 3.960053988016464
92 19.05527042579519 2.143717922901959 3.856282077098041
93 0.4837912470198335 5.945573484710269 5.945573484710269
94 0.9792852447991879 5.889830409960092 5.889830409960092
95 1.486764923684247 5.832738946085522 5.832738946085522
96 2.006520208736784 5.774266476517112 5.774266476517112
97 2.538848243633307 5.714379572591253 5.714379572591253
98 3.084053170824777 5.653044018282213 5.653044018282213
99 3.64244615391133 5.590224807684975 5.590224807684975
100 4.214346559992216 5.525886012000876 5.525886012000876
101 4.800080936619763 5.459990894630277 5.459990894630277
102 5.39998399898597 5.392501800114078 5.392501800114078
103 6.014398492763884 5.323380169564063 5.323380169564063
104 6.643675370278837 5.25258652084363 5.25258652084363
105 7.288174158013297 5.180080407223504 5.180080407223504
106 7.948263054046857 5.105820406419729 5.105820406419729
107 8.624319260347516 5.029764083210905 5.029764083210905
108 9.316728900633958 4.951867998678679 4.951867998678679
109 10.0258877408868 4.872087629150235 4.872087629150235
110 10.75220069685841 4.790377421603429 4.790377421603429
111 11.49608298263225 4.706690664453872 4.706690664453872
112 12.25795938014878 4.620979569733263 4.620979569733263
113 13.03826520759898 4.533195164145114 4.533195164145114
114 13.83744630892327 4.443287290246132 4.443287290246132
115 14.65595943101893 4.351204564010371 4.351204564010371
116 15.49427191435909 4.256894409634602 4.256894409634602
117 16.3528627394671 4.160302941809951 4.160302941809951
118 17.23222247697382 4.061374971340445 4.061374971340445
119 18.13285343985357 3.960053988016473 3.960053988016473
120 19.05527042579515 3.856282077098045 3.856282077098045
121 0 0.4999999999978761 0
122 0 0.9999999999956439 0
123 0 1.499999999993832 0
124 0 1.999999999992049 0
125 0 2.499999999990266 0
126 0 2.999999999988569 0
127 0 3.499999999990399 0
128 0 3.999999999992316 0
129 0 4.499999999994237 0
130 0 4.999999999996158 0
131 0 5.49999999999808 0
132 20 2.999999999999998 2.25
133 0 0.4999999999978761 6
134 0 0.9999999999956439 6
135 0 1.499999999993832 6
136 0 1.999999999992049 6
137 0 2.499999999990266 6
138 0 2.999999999988569 6
139 0 3.499999999990399 6
140 0 3.999999999992316 6
141 0 4.499999999994237 6
142 0 4.999999999996158 6
143 0 5.49999999999808 6
144 20 2.999999999999998 3.75
145 0 0 0.4999999999978761
146 0 0 0.9999999999956439
147 0 0 1.499999999993832
148 0 0 1.999999999992049
149 0 0 2.499999999990266
150 0 0 2.999999999988569
151 0 0 3.499999999990399
152 0 0 3.999999999992316
153 0 0 4.499999999994237
154 0 0 4.999999999996158
155 0 0 5.49999999999808
156 20 2.25 2.999999999999998
157 0 6 0.4999999999978761
158 0 6 0.9999999999956439
159 0 6 1.499999999993832
160 0 6 1.999999999992049
161 0 6 2.499999999990266
162 0 6 2.999999999988569
163 0 6 3.499999999990399
164 0 6 3.999999999992316
165 0 6 4.499999999994237
166 0 6 4.999999999996158
167 0 6 5.49999999999808
168 20 3.75 2.999999999999998
169 2.797119371610542 5.183104453895787 0.3146759293061858
170 0.4085372066472002 2.749512880408031 0.04596043574780978
171 3.869682831724225 0.932433244945607 0.4353393185689752
172 5.042190100394192 4.832285285791484 0.5672463862943466
173 6.304705536415669 1.271896683866254 0.7092793728467628
174 2.217171478052672 0.7432874966828484 0.2494317912809254
175 7.554638222277924 4.563142653434731 0.8498968000062666
176 0.4382107997412503 4.235946292596116 0.04929871497089042
177 8.910167322845842 1.601667184623467 1.002393823820157
178 7.52134275866684 1.457293038718266 0.8461510603500196
179 6.268865116083545 4.711459982105027 0.705247325559399
180 5.029149167292717 1.084009898546032 0.5657792813204306
181 3.846761942385199 5.07404512553114 0.4327607185183348
182 0.3865873144869716 1.747459940603622 0.04349107287978406
183 10.31810767752522 1.793938151759771 1.160787113721587
184 8.903946793803719 4.390172898201131 1.001694014302919
185 1.70015183993388 5.363469011222318 0.1912670819925613
186 11.78735988226006 2.010267446062351 1.326077986754257
187 10.32898027934349 4.251768607408168 1.162010281426142
188 13.24659106379775 3.738350955336279 1.490241494677247
189 1.188510309116637 0.6245253917090544 0.1337074097756215
190 11.85880197109535 4.016174746296694 1.334115221748228
191 15.00268716396068 3.610741211397714 1.687802305945577
192 13.35868599824061 2.203279589211208 1.502852174802069
193 0.4045706618659814 5.227609393627943 0.04551419945992266
194 16.71791928348959 2.66441995746102 1.880765919392579
195 0.3942345448844182 0.7865243644367721 0.0443513862994968
196 14.9949111363539 2.417902735381026 1.686927502839814
197 17.56826830364821 3.241047790373301 1.976430184160424
198 18.46765634025437 2.921226700449381 2.077611338278617
199 3.310400511835618 0.8615856380308314 0.3724200575815069
200 3.527799445288147 1.382382486107986 0.3968774375949164
201 4.091267282793093 1.463690652021912 0.4602675693142229
202 3.739993664182424 1.908627013423317 0.4207492872205226
203 3.183157081121059 1.829699920866966 0.358105171626119
204 3.391965584991711 2.350513945829436 0.3815961283115674
205 3.937392028718639 2.402122179437482 0.4429566032308468
206 2.84319956655369 2.271312743301923 0.3198599512372899
207 3.047998857398794 2.787802596975981 0.3428998714573643
208 2.505859006233201 2.708887011033922 0.281909138201235
209 2.707718415868051 3.218672281031004 0.3046183217851556
210 2.172870830136157 3.143179422285944 0.2444479683903175
211 3.249533485625872 3.301837718898371 0.3655725171329104
212 1.969812006727938 2.633830799064933 0.2216038507568929
213 2.371669702086002 3.645236479147358 0.2668128414846751
214 1.84333941633355 3.5707891426144 0.2073756843375242
215 2.040396309144987 4.072650308380692 0.2295445847788109
216 2.569641364717592 4.147289376854153 0.2890846535307289
217 2.637751361936791 1.757724011378946 0.2967470282178888
218 1.516310048798423 3.995047111973986 0.1705848804898224
219 1.320637940686413 3.501747487215062 0.1485717683272213
220 2.24065255450655 4.541480194585197 0.2520734123819867
221 0.9244312477598935 3.973645321279886 0.1039985153729878
222 1.199908705187859 4.485201840256448 0.1349897293336339
223 0.8152509660855173 3.421018925246575 0.09171573368462047
224 1.141843528473184 3.007022847493632 0.1284573969532329
225 2.76116357473108 4.64337806997778 0.3106309021572464
226 3.132714099523315 4.214036133598787 0.3524303361963728
227 3.331505147163853 4.748876591343104 0.3747943290559334
228 3.65122410707164 4.299041456536036 0.4107627120455594
229 2.302772443620332 2.199144313737024 0.2590618999072872
230 1.765355671379072 2.131509344445634 0.1986025130301454
231 2.093388240819797 1.700378541704246 0.235506177092227
232 1.561744075972424 1.639369032584977 0.1756962085468975
233 1.25396711303735 2.059319776067297 0.1410713002167017
234 1.085020684604032 1.571874911594349 0.1220648270179534
235 1.373485648621868 1.147866788353479 0.1545171354699599
236 2.425758223708717 1.257086430049336 0.2728978001672305
237 0.8442057738086152 1.061846923160796 0.09497314955346899
238 1.449030519731828 2.562466250322815 0.1630159334698304
239 0.88599157176097 2.522517915793616 0.09967405182310891
240 1.6900818028745 0.7026040879035315 0.1901342028233811
241 1.201244396586725 5.42219867880629 0.1351399946160064
242 1.433624877981208 4.951965438799673 0.1612827987728857
243 0.8876830294098605 4.978862661780874 0.09986434080860908
244 1.723470898928983 4.497089588226507 0.1938904761295104
245 14.1715892039658 2.291928351131206 1.594303785446153
246 13.69430527766258 2.947813028643252 1.540609343737041
247 12.76927422342248 2.914097802658377 1.43654335013503
248 12.50568185804652 3.612999760785264 1.406889209030234
249 11.90499987304322 3.236780716373154 1.339312485717363
250 11.20102342620728 3.533899474711778 1.260115135448319
251 11.31985345329778 2.694199584475278 1.273483513496001
252 10.56637549081937 3.141244981804381 1.18871724271718
253 14.15989054159667 3.658743325073721 1.592987685929625
254 11.06015520992938 1.9060866605911 1.244267461117056
255 9.606341234748912 4.306607262993761 1.080713388909253
256 9.17469495428298 3.744905811585864 1.032153182356836
257 8.485937015477774 3.839061619655232 0.9546679142412496
258 8.718941753092571 3.221564393895135 0.9808809472229143
259 8.065794609541983 3.29814605315457 0.9074018935734733
260 8.284451717225958 2.698312205456258 0.9320008181879204
261 7.654659950413249 2.764309147360498 0.8611492444214907
262 7.407985665741212 3.383120852264808 0.8333983873958863
263 7.009332918558217 2.862213191296217 0.7885499533377995
264 6.765497645165911 3.465685523898907 0.7611184850811651
265 6.374911801557177 2.961685548772726 0.7171775776751825
266 6.137373302623428 3.551064737477566 0.6904544965451357
267 5.755281085531308 3.055977106833926 0.6474691221222723
268 5.523272063017523 3.631230557908934 0.6213681070894713
269 5.149787054897502 3.142857635678471 0.5793510436759691
270 5.374954528814142 2.576545125047533 0.604682384491591
271 4.92295892874968 3.703019436508908 0.553832879484339
272 6.614703932398415 2.346690692013963 0.7441541923948217
273 4.560578894356569 3.245239252847504 0.513065125615114
274 9.380165004907763 2.979946243408173 1.055268563052123
275 4.378751834262904 3.809497667340985 0.4926095813545767
276 3.946221124491213 3.377990464145562 0.4439498765052614
277 5.285973909829955 4.212489576778392 0.5946720648558699
278 7.909278409843735 2.130079073119084 0.8897938211074204
279 6.520615783875209 4.075532766101804 0.7335692756859612
280 7.815045064974066 3.927181453795213 0.8791925698095825
281 4.780280352186481 2.72739886559576 0.5377815396209791
282 4.902979500102804 2.12838733991292 0.5515851937615655
283 5.585188791917961 2.032299508971027 0.6283337390907707
284 7.264190391086895 2.199083263702198 0.8172214189972757
285 6.803635844508868 1.720574722207514 0.7654090325072478
286 8.238072082530392 1.522741351499791 0.9267831092846692
287 4.706641259418576 4.286947267606452 0.5294971416845898
288 4.380830102685715 4.882662901896737 0.4928433865521429
289 5.651254092275272 4.770358573718469 0.635766085380968
290 5.897892377950821 4.158689365681697 0.6635128925194673
291 6.904085441846849 4.615968925835272 0.7767096122077707
292 7.161311303980194 4.005105362555122 0.805647521697772
293 15.84971375173199 2.546966258611206 1.78309279706985
294 9.599458710300548 1.699898717081139 1.079939104908812
295 9.185041341952999 2.235791291413533 1.033317150969713
296 9.847428571195758 2.350147439795011 1.107835714259523
297 5.630995399499485 1.14332169682175 0.6334869824436921
298 4.446283715437202 1.008748070722919 0.5002069179866853
299 4.663260043718712 1.546678185705236 0.524616754918355
300 12.55978605539197 2.081884906904182 1.412975931231597
301 15.92593173233282 3.383927057087156 1.791667319887442
302 8.222024901821191 4.47585718578617 0.9249778014548843
303 2.974782174458532 1.315011915927585 0.3346629946265847
304 2.763826422860864 0.8015930091314485 0.3109304725718471
305 2.233383326927135 5.317428826766346 0.2512556242793025
306 9.95465418056992 3.584876038038912 1.119898595314116
307 1.649589040348178 3.069839324832798 0.1855787670391699
308 0.4134762419279808 2.253248456129937 0.0465160772168976
309 0.4302982821664856 4.749999999995197 0.04840855674372939
310 3.629751095088576 2.84786415751215 0.4083469981974647
311 3.471372547873998 3.818016562954089 0.3905294116358246
312 5.982719480230312 2.47916642943858 0.6730559415259102
313 6.191276741162875 1.901800594992305 0.6965186333808235
314 4.288108997840432 1.979726190877151 0.4824122622570485
315 1.893604911674996 1.198432062879736 0.2130305525634369
316 2.91710826928247 3.72418142541396 0.3281746802942778
317 0.4265366541425513 3.735786968937385 0.04798537359103678
318 10.57171676023046 2.450933211643989 1.189318135525927
319 0.4024899469614313 1.249999999994738 0.04528011903316078
320 8.562415274624799 2.14485400541443 0.96327171839529
321 0.3838426963187135 3.249999999989484 0.04318230333585502
322 16.75944090718231 3.502214543614374 1.88543710205801
323 4.174890101594598 4.352008275239955 0.4696751364293922
324 5.232985858951681 1.600581514140676 0.5887109091320641
325 1.963168482995214 4.934098978434763 0.2208564543369614
326 14.54867559966886 2.983237896479989 1.636726004962747
327 19.24055098481935 3.107394455669369 2.164561985792177
328 12.11688091157971 2.592905920092123 1.363149102552717
329 11.05915951624797 4.200790703145957 1.244155445577897
330 3.340377157179102 5.249858999347447 0.3757924301826489
331 0.7853395374902767 1.939863440641123 0.08835069796765591
332 4.205395489305229 2.866918039786072 0.4731069925468382
333 0.7318373301643704 5.512680631024014 0.08233169964349143
334 0.7235110471099783 0.4990597299034316 0.08139499279987232
335 0.7761064128530699 4.484731223181704 0.08731197144597014
336 10.01639583560361 2.939648541125381 1.126844531505407
337 15.34514378588988 2.999999999999995 1.726328675912612
338 0.7185229936011851 3.029303656280343 0.0808338367801331
339 10.62328555235382 3.735100262346071 1.195119624639805
340 17.6227375618159 2.527572145809422 1.98255797570429
341 2.43506862794753 4.930749652565036 0.2739452206440969
342 8.847480773349869 2.680532926374449 0.9953415870018604
343 4.422831273630717 2.420910523121877 0.4975685182834555
344 6.918815618676581 1.175630714744372 0.7783667571011155
345 5.817727954842689 1.607819181251416 0.6544943949198025
346 3.935222887660196 3.960885612960712 0.4427125748617719
347 19.57395535265364 2.625278094642832 2.202069977173535
348 0.3357009108211494 5.622046871085283 0.03776635246737907
349 0.3478478514551849 0.3937092026471868 0.03913288328870806
350 3.880899818395763 4.647477452476952 0.4366012295695232
351 0.6869942991243557 1.484759643657918 0.07728685865148979
352 12.59773421575784 4.15673027762235 1.417245099272757
353 2.79711937161061 5.183104453895837 5.685324070693804
354 0.4085372066472159 2.749512880408043 5.954039564252188
355 3.869682831724346 0.9324332449456448 5.564660681431011
356 5.042190100394361 4.832285285791312 5.432753613705633
357 6.304705536415985 1.271896683866148 5.290720627153202
358 2.217171478052725 0.7432874966828806 5.750568208719069
359 7.554638222278236 4.563142653434645 5.150103199993697
360 0.4382107997412462 4.23594629259614 5.950701285029108
361 8.910167322846291 1.601667184623393 4.997606176179793
362 7.521342758667188 1.457293038718219 5.153848939649942
363 6.268865116083785 4.711459982104912 5.294752674440573
364 5.029149167292823 1.084009898546023 5.434220718679557
365 3.846761942385333 5.074045125531112 5.567239281481648
366 0.3865873144869807 1.747459940603622 5.956508927120215
367 10.31810767752564 1.793938151759831 4.839212886278366
368 8.903946793804117 4.390172898201062 4.998305985697035
369 1.700151839933922 5.363469011222309 5.808732918007432
370 11.78735988226039 2.010267446062405 4.673922013245706
371 10.3289802793439 4.251768607408164 4.83798971857381
372 13.35868599824086 2.203279589211183 4.497147825197903
373 1.188510309116669 0.6245253917090913 5.866292590224376
374 11.85880197109564 4.016174746296695 4.665884778251739
375 15.00268716396078 3.610741211397703 4.312197694054412
376 13.24659106379798 3.73835095533623 4.509758505322726
377 0.4045706618659893 5.227609393627938 5.954485800540074
378 16.71791928348955 2.664419957460972 4.119234080607425
379 0.3942345448844268 0.786524364436786 5.955648613700502
380 14.99491113635401 2.417902735380973 4.313072497160174
381 17.56826830364814 3.241047790373337 4.023569815839584
382 18.4676563402543 2.921226700449383 3.922388661721391
383 3.310400511835712 0.8615856380308664 5.627579942418483
384 3.52779944528825 1.382382486108044 5.603122562405072
385 4.091267282793224 1.463690652021975 5.539732430685762
386 3.739993664182538 1.908627013423398 5.579250712779464
387 3.183157081121148 1.829699920867044 5.641894828373871
388 3.39196558499181 2.350513945829535 5.618403871688421
389 3.937392028718769 2.402122179437513 5.557043396769138
390 2.843199566553767 2.271312743302018 5.680140048762701
391 3.047998857398879 2.787802596976096 5.657100128542625
392 2.505859006233267 2.708887011034034 5.718090861798757
393 2.707718415868122 3.218672281031133 5.695381678214836
394 2.172870830136212 3.143179422286069 5.755552031609676
395 3.249533485625962 3.301837718898506 5.634427482867078
396 1.969812006727988 2.633830799065041 5.778396149243101
397 2.37166970208606 3.6452364791475 5.733187158515317
398 1.843339416333593 3.570789142614535 5.792624315662469
399 2.04039630914503 4.072650308380819 5.770455415221183
400 2.569641364717652 4.147289376854309 5.710915346469263
401 2.637751361936861 1.757724011379025 5.703252971782103
402 1.516310048798453 3.995047111974101 5.829415119510172
403 1.320637940686444 3.50174748721519 5.851428231672774
404 2.240652554506599 4.541480194585287 5.747926587618006
405 0.9244312477599015 3.973645321279965 5.89600148462701
406 1.199908705187877 4.485201840256474 5.865010270666362
407 0.8152509660855328 3.421018925246626 5.908284266315377
408 1.141843528473213 3.007022847493711 5.871542603046763
409 2.761163574731141 4.643378069977945 5.689369097842745
410 3.13271409952346 4.214036133598928 5.647569663803609
411 3.331505147163985 4.748876591343221 5.62520567094405
412 3.651224107071739 4.299041456536223 5.589237287954428
413 2.302772443620392 2.199144313737119 5.740938100092706
414 1.765355671379117 2.131509344445727 5.801397486969849
415 2.093388240819852 1.700378541704327 5.764493822907767
416 1.561744075972467 1.639369032585059 5.824303791453097
417 1.253967113037385 2.059319776067372 5.858928699783294
418 1.085020684604065 1.5718749115944 5.877935172982043
419 1.373485648621906 1.14786678835354 5.845482864530036
420 2.425758223708776 1.257086430049403 5.727102199832763
421 0.8442057738086396 1.061846923160835 5.905026850446529
422 1.449030519731865 2.562466250322911 5.836984066530165
423 0.8859915717609939 2.52251791579365 5.900325948176888
424 1.690081802874542 0.7026040879035717 5.809865797176615
425 1.201244396586756 5.422198678806278 5.864860005383988
426 1.433624877981239 4.951965438799673 5.838717201227109
427 0.887683029409875 4.978862661780872 5.900135659191387
428 1.723470898929021 4.497089588226565 5.806109523870484
429 14.17158920396598 2.291928351131179 4.405696214553827
430 13.69430527766281 2.947813028643193 4.459390656262934
431 12.76927422342274 2.914097802658363 4.563456649864941
432 12.50568185804677 3.612999760785221 4.593110790969738
433 11.90499987304347 3.23678071637321 4.66068751428261
434 11.20102342620759 3.533899474711882 4.739884864551646
435 11.3198534532981 2.694199584475375 4.726516486503963
436 10.56637549081965 3.141244981804607 4.811282757282789
437 14.15989054159683 3.658743325073689 4.407012314070355
438 11.06015520992977 1.906086660591138 4.755732538882901
439 9.606341234749333 4.306607262993714 4.919286611090699
440 9.174694954283414 3.744905811585776 4.967846817643116
441 8.485937015478173 3.839061619655105 5.045332085758704
442 8.718941753093009 3.221564393895002 5.019119052777036
443 8.065794609542396 3.298146053154377 5.09259810642648
444 8.284451717226428 2.698312205456051 5.067999181812026
445 7.654659950413687 2.764309147360239 5.13885075557846
446 7.407985665741586 3.383120852264567 5.166601612604071
447 7.009332918558605 2.862213191295916 5.211450046662156
448 6.765497645166242 3.465685523898625 5.238881514918797
449 6.374911801557524 2.961685548772384 5.282822422324778
450 6.13737330262372 3.551064737477249 5.309545503454831
451 5.755281085531615 3.055977106833548 5.352530877877693
452 5.523272063017778 3.631230557908578 5.378631892910499
453 5.14978705489777 3.142857635678055 5.420648956324
454 5.37495452881446 2.5765451250471 5.395317615508373
455 4.922958928749897 3.703019436508505 5.446167120515636
456 6.614703932398802 2.346690692013642 5.255845807605135
457 4.560578894356808 3.245239252847097 5.486934874384858
458 9.380165004908196 2.979946243408143 4.944731436947827
459 4.378751834263026 3.809497667340706 5.507390418645409
460 3.94622112449138 3.377990464145393 5.556050123494719
461 5.285973909830161 4.212489576778085 5.405327935144106
462 7.909278409844197 2.130079073118834 5.110206178892528
463 6.520615783875491 4.075532766101572 5.266430724314006
464 7.815045064974427 3.927181453795056 5.120807430190376
465 4.780280352186729 2.727398865595438 5.462218460378993
466 4.902979500102954 2.128387339912736 5.448414806238418
467 5.585188791918264 2.032299508970645 5.371666260909195
468 7.26419039108729 2.199083263701977 5.18277858100268
469 6.80363584450923 1.720574722207316 5.234590967492712
470 8.238072082530829 1.52274135149969 5.073216890715281
471 4.706641259418741 4.286947267606149 5.47050285831539
472 4.380830102685912 4.882662901896604 5.507156613447833
473 5.651254092275483 4.770358573718316 5.364233914619007
474 5.897892377951069 4.158689365681451 5.336487107480504
475 6.904085441847126 4.615968925835131 5.223290387792197
476 7.161311303980518 4.005105362554932 5.194352478302191
477 15.84971375173204 2.546966258611131 4.216907202930145
478 9.599458710300993 1.699898717081175 4.920060895091138
479 9.185041341953474 2.235791291413466 4.966682849030234
480 9.847428571196195 2.350147439795029 4.892164285740428
481 5.630995399499661 1.14332169682166 5.366513017556288
482 4.446283715437341 1.008748070722952 5.4997930820133
483 4.663260043718783 1.546678185705189 5.475383245081637
484 12.55978605539228 2.081884906904166 4.587024068768368
485 15.92593173233286 3.383927057087128 4.208332680112552
486 8.222024901821552 4.475857185786083 5.075022198545074
487 2.974782174458614 1.315011915927645 5.665337005373406
488 2.763826422860935 0.8015930091314861 5.689069527428146
489 2.233383326927189 5.317428826766362 5.74874437572069
490 9.95465418057033 3.584876038038928 4.880101404685837
491 1.649589040348219 3.069839324832909 5.814421232960824
492 0.4134762419279931 2.253248456129945 5.953483922783101
493 0.4302982821664865 4.749999999995197 5.951591443256269
494 3.629751095088718 2.847864157512148 5.591653001802519
495 3.471372547874051 3.818016562954225 5.609470588364168
496 5.982719480230658 2.4791664294382 5.326944058474051
497 6.191276741163286 1.901800594991885 5.30348136661913
498 4.288108997840539 1.979726190877147 5.517587737742939
499 1.893604911675044 1.198432062879796 5.786969447436558
500 2.917108269282551 3.7241814254141 5.671825319705712
501 0.4265366541425471 3.735786968937404 5.952014626408962
502 10.57171676023085 2.450933211644106 4.810681864474029
503 0.4024899469614323 1.249999999994738 5.954719880966839
504 8.562415274625245 2.144854005414303 5.03672828160466
505 0.3838426963187547 3.249999999989484 5.956817696664139
506 16.75944090718229 3.502214543614366 4.114562897941991
507 4.174890101594762 4.352008275239606 5.530324863570588
508 5.232985858951609 1.600581514140451 5.411289090867944
509 1.96316848299526 4.934098978434802 5.779143545663032
510 14.548675599669 2.983237896479956 4.363273995037237
511 19.24055098481932 3.107394455669329 3.835438014207826
512 12.11688091158005 2.592905920092182 4.636850897447244
513 11.05915951624835 4.200790703145993 4.755844554422059
514 3.340377157179207 5.249858999347472 5.624207569817337
515 0.7853395374903002 1.939863440641151 5.911649302032341
516 4.205395489305511 2.866918039785848 5.526893007453129
517 0.7318373301643868 5.512680631024007 5.917668300356504
518 0.7235110471099975 0.4990597299034462 5.918605007200126
519 0.7761064128530772 4.484731223181729 5.912688028554028
520 10.01639583560405 2.939648541125376 4.873155468494544
521 15.34514378588997 2.999999999999997 4.273671324087378
522 0.7185229936012096 3.029303656280317 5.919166163219863
523 10.62328555235419 3.735100262346149 4.804880375360153
524 17.62273756181581 2.527572145809444 4.017442024295722
525 2.43506862794759 4.930749652565115 5.726054779355895
526 8.847480773350256 2.68053292637438 5.004658412998095
527 4.422831273630901 2.420910523121736 5.502431481716523
528 6.91881561867689 1.175630714744305 5.22163324289885
529 5.817727954843074 1.607819181251194 5.345505605080154
530 3.935222887660133 3.960885612960848 5.557287425138234
531 19.57395535265362 2.625278094642821 3.797930022826467
532 0.3357009108211539 5.622046871085281 5.962233647532618
533 0.3478478514551858 0.393709202647185 5.960867116711293
534 3.880899818396221 4.64747745247691 5.563398770430424
535 0.6869942991243846 1.484759643657916 5.922713141348507
536 12.5977342157581 4.156730277622292 4.582754900727212
537 2.797119371610542 0.3146759293061858 5.183104453895787
538 0.4085372066472002 0.04596043574780978 2.749512880408031
539 3.869682831724225 0.4353393185689752 0.932433244945607
540 5.042190100394663 0.5672463862943996 4.832285285787819
541 6.304705536419112 0.7092793728471501 1.271896683865694
542 2.217171478052672 0.2494317912809254 0.7432874966828484
543 7.554638222278323 0.8498968000063114 4.563142653434632
544 0.4382107997412503 0.04929871497089042 4.235946292596116
545 8.910167322848999 1.002393823820513 1.601667184620463
546 7.521342758668323 0.8461510603501866 1.45729303871854
547 6.268865116084059 0.7052473255594567 4.711459982103944
548 5.029149167291301 0.5657792813202713 1.0840098985449
549 3.846761942385581 0.4327607185183778 5.074045125530476
550 0.3865873144869716 0.04349107287978406 1.747459940603622
551 10.32166756387631 1.161187600936085 4.205837343270856
552 8.903946793804119 1.001694014302964 4.390172898201802
553 1.70015183993388 0.1912670819925613 5.363469011222318
554 11.78991588729959 1.326365537321204 3.98800081349625
555 10.3228731009941 1.161323223861836 1.748479560771472
556 13.3610120801037 1.503113859011667 3.794977286946646
557 1.188510309116637 0.1337074097756215 0.6245253917090544
558 11.85880197109696 1.334115221748409 1.983825253701996
559 14.99491113635401 1.686927502839827 3.582097264619027
560 13.24659106379582 1.49024149467703 2.261649044652863
561 0.4045706618659814 0.04551419945992266 5.227609393627943
562 16.71790761916613 1.880764607156191 3.335685037650252
563 0.3942345448844182 0.0443513862994968 0.7865243644367721
564 15.92481920491422 1.791542160552851 2.620179934611433
565 17.56826779759508 1.976430127229448 2.75895676480823
566 18.46765631390837 2.077611335314692 3.078773536700846
567 15.016534305702 1.689360109391476 2.404623155968945
568 3.310400511835618 0.3724200575815069 0.8615856380308314
569 3.527799445288147 0.3968774375949164 1.382382486107986
570 4.091267282793093 0.4602675693142229 1.463690652021912
571 3.739993664182424 0.4207492872205226 1.908627013423317
572 3.183157081121059 0.358105171626119 1.829699920866966
573 3.391965584991711 0.3815961283115674 2.350513945829436
574 3.93739202872001 0.4429566032310011 2.402122179436265
575 2.84319956655369 0.3198599512372899 2.271312743301923
576 3.047998857398794 0.3428998714573643 2.787802596975981
577 2.505859006233201 0.281909138201235 2.708887011033922
578 2.707718415868051 0.3046183217851556 3.218672281031004
579 2.172870830136157 0.2444479683903175 3.143179422285944
580 3.249533485625872 0.3655725171329104 3.301837718898371
581 1.969812006727938 0.2216038507568929 2.633830799064933
582 2.371669702086002 0.2668128414846751 3.645236479147358
583 1.84333941633355 0.2073756843375242 3.5707891426144
584 2.040396309144987 0.2295445847788109 4.072650308380692
585 2.569641364717592 0.2890846535307289 4.147289376854153
586 2.637751361936791 0.2967470282178888 1.757724011378946
587 1.516310048798423 0.1705848804898224 3.995047111973986
588 1.320637940686413 0.1485717683272213 3.501747487215062
589 2.24065255450655 0.2520734123819867 4.541480194585197
590 0.9244312477598935 0.1039985153729878 3.973645321279886
591 1.199908705187859 0.1349897293336339 4.485201840256448
592 0.8152509660855173 0.09171573368462047 3.421018925246575
593 1.141843528473184 0.1284573969532329 3.007022847493632
594 2.76116357473108 0.3106309021572464 4.64337806997778
595 3.132714099524953 0.3524303361965571 4.214036133598119
596 3.331505147164819 0.374794329056042 4.748876591342746
597 3.65122410707164 0.4107627120455594 4.299041456536036
598 2.302772443620332 0.2590618999072872 2.199144313737024
599 1.765355671379072 0.1986025130301454 2.131509344445634
600 2.093388240819797 0.235506177092227 1.700378541704246
601 1.561744075972424 0.1756962085468975 1.639369032584977
602 1.25396711303735 0.1410713002167017 2.059319776067297
603 1.085020684604032 0.1220648270179534 1.571874911594349
604 1.373485648621868 0.1545171354699599 1.147866788353479
605 2.425758223708717 0.2728978001672305 1.257086430049336
606 0.8442057738086152 0.09497314955346899 1.061846923160796
607 1.449030519731828 0.1630159334698304 2.562466250322815
608 0.88599157176097 0.09967405182310891 2.522517915793616
609 1.6900818028745 0.1901342028233811 0.7026040879035315
610 1.201244396586725 0.1351399946160064 5.42219867880629
611 1.433624877981208 0.1612827987728857 4.951965438799673
612 0.8876830294098605 0.09986434080860908 4.978862661780874
613 1.723470898928983 0.1938904761295104 4.497089588226507
614 14.17197688427554 1.594347399480999 3.707781128221955
615 13.69453603974896 1.540635304471758 3.052014042384984
616 12.77183034830538 1.436830914184356 3.08414412655726
617 12.5059426871175 1.406918552300719 2.386820844229497
618 11.90535671768938 1.339352630740056 2.763060340990305
619 11.2010659077162 1.260119914618072 2.466081603550523
620 11.31828932740363 1.273307549332909 3.305132223562078
621 10.56637549082749 1.188717242718093 2.858755018207835
622 14.16156648253 1.593176229284626 2.343065179488096
623 11.06015520992978 1.2442674611171 4.093913339408878
624 9.608958518976097 1.081007833384811 4.290787270280862
625 9.175131168322119 1.032202256436239 3.742269146136091
626 8.486009717819513 0.9546760932546955 3.838622175414343
627 8.719026572493329 0.9808904894054996 3.221051708948334
628 8.06582086316924 0.9074048471065396 3.297987364956754
629 8.284470229404519 0.9320029008080086 2.69820030993207
630 7.654659950419975 0.8611492444222473 2.764309147360521
631 7.407988791177471 0.8333987390074655 3.383101960811589
632 7.009333439470233 0.7885500119404014 2.862210042718614
633 6.765498252893743 0.7611185534505461 3.465681850558184
634 6.374911989668532 0.7171775988377099 2.96168441178286
635 6.137373435266292 0.6904545114674578 3.551063935752382
636 5.755281138994873 0.6474691281369234 3.055976783709941
637 5.523272094038109 0.6213681105792873 3.631230370429394
638 5.149787068982529 0.5793510452605345 3.142857550571801
639 5.374954540078113 0.6046823857587877 2.576545057003882
640 4.922958936269906 0.5538328803303644 3.703019391071416
641 6.61470405057397 0.7441542056895716 2.34668997775144
642 4.560578897961594 0.5130651260206793 3.245239231083414
643 9.381451748657677 1.055413321723989 2.993278378829823
644 4.378751836117572 0.4926095815632268 3.809497656136033
645 3.94622112505094 0.4439498765682307 3.377990460777209
646 5.285973916254438 0.5946720655786243 4.212489537955452
647 7.9092814952125 0.8897941682114064 2.130060423864007
648 6.520615907271588 0.7335692895680537 4.075532020256663
649 7.815062078542304 0.8791944838360093 3.927078616479927
650 4.7802803570151 0.5377815401641987 2.727398836440651
651 4.902979502402042 0.5515851940202298 2.128387326025486
652 5.585188793077956 0.62833373922127 2.032299501998699
653 7.264191011831421 0.8172214888310348 2.199079511687084
654 6.803635967664716 0.7654090463622807 1.720573977827395
655 8.238072596762073 0.9267831671357334 1.522738243289755
656 4.706641262051988 0.5294971419808486 4.286947251691624
657 4.380830103063356 0.4928433865946275 4.882662899620664
658 5.65125409334676 0.6357660855015106 4.770358567246722
659 5.897892427043542 0.6635128980423984 4.158689068957426
660 6.9040854565374 0.7767096138604577 4.615968837043686
661 7.16131478478347 0.8056479132881404 4.005084323097446
662 15.82689350426249 1.780525519229531 3.473183158054872
663 9.600252947462719 1.080028456589556 1.692322285178685
664 9.185388172026691 1.033356169353003 2.236750575264099
665 9.955835704735904 1.120031516782789 2.408942492112116
666 5.630995399500305 0.6334869824437844 1.143321696819444
667 4.446283715436968 0.5002069179866588 1.008748070722731
668 4.663260044100227 0.5246167549612756 1.546678183389312
669 12.57374254659089 1.414546036491475 3.907656350079068
670 8.222039854472987 0.9249794836282113 4.475766805526903
671 2.974782174458532 0.3346629946265847 1.315011915927585
672 2.763826422860864 0.3109304725718471 0.8015930091314485
673 2.233383326927135 0.2512556242793025 5.317428826766346
674 9.847035019021606 1.107791439639931 3.64011614161843
675 1.649589040348178 0.1855787670391699 3.069839324832798
676 0.4134762419279808 0.0465160772168976 2.253248456129937
677 0.4302982821664856 0.04840855674372939 4.749999999995197
678 3.629751095183347 0.4083469982081264 2.847864156949244
679 3.47137254796634 0.3905294116462132 3.818016562393393
680 5.982719542261106 0.6730559485043744 2.479166054539015
681 6.191276741173199 0.6965186333819848 1.901800594987273
682 4.28810899828757 0.4824122623073516 1.979726188176483
683 1.893604911674996 0.2130305525634369 1.198432062879736
684 2.917108269298135 0.32817468029604 3.724181425320399
685 0.4265366541425513 0.04798537359103678 3.735786968937385
686 10.56955278150677 1.189074687919512 3.550258395114838
687 0.4024899469614313 0.04528011903316078 1.249999999994738
688 8.562476764935962 0.9632786360552958 2.144991610557542
689 0.3838426963187135 0.04318230333585502 3.249999999989484
690 16.75921596762328 1.88541179635762 2.498628764783905
691 4.174890101596372 0.4696751364295918 4.352008275228781
692 5.232985859180221 0.5887109091577749 1.600581512728168
693 1.963168482995214 0.2208564543369614 4.934098978434763
694 14.56411143908341 1.638462536896884 3.014930128447167
695 19.24055098481933 2.164561985792175 2.892605544330658
696 12.11826045060516 1.363304300693081 3.407162380271064
697 11.0588964011894 1.244125845133807 1.799219242645196
698 3.340377157179373 0.3757924301826793 5.249858999347243
699 0.7853395374902767 0.08835069796765591 1.939863440641123
700 4.205395489312755 0.4731069925476849 2.866918039778206
701 0.7318373301643704 0.08233169964349143 5.512680631024014
702 0.7235110471099783 0.08139499279987232 0.4990597299034316
703 0.7761064128530699 0.08731197144597014 4.484731223181704
704 10.00810548653961 1.125911867235707 3.049572642183258
705 15.34514378588996 1.726328675912621 2.999999999999996
706 0.7185229936011851 0.0808338367801331 3.029303656280343
707 10.62255036839274 1.195036916444184 2.264050840855205
708 17.62273756181582 1.982557975704281 3.472427854190597
709 2.43506862794753 0.2739452206440969 4.930749652565036
710 8.847480773360983 0.9953415870031109 2.680532926374859
711 4.422831275147496 0.4975685184540932 2.420910513971418
712 6.918815631243886 0.7783667585149373 1.175630638788284
713 5.81772795492417 0.6544943949289691 1.607819180810516
714 3.935222887912589 0.4427125748901662 3.960885611417658
715 19.57395535265362 2.202069977173533 3.374721905357174
716 0.3357009108211494 0.03776635246737907 5.622046871085283
717 0.3478478514551849 0.03913288328870806 0.3937092026471868
718 3.880899818403204 0.4366012295703603 4.647477452474766
719 0.6869942991243557 0.07728685865148979 1.484759643657918
720 12.59774779494753 1.417246626931598 1.843260382775088
721 2.797119371610609 5.685324070693804 5.183104453895833
722 0.4085372066472133 5.954039564252187 2.749512880408042
723 3.869682831724346 5.56466068143101 0.9324332449456447
724 5.042190100394827 5.43275361370558 4.832285285787647
725 6.304705536419428 5.290720627152814 1.271896683865596
726 2.217171478052725 5.750568208719068 0.7432874966828775
727 7.554638222278631 5.150103199993652 4.563142653434546
728 0.4382107997412444 5.950701285029107 4.235946292596138
729 8.910167322849439 4.997606176179437 1.6016671846204
730 7.521342758668668 5.153848939649774 1.457293038718499
731 6.268865116084296 5.294752674440514 4.711459982103827
732 5.029149167291411 5.434220718679716 1.084009898544892
733 3.846761942385712 5.567239281481605 5.074045125530446
734 0.3865873144869802 5.956508927120214 1.747459940603622
735 10.32166756387674 4.838812399063865 4.205837343270812
736 8.903946793804511 4.99830598569699 4.39017289820173
737 1.700151839933922 5.808732918007431 5.363469011222309
738 11.85880197109729 4.665884778251554 1.983825253702007
739 10.32287310099452 4.838676776138115 1.748479560771489
740 13.36101208010392 4.496886140988307 3.794977286946663
741 1.188510309116669 5.866292590224375 0.6245253917090865
742 11.78991588729989 4.673634462678761 3.988000813496216
743 14.99491113635412 4.31307249716016 3.582097264619065
744 13.24659106379606 4.509758505322943 2.261649044652926
745 0.4045706618659877 5.954485800540073 5.227609393627938
746 16.71790761916614 4.119235392843807 3.335685037650278
747 0.3942345448844276 5.955648613700502 0.7865243644367841
748 15.92481920491426 4.208457839447144 2.620179934611433
749 17.56826779759501 4.02356987277056 2.758956764808194
750 18.46765631390829 3.922388664685316 3.078773536700854
751 15.01653430570211 4.310639890608511 2.404623155968978
752 3.310400511835712 5.627579942418482 0.8615856380308657
753 3.527799445288251 5.603122562405071 1.382382486108044
754 4.091267282793225 5.539732430685762 1.463690652021976
755 3.739993664182537 5.579250712779464 1.908627013423398
756 3.183157081121147 5.641894828373871 1.829699920867041
757 3.391965584991806 5.618403871688421 2.350513945829533
758 3.937392028720136 5.557043396768984 2.402122179436299
759 2.843199566553764 5.680140048762701 2.271312743302014
760 3.047998857398873 5.657100128542625 2.787802596976092
761 2.505859006233262 5.718090861798756 2.708887011034028
762 2.707718415868115 5.695381678214836 3.218672281031128
763 2.172870830136206 5.755552031609676 3.143179422286064
764 3.249533485625955 5.634427482867078 3.301837718898502
765 1.969812006727983 5.7783961492431 2.633830799065035
766 2.371669702086053 5.733187158515317 3.645236479147494
767 1.843339416333587 5.792624315662469 3.57078914261453
768 2.040396309145024 5.770455415221183 4.072650308380814
769 2.569641364717646 5.710915346469263 4.147289376854301
770 2.63775136193686 5.703252971782103 1.757724011379019
771 1.516310048798447 5.829415119510173 3.995047111974097
772 1.320637940686438 5.851428231672774 3.501747487215186
773 2.240652554506596 5.747926587618005 4.541480194585283
774 0.9244312477598973 5.89600148462701 3.973645321279962
775 1.199908705187872 5.865010270666362 4.485201840256474
776 0.8152509660855281 5.908284266315376 3.421018925246623
777 1.141843528473207 5.871542603046763 3.007022847493707
778 2.761163574731138 5.689369097842745 4.643378069977935
779 3.132714099525092 5.647569663803425 4.214036133598248
780 3.331505147164943 5.625205670943942 4.748876591342851
781 3.651224107071734 5.589237287954427 4.299041456536207
782 2.302772443620389 5.740938100092706 2.199144313737113
783 1.765355671379113 5.801397486969849 2.13150934444572
784 2.093388240819852 5.764493822907766 1.70037854170432
785 1.561744075972466 5.824303791453096 1.63936903258505
786 1.253967113037381 5.858928699783294 2.059319776067364
787 1.085020684604064 5.877935172982042 1.571874911594394
788 1.373485648621906 5.845482864530035 1.147866788353532
789 2.425758223708778 5.727102199832761 1.257086430049395
790 0.8442057738086403 5.905026850446527 1.061846923160829
791 1.44903051973186 5.836984066530164 2.562466250322903
792 0.88599157176099 5.900325948176888 2.522517915793647
793 1.690081802874542 5.809865797176614 0.7026040879035667
794 1.201244396586754 5.864860005383988 5.42219867880628
795 1.433624877981237 5.838717201227108 4.951965438799673
796 0.8876830294098724 5.900135659191386 4.978862661780875
797 1.723470898929018 5.806109523870483 4.497089588226563
798 14.1719768842757 4.405652600518982 3.707781128221983
799 13.69453603974915 4.459364695528219 3.052014042385051
800 12.77183034830564 4.563169085815614 3.084144126557284
801 12.50594268711778 4.593081447699249 2.386820844229548
802 11.90535671768966 4.660647369259912 2.763060340990278
803 11.20106590771654 4.739880085381889 2.466081603550451
804 11.31828932740397 4.726692450667052 3.305132223562017
805 10.56637549082781 4.811282757281869 2.858755018207661
806 14.16156648253019 4.406823770715353 2.343065179488162
807 11.06015520993015 4.755732538882857 4.093913339408886
808 9.608958518976511 4.91899216661514 4.290787270280818
809 9.175131168322547 4.967797743563712 3.742269146136002
810 8.486009717819906 5.045323906745259 3.838622175414219
811 8.719026572493751 5.019109510594451 3.221051708948205
812 8.065820863169639 5.092595152893414 3.297987364956572
813 8.284470229404961 5.06799709919194 2.698200309931874
814 7.654659950420391 5.138850755577704 2.764309147360277
815 7.407988791177829 5.166601260992493 3.383101960811361
816 7.009333439470605 5.211449988059555 2.862210042718329
817 6.765498252894058 5.238881446549417 3.465681850557913
818 6.374911989668862 5.282822401162251 2.961684411782534
819 6.137373435266566 5.30954548853251 3.551063935752071
820 5.755281138995164 5.352530871863042 3.055976783709573
821 5.523272094038346 5.378631889420684 3.631230370429041
822 5.14978706898278 5.420648954739436 3.14285755057139
823 5.37495454007842 5.395317614241176 2.57654505700346
824 4.922958936270104 5.446167119669612 3.703019391071015
825 6.614704050574342 5.255845794310386 2.346689977751138
826 4.560578897961815 5.486934873979294 3.245239231083008
827 9.381451748658103 4.944586678275962 2.993278378829801
828 4.378751836117681 5.507390418436759 3.809497656135758
829 3.946221125051098 5.55605012343175 3.377990460777037
830 5.285973916254628 5.405327934421352 4.212489537955143
831 7.909281495212939 5.110205831788543 2.130060423863775
832 6.520615907271855 5.266430710431915 4.075532020256431
833 7.815062078542656 5.12080551616395 3.927078616479773
834 4.780280357015334 5.462218459835773 2.727398836440335
835 4.90297950240219 5.448414805979753 2.128387326025309
836 5.585188793078258 5.371666260778695 2.03229950199833
837 7.264191011831802 5.182778511168921 2.199079511686877
838 6.803635967665072 5.234590953637679 1.72057397782721
839 8.238072596762493 5.073216832864219 1.522738243289664
840 4.706641262052141 5.470502858019132 4.286947251691331
841 4.380830103063542 5.507156613405349 4.882662899620537
842 5.651254093346966 5.364233914498464 4.770358567246569
843 5.897892427043774 5.336487101957574 4.15868906895718
844 6.904085456537674 5.223290386139509 4.615968837043546
845 7.161314784783783 5.194352086711823 4.005084323097261
846 15.82689350426255 4.219474480770462 3.473183158054874
847 9.600252947463161 4.919971543410393 1.692322285178717
848 9.185388172027144 4.966643830646945 2.236750575264039
849 9.955835704736328 4.879968483217162 2.408942492112081
850 5.630995399500489 5.366513017556194 1.143321696819357
851 4.446283715437105 5.499793082013325 1.008748070722764
852 4.663260044100302 5.475383245038715 1.546678183389268
853 12.57374254659116 4.585453963508492 3.907656350079062
854 8.222039854473346 5.075020516371747 4.475766805526816
855 2.974782174458613 5.665337005373405 1.315011915927641
856 2.763826422860934 5.689069527428145 0.8015930091314833
857 2.233383326927189 5.748744375720689 5.317428826766361
858 9.847035019022046 4.892208560360018 3.640116141618382
859 1.649589040348213 5.814421232960824 3.069839324832904
860 0.4134762419279913 5.9534839227831 2.253248456129944
861 0.4302982821664854 5.951591443256268 4.749999999995197
862 3.629751095183481 5.591653001791856 2.847864156949241
863 3.471372547966391 5.609470588353779 3.818016562393519
864 5.982719542261442 5.326944051495587 2.479166054538653
865 6.19127674117361 5.303481366617969 1.901800594986886
866 4.288108998287679 5.517587737692636 1.979726188176483
867 1.893604911675045 5.786969447436556 1.19843206287979
868 2.917108269298209 5.67182531970395 3.724181425320531
869 0.426536654142545 5.952014626408962 3.735786968937402
870 10.56955278150723 4.810925312080435 3.550258395114746
871 0.4024899469614353 5.954719880966838 1.249999999994738
872 8.562476764936385 5.036721363944656 2.144991610557424
873 0.383842696318751 5.956817696664139 3.249999999989484
874 16.75921596762327 4.114588203642382 2.498628764783902
875 4.174890101596517 5.53032486357039 4.352008275228463
876 5.232985859180159 5.411289090842232 1.600581512727948
877 1.963168482995258 5.779143545663031 4.9340989784348
878 14.56411143908355 4.361537463103099 3.014930128447203
879 19.24055098481928 3.83543801420783 2.892605544330707
880 12.11826045060543 4.636695699306888 3.407162380271044
881 11.05889640118978 4.75587415486615 1.799219242645176
882 3.340377157179474 5.624207569817306 5.249858999347264
883 0.7853395374902982 5.91164930203234 1.939863440641148
884 4.205395489313021 5.526893007452284 2.866918039777986
885 0.7318373301643851 5.917668300356504 5.51268063102401
886 0.7235110471099977 5.918605007200125 0.4990597299034447
887 0.7761064128530744 5.912688028554027 4.484731223181728
888 10.00810548654007 4.874088132764241 3.049572642183279
889 15.34514378589003 4.27367132408737 2.999999999999984
890 0.7185229936012042 5.919166163219863 3.02930365628032
891 10.62255036839314 4.804963083555772 2.264050840855145
892 17.62273756181576 4.017442024295725 3.472427854190581
893 2.435068627947589 5.726054779355894 4.930749652565112
894 8.847480773361346 5.004658412996847 2.680532926374791
895 4.422831275147671 5.502431481545886 2.420910513971283
896 6.918815631244194 5.221633241485027 1.175630638788222
897 5.817727954924571 5.345505605070985 1.607819180810307
898 3.935222887912531 5.557287425109839 3.960885611417788
899 19.5739553526536 3.797930022826468 3.374721905357188
900 0.3357009108211533 5.962233647532617 5.622046871085281
901 0.3478478514551858 5.960867116711292 0.393709202647185
902 3.880899818403619 5.563398770429591 4.647477452474725
903 0.6869942991243826 5.922713141348506 1.484759643657918
904 12.59774779494782 4.582753373068369 1.843260382775145
905 0 5.572172309932471 3.249999999989675
906 0 0.4330127018924526 3.249999999990557
907 0 3.249999999989484 0.4330127018922772
908 0 3.249999999989484 5.566987298107723
909 0 1.732268599193591 0.4756066892170258
910 0 5.580012435355228 1.746914133366763
911 0 1.743449231937188 5.555434977372968
912 0 0.4330127018918142 1.749999999994081
913 0 0.4330127018931885 4.249999999992933
914 0 4.290187136236778 0.476764580820368
915 0 4.271544018304149 5.504003271399381
916 0 5.566987298106119 4.249999999993276
917 0 0.4218481522092677 5.230662432697539
918 0 5.227590363838345 0.4453529869047305
919 0 0.7959128095260777 0.4528486237189914
920 0 5.52048163464794 5.21317472253727
921 0 0.4330127018934861 3.749999999992045
922 0 0.8660254037840185 3.499999999989717
923 0 0.8660254037838391 2.99999999999113
924 0 1.299038105674679 3.249999999990248
925 0 1.299038105674629 2.749999999991943
926 0 1.732050807565386 2.999999999991052
927 0 1.732050807566055 3.499999999990126
928 0 2.165063509456144 3.249999999990134
929 0 2.165063509456087 2.749999999991871
930 0 2.598076211346847 2.999999999990943
931 0 2.598076211347675 3.499999999989447
932 0 3.031088913237834 3.249999999989908
933 0 3.031088913237551 2.749999999991744
934 0 3.464101615128318 2.999999999990709
935 0 3.464101615129852 3.499999999988802
936 0 3.464101615128254 2.499999999992355
937 0 3.031088913237376 2.249999999993301
938 0 3.89711431701912 2.749999999991456
939 0 3.89711431701908 2.249999999992947
940 0 4.324942007086333 2.499999999992243
941 0 4.329262850272762 1.999999999993598
942 0 4.321583562151432 3.004320213266707
943 0 3.896970288912653 1.749999999994266
944 0 4.329958986119465 1.499999999994804
945 0 3.903883789694845 1.261815154832368
946 0 3.465205855889306 1.501969192467822
947 0 4.749394443024462 2.253085866618659
948 0 0.8660254037839349 2.499999999992734
949 0 1.299038105674641 2.249999999993658
950 0 3.476888824680364 0.9292211796272326
951 0 3.031088913236439 1.249999999995919
952 0 4.331392094604405 1.009911777442801
953 0 4.760828284987231 1.247331749626237
954 0 4.763139720801558 0.7499999999960116
955 0 5.196152422693505 0.9999999999956246
956 0 0.8660254037855937 3.999999999992319
957 0 0.8660254037865662 4.499999999992169
958 0 1.2990381056774 4.249999999991144
959 0 1.299038105678577 4.749999999990687
960 0 1.732050807569499 4.499999999990274
961 0 1.733950544964813 5.012584132597652
962 0 2.165063509461186 4.749999999988811
963 0 2.165063509459735 4.249999999989616
964 0 2.59807621135159 4.499999999988627
965 0 2.595002431153082 4.994777628261254
966 0 3.025395131002604 4.74015500848463
967 0 3.030139949534892 4.24835916807109
968 0 3.462994490809104 4.498085696083667
969 0 3.474792450399094 5.071068113491034
970 0 3.897114317025463 4.749999999985558
971 0 3.896929796303817 4.249680949335898
972 0 4.330096265463288 4.499946824876687
973 0 4.330091139886446 3.999937962359502
974 0 4.763139720807978 4.249999999984401
975 0 4.76313972080694 3.749999999984833
976 0 4.776856144423299 4.784570162735599
977 0 1.299038105680177 5.249999999989521
978 0 2.181306368535833 5.24763421378982
979 0 2.66081445831389 5.518669230504965
980 0 3.744657044624094 0.4403714137978692
981 0 5.570345743044645 2.754320213266296
982 0 5.156124447836325 3.00936046208911
983 0 2.74999999998967 0.4226497308092144
984 0 0.8660254037835556 1.999999999994206
985 0 1.299038105674658 1.749999999995406
986 0 1.732050807565352 1.999999999994541
987 0 1.732050807565403 1.499999999996338
988 0 2.165063509455918 1.749999999995438
989 0 2.157759762767617 1.246846931652267
990 0 1.299038105674695 1.249999999997043
991 0 3.739063280441646 5.553527958995177
992 0 5.569910732613578 3.749999999991374
993 0 0.4311519436126537 4.746777072110822
994 0 3.897077583730786 3.749936485275056
995 0 5.578244112339271 4.721311848769329
996 0 4.771609871657629 5.577082432578422
997 0 0.4330127018924246 2.249999999992804
998 0 0.8660254037830739 1.499999999995745
999 0 0.8519806244472978 0.9962279460901051
1000 0 1.276875157733658 0.751603291593397
1001 0 3.031272953363954 1.750328198740254
1002 0 0.4330127018906663 1.249999999994738
1003 0 0.8638545191261693 4.996239917461976
1004 0 0.8143951686858211 5.539420065116267
1005 0 1.299038105676096 3.749999999990872
1006 0 1.732050807568361 3.999999999991067
1007 0 2.598076211346741 2.499999999992682
1008 0 2.262843313383069 0.4292632426499896
1009 0 2.540261171614944 0.9070179841913163
1010 0 5.577393656977307 2.254525937709571
1011 0 1.732050807565354 2.499999999992785
1012 0 2.597918050731428 3.999726528002354
1013 0 4.752615806460481 1.745749389426546
1014 0 2.165063509456002 2.249999999993651
1015 0 3.464292323925104 2.000382898530157
1016 0 2.59810688470101 2.000054699785276
1017 0 1.715463952346257 1.005892424091389
1018 0 0.4330127018924652 2.749999999991164
1019 0 4.307715309075648 4.988761427099295
1020 0 3.463722058124447 3.999343716456977
1021 0 2.165037149354899 3.749954421325457
1022 0 2.587258865856647 1.484041302393411
1023 0 3.895684285345462 3.250709449750161
1024 0 3.030841133017688 3.749571568749762
1025 0 4.325958392488986 3.505137565047274
1026 0 5.237677078623875 5.597773410485454
1027 0 0.4109746938057851 0.7647556786171921
1028 0 5.02603247607388 5.208706055179008
1029 0 5.158391908366113 2.503548746611216
1030 0 5.177097388544438 1.491402881095643
1031 0 4.743986740050556 3.253136373394869
1032 0 5.165817606454671 1.9992044924714
1033 0 5.165063509454489 3.999999999983785
1034 0 5.177870502826407 4.478429730263013
1035 0 4.742403851419203 2.7539086103288
1036 0 5.595835114657 1.249419195834471
1037 0 5.165084667161354 3.499999999989664
1038 0 5.598076211346758 0.7521206258262874
1039 0 3.000857781551355 5.183423160606029
1040 0 3.006891272783926 0.7927995358711081
1041 0 3.9380458750492 5.17347215419409
1042 0 3.949401777968097 0.8236168213041278
1043 0 1.250000000006166 5.66506350945136
1044 0 1.249999999994738 0.3349364905389159
1045 0 4.756183444173415 0.3344235135442221
1046 0 2.085454194512948 0.8124603622837875
1047 0 2.217114011753845 5.664347684333551
1048 0 0.3660254037854472 5.633974596213469
1049 0 5.633974596214157 5.633974596214157
1050 0 0.3660254037828441 0.3660254037828442
1051 0 5.635171437050194 0.3648285629487112
1052 0 4.631950456722317 5.214095733052994
1053 0 5.216662745736818 4.86900242326276
1054 20 3.357917274052476 3.357917274052476
1055 20 3.187500000000002 2.812499999999997
1056 20 2.786215379008746 3.223715379008745
1057 20 2.671875000000001 2.671875000000001
1058 1.438791249078113 5.388251751517709 5.399261549554343
1059 2.578487136143272 2.886751345940672 2.999999999990907
1060 5.005023918374213 2.99999999999998 2.999999994556335
1061 1.72532271946236 4.040851519236547 1.999958574855394
1062 1.725499565215143 4.041464822674426 3.999851438217118
1063 7.203590758131973 3.000000000000624 3.000000000000036
1064 1.683629295355018 1.957130166444268 4.110151114681452
1065 1.683629295349096 1.957130166445934 1.889848885312615
1066 3.782232537491822 2.102767486216828 2.102767486216619
1067 3.686558527790714 3.878193198821689 2.140180377428275
1068 3.706434041482559 3.857828630333489 3.857828630427159
1069 3.758677543759513 2.112838702237692 3.911659254167784
1070 2.129577487527064 4.712283412592714 4.712283412592715
1071 8.952147604506445 2.768898308062419 2.768898308060391
1072 1.289243568071652 3.175426480534567 2.999999999990744
1073 1.261457453711966 1.443375672971558 2.999999999991081
1074 2.66870919502231 4.312042034718766 2.999738521488363
1075 2.530011575702547 2.998842496667099 4.359746747479228
1076 2.530322578832307 2.998565980692936 1.640234112325019
1077 1.219102095507795 4.606281789508852 3.003956599995471
1078 6.104307340186288 2.219325924472548 2.219325924473152
1079 6.104307340164015 3.784874462931183 2.228136268108732
1080 6.096642416720154 3.777404274661661 3.777404181398248
1081 6.095791567816561 2.224605763075248 3.787576743079243
1082 0.6723964365055028 4.920113102185956 4.920113102185956
1083 2.550455677190379 1.589769534179629 2.803707027203631
1084 1.258411142049792 3.037727798248745 4.611857445213572
1085 1.308253635511649 3.036436871636029 1.386304185958747
1086 2.811714658220168 1.548856410489228 1.548856410489228
1087 2.800979717899262 1.538058862004756 4.455597813411858
1088 2.7863046260043 4.464637521137251 1.53198214667643
1089 4.618190129255448 1.776627537281275 3.020096250023403
1090 4.588689480905813 4.217660558210664 2.992826094608434
1091 4.59658980087062 3.044094393358373 1.782067347016793
1092 4.611367400580628 3.022071425371901 4.222745289497911
1093 10.74855166424568 2.99999999999705 2.999999999999979
1094 1.15263429271787 4.719246162220546 1.26350415892122
1095 4.975372190887049 1.808323586079896 1.808323586397086
1096 3.790230594872248 2.976049829498957 2.94905680887699
1097 1.118236150703483 1.240851760908692 1.240851760908692
1098 1.011891648686416 1.15470053838013 3.999999999991384
1099 4.92639185652818 1.818191364003107 4.225026520884487
1100 4.804184662169373 4.263863322370531 1.775285544605588
1101 4.831271759990838 4.240834316332636 4.207157477047345
1102 8.281082496635728 3.653190998011702 3.653255697471877
1103 0.9644888015914242 2.309409839761558 3.499984822014244
1104 0.9574372228922291 2.30940107675295 2.499999999992736
1105 7.98333519850619 3.687205474058166 2.174021792336392
1106 7.983306526666336 2.173958776466438 3.687047853119323
1107 2.926887251634079 3.980757866782682 4.605744547582117
1108 0.9831601872564916 4.726153362658497 3.978775840447899
1109 0.9952651652749889 1.943822739998236 4.871959552984606
1110 0.9349577510461228 1.054044111941576 2.174342044689772
1111 1.682080256879037 1.192131419253086 4.787408922420285
1112 0.9031075769108822 3.608581535228027 2.250246562280263
1113 0.9031094208162184 3.608540658661358 3.74978179228389
1114 0.983066857323101 4.001867159553155 4.657949192685793
1115 1.811757612862293 2.263805611754211 2.993993274457447
1116 3.587838136987923 1.462842048591172 3.068595224146687
1117 2.003400015764238 1.180160532551798 3.593887458234633
1118 3.581942140795294 2.99857599439063 4.46018430834613
1119 3.581821073440246 2.938216604885288 1.470285268169583
1120 2.754004120599253 4.699656002867827 3.923906489120206
1121 12.23956939044068 3.172656773694194 2.827452187950473
1122 2.574890841420235 2.122923107850248 3.6624428918909
1123 7.381979008743026 2.097086088334708 2.097085693806418
1124 0.8956919210429386 4.533381965671085 2.136414636471506
1125 0.9225091275309724 2.143912428447662 1.025940806062648
1126 3.742907490648533 4.569234400525232 4.569234400525209
1127 2.015791344930548 4.820565016593629 2.496133821594367
1128 1.752744471058181 2.871088978448479 3.794972274214905
1129 1.983017735846427 3.635834180161849 4.838475139923681
1130 1.779428643582162 2.855876686905975 2.23120158185125
1131 3.77832886522922 4.585969328761271 1.433692181439444
1132 1.995756454623522 3.669562945188188 1.15331682603105
1133 1.874339055594001 1.126939447112845 2.317100774899278
1134 3.781814241298345 1.401062802074967 1.401062802074967
1135 2.633602456124378 3.780889369718651 2.195183124239516
1136 3.76753759413443 1.41564644555778 4.609286337116987
1137 3.643539869763788 4.575317143840565 2.879290604958213
1138 7.223364627319881 4.018773880186391 4.018774206887314
1139 0.9091297184949922 3.841559511707823 1.033877936696415
1140 2.590766126252263 3.729040597740712 3.749931395510276
1141 1.898055589493919 4.861640652392692 3.590406324045654
1142 6.104307338264158 2.997756781218882 2.995531078892916
1143 2.055892248395605 1.14491350625838 1.14491350625838
1144 2.838385226111809 2.268903040829009 2.186222055810985
1145 1.834528466421156 3.919065319949557 3.088131840130394
1146 1.950812871146928 2.455432448233287 4.858103650178898
1147 14.8062544168605 3.000000000000009 2.999999999999993
1148 2.015169024778523 2.400428553415269 1.130624892994415
1149 2.101000586947293 4.891197884857532 1.116959616671797
1150 9.609851894600519 3.582326284746967 3.593507184382342
1151 7.005435610632079 3.170897245301751 1.888208888195737
1152 7.001282989533512 1.888285432900718 3.175516542370636
1153 5.644106426173224 3.00509027725045 1.692410056700461
1154 7.077185227893843 4.090040998156075 2.720660612934366
1155 7.07213562578054 2.715152920301392 4.089254516252431
1156 5.633300919448803 4.312075479751776 3.003018948730776
1157 5.660142257141849 1.68766301152705 3.002861430157429
1158 5.649730727892294 3.004747553927935 4.316427801891859
1159 3.014059838384548 2.358174926228856 4.78970162678178
1160 0.8287386189744353 1.820262466233814 1.811230915638338
1161 0.8286014611258574 1.094456587193693 4.896113217105649
1162 3.042160684555811 3.638380221475547 1.231274208921874
1163 2.906329287823039 1.225606136975518 3.613571218546374
1164 0.7796113690540101 3.915153072192719 3.000408285846257
1165 3.377908750679084 1.27769911362943 2.204841592760472
1166 9.03422228010899 2.565626485768812 3.886782876739478
1167 8.916565956105016 3.888988406630019 2.760790587467468
1168 1.451165251889373 4.934698464713565 5.04951906908717
1169 3.199183879239433 2.787250711287963 3.660237081780918
1170 0.7413808074818976 2.453791266962697 4.24990885443786
1171 2.963402617678438 2.355358234721497 1.199591659161381
1172 2.983399252756213 4.804194306968258 2.32959658896411
1173 3.203734679438661 3.087751361541891 2.274300604700936
1174 3.230614975844532 3.638705005144411 3.140526019773715
1175 4.265050493026459 1.372742108523862 2.300773308783356
1176 3.999884199996897 3.72078766016879 1.309450166147766
1177 4.317392069265863 2.273934404767264 1.388311104421145
1178 4.089795417094305 2.323190725774284 4.696539470637639
1179 4.005774925778256 4.694238802233214 3.718412146629124
1180 10.14912036071904 3.720999274091952 2.278770263437655
1181 0.7465608740781129 2.875469170163928 1.980616821254582
1182 0.7602796786273275 0.8716435754401881 3.249999999990421
1183 5.851926075373184 1.585207723279984 1.585207723257654
1184 4.048147346363431 3.733079857332838 4.677398676990345
1185 5.735486235455613 4.389722590574965 1.580719074814663
1186 3.137168880844651 2.21784436248568 3.003347744306799
1187 5.187374225237669 3.573892558816707 2.281377348961657
1188 1.481602439045054 5.062974625998175 1.927583096282377
1189 8.484950348607194 2.06150360550343 2.061510922781756
1190 4.211110805084194 1.366991745697421 3.705607574122726
1191 5.817076864305762 1.569343990306679 4.404284371186114
1192 4.510917781526638 2.474495330065634 2.468424339790976
1193 4.387271108808225 2.529504269291434 3.437048099800256
1194 4.368812687592696 3.418263027781543 3.459371852029917
1195 2.958391992226996 4.805656049465054 4.725667459282859
1196 10.15081186480612 2.278393510931603 2.27996989644799
1197 10.11818329405071 2.203865449419127 3.795805552050128
1198 0.7346374946637814 5.156104361935547 3.254762415079069
1199 5.757338715963563 4.416650571336804 4.416650504803019
1200 0.7551907076210325 2.765600125057202 5.158655690675046
1201 6.892876792658696 4.145212701328472 1.748879063827324
1202 0.7680416159046283 2.886016700308784 0.8452038748295629
1203 13.49150196109997 2.852749763934364 3.147229476665359
1204 6.883374562668928 1.745057078398199 4.148014708409002
1205 2.437589233387929 1.060392358454022 4.964968451950042
1206 4.359788393164584 3.502204211008069 2.54871584950151
1207 5.22754031008999 3.698688097223038 3.532678741528345
1208 0.7353900562245461 5.190665543266735 1.694817396653888
1209 4.195442889938569 4.69034704537039 2.221026746032386
1210 5.244115311877718 2.493295351548489 3.700826537212917
1211 1.586387618704976 5.074017845044581 4.305321453363372
1212 11.61437961723278 2.425318506964421 3.574260335091366
1213 1.599466774759042 1.77198346571085 0.9404814826848084
1214 0.6747923751853976 2.970797587166733 3.499755942198142
1215 0.7294518893795012 1.607765373211433 3.487493034077439
1216 2.630772055315489 1.059185044039994 2.13100365062675
1217 0.7477022704312009 5.165638516012375 2.507191096219653
1218 0.7154476309541729 1.628151127333617 2.55960823888379
1219 2.345129233908649 1.817400495600256 5.000620597011324
1220 0.6973560617850716 0.7783861964152626 1.569099157857079
1221 2.168254191265572 0.9454250395478891 4.280697463783458
1222 7.881790308783616 2.83699109576381 1.775152404610274
1223 0.6740518306347076 1.738006286206046 4.249999999990657
1224 2.340313926246127 5.005325204735398 1.831617994810301
1225 2.14357895110233 3.392785332661822 2.631430158024221
1226 1.675261533203777 4.306063404787544 0.9180386116540074
1227 5.109914041643012 3.582024213356801 1.372828832440315
1228 5.343835578338002 2.348516629968894 2.573935106663901
1229 1.555389812019043 4.192785922258532 5.105660355363507
1230 7.974498183445732 2.960535741961071 4.216101992748257
1231 8.874790351178659 3.321169468333935 1.952287540210318
1232 7.978784934242909 4.216990176612334 2.961916869151195
1233 0.680040161735824 3.680538115330527 5.239350316971197
1234 2.429297561069344 5.014434425355807 3.087587749981393
1235 5.11599675978814 1.356486743776393 3.549856534257411
1236 0.7134253643000529 0.7814783356607566 0.8343267104713169
1237 0.6996066888147582 2.942827187457773 2.684068858485798
1238 0.74252520401324 5.18736477029017 0.820378615298381
1239 3.915496312755589 2.156948359987445 2.879961912916366
1240 7.968040044272837 2.462159267570968 2.768336352363915
1241 6.471356897669624 4.417936592774192 3.28506247503009
1242 10.78894886234901 3.776075073938188 3.743204929102557
1243 0.7019525427364749 4.008091943512521 1.695260136371178
1244 6.483251859039608 3.294673979694658 4.414543118536587
1245 0.6445973211622735 5.276422636328602 4.236405328058508
1246 5.106911636532324 3.567239068831554 4.633995117147446
1247 4.586517768471676 1.300011265736961 1.300011265174114
1248 0.6607324048150367 1.531293335123609 0.7840347987855245
1249 2.669930392112146 3.390270189355435 4.974436245899523
1250 11.53030615970115 2.353983841304375 2.387622032598386
1251 5.061476272810046 1.352765519455156 2.480730048211369
1252 2.989969115088833 1.031810247625164 1.031810247625164
1253 1.606740217855549 0.90609329724609 1.671976266159997
1254 0.6869905728431602 3.148777678325975 4.227662484550041
1255 5.071394186228916 4.646671749182051 3.51982765771137
1256 1.339353283846919 4.04662401856699 2.59093756418875
1257 0.6749646903286971 4.464890212229408 3.412975176323652
1258 2.391342065390127 1.78253798876961 0.990681939859269
1259 3.252418442153576 4.335858841843717 3.483183062148
1260 5.083499605414721 4.626376876600777 2.467196037694047
1261 1.733686030240109 0.8976466185614148 2.986901583399883
1262 3.174194915054026 1.136400340748478 4.953471465307653
1263 6.415750561028988 2.645471171172947 1.532494973652405
1264 5.105744803267525 2.48379904521952 1.369420473515356
1265 0.6688878627325736 4.473191396249407 0.7956794690824651
1266 2.367095571785639 3.004946954926572 0.9315415017712987
1267 8.70642303444472 1.881987984389783 2.956431737722389
1268 6.426797523523071 1.535514773552241 2.636179825315069
1269 3.924696219740784 2.855214154758061 2.151769149161938
1270 2.351285410286431 1.733144467182137 2.085896075618653
1271 2.433842313338693 2.189748329402906 4.377173149857341
1272 2.129783578086328 3.319878659268753 3.368954647266548
1273 3.196803054427256 4.972168813160348 1.184573835802329
1274 16.00594154515327 2.904941543886181 3.076066298454147
1275 4.950363027345454 2.468544393779501 4.711225925497602
1276 1.647941255469938 1.86107256221342 5.150592144685374
1277 1.187331170929604 2.412464669245888 1.687404615158644
1278 6.667903565533999 1.837957087267819 1.692038975400195
1279 0.6206022980296262 4.101478895983955 4.103941554793962
1280 3.648325609688681 2.079933024209048 1.13580104254486
1281 1.268421476480788 4.130902656126868 3.496131212530964
1282 1.967005599607631 3.398696211507806 1.810844586219513
1283 4.565171245199293 1.270622529768231 4.712450666911018
1284 4.513291741987573 4.768663229159318 1.261821411319366
1285 8.992468265571931 4.098487424299892 4.098487424299695
1286 2.388062970380934 4.244282372683275 0.9768198211892771
1287 2.435894905589528 0.9462315957910055 3.08142489073984
1288 1.994668894769658 3.414363448503726 4.170825908355687
1289 0.6103757674055206 0.7023421679087258 4.283507680878724
1290 0.8987767906281784 4.354666665940713 5.245626089128764
1291 2.358394385651218 4.219546052362088 4.25983262404872
1292 2.249590182688921 2.369391231628869 1.796288384917155
1293 0.5987292933290931 4.478262467685084 2.71805697966502
1294 6.302363194259923 3.462315714614089 1.494469179681022
1295 0.5981440230694364 2.094564415062141 2.999999999991011
1296 3.331758669247565 1.045112225942136 4.168488606824468
1297 0.69368734686425 3.349014982268992 1.474516979948611
1298 1.345771512531358 3.527956060853987 5.099728513281915
1299 6.326566681953727 1.495256038074667 3.461527348691761
1300 3.915847116513082 3.93382734866079 3.145762576892008
1301 1.353986451081798 1.562766469938139 2.337934817092217
1302 1.665411217880013 5.129971891370547 3.001062217861934
1303 1.514507789676649 5.144023953754044 0.8298061217890494
1304 11.82080056989617 3.68175924523502 3.684139217337504
1305 1.672069963411322 1.766037271917164 3.44875533437822
1306 11.3633109807283 3.651032481961295 2.348955649302454
1307 6.232701193271371 4.547443522689735 2.497290186913172
1308 3.152814242597342 3.481177729241456 4.13302049742197
1309 2.500097407567452 5.09467866167348 5.09467866167348
1310 8.666053801184601 4.187406549877307 1.888098667242876
1311 8.03747280953028 4.248665860652365 4.248697833572439
1312 6.611101942783097 4.440172049641329 4.440172070387243
1313 1.274507296399691 3.644834707832913 1.68398707857358
1314 0.5907744038052832 1.627470382552617 5.285955824883919
1315 2.404248659726105 4.156901119532242 5.033131918332898
1316 6.229603210035305 2.481218092883196 4.549854871956598
1317 1.401452043221994 2.610053575889196 0.8506684709500545
1318 2.155480238213297 4.148205826728856 2.525185606765084
1319 3.904450876940402 2.955265421509002 3.797854144315904
1320 3.149052242195022 4.143376093663287 2.511756678171939
1321 1.34462899671891 0.7840147674970593 5.219970535730186
1322 0.9556953105996646 5.308780330288172 5.308780330288172
1323 6.824925768696016 3.382249386686153 3.644066203673186
1324 3.39266242114735 3.521349633162556 4.941329186816639
1325 3.089953486864608 2.096966823934732 4.1409215601751
1326 1.869548504086552 1.628610774388685 2.770125926521056
1327 2.198770721321279 4.251577798663867 3.557645004297179
1328 1.848745036844642 3.054111984576385 5.164287892641106
1329 1.923031348636825 5.255247413411806 5.255247413411807
1330 2.434238310811252 2.79832703650467 3.705220537076557
1331 8.637197662615245 1.824692175262992 4.180064798978332
1332 1.468725990027675 4.434807993414711 4.48286759352334
1333 2.466393593998876 2.867096037915766 2.317020946854145
1334 7.779662332215681 4.351789115371997 1.658413704518955
1335 7.779645774721013 1.658450769950282 4.351761199793422
1336 3.263818150310761 4.282785965708203 1.043589809514794
1337 1.354502970060207 2.381387189562779 4.512186819534271
1338 2.255680654282665 5.102805069535182 4.164332031996677
1339 1.511658197626875 0.7928721758825164 4.271636536792436
1340 1.550844333452681 3.474091308322111 2.325009323772701
1341 1.547751000335926 3.537678357260409 3.604514163607431
1342 1.730340838654474 4.553955209736248 1.5653556541821
1343 6.253822084415374 2.216776577868513 3.008211242449292
1344 1.515322248230432 0.8422963197096376 0.8422963197096374
1345 0.5638290803225463 4.616090365818171 1.494223366925238
1346 3.343096621591179 4.977692434384099 4.170913144240141
1347 7.803840711859134 1.662518341699875 3.007147519934956
1348 2.272496821469905 1.623683337869928 4.034896948639697
1349 6.238510445473514 3.004751513351202 2.215334452290313
1350 3.078357201192355 1.049539442343907 2.803781035678499
1351 1.318090336640811 3.593969218176139 4.262334875359805
1352 0.5985424578759366 0.6669068349782248 2.655116522089547
1353 9.308117430792388 2.490016222601313 1.927424639131543
1354 7.999063847764459 3.297892233222998 2.931877760548364
1355 1.496522084672882 3.348641554279094 0.7991653977425344
1356 4.207096813892452 3.025206460355437 4.82176288222266
1357 2.303096119775458 4.007597185234802 1.651169304746287
1358 1.36059037924618 2.467374775344569 5.178145657859391
1359 12.65941451378757 2.409822659211009 3.599350749250586
1360 2.450074116869228 2.263872290828269 2.748962754176008
1361 1.307651479282401 5.186097895548549 3.608205013993984
1362 4.235460504372524 1.175757057591517 2.985635460894044
1363 9.639022278758901 1.990498339270795 3.014899939351039
1364 2.527331742554393 2.739469017907673 5.048759717657061
1365 4.502314539661405 4.735452751347175 4.735452752009667
1366 6.808542775145785 2.504586820431994 2.495391715549382
1367 4.223751163447513 3.052523524512759 1.167425417257203
1368 1.131762204163337 2.823565237663759 3.913912187245056
1369 3.342988611429339 1.794667748544992 4.981719203528833
1370 3.109050004533039 4.998135471752777 2.978336577121613
1371 1.431820895614652 0.812991963893925 3.589599571050772
1372 5.616924364688898 3.565211163731027 2.90097328686988
1373 6.374576451387009 3.723667132407446 2.952726975310593
1374 12.80222260097346 3.416540564145 3.63971087414479
1375 3.046692441228361 2.999705861552713 0.9914044992103197
1376 5.821796790291726 4.621685187139678 3.679701405660639
1377 4.270674383897986 4.849325061850104 3.075907172519411
1378 3.405632288269615 4.99244844978143 1.83118830139517
1379 0.5544953345667581 1.369817433601114 1.49999999999623
1380 4.344923461247699 4.082859236004274 3.678738808811382
1381 0.583842824360459 0.6739640209503938 5.314044616899201
1382 12.776630549347 2.408907538303813 2.37394127613126
1383 1.281034954010264 1.560106851354551 4.431455402609839
1384 3.244824850894001 2.031130918192783 1.71186376621898
1385 6.177248597909113 2.987141925941771 3.759375850594906
1386 3.243700532462461 1.813068512022196 3.540947191968826
1387 4.415432274050829 2.269957704933609 4.082957312719539
1388 0.6390641365307155 2.601564514393076 1.408079978943267
1389 2.549320615391122 0.8948151182634709 1.499853077123288
1390 0.5299492484022579 2.309421528748357 1.99999999999452
1391 1.871312955164854 2.903802582883401 2.950494705185632
1392 1.253527168033033 2.549393556372785 2.997927237471436
1393 3.28926513515006 4.31117391914381 4.150705412572504
1394 5.854881242322575 3.683621617726308 4.585497842026873
1395 2.58237774669738 3.662315313940982 3.038776579123575
1396 5.784151547497639 1.368508157849483 2.295918943984719
1397 5.554652393694317 2.260215340247431 4.333603041558142
1398 3.315953887750418 4.327901979815152 5.016838145118305
1399 3.301809582726627 0.976830388329839 1.616640462692201
1400 3.151084379824986 1.670061578636035 0.9968775303915902
1401 3.128169253226594 3.966093128784094 1.798352646169793
1402 4.332678312126739 3.776447387467111 1.913789414815426
1403 1.578530449065741 2.289371115895678 2.411861011790956
1404 7.45794296279766 3.731594281044101 3.317348578441953
1405 1.890451795544598 4.544329898210264 3.04725815125301
1406 3.471853954730104 2.525990032314842 2.515035276313309
1407 1.224776790954089 0.7476572091750757 2.644381712084545
1408 5.770618408198739 2.302552511810946 1.584566185852991
1409 1.963972096342439 2.291288154695999 3.65030082971607
1410 3.283599539011562 1.873836096399326 2.463525992631966
1411 1.226259660741339 1.404804445637486 5.281818334271306
1412 1.431788024840261 4.633922626501004 2.425231168099736
1413 0.5765124352419788 3.366850350133265 3.074484700022219
1414 4.212410732419959 1.74294884553119 1.760624882712698
1415 5.2237985129912 4.778495011464459 1.277104534838871
1416 1.133956284103031 1.855773645774646 3.868910022877579
1417 0.5024038841248568 1.010362971080842 3.749999999990563
1418 1.961075989776389 1.425243686158089 1.700151924064098
1419 8.34547390942217 2.86702739102799 3.51197670242771
1420 1.1103792253288 5.272640974207246 4.65343813495469
1421 1.869624987365772 2.821731808588285 1.576356061410965
1422 1.821981849095875 2.86862966293565 4.412383188787395
1423 0.5560778534686937 4.080041718500376 2.289302088082592
1424 0.5670704484501581 4.62288895591487 4.404636698915637
1425 8.735437850401006 3.256356904696156 4.203511788042203
1426 9.831716297050201 2.893386508206344 3.020352811348463
1427 10.80855887327783 2.844133679924457 3.937398052419339
1428 3.484528933243206 5.030905521708891 5.030905521709164
1429 2.507133843335658 4.457104855712159 2.099609505822754
1430 2.771578363346616 0.9100396847524757 4.453968927001795
1431 5.550920483461353 3.07610968887891 3.443165332680191
1432 1.204189233448086 2.982512331689336 2.357430905171161
1433 0.5717939276107735 3.456446455795934 0.6697747321477324
1434 5.029157222240467 2.901072208734339 2.302245593212557
1435 0.5678473811611193 3.243980774349104 4.822422564717401
1436 6.732807967134217 2.607884317670752 3.430447638999322
1437 3.069804509661819 2.671167377527418 1.74577098190146
1438 7.239095496722015 3.376440120127722 4.425297064974063
1439 5.294719978889875 1.236524934464426 1.313711392852067
1440 3.524044964001808 0.9901983565851427 3.533319075132526
1441 0.5133841359612377 0.6294857001394104 2.09030121527351
1442 1.264231778713769 5.302965597398979 1.408565323075468
1443 10.82738546900417 2.073814289466643 3.181673001607731
1444 0.5140268243944243 1.323508497812408 2.999999999991093
1445 2.541792904540287 3.598299605869208 0.8635268028100345
1446 1.34953407184911 5.229676420551786 2.494359488393008
1447 3.595768932168723 5.024373539339755 2.43479397450252
1448 1.32908373116343 1.495796765742151 1.741836009563965
1449 3.587890261348686 2.531747332139016 5.035885121097674
1450 7.906236086244583 1.657239962426369 1.657240879337293
1451 2.276722811885886 1.679213511485611 3.351186058349584
1452 3.118084362505727 2.947951594531057 4.984459329097924
1453 0.5895732629566806 2.225712841848202 5.37544018508281
1454 0.4822102444486994 2.453615767038029 3.749817568111802
1455 7.527526136771835 3.630230633096951 1.554304039205177
1456 0.4882426045191841 5.041855916789247 3.749994785958817
1457 3.889016800414073 1.038662829399759 1.912151181541552
1458 0.5081089209771924 3.929955447724209 3.500229264023651
1459 3.442399152680204 4.952947004566678 3.531570885786984
1460 1.923580452653592 4.651612721959071 5.262233913753138
1461 2.495017000487985 5.19044801021169 2.395824607691466
1462 14.03309396838213 3.443080077884947 2.556445024638067
1463 0.5595426276226142 2.342293492524945 4.798901473491351
1464 7.215288114400863 4.439463674788621 3.395106352829546
1465 1.937726661931562 0.7820324060527868 5.140355213893407
1466 1.239932680770048 4.260859348955479 1.733878783644471
1467 4.610458413048477 4.01260021792295 1.158871401721383
1468 9.452720293039897 1.868356545703187 4.133119069832509
1469 3.707829203318494 2.492876635997075 3.391468685106926
1470 9.45550399434727 3.910958790739623 1.806659478994686
1471 10.21488119319775 4.014839658011484 3.112014826777462
1472 3.568530177302822 3.478214713869606 2.623374235762839
1473 1.735536614655481 1.328319715402779 4.112123117849002
1474 2.838114870516518 3.252562798715994 3.432962946122173
1475 1.969804295365514 1.667168091026219 4.553962140050642
1476 5.273386197456457 1.294420964014457 4.770838146571982
1477 0.5573054884561693 2.376616306737527 0.6136301601071543
1478 7.444513419808871 1.532327647759327 3.680774128345678
1479 16.99190195003441 3.156813789532688 2.84283661022054
1480 5.530111555877608 4.169310401714824 2.203100228907352
1481 3.570411071938394 3.366238425651765 0.9956146634402219
1482 1.919944479463635 4.609340479231852 4.131837287776215
1483 4.946114404312469 2.347634388435379 3.122803760895724
1484 4.10876845306877 4.141399968334137 2.559818657791832
1485 4.250887025313174 3.578490412605438 4.078820994105425
1486 10.82967628964482 2.89946508618358 2.063690755063216
1487 1.227878674192293 1.390937340803285 0.6766331444977832
1488 2.674522735748512 4.788968990730954 0.9064431492776477
1489 4.915387736384648 3.648693569740654 2.883699487888857
1490 12.77572914502592 3.709148288778183 2.290735812769447
1491 6.368958689617996 4.622331811903774 1.803769179317575
1492 0.5015732603007671 4.978312750494587 5.447795847770468
1493 8.63103877237913 4.270331166778623 3.361865783585525
1494 5.761342225948644 1.255378455148255 3.786877123633027
1495 1.311984655261311 1.996467737547398 2.834832673399518
1496 3.068678690242483 2.702256774324177 4.276146561689937
1497 0.5103910887871537 1.934055324135287 1.355177881819337
1498 2.469201401888321 0.845572757618369 3.771030898992795
1499 2.019549625682902 1.381512836935274 5.236981992408846
1500 3.527916888106752 4.477003773946863 2.152524439073015
1501 4.273867627549292 1.665209300229876 4.282369440145577
1502 3.171510861517403 3.06307648731556 2.899738691527157
1503 2.543211753370005 3.601144665485278 4.337156791337392
1504 9.132410240344026 1.744393616963371 1.744393616962476
1505 3.739476698399779 0.99440093884891 2.638720387860551
1506 0.5207917079995498 1.423818499194825 2.07026618981627
1507 4.616070779186195 4.856834859381999 3.990273181564592
1508 4.144262062034478 1.940039436321328 3.434170553399823
1509 1.847858456873043 5.261117776723604 1.505298318849717
1510 9.870650801358492 4.143167286943916 4.148540899605218
1511 2.517262506101888 2.412406827875492 0.803007769674886
1512 4.64500645137532 4.034022323049514 4.834992702186336
1513 4.922928883124495 3.110321807881213 3.646518224539973
1514 0.4966739649602193 5.44576143363966 4.972949590682454
1515 4.720189936746782 4.015689841155033 2.377848004434636
1516 9.77248779524977 2.914773556409749 4.072362414358744
1517 4.765688689375716 1.200557802319383 1.919447975683815
1518 4.090391231486203 1.01561796529597 1.015617965295969
1519 2.426945512416996 0.8097387332923413 0.8097387332923414
1520 5.751877235246624 3.789670537010655 1.248522245601374
1521 4.738511364383495 1.198055780954907 4.074262351928812
1522 5.530909856752642 1.883744788057812 3.637426973432186
1523 4.59883092290369 1.920770785216681 4.791439292995092
1524 14.24739255384167 2.486636075822346 3.513542676570428
1525 4.761833870906241 1.979305434290904 3.621027256784817
1526 4.182061483691304 1.751352845917476 1.061206525215629
1527 14.1716990406262 3.494512777606928 3.483148348808206
1528 1.208730458343085 0.6779073136287068 1.323488307322021
1529 2.992690034954662 3.371809704042922 1.777581505111727
1530 7.1874818405325 1.500834538869063 2.53960653096665
1531 2.135682234841953 0.7875126585607631 1.909027722548897
1532 14.17275174606679 2.517010192426441 2.504857368234745
1533 3.952220410939853 1.030825348474049 4.158643695473735
1534 5.216056974395994 4.745782539255415 4.745782539256139
1535 7.172595938731067 2.531055819083561 1.501523759641563
1536 4.676955815995255 1.85903351885004 2.385244627377754
1537 7.610728491393122 2.80702437676543 3.58847463859072
1538 5.648954594456047 2.471227838344491 3.162328285232326
1539 8.489029650653535 2.492841741238666 4.407626720365708
1540 1.17934578316279 4.197321776065793 4.054255619268917
1541 0.5227723221990486 1.233301737726392 4.445522665177285
1542 7.349595654897875 3.466430363996204 2.458985276329342
1543 0.5359804438214949 2.627754360693952 3.098595706673529
1544 1.970725317099602 5.263830062228017 4.684805535378691
1545 3.641860368426665 1.506616452694752 3.899898260533661
1546 3.947163245475946 1.827994229834863 5.015463987146953
1547 0.477595207919646 3.279080509477801 2.320465955453106
1548 4.82333018156872 1.905333374027669 1.170577174334596
1549 3.584606153096535 2.057041961188117 4.4905209499581
1550 2.594420929409914 5.186022424346841 3.62849393429634
1551 4.196695121516923 4.217533945871192 4.286540753307451
1552 4.720154431690803 2.390862757693961 1.870450008817414
1553 6.47514355807177 1.380409563109957 4.606129346754034
1554 3.730234809330341 3.416691524792204 3.426863674282622
1555 3.863926374962636 3.37651180803555 1.813784523402197
1556 2.72879884260548 3.333088676040789 2.569706786459387
1557 1.303088455207743 3.730327532401859 3.100479014850819
1558 8.599569172333561 2.688730359374665 1.690231469185286
1559 8.347166525413362 2.963683224147368 2.353621079017203
1560 2.874703140933631 5.173459340957175 1.639133872548701
1561 0.5957014375092268 3.65732525609193 4.444905306940391
1562 3.806889729001653 2.648071277896465 0.984517753525735
1563 1.166099505889574 4.199622273221649 0.6464791801660366
1564 2.302582053158864 0.7985195230495278 2.534633369210689
1565 5.406806002946552 3.906792585859927 4.142261666125816
1566 8.918075939725988 3.355999134573144 3.324676932910162
1567 0.4898415329831082 3.999275165367356 0.5551125726837003
1568 5.646080474830332 3.025073148369674 2.515283569938251
1569 4.864947284933351 3.034537761518859 1.144263036868741
1570 0.5328311912065686 4.274252391494858 4.835632630238175
1571 1.947321895249069 4.174584355810033 4.653297455062916
1572 1.429882022233278 2.358853592043435 3.810586017209006
1573 2.068668475198401 1.937357368292775 1.465025607097918
1574 3.849590376168674 4.228214641737133 0.9655838106331789
1575 1.245825752515144 1.404693073884903 3.55774036958514
1576 1.304083271946361 1.942147983615926 1.393349788269285
1577 3.900026744333543 4.215390949149226 5.020813842068669
1578 8.49148195731766 4.41938901606154 2.527228206443443
1579 0.4785514394816749 1.679445217953501 4.755258053256972
1580 1.599207124601276 3.998218418552008 1.385716465802108
1581 1.957533370406494 5.269114877866505 2.155211723338838
1582 7.593342801802698 2.399567647075854 4.502364530772798
1583 4.403621461652771 2.957319153672928 2.846026189906703
1584 7.596801897735195 4.501536002312619 2.400984604994266
1585 2.841733774736831 1.564199930994769 5.1592731054543
1586 3.518211955486148 3.979134571194994 4.583702653269168
1587 7.45853201634579 2.768291189851629 2.37776337569814
1588 0.4689602308195108 4.834154757224914 1.999945591608583
1589 0.5155361880026486 5.422790916048483 1.254892515588609
1590 9.951312363921707 2.999183386028387 1.942565008792372
1591 0.471844102596629 2.094267282216843 2.4838685301604
1592 0.4421157871930779 1.148743233951922 2.510318353934476
1593 5.559216637527673 1.915726485176302 2.049694961202328
1594 4.000541444688491 5.031236295894109 1.768014267799585
1595 9.46293871155229 3.369140860332735 2.492929960431095
1596 1.149061093299827 0.6648207096499892 4.695494357267541
1597 1.110319466435164 4.795322117115686 0.6124757098961352
1598 1.246608644554506 3.008963724341526 5.311884633718719
1599 0.4827463860348123 4.157783406326237 1.203994824747394
1600 1.465939154544688 4.568647109032405 3.765683729845753
1601 0.4711658856104665 3.696956969838487 2.636969014941967
1602 8.332724570052935 1.571117556227661 3.492294163998684
1603 6.678353888398079 3.479039528342879 2.40347017702527
1604 3.933270675894609 5.006247482233291 4.217053782454785
1605 8.299721657764339 3.495305211646177 1.557817410572683
1606 0.5128490827239226 0.5748484075420001 4.793486626212244
1607 3.994493087818235 4.973699903493801 1.015733754880279
1608 7.884883150608756 4.486240576553128 3.604690318146085
1609 2.912636810294552 1.605384816465533 2.113496997099276
1610 0.4446236001027171 3.364002823227499 3.749595916212029
1611 4.858876023954665 1.122826707456893 3.027821915124355
1612 2.47235824412545 3.518053676248798 1.420519754143715
1613 4.696916658827537 4.894085501216253 1.868371059707116
1614 1.860688202580037 2.92957126100148 0.6912021040242067
1615 1.537458497875075 0.7036007388629411 2.185897689033564
1616 15.32756602829014 2.562511541013438 3.530270956724733
1617 15.38184782124678 3.450063716513867 3.507304371387544
1618 15.32756602829007 2.562511541013424 2.469729043275229
1619 7.299083767223514 4.506874453970886 4.506874453970773
1620 4.831508762046433 3.0608961673163 4.884812643132371
1621 1.789657830510437 5.328287839510853 3.861463659335667
1622 6.33675725947109 1.333454170254359 1.946304572945403
1623 3.788212498250984 2.406079828164804 1.601752144814727
1624 6.305732069835314 4.136738496700041 1.357380374156577
1625 7.899326743644905 3.603440390966511 4.484320231230783
1626 0.4523191619173829 1.910993496580381 3.809953682272556
1627 0.9167817023357635 0.6208363266734473 3.736042823460163
1628 3.825877391816328 1.664199118009187 2.567070506459673
1629 2.81378208344795 5.172400655560214 4.301674461690169
1630 1.175695496994408 5.401597437771566 4.113007774293501
1631 2.113878404923085 2.422370802510536 2.33399219026939
1632 4.87468422742636 3.595181334271037 4.038455238973723
1633 4.079294445298192 1.132726936922325 5.038206661190855
1634 3.533742692774239 0.9004457477813222 0.9004457477813221
1635 0.5276333695394868 3.190374986616627 5.431346932836975
1636 0.4493964880034369 4.542908119089213 3.868545603691497
1637 0.4643591249962654 0.5063506999715234 3.483137616350914
1638 10.87553981006695 1.951500701312379 2.141612815580299
1639 0.5001145641080921 5.448801508402804 2.880436119555557
1640 0.5022316470632527 5.440091588173011 2.112700907791641
1641 0.4812212055245959 2.79296817440983 4.54855660070089
1642 1.994203911612437 2.065769289837043 0.6945180744250548
1643 1.455045150531936 3.144574125464592 1.900674960953275
1644 1.165041130676355 3.177787973455607 3.517765771477597
$EndNodes
$Elements
8729
1 2 2 1 1 1 9 349
2 2 2 1 1 121 1 349
3 2 2 1 1 36 2 347
4 2 2 1 1 2 132 347
5 2 2 1 1 3 64 327
6 2 2 1 1 132 3 327
7 2 2 1 1 37 4 348
8 2 2 1 1 4 131 348
9 2 2 1 1 9 10 334
10 2 2 1 1 9 334 349
11 2 2 1 1 10 11 189
12 2 2 1 1 10 189 334
13 2 2 1 1 11 12 240
14 2 2 1 1 189 11 240
15 2 2 1 1 12 13 174
16 2 2 1 1 12 174 240
17 2 2 1 1 13 14 304
18 2 2 1 1 174 13 304
19 2 2 1 1 14 15 199
20 2 2 1 1 14 199 304
21 2 2 1 1 15 16 171
22 2 2 1 1 15 171 199
23 2 2 1 1 16 17 298
24 2 2 1 1 171 16 298
25 2 2 1 1 17 18 180
26 2 2 1 1 17 180 298
27 2 2 1 1 18 19 297
28 2 2 1 1 180 18 297
29 2 2 1 1 19 20 173
30 2 2 1 1 19 173 297
31 2 2 1 1 20 21 344
32 2 2 1 1 173 20 344
33 2 2 1 1 21 22 178
34 2 2 1 1 21 178 344
35 2 2 1 1 22 23 286
36 2 2 1 1 178 22 286
37 2 2 1 1 23 24 177
38 2 2 1 1 23 177 286
39 2 2 1 1 24 25 294
40 2 2 1 1 177 24 294
41 2 2 1 1 25 26 183
42 2 2 1 1 25 183 294
43 2 2 1 1 26 27 254
44 2 2 1 1 183 26 254
45 2 2 1 1 27 28 186
46 2 2 1 1 27 186 254
47 2 2 1 1 28 29 300
48 2 2 1 1 186 28 300
49 2 2 1 1 29 30 192
50 2 2 1 1 29 192 300
51 2 2 1 1 30 31 245
52 2 2 1 1 192 30 245
53 2 2 1 1 31 32 196
54 2 2 1 1 31 196 245
55 2 2 1 1 32 33 293
56 2 2 1 1 196 32 293
57 2 2 1 1 33 34 194
58 2 2 1 1 33 194 293
59 2 2 1 1 34 35 340
60 2 2 1 1 194 34 340
61 2 2 1 1 35 36 198
62 2 2 1 1 35 198 340
63 2 2 1 1 198 36 327
64 2 2 1 1 327 36 347
65 2 2 1 1 38 37 333
66 2 2 1 1 333 37 348
67 2 2 1 1 39 38 241
68 2 2 1 1 241 38 333
69 2 2 1 1 40 39 185
70 2 2 1 1 185 39 241
71 2 2 1 1 41 40 305
72 2 2 1 1 40 185 305
73 2 2 1 1 42 41 169
74 2 2 1 1 169 41 305
75 2 2 1 1 43 42 330
76 2 2 1 1 42 169 330
77 2 2 1 1 44 43 181
78 2 2 1 1 181 43 330
79 2 2 1 1 45 44 288
80 2 2 1 1 44 181 288
81 2 2 1 1 46 45 172
82 2 2 1 1 172 45 288
83 2 2 1 1 47 46 289
84 2 2 1 1 46 172 289
85 2 2 1 1 48 47 179
86 2 2 1 1 179 47 289
87 2 2 1 1 49 48 291
88 2 2 1 1 48 179 291
89 2 2 1 1 50 49 175
90 2 2 1 1 175 49 291
91 2 2 1 1 51 50 302
92 2 2 1 1 50 175 302
93 2 2 1 1 52 51 184
94 2 2 1 1 184 51 302
95 2 2 1 1 53 52 255
96 2 2 1 1 52 184 255
97 2 2 1 1 54 53 187
98 2 2 1 1 187 53 255
99 2 2 1 1 55 54 329
100 2 2 1 1 54 187 329
101 2 2 1 1 56 55 190
102 2 2 1 1 190 55 329
103 2 2 1 1 57 56 352
104 2 2 1 1 56 190 352
105 2 2 1 1 58 57 188
106 2 2 1 1 188 57 352
107 2 2 1 1 59 58 253
108 2 2 1 1 58 188 253
109 2 2 1 1 60 59 191
110 2 2 1 1 191 59 253
111 2 2 1 1 61 60 301
112 2 2 1 1 60 191 301
113 2 2 1 1 62 61 322
114 2 2 1 1 61 301 322
115 2 2 1 1 63 62 197
116 2 2 1 1 197 62 322
117 2 2 1 1 64 63 198
118 2 2 1 1 63 197 198
119 2 2 1 1 64 198 327
120 2 2 1 1 122 121 195
121 2 2 1 1 195 121 349
122 2 2 1 1 123 122 319
123 2 2 1 1 122 195 319
124 2 2 1 1 124 123 182
125 2 2 1 1 182 123 319
126 2 2 1 1 125 124 308
127 2 2 1 1 124 182 308
128 2 2 1 1 126 125 170
129 2 2 1 1 170 125 308
130 2 2 1 1 127 126 321
131 2 2 1 1 126 170 321
132 2 2 1 1 128 127 317
133 2 2 1 1 317 127 321
134 2 2 1 1 129 128 176
135 2 2 1 1 176 128 317
136 2 2 1 1 130 129 309
137 2 2 1 1 129 176 309
138 2 2 1 1 131 130 193
139 2 2 1 1 193 130 309
140 2 2 1 1 131 193 348
141 2 2 1 1 132 327 347
142 2 2 1 1 169 225 227
143 2 2 1 1 225 169 341
144 2 2 1 1 169 227 330
145 2 2 1 1 169 305 341
146 2 2 1 1 239 170 308
147 2 2 1 1 170 239 338
148 2 2 1 1 321 170 338
149 2 2 1 1 199 171 200
150 2 2 1 1 200 171 201
151 2 2 1 1 201 171 298
152 2 2 1 1 277 172 287
153 2 2 1 1 172 277 289
154 2 2 1 1 287 172 288
155 2 2 1 1 173 285 313
156 2 2 1 1 285 173 344
157 2 2 1 1 297 173 345
158 2 2 1 1 173 313 345
159 2 2 1 1 236 174 304
160 2 2 1 1 174 236 315
161 2 2 1 1 240 174 315
162 2 2 1 1 280 175 292
163 2 2 1 1 175 280 302
164 2 2 1 1 175 291 292
165 2 2 1 1 221 176 317
166 2 2 1 1 176 221 335
167 2 2 1 1 309 176 335
168 2 2 1 1 286 177 320
169 2 2 1 1 177 294 295
170 2 2 1 1 177 295 320
171 2 2 1 1 178 278 284
172 2 2 1 1 278 178 286
173 2 2 1 1 178 284 285
174 2 2 1 1 178 285 344
175 2 2 1 1 279 179 290
176 2 2 1 1 179 279 291
177 2 2 1 1 179 289 290
178 2 2 1 1 180 297 324
179 2 2 1 1 298 180 299
180 2 2 1 1 299 180 324
181 2 2 1 1 227 181 330
182 2 2 1 1 181 227 350
183 2 2 1 1 288 181 350
184 2 2 1 1 308 182 331
185 2 2 1 1 182 319 351
186 2 2 1 1 331 182 351
187 2 2 1 1 183 254 318
188 2 2 1 1 294 183 296
189 2 2 1 1 296 183 318
190 2 2 1 1 255 184 256
191 2 2 1 1 256 184 257
192 2 2 1 1 257 184 302
193 2 2 1 1 185 241 242
194 2 2 1 1 185 242 325
195 2 2 1 1 305 185 325
196 2 2 1 1 186 251 254
197 2 2 1 1 251 186 328
198 2 2 1 1 186 300 328
199 2 2 1 1 187 255 306
200 2 2 1 1 187 306 339
201 2 2 1 1 329 187 339
202 2 2 1 1 246 188 247
203 2 2 1 1 188 246 253
204 2 2 1 1 247 188 248
205 2 2 1 1 248 188 352
206 2 2 1 1 189 235 237
207 2 2 1 1 235 189 240
208 2 2 1 1 189 237 334
209 2 2 1 1 248 190 249
210 2 2 1 1 190 248 352
211 2 2 1 1 249 190 250
212 2 2 1 1 250 190 329
213 2 2 1 1 191 253 326
214 2 2 1 1 301 191 337
215 2 2 1 1 191 326 337
216 2 2 1 1 192 245 246
217 2 2 1 1 192 246 247
218 2 2 1 1 192 247 300
219 2 2 1 1 243 193 309
220 2 2 1 1 193 243 333
221 2 2 1 1 193 333 348
222 2 2 1 1 194 197 322
223 2 2 1 1 197 194 340
224 2 2 1 1 293 194 301
225 2 2 1 1 301 194 322
226 2 2 1 1 195 237 319
227 2 2 1 1 237 195 334
228 2 2 1 1 334 195 349
229 2 2 1 1 245 196 326
230 2 2 1 1 196 293 337
231 2 2 1 1 326 196 337
232 2 2 1 1 198 197 340
233 2 2 1 1 199 200 303
234 2 2 1 1 199 303 304
235 2 2 1 1 200 201 202
236 2 2 1 1 200 202 203
237 2 2 1 1 200 203 303
238 2 2 1 1 202 201 314
239 2 2 1 1 201 298 299
240 2 2 1 1 201 299 314
241 2 2 1 1 203 202 204
242 2 2 1 1 204 202 205
243 2 2 1 1 205 202 314
244 2 2 1 1 203 204 206
245 2 2 1 1 203 206 217
246 2 2 1 1 203 217 303
247 2 2 1 1 204 205 310
248 2 2 1 1 206 204 207
249 2 2 1 1 207 204 310
250 2 2 1 1 310 205 332
251 2 2 1 1 205 314 343
252 2 2 1 1 332 205 343
253 2 2 1 1 206 207 208
254 2 2 1 1 206 208 229
255 2 2 1 1 217 206 229
256 2 2 1 1 208 207 209
257 2 2 1 1 209 207 211
258 2 2 1 1 211 207 310
259 2 2 1 1 208 209 210
260 2 2 1 1 208 210 212
261 2 2 1 1 208 212 229
262 2 2 1 1 210 209 213
263 2 2 1 1 209 211 316
264 2 2 1 1 213 209 316
265 2 2 1 1 212 210 307
266 2 2 1 1 210 213 214
267 2 2 1 1 210 214 307
268 2 2 1 1 276 211 310
269 2 2 1 1 211 276 311
270 2 2 1 1 211 311 316
271 2 2 1 1 229 212 230
272 2 2 1 1 230 212 238
273 2 2 1 1 238 212 307
274 2 2 1 1 214 213 215
275 2 2 1 1 215 213 216
276 2 2 1 1 216 213 316
277 2 2 1 1 214 215 218
278 2 2 1 1 214 218 219
279 2 2 1 1 214 219 307
280 2 2 1 1 215 216 220
281 2 2 1 1 218 215 244
282 2 2 1 1 215 220 244
283 2 2 1 1 220 216 225
284 2 2 1 1 225 216 226
285 2 2 1 1 226 216 316
286 2 2 1 1 217 229 231
287 2 2 1 1 217 231 236
288 2 2 1 1 217 236 303
289 2 2 1 1 219 218 221
290 2 2 1 1 221 218 222
291 2 2 1 1 222 218 244
292 2 2 1 1 219 221 223
293 2 2 1 1 219 223 224
294 2 2 1 1 219 224 307
295 2 2 1 1 220 225 341
296 2 2 1 1 244 220 325
297 2 2 1 1 325 220 341
298 2 2 1 1 221 222 335
299 2 2 1 1 223 221 317
300 2 2 1 1 222 242 243
301 2 2 1 1 242 222 244
302 2 2 1 1 222 243 335
303 2 2 1 1 224 223 338
304 2 2 1 1 223 317 321
305 2 2 1 1 223 321 338
306 2 2 1 1 238 224 239
307 2 2 1 1 224 238 307
308 2 2 1 1 239 224 338
309 2 2 1 1 225 226 227
310 2 2 1 1 227 226 228
311 2 2 1 1 228 226 311
312 2 2 1 1 311 226 316
313 2 2 1 1 227 228 350
314 2 2 1 1 228 311 346
315 2 2 1 1 323 228 346
316 2 2 1 1 228 323 350
317 2 2 1 1 229 230 231
318 2 2 1 1 231 230 232
319 2 2 1 1 232 230 233
320 2 2 1 1 233 230 238
321 2 2 1 1 231 232 315
322 2 2 1 1 236 231 315
323 2 2 1 1 232 233 234
324 2 2 1 1 232 234 235
325 2 2 1 1 232 235 315
326 2 2 1 1 234 233 331
327 2 2 1 1 233 238 239
328 2 2 1 1 233 239 331
329 2 2 1 1 235 234 237
330 2 2 1 1 237 234 351
331 2 2 1 1 234 331 351
332 2 2 1 1 235 240 315
333 2 2 1 1 303 236 304
334 2 2 1 1 319 237 351
335 2 2 1 1 239 308 331
336 2 2 1 1 242 241 243
337 2 2 1 1 243 241 333
338 2 2 1 1 242 244 325
339 2 2 1 1 243 309 335
340 2 2 1 1 246 245 326
341 2 2 1 1 253 246 326
342 2 2 1 1 247 248 249
343 2 2 1 1 247 249 328
344 2 2 1 1 300 247 328
345 2 2 1 1 249 250 251
346 2 2 1 1 249 251 328
347 2 2 1 1 251 250 252
348 2 2 1 1 252 250 339
349 2 2 1 1 250 329 339
350 2 2 1 1 251 252 318
351 2 2 1 1 254 251 318
352 2 2 1 1 252 306 336
353 2 2 1 1 306 252 339
354 2 2 1 1 318 252 336
355 2 2 1 1 255 256 306
356 2 2 1 1 256 257 258
357 2 2 1 1 256 258 274
358 2 2 1 1 256 274 306
359 2 2 1 1 258 257 259
360 2 2 1 1 259 257 280
361 2 2 1 1 280 257 302
362 2 2 1 1 258 259 260
363 2 2 1 1 258 260 342
364 2 2 1 1 274 258 342
365 2 2 1 1 260 259 261
366 2 2 1 1 261 259 262
367 2 2 1 1 262 259 280
368 2 2 1 1 260 261 278
369 2 2 1 1 260 278 320
370 2 2 1 1 260 320 342
371 2 2 1 1 261 262 263
372 2 2 1 1 261 263 284
373 2 2 1 1 278 261 284
374 2 2 1 1 263 262 264
375 2 2 1 1 264 262 292
376 2 2 1 1 262 280 292
377 2 2 1 1 263 264 265
378 2 2 1 1 263 265 272
379 2 2 1 1 263 272 284
380 2 2 1 1 265 264 266
381 2 2 1 1 266 264 279
382 2 2 1 1 279 264 292
383 2 2 1 1 265 266 267
384 2 2 1 1 265 267 312
385 2 2 1 1 272 265 312
386 2 2 1 1 267 266 268
387 2 2 1 1 268 266 290
388 2 2 1 1 266 279 290
389 2 2 1 1 267 268 269
390 2 2 1 1 267 269 270
391 2 2 1 1 267 270 312
392 2 2 1 1 269 268 271
393 2 2 1 1 271 268 277
394 2 2 1 1 277 268 290
395 2 2 1 1 270 269 281
396 2 2 1 1 269 271 273
397 2 2 1 1 269 273 281
398 2 2 1 1 270 281 282
399 2 2 1 1 270 282 283
400 2 2 1 1 270 283 312
401 2 2 1 1 273 271 275
402 2 2 1 1 275 271 287
403 2 2 1 1 271 277 287
404 2 2 1 1 284 272 285
405 2 2 1 1 285 272 313
406 2 2 1 1 272 312 313
407 2 2 1 1 273 275 276
408 2 2 1 1 273 276 332
409 2 2 1 1 281 273 332
410 2 2 1 1 274 295 296
411 2 2 1 1 295 274 342
412 2 2 1 1 274 296 336
413 2 2 1 1 306 274 336
414 2 2 1 1 276 275 346
415 2 2 1 1 275 287 323
416 2 2 1 1 275 323 346
417 2 2 1 1 276 310 332
418 2 2 1 1 311 276 346
419 2 2 1 1 289 277 290
420 2 2 1 1 278 286 320
421 2 2 1 1 291 279 292
422 2 2 1 1 282 281 343
423 2 2 1 1 281 332 343
424 2 2 1 1 283 282 324
425 2 2 1 1 299 282 314
426 2 2 1 1 282 299 324
427 2 2 1 1 314 282 343
428 2 2 1 1 312 283 313
429 2 2 1 1 313 283 345
430 2 2 1 1 283 324 345
431 2 2 1 1 287 288 323
432 2 2 1 1 323 288 350
433 2 2 1 1 293 301 337
434 2 2 1 1 295 294 296
435 2 2 1 1 320 295 342
436 2 2 1 1 296 318 336
437 2 2 1 1 324 297 345
438 2 2 1 1 305 325 341
439 2 2 2 2 5 65 533
440 2 2 2 2 133 5 533
441 2 2 2 2 92 6 531
442 2 2 2 2 6 144 531
443 2 2 2 2 7 120 511
444 2 2 2 2 144 7 511
445 2 2 2 2 93 8 532
446 2 2 2 2 8 143 532
447 2 2 2 2 65 66 518
448 2 2 2 2 65 518 533
449 2 2 2 2 66 67 373
450 2 2 2 2 66 373 518
451 2 2 2 2 67 68 424
452 2 2 2 2 373 67 424
453 2 2 2 2 68 69 358
454 2 2 2 2 68 358 424
455 2 2 2 2 69 70 488
456 2 2 2 2 358 69 488
457 2 2 2 2 70 71 383
458 2 2 2 2 70 383 488
459 2 2 2 2 71 72 355
460 2 2 2 2 71 355 383
461 2 2 2 2 72 73 482
462 2 2 2 2 355 72 482
463 2 2 2 2 73 74 364
464 2 2 2 2 73 364 482
465 2 2 2 2 74 75 481
466 2 2 2 2 364 74 481
467 2 2 2 2 75 76 357
468 2 2 2 2 75 357 481
469 2 2 2 2 76 77 528
470 2 2 2 2 357 76 528
471 2 2 2 2 77 78 362
472 2 2 2 2 77 362 528
473 2 2 2 2 78 79 470
474 2 2 2 2 362 78 470
475 2 2 2 2 79 80 361
476 2 2 2 2 79 361 470
477 2 2 2 2 80 81 478
478 2 2 2 2 361 80 478
479 2 2 2 2 81 82 367
480 2 2 2 2 81 367 478
481 2 2 2 2 82 83 438
482 2 2 2 2 367 82 438
483 2 2 2 2 83 84 370
484 2 2 2 2 83 370 438
485 2 2 2 2 84 85 484
486 2 2 2 2 370 84 484
487 2 2 2 2 85 86 372
488 2 2 2 2 85 372 484
489 2 2 2 2 86 87 429
490 2 2 2 2 372 86 429
491 2 2 2 2 87 88 380
492 2 2 2 2 87 380 429
493 2 2 2 2 88 89 477
494 2 2 2 2 380 88 477
495 2 2 2 2 89 90 378
496 2 2 2 2 89 378 477
497 2 2 2 2 90 91 524
498 2 2 2 2 378 90 524
499 2 2 2 2 91 92 382
500 2 2 2 2 91 382 524
501 2 2 2 2 382 92 511
502 2 2 2 2 511 92 531
503 2 2 2 2 94 93 517
504 2 2 2 2 517 93 532
505 2 2 2 2 95 94 425
506 2 2 2 2 425 94 517
507 2 2 2 2 96 95 369
508 2 2 2 2 369 95 425
509 2 2 2 2 97 96 489
510 2 2 2 2 96 369 489
511 2 2 2 2 98 97 353
512 2 2 2 2 353 97 489
513 2 2 2 2 99 98 514
514 2 2 2 2 98 353 514
515 2 2 2 2 100 99 365
516 2 2 2 2 365 99 514
517 2 2 2 2 101 100 472
518 2 2 2 2 100 365 472
519 2 2 2 2 102 101 356
520 2 2 2 2 356 101 472
521 2 2 2 2 103 102 473
522 2 2 2 2 102 356 473
523 2 2 2 2 104 103 363
524 2 2 2 2 363 103 473
525 2 2 2 2 105 104 475
526 2 2 2 2 104 363 475
527 2 2 2 2 106 105 359
528 2 2 2 2 359 105 475
529 2 2 2 2 107 106 486
530 2 2 2 2 106 359 486
531 2 2 2 2 108 107 368
532 2 2 2 2 368 107 486
533 2 2 2 2 109 108 439
534 2 2 2 2 108 368 439
535 2 2 2 2 110 109 371
536 2 2 2 2 371 109 439
537 2 2 2 2 111 110 513
538 2 2 2 2 110 371 513
539 2 2 2 2 112 111 374
540 2 2 2 2 374 111 513
541 2 2 2 2 113 112 536
542 2 2 2 2 112 374 536
543 2 2 2 2 114 113 376
544 2 2 2 2 376 113 536
545 2 2 2 2 115 114 437
546 2 2 2 2 114 376 437
547 2 2 2 2 116 115 375
548 2 2 2 2 375 115 437
549 2 2 2 2 117 116 485
550 2 2 2 2 116 375 485
551 2 2 2 2 118 117 506
552 2 2 2 2 117 485 506
553 2 2 2 2 119 118 381
554 2 2 2 2 381 118 506
555 2 2 2 2 120 119 382
556 2 2 2 2 119 381 382
557 2 2 2 2 120 382 511
558 2 2 2 2 134 133 379
559 2 2 2 2 379 133 533
560 2 2 2 2 135 134 503
561 2 2 2 2 134 379 503
562 2 2 2 2 136 135 366
563 2 2 2 2 366 135 503
564 2 2 2 2 137 136 492
565 2 2 2 2 136 366 492
566 2 2 2 2 138 137 354
567 2 2 2 2 354 137 492
568 2 2 2 2 139 138 505
569 2 2 2 2 138 354 505
570 2 2 2 2 140 139 501
571 2 2 2 2 501 139 505
572 2 2 2 2 141 140 360
573 2 2 2 2 360 140 501
574 2 2 2 2 142 141 493
575 2 2 2 2 141 360 493
576 2 2 2 2 143 142 377
577 2 2 2 2 377 142 493
578 2 2 2 2 143 377 532
579 2 2 2 2 144 511 531
580 2 2 2 2 353 409 411
581 2 2 2 2 409 353 525
582 2 2 2 2 353 411 514
583 2 2 2 2 353 489 525
584 2 2 2 2 423 354 492
585 2 2 2 2 354 423 522
586 2 2 2 2 505 354 522
587 2 2 2 2 383 355 384
588 2 2 2 2 384 355 385
589 2 2 2 2 385 355 482
590 2 2 2 2 461 356 471
591 2 2 2 2 356 461 473
592 2 2 2 2 471 356 472
593 2 2 2 2 357 469 497
594 2 2 2 2 469 357 528
595 2 2 2 2 481 357 529
596 2 2 2 2 357 497 529
597 2 2 2 2 420 358 488
598 2 2 2 2 358 420 499
599 2 2 2 2 424 358 499
600 2 2 2 2 464 359 476
601 2 2 2 2 359 464 486
602 2 2 2 2 359 475 476
603 2 2 2 2 405 360 501
604 2 2 2 2 360 405 519
605 2 2 2 2 493 360 519
606 2 2 2 2 470 361 504
607 2 2 2 2 361 478 479
608 2 2 2 2 361 479 504
609 2 2 2 2 362 462 468
610 2 2 2 2 462 362 470
611 2 2 2 2 362 468 469
612 2 2 2 2 362 469 528
613 2 2 2 2 463 363 474
614 2 2 2 2 363 463 475
615 2 2 2 2 363 473 474
616 2 2 2 2 364 481 508
617 2 2 2 2 482 364 483
618 2 2 2 2 483 364 508
619 2 2 2 2 411 365 514
620 2 2 2 2 365 411 534
621 2 2 2 2 472 365 534
622 2 2 2 2 492 366 515
623 2 2 2 2 366 503 535
624 2 2 2 2 515 366 535
625 2 2 2 2 367 438 502
626 2 2 2 2 478 367 480
627 2 2 2 2 480 367 502
628 2 2 2 2 439 368 440
629 2 2 2 2 440 368 441
630 2 2 2 2 441 368 486
631 2 2 2 2 369 425 426
632 2 2 2 2 369 426 509
633 2 2 2 2 489 369 509
634 2 2 2 2 370 435 438
635 2 2 2 2 435 370 512
636 2 2 2 2 370 484 512
637 2 2 2 2 371 439 490
638 2 2 2 2 371 490 523
639 2 2 2 2 513 371 523
640 2 2 2 2 372 429 430
641 2 2 2 2 372 430 431
642 2 2 2 2 372 431 484
643 2 2 2 2 373 419 421
644 2 2 2 2 419 373 424
645 2 2 2 2 373 421 518
646 2 2 2 2 432 374 433
647 2 2 2 2 374 432 536
648 2 2 2 2 433 374 434
649 2 2 2 2 434 374 513
650 2 2 2 2 375 437 510
651 2 2 2 2 485 375 521
652 2 2 2 2 375 510 521
653 2 2 2 2 430 376 431
654 2 2 2 2 376 430 437
655 2 2 2 2 431 376 432
656 2 2 2 2 432 376 536
657 2 2 2 2 427 377 493
658 2 2 2 2 377 427 517
659 2 2 2 2 377 517 532
660 2 2 2 2 378 381 506
661 2 2 2 2 381 378 524
662 2 2 2 2 477 378 485
663 2 2 2 2 485 378 506
664 2 2 2 2 379 421 503
665 2 2 2 2 421 379 518
666 2 2 2 2 518 379 533
667 2 2 2 2 429 380 510
668 2 2 2 2 380 477 521
669 2 2 2 2 510 380 521
670 2 2 2 2 382 381 524
671 2 2 2 2 383 384 487
672 2 2 2 2 383 487 488
673 2 2 2 2 384 385 386
674 2 2 2 2 384 386 387
675 2 2 2 2 384 387 487
676 2 2 2 2 386 385 498
677 2 2 2 2 385 482 483
678 2 2 2 2 385 483 498
679 2 2 2 2 387 386 388
680 2 2 2 2 388 386 389
681 2 2 2 2 389 386 498
682 2 2 2 2 387 388 390
683 2 2 2 2 387 390 401
684 2 2 2 2 387 401 487
685 2 2 2 2 388 389 494
686 2 2 2 2 390 388 391
687 2 2 2 2 391 388 494
688 2 2 2 2 494 389 516
689 2 2 2 2 389 498 527
690 2 2 2 2 516 389 527
691 2 2 2 2 390 391 392
692 2 2 2 2 390 392 413
693 2 2 2 2 401 390 413
694 2 2 2 2 392 391 393
695 2 2 2 2 393 391 395
696 2 2 2 2 395 391 494
697 2 2 2 2 392 393 394
698 2 2 2 2 392 394 396
699 2 2 2 2 392 396 413
700 2 2 2 2 394 393 397
701 2 2 2 2 393 395 500
702 2 2 2 2 397 393 500
703 2 2 2 2 396 394 491
704 2 2 2 2 394 397 398
705 2 2 2 2 394 398 491
706 2 2 2 2 460 395 494
707 2 2 2 2 395 460 495
708 2 2 2 2 395 495 500
709 2 2 2 2 413 396 414
710 2 2 2 2 414 396 422
711 2 2 2 2 422 396 491
712 2 2 2 2 398 397 399
713 2 2 2 2 399 397 400
714 2 2 2 2 400 397 500
715 2 2 2 2 398 399 402
716 2 2 2 2 398 402 403
717 2 2 2 2 398 403 491
718 2 2 2 2 399 400 404
719 2 2 2 2 402 399 428
720 2 2 2 2 399 404 428
721 2 2 2 2 404 400 409
722 2 2 2 2 409 400 410
723 2 2 2 2 410 400 500
724 2 2 2 2 401 413 415
725 2 2 2 2 401 415 420
726 2 2 2 2 401 420 487
727 2 2 2 2 403 402 405
728 2 2 2 2 405 402 406
729 2 2 2 2 406 402 428
730 2 2 2 2 403 405 407
731 2 2 2 2 403 407 408
732 2 2 2 2 403 408 491
733 2 2 2 2 404 409 525
734 2 2 2 2 428 404 509
735 2 2 2 2 509 404 525
736 2 2 2 2 405 406 519
737 2 2 2 2 407 405 501
738 2 2 2 2 406 426 427
739 2 2 2 2 426 406 428
740 2 2 2 2 406 427 519
741 2 2 2 2 408 407 522
742 2 2 2 2 407 501 505
743 2 2 2 2 407 505 522
744 2 2 2 2 422 408 423
745 2 2 2 2 408 422 491
746 2 2 2 2 423 408 522
747 2 2 2 2 409 410 411
748 2 2 2 2 411 410 412
749 2 2 2 2 412 410 495
750 2 2 2 2 495 410 500
751 2 2 2 2 411 412 534
752 2 2 2 2 412 495 530
753 2 2 2 2 507 412 530
754 2 2 2 2 412 507 534
755 2 2 2 2 413 414 415
756 2 2 2 2 415 414 416
757 2 2 2 2 416 414 417
758 2 2 2 2 417 414 422
759 2 2 2 2 415 416 499
760 2 2 2 2 420 415 499
761 2 2 2 2 416 417 418
762 2 2 2 2 416 418 419
763 2 2 2 2 416 419 499
764 2 2 2 2 418 417 515
765 2 2 2 2 417 422 423
766 2 2 2 2 417 423 515
767 2 2 2 2 419 418 421
768 2 2 2 2 421 418 535
769 2 2 2 2 418 515 535
770 2 2 2 2 419 424 499
771 2 2 2 2 487 420 488
772 2 2 2 2 503 421 535
773 2 2 2 2 423 492 515
774 2 2 2 2 426 425 427
775 2 2 2 2 427 425 517
776 2 2 2 2 426 428 509
777 2 2 2 2 427 493 519
778 2 2 2 2 430 429 510
779 2 2 2 2 437 430 510
780 2 2 2 2 431 432 433
781 2 2 2 2 431 433 512
782 2 2 2 2 484 431 512
783 2 2 2 2 433 434 435
784 2 2 2 2 433 435 512
785 2 2 2 2 435 434 436
786 2 2 2 2 436 434 523
787 2 2 2 2 434 513 523
788 2 2 2 2 435 436 502
789 2 2 2 2 438 435 502
790 2 2 2 2 436 490 520
791 2 2 2 2 490 436 523
792 2 2 2 2 502 436 520
793 2 2 2 2 439 440 490
794 2 2 2 2 440 441 442
795 2 2 2 2 440 442 458
796 2 2 2 2 440 458 490
797 2 2 2 2 442 441 443
798 2 2 2 2 443 441 464
799 2 2 2 2 464 441 486
800 2 2 2 2 442 443 444
801 2 2 2 2 442 444 526
802 2 2 2 2 458 442 526
803 2 2 2 2 444 443 445
804 2 2 2 2 445 443 446
805 2 2 2 2 446 443 464
806 2 2 2 2 444 445 462
807 2 2 2 2 444 462 504
808 2 2 2 2 444 504 526
809 2 2 2 2 445 446 447
810 2 2 2 2 445 447 468
811 2 2 2 2 462 445 468
812 2 2 2 2 447 446 448
813 2 2 2 2 448 446 476
814 2 2 2 2 446 464 476
815 2 2 2 2 447 448 449
816 2 2 2 2 447 449 456
817 2 2 2 2 447 456 468
818 2 2 2 2 449 448 450
819 2 2 2 2 450 448 463
820 2 2 2 2 463 448 476
821 2 2 2 2 449 450 451
822 2 2 2 2 449 451 496
823 2 2 2 2 456 449 496
824 2 2 2 2 451 450 452
825 2 2 2 2 452 450 474
826 2 2 2 2 450 463 474
827 2 2 2 2 451 452 453
828 2 2 2 2 451 453 454
829 2 2 2 2 451 454 496
830 2 2 2 2 453 452 455
831 2 2 2 2 455 452 461
832 2 2 2 2 461 452 474
833 2 2 2 2 454 453 465
834 2 2 2 2 453 455 457
835 2 2 2 2 453 457 465
836 2 2 2 2 454 465 466
837 2 2 2 2 454 466 467
838 2 2 2 2 454 467 496
839 2 2 2 2 457 455 459
840 2 2 2 2 459 455 471
841 2 2 2 2 455 461 471
842 2 2 2 2 468 456 469
843 2 2 2 2 469 456 497
844 2 2 2 2 456 496 497
845 2 2 2 2 457 459 460
846 2 2 2 2 457 460 516
847 2 2 2 2 465 457 516
848 2 2 2 2 458 479 480
849 2 2 2 2 479 458 526
850 2 2 2 2 458 480 520
851 2 2 2 2 490 458 520
852 2 2 2 2 460 459 530
853 2 2 2 2 459 471 507
854 2 2 2 2 459 507 530
855 2 2 2 2 460 494 516
856 2 2 2 2 495 460 530
857 2 2 2 2 473 461 474
858 2 2 2 2 462 470 504
859 2 2 2 2 475 463 476
860 2 2 2 2 466 465 527
861 2 2 2 2 465 516 527
862 2 2 2 2 467 466 508
863 2 2 2 2 483 466 498
864 2 2 2 2 466 483 508
865 2 2 2 2 498 466 527
866 2 2 2 2 496 467 497
867 2 2 2 2 497 467 529
868 2 2 2 2 467 508 529
869 2 2 2 2 471 472 507
870 2 2 2 2 507 472 534
871 2 2 2 2 477 485 521
872 2 2 2 2 479 478 480
873 2 2 2 2 504 479 526
874 2 2 2 2 480 502 520
875 2 2 2 2 508 481 529
876 2 2 2 2 489 509 525
877 2 2 3 3 1 9 717
878 2 2 3 3 145 1 717
879 2 2 3 3 36 2 695
880 2 2 3 3 2 156 695
881 2 2 3 3 65 5 716
882 2 2 3 3 5 155 716
883 2 2 3 3 6 92 715
884 2 2 3 3 156 6 715
885 2 2 3 3 9 10 702
886 2 2 3 3 9 702 717
887 2 2 3 3 10 11 557
888 2 2 3 3 10 557 702
889 2 2 3 3 11 12 609
890 2 2 3 3 557 11 609
891 2 2 3 3 12 13 542
892 2 2 3 3 12 542 609
893 2 2 3 3 13 14 672
894 2 2 3 3 542 13 672
895 2 2 3 3 14 15 568
896 2 2 3 3 14 568 672
897 2 2 3 3 15 16 539
898 2 2 3 3 15 539 568
899 2 2 3 3 16 17 667
900 2 2 3 3 539 16 667
901 2 2 3 3 17 18 548
902 2 2 3 3 17 548 667
903 2 2 3 3 18 19 666
904 2 2 3 3 548 18 666
905 2 2 3 3 19 20 541
906 2 2 3 3 19 541 666
907 2 2 3 3 20 21 712
908 2 2 3 3 541 20 712
909 2 2 3 3 21 22 546
910 2 2 3 3 21 546 712
911 2 2 3 3 22 23 655
912 2 2 3 3 546 22 655
913 2 2 3 3 23 24 545
914 2 2 3 3 23 545 655
915 2 2 3 3 24 25 663
916 2 2 3 3 545 24 663
917 2 2 3 3 25 26 555
918 2 2 3 3 25 555 663
919 2 2 3 3 26 27 697
920 2 2 3 3 555 26 697
921 2 2 3 3 27 28 558
922 2 2 3 3 27 558 697
923 2 2 3 3 28 29 720
924 2 2 3 3 558 28 720
925 2 2 3 3 29 30 560
926 2 2 3 3 29 560 720
927 2 2 3 3 30 31 622
928 2 2 3 3 560 30 622
929 2 2 3 3 31 32 567
930 2 2 3 3 31 567 622
931 2 2 3 3 32 33 564
932 2 2 3 3 32 564 567
933 2 2 3 3 33 34 690
934 2 2 3 3 564 33 690
935 2 2 3 3 34 35 565
936 2 2 3 3 34 565 690
937 2 2 3 3 35 36 566
938 2 2 3 3 565 35 566
939 2 2 3 3 566 36 695
940 2 2 3 3 66 65 701
941 2 2 3 3 701 65 716
942 2 2 3 3 67 66 610
943 2 2 3 3 610 66 701
944 2 2 3 3 68 67 553
945 2 2 3 3 553 67 610
946 2 2 3 3 69 68 673
947 2 2 3 3 68 553 673
948 2 2 3 3 70 69 537
949 2 2 3 3 537 69 673
950 2 2 3 3 71 70 698
951 2 2 3 3 70 537 698
952 2 2 3 3 72 71 549
953 2 2 3 3 549 71 698
954 2 2 3 3 73 72 657
955 2 2 3 3 72 549 657
956 2 2 3 3 74 73 540
957 2 2 3 3 540 73 657
958 2 2 3 3 75 74 658
959 2 2 3 3 74 540 658
960 2 2 3 3 76 75 547
961 2 2 3 3 547 75 658
962 2 2 3 3 77 76 660
963 2 2 3 3 76 547 660
964 2 2 3 3 78 77 543
965 2 2 3 3 543 77 660
966 2 2 3 3 79 78 670
967 2 2 3 3 78 543 670
968 2 2 3 3 80 79 552
969 2 2 3 3 552 79 670
970 2 2 3 3 81 80 624
971 2 2 3 3 80 552 624
972 2 2 3 3 82 81 551
973 2 2 3 3 551 81 624
974 2 2 3 3 83 82 623
975 2 2 3 3 82 551 623
976 2 2 3 3 84 83 554
977 2 2 3 3 554 83 623
978 2 2 3 3 85 84 669
979 2 2 3 3 84 554 669
980 2 2 3 3 86 85 556
981 2 2 3 3 556 85 669
982 2 2 3 3 87 86 614
983 2 2 3 3 86 556 614
984 2 2 3 3 88 87 559
985 2 2 3 3 559 87 614
986 2 2 3 3 89 88 662
987 2 2 3 3 88 559 662
988 2 2 3 3 90 89 562
989 2 2 3 3 562 89 662
990 2 2 3 3 91 90 708
991 2 2 3 3 90 562 708
992 2 2 3 3 92 91 566
993 2 2 3 3 566 91 708
994 2 2 3 3 92 566 695
995 2 2 3 3 92 695 715
996 2 2 3 3 146 145 563
997 2 2 3 3 563 145 717
998 2 2 3 3 147 146 687
999 2 2 3 3 146 563 687
1000 2 2 3 3 148 147 550
1001 2 2 3 3 550 147 687
1002 2 2 3 3 149 148 676
1003 2 2 3 3 148 550 676
1004 2 2 3 3 150 149 538
1005 2 2 3 3 538 149 676
1006 2 2 3 3 151 150 689
1007 2 2 3 3 150 538 689
1008 2 2 3 3 152 151 685
1009 2 2 3 3 685 151 689
1010 2 2 3 3 153 152 544
1011 2 2 3 3 544 152 685
1012 2 2 3 3 154 153 677
1013 2 2 3 3 153 544 677
1014 2 2 3 3 155 154 561
1015 2 2 3 3 561 154 677
1016 2 2 3 3 155 561 716
1017 2 2 3 3 695 156 715
1018 2 2 3 3 537 594 596
1019 2 2 3 3 594 537 709
1020 2 2 3 3 537 596 698
1021 2 2 3 3 537 673 709
1022 2 2 3 3 608 538 676
1023 2 2 3 3 538 608 706
1024 2 2 3 3 689 538 706
1025 2 2 3 3 568 539 569
1026 2 2 3 3 569 539 570
1027 2 2 3 3 570 539 667
1028 2 2 3 3 646 540 656
1029 2 2 3 3 540 646 658
1030 2 2 3 3 656 540 657
1031 2 2 3 3 541 654 681
1032 2 2 3 3 654 541 712
1033 2 2 3 3 666 541 713
1034 2 2 3 3 541 681 713
1035 2 2 3 3 605 542 672
1036 2 2 3 3 542 605 683
1037 2 2 3 3 609 542 683
1038 2 2 3 3 649 543 661
1039 2 2 3 3 543 649 670
1040 2 2 3 3 543 660 661
1041 2 2 3 3 590 544 685
1042 2 2 3 3 544 590 703
1043 2 2 3 3 677 544 703
1044 2 2 3 3 655 545 688
1045 2 2 3 3 545 663 664
1046 2 2 3 3 545 664 688
1047 2 2 3 3 546 647 653
1048 2 2 3 3 647 546 655
1049 2 2 3 3 546 653 654
1050 2 2 3 3 546 654 712
1051 2 2 3 3 648 547 659
1052 2 2 3 3 547 648 660
1053 2 2 3 3 547 658 659
1054 2 2 3 3 548 666 692
1055 2 2 3 3 667 548 668
1056 2 2 3 3 668 548 692
1057 2 2 3 3 596 549 698
1058 2 2 3 3 549 596 718
1059 2 2 3 3 657 549 718
1060 2 2 3 3 676 550 699
1061 2 2 3 3 550 687 719
1062 2 2 3 3 699 550 719
1063 2 2 3 3 623 551 686
1064 2 2 3 3 551 624 674
1065 2 2 3 3 551 674 686
1066 2 2 3 3 624 552 625
1067 2 2 3 3 625 552 626
1068 2 2 3 3 626 552 670
1069 2 2 3 3 553 610 611
1070 2 2 3 3 553 611 693
1071 2 2 3 3 673 553 693
1072 2 2 3 3 620 554 623
1073 2 2 3 3 554 620 696
1074 2 2 3 3 669 554 696
1075 2 2 3 3 663 555 665
1076 2 2 3 3 665 555 707
1077 2 2 3 3 555 697 707
1078 2 2 3 3 614 556 615
1079 2 2 3 3 615 556 616
1080 2 2 3 3 616 556 669
1081 2 2 3 3 557 604 606
1082 2 2 3 3 604 557 609
1083 2 2 3 3 557 606 702
1084 2 2 3 3 558 617 618
1085 2 2 3 3 617 558 720
1086 2 2 3 3 558 618 619
1087 2 2 3 3 558 619 697
1088 2 2 3 3 559 614 694
1089 2 2 3 3 662 559 705
1090 2 2 3 3 559 694 705
1091 2 2 3 3 560 615 616
1092 2 2 3 3 615 560 622
1093 2 2 3 3 560 616 617
1094 2 2 3 3 560 617 720
1095 2 2 3 3 612 561 677
1096 2 2 3 3 561 612 701
1097 2 2 3 3 561 701 716
1098 2 2 3 3 564 562 662
1099 2 2 3 3 562 564 690
1100 2 2 3 3 565 562 690
1101 2 2 3 3 562 565 708
1102 2 2 3 3 563 606 687
1103 2 2 3 3 606 563 702
1104 2 2 3 3 702 563 717
1105 2 2 3 3 567 564 705
1106 2 2 3 3 564 662 705
1107 2 2 3 3 565 566 708
1108 2 2 3 3 622 567 694
1109 2 2 3 3 694 567 705
1110 2 2 3 3 568 569 671
1111 2 2 3 3 568 671 672
1112 2 2 3 3 569 570 571
1113 2 2 3 3 569 571 572
1114 2 2 3 3 569 572 671
1115 2 2 3 3 571 570 682
1116 2 2 3 3 570 667 668
1117 2 2 3 3 570 668 682
1118 2 2 3 3 572 571 573
1119 2 2 3 3 573 571 574
1120 2 2 3 3 574 571 682
1121 2 2 3 3 572 573 575
1122 2 2 3 3 572 575 586
1123 2 2 3 3 572 586 671
1124 2 2 3 3 573 574 678
1125 2 2 3 3 575 573 576
1126 2 2 3 3 576 573 678
1127 2 2 3 3 678 574 700
1128 2 2 3 3 574 682 711
1129 2 2 3 3 700 574 711
1130 2 2 3 3 575 576 577
1131 2 2 3 3 575 577 598
1132 2 2 3 3 586 575 598
1133 2 2 3 3 577 576 578
1134 2 2 3 3 578 576 580
1135 2 2 3 3 580 576 678
1136 2 2 3 3 577 578 579
1137 2 2 3 3 577 579 581
1138 2 2 3 3 577 581 598
1139 2 2 3 3 579 578 582
1140 2 2 3 3 578 580 684
1141 2 2 3 3 582 578 684
1142 2 2 3 3 581 579 675
1143 2 2 3 3 579 582 583
1144 2 2 3 3 579 583 675
1145 2 2 3 3 645 580 678
1146 2 2 3 3 580 645 679
1147 2 2 3 3 580 679 684
1148 2 2 3 3 598 581 599
1149 2 2 3 3 599 581 607
1150 2 2 3 3 607 581 675
1151 2 2 3 3 583 582 584
1152 2 2 3 3 584 582 585
1153 2 2 3 3 585 582 684
1154 2 2 3 3 583 584 587
1155 2 2 3 3 583 587 588
1156 2 2 3 3 583 588 675
1157 2 2 3 3 584 585 589
1158 2 2 3 3 587 584 613
1159 2 2 3 3 584 589 613
1160 2 2 3 3 589 585 594
1161 2 2 3 3 594 585 595
1162 2 2 3 3 595 585 684
1163 2 2 3 3 586 598 600
1164 2 2 3 3 586 600 605
1165 2 2 3 3 586 605 671
1166 2 2 3 3 588 587 590
1167 2 2 3 3 590 587 591
1168 2 2 3 3 591 587 613
1169 2 2 3 3 588 590 592
1170 2 2 3 3 588 592 593
1171 2 2 3 3 588 593 675
1172 2 2 3 3 589 594 709
1173 2 2 3 3 613 589 693
1174 2 2 3 3 693 589 709
1175 2 2 3 3 590 591 703
1176 2 2 3 3 592 590 685
1177 2 2 3 3 591 611 612
1178 2 2 3 3 611 591 613
1179 2 2 3 3 591 612 703
1180 2 2 3 3 593 592 706
1181 2 2 3 3 592 685 689
1182 2 2 3 3 592 689 706
1183 2 2 3 3 607 593 608
1184 2 2 3 3 593 607 675
1185 2 2 3 3 608 593 706
1186 2 2 3 3 594 595 596
1187 2 2 3 3 596 595 597
1188 2 2 3 3 597 595 679
1189 2 2 3 3 679 595 684
1190 2 2 3 3 596 597 718
1191 2 2 3 3 597 679 714
1192 2 2 3 3 691 597 714
1193 2 2 3 3 597 691 718
1194 2 2 3 3 598 599 600
1195 2 2 3 3 600 599 601
1196 2 2 3 3 601 599 602
1197 2 2 3 3 602 599 607
1198 2 2 3 3 600 601 683
1199 2 2 3 3 605 600 683
1200 2 2 3 3 601 602 603
1201 2 2 3 3 601 603 604
1202 2 2 3 3 601 604 683
1203 2 2 3 3 603 602 699
1204 2 2 3 3 602 607 608
1205 2 2 3 3 602 608 699
1206 2 2 3 3 604 603 606
1207 2 2 3 3 606 603 719
1208 2 2 3 3 603 699 719
1209 2 2 3 3 604 609 683
1210 2 2 3 3 671 605 672
1211 2 2 3 3 687 606 719
1212 2 2 3 3 608 676 699
1213 2 2 3 3 611 610 612
1214 2 2 3 3 612 610 701
1215 2 2 3 3 611 613 693
1216 2 2 3 3 612 677 703
1217 2 2 3 3 614 615 694
1218 2 2 3 3 615 622 694
1219 2 2 3 3 617 616 618
1220 2 2 3 3 618 616 696
1221 2 2 3 3 616 669 696
1222 2 2 3 3 619 618 620
1223 2 2 3 3 620 618 696
1224 2 2 3 3 619 620 621
1225 2 2 3 3 619 621 707
1226 2 2 3 3 697 619 707
1227 2 2 3 3 621 620 686
1228 2 2 3 3 620 623 686
1229 2 2 3 3 665 621 704
1230 2 2 3 3 621 665 707
1231 2 2 3 3 621 686 704
1232 2 2 3 3 624 625 674
1233 2 2 3 3 625 626 627
1234 2 2 3 3 625 627 643
1235 2 2 3 3 625 643 674
1236 2 2 3 3 627 626 628
1237 2 2 3 3 628 626 649
1238 2 2 3 3 649 626 670
1239 2 2 3 3 627 628 629
1240 2 2 3 3 627 629 710
1241 2 2 3 3 643 627 710
1242 2 2 3 3 629 628 630
1243 2 2 3 3 630 628 631
1244 2 2 3 3 631 628 649
1245 2 2 3 3 629 630 647
1246 2 2 3 3 629 647 688
1247 2 2 3 3 629 688 710
1248 2 2 3 3 630 631 632
1249 2 2 3 3 630 632 653
1250 2 2 3 3 647 630 653
1251 2 2 3 3 632 631 633
1252 2 2 3 3 633 631 661
1253 2 2 3 3 631 649 661
1254 2 2 3 3 632 633 634
1255 2 2 3 3 632 634 641
1256 2 2 3 3 632 641 653
1257 2 2 3 3 634 633 635
1258 2 2 3 3 635 633 648
1259 2 2 3 3 648 633 661
1260 2 2 3 3 634 635 636
1261 2 2 3 3 634 636 680
1262 2 2 3 3 641 634 680
1263 2 2 3 3 636 635 637
1264 2 2 3 3 637 635 659
1265 2 2 3 3 635 648 659
1266 2 2 3 3 636 637 638
1267 2 2 3 3 636 638 639
1268 2 2 3 3 636 639 680
1269 2 2 3 3 638 637 640
1270 2 2 3 3 640 637 646
1271 2 2 3 3 646 637 659
1272 2 2 3 3 639 638 650
1273 2 2 3 3 638 640 642
1274 2 2 3 3 638 642 650
1275 2 2 3 3 639 650 651
1276 2 2 3 3 639 651 652
1277 2 2 3 3 639 652 680
1278 2 2 3 3 642 640 644
1279 2 2 3 3 644 640 656
1280 2 2 3 3 640 646 656
1281 2 2 3 3 653 641 654
1282 2 2 3 3 654 641 681
1283 2 2 3 3 641 680 681
1284 2 2 3 3 642 644 645
1285 2 2 3 3 642 645 700
1286 2 2 3 3 650 642 700
1287 2 2 3 3 643 664 665
1288 2 2 3 3 664 643 710
1289 2 2 3 3 643 665 704
1290 2 2 3 3 674 643 704
1291 2 2 3 3 645 644 714
1292 2 2 3 3 644 656 691
1293 2 2 3 3 644 691 714
1294 2 2 3 3 645 678 700
1295 2 2 3 3 679 645 714
1296 2 2 3 3 658 646 659
1297 2 2 3 3 647 655 688
1298 2 2 3 3 660 648 661
1299 2 2 3 3 651 650 711
1300 2 2 3 3 650 700 711
1301 2 2 3 3 652 651 692
1302 2 2 3 3 668 651 682
1303 2 2 3 3 651 668 692
1304 2 2 3 3 682 651 711
1305 2 2 3 3 680 652 681
1306 2 2 3 3 681 652 713
1307 2 2 3 3 652 692 713
1308 2 2 3 3 656 657 691
1309 2 2 3 3 691 657 718
1310 2 2 3 3 664 663 665
1311 2 2 3 3 688 664 710
1312 2 2 3 3 692 666 713
1313 2 2 3 3 673 693 709
1314 2 2 3 3 686 674 704
1315 2 2 5 4 64 3 879
1316 2 2 5 4 3 168 879
1317 2 2 5 4 4 37 901
1318 2 2 5 4 157 4 901
1319 2 2 5 4 7 120 899
1320 2 2 5 4 168 7 899
1321 2 2 5 4 93 8 900
1322 2 2 5 4 8 167 900
1323 2 2 5 4 37 38 886
1324 2 2 5 4 37 886 901
1325 2 2 5 4 38 39 741
1326 2 2 5 4 38 741 886
1327 2 2 5 4 39 40 793
1328 2 2 5 4 741 39 793
1329 2 2 5 4 40 41 726
1330 2 2 5 4 40 726 793
1331 2 2 5 4 41 42 856
1332 2 2 5 4 726 41 856
1333 2 2 5 4 42 43 752
1334 2 2 5 4 42 752 856
1335 2 2 5 4 43 44 723
1336 2 2 5 4 43 723 752
1337 2 2 5 4 44 45 851
1338 2 2 5 4 723 44 851
1339 2 2 5 4 45 46 732
1340 2 2 5 4 45 732 851
1341 2 2 5 4 46 47 850
1342 2 2 5 4 732 46 850
1343 2 2 5 4 47 48 725
1344 2 2 5 4 47 725 850
1345 2 2 5 4 48 49 896
1346 2 2 5 4 725 48 896
1347 2 2 5 4 49 50 730
1348 2 2 5 4 49 730 896
1349 2 2 5 4 50 51 839
1350 2 2 5 4 730 50 839
1351 2 2 5 4 51 52 729
1352 2 2 5 4 51 729 839
1353 2 2 5 4 52 53 847
1354 2 2 5 4 729 52 847
1355 2 2 5 4 53 54 739
1356 2 2 5 4 53 739 847
1357 2 2 5 4 54 55 881
1358 2 2 5 4 739 54 881
1359 2 2 5 4 55 56 738
1360 2 2 5 4 55 738 881
1361 2 2 5 4 56 57 904
1362 2 2 5 4 738 56 904
1363 2 2 5 4 57 58 744
1364 2 2 5 4 57 744 904
1365 2 2 5 4 58 59 806
1366 2 2 5 4 744 58 806
1367 2 2 5 4 59 60 751
1368 2 2 5 4 59 751 806
1369 2 2 5 4 60 61 748
1370 2 2 5 4 60 748 751
1371 2 2 5 4 61 62 874
1372 2 2 5 4 748 61 874
1373 2 2 5 4 62 63 749
1374 2 2 5 4 62 749 874
1375 2 2 5 4 63 64 750
1376 2 2 5 4 749 63 750
1377 2 2 5 4 750 64 879
1378 2 2 5 4 94 93 885
1379 2 2 5 4 885 93 900
1380 2 2 5 4 95 94 794
1381 2 2 5 4 794 94 885
1382 2 2 5 4 96 95 737
1383 2 2 5 4 737 95 794
1384 2 2 5 4 97 96 857
1385 2 2 5 4 96 737 857
1386 2 2 5 4 98 97 721
1387 2 2 5 4 721 97 857
1388 2 2 5 4 99 98 882
1389 2 2 5 4 98 721 882
1390 2 2 5 4 100 99 733
1391 2 2 5 4 733 99 882
1392 2 2 5 4 101 100 841
1393 2 2 5 4 100 733 841
1394 2 2 5 4 102 101 724
1395 2 2 5 4 724 101 841
1396 2 2 5 4 103 102 842
1397 2 2 5 4 102 724 842
1398 2 2 5 4 104 103 731
1399 2 2 5 4 731 103 842
1400 2 2 5 4 105 104 844
1401 2 2 5 4 104 731 844
1402 2 2 5 4 106 105 727
1403 2 2 5 4 727 105 844
1404 2 2 5 4 107 106 854
1405 2 2 5 4 106 727 854
1406 2 2 5 4 108 107 736
1407 2 2 5 4 736 107 854
1408 2 2 5 4 109 108 808
1409 2 2 5 4 108 736 808
1410 2 2 5 4 110 109 735
1411 2 2 5 4 735 109 808
1412 2 2 5 4 111 110 807
1413 2 2 5 4 110 735 807
1414 2 2 5 4 112 111 742
1415 2 2 5 4 742 111 807
1416 2 2 5 4 113 112 853
1417 2 2 5 4 112 742 853
1418 2 2 5 4 114 113 740
1419 2 2 5 4 740 113 853
1420 2 2 5 4 115 114 798
1421 2 2 5 4 114 740 798
1422 2 2 5 4 116 115 743
1423 2 2 5 4 743 115 798
1424 2 2 5 4 117 116 846
1425 2 2 5 4 116 743 846
1426 2 2 5 4 118 117 746
1427 2 2 5 4 746 117 846
1428 2 2 5 4 119 118 892
1429 2 2 5 4 118 746 892
1430 2 2 5 4 120 119 750
1431 2 2 5 4 750 119 892
1432 2 2 5 4 120 750 879
1433 2 2 5 4 120 879 899
1434 2 2 5 4 158 157 747
1435 2 2 5 4 747 157 901
1436 2 2 5 4 159 158 871
1437 2 2 5 4 158 747 871
1438 2 2 5 4 160 159 734
1439 2 2 5 4 734 159 871
1440 2 2 5 4 161 160 860
1441 2 2 5 4 160 734 860
1442 2 2 5 4 162 161 722
1443 2 2 5 4 722 161 860
1444 2 2 5 4 163 162 873
1445 2 2 5 4 162 722 873
1446 2 2 5 4 164 163 869
1447 2 2 5 4 869 163 873
1448 2 2 5 4 165 164 728
1449 2 2 5 4 728 164 869
1450 2 2 5 4 166 165 861
1451 2 2 5 4 165 728 861
1452 2 2 5 4 167 166 745
1453 2 2 5 4 745 166 861
1454 2 2 5 4 167 745 900
1455 2 2 5 4 879 168 899
1456 2 2 5 4 721 778 780
1457 2 2 5 4 778 721 893
1458 2 2 5 4 721 780 882
1459 2 2 5 4 721 857 893
1460 2 2 5 4 792 722 860
1461 2 2 5 4 722 792 890
1462 2 2 5 4 873 722 890
1463 2 2 5 4 752 723 753
1464 2 2 5 4 753 723 754
1465 2 2 5 4 754 723 851
1466 2 2 5 4 830 724 840
1467 2 2 5 4 724 830 842
1468 2 2 5 4 840 724 841
1469 2 2 5 4 725 838 865
1470 2 2 5 4 838 725 896
1471 2 2 5 4 850 725 897
1472 2 2 5 4 725 865 897
1473 2 2 5 4 789 726 856
1474 2 2 5 4 726 789 867
1475 2 2 5 4 793 726 867
1476 2 2 5 4 833 727 845
1477 2 2 5 4 727 833 854
1478 2 2 5 4 727 844 845
1479 2 2 5 4 774 728 869
1480 2 2 5 4 728 774 887
1481 2 2 5 4 861 728 887
1482 2 2 5 4 839 729 872
1483 2 2 5 4 729 847 848
1484 2 2 5 4 729 848 872
1485 2 2 5 4 730 831 837
1486 2 2 5 4 831 730 839
1487 2 2 5 4 730 837 838
1488 2 2 5 4 730 838 896
1489 2 2 5 4 832 731 843
1490 2 2 5 4 731 832 844
1491 2 2 5 4 731 842 843
1492 2 2 5 4 732 850 876
1493 2 2 5 4 851 732 852
1494 2 2 5 4 852 732 876
1495 2 2 5 4 780 733 882
1496 2 2 5 4 733 780 902
1497 2 2 5 4 841 733 902
1498 2 2 5 4 860 734 883
1499 2 2 5 4 734 871 903
1500 2 2 5 4 883 734 903
1501 2 2 5 4 807 735 870
1502 2 2 5 4 735 808 858
1503 2 2 5 4 735 858 870
1504 2 2 5 4 808 736 809
1505 2 2 5 4 809 736 810
1506 2 2 5 4 810 736 854
1507 2 2 5 4 737 794 795
1508 2 2 5 4 737 795 877
1509 2 2 5 4 857 737 877
1510 2 2 5 4 738 801 802
1511 2 2 5 4 801 738 904
1512 2 2 5 4 738 802 803
1513 2 2 5 4 738 803 881
1514 2 2 5 4 847 739 849
1515 2 2 5 4 849 739 891
1516 2 2 5 4 739 881 891
1517 2 2 5 4 798 740 799
1518 2 2 5 4 799 740 800
1519 2 2 5 4 800 740 853
1520 2 2 5 4 741 788 790
1521 2 2 5 4 788 741 793
1522 2 2 5 4 741 790 886
1523 2 2 5 4 804 742 807
1524 2 2 5 4 742 804 880
1525 2 2 5 4 853 742 880
1526 2 2 5 4 743 798 878
1527 2 2 5 4 846 743 889
1528 2 2 5 4 743 878 889
1529 2 2 5 4 744 799 800
1530 2 2 5 4 799 744 806
1531 2 2 5 4 744 800 801
1532 2 2 5 4 744 801 904
1533 2 2 5 4 796 745 861
1534 2 2 5 4 745 796 885
1535 2 2 5 4 745 885 900
1536 2 2 5 4 748 746 846
1537 2 2 5 4 746 748 874
1538 2 2 5 4 749 746 874
1539 2 2 5 4 746 749 892
1540 2 2 5 4 747 790 871
1541 2 2 5 4 790 747 886
1542 2 2 5 4 886 747 901
1543 2 2 5 4 751 748 889
1544 2 2 5 4 748 846 889
1545 2 2 5 4 749 750 892
1546 2 2 5 4 806 751 878
1547 2 2 5 4 878 751 889
1548 2 2 5 4 752 753 855
1549 2 2 5 4 752 855 856
1550 2 2 5 4 753 754 755
1551 2 2 5 4 753 755 756
1552 2 2 5 4 753 756 855
1553 2 2 5 4 755 754 866
1554 2 2 5 4 754 851 852
1555 2 2 5 4 754 852 866
1556 2 2 5 4 756 755 757
1557 2 2 5 4 757 755 758
1558 2 2 5 4 758 755 866
1559 2 2 5 4 756 757 759
1560 2 2 5 4 756 759 770
1561 2 2 5 4 756 770 855
1562 2 2 5 4 757 758 862
1563 2 2 5 4 759 757 760
1564 2 2 5 4 760 757 862
1565 2 2 5 4 862 758 884
1566 2 2 5 4 758 866 895
1567 2 2 5 4 884 758 895
1568 2 2 5 4 759 760 761
1569 2 2 5 4 759 761 782
1570 2 2 5 4 770 759 782
1571 2 2 5 4 761 760 762
1572 2 2 5 4 762 760 764
1573 2 2 5 4 764 760 862
1574 2 2 5 4 761 762 763
1575 2 2 5 4 761 763 765
1576 2 2 5 4 761 765 782
1577 2 2 5 4 763 762 766
1578 2 2 5 4 762 764 868
1579 2 2 5 4 766 762 868
1580 2 2 5 4 765 763 859
1581 2 2 5 4 763 766 767
1582 2 2 5 4 763 767 859
1583 2 2 5 4 829 764 862
1584 2 2 5 4 764 829 863
1585 2 2 5 4 764 863 868
1586 2 2 5 4 782 765 783
1587 2 2 5 4 783 765 791
1588 2 2 5 4 791 765 859
1589 2 2 5 4 767 766 768
1590 2 2 5 4 768 766 769
1591 2 2 5 4 769 766 868
1592 2 2 5 4 767 768 771
1593 2 2 5 4 767 771 772
1594 2 2 5 4 767 772 859
1595 2 2 5 4 768 769 773
1596 2 2 5 4 771 768 797
1597 2 2 5 4 768 773 797
1598 2 2 5 4 773 769 778
1599 2 2 5 4 778 769 779
1600 2 2 5 4 779 769 868
1601 2 2 5 4 770 782 784
1602 2 2 5 4 770 784 789
1603 2 2 5 4 770 789 855
1604 2 2 5 4 772 771 774
1605 2 2 5 4 774 771 775
1606 2 2 5 4 775 771 797
1607 2 2 5 4 772 774 776
1608 2 2 5 4 772 776 777
1609 2 2 5 4 772 777 859
1610 2 2 5 4 773 778 893
1611 2 2 5 4 797 773 877
1612 2 2 5 4 877 773 893
1613 2 2 5 4 774 775 887
1614 2 2 5 4 776 774 869
1615 2 2 5 4 775 795 796
1616 2 2 5 4 795 775 797
1617 2 2 5 4 775 796 887
1618 2 2 5 4 777 776 890
1619 2 2 5 4 776 869 873
1620 2 2 5 4 776 873 890
1621 2 2 5 4 791 777 792
1622 2 2 5 4 777 791 859
1623 2 2 5 4 792 777 890
1624 2 2 5 4 778 779 780
1625 2 2 5 4 780 779 781
1626 2 2 5 4 781 779 863
1627 2 2 5 4 863 779 868
1628 2 2 5 4 780 781 902
1629 2 2 5 4 781 863 898
1630 2 2 5 4 875 781 898
1631 2 2 5 4 781 875 902
1632 2 2 5 4 782 783 784
1633 2 2 5 4 784 783 785
1634 2 2 5 4 785 783 786
1635 2 2 5 4 786 783 791
1636 2 2 5 4 784 785 867
1637 2 2 5 4 789 784 867
1638 2 2 5 4 785 786 787
1639 2 2 5 4 785 787 788
1640 2 2 5 4 785 788 867
1641 2 2 5 4 787 786 883
1642 2 2 5 4 786 791 792
1643 2 2 5 4 786 792 883
1644 2 2 5 4 788 787 790
1645 2 2 5 4 790 787 903
1646 2 2 5 4 787 883 903
1647 2 2 5 4 788 793 867
1648 2 2 5 4 855 789 856
1649 2 2 5 4 871 790 903
1650 2 2 5 4 792 860 883
1651 2 2 5 4 795 794 796
1652 2 2 5 4 796 794 885
1653 2 2 5 4 795 797 877
1654 2 2 5 4 796 861 887
1655 2 2 5 4 798 799 878
1656 2 2 5 4 799 806 878
1657 2 2 5 4 801 800 802
1658 2 2 5 4 802 800 880
1659 2 2 5 4 800 853 880
1660 2 2 5 4 803 802 804
1661 2 2 5 4 804 802 880
1662 2 2 5 4 803 804 805
1663 2 2 5 4 803 805 891
1664 2 2 5 4 881 803 891
1665 2 2 5 4 805 804 870
1666 2 2 5 4 804 807 870
1667 2 2 5 4 849 805 888
1668 2 2 5 4 805 849 891
1669 2 2 5 4 805 870 888
1670 2 2 5 4 808 809 858
1671 2 2 5 4 809 810 811
1672 2 2 5 4 809 811 827
1673 2 2 5 4 809 827 858
1674 2 2 5 4 811 810 812
1675 2 2 5 4 812 810 833
1676 2 2 5 4 833 810 854
1677 2 2 5 4 811 812 813
1678 2 2 5 4 811 813 894
1679 2 2 5 4 827 811 894
1680 2 2 5 4 813 812 814
1681 2 2 5 4 814 812 815
1682 2 2 5 4 815 812 833
1683 2 2 5 4 813 814 831
1684 2 2 5 4 813 831 872
1685 2 2 5 4 813 872 894
1686 2 2 5 4 814 815 816
1687 2 2 5 4 814 816 837
1688 2 2 5 4 831 814 837
1689 2 2 5 4 816 815 817
1690 2 2 5 4 817 815 845
1691 2 2 5 4 815 833 845
1692 2 2 5 4 816 817 818
1693 2 2 5 4 816 818 825
1694 2 2 5 4 816 825 837
1695 2 2 5 4 818 817 819
1696 2 2 5 4 819 817 832
1697 2 2 5 4 832 817 845
1698 2 2 5 4 818 819 820
1699 2 2 5 4 818 820 864
1700 2 2 5 4 825 818 864
1701 2 2 5 4 820 819 821
1702 2 2 5 4 821 819 843
1703 2 2 5 4 819 832 843
1704 2 2 5 4 820 821 822
1705 2 2 5 4 820 822 823
1706 2 2 5 4 820 823 864
1707 2 2 5 4 822 821 824
1708 2 2 5 4 824 821 830
1709 2 2 5 4 830 821 843
1710 2 2 5 4 823 822 834
1711 2 2 5 4 822 824 826
1712 2 2 5 4 822 826 834
1713 2 2 5 4 823 834 835
1714 2 2 5 4 823 835 836
1715 2 2 5 4 823 836 864
1716 2 2 5 4 826 824 828
1717 2 2 5 4 828 824 840
1718 2 2 5 4 824 830 840
1719 2 2 5 4 837 825 838
1720 2 2 5 4 838 825 865
1721 2 2 5 4 825 864 865
1722 2 2 5 4 826 828 829
1723 2 2 5 4 826 829 884
1724 2 2 5 4 834 826 884
1725 2 2 5 4 827 848 849
1726 2 2 5 4 848 827 894
1727 2 2 5 4 827 849 888
1728 2 2 5 4 858 827 888
1729 2 2 5 4 829 828 898
1730 2 2 5 4 828 840 875
1731 2 2 5 4 828 875 898
1732 2 2 5 4 829 862 884
1733 2 2 5 4 863 829 898
1734 2 2 5 4 842 830 843
1735 2 2 5 4 831 839 872
1736 2 2 5 4 844 832 845
1737 2 2 5 4 835 834 895
1738 2 2 5 4 834 884 895
1739 2 2 5 4 836 835 876
1740 2 2 5 4 852 835 866
1741 2 2 5 4 835 852 876
1742 2 2 5 4 866 835 895
1743 2 2 5 4 864 836 865
1744 2 2 5 4 865 836 897
1745 2 2 5 4 836 876 897
1746 2 2 5 4 840 841 875
1747 2 2 5 4 875 841 902
1748 2 2 5 4 848 847 849
1749 2 2 5 4 872 848 894
1750 2 2 5 4 876 850 897
1751 2 2 5 4 857 877 893
1752 2 2 5 4 870 858 888
1753 2 2 6 5 1 121 1050
1754 2 2 6 5 145 1 1050
1755 2 2 6 5 131 4 1051
1756 2 2 6 5 4 157 1051
1757 2 2 6 5 133 5 1048
1758 2 2 6 5 5 155 1048
1759 2 2 6 5 8 143 1049
1760 2 2 6 5 167 8 1049
1761 2 2 6 5 121 122 919
1762 2 2 6 5 121 919 1050
1763 2 2 6 5 122 123 1044
1764 2 2 6 5 919 122 1044
1765 2 2 6 5 123 124 909
1766 2 2 6 5 123 909 1044
1767 2 2 6 5 124 125 1008
1768 2 2 6 5 909 124 1008
1769 2 2 6 5 125 126 983
1770 2 2 6 5 125 983 1008
1771 2 2 6 5 126 127 907
1772 2 2 6 5 126 907 983
1773 2 2 6 5 127 128 980
1774 2 2 6 5 907 127 980
1775 2 2 6 5 128 129 914
1776 2 2 6 5 128 914 980
1777 2 2 6 5 129 130 1045
1778 2 2 6 5 914 129 1045
1779 2 2 6 5 130 131 918
1780 2 2 6 5 130 918 1045
1781 2 2 6 5 918 131 1051
1782 2 2 6 5 134 133 1004
1783 2 2 6 5 1004 133 1048
1784 2 2 6 5 135 134 1043
1785 2 2 6 5 134 1004 1043
1786 2 2 6 5 136 135 911
1787 2 2 6 5 911 135 1043
1788 2 2 6 5 137 136 1047
1789 2 2 6 5 136 911 1047
1790 2 2 6 5 138 137 979
1791 2 2 6 5 979 137 1047
1792 2 2 6 5 139 138 908
1793 2 2 6 5 908 138 979
1794 2 2 6 5 140 139 991
1795 2 2 6 5 139 908 991
1796 2 2 6 5 141 140 915
1797 2 2 6 5 915 140 991
1798 2 2 6 5 142 141 996
1799 2 2 6 5 141 915 996
1800 2 2 6 5 143 142 1026
1801 2 2 6 5 142 996 1026
1802 2 2 6 5 143 1026 1049
1803 2 2 6 5 146 145 1027
1804 2 2 6 5 1027 145 1050
1805 2 2 6 5 147 146 1002
1806 2 2 6 5 1002 146 1027
1807 2 2 6 5 148 147 912
1808 2 2 6 5 912 147 1002
1809 2 2 6 5 149 148 997
1810 2 2 6 5 148 912 997
1811 2 2 6 5 150 149 1018
1812 2 2 6 5 149 997 1018
1813 2 2 6 5 151 150 906
1814 2 2 6 5 906 150 1018
1815 2 2 6 5 152 151 921
1816 2 2 6 5 151 906 921
1817 2 2 6 5 153 152 913
1818 2 2 6 5 913 152 921
1819 2 2 6 5 154 153 993
1820 2 2 6 5 153 913 993
1821 2 2 6 5 155 154 917
1822 2 2 6 5 917 154 993
1823 2 2 6 5 155 917 1048
1824 2 2 6 5 157 158 1038
1825 2 2 6 5 157 1038 1051
1826 2 2 6 5 158 159 1036
1827 2 2 6 5 158 1036 1038
1828 2 2 6 5 159 160 910
1829 2 2 6 5 159 910 1036
1830 2 2 6 5 160 161 1010
1831 2 2 6 5 910 160 1010
1832 2 2 6 5 161 162 981
1833 2 2 6 5 161 981 1010
1834 2 2 6 5 162 163 905
1835 2 2 6 5 162 905 981
1836 2 2 6 5 163 164 992
1837 2 2 6 5 905 163 992
1838 2 2 6 5 164 165 916
1839 2 2 6 5 164 916 992
1840 2 2 6 5 165 166 995
1841 2 2 6 5 916 165 995
1842 2 2 6 5 166 167 920
1843 2 2 6 5 166 920 995
1844 2 2 6 5 920 167 1049
1845 2 2 6 5 981 905 982
1846 2 2 6 5 982 905 1037
1847 2 2 6 5 905 992 1037
1848 2 2 6 5 921 906 922
1849 2 2 6 5 922 906 923
1850 2 2 6 5 923 906 1018
1851 2 2 6 5 950 907 980
1852 2 2 6 5 907 950 1040
1853 2 2 6 5 983 907 1040
1854 2 2 6 5 908 969 991
1855 2 2 6 5 969 908 1039
1856 2 2 6 5 908 979 1039
1857 2 2 6 5 1000 909 1017
1858 2 2 6 5 909 1000 1044
1859 2 2 6 5 909 1008 1046
1860 2 2 6 5 1017 909 1046
1861 2 2 6 5 910 1010 1032
1862 2 2 6 5 1030 910 1032
1863 2 2 6 5 910 1030 1036
1864 2 2 6 5 961 911 977
1865 2 2 6 5 911 961 978
1866 2 2 6 5 977 911 1043
1867 2 2 6 5 911 978 1047
1868 2 2 6 5 912 984 997
1869 2 2 6 5 984 912 998
1870 2 2 6 5 998 912 1002
1871 2 2 6 5 913 921 956
1872 2 2 6 5 913 956 957
1873 2 2 6 5 913 957 993
1874 2 2 6 5 952 914 954
1875 2 2 6 5 914 952 1042
1876 2 2 6 5 954 914 1045
1877 2 2 6 5 980 914 1042
1878 2 2 6 5 915 991 1041
1879 2 2 6 5 996 915 1052
1880 2 2 6 5 1019 915 1041
1881 2 2 6 5 915 1019 1052
1882 2 2 6 5 992 916 1033
1883 2 2 6 5 916 995 1034
1884 2 2 6 5 1033 916 1034
1885 2 2 6 5 917 993 1003
1886 2 2 6 5 917 1003 1004
1887 2 2 6 5 917 1004 1048
1888 2 2 6 5 954 918 955
1889 2 2 6 5 918 954 1045
1890 2 2 6 5 955 918 1038
1891 2 2 6 5 1038 918 1051
1892 2 2 6 5 999 919 1000
1893 2 2 6 5 919 999 1027
1894 2 2 6 5 1000 919 1044
1895 2 2 6 5 919 1027 1050
1896 2 2 6 5 995 920 1053
1897 2 2 6 5 920 1026 1028
1898 2 2 6 5 1026 920 1049
1899 2 2 6 5 920 1028 1053
1900 2 2 6 5 921 922 956
1901 2 2 6 5 922 923 924
1902 2 2 6 5 922 924 1005
1903 2 2 6 5 956 922 1005
1904 2 2 6 5 924 923 925
1905 2 2 6 5 925 923 948
1906 2 2 6 5 948 923 1018
1907 2 2 6 5 924 925 926
1908 2 2 6 5 924 926 927
1909 2 2 6 5 924 927 1005
1910 2 2 6 5 926 925 1011
1911 2 2 6 5 925 948 949
1912 2 2 6 5 925 949 1011
1913 2 2 6 5 927 926 928
1914 2 2 6 5 928 926 929
1915 2 2 6 5 929 926 1011
1916 2 2 6 5 927 928 1021
1917 2 2 6 5 1005 927 1006
1918 2 2 6 5 1006 927 1021
1919 2 2 6 5 928 929 930
1920 2 2 6 5 928 930 931
1921 2 2 6 5 928 931 1021
1922 2 2 6 5 930 929 1007
1923 2 2 6 5 1007 929 1014
1924 2 2 6 5 929 1011 1014
1925 2 2 6 5 931 930 932
1926 2 2 6 5 932 930 933
1927 2 2 6 5 933 930 1007
1928 2 2 6 5 931 932 1024
1929 2 2 6 5 931 1012 1021
1930 2 2 6 5 1012 931 1024
1931 2 2 6 5 932 933 934
1932 2 2 6 5 932 934 935
1933 2 2 6 5 932 935 1024
1934 2 2 6 5 934 933 936
1935 2 2 6 5 936 933 937
1936 2 2 6 5 937 933 1007
1937 2 2 6 5 935 934 1023
1938 2 2 6 5 934 936 938
1939 2 2 6 5 934 938 1023
1940 2 2 6 5 935 994 1020
1941 2 2 6 5 994 935 1023
1942 2 2 6 5 935 1020 1024
1943 2 2 6 5 936 937 1015
1944 2 2 6 5 938 936 939
1945 2 2 6 5 939 936 1015
1946 2 2 6 5 937 1001 1015
1947 2 2 6 5 1001 937 1016
1948 2 2 6 5 937 1007 1016
1949 2 2 6 5 938 939 940
1950 2 2 6 5 938 940 942
1951 2 2 6 5 938 942 1023
1952 2 2 6 5 940 939 941
1953 2 2 6 5 941 939 943
1954 2 2 6 5 943 939 1015
1955 2 2 6 5 940 941 947
1956 2 2 6 5 942 940 1035
1957 2 2 6 5 940 947 1035
1958 2 2 6 5 941 943 944
1959 2 2 6 5 941 944 1013
1960 2 2 6 5 947 941 1013
1961 2 2 6 5 1023 942 1025
1962 2 2 6 5 1025 942 1031
1963 2 2 6 5 1031 942 1035
1964 2 2 6 5 944 943 945
1965 2 2 6 5 945 943 946
1966 2 2 6 5 946 943 1015
1967 2 2 6 5 944 945 952
1968 2 2 6 5 944 952 953
1969 2 2 6 5 944 953 1013
1970 2 2 6 5 945 946 950
1971 2 2 6 5 945 950 1042
1972 2 2 6 5 952 945 1042
1973 2 2 6 5 950 946 951
1974 2 2 6 5 951 946 1001
1975 2 2 6 5 1001 946 1015
1976 2 2 6 5 947 1013 1032
1977 2 2 6 5 1029 947 1032
1978 2 2 6 5 947 1029 1035
1979 2 2 6 5 949 948 984
1980 2 2 6 5 984 948 997
1981 2 2 6 5 997 948 1018
1982 2 2 6 5 949 984 985
1983 2 2 6 5 949 985 986
1984 2 2 6 5 949 986 1011
1985 2 2 6 5 950 951 1040
1986 2 2 6 5 950 980 1042
1987 2 2 6 5 951 1001 1022
1988 2 2 6 5 1009 951 1022
1989 2 2 6 5 951 1009 1040
1990 2 2 6 5 953 952 954
1991 2 2 6 5 953 954 955
1992 2 2 6 5 953 955 1030
1993 2 2 6 5 1013 953 1030
1994 2 2 6 5 1030 955 1036
1995 2 2 6 5 1036 955 1038
1996 2 2 6 5 957 956 958
1997 2 2 6 5 958 956 1005
1998 2 2 6 5 957 958 959
1999 2 2 6 5 957 959 1003
2000 2 2 6 5 993 957 1003
2001 2 2 6 5 959 958 960
2002 2 2 6 5 960 958 1006
2003 2 2 6 5 958 1005 1006
2004 2 2 6 5 959 960 961
2005 2 2 6 5 959 961 977
2006 2 2 6 5 959 977 1003
2007 2 2 6 5 961 960 962
2008 2 2 6 5 962 960 963
2009 2 2 6 5 963 960 1006
2010 2 2 6 5 961 962 978
2011 2 2 6 5 962 963 964
2012 2 2 6 5 962 964 965
2013 2 2 6 5 962 965 978
2014 2 2 6 5 964 963 1012
2015 2 2 6 5 963 1006 1021
2016 2 2 6 5 1012 963 1021
2017 2 2 6 5 965 964 966
2018 2 2 6 5 966 964 967
2019 2 2 6 5 967 964 1012
2020 2 2 6 5 965 966 1039
2021 2 2 6 5 978 965 979
2022 2 2 6 5 979 965 1039
2023 2 2 6 5 966 967 968
2024 2 2 6 5 966 968 969
2025 2 2 6 5 966 969 1039
2026 2 2 6 5 968 967 1020
2027 2 2 6 5 967 1012 1024
2028 2 2 6 5 1020 967 1024
2029 2 2 6 5 969 968 970
2030 2 2 6 5 970 968 971
2031 2 2 6 5 971 968 1020
2032 2 2 6 5 969 970 1041
2033 2 2 6 5 991 969 1041
2034 2 2 6 5 970 971 972
2035 2 2 6 5 970 972 1019
2036 2 2 6 5 970 1019 1041
2037 2 2 6 5 972 971 973
2038 2 2 6 5 973 971 994
2039 2 2 6 5 994 971 1020
2040 2 2 6 5 972 973 974
2041 2 2 6 5 972 974 976
2042 2 2 6 5 972 976 1019
2043 2 2 6 5 974 973 975
2044 2 2 6 5 975 973 1025
2045 2 2 6 5 973 994 1025
2046 2 2 6 5 974 975 1033
2047 2 2 6 5 976 974 1034
2048 2 2 6 5 974 1033 1034
2049 2 2 6 5 975 1025 1031
2050 2 2 6 5 975 1031 1037
2051 2 2 6 5 1033 975 1037
2052 2 2 6 5 1019 976 1052
2053 2 2 6 5 976 1028 1052
2054 2 2 6 5 1028 976 1053
2055 2 2 6 5 976 1034 1053
2056 2 2 6 5 1003 977 1004
2057 2 2 6 5 1004 977 1043
2058 2 2 6 5 978 979 1047
2059 2 2 6 5 981 982 1029
2060 2 2 6 5 1010 981 1029
2061 2 2 6 5 1029 982 1035
2062 2 2 6 5 982 1031 1035
2063 2 2 6 5 1031 982 1037
2064 2 2 6 5 1008 983 1009
2065 2 2 6 5 1009 983 1040
2066 2 2 6 5 985 984 998
2067 2 2 6 5 986 985 987
2068 2 2 6 5 987 985 990
2069 2 2 6 5 990 985 998
2070 2 2 6 5 986 987 988
2071 2 2 6 5 986 988 1014
2072 2 2 6 5 1011 986 1014
2073 2 2 6 5 988 987 989
2074 2 2 6 5 989 987 1017
2075 2 2 6 5 987 990 1017
2076 2 2 6 5 988 989 1022
2077 2 2 6 5 1014 988 1016
2078 2 2 6 5 1016 988 1022
2079 2 2 6 5 989 1009 1022
2080 2 2 6 5 1009 989 1046
2081 2 2 6 5 989 1017 1046
2082 2 2 6 5 990 998 999
2083 2 2 6 5 990 999 1000
2084 2 2 6 5 990 1000 1017
2085 2 2 6 5 992 1033 1037
2086 2 2 6 5 994 1023 1025
2087 2 2 6 5 1034 995 1053
2088 2 2 6 5 1026 996 1028
2089 2 2 6 5 1028 996 1052
2090 2 2 6 5 999 998 1002
2091 2 2 6 5 999 1002 1027
2092 2 2 6 5 1001 1016 1022
2093 2 2 6 5 1007 1014 1016
2094 2 2 6 5 1008 1009 1046
2095 2 2 6 5 1010 1029 1032
2096 2 2 6 5 1013 1030 1032
2097 2 2 4 6 2 132 1057
2098 2 2 4 6 156 2 1057
2099 2 2 4 6 132 3 1055
2100 2 2 4 6 3 168 1055
2101 2 2 4 6 144 6 1056
2102 2 2 4 6 6 156 1056
2103 2 2 4 6 7 144 1054
2104 2 2 4 6 168 7 1054
2105 2 2 4 6 132 1055 1057
2106 2 2 4 6 1054 144 1056
2107 2 2 4 6 1056 156 1057
2108 2 2 4 6 168 1054 1055
2109 2 2 4 6 1055 1054 1056
2110 2 2 4 6 1055 1056 1057
2111 4 2 7 1 1114 1082 1424 1570
2112 4 2 7 1 1082 1332 1114 1424
2113 4 2 7 1 1114 1082 1290 1332
2114 4 2 7 1 1059 1144 1333 1502
2115 4 2 7 1 817 1312 1241 1464
2116 4 2 7 1 822 1260 1255 1377
2117 4 2 7 1 827 1167 1150 1493
2118 4 2 7 1 1168 1290 1082 1332
2119 4 2 7 1 837 1201 1307 1491
2120 4 2 7 1 1059 1360 1122 1409
2121 4 2 7 1 1107 1315 500 1398
2122 4 2 7 1 1120 1074 1234 1370
2123 4 2 7 1 1059 1122 1330 1409
2124 4 2 7 1 1114 1290 1082 1570
2125 4 2 7 1 1065 1104 1160 1301
2126 4 2 7 1 836 1185 1260 1415
2127 4 2 7 1 584 1221 1117 1371
2128 4 2 7 1 822 834 1260 1377
2129 4 2 7 1 1073 1444 1218 1592
2130 4 2 7 1 1059 1186 1144 1406
2131 4 2 7 1 1174 1259 1140 1308
2132 4 2 7 1 1059 1406 1144 1502
2133 4 2 7 1 1086 1171 1292 1384
2134 4 2 7 1 1059 1115 1360 1409
2135 4 2 7 1 215 214 1132 1226
2136 4 2 7 1 476 1244 448 1312
2137 4 2 7 1 849 1167 1180 1471
2138 4 2 7 1 1171 1086 1292 1573
2139 4 2 7 1 837 1201 1154 1307
2140 4 2 7 1 476 1244 1312 1438
2141 4 2 7 1 1079 1153 1187 1520
2142 4 2 7 1 1198 777 1302 1446
2143 4 2 7 1 647 629 1189 1347
2144 4 2 7 1 1100 1209 1131 1402
2145 4 2 7 1 1065 1160 1104 1277
2146 4 2 7 1 820 1156 822 1260
2147 4 2 7 1 1131 1209 1067 1402
2148 4 2 7 1 809 1150 1285 1493
2149 4 2 7 1 1144 1186 1059 1360
2150 4 2 7 1 817 845 1312 1464
2151 4 2 7 1 817 832 1241 1312
2152 4 2 7 1 503 1043 1314 1381
2153 4 2 7 1 837 1307 825 1491
2154 4 2 7 1 1065 1104 1301 1403
2155 4 2 7 1 584 1339 1221 1371
2156 4 2 7 1 849 1180 1167 1470
2157 4 2 7 1 1155 1204 468 1316
2158 4 2 7 1 1074 1127 1234 1461
2159 4 2 7 1 319 1044 1236 1248
2160 4 2 7 1 584 1117 583 1371
2161 4 2 7 1 1178 1319 1118 1356
2162 4 2 7 1 1228 1552 1434 1593
2163 4 2 7 1 1243 1423 1015 1547
2164 4 2 7 1 1099 1397 1275 1476
2165 4 2 7 1 448 1244 463 1312
2166 4 2 7 1 1163 1350 1083 1386
2167 4 2 7 1 1106 1155 1152 1478
2168 4 2 7 1 809 827 1150 1493
2169 4 2 7 1 822 1156 1255 1260
2170 4 2 7 1 1059 1391 1115 1409
2171 4 2 7 1 1015 1297 1243 1547
2172 4 2 7 1 1132 1226 214 1355
2173 4 2 7 1 830 1255 1199 1534
2174 4 2 7 1 992 905 1198 1456
2175 4 2 7 1 1074 1172 1127 1461
2176 4 2 7 1 1229 1129 1351 1571
2177 4 2 7 1 1100 1260 1185 1415
2178 4 2 7 1 1152 1155 1106 1537
2179 4 2 7 1 1073 1407 1444 1592
2180 4 2 7 1 830 1199 1255 1376
2181 4 2 7 1 982 1198 1035 1639
2182 4 2 7 1 836 1307 1260 1480
2183 4 2 7 1 315 1143 231 1213
2184 4 2 7 1 1073 1218 1407 1592
2185 4 2 7 1 1120 1259 1074 1370
2186 4 2 7 1 1330 1409 1271 1422
2187 4 2 7 1 1035 1198 1293 1639
2188 4 2 7 1 1220 1528 1110 1615
2189 4 2 7 1 849 827 1167 1471
2190 4 2 7 1 337 301 1147 1618
2191 4 2 7 1 583 1117 584 1498
2192 4 2 7 1 618 1250 1212 1359
2193 4 2 7 1 1127 1061 1342 1429
2194 4 2 7 1 1129 1075 1249 1328
2195 4 2 7 1 500 1107 1249 1315
2196 4 2 7 1 1067 1209 1131 1500
2197 4 2 7 1 1064 1271 1409 1422
2198 4 2 7 1 1114 1229 1351 1571
2199 4 2 7 1 1198 1456 1361 1630
2200 4 2 7 1 1228 1434 1408 1593
2201 4 2 7 1 1168 1290 427 1322
2202 4 2 7 1 1275 1397 467 1476
2203 4 2 7 1 1079 1187 1480 1520
2204 4 2 7 1 1075 1328 1129 1422
2205 4 2 7 1 1104 1065 1277 1403
2206 4 2 7 1 836 1415 1260 1613
2207 4 2 7 1 1099 1476 1275 1523
2208 4 2 7 1 1278 1450 1123 1530
2209 4 2 7 1 1082 1420 1332 1424
2210 4 2 7 1 399 1129 398 1229
2211 4 2 7 1 1074 1127 1172 1429
2212 4 2 7 1 178 344 712 1278
2213 4 2 7 1 1068 1259 1174 1308
2214 4 2 7 1 1103 1215 1495 1575
2215 4 2 7 1 1035 1198 1031 1293
2216 4 2 7 1 1117 1221 584 1498
2217 4 2 7 1 602 1528 1220 1615
2218 4 2 7 1 231 1213 1143 1258
2219 4 2 7 1 555 1196 183 1504
2220 4 2 7 1 602 1220 1110 1615
2221 4 2 7 1 1118 1178 1069 1319
2222 4 2 7 1 817 845 832 1312
2223 4 2 7 1 476 448 463 1312
2224 4 2 7 1 1131 1100 1402 1467
2225 4 2 7 1 1067 1131 1176 1401
2226 4 2 7 1 1120 1370 1234 1550
2227 4 2 7 1 889 1147 748 1617
2228 4 2 7 1 1062 1327 1272 1341
2229 4 2 7 1 1129 1298 1229 1351
2230 4 2 7 1 1116 1083 1350 1386
2231 4 2 7 1 410 500 1315 1398
2232 4 2 7 1 718 1262 1136 1296
2233 4 2 7 1 864 1156 1260 1307
2234 4 2 7 1 456 468 1204 1316
2235 4 2 7 1 426 427 1168 1290
2236 4 2 7 1 1086 1292 1144 1384
2237 4 2 7 1 1131 1336 1176 1401
2238 4 2 7 1 1260 1415 1100 1613
2239 4 2 7 1 1092 1319 1178 1356
2240 4 2 7 1 889 751 748 1147
2241 4 2 7 1 1062 1140 1272 1327
2242 4 2 7 1 579 583 1117 1261
2243 4 2 7 1 1229 1298 1114 1351
2244 4 2 7 1 427 426 1168 1322
2245 4 2 7 1 1035 982 1031 1198
2246 4 2 7 1 454 1158 496 1397
2247 4 2 7 1 1062 1272 1288 1341
2248 4 2 7 1 836 864 1260 1307
2249 4 2 7 1 566 708 524 1479
2250 4 2 7 1 1059 1330 1391 1409
2251 4 2 7 1 1112 1423 1243 1547
2252 4 2 7 1 653 1450 1278 1530
2253 4 2 7 1 448 1244 476 1438
2254 4 2 7 1 1062 1272 1140 1288
2255 4 2 7 1 1059 1186 1406 1502
2256 4 2 7 1 1074 1234 1172 1461
2257 4 2 7 1 647 1347 1189 1450
2258 4 2 7 1 1110 1407 1218 1592
2259 4 2 7 1 1227 1415 1185 1520
2260 4 2 7 1 1083 1116 1186 1386
2261 4 2 7 1 1131 1402 1176 1467
2262 4 2 7 1 1122 1059 1169 1186
2263 4 2 7 1 283 1183 1408 1548
2264 4 2 7 1 891 1180 1306 1471
2265 4 2 7 1 1092 1178 1319 1387
2266 4 2 7 1 583 579 1117 1498
2267 4 2 7 1 848 849 1167 1470
2268 4 2 7 1 1275 1476 467 1523
2269 4 2 7 1 804 1306 1242 1471
2270 4 2 7 1 397 1129 1249 1328
2271 4 2 7 1 191 337 301 1147
2272 4 2 7 1 315 1344 1213 1487
2273 4 2 7 1 1332 1420 1108 1424
2274 4 2 7 1 822 1156 820 1255
2275 4 2 7 1 214 210 1132 1614
2276 4 2 7 1 508 467 1476 1523
2277 4 2 7 1 869 992 1198 1456
2278 4 2 7 1 1103 1495 1305 1575
2279 4 2 7 1 1249 1328 1075 1364
2280 4 2 7 1 1159 1219 390 1364
2281 4 2 7 1 1150 1167 827 1471
2282 4 2 7 1 214 1132 210 1445
2283 4 2 7 1 618 1212 696 1359
2284 4 2 7 1 1120 1259 1140 1327
2285 4 2 7 1 1072 1112 1237 1413
2286 4 2 7 1 1083 1386 1186 1451
2287 4 2 7 1 891 1306 803 1471
2288 4 2 7 1 1041 1290 1233 1570
2289 4 2 7 1 315 1143 1213 1344
2290 4 2 7 1 1110 1220 602 1441
2291 4 2 7 1 830 1507 1255 1534
2292 4 2 7 1 1186 1386 1122 1451
2293 4 2 7 1 1069 1319 1178 1387
2294 4 2 7 1 1309 1315 404 1460
2295 4 2 7 1 1185 1227 1100 1415
2296 4 2 7 1 1155 1204 1152 1478
2297 4 2 7 1 1067 1320 1401 1472
2298 4 2 7 1 523 490 1242 1516
2299 4 2 7 1 1082 1168 1332 1420
2300 4 2 7 1 1073 1495 1215 1575
2301 4 2 7 1 583 582 579 1498
2302 4 2 7 1 1035 1293 1217 1639
2303 4 2 7 1 409 1309 1195 1315
2304 4 2 7 1 856 1149 726 1488
2305 4 2 7 1 1112 1413 1164 1601
2306 4 2 7 1 1153 1227 1187 1520
2307 4 2 7 1 277 1415 1227 1520
2308 4 2 7 1 1059 1122 1169 1330
2309 4 2 7 1 305 726 1149 1488
2310 4 2 7 1 1404 1438 1230 1625
2311 4 2 7 1 1127 1342 1061 1412
2312 4 2 7 1 1074 1120 1234 1327
2313 4 2 7 1 500 1324 1107 1398
2314 4 2 7 1 765 1234 1302 1461
2315 4 2 7 1 1080 1138 1241 1312
2316 4 2 7 1 1072 1392 1128 1644
2317 4 2 7 1 1212 1304 512 1359
2318 4 2 7 1 739 881 891 1180
2319 4 2 7 1 712 344 541 1278
2320 4 2 7 1 532 517 1049 900
2321 4 2 7 1 1255 1507 1101 1534
2322 4 2 7 1 765 1302 1127 1461
2323 4 2 7 1 1264 1408 1153 1434
2324 4 2 7 1 1149 1088 1342 1357
2325 4 2 7 1 1007 1390 1237 1591
2326 4 2 7 1 1061 1225 1282 1318
2327 4 2 7 1 1128 1391 1115 1392
2328 4 2 7 1 623 1197 438 1443
2329 4 2 7 1 763 1141 766 1621
2330 4 2 7 1 1198 1302 777 1361
2331 4 2 7 1 1083 1186 1116 1410
2332 4 2 7 1 277 1227 1415 1467
2333 4 2 7 1 1127 1302 1234 1461
2334 4 2 7 1 1067 1401 1173 1472
2335 4 2 7 1 1139 1202 1085 1297
2336 4 2 7 1 774 1456 1198 1630
2337 4 2 7 1 1059 1333 1144 1360
2338 4 2 7 1 1100 1415 1227 1467
2339 4 2 7 1 1228 1153 1408 1434
2340 4 2 7 1 789 726 856 1149
2341 4 2 7 1 1140 1308 1259 1393
2342 4 2 7 1 1171 1258 1086 1573
2343 4 2 7 1 1217 1446 1208 1640
2344 4 2 7 1 451 1158 454 1620
2345 4 2 7 1 625 1468 1267 1602
2346 4 2 7 1 454 1275 1158 1397
2347 4 2 7 1 915 1290 1041 1570
2348 4 2 7 1 1112 1243 1297 1547
2349 4 2 7 1 523 1242 490 1510
2350 4 2 7 1 1221 1339 1117 1371
2351 4 2 7 1 449 1158 451 1394
2352 4 2 7 1 1100 1185 1260 1480
2353 4 2 7 1 451 496 454 1158
2354 4 2 7 1 1110 1073 1218 1407
2355 4 2 7 1 1076 1148 1171 1292
2356 4 2 7 1 1088 1224 1149 1342
2357 4 2 7 1 187 339 329 1180
2358 4 2 7 1 653 546 1278 1450
2359 4 2 7 1 399 397 398 1129
2360 4 2 7 1 1061 1282 1135 1318
2361 4 2 7 1 1138 1080 1244 1312
2362 4 2 7 1 454 1158 1275 1620
2363 4 2 7 1 1156 1241 820 1376
2364 4 2 7 1 1074 1140 1259 1327
2365 4 2 7 1 220 1149 325 1226
2366 4 2 7 1 1197 1427 438 1443
2367 4 2 7 1 613 1221 1339 1465
2368 4 2 7 1 636 1157 1251 1611
2369 4 2 7 1 1007 1181 1237 1390
2370 4 2 7 1 820 822 823 1260
2371 4 2 7 1 1230 1438 1404 1537
2372 4 2 7 1 836 1260 1185 1480
2373 4 2 7 1 500 1249 1107 1324
2374 4 2 7 1 1135 1282 1225 1318
2375 4 2 7 1 397 1249 394 1328
2376 4 2 7 1 409 1315 1195 1398
2377 4 2 7 1 763 766 1141 1550
2378 4 2 7 1 809 827 858 1150
2379 4 2 7 1 789 1149 856 1488
2380 4 2 7 1 1128 1409 1330 1422
2381 4 2 7 1 226 1336 1286 1445
2382 4 2 7 1 231 1143 236 1258
2383 4 2 7 1 625 1331 1468 1602
2384 4 2 7 1 776 1198 774 1456
2385 4 2 7 1 1198 1217 777 1446
2386 4 2 7 1 1132 210 1445 1614
2387 4 2 7 1 1135 1401 1173 1529
2388 4 2 7 1 341 305 1149 1488
2389 4 2 7 1 1250 1359 618 1382
2390 4 2 7 1 818 820 1156 1241
2391 4 2 7 1 712 1278 541 1622
2392 4 2 7 1 1097 1418 1213 1448
2393 4 2 7 1 1002 1220 687 1236
2394 4 2 7 1 1076 1171 1148 1511
2395 4 2 7 1 763 1141 1234 1550
2396 4 2 7 1 589 1221 613 1465
2397 4 2 7 1 344 173 541 1278
2398 4 2 7 1 1118 1068 1308 1586
2399 4 2 7 1 390 1219 413 1364
2400 4 2 7 1 1125 1248 233 1487
2401 4 2 7 1 575 573 572 1216
2402 4 2 7 1 1072 1225 1340 1557
2403 4 2 7 1 1209 1260 834 1377
2404 4 2 7 1 1072 1391 1128 1392
2405 4 2 7 1 579 1261 1117 1287
2406 4 2 7 1 398 1229 1129 1298
2407 4 2 7 1 629 1267 1189 1347
2408 4 2 7 1 1157 1268 636 1396
2409 4 2 7 1 1086 1270 1144 1292
2410 4 2 7 1 1084 1435 1114 1561
2411 4 2 7 1 283 1439 1183 1548
2412 4 2 7 1 1085 1202 1139 1355
2413 4 2 7 1 1064 1146 1271 1422
2414 4 2 7 1 417 1109 1314 1453
2415 4 2 7 1 1095 1408 1183 1548
2416 4 2 7 1 992 1037 905 1456
2417 4 2 7 1 1158 1316 496 1397
2418 4 2 7 1 1176 1091 1367 1467
2419 4 2 7 1 1051 901 1038 1238
2420 4 2 7 1 218 214 1226 1355
2421 4 2 7 1 1097 1143 1213 1418
2422 4 2 7 1 1067 1176 1131 1402
2423 4 2 7 1 1353 1363 1267 1504
2424 4 2 7 1 267 270 312 1408
2425 4 2 7 1 1241 1312 832 1376
2426 4 2 7 1 579 1287 1117 1498
2427 4 2 7 1 1088 1224 1342 1357
2428 4 2 7 1 1116 1350 1163 1386
2429 4 2 7 1 664 1267 1363 1504
2430 4 2 7 1 417 1314 1109 1411
2431 4 2 7 1 1129 1229 399 1315
2432 4 2 7 1 977 1314 1043 1381
2433 4 2 7 1 390 1219 1159 1585
2434 4 2 7 1 1110 1528 1253 1615
2435 4 2 7 1 789 1149 1488 1560
2436 4 2 7 1 647 629 688 1189
2437 4 2 7 1 1199 1246 461 1534
2438 4 2 7 1 236 231 315 1143
2439 4 2 7 1 623 438 1212 1443
2440 4 2 7 1 1127 1342 1224 1429
2441 4 2 7 1 683 1389 1143 1531
2442 4 2 7 1 397 1129 399 1315
2443 4 2 7 1 1227 1480 1187 1520
2444 4 2 7 1 1120 1291 1140 1393
2445 4 2 7 1 795 1168 1058 1322
2446 4 2 7 1 891 1180 881 1306
2447 4 2 7 1 413 1219 1146 1364
2448 4 2 7 1 440 1285 1150 1425
2449 4 2 7 1 200 1400 1134 1526
2450 4 2 7 1 339 329 1180 1306
2451 4 2 7 1 915 1233 1041 1290
2452 4 2 7 1 990 1236 1248 1379
2453 4 2 7 1 517 532 1049 1492
2454 4 2 7 1 1149 1342 1286 1357
2455 4 2 7 1 325 1226 1149 1303
2456 4 2 7 1 1127 1172 1429 1461
2457 4 2 7 1 1165 1216 573 1350
2458 4 2 7 1 891 803 805 1471
2459 4 2 7 1 683 1143 1253 1531
2460 4 2 7 1 200 1280 1400 1526
2461 4 2 7 1 1198 1257 1031 1293
2462 4 2 7 1 1075 1364 1328 1422
2463 4 2 7 1 943 1015 1243 1423
2464 4 2 7 1 461 1246 1199 1394
2465 4 2 7 1 305 856 726 1488
2466 4 2 7 1 267 1264 1153 1569
2467 4 2 7 1 414 1146 413 1276
2468 4 2 7 1 1049 900 885 1514
2469 4 2 7 1 895 1209 834 1377
2470 4 2 7 1 1148 1277 1065 1421
2471 4 2 7 1 1074 1259 1140 1395
2472 4 2 7 1 313 1183 1278 1408
2473 4 2 7 1 1229 402 1290 1298
2474 4 2 7 1 173 541 1278 1622
2475 4 2 7 1 786 1208 1446 1640
2476 4 2 7 1 1140 1259 1120 1393
2477 4 2 7 1 200 1280 202 1400
2478 4 2 7 1 319 1044 919 1236
2479 4 2 7 1 1077 1198 1302 1446
2480 4 2 7 1 1255 1260 1090 1377
2481 4 2 7 1 915 1290 1052 1492
2482 4 2 7 1 1000 1236 1044 1248
2483 4 2 7 1 804 1304 1242 1306
2484 4 2 7 1 777 1217 1198 1639
2485 4 2 7 1 397 398 1129 1328
2486 4 2 7 1 1149 1286 1088 1357
2487 4 2 7 1 1148 1065 1277 1576
2488 4 2 7 1 1091 1176 1402 1467
2489 4 2 7 1 589 613 693 1465
2490 4 2 7 1 1152 1436 1155 1537
2491 4 2 7 1 683 600 1389 1531
2492 4 2 7 1 1075 1330 1271 1422
2493 4 2 7 1 573 1216 575 1350
2494 4 2 7 1 1141 1550 766 1621
2495 4 2 7 1 1176 1336 1162 1401
2496 4 2 7 1 885 1492 1049 1514
2497 4 2 7 1 763 1234 1141 1302
2498 4 2 7 1 1087 1163 1386 1545
2499 4 2 7 1 837 1154 1201 1584
2500 4 2 7 1 173 1278 1183 1622
2501 4 2 7 1 1084 1170 1463 1641
2502 4 2 7 1 1087 1136 1545 1549
2503 4 2 7 1 593 1182 1371 1407
2504 4 2 7 1 739 187 881 1180
2505 4 2 7 1 523 1242 436 1516
2506 4 2 7 1 438 1427 1212 1443
2507 4 2 7 1 1118 1184 1068 1586
2508 4 2 7 1 213 214 210 1445
2509 4 2 7 1 1392 1572 1128 1644
2510 4 2 7 1 1118 1069 1178 1549
2511 4 2 7 1 1186 1360 1083 1451
2512 4 2 7 1 449 1244 1158 1394
2513 4 2 7 1 1146 1219 413 1276
2514 4 2 7 1 718 1136 1262 1633
2515 4 2 7 1 468 1204 1155 1582
2516 4 2 7 1 1153 1227 267 1569
2517 4 2 7 1 497 1316 1191 1397
2518 4 2 7 1 1122 1360 1186 1451
2519 4 2 7 1 264 1201 1294 1455
2520 4 2 7 1 1145 1340 1225 1557
2521 4 2 7 1 1132 1421 1355 1614
2522 4 2 7 1 1134 1400 1280 1526
2523 4 2 7 1 1217 1293 1198 1639
2524 4 2 7 1 313 1278 1263 1408
2525 4 2 7 1 226 316 1336 1445
2526 4 2 7 1 1114 1351 1332 1571
2527 4 2 7 1 818 1156 820 1307
2528 4 2 7 1 803 1306 804 1471
2529 4 2 7 1 1144 1292 1171 1384
2530 4 2 7 1 1063 1152 1366 1587
2531 4 2 7 1 1074 1259 1120 1327
2532 4 2 7 1 750 198 382 1479
2533 4 2 7 1 198 566 382 1479
2534 4 2 7 1 1100 1131 1284 1467
2535 4 2 7 1 1007 1181 937 1237
2536 4 2 7 1 625 1363 1267 1468
2537 4 2 7 1 409 404 1309 1315
2538 4 2 7 1 1132 1266 1421 1614
2539 4 2 7 1 1065 1326 1270 1403
2540 4 2 7 1 1102 1404 1230 1625
2541 4 2 7 1 1083 1163 1386 1451
2542 4 2 7 1 1099 1494 1191 1521
2543 4 2 7 1 1087 1386 1325 1545
2544 4 2 7 1 1005 1223 958 1417
2545 4 2 7 1 1084 1114 1351 1561
2546 4 2 7 1 1131 1209 1100 1284
2547 4 2 7 1 451 1246 1158 1620
2548 4 2 7 1 413 414 396 1146
2549 4 2 7 1 1135 1472 1320 1556
2550 4 2 7 1 1095 1439 1396 1517
2551 4 2 7 1 1005 1006 958 1223
2552 4 2 7 1 1130 1065 1277 1421
2553 4 2 7 1 1063 1152 1240 1537
2554 4 2 7 1 1212 1250 1121 1359
2555 4 2 7 1 879 511 382 327
2556 4 2 7 1 511 566 327 695
2557 4 2 7 1 1103 1392 1305 1495
2558 4 2 7 1 1140 1259 1174 1395
2559 4 2 7 1 503 1314 421 1381
2560 4 2 7 1 795 1058 1168 1329
2561 4 2 7 1 1189 1347 1123 1450
2562 4 2 7 1 440 1425 1150 1516
2563 4 2 7 1 1173 1472 1135 1556
2564 4 2 7 1 1078 1228 1153 1408
2565 4 2 7 1 1227 1367 1091 1467
2566 4 2 7 1 786 1208 1188 1446
2567 4 2 7 1 1084 1298 1114 1435
2568 4 2 7 1 200 202 1280 1526
2569 4 2 7 1 191 301 751 1147
2570 4 2 7 1 1080 1312 1241 1376
2571 4 2 7 1 799 1462 1203 1490
2572 4 2 7 1 1305 1416 1103 1575
2573 4 2 7 1 463 1312 1244 1394
2574 4 2 7 1 680 636 1268 1396
2575 4 2 7 1 1074 1174 1259 1395
2576 4 2 7 1 1083 1116 1350 1410
2577 4 2 7 1 226 1286 316 1445
2578 4 2 7 1 774 1198 1361 1630
2579 4 2 7 1 1069 1118 1319 1496
2580 4 2 7 1 636 1235 1157 1611
2581 4 2 7 1 1073 1305 1495 1575
2582 4 2 7 1 348 1051 918 1238
2583 4 2 7 1 1138 1438 1404 1625
2584 4 2 7 1 1215 1103 1416 1575
2585 4 2 7 1 1086 1252 1143 1258
2586 4 2 7 1 900 517 1049 885
2587 4 2 7 1 862 1137 1377 1459
2588 4 2 7 1 215 218 214 1226
2589 4 2 7 1 1326 1270 1403 1631
2590 4 2 7 1 1138 1080 1241 1323
2591 4 2 7 1 1069 1319 1169 1496
2592 4 2 7 1 953 1265 1238 1345
2593 4 2 7 1 1165 1384 1134 1399
2594 4 2 7 1 305 1149 726 1303
2595 4 2 7 1 1063 1240 1152 1587
2596 4 2 7 1 943 1243 1015 1297
2597 4 2 7 1 1125 1213 233 1317
2598 4 2 7 1 426 406 427 1290
2599 4 2 7 1 1133 1065 1301 1326
2600 4 2 7 1 818 1241 1156 1307
2601 4 2 7 1 519 1290 360 1492
2602 4 2 7 1 1087 1296 1163 1545
2603 4 2 7 1 1076 1148 1266 1511
2604 4 2 7 1 303 1258 1252 1400
2605 4 2 7 1 1176 1336 1131 1574
2606 4 2 7 1 1078 1153 1228 1568
2607 4 2 7 1 1131 1088 1401 1500
2608 4 2 7 1 1115 1360 1409 1451
2609 4 2 7 1 517 1049 885 1492
2610 4 2 7 1 1076 1135 1282 1333
2611 4 2 7 1 1059 1186 1122 1360
2612 4 2 7 1 1092 1210 1158 1275
2613 4 2 7 1 1191 1204 1081 1316
2614 4 2 7 1 1099 1191 1476 1521
2615 4 2 7 1 1012 1024 1254 1454
2616 4 2 7 1 774 1198 776 1361
2617 4 2 7 1 855 789 1488 1560
2618 4 2 7 1 264 1294 1151 1455
2619 4 2 7 1 712 546 178 1278
2620 4 2 7 1 1087 1136 1296 1545
2621 4 2 7 1 849 827 848 1167
2622 4 2 7 1 1073 1261 1182 1407
2623 4 2 7 1 1084 1170 1337 1463
2624 4 2 7 1 1140 1291 1107 1393
2625 4 2 7 1 1037 1198 905 1456
2626 4 2 7 1 1072 1128 1341 1644
2627 4 2 7 1 1180 1471 1167 1595
2628 4 2 7 1 244 1226 325 1303
2629 4 2 7 1 1127 1188 1342 1412
2630 4 2 7 1 1323 1373 1241 1404
2631 4 2 7 1 636 1251 639 1611
2632 4 2 7 1 234 233 1248 1487
2633 4 2 7 1 1087 1545 1325 1549
2634 4 2 7 1 818 820 1241 1376
2635 4 2 7 1 1128 1351 1368 1422
2636 4 2 7 1 1106 1240 1152 1537
2637 4 2 7 1 1259 1308 1068 1393
2638 4 2 7 1 1132 1085 1355 1421
2639 4 2 7 1 1148 1171 1292 1573
2640 4 2 7 1 220 325 244 1226
2641 4 2 7 1 1225 1272 1145 1391
2642 4 2 7 1 405 1233 1290 1298
2643 4 2 7 1 675 1371 1261 1407
2644 4 2 7 1 1049 532 1026 1492
2645 4 2 7 1 1086 1134 1384 1399
2646 4 2 7 1 603 1220 602 1528
2647 4 2 7 1 497 1191 467 1397
2648 4 2 7 1 1130 1277 1065 1403
2649 4 2 7 1 1064 1422 1409 1572
2650 4 2 7 1 675 593 1371 1407
2651 4 2 7 1 1065 1403 1270 1631
2652 4 2 7 1 523 436 490 1516
2653 4 2 7 1 1127 1188 1224 1342
2654 4 2 7 1 490 1510 1242 1516
2655 4 2 7 1 1091 1402 1227 1467
2656 4 2 7 1 396 413 1146 1364
2657 4 2 7 1 983 907 1040 1202
2658 4 2 7 1 512 1359 1304 1374
2659 4 2 7 1 1223 1417 1005 1626
2660 4 2 7 1 1342 1357 1224 1429
2661 4 2 7 1 1133 1270 1065 1326
2662 4 2 7 1 1176 1401 1162 1555
2663 4 2 7 1 1131 1378 1088 1500
2664 4 2 7 1 1077 1361 1257 1600
2665 4 2 7 1 214 1132 1355 1614
2666 4 2 7 1 983 338 907 1202
2667 4 2 7 1 178 1278 546 1450
2668 4 2 7 1 799 1203 1374 1490
2669 4 2 7 1 943 939 1015 1423
2670 4 2 7 1 1124 1256 1112 1466
2671 4 2 7 1 1075 1308 1249 1452
2672 4 2 7 1 316 1286 216 1445
2673 4 2 7 1 1103 1215 1295 1495
2674 4 2 7 1 1086 1143 1252 1389
2675 4 2 7 1 1072 1340 1112 1557
2676 4 2 7 1 1006 1223 1005 1626
2677 4 2 7 1 233 1213 1125 1487
2678 4 2 7 1 1073 1407 1182 1444
2679 4 2 7 1 226 216 316 1286
2680 4 2 7 1 215 1226 1132 1286
2681 4 2 7 1 524 382 566 1479
2682 4 2 7 1 680 636 634 1268
2683 4 2 7 1 550 719 687 1220
2684 4 2 7 1 1068 1184 1118 1485
2685 4 2 7 1 382 524 381 1479
2686 4 2 7 1 1277 1317 1148 1576
2687 4 2 7 1 566 565 708 1479
2688 4 2 7 1 331 233 1125 1248
2689 4 2 7 1 1152 1204 1155 1436
2690 4 2 7 1 231 1213 1258 1642
2691 4 2 7 1 451 1158 449 1316
2692 4 2 7 1 1202 1355 224 1433
2693 4 2 7 1 360 1233 915 1290
2694 4 2 7 1 1055 1056 511 695
2695 4 2 7 1 215 1286 1132 1445
2696 4 2 7 1 414 396 1146 1358
2697 4 2 7 1 1272 1327 1145 1341
2698 4 2 7 1 789 856 855 1488
2699 4 2 7 1 998 1220 999 1379
2700 4 2 7 1 1122 1409 1360 1451
2701 4 2 7 1 683 605 1143 1389
2702 4 2 7 1 1080 1138 1244 1323
2703 4 2 7 1 1234 1327 1120 1550
2704 4 2 7 1 1124 1188 1094 1208
2705 4 2 7 1 1075 1308 1169 1474
2706 4 2 7 1 1138 1312 1244 1438
2707 4 2 7 1 1246 1512 461 1534
2708 4 2 7 1 1220 1236 999 1379
2709 4 2 7 1 683 600 605 1389
2710 4 2 7 1 1117 1261 583 1371
2711 4 2 7 1 438 551 367 1197
2712 4 2 7 1 1127 1224 1188 1581
2713 4 2 7 1 1368 1572 1392 1644
2714 4 2 7 1 1089 1228 1157 1251
2715 4 2 7 1 173 1183 541 1622
2716 4 2 7 1 1084 1463 1200 1641
2717 4 2 7 1 836 865 1307 1491
2718 4 2 7 1 1120 1195 1070 1291
2719 4 2 7 1 1246 1534 1199 1565
2720 4 2 7 1 404 525 1309 1460
2721 4 2 7 1 1111 1339 1221 1465
2722 4 2 7 1 1084 1368 1351 1422
2723 4 2 7 1 1184 1246 1092 1485
2724 4 2 7 1 1173 1401 1067 1529
2725 4 2 7 1 983 170 338 1202
2726 4 2 7 1 1152 1123 1366 1587
2727 4 2 7 1 1191 1494 1476 1521
2728 4 2 7 1 953 1345 1238 1589
2729 4 2 7 1 1072 1341 1128 1391
2730 4 2 7 1 789 1224 1149 1560
2731 4 2 7 1 1141 1327 1234 1550
2732 4 2 7 1 1148 1317 1277 1421
2733 4 2 7 1 409 404 525 1309
2734 4 2 7 1 1108 1257 1361 1600
2735 4 2 7 1 1077 1217 1198 1446
2736 4 2 7 1 1305 1392 1115 1495
2737 4 2 7 1 909 1248 182 1477
2738 4 2 7 1 329 881 1180 1306
2739 4 2 7 1 1061 1282 1225 1340
2740 4 2 7 1 1123 1450 1347 1530
2741 4 2 7 1 1165 1134 1414 1457
2742 4 2 7 1 647 1347 1450 1530
2743 4 2 7 1 1352 1444 1407 1592
2744 4 2 7 1 1075 1169 1330 1474
2745 4 2 7 1 1074 1318 1127 1429
2746 4 2 7 1 765 1234 763 1302
2747 4 2 7 1 284 1278 1450 1535
2748 4 2 7 1 1051 1038 918 1238
2749 4 2 7 1 1150 1285 440 1510
2750 4 2 7 1 1237 1390 1104 1591
2751 4 2 7 1 173 313 1183 1278
2752 4 2 7 1 864 820 1156 1307
2753 4 2 7 1 1189 1353 1267 1504
2754 4 2 7 1 1324 1356 494 1449
2755 4 2 7 1 1196 665 1363 1504
2756 4 2 7 1 1125 1317 233 1477
2757 4 2 7 1 1115 1391 1128 1409
2758 4 2 7 1 1070 1120 1338 1629
2759 4 2 7 1 1148 1258 1171 1573
2760 4 2 7 1 467 1397 1191 1476
2761 4 2 7 1 1097 1110 1253 1448
2762 4 2 7 1 1073 1182 1261 1371
2763 4 2 7 1 360 1290 915 1492
2764 4 2 7 1 283 1408 1264 1548
2765 4 2 7 1 827 858 1150 1471
2766 4 2 7 1 881 187 329 1180
2767 4 2 7 1 405 1290 402 1298
2768 4 2 7 1 349 1050 717 1236
2769 4 2 7 1 1046 1248 1477 1497
2770 4 2 7 1 1084 1337 1200 1463
2771 4 2 7 1 449 1158 1244 1316
2772 4 2 7 1 958 1417 1223 1541
2773 4 2 7 1 1140 1075 1288 1330
2774 4 2 7 1 1050 1027 717 1236
2775 4 2 7 1 1180 1167 1470 1595
2776 4 2 7 1 512 1212 433 1304
2777 4 2 7 1 985 984 1220 1506
2778 4 2 7 1 1166 1267 1363 1468
2779 4 2 7 1 1225 1282 1135 1333
2780 4 2 7 1 1092 1246 1184 1620
2781 4 2 7 1 602 1407 1110 1441
2782 4 2 7 1 990 999 1236 1379
2783 4 2 7 1 937 1237 1181 1547
2784 4 2 7 1 267 1227 1153 1520
2785 4 2 7 1 1214 1254 1024 1454
2786 4 2 7 1 1118 1496 1069 1549
2787 4 2 7 1 397 1249 1129 1315
2788 4 2 7 1 456 1204 469 1316
2789 4 2 7 1 343 1177 281 1367
2790 4 2 7 1 1244 1312 1080 1394
2791 4 2 7 1 688 629 710 1267
2792 4 2 7 1 1084 1114 1298 1351
2793 4 2 7 1 1143 1258 1252 1519
2794 4 2 7 1 1150 1510 440 1516
2795 4 2 7 1 1102 1230 1404 1537
2796 4 2 7 1 1016 937 1007 1181
2797 4 2 7 1 967 1012 1024 1254
2798 4 2 7 1 950 945 1297 1599
2799 4 2 7 1 1089 1228 1251 1536
2800 4 2 7 1 343 281 1177 1548
2801 4 2 7 1 1323 1404 1241 1464
2802 4 2 7 1 1114 1332 1229 1571
2803 4 2 7 1 1133 1073 1301 1407
2804 4 2 7 1 409 410 1315 1398
2805 4 2 7 1 1154 1241 1373 1404
2806 4 2 7 1 1088 1224 1357 1429
2807 4 2 7 1 1092 1184 1356 1620
2808 4 2 7 1 1061 1112 1256 1466
2809 4 2 7 1 472 365 733 1428
2810 4 2 7 1 1171 1258 1148 1511
2811 4 2 7 1 683 1253 600 1531
2812 4 2 7 1 1110 1097 1220 1379
2813 4 2 7 1 1097 1253 1143 1418
2814 4 2 7 1 1127 1318 1061 1429
2815 4 2 7 1 1152 1240 1106 1347
2816 4 2 7 1 527 1275 1178 1356
2817 4 2 7 1 417 1109 1276 1411
2818 4 2 7 1 761 1234 765 1461
2819 4 2 7 1 428 1229 1168 1460
2820 4 2 7 1 1000 990 1236 1248
2821 4 2 7 1 1396 1439 652 1517
2822 4 2 7 1 451 453 1246 1620
2823 4 2 7 1 1171 1292 1144 1437
2824 4 2 7 1 1095 1183 1439 1548
2825 4 2 7 1 1066 1165 1414 1628
2826 4 2 7 1 1156 1480 1489 1515
2827 4 2 7 1 1081 1204 1191 1299
2828 4 2 7 1 613 1465 1339 1596
2829 4 2 7 1 1064 1337 1146 1422
2830 4 2 7 1 230 233 1213 1317
2831 4 2 7 1 316 1162 1336 1445
2832 4 2 7 1 1276 1383 1337 1475
2833 4 2 7 1 1198 1257 1077 1361
2834 4 2 7 1 664 1363 665 1504
2835 4 2 7 1 688 1189 629 1267
2836 4 2 7 1 301 748 1147 1618
2837 4 2 7 1 319 919 195 1236
2838 4 2 7 1 1075 1140 1308 1474
2839 4 2 7 1 1117 1287 1261 1326
2840 4 2 7 1 763 766 767 1621
2841 4 2 7 1 1241 1312 1138 1464
2842 4 2 7 1 1152 1240 1123 1587
2843 4 2 7 1 1237 1543 1007 1591
2844 4 2 7 1 1132 1445 1266 1614
2845 4 2 7 1 1139 1355 1202 1433
2846 4 2 7 1 1174 1259 1137 1320
2847 4 2 7 1 915 1052 1290 1570
2848 4 2 7 1 497 467 1316 1397
2849 4 2 7 1 1101 1534 1246 1565
2850 4 2 7 1 1149 1226 220 1286
2851 4 2 7 1 237 319 1236 1248
2852 4 2 7 1 718 1262 549 1633
2853 4 2 7 1 776 869 873 1198
2854 4 2 7 1 1002 912 687 1220
2855 4 2 7 1 1097 1253 1418 1448
2856 4 2 7 1 312 265 267 1263
2857 4 2 7 1 1163 1087 1348 1498
2858 4 2 7 1 1112 1237 1413 1601
2859 4 2 7 1 805 803 804 1471
2860 4 2 7 1 1133 1261 1073 1407
2861 4 2 7 1 1226 1563 1355 1580
2862 4 2 7 1 305 325 1149 1303
2863 4 2 7 1 616 618 696 1359
2864 4 2 7 1 1026 532 377 1492
2865 4 2 7 1 695 1055 1056 1057
2866 4 2 7 1 1052 1492 1290 1570
2867 4 2 7 1 1266 1445 210 1614
2868 4 2 7 1 1070 1195 1120 1629
2869 4 2 7 1 496 1158 451 1316
2870 4 2 7 1 1123 1450 1278 1535
2871 4 2 7 1 417 1358 1109 1453
2872 4 2 7 1 884 758 1209 1447
2873 4 2 7 1 1075 1169 1308 1496
2874 4 2 7 1 1118 1308 1068 1319
2875 4 2 7 1 267 270 1264 1569
2876 4 2 7 1 1229 1290 1168 1332
2877 4 2 7 1 1204 1316 1191 1553
2878 4 2 7 1 1016 1181 1007 1390
2879 4 2 7 1 711 1175 650 1251
2880 4 2 7 1 1146 1276 414 1358
2881 4 2 7 1 642 1190 640 1611
2882 4 2 7 1 1099 1235 1494 1521
2883 4 2 7 1 1165 1457 1414 1628
2884 4 2 7 1 950 1297 1139 1599
2885 4 2 7 1 360 493 519 1492
2886 4 2 7 1 1090 1207 1156 1255
2887 4 2 7 1 390 1159 1369 1585
2888 4 2 7 1 718 1296 1136 1533
2889 4 2 7 1 895 884 758 1209
2890 4 2 7 1 1154 1201 1079 1307
2891 4 2 7 1 447 1244 1155 1316
2892 4 2 7 1 283 345 1183 1439
2893 4 2 7 1 836 876 1415 1613
2894 4 2 7 1 1242 1304 1093 1306
2895 4 2 7 1 1073 1295 1218 1444
2896 4 2 7 1 490 440 1510 1516
2897 4 2 7 1 230 1317 1213 1642
2898 4 2 7 1 1112 1072 1237 1432
2899 4 2 7 1 284 1278 178 1450
2900 4 2 7 1 1121 1359 1250 1382
2901 4 2 7 1 1130 1292 1065 1421
2902 4 2 7 1 1148 1573 1065 1576
2903 4 2 7 1 1124 1112 1256 1423
2904 4 2 7 1 327 382 879 198
2905 4 2 7 1 566 511 327 382
2906 4 2 7 1 1075 1129 1288 1422
2907 4 2 7 1 1024 1254 1214 1610
2908 4 2 7 1 550 687 912 1220
2909 4 2 7 1 1075 1330 1140 1474
2910 4 2 7 1 1171 204 1375 1562
2911 4 2 7 1 1156 1260 1480 1515
2912 4 2 7 1 640 1190 1521 1611
2913 4 2 7 1 1101 1512 1246 1534
2914 4 2 7 1 201 200 1134 1526
2915 4 2 7 1 699 602 1220 1441
2916 4 2 7 1 1270 1292 1086 1573
2917 4 2 7 1 1085 1282 1132 1313
2918 4 2 7 1 1179 1377 1255 1380
2919 4 2 7 1 718 596 1262 1296
2920 4 2 7 1 1076 1266 1171 1511
2921 4 2 7 1 1049 1026 920 1492
2922 4 2 7 1 331 234 233 1248
2923 4 2 7 1 269 267 1227 1569
2924 4 2 7 1 1092 1210 1275 1387
2925 4 2 7 1 1409 1422 1128 1572
2926 4 2 7 1 1073 1215 1295 1444
2927 4 2 7 1 816 1154 1241 1307
2928 4 2 7 1 397 394 398 1328
2929 4 2 7 1 1256 1318 1145 1340
2930 4 2 7 1 748 1274 1147 1618
2931 4 2 7 1 325 220 341 1149
2932 4 2 7 1 1150 1426 1427 1516
2933 4 2 7 1 907 1202 338 1433
2934 4 2 7 1 1087 1221 1205 1475
2935 4 2 7 1 1243 941 1423 1588
2936 4 2 7 1 1103 1392 1368 1572
2937 4 2 7 1 1151 1294 1201 1455
2938 4 2 7 1 954 1238 953 1265
2939 4 2 7 1 1089 1157 1228 1483
2940 4 2 7 1 748 751 301 1147
2941 4 2 7 1 1087 1430 1348 1498
2942 4 2 7 1 1112 1340 1256 1557
2943 4 2 7 1 427 1322 1290 1492
2944 4 2 7 1 1120 1259 1370 1459
2945 4 2 7 1 1094 1188 1124 1466
2946 4 2 7 1 394 1328 1249 1364
2947 4 2 7 1 1117 1287 1326 1451
2948 4 2 7 1 1128 1351 1341 1368
2949 4 2 7 1 1401 1529 1162 1555
2950 4 2 7 1 1070 1291 1195 1315
2951 4 2 7 1 1141 1120 1327 1550
2952 4 2 7 1 1085 1132 1282 1421
2953 4 2 7 1 653 546 654 1278
2954 4 2 7 1 1068 1118 1319 1485
2955 4 2 7 1 1124 1112 1423 1466
2956 4 2 7 1 1241 1404 1154 1464
2957 4 2 7 1 1157 1235 636 1494
2958 4 2 7 1 1089 1522 1483 1525
2959 4 2 7 1 1336 1574 350 1607
2960 4 2 7 1 1066 1269 1552 1623
2961 4 2 7 1 1128 1391 1330 1409
2962 4 2 7 1 1185 1100 1227 1480
2963 4 2 7 1 776 869 1198 1456
2964 4 2 7 1 1090 1156 1207 1489
2965 4 2 7 1 1095 1396 1251 1517
2966 4 2 7 1 1189 1240 1123 1347
2967 4 2 7 1 417 418 1314 1411
2968 4 2 7 1 1081 1204 1155 1316
2969 4 2 7 1 469 1316 1204 1553
2970 4 2 7 1 417 1276 1109 1358
2971 4 2 7 1 1112 1061 1313 1466
2972 4 2 7 1 711 650 1175 1362
2973 4 2 7 1 1091 1187 1153 1227
2974 4 2 7 1 170 338 321 907
2975 4 2 7 1 381 892 750 1479
2976 4 2 7 1 1261 1371 1182 1407
2977 4 2 7 1 340 565 198 1479
2978 4 2 7 1 1075 1308 1452 1496
2979 4 2 7 1 1128 1341 1272 1391
2980 4 2 7 1 1035 947 1217 1293
2981 4 2 7 1 1182 1407 1352 1444
2982 4 2 7 1 1080 1431 1158 1565
2983 4 2 7 1 985 1220 1379 1506
2984 4 2 7 1 1170 1337 1223 1416
2985 4 2 7 1 1088 1336 1131 1401
2986 4 2 7 1 1107 1308 1140 1393
2987 4 2 7 1 1181 1313 1112 1643
2988 4 2 7 1 1227 1091 1367 1569
2989 4 2 7 1 1147 1274 748 1617
2990 4 2 7 1 712 654 546 1278
2991 4 2 7 1 218 1355 1226 1563
2992 4 2 7 1 683 1253 1143 1344
2993 4 2 7 1 1104 1218 1160 1301
2994 4 2 7 1 1000 990 999 1236
2995 4 2 7 1 709 1205 589 1465
2996 4 2 7 1 263 1263 1151 1294
2997 4 2 7 1 1045 918 954 1238
2998 4 2 7 1 205 1177 343 1562
2999 4 2 7 1 1355 1563 1139 1580
3000 4 2 7 1 201 1134 200 1518
3001 4 2 7 1 512 1304 433 1374
3002 4 2 7 1 1404 1438 1323 1537
3003 4 2 7 1 1001 1297 1015 1547
3004 4 2 7 1 291 1201 896 1491
3005 4 2 7 1 1201 1542 1455 1584
3006 4 2 7 1 451 1158 1246 1394
3007 4 2 7 1 1097 1125 1248 1497
3008 4 2 7 1 1094 1139 1466 1599
3009 4 2 7 1 1242 1306 1093 1471
3010 4 2 7 1 1157 1483 1089 1522
3011 4 2 7 1 426 1058 1168 1322
3012 4 2 7 1 1153 1187 1091 1434
3013 4 2 7 1 292 1201 264 1455
3014 4 2 7 1 1266 1132 1421 1612
3015 4 2 7 1 820 1255 1156 1376
3016 4 2 7 1 1108 1332 1211 1420
3017 4 2 7 1 246 1382 1462 1490
3018 4 2 7 1 1095 1264 1408 1548
3019 4 2 7 1 1140 1288 1272 1330
3020 4 2 7 1 1476 1494 646 1521
3021 4 2 7 1 1120 1459 1370 1550
3022 4 2 7 1 390 1369 387 1585
3023 4 2 7 1 249 328 1121 1250
3024 4 2 7 1 726 1149 867 1303
3025 4 2 7 1 778 1309 893 1544
3026 4 2 7 1 1067 1131 1401 1500
3027 4 2 7 1 711 1175 1251 1517
3028 4 2 7 1 1139 1433 950 1599
3029 4 2 7 1 338 170 983 907
3030 4 2 7 1 1049 745 900 1514
3031 4 2 7 1 1012 1454 1254 1641
3032 4 2 7 1 1052 1082 1492 1570
3033 4 2 7 1 1137 1300 1174 1320
3034 4 2 7 1 990 998 999 1379
3035 4 2 7 1 1322 1492 885 1514
3036 4 2 7 1 1073 1110 1218 1301
3037 4 2 7 1 1089 1235 1522 1525
3038 4 2 7 1 1163 1430 1087 1498
3039 4 2 7 1 1205 1221 589 1465
3040 4 2 7 1 1112 1181 1297 1313
3041 4 2 7 1 305 325 341 1149
3042 4 2 7 1 1070 1120 1291 1338
3043 4 2 7 1 1203 1462 1382 1490
3044 4 2 7 1 606 687 719 1220
3045 4 2 7 1 578 1163 1287 1498
3046 4 2 7 1 313 272 1263 1278
3047 4 2 7 1 1110 1097 1379 1448
3048 4 2 7 1 1236 1344 189 1487
3049 4 2 7 1 1368 1128 1572 1644
3050 4 2 7 1 1174 1308 1140 1474
3051 4 2 7 1 1093 1212 1121 1304
3052 4 2 7 1 1094 1466 1139 1580
3053 4 2 7 1 907 1040 1202 1433
3054 4 2 7 1 1075 1140 1288 1503
3055 4 2 7 1 1122 1186 1169 1386
3056 4 2 7 1 1073 1295 1215 1495
3057 4 2 7 1 1077 1293 1217 1412
3058 4 2 7 1 563 717 1027 1236
3059 4 2 7 1 382 381 750 1479
3060 4 2 7 1 497 1191 1316 1553
3061 4 2 7 1 1261 1305 1117 1326
3062 4 2 7 1 198 565 566 1479
3063 4 2 7 1 1171 206 1400 1511
3064 4 2 7 1 239 233 1317 1477
3065 4 2 7 1 950 1139 1297 1433
3066 4 2 7 1 578 684 1163 1498
3067 4 2 7 1 1129 1062 1351 1571
3068 4 2 7 1 1073 1305 1261 1326
3069 4 2 7 1 1337 1383 1223 1416
3070 4 2 7 1 1194 1300 1096 1554
3071 4 2 7 1 179 850 289 1185
3072 4 2 7 1 647 1189 688 1450
3073 4 2 7 1 264 263 1151 1294
3074 4 2 7 1 1104 1403 1277 1432
3075 4 2 7 1 623 551 438 1197
3076 4 2 7 1 1118 1356 1324 1449
3077 4 2 7 1 761 763 765 1234
3078 4 2 7 1 578 1163 580 1287
3079 4 2 7 1 1222 1450 278 1558
3080 4 2 7 1 1143 236 1258 1519
3081 4 2 7 1 1029 1035 947 1217
3082 4 2 7 1 1082 1290 1168 1322
3083 4 2 7 1 774 1245 1456 1630
3084 4 2 7 1 1455 1542 1105 1584
3085 4 2 7 1 1209 1284 1131 1594
3086 4 2 7 1 1061 1225 1318 1340
3087 4 2 7 1 360 915 493 1492
3088 4 2 7 1 545 177 1450 1504
3089 4 2 7 1 1177 281 1367 1569
3090 4 2 7 1 849 888 827 1471
3091 4 2 7 1 1196 1363 1353 1504
3092 4 2 7 1 1220 984 1441 1506
3093 4 2 7 1 1062 1288 1129 1351
3094 4 2 7 1 886 901 333 1238
3095 4 2 7 1 1157 1089 1235 1522
3096 4 2 7 1 417 1314 515 1453
3097 4 2 7 1 946 943 1015 1297
3098 4 2 7 1 1368 1392 1103 1644
3099 4 2 7 1 1144 1384 1171 1437
3100 4 2 7 1 1243 1345 941 1588
3101 4 2 7 1 1083 1216 1133 1270
3102 4 2 7 1 1117 1261 1073 1305
3103 4 2 7 1 1355 1421 1085 1614
3104 4 2 7 1 636 1299 1157 1494
3105 4 2 7 1 200 1134 1400 1634
3106 4 2 7 1 1148 1421 1065 1573
3107 4 2 7 1 1129 1328 1084 1422
3108 4 2 7 1 1225 1145 1318 1340
3109 4 2 7 1 1134 200 1518 1634
3110 4 2 7 1 1261 1326 1287 1564
3111 4 2 7 1 1044 1000 919 1236
3112 4 2 7 1 1107 1195 1291 1315
3113 4 2 7 1 1272 1341 1145 1557
3114 4 2 7 1 1123 1240 1152 1347
3115 4 2 7 1 1002 999 1220 1236
3116 4 2 7 1 1090 1207 1255 1380
3117 4 2 7 1 1217 1293 1124 1412
3118 4 2 7 1 1202 1297 1139 1433
3119 4 2 7 1 884 1209 1377 1447
3120 4 2 7 1 1046 1248 909 1477
3121 4 2 7 1 1138 1323 1241 1464
3122 4 2 7 1 1097 1125 1497 1576
3123 4 2 7 1 1002 687 563 1236
3124 4 2 7 1 1106 1267 1166 1602
3125 4 2 7 1 1276 1337 1146 1475
3126 4 2 7 1 920 1049 1492 1514
3127 4 2 7 1 303 217 236 1258
3128 4 2 7 1 1271 1122 1330 1496
3129 4 2 7 1 715 531 1056 695
3130 4 2 7 1 1090 1260 1209 1377
3131 4 2 7 1 1348 1430 1221 1498
3132 4 2 7 1 398 1298 1129 1328
3133 4 2 7 1 1085 1313 1132 1355
3134 4 2 7 1 450 449 451 1394
3135 4 2 7 1 1228 1153 1434 1568
3136 4 2 7 1 1094 1139 1563 1580
3137 4 2 7 1 1280 1384 1134 1414
3138 4 2 7 1 939 1015 1423 1547
3139 4 2 7 1 1088 1286 1162 1357
3140 4 2 7 1 281 1264 1177 1548
3141 4 2 7 1 1080 1156 1207 1376
3142 4 2 7 1 1194 1206 1096 1300
3143 4 2 7 1 1156 1260 1307 1480
3144 4 2 7 1 1153 1294 267 1520
3145 4 2 7 1 1079 1201 1154 1603
3146 4 2 7 1 1075 1308 1140 1503
3147 4 2 7 1 776 774 869 1456
3148 4 2 7 1 683 1344 1143 1519
3149 4 2 7 1 1143 1344 315 1519
3150 4 2 7 1 1177 1264 281 1569
3151 4 2 7 1 1300 1472 1320 1484
3152 4 2 7 1 836 865 864 1307
3153 4 2 7 1 312 313 1263 1408
3154 4 2 7 1 1414 1457 1175 1628
3155 4 2 7 1 1080 1199 1312 1376
3156 4 2 7 1 907 338 321 1433
3157 4 2 7 1 618 1359 616 1382
3158 4 2 7 1 1094 1563 1226 1580
3159 4 2 7 1 203 204 206 1171
3160 4 2 7 1 396 1146 1328 1364
3161 4 2 7 1 1191 1494 1299 1553
3162 4 2 7 1 750 749 197 1479
3163 4 2 7 1 578 1287 580 1350
3164 4 2 7 1 1206 1269 1091 1583
3165 4 2 7 1 1084 1298 1129 1351
3166 4 2 7 1 611 1465 613 1596
3167 4 2 7 1 1073 1261 1117 1575
3168 4 2 7 1 204 1171 203 1400
3169 4 2 7 1 179 725 850 1185
3170 4 2 7 1 1054 1056 511 1055
3171 4 2 7 1 1097 1213 1143 1344
3172 4 2 7 1 636 638 1235 1611
3173 4 2 7 1 1345 1466 1243 1599
3174 4 2 7 1 1152 1268 632 1299
3175 4 2 7 1 1137 1259 1174 1300
3176 4 2 7 1 1255 1377 1179 1507
3177 4 2 7 1 1027 1002 563 1236
3178 4 2 7 1 1117 1305 1073 1575
3179 4 2 7 1 1288 1351 1128 1422
3180 4 2 7 1 1108 1257 1198 1361
3181 4 2 7 1 1339 1465 1111 1596
3182 4 2 7 1 862 1377 1137 1447
3183 4 2 7 1 1149 1224 789 1509
3184 4 2 7 1 1130 1403 1392 1432
3185 4 2 7 1 1384 1414 1280 1623
3186 4 2 7 1 1367 1467 1227 1569
3187 4 2 7 1 1050 349 919 1236
3188 4 2 7 1 426 1168 1058 1329
3189 4 2 7 1 989 1477 1388 1497
3190 4 2 7 1 1152 1081 1204 1436
3191 4 2 7 1 1075 1330 1169 1496
3192 4 2 7 1 1158 1275 1210 1397
3193 4 2 7 1 1130 1392 1391 1432
3194 4 2 7 1 589 1205 709 1430
3195 4 2 7 1 752 1273 330 1607
3196 4 2 7 1 1192 1091 1269 1583
3197 4 2 7 1 1189 1450 1222 1558
3198 4 2 7 1 1099 1275 1210 1387
3199 4 2 7 1 1192 1414 1066 1552
3200 4 2 7 1 534 365 472 1428
3201 4 2 7 1 841 733 902 1428
3202 4 2 7 1 1196 1353 296 1504
3203 4 2 7 1 390 1159 388 1369
3204 4 2 7 1 286 545 177 1450
3205 4 2 7 1 633 1299 1204 1478
3206 4 2 7 1 1090 1380 1194 1489
3207 4 2 7 1 474 461 1199 1394
3208 4 2 7 1 1066 1414 1192 1536
3209 4 2 7 1 1083 1287 1326 1564
3210 4 2 7 1 1326 1360 1270 1631
3211 4 2 7 1 684 1296 1163 1498
3212 4 2 7 1 1132 1355 1313 1580
3213 4 2 7 1 1235 1521 1190 1611
3214 4 2 7 1 1124 1208 1094 1345
3215 4 2 7 1 264 1294 1201 1624
3216 4 2 7 1 580 1287 1163 1350
3217 4 2 7 1 1092 1158 1210 1513
3218 4 2 7 1 534 472 1365 1428
3219 4 2 7 1 841 902 1365 1428
3220 4 2 7 1 1079 1294 1153 1520
3221 4 2 7 1 457 1184 459 1512
3222 4 2 7 1 441 1311 1285 1625
3223 4 2 7 1 421 503 535 1314
3224 4 2 7 1 517 885 1322 1492
3225 4 2 7 1 182 1248 331 1477
3226 4 2 7 1 558 1250 617 1382
3227 4 2 7 1 1379 1497 1160 1576
3228 4 2 7 1 1076 1135 1333 1529
3229 4 2 7 1 1286 1336 1162 1445
3230 4 2 7 1 1094 1466 1345 1599
3231 4 2 7 1 1077 1198 1217 1293
3232 4 2 7 1 1243 1423 1112 1466
3233 4 2 7 1 1097 1497 1379 1576
3234 4 2 7 1 1179 1380 1255 1507
3235 4 2 7 1 387 390 388 1369
3236 4 2 7 1 1191 1299 1204 1553
3237 4 2 7 1 190 1306 248 1490
3238 4 2 7 1 818 819 820 1376
3239 4 2 7 1 801 1306 738 1490
3240 4 2 7 1 633 1152 632 1299
3241 4 2 7 1 1150 1427 1242 1516
3242 4 2 7 1 1062 1129 1288 1571
3243 4 2 7 1 1150 1093 1242 1427
3244 4 2 7 1 1199 1255 1376 1565
3245 4 2 7 1 1131 1467 1176 1574
3246 4 2 7 1 411 1195 409 1309
3247 4 2 7 1 650 1175 1362 1611
3248 4 2 7 1 1269 1367 1091 1623
3249 4 2 7 1 1066 1269 1192 1552
3250 4 2 7 1 1308 1324 1249 1452
3251 4 2 7 1 1133 1216 1083 1564
3252 4 2 7 1 1327 1405 1281 1600
3253 4 2 7 1 1177 205 1526 1562
3254 4 2 7 1 219 1355 1139 1433
3255 4 2 7 1 1061 1135 1282 1357
3256 4 2 7 1 1299 1494 648 1553
3257 4 2 7 1 1166 1267 1106 1419
3258 4 2 7 1 1087 1369 1136 1549
3259 4 2 7 1 1063 1142 1323 1373
3260 4 2 7 1 1243 1466 1139 1599
3261 4 2 7 1 1277 1403 1130 1432
3262 4 2 7 1 1120 1140 1291 1327
3263 4 2 7 1 278 1450 320 1558
3264 4 2 7 1 320 1450 1189 1558
3265 4 2 7 1 591 1339 1289 1596
3266 4 2 7 1 237 1236 189 1487
3267 4 2 7 1 608 1407 602 1441
3268 4 2 7 1 862 1370 1137 1459
3269 4 2 7 1 1029 982 1035 1639
3270 4 2 7 1 1091 1187 1227 1402
3271 4 2 7 1 1261 1133 1326 1564
3272 4 2 7 1 1176 1367 275 1467
3273 4 2 7 1 693 613 611 1465
3274 4 2 7 1 204 1280 1171 1400
3275 4 2 7 1 1152 1204 1081 1299
3276 4 2 7 1 774 1245 869 1456
3277 4 2 7 1 1106 1166 1331 1602
3278 4 2 7 1 203 1171 206 1400
3279 4 2 7 1 527 465 1275 1356
3280 4 2 7 1 190 738 1306 1490
3281 4 2 7 1 1289 1339 591 1627
3282 4 2 7 1 283 324 1439 1548
3283 4 2 7 1 217 1258 303 1400
3284 4 2 7 1 1104 1237 1181 1390
3285 4 2 7 1 349 717 334 1236
3286 4 2 7 1 1001 1181 1297 1547
3287 4 2 7 1 859 777 1302 1361
3288 4 2 7 1 985 984 998 1220
3289 4 2 7 1 1119 1367 1269 1623
3290 4 2 7 1 650 1251 1175 1611
3291 4 2 7 1 799 1374 1203 1527
3292 4 2 7 1 802 1121 880 1304
3293 4 2 7 1 745 885 900 1514
3294 4 2 7 1 201 202 200 1526
3295 4 2 7 1 668 1247 570 1457
3296 4 2 7 1 1063 1436 1152 1537
3297 4 2 7 1 683 542 1344 1519
3298 4 2 7 1 174 315 1344 1519
3299 4 2 7 1 1195 1309 1070 1315
3300 4 2 7 1 955 953 1238 1589
3301 4 2 7 1 494 1324 1449 1452
3302 4 2 7 1 1159 1271 1219 1364
3303 4 2 7 1 778 1309 1544 1629
3304 4 2 7 1 1102 1138 1404 1625
3305 4 2 7 1 1065 1292 1130 1631
3306 4 2 7 1 484 554 370 1212
3307 4 2 7 1 1074 1259 1174 1320
3308 4 2 7 1 1297 1313 1181 1643
3309 4 2 7 1 1161 1314 977 1381
3310 4 2 7 1 606 687 1220 1236
3311 4 2 7 1 1391 1392 1130 1403
3312 4 2 7 1 1110 1301 1073 1407
3313 4 2 7 1 1341 1368 1351 1644
3314 4 2 7 1 1282 1421 1132 1612
3315 4 2 7 1 884 1209 895 1377
3316 4 2 7 1 1337 1383 1064 1475
3317 4 2 7 1 1093 1304 1121 1306
3318 4 2 7 1 765 1461 1127 1581
3319 4 2 7 1 1203 1462 799 1527
3320 4 2 7 1 1194 1380 1207 1489
3321 4 2 7 1 1122 1169 1325 1386
3322 4 2 7 1 1277 1317 1085 1421
3323 4 2 7 1 1064 1337 1422 1572
3324 4 2 7 1 351 182 319 1248
3325 4 2 7 1 570 1457 1247 1518
3326 4 2 7 1 1063 1154 1373 1404
3327 4 2 7 1 220 341 1149 1488
3328 4 2 7 1 1088 1401 1172 1429
3329 4 2 7 1 1164 1257 942 1458
3330 4 2 7 1 1072 1214 1237 1543
3331 4 2 7 1 1162 1529 1119 1555
3332 4 2 7 1 1217 1293 947 1588
3333 4 2 7 1 1185 1480 1227 1520
3334 4 2 7 1 1096 1192 1239 1269
3335 4 2 7 1 1242 1510 1150 1516
3336 4 2 7 1 1079 1187 1153 1568
3337 4 2 7 1 1080 1207 1431 1565
3338 4 2 7 1 999 998 1002 1220
3339 4 2 7 1 1066 1414 1384 1623
3340 4 2 7 1 235 189 1344 1487
3341 4 2 7 1 451 454 453 1620
3342 4 2 7 1 452 1246 461 1394
3343 4 2 7 1 848 1167 1310 1470
3344 4 2 7 1 1150 1426 1093 1427
3345 4 2 7 1 1112 1256 1164 1557
3346 4 2 7 1 1074 1137 1259 1320
3347 4 2 7 1 500 1249 397 1315
3348 4 2 7 1 569 1399 1518 1634
3349 4 2 7 1 1072 1392 1214 1543
3350 4 2 7 1 393 394 1249 1364
3351 4 2 7 1 1223 1337 1109 1383
3352 4 2 7 1 855 1488 1273 1560
3353 4 2 7 1 1146 1328 1364 1422
3354 4 2 7 1 1075 1249 1308 1503
3355 4 2 7 1 669 554 484 1212
3356 4 2 7 1 1078 1538 1343 1568
3357 4 2 7 1 1172 1401 1088 1500
3358 4 2 7 1 1086 1258 1143 1418
3359 4 2 7 1 1321 1381 421 1411
3360 4 2 7 1 725 897 850 1185
3361 4 2 7 1 1155 1204 1081 1436
3362 4 2 7 1 1066 1536 1239 1628
3363 4 2 7 1 1224 1488 1149 1560
3364 4 2 7 1 642 644 640 1190
3365 4 2 7 1 633 648 1204 1299
3366 4 2 7 1 689 1352 906 1637
3367 4 2 7 1 1109 1223 1170 1337
3368 4 2 7 1 869 1245 992 1456
3369 4 2 7 1 327 566 382 198
3370 4 2 7 1 382 750 879 198
3371 4 2 7 1 1162 1357 1286 1612
3372 4 2 7 1 1255 1377 1090 1380
3373 4 2 7 1 1149 1224 1088 1488
3374 4 2 7 1 1286 1336 226 1488
3375 4 2 7 1 1061 1256 1112 1340
3376 4 2 7 1 297 666 173 1183
3377 4 2 7 1 541 173 666 1183
3378 4 2 7 1 963 1223 1170 1463
3379 4 2 7 1 1068 1259 1179 1300
3380 4 2 7 1 942 1257 1164 1293
3381 4 2 7 1 223 224 219 1433
3382 4 2 7 1 545 286 655 1450
3383 4 2 7 1 467 496 1316 1397
3384 4 2 7 1 1086 1384 1134 1400
3385 4 2 7 1 339 1306 1180 1486
3386 4 2 7 1 264 1151 262 1455
3387 4 2 7 1 1187 1227 1100 1480
3388 4 2 7 1 237 319 195 1236
3389 4 2 7 1 396 392 413 1364
3390 4 2 7 1 1179 1259 1137 1300
3391 4 2 7 1 765 1127 1302 1581
3392 4 2 7 1 994 1279 1020 1610
3393 4 2 7 1 822 1255 826 1377
3394 4 2 7 1 1267 1353 1071 1363
3395 4 2 7 1 203 206 217 1400
3396 4 2 7 1 1078 1228 1538 1568
3397 4 2 7 1 1063 1373 1323 1404
3398 4 2 7 1 1090 1207 1380 1489
3399 4 2 7 1 640 1521 1235 1611
3400 4 2 7 1 823 836 864 1260
3401 4 2 7 1 1281 1327 1145 1405
3402 4 2 7 1 195 919 349 1236
3403 4 2 7 1 224 1355 219 1433
3404 4 2 7 1 249 1250 1121 1306
3405 4 2 7 1 1219 1271 1146 1364
3406 4 2 7 1 1089 1193 1192 1239
3407 4 2 7 1 1067 1401 1176 1555
3408 4 2 7 1 545 688 1189 1450
3409 4 2 7 1 177 1189 320 1450
3410 4 2 7 1 862 1377 829 1459
3411 4 2 7 1 1097 1379 1160 1576
3412 4 2 7 1 832 819 1241 1376
3413 4 2 7 1 1063 1373 1154 1603
3414 4 2 7 1 753 1378 1273 1594
3415 4 2 7 1 1313 1355 1139 1580
3416 4 2 7 1 543 1204 362 1335
3417 4 2 7 1 773 778 893 1544
3418 4 2 7 1 1109 1337 1276 1383
3419 4 2 7 1 963 1223 1463 1579
3420 4 2 7 1 1062 1288 1140 1291
3421 4 2 7 1 994 971 1020 1279
3422 4 2 7 1 1061 1357 1342 1429
3423 4 2 7 1 174 1344 542 1519
3424 4 2 7 1 730 1201 175 1334
3425 4 2 7 1 467 497 529 1191
3426 4 2 7 1 967 1012 1254 1641
3427 4 2 7 1 1112 1340 1072 1432
3428 4 2 7 1 493 915 996 1492
3429 4 2 7 1 273 1467 1367 1569
3430 4 2 7 1 1078 1268 1278 1366
3431 4 2 7 1 1278 1366 1268 1530
3432 4 2 7 1 1065 1130 1403 1631
3433 4 2 7 1 1125 1097 1248 1487
3434 4 2 7 1 1162 1481 1176 1555
3435 4 2 7 1 1096 1269 1239 1406
3436 4 2 7 1 1286 1357 1342 1580
3437 4 2 7 1 1050 919 1027 1236
3438 4 2 7 1 1193 1387 1210 1513
3439 4 2 7 1 370 623 438 1212
3440 4 2 7 1 1104 1277 1181 1432
3441 4 2 7 1 1207 1376 1255 1565
3442 4 2 7 1 1083 1326 1133 1564
3443 4 2 7 1 1226 1303 244 1597
3444 4 2 7 1 497 467 496 1316
3445 4 2 7 1 1085 1139 1313 1355
3446 4 2 7 1 1161 1381 1321 1411
3447 4 2 7 1 1077 1302 1198 1361
3448 4 2 7 1 1300 1320 1137 1484
3449 4 2 7 1 1246 1485 1184 1512
3450 4 2 7 1 1171 1280 204 1562
3451 4 2 7 1 1224 1088 1488 1560
3452 4 2 7 1 554 623 370 1212
3453 4 2 7 1 1156 1255 1207 1376
3454 4 2 7 1 1309 1338 1070 1544
3455 4 2 7 1 469 456 468 1204
3456 4 2 7 1 235 237 189 1487
3457 4 2 7 1 1074 1320 1318 1429
3458 4 2 7 1 1064 1146 1337 1475
3459 4 2 7 1 441 1285 1425 1625
3460 4 2 7 1 1029 1035 1217 1639
3461 4 2 7 1 1121 1250 328 1382
3462 4 2 7 1 856 1273 855 1488
3463 4 2 7 1 1110 1448 1301 1615
3464 4 2 7 1 830 1255 821 1376
3465 4 2 7 1 1338 1544 1309 1629
3466 4 2 7 1 517 377 532 1492
3467 4 2 7 1 1253 1528 601 1615
3468 4 2 7 1 1125 1477 1248 1497
3469 4 2 7 1 1172 1234 1074 1370
3470 4 2 7 1 940 947 1293 1423
3471 4 2 7 1 633 1152 1299 1478
3472 4 2 7 1 1177 1091 1367 1623
3473 4 2 7 1 263 262 264 1151
3474 4 2 7 1 1068 1308 1174 1554
3475 4 2 7 1 795 1168 1420 1544
3476 4 2 7 1 1063 1142 1373 1603
3477 4 2 7 1 1065 1270 1133 1418
3478 4 2 7 1 602 1110 1407 1615
3479 4 2 7 1 927 1215 926 1295
3480 4 2 7 1 1135 1076 1282 1612
3481 4 2 7 1 360 991 915 1233
3482 4 2 7 1 1065 1421 1292 1573
3483 4 2 7 1 632 633 631 1152
3484 4 2 7 1 1100 1227 1187 1402
3485 4 2 7 1 1215 1417 1223 1626
3486 4 2 7 1 996 915 1052 1492
3487 4 2 7 1 1080 1372 1142 1431
3488 4 2 7 1 1070 1315 1309 1460
3489 4 2 7 1 653 1530 1278 1622
3490 4 2 7 1 757 759 756 1172
3491 4 2 7 1 1092 1387 1193 1513
3492 4 2 7 1 1070 1338 1309 1629
3493 4 2 7 1 1078 1343 1142 1568
3494 4 2 7 1 1159 1219 1087 1585
3495 4 2 7 1 1125 1097 1487 1576
3496 4 2 7 1 1343 1538 1142 1568
3497 4 2 7 1 1202 1317 224 1355
3498 4 2 7 1 1059 1360 1115 1391
3499 4 2 7 1 1094 1342 1303 1509
3500 4 2 7 1 305 341 169 1488
3501 4 2 7 1 1174 1320 1300 1472
3502 4 2 7 1 547 658 481 1191
3503 4 2 7 1 1073 1261 1133 1326
3504 4 2 7 1 473 842 731 1199
3505 4 2 7 1 873 1198 905 1639
3506 4 2 7 1 343 205 314 1177
3507 4 2 7 1 1074 1234 1127 1405
3508 4 2 7 1 1073 1133 1301 1326
3509 4 2 7 1 1184 1246 1512 1620
3510 4 2 7 1 963 1463 962 1579
3511 4 2 7 1 942 1164 938 1293
3512 4 2 7 1 915 991 1041 1233
3513 4 2 7 1 1066 1192 1239 1536
3514 4 2 7 1 1118 1449 1324 1452
3515 4 2 7 1 221 219 1139 1433
3516 4 2 7 1 1090 1255 1156 1260
3517 4 2 7 1 1155 1081 1316 1385
3518 4 2 7 1 1064 1271 1146 1475
3519 4 2 7 1 197 198 750 1479
3520 4 2 7 1 1308 1474 1174 1554
3521 4 2 7 1 1101 1255 1207 1380
3522 4 2 7 1 497 1316 469 1553
3523 4 2 7 1 843 1199 830 1376
3524 4 2 7 1 1072 1237 1392 1543
3525 4 2 7 1 1088 1131 1273 1378
3526 4 2 7 1 396 1328 1146 1358
3527 4 2 7 1 1124 1243 1423 1588
3528 4 2 7 1 1238 1303 788 1442
3529 4 2 7 1 305 726 185 1303
3530 4 2 7 1 1251 1396 652 1517
3531 4 2 7 1 273 275 1367 1467
3532 4 2 7 1 1078 1228 1408 1593
3533 4 2 7 1 986 988 1160 1497
3534 4 2 7 1 1080 1207 1156 1372
3535 4 2 7 1 841 472 733 1428
3536 4 2 7 1 788 1238 741 1303
3537 4 2 7 1 1273 1378 1131 1594
3538 4 2 7 1 1061 1112 1313 1340
3539 4 2 7 1 1286 1342 1226 1580
3540 4 2 7 1 400 410 500 1315
3541 4 2 7 1 1170 1254 1454 1641
3542 4 2 7 1 185 726 793 1303
3543 4 2 7 1 264 1201 292 1624
3544 4 2 7 1 1091 1434 1206 1583
3545 4 2 7 1 1192 1536 1414 1552
3546 4 2 7 1 417 418 515 1314
3547 4 2 7 1 1082 1290 1322 1492
3548 4 2 7 1 1097 1248 1379 1497
3549 4 2 7 1 1201 1455 1334 1584
3550 4 2 7 1 575 1350 1216 1564
3551 4 2 7 1 804 802 1304 1306
3552 4 2 7 1 1080 1376 1207 1565
3553 4 2 7 1 1066 1437 1406 1623
3554 4 2 7 1 1145 1327 1272 1395
3555 4 2 7 1 986 1160 988 1390
3556 4 2 7 1 1169 1474 1308 1554
3557 4 2 7 1 1318 1320 1135 1429
3558 4 2 7 1 664 1189 1267 1504
3559 4 2 7 1 1063 1366 1142 1603
3560 4 2 7 1 928 1295 1454 1626
3561 4 2 7 1 363 474 1199 1312
3562 4 2 7 1 731 1199 843 1312
3563 4 2 7 1 1199 1394 1246 1565
3564 4 2 7 1 1074 1137 1320 1370
3565 4 2 7 1 1226 1355 1132 1580
3566 4 2 7 1 486 854 736 1311
3567 4 2 7 1 331 1248 1125 1477
3568 4 2 7 1 1096 1300 1206 1472
3569 4 2 7 1 1172 1401 1320 1429
3570 4 2 7 1 1161 1098 1383 1596
3571 4 2 7 1 1097 1213 1344 1487
3572 4 2 7 1 631 1152 633 1478
3573 4 2 7 1 313 283 1183 1408
3574 4 2 7 1 1139 1355 219 1563
3575 4 2 7 1 283 345 313 1183
3576 4 2 7 1 1091 1192 1434 1583
3577 4 2 7 1 892 749 750 1479
3578 4 2 7 1 340 198 197 1479
3579 4 2 7 1 1069 1325 1169 1386
3580 4 2 7 1 1199 1080 1312 1394
3581 4 2 7 1 725 1185 179 1491
3582 4 2 7 1 350 227 1336 1607
3583 4 2 7 1 1122 1169 1330 1496
3584 4 2 7 1 1171 1400 1258 1511
3585 4 2 7 1 1288 1341 1128 1351
3586 4 2 7 1 458 1425 440 1516
3587 4 2 7 1 450 1244 449 1394
3588 4 2 7 1 951 1297 1202 1433
3589 4 2 7 1 954 955 953 1238
3590 4 2 7 1 327 1055 511 695
3591 4 2 7 1 879 1055 511 327
3592 4 2 7 1 1066 1552 1177 1623
3593 4 2 7 1 836 897 1185 1415
3594 4 2 7 1 986 1506 1390 1591
3595 4 2 7 1 1301 1448 1133 1615
3596 4 2 7 1 666 1183 297 1439
3597 4 2 7 1 1085 1317 1277 1388
3598 4 2 7 1 497 456 469 1316
3599 4 2 7 1 1084 1129 1298 1328
3600 4 2 7 1 328 247 249 1121
3601 4 2 7 1 1093 1212 1304 1427
3602 4 2 7 1 718 597 1296 1533
3603 4 2 7 1 1061 1318 1127 1412
3604 4 2 7 1 1140 1107 1291 1503
3605 4 2 7 1 802 800 880 1121
3606 4 2 7 1 927 1295 928 1626
3607 4 2 7 1 731 363 473 1199
3608 4 2 7 1 1156 1480 1372 1489
3609 4 2 7 1 1406 1437 1269 1623
3610 4 2 7 1 795 1329 1168 1544
3611 4 2 7 1 1092 1210 1387 1513
3612 4 2 7 1 305 169 856 1488
3613 4 2 7 1 1162 1286 1088 1336
3614 4 2 7 1 1137 1074 1259 1370
3615 4 2 7 1 1177 1367 343 1562
3616 4 2 7 1 1200 1337 1358 1463
3617 4 2 7 1 868 1459 1346 1550
3618 4 2 7 1 1169 1186 1059 1502
3619 4 2 7 1 1192 1193 1089 1483
3620 4 2 7 1 178 285 344 1278
3621 4 2 7 1 989 1046 1477 1497
3622 4 2 7 1 221 1139 219 1563
3623 4 2 7 1 818 1241 819 1376
3624 4 2 7 1 582 583 584 1498
3625 4 2 7 1 501 991 360 1233
3626 4 2 7 1 1124 1293 1256 1412
3627 4 2 7 1 1020 1279 1561 1610
3628 4 2 7 1 673 358 488 1205
3629 4 2 7 1 1077 1145 1281 1557
3630 4 2 7 1 1293 1423 947 1588
3631 4 2 7 1 669 1212 484 1359
3632 4 2 7 1 1040 951 1202 1433
3633 4 2 7 1 1077 1256 1145 1557
3634 4 2 7 1 1333 1529 1135 1556
3635 4 2 7 1 1074 1135 1318 1320
3636 4 2 7 1 661 633 1204 1478
3637 4 2 7 1 463 1244 450 1394
3638 4 2 7 1 399 1315 1229 1460
3639 4 2 7 1 1087 1219 1159 1271
3640 4 2 7 1 827 888 858 1471
3641 4 2 7 1 186 558 300 1250
3642 4 2 7 1 402 1229 398 1298
3643 4 2 7 1 1134 1518 1399 1634
3644 4 2 7 1 757 1172 756 1378
3645 4 2 7 1 547 481 357 1191
3646 4 2 7 1 315 1213 232 1487
3647 4 2 7 1 195 349 334 1236
3648 4 2 7 1 753 1594 1273 1607
3649 4 2 7 1 756 1172 759 1560
3650 4 2 7 1 1125 1277 1317 1388
3651 4 2 7 1 1062 1145 1327 1341
3652 4 2 7 1 971 1020 1279 1561
3653 4 2 7 1 1083 1270 1133 1326
3654 4 2 7 1 848 1310 1167 1578
3655 4 2 7 1 648 661 633 1204
3656 4 2 7 1 640 1190 644 1521
3657 4 2 7 1 1086 1144 1270 1609
3658 4 2 7 1 1438 1619 476 1625
3659 4 2 7 1 1158 1092 1275 1620
3660 4 2 7 1 1075 1271 1146 1422
3661 4 2 7 1 1084 1146 1328 1358
3662 4 2 7 1 1046 1017 1248 1497
3663 4 2 7 1 243 1238 309 1265
3664 4 2 7 1 712 654 1278 1622
3665 4 2 7 1 683 1253 1344 1528
3666 4 2 7 1 1043 503 1004 1381
3667 4 2 7 1 1273 1336 227 1607
3668 4 2 7 1 652 1183 713 1439
3669 4 2 7 1 942 1023 938 1164
3670 4 2 7 1 1067 1320 1472 1484
3671 4 2 7 1 725 291 896 1491
3672 4 2 7 1 556 1203 372 1524
3673 4 2 7 1 573 1165 571 1399
3674 4 2 7 1 894 848 1167 1578
3675 4 2 7 1 652 1396 1183 1439
3676 4 2 7 1 1257 1281 1279 1458
3677 4 2 7 1 179 1491 1185 1624
3678 4 2 7 1 1332 1351 1062 1571
3679 4 2 7 1 1280 1526 205 1562
3680 4 2 7 1 1272 1330 1128 1391
3681 4 2 7 1 1074 1135 1320 1395
3682 4 2 7 1 173 344 285 1278
3683 4 2 7 1 174 240 542 1344
3684 4 2 7 1 283 324 345 1439
3685 4 2 7 1 1301 1326 1065 1403
3686 4 2 7 1 1303 1342 1149 1509
3687 4 2 7 1 1121 1212 1093 1250
3688 4 2 7 1 545 1450 1189 1504
3689 4 2 7 1 1271 1325 1122 1496
3690 4 2 7 1 1189 1450 177 1504
3691 4 2 7 1 1256 1405 1318 1412
3692 4 2 7 1 1124 1423 1243 1466
3693 4 2 7 1 1179 1300 1137 1377
3694 4 2 7 1 1074 1318 1135 1395
3695 4 2 7 1 1334 1455 1105 1584
3696 4 2 7 1 1300 1377 1179 1380
3697 4 2 7 1 1218 1295 1073 1495
3698 4 2 7 1 668 1247 1457 1517
3699 4 2 7 1 1090 1206 1194 1300
3700 4 2 7 1 1225 1333 1135 1556
3701 4 2 7 1 1075 1146 1271 1364
3702 4 2 7 1 977 1161 959 1579
3703 4 2 7 1 1162 1119 1481 1555
3704 4 2 7 1 1121 1304 802 1306
3705 4 2 7 1 1170 1454 1012 1641
3706 4 2 7 1 1074 1127 1318 1405
3707 4 2 7 1 589 1221 1205 1430
3708 4 2 7 1 249 248 1306 1490
3709 4 2 7 1 1128 1368 1341 1644
3710 4 2 7 1 1077 1256 1293 1412
3711 4 2 7 1 1239 1269 1066 1406
3712 4 2 7 1 558 300 1250 1382
3713 4 2 7 1 920 745 1049 1514
3714 4 2 7 1 786 1188 1208 1442
3715 4 2 7 1 801 802 1306 1490
3716 4 2 7 1 1075 1271 1330 1496
3717 4 2 7 1 653 1278 654 1622
3718 4 2 7 1 738 352 904 1490
3719 4 2 7 1 413 1219 415 1276
3720 4 2 7 1 1308 1319 1169 1554
3721 4 2 7 1 1072 1340 1391 1432
3722 4 2 7 1 736 368 486 1311
3723 4 2 7 1 1142 1372 1080 1373
3724 4 2 7 1 451 1246 452 1394
3725 4 2 7 1 1131 1336 1273 1607
3726 4 2 7 1 315 231 232 1213
3727 4 2 7 1 1023 1164 942 1458
3728 4 2 7 1 861 995 1245 1514
3729 4 2 7 1 355 549 1262 1633
3730 4 2 7 1 390 401 1219 1585
3731 4 2 7 1 1251 1396 1095 1593
3732 4 2 7 1 1072 1340 1225 1391
3733 4 2 7 1 1153 1091 1264 1434
3734 4 2 7 1 1077 1141 1361 1600
3735 4 2 7 1 1272 1327 1140 1395
3736 4 2 7 1 236 1143 315 1519
3737 4 2 7 1 683 1143 605 1519
3738 4 2 7 1 572 1389 1216 1399
3739 4 2 7 1 725 179 291 1491
3740 4 2 7 1 460 494 1324 1356
3741 4 2 7 1 929 1007 1543 1591
3742 4 2 7 1 545 655 688 1450
3743 4 2 7 1 286 177 320 1450
3744 4 2 7 1 882 514 353 1428
3745 4 2 7 1 467 454 496 1397
3746 4 2 7 1 268 1227 267 1520
3747 4 2 7 1 334 717 702 1236
3748 4 2 7 1 1086 1258 1418 1573
3749 4 2 7 1 272 312 313 1263
3750 4 2 7 1 1163 1287 1083 1350
3751 4 2 7 1 1114 1424 1332 1540
3752 4 2 7 1 1120 1141 1327 1482
3753 4 2 7 1 557 189 1236 1344
3754 4 2 7 1 1164 1293 1256 1423
3755 4 2 7 1 664 710 643 1267
3756 4 2 7 1 862 884 1377 1447
3757 4 2 7 1 249 248 190 1306
3758 4 2 7 1 265 1263 263 1294
3759 4 2 7 1 1087 1348 1221 1475
3760 4 2 7 1 513 1242 807 1304
3761 4 2 7 1 1068 1319 1308 1554
3762 4 2 7 1 927 1215 1295 1626
3763 4 2 7 1 1216 1086 1389 1418
3764 4 2 7 1 1273 1594 1131 1607
3765 4 2 7 1 1066 1239 1192 1269
3766 4 2 7 1 1290 1492 1082 1570
3767 4 2 7 1 816 1154 837 1584
3768 4 2 7 1 260 1222 278 1558
3769 4 2 7 1 1077 1141 1302 1361
3770 4 2 7 1 801 802 738 1306
3771 4 2 7 1 1134 1399 1086 1400
3772 4 2 7 1 834 822 826 1377
3773 4 2 7 1 1145 1281 1062 1327
3774 4 2 7 1 447 468 1155 1582
3775 4 2 7 1 1156 1080 1372 1373
3776 4 2 7 1 1214 1103 1392 1644
3777 4 2 7 1 1122 1386 1163 1451
3778 4 2 7 1 1162 1336 1176 1481
3779 4 2 7 1 426 1058 369 1329
3780 4 2 7 1 1119 1269 1367 1555
3781 4 2 7 1 1121 1304 1212 1359
3782 4 2 7 1 799 1374 800 1490
3783 4 2 7 1 1136 1262 1087 1296
3784 4 2 7 1 1172 1088 1378 1500
3785 4 2 7 1 1154 1542 1201 1584
3786 4 2 7 1 289 1185 850 1415
3787 4 2 7 1 1066 1384 1406 1437
3788 4 2 7 1 609 542 240 1344
3789 4 2 7 1 438 1197 502 1427
3790 4 2 7 1 1167 1232 1105 1354
3791 4 2 7 1 1083 1144 1360 1410
3792 4 2 7 1 1104 1543 1237 1591
3793 4 2 7 1 225 1286 226 1488
3794 4 2 7 1 467 1191 529 1476
3795 4 2 7 1 773 778 1544 1629
3796 4 2 7 1 314 1177 205 1526
3797 4 2 7 1 179 291 1491 1624
3798 4 2 7 1 1177 1066 1414 1552
3799 4 2 7 1 1131 1088 1273 1336
3800 4 2 7 1 1084 1200 1337 1358
3801 4 2 7 1 726 789 867 1149
3802 4 2 7 1 1118 1452 1308 1496
3803 4 2 7 1 643 1267 625 1363
3804 4 2 7 1 1083 1270 1326 1360
3805 4 2 7 1 642 1362 1190 1611
3806 4 2 7 1 581 1261 1564 1615
3807 4 2 7 1 1201 1491 291 1624
3808 4 2 7 1 1124 1256 1293 1423
3809 4 2 7 1 1100 1284 1209 1613
3810 4 2 7 1 1123 1347 1152 1530
3811 4 2 7 1 1158 1513 1092 1632
3812 4 2 7 1 268 269 267 1227
3813 4 2 7 1 1163 1296 684 1440
3814 4 2 7 1 1172 1320 1401 1500
3815 4 2 7 1 1163 1348 1122 1451
3816 4 2 7 1 915 1019 1052 1570
3817 4 2 7 1 1114 1298 1233 1435
3818 4 2 7 1 1129 1249 1075 1503
3819 4 2 7 1 1221 1348 1087 1430
3820 4 2 7 1 1114 1290 1229 1332
3821 4 2 7 1 923 906 1352 1637
3822 4 2 7 1 1213 1448 1418 1576
3823 4 2 7 1 574 1175 711 1457
3824 4 2 7 1 1320 1472 1174 1556
3825 4 2 7 1 1107 1140 1308 1503
3826 4 2 7 1 545 1189 688 1504
3827 4 2 7 1 320 1189 177 1504
3828 4 2 7 1 1464 1608 845 1619
3829 4 2 7 1 998 985 1220 1379
3830 4 2 7 1 391 1159 390 1364
3831 4 2 7 1 1146 1084 1328 1422
3832 4 2 7 1 399 398 402 1229
3833 4 2 7 1 1243 1297 945 1599
3834 4 2 7 1 938 1293 1164 1601
3835 4 2 7 1 1352 1407 608 1441
3836 4 2 7 1 1080 1241 1323 1373
3837 4 2 7 1 1061 1318 1256 1340
3838 4 2 7 1 728 995 916 1245
3839 4 2 7 1 436 1242 1427 1516
3840 4 2 7 1 1091 1206 1187 1402
3841 4 2 7 1 1213 1148 1317 1576
3842 4 2 7 1 1079 1154 1307 1373
3843 4 2 7 1 1069 1386 1169 1469
3844 4 2 7 1 495 1324 500 1398
3845 4 2 7 1 433 1304 1212 1427
3846 4 2 7 1 363 463 474 1312
3847 4 2 7 1 731 843 832 1312
3848 4 2 7 1 207 1171 204 1375
3849 4 2 7 1 1215 1005 1417 1626
3850 4 2 7 1 756 1378 1172 1560
3851 4 2 7 1 397 393 394 1249
3852 4 2 7 1 1087 1205 1219 1475
3853 4 2 7 1 1160 1104 1277 1390
3854 4 2 7 1 602 601 1528 1615
3855 4 2 7 1 247 1121 328 1382
3856 4 2 7 1 586 1216 572 1389
3857 4 2 7 1 1076 1292 1171 1437
3858 4 2 7 1 826 1377 1255 1507
3859 4 2 7 1 1130 1391 1340 1432
3860 4 2 7 1 1076 1266 1421 1612
3861 4 2 7 1 1171 1266 1076 1375
3862 4 2 7 1 372 1203 556 1359
3863 4 2 7 1 1215 926 1295 1444
3864 4 2 7 1 1204 1299 648 1553
3865 4 2 7 1 1208 1238 1094 1345
3866 4 2 7 1 1077 1257 1198 1293
3867 4 2 7 1 513 807 742 1304
3868 4 2 7 1 1372 1480 1187 1489
3869 4 2 7 1 603 699 602 1220
3870 4 2 7 1 1339 1383 1098 1596
3871 4 2 7 1 1096 1192 1269 1583
3872 4 2 7 1 241 741 1238 1303
3873 4 2 7 1 343 282 281 1548
3874 4 2 7 1 1323 1404 1138 1438
3875 4 2 7 1 1067 1402 1209 1484
3876 4 2 7 1 1143 1389 1086 1418
3877 4 2 7 1 835 834 895 1613
3878 4 2 7 1 1150 1167 1471 1595
3879 4 2 7 1 1253 1133 1448 1615
3880 4 2 7 1 1277 1432 1130 1643
3881 4 2 7 1 1093 1150 1242 1471
3882 4 2 7 1 896 1201 838 1491
3883 4 2 7 1 1191 646 1476 1494
3884 4 2 7 1 736 1285 368 1311
3885 4 2 7 1 1238 1345 1208 1589
3886 4 2 7 1 1122 1325 1169 1496
3887 4 2 7 1 400 409 410 1315
3888 4 2 7 1 1131 1574 1336 1607
3889 4 2 7 1 1321 1411 499 1499
3890 4 2 7 1 1157 1235 1089 1611
3891 4 2 7 1 1136 1087 1262 1369
3892 4 2 7 1 1216 1270 1086 1418
3893 4 2 7 1 1105 1167 1354 1559
3894 4 2 7 1 464 476 1619 1625
3895 4 2 7 1 861 995 728 1245
3896 4 2 7 1 1030 1345 953 1589
3897 4 2 7 1 1114 1229 1290 1298
3898 4 2 7 1 1192 1096 1239 1583
3899 4 2 7 1 1063 1323 1142 1436
3900 4 2 7 1 1256 1340 1145 1557
3901 4 2 7 1 587 1339 584 1371
3902 4 2 7 1 916 992 728 1245
3903 4 2 7 1 1081 1210 1158 1385
3904 4 2 7 1 527 389 516 1178
3905 4 2 7 1 220 1149 1286 1488
3906 4 2 7 1 563 702 717 1236
3907 4 2 7 1 487 488 1205 1262
3908 4 2 7 1 718 597 596 1296
3909 4 2 7 1 1189 1071 1267 1353
3910 4 2 7 1 1157 1089 1251 1611
3911 4 2 7 1 1099 1191 1494 1522
3912 4 2 7 1 339 250 1306 1486
3913 4 2 7 1 817 832 819 1241
3914 4 2 7 1 1071 1166 1267 1363
3915 4 2 7 1 721 1309 1195 1428
3916 4 2 7 1 1114 1290 1233 1298
3917 4 2 7 1 689 706 1352 1637
3918 4 2 7 1 891 881 803 1306
3919 4 2 7 1 664 1267 643 1363
3920 4 2 7 1 820 821 1255 1376
3921 4 2 7 1 237 351 319 1248
3922 4 2 7 1 264 265 263 1294
3923 4 2 7 1 1279 1281 1257 1540
3924 4 2 7 1 713 541 666 1183
3925 4 2 7 1 173 345 297 1183
3926 4 2 7 1 495 500 410 1398
3927 4 2 7 1 511 899 1054 879
3928 4 2 7 1 576 1350 575 1564
3929 4 2 7 1 977 1314 1161 1579
3930 4 2 7 1 1001 1181 1016 1388
3931 4 2 7 1 950 1433 1042 1599
3932 4 2 7 1 587 584 583 1371
3933 4 2 7 1 963 962 960 1579
3934 4 2 7 1 1143 1253 1097 1344
3935 4 2 7 1 1149 867 1303 1509
3936 4 2 7 1 1202 1317 1085 1388
3937 4 2 7 1 339 250 329 1306
3938 4 2 7 1 467 1275 454 1397
3939 4 2 7 1 868 1550 1346 1629
3940 4 2 7 1 1369 1546 384 1633
3941 4 2 7 1 1031 1257 942 1293
3942 4 2 7 1 1090 1377 1300 1380
3943 4 2 7 1 1139 1094 1265 1599
3944 4 2 7 1 391 388 390 1159
3945 4 2 7 1 215 220 1226 1286
3946 4 2 7 1 1174 1395 1320 1556
3947 4 2 7 1 841 1365 472 1428
3948 4 2 7 1 292 175 291 1201
3949 4 2 7 1 1194 1206 1090 1489
3950 4 2 7 1 1088 1357 1162 1401
3951 4 2 7 1 615 1203 616 1359
3952 4 2 7 1 1091 1227 1153 1569
3953 4 2 7 1 1129 1075 1288 1503
3954 4 2 7 1 1091 1367 1269 1555
3955 4 2 7 1 1148 1292 1421 1573
3956 4 2 7 1 170 1202 983 1477
3957 4 2 7 1 1146 1364 1075 1422
3958 4 2 7 1 389 516 1178 1449
3959 4 2 7 1 1110 1448 1379 1506
3960 4 2 7 1 1107 1308 1249 1503
3961 4 2 7 1 971 1561 1279 1570
3962 4 2 7 1 1092 1356 1184 1485
3963 4 2 7 1 971 1279 972 1570
3964 4 2 7 1 1157 1251 1228 1593
3965 4 2 7 1 239 1317 1202 1477
3966 4 2 7 1 1139 1297 1085 1313
3967 4 2 7 1 1136 1546 1369 1633
3968 4 2 7 1 262 261 1455 1535
3969 4 2 7 1 816 1241 1154 1464
3970 4 2 7 1 1169 1325 1069 1496
3971 4 2 7 1 947 940 941 1423
3972 4 2 7 1 1102 1232 1167 1354
3973 4 2 7 1 1092 1485 1246 1632
3974 4 2 7 1 1161 1289 1541 1596
3975 4 2 7 1 1279 1281 1113 1458
3976 4 2 7 1 1113 1413 1164 1557
3977 4 2 7 1 1091 1153 1264 1569
3978 4 2 7 1 448 450 463 1244
3979 4 2 7 1 1083 1410 1350 1609
3980 4 2 7 1 1001 1297 1181 1388
3981 4 2 7 1 930 929 1007 1543
3982 4 2 7 1 1249 1308 1107 1324
3983 4 2 7 1 1112 1547 1237 1601
3984 4 2 7 1 1113 1413 1557 1644
3985 4 2 7 1 278 1450 1222 1535
3986 4 2 7 1 632 1268 634 1299
3987 4 2 7 1 781 902 1346 1604
3988 4 2 7 1 1160 1218 1104 1591
3989 4 2 7 1 1210 1275 1099 1397
3990 4 2 7 1 1335 1478 1204 1582
3991 4 2 7 1 773 1544 1338 1629
3992 4 2 7 1 1194 1319 1193 1513
3993 4 2 7 1 1099 1494 1235 1522
3994 4 2 7 1 986 1160 1390 1506
3995 4 2 7 1 1096 1206 1194 1583
3996 4 2 7 1 1124 1345 1243 1588
3997 4 2 7 1 1179 1393 1068 1551
3998 4 2 7 1 1144 1406 1384 1437
3999 4 2 7 1 1093 1304 1242 1427
4000 4 2 7 1 311 316 1162 1336
4001 4 2 7 1 896 730 838 1201
4002 4 2 7 1 989 1009 1388 1477
4003 4 2 7 1 1062 1327 1281 1600
4004 4 2 7 1 1284 1467 1131 1574
4005 4 2 7 1 201 1134 1518 1526
4006 4 2 7 1 1191 1397 1099 1476
4007 4 2 7 1 1124 1217 1208 1588
4008 4 2 7 1 616 1359 1203 1382
4009 4 2 7 1 1081 1385 1155 1436
4010 4 2 7 1 1083 1360 1186 1410
4011 4 2 7 1 1063 1154 1542 1603
4012 4 2 7 1 481 529 357 1191
4013 4 2 7 1 513 742 374 1304
4014 4 2 7 1 1062 1291 1140 1327
4015 4 2 7 1 573 571 1165 1457
4016 4 2 7 1 204 207 206 1171
4017 4 2 7 1 1065 1133 1301 1418
4018 4 2 7 1 923 924 922 1444
4019 4 2 7 1 1003 959 977 1161
4020 4 2 7 1 1168 1332 1070 1460
4021 4 2 7 1 988 1390 1160 1497
4022 4 2 7 1 631 1347 1152 1478
4023 4 2 7 1 1155 1244 447 1438
4024 4 2 7 1 1239 1469 1386 1508
4025 4 2 7 1 1074 1320 1172 1370
4026 4 2 7 1 187 1180 739 1470
4027 4 2 7 1 781 1346 902 1428
4028 4 2 7 1 760 759 757 1172
4029 4 2 7 1 225 216 226 1286
4030 4 2 7 1 1117 1339 1221 1473
4031 4 2 7 1 190 352 738 1490
4032 4 2 7 1 1061 1318 1135 1357
4033 4 2 7 1 947 1423 941 1588
4034 4 2 7 1 1074 1172 1320 1429
4035 4 2 7 1 1097 1248 1236 1379
4036 4 2 7 1 1096 1193 1194 1319
4037 4 2 7 1 684 580 578 1163
4038 4 2 7 1 712 541 654 1622
4039 4 2 7 1 544 921 913 1289
4040 4 2 7 1 233 331 1125 1477
4041 4 2 7 1 1178 1275 527 1523
4042 4 2 7 1 1187 1489 1480 1515
4043 4 2 7 1 1239 1386 1116 1508
4044 4 2 7 1 239 224 1202 1317
4045 4 2 7 1 1332 1424 1108 1540
4046 4 2 7 1 363 1199 731 1312
4047 4 2 7 1 1108 1420 1245 1424
4048 4 2 7 1 1158 1246 1092 1620
4049 4 2 7 1 1110 1253 1448 1615
4050 4 2 7 1 800 802 801 1490
4051 4 2 7 1 1084 1337 1146 1358
4052 4 2 7 1 1275 1356 465 1620
4053 4 2 7 1 1124 1345 1094 1466
4054 4 2 7 1 1106 1478 1335 1582
4055 4 2 7 1 571 1399 1165 1457
4056 4 2 7 1 1098 1541 1289 1596
4057 4 2 7 1 481 1191 658 1476
4058 4 2 7 1 428 1168 426 1460
4059 4 2 7 1 248 249 247 1490
4060 4 2 7 1 970 1233 1561 1570
4061 4 2 7 1 1080 1385 1158 1431
4062 4 2 7 1 449 1244 447 1316
4063 4 2 7 1 686 1197 623 1443
4064 4 2 7 1 358 1205 673 1465
4065 4 2 7 1 538 689 706 1352
4066 4 2 7 1 327 1055 695 1057
4067 4 2 7 1 894 848 827 1167
4068 4 2 7 1 636 635 1299 1494
4069 4 2 7 1 921 1289 685 1637
4070 4 2 7 1 1176 1481 1336 1574
4071 4 2 7 1 1195 1315 1107 1398
4072 4 2 7 1 1125 1487 1213 1576
4073 4 2 7 1 1078 1349 1153 1568
4074 4 2 7 1 1079 1480 1185 1520
4075 4 2 7 1 1144 1086 1384 1609
4076 4 2 7 1 1084 1351 1254 1561
4077 4 2 7 1 1111 1161 1383 1596
4078 4 2 7 1 894 1167 1493 1578
4079 4 2 7 1 652 1439 692 1517
4080 4 2 7 1 421 1314 535 1411
4081 4 2 7 1 173 285 313 1278
4082 4 2 7 1 1156 1241 1080 1373
4083 4 2 7 1 1252 1258 1086 1400
4084 4 2 7 1 711 1175 574 1505
4085 4 2 7 1 1126 1393 1179 1551
4086 4 2 7 1 1164 1256 1112 1423
4087 4 2 7 1 320 260 278 1558
4088 4 2 7 1 1077 1281 1145 1405
4089 4 2 7 1 1158 1092 1246 1632
4090 4 2 7 1 1145 1256 1077 1405
4091 4 2 7 1 1083 1287 1163 1451
4092 4 2 7 1 1031 1257 1198 1456
4093 4 2 7 1 623 686 551 1197
4094 4 2 7 1 1092 1275 1178 1387
4095 4 2 7 1 557 1344 1236 1528
4096 4 2 7 1 862 1137 1370 1447
4097 4 2 7 1 1167 1354 1559 1566
4098 4 2 7 1 1081 1158 1210 1397
4099 4 2 7 1 1111 1205 1221 1475
4100 4 2 7 1 1110 1407 1352 1441
4101 4 2 7 1 1074 1327 1145 1395
4102 4 2 7 1 1178 1275 1092 1356
4103 4 2 7 1 924 1215 1005 1417
4104 4 2 7 1 944 941 1243 1345
4105 4 2 7 1 617 618 616 1382
4106 4 2 7 1 438 367 502 1197
4107 4 2 7 1 1083 1216 1350 1564
4108 4 2 7 1 451 453 452 1246
4109 4 2 7 1 760 1234 761 1461
4110 4 2 7 1 1092 1193 1319 1513
4111 4 2 7 1 1070 1309 1195 1629
4112 4 2 7 1 537 1205 488 1262
4113 4 2 7 1 977 1003 1161 1381
4114 4 2 7 1 1098 1223 1215 1417
4115 4 2 7 1 1079 1154 1373 1603
4116 4 2 7 1 729 1310 184 1470
4117 4 2 7 1 963 960 1223 1579
4118 4 2 7 1 1168 1229 1332 1460
4119 4 2 7 1 652 713 1183 1396
4120 4 2 7 1 833 845 1608 1619
4121 4 2 7 1 581 1407 1261 1615
4122 4 2 7 1 1144 1270 1083 1360
4123 4 2 7 1 543 661 1204 1335
4124 4 2 7 1 1169 1386 1186 1469
4125 4 2 7 1 1018 923 906 1352
4126 4 2 7 1 718 596 549 1262
4127 4 2 7 1 1257 1281 1077 1600
4128 4 2 7 1 431 1359 512 1374
4129 4 2 7 1 704 1363 1197 1443
4130 4 2 7 1 1069 1496 1325 1549
4131 4 2 7 1 1144 1410 1083 1609
4132 4 2 7 1 1034 1245 1082 1424
4133 4 2 7 1 926 1215 927 1444
4134 4 2 7 1 1179 1259 1068 1393
4135 4 2 7 1 611 1321 1465 1596
4136 4 2 7 1 1080 1142 1385 1431
4137 4 2 7 1 474 452 461 1394
4138 4 2 7 1 1062 1281 1145 1341
4139 4 2 7 1 1168 1322 795 1420
4140 4 2 7 1 1173 1529 1067 1555
4141 4 2 7 1 1144 1083 1270 1609
4142 4 2 7 1 1061 1412 1342 1466
4143 4 2 7 1 396 1328 392 1364
4144 4 2 7 1 970 1233 1435 1561
4145 4 2 7 1 175 1201 292 1334
4146 4 2 7 1 357 547 1191 1553
4147 4 2 7 1 1072 1237 1214 1413
4148 4 2 7 1 1120 1338 1141 1482
4149 4 2 7 1 1205 487 1262 1585
4150 4 2 7 1 1222 1455 261 1535
4151 4 2 7 1 1077 1256 1164 1293
4152 4 2 7 1 1121 1250 1093 1306
4153 4 2 7 1 669 696 554 1212
4154 4 2 7 1 921 956 1289 1417
4155 4 2 7 1 945 950 1042 1599
4156 4 2 7 1 1094 1303 1442 1509
4157 4 2 7 1 590 1289 591 1627
4158 4 2 7 1 1209 1260 1090 1515
4159 4 2 7 1 390 401 413 1219
4160 4 2 7 1 760 759 1172 1461
4161 4 2 7 1 468 1335 1204 1582
4162 4 2 7 1 1182 593 1352 1407
4163 4 2 7 1 1138 1619 1438 1625
4164 4 2 7 1 1186 1469 1406 1502
4165 4 2 7 1 637 636 1235 1494
4166 4 2 7 1 1073 1182 1371 1575
4167 4 2 7 1 1074 1327 1234 1405
4168 4 2 7 1 1159 1087 1369 1585
4169 4 2 7 1 765 1302 1446 1581
4170 4 2 7 1 790 741 788 1238
4171 4 2 7 1 1062 1288 1291 1571
4172 4 2 7 1 1177 1526 1280 1562
4173 4 2 7 1 262 1455 1151 1535
4174 4 2 7 1 1175 1457 574 1505
4175 4 2 7 1 659 1494 1191 1553
4176 4 2 7 1 1133 1564 1261 1615
4177 4 2 7 1 1379 1448 1160 1506
4178 4 2 7 1 1135 1529 1076 1612
4179 4 2 7 1 788 790 1238 1442
4180 4 2 7 1 1161 1541 1098 1596
4181 4 2 7 1 1112 1297 1181 1547
4182 4 2 7 1 362 1204 468 1335
4183 4 2 7 1 301 1274 748 1618
4184 4 2 7 1 1089 1362 1508 1628
4185 4 2 7 1 1116 1239 1186 1386
4186 4 2 7 1 1152 1299 1081 1343
4187 4 2 7 1 1092 1319 1194 1513
4188 4 2 7 1 1077 1405 1141 1600
4189 4 2 7 1 1342 1412 1188 1466
4190 4 2 7 1 1288 1503 1291 1571
4191 4 2 7 1 1186 1386 1239 1469
4192 4 2 7 1 704 1197 686 1443
4193 4 2 7 1 1083 1326 1287 1451
4194 4 2 7 1 859 772 777 1361
4195 4 2 7 1 1072 1391 1392 1432
4196 4 2 7 1 1105 1232 1167 1578
4197 4 2 7 1 1078 1142 1343 1349
4198 4 2 7 1 837 1201 1334 1584
4199 4 2 7 1 1077 1412 1217 1446
4200 4 2 7 1 1079 1142 1372 1568
4201 4 2 7 1 1111 1383 1339 1596
4202 4 2 7 1 828 1179 1377 1507
4203 4 2 7 1 902 1428 1346 1604
4204 4 2 7 1 1280 1562 1171 1623
4205 4 2 7 1 617 1250 618 1382
4206 4 2 7 1 1029 1217 947 1588
4207 4 2 7 1 1109 1358 1337 1463
4208 4 2 7 1 1117 1326 1305 1451
4209 4 2 7 1 1071 1267 1166 1419
4210 4 2 7 1 1170 1454 1103 1626
4211 4 2 7 1 625 1267 627 1602
4212 4 2 7 1 405 1233 360 1290
4213 4 2 7 1 994 1458 1279 1610
4214 4 2 7 1 1191 1081 1299 1494
4215 4 2 7 1 837 1201 730 1334
4216 4 2 7 1 1388 1477 1125 1497
4217 4 2 7 1 1146 1337 1084 1422
4218 4 2 7 1 1211 1332 1168 1420
4219 4 2 7 1 371 735 513 1242
4220 4 2 7 1 391 388 1159 1452
4221 4 2 7 1 1117 1348 1163 1451
4222 4 2 7 1 1080 1142 1373 1385
4223 4 2 7 1 1123 1366 1278 1530
4224 4 2 7 1 1188 1124 1412 1446
4225 4 2 7 1 646 1191 659 1494
4226 4 2 7 1 1082 1245 1034 1514
4227 4 2 7 1 1113 1281 1279 1540
4228 4 2 7 1 267 269 270 1569
4229 4 2 7 1 986 987 988 1497
4230 4 2 7 1 289 290 1185 1415
4231 4 2 7 1 362 469 1204 1553
4232 4 2 7 1 1066 1384 1165 1410
4233 4 2 7 1 816 1241 818 1307
4234 4 2 7 1 636 639 638 1611
4235 4 2 7 1 777 1217 792 1446
4236 4 2 7 1 186 300 328 1250
4237 4 2 7 1 897 1185 725 1491
4238 4 2 7 1 1078 1142 1349 1568
4239 4 2 7 1 711 650 651 1251
4240 4 2 7 1 273 271 1467 1569
4241 4 2 7 1 767 1361 1302 1621
4242 4 2 7 1 970 1561 971 1570
4243 4 2 7 1 1043 1004 977 1381
4244 4 2 7 1 1213 1418 1573 1576
4245 4 2 7 1 310 1375 204 1562
4246 4 2 7 1 206 1171 207 1511
4247 4 2 7 1 923 922 1182 1444
4248 4 2 7 1 1116 1508 1362 1628
4249 4 2 7 1 1288 1129 1503 1571
4250 4 2 7 1 1077 1302 1141 1405
4251 4 2 7 1 1074 1318 1145 1405
4252 4 2 7 1 1074 1145 1318 1395
4253 4 2 7 1 1189 1267 1240 1347
4254 4 2 7 1 822 820 821 1255
4255 4 2 7 1 1317 1085 1421 1614
4256 4 2 7 1 1320 1395 1135 1556
4257 4 2 7 1 1061 1256 1318 1412
4258 4 2 7 1 789 867 1149 1509
4259 4 2 7 1 1214 1368 1254 1454
4260 4 2 7 1 1180 1093 1306 1471
4261 4 2 7 1 1271 1330 1122 1409
4262 4 2 7 1 1059 1391 1333 1631
4263 4 2 7 1 1059 1360 1391 1631
4264 4 2 7 1 633 632 634 1299
4265 4 2 7 1 1074 1145 1327 1405
4266 4 2 7 1 1140 1327 1074 1395
4267 4 2 7 1 371 735 1242 1510
4268 4 2 7 1 1300 1472 1096 1554
4269 4 2 7 1 1169 1469 1186 1502
4270 4 2 7 1 1250 1306 249 1486
4271 4 2 7 1 1181 1277 1104 1390
4272 4 2 7 1 1187 1206 1091 1434
4273 4 2 7 1 362 528 469 1553
4274 4 2 7 1 353 411 409 1309
4275 4 2 7 1 191 1147 751 1462
4276 4 2 7 1 249 1306 1121 1490
4277 4 2 7 1 1152 1347 631 1530
4278 4 2 7 1 1106 1267 1240 1419
4279 4 2 7 1 963 1170 1223 1626
4280 4 2 7 1 1485 1512 1246 1632
4281 4 2 7 1 1084 1254 1435 1561
4282 4 2 7 1 1105 1231 1167 1559
4283 4 2 7 1 1159 1496 1449 1549
4284 4 2 7 1 1072 1214 1392 1644
4285 4 2 7 1 1078 1278 1263 1366
4286 4 2 7 1 1121 1306 802 1490
4287 4 2 7 1 1115 1360 1326 1631
4288 4 2 7 1 1078 1157 1228 1593
4289 4 2 7 1 1110 1301 1407 1615
4290 4 2 7 1 414 413 415 1276
4291 4 2 7 1 928 1454 1295 1543
4292 4 2 7 1 711 1251 651 1517
4293 4 2 7 1 1184 1356 1118 1485
4294 4 2 7 1 1096 1194 1193 1583
4295 4 2 7 1 767 859 1302 1361
4296 4 2 7 1 666 713 1183 1439
4297 4 2 7 1 1098 1161 1383 1541
4298 4 2 7 1 1167 1232 1102 1493
4299 4 2 7 1 391 1159 1364 1452
4300 4 2 7 1 970 971 972 1570
4301 4 2 7 1 1042 1433 1567 1599
4302 4 2 7 1 1115 1326 1403 1631
4303 4 2 7 1 266 267 1294 1520
4304 4 2 7 1 1321 499 1465 1499
4305 4 2 7 1 889 878 751 1147
4306 4 2 7 1 695 347 327 1057
4307 4 2 7 1 1168 1211 1070 1332
4308 4 2 7 1 1161 1383 1541 1579
4309 4 2 7 1 190 248 352 1490
4310 4 2 7 1 191 326 337 1147
4311 4 2 7 1 1081 1152 1343 1436
4312 4 2 7 1 1390 1506 1160 1591
4313 4 2 7 1 924 1215 1417 1444
4314 4 2 7 1 1123 1222 1450 1535
4315 4 2 7 1 1118 1324 1308 1452
4316 4 2 7 1 512 484 370 1212
4317 4 2 7 1 1150 1093 1426 1471
4318 4 2 7 1 1252 1389 1143 1519
4319 4 2 7 1 801 738 904 1490
4320 4 2 7 1 667 548 298 1247
4321 4 2 7 1 1125 1317 1202 1388
4322 4 2 7 1 950 945 946 1297
4323 4 2 7 1 337 1147 326 1618
4324 4 2 7 1 338 1202 224 1433
4325 4 2 7 1 616 1203 615 1382
4326 4 2 7 1 1095 1183 1408 1593
4327 4 2 7 1 1326 1360 1115 1451
4328 4 2 7 1 924 927 1005 1215
4329 4 2 7 1 659 1191 646 1476
4330 4 2 7 1 228 350 1336 1574
4331 4 2 7 1 869 728 992 1245
4332 4 2 7 1 1066 1406 1269 1623
4333 4 2 7 1 537 1205 1262 1430
4334 4 2 7 1 527 1178 516 1356
4335 4 2 7 1 1130 1282 1225 1333
4336 4 2 7 1 1368 1422 1337 1572
4337 4 2 7 1 1096 1406 1469 1502
4338 4 2 7 1 1133 1407 1301 1615
4339 4 2 7 1 1103 1454 1295 1626
4340 4 2 7 1 1315 1503 1129 1571
4341 4 2 7 1 1124 1412 1256 1466
4342 4 2 7 1 1140 1291 1288 1503
4343 4 2 7 1 923 1352 1182 1637
4344 4 2 7 1 950 1297 951 1433
4345 4 2 7 1 1130 1421 1277 1643
4346 4 2 7 1 1346 1459 1120 1550
4347 4 2 7 1 589 709 594 1430
4348 4 2 7 1 1170 1337 1416 1572
4349 4 2 7 1 778 1195 721 1309
4350 4 2 7 1 1170 1103 1416 1626
4351 4 2 7 1 1130 1333 1292 1421
4352 4 2 7 1 1145 1318 1256 1405
4353 4 2 7 1 1089 1508 1239 1628
4354 4 2 7 1 1076 1266 1148 1421
4355 4 2 7 1 1142 1366 1349 1603
4356 4 2 7 1 760 1370 1234 1461
4357 4 2 7 1 1129 1315 1249 1503
4358 4 2 7 1 1235 646 1494 1521
4359 4 2 7 1 419 499 1321 1411
4360 4 2 7 1 242 244 1303 1597
4361 4 2 7 1 777 792 1217 1639
4362 4 2 7 1 593 706 1182 1352
4363 4 2 7 1 1023 1164 1413 1601
4364 4 2 7 1 859 1302 777 1446
4365 4 2 7 1 1102 1404 1138 1608
4366 4 2 7 1 242 244 325 1303
4367 4 2 7 1 625 674 1363 1468
4368 4 2 7 1 1027 999 1002 1236
4369 4 2 7 1 915 1041 1019 1570
4370 4 2 7 1 1202 1297 951 1388
4371 4 2 7 1 615 1382 1203 1532
4372 4 2 7 1 1083 1350 1216 1609
4373 4 2 7 1 1066 1384 1437 1623
4374 4 2 7 1 409 1195 411 1398
4375 4 2 7 1 1284 1594 1209 1613
4376 4 2 7 1 405 403 1233 1298
4377 4 2 7 1 912 1002 998 1220
4378 4 2 7 1 388 1449 1159 1452
4379 4 2 7 1 1097 1236 1220 1379
4380 4 2 7 1 1296 1430 1163 1498
4381 4 2 7 1 204 203 1280 1400
4382 4 2 7 1 1119 1171 1562 1623
4383 4 2 7 1 305 185 325 1303
4384 4 2 7 1 403 1233 1298 1598
4385 4 2 7 1 921 1417 1289 1637
4386 4 2 7 1 1079 1153 1349 1568
4387 4 2 7 1 407 1233 1598 1635
4388 4 2 7 1 1086 1258 1171 1400
4389 4 2 7 1 1118 1449 1496 1549
4390 4 2 7 1 593 1182 592 1627
4391 4 2 7 1 1117 1163 1348 1498
4392 4 2 7 1 1226 1286 1149 1342
4393 4 2 7 1 1172 1461 759 1560
4394 4 2 7 1 1079 1307 1156 1373
4395 4 2 7 1 403 407 1233 1598
4396 4 2 7 1 1238 1265 1094 1345
4397 4 2 7 1 668 1457 682 1517
4398 4 2 7 1 927 926 928 1295
4399 4 2 7 1 1094 1139 1265 1563
4400 4 2 7 1 878 1147 889 1617
4401 4 2 7 1 1087 1325 1159 1369
4402 4 2 7 1 237 1248 1236 1487
4403 4 2 7 1 835 1260 834 1613
4404 4 2 7 1 516 1356 1178 1449
4405 4 2 7 1 854 359 727 1619
4406 4 2 7 1 1091 1269 1206 1555
4407 4 2 7 1 1079 1349 1142 1568
4408 4 2 7 1 1068 1300 1179 1380
4409 4 2 7 1 238 239 233 1317
4410 4 2 7 1 500 397 400 1315
4411 4 2 7 1 1055 511 1054 879
4412 4 2 7 1 1077 1164 1256 1557
4413 4 2 7 1 1070 1332 1229 1460
4414 4 2 7 1 263 262 1151 1535
4415 4 2 7 1 1189 1222 1123 1240
4416 4 2 7 1 1138 1102 1311 1625
4417 4 2 7 1 544 685 921 1289
4418 4 2 7 1 1102 1138 1311 1608
4419 4 2 7 1 491 1298 398 1328
4420 4 2 7 1 1008 909 182 1477
4421 4 2 7 1 368 1285 441 1311
4422 4 2 7 1 1163 1287 1117 1451
4423 4 2 7 1 1141 1234 1327 1405
4424 4 2 7 1 1063 1142 1366 1436
4425 4 2 7 1 1065 1301 1160 1448
4426 4 2 7 1 1016 1388 1181 1390
4427 4 2 7 1 772 1198 777 1361
4428 4 2 7 1 711 1362 1175 1505
4429 4 2 7 1 1269 1472 1206 1555
4430 4 2 7 1 479 1468 1166 1516
4431 4 2 7 1 1197 1363 1166 1426
4432 4 2 7 1 688 1189 664 1504
4433 4 2 7 1 1247 1457 1134 1518
4434 4 2 7 1 486 359 854 1619
4435 4 2 7 1 1053 1082 1034 1514
4436 4 2 7 1 455 457 1512 1620
4437 4 2 7 1 1304 1359 1121 1374
4438 4 2 7 1 1161 1109 1383 1579
4439 4 2 7 1 696 1212 669 1359
4440 4 2 7 1 1269 1406 1173 1437
4441 4 2 7 1 281 282 1264 1548
4442 4 2 7 1 675 593 588 1371
4443 4 2 7 1 1059 1333 1360 1631
4444 4 2 7 1 959 1161 1003 1541
4445 4 2 7 1 1079 1307 1201 1491
4446 4 2 7 1 1077 1281 1405 1600
4447 4 2 7 1 795 1420 797 1544
4448 4 2 7 1 739 1180 849 1470
4449 4 2 7 1 1083 1350 1287 1564
4450 4 2 7 1 1079 1372 1142 1373
4451 4 2 7 1 1080 1373 1323 1385
4452 4 2 7 1 1156 1080 1241 1376
4453 4 2 7 1 1213 1487 1097 1576
4454 4 2 7 1 1138 1608 1464 1619
4455 4 2 7 1 637 636 638 1235
4456 4 2 7 1 983 1202 1040 1477
4457 4 2 7 1 1263 1366 1278 1535
4458 4 2 7 1 632 1152 631 1530
4459 4 2 7 1 573 1457 1165 1505
4460 4 2 7 1 1291 1503 1315 1571
4461 4 2 7 1 736 810 1285 1311
4462 4 2 7 1 193 309 243 1238
4463 4 2 7 1 1261 1371 1117 1575
4464 4 2 7 1 1077 1281 1164 1557
4465 4 2 7 1 1095 1264 1552 1593
4466 4 2 7 1 1134 1252 1399 1400
4467 4 2 7 1 1076 1292 1333 1421
4468 4 2 7 1 284 285 178 1278
4469 4 2 7 1 548 180 298 1247
4470 4 2 7 1 405 402 403 1298
4471 4 2 7 1 872 1334 1310 1578
4472 4 2 7 1 705 1147 694 1616
4473 4 2 7 1 1139 221 1433 1567
4474 4 2 7 1 926 1218 1011 1591
4475 4 2 7 1 431 512 433 1374
4476 4 2 7 1 1126 1179 1393 1604
4477 4 2 7 1 1078 1396 1157 1593
4478 4 2 7 1 1198 1257 1108 1456
4479 4 2 7 1 1157 1078 1268 1396
4480 4 2 7 1 1089 1483 1228 1536
4481 4 2 7 1 826 828 1377 1507
4482 4 2 7 1 496 451 449 1316
4483 4 2 7 1 1238 1265 243 1597
4484 4 2 7 1 433 1212 435 1427
4485 4 2 7 1 897 850 1185 1415
4486 4 2 7 1 668 570 682 1457
4487 4 2 7 1 1184 1324 530 1577
4488 4 2 7 1 1254 1368 1170 1454
4489 4 2 7 1 1132 1357 1286 1580
4490 4 2 7 1 1166 526 1425 1539
4491 4 2 7 1 1008 182 308 1477
4492 4 2 7 1 573 571 572 1399
4493 4 2 7 1 270 1264 283 1408
4494 4 2 7 1 490 458 440 1516
4495 4 2 7 1 1138 1404 1323 1464
4496 4 2 7 1 1166 1363 1071 1426
4497 4 2 7 1 434 1242 513 1304
4498 4 2 7 1 1162 1286 1445 1612
4499 4 2 7 1 486 854 1311 1619
4500 4 2 7 1 1256 1412 1061 1466
4501 4 2 7 1 636 635 634 1299
4502 4 2 7 1 1155 1316 1244 1385
4503 4 2 7 1 1233 1435 1298 1598
4504 4 2 7 1 926 1295 1218 1591
4505 4 2 7 1 1323 1373 1142 1385
4506 4 2 7 1 1076 1148 1292 1421
4507 4 2 7 1 939 1547 1423 1601
4508 4 2 7 1 1271 1348 1064 1409
4509 4 2 7 1 353 1309 721 1428
4510 4 2 7 1 1143 1389 605 1519
4511 4 2 7 1 379 1004 503 1381
4512 4 2 7 1 212 1317 230 1642
4513 4 2 7 1 970 1041 1233 1570
4514 4 2 7 1 1160 1301 1218 1506
4515 4 2 7 1 1124 1188 1412 1466
4516 4 2 7 1 1136 718 1533 1633
4517 4 2 7 1 793 726 867 1303
4518 4 2 7 1 1181 1112 1432 1643
4519 4 2 7 1 1205 1221 1087 1430
4520 4 2 7 1 799 740 1374 1527
4521 4 2 7 1 1087 1163 1296 1430
4522 4 2 7 1 1089 1235 1190 1611
4523 4 2 7 1 642 645 1190 1362
4524 4 2 7 1 1128 1272 1288 1330
4525 4 2 7 1 1076 1333 1292 1437
4526 4 2 7 1 297 1183 345 1439
4527 4 2 7 1 1110 1352 1407 1592
4528 4 2 7 1 826 1255 824 1507
4529 4 2 7 1 734 910 1589 1640
4530 4 2 7 1 1091 1264 1434 1552
4531 4 2 7 1 1158 1385 1210 1431
4532 4 2 7 1 800 1121 802 1490
4533 4 2 7 1 1079 1156 1372 1373
4534 4 2 7 1 659 648 1494 1553
4535 4 2 7 1 1063 1366 1152 1436
4536 4 2 7 1 1071 1363 1353 1426
4537 4 2 7 1 1059 1330 1272 1391
4538 4 2 7 1 1285 1311 810 1493
4539 4 2 7 1 289 277 290 1415
4540 4 2 7 1 760 1172 1370 1461
4541 4 2 7 1 1126 1393 1346 1604
4542 4 2 7 1 435 1212 438 1427
4543 4 2 7 1 1276 1383 1111 1411
4544 4 2 7 1 249 1121 247 1490
4545 4 2 7 1 607 1407 581 1615
4546 4 2 7 1 932 933 1413 1543
4547 4 2 7 1 221 223 219 1433
4548 4 2 7 1 1143 1213 1418 1573
4549 4 2 7 1 1162 1401 1357 1612
4550 4 2 7 1 1081 1210 1431 1538
4551 4 2 7 1 1040 950 951 1433
4552 4 2 7 1 394 392 1328 1364
4553 4 2 7 1 795 737 1058 1329
4554 4 2 7 1 1111 1383 1161 1411
4555 4 2 7 1 264 292 279 1624
4556 4 2 7 1 1132 1313 1282 1580
4557 4 2 7 1 301 322 874 1274
4558 4 2 7 1 396 422 1328 1358
4559 4 2 7 1 323 1467 1284 1574
4560 4 2 7 1 1292 1333 1144 1437
4561 4 2 7 1 1128 1422 1368 1572
4562 4 2 7 1 827 894 1167 1493
4563 4 2 7 1 816 1464 1154 1584
4564 4 2 7 1 384 355 1262 1633
4565 4 2 7 1 995 1034 1245 1514
4566 4 2 7 1 1212 1250 618 1443
4567 4 2 7 1 575 572 586 1216
4568 4 2 7 1 1078 1349 1343 1366
4569 4 2 7 1 434 1242 1304 1427
4570 4 2 7 1 1251 1536 1228 1593
4571 4 2 7 1 1192 1239 1193 1583
4572 4 2 7 1 1096 1206 1269 1472
4573 4 2 7 1 224 1317 307 1355
4574 4 2 7 1 396 394 392 1328
4575 4 2 7 1 1007 933 930 1543
4576 4 2 7 1 311 226 316 1336
4577 4 2 7 1 1234 1370 1172 1461
4578 4 2 7 1 512 484 1212 1359
4579 4 2 7 1 479 480 1468 1516
4580 4 2 7 1 1084 1298 1435 1598
4581 4 2 7 1 1039 1200 965 1641
4582 4 2 7 1 1023 1413 934 1601
4583 4 2 7 1 1343 1349 1142 1366
4584 4 2 7 1 1321 1111 1465 1596
4585 4 2 7 1 916 1033 992 1245
4586 4 2 7 1 300 328 1250 1382
4587 4 2 7 1 1080 1207 1372 1431
4588 4 2 7 1 1115 1305 1409 1572
4589 4 2 7 1 1346 1393 1179 1604
4590 4 2 7 1 691 1533 718 1633
4591 4 2 7 1 1137 1377 1300 1484
4592 4 2 7 1 573 574 571 1457
4593 4 2 7 1 577 576 575 1564
4594 4 2 7 1 1218 1295 926 1444
4595 4 2 7 1 1076 1421 1282 1612
4596 4 2 7 1 1100 1402 1187 1515
4597 4 2 7 1 434 513 374 1304
4598 4 2 7 1 1167 1231 1105 1310
4599 4 2 7 1 1095 1536 1228 1552
4600 4 2 7 1 1091 1402 1176 1555
4601 4 2 7 1 1081 1210 1385 1431
4602 4 2 7 1 1254 1351 1084 1368
4603 4 2 7 1 1151 1263 263 1535
4604 4 2 7 1 673 1205 709 1465
4605 4 2 7 1 992 1245 1033 1456
4606 4 2 7 1 874 1274 322 1479
4607 4 2 7 1 1007 937 933 1237
4608 4 2 7 1 607 1261 581 1407
4609 4 2 7 1 705 694 1147 1618
4610 4 2 7 1 1283 1533 691 1633
4611 4 2 7 1 1214 1392 1103 1543
4612 4 2 7 1 1308 1324 1118 1586
4613 4 2 7 1 1023 1413 1164 1458
4614 4 2 7 1 1161 1383 1109 1411
4615 4 2 7 1 786 883 1208 1640
4616 4 2 7 1 864 818 820 1307
4617 4 2 7 1 1169 1502 1474 1554
4618 4 2 7 1 1317 1421 1148 1614
4619 4 2 7 1 1175 1089 1362 1611
4620 4 2 7 1 916 995 1034 1245
4621 4 2 7 1 1176 1367 1091 1555
4622 4 2 7 1 1120 1141 1338 1550
4623 4 2 7 1 786 1208 787 1442
4624 4 2 7 1 1074 1320 1174 1395
4625 4 2 7 1 632 1268 1152 1530
4626 4 2 7 1 345 173 313 1183
4627 4 2 7 1 1079 1142 1349 1373
4628 4 2 7 1 434 1304 433 1427
4629 4 2 7 1 1214 1368 1103 1644
4630 4 2 7 1 1140 1330 1272 1474
4631 4 2 7 1 836 876 897 1415
4632 4 2 7 1 1184 1118 1324 1586
4633 4 2 7 1 1022 1001 1016 1388
4634 4 2 7 1 1122 1325 1271 1348
4635 4 2 7 1 729 184 255 1470
4636 4 2 7 1 1172 1320 1137 1370
4637 4 2 7 1 1271 1325 1087 1348
4638 4 2 7 1 302 257 1310 1334
4639 4 2 7 1 1063 1154 1404 1542
4640 4 2 7 1 1209 1090 1484 1515
4641 4 2 7 1 1207 1255 1101 1565
4642 4 2 7 1 1350 1440 678 1505
4643 4 2 7 1 1182 1215 1073 1444
4644 4 2 7 1 550 1220 912 1441
4645 4 2 7 1 1098 1339 1289 1627
4646 4 2 7 1 1252 1400 1134 1634
4647 4 2 7 1 1112 1164 1423 1601
4648 4 2 7 1 392 390 413 1364
4649 4 2 7 1 1223 1541 1383 1579
4650 4 2 7 1 1134 1384 1280 1400
4651 4 2 7 1 232 1213 233 1487
4652 4 2 7 1 1158 1394 1080 1565
4653 4 2 7 1 970 1233 969 1435
4654 4 2 7 1 1125 1317 1277 1576
4655 4 2 7 1 1186 1360 1144 1410
4656 4 2 7 1 603 602 601 1528
4657 4 2 7 1 241 1303 1238 1597
4658 4 2 7 1 580 1350 1163 1440
4659 4 2 7 1 1155 1438 447 1582
4660 4 2 7 1 585 595 684 1498
4661 4 2 7 1 1233 1435 1598 1635
4662 4 2 7 1 1007 1237 933 1543
4663 4 2 7 1 473 842 1199 1534
4664 4 2 7 1 1023 938 1164 1601
4665 4 2 7 1 1204 1335 661 1478
4666 4 2 7 1 1094 1238 1208 1442
4667 4 2 7 1 1169 1096 1502 1554
4668 4 2 7 1 1143 1258 1213 1573
4669 4 2 7 1 938 1423 1293 1601
4670 4 2 7 1 807 513 735 1242
4671 4 2 7 1 1343 1385 1142 1538
4672 4 2 7 1 1117 1371 1339 1473
4673 4 2 7 1 642 645 644 1190
4674 4 2 7 1 372 1203 430 1524
4675 4 2 7 1 1111 1221 1205 1465
4676 4 2 7 1 468 362 469 1204
4677 4 2 7 1 326 1147 191 1462
4678 4 2 7 1 1090 1377 1209 1484
4679 4 2 7 1 1097 1448 1213 1576
4680 4 2 7 1 615 1203 556 1524
4681 4 2 7 1 1172 1088 1429 1560
4682 4 2 7 1 1080 1158 1244 1394
4683 4 2 7 1 221 1139 1563 1567
4684 4 2 7 1 1085 1297 1181 1643
4685 4 2 7 1 1091 1264 1177 1569
4686 4 2 7 1 1088 1172 1378 1560
4687 4 2 7 1 964 963 1170 1463
4688 4 2 7 1 1119 1171 1375 1562
4689 4 2 7 1 1109 1383 1276 1411
4690 4 2 7 1 302 184 839 1310
4691 4 2 7 1 1414 1457 1247 1517
4692 4 2 7 1 1080 1244 1158 1385
4693 4 2 7 1 230 238 233 1317
4694 4 2 7 1 335 243 309 1265
4695 4 2 7 1 1134 1247 1414 1457
4696 4 2 7 1 942 1257 1025 1458
4697 4 2 7 1 693 709 589 1465
4698 4 2 7 1 772 776 777 1198
4699 4 2 7 1 1092 1319 1193 1387
4700 4 2 7 1 585 1430 595 1498
4701 4 2 7 1 265 266 267 1294
4702 4 2 7 1 730 837 838 1201
4703 4 2 7 1 933 1547 936 1601
4704 4 2 7 1 1081 1385 1343 1538
4705 4 2 7 1 560 1382 615 1532
4706 4 2 7 1 1257 1279 1108 1636
4707 4 2 7 1 1017 990 1248 1379
4708 4 2 7 1 858 1150 1471 1510
4709 4 2 7 1 1171 1375 207 1511
4710 4 2 7 1 620 1212 618 1443
4711 4 2 7 1 504 1331 1335 1539
4712 4 2 7 1 1037 982 905 1198
4713 4 2 7 1 1113 1351 1279 1561
4714 4 2 7 1 1037 1031 982 1198
4715 4 2 7 1 1117 1287 1163 1498
4716 4 2 7 1 1090 1300 1377 1484
4717 4 2 7 1 878 751 1147 1462
4718 4 2 7 1 861 1245 887 1514
4719 4 2 7 1 929 1543 1295 1591
4720 4 2 7 1 784 789 1224 1509
4721 4 2 7 1 579 675 583 1261
4722 4 2 7 1 837 838 1201 1491
4723 4 2 7 1 557 1236 606 1528
4724 4 2 7 1 1113 1351 1341 1540
4725 4 2 7 1 940 1293 938 1423
4726 4 2 7 1 491 396 422 1328
4727 4 2 7 1 1179 1259 1393 1459
4728 4 2 7 1 556 1203 615 1359
4729 4 2 7 1 1067 1529 1401 1555
4730 4 2 7 1 1079 1294 1201 1603
4731 4 2 7 1 599 1564 1531 1615
4732 4 2 7 1 1069 1169 1319 1469
4733 4 2 7 1 429 614 556 1524
4734 4 2 7 1 1127 1318 1405 1412
4735 4 2 7 1 311 1336 1481 1574
4736 4 2 7 1 599 581 1564 1615
4737 4 2 7 1 1173 1333 1502 1556
4738 4 2 7 1 1094 1442 1342 1509
4739 4 2 7 1 956 913 921 1289
4740 4 2 7 1 1328 1358 422 1598
4741 4 2 7 1 1095 1552 1228 1593
4742 4 2 7 1 1091 1206 1402 1555
4743 4 2 7 1 212 1511 1614 1642
4744 4 2 7 1 292 1334 1201 1455
4745 4 2 7 1 1039 1435 1200 1641
4746 4 2 7 1 978 1463 1453 1579
4747 4 2 7 1 1160 1497 1277 1576
4748 4 2 7 1 1003 1541 1161 1606
4749 4 2 7 1 576 573 575 1350
4750 4 2 7 1 964 963 1012 1170
4751 4 2 7 1 1083 1360 1326 1451
4752 4 2 7 1 1038 1238 747 1589
4753 4 2 7 1 287 1415 1284 1467
4754 4 2 7 1 1091 1177 1367 1569
4755 4 2 7 1 244 215 220 1226
4756 4 2 7 1 371 1242 523 1510
4757 4 2 7 1 944 941 943 1243
4758 4 2 7 1 573 574 1457 1505
4759 4 2 7 1 312 270 283 1408
4760 4 2 7 1 926 1011 1218 1444
4761 4 2 7 1 1101 1380 1207 1632
4762 4 2 7 1 1217 1412 1124 1446
4763 4 2 7 1 1160 1388 1277 1497
4764 4 2 7 1 174 315 240 1344
4765 4 2 7 1 683 542 609 1344
4766 4 2 7 1 1067 1206 1472 1555
4767 4 2 7 1 338 224 223 1433
4768 4 2 7 1 760 762 761 1234
4769 4 2 7 1 373 421 1321 1381
4770 4 2 7 1 679 684 1296 1440
4771 4 2 7 1 951 1297 1001 1388
4772 4 2 7 1 816 814 1464 1584
4773 4 2 7 1 1135 1318 1225 1395
4774 4 2 7 1 1068 1174 1259 1300
4775 4 2 7 1 372 430 1203 1359
4776 4 2 7 1 371 513 523 1242
4777 4 2 7 1 491 1328 422 1598
4778 4 2 7 1 1282 1313 1085 1643
4779 4 2 7 1 474 1199 461 1534
4780 4 2 7 1 830 1199 843 1534
4781 4 2 7 1 1160 1390 1388 1497
4782 4 2 7 1 1133 1270 1216 1418
4783 4 2 7 1 1346 1550 1120 1629
4784 4 2 7 1 481 529 1191 1476
4785 4 2 7 1 212 1614 1317 1642
4786 4 2 7 1 1196 1353 1363 1426
4787 4 2 7 1 1310 1334 257 1605
4788 4 2 7 1 1077 1257 1164 1281
4789 4 2 7 1 1037 1031 1198 1456
4790 4 2 7 1 1197 1426 1166 1516
4791 4 2 7 1 674 686 704 1197
4792 4 2 7 1 627 625 643 1267
4793 4 2 7 1 1170 1254 1084 1368
4794 4 2 7 1 1064 1383 1337 1416
4795 4 2 7 1 1094 1208 1188 1442
4796 4 2 7 1 1111 1411 1321 1499
4797 4 2 7 1 1120 1327 1291 1482
4798 4 2 7 1 1070 1229 1332 1571
4799 4 2 7 1 1098 1223 1417 1541
4800 4 2 7 1 1116 1239 1508 1628
4801 4 2 7 1 537 673 488 1205
4802 4 2 7 1 334 557 189 1236
4803 4 2 7 1 1157 1268 1078 1343
4804 4 2 7 1 963 1454 1170 1626
4805 4 2 7 1 1160 1104 1390 1591
4806 4 2 7 1 1087 1325 1369 1549
4807 4 2 7 1 1113 1341 1281 1540
4808 4 2 7 1 1193 1239 1096 1583
4809 4 2 7 1 1137 1259 1179 1459
4810 4 2 7 1 1249 1315 1107 1503
4811 4 2 7 1 1190 1235 1089 1525
4812 4 2 7 1 423 1358 417 1453
4813 4 2 7 1 426 425 1058 1322
4814 4 2 7 1 1170 1084 1254 1641
4815 4 2 7 1 620 623 1212 1443
4816 4 2 7 1 1237 1413 933 1543
4817 4 2 7 1 1165 1350 573 1505
4818 4 2 7 1 1137 1377 1209 1447
4819 4 2 7 1 674 1197 704 1363
4820 4 2 7 1 1190 1440 645 1533
4821 4 2 7 1 1179 1393 1346 1459
4822 4 2 7 1 644 645 714 1533
4823 4 2 7 1 1218 1301 1104 1495
4824 4 2 7 1 644 1190 645 1533
4825 4 2 7 1 675 583 1261 1371
4826 4 2 7 1 184 729 839 1310
4827 4 2 7 1 1227 1467 271 1569
4828 4 2 7 1 1119 1269 1173 1437
4829 4 2 7 1 367 1197 551 1468
4830 4 2 7 1 630 1347 647 1530
4831 4 2 7 1 1181 1432 1277 1643
4832 4 2 7 1 1086 1399 1252 1400
4833 4 2 7 1 1094 1342 1188 1466
4834 4 2 7 1 847 739 849 1470
4835 4 2 7 1 1175 1251 1089 1611
4836 4 2 7 1 841 1365 902 1604
4837 4 2 7 1 1162 311 1336 1481
4838 4 2 7 1 1112 1313 1243 1466
4839 4 2 7 1 202 204 203 1280
4840 4 2 7 1 1091 1177 1264 1552
4841 4 2 7 1 1079 1372 1156 1480
4842 4 2 7 1 1197 1427 1426 1516
4843 4 2 7 1 1277 1388 1160 1390
4844 4 2 7 1 1123 1222 1189 1450
4845 4 2 7 1 967 1254 1024 1610
4846 4 2 7 1 529 1191 497 1553
4847 4 2 7 1 1183 1396 713 1622
4848 4 2 7 1 763 767 859 1302
4849 4 2 7 1 1075 1452 1364 1496
4850 4 2 7 1 1150 1493 1167 1566
4851 4 2 7 1 1089 1239 1536 1628
4852 4 2 7 1 275 1176 276 1367
4853 4 2 7 1 251 1250 249 1486
4854 4 2 7 1 1108 1279 1257 1540
4855 4 2 7 1 1172 1429 1224 1560
4856 4 2 7 1 1350 1410 1165 1609
4857 4 2 7 1 1077 1405 1256 1412
4858 4 2 7 1 1193 1319 1069 1387
4859 4 2 7 1 190 738 329 1306
4860 4 2 7 1 1125 1213 1317 1576
4861 4 2 7 1 1170 1416 1103 1572
4862 4 2 7 1 881 329 738 1306
4863 4 2 7 1 1081 1191 1316 1397
4864 4 2 7 1 1035 1031 942 1293
4865 4 2 7 1 814 1464 1232 1608
4866 4 2 7 1 610 373 1321 1381
4867 4 2 7 1 1034 1082 976 1424
4868 4 2 7 1 208 207 1266 1511
4869 4 2 7 1 1164 1257 1077 1293
4870 4 2 7 1 1269 1437 1119 1623
4871 4 2 7 1 246 247 1382 1490
4872 4 2 7 1 1017 1379 1248 1497
4873 4 2 7 1 1225 1340 1130 1391
4874 4 2 7 1 1030 1208 1345 1589
4875 4 2 7 1 1081 1431 1385 1538
4876 4 2 7 1 1167 1559 1071 1566
4877 4 2 7 1 1103 1295 1215 1626
4878 4 2 7 1 598 1531 599 1564
4879 4 2 7 1 1323 1438 1155 1537
4880 4 2 7 1 1079 1520 1185 1624
4881 4 2 7 1 979 1200 354 1453
4882 4 2 7 1 1204 1299 1152 1478
4883 4 2 7 1 1009 989 1046 1477
4884 4 2 7 1 1076 1529 1375 1612
4885 4 2 7 1 1277 1497 1125 1576
4886 4 2 7 1 1124 1423 1293 1588
4887 4 2 7 1 1218 1301 1110 1506
4888 4 2 7 1 427 1290 519 1492
4889 4 2 7 1 859 777 791 1446
4890 4 2 7 1 472 507 534 1577
4891 4 2 7 1 1240 1267 1071 1419
4892 4 2 7 1 722 981 1010 1639
4893 4 2 7 1 292 264 262 1455
4894 4 2 7 1 1185 1480 1079 1491
4895 4 2 7 1 1190 1362 645 1440
4896 4 2 7 1 1208 1442 1238 1589
4897 4 2 7 1 239 238 224 1317
4898 4 2 7 1 563 687 606 1236
4899 4 2 7 1 1137 1484 1320 1500
4900 4 2 7 1 1261 1287 579 1564
4901 4 2 7 1 1118 1178 1449 1549
4902 4 2 7 1 1148 1614 1511 1642
4903 4 2 7 1 259 261 1222 1455
4904 4 2 7 1 1305 1103 1416 1572
4905 4 2 7 1 584 613 1221 1339
4906 4 2 7 1 1173 1333 1076 1437
4907 4 2 7 1 647 630 629 1347
4908 4 2 7 1 770 1224 789 1560
4909 4 2 7 1 924 927 1215 1444
4910 4 2 7 1 472 534 1365 1577
4911 4 2 7 1 1159 1364 1452 1496
4912 4 2 7 1 1059 1502 1333 1556
4913 4 2 7 1 1132 1286 1226 1580
4914 4 2 7 1 388 1369 1159 1449
4915 4 2 7 1 639 636 680 1396
4916 4 2 7 1 537 1262 594 1430
4917 4 2 7 1 581 1261 579 1564
4918 4 2 7 1 255 187 739 1470
4919 4 2 7 1 1073 1215 1182 1575
4920 4 2 7 1 1102 1354 1167 1566
4921 4 2 7 1 621 1196 1363 1443
4922 4 2 7 1 1216 1399 1086 1609
4923 4 2 7 1 1110 1220 1441 1506
4924 4 2 7 1 1215 1417 1182 1575
4925 4 2 7 1 951 1009 1040 1202
4926 4 2 7 1 941 943 1243 1423
4927 4 2 7 1 526 1166 479 1539
4928 4 2 7 1 435 370 438 1212
4929 4 2 7 1 1089 1190 1362 1611
4930 4 2 7 1 511 1056 531 695
4931 4 2 7 1 554 620 623 1212
4932 4 2 7 1 849 1180 891 1471
4933 4 2 7 1 959 1161 1541 1579
4934 4 2 7 1 1157 1299 1343 1522
4935 4 2 7 1 1011 1506 986 1591
4936 4 2 7 1 1203 1359 430 1374
4937 4 2 7 1 1084 1337 1368 1422
4938 4 2 7 1 1165 1350 1116 1410
4939 4 2 7 1 978 1453 961 1579
4940 4 2 7 1 313 312 283 1408
4941 4 2 7 1 606 1220 719 1528
4942 4 2 7 1 1070 1211 1168 1544
4943 4 2 7 1 843 830 821 1376
4944 4 2 7 1 455 457 459 1512
4945 4 2 7 1 460 1324 1184 1356
4946 4 2 7 1 1087 1271 1159 1325
4947 4 2 7 1 823 822 834 1260
4948 4 2 7 1 1157 1396 1251 1593
4949 4 2 7 1 1001 946 1015 1297
4950 4 2 7 1 1224 1429 1088 1560
4951 4 2 7 1 183 1196 555 1638
4952 4 2 7 1 1143 1418 1258 1573
4953 4 2 7 1 882 353 721 1428
4954 4 2 7 1 658 1191 659 1476
4955 4 2 7 1 797 1420 1211 1544
4956 4 2 7 1 537 709 673 1205
4957 4 2 7 1 1084 1337 1170 1368
4958 4 2 7 1 872 831 1334 1578
4959 4 2 7 1 404 1315 399 1460
4960 4 2 7 1 1166 1363 1197 1468
4961 4 2 7 1 770 784 789 1224
4962 4 2 7 1 310 207 204 1375
4963 4 2 7 1 1060 1434 1206 1489
4964 4 2 7 1 334 702 557 1236
4965 4 2 7 1 613 589 584 1221
4966 4 2 7 1 445 447 1438 1582
4967 4 2 7 1 1067 1320 1484 1500
4968 4 2 7 1 488 420 487 1205
4969 4 2 7 1 1122 1348 1271 1409
4970 4 2 7 1 1113 1279 1351 1540
4971 4 2 7 1 486 368 441 1311
4972 4 2 7 1 988 1388 1390 1497
4973 4 2 7 1 1076 1333 1173 1529
4974 4 2 7 1 1078 1153 1349 1408
4975 4 2 7 1 734 1589 1208 1640
4976 4 2 7 1 1201 1294 1151 1603
4977 4 2 7 1 953 1265 1345 1599
4978 4 2 7 1 1079 1153 1294 1349
4979 4 2 7 1 287 277 1415 1467
4980 4 2 7 1 290 179 289 1185
4981 4 2 7 1 1141 1405 1327 1600
4982 4 2 7 1 927 1005 1215 1626
4983 4 2 7 1 714 645 1440 1533
4984 4 2 7 1 1104 1295 1543 1591
4985 4 2 7 1 1150 1426 1166 1566
4986 4 2 7 1 1114 1435 1233 1561
4987 4 2 7 1 606 1236 1220 1528
4988 4 2 7 1 861 728 887 1245
4989 4 2 7 1 1357 1401 1135 1612
4990 4 2 7 1 1123 1240 1222 1587
4991 4 2 7 1 1170 1223 1109 1463
4992 4 2 7 1 1156 1307 1079 1480
4993 4 2 7 1 1208 1589 910 1640
4994 4 2 7 1 1164 1413 1113 1458
4995 4 2 7 1 757 1172 1378 1447
4996 4 2 7 1 1168 1329 426 1460
4997 4 2 7 1 1031 1456 975 1636
4998 4 2 7 1 323 1574 1284 1607
4999 4 2 7 1 1186 1239 1116 1410
5000 4 2 7 1 482 364 540 1283
5001 4 2 7 1 705 1147 1616 1618
5002 4 2 7 1 601 1253 683 1528
5003 4 2 7 1 961 1453 1314 1579
5004 4 2 7 1 1224 1342 1188 1509
5005 4 2 7 1 736 854 810 1311
5006 4 2 7 1 304 568 199 1252
5007 4 2 7 1 212 238 230 1317
5008 4 2 7 1 1169 1469 1096 1554
5009 4 2 7 1 1225 1318 1145 1395
5010 4 2 7 1 338 1202 170 1477
5011 4 2 7 1 1072 1557 1413 1644
5012 4 2 7 1 1001 937 1016 1181
5013 4 2 7 1 1084 1358 1328 1598
5014 4 2 7 1 926 925 1011 1444
5015 4 2 7 1 924 926 927 1444
5016 4 2 7 1 1279 1424 1114 1540
5017 4 2 7 1 376 1374 740 1527
5018 4 2 7 1 568 304 672 1252
5019 4 2 7 1 903 1208 734 1589
5020 4 2 7 1 1291 1070 1338 1482
5021 4 2 7 1 1085 1317 1202 1355
5022 4 2 7 1 402 406 1229 1290
5023 4 2 7 1 557 604 1344 1528
5024 4 2 7 1 1105 1167 1310 1578
5025 4 2 7 1 172 732 851 1284
5026 4 2 7 1 1196 1426 1363 1443
5027 4 2 7 1 598 599 581 1564
5028 4 2 7 1 1375 1529 1162 1612
5029 4 2 7 1 1053 976 1034 1082
5030 4 2 7 1 1096 1239 1193 1469
5031 4 2 7 1 1361 1456 1108 1630
5032 4 2 7 1 1216 1389 1086 1399
5033 4 2 7 1 1230 1438 445 1625
5034 4 2 7 1 314 343 1177 1548
5035 4 2 7 1 458 1166 526 1425
5036 4 2 7 1 1268 1366 1152 1530
5037 4 2 7 1 237 351 1248 1487
5038 4 2 7 1 1134 1399 1252 1634
5039 4 2 7 1 815 1464 814 1608
5040 4 2 7 1 1079 1480 1307 1491
5041 4 2 7 1 478 367 624 1468
5042 4 2 7 1 1113 1254 1214 1644
5043 4 2 7 1 207 1375 1266 1511
5044 4 2 7 1 343 1367 332 1562
5045 4 2 7 1 1392 1403 1104 1432
5046 4 2 7 1 1474 1502 1174 1554
5047 4 2 7 1 1164 1113 1281 1458
5048 4 2 7 1 1200 1358 423 1453
5049 4 2 7 1 1301 1418 1133 1448
5050 4 2 7 1 1318 1357 1061 1429
5051 4 2 7 1 1207 1380 1194 1632
5052 4 2 7 1 1060 1206 1434 1583
5053 4 2 7 1 302 1310 839 1334
5054 4 2 7 1 905 1198 982 1639
5055 4 2 7 1 432 1304 536 1374
5056 4 2 7 1 259 262 261 1455
5057 4 2 7 1 218 219 1355 1563
5058 4 2 7 1 937 1181 1001 1547
5059 4 2 7 1 1106 1152 1347 1478
5060 4 2 7 1 384 355 383 1262
5061 4 2 7 1 1064 1416 1305 1473
5062 4 2 7 1 1202 1317 1125 1477
5063 4 2 7 1 1116 1508 1386 1545
5064 4 2 7 1 1279 1351 1114 1561
5065 4 2 7 1 555 665 707 1196
5066 4 2 7 1 1266 1148 1421 1614
5067 4 2 7 1 1046 1017 909 1248
5068 4 2 7 1 1301 1403 1104 1495
5069 4 2 7 1 1064 1348 1305 1409
5070 4 2 7 1 1081 1343 1299 1522
5071 4 2 7 1 1003 957 1541 1606
5072 4 2 7 1 1194 1513 1193 1583
5073 4 2 7 1 233 232 230 1213
5074 4 2 7 1 1120 1393 1259 1459
5075 4 2 7 1 1229 1070 1460 1571
5076 4 2 7 1 1305 1473 1416 1575
5077 4 2 7 1 868 863 1346 1459
5078 4 2 7 1 491 1298 1328 1598
5079 4 2 7 1 1277 1388 1125 1497
5080 4 2 7 1 1289 1339 1098 1596
5081 4 2 7 1 1085 1297 1202 1388
5082 4 2 7 1 1086 1418 1270 1573
5083 4 2 7 1 1209 1402 1100 1515
5084 4 2 7 1 1085 1181 1297 1388
5085 4 2 7 1 241 185 793 1303
5086 4 2 7 1 203 202 1280 1400
5087 4 2 7 1 621 1196 665 1363
5088 4 2 7 1 541 1183 713 1622
5089 4 2 7 1 1213 1317 1148 1642
5090 4 2 7 1 711 682 1175 1517
5091 4 2 7 1 274 1470 1231 1590
5092 4 2 7 1 1144 1333 1173 1437
5093 4 2 7 1 510 1616 1147 1617
5094 4 2 7 1 1031 1257 1456 1636
5095 4 2 7 1 810 1493 1311 1608
5096 4 2 7 1 1032 1030 910 1208
5097 4 2 7 1 953 952 1265 1599
5098 4 2 7 1 891 849 739 1180
5099 4 2 7 1 778 1195 1309 1629
5100 4 2 7 1 1216 1418 1389 1531
5101 4 2 7 1 1244 1323 1138 1438
5102 4 2 7 1 1159 1369 1325 1549
5103 4 2 7 1 1133 1418 1216 1531
5104 4 2 7 1 291 292 1201 1624
5105 4 2 7 1 1119 1437 1171 1623
5106 4 2 7 1 1039 965 966 1641
5107 4 2 7 1 526 458 479 1166
5108 4 2 7 1 1081 1494 1191 1522
5109 4 2 7 1 578 576 1287 1350
5110 4 2 7 1 976 1082 1052 1570
5111 4 2 7 1 1100 1260 1209 1515
5112 4 2 7 1 1120 1346 1393 1459
5113 4 2 7 1 1127 1446 1302 1581
5114 4 2 7 1 393 392 394 1364
5115 4 2 7 1 421 419 1321 1411
5116 4 2 7 1 1166 1426 1071 1566
5117 4 2 7 1 1073 1371 1261 1575
5118 4 2 7 1 776 1198 873 1639
5119 4 2 7 1 487 1205 420 1585
5120 4 2 7 1 1305 1409 1348 1451
5121 4 2 7 1 772 776 1198 1361
5122 4 2 7 1 1268 1343 1152 1366
5123 4 2 7 1 925 1218 1011 1444
5124 4 2 7 1 877 1329 795 1544
5125 4 2 7 1 1151 1455 1222 1535
5126 4 2 7 1 1320 1401 1135 1429
5127 4 2 7 1 1076 1171 1375 1437
5128 4 2 7 1 379 503 421 1381
5129 4 2 7 1 227 1273 330 1488
5130 4 2 7 1 760 762 1234 1370
5131 4 2 7 1 1076 1437 1375 1529
5132 4 2 7 1 1096 1269 1206 1583
5133 4 2 7 1 824 1255 830 1507
5134 4 2 7 1 1310 1334 1105 1578
5135 4 2 7 1 1105 1578 1334 1584
5136 4 2 7 1 1009 1202 951 1388
5137 4 2 7 1 1059 1330 1169 1474
5138 4 2 7 1 1243 1313 1139 1466
5139 4 2 7 1 1363 1426 1197 1443
5140 4 2 7 1 1094 1303 1226 1597
5141 4 2 7 1 1067 1484 1209 1500
5142 4 2 7 1 1113 1561 1279 1610
5143 4 2 7 1 1279 1114 1351 1540
5144 4 2 7 1 1029 1010 981 1639
5145 4 2 7 1 1173 1067 1472 1555
5146 4 2 7 1 1105 1542 1232 1584
5147 4 2 7 1 1113 1164 1281 1557
5148 4 2 7 1 1012 1170 963 1454
5149 4 2 7 1 843 1199 842 1534
5150 4 2 7 1 474 473 1199 1534
5151 4 2 7 1 560 192 1382 1532
5152 4 2 7 1 610 1321 612 1381
5153 4 2 7 1 1263 1278 272 1535
5154 4 2 7 1 1023 935 1413 1458
5155 4 2 7 1 624 367 551 1468
5156 4 2 7 1 1115 1392 1391 1403
5157 4 2 7 1 1039 966 1435 1641
5158 4 2 7 1 1107 1315 1291 1503
5159 4 2 7 1 998 912 1220 1441
5160 4 2 7 1 1111 1321 1465 1499
5161 4 2 7 1 1151 1366 1263 1535
5162 4 2 7 1 1119 1529 1173 1555
5163 4 2 7 1 1085 1181 1277 1643
5164 4 2 7 1 1151 1349 1263 1366
5165 4 2 7 1 933 1237 937 1547
5166 4 2 7 1 460 530 1184 1324
5167 4 2 7 1 1147 1524 694 1616
5168 4 2 7 1 847 255 739 1470
5169 4 2 7 1 1112 1297 1243 1313
5170 4 2 7 1 1170 1416 1223 1626
5171 4 2 7 1 1232 1542 1154 1584
5172 4 2 7 1 1160 1448 1097 1576
5173 4 2 7 1 535 1314 418 1411
5174 4 2 7 1 557 240 189 1344
5175 4 2 7 1 664 643 665 1363
5176 4 2 7 1 1142 1385 1343 1436
5177 4 2 7 1 870 804 1242 1471
5178 4 2 7 1 1167 1231 1071 1559
5179 4 2 7 1 1229 1315 1129 1571
5180 4 2 7 1 525 1329 1309 1460
5181 4 2 7 1 1076 1173 1437 1529
5182 4 2 7 1 1139 1466 1313 1580
5183 4 2 7 1 1184 1324 1118 1356
5184 4 2 7 1 445 1438 446 1625
5185 4 2 7 1 1346 1428 1126 1604
5186 4 2 7 1 1062 1341 1351 1540
5187 4 2 7 1 1150 1166 1426 1516
5188 4 2 7 1 1081 1158 1316 1385
5189 4 2 7 1 509 426 1329 1460
5190 4 2 7 1 316 211 1162 1445
5191 4 2 7 1 940 942 938 1293
5192 4 2 7 1 504 1335 462 1539
5193 4 2 7 1 1062 1351 1332 1540
5194 4 2 7 1 1182 1352 923 1444
5195 4 2 7 1 1156 1307 1241 1373
5196 4 2 7 1 1232 1464 814 1584
5197 4 2 7 1 878 1527 1147 1617
5198 4 2 7 1 1187 1402 1206 1515
5199 4 2 7 1 1123 1152 1366 1530
5200 4 2 7 1 1111 1383 1276 1475
5201 4 2 7 1 711 1175 682 1457
5202 4 2 7 1 1103 1295 1392 1495
5203 4 2 7 1 1146 1271 1219 1475
5204 4 2 7 1 1266 1375 1171 1511
5205 4 2 7 1 1198 1108 1361 1456
5206 4 2 7 1 208 207 209 1266
5207 4 2 7 1 828 1179 829 1377
5208 4 2 7 1 1065 1160 1277 1576
5209 4 2 7 1 1148 1213 1573 1576
5210 4 2 7 1 1135 1282 1357 1612
5211 4 2 7 1 1089 1193 1239 1508
5212 4 2 7 1 715 92 531 695
5213 4 2 7 1 401 1499 1219 1585
5214 4 2 7 1 1181 1085 1277 1388
5215 4 2 7 1 1206 1434 1187 1489
5216 4 2 7 1 1043 911 503 1314
5217 4 2 7 1 1158 1431 1210 1513
5218 4 2 7 1 1096 1269 1173 1472
5219 4 2 7 1 1081 1343 1385 1436
5220 4 2 7 1 1147 1527 510 1617
5221 4 2 7 1 179 1185 290 1624
5222 4 2 7 1 228 350 227 1336
5223 4 2 7 1 1081 1316 1158 1397
5224 4 2 7 1 1084 1435 1200 1598
5225 4 2 7 1 779 868 1346 1629
5226 4 2 7 1 959 1003 957 1541
5227 4 2 7 1 1069 1319 1193 1469
5228 4 2 7 1 1149 1088 1286 1488
5229 4 2 7 1 1183 1078 1278 1408
5230 4 2 7 1 1209 1484 1402 1515
5231 4 2 7 1 320 1189 1504 1558
5232 4 2 7 1 645 1440 1362 1505
5233 4 2 7 1 535 503 366 1314
5234 4 2 7 1 1289 1627 685 1637
5235 4 2 7 1 366 503 911 1314
5236 4 2 7 1 1066 1177 1414 1623
5237 4 2 7 1 1332 1351 1114 1540
5238 4 2 7 1 986 1390 1014 1591
5239 4 2 7 1 862 884 829 1377
5240 4 2 7 1 443 445 446 1625
5241 4 2 7 1 570 1247 668 1518
5242 4 2 7 1 836 1260 835 1613
5243 4 2 7 1 1254 1368 1214 1644
5244 4 2 7 1 479 1166 458 1516
5245 4 2 7 1 1099 1387 1210 1525
5246 4 2 7 1 1082 1245 1420 1424
5247 4 2 7 1 1401 1529 1135 1612
5248 4 2 7 1 704 621 665 1363
5249 4 2 7 1 1219 1271 1087 1475
5250 4 2 7 1 211 1375 1162 1445
5251 4 2 7 1 1111 1205 1475 1499
5252 4 2 7 1 1201 1542 1154 1603
5253 4 2 7 1 1089 1536 1175 1628
5254 4 2 7 1 429 556 372 1524
5255 4 2 7 1 255 847 729 1470
5256 4 2 7 1 1163 1350 1116 1440
5257 4 2 7 1 192 246 1382 1532
5258 4 2 7 1 187 306 339 1180
5259 4 2 7 1 1030 1013 1345 1588
5260 4 2 7 1 1182 1352 706 1637
5261 4 2 7 1 1245 1108 1456 1630
5262 4 2 7 1 1162 1375 1119 1529
5263 4 2 7 1 1240 1267 1106 1347
5264 4 2 7 1 1219 1276 1146 1475
5265 4 2 7 1 444 1230 442 1539
5266 4 2 7 1 909 1008 1046 1477
5267 4 2 7 1 1069 1386 1469 1508
5268 4 2 7 1 1065 1418 1301 1448
5269 4 2 7 1 494 1356 516 1449
5270 4 2 7 1 1099 1397 1191 1522
5271 4 2 7 1 405 501 360 1233
5272 4 2 7 1 626 670 1331 1335
5273 4 2 7 1 1096 1173 1269 1406
5274 4 2 7 1 1151 1455 1201 1542
5275 4 2 7 1 872 839 1310 1334
5276 4 2 7 1 1156 1372 1207 1489
5277 4 2 7 1 1214 1254 1113 1610
5278 4 2 7 1 552 670 470 1331
5279 4 2 7 1 335 309 176 1265
5280 4 2 7 1 604 557 606 1528
5281 4 2 7 1 1179 1377 1137 1459
5282 4 2 7 1 313 285 272 1278
5283 4 2 7 1 612 1381 1321 1596
5284 4 2 7 1 1130 1225 1282 1340
5285 4 2 7 1 241 793 741 1303
5286 4 2 7 1 1115 1391 1360 1631
5287 4 2 7 1 1210 1387 1193 1525
5288 4 2 7 1 1245 1424 974 1456
5289 4 2 7 1 1211 1108 1420 1630
5290 4 2 7 1 1158 1246 1565 1632
5291 4 2 7 1 1238 1442 790 1589
5292 4 2 7 1 1146 1337 1276 1358
5293 4 2 7 1 1094 1188 1342 1442
5294 4 2 7 1 626 1335 1331 1602
5295 4 2 7 1 903 734 1208 1640
5296 4 2 7 1 1089 1175 1362 1628
5297 4 2 7 1 1194 1096 1319 1554
5298 4 2 7 1 443 1230 445 1625
5299 4 2 7 1 1211 768 1544 1621
5300 4 2 7 1 393 1364 1249 1452
5301 4 2 7 1 593 592 588 1627
5302 4 2 7 1 722 1010 860 1639
5303 4 2 7 1 417 1276 416 1411
5304 4 2 7 1 1203 1374 430 1527
5305 4 2 7 1 1165 1399 1216 1609
5306 4 2 7 1 849 891 805 1471
5307 4 2 7 1 1263 1349 1153 1408
5308 4 2 7 1 797 1211 768 1544
5309 4 2 7 1 1098 1182 1417 1575
5310 4 2 7 1 1095 1228 1536 1593
5311 4 2 7 1 681 713 1396 1622
5312 4 2 7 1 324 1247 180 1439
5313 4 2 7 1 1102 1404 1354 1537
5314 4 2 7 1 1107 1393 1195 1398
5315 4 2 7 1 1398 1428 534 1577
5316 4 2 7 1 967 1254 1435 1641
5317 4 2 7 1 1441 1506 984 1592
5318 4 2 7 1 1218 1160 1506 1591
5319 4 2 7 1 841 902 875 1604
5320 4 2 7 1 658 659 646 1476
5321 4 2 7 1 1010 860 1639 1640
5322 4 2 7 1 998 1220 984 1441
5323 4 2 7 1 1110 1379 1220 1506
5324 4 2 7 1 1076 1375 1266 1612
5325 4 2 7 1 1155 1106 1537 1582
5326 4 2 7 1 1166 1331 479 1539
5327 4 2 7 1 1418 1065 1573 1576
5328 4 2 7 1 1108 1257 1281 1540
5329 4 2 7 1 928 931 1454 1543
5330 4 2 7 1 475 363 731 1312
5331 4 2 7 1 880 853 1304 1374
5332 4 2 7 1 1188 1342 1442 1509
5333 4 2 7 1 1089 1239 1192 1536
5334 4 2 7 1 762 1234 1370 1550
5335 4 2 7 1 768 1211 797 1621
5336 4 2 7 1 1151 1542 1201 1603
5337 4 2 7 1 707 665 621 1196
5338 4 2 7 1 1108 1281 1257 1600
5339 4 2 7 1 1165 1410 1384 1609
5340 4 2 7 1 1375 1437 1119 1529
5341 4 2 7 1 1175 1089 1251 1536
5342 4 2 7 1 240 557 609 1344
5343 4 2 7 1 683 601 600 1253
5344 4 2 7 1 1098 1416 1473 1575
5345 4 2 7 1 1130 1333 1225 1391
5346 4 2 7 1 1241 1307 1154 1373
5347 4 2 7 1 1195 1393 1126 1398
5348 4 2 7 1 1135 1401 1357 1429
5349 4 2 7 1 1104 1181 1237 1432
5350 4 2 7 1 804 803 802 1306
5351 4 2 7 1 1295 1392 1104 1543
5352 4 2 7 1 421 535 418 1411
5353 4 2 7 1 354 1200 979 1635
5354 4 2 7 1 1064 1305 1348 1473
5355 4 2 7 1 969 970 1041 1233
5356 4 2 7 1 731 844 475 1312
5357 4 2 7 1 1169 1096 1469 1502
5358 4 2 7 1 989 1022 988 1497
5359 4 2 7 1 244 1563 1226 1597
5360 4 2 7 1 1120 1291 1338 1482
5361 4 2 7 1 1009 1202 1388 1477
5362 4 2 7 1 1169 1319 1469 1554
5363 4 2 7 1 1354 1419 1240 1559
5364 4 2 7 1 473 363 474 1199
5365 4 2 7 1 731 842 843 1199
5366 4 2 7 1 1128 1288 1272 1341
5367 4 2 7 1 1040 1202 1009 1477
5368 4 2 7 1 1391 1403 1130 1631
5369 4 2 7 1 1130 1333 1391 1631
5370 4 2 7 1 1079 1294 1520 1624
5371 4 2 7 1 1200 1435 1084 1641
5372 4 2 7 1 607 675 581 1261
5373 4 2 7 1 1418 1448 1065 1576
5374 4 2 7 1 209 1266 207 1375
5375 4 2 7 1 483 508 1476 1523
5376 4 2 7 1 339 1180 306 1590
5377 4 2 7 1 812 814 1232 1608
5378 4 2 7 1 1078 1349 1263 1408
5379 4 2 7 1 1109 1161 1314 1579
5380 4 2 7 1 1033 1245 974 1456
5381 4 2 7 1 1173 1529 1333 1556
5382 4 2 7 1 812 815 814 1608
5383 4 2 7 1 998 984 912 1441
5384 4 2 7 1 504 1331 470 1335
5385 4 2 7 1 552 470 361 1331
5386 4 2 7 1 420 1499 401 1585
5387 4 2 7 1 1098 1416 1383 1473
5388 4 2 7 1 1071 1240 1189 1267
5389 4 2 7 1 1237 1104 1392 1543
5390 4 2 7 1 699 608 602 1441
5391 4 2 7 1 1253 1133 1418 1448
5392 4 2 7 1 1115 1403 1391 1631
5393 4 2 7 1 278 284 1450 1535
5394 4 2 7 1 1078 1343 1268 1366
5395 4 2 7 1 656 691 1283 1533
5396 4 2 7 1 1078 1263 1349 1366
5397 4 2 7 1 1109 1314 1161 1411
5398 4 2 7 1 1222 1240 1189 1559
5399 4 2 7 1 754 1594 753 1607
5400 4 2 7 1 1362 1440 1116 1505
5401 4 2 7 1 343 281 332 1367
5402 4 2 7 1 626 649 1335 1602
5403 4 2 7 1 1062 1281 1341 1540
5404 4 2 7 1 403 398 491 1298
5405 4 2 7 1 923 1182 922 1637
5406 4 2 7 1 1245 1420 887 1514
5407 4 2 7 1 1079 1373 1349 1603
5408 4 2 7 1 964 1170 1012 1641
5409 4 2 7 1 973 1279 994 1636
5410 4 2 7 1 1060 1192 1434 1483
5411 4 2 7 1 824 826 822 1255
5412 4 2 7 1 529 357 1191 1553
5413 4 2 7 1 671 1389 1252 1519
5414 4 2 7 1 376 430 1374 1527
5415 4 2 7 1 1030 1345 1208 1588
5416 4 2 7 1 423 1358 1200 1598
5417 4 2 7 1 824 821 830 1255
5418 4 2 7 1 647 1450 653 1530
5419 4 2 7 1 928 1454 1021 1626
5420 4 2 7 1 249 251 328 1250
5421 4 2 7 1 427 406 519 1290
5422 4 2 7 1 1222 1455 1151 1542
5423 4 2 7 1 200 303 1252 1400
5424 4 2 7 1 1343 1366 1142 1436
5425 4 2 7 1 1175 1457 1414 1517
5426 4 2 7 1 335 243 1265 1597
5427 4 2 7 1 1060 1193 1513 1583
5428 4 2 7 1 1029 1010 1639 1640
5429 4 2 7 1 510 1524 1147 1616
5430 4 2 7 1 324 299 180 1247
5431 4 2 7 1 409 400 404 1315
5432 4 2 7 1 318 296 183 1196
5433 4 2 7 1 1171 1437 1384 1623
5434 4 2 7 1 1162 1336 1088 1401
5435 4 2 7 1 1124 1293 1217 1588
5436 4 2 7 1 200 1400 1252 1634
5437 4 2 7 1 910 1032 1208 1640
5438 4 2 7 1 898 1459 1179 1604
5439 4 2 7 1 361 478 552 1468
5440 4 2 7 1 1094 1345 1265 1599
5441 4 2 7 1 1079 1372 1187 1568
5442 4 2 7 1 830 843 842 1534
5443 4 2 7 1 474 461 473 1534
5444 4 2 7 1 1177 1526 314 1548
5445 4 2 7 1 1023 935 934 1413
5446 4 2 7 1 780 721 1195 1428
5447 4 2 7 1 1193 1483 1192 1583
5448 4 2 7 1 795 1058 794 1322
5449 4 2 7 1 1116 1190 1508 1545
5450 4 2 7 1 1117 1348 1305 1473
5451 4 2 7 1 598 575 586 1216
5452 4 2 7 1 510 521 1616 1617
5453 4 2 7 1 661 1204 648 1553
5454 4 2 7 1 1096 1193 1319 1469
5455 4 2 7 1 1105 1354 1232 1542
5456 4 2 7 1 1219 1475 1205 1499
5457 4 2 7 1 1228 1536 1192 1552
5458 4 2 7 1 1276 1337 1109 1358
5459 4 2 7 1 671 1389 572 1399
5460 4 2 7 1 1113 1254 1351 1561
5461 4 2 7 1 630 631 1347 1530
5462 4 2 7 1 1069 1501 1178 1549
5463 4 2 7 1 1216 1270 1083 1609
5464 4 2 7 1 351 331 182 1248
5465 4 2 7 1 271 1227 277 1467
5466 4 2 7 1 586 598 1216 1531
5467 4 2 7 1 1317 1614 1148 1642
5468 4 2 7 1 700 1362 711 1505
5469 4 2 7 1 1088 1357 1401 1429
5470 4 2 7 1 1209 1377 1137 1484
5471 4 2 7 1 1023 942 1025 1458
5472 4 2 7 1 1216 1350 1165 1609
5473 4 2 7 1 799 744 1462 1490
5474 4 2 7 1 593 706 592 1182
5475 4 2 7 1 291 279 292 1624
5476 4 2 7 1 1144 1173 1406 1437
5477 4 2 7 1 358 420 488 1205
5478 4 2 7 1 1116 1440 1350 1505
5479 4 2 7 1 442 444 443 1230
5480 4 2 7 1 1091 1192 1269 1552
5481 4 2 7 1 1295 1454 1103 1543
5482 4 2 7 1 800 1374 1121 1490
5483 4 2 7 1 1116 1362 1190 1440
5484 4 2 7 1 1176 346 1481 1574
5485 4 2 7 1 1173 1269 1119 1555
5486 4 2 7 1 1228 1434 1192 1483
5487 4 2 7 1 596 594 1262 1430
5488 4 2 7 1 1071 1559 1354 1566
5489 4 2 7 1 1185 1491 1079 1624
5490 4 2 7 1 527 516 465 1356
5491 4 2 7 1 1105 1455 1222 1542
5492 4 2 7 1 1354 1404 1232 1542
5493 4 2 7 1 1150 1166 1425 1566
5494 4 2 7 1 1245 1420 1108 1630
5495 4 2 7 1 955 1030 953 1589
5496 4 2 7 1 643 625 674 1363
5497 4 2 7 1 1135 1357 1318 1429
5498 4 2 7 1 449 447 456 1316
5499 4 2 7 1 704 621 1363 1443
5500 4 2 7 1 1123 1278 1366 1535
5501 4 2 7 1 536 1304 853 1374
5502 4 2 7 1 280 257 1334 1605
5503 4 2 7 1 1104 1237 1392 1432
5504 4 2 7 1 1279 1458 994 1636
5505 4 2 7 1 875 1507 1365 1604
5506 4 2 7 1 1170 1103 1368 1572
5507 4 2 7 1 1173 1472 1269 1555
5508 4 2 7 1 455 1512 1246 1620
5509 4 2 7 1 694 1532 1147 1618
5510 4 2 7 1 1086 1171 1384 1400
5511 4 2 7 1 246 1462 188 1490
5512 4 2 7 1 273 271 275 1467
5513 4 2 7 1 549 596 698 1262
5514 4 2 7 1 1279 1458 1113 1610
5515 4 2 7 1 1278 1530 1268 1622
5516 4 2 7 1 423 354 1200 1453
5517 4 2 7 1 637 1235 646 1494
5518 4 2 7 1 867 1442 1303 1509
5519 4 2 7 1 1175 682 1457 1517
5520 4 2 7 1 1154 1232 1404 1542
5521 4 2 7 1 1023 934 938 1601
5522 4 2 7 1 1106 1335 1539 1582
5523 4 2 7 1 780 1346 781 1428
5524 4 2 7 1 1190 1362 1116 1508
5525 4 2 7 1 870 1242 735 1510
5526 4 2 7 1 1061 1357 1282 1580
5527 4 2 7 1 1209 1260 1100 1613
5528 4 2 7 1 231 236 217 1258
5529 4 2 7 1 414 422 396 1358
5530 4 2 7 1 107 854 736 486
5531 4 2 7 1 1302 1361 1141 1621
5532 4 2 7 1 275 276 273 1367
5533 4 2 7 1 483 1546 1283 1633
5534 4 2 7 1 1209 1447 758 1594
5535 4 2 7 1 829 1377 1179 1459
5536 4 2 7 1 1088 1336 1286 1488
5537 4 2 7 1 785 1188 786 1442
5538 4 2 7 1 331 308 182 1477
5539 4 2 7 1 389 527 498 1178
5540 4 2 7 1 1180 1093 1426 1590
5541 4 2 7 1 1197 1363 674 1468
5542 4 2 7 1 1208 1345 1124 1588
5543 4 2 7 1 507 1365 1512 1577
5544 4 2 7 1 307 1355 1317 1614
5545 4 2 7 1 1111 1161 1321 1411
5546 4 2 7 1 736 439 368 1285
5547 4 2 7 1 1211 1420 1168 1544
5548 4 2 7 1 253 806 744 1462
5549 4 2 7 1 658 547 659 1191
5550 4 2 7 1 1085 1313 1297 1643
5551 4 2 7 1 783 1188 1509 1581
5552 4 2 7 1 684 580 1163 1440
5553 4 2 7 1 1166 1106 1331 1539
5554 4 2 7 1 1483 1522 1157 1538
5555 4 2 7 1 596 1262 1296 1430
5556 4 2 7 1 675 1261 607 1407
5557 4 2 7 1 1113 1341 1351 1644
5558 4 2 7 1 1059 1474 1169 1502
5559 4 2 7 1 942 1031 1025 1257
5560 4 2 7 1 445 1438 1230 1582
5561 4 2 7 1 1203 1382 1121 1490
5562 4 2 7 1 1200 1598 1435 1635
5563 4 2 7 1 831 1334 1578 1584
5564 4 2 7 1 1063 1587 1366 1603
5565 4 2 7 1 1034 974 1245 1424
5566 4 2 7 1 1090 1300 1194 1380
5567 4 2 7 1 1020 1561 1254 1610
5568 4 2 7 1 1097 1344 1253 1528
5569 4 2 7 1 1323 1385 1142 1436
5570 4 2 7 1 783 1188 785 1509
5571 4 2 7 1 577 578 576 1287
5572 4 2 7 1 385 1546 483 1633
5573 4 2 7 1 1230 443 1425 1625
5574 4 2 7 1 540 1283 1476 1521
5575 4 2 7 1 278 1222 261 1535
5576 4 2 7 1 1114 1561 1233 1570
5577 4 2 7 1 1201 1294 1079 1624
5578 4 2 7 1 1011 1218 1506 1591
5579 4 2 7 1 973 994 1025 1636
5580 4 2 7 1 1045 954 914 1265
5581 4 2 7 1 320 1504 295 1558
5582 4 2 7 1 955 918 1038 1238
5583 4 2 7 1 699 719 550 1220
5584 4 2 7 1 854 359 106 727
5585 4 2 7 1 878 743 1527 1617
5586 4 2 7 1 599 600 601 1253
5587 4 2 7 1 878 889 743 1617
5588 4 2 7 1 837 825 838 1491
5589 4 2 7 1 574 711 682 1457
5590 4 2 7 1 424 1321 499 1465
5591 4 2 7 1 910 1208 1030 1589
5592 4 2 7 1 867 788 1303 1442
5593 4 2 7 1 416 499 1411 1499
5594 4 2 7 1 1060 1434 1228 1483
5595 4 2 7 1 287 172 1284 1415
5596 4 2 7 1 483 1476 1283 1523
5597 4 2 7 1 1236 1097 1344 1487
5598 4 2 7 1 599 600 1253 1531
5599 4 2 7 1 555 1196 707 1638
5600 4 2 7 1 752 855 856 1273
5601 4 2 7 1 307 224 238 1317
5602 4 2 7 1 1101 1512 1485 1632
5603 4 2 7 1 1098 1417 1215 1575
5604 4 2 7 1 1150 1285 1493 1566
5605 4 2 7 1 1227 1402 1100 1467
5606 4 2 7 1 1267 1347 629 1602
5607 4 2 7 1 524 708 562 1479
5608 4 2 7 1 359 854 106 486
5609 4 2 7 1 431 430 1359 1374
5610 4 2 7 1 736 808 439 1285
5611 4 2 7 1 667 17 298 548
5612 4 2 7 1 478 624 552 1468
5613 4 2 7 1 1197 1093 1426 1427
5614 4 2 7 1 442 1230 443 1425
5615 4 2 7 1 1068 1551 1393 1586
5616 4 2 7 1 256 1231 1310 1605
5617 4 2 7 1 1349 1373 1142 1603
5618 4 2 7 1 935 932 1413 1610
5619 4 2 7 1 1106 1335 1331 1539
5620 4 2 7 1 783 786 1188 1446
5621 4 2 7 1 994 1458 1025 1636
5622 4 2 7 1 1196 1426 1093 1590
5623 4 2 7 1 1271 1348 1087 1475
5624 4 2 7 1 1069 1387 1178 1501
5625 4 2 7 1 1121 1374 1203 1490
5626 4 2 7 1 1101 1485 1512 1551
5627 4 2 7 1 199 304 14 568
5628 4 2 7 1 420 1205 1499 1585
5629 4 2 7 1 778 780 721 1195
5630 4 2 7 1 399 1229 428 1460
5631 4 2 7 1 1022 1388 1016 1390
5632 4 2 7 1 1022 1388 988 1497
5633 4 2 7 1 1214 1413 932 1610
5634 4 2 7 1 227 226 1336 1488
5635 4 2 7 1 816 818 825 1307
5636 4 2 7 1 1047 366 911 1453
5637 4 2 7 1 478 552 80 361
5638 4 2 7 1 568 304 14 672
5639 4 2 7 1 1230 1425 442 1539
5640 4 2 7 1 512 435 433 1212
5641 4 2 7 1 324 1247 1439 1548
5642 4 2 7 1 1375 1445 1266 1612
5643 4 2 7 1 540 1476 646 1521
5644 4 2 7 1 315 235 1344 1487
5645 4 2 7 1 1144 1270 1360 1631
5646 4 2 7 1 605 1389 671 1519
5647 4 2 7 1 1071 1189 1240 1559
5648 4 2 7 1 884 895 834 1377
5649 4 2 7 1 400 397 399 1315
5650 4 2 7 1 770 759 1461 1560
5651 4 2 7 1 707 1196 621 1638
5652 4 2 7 1 415 1276 1219 1499
5653 4 2 7 1 1170 1109 1337 1463
5654 4 2 7 1 1111 1321 1161 1596
5655 4 2 7 1 464 1619 1311 1625
5656 4 2 7 1 677 913 993 1606
5657 4 2 7 1 1171 1384 1280 1623
5658 4 2 7 1 696 618 620 1212
5659 4 2 7 1 1201 1079 1491 1624
5660 4 2 7 1 767 772 859 1361
5661 4 2 7 1 1087 1219 1205 1585
5662 4 2 7 1 323 287 1284 1467
5663 4 2 7 1 433 1304 432 1374
5664 4 2 7 1 1426 1590 1353 1595
5665 4 2 7 1 1150 1425 1166 1516
5666 4 2 7 1 1072 1413 1214 1644
5667 4 2 7 1 1206 1472 1300 1484
5668 4 2 7 1 1139 1567 1433 1599
5669 4 2 7 1 983 1040 1009 1477
5670 4 2 7 1 486 736 107 368
5671 4 2 7 1 1160 1379 1097 1448
5672 4 2 7 1 676 997 1018 1352
5673 4 2 7 1 701 518 610 1381
5674 4 2 7 1 311 316 211 1162
5675 4 2 7 1 1116 1165 1410 1628
5676 4 2 7 1 668 1439 1247 1517
5677 4 2 7 1 954 953 952 1265
5678 4 2 7 1 1223 1383 1109 1579
5679 4 2 7 1 1225 1333 1059 1391
5680 4 2 7 1 417 414 1276 1358
5681 4 2 7 1 373 610 518 1381
5682 4 2 7 1 1413 1458 935 1610
5683 4 2 7 1 284 272 1278 1535
5684 4 2 7 1 1116 1410 1239 1628
5685 4 2 7 1 979 965 1200 1453
5686 4 2 7 1 306 1180 187 1470
5687 4 2 7 1 393 391 1364 1452
5688 4 2 7 1 1078 1593 1183 1622
5689 4 2 7 1 1173 1135 1529 1556
5690 4 2 7 1 1211 1332 1108 1600
5691 4 2 7 1 618 1250 619 1443
5692 4 2 7 1 1165 1066 1410 1628
5693 4 2 7 1 81 624 478 367
5694 4 2 7 1 1071 1558 1189 1559
5695 4 2 7 1 1170 1368 1337 1572
5696 4 2 7 1 479 458 480 1516
5697 4 2 7 1 253 744 188 1462
5698 4 2 7 1 1071 1426 1353 1595
5699 4 2 7 1 870 1471 1242 1510
5700 4 2 7 1 174 240 12 542
5701 4 2 7 1 813 1493 1232 1578
5702 4 2 7 1 1182 1575 1098 1627
5703 4 2 7 1 1282 1357 1132 1580
5704 4 2 7 1 979 965 1039 1200
5705 4 2 7 1 653 641 1530 1622
5706 4 2 7 1 964 1463 1170 1641
5707 4 2 7 1 361 552 1331 1468
5708 4 2 7 1 1284 1415 1100 1467
5709 4 2 7 1 772 774 776 1361
5710 4 2 7 1 268 277 1227 1520
5711 4 2 7 1 455 461 1246 1512
5712 4 2 7 1 874 748 301 1274
5713 4 2 7 1 765 1446 783 1581
5714 4 2 7 1 1104 1295 1218 1495
5715 4 2 7 1 1065 1448 1160 1576
5716 4 2 7 1 1215 1223 1098 1416
5717 4 2 7 1 447 1244 448 1438
5718 4 2 7 1 1011 1218 925 1592
5719 4 2 7 1 280 1334 292 1455
5720 4 2 7 1 1121 1382 247 1490
5721 4 2 7 1 1003 1161 1381 1606
5722 4 2 7 1 932 1413 1214 1543
5723 4 2 7 1 1080 1199 1376 1565
5724 4 2 7 1 1078 1278 1268 1622
5725 4 2 7 1 1326 1403 1301 1495
5726 4 2 7 1 770 1461 1224 1560
5727 4 2 7 1 931 1214 1024 1454
5728 4 2 7 1 646 1235 640 1521
5729 4 2 7 1 239 1202 338 1477
5730 4 2 7 1 508 467 529 1476
5731 4 2 7 1 1063 1542 1587 1603
5732 4 2 7 1 212 1511 208 1614
5733 4 2 7 1 1263 1278 1078 1408
5734 4 2 7 1 483 1523 1283 1546
5735 4 2 7 1 1120 1346 1195 1393
5736 4 2 7 1 1172 1137 1320 1500
5737 4 2 7 1 667 1247 298 1518
5738 4 2 7 1 668 692 1439 1517
5739 4 2 7 1 833 1608 1311 1619
5740 4 2 7 1 804 802 880 1304
5741 4 2 7 1 848 847 849 1470
5742 4 2 7 1 1094 1303 1238 1442
5743 4 2 7 1 472 1365 507 1577
5744 4 2 7 1 1370 1459 764 1550
5745 4 2 7 1 599 1531 1253 1615
5746 4 2 7 1 227 225 226 1488
5747 4 2 7 1 569 571 570 1457
5748 4 2 7 1 1196 1093 1443 1638
5749 4 2 7 1 1145 1272 1225 1395
5750 4 2 7 1 487 383 488 1262
5751 4 2 7 1 1106 1347 1267 1602
5752 4 2 7 1 374 853 536 1304
5753 4 2 7 1 1206 1300 1090 1484
5754 4 2 7 1 411 1398 1195 1428
5755 4 2 7 1 670 470 1331 1335
5756 4 2 7 1 1068 1174 1300 1554
5757 4 2 7 1 548 17 298 180
5758 4 2 7 1 800 799 740 1374
5759 4 2 7 1 651 1251 652 1517
5760 4 2 7 1 786 883 787 1208
5761 4 2 7 1 967 1254 968 1435
5762 4 2 7 1 183 318 1196 1638
5763 4 2 7 1 1105 1559 1542 1587
5764 4 2 7 1 954 918 955 1238
5765 4 2 7 1 479 1331 1166 1468
5766 4 2 7 1 1112 1432 1237 1547
5767 4 2 7 1 236 315 174 1519
5768 4 2 7 1 683 605 542 1519
5769 4 2 7 1 763 1234 762 1550
5770 4 2 7 1 389 1178 498 1546
5771 4 2 7 1 1095 1408 1264 1593
5772 4 2 7 1 1106 1166 1419 1539
5773 4 2 7 1 1000 999 919 1236
5774 4 2 7 1 1338 1544 768 1621
5775 4 2 7 1 816 817 1241 1464
5776 4 2 7 1 1164 1281 1257 1458
5777 4 2 7 1 880 800 853 1374
5778 4 2 7 1 1228 1483 1157 1538
5779 4 2 7 1 1060 1513 1194 1583
5780 4 2 7 1 558 618 617 1250
5781 4 2 7 1 299 1247 324 1548
5782 4 2 7 1 780 781 902 1428
5783 4 2 7 1 580 678 1350 1440
5784 4 2 7 1 679 684 595 1296
5785 4 2 7 1 303 304 1252 1519
5786 4 2 7 1 672 671 1252 1519
5787 4 2 7 1 958 956 1417 1541
5788 4 2 7 1 641 1268 1530 1622
5789 4 2 7 1 1070 1168 1460 1544
5790 4 2 7 1 1206 1489 1194 1583
5791 4 2 7 1 1228 1483 1192 1536
5792 4 2 7 1 434 433 435 1427
5793 4 2 7 1 302 280 257 1334
5794 4 2 7 1 960 958 1006 1223
5795 4 2 7 1 626 649 670 1335
5796 4 2 7 1 624 552 80 478
5797 4 2 7 1 1077 1302 1405 1412
5798 4 2 7 1 1147 1524 510 1527
5799 4 2 7 1 569 1399 571 1457
5800 4 2 7 1 522 1200 354 1635
5801 4 2 7 1 671 569 1252 1399
5802 4 2 7 1 1064 1416 1337 1572
5803 4 2 7 1 955 1238 1038 1589
5804 4 2 7 1 1280 1414 1177 1623
5805 4 2 7 1 1031 1025 1257 1636
5806 4 2 7 1 192 622 245 1532
5807 4 2 7 1 1236 1248 1097 1487
5808 4 2 7 1 719 1220 603 1528
5809 4 2 7 1 1386 1508 1069 1545
5810 4 2 7 1 668 548 1247 1439
5811 4 2 7 1 683 1344 604 1528
5812 4 2 7 1 1211 1420 797 1630
5813 4 2 7 1 758 866 895 1209
5814 4 2 7 1 366 1314 911 1453
5815 4 2 7 1 1329 1460 1168 1544
5816 4 2 7 1 240 609 12 542
5817 4 2 7 1 903 883 734 1640
5818 4 2 7 1 1393 1551 1126 1586
5819 4 2 7 1 798 437 740 1527
5820 4 2 7 1 1299 1494 1081 1522
5821 4 2 7 1 388 386 1369 1449
5822 4 2 7 1 1130 1292 1333 1631
5823 4 2 7 1 256 1310 257 1605
5824 4 2 7 1 1113 1214 1413 1644
5825 4 2 7 1 1103 1392 1295 1543
5826 4 2 7 1 661 648 660 1553
5827 4 2 7 1 903 787 1208 1589
5828 4 2 7 1 1225 1135 1395 1556
5829 4 2 7 1 1072 1392 1237 1432
5830 4 2 7 1 326 1147 1462 1532
5831 4 2 7 1 569 1518 539 1634
5832 4 2 7 1 171 1518 200 1634
5833 4 2 7 1 970 1435 968 1561
5834 4 2 7 1 234 1248 351 1487
5835 4 2 7 1 326 1147 1532 1618
5836 4 2 7 1 423 354 522 1200
5837 4 2 7 1 199 200 303 1252
5838 4 2 7 1 568 671 569 1252
5839 4 2 7 1 1139 1297 1243 1599
5840 4 2 7 1 968 967 1020 1254
5841 4 2 7 1 840 1507 830 1534
5842 4 2 7 1 1044 909 1000 1248
5843 4 2 7 1 527 498 1178 1523
5844 4 2 7 1 1094 1226 1342 1580
5845 4 2 7 1 1183 1593 1396 1622
5846 4 2 7 1 1013 941 1345 1588
5847 4 2 7 1 302 257 184 1310
5848 4 2 7 1 1266 1375 209 1445
5849 4 2 7 1 637 640 646 1235
5850 4 2 7 1 1354 1542 1105 1559
5851 4 2 7 1 1151 1366 1587 1603
5852 4 2 7 1 1542 1559 1354 1587
5853 4 2 7 1 1353 1426 1196 1590
5854 4 2 7 1 1224 1461 1172 1560
5855 4 2 7 1 1224 1509 1188 1581
5856 4 2 7 1 1031 975 1025 1636
5857 4 2 7 1 180 1247 548 1439
5858 4 2 7 1 671 586 572 1389
5859 4 2 7 1 656 1283 1521 1533
5860 4 2 7 1 482 540 657 1283
5861 4 2 7 1 81 624 367 551
5862 4 2 7 1 560 622 192 1532
5863 4 2 7 1 440 441 1285 1425
5864 4 2 7 1 1093 1306 1250 1486
5865 4 2 7 1 1033 1034 974 1245
5866 4 2 7 1 1182 1371 1575 1627
5867 4 2 7 1 227 1336 1273 1488
5868 4 2 7 1 376 740 437 1527
5869 4 2 7 1 870 805 804 1471
5870 4 2 7 1 1196 1486 1093 1638
5871 4 2 7 1 274 1231 1353 1590
5872 4 2 7 1 989 1388 1022 1497
5873 4 2 7 1 480 1197 367 1468
5874 4 2 7 1 964 962 963 1463
5875 4 2 7 1 547 659 1191 1553
5876 4 2 7 1 868 764 1459 1550
5877 4 2 7 1 1024 931 932 1214
5878 4 2 7 1 551 1197 674 1468
5879 4 2 7 1 280 175 292 1334
5880 4 2 7 1 1078 1396 1593 1622
5881 4 2 7 1 385 384 1546 1633
5882 4 2 7 1 960 1006 963 1223
5883 4 2 7 1 171 201 200 1518
5884 4 2 7 1 539 569 570 1518
5885 4 2 7 1 923 1444 1352 1592
5886 4 2 7 1 543 649 661 1335
5887 4 2 7 1 373 421 419 1321
5888 4 2 7 1 968 1254 1020 1561
5889 4 2 7 1 422 1358 423 1598
5890 4 2 7 1 974 1456 1424 1636
5891 4 2 7 1 1194 1489 1207 1513
5892 4 2 7 1 811 1493 813 1578
5893 4 2 7 1 1029 1217 1588 1640
5894 4 2 7 1 620 618 619 1443
5895 4 2 7 1 462 1539 1335 1582
5896 4 2 7 1 851 288 172 1284
5897 4 2 7 1 1084 1200 1358 1598
5898 4 2 7 1 1093 1426 1196 1443
5899 4 2 7 1 296 1196 318 1590
5900 4 2 7 1 1060 1187 1372 1568
5901 4 2 7 1 424 419 499 1321
5902 4 2 7 1 1065 1270 1292 1631
5903 4 2 7 1 678 1440 645 1505
5904 4 2 7 1 1017 987 990 1379
5905 4 2 7 1 898 829 1179 1459
5906 4 2 7 1 941 939 943 1423
5907 4 2 7 1 1190 1501 1521 1525
5908 4 2 7 1 416 1411 1276 1499
5909 4 2 7 1 516 494 460 1356
5910 4 2 7 1 1324 1398 495 1577
5911 4 2 7 1 601 599 1253 1615
5912 4 2 7 1 1115 1409 1305 1451
5913 4 2 7 1 1060 1372 1187 1489
5914 4 2 7 1 1214 1413 1237 1543
5915 4 2 7 1 932 1214 931 1543
5916 4 2 7 1 1244 1316 1158 1385
5917 4 2 7 1 263 261 262 1535
5918 4 2 7 1 1071 1240 1419 1559
5919 4 2 7 1 1501 1508 1387 1525
5920 4 2 7 1 585 1221 589 1430
5921 4 2 7 1 1187 1434 1153 1568
5922 4 2 7 1 1206 1067 1402 1555
5923 4 2 7 1 783 1446 1188 1581
5924 4 2 7 1 1182 1417 1215 1444
5925 4 2 7 1 442 1425 443 1625
5926 4 2 7 1 1079 1187 1372 1480
5927 4 2 7 1 480 502 1197 1516
5928 4 2 7 1 1249 1364 1075 1452
5929 4 2 7 1 1229 1460 1315 1571
5930 4 2 7 1 475 104 731 363
5931 4 2 7 1 1047 492 366 1453
5932 4 2 7 1 271 268 277 1227
5933 4 2 7 1 415 1219 401 1499
5934 4 2 7 1 411 353 514 1428
5935 4 2 7 1 780 882 721 1428
5936 4 2 7 1 944 1013 941 1345
5937 4 2 7 1 1190 1508 1501 1525
5938 4 2 7 1 1309 1329 893 1544
5939 4 2 7 1 1157 1522 1343 1538
5940 4 2 7 1 1180 1426 1093 1471
5941 4 2 7 1 744 188 1462 1490
5942 4 2 7 1 635 648 1299 1494
5943 4 2 7 1 765 791 783 1446
5944 4 2 7 1 260 261 278 1222
5945 4 2 7 1 1113 1413 1214 1610
5946 4 2 7 1 45 172 732 851
5947 4 2 7 1 540 482 73 364
5948 4 2 7 1 649 661 1335 1478
5949 4 2 7 1 452 455 461 1246
5950 4 2 7 1 649 1478 1335 1602
5951 4 2 7 1 694 1524 1147 1532
5952 4 2 7 1 1068 1300 1194 1554
5953 4 2 7 1 766 1550 1338 1621
5954 4 2 7 1 878 1462 1147 1527
5955 4 2 7 1 926 929 1295 1591
5956 4 2 7 1 1195 1346 1126 1393
5957 4 2 7 1 1113 1458 1413 1610
5958 4 2 7 1 224 338 239 1202
5959 4 2 7 1 657 1283 691 1633
5960 4 2 7 1 610 373 553 1321
5961 4 2 7 1 1071 1353 1189 1558
5962 4 2 7 1 217 229 1258 1511
5963 4 2 7 1 393 397 500 1249
5964 4 2 7 1 1167 1071 1231 1595
5965 4 2 7 1 569 568 1252 1634
5966 4 2 7 1 199 200 1252 1634
5967 4 2 7 1 965 1200 1453 1463
5968 4 2 7 1 1305 1326 1115 1451
5969 4 2 7 1 475 731 104 844
5970 4 2 7 1 1165 1399 1134 1457
5971 4 2 7 1 540 656 1283 1521
5972 4 2 7 1 1071 1419 1354 1559
5973 4 2 7 1 231 232 1213 1642
5974 4 2 7 1 1032 1030 1208 1588
5975 4 2 7 1 103 842 731 473
5976 4 2 7 1 1124 1243 1345 1466
5977 4 2 7 1 209 1375 211 1445
5978 4 2 7 1 1140 1395 1174 1474
5979 4 2 7 1 1119 1437 1173 1529
5980 4 2 7 1 780 1346 1195 1629
5981 4 2 7 1 556 615 616 1359
5982 4 2 7 1 286 545 23 177
5983 4 2 7 1 1068 1485 1319 1554
5984 4 2 7 1 529 497 357 1553
5985 4 2 7 1 1194 1319 1092 1485
5986 4 2 7 1 491 403 1298 1598
5987 4 2 7 1 840 1365 1507 1534
5988 4 2 7 1 559 705 694 1616
5989 4 2 7 1 1289 1417 956 1541
5990 4 2 7 1 509 1329 525 1460
5991 4 2 7 1 311 1481 346 1574
5992 4 2 7 1 538 676 1018 1352
5993 4 2 7 1 429 372 430 1524
5994 4 2 7 1 1127 1188 1412 1446
5995 4 2 7 1 1017 987 1379 1497
5996 4 2 7 1 1305 1348 1117 1451
5997 4 2 7 1 1060 1431 1538 1568
5998 4 2 7 1 1085 1421 1282 1643
5999 4 2 7 1 302 184 51 839
6000 4 2 7 1 1093 1197 1426 1443
6001 4 2 7 1 1035 940 947 1293
6002 4 2 7 1 1317 1355 1085 1614
6003 4 2 7 1 967 1435 966 1641
6004 4 2 7 1 1092 1356 1275 1620
6005 4 2 7 1 783 786 785 1188
6006 4 2 7 1 1184 1512 1485 1551
6007 4 2 7 1 615 556 614 1524
6008 4 2 7 1 540 646 656 1521
6009 4 2 7 1 502 1427 1197 1516
6010 4 2 7 1 972 1279 1424 1570
6011 4 2 7 1 569 1252 1399 1634
6012 4 2 7 1 1112 1423 1547 1601
6013 4 2 7 1 866 1209 758 1594
6014 4 2 7 1 1093 1250 1212 1443
6015 4 2 7 1 530 459 460 1184
6016 4 2 7 1 668 692 548 1439
6017 4 2 7 1 945 943 1243 1599
6018 4 2 7 1 1104 1392 1295 1495
6019 4 2 7 1 1126 1428 1398 1577
6020 4 2 7 1 598 575 1216 1564
6021 4 2 7 1 1108 1361 1211 1600
6022 4 2 7 1 1141 1302 1234 1405
6023 4 2 7 1 339 306 252 1590
6024 4 2 7 1 780 1195 1346 1428
6025 4 2 7 1 1196 1093 1486 1590
6026 4 2 7 1 1250 1443 1093 1638
6027 4 2 7 1 1078 1183 1278 1622
6028 4 2 7 1 208 1511 1266 1614
6029 4 2 7 1 1162 1445 1375 1612
6030 4 2 7 1 1136 1501 1545 1549
6031 4 2 7 1 299 201 1518 1526
6032 4 2 7 1 402 405 406 1290
6033 4 2 7 1 1127 1405 1302 1412
6034 4 2 7 1 1149 1342 1224 1509
6035 4 2 7 1 1112 1181 1432 1547
6036 4 2 7 1 552 670 79 470
6037 4 2 7 1 1117 1348 1221 1498
6038 4 2 7 1 914 176 1265 1567
6039 4 2 7 1 1209 1131 1500 1594
6040 4 2 7 1 1060 1194 1489 1583
6041 4 2 7 1 949 984 1506 1592
6042 4 2 7 1 827 811 894 1493
6043 4 2 7 1 1085 1277 1421 1643
6044 4 2 7 1 523 434 436 1242
6045 4 2 7 1 1231 1310 1167 1470
6046 4 2 7 1 459 1184 530 1577
6047 4 2 7 1 285 284 272 1278
6048 4 2 7 1 1060 1489 1206 1583
6049 4 2 7 1 237 234 351 1487
6050 4 2 7 1 806 58 253 744
6051 4 2 7 1 1218 1444 925 1592
6052 4 2 7 1 671 1252 1389 1399
6053 4 2 7 1 82 367 438 551
6054 4 2 7 1 1244 1323 1155 1385
6055 4 2 7 1 220 1286 225 1488
6056 4 2 7 1 432 374 536 1304
6057 4 2 7 1 1061 1282 1313 1580
6058 4 2 7 1 1239 1406 1186 1469
6059 4 2 7 1 415 413 401 1219
6060 4 2 7 1 11 557 240 189
6061 4 2 7 1 1151 1222 1542 1587
6062 4 2 7 1 1234 1302 1127 1405
6063 4 2 7 1 578 580 576 1350
6064 4 2 7 1 346 1176 275 1574
6065 4 2 7 1 1222 1105 1542 1587
6066 4 2 7 1 441 1425 442 1625
6067 4 2 7 1 303 236 304 1519
6068 4 2 7 1 672 605 671 1519
6069 4 2 7 1 729 51 184 839
6070 4 2 7 1 433 432 431 1374
6071 4 2 7 1 1141 1338 1550 1621
6072 4 2 7 1 390 387 401 1585
6073 4 2 7 1 1103 1170 1368 1454
6074 4 2 7 1 1369 1449 386 1546
6075 4 2 7 1 1311 1619 1138 1625
6076 4 2 7 1 473 731 103 363
6077 4 2 7 1 786 792 883 1640
6078 4 2 7 1 559 694 1524 1616
6079 4 2 7 1 227 350 181 1607
6080 4 2 7 1 541 713 681 1622
6081 4 2 7 1 428 402 406 1229
6082 4 2 7 1 1102 1311 1285 1493
6083 4 2 7 1 699 1220 550 1441
6084 4 2 7 1 1178 1356 1118 1449
6085 4 2 7 1 1348 1409 1122 1451
6086 4 2 7 1 863 779 868 1346
6087 4 2 7 1 1192 1434 1228 1552
6088 4 2 7 1 1180 1486 1093 1590
6089 4 2 7 1 1067 1472 1206 1484
6090 4 2 7 1 1087 1296 1262 1430
6091 4 2 7 1 1343 1522 1081 1538
6092 4 2 7 1 1222 1559 1105 1587
6093 4 2 7 1 963 1223 1006 1626
6094 4 2 7 1 1087 1205 1262 1585
6095 4 2 7 1 680 1396 1268 1622
6096 4 2 7 1 1194 1060 1489 1513
6097 4 2 7 1 361 552 79 470
6098 4 2 7 1 1119 1375 1171 1437
6099 4 2 7 1 530 1324 495 1577
6100 4 2 7 1 1134 1280 1414 1526
6101 4 2 7 1 1068 1380 1179 1551
6102 4 2 7 1 488 383 70 698
6103 4 2 7 1 42 330 752 856
6104 4 2 7 1 1188 1446 1127 1581
6105 4 2 7 1 186 558 1250 1638
6106 4 2 7 1 209 210 1266 1445
6107 4 2 7 1 402 398 403 1298
6108 4 2 7 1 1166 1425 458 1516
6109 4 2 7 1 1116 1350 1165 1505
6110 4 2 7 1 1109 1463 1223 1579
6111 4 2 7 1 1094 1342 1466 1580
6112 4 2 7 1 1068 1194 1300 1380
6113 4 2 7 1 1116 1440 1190 1545
6114 4 2 7 1 791 777 792 1446
6115 4 2 7 1 1020 1254 967 1610
6116 4 2 7 1 1059 1225 1272 1395
6117 4 2 7 1 1210 1483 1193 1513
6118 4 2 7 1 400 399 404 1315
6119 4 2 7 1 1250 1093 1486 1638
6120 4 2 7 1 926 1011 929 1591
6121 4 2 7 1 979 1200 1039 1635
6122 4 2 7 1 692 652 713 1439
6123 4 2 7 1 629 627 710 1267
6124 4 2 7 1 1255 1380 1101 1507
6125 4 2 7 1 1022 988 1388 1390
6126 4 2 7 1 1052 1082 1028 1492
6127 4 2 7 1 389 1449 1178 1546
6128 4 2 7 1 663 664 665 1504
6129 4 2 7 1 677 544 913 1606
6130 4 2 7 1 1167 1150 1566 1595
6131 4 2 7 1 1190 1521 1235 1525
6132 4 2 7 1 1453 1463 1109 1579
6133 4 2 7 1 1069 1545 1501 1549
6134 4 2 7 1 1305 1117 1473 1575
6135 4 2 7 1 828 829 826 1377
6136 4 2 7 1 1088 1378 1273 1560
6137 4 2 7 1 944 1243 943 1599
6138 4 2 7 1 765 763 859 1302
6139 4 2 7 1 311 1162 211 1481
6140 4 2 7 1 537 596 594 1262
6141 4 2 7 1 1196 1443 621 1638
6142 4 2 7 1 1177 1414 1280 1526
6143 4 2 7 1 372 431 430 1359
6144 4 2 7 1 239 338 170 1477
6145 4 2 7 1 1139 1243 1297 1313
6146 4 2 7 1 704 686 621 1443
6147 4 2 7 1 1096 1469 1319 1554
6148 4 2 7 1 287 277 172 1415
6149 4 2 7 1 1073 1301 1218 1495
6150 4 2 7 1 1176 1467 275 1574
6151 4 2 7 1 545 286 23 655
6152 4 2 7 1 1084 1435 1254 1641
6153 4 2 7 1 872 831 839 1334
6154 4 2 7 1 762 1370 764 1550
6155 4 2 7 1 504 470 462 1335
6156 4 2 7 1 299 1518 1247 1526
6157 4 2 7 1 1071 1231 1558 1559
6158 4 2 7 1 1143 1418 1253 1531
6159 4 2 7 1 778 780 1195 1629
6160 4 2 7 1 217 303 203 1400
6161 4 2 7 1 841 875 1365 1604
6162 4 2 7 1 1011 1506 1218 1592
6163 4 2 7 1 205 204 1280 1562
6164 4 2 7 1 724 356 101 1365
6165 4 2 7 1 250 249 1306 1486
6166 4 2 7 1 627 1267 629 1602
6167 4 2 7 1 297 666 19 173
6168 4 2 7 1 666 541 19 173
6169 4 2 7 1 807 735 870 1242
6170 4 2 7 1 1150 1471 1426 1595
6171 4 2 7 1 644 1521 1190 1533
6172 4 2 7 1 1162 1119 1375 1481
6173 4 2 7 1 1095 1536 1251 1593
6174 4 2 7 1 1017 990 1000 1248
6175 4 2 7 1 1014 1390 1007 1591
6176 4 2 7 1 612 1381 1596 1606
6177 4 2 7 1 1174 1472 1502 1556
6178 4 2 7 1 1144 1406 1186 1410
6179 4 2 7 1 1314 1453 1109 1579
6180 4 2 7 1 1060 1193 1483 1513
6181 4 2 7 1 1143 1389 1418 1531
6182 4 2 7 1 1052 976 1028 1082
6183 4 2 7 1 520 436 502 1516
6184 4 2 7 1 1387 1501 1069 1508
6185 4 2 7 1 630 632 631 1530
6186 4 2 7 1 742 853 374 1304
6187 4 2 7 1 958 1223 960 1541
6188 4 2 7 1 1099 1521 1501 1525
6189 4 2 7 1 237 195 334 1236
6190 4 2 7 1 590 685 1289 1627
6191 4 2 7 1 557 609 11 240
6192 4 2 7 1 1261 1407 1133 1615
6193 4 2 7 1 212 229 1511 1642
6194 4 2 7 1 1061 1313 1282 1340
6195 4 2 7 1 186 697 558 1638
6196 4 2 7 1 1126 1346 1195 1428
6197 4 2 7 1 903 1208 883 1640
6198 4 2 7 1 500 395 1249 1324
6199 4 2 7 1 188 253 58 744
6200 4 2 7 1 1144 1292 1270 1631
6201 4 2 7 1 1100 1187 1480 1515
6202 4 2 7 1 1172 1447 1137 1500
6203 4 2 7 1 782 1224 770 1461
6204 4 2 7 1 334 189 237 1236
6205 4 2 7 1 408 423 522 1200
6206 4 2 7 1 448 447 449 1244
6207 4 2 7 1 1062 1482 1327 1600
6208 4 2 7 1 1029 1639 1217 1640
6209 4 2 7 1 645 1362 700 1505
6210 4 2 7 1 939 936 1015 1547
6211 4 2 7 1 903 790 787 1589
6212 4 2 7 1 950 946 951 1297
6213 4 2 7 1 1236 1344 1097 1528
6214 4 2 7 1 439 108 736 368
6215 4 2 7 1 1098 1575 1371 1627
6216 4 2 7 1 52 184 255 729
6217 4 2 7 1 939 936 1547 1601
6218 4 2 7 1 466 527 1275 1523
6219 4 2 7 1 183 294 25 555
6220 4 2 7 1 787 1442 1208 1589
6221 4 2 7 1 1190 1069 1501 1508
6222 4 2 7 1 798 743 115 1527
6223 4 2 7 1 276 275 346 1176
6224 4 2 7 1 763 762 766 1550
6225 4 2 7 1 828 898 1179 1604
6226 4 2 7 1 1102 1354 1419 1537
6227 4 2 7 1 862 760 757 1447
6228 4 2 7 1 1077 1302 1412 1446
6229 4 2 7 1 1211 1600 1361 1621
6230 4 2 7 1 1138 1311 1608 1619
6231 4 2 7 1 274 306 1470 1590
6232 4 2 7 1 1063 1404 1323 1537
6233 4 2 7 1 544 1289 913 1606
6234 4 2 7 1 384 1369 1262 1585
6235 4 2 7 1 1064 1348 1271 1475
6236 4 2 7 1 826 824 828 1507
6237 4 2 7 1 999 1027 919 1236
6238 4 2 7 1 1371 1473 1117 1575
6239 4 2 7 1 770 782 784 1224
6240 4 2 7 1 818 816 817 1241
6241 4 2 7 1 424 553 373 1321
6242 4 2 7 1 1060 1538 1228 1568
6243 4 2 7 1 790 1442 787 1589
6244 4 2 7 1 1078 1268 1396 1622
6245 4 2 7 1 283 1264 282 1548
6246 4 2 7 1 667 570 668 1518
6247 4 2 7 1 298 299 201 1518
6248 4 2 7 1 241 1238 243 1597
6249 4 2 7 1 186 251 254 1638
6250 4 2 7 1 836 835 876 1613
6251 4 2 7 1 657 691 718 1633
6252 4 2 7 1 1321 1381 1161 1596
6253 4 2 7 1 1177 1367 1562 1623
6254 4 2 7 1 1060 1434 1187 1568
6255 4 2 7 1 1062 1341 1288 1351
6256 4 2 7 1 1230 1155 1438 1537
6257 4 2 7 1 1094 1226 1563 1597
6258 4 2 7 1 230 1213 232 1642
6259 4 2 7 1 1151 1587 1542 1603
6260 4 2 7 1 1180 1306 1093 1486
6261 4 2 7 1 1211 1141 1600 1621
6262 4 2 7 1 215 216 220 1286
6263 4 2 7 1 776 873 890 1639
6264 4 2 7 1 1116 1386 1163 1440
6265 4 2 7 1 1273 1488 1088 1560
6266 4 2 7 1 1087 1262 1205 1430
6267 4 2 7 1 1086 1389 1252 1399
6268 4 2 7 1 1531 1564 1133 1615
6269 4 2 7 1 970 969 968 1435
6270 4 2 7 1 1339 1371 587 1627
6271 4 2 7 1 1098 1383 1223 1541
6272 4 2 7 1 758 884 862 1447
6273 4 2 7 1 225 220 216 1286
6274 4 2 7 1 1098 1473 1371 1575
6275 4 2 7 1 858 1471 870 1510
6276 4 2 7 1 1203 1359 1121 1382
6277 4 2 7 1 1068 1393 1308 1586
6278 4 2 7 1 736 808 108 439
6279 4 2 7 1 957 1289 956 1541
6280 4 2 7 1 1099 1210 1397 1522
6281 4 2 7 1 544 590 685 1289
6282 4 2 7 1 1103 1368 1214 1454
6283 4 2 7 1 1082 1420 1245 1514
6284 4 2 7 1 461 1512 471 1534
6285 4 2 7 1 1254 1561 1113 1610
6286 4 2 7 1 680 1268 641 1622
6287 4 2 7 1 829 828 898 1179
6288 4 2 7 1 562 378 524 1479
6289 4 2 7 1 1346 1459 863 1604
6290 4 2 7 1 331 351 234 1248
6291 4 2 7 1 256 1231 274 1470
6292 4 2 7 1 1081 1191 1397 1522
6293 4 2 7 1 185 40 793 726
6294 4 2 7 1 1211 1544 1338 1621
6295 4 2 7 1 840 1365 875 1507
6296 4 2 7 1 502 367 480 1197
6297 4 2 7 1 1089 1192 1483 1536
6298 4 2 7 1 734 1036 871 1589
6299 4 2 7 1 227 330 169 1488
6300 4 2 7 1 1220 1236 1097 1528
6301 4 2 7 1 1068 1184 1551 1586
6302 4 2 7 1 711 700 650 1362
6303 4 2 7 1 1096 1406 1239 1469
6304 4 2 7 1 1426 1471 1180 1595
6305 4 2 7 1 667 668 1247 1518
6306 4 2 7 1 298 1247 299 1518
6307 4 2 7 1 1151 1366 1535 1587
6308 4 2 7 1 471 1512 1365 1534
6309 4 2 7 1 204 202 205 1280
6310 4 2 7 1 1200 1463 965 1641
6311 4 2 7 1 1178 1387 1275 1523
6312 4 2 7 1 1060 1207 1372 1489
6313 4 2 7 1 1152 1366 1343 1436
6314 4 2 7 1 782 784 1224 1581
6315 4 2 7 1 972 1279 973 1424
6316 4 2 7 1 333 243 241 1238
6317 4 2 7 1 1203 1524 615 1532
6318 4 2 7 1 296 1353 1196 1590
6319 4 2 7 1 1167 1493 1102 1566
6320 4 2 7 1 1095 1177 1414 1552
6321 4 2 7 1 1179 1126 1551 1604
6322 4 2 7 1 898 863 1459 1604
6323 4 2 7 1 1061 1342 1357 1580
6324 4 2 7 1 463 450 474 1394
6325 4 2 7 1 407 1598 408 1635
6326 4 2 7 1 747 1238 790 1589
6327 4 2 7 1 1089 1362 1190 1508
6328 4 2 7 1 862 1370 760 1447
6329 4 2 7 1 280 1334 1455 1605
6330 4 2 7 1 652 1251 639 1396
6331 4 2 7 1 1339 1371 1098 1473
6332 4 2 7 1 346 276 1176 1481
6333 4 2 7 1 430 1524 1203 1527
6334 4 2 7 1 519 405 360 1290
6335 4 2 7 1 218 215 244 1226
6336 4 2 7 1 408 423 1200 1598
6337 4 2 7 1 373 67 610 553
6338 4 2 7 1 419 416 499 1411
6339 4 2 7 1 1286 1357 1132 1612
6340 4 2 7 1 832 843 819 1376
6341 4 2 7 1 675 579 581 1261
6342 4 2 7 1 647 546 653 1450
6343 4 2 7 1 278 284 178 1450
6344 4 2 7 1 1280 1384 1171 1400
6345 4 2 7 1 560 615 622 1532
6346 4 2 7 1 1216 1531 598 1564
6347 4 2 7 1 233 239 331 1477
6348 4 2 7 1 1178 1501 1546 1549
6349 4 2 7 1 678 573 1350 1505
6350 4 2 7 1 407 405 403 1233
6351 4 2 7 1 769 773 1338 1629
6352 4 2 7 1 289 179 47 850
6353 4 2 7 1 658 75 547 481
6354 4 2 7 1 1157 1299 1268 1343
6355 4 2 7 1 674 551 686 1197
6356 4 2 7 1 585 584 1221 1498
6357 4 2 7 1 1019 976 1052 1570
6358 4 2 7 1 734 910 1036 1589
6359 4 2 7 1 1173 1406 1096 1502
6360 4 2 7 1 586 1216 1389 1531
6361 4 2 7 1 376 437 430 1527
6362 4 2 7 1 1059 1272 1225 1391
6363 4 2 7 1 417 416 418 1411
6364 4 2 7 1 815 816 814 1464
6365 4 2 7 1 1197 1468 480 1516
6366 4 2 7 1 185 305 40 726
6367 4 2 7 1 480 520 502 1516
6368 4 2 7 1 1222 1558 260 1605
6369 4 2 7 1 392 391 390 1364
6370 4 2 7 1 652 681 713 1396
6371 4 2 7 1 1211 1070 1332 1482
6372 4 2 7 1 944 1345 1243 1599
6373 4 2 7 1 196 245 31 1532
6374 4 2 7 1 1015 937 1001 1547
6375 4 2 7 1 1030 1013 953 1345
6376 4 2 7 1 1024 1214 932 1610
6377 4 2 7 1 931 1214 1454 1543
6378 4 2 7 1 1190 1501 1069 1545
6379 4 2 7 1 1263 1294 1153 1349
6380 4 2 7 1 772 774 1361 1630
6381 4 2 7 1 310 1481 1375 1562
6382 4 2 7 1 1125 1388 1202 1477
6383 4 2 7 1 1029 1588 1032 1640
6384 4 2 7 1 1063 1240 1354 1537
6385 4 2 7 1 1060 1372 1207 1431
6386 4 2 7 1 1305 1326 1073 1495
6387 4 2 7 1 810 809 1285 1493
6388 4 2 7 1 1102 1419 1230 1537
6389 4 2 7 1 429 86 556 614
6390 4 2 7 1 766 1338 768 1621
6391 4 2 7 1 1084 1328 1298 1598
6392 4 2 7 1 422 417 423 1358
6393 4 2 7 1 241 242 1303 1597
6394 4 2 7 1 448 449 450 1244
6395 4 2 7 1 256 1310 1231 1470
6396 4 2 7 1 809 808 1285 1510
6397 4 2 7 1 860 792 1639 1640
6398 4 2 7 1 676 997 1352 1441
6399 4 2 7 1 1327 1482 1141 1600
6400 4 2 7 1 186 1250 251 1638
6401 4 2 7 1 1172 1370 1137 1447
6402 4 2 7 1 608 1352 593 1407
6403 4 2 7 1 364 1283 483 1476
6404 4 2 7 1 471 507 1365 1512
6405 4 2 7 1 1011 949 1506 1592
6406 4 2 7 1 625 626 1331 1602
6407 4 2 7 1 1151 1294 1263 1349
6408 4 2 7 1 452 450 451 1394
6409 4 2 7 1 725 47 179 850
6410 4 2 7 1 75 547 481 357
6411 4 2 7 1 1209 1484 1137 1500
6412 4 2 7 1 672 1252 304 1519
6413 4 2 7 1 316 209 211 1445
6414 4 2 7 1 1258 1511 229 1642
6415 4 2 7 1 803 881 738 1306
6416 4 2 7 1 276 1367 1176 1481
6417 4 2 7 1 1154 1464 1232 1584
6418 4 2 7 1 737 369 95 794
6419 4 2 7 1 329 250 190 1306
6420 4 2 7 1 1094 1238 1303 1597
6421 4 2 7 1 1190 1089 1508 1525
6422 4 2 7 1 494 395 1324 1452
6423 4 2 7 1 967 968 966 1435
6424 4 2 7 1 409 411 410 1398
6425 4 2 7 1 259 1222 260 1605
6426 4 2 7 1 342 274 258 1558
6427 4 2 7 1 1071 1354 1419 1566
6428 4 2 7 1 1060 1187 1434 1489
6429 4 2 7 1 501 991 1233 1635
6430 4 2 7 1 1116 1505 1165 1628
6431 4 2 7 1 219 214 218 1355
6432 4 2 7 1 485 846 1274 1617
6433 4 2 7 1 579 1287 577 1564
6434 4 2 7 1 1177 1095 1414 1548
6435 4 2 7 1 1136 1533 1283 1633
6436 4 2 7 1 259 1455 1222 1605
6437 4 2 7 1 1398 1577 1324 1586
6438 4 2 7 1 703 591 590 1289
6439 4 2 7 1 592 1182 706 1637
6440 4 2 7 1 728 869 774 1245
6441 4 2 7 1 1064 1383 1416 1473
6442 4 2 7 1 1232 1578 1105 1584
6443 4 2 7 1 375 510 1527 1617
6444 4 2 7 1 1293 1423 1164 1601
6445 4 2 7 1 1063 1323 1436 1537
6446 4 2 7 1 761 762 763 1234
6447 4 2 7 1 606 719 603 1528
6448 4 2 7 1 18 180 548 1439
6449 4 2 7 1 818 817 819 1241
6450 4 2 7 1 175 302 50 1334
6451 4 2 7 1 78 670 543 1335
6452 4 2 7 1 806 253 191 1462
6453 4 2 7 1 697 186 254 1638
6454 4 2 7 1 369 425 95 794
6455 4 2 7 1 97 489 857 1309
6456 4 2 7 1 1108 1424 1279 1540
6457 4 2 7 1 1417 1627 1289 1637
6458 4 2 7 1 1108 1211 1361 1630
6459 4 2 7 1 912 997 550 1441
6460 4 2 7 1 270 282 283 1264
6461 4 2 7 1 1071 1419 1166 1566
6462 4 2 7 1 775 797 1420 1630
6463 4 2 7 1 211 1162 1375 1481
6464 4 2 7 1 1199 1080 1394 1565
6465 4 2 7 1 1283 1501 1136 1546
6466 4 2 7 1 1507 1551 1365 1604
6467 4 2 7 1 1071 1231 1353 1558
6468 4 2 7 1 402 428 399 1229
6469 4 2 7 1 459 1512 1184 1577
6470 4 2 7 1 958 957 956 1541
6471 4 2 7 1 1219 1499 1205 1585
6472 4 2 7 1 294 663 25 555
6473 4 2 7 1 209 213 210 1445
6474 4 2 7 1 930 933 932 1543
6475 4 2 7 1 420 415 401 1499
6476 4 2 7 1 1284 1574 1131 1607
6477 4 2 7 1 1162 1529 1401 1612
6478 4 2 7 1 551 438 82 623
6479 4 2 7 1 604 601 683 1528
6480 4 2 7 1 1014 986 988 1390
6481 4 2 7 1 1200 1435 1039 1635
6482 4 2 7 1 860 792 722 1639
6483 4 2 7 1 1086 1270 1216 1609
6484 4 2 7 1 1107 1393 1398 1586
6485 4 2 7 1 335 1563 1265 1567
6486 4 2 7 1 661 631 633 1478
6487 4 2 7 1 653 654 641 1622
6488 4 2 7 1 1079 1349 1294 1603
6489 4 2 7 1 498 1178 1523 1546
6490 4 2 7 1 700 711 574 1505
6491 4 2 7 1 1069 1325 1545 1549
6492 4 2 7 1 746 1274 874 1479
6493 4 2 7 1 191 751 806 1462
6494 4 2 7 1 1060 1372 1431 1568
6495 4 2 7 1 1111 1221 1473 1475
6496 4 2 7 1 1127 1412 1302 1446
6497 4 2 7 1 275 1467 323 1574
6498 4 2 7 1 1150 1425 1285 1566
6499 4 2 7 1 217 1258 229 1642
6500 4 2 7 1 364 483 508 1476
6501 4 2 7 1 795 797 877 1544
6502 4 2 7 1 1115 1326 1305 1495
6503 4 2 7 1 562 662 89 477
6504 4 2 7 1 193 243 333 1238
6505 4 2 7 1 1173 1096 1472 1502
6506 4 2 7 1 1286 1132 1445 1612
6507 4 2 7 1 835 836 823 1260
6508 4 2 7 1 446 445 447 1438
6509 4 2 7 1 596 1296 595 1430
6510 4 2 7 1 1107 1308 1393 1586
6511 4 2 7 1 172 732 1284 1415
6512 4 2 7 1 1176 1402 1067 1555
6513 4 2 7 1 412 1398 534 1577
6514 4 2 7 1 101 356 472 1365
6515 4 2 7 1 841 724 101 1365
6516 4 2 7 1 370 484 84 554
6517 4 2 7 1 747 886 790 1238
6518 4 2 7 1 1105 1334 1310 1605
6519 4 2 7 1 274 1353 1231 1558
6520 4 2 7 1 1102 1493 1285 1566
6521 4 2 7 1 1137 1447 1209 1500
6522 4 2 7 1 472 100 733 365
6523 4 2 7 1 1107 1324 1308 1586
6524 4 2 7 1 678 573 576 1350
6525 4 2 7 1 853 376 536 1374
6526 4 2 7 1 1155 1436 1323 1537
6527 4 2 7 1 1099 1210 1522 1525
6528 4 2 7 1 1108 1424 1245 1456
6529 4 2 7 1 323 1284 288 1607
6530 4 2 7 1 1242 1471 1150 1510
6531 4 2 7 1 591 1289 703 1596
6532 4 2 7 1 795 1322 796 1420
6533 4 2 7 1 389 386 1449 1546
6534 4 2 7 1 190 738 55 329
6535 4 2 7 1 234 232 233 1487
6536 4 2 7 1 881 55 738 329
6537 4 2 7 1 1151 1294 1349 1603
6538 4 2 7 1 1126 1398 1393 1586
6539 4 2 7 1 1266 1511 1148 1614
6540 4 2 7 1 611 612 610 1321
6541 4 2 7 1 435 512 370 1212
6542 4 2 7 1 1136 1546 1501 1549
6543 4 2 7 1 963 1021 1454 1626
6544 4 2 7 1 694 567 1532 1618
6545 4 2 7 1 1106 1539 1230 1582
6546 4 2 7 1 203 200 202 1400
6547 4 2 7 1 1028 1082 1053 1514
6548 4 2 7 1 1175 1517 1414 1536
6549 4 2 7 1 1022 951 1001 1388
6550 4 2 7 1 67 373 424 553
6551 4 2 7 1 639 652 651 1251
6552 4 2 7 1 1339 1383 1111 1473
6553 4 2 7 1 748 874 746 1274
6554 4 2 7 1 620 554 696 1212
6555 4 2 7 1 705 567 694 1618
6556 4 2 7 1 1098 1383 1339 1473
6557 4 2 7 1 1349 1366 1151 1603
6558 4 2 7 1 1182 1098 1417 1627
6559 4 2 7 1 862 764 1370 1459
6560 4 2 7 1 758 1447 755 1594
6561 4 2 7 1 977 1004 1003 1381
6562 4 2 7 1 995 1053 1034 1514
6563 4 2 7 1 1273 1378 753 1560
6564 4 2 7 1 1152 1268 1299 1343
6565 4 2 7 1 1034 976 974 1424
6566 4 2 7 1 1127 1429 1224 1461
6567 4 2 7 1 1059 1395 1474 1556
6568 4 2 7 1 1137 1370 1259 1459
6569 4 2 7 1 1082 1322 1168 1420
6570 4 2 7 1 197 750 63 749
6571 4 2 7 1 560 616 615 1382
6572 4 2 7 1 393 391 392 1364
6573 4 2 7 1 732 852 1284 1415
6574 4 2 7 1 1007 1014 1016 1390
6575 4 2 7 1 250 251 249 1486
6576 4 2 7 1 976 1424 1082 1570
6577 4 2 7 1 484 372 669 1359
6578 4 2 7 1 384 1262 487 1585
6579 4 2 7 1 1276 1411 1111 1499
6580 4 2 7 1 1141 1482 1211 1600
6581 4 2 7 1 441 442 443 1625
6582 4 2 7 1 852 754 1284 1594
6583 4 2 7 1 1193 1387 1069 1508
6584 4 2 7 1 656 644 691 1533
6585 4 2 7 1 973 1424 1279 1636
6586 4 2 7 1 1088 1273 1336 1488
6587 4 2 7 1 1080 1323 1244 1385
6588 4 2 7 1 554 484 84 669
6589 4 2 7 1 1102 1285 1425 1566
6590 4 2 7 1 1179 1551 1507 1604
6591 4 2 7 1 698 596 537 1262
6592 4 2 7 1 1395 1502 1474 1556
6593 4 2 7 1 1311 1493 1102 1608
6594 4 2 7 1 274 1231 258 1558
6595 4 2 7 1 1239 1406 1066 1410
6596 4 2 7 1 256 184 257 1310
6597 4 2 7 1 322 1274 194 1479
6598 4 2 7 1 295 1504 1353 1558
6599 4 2 7 1 797 1211 771 1621
6600 4 2 7 1 393 1249 395 1452
6601 4 2 7 1 1114 1424 1279 1570
6602 4 2 7 1 1113 1281 1341 1557
6603 4 2 7 1 1313 1340 1112 1643
6604 4 2 7 1 1159 1325 1271 1496
6605 4 2 7 1 1106 1419 1230 1539
6606 4 2 7 1 1126 1365 1551 1604
6607 4 2 7 1 726 305 41 856
6608 4 2 7 1 69 358 488 673
6609 4 2 7 1 1011 986 1014 1591
6610 4 2 7 1 459 507 1512 1577
6611 4 2 7 1 611 612 1321 1596
6612 4 2 7 1 408 422 423 1598
6613 4 2 7 1 1108 1540 1281 1600
6614 4 2 7 1 501 505 991 1635
6615 4 2 7 1 1233 1290 1114 1570
6616 4 2 7 1 1291 1315 1070 1571
6617 4 2 7 1 1038 747 1036 1589
6618 4 2 7 1 887 1420 796 1514
6619 4 2 7 1 424 68 553 1465
6620 4 2 7 1 754 1284 1594 1607
6621 4 2 7 1 1361 1600 1141 1621
6622 4 2 7 1 1155 1385 1323 1436
6623 4 2 7 1 361 1331 479 1468
6624 4 2 7 1 467 466 454 1275
6625 4 2 7 1 1094 1265 1238 1597
6626 4 2 7 1 477 562 662 1274
6627 4 2 7 1 231 1258 217 1642
6628 4 2 7 1 1028 976 1053 1082
6629 4 2 7 1 894 1493 811 1578
6630 4 2 7 1 358 1465 499 1499
6631 4 2 7 1 172 45 288 851
6632 4 2 7 1 657 482 73 540
6633 4 2 7 1 1182 1417 922 1637
6634 4 2 7 1 1060 1192 1483 1583
6635 4 2 7 1 78 470 670 1335
6636 4 2 7 1 302 839 50 1334
6637 4 2 7 1 1197 1093 1427 1443
6638 4 2 7 1 1095 1414 1536 1552
6639 4 2 7 1 1110 1506 1441 1592
6640 4 2 7 1 1126 1551 1365 1577
6641 4 2 7 1 656 1521 644 1533
6642 4 2 7 1 625 1331 552 1468
6643 4 2 7 1 799 800 744 1490
6644 4 2 7 1 741 790 886 1238
6645 4 2 7 1 271 269 1227 1569
6646 4 2 7 1 1207 1489 1060 1513
6647 4 2 7 1 973 972 971 1279
6648 4 2 7 1 699 603 719 1220
6649 4 2 7 1 668 548 667 1247
6650 4 2 7 1 180 299 298 1247
6651 4 2 7 1 1184 1485 1068 1551
6652 4 2 7 1 222 1563 244 1597
6653 4 2 7 1 585 1221 1430 1498
6654 4 2 7 1 1115 1403 1326 1495
6655 4 2 7 1 877 893 1329 1544
6656 4 2 7 1 1217 1639 792 1640
6657 4 2 7 1 1158 1246 1394 1565
6658 4 2 7 1 446 448 476 1438
6659 4 2 7 1 183 555 697 1638
6660 4 2 7 1 301 194 322 1274
6661 4 2 7 1 773 768 1338 1544
6662 4 2 7 1 1340 1432 1112 1643
6663 4 2 7 1 553 611 1321 1465
6664 4 2 7 1 1186 1406 1239 1410
6665 4 2 7 1 1102 1232 1404 1608
6666 4 2 7 1 788 793 867 1303
6667 4 2 7 1 1211 1482 1332 1600
6668 4 2 7 1 384 1369 386 1546
6669 4 2 7 1 466 527 465 1275
6670 4 2 7 1 1257 1458 1279 1636
6671 4 2 7 1 276 332 1367 1562
6672 4 2 7 1 1161 1596 1381 1606
6673 4 2 7 1 276 1367 1481 1562
6674 4 2 7 1 844 832 845 1312
6675 4 2 7 1 475 476 463 1312
6676 4 2 7 1 895 1209 866 1613
6677 4 2 7 1 246 188 247 1490
6678 4 2 7 1 845 844 1312 1619
6679 4 2 7 1 153 993 677 913
6680 4 2 7 1 475 476 1312 1619
6681 4 2 7 1 785 786 787 1442
6682 4 2 7 1 1414 1517 1095 1536
6683 4 2 7 1 913 1289 957 1606
6684 4 2 7 1 1059 1474 1502 1556
6685 4 2 7 1 384 387 1369 1585
6686 4 2 7 1 651 652 692 1517
6687 4 2 7 1 634 641 680 1268
6688 4 2 7 1 1103 1215 1416 1626
6689 4 2 7 1 1190 1069 1508 1545
6690 4 2 7 1 1181 1388 1277 1390
6691 4 2 7 1 1060 1210 1483 1538
6692 4 2 7 1 1224 1429 1172 1461
6693 4 2 7 1 436 1427 502 1516
6694 4 2 7 1 993 913 957 1606
6695 4 2 7 1 840 724 1365 1534
6696 4 2 7 1 471 1365 356 1534
6697 4 2 7 1 690 194 564 1274
6698 4 2 7 1 1262 1369 1087 1585
6699 4 2 7 1 851 1284 754 1607
6700 4 2 7 1 628 629 1347 1602
6701 4 2 7 1 752 330 43 723
6702 4 2 7 1 383 355 71 698
6703 4 2 7 1 1365 1551 1512 1577
6704 4 2 7 1 729 255 52 847
6705 4 2 7 1 793 788 741 1303
6706 4 2 7 1 1174 1472 1096 1502
6707 4 2 7 1 1119 1562 1367 1623
6708 4 2 7 1 212 238 1317 1614
6709 4 2 7 1 492 979 354 1453
6710 4 2 7 1 1179 1380 1507 1551
6711 4 2 7 1 1142 1538 1431 1568
6712 4 2 7 1 619 1443 1250 1638
6713 4 2 7 1 220 225 341 1488
6714 4 2 7 1 968 1435 1254 1561
6715 4 2 7 1 985 949 984 1506
6716 4 2 7 1 581 579 577 1564
6717 4 2 7 1 1063 1354 1404 1537
6718 4 2 7 1 716 917 1048 1381
6719 4 2 7 1 1203 1121 1359 1374
6720 4 2 7 1 777 890 792 1639
6721 4 2 7 1 852 1284 1415 1613
6722 4 2 7 1 1174 1096 1472 1554
6723 4 2 7 1 994 973 971 1279
6724 4 2 7 1 809 736 810 1285
6725 4 2 7 1 828 1179 1507 1604
6726 4 2 7 1 1067 1206 1402 1484
6727 4 2 7 1 540 1283 364 1476
6728 4 2 7 1 765 782 1461 1581
6729 4 2 7 1 1120 1195 1346 1629
6730 4 2 7 1 927 928 1021 1626
6731 4 2 7 1 927 1006 1005 1626
6732 4 2 7 1 932 933 934 1413
6733 4 2 7 1 1100 1480 1260 1515
6734 4 2 7 1 444 445 443 1230
6735 4 2 7 1 339 252 250 1486
6736 4 2 7 1 1348 1473 1221 1475
6737 4 2 7 1 846 746 117 506
6738 4 2 7 1 1163 1440 1386 1545
6739 4 2 7 1 307 1317 238 1614
6740 4 2 7 1 813 812 814 1232
6741 4 2 7 1 485 846 117 506
6742 4 2 7 1 624 551 674 1468
6743 4 2 7 1 296 318 336 1590
6744 4 2 7 1 593 608 706 1352
6745 4 2 7 1 1208 1588 1217 1640
6746 4 2 7 1 1102 1232 1354 1404
6747 4 2 7 1 1101 1507 1365 1534
6748 4 2 7 1 1196 1486 318 1590
6749 4 2 7 1 438 370 83 623
6750 4 2 7 1 312 272 265 1263
6751 4 2 7 1 1174 1502 1096 1554
6752 4 2 7 1 1194 1380 1068 1485
6753 4 2 7 1 1159 1325 1496 1549
6754 4 2 7 1 269 268 271 1227
6755 4 2 7 1 623 370 83 554
6756 4 2 7 1 115 437 798 1527
6757 4 2 7 1 797 771 1211 1630
6758 4 2 7 1 1060 1431 1210 1538
6759 4 2 7 1 435 438 502 1427
6760 4 2 7 1 877 737 795 1329
6761 4 2 7 1 369 509 426 1329
6762 4 2 7 1 258 1231 256 1605
6763 4 2 7 1 1069 1469 1193 1508
6764 4 2 7 1 403 408 407 1598
6765 4 2 7 1 716 1048 533 1381
6766 4 2 7 1 1062 1291 1327 1482
6767 4 2 7 1 1237 1432 1181 1547
6768 4 2 7 1 259 261 260 1222
6769 4 2 7 1 957 1289 1541 1606
6770 4 2 7 1 678 645 700 1505
6771 4 2 7 1 1231 1470 1167 1595
6772 4 2 7 1 1203 1524 1147 1527
6773 4 2 7 1 812 1232 1493 1608
6774 4 2 7 1 196 31 567 1532
6775 4 2 7 1 511 531 92 695
6776 4 2 7 1 1230 1438 1155 1582
6777 4 2 7 1 1147 1524 1203 1532
6778 4 2 7 1 559 87 380 1524
6779 4 2 7 1 743 375 115 1527
6780 4 2 7 1 1331 1335 1106 1602
6781 4 2 7 1 1113 1557 1341 1644
6782 4 2 7 1 1231 1590 1470 1595
6783 4 2 7 1 1279 1561 1114 1570
6784 4 2 7 1 1247 1414 1095 1548
6785 4 2 7 1 783 1509 784 1581
6786 4 2 7 1 434 436 1242 1427
6787 4 2 7 1 315 232 235 1487
6788 4 2 7 1 245 622 31 1532
6789 4 2 7 1 669 484 85 372
6790 4 2 7 1 506 1274 746 1479
6791 4 2 7 1 585 584 589 1221
6792 4 2 7 1 1106 1419 1240 1537
6793 4 2 7 1 293 564 194 1274
6794 4 2 7 1 424 358 68 1465
6795 4 2 7 1 739 255 53 187
6796 4 2 7 1 556 372 86 429
6797 4 2 7 1 887 1420 1245 1630
6798 4 2 7 1 1283 1546 1136 1633
6799 4 2 7 1 1239 1410 1066 1628
6800 4 2 7 1 594 585 589 1430
6801 4 2 7 1 948 1441 984 1592
6802 4 2 7 1 1424 1456 1108 1636
6803 4 2 7 1 1218 1295 1104 1591
6804 4 2 7 1 1335 1478 1106 1602
6805 4 2 7 1 270 281 282 1264
6806 4 2 7 1 1032 1013 1030 1588
6807 4 2 7 1 769 778 773 1629
6808 4 2 7 1 323 350 1574 1607
6809 4 2 7 1 547 648 659 1553
6810 4 2 7 1 191 301 60 751
6811 4 2 7 1 416 1276 415 1499
6812 4 2 7 1 281 1264 270 1569
6813 4 2 7 1 633 635 648 1299
6814 4 2 7 1 244 218 1226 1563
6815 4 2 7 1 1123 1535 1366 1587
6816 4 2 7 1 472 841 101 1365
6817 4 2 7 1 1221 1348 1117 1473
6818 4 2 7 1 553 693 611 1465
6819 4 2 7 1 555 26 183 697
6820 4 2 7 1 258 260 1558 1605
6821 4 2 7 1 989 1009 1022 1388
6822 4 2 7 1 184 1310 256 1470
6823 4 2 7 1 871 1036 747 1589
6824 4 2 7 1 1092 1194 1485 1632
6825 4 2 7 1 1060 1483 1210 1513
6826 4 2 7 1 1070 1338 1211 1544
6827 4 2 7 1 274 342 1353 1558
6828 4 2 7 1 676 550 997 1441
6829 4 2 7 1 388 386 387 1369
6830 4 2 7 1 1211 1338 1070 1482
6831 4 2 7 1 1188 1442 785 1509
6832 4 2 7 1 436 520 490 1516
6833 4 2 7 1 559 614 87 1524
6834 4 2 7 1 393 500 395 1249
6835 4 2 7 1 1249 1324 395 1452
6836 4 2 7 1 1018 997 948 1352
6837 4 2 7 1 1213 1573 1258 1642
6838 4 2 7 1 368 440 441 1285
6839 4 2 7 1 441 464 486 1311
6840 4 2 7 1 291 49 896 175
6841 4 2 7 1 660 77 543 528
6842 4 2 7 1 854 833 810 1311
6843 4 2 7 1 756 753 1378 1560
6844 4 2 7 1 553 68 673 1465
6845 4 2 7 1 1195 1398 1126 1428
6846 4 2 7 1 480 367 478 1468
6847 4 2 7 1 1223 1383 1098 1416
6848 4 2 7 1 1257 1025 1458 1636
6849 4 2 7 1 783 785 784 1509
6850 4 2 7 1 956 1005 958 1417
6851 4 2 7 1 922 924 1005 1417
6852 4 2 7 1 921 922 956 1417
6853 4 2 7 1 552 626 670 1331
6854 4 2 7 1 912 148 550 997
6855 4 2 7 1 948 1352 997 1441
6856 4 2 7 1 506 892 381 1479
6857 4 2 7 1 197 63 750 198
6858 4 2 7 1 690 565 340 1479
6859 4 2 7 1 1144 1333 1292 1631
6860 4 2 7 1 1136 1501 1283 1533
6861 4 2 7 1 253 191 59 806
6862 4 2 7 1 755 1378 753 1594
6863 4 2 7 1 725 896 838 1491
6864 4 2 7 1 835 823 834 1260
6865 4 2 7 1 953 1345 944 1599
6866 4 2 7 1 515 1314 366 1453
6867 4 2 7 1 1240 1419 1354 1537
6868 4 2 7 1 1157 1494 1299 1522
6869 4 2 7 1 1060 1483 1193 1583
6870 4 2 7 1 1068 1194 1485 1554
6871 4 2 7 1 1275 1387 1099 1523
6872 4 2 7 1 295 294 296 1504
6873 4 2 7 1 192 245 246 1532
6874 4 2 7 1 1315 1460 1070 1571
6875 4 2 7 1 1447 1500 1378 1594
6876 4 2 7 1 1265 1094 1563 1597
6877 4 2 7 1 893 1309 857 1329
6878 4 2 7 1 489 1309 525 1329
6879 4 2 7 1 669 372 556 1359
6880 4 2 7 1 1174 1502 1395 1556
6881 4 2 7 1 906 150 1018 689
6882 4 2 7 1 702 606 557 1236
6883 4 2 7 1 1221 1339 1111 1473
6884 4 2 7 1 1101 1207 1565 1632
6885 4 2 7 1 1078 1408 1183 1593
6886 4 2 7 1 358 499 420 1499
6887 4 2 7 1 439 1285 808 1510
6888 4 2 7 1 509 428 426 1460
6889 4 2 7 1 417 422 414 1358
6890 4 2 7 1 799 798 740 1527
6891 4 2 7 1 851 852 754 1284
6892 4 2 7 1 1385 1431 1142 1538
6893 4 2 7 1 628 1478 649 1602
6894 4 2 7 1 1155 1323 1244 1438
6895 4 2 7 1 1111 1475 1276 1499
6896 4 2 7 1 394 491 398 1328
6897 4 2 7 1 110 513 371 735
6898 4 2 7 1 1116 1386 1440 1545
6899 4 2 7 1 610 612 701 1381
6900 4 2 7 1 964 1012 967 1641
6901 4 2 7 1 1059 1225 1395 1556
6902 4 2 7 1 314 282 343 1548
6903 4 2 7 1 810 1311 833 1608
6904 4 2 7 1 852 1415 876 1613
6905 4 2 7 1 991 505 908 1635
6906 4 2 7 1 608 607 602 1407
6907 4 2 7 1 1325 1386 1069 1545
6908 4 2 7 1 787 883 903 1208
6909 4 2 7 1 905 873 163 992
6910 4 2 7 1 1240 1559 1222 1587
6911 4 2 7 1 318 1486 1196 1638
6912 4 2 7 1 335 1265 176 1567
6913 4 2 7 1 951 946 1001 1297
6914 4 2 7 1 1065 1292 1270 1573
6915 4 2 7 1 441 464 1311 1625
6916 4 2 7 1 1283 1476 1099 1523
6917 4 2 7 1 593 675 607 1407
6918 4 2 7 1 295 296 1353 1504
6919 4 2 7 1 640 1235 638 1611
6920 4 2 7 1 1230 1537 1106 1582
6921 4 2 7 1 1026 1028 920 1492
6922 4 2 7 1 186 328 251 1250
6923 4 2 7 1 1174 1474 1395 1502
6924 4 2 7 1 679 1440 1296 1533
6925 4 2 7 1 1282 1340 1313 1643
6926 4 2 7 1 795 775 797 1420
6927 4 2 7 1 356 1365 724 1534
6928 4 2 7 1 251 318 254 1638
6929 4 2 7 1 809 858 808 1510
6930 4 2 7 1 1449 1546 1369 1549
6931 4 2 7 1 1105 1310 1231 1605
6932 4 2 7 1 820 819 821 1376
6933 4 2 7 1 769 768 766 1338
6934 4 2 7 1 411 534 1398 1428
6935 4 2 7 1 553 1321 424 1465
6936 4 2 7 1 317 907 321 1433
6937 4 2 7 1 1092 1513 1194 1632
6938 4 2 7 1 557 604 609 1344
6939 4 2 7 1 240 235 189 1344
6940 4 2 7 1 1147 1462 1203 1527
6941 4 2 7 1 452 453 455 1246
6942 4 2 7 1 192 30 245 622
6943 4 2 7 1 417 414 416 1276
6944 4 2 7 1 865 897 725 1491
6945 4 2 7 1 1203 1462 1147 1532
6946 4 2 7 1 379 533 1048 1381
6947 4 2 7 1 1157 1235 1494 1522
6948 4 2 7 1 923 922 906 1637
6949 4 2 7 1 643 710 627 1267
6950 4 2 7 1 375 521 510 1617
6951 4 2 7 1 181 43 330 723
6952 4 2 7 1 549 71 355 698
6953 4 2 7 1 751 59 191 806
6954 4 2 7 1 217 206 229 1511
6955 4 2 7 1 1207 1194 1513 1632
6956 4 2 7 1 301 322 61 874
6957 4 2 7 1 194 1274 690 1479
6958 4 2 7 1 241 242 185 1303
6959 4 2 7 1 1283 1523 1501 1546
6960 4 2 7 1 1174 1472 1300 1554
6961 4 2 7 1 1209 1500 1447 1594
6962 4 2 7 1 326 1532 196 1618
6963 4 2 7 1 429 380 87 1524
6964 4 2 7 1 732 876 852 1415
6965 4 2 7 1 1214 1103 1454 1543
6966 4 2 7 1 561 917 716 1381
6967 4 2 7 1 50 730 175 1334
6968 4 2 7 1 935 932 934 1413
6969 4 2 7 1 362 78 543 1335
6970 4 2 7 1 1099 1522 1235 1525
6971 4 2 7 1 1145 1341 1281 1557
6972 4 2 7 1 506 378 1274 1479
6973 4 2 7 1 723 754 753 1607
6974 4 2 7 1 440 442 441 1425
6975 4 2 7 1 1059 1395 1272 1474
6976 4 2 7 1 1098 1371 1339 1627
6977 4 2 7 1 729 872 839 1310
6978 4 2 7 1 740 798 114 437
6979 4 2 7 1 784 1509 1224 1581
6980 4 2 7 1 380 1524 510 1616
6981 4 2 7 1 498 1523 483 1546
6982 4 2 7 1 240 315 235 1344
6983 4 2 7 1 683 609 604 1344
6984 4 2 7 1 492 1047 979 1453
6985 4 2 7 1 1037 975 1031 1456
6986 4 2 7 1 743 375 1527 1617
6987 4 2 7 1 255 53 847 739
6988 4 2 7 1 1059 1272 1330 1474
6989 4 2 7 1 374 513 111 742
6990 4 2 7 1 430 510 1524 1527
6991 4 2 7 1 330 42 169 856
6992 4 2 7 1 537 488 70 698
6993 4 2 7 1 1208 1032 1588 1640
6994 4 2 7 1 873 162 981 905
6995 4 2 7 1 323 287 288 1284
6996 4 2 7 1 455 1246 453 1620
6997 4 2 7 1 297 180 18 1439
6998 4 2 7 1 442 1425 526 1539
6999 4 2 7 1 373 518 421 1381
7000 4 2 7 1 358 673 68 1465
7001 4 2 7 1 1180 1590 1426 1595
7002 4 2 7 1 780 779 1346 1629
7003 4 2 7 1 910 734 160 1010
7004 4 2 7 1 412 495 1398 1577
7005 4 2 7 1 769 1338 766 1550
7006 4 2 7 1 948 923 1352 1592
7007 4 2 7 1 516 457 465 1356
7008 4 2 7 1 1222 1189 1558 1559
7009 4 2 7 1 208 212 229 1511
7010 4 2 7 1 628 1347 631 1478
7011 4 2 7 1 460 495 530 1324
7012 4 2 7 1 675 588 583 1371
7013 4 2 7 1 439 440 1285 1510
7014 4 2 7 1 251 1486 318 1638
7015 4 2 7 1 1378 1500 1131 1594
7016 4 2 7 1 27 186 697 558
7017 4 2 7 1 1213 1148 1573 1642
7018 4 2 7 1 969 1233 991 1635
7019 4 2 7 1 965 1453 978 1463
7020 4 2 7 1 1073 1326 1301 1495
7021 4 2 7 1 953 944 952 1599
7022 4 2 7 1 1095 1414 1247 1517
7023 4 2 7 1 1060 1434 1192 1583
7024 4 2 7 1 694 615 1524 1532
7025 4 2 7 1 256 258 274 1231
7026 4 2 7 1 655 286 22 1450
7027 4 2 7 1 199 1252 568 1634
7028 4 2 7 1 602 1407 607 1615
7029 4 2 7 1 1375 1481 1119 1562
7030 4 2 7 1 1210 1522 1483 1538
7031 4 2 7 1 1166 1468 1197 1516
7032 4 2 7 1 606 702 563 1236
7033 4 2 7 1 1228 1434 1060 1568
7034 4 2 7 1 810 812 1493 1608
7035 4 2 7 1 1029 947 1032 1588
7036 4 2 7 1 753 855 1273 1560
7037 4 2 7 1 705 1616 1274 1618
7038 4 2 7 1 444 445 1230 1582
7039 4 2 7 1 483 364 482 1283
7040 4 2 7 1 945 944 943 1599
7041 4 2 7 1 703 1596 1289 1606
7042 4 2 7 1 1012 963 1021 1454
7043 4 2 7 1 782 1224 1461 1581
7044 4 2 7 1 1210 1193 1483 1525
7045 4 2 7 1 461 471 356 1534
7046 4 2 7 1 840 830 724 1534
7047 4 2 7 1 928 931 1021 1454
7048 4 2 7 1 931 1024 1012 1454
7049 4 2 7 1 676 149 1018 997
7050 4 2 7 1 940 938 939 1423
7051 4 2 7 1 845 817 815 1464
7052 4 2 7 1 1060 1483 1228 1538
7053 4 2 7 1 814 813 1232 1584
7054 4 2 7 1 1483 1522 1210 1525
7055 4 2 7 1 548 666 18 1439
7056 4 2 7 1 562 690 1274 1479
7057 4 2 7 1 1154 1404 1232 1464
7058 4 2 7 1 1034 1033 916 1245
7059 4 2 7 1 786 791 792 1446
7060 4 2 7 1 1028 920 1492 1514
7061 4 2 7 1 1063 1354 1240 1587
7062 4 2 7 1 1319 1485 1194 1554
7063 4 2 7 1 640 637 638 1235
7064 4 2 7 1 979 978 965 1453
7065 4 2 7 1 641 1268 632 1530
7066 4 2 7 1 1028 1492 1082 1514
7067 4 2 7 1 1091 1434 1192 1552
7068 4 2 7 1 911 1043 977 1314
7069 4 2 7 1 1177 1095 1548 1552
7070 4 2 7 1 290 1185 1520 1624
7071 4 2 7 1 296 336 1353 1590
7072 4 2 7 1 782 770 759 1461
7073 4 2 7 1 1102 1230 1425 1625
7074 4 2 7 1 1223 1416 1215 1626
7075 4 2 7 1 263 1263 272 1535
7076 4 2 7 1 825 1307 865 1491
7077 4 2 7 1 672 671 568 1252
7078 4 2 7 1 304 199 303 1252
7079 4 2 7 1 705 662 1274 1616
7080 4 2 7 1 993 917 561 1606
7081 4 2 7 1 210 208 1266 1614
7082 4 2 7 1 796 1420 1322 1514
7083 4 2 7 1 597 595 596 1296
7084 4 2 7 1 152 913 544 921
7085 4 2 7 1 1017 1046 989 1497
7086 4 2 7 1 785 1442 867 1509
7087 4 2 7 1 865 825 864 1307
7088 4 2 7 1 558 28 300 720
7089 4 2 7 1 1089 1193 1508 1525
7090 4 2 7 1 429 87 614 1524
7091 4 2 7 1 824 822 821 1255
7092 4 2 7 1 799 744 806 1462
7093 4 2 7 1 586 1389 600 1531
7094 4 2 7 1 620 686 623 1443
7095 4 2 7 1 1041 991 969 1233
7096 4 2 7 1 504 479 1331 1539
7097 4 2 7 1 1022 1016 988 1390
7098 4 2 7 1 746 892 506 1479
7099 4 2 7 1 1180 1470 306 1590
7100 4 2 7 1 511 92 566 695
7101 4 2 7 1 697 254 183 1638
7102 4 2 7 1 809 811 827 1493
7103 4 2 7 1 928 930 931 1543
7104 4 2 7 1 263 265 272 1263
7105 4 2 7 1 1223 960 1541 1579
7106 4 2 7 1 853 740 376 1374
7107 4 2 7 1 714 1440 679 1533
7108 4 2 7 1 295 1353 342 1558
7109 4 2 7 1 716 533 701 1381
7110 4 2 7 1 1141 1211 1482 1621
7111 4 2 7 1 579 578 577 1287
7112 4 2 7 1 935 1024 932 1610
7113 4 2 7 1 690 340 194 1479
7114 4 2 7 1 634 632 641 1268
7115 4 2 7 1 1184 1324 1577 1586
7116 4 2 7 1 188 246 253 1462
7117 4 2 7 1 1020 967 1024 1610
7118 4 2 7 1 925 1444 923 1592
7119 4 2 7 1 728 992 916 164
7120 4 2 7 1 1081 1397 1210 1522
7121 4 2 7 1 1163 1296 1440 1545
7122 4 2 7 1 85 669 372 556
7123 4 2 7 1 1215 1416 1098 1575
7124 4 2 7 1 295 342 320 1558
7125 4 2 7 1 711 651 682 1517
7126 4 2 7 1 214 1355 307 1614
7127 4 2 7 1 1107 1398 1324 1586
7128 4 2 7 1 1257 1108 1456 1636
7129 4 2 7 1 1501 1521 1283 1533
7130 4 2 7 1 981 873 905 1639
7131 4 2 7 1 761 765 782 1461
7132 4 2 7 1 914 1265 952 1567
7133 4 2 7 1 922 1417 921 1637
7134 4 2 7 1 677 544 153 913
7135 4 2 7 1 846 748 1274 1617
7136 4 2 7 1 562 708 565 1479
7137 4 2 7 1 276 1481 310 1562
7138 4 2 7 1 828 1507 875 1604
7139 4 2 7 1 1108 1332 1540 1600
7140 4 2 7 1 228 1336 311 1574
7141 4 2 7 1 757 1378 755 1447
7142 4 2 7 1 150 538 1018 689
7143 4 2 7 1 1173 1502 1472 1556
7144 4 2 7 1 755 1447 1378 1594
7145 4 2 7 1 524 378 381 1479
7146 4 2 7 1 1009 951 1022 1388
7147 4 2 7 1 482 1283 657 1633
7148 4 2 7 1 1064 1305 1416 1572
7149 4 2 7 1 586 605 600 1389
7150 4 2 7 1 567 31 622 1532
7151 4 2 7 1 384 487 387 1585
7152 4 2 7 1 837 1334 831 1584
7153 4 2 7 1 867 785 788 1442
7154 4 2 7 1 468 462 1335 1582
7155 4 2 7 1 914 954 952 1265
7156 4 2 7 1 1230 1539 444 1582
7157 4 2 7 1 1353 1590 1231 1595
7158 4 2 7 1 1276 1475 1219 1499
7159 4 2 7 1 1144 1360 1333 1631
7160 4 2 7 1 1101 1507 1380 1551
7161 4 2 7 1 487 384 383 1262
7162 4 2 7 1 221 1563 335 1567
7163 4 2 7 1 1142 1431 1372 1568
7164 4 2 7 1 733 841 100 472
7165 4 2 7 1 773 797 768 1544
7166 4 2 7 1 625 626 552 1331
7167 4 2 7 1 1099 1476 1283 1521
7168 4 2 7 1 493 996 915 141
7169 4 2 7 1 650 639 1251 1611
7170 4 2 7 1 807 111 513 742
7171 4 2 7 1 534 412 411 1398
7172 4 2 7 1 1089 1483 1193 1525
7173 4 2 7 1 871 903 734 1589
7174 4 2 7 1 1010 981 722 161
7175 4 2 7 1 846 748 746 1274
7176 4 2 7 1 1159 1449 1369 1549
7177 4 2 7 1 385 498 483 1546
7178 4 2 7 1 977 961 1314 1579
7179 4 2 7 1 1071 1353 1231 1595
7180 4 2 7 1 465 1356 457 1620
7181 4 2 7 1 1095 1439 1247 1548
7182 4 2 7 1 1060 1431 1207 1513
7183 4 2 7 1 446 447 448 1438
7184 4 2 7 1 362 470 78 1335
7185 4 2 7 1 50 839 730 1334
7186 4 2 7 1 628 1347 1478 1602
7187 4 2 7 1 853 800 740 1374
7188 4 2 7 1 361 470 504 1331
7189 4 2 7 1 325 185 242 1303
7190 4 2 7 1 434 523 513 1242
7191 4 2 7 1 871 1036 734 159
7192 4 2 7 1 460 494 395 1324
7193 4 2 7 1 1272 1395 1140 1474
7194 4 2 7 1 1419 1425 1230 1539
7195 4 2 7 1 293 564 1274 1618
7196 4 2 7 1 977 959 961 1579
7197 4 2 7 1 522 407 408 1635
7198 4 2 7 1 388 389 386 1449
7199 4 2 7 1 273 332 281 1367
7200 4 2 7 1 186 254 27 697
7201 4 2 7 1 656 691 657 1283
7202 4 2 7 1 1426 1566 1150 1595
7203 4 2 7 1 251 1250 1486 1638
7204 4 2 7 1 639 651 650 1251
7205 4 2 7 1 1235 1521 1099 1525
7206 4 2 7 1 971 968 1020 1561
7207 4 2 7 1 993 561 677 1606
7208 4 2 7 1 192 300 720 1382
7209 4 2 7 1 1247 1439 1095 1517
7210 4 2 7 1 998 990 985 1379
7211 4 2 7 1 276 310 332 1562
7212 4 2 7 1 911 978 1047 1453
7213 4 2 7 1 22 546 655 1450
7214 4 2 7 1 178 22 286 1450
7215 4 2 7 1 881 739 54 187
7216 4 2 7 1 972 1424 976 1570
7217 4 2 7 1 813 1578 1232 1584
7218 4 2 7 1 1265 1563 335 1597
7219 4 2 7 1 477 89 562 378
7220 4 2 7 1 256 274 306 1470
7221 4 2 7 1 1132 1266 1445 1612
7222 4 2 7 1 444 442 526 1539
7223 4 2 7 1 415 416 414 1276
7224 4 2 7 1 26 254 183 697
7225 4 2 7 1 1011 949 986 1506
7226 4 2 7 1 676 550 148 997
7227 4 2 7 1 344 712 21 178
7228 4 2 7 1 296 336 274 1353
7229 4 2 7 1 475 463 363 1312
7230 4 2 7 1 731 832 844 1312
7231 4 2 7 1 231 217 229 1642
7232 4 2 7 1 1210 1081 1522 1538
7233 4 2 7 1 418 535 515 1314
7234 4 2 7 1 1071 1167 1566 1595
7235 4 2 7 1 804 807 870 1242
7236 4 2 7 1 1010 910 734 1640
7237 4 2 7 1 637 635 636 1494
7238 4 2 7 1 183 254 318 1638
7239 4 2 7 1 97 353 489 1309
7240 4 2 7 1 97 857 721 1309
7241 4 2 7 1 1000 909 1017 1248
7242 4 2 7 1 1060 1210 1431 1513
7243 4 2 7 1 981 722 162 873
7244 4 2 7 1 730 896 49 175
7245 4 2 7 1 362 543 77 528
7246 4 2 7 1 514 98 882 353
7247 4 2 7 1 1101 1246 1512 1632
7248 4 2 7 1 1380 1485 1101 1551
7249 4 2 7 1 811 810 812 1493
7250 4 2 7 1 379 1048 1004 1381
7251 4 2 7 1 475 1312 844 1619
7252 4 2 7 1 496 456 497 1316
7253 4 2 7 1 513 110 807 735
7254 4 2 7 1 119 381 892 750
7255 4 2 7 1 35 198 340 565
7256 4 2 7 1 1098 1417 1289 1541
7257 4 2 7 1 1247 1526 1414 1548
7258 4 2 7 1 266 268 267 1520
7259 4 2 7 1 1414 1526 1177 1548
7260 4 2 7 1 1211 771 1621 1630
7261 4 2 7 1 375 437 115 1527
7262 4 2 7 1 852 1594 1284 1613
7263 4 2 7 1 783 791 786 1446
7264 4 2 7 1 223 1433 221 1567
7265 4 2 7 1 159 1036 734 910
7266 4 2 7 1 1365 1512 1101 1534
7267 4 2 7 1 293 194 301 1274
7268 4 2 7 1 273 1367 281 1569
7269 4 2 7 1 957 913 956 1289
7270 4 2 7 1 885 794 425 1322
7271 4 2 7 1 1178 1501 1523 1546
7272 4 2 7 1 1512 1551 1184 1577
7273 4 2 7 1 952 1567 1265 1599
7274 4 2 7 1 1404 1464 1138 1608
7275 4 2 7 1 929 928 926 1295
7276 4 2 7 1 628 627 629 1602
7277 4 2 7 1 748 60 301 751
7278 4 2 7 1 1126 1551 1577 1586
7279 4 2 7 1 592 1627 1182 1637
7280 4 2 7 1 385 384 386 1546
7281 4 2 7 1 1105 1455 1334 1605
7282 4 2 7 1 557 10 334 189
7283 4 2 7 1 562 565 690 1479
7284 4 2 7 1 1101 1485 1380 1632
7285 4 2 7 1 1179 1459 1346 1604
7286 4 2 7 1 631 628 630 1347
7287 4 2 7 1 506 381 378 1479
7288 4 2 7 1 274 1353 336 1590
7289 4 2 7 1 1018 538 149 676
7290 4 2 7 1 209 210 208 1266
7291 4 2 7 1 1008 170 983 1477
7292 4 2 7 1 559 1524 380 1616
7293 4 2 7 1 250 249 190 1306
7294 4 2 7 1 1010 734 160 860
7295 4 2 7 1 1059 1333 1225 1556
7296 4 2 7 1 938 939 1423 1601
7297 4 2 7 1 619 1250 558 1638
7298 4 2 7 1 802 803 738 1306
7299 4 2 7 1 454 1275 465 1620
7300 4 2 7 1 562 477 378 1274
7301 4 2 7 1 578 582 684 1498
7302 4 2 7 1 948 923 1018 1352
7303 4 2 7 1 1134 1414 1247 1526
7304 4 2 7 1 264 266 265 1294
7305 4 2 7 1 676 1352 608 1441
7306 4 2 7 1 1090 1206 1484 1515
7307 4 2 7 1 808 736 809 1285
7308 4 2 7 1 708 524 91 566
7309 4 2 7 1 466 508 483 1523
7310 4 2 7 1 407 501 1233 1635
7311 4 2 7 1 297 345 324 1439
7312 4 2 7 1 728 165 916 995
7313 4 2 7 1 585 582 584 1498
7314 4 2 7 1 476 359 464 1619
7315 4 2 7 1 833 727 845 1619
7316 4 2 7 1 885 94 425 794
7317 4 2 7 1 576 580 678 1350
7318 4 2 7 1 258 259 260 1605
7319 4 2 7 1 1353 1504 1189 1558
7320 4 2 7 1 974 975 1456 1636
7321 4 2 7 1 869 163 873 992
7322 4 2 7 1 935 1458 994 1610
7323 4 2 7 1 28 300 186 558
7324 4 2 7 1 952 1042 1567 1599
7325 4 2 7 1 442 458 526 1425
7326 4 2 7 1 1063 1404 1354 1542
7327 4 2 7 1 214 307 210 1614
7328 4 2 7 1 317 1433 223 1567
7329 4 2 7 1 1099 1501 1387 1525
7330 4 2 7 1 1067 1401 1320 1500
7331 4 2 7 1 517 885 425 1322
7332 4 2 7 1 317 980 907 1433
7333 4 2 7 1 361 504 479 1331
7334 4 2 7 1 1253 1418 1133 1531
7335 4 2 7 1 1178 1546 1449 1549
7336 4 2 7 1 196 1532 567 1618
7337 4 2 7 1 489 857 1309 1329
7338 4 2 7 1 655 647 688 1450
7339 4 2 7 1 862 829 764 1459
7340 4 2 7 1 278 286 320 1450
7341 4 2 7 1 30 192 560 622
7342 4 2 7 1 1033 974 975 1456
7343 4 2 7 1 309 129 176 1045
7344 4 2 7 1 981 722 873 1639
7345 4 2 7 1 218 221 219 1563
7346 4 2 7 1 1222 1455 1105 1605
7347 4 2 7 1 816 815 817 1464
7348 4 2 7 1 880 742 804 1304
7349 4 2 7 1 1132 1357 1282 1612
7350 4 2 7 1 635 633 634 1299
7351 4 2 7 1 1380 1485 1194 1632
7352 4 2 7 1 178 546 22 1450
7353 4 2 7 1 1161 1289 1596 1606
7354 4 2 7 1 515 423 417 1453
7355 4 2 7 1 755 757 756 1378
7356 4 2 7 1 1111 1465 1205 1499
7357 4 2 7 1 625 552 624 1468
7358 4 2 7 1 703 1289 544 1606
7359 4 2 7 1 423 492 354 1453
7360 4 2 7 1 831 837 730 1334
7361 4 2 7 1 362 468 462 1335
7362 4 2 7 1 700 642 650 1362
7363 4 2 7 1 1062 1332 1482 1600
7364 4 2 7 1 219 224 307 1355
7365 4 2 7 1 361 479 478 1468
7366 4 2 7 1 376 740 114 437
7367 4 2 7 1 702 10 334 557
7368 4 2 7 1 293 1274 301 1618
7369 4 2 7 1 169 41 305 856
7370 4 2 7 1 673 488 69 537
7371 4 2 7 1 917 561 154 993
7372 4 2 7 1 858 870 735 1510
7373 4 2 7 1 762 764 868 1550
7374 4 2 7 1 1144 1384 1410 1609
7375 4 2 7 1 165 728 861 995
7376 4 2 7 1 1166 1425 1419 1539
7377 4 2 7 1 300 29 192 720
7378 4 2 7 1 389 494 516 1449
7379 4 2 7 1 105 475 844 1619
7380 4 2 7 1 94 425 517 885
7381 4 2 7 1 684 679 580 1440
7382 4 2 7 1 1178 1501 1387 1523
7383 4 2 7 1 1161 1541 1289 1606
7384 4 2 7 1 732 852 851 1284
7385 4 2 7 1 1232 1493 1167 1578
7386 4 2 7 1 635 659 648 1494
7387 4 2 7 1 760 761 759 1461
7388 4 2 7 1 1062 1540 1332 1600
7389 4 2 7 1 427 425 426 1322
7390 4 2 7 1 795 794 796 1322
7391 4 2 7 1 1212 1427 1093 1443
7392 4 2 7 1 200 203 303 1400
7393 4 2 7 1 878 806 751 1462
7394 4 2 7 1 972 973 974 1424
7395 4 2 7 1 948 1352 1441 1592
7396 4 2 7 1 1008 308 170 1477
7397 4 2 7 1 780 779 781 1346
7398 4 2 7 1 179 279 291 1624
7399 4 2 7 1 1090 1489 1206 1515
7400 4 2 7 1 1222 1105 1559 1605
7401 4 2 7 1 584 587 613 1339
7402 4 2 7 1 364 74 540 1476
7403 4 2 7 1 1062 1291 1482 1571
7404 4 2 7 1 477 1274 662 1616
7405 4 2 7 1 1100 1415 1284 1613
7406 4 2 7 1 344 541 20 712
7407 4 2 7 1 231 230 232 1642
7408 4 2 7 1 472 471 507 1365
7409 4 2 7 1 840 841 875 1365
7410 4 2 7 1 369 1058 737 1329
7411 4 2 7 1 258 1558 1231 1605
7412 4 2 7 1 1184 1577 1551 1586
7413 4 2 7 1 769 1338 1550 1629
7414 4 2 7 1 769 1550 868 1629
7415 4 2 7 1 973 974 1424 1636
7416 4 2 7 1 887 775 1420 1630
7417 4 2 7 1 650 1362 642 1611
7418 4 2 7 1 1035 942 940 1293
7419 4 2 7 1 360 493 915 141
7420 4 2 7 1 1064 1409 1305 1572
7421 4 2 7 1 1141 1482 1338 1621
7422 4 2 7 1 685 152 544 921
7423 4 2 7 1 253 326 191 1462
7424 4 2 7 1 1151 1535 1222 1587
7425 4 2 7 1 917 1381 561 1606
7426 4 2 7 1 799 1462 878 1527
7427 4 2 7 1 562 1274 378 1479
7428 4 2 7 1 326 1462 246 1532
7429 4 2 7 1 566 382 92 511
7430 4 2 7 1 57 904 352 1490
7431 4 2 7 1 90 562 524 708
7432 4 2 7 1 993 561 154 677
7433 4 2 7 1 753 756 855 1560
7434 4 2 7 1 161 722 1010 860
7435 4 2 7 1 258 256 257 1605
7436 4 2 7 1 932 931 930 1543
7437 4 2 7 1 510 521 380 1616
7438 4 2 7 1 868 764 863 1459
7439 4 2 7 1 266 1520 1294 1624
7440 4 2 7 1 1338 1482 1211 1621
7441 4 2 7 1 482 483 1283 1633
7442 4 2 7 1 404 399 428 1460
7443 4 2 7 1 788 787 790 1442
7444 4 2 7 1 1010 734 860 1640
7445 4 2 7 1 728 869 992 164
7446 4 2 7 1 949 1011 925 1592
7447 4 2 7 1 949 948 984 1592
7448 4 2 7 1 1065 1270 1418 1573
7449 4 2 7 1 1232 1102 1493 1608
7450 4 2 7 1 1062 1482 1332 1571
7451 4 2 7 1 295 274 342 1353
7452 4 2 7 1 474 450 452 1394
7453 4 2 7 1 274 336 306 1590
7454 4 2 7 1 46 732 172 1415
7455 4 2 7 1 56 904 738 352
7456 4 2 7 1 754 755 753 1594
7457 4 2 7 1 54 881 187 329
7458 4 2 7 1 742 880 853 1304
7459 4 2 7 1 246 247 192 1382
7460 4 2 7 1 505 354 908 1635
7461 4 2 7 1 666 297 18 1439
7462 4 2 7 1 515 535 366 1314
7463 4 2 7 1 1230 1419 1102 1425
7464 4 2 7 1 813 831 1578 1584
7465 4 2 7 1 394 396 491 1328
7466 4 2 7 1 969 1039 1435 1635
7467 4 2 7 1 677 703 544 1606
7468 4 2 7 1 393 395 391 1452
7469 4 2 7 1 1187 1206 1489 1515
7470 4 2 7 1 1155 1537 1230 1582
7471 4 2 7 1 893 857 877 1329
7472 4 2 7 1 509 489 525 1329
7473 4 2 7 1 855 752 753 1273
7474 4 2 7 1 1177 1548 1264 1552
7475 4 2 7 1 851 288 1284 1607
7476 4 2 7 1 1136 1501 1533 1545
7477 4 2 7 1 192 720 560 1382
7478 4 2 7 1 501 405 407 1233
7479 4 2 7 1 462 444 1539 1582
7480 4 2 7 1 419 421 418 1411
7481 4 2 7 1 886 38 741 241
7482 4 2 7 1 373 66 518 610
7483 4 2 7 1 756 759 770 1560
7484 4 2 7 1 38 886 333 241
7485 4 2 7 1 701 518 66 610
7486 4 2 7 1 433 434 374 1304
7487 4 2 7 1 271 273 269 1569
7488 4 2 7 1 541 344 20 173
7489 4 2 7 1 1102 1419 1354 1566
7490 4 2 7 1 599 607 581 1615
7491 4 2 7 1 1193 1469 1239 1508
7492 4 2 7 1 1279 1424 1108 1636
7493 4 2 7 1 1111 1473 1383 1475
7494 4 2 7 1 1104 1403 1392 1495
7495 4 2 7 1 846 889 748 1617
7496 4 2 7 1 425 794 1058 1322
7497 4 2 7 1 1042 1433 980 1567
7498 4 2 7 1 205 343 332 1562
7499 4 2 7 1 146 563 1002 687
7500 4 2 7 1 1222 1559 1558 1605
7501 4 2 7 1 772 1361 767 1621
7502 4 2 7 1 471 459 507 1512
7503 4 2 7 1 674 704 643 1363
7504 4 2 7 1 146 563 1027 1002
7505 4 2 7 1 872 1310 848 1578
7506 4 2 7 1 768 797 771 1621
7507 4 2 7 1 1240 1354 1559 1587
7508 4 2 7 1 320 177 295 1504
7509 4 2 7 1 1063 1542 1354 1587
7510 4 2 7 1 518 701 533 1381
7511 4 2 7 1 1419 1425 1166 1566
7512 4 2 7 1 1440 1533 1190 1545
7513 4 2 7 1 665 643 704 1363
7514 4 2 7 1 337 326 196 1618
7515 4 2 7 1 1209 1594 866 1613
7516 4 2 7 1 796 1322 885 1514
7517 4 2 7 1 210 212 208 1614
7518 4 2 7 1 1130 1340 1282 1643
7519 4 2 7 1 536 376 432 1374
7520 4 2 7 1 898 863 829 1459
7521 4 2 7 1 439 490 440 1510
7522 4 2 7 1 1036 910 1030 1589
7523 4 2 7 1 424 499 358 1465
7524 4 2 7 1 1332 1482 1070 1571
7525 4 2 7 1 404 509 525 1460
7526 4 2 7 1 969 1435 1233 1635
7527 4 2 7 1 914 176 129 1045
7528 4 2 7 1 619 618 558 1250
7529 4 2 7 1 384 387 386 1369
7530 4 2 7 1 834 826 884 1377
7531 4 2 7 1 1322 1420 1082 1514
7532 4 2 7 1 680 681 1396 1622
7533 4 2 7 1 442 440 458 1425
7534 4 2 7 1 560 192 29 720
7535 4 2 7 1 1071 1566 1426 1595
7536 4 2 7 1 317 223 221 1567
7537 4 2 7 1 228 226 311 1336
7538 4 2 7 1 1101 1365 1507 1551
7539 4 2 7 1 1175 1505 1362 1628
7540 4 2 7 1 1231 1559 1105 1605
7541 4 2 7 1 166 995 861 1514
7542 4 2 7 1 306 187 255 1470
7543 4 2 7 1 613 1339 591 1596
7544 4 2 7 1 259 280 1455 1605
7545 4 2 7 1 855 770 789 1560
7546 4 2 7 1 958 960 959 1541
7547 4 2 7 1 768 769 773 1338
7548 4 2 7 1 642 700 645 1362
7549 4 2 7 1 517 1322 427 1492
7550 4 2 7 1 354 979 908 1635
7551 4 2 7 1 1133 1531 1216 1564
7552 4 2 7 1 842 473 102 1534
7553 4 2 7 1 612 1596 703 1606
7554 4 2 7 1 299 1526 1247 1548
7555 4 2 7 1 1258 1573 1148 1642
7556 4 2 7 1 1131 1594 1284 1607
7557 4 2 7 1 346 275 323 1574
7558 4 2 7 1 1190 1521 1501 1533
7559 4 2 7 1 316 216 213 1445
7560 4 2 7 1 242 222 244 1597
7561 4 2 7 1 955 1038 1036 1589
7562 4 2 7 1 182 124 909 1008
7563 4 2 7 1 425 369 426 1058
7564 4 2 7 1 545 688 664 1504
7565 4 2 7 1 625 627 626 1602
7566 4 2 7 1 449 456 496 1316
7567 4 2 7 1 1110 1441 1352 1592
7568 4 2 7 1 864 825 818 1307
7569 4 2 7 1 1247 1518 1134 1526
7570 4 2 7 1 640 638 642 1611
7571 4 2 7 1 288 287 172 1284
7572 4 2 7 1 364 481 74 1476
7573 4 2 7 1 991 501 139 505
7574 4 2 7 1 914 952 1042 1567
7575 4 2 7 1 377 996 142 1026
7576 4 2 7 1 289 46 172 1415
7577 4 2 7 1 1008 182 124 308
7578 4 2 7 1 416 415 499 1499
7579 4 2 7 1 1392 1403 1115 1495
7580 4 2 7 1 992 1033 1037 1456
7581 4 2 7 1 290 1520 266 1624
7582 4 2 7 1 125 983 1008 170
7583 4 2 7 1 587 1371 588 1627
7584 4 2 7 1 1177 1562 1280 1623
7585 4 2 7 1 774 887 1245 1630
7586 4 2 7 1 492 515 366 1453
7587 4 2 7 1 352 738 56 190
7588 4 2 7 1 680 641 681 1622
7589 4 2 7 1 814 816 837 1584
7590 4 2 7 1 327 879 64 198
7591 4 2 7 1 959 1541 960 1579
7592 4 2 7 1 1264 1548 1095 1552
7593 4 2 7 1 46 850 732 1415
7594 4 2 7 1 658 540 74 1476
7595 4 2 7 1 1341 1557 1072 1644
7596 4 2 7 1 970 1019 1041 1570
7597 4 2 7 1 980 1042 950 1433
7598 4 2 7 1 283 282 324 1548
7599 4 2 7 1 1064 1383 1473 1475
7600 4 2 7 1 1110 1218 1506 1592
7601 4 2 7 1 439 440 368 1285
7602 4 2 7 1 972 976 1019 1570
7603 4 2 7 1 412 530 495 1577
7604 4 2 7 1 894 811 813 1578
7605 4 2 7 1 520 458 490 1516
7606 4 2 7 1 453 454 465 1620
7607 4 2 7 1 1175 1251 1517 1536
7608 4 2 7 1 1232 1464 1404 1608
7609 4 2 7 1 211 1375 310 1481
7610 4 2 7 1 874 322 62 1479
7611 4 2 7 1 1106 1478 1347 1602
7612 4 2 7 1 447 445 468 1582
7613 4 2 7 1 941 940 939 1423
7614 4 2 7 1 1230 1419 1106 1537
7615 4 2 7 1 948 925 923 1592
7616 4 2 7 1 359 475 105 1619
7617 4 2 7 1 105 844 727 1619
7618 4 2 7 1 353 409 525 1309
7619 4 2 7 1 778 721 893 1309
7620 4 2 7 1 849 805 888 1471
7621 4 2 7 1 314 1526 299 1548
7622 4 2 7 1 1127 1461 1224 1581
7623 4 2 7 1 381 119 382 750
7624 4 2 7 1 198 35 566 565
7625 4 2 7 1 222 335 1563 1597
7626 4 2 7 1 500 495 395 1324
7627 4 2 7 1 621 1443 619 1638
7628 4 2 7 1 61 301 874 748
7629 4 2 7 1 371 523 490 1510
7630 4 2 7 1 178 712 21 546
7631 4 2 7 1 705 1274 564 1618
7632 4 2 7 1 287 323 275 1467
7633 4 2 7 1 969 991 908 1635
7634 4 2 7 1 527 466 498 1523
7635 4 2 7 1 882 99 514 1428
7636 4 2 7 1 1036 1038 158 747
7637 4 2 7 1 378 485 506 1274
7638 4 2 7 1 755 756 753 1378
7639 4 2 7 1 1003 1381 917 1606
7640 4 2 7 1 848 872 729 1310
7641 4 2 7 1 241 243 242 1597
7642 4 2 7 1 996 1026 377 1492
7643 4 2 7 1 289 850 46 1415
7644 4 2 7 1 1148 1511 1258 1642
7645 4 2 7 1 705 662 564 1274
7646 4 2 7 1 226 228 227 1336
7647 4 2 7 1 858 888 870 1471
7648 4 2 7 1 1222 1535 1123 1587
7649 4 2 7 1 671 572 569 1399
7650 4 2 7 1 628 631 649 1478
7651 4 2 7 1 252 336 318 1590
7652 4 2 7 1 158 871 1036 747
7653 4 2 7 1 630 628 629 1347
7654 4 2 7 1 1119 1481 1367 1562
7655 4 2 7 1 1130 1282 1421 1643
7656 4 2 7 1 965 1463 964 1641
7657 4 2 7 1 1265 1563 1139 1567
7658 4 2 7 1 965 978 962 1463
7659 4 2 7 1 308 125 1008 170
7660 4 2 7 1 206 207 208 1511
7661 4 2 7 1 252 318 1486 1590
7662 4 2 7 1 353 97 721 1309
7663 4 2 7 1 24 177 545 1504
7664 4 2 7 1 608 676 538 1352
7665 4 2 7 1 1231 1558 1559 1605
7666 4 2 7 1 384 385 355 1633
7667 4 2 7 1 948 997 984 1441
7668 4 2 7 1 866 758 755 1594
7669 4 2 7 1 840 875 828 1507
7670 4 2 7 1 680 652 639 1396
7671 4 2 7 1 457 516 460 1356
7672 4 2 7 1 819 843 821 1376
7673 4 2 7 1 524 382 91 566
7674 4 2 7 1 356 102 473 1534
7675 4 2 7 1 842 102 724 1534
7676 4 2 7 1 1136 1533 1296 1545
7677 4 2 7 1 658 74 481 1476
7678 4 2 7 1 789 784 867 1509
7679 4 2 7 1 356 724 102 1534
7680 4 2 7 1 1099 1387 1501 1523
7681 4 2 7 1 676 608 699 1441
7682 4 2 7 1 607 608 593 1407
7683 4 2 7 1 1044 319 123 182
7684 4 2 7 1 915 360 140 991
7685 4 2 7 1 561 1381 612 1606
7686 4 2 7 1 142 493 996 377
7687 4 2 7 1 1402 1484 1206 1515
7688 4 2 7 1 1193 1387 1508 1525
7689 4 2 7 1 616 696 669 1359
7690 4 2 7 1 432 433 374 1304
7691 4 2 7 1 1362 1505 1116 1628
7692 4 2 7 1 166 920 995 1514
7693 4 2 7 1 407 505 501 1635
7694 4 2 7 1 302 175 280 1334
7695 4 2 7 1 745 166 861 1514
7696 4 2 7 1 670 649 543 1335
7697 4 2 7 1 501 140 360 991
7698 4 2 7 1 728 774 887 1245
7699 4 2 7 1 553 611 610 1321
7700 4 2 7 1 598 577 575 1564
7701 4 2 7 1 613 587 591 1339
7702 4 2 7 1 1291 1070 1482 1571
7703 4 2 7 1 255 184 256 1470
7704 4 2 7 1 571 569 572 1399
7705 4 2 7 1 406 405 519 1290
7706 4 2 7 1 810 811 809 1493
7707 4 2 7 1 697 619 558 1638
7708 4 2 7 1 841 840 724 1365
7709 4 2 7 1 472 356 471 1365
7710 4 2 7 1 269 281 270 1569
7711 4 2 7 1 1095 1517 1251 1536
7712 4 2 7 1 177 24 294 1504
7713 4 2 7 1 465 454 466 1275
7714 4 2 7 1 227 169 225 1488
7715 4 2 7 1 90 562 378 524
7716 4 2 7 1 908 991 139 505
7717 4 2 7 1 690 564 562 1274
7718 4 2 7 1 637 646 659 1494
7719 4 2 7 1 968 971 970 1561
7720 4 2 7 1 757 755 758 1447
7721 4 2 7 1 772 771 1361 1621
7722 4 2 7 1 897 876 850 1415
7723 4 2 7 1 925 924 923 1444
7724 4 2 7 1 935 1023 994 1458
7725 4 2 7 1 657 540 656 1283
7726 4 2 7 1 424 373 419 1321
7727 4 2 7 1 808 735 109 1510
7728 4 2 7 1 287 271 277 1467
7729 4 2 7 1 962 964 965 1463
7730 4 2 7 1 760 764 762 1370
7731 4 2 7 1 421 518 379 1381
7732 4 2 7 1 615 614 694 1524
7733 4 2 7 1 1190 1533 1501 1545
7734 4 2 7 1 429 430 510 1524
7735 4 2 7 1 887 775 796 1420
7736 4 2 7 1 323 288 350 1607
7737 4 2 7 1 978 979 1047 1453
7738 4 2 7 1 346 311 276 1481
7739 4 2 7 1 290 266 279 1624
7740 4 2 7 1 1265 1567 1139 1599
7741 4 2 7 1 278 261 284 1535
7742 4 2 7 1 680 681 652 1396
7743 4 2 7 1 289 172 277 1415
7744 4 2 7 1 1064 1473 1348 1475
7745 4 2 7 1 737 96 369 1329
7746 4 2 7 1 628 649 626 1602
7747 4 2 7 1 996 377 493 1492
7748 4 2 7 1 1068 1485 1380 1551
7749 4 2 7 1 1102 1425 1419 1566
7750 4 2 7 1 431 376 430 1374
7751 4 2 7 1 985 990 987 1379
7752 4 2 7 1 98 721 882 353
7753 4 2 7 1 258 260 342 1558
7754 4 2 7 1 596 595 594 1430
7755 4 2 7 1 953 1013 944 1345
7756 4 2 7 1 544 703 590 1289
7757 4 2 7 1 512 431 484 1359
7758 4 2 7 1 482 385 483 1633
7759 4 2 7 1 775 795 796 1420
7760 4 2 7 1 646 540 658 1476
7761 4 2 7 1 1120 1550 1338 1629
7762 4 2 7 1 727 359 105 1619
7763 4 2 7 1 669 556 616 1359
7764 4 2 7 1 974 976 972 1424
7765 4 2 7 1 1211 1621 1361 1630
7766 4 2 7 1 882 733 99 1428
7767 4 2 7 1 365 514 99 1428
7768 4 2 7 1 879 750 64 198
7769 4 2 7 1 338 223 321 1433
7770 4 2 7 1 673 709 693 1465
7771 4 2 7 1 611 613 591 1596
7772 4 2 7 1 813 831 872 1578
7773 4 2 7 1 1004 1048 917 1381
7774 4 2 7 1 929 1014 1007 1591
7775 4 2 7 1 909 1044 123 182
7776 4 2 7 1 587 583 588 1371
7777 4 2 7 1 1101 1512 1365 1551
7778 4 2 7 1 936 933 937 1547
7779 4 2 7 1 806 878 799 1462
7780 4 2 7 1 981 982 1029 1639
7781 4 2 7 1 701 561 716 1381
7782 4 2 7 1 1361 1621 771 1630
7783 4 2 7 1 235 234 237 1487
7784 4 2 7 1 253 246 326 1462
7785 4 2 7 1 1289 1417 1098 1627
7786 4 2 7 1 1296 1533 1440 1545
7787 4 2 7 1 935 994 1020 1610
7788 4 2 7 1 268 290 277 1520
7789 4 2 7 1 671 605 586 1389
7790 4 2 7 1 560 617 616 1382
7791 4 2 7 1 1253 1531 1133 1615
7792 4 2 7 1 1172 1378 1447 1500
7793 4 2 7 1 13 174 542 1519
7794 4 2 7 1 485 1616 521 1617
7795 4 2 7 1 653 630 647 1530
7796 4 2 7 1 852 866 1594 1613
7797 4 2 7 1 273 276 332 1367
7798 4 2 7 1 354 505 908 138
7799 4 2 7 1 871 747 790 1589
7800 4 2 7 1 320 342 260 1558
7801 4 2 7 1 907 950 1040 1433
7802 4 2 7 1 430 437 510 1527
7803 4 2 7 1 371 109 735 1510
7804 4 2 7 1 355 72 549 1633
7805 4 2 7 1 457 455 453 1620
7806 4 2 7 1 694 622 615 1532
7807 4 2 7 1 300 247 328 1382
7808 4 2 7 1 205 310 204 1562
7809 4 2 7 1 650 638 639 1611
7810 4 2 7 1 57 744 904 1490
7811 4 2 7 1 295 296 274 1353
7812 4 2 7 1 1313 1466 1061 1580
7813 4 2 7 1 506 746 118 892
7814 4 2 7 1 1061 1466 1342 1580
7815 4 2 7 1 690 340 34 194
7816 4 2 7 1 772 1361 771 1630
7817 4 2 7 1 796 885 745 1514
7818 4 2 7 1 57 352 188 1490
7819 4 2 7 1 521 485 477 1616
7820 4 2 7 1 262 280 292 1455
7821 4 2 7 1 989 988 987 1497
7822 4 2 7 1 439 808 109 1510
7823 4 2 7 1 211 207 310 1375
7824 4 2 7 1 462 444 504 1539
7825 4 2 7 1 431 372 484 1359
7826 4 2 7 1 297 324 180 1439
7827 4 2 7 1 840 824 830 1507
7828 4 2 7 1 745 920 166 1514
7829 4 2 7 1 645 678 580 1440
7830 4 2 7 1 401 487 420 1585
7831 4 2 7 1 772 767 771 1621
7832 4 2 7 1 353 525 489 1309
7833 4 2 7 1 721 857 893 1309
7834 4 2 7 1 412 495 410 1398
7835 4 2 7 1 212 307 238 1614
7836 4 2 7 1 304 13 672 1519
7837 4 2 7 1 1010 1029 1032 1640
7838 4 2 7 1 601 602 599 1615
7839 4 2 7 1 1283 1501 1099 1521
7840 4 2 7 1 980 1433 317 1567
7841 4 2 7 1 682 651 668 1517
7842 4 2 7 1 993 1003 917 1606
7843 4 2 7 1 565 340 34 690
7844 4 2 7 1 262 259 280 1455
7845 4 2 7 1 707 621 619 1638
7846 4 2 7 1 381 506 118 892
7847 4 2 7 1 597 679 595 1296
7848 4 2 7 1 878 743 798 1527
7849 4 2 7 1 969 1039 966 1435
7850 4 2 7 1 1062 1281 1540 1600
7851 4 2 7 1 144 1056 511 1054
7852 4 2 7 1 911 977 961 1314
7853 4 2 7 1 797 775 771 1630
7854 4 2 7 1 492 137 979 1047
7855 4 2 7 1 1136 1369 1546 1549
7856 4 2 7 1 1056 156 695 1057
7857 4 2 7 1 214 219 307 1355
7858 4 2 7 1 528 660 76 1553
7859 4 2 7 1 663 294 24 1504
7860 4 2 7 1 1099 1501 1283 1523
7861 4 2 7 1 337 293 301 1618
7862 4 2 7 1 682 571 574 1457
7863 4 2 7 1 926 924 925 1444
7864 4 2 7 1 917 1003 1004 1381
7865 4 2 7 1 16 667 298 1518
7866 4 2 7 1 377 517 427 1492
7867 4 2 7 1 379 518 533 1381
7868 4 2 7 1 309 193 130 1045
7869 4 2 7 1 171 539 16 1518
7870 4 2 7 1 624 674 625 1468
7871 4 2 7 1 458 520 480 1516
7872 4 2 7 1 326 245 196 1532
7873 4 2 7 1 24 545 663 1504
7874 4 2 7 1 718 691 597 1533
7875 4 2 7 1 798 799 878 1527
7876 4 2 7 1 1028 1053 920 1514
7877 4 2 7 1 766 768 767 1621
7878 4 2 7 1 1101 1565 1246 1632
7879 4 2 7 1 906 921 151 1637
7880 4 2 7 1 701 612 561 1381
7881 4 2 7 1 599 598 600 1531
7882 4 2 7 1 507 459 530 1577
7883 4 2 7 1 617 560 720 1382
7884 4 2 7 1 326 246 245 1532
7885 4 2 7 1 595 585 594 1430
7886 4 2 7 1 427 519 493 1492
7887 4 2 7 1 861 887 796 1514
7888 4 2 7 1 244 222 218 1563
7889 4 2 7 1 592 685 1627 1637
7890 4 2 7 1 455 471 461 1512
7891 4 2 7 1 835 895 866 1613
7892 4 2 7 1 365 99 733 1428
7893 4 2 7 1 947 941 1013 1588
7894 4 2 7 1 660 547 76 1553
7895 4 2 7 1 779 769 868 1629
7896 4 2 7 1 282 314 299 1548
7897 4 2 7 1 259 257 280 1605
7898 4 2 7 1 1180 1470 1590 1595
7899 4 2 7 1 963 1006 1021 1626
7900 4 2 7 1 211 209 207 1375
7901 4 2 7 1 317 321 223 1433
7902 4 2 7 1 778 779 780 1629
7903 4 2 7 1 197 62 322 1479
7904 4 2 7 1 874 62 749 1479
7905 4 2 7 1 13 304 174 1519
7906 4 2 7 1 13 542 672 1519
7907 4 2 7 1 908 979 1039 1635
7908 4 2 7 1 494 391 395 1452
7909 4 2 7 1 884 826 829 1377
7910 4 2 7 1 911 1047 136 366
7911 4 2 7 1 479 480 478 1468
7912 4 2 7 1 228 311 346 1574
7913 4 2 7 1 485 378 477 1274
7914 4 2 7 1 984 997 912 1441
7915 4 2 7 1 852 866 754 1594
7916 4 2 7 1 179 290 279 1624
7917 4 2 7 1 957 958 959 1541
7918 4 2 7 1 1082 1492 1322 1514
7919 4 2 7 1 906 151 689 1637
7920 4 2 7 1 985 986 949 1506
7921 4 2 7 1 485 1274 1616 1617
7922 4 2 7 1 681 654 541 1622
7923 4 2 7 1 355 482 72 1633
7924 4 2 7 1 668 651 692 1517
7925 4 2 7 1 201 314 202 1526
7926 4 2 7 1 485 1274 477 1616
7927 4 2 7 1 657 72 482 1633
7928 4 2 7 1 389 498 386 1546
7929 4 2 7 1 193 918 130 1045
7930 4 2 7 1 737 857 96 1329
7931 4 2 7 1 489 369 96 1329
7932 4 2 7 1 538 706 608 1352
7933 4 2 7 1 209 316 213 1445
7934 4 2 7 1 76 547 357 1553
7935 4 2 7 1 1023 1025 994 1458
7936 4 2 7 1 606 603 604 1528
7937 4 2 7 1 877 773 893 1544
7938 4 2 7 1 229 212 230 1642
7939 4 2 7 1 555 707 697 1638
7940 4 2 7 1 491 422 408 1598
7941 4 2 7 1 354 492 137 979
7942 4 2 7 1 620 619 621 1443
7943 4 2 7 1 656 640 644 1521
7944 4 2 7 1 908 354 138 979
7945 4 2 7 1 667 16 539 1518
7946 4 2 7 1 16 298 171 1518
7947 4 2 7 1 128 176 914 1567
7948 4 2 7 1 136 1047 492 366
7949 4 2 7 1 586 600 598 1531
7950 4 2 7 1 439 109 371 1510
7951 4 2 7 1 76 357 528 1553
7952 4 2 7 1 44 851 723 1607
7953 4 2 7 1 128 914 980 1567
7954 4 2 7 1 653 641 632 1530
7955 4 2 7 1 44 288 851 1607
7956 4 2 7 1 483 498 466 1523
7957 4 2 7 1 885 796 794 1322
7958 4 2 7 1 517 425 427 1322
7959 4 2 7 1 570 571 682 1457
7960 4 2 7 1 504 526 479 1539
7961 4 2 7 1 434 435 436 1427
7962 4 2 7 1 1014 988 1016 1390
7963 4 2 7 1 718 549 657 1633
7964 4 2 7 1 481 508 529 1476
7965 4 2 7 1 828 875 898 1604
7966 4 2 7 1 475 359 476 1619
7967 4 2 7 1 845 727 844 1619
7968 4 2 7 1 957 1003 993 1606
7969 4 2 7 1 614 559 694 1524
7970 4 2 7 1 357 497 469 1553
7971 4 2 7 1 657 549 72 1633
7972 4 2 7 1 562 564 662 1274
7973 4 2 7 1 128 980 317 1567
7974 4 2 7 1 769 766 868 1550
7975 4 2 7 1 574 573 678 1505
7976 4 2 7 1 862 764 760 1370
7977 4 2 7 1 128 317 176 1567
7978 4 2 7 1 278 178 286 1450
7979 4 2 7 1 655 546 647 1450
7980 4 2 7 1 585 684 582 1498
7981 4 2 7 1 284 263 272 1535
7982 4 2 7 1 677 561 612 1606
7983 4 2 7 1 1130 1432 1340 1643
7984 4 2 7 1 830 842 724 1534
7985 4 2 7 1 473 461 356 1534
7986 4 2 7 1 395 495 460 1324
7987 4 2 7 1 252 306 336 1590
7988 4 2 7 1 666 692 713 1439
7989 4 2 7 1 559 380 88 1616
7990 4 2 7 1 781 779 863 1346
7991 4 2 7 1 968 969 966 1435
7992 4 2 7 1 380 429 510 1524
7993 4 2 7 1 894 872 848 1578
7994 4 2 7 1 491 408 403 1598
7995 4 2 7 1 656 646 640 1521
7996 4 2 7 1 221 335 176 1567
7997 4 2 7 1 590 587 588 1627
7998 4 2 7 1 714 691 644 1533
7999 4 2 7 1 839 831 730 1334
8000 4 2 7 1 462 470 362 1335
8001 4 2 7 1 851 754 723 1607
8002 4 2 7 1 694 567 622 1532
8003 4 2 7 1 961 960 962 1579
8004 4 2 7 1 921 685 151 1637
8005 4 2 7 1 1019 970 972 1570
8006 4 2 7 1 591 703 612 1596
8007 4 2 7 1 744 800 801 1490
8008 4 2 7 1 248 247 188 1490
8009 4 2 7 1 631 661 649 1478
8010 4 2 7 1 375 510 437 1527
8011 4 2 7 1 938 936 939 1601
8012 4 2 7 1 1017 989 987 1497
8013 4 2 7 1 1147 1616 1274 1617
8014 4 2 7 1 1008 983 1009 1477
8015 4 2 7 1 331 239 308 1477
8016 4 2 7 1 934 936 938 1601
8017 4 2 7 1 550 676 699 1441
8018 4 2 7 1 981 905 982 1639
8019 4 2 7 1 783 782 765 1581
8020 4 2 7 1 489 96 857 1329
8021 4 2 7 1 1274 1616 1147 1618
8022 4 2 7 1 980 950 907 1433
8023 4 2 7 1 577 598 581 1564
8024 4 2 7 1 662 88 477 1616
8025 4 2 7 1 966 965 964 1641
8026 4 2 7 1 239 170 308 1477
8027 4 2 7 1 444 462 445 1582
8028 4 2 7 1 1126 1577 1398 1586
8029 4 2 7 1 590 592 685 1627
8030 4 2 7 1 863 764 829 1459
8031 4 2 7 1 181 44 723 1607
8032 4 2 7 1 1005 956 922 1417
8033 4 2 7 1 522 354 505 1635
8034 4 2 7 1 814 831 813 1584
8035 4 2 7 1 511 120 899 879
8036 4 2 7 1 347 327 36 695
8037 4 2 7 1 1056 156 715 695
8038 4 2 7 1 685 689 151 1637
8039 4 2 7 1 559 88 662 1616
8040 4 2 7 1 410 411 412 1398
8041 4 2 7 1 996 1052 1028 1492
8042 4 2 7 1 57 188 744 1490
8043 4 2 7 1 93 517 532 900
8044 4 2 7 1 304 236 174 1519
8045 4 2 7 1 672 542 605 1519
8046 4 2 7 1 199 568 15 1634
8047 4 2 7 1 838 825 865 1491
8048 4 2 7 1 883 792 860 1640
8049 4 2 7 1 443 446 464 1625
8050 4 2 7 1 419 418 416 1411
8051 4 2 7 1 910 1010 1032 1640
8052 4 2 7 1 252 251 250 1486
8053 4 2 7 1 171 539 1518 1634
8054 4 2 7 1 221 222 335 1563
8055 4 2 7 1 63 64 750 198
8056 4 2 7 1 772 771 774 1630
8057 4 2 7 1 774 775 887 1630
8058 4 2 7 1 197 749 62 1479
8059 4 2 7 1 673 693 553 1465
8060 4 2 7 1 201 171 298 1518
8061 4 2 7 1 539 570 667 1518
8062 4 2 7 1 782 783 784 1581
8063 4 2 7 1 1015 936 937 1547
8064 4 2 7 1 247 300 192 1382
8065 4 2 7 1 812 833 815 1608
8066 4 2 7 1 757 758 862 1447
8067 4 2 7 1 700 574 678 1505
8068 4 2 7 1 531 144 1056 511
8069 4 2 7 1 12 11 609 240
8070 4 2 7 1 15 539 171 1634
8071 4 2 7 1 865 725 838 1491
8072 4 2 7 1 660 648 547 1553
8073 4 2 7 1 714 645 679 1440
8074 4 2 7 1 423 515 492 1453
8075 4 2 7 1 931 1012 1021 1454
8076 4 2 7 1 1008 1009 1046 1477
8077 4 2 7 1 969 908 1039 1635
8078 4 2 7 1 432 376 431 1374
8079 4 2 7 1 380 477 88 1616
8080 4 2 7 1 1011 1014 929 1591
8081 4 2 7 1 603 601 604 1528
8082 4 2 7 1 810 833 812 1608
8083 4 2 7 1 842 103 102 473
8084 4 2 7 1 475 104 105 844
8085 4 2 7 1 299 324 282 1548
8086 4 2 7 1 1036 1030 955 1589
8087 4 2 7 1 841 101 100 472
8088 4 2 7 1 784 785 867 1509
8089 4 2 7 1 611 591 612 1596
8090 4 2 7 1 169 341 225 1488
8091 4 2 7 1 441 443 464 1625
8092 4 2 7 1 766 762 868 1550
8093 4 2 7 1 420 499 415 1499
8094 4 2 7 1 716 533 65 701
8095 4 2 7 1 37 901 348 333
8096 4 2 7 1 973 1025 975 1636
8097 4 2 7 1 782 759 761 1461
8098 4 2 7 1 686 620 621 1443
8099 4 2 7 1 455 459 471 1512
8100 4 2 7 1 792 890 722 1639
8101 4 2 7 1 201 299 314 1526
8102 4 2 7 1 502 436 435 1427
8103 4 2 7 1 692 666 548 1439
8104 4 2 7 1 12 13 174 542
8105 4 2 7 1 271 287 275 1467
8106 4 2 7 1 900 93 517 885
8107 4 2 7 1 44 181 288 1607
8108 4 2 7 1 318 251 252 1486
8109 4 2 7 1 733 780 902 1428
8110 4 2 7 1 411 365 534 1428
8111 4 2 7 1 854 107 106 486
8112 4 2 7 1 487 401 387 1585
8113 4 2 7 1 602 607 599 1615
8114 4 2 7 1 858 735 808 1510
8115 4 2 7 1 304 13 14 672
8116 4 2 7 1 743 846 116 1617
8117 4 2 7 1 206 208 229 1511
8118 4 2 7 1 177 294 295 1504
8119 4 2 7 1 973 975 974 1636
8120 4 2 7 1 1033 975 1037 1456
8121 4 2 7 1 102 101 724 356
8122 4 2 7 1 11 10 557 189
8123 4 2 7 1 850 876 732 1415
8124 4 2 7 1 568 539 15 1634
8125 4 2 7 1 171 199 15 1634
8126 4 2 7 1 32 564 293 1618
8127 4 2 7 1 569 539 568 1634
8128 4 2 7 1 199 171 200 1634
8129 4 2 7 1 612 703 677 1606
8130 4 2 7 1 375 743 116 1617
8131 4 2 7 1 716 155 1048 917
8132 4 2 7 1 14 15 199 568
8133 4 2 7 1 785 787 788 1442
8134 4 2 7 1 334 349 9 717
8135 4 2 7 1 888 805 870 1471
8136 4 2 7 1 276 211 310 1481
8137 4 2 7 1 714 597 691 1533
8138 4 2 7 1 906 922 921 1637
8139 4 2 7 1 332 310 205 1562
8140 4 2 7 1 80 81 624 478
8141 4 2 7 1 659 635 637 1494
8142 4 2 7 1 16 17 298 667
8143 4 2 7 1 959 960 961 1579
8144 4 2 7 1 269 273 281 1569
8145 4 2 7 1 966 964 967 1641
8146 4 2 7 1 1028 1026 996 1492
8147 4 2 7 1 389 388 494 1449
8148 4 2 7 1 481 364 508 1476
8149 4 2 7 1 52 51 184 729
8150 4 2 7 1 1021 1006 927 1626
8151 4 2 7 1 509 404 428 1460
8152 4 2 7 1 290 268 266 1520
8153 4 2 7 1 852 876 835 1613
8154 4 2 7 1 108 107 736 368
8155 4 2 7 1 3 1055 879 327
8156 4 2 7 1 24 23 545 177
8157 4 2 7 1 359 105 106 727
8158 4 2 7 1 371 490 439 1510
8159 4 2 7 1 234 235 232 1487
8160 4 2 7 1 781 875 902 1604
8161 4 2 7 1 552 79 80 361
8162 4 2 7 1 131 348 1051 918
8163 4 2 7 1 1182 1627 1417 1637
8164 4 2 7 1 877 797 773 1544
8165 4 2 7 1 171 15 16 539
8166 4 2 7 1 380 88 87 559
8167 4 2 7 1 18 17 548 180
8168 4 2 7 1 155 716 561 917
8169 4 2 7 1 737 794 795 1058
8170 4 2 7 1 263 284 261 1535
8171 4 2 7 1 104 103 731 363
8172 4 2 7 1 840 828 824 1507
8173 4 2 7 1 892 746 749 1479
8174 4 2 7 1 197 194 340 1479
8175 4 2 7 1 689 592 706 1637
8176 4 2 7 1 1024 935 1020 1610
8177 4 2 7 1 335 222 243 1597
8178 4 2 7 1 653 632 630 1530
8179 4 2 7 1 256 306 255 1470
8180 4 2 7 1 532 1049 1026 143
8181 4 2 7 1 1013 1032 947 1588
8182 4 2 7 1 662 88 89 477
8183 4 2 7 1 78 79 670 470
8184 4 2 7 1 302 51 50 839
8185 4 2 7 1 952 945 1042 1599
8186 4 2 7 1 84 83 370 554
8187 4 2 7 1 871 790 903 1589
8188 4 2 7 1 196 32 293 1618
8189 4 2 7 1 116 846 485 1617
8190 4 2 7 1 367 82 81 551
8191 4 2 7 1 890 873 722 1639
8192 4 2 7 1 58 57 188 744
8193 4 2 7 1 133 379 533 1048
8194 4 2 7 1 793 39 40 185
8195 4 2 7 1 424 68 67 553
8196 4 2 7 1 756 770 855 1560
8197 4 2 7 1 901 37 886 333
8198 4 2 7 1 533 518 65 701
8199 4 2 7 1 509 369 489 1329
8200 4 2 7 1 737 877 857 1329
8201 4 2 7 1 196 567 32 1618
8202 4 2 7 1 311 211 276 1481
8203 4 2 7 1 662 705 559 1616
8204 4 2 7 1 948 949 925 1592
8205 4 2 7 1 221 218 222 1563
8206 4 2 7 1 167 1049 745 900
8207 4 2 7 1 717 9 334 702
8208 4 2 7 1 532 1026 377 143
8209 4 2 7 1 131 348 918 193
8210 4 2 7 1 650 642 638 1611
8211 4 2 7 1 288 45 44 851
8212 4 2 7 1 73 72 482 657
8213 4 2 7 1 654 681 641 1622
8214 4 2 7 1 154 993 677 153
8215 4 2 7 1 87 86 429 614
8216 4 2 7 1 769 779 778 1629
8217 4 2 7 1 507 412 534 1577
8218 4 2 7 1 179 48 47 725
8219 4 2 7 1 547 75 76 357
8220 4 2 7 1 663 545 664 1504
8221 4 2 7 1 1004 379 133 1048
8222 4 2 7 1 645 580 679 1440
8223 4 2 7 1 95 96 369 737
8224 4 2 7 1 695 2 347 1057
8225 4 2 7 1 1055 168 3 879
8226 4 2 7 1 1055 3 132 327
8227 4 2 7 1 627 628 626 1602
8228 4 2 7 1 20 19 541 173
8229 4 2 7 1 866 852 835 1613
8230 4 2 7 1 796 745 861 1514
8231 4 2 7 1 212 210 307 1614
8232 4 2 7 1 23 22 655 286
8233 4 2 7 1 743 889 846 1617
8234 4 2 7 1 172 46 45 732
8235 4 2 7 1 73 74 540 364
8236 4 2 7 1 808 109 108 439
8237 4 2 7 1 493 377 427 1492
8238 4 2 7 1 687 1002 146 147
8239 4 2 7 1 94 95 425 794
8240 4 2 7 1 746 874 749 1479
8241 4 2 7 1 385 386 498 1546
8242 4 2 7 1 49 50 730 175
8243 4 2 7 1 543 77 78 362
8244 4 2 7 1 1050 145 717 1027
8245 4 2 7 1 590 588 592 1627
8246 4 2 7 1 38 39 741 241
8247 4 2 7 1 373 67 66 610
8248 4 2 7 1 322 194 197 1479
8249 4 2 7 1 563 717 145 1027
8250 4 2 7 1 920 1053 995 1514
8251 4 2 7 1 744 801 904 1490
8252 4 2 7 1 259 258 257 1605
8253 4 2 7 1 7 511 899 1054
8254 4 2 7 1 188 352 248 1490
8255 4 2 7 1 1049 745 920 167
8256 4 2 7 1 111 112 374 742
8257 4 2 7 1 186 27 28 558
8258 4 2 7 1 32 567 564 1618
8259 4 2 7 1 453 465 457 1620
8260 4 2 7 1 945 952 944 1599
8261 4 2 7 1 411 514 365 1428
8262 4 2 7 1 733 882 780 1428
8263 4 2 7 1 230 231 229 1642
8264 4 2 7 1 883 860 734 1640
8265 4 2 7 1 357 469 528 1553
8266 4 2 7 1 663 25 24 294
8267 4 2 7 1 564 33 32 293
8268 4 2 7 1 544 153 913 152
8269 4 2 7 1 916 165 728 164
8270 4 2 7 1 83 82 438 623
8271 4 2 7 1 444 526 504 1539
8272 4 2 7 1 980 914 1042 1567
8273 4 2 7 1 317 221 176 1567
8274 4 2 7 1 685 151 152 921
8275 4 2 7 1 385 482 355 1633
8276 4 2 7 1 566 36 35 198
8277 4 2 7 1 382 119 120 750
8278 4 2 7 1 1018 538 150 149
8279 4 2 7 1 869 163 992 164
8280 4 2 7 1 253 59 58 806
8281 4 2 7 1 222 242 243 1597
8282 4 2 7 1 162 722 981 161
8283 4 2 7 1 350 228 323 1574
8284 4 2 7 1 21 22 178 546
8285 4 2 7 1 861 166 165 995
8286 4 2 7 1 676 148 149 997
8287 4 2 7 1 183 25 26 555
8288 4 2 7 1 906 151 150 689
8289 4 2 7 1 658 74 75 481
8290 4 2 7 1 289 47 46 850
8291 4 2 7 1 148 550 147 912
8292 4 2 7 1 169 42 41 856
8293 4 2 7 1 488 70 69 537
8294 4 2 7 1 85 84 484 669
8295 4 2 7 1 61 60 301 748
8296 4 2 7 1 245 30 31 622
8297 4 2 7 1 115 114 798 437
8298 4 2 7 1 156 2 695 1057
8299 4 2 7 1 109 110 371 735
8300 4 2 7 1 901 157 1038 747
8301 4 2 7 1 996 493 142 141
8302 4 2 7 1 767 768 771 1621
8303 4 2 7 1 813 872 894 1578
8304 4 2 7 1 901 157 1051 1038
8305 4 2 7 1 781 898 875 1604
8306 4 2 7 1 176 129 128 914
8307 4 2 7 1 873 163 162 905
8308 4 2 7 1 738 55 56 190
8309 4 2 7 1 181 44 43 723
8310 4 2 7 1 72 71 355 549
8311 4 2 7 1 771 775 774 1630
8312 4 2 7 1 116 485 375 1617
8313 4 2 7 1 754 866 755 1594
8314 4 2 7 1 511 7 144 1054
8315 4 2 7 1 915 360 141 140
8316 4 2 7 1 846 117 116 485
8317 4 2 7 1 740 114 113 376
8318 4 2 7 1 29 30 192 560
8319 4 2 7 1 1036 871 158 159
8320 4 2 7 1 92 91 382 566
8321 4 2 7 1 161 1010 160 860
8322 4 2 7 1 561 154 155 917
8323 4 2 7 1 358 69 68 673
8324 4 2 7 1 41 40 305 726
8325 4 2 7 1 123 124 909 182
8326 4 2 7 1 159 734 160 910
8327 4 2 7 1 255 53 52 847
8328 4 2 7 1 564 567 705 1618
8329 4 2 7 1 372 86 85 556
8330 4 2 7 1 100 99 733 365
8331 4 2 7 1 983 125 126 170
8332 4 2 7 1 366 136 911 135
8333 4 2 7 1 507 530 412 1577
8334 4 2 7 1 142 377 1026 143
8335 4 2 7 1 563 145 146 1027
8336 4 2 7 1 321 127 126 907
8337 4 2 7 1 137 138 354 979
8338 4 2 7 1 745 166 920 167
8339 4 2 7 1 31 32 196 567
8340 4 2 7 1 383 71 70 698
8341 4 2 7 1 330 43 42 752
8342 4 2 7 1 350 288 181 1607
8343 4 2 7 1 1050 1 349 717
8344 4 2 7 1 814 837 831 1584
8345 4 2 7 1 468 445 462 1582
8346 4 2 7 1 1004 379 134 133
8347 4 2 7 1 739 53 54 187
8348 4 2 7 1 918 130 131 193
8349 4 2 7 1 743 116 115 375
8350 4 2 7 1 532 1049 8 900
8351 4 2 7 1 158 1038 157 747
8352 4 2 7 1 1048 533 5 716
8353 4 2 7 1 901 4 348 1051
8354 4 2 7 1 323 228 346 1574
8355 4 2 7 1 505 407 522 1635
8356 4 2 7 1 195 122 121 919
8357 4 2 7 1 477 380 521 1616
8358 4 2 7 1 89 90 562 378
8359 4 2 7 1 140 501 139 991
8360 4 2 7 1 98 97 721 353
8361 4 2 7 1 980 127 128 317
8362 4 2 7 1 196 293 337 1618
8363 4 2 7 1 309 130 129 1045
8364 4 2 7 1 592 689 685 1637
8365 4 2 7 1 1008 124 125 308
8366 4 2 7 1 660 76 77 528
8367 4 2 7 1 48 49 896 291
8368 4 2 7 1 93 94 517 885
8369 4 2 7 1 110 111 513 807
8370 4 2 7 1 254 26 27 697
8371 4 2 7 1 19 18 666 297
8372 4 2 7 1 6 92 531 715
8373 4 2 7 1 1 9 349 717
8374 4 2 7 1 375 485 521 1617
8375 4 2 7 1 118 117 746 506
8376 4 2 7 1 34 33 690 194
8377 4 2 7 1 63 62 197 749
8378 4 2 7 1 697 707 619 1638
8379 4 2 7 1 60 59 191 751
8380 4 2 7 1 135 1043 503 134
8381 4 2 7 1 901 4 37 348
8382 4 2 7 1 533 65 5 716
8383 4 2 7 1 96 97 489 857
8384 4 2 7 1 9 10 334 702
8385 4 2 7 1 879 64 3 327
8386 4 2 7 1 145 1 1050 717
8387 4 2 7 1 4 901 157 1051
8388 4 2 7 1 37 38 886 333
8389 4 2 7 1 518 66 65 701
8390 4 2 7 1 8 1049 532 143
8391 4 2 7 1 8 93 532 900
8392 4 2 7 1 492 137 1047 136
8393 4 2 7 1 155 1048 5 716
8394 4 2 7 1 319 123 122 1044
8395 4 2 7 1 112 113 536 853
8396 4 2 7 1 511 120 7 899
8397 4 2 7 1 347 36 2 695
8398 4 2 7 1 348 4 131 1051
8399 4 2 7 1 322 62 61 874
8400 4 2 7 1 349 121 1 1050
8401 4 2 7 1 139 908 505 138
8402 4 2 7 1 300 28 29 720
8403 4 2 7 1 133 533 5 1048
8404 4 2 7 1 167 8 1049 900
8405 4 2 7 1 99 98 882 514
8406 4 2 7 1 881 54 55 329
8407 4 2 7 1 381 118 119 892
8408 4 2 7 1 34 35 340 565
8409 4 2 7 1 1056 6 531 715
8410 4 2 7 1 6 1056 156 715
8411 4 2 7 1 6 531 144 1056
8412 4 2 7 1 21 20 712 344
8413 4 2 7 1 524 91 90 708
8414 4 2 7 1 904 56 57 352
8415 4 2 7 1 2 132 347 1057
8416 4 2 7 1 1054 899 7 168
8417 4 2 7 1 737 369 794 1058
8418 4 2 7 1 369 425 794 1058
8419 4 2 7 1 1502 1144 1173 1406
8420 4 2 7 1 1502 1173 1144 1333
8421 4 2 7 1 1504 183 296 1196
8422 4 2 7 1 1504 296 183 294
8423 4 2 7 1 1307 837 816 1154
8424 4 2 7 1 1307 816 837 825
8425 4 2 7 1 1264 267 1408 270
8426 4 2 7 1 1264 1408 267 1153
8427 4 2 7 1 1316 468 447 456
8428 4 2 7 1 1316 447 468 1155
8429 4 2 7 1 1472 1135 1401 1173
8430 4 2 7 1 1472 1401 1135 1320
8431 4 2 7 1 1290 426 1229 1168
8432 4 2 7 1 1290 1229 426 406
8433 4 2 7 1 428 1229 426 1168
8434 4 2 7 1 428 426 1229 406
8435 4 2 7 1 1572 1115 1128 1409
8436 4 2 7 1 1572 1128 1115 1392
8437 4 2 7 1 1504 555 665 663
8438 4 2 7 1 1504 665 555 1196
8439 4 2 7 1 1238 1045 1265 954
8440 4 2 7 1 1238 1265 1045 309
8441 4 2 7 1 1621 763 1302 767
8442 4 2 7 1 1621 1302 763 1141
8443 4 2 7 1 1478 1155 1582 1106
8444 4 2 7 1 1478 1582 1155 1204
8445 4 2 7 1 1604 1428 1365 902
8446 4 2 7 1 1604 1365 1428 1126
8447 4 2 7 1 1408 267 1263 312
8448 4 2 7 1 1408 1263 267 1153
8449 4 2 7 1 1272 1391 1557 1145
8450 4 2 7 1 1225 1391 1557 1072
8451 4 2 7 1 1225 1557 1391 1145
8452 4 2 7 1 1593 1264 1434 1408
8453 4 2 7 1 1593 1434 1264 1552
8454 4 2 7 1 1268 636 1299 1157
8455 4 2 7 1 1268 1299 636 634
8456 4 2 7 1 1263 267 1294 265
8457 4 2 7 1 1263 1294 267 1153
8458 4 2 7 1 1577 1428 1365 1126
8459 4 2 7 1 1577 1365 1428 534
8460 4 2 7 1 1238 348 901 333
8461 4 2 7 1 1238 901 348 1051
8462 4 2 7 1 1305 1392 1572 1115
8463 4 2 7 1 1572 1392 1305 1103
8464 4 2 7 1 1251 636 1396 1157
8465 4 2 7 1 1251 1396 636 639
8466 4 2 7 1 294 555 1504 663
8467 4 2 7 1 1504 555 294 183
8468 4 2 7 1 1356 1319 1485 1092
8469 4 2 7 1 1356 1485 1319 1118
8470 4 2 7 1 1260 820 864 823
8471 4 2 7 1 1260 864 820 1156
8472 4 2 7 1 1445 214 215 213
8473 4 2 7 1 1445 215 214 1132
8474 4 2 7 1 1523 467 466 508
8475 4 2 7 1 1523 466 467 1275
8476 4 2 7 1 1122 1386 1348 1163
8477 4 2 7 1 1122 1348 1386 1325
8478 4 2 7 1 1087 1348 1386 1163
8479 4 2 7 1 1087 1386 1348 1325
8480 4 2 7 1 1446 1640 792 786
8481 4 2 7 1 792 1640 1446 1217
8482 4 2 7 1 1095 1183 1396 1439
8483 4 2 7 1 1095 1396 1183 1593
8484 4 2 7 1 1515 1156 1090 1489
8485 4 2 7 1 1515 1090 1156 1260
8486 4 2 7 1 1620 1184 457 1512
8487 4 2 7 1 1620 457 1184 1356
8488 4 2 7 1 1413 1557 1112 1164
8489 4 2 7 1 1112 1557 1413 1072
8490 4 2 7 1 1238 348 193 918
8491 4 2 7 1 1238 193 348 333
8492 4 2 7 1 912 687 147 1002
8493 4 2 7 1 912 147 687 550
8494 4 2 7 1 566 327 36 198
8495 4 2 7 1 566 36 327 695
8496 4 2 7 1 879 382 120 750
8497 4 2 7 1 879 120 382 511
8498 4 2 7 1 1528 1110 1097 1220
8499 4 2 7 1 1528 1097 1110 1253
8500 4 2 7 1 1446 1208 1124 1217
8501 4 2 7 1 1446 1124 1208 1188
8502 4 2 7 1 1238 901 747 886
8503 4 2 7 1 1238 747 901 1038
8504 4 2 7 1 1520 1415 290 277
8505 4 2 7 1 1520 290 1415 1185
8506 4 2 7 1 1393 1291 1195 1120
8507 4 2 7 1 1393 1195 1291 1107
8508 4 2 7 1 1267 688 664 710
8509 4 2 7 1 1267 664 688 1189
8510 4 2 7 1 1054 879 168 1055
8511 4 2 7 1 168 879 1054 899
8512 4 2 7 1 1491 836 897 1185
8513 4 2 7 1 1491 897 836 865
8514 4 2 7 1 1552 1623 1091 1177
8515 4 2 7 1 1091 1623 1552 1269
8516 4 2 7 1 1411 1381 1314 1161
8517 4 2 7 1 1411 1314 1381 421
8518 4 2 7 1 1613 834 1209 1260
8519 4 2 7 1 1613 1209 834 895
8520 4 2 7 1 1399 573 1216 572
8521 4 2 7 1 1399 1216 573 1165
8522 4 2 7 1 1511 217 1400 1258
8523 4 2 7 1 1511 1400 217 206
8524 4 2 7 1 1382 1462 1532 246
8525 4 2 7 1 1532 1462 1382 1203
8526 4 2 7 1 1431 1565 1632 1158
8527 4 2 7 1 1632 1565 1431 1207
8528 4 2 7 1 1632 1513 1431 1158
8529 4 2 7 1 1431 1513 1632 1207
8530 4 2 7 1 1414 1384 1165 1066
8531 4 2 7 1 1414 1165 1384 1134
8532 4 2 7 1 1351 1422 1129 1084
8533 4 2 7 1 1129 1422 1351 1288
8534 4 2 7 1 1391 1341 1557 1072
8535 4 2 7 1 1391 1557 1341 1272
8536 4 2 7 1 1519 303 1258 1252
8537 4 2 7 1 1519 1258 303 236
8538 4 2 7 1 1602 1166 1468 1267
8539 4 2 7 1 1602 1468 1166 1331
8540 4 2 7 1 1312 474 1394 463
8541 4 2 7 1 1312 1394 474 1199
8542 4 2 7 1 1312 843 1376 1199
8543 4 2 7 1 1312 1376 843 832
8544 4 2 7 1 1625 1285 1102 1311
8545 4 2 7 1 1625 1102 1285 1425
8546 4 2 7 1 1518 1399 1457 1134
8547 4 2 7 1 1342 1303 1226 1094
8548 4 2 7 1 1342 1226 1303 1149
8549 4 2 7 1 720 1382 558 617
8550 4 2 7 1 558 1382 720 300
8551 4 2 7 1 1379 1497 1506 1160
8552 4 2 7 1 1379 1506 1497 987
8553 4 2 7 1 986 1506 1497 1160
8554 4 2 7 1 986 1497 1506 987
8555 4 2 7 1 1464 1619 1312 1138
8556 4 2 7 1 1312 1619 1464 845
8557 4 2 7 1 330 1607 227 181
8558 4 2 7 1 227 1607 330 1273
8559 4 2 7 1 1319 1496 1308 1169
8560 4 2 7 1 1308 1496 1319 1118
8561 4 2 7 1 1498 579 578 582
8562 4 2 7 1 1498 578 579 1287
8563 4 2 7 1 1445 215 216 213
8564 4 2 7 1 1445 216 215 1286
8565 4 2 7 1 1607 752 753 723
8566 4 2 7 1 1607 753 752 1273
8567 4 2 7 1 698 355 1262 383
8568 4 2 7 1 698 1262 355 549
8569 4 2 7 1 723 330 1607 752
8570 4 2 7 1 723 1607 330 181
8571 4 2 7 1 1369 1633 1262 1136
8572 4 2 7 1 1262 1633 1369 384
8573 4 2 7 1 457 1184 460 459
8574 4 2 7 1 457 460 1184 1356
8575 4 2 7 1 1422 1330 1288 1075
8576 4 2 7 1 1422 1288 1330 1128
8577 4 2 7 1 1297 943 945 946
8578 4 2 7 1 1297 945 943 1243
8579 4 2 7 1 1309 411 1428 353
8580 4 2 7 1 1309 1428 411 1195
8581 4 2 7 1 1304 807 804 1242
8582 4 2 7 1 1304 804 807 742
8583 4 2 7 1 1438 1619 1312 476
8584 4 2 7 1 1312 1619 1438 1138
8585 4 2 7 1 1333 1421 1282 1076
8586 4 2 7 1 1282 1421 1333 1130
8587 4 2 7 1 1018 689 1352 906
8588 4 2 7 1 1352 689 1018 538
8589 4 2 7 1 1457 569 1518 570
8590 4 2 7 1 1457 1518 569 1399
8591 4 2 7 1 1444 922 1417 924
8592 4 2 7 1 1444 1417 922 1182
8593 4 2 7 1 1510 809 1150 1285
8594 4 2 7 1 1510 1150 809 858
8595 4 2 7 1 1564 576 1287 577
8596 4 2 7 1 1564 1287 576 1350
8597 4 2 7 1 1406 1384 1410 1144
8598 4 2 7 1 1406 1410 1384 1066
8599 4 2 7 1 591 1627 587 590
8600 4 2 7 1 587 1627 591 1339
8601 4 2 7 1 1627 593 1371 588
8602 4 2 7 1 1627 1371 593 1182
8603 4 2 7 1 1538 1078 1157 1228
8604 4 2 7 1 1538 1157 1078 1343
8605 4 2 7 1 1498 595 1296 1430
8606 4 2 7 1 1498 1296 595 684
8607 4 2 7 1 907 170 126 321
8608 4 2 7 1 907 126 170 983
8609 4 2 7 1 1625 476 446 464
8610 4 2 7 1 1625 446 476 1438
8611 4 2 7 1 1619 854 833 727
8612 4 2 7 1 1619 833 854 1311
8613 4 2 7 1 1619 486 464 1311
8614 4 2 7 1 1619 464 486 359
8615 4 2 7 1 1496 1364 1271 1159
8616 4 2 7 1 1496 1271 1364 1075
8617 4 2 7 1 1506 987 985 986
8618 4 2 7 1 1506 985 987 1379
8619 4 2 7 1 1601 933 934 936
8620 4 2 7 1 1601 934 933 1413
8621 4 2 7 1 1374 880 1121 1304
8622 4 2 7 1 1374 1121 880 800
8623 4 2 7 1 1565 1534 1255 1101
8624 4 2 7 1 1565 1255 1534 1199
8625 4 2 7 1 725 291 48 896
8626 4 2 7 1 725 48 291 179
8627 4 2 7 1 1358 1463 1453 1200
8628 4 2 7 1 1453 1463 1358 1109
8629 4 2 7 1 1430 709 537 1205
8630 4 2 7 1 1430 537 709 594
8631 4 2 7 1 1579 978 962 961
8632 4 2 7 1 1579 962 978 1463
8633 4 2 7 1 1609 1399 1384 1165
8634 4 2 7 1 1609 1384 1399 1086
8635 4 2 7 1 1506 1448 1301 1110
8636 4 2 7 1 1506 1301 1448 1160
8637 4 2 7 1 193 1045 1238 918
8638 4 2 7 1 1238 1045 193 309
8639 4 2 7 1 845 1608 815 833
8640 4 2 7 1 815 1608 845 1464
8641 4 2 7 1 1491 1480 836 1185
8642 4 2 7 1 1491 836 1480 1307
8643 4 2 7 1 856 1488 752 1273
8644 4 2 7 1 330 752 1488 1273
8645 4 2 7 1 793 241 39 185
8646 4 2 7 1 39 241 793 741
8647 4 2 7 1 911 503 135 1043
8648 4 2 7 1 135 503 911 366
8649 4 2 7 1 1044 182 1248 319
8650 4 2 7 1 1248 182 1044 909
8651 4 2 7 1 1470 729 848 847
8652 4 2 7 1 1470 848 729 1310
8653 4 2 7 1 1452 388 494 391
8654 4 2 7 1 1452 494 388 1449
8655 4 2 7 1 1499 358 1205 420
8656 4 2 7 1 1499 1205 358 1465
8657 4 2 7 1 175 896 1201 730
8658 4 2 7 1 175 1201 896 291
8659 4 2 7 1 528 543 1553 362
8660 4 2 7 1 528 1553 543 660
8661 4 2 7 1 1204 1553 543 362
8662 4 2 7 1 205 1526 202 314
8663 4 2 7 1 202 1526 205 1280
8664 4 2 7 1 886 241 1238 333
8665 4 2 7 1 1238 241 886 741
8666 4 2 7 1 1449 1496 1452 1118
8667 4 2 7 1 1452 1496 1449 1159
8668 4 2 7 1 1644 1254 1351 1113
8669 4 2 7 1 1644 1351 1254 1368
8670 4 2 7 1 1590 339 1486 252
8671 4 2 7 1 1590 1486 339 1180
8672 4 2 7 1 1447 760 1172 1370
8673 4 2 7 1 1447 1172 760 757
8674 4 2 7 1 1628 1457 1505 1165
8675 4 2 7 1 1628 1505 1457 1175
8676 4 2 7 1 1493 813 812 811
8677 4 2 7 1 1493 812 813 1232
8678 4 2 7 1 1446 859 765 791
8679 4 2 7 1 1446 765 859 1302
8680 4 2 7 1 1453 961 911 978
8681 4 2 7 1 1453 911 961 1314
8682 4 2 7 1 1460 1544 1309 1070
8683 4 2 7 1 1309 1544 1460 1329
8684 4 2 7 1 327 1057 132 1055
8685 4 2 7 1 132 1057 327 347
8686 4 2 7 1 1543 929 928 930
8687 4 2 7 1 1543 928 929 1295
8688 4 2 7 1 919 319 122 1044
8689 4 2 7 1 919 122 319 195
8690 4 2 7 1 1414 1628 1536 1066
8691 4 2 7 1 1536 1628 1414 1175
8692 4 2 7 1 1601 1237 933 1547
8693 4 2 7 1 1601 933 1237 1413
8694 4 2 7 1 408 1635 1200 522
8695 4 2 7 1 1200 1635 408 1598
8696 4 2 7 1 1639 776 777 890
8697 4 2 7 1 1639 777 776 1198
8698 4 2 7 1 1624 264 266 279
8699 4 2 7 1 1624 266 264 1294
8700 4 2 7 1 992 873 1198 905
8701 4 2 7 1 992 1198 873 869
8702 4 2 7 1 330 856 1488 752
8703 4 2 7 1 1488 856 330 169
8704 4 2 7 1 488 698 1262 383
8705 4 2 7 1 1262 698 488 537
8706 4 2 7 1 853 374 112 742
8707 4 2 7 1 853 112 374 536
8708 4 2 7 1 1481 1555 1367 1176
8709 4 2 7 1 1367 1555 1481 1119
8710 4 2 7 1 1604 863 781 898
8711 4 2 7 1 1604 781 863 1346
8712 4 2 7 1 194 564 33 690
8713 4 2 7 1 194 33 564 293
8714 4 2 7 1 503 1004 134 1043
8715 4 2 7 1 134 1004 503 379
8716 4 2 7 1 679 1533 597 714
8717 4 2 7 1 597 1533 679 1296
8718 4 2 7 1 907 317 127 980
8719 4 2 7 1 127 317 907 321
8720 4 2 7 1 853 376 113 536
8721 4 2 7 1 113 376 853 740
8722 4 2 7 1 1045 176 1265 914
8723 4 2 7 1 1045 1265 176 309
8724 4 2 7 1 846 506 1274 746
8725 4 2 7 1 1274 506 846 485
8726 4 2 7 1 919 349 121 195
8727 4 2 7 1 919 121 349 1050
8728 4 2 7 1 1553 543 661 1204
8729 4 2 7 1 1553 661 543 660
$EndElements
