3912355787.481006
8553015453.608274
23123369503.033905
16734957586.226412
13814747730.718334
16781973654.671963
12838844994.330555
7470370134.462409
31954232729.465904
22285546007.44607
17569422861.186565
16331385659.934925
7125409681.048451
33919046522.797077
21256462854.010136
33939540201.242302
12245983635.276287
6766725872.669574
14719642316.213476
17459363845.436035
45431426817.563126
14157045365.047592
13870163952.894457
11991714081.675665
17522679041.73703
22403155726.043137
26767142184.79243
14297090363.51244
11539984737.681747
18211921053.255302
16562341419.12585
22444293847.923023
44607634787.60445
17263738863.555206
24111827027.57772
26320287307.11607
16573995501.56779
12951294615.608353
35108504586.86074
14141848128.004128
53408525901.8011
30128934796.25758
17713135399.097202
8821952873.775833
11294699097.112062
42366562386.020836
8446870880.798298
15286601603.492922
22387838759.392822
15927566214.294544
21808720472.24195
14048447395.510927
52384727172.738304
32819405111.64349
29445268302.409428
9241291242.833906
9744462068.477049
12296367246.666283
8964049666.164497
46653653520.86691
28655893733.85397
9531409341.293879
24619362993.45458
15055826758.271347
14345901667.092924
16097857285.058231
13302029293.818878
18791350466.068317
9060028361.300182
18978339749.552948
22984027944.777264
12676159723.776329
6739400826.216909
16266895590.310108
7106348451.712127
28651841401.484634
34023131922.000713
20310398976.48483
18954834069.789173
3981861874.942976
23534174406.8814
18966286463.480366
18797997701.427227
14060177624.162304
18380926843.560444
21692851200.438553
35317155897.86614
20300613221.29542
12916380258.075401
22331808408.848866
20283333735.99028
18883282111.470833
29837705280.193745
12364226036.767113
63890447971.01231
13388292695.545164
18156002120.36149
6285064212.974795
13824752107.451141
18385216774.182438
9878078357.748466
45341155778.18125
46944463444.852135
10287838073.350275
27708408607.014603
12083714963.254911
16463733594.91293
14977264737.816437
11274255774.599886
9934406162.396564
6465655734.534767
19769499506.34274
17382716629.26943
19240618056.028984
19387824625.12628
20262374770.51962
16905063316.702255
17617438168.03078
40962623398.03804
29737952767.448532
22633733376.600807
21921462041.183186
13605065003.330545
16962425203.578772
12503719791.447931
29302501447.21797
6161790338.751229
7385509463.178987
22794999054.91928
10839298654.129501
11240933140.285597
6959287795.812254
16176883790.363037
15143304303.957079
29906975468.06452
23166434292.90842
33635981455.68897
14968575517.609491
20717016928.003216
21468528214.420506
7104681699.719194
31379961087.782436
13875656935.07459
6535683465.236822
22712614501.347103
7883978809.739513
9144750424.593822
7768174493.237706
4191661936.8090324
15002929394.609978
6420888430.681523
26224495248.285023
11140661548.28967
9539144460.305412
9555966794.138277
4269068650.7786355
17803551200.751534
41390070368.834816
18618554361.943607
28944144927.44997
27195104376.91923
46878311116.08287
14761856585.737421
21140015905.816723
20089679949.598682
13818686544.707998
30643751838.923096
62051563180.635445
39438794740.58258
21407009374.125774
28058269554.003025
27132886431.35449
24747982116.98635
61246140156.26611
12500108381.08154
21688505927.798424
11532138219.958916
18603441237.50272
47153717758.43752
14052429112.812021
35116094680.279076
25328395391.671616
20094159075.61568
38292487812.22051
19843558924.32939
10782180266.771446
15566014361.133696
5832467533.296657
19751862929.29516
15659116930.229965
9594866883.92409
21584150153.15045
37253099262.081795
14678113660.293095
9081926794.771757
10148700504.701172
34308880595.40764
15940353902.049522
19940007762.663967
17426181539.283234
34048001091.82257
15044823624.78565
19751577212.72708
13746968601.17004
20745199877.285404
17577956801.349987
25318195648.59812
19413781757.684402
20528499713.441082
11992273796.62637
13997092476.779564
14842561900.157034
9237964350.578539
6686371928.513702
20821622875.30526
9831389034.111277
15521149998.418034
16303919719.064182
14182204258.665283
21213000376.147816
20376921675.50687
46495213790.69728
7707422539.675365
24608733680.372604
25074349235.171093
22435343920.354527
22789915861.889626
31258090765.03352
13460169086.409683
15480967658.414158
14057901564.649845
14812789191.189585
25897401748.27935
23930237476.267555
25835420348.23052
14657606483.540558
22390539477.391037
15925196617.539099
10706676839.164595
9653121803.356121
16811210130.705887
10021374139.865217
7838240503.139892
6045063332.928286
12350603494.636656
6395370964.531763
63549291893.28159
15312003257.711931
21680358895.209774
21922621568.25143
11565233193.68671
15091043393.347662
9416847977.132215
9928130048.09714
12893960225.923298
13001356858.73096
19403802469.136444
24794919554.74005
9892604995.65829
19007674413.876156
29439290599.481552
6951588946.213775
7418013442.040633
9324867860.346159
23997743103.43812
19625645918.750587
14943801392.877071
28913053080.347095
18486952997.156605
10677662787.30666
36664438542.964745
15770864920.731873
39485153051.072136
25639502745.8135
48078899246.5006
18374382097.054794
39602107168.9356
22314055710.43922
39286589495.38955
24925561118.499207
34972068483.47074
20833852490.529057
13997140509.177202
12791183663.586262
5152950843.317802
12750553628.652376
25474111850.180237
17825821343.39474
61822672775.30348
12132144582.091036
15624619080.580362
10071839427.827482
16945178520.682596
23033826414.111088
5446022941.403355
19430008303.720764
11979180257.373644
9825355288.155787
39288218256.857544
15446913240.254389
10891993353.052162
15860789952.871925
28689995768.658573
16611498708.883678
7267616473.881859
36248245344.53235
9079363228.654785
16138766890.140635
23232810233.945717
21140432509.038338
15111266851.010807
4343598875.605913
20452060944.289673
14323320855.875032
9130726179.906343
12414886710.605635
17378776839.64547
25713635651.540096
51301865721.21971
19575810620.709637
26860293534.334404
37353008670.213066
11947127123.006855
10496005992.80539
8558865761.919589
16952459938.081102
3830362949.473949
5941656728.1769
8573959368.864827
11416549087.843283
15685671938.608591
17169901005.96992
30461063664.79911
25293952315.337803
9201892616.803072
9098604076.165081
21958756065.732975
20416871634.777077
34812451405.08342
11092451779.171534
14119796955.80903
39004280229.98025
34375955594.91088
10076855676.998774
32782761959.243263
12808196945.66539
34720593929.998146
29796042950.680073
8002785571.411407
15945926012.101562
11766993991.703856
20895452438.553844
24920986283.947655
12265313601.56686
8811632099.718033
21832482866.884476
7487218938.07601
28997708678.610207
6961781945.135756
14622763661.128176
16384452600.930553
17126138390.97304
30745333930.204044
27752060449.42897
10003421708.97047
10917445873.106745
20772323629.160667
10755435177.832458
31030733330.956722
5803570489.821341
13982942103.28219
30396771954.600582
13271747342.52907
12101608879.363302
24451720166.248585
8397101781.409441
10136002049.139936
47881198864.17337
10334535363.660803
4670816891.93802
5918627855.138229
11390143193.694214
5428617542.765478
6752677516.263202
11566310311.466
10440810655.02056
3843712509.31111
3134429020.998842
27056143616.470604
19001765271.854225
21380457673.162014
9782130272.561827
30960465149.859898
13238397633.20585
29535776853.903008
9916559994.928614
24127831318.906765
6725293732.395915
27185881078.964176
8620883874.6043
9334908328.615978
44547239027.8754
9835195448.065294
18102753743.148605
14133362576.745604
19469875731.927975
49970407769.92778
28036611047.491055
10365394169.441042
15366843393.42986
8812707560.908033
9648683700.177176
16521668356.888819
23692693294.767124
11726116662.867992
12859947731.742596
18726528681.25442
8136554081.391225
28460664640.583027
13608474085.388308
3640788427.469744
18587590893.41753
24822892964.915356
6336582776.555
22538955818.391727
6634963765.666973
11782987937.690485
13834754827.201614
14282223858.536877
17219383655.984516
33111970488.90996
29589956158.557785
9646665667.551956
27521188669.365467
16660892587.623713
11246614189.67592
15979578779.975885
10207219689.596972
10878836601.143463
8327786481.730565
7080323786.387398
5835519497.189648
21069758626.222187
13273873057.695198
21948057530.027374
12943605410.270235
8815905417.45529
25898248525.97965
12153406630.93041
22364722095.000973
33018841285.650433
17800647532.360302
19780494283.890026
12127584419.132719
26868919171.195747
17962659962.628956
10202788243.011322
23708569839.034428
10683223543.077713
8108946370.854126
36290884462.91249
9716324945.532835
17770466614.131546
10117226116.831018
6362322484.389204
5536879461.534305
3581390349.0021453
24406052371.09532
54185588724.33251
14406440485.850307
15065932202.143284
17902114655.74612
20395462133.658466
22005983429.644974
71791770008.3083
5902715973.3510475
26863564096.59507
3577757854.839364
13685491363.296535
19573919634.523304
8610280792.955648
17027152952.541971
9152734970.775152
4772528357.00384
30824641851.51564
9893802524.570438
32400368904.25284
11750433445.013288
26088643805.28907
25459877553.404343
16508631167.557568
17613009422.23059
24759290530.40279
8789524542.069275
22444776451.535793
21623884072.474148
21618251287.244392
15248539782.181303
11708056965.050812
40970743474.90283
37611569641.85942
24948646420.536568
12422958041.35293
26453082253.54408
9252522362.87604
20021786450.55179
14615296519.578781
30906987289.90999
27817428473.247257
13110114907.751083
13457569391.559189
10343238914.021105
41333054296.99226
9846648255.160244
28290307039.380047
12749690285.61287
25178287196.709656
43219619429.15901
15734654162.515745
11006506469.69958
16302185683.390013
24385147319.61353
12641902195.701149
19817147507.767998
6005048243.11551
5736984512.507981
18157569375.558193
5815824316.696874
8515932133.430749
13204609348.853268
2658700993.118476
2281441972.627898
6679043678.763368
14105767232.181063
12534415038.443487
3690863481.1164117
18044110058.96469
3817111045.288788
3373521126.9841037
18543559896.094837
14182443762.659027
6887694111.575239
28685460062.83824
6314930229.690921
12968476069.843353
26043545643.133484
56527047180.64004
22253563842.868736
15883813569.125448
15943711803.266888
18079823890.969597
37728802857.544235
17940424003.142597
86211489535.3636
14232947971.180153
26758730235.573082
7637155164.112846
16383412526.081236
11628767293.301504
10959569327.215261
22015273687.209404
35207089120.40678
17556464619.758366
15264965335.537659
9164627333.407616
6252417244.410867
6872136184.589146
13200159182.089014
27272910160.92824
5687809467.604174
22378262052.66935
14162450883.429123
19849471351.862286
10041211935.209621
28620679883.140766
32474444356.49631
20095568236.262615
14645671597.213728
17865592804.12798
7852602368.884302
24839296645.262688
26276110025.129868
16587998641.765902
29821268343.48261
18790754344.047382
24071753626.67836
8417574665.594712
43012143421.93228
22062683239.92764
12165028356.642973
30277189843.819798
8305012873.454424
12967945856.179396
16647332950.165459
8573132594.250449
27335344408.524525
8569330336.376996
9581628056.697132
21569487484.244667
13536852324.555092
17433033575.834213
19312281648.48922
11801007537.567001
5233559746.423193
20512691273.47849
46393531329.30108
39990232164.74989
13050963682.596199
7803626622.036288
27010114794.45455
17066197891.55115
10757808032.769846
29942639924.254143
11827722798.603863
33321634109.47379
19123475457.03227
10564522192.37346
11495060154.393063
20498145577.871864
15815591413.963232
11948450984.801956
10965897129.770958
58750883007.51493
10808358854.51397
9622179097.717798
24876631344.284767
22359388405.24327
22479444501.620827
7647491295.097007
14865315892.880007
15505981832.296038
5300785554.949482
34236531255.643177
15312663564.608562
16617054098.47804
10988918573.695023
13721616135.212845
14678080672.668188
19539279215.119137
40872024432.03455
8237187971.680172
14633324249.327637
12526500343.389551
13802065674.409702
12910597896.883743
19610452715.01273
9097714067.397781
19092244806.390476
27266926755.72716
31127704399.522385
56096961272.70276
28559565648.670135
29320870867.241016
33736949793.142483
11019517131.533754
6040614612.154447
14669044737.55607
17469564085.02939
10985916405.066448
42142291872.8816
16902243896.79953
6208575913.532932
17702245821.500393
11516537801.789581
11607185311.86853
21577083679.08424
13766604326.637709
16751540354.087212
7810419420.881719
10105308576.813427
8485864665.739242
12306766213.090532
24039058198.53807
10105510927.383795
10212246557.807987
17319535828.28738
3913302764.3814516
11663754504.332125
16027100687.423006
12643277554.587963
18415965862.937344
31314418507.23276
29513355484.714905
15073271701.230042
14662871540.15954
13406229041.562346
54063765178.84698
13860632976.850601
14350128310.333048
20921003246.996773
4717296958.108858
9784117318.107424
35586977285.023964
6600112860.672188
7635722795.225836
20059024485.128296
11649307833.865456
62820491989.55064
15252477055.708055
6690330256.206224
21838518743.271416
14732381716.451612
13901475672.992199
8853963952.061295
25049406550.614235
8453114939.84208
6651736809.374894
18652015016.874004
42440443130.89171
25463086551.985134
15766288537.735617
27081502008.06672
13638705863.426146
11650041996.327301
9012651011.877432
23923466530.781124
17885055351.122326
14803467363.579212
5325023421.269139
5385473781.9444475
24288415007.26633
9956640812.765429
13411195115.982134
10586392523.43559
11319088532.43476
10087213979.598951
19669536356.461357
16381687949.229736
21827178613.26082
32107419331.625664
18880680303.804462
24909352248.839542
15319210044.656214
25277922376.900528
24757127895.216137
23403320871.312996
27357758428.068886
16719501509.605597
32618273359.581917
6872361228.842138
14641205710.57835
7782262664.422868
6504748744.565071
10918984794.87234
12086011365.235687
11850890022.535381
8005318034.737274
6181787780.821038
5667725351.658031
12728912773.12198
10157244203.53175
7358816222.039992
20059852666.289364
17389104356.067757
10040046337.286968
17226055755.659634
39260753902.85577
14361594218.4424
14868781254.05882
25924104143.189377
21753791527.927647
21677145609.28757
6882773418.457217
17789826123.703617
22259687758.636547
20044573879.106937
19618115421.616394
31960840784.124058
30791157964.452244
12238196277.977526
19290048691.466824
12130292505.355228
8093864069.447079
31951730906.41948
27453783646.30954
68066201109.181305
12622061761.861717
10718462239.143837
9997439451.818144
7248993923.535663
15450490964.452433
15106934852.816906
23719171264.642433
18603359332.1791
23029109547.467873
14422992615.622473
20352297092.673687
9652440516.634312
14533130173.824604
11074087856.066637
7032130554.325203
20230032679.977924
21296917585.087322
20188322883.903145
9161603524.970093
21466045870.728405
10725490582.247406
31646738467.949974
6843638297.53231
3500403758.160716
13235623354.970001
6710502114.150966
8289303774.778211
14578274032.202023
19427602433.931057
17122585712.676567
6622946011.588886
16311248812.268806
3805323159.979148
15472601974.33396
10681224822.061148
62186371113.02527
14763602126.49893
12077957722.006084
35018201245.43688
8953046627.77944
11087549392.636192
13051287963.737589
31368608895.397636
9926439857.302444
23357350322.57909
8950007169.511599
36749236378.77714
11328566717.770796
9648480703.42099
21317641431.619305
20878439591.587578
14100064585.327385
68102311286.78489
16717290618.010988
25824229078.550594
29730989214.39597
25450863111.68899
18105791566.49615
15373827759.093365
7904231553.638082
6716203253.791174
5964910536.384576
19195339015.327835
6244874490.623682
17415775558.588306
13092426641.591885
20281343409.346745
13442202144.476252
11422273380.59451
6001207769.255712
17248787073.749435
16601432908.739317
42594074840.24266
26119006357.33363
13254081517.129505
29587404892.56633
8986542124.386906
24705311070.627426
8614872902.149508
6048926567.620155
22818152244.404488
5580516195.023723
16889851245.940237
17273953757.580826
19881247376.616856
20798922803.105255
15121113480.94282
23050299330.521835
9609757145.699514
8379153213.282384
30997937137.94311
20303508542.97199
12559066416.937862
15286060684.402527
7804488904.977886
9460926637.51841
3144052086.3645263
4708825035.779358
10876352693.823866
22131188162.558136
8396485715.140284
13570311064.9169
19877004168.089123
14737286135.128242
10055418254.725506
30010403921.110233
20170555499.08627
15484696754.617945
21477595004.58179
7090919969.592177
16129493112.647818
25602514440.93676
7705790193.991697
8818605555.01756
35090286784.02821
27439927143.05465
7207856559.566667
17628349929.192673
15093302930.232466
17587609616.578587
8917708175.08395
18194263185.70181
29951737616.680676
30949301535.84916
11446291348.515738
12438760968.67497
16672457740.596563
21043350998.809753
13646228892.99841
51674810271.36231
12561335966.734842
22186958112.649555
33385124182.966633
21643414821.59367
24774706814.41392
18226169119.841434
18335025262.29975
17088125933.52755
33767776769.16527
43337452295.57643
20776567846.76217
21144948731.127026
28747084454.65656
21750424747.90632
31697730520.263004
11522351795.166752
45112055456.90556
26963157191.184387
12499019923.870806
31447387191.30458
17433372145.820564
12388816477.771982
21199399925.20935
17104946169.747738
19877806232.41652
10815907983.3249
11497318336.082037
9427404748.756903
16100481472.74373
38720745339.42045
21033378256.37599
19690495611.619343
24314342667.460392
13292189154.78676
33279349344.411232
15486516666.268267
10055804072.889893
14088397408.693317
33648388368.344864
23885539060.821545
31808448796.910294
15886046347.248974
11045336932.6696
27798047487.89963
53289420729.4669
13448603890.926868
30778570352.267525
33499411963.040184
9261710559.343489
18998457632.50061
12501575344.792597
44250766397.910675
40622664880.37211
28570854810.661247
47742671361.55562
34750198377.305916
9586569588.19572
96177444873.25749
7907705020.558306
4793023055.621208
18917213780.849228
15115274252.596546
19533600186.76141
12988955816.003653
22688096339.29821
24176123142.141544
10080347722.790836
21792609870.60425
20205977685.010048
17427370918.3478
15740060307.244293
47067563752.82124
4425672384.770835
9824209156.03754
8818360028.720663
9264597647.851286
11555529758.907509
6647648761.794185
29225608326.471226
7216695276.996972
9045954124.404783
11536242115.623636
23593998013.674534
8077824689.329254
37780894107.82465
36392431350.65939
13291186624.319372
19456280489.497776
12940188321.234676
25909990984.61329
70495538706.5288
8371565044.531651
8857992490.530474
10175425765.314676
12893795617.728497
14710781941.044132
16919483329.915377
26018468915.20042
12782425390.503176
22138092817.25312
11562757450.931547
32025138975.396374
23912889039.743317
22552918704.441364
29714694984.573273
11230026593.53465
24852473002.194572
18969660709.579113
18096554076.29547
15894154169.623514
42524219907.61509
17550795768.65559
18542967988.30624
26171479842.67718
14384987115.123068
13173964568.376572
39127880930.17432
16858950087.580149
20723684514.522964
19207009045.38745
7000605793.810154
28350506031.488987
8860149243.3311
11190812455.509117
31157775278.975113
15570241932.361591
6432992381.967333
34320480125.207424
14282711156.200592
12192311171.820814
9642568162.863214
12748107328.890545
17279361991.2989
13464652832.395632
15590888140.182522
12428991265.455078
4101728861.595224
23642650916.90331
13538781589.8494
25894944256.483036
27771776534.315174
22134368159.83487
8525964938.341428
15722884449.06374
7016876900.6832905
13838767678.181374
19108480931.27942
24352382335.850258
4687323393.8472805
12248064655.22309
13372537498.240196
82452295016.13857
19488313212.46414
27922810430.627247
16577415604.02244
10713310387.918509
8574555139.208244
22875795041.09149
17500944320.650658
14830433783.435764
22445421190.413822
7511534037.969325
12624119558.963644
21803295276.69723
27287470341.82384
20911693218.397472
35854351309.16785
18736149557.03845
21553290166.591934
7452682785.135504
27599079691.982838
13595465180.222227
20459048975.643883
24114098494.090576
20526509396.981354
11315587218.306713
20847712440.4095
29787456958.25735
10079120425.04788
8642028232.743784
24042879482.375744
19493199945.68883
12092399763.466228
23747221415.81278
4627750578.935539
39126022071.53219
21111920154.028316
11268261741.873611
33269039939.433613
11356955052.953611
15680279482.834993
19433707209.41452
13103155446.512901
16138612667.737955
25215992540.04048
17223834623.95052
28365641011.944527
17834253705.26391
13566826272.899675
6373115144.599132
42214466013.73765
23321595960.78481
11854835348.409128
25762257726.978622
21782755187.151546
9111828558.962206
11598623253.90225
16315405833.689413
43571749406.323906
32039834077.858208
21359099488.60224
25917721647.183907
22274356200.20141
12684848310.454905
12606900998.98792
7783276494.431225
31506346070.30369
11693697186.82473
6924900946.571839
4602013889.496535
14795316949.39818
7728399899.44289
6890506474.238937
11939808433.0161
21654220909.333317
8821878598.397161
33275861105.521698
8151256194.041654
16248210257.979351
11327161438.352705
15849716258.35281
6031920823.049989
5945265039.970447
32316614900.891827
7438014290.005965
10266156481.674149
5937942435.788121
11012714600.047487
14202485810.420376
8315307046.304198
18561460392.40556
10483196890.969234
8363905204.08242
11431574427.364546
7606919432.960401
33059959746.788204
26987585660.358444
11924202356.85624
23981324169.915443
27057323593.4723
16542365299.082165
13877191724.73151
3455903832.1658716
6775116961.818159
7502197884.132298
5204997460.74845
15664378069.990446
3242925299.922267
4137540008.760088
8603395320.172699
16721647635.106182
11766626638.296047
17686950303.542057
16281123714.773422
27335489290.056797
25180197112.801743
13048635742.456232
14644393356.309032
55859062776.428444
7090096254.765189
11794216968.116728
21037432648.57373
25212449977.96301
14838420149.840862
13879589414.986855
67570541809.69046
8727670062.672531
15037937373.275053
21065982172.166462
15415593581.315166
37104755287.35534
8579421707.368495
13451785607.04683
10868639402.699879
15816831122.375765
12376708003.93374
7711192909.964591
37247555814.871994
12341244957.064426
14357828070.933905
11469954011.688892
32190668208.804985
48477563665.960464
42375123015.79107
6932260779.703736
19527547577.311108
35558778626.61862
17054665783.45568
8893365098.707539
20144617052.90911
11975758394.410831
17086115700.65485
35326554050.123634
16917770072.187735
18322595900.115356
21862587509.250694
11715374492.537064
10003736011.371706
16895582684.79513
31911402586.48335
23473238936.56165
25839369534.53942
10412719990.42422
23359450873.32258
19307022978.3434
25443756789.570053
19257616693.45895
15600286780.951662
21423610667.43874
37512658868.37597
30425618057.821575
19845764312.95222
29289349541.330383
14746882708.385077
21162053198.88444
9137021908.99253
18269059809.96692
8242581388.690805
5724700748.465601
21376422476.237206
31890281180.183945
21879197143.710045
18806654732.541008
12935171799.747288
19402726382.313873
23088854329.41099
36823438426.48872
23580712447.81684
8957399306.651514
38880771035.67448
5747872212.66358
10498185845.17412
25024706666.674923
13611898740.525486
9967043548.135393
13402252365.322157
15811728287.773758
8682143150.14632
15381269616.417938
9441969844.461094
5381914640.176156
4285144129.1741185
6098342775.554186
9011190784.643393
22702358534.01076
16188164258.720076
6586477780.756169
25099864062.74666
7681750272.188878
25381306133.93034
12641855458.11391
7372380066.439378
10448729944.137785
12763746102.610596
8442688642.785914
14893618704.351824
33259816818.472782
17609247886.4172
14184341309.298151
36354507951.31828
8164037613.233396
24749452354.759617
11633294888.803802
14303131225.221325
9463438387.523466
8325097199.222029
13677465367.160648
10036861766.577806
13493755193.670462
18604886218.019733
19142283194.242672
8167192957.116225
30598937766.546486
8813981089.418362
8493644665.9282
9377899307.680109
10023149305.180342
9018801589.343458
15013503368.817368
4644908285.1552515
13202570763.704456
17115637307.88825
11863393658.59271
30930123508.901062
70710778584.0356
52689653425.208466
15818698661.642752
18010861594.69416
20828868100.18186
16264609210.718134
38164948591.318016
9744375108.927502
9122374042.302761
22887288615.153526
10782290463.360006
7929988136.717077
26780420881.671707
16968011592.635336
5250813351.497408
14013663268.66512
39736048404.93581
14097481002.767975
17255064507.742958
8448172894.096646
18100814197.83076
15533723907.209385
22183566827.449078
18725169853.689724
51630019660.92323
27994425986.056282
19787108096.520325
11093247448.982891
29664355380.39526
13956523516.494406
52233982573.914055
17773621975.685272
16104360072.026514
9405795620.495264
18791677338.46518
17373796985.344242
10652366224.334734
13149706060.344154
19850192560.309002
5240747666.339215
17059765736.73684
4141165577.8997498
5961154273.81225
12546154701.644743
14130280150.666546
11971299991.888697
33534444930.75384
19643709431.764915
30192634258.286064
30354036681.58871
7210645715.793518
6512763252.975438
22521425822.64903
19668801767.83051
15426236853.223322
6140662228.658972
11863059309.346241
10001509296.41401
15460176512.558018
9619243306.769554
9006793549.536407
9082134675.896694
22961544745.053493
20786216598.510143
24363971770.888756
10566051127.29233
13455857992.881302
39544728298.9783
8056630690.646711
5178775770.6996355
17587462996.96499
23849934695.224667
16236578506.13783
5355918011.205368
25027600448.644184
17837445852.92968
7394077081.236391
11548622642.923239
8872252961.87748
5890810368.712151
20874952833.33712
12083945348.540663
16683627899.032455
8907586315.042076
17326636719.5685
20058783123.408504
16660912218.459963
14101043005.676205
19190366692.307938
21762253062.635548
23150887121.565296
29271986218.41496
13037686300.674118
5953022512.440883
19035303995.126965
4905965845.441729
6955957919.858641
17185333258.389683
11675438476.96423
42244385636.91439
21519951188.51619
9933439394.791204
23681718189.61671
25641453906.17397
43922626916.73083
19474424917.31892
33151632194.68777
7271039069.162616
16676471789.592566
59555300683.04388
16319857790.670906
9737649552.718569
13459391225.123135
21614776937.678883
38540469063.41248
31924706892.2603
9548161838.065851
11277889593.363825
9384352198.581142
6181358249.055525
16180803222.603266
12616352077.32823
15616137108.25729
9449866028.455378
24190797328.118553
18195597126.79618
7158007136.898599
6558728554.1394415
10627124220.500664
28632676909.099674
12236795557.796436
4182267805.194374
16953361112.537687
17248456500.112328
9701258080.347427
6668168933.867895
3582698862.9227195
4205856921.1895013
6202966585.586041
16444869271.832546
6237191932.870837
55850980445.093376
15345061234.544565
11691536294.462278
28077231315.140915
18683377599.362362
4692441413.149966
16834719700.785515
22183024265.692898
6015052148.025422
29061583290.42862
19648201202.334614
21972295548.195553
32431974540.527397
8963499355.604683
44399511951.769226
8623359405.496021
7626127086.346508
5108988136.79558
9743031021.789652
12691391447.218315
8317578219.838683
6367134464.7853775
4461634240.022217
13478536473.466558
20550405571.91926
21416033006.982353
6520314852.401868
25823279650.33736
23805490155.926933
24631559424.052776
21099459686.263176
15099338099.669666
13355683138.958218
27219755974.349354
25941776904.86799
42031300886.4188
11445165856.316818
8317645076.677725
35262677819.13047
6862482838.203798
6615693116.209627
30454454498.784164
16176733289.231243
16807526771.252243
22333865689.078896
24763025386.15364
25450827163.23231
26505455494.082947
22016572087.46125
6905016046.471202
27702358089.272785
5587110342.504139
7717283589.802786
8482071190.256576
11742618751.229902
9065683386.841757
9958028725.243279
4201201298.315684
11214644437.891325
21177673635.81519
16696200125.451796
28953116037.268085
38626122847.470245
30076340510.41798
20037705746.788456
10143109515.056725
16999390247.589334
26182681019.021656
22514781255.522934
24181580171.31006
43926587984.52295
27813478154.266212
18191778194.799904
27756351991.916847
12250221264.85983
40902153493.80466
11686476171.132647
13673427035.711138
18579889014.997635
27392157267.55274
11326011313.341877
21544542597.474834
3737731123.828853
12303490264.116795
44248795541.97309
7328762300.894492
9632554419.681269
17538411449.533802
12426133692.211727
39855606343.884384
18801850586.97395
44118592200.827934
13228521022.288137
15657554140.863176
11264475062.871399
12813608312.68028
25704838103.987667
16599093028.823153
32541006959.511436
13153004641.496681
7616652400.926921
15935387742.796885
16428845472.843884
40585789018.16877
19118593695.33845
56865408473.81821
54263493778.218994
10515049938.573662
15863137913.561289
11505219494.527597
13194229746.998045
17419432213.29648
6963617338.326886
9544090699.336813
23828969422.148926
5940212359.0422
16567814447.202759
6321797360.402495
9787984022.230148
31317240199.826195
13968257742.542105
23790852671.009205
12006390491.128864
23334076147.274517
18657138762.357788
7560286279.846409
8120823956.79512
7804814933.986962
4950256418.07822
16170040044.869457
23917047710.08263
20036664558.214848
9259397874.419912
10843680156.18563
30929954145.818462
22188106727.992344
29537002270.267418
19977239668.031895
20631322105.2566
22498191751.50476
16364671270.605236
8428214814.98074
27242094730.316166
11262290759.47197
21568964686.558117
7410937203.851763
5317536287.885786
16936810363.693354
12237070289.910023
27487196502.35751
13667422657.501137
15503900851.059
15905923006.416265
17479950479.189743
33353524140.77905
25329266357.931534
10095693108.059198
13322178859.93948
8776084625.295256
15833877186.41237
16494609504.184721
25367382437.25234
19221670304.367558
7436111878.189314
20516207547.830883
9451677040.810524
13875592057.809315
5462342133.678882
13177335179.11624
6166293531.221543
4351810418.663942
19725202724.79722
9447063489.201433
14537128830.153965
6933921851.394487
17207820459.386433
17294042498.988197
14072941749.487696
10360288110.571974
21677913789.03615
15527959716.461212
11373413421.97343
7460224898.718284
13109594950.327082
20722902188.042652
10563275786.544268
34134447246.143837
9880999654.045923
7453299062.566976
14612062573.216637
20313434070.54714
14807776555.43349
24871425044.263756
18772291028.683945
8204725408.100139
23360656431.777084
9443142344.467539
9578573622.37679
12425200275.412914
4928589649.960429
3413702872.4948826
10309517248.71929
3779502038.7546825
16516338620.988298
12033445235.98578
15269352536.499918
19559978585.743977
27908282581.937504
7417396805.347993
9289907182.710085
25865221270.768692
6504912158.565249
12925433514.237116
18999779080.50637
7091508546.059928
18765636720.67129
8382994957.4203825
13029793525.401844
4977582163.065351
20776312171.346653
21432449823.625076
26455924813.542595
3945288268.4253016
9601704030.27284
4633206545.991595
6742577684.087195
15878309421.212627
20375030029.766453
39988687293.28649
34392748377.54875
32198726567.545486
29308936331.541836
22657609461.088135
9071225860.233173
6139638067.111383
9983333582.756887
8980893088.997316
6047673092.656556
13730921247.051561
7103054763.997587
9700575875.78516
7800741532.511721
6187365186.730105
18738835636.04492
8568333322.381768
10470461884.224436
11576441153.857885
24644282491.558712
11306497250.326431
28945254667.136944
13459160582.238794
21991940147.084724
64149709518.10417
15280294442.597044
24503613845.415768
17215104798.011925
18019600789.970898
12116453213.398035
7946901874.724623
8420854616.87543
3844356724.214919
22226722315.227913
33794588008.912964
14098110487.173145
12495000107.227272
18603730074.4986
27437570756.591633
23033864514.674877
28076645403.18095
18072338281.201416
46455017798.84704
20918197941.422604
10981497057.819468
11272365929.05254
14225726806.250732
67719540112.231094
18980679368.629177
22393052802.87517
17669937803.28503
14253859718.100088
12295916452.958553
9988533363.80921
29830204318.19203
14359655542.290417
30257274238.833168
16885301223.639418
29167380417.80862
13980863751.603899
38652829670.58878
20848051489.02635
27252767477.543983
14771222479.715559
17215900260.000446
21853805787.31021
8333379220.148757
16095325867.670788
10329017052.306074
39016730839.35453
10609086122.63935
9954254210.363852
13921766758.088614
9197375311.49589
14738822657.667025
6361189144.674869
9660912646.596771
18747367478.07756
20905209742.20291
36600403204.02042
32565897606.18124
13283494947.23987
13964610520.237232
9762811232.061344
14053086916.873627
20543088776.34565
15829858349.062052
19620454469.258133
21567752259.68792
32857870852.747726
13104485605.214903
30351007613.17435
13156128848.14578
70462043389.4388
11821662488.474966
15049985840.36586
9995719529.297413
14080298433.8693
20949492761.866787
8725233220.35805
17414835472.848972
16796443473.27127
11888825420.980047
12164575277.8305
26763287992.687393
28464343316.616737
44607545897.09291
17063902406.632524
10808757434.252354
36540280997.030754
23880069982.69867
29569456348.033688
16977091664.452908
31036933591.731453
17726577673.02994
33097098372.01796
11043179155.224373
39996360661.016304
15546504367.125078
14756505264.367243
9225323599.010809
12733551406.150055
21024204082.68351
21374565385.788296
21799717500.92466
16566684613.274485
10409065353.963846
8447861741.38823
7532209988.903147
21945455155.785183
34906344546.343475
19239032255.45549
14084723063.571575
25939957947.27054
48055816237.47045
23092112553.9246
15960283672.739597
22837211189.096268
13917488805.89227
25782036512.26965
16427456997.50833
60105250743.83844
26997523141.524174
15011442324.513878
21200384486.48271
13248745452.818665
19483727453.23396
33006951254.700783
13726613004.202583
6574985982.553723
9585850275.134169
15084236142.955229
24085787115.879395
18533893580.38716
34118999897.080612
20388526513.453403
20744368972.322773
26226623941.24032
28954702807.689373
14127404218.824028
13881280866.808088
13277483685.674057
11084366552.187412
6348059039.308365
10724192683.150347
14076669851.992369
5822495603.162993
20987150396.02466
10392832452.970058
30132436851.067627
14546399507.750813
31683958177.42493
7703911181.656761
15010153930.783508
16379368316.96824
43256540784.02608
13529981092.212955
6410829064.516245
13161094024.887415
22892263938.16812
27507160534.875706
5288986620.702681
11497767909.585062
8809667680.087763
18055622533.9142
33524493348.969456
12247447886.191456
10591772664.589191
4397946428.831382
23034677514.505882
10596275240.482
5602939652.135202
17569747760.92764
15891185538.0463
18608129183.07128
35140437353.35147
17160049630.767208
11216043136.497004
12267386987.756382
34983905126.93775
11596210752.892813
19617961446.789482
10670966919.508343
18487390624.923817
20227320322.89685
46856452512.33968
38439023079.02358
9459907939.042532
11505067693.530598
31427378413.37223
21827734506.30485
4395202671.57747
39241141884.404076
8476765111.263068
10387043279.08001
13813562697.912334
13056922237.249691
51574492322.139885
26676456561.532635
18516990480.403126
18914618054.761856
13267032311.206593
9418375227.754673
16085060512.312035
16408969312.530602
15800837389.656092
38683658803.66834
14741751028.589886
9036808394.050415
14846749639.252443
16290761730.700338
8124724527.494687
10894911433.65989
18824625923.45397
9089613075.539751
14073189442.3393
7223574030.4573345
4237660509.4095874
14027945330.639688
31652116503.8368
31050699840.548702
30061696018.81036
43491346981.906044
13017263474.177944
10703293310.758024
10687155210.650309
7330376929.178384
11935710077.128422
26852969521.73413
37283657706.69246
36969030057.80267
25317781452.381622
10062951080.412434
24490541178.019135
10058488075.255915
6570683507.204807
11691106869.886272
36714391810.70475
37143502587.57268
10609279515.130716
16753348968.560938
11532631509.481236
8838194236.642664
15396154974.500978
13942892619.21481
14831122046.862532
15874912723.938833
56893004686.332436
15975511247.91858
7899525779.568615
10185205737.751715
34820378739.02788
17322015874.8775
5109608324.541886
19589318916.61415
11062973954.555092
12488698631.936668
24249413063.25592
39949786859.24608
15513398405.147703
15108420483.886162
21307795797.313953
39414749382.6157
8395496073.037657
22255322890.04314
5804790534.095961
15010847046.168161
14416446391.276237
9774064641.57474
45387408087.05708
18992727184.68663
14998523057.479635
14865445227.802681
27384586669.778843
12120420614.403376
5979458600.364607
20737544203.825188
8474458051.348017
7268877740.119568
18187964683.908092
13492132436.688477
21033681005.215702
20477642523.626728
9840192786.786888
42239083483.58657
7478758645.881964
13517659615.061338
19097627538.1436
26729039767.008255
12974552626.508236
46621171607.14274
11624843780.09331
14917752725.431698
13935424707.128504
25795426991.086147
45563024632.373276
16071077494.991558
6892644042.8968935
32698955044.02672
15903537783.12624
8518503269.345791
20731766797.42472
9896771960.588274
11690473743.83447
9652262710.65239
36817253918.997604
16373584532.206644
10024959613.561394
4673151699.064621
19813330255.97761
13724289622.415575
34885802147.44072
30846759128.60797
5293397761.659223
17490907360.569828
9569593815.085941
8983414296.22388
8088816856.133355
16172611291.829481
17183859839.165318
10642034417.857872
16787728536.274092
62174535586.829834
12701817702.329195
9191466010.458006
6728825468.955573
13640114602.628721
29025153319.21384
12380290400.070225
18335537665.54349
17123721194.104193
15731870076.653217
41647520631.62894
26160615581.17355
7656593065.88459
24940632723.94438
22761191595.8885
23506662266.70244
22069005598.74262
19731157091.036964
6834135189.170981
9628600288.960331
17441281581.48851
12718738118.987326
23948839756.487293
56788543538.516014
11051639567.43615
7142210999.188314
10654198711.009726
14489113594.80486
6737775636.089897
8747049554.899284
13920053657.597754
11785088337.40594
20354553704.3134
13195906868.415615
7629515947.23167
14896687895.975557
18205368197.251236
35733043420.17376
25363906592.84534
21627111787.312836
17748138845.857807
18097208981.12866
5041791136.483609
7432885947.400657
11109180563.76422
1773194241.129141
4842379635.833984
13622458697.189854
8508218983.886633
9013082278.104076
6195614105.67352
9559216979.25235
10964852443.902771
16360138515.891277
12682136573.713045
14912512931.188005
23090918524.633686
18601125687.995872
25966309480.33563
1738884408.8005624
6815475654.475662
10541592471.724215
15414553804.006338
15009912804.45619
5827940192.105721
28917268171.062244
22361451334.292274
36515307761.57423
12616352136.468288
12674881242.376606
21694673488.37403
35125384624.5005
23460914495.40905
8302188521.69673
27800145570.11869
4563962081.390682
9857823504.823706
15982528979.439611
17773168078.59331
14930085872.973524
22326657960.5991
17218173978.486378
44935743963.38648
5160861368.690207
12350216573.094847
6026777766.54274
16365352818.160343
33665535802.063763
7960971046.00748
29401761302.46275
33632464028.38688
11441740736.574108
36821610749.952415
18826763774.72567
22240638642.198048
13159848245.594091
7790621457.466275
14748997830.437483
17240939532.01028
8514829259.392452
11761845992.285328
19139451503.877567
12947340637.739084
10852517852.547112
10075913601.161306
8733402478.58506
14387250073.772015
18943374638.94363
9748666763.343367
14477955511.156258
14378985297.71877
30642625648.602154
30010473058.384815
11268943380.238577
11214175382.086334
13185812157.327656
13430396272.382076
14871697575.931442
6428490032.739083
12692184498.277737
13067429650.406511
23852206004.73146
21507296884.773148
63396396032.855515
26718224400.536224
7168697971.297247
10986777601.183823
14310198104.572773
7942114042.554281
21270535761.28146
7836218100.365763
10735697878.179417
6865563917.193608
2453221596.313413
18345519411.350986
5560708313.203703
6213511514.683207
8176466633.598032
36613619469.74522
8677126840.022
6010455033.182154
8786205626.084856
9224450534.637844
16650401205.26387
16005031146.79414
43895283452.814835
21430381441.161514
29480448580.489635
12078302413.236555
16665335200.208714
12264456730.70407
25634922100.573025
10158929090.794817
7450675661.651138
14978139608.090107
25297714667.860054
9421817725.997538
17914734870.428234
33191705694.724216
39856011907.66136
34344863553.94468
19184990936.46915
31437156510.17668
26999157916.952187
14337632375.405107
16774542051.846285
9335393180.800592
7759194680.770187
6259131963.926053
4379680492.764443
5399363065.061472
7477099067.826785
16352320246.51013
13616552044.427269
11553233005.224087
51307699989.94784
11575438722.021217
40548136354.19668
16412316593.906513
14299435987.8573
15490954749.537613
19742431987.765953
19879741278.14678
23736393784.843758
39376492141.69013
3400637944.394335
10774539518.585537
8137908015.656132
6864240827.675274
10783595177.43859
3843075075.283153
34838440514.2367
8969451149.818693
6836731224.311303
33469375267.048985
5675703799.650048
12803160080.318014
21272399985.220272
22913065923.247665
14832244973.34496
4580743388.75253
15512853695.693771
16951908013.45125
11793526927.672762
19937976312.95267
17980405030.097454
23052011956.581028
16471720498.821619
22495533731.539864
13621740304.006548
23153124899.46992
9430084057.602434
11094977994.388811
14240218884.302574
24149279397.848995
24571077417.176228
34407926834.49771
18380343373.876698
7417687656.89252
16963905263.510649
12479750343.26178
31988929128.847836
30781937247.537216
12230962210.109901
65864845219.917915
16274095757.245356
14892199936.621334
13971589055.189823
8595426166.665728
15381257334.835035
11797533156.656675
38931097828.31719
33457899238.332752
32008157461.411945
6455519310.6974325
8713742513.906437
8916787066.312246
7258123034.111096
28314466955.85587
13942315864.769129
18156133692.509235
14769629257.835089
17103279949.26715
17967971495.91503
21346479407.122482
14626614271.658339
15216402496.444462
16832191971.729378
19584711842.136017
26163412474.294594
35778106687.32451
15866416247.267406
14356277815.46623
6776538261.815493
18620077835.529423
45724133454.001915
12074780493.061817
18750592341.553852
11063075878.613064
8443191299.977951
11948239111.829735
5741915873.573134
12862295773.869883
23246312635.87089
7016178453.8397
10082381637.954464
16198265751.169756
20848377429.14314
35647618817.16534
12347903192.915176
5673485315.385953
6801160422.899512
6903971356.82788
16407480377.916803
22236956991.97287
24310783878.998386
22938359476.50843
24255942003.412266
14603930629.609701
16228227979.694044
14736848170.304594
7772742845.51996
12163112342.110239
13365758685.129313
11238281321.950144
7808801738.318976
16915848671.435308
8442032949.06703
4491648956.693811
15168780512.549397
8103866471.362148
6967484787.16908
9610903604.552032
21752829773.32001
6459239187.715356
18189220958.448578
21756401901.684452
18253534294.47702
34777613011.14608
13469681028.741753
31711572859.218716
28699787153.10159
22647959660.964966
15438224638.229908
11331263728.603025
12613289738.31748
14231576695.599356
16607121013.4005
27697321064.311234
25707917926.14045
26394746313.32249
16546860339.452448
7379061379.194646
18142732049.287952
26795281708.79348
21036630434.6603
32696464317.39788
11019170744.96638
20300958701.28562
21791843786.624306
13966542601.333658
26634254586.81944
13968946029.99926
10989625531.762777
13854979925.730028
7689732193.161368
24398963789.627987
28710990137.342987
33125691598.33262
8133250266.331581
6491490573.820572
12858698847.018137
13307788915.794783
37010514645.58146
17983432737.922985
6282743602.839911
20971997204.988857
33226443452.702995
21500692177.094364
24172927370.528934
10946351313.361591
20736081127.039814
24754240656.53027
17807978516.812088
33988065264.15954
15475721496.96351
11327320833.687475
18630524144.596478
64465179331.80653
15681326278.170456
18151375258.723503
14645079029.746042
10062547898.816565
14796526512.69953
64173466007.06797
8762368207.141096
14457462208.794172
9779069201.628805
16134268556.262695
13559896816.306461
24028817617.56058
11546651306.297964
49117298750.45052
16049777460.996355
49564066380.63831
16456500904.089922
10982292996.177576
15788298316.248264
15549290094.996252
67890444868.10462
18565220599.714252
21136759382.089893
12868743846.392733
12285818621.176937
17879111791.4901
5587610980.730114
9819299021.331047
10838740371.01607
10675531316.074503
7414451763.770406
27270080080.853306
11354340564.539234
27686067848.091408
4911396575.497601
13370799350.62408
15804630116.55984
9110347543.30833
19619479086.504185
43178761736.149864
24855603712.874897
13427919947.696922
11884441991.453758
23379662394.72798
13103740163.659655
18541185041.48721
18215196833.593704
7036030472.503652
17310405004.483276
27861442854.02382
39122965488.16011
31673268554.674164
17498730442.49565
12651418582.149996
33882974978.78986
29660803760.336002
10184225314.391565
12482731267.462782
13066381664.535185
15688839269.463646
30100757779.44622
25609558462.503998
37858733165.082565
6330215461.947804
12846764770.858273
11500781203.400236
18628623892.0172
20411133487.06304
23695840979.199554
32046331439.046352
30734132609.25366
13566923229.801517
27739510292.095448
12081666711.792223
41364312120.23196
24763940299.271915
14494228876.029243
14356094849.612736
9803949326.604567
10331133132.05565
31064807375.15294
20190500793.178104
9470015151.760326
18915754568.08604
37966995300.5485
24541355692.99433
12938070303.171555
11734187650.165508
14169433846.433338
15199477409.482946
15526221750.357874
21542515873.59101
37514579269.59157
14861381080.228518
7728058672.182164
15564820107.11174
18994297055.925667
20268135266.659046
8691196490.05639
8267288550.140795
11350759125.927402
27062471441.58637
10499278583.758497
13150283359.775177
10807111089.42957
47031388911.620384
9406003363.52335
10595254242.081285
12915499715.404303
14100356384.770697
6859157279.7001705
29006160635.082333
9680250059.07424
8483545710.3188925
27995153189.552246
5375906937.011376
6441534607.343169
24059404096.65083
9823292121.798439
17288119812.680725
18678102149.142708
21830016867.747047
35808337349.04237
126648304444.15814
12178737121.26828
7624747491.657269
4000357520.7791605
7027527169.386627
6415163620.969782
4611022637.459872
24455408723.13921
15226927560.737562
7410547311.614535
9679686230.99559
7177034972.921438
32559190189.651386
6745268531.509084
9966036054.309355
9742109956.249546
9866792614.790466
17157569535.259777
9546630802.638493
43729792173.48229
42540971565.60031
16778068880.911043
9316775617.392971
25961818597.679718
44949790010.3709
10417683004.434095
4715748146.400512
10320001801.389513
9309114297.967148
6014917039.426944
13516158418.525503
14382302835.207598
31253169767.961918
29243880316.917793
17379517452.127357
10827746959.60195
49627179323.28792
14382635444.811771
7188252818.358038
21204185434.485092
12188890297.329435
2893366268.3002763
10997838072.627483
24046442660.92461
39271907412.61433
41930830418.21415
22678429786.364895
42254713080.76349
27741831255.6531
43225232574.180695
19109667257.465923
35605353397.02248
42961316805.025856
59388476628.418915
23376272934.338543
12961250323.718473
26615370508.34505
23867697332.83471
36476831105.39389
14893145563.744787
25299164158.010242
10417676728.963528
22984740571.575474
15716239452.578688
15544354847.457182
13072046352.120798
17464611859.92882
25585087808.07346
24707709791.042522
55725780028.23116
41975181157.53775
20808360258.06318
9224956524.412466
37866381236.442795
22168221758.59564
19698809628.767437
16736118247.470331
17861518760.999744
13588278217.136375
22766060519.06639
12673265424.04344
11722576682.030928
10409824216.032534
45160642606.619934
12066275548.973373
10075556076.993868
30655121754.077385
36807542559.062325
7786744078.817426
22332390554.779144
11496710983.66239
30300566000.34285
29112948924.89324
14941521332.891308
14069220717.914577
11239395946.06695
41523338746.817
14272999780.940222
7563489966.588194
20597027117.064
25321680938.27189
25028936444.278793
5052464787.584592
12164332555.989487
23255862655.1015
19374661378.697735
26024472961.555233
4065745872.3851843
10152060134.834732
5631475814.135189
26084366264.98365
13845982773.089684
22245304201.709286
24952949778.994297
18424784915.084736
6908650848.334642
23509508279.239246
40853127815.01736
23255432370.258293
6831706145.529581
10661865081.832758
10596789687.968575
12348265778.300468
8600216363.560165
25413149939.09388
35535869874.47552
5426359691.608943
11438147895.914408
13248626017.722084
37285592173.358345
15159815995.402296
8525190508.190738
27205484145.53037
14229481146.908953
12491450028.85147
23024008513.68868
20425005271.721046
35851245066.681625
25336864216.84241
11092786531.796165
25986132836.650707
8018745703.539368
21868518672.36575
7237867115.645651
7609874300.599226
7625080880.98716
20136366202.882988
11541234290.277422
11196144323.222054
11272615429.88075
8273279832.884427
36039683845.21963
14996373721.939209
30600787460.963005
8843208973.661898
35942038557.05623
16656655230.286716
17705171943.465595
16529603405.101723
4857492433.737392
14416417171.044767
14530874006.464539
16350961897.14834
13337067004.332794
12254898192.601524
22252413132.84647
23527651551.721775
13260337493.066471
32365533189.157177
23886192173.286366
33101275888.677265
25531135759.23894
22152800150.906067
17341676260.996395
26727700074.782017
19826580244.006477
27833161845.221306
13715923963.727125
25324696742.999878
12855902385.0655
32080749105.807682
13708578218.124603
15904489431.279427
15685718185.73146
49931245920.65538
9536125106.144865
5889437984.5072975
16578400937.715452
12349492881.634861
12112317812.929703
20596661490.87139
26550718392.083633
21191225081.674107
25645165020.332054
18609663311.931667
12101630161.550966
12554164457.991735
25396673733.842915
15834231254.733303
11533072766.1423
14904815427.445543
17004151959.094551
15389102140.107105
8458488468.10142
10714306239.867548
13518674038.712704
50226295834.39284
19141173105.42179
15258557002.62643
13323592811.801765
23295104045.53679
8885610244.867636
9465407921.606388
8551669008.694619
15996537156.406876
27715904063.166817
24151385421.122128
14134923958.327253
7176006361.797053
28783778335.71784
20683731033.568398
9644419677.848913
28733964455.20974
31283445171.517323
9603790410.147192
23373494693.811462
27681516113.87777
30681712140.848614
25073797734.960815
17017969286.062286
9460203093.266449
29582751815.15156
8919680717.010387
13186500189.249653
13500725639.012398
24879218501.345444
20531334620.459003
15987910191.223957
13050345363.274958
8388719175.753307
38632760593.77763
12573532674.893488
13117213438.354647
33853320239.310307
12617152219.13333
12273152900.258097
5978308883.550395
13195555159.34751
11252365782.414719
11196029868.047329
23017668103.354942
11217549027.956045
33857317927.437992
17906818093.861244
15919078919.645922
25336219038.64514
25895554477.387604
18041207140.097824
11519367126.178484
19570726128.54739
6176872223.382486
7213260253.124154
12468113100.06332
7826232454.506044
40293218152.0373
69721081266.40266
34520408076.12125
19234019618.17624
19140115663.549347
9616484669.939186
20752040634.68238
26830063846.33023
33079592025.753403
21329320636.17835
13004166549.661982
17432000235.68575
48552520630.520004
38405871502.72306
20855587278.608738
20489035324.25497
39802780787.17746
34935966785.76875
29578594494.227257
13586814656.503458
13891766027.60995
17098843867.326454
25086002288.51387
9490992334.367626
6824785246.548895
24218092718.447952
12604123403.402437
17818193631.753918
18188065532.03376
17929071232.39185
48890200493.54907
20367554739.93467
9052084758.17801
20104017520.787685
7018131348.823032
9880072407.5836
25418378951.238487
7135704051.8457775
10333750104.46805
15895562600.595589
8405432805.298737
5852088077.3082485
4619974304.266065
12067352069.09887
19820877595.76001
17233273402.71378
32031961845.6081
21747431354.131756
12591787529.90532
4200761952.9002705
9367160280.447758
3076837089.3558407
3230101924.2930436
5606144055.932822
4934162324.43185
4077445150.1054316
8961613851.740618
14099987198.531418
19093876325.974503
3844483892.6460457
20396951390.132473
5105388696.7546425
17743102550.13707
14981354525.611616
14556775496.175272
42947302020.851425
13162448490.82878
12401571940.201443
15826361271.434732
40308109840.509605
22922833432.910763
44933974692.629364
56476347665.97748
7480995629.185679
11938899534.33542
11646093142.059671
8363898923.8210535
12099281885.871717
4368476336.176547
26183534797.85478
14564176513.155249
6112790427.484357
39303286458.73301
5327535949.640942
11129471192.700773
17400826736.818287
23020425639.01951
16403831907.15493
9162441834.383862
35990927893.19832
8515574145.135143
9619926866.207497
11112023979.65905
27572211140.286175
20611579369.31054
5607493819.457656
7798147331.0678425
11442117715.240622
17171711465.497896
23993421174.569176
5691120183.882622
14359672368.521002
18411308028.101555
7259993016.820509
10727698421.93779
18331849673.116333
5101405020.816721
4520770225.057487
6860448201.49884
20405835542.955383
15479686279.895012
16530076307.892462
39914393839.16396
29576769725.12175
27133811148.956093
26784366622.81102
16127839428.767185
6493531004.775002
22688594761.830364
8288786919.578482
2976427511.351535
7260886831.638402
20824231393.364082
13387084546.944529
10720310895.475634
15620214617.31921
47519334532.17502
16349577659.680374
15145433227.251467
26599079581.201298
28628046826.942013
33359926763.8361
13497871871.741224
19813051783.472485
14378352932.38878
16729112181.128082
28671333730.871338
14698008581.59754
27352094173.122528
20294521937.196453
13627503824.038052
34611638234.79123
22815827210.350555
16722774319.524952
15668254147.928888
8047100328.65698
9111913906.946949
22741393935.656643
17189890502.38092
11678302928.801113
32346335332.341045
12439125256.421082
15395528353.5317
20706043836.52104
14165105255.478168
26010759571.370907
14218076060.939552
25260997019.80754
18228573162.351555
37064593759.146355
16905747696.083506
37029531975.58733
13723419670.552694
12223714065.215183
18069747996.47399
9479552831.44575
9512771020.127884
15414975072.91635
9100799160.010506
29535957171.181755
10795720153.655985
28258763756.38884
19146653668.57977
19966597798.650303
18778307192.75782
22142623915.88085
7863122889.293435
5208235998.85707
16503967810.183554
7852480947.694829
3687405182.411217
9912314825.598772
38777219842.48605
10473856530.955545
24548768504.833
10407831881.206366
21025625461.619495
18567442359.103127
11418768587.853365
16491989700.363796
25537370526.450005
22786597996.761417
29045295252.21176
11255057612.149658
123319074639.93236
15549092592.280571
5566856678.6425295
13524309134.367971
5821934531.244775
16167205984.8243
15275061769.763294
16748274116.049513
12608844797.648964
25081474440.316208
19419746267.572105
8398354936.450914
15180545080.91803
8899232311.613497
13633501940.86782
35714414183.55427
15383951828.579916
10427906709.050589
21358459554.04962
17969629569.239223
13435516797.703527
28477986762.37484
32309792625.21946
11319939517.866102
6271089524.827939
28837337636.133305
17143479950.218863
8212958089.11363
32594125474.621883
22753641275.93359
27572139048.43214
20036578023.473015
14462911564.799341
19005365003.83987
22447200334.12852
11744143773.913721
10915865717.258448
13748790952.948406
26527852507.67264
19189053664.229492
19384783281.583073
31066945369.521515
13737246989.003448
18212560074.998005
6470489896.370555
12126307238.315794
20499499236.33267
20105978649.211384
17817544235.772995
29641340173.54227
27038830381.13942
19310752653.938427
11484905597.116219
10737025559.44857
32932768197.129295
24009211675.525894
21384835036.031723
17506334484.45315
21529854407.016865
18812814205.17402
9538521746.4396
30392325558.40887
25351183494.345264
32890700137.48045
12691859103.07556
18328167630.14845
7983133173.458167
38111336689.796745
35270063692.429146
12117708050.602703
28319268801.422493
31722920168.598423
35524329120.917564
16604915816.211622
33790101737.8885
24114245470.4763
30693319422.627644
23120708928.252995
20690743108.730503
19262063633.75085
26270299298.395386
10093060441.606321
10300494095.949465
21056936161.08412
13219565295.477549
32625267325.574356
10592727804.058018
13636729808.228088
16602514215.07516
5062189928.975637
18425365665.68005
11125935412.393446
14204094713.641533
23705243083.393826
8691180093.104948
13255186861.66592
15535478500.631601
24518194055.89895
9661337309.437363
18759501375.17741
11687970925.518389
10835673842.669298
7621463047.195168
11068609160.922396
17896329619.957825
10594645716.997091
19068167198.898125
59709112714.31192
20077312936.254562
16549573168.309307
17557531280.802162
17560463354.531013
12004926037.54932
4813463445.965897
15510044504.010954
16067493489.545324
17784829026.44362
16472548045.82954
24061967489.043858
34559185466.244156
14539481201.564053
9188325906.94607
32730162108.837673
11417842182.603674
13611203455.052876
17559234844.813454
12731701526.360144
13688186317.72864
3785122349.6251493
29120780716.83124
11357249102.826427
10652867578.961245
23478532343.644196
8502503575.87686
25876026473.93191
17430437825.771244
21692925132.495552
30205022925.79852
8203688725.004461
17127026395.750607
22468622745.457886
5183273875.860898
25180031326.85299
2370619660.144285
11034550539.290865
14484048309.834366
12570111994.933174
7452225244.375134
5990998473.838235
7806823991.022979
12348036808.871552
15609389562.425753
11845875605.964148
18264372077.896465
23000451127.436775
17948157890.013405
11081757656.81704
32315639741.115963
10412107765.223745
10036092528.379385
31318515422.68173
10975074833.05706
30295618833.34485
4001339396.190517
8584447917.819985
9760332684.611433
7824853711.186708
14262533621.375011
5945126023.608331
30495306927.8321
23640175942.63128
19895089810.25489
7626974513.217297
25577370625.19785
12977766853.958872
37705123228.73516
30943860205.308388
5970412041.62497
31460626759.29058
9068242849.073011
24780038725.097008
22402170112.70517
10774409873.053318
29951863643.33565
10783116053.243057
25627667709.62348
6097354917.045343
17490214370.53913
5854999120.765563
6013756159.5284
22116618028.87283
16647873631.215279
31362832125.8471
26375629674.58986
22153248055.80454
8689371432.12956
44951427523.720695
6449300436.990591
7097774725.260984
6163484422.049899
4299668128.673802
4101800942.45831
14356123205.37526
12791098917.722832
10337521119.98367
21586604761.217678
14304049414.624338
12489670139.148838
21097581199.323338
26276573250.779335
22212130590.15027
34401001898.830765
22152800178.172062
26727700107.678864
17341676282.340782
7831069472.494534
22195314579.0158
17634600285.360344
24700031567.60923
15232644520.826605
18388342410.549175
8076228551.414964
19984585810.51887
8382095488.07303
14980387284.253302
35716675267.77269
9710974358.100246
4609423826.982383
18255320978.44132
17413338609.45775
16828879589.65715
15992741271.945797
49397232706.41376
24499142318.479454
8681917294.687082
4057701196.8067436
24280236169.942917
6879952641.991685
8795905784.11041
11923488581.1766
18684973430.70799
24821208551.232487
13506060519.88526
25381854421.393017
8278725028.640141
21336921119.671135
21275800058.24553
11593642535.310783
25034575986.06462
29604027019.9129
8947521153.39236
15836560564.917025
24496120878.81343
18834447291.658936
14253878849.063477
8494872118.568058
29758457206.06972
12901145745.601252
21160741081.463287
5623479164.718675
6352608190.350415
2059219148.4118345
10520606045.118618
2637742476.8818464
14607421093.90985
10952730035.32932
9936588402.501877
18697746822.89331
6750624119.866042
10821038714.622267
14745398546.198727
15189359380.948143
8214376480.608527
22873439906.522263
7679104875.538306
13660833598.163229
49219564425.50793
9329147080.633997
12400322252.685555
19212681059.057587
9572548693.503134
8544877020.555969
9299432404.566214
16701676125.48794
16404941594.155954
7068716431.9458685
33894325979.02085
9720653294.723501
26700487450.280178
35203838889.37607
15064809190.36736
16164394280.41686
35220693546.61586
16651024795.158192
16428861668.62382
19538871959.681255
19258650837.801414
13854500533.502693
8812587705.298573
22762033140.71789
18957334524.014668
8215398645.665206
7109643791.06447
31514528357.08122
10359229592.491291
37017182237.96481
22996081182.08234
5054397104.313591
36933635553.81502
9306730594.1939
10798913619.617962
17304498630.390125
13037532175.59906
7213124109.929981
6042707818.527801
28682238589.668343
25779663485.3093
40998050793.59022
9940879516.299873
31959586983.238598
40296635238.60067
23864765955.448444
16694233024.69667
10984037509.04227
11376044526.10284
5184752719.751139
11436411681.921309
9238456064.5907
29359656317.913776
33119515774.917976
9698840282.551378
7450478704.412583
10219949866.8328
15136016173.111422
34380096038.031395
22817893994.57037
38198877634.98538
7495209069.425828
27315726211.742554
5350564013.807504
11303500884.10639
17567914461.129932
9842151042.917406
20427590305.609486
14763202735.572668
38273425699.6632
49572130563.64178
6389414735.166411
6461377961.836717
28048629083.15033
38208255928.82323
9675878424.66805
12826861737.99877
9698482830.41217
14501785893.495598
7039317008.527658
7232504992.036056
20264838205.645035
25294221365.37806
16234933391.900166
13056053232.105255
13795690594.93915
41709128373.12772
10594585498.551804
13708725909.401701
15357959384.03335
5453819782.788003
35505481889.57784
29364268503.798946
33254590990.772255
10586361595.529203
22255311854.60886
11426358083.308353
13376761359.980001
23158520440.038116
48943973468.913345
18669815583.68967
12170506481.80878
32705285751.407703
16590032631.231493
11848747942.295753
25013052710.292828
17937376084.14731
8333633638.823379
23552330248.300854
10446009522.763504
24043542529.753235
9328041295.3122
41784845924.7602
16181754626.274223
46300441820.470055
15208743257.97937
19943126718.805298
13090611113.62707
10856982589.49509
15450263557.213287
22596431236.138344
21813853358.41995
22600204796.403378
25754337118.99602
25058333066.777275
26152268693.246384
22269343289.654682
25692623751.47451
49205023443.58943
37090652996.141
24656626242.663063
13562695221.425907
11890682196.575785
6742295660.414255
14618358269.251244
15161998831.796768
5425762245.41249
21336921688.22454
15740704063.644226
25625120553.76117
18417125897.679108
10691191058.210669
18090369897.217327
24420345923.09929
24741531873.26068
16755125822.969854
7966053120.465588
14620498876.262486
30345536101.61821
3699871905.02595
14237510025.39728
5651762386.1044235
6480878704.525383
6421473803.063902
6048239404.457155
20484537113.660885
20377080361.57393
15805091639.292652
12354000633.991575
10958617006.890337
23487368994.5369
13120487321.248194
8742644011.500166
14580246639.04399
4348446592.8956585
22087502684.941593
31611170151.258564
20281993761.77827
12160831965.414167
35509289723.31314
30660685112.3422
13548304319.824013
6989424034.432456
13333904227.544872
16246721767.827398
19875445576.696434
4457360160.762764
19349253762.537518
8848568035.527151
16610228725.39948
9365572914.806477
11923154703.052948
25623224440.624817
30505392438.92883
18088934154.919056
12864306304.939703
11965391500.116793
19071515961.82675
10673666170.881325
11974809691.704334
43908203264.93783
8573737223.010051
16759921309.17808
7516092141.196112
22239632412.0
10123424660.512678
5779366686.484022
12281759059.012539
10588493252.606396
10909788477.921843
20149523546.145424
9999162220.70114
19590768014.183643
106310788987.78711
25876323527.972267
28025553363.289524
28916081799.50974
15733926951.185127
39972751671.679115
16526308137.8203
24940146786.586132
7344894559.679294
9572912216.115236
5694537351.355995
11834916857.800901
30914625327.705593
12587773550.549845
4148430505.549106
26333534500.50533
8303881798.59971
8217008604.7487335
14732299690.704971
10405261637.178123
43113340606.66793
15591843852.564543
20233059693.57859
11405292272.193739
53475620581.329216
36837521707.99195
7914356726.226376
74517120215.39598
14097194391.147196
10993080023.173069
11898097560.101383
16091475483.561148
37835653121.152885
20798843463.782047
13097657263.882963
17800186641.41983
35517829176.60894
53009358342.540016
20101018413.01776
42988109900.68127
11030583807.05713
19810398462.58862
38982603858.52037
6602605176.758132
13574087021.08576
5787929119.807426
7173994726.110952
15178509888.18086
11135011384.005163
6218681641.595688
20604010940.510063
14866392503.892853
5742922198.017414
14357083206.365805
6098093911.9642935
6285078535.630501
28922720105.857197
4428907775.224498
28037480073.128788
25687247779.0266
7685726211.628647
36715050404.05433
12503416169.67142
4100175401.9383893
14931497085.4502
14238901872.365393
56454166533.051895
12802890514.499079
25435566202.180172
19811031090.857853
6259997360.835656
13462388521.61733
21639318571.05898
30055141833.162865
9974189856.580488
17203917675.6368
25954042445.367897
23179208976.045822
36460436185.81519
7546956778.745085
12660438564.994806
26676919296.827362
27824434652.078526
5787416161.755753
10043834144.269802
9748041429.228195
12734909116.819332
18035768987.778538
17050534727.716818
42748581457.05537
24890187712.833683
8237954927.263366
15932765794.311226
8661363974.887516
12575787145.735582
31365739993.938892
12766675707.749002
18001439468.15599
28169997534.7719
18333569233.90169
10046067910.22444
24293921420.644764
18674226421.7763
11989134470.219461
8738546908.001501
26149381984.71588
13387881557.25392
14051626940.238155
19843029615.518227
22413060252.570293
26091572713.051476
8523096120.424589
19733427424.732533
7396304070.740225
38119037198.20972
10046923340.502611
40279924069.91323
7324205434.806737
23204200319.017986
13726250531.482552
6987186004.869425
6136146547.911126
4781668281.01526
4045616357.8057265
10500158806.950418
10610480224.23674
16056849747.79358
29286212525.853413
32762640283.075405
12659009737.504261
26122841406.36957
17164011902.08128
8540003376.763962
6608449868.189974
13548392093.524784
7157205467.644556
3806712220.905582
24036379338.30365
18837581717.333607
10292568925.511492
12069564653.63177
21331463482.25893
27250665700.25443
19822147000.7588
25566781479.69373
14639915470.972404
8576597806.4444685
16064359086.710487
13210171907.018633
31201497115.99511
14913411004.113235
8600017157.299526
15341717922.534555
10321187570.85376
7796286442.267305
26160878486.654793
46165842772.62783
16233087049.8483
12819240125.111132
20562753661.828438
17468392131.457813
12705498482.189377
17078318047.89893
12691036171.012316
29383411578.00425
7766361709.641725
20439736504.687614
11013223500.862469
12013933915.647293
8066122588.061051
5520036607.474431
10644807594.085629
6717242137.437747
12121556241.94718
21488647483.61271
11763064049.673698
47036449492.069214
7469635710.97905
15126924881.879164
18493278307.594986
15320927225.506401
42154471498.81397
12901349260.680332
15613627474.226583
18153508342.41604
19255103180.010292
7152596449.485891
9493521764.457289
11495432952.24035
3315125125.3649635
16717588254.681185
23368939932.779324
15266155647.456982
4794301267.387826
13137146157.410662
4435833658.011024
4646846802.916963
3034418536.067286
14702652694.834883
23791438144.822624
23724773633.904766
40417825156.878624
18605922920.508076
21132433458.08603
11707393723.003714
11511707812.985844
6497788007.805678
13728047628.621376
27991055632.514164
11093184705.223421
6412596055.138031
10679033855.199512
12702420278.192896
33093063899.183636
17764870567.3423
14357384445.657871
9659009566.692896
6802566539.128336
10739925524.36774
7170594813.739109
13112253857.774857
16357512262.136574
12687361121.042454
11827298123.405317
18352586950.349655
18868811243.144882
10285373486.129375
31701151753.272705
7458893185.10992
7169421504.323931
25959159065.157745
22571544382.933495
4144005094.5309734
19662555312.323334
16248846921.95278
4585228332.16309
5066986057.347542
6380447925.595724
4681580924.082157
7164251711.012319
20174725080.652084
13077709621.43376
29370386155.381195
22312016681.635254
5222422146.897513
9018468891.876785
16319074300.850733
16289585058.714266
32494563259.187263
13777288047.673656
20320641020.373287
12029725159.614946
14326068486.442522
9808794205.680239
18711151124.602654
14208859278.827536
16465506866.539345
24025092729.30283
2894254306.749567
3662750551.3997602
12462066556.430336
13873269307.09684
12080550156.757711
6942683115.539092
13853964784.842932
6345470261.093586
5963916168.609948
22244595860.829346
3205431733.2476325
5133317457.810653
7425596808.58736
17991675885.02496
11209132497.42598
19967922861.070103
28944869064.60781
51375196574.477684
17842609221.788486
18116435377.310246
6960342368.874951
4606961528.620005
2787511389.8841906
7103392067.369115
29296825624.5876
11534923615.08417
14268004668.327274
13262305196.296144
12217703914.644611
31385024146.85013
17690378365.33599
11184423270.714231
28043552907.208366
16970958605.148537
14505837633.545448
11228499772.868685
11600842628.163849
9735790210.29393
21340301376.14251
12016941333.421057
52662926948.85049
13652313830.047384
19620248404.779396
23982969616.989567
20133723853.252842
15469376244.454264
6895484814.417556
24541579851.405373
20364213479.55274
15755214587.71734
41535312072.18835
11649464987.62635
9242671873.89015
27895471574.639484
13608719631.5623
29352041281.27685
7966990897.791087
21314727239.48742
6014758567.193184
8369671266.709309
17899435410.38504
21494160538.190727
33346123772.40485
8459288424.899283
12806200167.364914
17857804748.15119
15709268176.25724
18889645168.370487
13170861999.186497
14900202212.48941
25177435714.822006
13775234673.290007
10282089867.585531
12532292852.63556
12968524451.793238
30954474920.805653
20800339404.737606
27268323323.81356
25009333754.806
46202410939.227066
14991959673.345268
15636291385.796993
19109298324.669662
11313155125.511211
31325628254.363464
17530873710.405624
23841006489.184612
15144147661.334135
22473880600.18906
11086623871.889982
12611889458.221924
11422697568.993427
27402604014.106003
12128956065.596073
14417545618.553932
29598139153.935013
22512587436.968346
16205362268.81559
40226177729.09178
7556243817.828822
7872354819.0684805
27932642123.714428
7231196058.820954
10563488654.61173
30590105572.44661
17992231140.007977
23265162310.006123
11184079445.627607
8798637161.450945
20829017456.23256
28679712846.216892
10537024623.340513
38951487663.49734
10977834830.643774
9232498371.924046
14446155884.125229
20325315318.660465
7826891287.500858
19219215852.50407
13402170299.679031
10580776532.385565
17688013565.329323
6198605789.63504
6428925850.630887
22550408102.75176
17958058404.5073
19722908814.267685
13795546666.688969
9338670145.403158
22202123743.55894
24465223561.577377
16232618866.456497
8639670860.279459
28434832415.175587
19381868254.209385
10357995326.577517
21111264329.88142
13637717472.083963
19589345097.152557
18052155332.238514
47122428979.167366
22629856447.690613
27447435092.323803
18184825008.66854
21242117607.234528
30131932998.845528
4084364712.1487203
15074511606.075277
13943266039.799276
8532428468.625615
19654599123.91627
6611572453.531042
41785886030.09676
22590048061.267715
11372184980.9769
15224802665.144873
5755074282.169847
9513053235.75917
6210838430.974654
15515511585.64787
21561772903.691334
29818580305.678566
45293068892.34431
16841552895.553972
13358544053.304441
22604730525.738533
8418849431.857269
29658392972.234802
13477428848.818222
7379104501.797755
11925251587.427523
7578234374.141064
7332332656.646729
13177948326.785864
37952331485.283104
17518824252.67446
43065356966.929504
13840265906.480497
32060883589.75876
7872184432.17481
30956662702.487762
9598933549.256868
15444120106.381
9553741420.254766
29500455823.54916
40135500926.22826
31531053534.962254
41549895671.55904
28106932914.414795
35032436102.88892
32211679055.929768
12593945931.9585
22238433667.639862
8495768201.367384
31967966302.504482
14777721435.259062
16444179895.283476
19204910902.06501
12759809038.400362
7060827402.009115
6434428112.842128
5446544101.654055
3063380254.3316374
7915076166.598059
8584576925.402582
19938535056.34374
12232508696.403477
21461945775.335163
16294187497.549973
28423187160.55597
11824193050.180422
4344776040.664554
16413560396.740711
13087574492.219143
18185616477.15404
15074525951.844702
10914997373.627861
14139336257.653442
25828978169.050842
21907056314.301178
12377370634.932821
35331705156.708534
8541578056.906329
17339811842.223183
27151448555.13099
13845374717.497417
14328765604.431122
14975693684.907505
12665170514.069145
17467476986.143734
7341997992.293238
3765342745.0652676
24812657559.288097
13875551629.195433
10109338015.757193
30462382636.77228
10572556018.509583
23493282346.34747
24559966307.998756
16263973792.679163
10188441048.513134
13307022783.278093
20133337282.87724
31668269263.301937
12607237590.532412
28190628433.44394
24091420805.1387
11098753430.602186
16181450650.46054
16293592585.558893
25513497053.322334
32964313851.914455
17045719473.977182
19546487062.753223
9449607329.023293
18924273982.69326
13753002472.653008
10938870671.539452
22458929905.022015
13644527139.445623
12238355518.081442
14506101765.622677
9445085489.504826
16971645506.353968
39398025053.35355
15196403916.867813
7535217741.875521
27173577671.323948
8622546888.99565
12333531915.5976
27959906726.468903
33218216696.785957
18853494256.87442
18887102459.068375
34116878884.504505
17390077185.567013
18537164707.79139
11179368360.74089
6713039252.527271
6662431536.878442
17127362148.925611
34643541403.73669
6834609204.834556
17693748262.357056
23734918695.818962
27063850069.1889
24889410188.142906
18024525954.27734
11201225176.614155
24431873087.81882
30995403067.440018
7177306999.216062
12750861257.165792
23297876326.160076
12466832536.407677
22511177681.072025
15027977062.816046
35953233823.710396
22946650328.688114
13485363518.684013
25234629123.158234
21212894536.66489
6731140816.49746
11011285593.952131
9605460340.868847
9628099580.949118
10176686919.407068
19083205704.574158
29676352653.6227
7293056179.485279
28760665600.839146
11214746476.00884
6400391782.274379
42547691650.35611
3783967334.1583657
7897411296.584686
9328966335.437376
12146055580.896788
22428824250.68272
14067052342.951109
24525467003.14962
17570677395.56073
13545477377.842728
5745251024.861767
20235493461.77728
18693590179.7418
35194665282.270645
36425636750.478065
8005323768.2539215
18057284119.5989
17564601744.996696
22144102393.458992
32745445447.79824
21442059723.106964
21587467158.25582
17553180509.265564
17447666474.952477
12044638240.39484
18946853505.18741
17591592677.762226
30572233259.798805
12411441870.172262
6455592012.255155
6727525184.427511
21767759288.28296
25647491532.324574
11142310785.358875
24913646407.326664
11148494004.599619
4546485553.516933
10905764209.298023
2507996593.320147
3556507931.8087373
6600618338.246677
12586866850.779638
11202924308.620277
24693888292.30061
9421114435.350225
24866545543.285114
24299815584.84739
12054014608.25967
13535871722.197647
16470528054.311762
30663789382.845604
62660321091.18299
14637404653.506302
15877764813.678347
23946224898.463596
37529999457.89319
14196566686.618185
22250991867.22668
18276193601.02305
41446910169.444695
4927028631.315476
15854933295.37368
14457971188.461597
14177240346.591585
19681924215.39643
17843233663.905396
8698541157.10519
20070320923.167747
41560045553.07092
13595626186.647467
26163563013.63747
6346144032.102936
31324138533.432224
13520127529.535093
7058252130.907038
10082917338.77272
8670307369.66099
10129188297.757017
42808670818.39564
17020905432.381878
10701146911.228897
13674475031.08003
10111798637.15102
16682773082.10716
32158913333.14048
44843918081.122116
25040629412.17256
16445213836.299776
18789708182.781475
15218492658.209915
18371371352.247944
4836140065.255296
29247480558.092125
6266526495.660566
11891648780.017492
8781788470.782211
9878328355.480171
10233274533.055466
14285329126.2591
21060426196.32069
7137651895.961287
10785487646.961681
3333902531.3656406
17960352749.22925
8412007919.736596
8920249937.205557
21745845508.86534
46296943099.59148
7325334527.057395
19125152510.439564
16868418733.13482
16247261987.700932
17828238683.51639
21188490190.934807
22052841405.18896
12880362574.372295
10239620381.456184
17440206530.57855
13676868071.302282
19611140240.95438
18080157191.820816
8649281961.403643
15964906354.064152
10796909745.454952
7235984799.867418
18081731906.59505
16659666785.461693
10349669827.178331
14642587647.293854
9192630970.496714
7365978797.119575
21601638882.30378
9079824710.02889
9404450947.500412
8411696915.687829
41868986256.37123
8992775414.199083
9585290545.883886
15467198548.204336
25447820457.189037
12129999991.773132
24440676345.713936
27910744999.10906
41488795506.29625
9816885549.032793
13138488435.972021
10371209556.266449
6057725660.572789
26759145578.52674
18326985931.047516
6307984968.145073
5150375184.650591
15291780390.20553
10925913454.547081
6699579463.095477
11999781716.936426
12294398164.368977
5839979850.675611
12824435324.813936
25658700587.99371
17658449190.990894
9116371463.391762
40904938992.991005
19455647796.013344
18984167289.24208
14150430389.047087
12428786624.997751
43499136392.0543
17873326509.487682
10081285738.177584
11219067125.19151
15111632634.405935
11366195976.277103
17806543994.52513
31575908895.99046
29382147886.933456
28064508056.718235
28533189049.375633
5414860193.0203705
14967979873.80834
15074589806.924633
11012077760.606853
8249407615.956058
28850632332.918262
23114109262.813496
8497066243.038075
13586910292.862827
13366334971.421938
17541584020.682312
8755833229.492905
11008155636.294518
12686051674.348518
12635608935.908781
24587824104.448425
15603202181.936867
15326370717.15285
9057700782.07472
26496828892.290825
9488262756.15901
8429575994.9686985
8401839353.418112
11507304595.156761
18078530320.30912
10669502855.95763
3542031443.7886705
20478783573.07596
9639544867.026224
16040142037.051247
31136937059.84017
5871041254.067385
8954117452.149933
4931881007.335516
6094136487.532863
14843701777.00654
11897931503.221304
8161660576.619432
18748767862.38107
14096777345.62864
14756026158.14631
27218395823.78272
24433889552.001457
17736510096.316383
4160313928.206173
11799577477.949106
17062659906.351915
26041196336.697365
26092597822.05429
21210307573.133373
17106609865.85877
15507473197.237469
14190158829.296326
23372309900.626877
14936413072.857653
18581521380.35818
18631287067.30573
34953333040.158676
22040496178.131138
27020309724.63124
29174625512.634346
10852007184.361183
13672857002.72914
19552076613.807495
25722895753.247128
35166338128.34253
36298390508.8874
6902327076.372047
10987960109.026968
11238736512.056023
28295637532.527363
34810261412.27149
26343816631.00251
8789625225.617945
11656162479.833578
18474457847.620922
7608930879.222626
14072199622.562138
14108302485.889936
10328052077.416044
9512350295.470879
13111854055.35318
13128698181.25407
18999639698.572803
29407816493.963078
28792556711.04128
29354410250.13317
21958505554.092194
11902784517.379152
14546493571.230043
20266324756.33266
10504452095.136612
31076994677.26181
19785695153.52076
25531555491.95235
42693938744.253075
49274073084.63695
26896252551.118984
6109201248.05803
9884991595.612787
9453687783.438725
12771452282.378918
15392161445.983826
14609938222.488976
7401003670.861955
22369165711.507145
16349751463.411732
18945035638.78091
24779593269.26293
15708570577.339952
23540336151.5542
19859980977.777462
31649826447.848732
10511531128.812046
15208593087.552837
9180661454.191225
20207235904.33765
14522965562.65956
11884516319.0294
18152559220.815456
8321782561.041984
13662825123.88298
11696449692.99911
10373754718.57712
9952533622.59555
27290229434.600304
32985294094.33637
32340492107.186172
34000320403.294235
34303676924.73025
30361993499.980614
18172058079.087234
13333957110.05305
14475501593.596725
22416310595.483177
23029385847.610104
6642222185.033856
18906888281.247272
19765952952.759132
28765509034.0539
11030139782.974504
9734941595.518543
27262875850.798634
18045635612.622936
24252918425.742626
50717310115.55914
14499098962.525425
21013208374.337605
15238779083.78937
14945612942.671228
15891370793.833164
7920833062.852207
12408654594.892887
11327391217.938797
12967535570.26879
31572932073.044647
8141781007.509859
17796166773.766422
20192904481.642773
16901184966.30894
20970217003.172344
10635394304.195694
14362368637.775501
25097849902.76125
19539460702.07363
31841252375.123665
28350142755.157955
10270929848.68693
10549841966.967163
24099123692.404613
16952207561.496292
23331536309.359272
23107650949.81251
8307058801.785976
21247058981.160324
14748148408.593468
21865841671.29395
6948537896.755931
5703203291.215969
12600235924.27072
9003708794.324173
7775617107.837236
4438136857.627155
16976577537.808662
6944390095.36437
5053732578.989039
24281054700.41939
11281293170.293875
36417684675.62693
8598872771.553812
24385628220.560898
16103126039.678629
9279888112.496506
12107023540.823744
23279654398.797043
7809361260.825381
22176141535.404667
35026464519.66342
12028429811.876945
19846873530.59289
23875157133.87453
13626206745.983736
9943740239.14017
12504632462.999489
18719601097.90776
13264301381.734217
9894101726.552
6248863842.994205
6161918364.723871
9833791297.779959
9602539833.26412
7603591412.310783
10232608889.938894
9685607560.795597
15101784631.269823
6137285742.668943
23619443943.2184
17649704202.785053
9491279315.328205
14327334241.007862
17715609851.66573
38659058320.62637
36996869628.053314
36637194881.049255
17475781535.83567
8279072829.291238
14208674304.804419
10333687117.56363
17980564636.59953
23007252127.341225
11237114179.039606
5786154022.484818
11930122818.203413
6307934634.480971
22290870084.632454
15104596613.293776
9190847250.277975
16815026438.528173
33627735480.303795
3728857377.3263574
15151060489.714235
14237040554.852125
6927945238.107533
15868973340.749323
16857084963.074564
8096657616.603796
15205045352.86506
20665284302.17715
12158062347.737995
11949476879.268496
9902804721.866863
9703515762.600838
20603674063.48246
34395371921.22994
9638251198.586637
6519348297.604354
7156199236.853159
6689441005.627638
20657216018.756256
25895958680.65851
28316348625.838295
53805080939.797424
10490174100.374275
5828121389.54464
36508915107.73134
21577950436.07102
15137294724.423374
16490565426.197842
9016761303.695538
10213473194.119804
19391984201.716454
63258729221.48979
11567862887.508108
17898513560.292274
9893276143.0477
12741248684.284243
18783159383.231728
12316668353.260141
45622299398.72753
23630878255.783722
9525977279.31719
4969594187.967993
20456595781.12592
23440403301.81863
31751096132.642155
10455222694.27927
18103359370.25558
6403857709.511392
7292025288.203513
23185325056.64332
43309349753.06853
14847403592.838432
10952544764.971699
19361195767.43285
16543108148.38132
11442262832.99189
7612200263.059962
17916804028.274525
16799822025.411917
9882219300.201963
21043682468.63048
26986645763.445255
19353670883.73884
6459423545.779146
33554822021.142418
12539776016.60056
6974771030.339345
14129653219.600191
19624232174.327637
27445322185.451885
22348853375.707596
13957605542.779165
15910639921.834139
9243674973.680216
3560582717.2438974
14389905462.5078
6566134277.987025
7581418937.650994
15220601961.119347
45257495031.46086
32253522722.443108
16048131732.450932
18838698740.206577
7429942792.973393
19905411683.772278
18038939171.333553
9520245811.996847
20317573740.108364
18956383122.66745
31437854836.965935
14777324091.087143
29539321331.225754
9585965254.435104
31245894723.400158
7716720823.193656
6333637441.639565
8283413970.719935
42510705343.37858
8105391974.497833
13492154639.210161
8277885456.308984
9733696936.048622
16948732128.214022
23537919870.95662
47288477247.24842
11953533048.76353
23696668849.253048
9861536764.732893
8801965378.263464
6737879137.186155
10371973060.847513
11158656390.871971
26696707940.172672
2184106011.7723074
10253147380.109318
4436865120.537749
9751104827.271025
10591682678.17947
12777601404.718967
29075034594.338634
18090255453.714355
17015852889.10837
7817645829.102065
7660319642.7387295
10033817806.819458
2868235925.2156186
16265313830.827204
11139602888.319729
8360795940.884177
20813820994.285904
10735405819.1293
5889955027.65311
15780541416.918034
17096128587.993834
10716149892.046638
15269872689.768728
11495411892.811094
30981516456.333923
20340076990.418404
5113200219.809934
13028419800.658876
7156725897.107931
5314885385.170579
10325529878.764666
8646446937.485966
22125137991.88388
27409705475.76996
30254257352.86943
15246573417.54692
12251790912.628716
18492354789.16061
20703074068.25233
6898249352.395753
15825862211.817316
22324277078.2839
28062050150.375824
19445124252.35925
16636132354.531532
6422910872.777244
8859147269.91985
6837628812.622452
20893558606.151157
20342740476.446083
9919575275.109282
17323297660.62827
28767749606.62782
10884736289.835022
19285960768.81839
18097751137.29608
25354882447.180298
8489988421.05385
13271556947.422201
25717880552.023277
13694235801.309496
16819118406.852737
28326877390.31164
7451803223.280135
14004046790.56772
9694336465.875265
11030016665.219835
37221131505.4616
26562756815.058956
18834067047.331367
22557687587.13974
14090189814.151173
6719195182.80995
8984544553.311666
14813281852.947224
19487259438.879337
26948260857.641644
10200331519.024948
11534052787.676182
35382222622.61163
9699464725.242682
20275422594.78489
32885566440.340324
8114567155.042348
13442746665.326456
8878690711.621155
7274947288.972913
25424999707.517963
5387915153.035568
4638416982.412213
3614095096.798209
5424414290.839708
24895111620.6023
8390269910.111488
31945674236.281555
16748707372.700788
20122266450.172707
16227353343.054935
14290712765.809416
39453985125.822495
22129054810.45946
10797967796.347172
9973640094.56409
10048606240.90802
22723842864.291172
10668297893.699823
16991861923.05601
26908967785.842495
13823679249.033625
3565718704.831757
31141454056.02756
10753882356.825388
16425614732.287066
11385658522.495844
5585778783.164076
7530089425.451291
12495016655.625246
12833361126.904093
12941744469.608198
28656754943.672302
12375225532.339294
41068924850.371635
16168800774.491854
56381558813.14361
2661792144.7924757
30058775162.29977
8828286006.266468
7109054953.926822
24709127400.770267
20266133308.633152
22753702915.45592
27189421092.616745
21007729868.5479
22929143538.21094
10944281859.698801
10917052450.543175
11641485336.605665
21245373825.136578
12539757905.691706
40422666586.29318
14081801616.524061
10568643979.699106
15163045954.342405
16070265561.082232
36045851258.251854
37028455511.33588
18412933305.423553
37881665251.29694
6392251836.465347
12995019937.020138
5017142991.334062
5341092559.760067
18228453602.108753
20985297323.71566
41146467294.26547
26387424593.263653
16626223859.61842
34337410522.331764
24406307515.4247
14926072871.017767
24036724864.5477
26167753780.61561
24936546671.54942
28204104919.665607
45049399981.42243
8695658868.867481
11877838187.196596
9422016227.91768
11820232212.062973
29668810865.49823
29934019645.24885
12646352490.766602
11217288048.563229
16209708674.167175
19761082804.528835
16174053439.70474
47752766533.355705
23937645847.667706
10797015378.493279
25613028405.360634
11798905662.685781
24957337179.549236
19071643752.94316
16148267705.534702
18326178480.40447
10370914823.739075
15833827529.432638
32135103519.4483
58480886289.68001
32649646976.389557
25451679099.756004
19731797502.172043
20854544879.92547
19005200699.477425
14764715948.534302
10187643594.341148
24832448033.147404
11165909156.943624
16646503846.254711
34631184445.00518
11271701526.705238
18427950087.245758
14238304624.27494
21558814637.247845
17549403844.66882
37267158606.721436
19900678959.60158
43220500553.52115
18339058606.301132
13791620287.031342
22989513219.246014
19472055049.562817
38645392093.325905
30506857307.16399
46383462241.94027
15486589379.37452
22277045062.005367
26141133091.49081
13124486874.909243
10795981395.395323
18012703850.61541
18527923294.138767
23397266269.87077
10733871009.668095
10526042949.471119
8504487106.589306
9786896471.08459
19524441829.916164
4280140358.2283325
15212433986.391632
8581873286.681561
11632945865.434023
14135503735.546913
10041065515.220137
15856361246.883905
10481804626.65012
6502398420.263426
17318255055.89907
68349462954.78124
17559795556.90991
8637184896.287394
15030258408.833126
14833805093.20954
18429211796.37626
20379056179.610165
11049917968.228014
57857480405.65609
6824344886.775561
9049845672.692106
28547708418.65164
18179074684.675438
21735106792.759132
12605019080.682447
24378803429.107296
8165780482.182458
13773725733.429836
38590742158.62553
9132795617.297485
19409731571.360424
24292349978.483353
24796939064.712532
32554167684.47729
8172086830.701083
10716693822.859724
16186870604.871395
18944273822.793327
13952408587.122131
7580293369.34305
4889496512.882094
9137563575.288788
14165421536.209877
21930318038.50522
11307746823.812881
28428120453.971786
28069784410.193287
21840584350.37391
18756396222.794746
36934026038.87033
17768917397.304996
14520566668.594414
11025010978.983755
21813910428.131447
17428727051.680817
29003488832.89603
9622610527.683018
23073038039.53648
8954816871.65368
26117858702.210754
8888010779.745077
8572056768.629993
23701992630.38801
27584773480.561
25226916213.911556
36802163707.77512
13925330684.414318
10219152199.108988
20138970570.745163
3714944757.271881
10834456659.324947
3307117918.9093804
4659392252.013597
11589123554.545322
29425766841.631954
6574484310.278059
10442768380.194378
7821114271.24727
13872207928.917023
11769553876.85673
16232924593.462423
11206835455.881268
15793860348.377934
9670502115.586668
43424515859.18616
21444908387.57068
18782635570.79161
11845753860.052465
21953730235.36967
20719229843.01642
37423943990.74042
21820373702.832355
17136325945.979744
4415096444.512277
25178529064.837677
14443023021.318178
8062007249.685159
14127974656.246458
13822554696.763653
14156243179.871008
15709106853.365032
18360131140.93529
9836165946.043442
13588500355.996273
8858093080.769995
7471791731.894149
5192845694.503948
5641950821.628819
8976784201.177162
13706440085.81552
20984949171.0656
16568308896.564701
5576762362.994115
7406455324.364541
10433206580.794899
4509682032.599039
23629980220.204807
26299216865.473537
9157619629.87287
21184356427.40261
5040198791.81437
4839862513.507238
29585705273.61832
15364636476.004921
12945078227.39156
5644525651.318868
11569653391.492535
19325307209.800854
15809317637.188078
32873675070.263245
20694372756.4616
10452364877.521454
33686282595.604763
16897267773.655783
11152482715.19117
11520340302.17607
26073889886.82571
13636802003.135296
11966505883.735527
18196111371.042023
19340813385.78254
21111415561.85788
20286220452.33465
11610773332.668676
28284315993.60476
17527304790.236145
21088170573.731995
17857278147.60792
28932082228.92655
25182745758.480927
42692816968.28609
31441036162.053635
14680433380.60317
18528431774.715374
5044088647.276677
17788329018.640102
8328888186.123201
4201480126.187974
15015926425.194107
20465450036.80392
27100564851.776463
28562326906.31773
12259084988.349327
13069361915.159916
18962996173.861828
12610731203.858284
9177373715.274893
36754144864.34711
34461846181.06397
44093412087.77563
25310821268.40206
10851342272.02911
5509932197.893161
32928643464.628532
7037738298.598194
4594073550.810984
14923987750.82194
17353378639.7854
21216737053.12164
13841507324.95546
18248838149.308933
9147295310.57532
10085634072.501945
18526241217.520523
26121761404.35502
12160571539.021856
18308976694.154682
26536269565.23036
16965024275.050459
25778965743.372604
26125973316.41354
15463102399.318956
22614404973.295513
22652769735.461502
18757424271.6373
19855432982.84327
12217537120.599424
20016359527.389355
19961289563.27809
13471522759.754984
21665901055.77827
10909561228.325403
30990721400.451347
7889038955.186999
7299179291.218248
25120510765.13915
17274772040.51114
17155041590.335506
18405910518.32075
14824226587.049116
10226682984.593674
25815212423.35463
24441192416.930054
28061990121.550293
29091354510.738316
10974322716.877357
18373742843.295315
16343318336.16362
15486592624.029064
9570417365.75477
20031575706.27811
26309228939.57235
17463116648.35153
36344716718.25419
25428727136.17405
19256201981.446423
17197680448.990986
21875836593.349525
23718156038.492672
10990980981.513544
14418393724.068441
11132431931.233112
6952575642.9583025
5302985259.787704
6004964086.57077
7925422970.679394
26174966272.01865
14432753778.853392
5966857481.878704
21325735546.347588
11566160616.276844
27087742543.34528
21997168517.56202
5333781595.739914
24766937437.23296
10953568205.85324
33803535819.996704
17517760182.662033
15596422079.063217
6264635570.21491
17435430822.385925
8636284065.464628
27158793461.379635
14438040404.381598
14542606307.53891
7016901484.579797
12234552167.73051
12842416317.526155
9123828135.798008
22014181095.556736
17091580327.851528
7427030854.403437
14562391278.351309
23655731966.11766
24585211726.529255
29395145807.842182
17182283285.00495
11796787239.493423
22231987252.49534
10825792637.965576
17189377293.252213
13950835447.277573
11615939121.631203
17224005222.984222
9387779484.054264
13168506095.37153
12989889943.14344
10263431903.335068
29483616301.84289
25051558274.822754
28370511732.75264
24333460870.163136
5691533872.478608
9031549837.328148
36365699984.79125
21645192391.69361
40686195277.51216
11798776566.201368
16556833284.239176
12842882103.742018
8718152635.067383
12073258668.88376
12389224184.795929
7977710071.934101
26791918494.84805
4243115076.5422297
9321736945.496124
14780552593.151922
41224867435.87175
16304509834.633402
9674774394.312714
23723015925.889908
19094323099.403397
40441805221.69782
10142482510.392282
51208478946.182526
14002879202.547438
15831317501.314234
10263020133.212017
20331588486.545902
42523974704.8069
16043161591.680567
11249380197.8473
21051244739.388065
5611055782.479676
9242166287.481173
9134533009.359694
10367308452.51362
6448636236.889983
6494805883.447111
19369364294.712044
12087728324.476278
8486035761.0931835
19945668365.295155
13839330186.115347
16687462375.905148
23731041253.52048
16384363360.871199
22156821743.437675
12838823620.246132
45489682256.47869
14413693605.002075
11129978285.44168
15507127332.983849
19568842457.279156
14579715446.086174
21611485589.025013
26193465024.02604
9919894904.985376
9708815637.340454
8172150098.694582
17698607261.947025
16519727311.29465
20977249135.093323
23085309382.946312
21133158572.322437
42836600518.503914
17054040690.45502
25916738533.805305
5701383620.993993
13407877551.485287
9293823326.096735
19484717294.43952
7203111529.55965
7541190629.713786
23179923140.79523
6829594362.157125
14538560519.227655
42297560676.93452
24992023002.32422
32286190518.225468
18369152798.41065
15265819277.767855
6809078244.285211
3503564714.704107
4170582443.27889
4412912969.939115
7328680905.405925
15359384698.9273
18726660263.38463
22301267412.161266
20606435965.99309
14499076702.040655
17418226405.944733
8907734839.418278
15634475249.886871
18176640942.261463
7108000680.720019
9893929749.5593
15074917205.491888
23089776514.26422
8141416252.982517
16036538130.963833
22913106839.654495
33195128764.11843
23466376075.90447
31972776169.43742
6508801449.280487
7269209206.467391
12042144239.787949
14543724503.343899
22706877605.179928
32966081321.50595
21529128913.27319
29944818514.077946
26640874597.799294
23526184778.99125
26428621579.583046
17247090771.618828
14040369043.512413
32859495865.12628
20057073315.884304
15617021581.59328
36487744520.28374
10637524773.269028
6682193468.0845175
20054645641.375618
27393214230.9493
22884746240.45123
21625071935.15834
11455566537.227577
10625985836.545439
13839787510.843256
15264983985.126368
22202925091.633904
24576070286.407993
36205306328.130585
10359555482.723751
4948316548.021723
6605125256.940719
12329954686.836351
14113942508.014526
18379685858.646847
6703568245.190397
21731333205.686596
30761349574.879475
17890300910.966167
33394358991.10993
14002159759.113678
10236327832.679447
3750496843.1811776
38030173557.72025
4922684009.390854
11434013896.395433
27816838275.328865
16173582048.018173
14483031545.549904
50996503772.22986
20266915844.329174
15759921372.13265
5302956923.301531
1439038310.8469508
11071219163.481821
9482898965.449383
3160398751.156876
4317830457.030783
46493222935.35391
50599251571.144394
23750261279.83813
13912850059.88231
14531174765.046
15875719030.426355
23029364986.446983
15800755205.765919
38243469488.80641
13787716437.992807
24058913293.507534
18657891818.357227
16624696301.746748
14637164460.344488
10999402154.663403
25842849055.327133
14209871750.378426
31035266128.322746
25076056714.222942
12913058572.73928
22863753083.679123
14486031994.0505
11827545924.947811
14081257053.022768
8649012861.769287
15556762725.100712
35579397809.12883
17909544590.42714
9703346664.83564
11445940539.428991
20689981823.419796
23765313924.428158
37420228638.12946
19271148963.867767
7899782143.519711
16235414222.865267
11893375791.955965
30646834207.338993
20735729734.2992
18752285691.71984
4857480287.40655
16429535147.688957
25278613212.51273
20070428929.812767
16089600635.122053
9386760480.32937
13059690782.392435
33339796237.429127
15160522111.923819
10373489651.847752
23431797904.69987
25459212490.403233
14106565613.890528
9641879581.758944
32050506841.103916
8226189235.134907
25249093375.5175
21488519618.380295
17835909668.471123
17174001219.374449
7053034005.545845
12979773203.214815
23798353567.2105
10522456040.615276
38442080350.06371
10807583256.191896
9107149753.1046
8729677650.970074
18835366029.576008
8759962263.126558
11070220553.26241
7547480150.206914
33716133276.415947
11568357679.15767
37761334094.20219
17395559294.818287
34763953088.42026
25473998238.53205
38778358030.99722
36967023923.04835
10246149028.479652
39758901420.71808
12291632261.843708
10872009973.297802
12180437403.908451
14084448095.655186
23633961393.24707
12185615323.181782
9809444225.172695
37550188958.13711
18004578479.224274
16190624880.96224
17694212377.897213
22617355760.820522
14340979924.70358
31402240518.673958
16732559809.702412
16834541964.59724
10711072769.82002
16236202134.529518
30593801332.395878
18518936433.395187
17543597446.00946
15919334435.698801
17885940517.948746
17783915377.5644
7252487584.036507
4000719663.5189924
11900617959.378723
23374493450.18584
16129916496.973635
7475151898.238612
23186092099.414253
12582859738.96279
13109995485.771637
17472941605.734314
13089252241.04127
23914651309.065098
31757840926.46365
27422276962.371212
25165649891.127228
23635444157.441784
6260476827.654066
11598137972.56121
10751025894.730314
14266599785.610283
4633118147.093811
9371079563.286135
15455606366.194206
5515170541.163782
9368379203.527636
10748206669.989561
10685551358.314932
23122142326.20869
11470266637.128284
40983014052.44688
8770358513.44645
22551086872.650707
5696674504.403303
30882063581.3552
15244333672.1053
5071293266.159217
31170290941.072285
10256380946.838312
5410285013.383607
60834335543.0125
11229159683.493258
17366329219.55874
27250075100.50029
14796984887.121592
13125874013.131613
42514000841.10214
20396742303.289642
15155615143.852575
25509760318.744038
40527869842.56133
15556018734.576391
27082509388.779175
10846845072.552467
11112241458.755121
6784507249.117332
20852059124.824223
14716438402.64169
23970398815.881138
7624781598.547119
6902028625.121659
40299269230.11289
11586580362.278748
24943929776.61052
46479337131.562805
19098867204.40735
23438342836.578663
24158137045.66492
12049761170.166475
12952259434.743944
14754406494.912619
20698045807.619385
21178483412.599285
31104858680.999187
29360196862.233112
9599848328.124706
18376787734.08335
14731450582.078892
17995394373.67208
32621840415.704403
28131443779.96121
11533798250.051126
13328736901.990242
26712340658.734745
13638651752.574316
40453686560.23131
11611439439.528093
10050925711.2348
22283519258.109215
25036063500.81608
23232748416.895645
23002619946.10166
17925125651.784874
19068918547.456142
16910645406.077728
31503066107.88305
21873557464.68523
20565397883.230045
15699375801.82769
14383613599.423847
7729054527.438515
9547494327.534216
15802903566.5721
10398756306.132977
16791034857.618334
22849430171.961803
4979388636.659276
25329344621.23079
13652370731.897266
33840637352.59222
16783546703.221426
11591735136.799385
40965311207.91171
22574075598.479694
12531857042.975965
33178978746.017395
13731839500.560268
20605208333.190056
9421770468.526957
16104853487.610786
11470376005.788555
32918681366.51569
11753044876.574043
12270045556.647373
17100337168.304638
10985329784.465536
21328876066.358482
12599360977.067692
26091071061.95909
17169268870.716309
24083607524.376316
13730123137.312838
20638590732.132793
7941783998.820785
34657600646.90999
29994623417.00495
35942236960.7457
24462976625.56636
20941157443.001568
42701141392.777626
41774339154.039314
12617457866.773785
12889610530.025272
16580451161.929752
22434723312.18087
19971061368.79141
8931333907.858461
21909010330.77454
19769106163.3558
14625983117.565626
14372422098.142462
13124634029.854462
39620972851.300995
11586673460.480972
21532502577.26268
17865285793.048676
19921903962.62733
7010691111.986406
28030124484.330715
13702294988.834246
4923301606.658085
37141062773.73351
11346681977.455833
13062413836.508299
7969175279.73519
6835422473.387053
19679937199.565914
7289006886.605275
9527939227.363895
25309579199.13931
13178006636.399347
66992205422.63428
10094396047.094336
17210335140.028427
10525452628.249655
12259981210.170528
21425958229.86805
11400545937.435633
23654868635.13121
11443178596.361477
17348726220.039978
20934320925.453476
15129934193.064165
13141203250.197557
34377139265.01205
24253403122.153057
13193606044.087337
12180161193.29176
10568436509.60424
9228938228.326609
34028201628.84036
36880150218.50756
9032094933.240042
11376137112.786884
16039516003.089487
16094817302.120224
11920019016.340597
19767128077.34354
7995686839.3568735
40174563719.50304
18800534818.841724
7256331722.818501
4215303774.3950405
13489684597.840086
12568013751.438822
2124184968.6613147
4250903856.794684
12834934429.700497
3661280035.6676927
4512327209.917946
7993614751.075515
3437854008.892994
10475927190.530603
5741208091.161704
10844634299.887348
2478114731.8497796
12731210076.455343
8271891185.102544
5617133491.396653
29951212830.108234
12136054234.749178
8401066210.957821
15241727579.066181
10023297569.071585
30356699080.289948
10787373661.99795
19944783799.425392
8978886930.005737
12664687604.924198
14259926038.320543
3361944052.230695
22763332290.778862
5591663768.351895
12272253644.283676
29796690589.740963
7655856570.863306
12808121343.443106
12141176985.840332
14106234932.480465
13799107932.526522
13636568265.549564
15874651138.5599
4500063991.120745
26840373182.234715
16063452129.772957
19506220504.26074
7964670244.847545
9128677074.609846
16970286102.841654
9837704519.007074
16016063190.904966
16448443392.927736
18760869617.521538
18791389949.62409
23437841623.48651
12745048556.960445
10614988566.996748
18663382230.05217
19346382341.780365
16155782388.571903
20611511232.09148
8019392081.613216
9887802559.189135
19205986355.46416
20255844816.69604
8436142263.500934
9767405162.824612
11456898009.591455
11585736102.989645
35936118487.00013
16848957870.800117
10509299664.914352
19502171238.942574
13992935703.055687
10805541928.80635
11343807669.774326
10567494117.84336
7603572867.253509
27015322162.563095
27904749575.57745
30380514675.038246
5320517065.838021
10701297520.608587
5433744719.307415
4530549923.350088
6017635977.284349
16129295915.38184
13976559000.171415
9337651453.133886
15044442861.012177
8970232414.267744
32049133316.359512
24673070307.70316
23816635408.584732
14101546200.38129
28130382724.759613
28754481207.556362
28276905971.791126
12584302345.109941
2609266046.4814005
28502502095.66463
8893804398.81516
8987832923.15727
8824714786.970913
13884057835.265678
19870836641.061684
13117644016.569231
23451626725.785957
14700981518.308483
36595575343.07249
11589396572.159296
6585217437.016192
20377989014.938305
12559691086.07836
14634137511.684513
7252040490.636756
12525686303.452446
12165525814.068819
24184895555.410282
23052345010.421543
13875233709.938938
22647695056.636627
11541022573.088997
17374701029.808502
11988126284.249683
28091429442.39222
11938549951.04678
4443872846.612871
16937232123.457752
14575175246.881514
12382137014.06149
12571018657.050581
5155503766.677675
8098131071.467433
13048292885.351265
20307322207.53586
17441702585.27577
9460450773.714542
27548578538.351017
49388802613.7904
8395360366.696899
33855324960.1003
38459087413.343735
32137219246.98879
41837615257.813034
13031022171.057196
11276175816.065107
10304134977.702717
13334014669.055857
26056598080.923714
18638626728.350906
23169999312.128975
4538505165.794504
11754714499.958761
9587960637.737217
7209813559.418087
8238984748.949821
6945642565.916047
20030614071.298973
24348948146.688904
12541645478.427738
16510715827.564548
23352041700.344337
24503252222.374844
16284277623.232382
29850622655.770428
13377228029.572332
30222269393.953827
16105246435.165546
11906546704.763939
10907951539.829275
15646875968.66905
6548315746.937116
12449627679.13951
5808683877.951776
24275227327.11497
16105493303.06675
17045315532.517036
17430883973.995056
20737276141.378334
24297995361.745
28681724858.65447
18365335808.71456
6360424515.214048
12105276131.069408
10584668161.621145
10559779673.33057
63528441198.662605
19321475353.405212
13648766871.258657
21171124357.734398
18958203632.163174
20629644951.065178
18579558082.081104
18758330178.10041
31895438188.422207
13370480628.018305
46378622231.00387
15118707570.68359
7083619293.601416
16276908462.212826
12762103797.317968
13091528195.49582
10403863923.970367
9289677912.815939
18210703369.47092
25227026169.031223
20779927103.06003
61243394933.485565
19020036305.805805
34660187229.13535
7533811610.244117
14698193410.630526
20360648092.66304
10106887233.215063
14474255999.604988
7187875191.078373
30050621832.204296
8545875327.964986
15687778616.289982
13419199656.975916
17439395844.50057
14932459931.443405
10092718100.455734
9826629167.424288
30091643844.607002
22536929060.150124
17373863057.428623
9367625092.359814
16768057307.351522
7666641281.08944
17263172823.11169
12297890055.925951
23132776816.25362
20374053315.58889
6728722994.727762
8152179033.356667
18188072867.54545
12046238132.77215
8158296905.433039
6106597997.245962
17201910408.383976
17369382533.577717
35785415219.9332
8529944002.992591
12528112114.436216
15367854516.099401
16277919386.014708
10162736188.55309
14139296768.428434
28439539866.377384
22745597338.939915
36095898521.2349
19095517078.5529
9078939186.22636
8865495225.371992
10078248772.77662
30442140609.91134
9980605531.507364
13585899824.9161
17817340677.208824
17891611862.786552
13281038820.904873
13251642871.906385
15554820128.757359
6242660923.5547
29307728053.46926
9143887461.67063
11161654709.781218
13805488684.982834
11827383908.763487
23575290591.68288
7226586192.711779
10274264992.85852
10812380520.617292
8099722368.100544
16969099991.8187
11419898939.683334
10390069571.092798
16465394475.61439
9451822193.785156
18721708475.47163
11093212562.290535
18181130308.365524
14864604406.699942
13055383086.35846
15940884572.30439
18888085349.498417
13423399012.633333
35708876467.92307
11854557334.351458
13646189680.84927
25922628175.095295
24703223169.086433
12932666122.85873
15007356740.706732
9331999503.953232
7037031131.584963
20049162165.18838
7303335745.983987
6091759557.518949
6180082459.421344
8882078962.164387
9723217618.319126
4615778020.567548
9186486323.096172
8667457740.635254
19866760114.827217
9444832422.72435
62335450539.876816
34855562377.798004
17083335005.543217
14327989328.821177
5442557332.535824
10670038547.191042
17768103068.516323
14833301149.13739
8998362456.458939
8824766556.324806
16182869460.037943
20368462158.89403
11634107756.03246
17216757213.732334
8865867423.54345
9945841911.039675
27579140845.044548
5742780795.320992
30629974668.538963
11530627656.971165
10543646168.611256
23321887587.83351
15838246787.417301
4674269511.336741
14599415672.866056
17231734462.897865
33372558612.01616
9999990491.801031
17465478929.39504
20566877543.92958
8979084028.643108
38028211986.00494
18001845799.696
14209159845.964441
5752609523.632041
7718208579.096408
30803797511.734478
25159490855.324196
12967663037.177792
41388894007.71798
6461079582.573383
7624567294.246254
15499876822.921566
11420708529.082539
16741748734.446022
5987714816.071871
11501715379.944685
24248362346.58905
3991891626.2520924
6455581961.268875
6140806506.857535
13239786980.181812
18057642964.15385
28772803565.05258
26259267474.666576
22901439719.26087
22859324575.96263
6222667099.648851
13639867183.179611
17429722698.967987
10951993340.78072
12888673666.284397
23132940303.081585
11773139585.833334
22546583796.982117
18925528299.315895
5262113653.4629345
40720348952.037094
15546444055.148174
7123571135.342203
25889290875.860577
34213289332.06103
17513126088.24851
15335599194.496325
7847151580.948858
38868209688.63219
17346706482.27162
15948971781.079586
5672017131.247707
42777380525.61158
13372815113.835829
16056098622.026245
15537616266.030697
10615525937.740942
19004669006.413834
21905219088.734375
24615547256.25963
12861232071.154222
47472736131.933426
8508606236.392787
6300760686.045186
11087557058.279633
9634795773.553179
8831327602.71884
15947528334.297852
17100787583.413174
29708862512.85009
17776143541.436996
14805244531.971256
26983347138.932133
5337197654.958892
24490891734.43556
8398582020.195384
10109274801.183922
18996733833.05505
16499306603.06689
18280480775.159004
16820947311.007488
14923068195.548113
14767998869.8884
7747425449.937414
7437878587.811101
4285295624.7572465
5926031708.719833
11742389935.545612
11768834141.667547
2712257689.0910153
4961214091.498211
11628960369.871237
5313879722.521132
17791610984.368267
15230508058.707079
19194276796.98069
16060937322.876509
16250780723.45314
14712954315.56539
9583195587.035313
10927867240.786419
25896385622.350826
15657242549.466902
27326568246.17195
12020046072.556795
17764003320.746998
8339414229.096673
18720532449.808212
16652554796.304695
7333888758.17366
3581276506.4773536
5898651558.012609
6499138753.532306
3191667264.4027925
6436475352.753437
6508359493.856311
10039955024.882568
23276851012.085423
23937552916.519775
5348672886.791032
4677214066.265335
13968729427.654657
16256135906.780714
14300889024.543146
23922101406.516693
40694269281.581215
21983417822.862843
6205893515.118422
17917330642.079815
12538292464.02129
15837956561.559309
25802798873.3969
9677454208.146555
15772317000.30035
5750878112.412099
7117888386.416767
4339938132.347189
6661204044.476319
13202757999.330858
30989115598.06576
11149189263.298721
13436151275.26276
16137980635.569645
15453118255.087305
33653618461.29505
27016937125.973995
23999269840.913292
35180807255.83632
29315791081.924347
13414127103.003641
12582475354.783197
5194591396.847525
31928132857.194725
21598017548.288025
10505743886.82267
10495073111.727457
30847050774.04624
16362713013.247011
8691775372.794247
20743875642.402664
10930238911.504448
7671126342.991744
24322681785.95049
22184659140.18032
28202699481.03979
4782586090.350992
12984681484.927998
15842308077.11767
10788479715.315918
20936874694.108166
24381675496.532444
28192262203.25756
11798776559.658943
12842882096.620636
16556833275.058407
14641230290.774405
9356167692.005497
8114731154.682933
12626657057.622543
16612197466.77351
15795773966.231226
20157314781.348637
10799442211.625858
20644041536.998646
20082325496.67369
29202703255.750427
37776466035.128
22406559780.403336
15789561320.598534
10970798596.419876
9184767664.605665
5620678007.779958
12359935095.802446
23016515677.87712
21195040658.013027
20980483930.748894
19568669343.659912
22711900782.55349
18697108681.528065
16415506273.579685
18723921500.998013
22882597112.756634
12907608653.6934
19529295651.534863
28986762197.259136
16484654029.117764
7714887598.928933
12717949227.062088
18309224627.86657
7610351507.425505
14114698614.13915
9964664269.9009
24078472244.0374
13744302234.757488
13642556558.05544
31560235412.3682
14151291264.920332
18608720756.03168
15564768238.800905
22108389865.930927
16451424880.70409
12570314307.187593
9861881999.682959
19188620005.18652
10925940580.930763
25219828477.170525
9737387093.972542
7950430621.726827
10341876039.405468
8027897796.688757
12319213348.759499
10268545156.15621
27280097752.161446
24027286294.37511
5185085448.809541
41193055312.84628
11322584346.581533
9812078946.24742
25656783767.849182
11571095452.072071
7812859597.560459
11082986953.296175
17202086402.06618
41015651103.35067
13605296053.045832
44085629012.89185
10943621672.323578
18592311174.6878
29574820496.171738
15561510252.288738
34832411046.57642
13223933543.678864
13816728147.43685
25272690378.565132
6878903479.357803
17544384825.189503
8506588656.372057
4256030165.1467934
5798607404.288122
22050187381.368526
9256693427.779398
5762932023.038077
16626305474.48519
8300021487.69689
13234656515.244762
18133640823.293358
13517409488.526197
16822808229.736824
35371508511.43024
17764039480.61337
16150048533.45147
9079436770.877813
9955922778.270966
13062613577.729837
7237287858.183229
6014831152.779518
8795073291.70699
21160606505.64694
17235059160.340816
20649787026.148308
7523571780.939465
15120224499.408876
15831239520.792694
9234483681.088463
16500455863.442167
13801130024.523663
9908241924.475595
10456891759.337082
17732926324.0627
10492455755.21873
10254609952.432323
8347089612.890796
38475876961.123924
21811996406.664677
32562604947.727947
16975430094.139486
9159571717.78182
16989852480.861864
16872313927.938408
10793992198.995869
22665312876.70678
15747111154.002552
23382449058.08456
13707564661.786186
32234550152.538635
8856445169.212038
10783163830.714306
9997041419.852957
21823340649.697422
15515934706.134212
20147100453.66679
13136872219.092981
29983002202.100292
12888473060.035904
8586847601.756917
11777447268.770782
38715953296.468575
21303626547.057804
8285207870.883899
13887768331.61753
19784276771.710693
14116816024.317867
17421130283.333153
15659209373.735432
22976703027.150967
14145658457.256718
14671719837.0394
6851397712.424282
5250314582.542694
10874418702.197302
7349567305.354386
20580236978.328255
16061388032.467196
25686044206.416016
13898651871.698416
21620713249.310013
19991871574.73046
14836997461.665712
15161954675.628857
8855954689.248672
19719267161.431145
29642861531.160603
39119926197.52184
17057163976.092636
24408419669.895405
16332013662.32451
24455632313.77267
25228457924.81867
14947262220.599936
15197813827.2937
17165755680.71715
36104326072.00285
17565736935.04586
21860352733.85581
19055172919.918884
17723148287.728237
20717812318.457924
14483164648.419998
12661545179.037302
21757722240.952744
24347486454.114483
32280441854.048607
13291523360.94717
14373171517.033903
15174743847.535263
51637650703.504944
16173203536.054016
17651197903.535587
14037581985.928358
47780755935.49262
12193461353.874495
15033249084.095943
23530516044.23869
14275484865.720488
7424235272.791767
26026723657.37896
13598791779.533615
21371145487.960068
17648394322.445137
19823533500.02628
34261810212.258762
7863218287.692875
37654723508.09957
6029929789.295186
9904112180.828629
14417166040.31234
13192049593.392803
10749434761.515165
25586406782.427753
4840820282.437741
24193632579.410423
25586406782.42773
9008832861.607355
24193632579.4104
19472903308.414127
4840820282.437737
12984741060.059526
17687789725.228943
13599971232.729702
10919959291.05109
13308491086.77791
46614624086.56101
23065277573.84104
29669099528.337738
12100700051.526758
38277335254.56792
20746512345.91275
17431385800.76121
5904030199.543813
8693262162.512783
23319131190.929474
6122418027.879372
15278081078.647789
6453649325.697013
13248358874.180439
38382005683.14928
9378090676.814644
13371104876.442144
11562682356.865389
12492333725.105839
84705227126.50684
10384714297.828197
20223503633.670464
6868098772.320043
17845278516.52643
5094717769.676598
30261360614.640648
28434017594.45877
22501752397.475037
17888406621.413475
10771425336.442404
27907108928.515285
14619814374.753288
6956958216.813427
16159062165.261822
9809221444.650349
53745949956.26416
9964877193.805267
6578901317.836516
21999344260.223656
52508935956.3686
15480505093.968243
26666217947.505924
20024934181.97678
18348817314.348766
6194508730.011937
12271567206.64961
8496191304.097297
27875575166.011604
5976907343.2318735
29486029053.440132
19215561231.10655
27050850354.282547
12500968313.911394
31560118912.194523
6725996756.325544
8303036082.479779
9947676798.769096
19973694307.468914
7641630544.3181925
25314865888.383335
35262162664.15423
23535131287.212128
21067967812.192093
5694067046.43959
23541175734.11096
22395640786.969418
7928607611.691399
5552700100.914641
41849432295.35298
10306656918.819592
13213855255.66242
12403949915.036226
27931958555.995102
16658732762.33932
7346943520.887515
6711372206.679657
7555609105.856505
6549202639.479224
16198148693.426542
3760116262.8395014
15984929712.385004
15886110329.79639
22421876245.66503
22812288313.782833
11936091255.180504
9162198456.552822
15380947449.424168
10529953644.43008
15933612668.497482
34582926397.16819
11113605943.57636
12847283294.743752
13859919934.407024
19329376176.72467
22141654582.24404
12619600634.050776
16482840183.410252
20076793219.57711
10991722637.281523
6056863769.098162
16946457258.610813
12403500546.700737
6382745326.577253
13535541967.33144
4568800330.507966
13052647166.534918
5681276261.056673
8491593176.959838
11003520377.891762
11494950481.246025
21367987432.130863
15572756149.24451
20508152735.317696
16716327076.100655
12666643247.575397
15189616122.636675
25920468576.618145
10238623362.456753
25925657835.348415
10062227047.001871
13752457060.438269
2846625270.9575133
13596896629.993443
4336009390.162783
17796533524.704838
14400480440.729225
12902329448.54697
24690486769.787884
7895041845.722469
5626919013.627821
18288848442.649765
8438708469.302128
14921805598.87529
20387724860.605095
11558246831.974798
11329673566.390366
12935329616.040981
17869347080.76893
6001012735.7091055
15416323994.425468
23216739745.367367
18054410487.858875
38439404044.28403
20287747171.662445
25654567100.276978
13262688657.586971
17998633882.687965
7397100398.624682
30113157968.326134
15201162068.119944
18799637870.91503
39417447287.61352
7308115322.695548
2234022193.9474525
12000225278.602053
8670916471.965162
4464503584.505277
16791127395.730032
23592356465.049488
22888092464.88103
13160293723.421879
11487681156.754889
9955150782.641703
7926780426.79932
11663875487.063185
7081544459.0136595
15825441329.477812
12727357490.38911
20584410628.140015
19813404275.641434
22178216935.214127
30026514650.88561
22136825421.139454
10869391551.78931
10613248788.734076
18343479393.963245
13576021847.838743
8034768922.496036
16302480294.888449
15678112742.195227
6416039491.780352
19890578138.12798
4551628458.720001
17583383771.168407
13544755274.253227
25597908730.500874
12956075296.708271
12886181990.669905
8871981625.76416
11695340249.278828
16431483415.035128
22876417670.331406
10310715555.545568
13778897396.961905
11052989270.050009
8954823173.727001
41026909268.29905
10670268376.531233
23345345380.814705
21251905667.76007
13545858139.37289
6980289695.958249
23562272574.28879
13470736678.28025
11355779746.307323
11981976834.334068
13776636858.380032
12218160988.313353
21172108655.209103
12419672240.271896
14787995757.538979
31888240410.64054
5575352955.326944
5711807155.632609
4938298165.471943
15378624431.534542
7007193001.653685
12323934831.057194
34013991980.791492
33768808676.354717
7444211742.571398
17853641607.649208
6505474208.379267
12534193792.63394
7630323035.95244
14199876297.715208
8590149302.066835
15601036154.018686
23554262615.74724
27030651515.57485
7897129134.663007
23057269824.276848
55049554283.096306
12865000524.664467
15663311221.433783
23311006567.93862
18983516583.22365
16069315866.68825
29734353069.3963
26547960600.397995
34626291592.85368
8287807494.325468
9004432510.600716
5386353184.529562
15620957088.175503
3272771627.1730666
6462603443.78781
10472322989.926874
19260224788.419167
23987531591.349724
28447068078.573334
8241377367.883219
34342158596.069756
27997917504.84175
7319266142.847364
10999464206.42087
24706502367.858814
46270540286.46947
12563844938.799994
8838171657.876316
7401169648.680299
23143153989.62742
8191337380.619485
11782836474.834396
11152036521.163822
11600460887.642965
21024063887.87827
15873331268.632885
12465049334.73455
14285147841.867113
7146630284.054391
13252626600.984024
13543813373.643953
29003591680.12013
15396155314.9461
21873352841.428143
8785089723.86978
11444811321.900845
16307019458.986702
11265601462.119879
16120600188.466188
10293080541.539663
8850972283.041008
32296348739.885834
20426121779.304867
25776399315.09523
30801127663.954636
9353280562.467096
15120490728.947182
30144111492.01646
5189461675.710003
11489266096.104214
12771231941.650797
15405541022.84162
11142426019.145258
13024126650.6503
34216153816.57808
24998653295.86448
8562848367.489214
17127269230.751852
7438199669.955984
5448788538.19815
17146593592.923517
18588910234.6074
7327614910.419969
19649307786.234688
11685770295.584154
6393780293.471961
35498113934.13555
15541363431.299822
18170803139.96446
17407338325.849056
40327842276.4801
15938782343.22347
10509536510.61041
31026214558.670776
10483388749.308943
6958949732.745805
20401432890.63505
10560799356.07318
11439198597.103905
12325897881.619965
13622002601.454407
10920202267.10345
17400102291.629982
13849446156.325878
22853643326.506886
8497407299.171395
14688034036.48557
13419509577.161581
5360486850.897325
38605794251.205055
6876869435.965891
8614103672.199999
8984296384.471807
12499693044.18667
4244287239.5874615
5001704280.958352
14154019955.242298
14673551647.241076
18654015533.888073
7282622485.915663
10815579905.971954
22418957506.042053
15061096760.186321
11232383732.605553
10243346135.95958
5073433274.1227045
8482946127.496259
12754804355.08753
18002603915.352146
8699827907.397297
12742277692.326761
10113501829.387568
22505225066.847515
7097918987.082024
14765716753.196589
9171330315.171883
16909418530.278479
16070287975.987673
20189460231.5154
19730117156.63729
16820511797.99876
14002528000.674246
26339262558.852863
9858453122.513641
11316994806.486158
23198146246.3386
16827457277.917933
12526548534.60183
26604676255.063614
8013806982.274214
6552371800.682411
17612023409.284916
8683690101.710762
3007272516.552028
17285746329.55633
13998140022.810957
4594283639.363216
4763622502.046601
8551788110.768262
7292712793.908983
10349853553.937592
14044814864.13699
24283318864.1586
39339864930.92588
11602781333.563519
10816479942.789858
20631717031.309002
16444848353.809319
39429875592.44616
42666220234.030045
19877967994.714832
10585836182.78192
11412606212.330263
21068309368.071697
49164195861.12672
16170028227.828175
5287707486.6379175
12139843729.089275
18453001966.47294
23361476727.046246
13351207619.722672
21435770796.670486
53820803438.42742
5384358576.29308
18435368233.853462
12259630537.713955
11730959000.916763
9925720967.054062
40020959030.45114
17721327569.89968
15775974622.486208
9218271025.496433
13765477155.210522
9925720919.335539
24880370503.763817
23307613113.683823
13337100547.296587
29579989601.320255
47317852021.74091
13170769654.707563
10038349250.914474
41064941281.24552
9009334047.18455
8284046642.643385
27081404003.60921
23025628166.355526
18969276513.048748
9228603382.330975
24008184014.72317
7039018701.293079
33205316910.497772
13943816993.78161
19076706030.019665
12277340577.07233
5795430492.050762
24522649319.2415
5134596654.360236
6543704714.111131
10522853484.24072
12835680612.258722
17505862513.67271
13679939957.17432
6782863972.698707
22857769960.952496
11347684496.394577
50660416850.06079
8210266223.337388
14330885740.344028
13868140659.798786
22664296366.919796
14650391428.314302
44453259853.26174
8256464459.512593
18107061483.21369
11054584467.511887
19252348004.519917
24421928192.229633
28843154990.112766
23508988668.58643
11612062485.059593
4399239293.683309
21633537790.673748
6986718859.301586
15623098881.677212
23004616613.018826
11391594126.562944
15729406170.654255
8734329431.221094
3636284957.118694
7294478778.734272
10100818476.285875
10177316807.778137
6389917671.246562
24779398561.632343
10450938760.557693
32333771080.085243
20944898112.131447
17535565877.011513
9104421776.55352
19624803650.623337
21264639767.623825
17684394058.415447
26655047307.900333
16773604251.91468
10629203700.390278
19139719298.38066
14970187028.933514
14580652290.500055
24636936095.55849
19395439420.1051
12150657485.955141
12064282069.71783
8142356396.606491
15621824735.404879
6786971860.05715
19025032760.460186
3427070582.823934
18313839761.737133
16873668455.795237
2958825490.290443
22238819239.934906
9468017757.808493
11677654280.499367
15893562982.387566
18359079658.08947
14953283401.98064
8888452919.273928
18872075295.615643
6376649702.336238
6423735652.727364
6836871919.24456
15567851243.184137
28265912924.784206
9317566613.59911
6667132488.309471
21528246063.029415
17672950769.563347
83215789129.72565
6094459009.112026
13311270147.47685
3868616848.358265
14547143413.603754
14576633383.003843
8696097392.667984
8310709252.265534
12814994636.547668
11476704597.419773
5530779784.481425
18337933772.92947
48711174706.115166
15806998932.591204
11638055293.221966
3867710246.7784467
10091569682.747395
8343677752.138401
19156861222.307182
17249311003.431602
10862568096.534351
23127348539.129826
7979593616.920002
8403578095.916289
10114476568.383936
10274454932.808027
17376469731.36834
4429685544.496317
6105811038.858298
3447870672.3911214
5046541429.667018
4180399855.8035274
7114707543.583277
9319765886.700739
3405585038.547067
24016370510.339294
28683353682.919476
23831465829.943104
22744845943.211372
30465263997.36718
49277431579.933784
4968403874.680652
17378865188.109386
24679205394.63174
8309708839.6386385
17177017905.61582
17459324517.745968
10151414432.321012
7573629490.1581955
39364105539.10659
31463412469.707516
16966440403.867437
34827012096.380554
7723919587.289917
22292542434.115505
6972671347.858968
6896219782.8642
15648279411.274296
15607947311.938587
8413178822.628666
15705094092.842224
20054545700.409653
17977421713.15375
6242361112.683089
36141440236.048164
5817857398.3645935
17768069004.40808
19941135437.603813
10758409594.86403
10157048373.107775
8777253138.690702
22790634223.678246
18404702458.4043
20863401872.73336
30229281984.319477
16836352373.038046
20458288801.67142
9840474157.836948
6901541449.937241
12666746943.232649
19474696152.39982
20820664827.330715
26290431667.827557
6183977493.10447
8913299224.233599
40570755396.2574
20263639430.27391
27378566837.12383
12837442084.35515
23869232925.434845
12734265184.687408
17136209508.946014
12035573231.009346
9431278376.788538
51721362866.29348
5856033077.597734
27662108507.960133
11841169760.31557
4488197170.747504
19535124993.852394
5404350029.289529
16658148673.380426
9473745230.039286
17935665911.819214
19667435738.424892
4855281125.599389
21894557027.00509
18482739110.507095
13350676901.593235
31688507858.847034
15673816112.298613
23741183622.67327
14733326201.691774
43077992744.13561
10687284228.923424
10680613112.741863
27934401840.072166
15250668842.941328
12946559385.891151
17264105948.396275
21828164636.832916
31533802945.834522
14063483825.738861
18497523667.960396
27735906743.303837
13655991060.888304
4510484432.911422
23853807417.30186
19075114268.98869
35419511897.10454
17354140085.134937
6652360786.312968
26936812994.7805
38625053858.20345
14638355410.572884
24167429905.775978
26356126372.664574
19491967843.22788
7461685282.594777
16816198722.9806
7688771054.029689
6545932917.55624
22805709823.50856
8256669180.767276
9980910032.014034
9690510930.155844
19508522637.75304
16354407669.917465
33933998361.930347
11577532020.59263
16714123046.376179
13405767599.009512
26021699582.882267
20329046091.96974
15280951024.432276
25180737653.744984
17282495198.31183
10350983194.134783
14733493466.69315
12341530237.355415
22852130462.004536
10622831595.287304
8987723006.342218
16476359394.340853
16394084983.70225
8898228898.390236
16206670393.856472
10394105601.69986
10391018332.231056
25394931249.571964
9079409233.247366
14158146279.290388
24472525296.86722
14466427686.61625
34267342362.812103
18556398143.687973
9779314695.38409
14722496904.642447
10116160525.505322
15018645396.354002
44046320934.57754
22880329816.91496
7899420609.021827
13634349767.286875
26636238164.936302
17242837415.921387
14628596355.691412
11850130494.676865
34523179414.17817
16201812968.426708
21203083054.514164
11469742798.479748
10994909488.570612
9263326236.523617
13463478138.35878
17979870478.1215
4805877755.760941
17236278666.160923
20379418767.061928
19677164557.176117
16777338540.735416
24704268580.815056
20487562467.218708
13545717884.836912
12594338750.9569
15966508526.8338
8664088552.39815
33498843709.446358
5904446511.211859
16054544852.89767
9612694304.553123
42398709202.900856
10346054385.464684
12900092985.690214
14168979143.567408
13075817416.951805
15883999388.476162
14076135364.200777
9624850547.205748
6283791518.032481
6901394889.584565
19277994354.42224
9984572974.922453
12415757598.430252
27528009301.868732
27917918519.31398
24046892892.316784
17182039720.57421
20298035005.042816
36419911080.4073
28386280867.244278
15950194661.82535
30109430763.678074
16634358993.842546
30656312988.156303
4909222474.505171
13448395800.433435
18097890567.668888
8063359244.159208
14935261634.22865
19209733623.795273
35610766392.45359
16649628938.568577
9501513309.602705
26514351499.65699
5988448193.77472
12958405451.192455
8106478255.896924
3977475998.8504353
7759911521.778843
5335931328.378174
45600305111.1432
7192434381.301848
12958619145.1895
18030884409.686493
13250044013.887245
23307354586.281174
25744056897.067116
39115646247.44559
13488902095.542576
25764614349.447968
22340966295.97519
8562432503.795662
13579127740.396616
15540765005.885958
20158297371.650684
15545382313.621397
17376285464.775093
16332262159.44366
37183009064.768135
12238225775.149248
16500781210.892458
16733207909.876984
15128800868.194077
14689225700.526106
9083677308.553316
24132080508.75357
5531471998.141343
6307045701.749389
17224162913.56188
10868458847.8657
9379548172.937845
6238353192.243338
15297768732.999825
10751326944.36215
5674308251.060681
14194236003.273697
11390751950.326454
38991915434.556946
5648164964.484188
9048190644.078217
9244832099.130165
8257215077.827164
19315043197.622498
19025531318.176903
13266054390.418512
11691981070.824991
39568232335.14404
8297679332.281609
12811265623.829403
19377377524.213627
11852314461.440067
9054593570.617168
5426130523.270812
11082660520.820518
14914841032.914387
18317299080.910816
9354384659.30354
17101087209.808544
11684244223.699482
14830976669.861652
33216019494.025032
16015875216.393185
22874821537.061653
6093308988.081129
10637942786.571182
20885266082.432743
11195778855.047976
9573511164.197441
22820436983.864353
7459350870.96791
37639392705.15646
7103297702.704875
12761039883.23223
14986079270.085997
23780696825.563305
28196038762.88164
7047143475.162067
50049815871.52397
8845448761.05854
40157309713.07311
10006835738.350187
8553226204.002019
17130827080.575775
17626992059.55
13514029425.463285
13022499423.073538
8461151574.65981
18955677225.48845
6420168111.256389
5745653179.215023
18489073669.925102
21172852975.368973
11390669503.689856
13290665427.614124
5314868565.855075
4898593339.709467
14704437720.37522
13160881813.446953
13159998254.2578
8240624642.71165
12857899862.131594
20441744753.20864
22512958416.06928
14837627625.928623
15859433873.52803
24837024282.524647
22275001828.025093
10772304472.11415
15716793827.55588
11608108299.201317
8655002135.507349
13348751306.924074
16696486279.141075
3897629113.681916
26907878448.989243
10464634614.2992
14534693304.038504
15678779718.004135
10454778702.05564
3897629113.681918
19061985418.299866
16477216207.355267
9776533343.734037
19239400657.52171
11654158070.215368
30972015591.763012
16299283923.398424
3953230829.7864976
18210591541.56467
7314534455.696346
9047637872.871569
19901895164.24656
4960211511.481167
20739863724.627293
7089948713.277379
7980688890.413194
15020454843.335115
18966456885.46204
25921633239.99545
13883546724.344053
32624277059.299305
25449708129.000275
16484090481.765978
14226032281.520777
23924323866.133938
44154729220.97682
24332146651.093845
22174690976.311295
9865587289.787188
15660542894.365301
8564690487.4171095
15309726014.775421
7549383659.958685
15351791491.602026
10939337571.373281
5678840207.272552
13963006452.192745
8136063361.690681
10702924770.73177
9890870768.77361
19163571123.495594
22874785757.27444
16351717980.38413
18762222448.346844
8170269008.787093
15451841825.11897
19343159847.503147
20491455372.63187
20026203439.693996
13828577194.442268
25028640060.258095
16289237271.647316
9263749479.114943
18156404837.71849
13514804032.030304
5286541143.314504
5238837505.128392
3803796846.316951
20732335032.903126
12834774676.445822
19287279731.19187
12185803827.168674
24407436991.4767
37664021951.60484
11830926917.498981
10883692112.042225
57892366309.507965
5342047885.739551
13875515269.848894
18208618108.88946
13390352595.709366
12792532193.37497
45560938798.25283
10830777259.561417
15736658499.83576
7207018433.711863
13908283435.894945
13985844938.131092
14551745484.679996
7618157714.66873
18924495237.553825
12737405935.096294
8339080567.047203
9494215536.31975
4922784773.835873
6316183700.638668
16040635805.730347
6230511687.336385
14768394485.13931
6580975074.589785
19849662541.189793
13642406139.591324
25332219897.440407
8095134593.728825
8294626097.173097
23232120392.17696
4332117888.138097
15898888647.044323
10468067714.284214
5519473647.465609
5931074214.272093
5857441248.817607
13931245872.27146
26517732085.15962
9541421949.55743
16331972261.915894
7065463031.588637
25488636605.225155
29094870681.380577
7214874601.868551
28350044606.151386
35954757692.56414
13402852212.735767
32832435059.17002
12203337384.367632
8610390139.044827
10810538540.413847
17394635988.779167
25231951055.692696
12793488709.36748
24218434432.17578
12689808678.24744
42380837332.078705
23368469800.45449
26223022566.284637
20136854177.341667
28548070004.055405
19497182993.53559
11423400834.534143
17002240881.561468
9693534777.59309
16026395696.577082
14892137114.572048
24395224447.330494
27298697297.500645
15648041996.748642
14728411276.54824
29003287204.98527
11268317643.9036
19677349149.794575
26982787180.64709
33440510476.45426
8940270017.892813
45390264064.05018
26004130429.41979
8800424517.88214
31871183704.680237
16313323765.51714
13015401738.476803
14634153428.690996
21620003802.974495
26350942237.96192
5783218094.273199
15244263315.723373
5058125900.151281
5573189967.2912655
21449683226.002056
8646952121.971209
15026981604.01579
13491895252.781076
8720026618.912363
31946206727.975136
11962979741.725147
33397716972.21424
23682355433.116383
31020320705.81139
28865159621.54902
5319584000.508462
36602465110.75825
7822932967.457228
7950178961.392926
5106630555.262482
12428079229.594212
20552277689.112988
19748720288.426014
10253417546.59483
13712101892.193
4565500136.758098
16080438206.302486
33282897033.99403
8530328246.677678
19931121210.431274
17709548701.02487
15247354002.967512
19771555756.63782
12603729082.856112
9739531730.798473
11205823497.2752
17510082092.271847
5648244970.498406
17083336924.893244
18924180943.705814
24211538563.537815
11308156569.276161
8986297442.099865
20168960285.739662
5663016558.740487
36149664840.97079
13826439042.237425
14223889072.932219
18564299928.40868
11613511644.221395
11824461084.493713
45415667411.99013
24284020786.09528
8346928290.863698
16685469355.356651
10546161084.481092
9043674470.916529
33213426506.583607
16570920528.63795
26511851731.915054
15749875374.505863
24203019216.927242
32140515954.2011
11837800167.996994
29920396986.90341
20533599712.00714
12395528225.451488
50492616904.83531
17719674785.714203
20858374966.1151
19064061413.408115
26431022385.4142
16927588760.779787
28821815517.156395
29220044241.579525
20832881172.502777
14691301253.512403
11068800815.946224
20019208369.423306
14088658436.318392
20016925777.436115
4226253835.4195356
16606560280.403587
15405752648.611912
6315037210.649241
18158425705.661858
14702341569.717045
10856199189.845125
15438599209.243437
17466964030.253445
26456362672.155495
10540040122.51866
11313796699.321907
16198066117.166193
18795859545.451733
9132533546.697214
16595473552.72082
5232025239.344979
5210388444.699884
12260053353.373035
17417019311.236027
24141351888.157963
8872502221.921772
12213453012.454563
10571764534.356258
11463311592.785454
11946160977.11836
22213228651.97481
11214382142.871058
13021568122.305737
21063566810.80963
9952064378.891787
16750350652.35617
26097060556.09129
20683774222.583546
28920216217.90167
13174101336.000753
46270774630.2653
14524100343.432602
17019430308.505949
16888395840.98036
27893998214.38836
13470624919.330854
21589500262.340054
12457766980.265236
11734111123.161972
5150349077.707506
20006589256.5667
23381039391.168884
40168213146.37294
12699555600.599606
13430938755.9218
16785914155.203148
12935143408.989124
11667464606.740692
6212902624.247807
17802034957.16144
34658510738.774414
12994945290.890913
15298458419.862673
11656638355.253069
17207921831.875954
22303835224.29608
8720626066.1555
16408008638.613003
13202211845.08901
10263591171.446074
30930160163.93664
18294741670.172333
13723987684.045607
24673480986.879566
7412688603.490162
4944602705.320901
24072153779.04164
27494893823.114113
15321558165.312449
13383506424.564959
5504409009.317396
10792651777.154966
21785678366.874313
9571961352.428715
10977137122.80103
26786307489.555862
16894986480.391768
15331659935.872692
31046711451.085766
12098193587.086792
9500891008.281597
19093448462.62487
23163021453.533436
9101961995.66139
18119421264.1528
20019757306.656715
27886378768.775784
23261079810.966053
18612289657.29986
12697387175.827572
9192101640.63406
17190508992.555244
16967347791.671843
30934463965.76697
5534843537.741266
18795842636.325848
25401004702.220028
18211258374.938602
16004152574.684164
13447570288.268719
16374074418.644794
19369606252.670826
8181439585.168552
6151029204.56771
13015327183.393692
13222101826.790518
28829909882.11671
8558485700.241113
7871012846.034689
4074869095.325236
9151534997.37997
23679260420.308563
17626425925.96061
12880215106.171839
12750162603.776417
19205611430.931458
13745151873.546642
5370745835.57765
14737390943.551283
16116685139.881153
28586150745.313923
16415686324.137392
10943794729.00919
35275610962.09715
25188319034.23179
10844437092.846567
19935083117.201614
41546533044.952095
8827360019.615292
6688850946.583608
36522537780.70385
11564550131.1291
8021152581.177184
19473815280.083973
15737256600.157948
18806659803.20053
24097383732.89985
7522780393.615995
31430023884.688534
15149558832.015049
14373512679.371504
16008960472.545053
16782709290.905275
23868503608.51422
24211019889.74815
2833752923.56858
4706486918.467343
20625662545.562626
13769453337.88575
5207404274.645828
5346987612.332501
17028464849.331411
26636762623.78167
9648159050.43702
11515908648.09012
11716974144.322475
7290084996.3136
24145495064.471107
8241065765.355262
22164216801.762703
10037096626.980318
9318399895.513931
13014682840.375017
8167243647.124954
22112290325.935566
26105218155.997658
5506747481.312634
8399386999.016378
30541825290.91089
9319179152.284832
13465836078.457775
14343212080.239124
17375224537.546005
8126237440.975683
21884015638.189117
14906602597.680677
71129626177.5824
8937667632.53222
9375176929.219124
20060241128.52619
13009771669.625387
20347285765.924065
7534608485.195689
79199459991.99478
22500065890.386215
22638286099.56754
10008277315.793056
20567818173.874508
24147181655.122414
11877340599.074345
31127612377.66419
12593807965.118958
20668713308.493263
12107748590.236675
8417490177.280497
34347027255.467422
13094229791.628407
26710454398.94396
7264373193.946132
15625099661.771055
17326243008.566284
15284266437.642164
19548778568.206577
8721835211.667095
17150849997.734968
7787688182.0434
12303078108.143106
22783917365.602882
14362642647.043083
4688929245.105069
13867404256.937576
6290165981.403417
13092560250.54525
22923832434.00582
18277957798.164825
17432115048.833847
19342576101.451714
11430690577.290367
11476323149.325516
24422588808.60592
14115297257.242516
20856664021.185413
25599233194.789005
18134132964.525314
40299183046.14715
12370728385.104853
12770904161.704868
14259917368.671553
15144323796.94245
16432858190.342829
15919194698.73039
19596663116.911987
14093061033.95926
16712198046.896898
15736230048.497656
29127086611.014057
15059119771.760782
15429016889.127443
22232483086.786808
7303903865.035329
18862327048.2395
32290266481.65467
13849945624.54713
17197930495.37211
23707528979.148933
25504749280.71722
11958588875.975113
17000517606.201294
22222831383.28935
33468392425.381313
9511158166.597012
14867613179.590452
33517382214.07833
18476191452.95034
22653464116.582928
8593761480.230173
19662135938.230232
5234092987.722884
8990763808.018158
11375917279.697178
12257716895.716396
17303845426.546364
10981005280.853302
13546646075.119062
14005809469.846636
17637325916.882015
5085063847.6803
4753394014.483228
6739099330.8741255
3569090939.7719636
14678638603.261017
23880914193.781876
4312308199.424171
14812612146.289797
16244812379.510902
14615480612.235546
16377676837.116322
11501464794.987661
17797015997.73587
14779521193.451527
10850182007.199238
39933878266.68892
44151382097.98538
6037765979.059754
10840107575.516602
8768614557.794237
5396911217.6814375
15105909519.419603
16026363263.145042
13495917728.674833
25286097465.54661
22893756251.19387
22239124407.894398
16345770581.016382
28729831415.608982
41748766558.21672
40152644276.16388
7634424738.079825
27652482434.763336
6529250291.227174
7046355234.085488
19703762327.157974
18925515107.14347
4257433841.547772
15559919261.770996
11742626096.088402
8649187527.165697
23926291773.29214
11034968441.670599
12068937547.016243
24643377068.576893
25740096044.248707
41230346223.82441
6357945281.972918
10902344228.18058
7982543345.734543
11007462797.91116
9446761397.122946
4164123704.4060974
13212148509.782324
17137112701.02807
11927763128.086323
7571186984.04926
8912871883.778748
31055595206.30934
8090831220.810398
9431198628.090233
16080383133.081135
7797210349.562518
9488068714.83822
12250980456.378363
18832917548.485874
23251567668.59514
35789167360.54937
29319240761.542686
17212932695.376316
22225345519.65967
19767356377.670258
23424945360.758785
12366000219.371391
14448693631.921486
8139678648.897393
4546072940.397624
23861450486.70264
8066724473.07282
17340033487.798706
19591885926.30505
19426231617.25134
11223966551.6969
37175959466.08175
25926225804.51624
26361511069.01559
25367324776.04058
5921381971.823094
37395482150.21254
11894464409.134466
10842284857.24157
14164919306.577919
11737045663.324831
11063396843.95547
6691674416.107237
15919263696.633356
9054843099.36698
6178384090.150798
11178659953.7676
5914298407.019534
22252231252.14111
17349737886.91576
9046498320.749369
9393386325.55527
23924465981.990955
7375116758.087071
13878198229.49007
12765613018.905355
24352336908.796207
12065201101.082077
17253320653.558243
23927991616.71417
27721961968.007267
20711759513.723274
42473920126.96076
7881806823.341545
19481556220.05611
13677075322.250092
7098650477.803175
16083245304.222984
41056127824.49364
10929208882.714025
17436250882.71265
5082071331.692039
18773440957.862144
28105233948.848072
16484592552.533226
32929574603.52631
34989531797.55997
29402369041.080284
38200680311.54876
23990284316.31857
14596682980.395796
13410234702.766949
17480327429.903687
15538803641.636148
35501375471.39521
22227297295.24117
11393379283.873554
42013797806.464645
13025288154.156092
19652824732.60022
28647185828.70891
28807349226.18302
7143378204.032068
25020140304.450745
11147552241.40677
24137795983.60238
25771601833.501213
26715503926.713116
13915156616.715422
24223752561.258423
19581201087.478466
20749108324.714016
24219352513.62531
12400106295.005182
45742195720.73838
19277455158.684795
13275555446.66876
24215319502.499138
15690736101.273624
12878002373.704935
20609901068.493023
13751852465.320545
23265298696.69168
22573408663.827778
19986855875.121082
12463492518.134853
7815256685.574031
5414820255.082175
17926529629.29788
14611251163.983536
13445625359.777332
18396014132.370308
7587178733.940259
10990996596.141193
9657647648.049967
17768169941.86016
29969152320.135845
32994069437.13501
11818394191.49225
18800509344.960274
30645406576.18135
35712006597.303856
25047397817.86093
13222011788.893166
15374241400.240541
15618100709.987206
11821990352.471445
9372355972.622631
12557385433.154974
12729127932.477188
16782025592.407377
27974931218.38951
20980356450.941933
10407784851.385677
20462197415.33559
13691470644.860205
14448922545.177593
26460986474.911495
7944277063.571814
10388987133.882608
18246462734.85684
4979081481.244337
10062418054.08245
8475117185.060026
18969223739.38152
13382970197.691181
5831638147.103421
19209141674.144142
25833521050.411438
35299269370.37422
16785533733.431847
17431681768.421814
14793223925.681314
25799867071.904438
13666543108.335884
15608815854.132793
6469570793.002837
19518438152.501995
21204664065.95303
16061958757.59723
13955539487.99155
24469527754.891766
18622219732.176304
9573570142.230534
26625645743.614803
15045616298.97095
13274662722.412485
10234327005.11233
16281027079.17159
18100257387.323402
5864754196.052171
32782046913.74572
15542053540.157396
15538005005.244444
15099975097.39706
31551177396.373875
10959808187.53833
12984872640.585176
12254416817.205502
18035139150.01084
16563582200.415112
4836310058.283471
20717565005.440346
11490906754.704231
14330076415.332558
21240245833.58009
14019951993.158072
23633559992.856644
21748170202.681416
27167026464.161987
30121872690.003788
6844430395.4111805
107791487572.59099
7540177005.131711
6816165343.3239765
18072309977.23701
10344276878.179064
13357628386.394173
9187840924.937696
6360194050.973999
22982142034.047276
26622961928.15899
10559365038.442486
13338488044.60048
17611046386.22775
23538286971.24464
16440336089.796293
6378271409.875857
13698780438.509361
13081230363.922422
20581371478.531586
6067265633.255232
25050220477.478348
10574649005.361452
16133034450.544085
24598487734.507263
15306812664.8233
19237847620.04975
13557815174.678381
41152579562.0105
22485280829.28478
35643555228.28722
16773506704.538837
13674499412.726326
19007365407.719425
22770557809.527782
20094426339.017296
23726493205.280014
16381858964.387562
15745234633.731182
15706347159.091578
6522398146.574965
23772664752.788803
8580161385.695729
11714153796.32079
18337917687.448124
32913769734.170567
8799898054.60013
16495847697.582699
12149190248.145754
16845459751.39899
20691661094.902233
29450890881.317154
26711183093.167274
3980050024.3477335
7725640084.223834
18249663049.45924
7350999560.447616
25910939430.941837
12112046658.874363
20388274672.31237
28776394760.5554
9103563333.923126
22051891480.16016
27862353735.94114
18079498115.73552
10215695479.936552
14144890411.34914
15761803111.213152
27009006149.58441
29831547074.487617
25308675649.482582
20916097049.175007
5579206014.179912
12023388963.03313
9393989828.479021
7961628431.750446
24670751238.723587
6354481785.213332
17795954448.39381
23017661472.55231
8683709106.355307
19074240074.833817
15692194722.594612
46643251771.07169
18756262847.855892
15147745103.78861
11236847366.343174
17054690542.083727
8837521033.229017
8943739876.158737
14005033267.871597
16815283813.46869
9435596044.330603
26843021796.603867
12584655397.176329
15908811431.237274
27999898096.168297
10257156713.915133
21551059267.367645
21202591803.841057
5201255536.400817
5289377745.031212
7618063609.881078
6226905245.54018
4243542610.4341803
24075714872.06753
14734737378.042597
16568579227.266214
23004778381.294254
6040642985.073618
45717346701.96299
22350082581.301815
30755246065.14651
31442360501.753395
8618217239.490324
22194121001.38492
6398845429.689494
8480218979.602193
9011598413.21111
16679742693.97068
16693913863.609865
13982872186.164175
17480943588.02624
10605976491.996767
20709227198.251583
14720643890.12156
14955861350.180656
11438357075.024284
7556342226.351323
24579845536.571613
18670204729.543205
17333344395.864304
9358704773.053324
3732517384.098255
12265686080.904144
28246193783.387207
10570309237.086655
31428940622.506977
33436352334.12572
16944089123.83976
5157340045.496171
18896945552.74055
11014859791.931309
9583648837.950148
23127354629.959785
12517118838.41044
8913162013.661966
20493254500.726734
25528773071.435104
9259438083.475058
22985165374.885754
17877919821.577633
29220661703.27836
15358823663.115234
19314045042.019924
6305398864.563991
45894272614.24515
18648077308.35885
21002908580.52998
11587023246.659153
19734804514.534054
14684033700.916754
18381990593.58861
16292033772.954037
11666379370.783316
19473226860.46466
19291823976.617836
22876280785.22768
23599197103.62305
17675209983.180428
11396036689.004797
13981963874.076605
6856723029.65215
13633826896.733814
13787460644.954319
16999080507.965364
12135917482.995947
21403054134.03962
46778221966.31317
30366412516.65211
10540512854.691265
44981039529.166725
9477078957.720257
10731845327.181665
20340291519.715805
17406909303.467678
15369124369.213045
16345352422.692492
8851309919.01894
4825358418.613738
16833432230.35698
15025186569.977835
7114328954.796946
3081210624.1097555
10925947444.998848
18637947979.71166
8322503958.232492
21704263727.102715
20861968480.090736
20570491094.890335
8159552404.722361
7809473964.806234
11631593289.918898
30347693623.232155
30259555050.707787
21119518102.308884
17574577805.700584
29583357334.36127
17802399772.706245
12798412406.593472
14998707998.371235
9753135350.655146
7781433503.909204
30757627224.8975
28469797035.487484
13985722216.856544
43286259955.761955
16290481525.623447
24395589027.704895
15228454061.547812
6819272012.156929
18561014667.56255
9502812192.541388
7832685740.553556
19095963493.222095
9973943318.940403
14363014415.373308
19936482844.923725
47446613130.04298
20613741257.941216
16738443450.413166
8114785685.936323
8556625010.0846
21313909837.456932
12460072700.806795
18112857979.01411
9054672082.430239
14576699868.916851
6805180320.267428
3844887433.380454
13588514491.333914
7731278329.715727
5460099355.618202
3439669184.3386636
12830553211.164381
18836079744.630642
7736354958.600448
22558967945.86059
8664005450.050804
1845590011.3358405
14455129220.242418
11440435175.754036
16347181432.091797
11192984199.431986
4263940705.838989
4917295321.96941
21563140750.320747
15028152636.7429
27242859304.92983
13005656909.32697
11974805452.151655
23492879468.967205
8239215043.539057
16554152784.476831
20415874633.150337
13655819000.372923
9121100427.75393
16538102365.924025
16619734205.37825
15904679278.423328
17438935058.396812
8530852853.75991
7741916054.829255
12551080888.730928
9190382154.213514
18999746242.33151
12211134807.038616
25474278561.851273
23600983889.685516
4456527497.489874
22543179816.976402
15903279742.932346
40424066322.84754
12467769644.88536
10171835277.612495
11770860578.530134
36016564622.79345
26073464385.738285
11958122735.87934
14349348662.13811
7144039874.292914
7992356954.981161
23257354806.38831
8255343803.818095
12340022800.4267
8023156717.1397085
12196445097.854729
23776408960.4484
14789718648.146982
18311778670.711617
16343135304.533682
31580851027.781693
21411365999.542244
5500107969.321472
5623328078.842237
32650266106.209152
18604605115.92252
20429046401.424088
16906432424.487673
35339881938.792336
28961206967.362682
9065618836.463593
26080676186.75708
11272910377.266405
18666500340.899433
16353018985.159945
5537018992.316799
5313207249.115213
13446111782.65912
21108898714.862274
38628961697.10772
16951629382.695238
15301849835.02553
19185901010.210777
7835390379.547527
7462800649.053696
7125004652.613166
25102316184.194286
7790892217.990518
15517048361.556393
12228753763.441048
23896343176.54334
28177276273.709965
31473520172.71474
11967446957.934309
20706271817.37905
14908251465.338467
37186434627.3966
21905473789.23503
11852514211.810646
7553977600.554476
13039053424.682758
22980359431.655647
16465860746.567482
11594309552.399763
35145028726.1941
22226589417.716526
22937112884.93186
12603204580.430616
13281909667.547873
9680682940.614897
8378671506.099751
25001824421.16846
28427313842.703842
31093535235.610218
15172475285.721468
18527791785.557243
22341142105.71397
16527693047.720175
7665021038.151985
18184486258.561863
5384592255.453208
8154214773.9166
23637600186.752834
13704087355.905836
21913475277.30633
16679666370.443314
9918885270.858652
4039883267.076974
10345641582.344624
9204923749.27422
6158488248.974053
16394269897.390022
25120994618.908367
25477975618.644665
31775081886.396454
27201903178.356514
16897457394.884508
15993831260.335255
10235539192.211004
22157840641.905273
19697490498.96006
22428889582.132133
8741866257.498632
22884476168.556816
15579928425.402222
14014208360.61798
30007201720.268616
11218715054.630705
24150617969.92461
10740008077.270756
18253170183.36814
10734945850.598604
11265201838.186152
8056290674.882041
8089073843.918335
9355131938.461689
14055850303.604425
4947434072.75715
10139021277.299711
14938869404.594732
11981469197.685179
9165159295.291332
6025719440.263463
21295961807.324623
5390660150.984388
9682323927.47173
3267102606.756253
9836147112.178907
12929504834.12638
5855380732.17516
17497320837.511196
13146893403.832966
13548140234.27741
13230204606.504984
16123355068.312447
47116244419.225945
17778000760.973633
7475375472.455566
10320546695.846012
22373601555.904705
17577241790.015697
9561809647.077723
9353993872.908335
25400509781.42394
15312867434.800415
6934733393.302539
17035122378.92203
7540429388.508044
20722692623.292843
63742551004.337524
12084975941.898476
53288532273.17906
18279186706.07355
25448554852.18987
18700139147.959213
10075615849.536789
9722916355.98484
3924187752.1507664
14727252382.468117
8161712809.168446
12913890633.34583
17291604195.87264
19377330168.586193
14092564771.902288
9013695720.761913
18155164168.383343
8931217714.000097
21936943388.71396
16664055576.275782
5590866544.726194
42664488938.58176
7961620666.515536
9169754635.59044
18135499724.12601
42190252534.322876
19556418273.078197
10840214658.016022
18585424502.485565
26578578613.44509
38875133952.81393
13057210662.143448
14168989491.431099
12860717441.335722
14570487413.294777
12314551226.467321
15250302328.761333
7658983569.680348
31419562555.504856
14512223891.698889
13492962519.644737
9282283446.24358
21458069824.410896
14820072389.224052
17500586785.98157
59565252652.39815
17201150036.541866
14585908797.794863
7794657480.9669285
21460283880.622917
7131615533.382021
20289568894.74101
25604203330.924965
15715865776.577396
12049476677.603945
34255245797.47984
7091490191.708257
22818425915.799633
5957333803.536065
6566994486.137367
12536243202.321615
13718164180.508396
21284101516.782154
12496422962.643562
40239453091.4991
22683268952.5034
6926556648.366622
14424040384.822248
28414916669.7698
31079292706.609325
8394620713.265906
16851686910.912794
8857787861.163952
18941105211.77102
6249457974.099635
21375699857.74946
15393851007.000845
7664733172.352079
9800607030.915472
20191755724.33159
11193457569.454515
22291847998.504017
15206375020.04595
12899512630.89456
15959780116.360172
23125294627.552124
24036009397.020287
4195279539.660868
24071192414.074505
8840077667.89028
20704961229.696217
10502185569.14401
6599337895.361537
26151543637.26578
12196705332.704569
15356787081.286135
19072736814.271923
16502352621.209316
17393337834.56195
23590043861.07267
21657827258.514004
19268371819.45386
7710829486.67297
6698461063.710184
20272362777.951202
7307650385.468592
17366951383.92297
13753729049.338806
29384497223.583385
10770604428.747635
18359307748.94953
10316721520.151398
19531586083.18875
23842740349.240814
17711503194.831547
15775176733.933632
20477794586.958042
17848066336.311172
10476544187.792456
21286517612.871662
17480384380.613266
21458483792.907185
23632915867.691593
24313428561.945683
36002988193.85364
21543553026.65859
17865715845.917458
12650249960.237309
31710302243.19509
16419076669.138727
18554654494.084934
12402562738.500025
74578827094.86461
13186395165.557245
21313276932.747623
9695164583.524324
17036465789.31638
16905881163.413752
8492165031.004809
7269279989.563034
11050435311.108692
18228849306.34987
9939652585.343498
21542315571.454033
22033822617.17816
27243977900.012817
22007117299.87584
19265836196.850254
18407763291.77095
22360424846.033676
15731638998.336275
46703556218.105774
26749050395.743652
14002710223.718443
12679276213.033012
26678238364.350548
13998293162.168766
50086734133.42901
15722162641.91465
8525875476.383614
20693302793.848957
13615765238.536482
14983131883.330397
17359725884.601364
23412457758.258034
16163660545.049572
25303227284.67911
4691891753.387115
10142465369.529188
16205270690.972862
20556374118.516396
27773489048.836693
19754652193.43865
14739835235.595953
19481267252.40315
9702428968.530094
14087351814.174036
24690758766.941113
18330767634.522057
35135789838.51996
21479238773.76525
15954290633.266733
32355518353.30745
13813296814.584166
8499661867.65437
9372051598.457478
22593574621.394325
10226274790.503653
15501981389.745678
17052937122.195366
15505353394.985865
24863902603.238495
8795085993.828371
11112780380.91271
11828852635.148863
8843870865.561531
8122436512.162306
13747682794.794012
7655864345.94848
12745414014.227486
16236847228.320719
16737989505.333687
10656524585.93984
26538889192.497906
27085323690.034927
10480551834.711254
6869641131.326713
7975074932.91706
10921909568.892511
9943810883.79099
14957406628.29233
9611944758.386335
30276569121.633175
5043304868.901328
24656004910.764626
25338467919.28764
15714955865.221344
3038364953.3315835
4689551251.82312
12289663302.836477
16369111002.169071
10024248273.691374
23882075890.561493
16689342860.538483
10102770719.590496
23928270439.791634
20157392323.150246
33388385092.474068
6635355956.033186
33588745293.54717
14354185832.973375
12014255207.169363
10673721828.165329
22891448373.703014
10442328420.772823
30011682978.120743
17413219732.185818
11910571330.03231
23070915971.760017
11497608771.457832
8319721250.039564
15676409086.943594
8837255260.601353
11150273867.647284
6595791979.483607
27756131039.856735
10533227625.853035
14035931832.599764
22415601563.883812
9770440178.728277
23495552258.29041
13536338634.616835
7890259347.388222
6710941981.940977
10925037263.015865
14812772346.046513
23040882885.928543
29672575616.863186
7800318350.789862
20020416186.370457
12298422382.395933
17299397514.10486
7091606729.943444
7540146709.798508
10312057328.255249
10578299101.0882
25597899214.56968
10666525107.807335
21244343283.9457
7014543110.609551
9020741263.456087
8370060569.473537
14022625539.097525
37757828464.97923
8284878795.594291
12130791754.576223
9697663576.557154
31700633436.92229
18497649127.49918
8970158791.289743
38252985453.805466
13482468663.016111
11951905910.043139
12716582737.756939
7334196497.047505
15831422681.552937
15647902808.641193
17948361083.64109
14812332534.44346
5891848957.890192
14499802543.795504
9851363879.378117
14612053049.44967
12650539734.506784
20719839042.576916
19355231297.207268
4218004644.779522
19738214395.457966
7803866922.710558
7989392715.693754
22104968164.38708
24550243197.503162
14553773238.328295
8450842040.483338
13515214533.254797
26079934525.076538
13522341768.678751
20797420640.447975
10839963567.180462
10657784232.826427
20700189975.72006
25328130082.067444
27974360925.577435
16363961745.294119
11494970397.995453
17613368793.84544
7252348868.210102
18717672310.54224
21315065466.140278
14160962701.7279
23808883362.26343
9839596197.466818
18068325625.05194
31955602728.809284
63310870502.96586
23660482614.343887
9046581946.00294
18862460410.38274
24863462401.862007
12037069392.899055
14600143297.982344
21820115524.38554
29733338918.71062
13362232903.141975
22882650668.73391
29729948720.66103
9925237858.25416
21415317087.964836
22590626509.309826
7969139045.825779
13493816111.383675
4704711443.139956
18449279826.444736
18115053855.017242
19926765787.386547
12847251377.00913
19070091054.965576
19554468110.92759
2888847789.9288173
14941626900.44667
9481201610.71326
11684892110.29085
17325960959.323368
17485078798.72044
30662503033.10342
15786853348.412258
14838743459.641455
12981971174.68214
15194745141.924812
16892798497.526217
3565963324.6792097
16200341236.729614
21570170641.006886
26048117136.477867
12644876520.732964
19170217489.401295
9658512672.81029
14588929160.463408
13855880810.013035
13352114582.148062
32822612548.08628
5999849478.149418
44243923502.77255
7343188475.304488
24294709460.1958
18038355230.869
22116473404.1562
22077161068.569935
24557185343.771606
12614449782.706797
14576053469.114357
13083302700.621616
10307754394.813047
36152968910.545334
32892013702.711784
8337099462.010203
10654038771.0323
15616409087.000809
6270159369.478694
8521600245.849693
12828420697.184566
18835845424.84925
11015161692.498003
14935105218.968771
8521603879.737341
9846893866.46725
13062950371.557146
6258880723.80687
17165344282.08261
13338113575.322546
17963715753.027424
22662258061.01122
13275414966.666815
17547068811.970623
12124366670.722172
12196523967.820387
23470486392.03212
7260382887.062116
8665135927.486486
12872470360.452017
28244409171.932716
19229538408.74522
7487707924.532697
30402433085.9735
20143257119.85704
12702793232.872154
16522274539.899517
13077546809.904652
20996618788.36338
11788420129.982475
14158923205.598827
6887076788.98687
22392337611.397793
15832472235.39495
13701730804.659943
22717218509.12468
14486402062.521353
13354081268.900871
46983720567.5891
16618996860.434744
28353934609.963173
7623848513.299644
4742946753.644885
18039171712.655457
34576498458.1454
15566604757.74992
16705434213.813635
13507277803.770592
9150360306.09259
11572146168.384165
31930493482.736427
29230514060.18504
12411768962.716772
9519347846.878754
9830526814.57992
12866855193.652065
17534844872.642185
9328356246.725863
17362711254.79871
16294046127.422066
6830455086.709014
10827669682.940298
17294076374.454308
7891879993.910932
20266418683.16983
10485832783.61665
49765291743.0352
17627553090.624905
12483061975.323324
11749590142.3061
10950542644.296144
27771835326.11601
16726698250.17589
8057200738.798563
29647361380.566307
14167369349.621037
7729992778.59725
5640405233.239743
32400182118.964813
26488951694.70742
6254044029.707008
66956342615.15142
6776450781.547916
9382752234.719946
11402445083.018965
12052797334.314404
7396107755.054537
19594793668.233467
12961919263.442333
15779993808.445293
31758829087.53014
28950513025.42149
11505447780.439426
28335438224.283527
18912186921.936626
8946844885.707634
28725119644.590427
41587757123.7037
13482987903.376293
39453651194.57696
9012622013.819723
11275138355.93628
40337016100.018524
13457857272.58341
28771860919.75072
15105504967.37708
27997707255.39973
14217758985.16243
27223365869.69873
10312804087.497644
28874665130.728916
21543682182.471886
16165707927.231949
14148624400.783098
10207033352.02727
17218749760.494587
11997002791.437994
16525877840.43935
35460845828.12213
9714490945.585806
43099929128.23099
10771954649.768623
23274309122.839874
17152336894.987837
10952957616.736465
9067020483.494768
13466295685.72128
32412868399.143974
16278171278.3399
7494556010.088018
23981328410.480324
14799182160.562716
13535710334.41745
9768968730.80716
18750320335.557045
16186802230.721573
6619384694.993523
14686311828.499437
9815592000.109413
30700813809.485718
22676268513.712082
16478968316.782194
12598892761.330849
11113483204.219923
11597123445.79896
46479898704.30078
15385775414.737648
21889079197.537956
21468045584.01274
16354473545.704342
5390826049.644568
13591212469.749044
11830895326.715593
8043468892.732734
17275923986.454536
7643930803.831795
23166307596.56032
19058708161.313362
13680394196.593773
30364559497.41308
14018187505.498796
23426328833.355137
19451721134.181973
18125678917.834442
15786948972.591602
15795572716.919075
3831060636.290787
7088486919.324247
42349134055.66917
12134655122.482088
20822572267.029446
15520035896.562773
26035720987.34342
11901606066.138401
45089439202.75266
13470097675.08299
15412842433.67242
11984379530.778433
32701476897.702007
9370230419.063501
9582228910.242027
4128868706.959321
19423036575.444958
9683792134.928062
2585130035.0823617
20555682297.538708
30501052374.70435
9278865345.223225
13649632408.015833
12085699019.141083
11292374385.972925
29227486530.831375
51817936725.353294
13720254016.133894
11115019862.11417
12542116139.206354
10656541722.51819
24315601615.845146
16700928862.5327
30463685674.816624
6574471697.286482
9886263890.046307
13561223546.80202
24033857510.213337
10203633000.413965
12975814148.631557
26893050039.484684
8851830562.9686
33077542793.659573
13264733375.821268
33764251121.267467
19867847369.205864
52504813183.485855
11377407259.10448
17171770591.989128
23948602566.380318
22762422996.10281
27682497473.082764
9324580226.506723
29985552932.597645
12942367090.467726
8299796027.826286
10073877977.325775
14714764472.217714
14581512958.824284
33085063086.501995
28000293275.835217
18755940972.735023
57494115765.473946
56375200320.87405
8857366265.851645
51448347748.2815
7377300903.426919
8494624048.918273
38826402938.29775
26614949521.793686
33317169581.363186
25264281735.22069
50191592487.209015
19919705724.348915
19566869338.14518
7003022505.830181
7540736261.3739395
7324112162.712975
7694415379.807885
17925966753.22674
10263189936.15262
12372545531.66105
12763517319.22465
15340590464.559227
22588735415.362324
22529844357.88916
4788443316.97639
17630488554.16926
16233307933.75004
13114798724.532665
16073950978.571827
12457493483.126474
36935059307.79947
50697435365.559616
11167121753.107523
69586173464.62181
8085473049.014805
10798199275.367222
7584964588.931338
16198321962.796782
20730263225.5146
16851238288.04924
7073222076.964788
10002145883.941463
14011916105.904902
14555983908.267899
14325993029.733196
16491271430.302485
9310365050.55406
17188732480.633392
17212832537.50078
29222174718.300217
14735534417.180498
9816869952.750267
12538497200.708988
40007488871.03433
12893709927.976427
23309849910.83695
7612012325.779681
13752632666.260809
21832389893.205486
22113633910.25529
12674830263.525803
14029125619.737576
15502654490.076982
35795902592.87197
24005736647.470634
20310240542.364296
8005182774.338192
10478772083.500593
12168167628.292841
17057336398.346132
14135047119.675022
6435099742.391847
41389404974.236465
11867627751.64734
13886333882.97294
10275044794.655107
22775409406.76912
15661785218.987755
12834724983.941923
14831906012.183739
17907113895.935913
19004841919.888805
6398088033.914566
16146498407.836681
18184679092.55042
18522020715.235104
32149899965.97727
19231957311.687717
16607971777.9891
9025081263.05019
16852188329.147366
12483037807.82982
21204390856.614346
20976271719.913467
31772924107.83684
24327492545.595234
6195784873.185199
36707750368.25897
32217055979.445652
11957411709.054617
15927736102.425663
10006500849.920164
15394550200.507141
19654971801.80832
33753649132.3944
20583633713.346645
17076406764.057236
11794722239.1745
12704269451.228022
15086207745.043705
19517764850.736374
17268826426.22092
22568763678.542797
55703592493.552185
9962191131.252327
8714050753.693518
10836663875.63265
17000206165.55082
36802406223.48358
19784016324.346935
35959846500.363045
32979177757.451317
6435501260.924567
40102873487.44572
10749661462.3491
14074166201.151043
18951198878.578564
3630005333.3504233
25304154489.393513
13752967125.59262
7805701584.89065
7199819365.010099
7658638318.141338
20894392499.940777
20402664021.258717
7335896446.158135
26993242447.387875
5135459577.935885
8855076926.86652
13487006657.087177
7689470405.499305
5771706006.983428
17910483253.6788
10618802520.429878
7438792090.888158
10232348754.628313
14203970979.117554
11047717123.51087
5938563372.597986
6419389775.377215
20597277528.31548
33188906325.4208
8386753374.740366
10325642571.820114
18900279525.70571
12863000483.143103
11155724939.68715
16005655349.159307
25052537200.391132
13175637941.628582
16878684224.130976
20080469247.88288
8884737224.494318
14490956868.258095
36443533007.39042
16003854253.14808
10459195469.586176
10729219777.833
11294224351.18739
11543338156.618351
11290816115.062735
12514126201.900766
11296690903.910759
15507666388.677135
8297618124.15605
9304946065.028069
12216717060.338305
19238789365.288902
22595029616.63352
11764985336.135302
17380718343.49114
11813512477.168074
12028094760.378565
10720993959.074474
11325874730.372011
46197788409.45319
15141824037.052166
18020509055.037746
28535419529.980522
9212215732.121244
12747626734.236334
26660294377.750458
25875122551.90948
15528886492.641062
11677183566.716316
10856179033.164165
7792595772.254457
13344053424.403429
8128149465.573895
8976505201.857822
13216253459.833193
15573307454.169283
26194293838.78951
24443689484.74254
7198039557.176661
9387915327.443502
20022393472.18723
12962745305.0439
6716678091.280294
11901872972.378517
4956556832.370757
8344084451.483939
9348275276.600275
7773694951.684933
12499126637.26167
1711118962.8588593
22694220710.941032
10443124019.53131
28144307726.723614
7657930152.023101
13236971556.360804
34791844786.3423
7602179149.468584
31939904261.296925
10747046484.164652
9201556672.035425
29488132645.945526
20194057984.28057
10248793162.915731
8817588014.739876
10233291339.22226
5760068482.290665
27827461285.54489
28202795026.269302
17486804464.054543
14693820121.471518
16387764670.318226
14258642403.429857
26137290037.479347
26621965281.671825
38740366233.913574
10090088069.872274
6777195229.872574
20096990437.81739
14790515106.854433
10685689080.800854
17560056923.73992
18791763643.034214
22348870674.528435
16237648490.995056
21966477512.988216
13988331180.284071
12443102345.963264
25601075929.838604
10879720727.989178
10333167224.348936
17511255873.300404
7483643234.297294
20728398197.004375
16063967531.84007
14021875629.53337
8548115816.120572
20026537552.557102
6645429345.649327
10643733909.052023
23934130175.84711
10521310003.973385
11164219797.11276
10499895643.896639
17841143042.9562
14883841376.584066
20577107324.024807
16151151843.507738
36270823653.33845
14037288041.155813
15037256816.55704
11154536822.861776
24524375880.9244
14415104808.889612
9721017628.755215
17841122252.659973
21918684123.415756
26264532630.10223
18806982380.939537
4873860756.836839
30303327637.708004
4389581572.566122
6417255759.040202
23705644388.352116
23335507059.557278
20434654599.55494
19059994493.151703
18235081685.892525
7690633202.932697
10409190945.670612
16866163299.306948
21228663636.467167
9919227613.972984
12589989672.41165
5757925600.36428
17087164067.348988
18325867677.45389
30903501111.46138
10352613328.561255
21791486977.907463
15625062640.116425
3857438000.4161887
8661853349.031582
15608003864.167414
7563727828.788413
10022740644.51901
4144622492.9269714
19121602964.805084
21258237188.485092
21912887759.62407
6887986898.968435
11234268222.013666
12407157988.283478
13724417252.119198
9286652603.627693
9131934907.584213
12865715357.716663
8395902715.890759
10932685960.151144
15531934842.5949
9969144010.06316
23614689600.105537
17212165062.220417
34881268087.71587
28634969557.147457
12019663888.309868
19536047392.029762
8120984674.760268
19760040898.508244
9092912260.020748
6667821509.682555
6024665948.329689
9516967597.950819
14445908020.635847
9683131977.261572
16352254257.18059
10603038090.005901
5746876046.286637
9192502107.978945
17026012990.042255
13096938393.355759
18038600924.246323
29458545241.30998
16938009797.666903
9542532614.882877
47327611162.28113
29753097252.17883
15077198607.460684
13317376775.638292
5345574871.369068
18962826798.848637
20366669847.10506
25519679967.33445
17859995075.397686
36996685437.95264
15532111976.924953
8432560178.579195
16424278627.624996
14163853419.716194
9978672459.228275
23994670451.3002
17466590933.949574
16453277776.213688
9551763982.099503
24840699073.42212
35349159996.42267
18442085433.342903
24568107810.917202
15392094952.343477
10378960724.878021
14581251285.07331
16949829513.99114
18781544745.66858
14947573528.788792
37128475505.224625
11855598740.510757
9557220612.853043
16740689229.67202
12879776346.536207
19814782114.838398
5235528805.866422
5749780672.900013
6280720161.216379
14141252259.296087
13812045242.587227
12812468790.76963
12591605192.571295
23816254465.27259
10205368480.375277
22719673584.442352
15143647786.88398
22202057487.54519
21023336062.752487
4040516653.6598973
6145161549.392363
7574412872.300583
11268758956.953285
33191403766.26237
15850995942.535023
8540284187.535503
25123720368.486008
13280830979.31822
16043239242.296904
7822878031.060703
24752020669.203194
12379736184.553135
12978506854.492172
27908550266.63327
13068988634.642511
16931490201.564545
20560025705.06359
14189375518.20769
18511934178.91268
3450801035.1881466
3729900810.5431056
26925164163.813236
28078931775.832172
19524367974.70866
15892190547.444485
4522590176.343636
13352745754.69989
10442252268.846317
13014942205.573717
10292632947.80733
21041283092.790752
6693054603.223298
10170732633.724657
12323137373.438246
20266786243.863827
20303941300.268463
15706622290.88962
45732281217.96323
12962329397.561949
12650412837.887173
15332325548.506271
9408166482.564117
5947150969.180581
16274990506.50593
13052339122.754713
21129405173.8187
9671261923.53455
18968326986.50657
6008614431.264046
14233074031.008621
17258903186.291996
14862351299.461979
7715799842.353363
12210284517.014235
15367082759.608208
5023679376.581388
27526542903.08581
31200930981.811653
15833122017.232922
19915040929.139248
14497831133.782907
12897050591.603525
18032282256.915802
7882865635.391825
13409994950.098434
9436888466.708214
28774856505.213924
20936919083.250584
34952302853.72582
10791906495.525341
26134795940.277016
36300322935.22013
15784617769.005291
8001694320.923975
10690108968.374231
32737326817.62246
13260393190.476574
17961182688.751827
4717480988.031399
5680436385.907292
20533095417.01063
30672378550.08025
14828557458.624765
31441077831.32155
7724055931.307824
5986474498.341232
11143228410.313877
10709850384.530754
20199229616.80424
24860744247.664474
27007412756.396755
11022215035.885887
9276303207.593184
38171537500.073166
23552189615.526405
8034486646.668312
35965969700.62028
12622313343.969143
9640755507.652239
11439703923.859455
9108717630.189545
9651666016.533916
9672244315.662836
12730683311.766348
12311723638.793278
22142918234.603745
27641422627.56516
7288007062.680677
7811081924.806868
9964821671.791752
7252661173.385857
18640655282.215393
21764162599.434566
10677157863.281652
9227254936.456749
20452137769.347595
33708569153.066757
9650980394.931108
17072909308.631657
9562671043.147932
18577219375.147057
19438767280.79886
35500637257.009476
35431266110.36028
7734407320.897682
32238021481.53925
45500502637.358955
25238988103.121845
27344032838.60069
12247208742.503231
7035319046.401512
11177316435.652643
12244984136.645678
2648692287.917038
20792145183.10631
22821118764.320133
13607880225.570745
12624202810.609573
18064981571.03083
27336031828.71245
13330523303.626043
12244662926.603622
6270209311.949159
20791599764.2022
9747793766.522486
2648622807.503532
9729867831.020119
11622096795.8242
14506695614.398344
25754326422.531197
29569451457.80398
9753473402.460365
33192355202.70913
9346985740.134193
12583833599.514492
9238131745.900385
8092662426.553947
6568466319.389785
13318364470.703661
9947172660.982391
9094979236.587934
15705546215.971598
33981895354.31464
9614511740.108755
29220599812.644806
19166201846.150406
11385115918.168709
26428236147.951313
17856028111.975372
17819106101.783344
11717175436.904213
14433340995.857212
9130177330.618269
15338266646.705938
13612549040.813646
5942964430.085167
9404581945.840427
8907621201.119776
9215823796.49406
15814250855.610912
14550822780.20835
6845623683.43868
21379630350.386143
8922699539.909134
13893291312.8059
19405934592.255848
16408441283.325907
17156862509.151825
21562998236.647785
19878023926.587555
17790191311.396282
19966004639.53258
17381803096.827057
30835927772.41845
21148502164.069817
31550077259.282055
21813060278.86332
44397905339.93226
13685347906.964472
19684839933.655888
32511272269.60066
15904781449.617685
10755605982.742933
7286305321.0015135
8525750556.382469
18183582438.86029
10808832054.504946
9895110412.533316
18226014365.354836
17196333883.182247
16620443908.725683
33755009571.2472
14774426587.267818
10574022269.588707
23395526003.788307
11419198019.338104
17226858936.424236
11663443103.83902
40064932162.22396
9998937957.205904
27472710050.95227
7945895516.930061
12787673279.569572
31964383735.252045
7560574116.258979
36920905710.63498
19063993707.90443
33714682474.994408
21567052017.95907
13763003133.861544
28428506955.135166
5700858220.308437
5234242573.961684
13795222914.900799
11296075225.654379
3780278414.4865675
3168455195.219546
12409511692.543219
17741353311.688717
19253691905.29665
19971482163.8969
20519384925.509872
26197831099.50495
16288730603.175861
11200510777.473097
12396305850.10387
11075956546.23326
10345309248.704014
16876860168.762836
61957292363.86214
10383415211.174623
6856910723.996774
10386505787.534468
11350831857.779488
3018600842.7484922
3988553377.914784
7317903486.127359
11282991358.905737
4360588790.627031
13081801948.712137
14208749702.151897
8542222038.739301
20977266120.869884
14729588943.557058
13988474548.105198
21319281406.5213
17919970609.451702
8332728123.953809
11917985913.788713
25503136525.65914
17056802905.401821
20184669407.239784
30003585973.639965
23163502441.795177
31335852342.900448
17659825161.91795
19954782469.32377
31394554596.022526
23644748898.421154
10010235685.034649
18599421504.236744
12911779613.024374
7256622583.1797085
10455289448.892687
3132222877.3652973
9990493484.878113
11715768079.174616
6893108523.4298725
20436401346.198166
30070387180.926575
45681759992.9469
44963178076.42944
14312696262.895788
12337310045.479242
10157327897.998484
9583473842.401415
3018734972.0254946
19183780932.924046
20331565242.05608
35271351948.90928
12213541523.968498
15200106724.446922
14592240365.644361
6500238838.045016
25918841143.02154
17016339119.987034
10146169320.383121
22312624363.91395
22844440787.389095
11226593324.385979
10233795463.865644
7639750941.152927
30824902498.754707
14902354838.338495
14048376681.41184
20312577409.74756
23748841934.939545
8548535879.3440075
9009728299.73893
6974452436.569637
8623945212.52469
15771351782.22096
14515540495.843418
15532424053.563917
26959627787.466618
49212143902.918915
13643781749.421267
18097776575.81425
26032736892.4667
16894710448.159811
13198271385.753675
24188832920.008644
10663346115.478647
12730469483.746372
12893057662.342653
11964988935.698801
13272421579.626324
12124319938.752607
16769747759.47094
25624569379.229683
6281941133.34291
19626059448.63761
9389445395.05841
30303760788.816227
13545560718.58845
10468166434.856878
22506989695.717983
14685144296.733337
11814199106.804403
20830890583.09418
11090503781.879333
20160315973.060783
22493868644.893234
27674164241.64308
19885091412.351135
7956594421.720852
5116515497.582525
17213750326.098263
22911472340.70886
10420932346.302912
10070130485.365944
6384336569.58784
9081691929.946606
2934828323.1702137
14399849916.099638
22589442073.486134
12067743325.185205
10722642538.392893
7631209800.303471
46556070474.54234
10894785002.862667
22423757235.687466
13616399003.490591
28637917458.42998
9928643446.199999
18220547315.79408
12929067404.160688
41702969679.73497
11746646114.090881
25225379432.892666
6128091905.430954
16994927378.913876
7796662477.606816
7510527982.80424
10776197463.38399
18121330632.709545
28810800853.25746
4426257042.930489
9735818733.81647
6926800738.895466
5546978094.2027855
23825270026.79661
18111146185.48231
11815142768.363884
10595580049.948221
16995485702.193727
18405494818.843437
8616498278.948143
18776223585.93561
4599582121.007237
16647212364.250402
23397330306.559082
14884979017.57237
15503369384.523424
13409416662.538631
12098148869.870144
9397052360.650879
12809442691.116297
36417020154.971466
37847713679.01721
19312997891.22737
12509883331.124258
16135753585.59512
19040968958.36119
19974458930.697395
18569311614.658707
15481915120.562086
5052563099.763486
10241594439.037174
8353571919.952263
6142105147.141727
16494904220.871433
8852827677.50944
8994167940.914593
10241594439.037167
7328824897.944259
5929935450.939126
16494904220.87142
9971458402.560215
19606926832.972244
14527405425.379814
23577729526.544174
20256141809.08437
7941666759.403456
16433981339.997515
17412290250.906895
12308205504.226603
12131850317.305403
50463257699.36902
9823682807.240494
7889053949.908421
37836720510.016495
20027102879.463417
19841049199.38632
9051555405.791029
9008940353.038649
29191362372.92169
19466133435.709682
9607331162.19024
34725347967.62232
10821953892.760695
13694792159.271893
7870592507.752474
9800678548.18676
15258475132.267267
13835319261.807846
14960925526.939226
11198368961.27747
11850787252.895391
9798478292.250952
23509313285.99352
10828817346.14815
26124006423.717
11009623706.587313
8961198391.197466
12216268511.691086
7168047256.109906
14914375095.286716
7609355563.018012
15174005035.920652
6873551918.828163
23302376522.068222
29661454901.336086
7993988592.903447
41690940367.105644
9897803085.194328
6002294817.690164
8139411273.596743
20172921888.234253
13655391263.299038
7011405576.712265
36447352937.19144
9580339497.205093
10658100839.739372
9670174525.059177
9726389995.163937
44577567340.60194
10889729962.031178
8207369044.41359
13955202620.865784
3902497279.516302
18770873476.08024
11710723582.666487
14845674283.097849
21854233896.063812
31743080286.51085
25244942042.774113
14057468609.460964
26538458492.685814
6484290378.721772
7994781938.310758
16669909189.557219
14004866996.238684
12794235049.489578
21758929350.089355
38900258490.8216
20631361698.727432
13468476860.528574
18378866740.125
25684416270.815357
14489484859.77251
16548560224.831015
29173314587.457073
14661493736.644512
13416276492.10384
5305062428.609198
20303843459.074768
29238010176.18602
18880929098.075527
15182691533.769754
21397416238.54222
13997818335.090296
11730975328.523449
12185437883.440145
23020451634.57441
31721352980.746468
24080430414.73601
13881968886.424631
14300113683.96455
19029002417.531826
15652641996.074745
20914398045.962795
11443597133.121113
10710277688.587315
41173768781.62191
13291846681.815838
9815404470.903198
33096726573.946022
7529118536.869842
13944414177.904093
14888301843.85445
8498434544.779124
8750085707.144814
74339225457.75056
31234717195.168907
12458501896.302536
77907865841.976
12462210112.78591
16545680717.40074
18692912934.04744
47649118883.82047
26129492565.18556
9008561233.090088
21822467820.624363
8994307468.431717
20762047610.39776
12464651984.280258
19195443511.30724
17671925778.205048
18853613378.730255
16615401384.261614
21865672707.81184
38727984165.52555
13488754547.41157
27876434362.034473
41146242879.83898
19668115963.733055
14332206868.78415
21915178630.771713
11627883146.232279
11669376222.139597
36412542807.43482
11492591277.253428
17985025832.213028
9209324356.26667
25169757326.63886
8374372648.630296
22130089762.499435
8587989513.587512
22006954410.659386
21358262235.39512
14455718728.022146
16966927497.04862
5965864111.360932
23896592211.758232
12992582762.276335
23047545473.24864
5242456309.17235
40807221140.67193
12430266339.581276
28355351801.088448
15937774277.128206
18420220508.57518
22809850302.074974
22782981486.053005
11143253643.10111
30254770009.215424
11672165185.798748
19090547116.85828
18921155784.1164
12569097212.363314
3336568807.1598644
14152295122.311037
9442717897.315395
13981100780.244722
8486001257.327246
6681749600.4021845
16150345979.871992
13214029157.304619
9734033530.672316
30215142516.32666
17814282441.413044
5029802640.978445
33196461273.117523
7630305688.920641
13129532507.379873
20344888693.538548
10198163848.850107
22607661669.18252
39521620628.87047
13365896179.542608
53943203281.30909
45612028823.57612
17171221364.749475
23850457478.26116
12185944744.948393
10897608540.287825
21833356872.536438
3080091595.052301
11697852388.941193
12789501636.480589
5070578785.029971
10579995692.016888
21078774175.690773
14206972452.803677
7392465417.004541
7296978293.3921995
12441494586.068691
9478661407.544443
17023254586.661352
6150886397.982815
12060759139.905602
13766647712.22479
8923672548.94252
13811777646.233574
14477810146.399782
6529056979.999146
8466825573.264588
7007311225.767205
11350234650.193487
19525509968.93104
16713987024.671202
33437687743.226776
34331169370.59303
10117688882.749424
14596151671.02392
32654114352.682335
13715350094.338963
7777503826.602832
30229046104.734837
22531403201.26727
9498231831.442595
5192610486.563297
14563268018.520132
4989341966.846772
23994501754.50159
14223458870.264898
2838023481.729232
14059021158.568043
12531136603.20669
3720358218.2300186
24968321737.513237
12529079147.718357
12029925167.63097
17058902147.118448
9524882367.78214
16643035960.334566
5762033408.490856
9719304264.636297
18131409782.19571
7321880756.533518
14192585097.241816
29434618894.76175
32161626240.175255
5399630377.277959
16106093397.677366
13862248359.485582
33056309616.867626
30386901674.092274
35024212273.48885
25391931712.819862
15448992141.47978
14974383261.694004
16896019250.224426
73091909766.37457
19493303410.314354
19387848766.138836
18707279609.594803
16596757351.930754
22708167559.63216
4768119242.327696
17617290845.651676
24504658863.7047
13353475953.650558
15363935444.635664
11748159422.6826
13605371275.751297
30397930675.962734
20303101756.605774
16367848997.700983
42909238363.689064
36277836176.21898
13765392710.739397
26250660912.341488
17981279882.977585
17414827076.556076
13767761524.581064
11823371622.715216
10095048108.26831
14493834064.99076
10072703958.587729
35120260616.057076
19531646814.55139
14877513282.131735
21361871087.831303
9900467537.94003
7571372804.704961
20810710292.485863
7949250542.435526
33162090062.77715
8777866370.955408
11524970904.774889
10036806052.675116
12775771403.602663
13210522309.83375
11916921182.782848
59424917441.038
8384453522.708559
11402064790.10916
25261136785.1813
21172242393.90576
28052773845.49263
18665592922.04407
32663392962.725487
40541736923.06985
31790889655.962788
33427477025.530773
10984333723.710278
16515795234.39012
11625275761.622011
9531250288.940582
22103133122.573433
10091737907.142971
8269797647.570455
8585289881.662884
26910514367.94201
24804231716.970493
6996146145.656564
5605124560.604274
12006750438.712503
20627108774.92586
14597960412.54715
8069276344.000015
14128538286.912975
11921319343.247955
8979332654.479141
39517432340.425705
16402961417.63005
8942251218.841
22437767096.764236
11544548067.373045
7752952407.515316
13196646897.906256
9995318782.652218
20838689104.554527
11483482024.563866
7390945213.387935
6221852365.039785
21619155848.295822
14322134125.8593
5644233673.883275
26661632928.359406
4325869282.23988
42528691871.78811
8279060809.832284
9911189291.456038
6648622381.740591
13405907443.732525
21989214871.623734
6908680649.557618
20180939140.607136
16203525005.324152
18965265660.705482
16033583082.997486
13717082006.047466
9201946826.694445
25198032244.40679
22583944983.68985
14702543590.488428
13448349882.336763
22275633529.368767
13099246255.298918
21720626563.76259
7562002086.191413
7806597702.524984
46251224914.20393
15066162671.34246
24326842628.116394
17893501745.896904
8623835193.602242
11836470828.825577
7187047352.162128
13123279934.276873
27543124371.62155
24001383156.95069
37065276640.623604
11368411874.64203
15384026779.018776
19837341216.50615
20413491357.73819
24821644462.261517
26103302382.737087
18015645815.74074
30606235996.017296
18655386679.423576
15438520444.609991
10272462661.233732
24896066286.151295
9444504152.642347
16548951603.269072
15205522906.705198
17011020810.846159
11777905767.217634
18237993202.04331
21785964081.851772
39088050118.3812
8219925423.941309
20300726205.764885
19501194130.55638
23647152803.209305
23124242968.68691
12789608398.745924
19061193249.309093
37840341181.66906
13818490031.54786
40347123264.92348
7159542657.640563
23678998872.5753
14436098291.7873
16945170481.397484
11810554258.654922
20590529983.553455
13949034029.012264
15268356648.942453
18561824620.873837
17971838689.959785
10014516418.139294
24218369407.75567
5631708217.166643
13448454649.006195
24066012764.600544
13844489342.049164
7242417252.986554
34365840121.54205
25333987071.58618
23863284248.893368
39442229849.77575
11979991066.598297
4744641103.410766
16890197937.619139
16557812971.44255
15477683512.967554
21617339837.305428
26547225594.15235
18590274611.207626
7500841553.24944
33866987192.725334
17588019009.2254
6461332463.576136
13062513700.361046
18553439528.032143
33021767752.185646
22287286157.163486
17987918161.029564
13136161618.44528
16355650089.046806
4300307061.170323
24989291289.27428
14113837627.790407
18740938242.187622
13592799835.95217
19073137739.37389
7800846835.878401
21981309649.471687
25613475958.649742
18972818299.606213
37515454810.24169
9785110684.852251
10776853606.516218
6231598903.711173
18162177580.449265
4220863150.776216
5060340197.258001
21705317169.130993
23042444091.775616
9655383794.917244
24635494636.50874
15121905322.852093
19347853722.93549
28663920788.692158
8191182023.369615
17103124923.783308
17454553277.057526
19084544665.025257
31409613852.709812
6475003716.113318
4567055618.681506
3888129140.9209385
7607226123.4396
3623737225.5824504
9852652329.096395
25803565799.947475
16567653990.196465
16170635502.945127
20350288115.60023
5147717114.874779
17281920126.594128
16187028262.647696
15324391871.871237
10069046488.514923
4517073405.251254
25052840581.04631
6889847003.593884
8601780877.712225
7226008728.219379
14219854643.425777
18498979678.186863
11671678892.885576
9702727728.716322
4951275585.3484
31417884160.284252
6176033626.375801
8110466740.1848135
13400962049.910376
9636691984.732351
20039273289.507343
19554153049.608475
14807822298.956312
21086223254.44964
20176144105.106445
15542074451.21355
4772245689.7045
18593408047.559265
16019578430.020512
12466099696.436684
16178396336.411406
19591066221.112488
6317371870.611477
12128629067.177925
10036682625.734255
8889711582.133976
18670327847.691666
6460295753.587371
6025906260.144193
20762836225.84728
7771916630.411977
5628531209.085878
18663837575.02601
8734136616.908766
44751548344.68447
9838546076.87546
11929668330.58797
13443289830.405542
11166953757.738688
14628106906.709179
14142450063.609264
11450724586.71909
15056542219.634474
7222348520.686744
18610537628.08121
11387476961.477098
11067150057.04074
24047454283.89432
15042680289.376657
10079392108.446745
26967039704.058826
16596832053.938854
12350856795.083778
17565185908.675304
20409098125.2952
11634329697.890228
24261851686.86635
11140592909.369646
16691407214.10939
21300788562.319084
5232572893.871579
20479099382.12198
8265822854.456158
9953625787.574596
16181205454.778221
14285671509.22041
20244174005.393913
7738298570.99731
8272858833.895135
38517164819.9227
7283766374.624445
3456693163.921535
24431398721.6519
19833416457.368507
9278585521.211746
16710972019.968126
18071659263.67841
12362307466.621172
18336390530.565502
10033321053.0103
9108531758.625526
15285379526.145721
23699147319.88354
27616338052.53657
13937182778.79921
11173939176.746738
26642858953.995934
22022277552.311405
13627713789.88905
12966322528.862774
27703589852.332905
13108801444.211117
10702097656.14932
23658608440.6918
10663637775.895285
59792217664.23754
13011020463.60918
22393477649.206352
11509693364.052706
23337648710.585815
22530497397.286003
36829538473.67817
25143631051.15866
43370499274.84159
15239693523.885334
11056197067.954447
18660221393.876076
14266185544.188988
16286466817.650892
32462935352.234688
30413471749.876656
20447318480.601288
16011750646.710653
13575327581.791395
26016512021.09947
18973459074.197536
16237975603.891777
11948157814.490374
14499334083.342718
23724685861.730885
24154286531.301823
28429255323.18626
29736508636.061134
12046800124.596268
23996343198.320717
11224138846.203135
24734593143.52462
11857913016.838037
11857372557.22305
29906526809.714043
17150827096.841663
31536407856.014492
17185502854.630615
9119982148.477026
18273041139.636517
13152581043.961163
35945078841.833275
23371626270.885376
26415756949.215336
27608175197.84034
21767756205.812595
54848116933.15171
16059150770.03599
24396942877.26344
7902403837.549035
37898238456.42887
11713473493.3877
4650755692.586192
13971091583.004673
15532654015.424528
8170264160.506935
10682901244.826632
7303726109.105187
12359274717.482187
8147641996.722066
21307915577.36536
15176829418.436506
5280675578.648932
13275826189.53259
10199471406.590282
11870500213.752474
13831571122.930494
15218095731.390974
26946864161.98997
9046309298.240845
6824037769.302333
16495765604.810446
10322340473.94542
21051539452.604492
9708112142.79632
27103663939.957184
12484943415.908972
20556097385.620926
17167385218.695063
8963994643.345032
21141055442.943176
11780875122.81443
4232386449.4718337
20342440029.007637
15426173553.054657
20616267179.96739
25158815029.92014
17875527452.1831
20178404608.567696
13029262969.517933
13777388891.79726
28621179197.077435
8048431307.6640415
19973679308.690193
27674754117.069344
16760648874.390408
9542394869.65239
13588160162.896603
15037160278.055454
6606116525.630284
5728370438.786071
8323471444.95691
64867983167.7561
25896090286.001736
9993361550.034422
30929775322.24522
10881343481.977325
9535351008.274149
11147049527.418186
17447084698.423397
10651164031.101587
14851343562.621866
14375353872.822376
14751493193.0494
14155243775.060234
41228956956.73438
16397365743.593525
21262833125.21645
25105882445.55535
20560467294.160038
13085833329.723427
8899668787.230669
15923552175.336962
9727645586.554226
26147126160.720802
12860095901.25632
13303451074.037384
28885769695.019234
12789649917.426872
10333206507.068481
23439941179.87102
14788184162.33957
21226531012.15405
24609559539.774776
7215324040.632134
12333322800.442188
9000646697.120333
12022674587.219671
15921960934.4464
22009563290.21707
18876089838.488537
9832331154.18129
21532394925.105057
15100419419.276485
19484582165.10871
16445698445.947943
11847521348.254114
40119506151.85768
26939306094.521797
9250609769.019066
8831890431.392845
21514844242.07542
31115896328.80763
32183317264.19141
13332379422.948635
12097301295.541641
9329599769.605057
27950825552.340958
8661562675.862144
8656156036.561941
10492603467.416494
10272014227.117159
14510455460.050516
25088405949.751865
21593490672.849033
14169100347.424145
40644135462.56308
27698584776.93333
19090394479.70597
23929649104.980022
24521037839.356274
15701501082.317856
9542399676.788658
25881359598.435104
15193423394.619045
9014342328.908255
15165453486.004972
13143921452.390665
22638565121.135887
6605168779.988639
9802219690.336334
26918581760.642105
15652911151.86357
8436384576.419456
14749915773.404633
31404249648.83978
12371435989.007835
9078885685.801712
25929692037.680923
5793369953.264423
6891887832.0625515
8912486191.07159
26973462236.86983
15615257159.809145
28210051180.879173
9187019065.62849
11978463223.827108
8966946582.428267
8522658166.094334
7280473050.683489
17392050682.696354
9232329447.657509
6862899628.4218855
13559227932.595247
9631667464.151106
20056820770.02967
14168628782.269947
13677375001.801437
27444799666.879086
43537600498.64541
24800104009.319763
7853587354.395547
15479157548.785646
11345575151.520636
3621031283.4782467
25392532875.807987
17222925944.9737
9052063983.15048
19697195558.234062
7839751159.809162
14888842303.98861
24813412352.23452
11320884079.186161
19171772725.71924
10874688355.65827
17469450474.096157
15857553898.760717
20361345675.42218
12095110143.894247
25154515936.630566
13440788036.797115
18930300184.04273
4726012708.611239
10951741781.639381
23967260270.354847
20443129833.40264
22518867259.057106
5184799538.001807
7731813566.504521
10914799552.33068
29688798039.403812
15097762619.680359
15724370182.018223
47297237136.01152
15156511789.506386
12399425153.385693
10180953868.235239
18103217366.1995
8275859258.527136
20118906839.446033
11352193173.778616
7455927484.634644
7679362003.2749195
8624804800.913078
26108987737.986538
32640523541.839428
32914645753.821815
19363630257.76886
18338440728.36287
14751657963.276575
23126469298.504288
34690929019.520355
20603674009.62328
4641189837.01038
25387182198.51461
7791262821.974212
8567958167.995887
27098780510.555798
17375183742.10986
3399805252.690308
13292752459.057886
13091835268.321514
6281921338.0250225
5812043126.332383
3380311739.750254
28390155303.269703
18903653942.305767
17766981064.818184
28884372076.609776
9847575186.442652
18003573921.65313
7498921926.707841
5436409569.446459
17746073722.59827
13277907056.176907
6908271708.687563
19656407182.940838
16546412418.290735
10100806533.649557
12209939737.06255
10613509909.529425
25038124436.4363
17987928109.362698
17873602912.371998
7953013824.636508
12539170688.912935
28034185421.068462
11518944765.758667
7230428788.385858
29799447690.68357
15673567754.121681
21515183038.782055
7508764582.528113
12504441280.495047
6185826746.34414
33348209315.49908
10296558646.839064
24440127902.65892
12565615602.059025
6048348852.74633
24552376567.148426
16993734139.259806
15847694462.577465
41868473206.02626
17664862269.706486
33311589598.27636
26438068456.71566
4471445914.886536
21295260858.347843
18910017990.90753
22979974116.232487
13537797624.882128
23828183512.811924
15204104324.259047
20053201331.629303
13172356003.337887
13664627611.95739
22394963750.902267
5436221292.134623
16338221709.976685
29259479360.19089
22982957682.053516
28590667237.516277
14943159076.323189
36248732738.73241
11129796912.10817
15622655492.06304
26130049200.33604
19453472507.474846
8707302664.350073
9857927264.31181
42090451683.67883
20140513537.869884
9849766466.390497
11405417027.979107
12310325560.56262
13916087311.449762
8534669098.372769
20908275709.796017
17005389149.5279
18024244837.104576
7516680801.075881
8778084451.001062
19149737803.375946
29825074796.56106
20361728533.054607
23521898867.96886
20201301025.342033
6984924804.520228
7350055733.389149
10735284129.404114
7567585617.412749
11759370126.00845
5967681662.431655
6676701000.218293
23217854487.924606
5733920518.649271
24122542806.578873
12617350312.787981
25300371415.93175
21276926356.91301
19557934182.91886
14769504880.53713
24842298389.906296
9431896403.173628
10607381283.078571
23182049940.62366
14583669888.820297
11829622101.429052
9426503201.619333
17150181917.028463
13211851032.248377
10679708975.760597
20951579952.585102
63416084771.6857
24752089265.41501
9758216890.923836
8646943396.10182
13799588122.316534
31489279867.50626
14883514071.189974
28188533054.35075
24833419793.071823
26286853807.483223
26418913607.371895
10856986911.411808
24974480212.33081
5465744591.458597
22846713871.798546
6809307960.106762
7094870475.241077
11771079394.175604
15079615598.731014
11962545012.433962
12823411211.874674
30924781461.898113
19300080730.21237
25356553781.37891
18104489259.27452
4014829578.332451
27350011517.50432
5035529107.678963
6681258257.28477
22945286303.634907
7540675396.216389
12651202268.458033
14666048679.629591
14172056187.148626
16080744022.401442
20174616465.733902
6353401302.33388
7220536444.253655
9946981088.317451
7551599148.602378
4521096924.738261
22082082043.57246
17302837365.939102
37484423034.14356
16876851856.046314
21280994465.27372
13669631399.186213
16091131294.9095
14292736709.949566
42511615873.618805
16046043335.478025
26844184289.733406
40566468532.838425
23590477821.0935
12339358106.224724
22833681928.547432
26398924061.00627
17158841871.745316
19478114672.31136
92060319378.38492
5999678478.428803
7709659317.870271
12873453211.419489
19815520401.56643
20831297079.765244
16999069667.867865
10603210004.030064
10133359576.547344
14820759226.336401
6112614853.075221
7780689308.814962
18324538634.412487
26293093706.330208
25132631946.931683
22482659946.524597
20769527166.940327
40470730597.37975
10293092877.042055
6622348052.384563
9337408462.35477
12339420597.89645
2515226479.888229
17618222238.06204
30551416311.8477
22142510323.5387
20857605537.804295
20019307392.47662
7155031364.228285
23673343510.859417
40982589809.12897
5165030658.14214
16509150202.795935
5249526599.988091
14217168762.025352
5311839983.467604
35879346488.886734
45194623593.71796
7329896622.132234
22979207798.898735
7871363949.190584
15305346040.931107
21757707099.238747
23247430349.02382
21344292482.783707
19939790708.32466
29896009919.87274
25497568112.501488
21590629959.11108
8718519716.62132
7805660857.352162
17908505833.13721
14412243221.519299
8952515831.196993
14975687644.305542
29949263688.350018
8473886668.981643
28521343625.401134
6259554176.008883
6032227034.286364
26546427815.241745
18160742910.850666
7914569892.898074
33054746679.798218
18126332193.461716
6239455458.8538065
8653908454.704567
9450957679.457321
14702026439.20596
18624165085.56063
12197524823.3082
6758050207.268555
39903280461.16088
24127020549.81779
12634268921.486803
8478219404.482707
10436759688.23752
8380776381.937021
66663546002.81373
23684459954.813274
8900555877.290958
27715512051.697575
8627925203.64974
7270470488.530158
16277909601.35615
27493172170.720924
8870511289.64181
14567502903.906633
6788868479.745981
8043654711.0414715
16685062781.781553
12918236948.13983
4036892365.2505684
36103601590.93008
16297418472.066538
13735942731.611567
18391476162.122276
17626659847.687843
14757999671.443113
16232761050.172087
13760164748.922995
18131960002.89012
36897941322.014626
11937946381.673998
12892139831.088009
18894979317.32371
21960175497.93431
13167889649.692541
16246524576.601046
22688899067.23805
14374676368.746973
12291940385.4425
17302674410.499508
14760786332.327734
23398636837.314636
33875620838.253258
7914166672.843739
14478849206.575844
3954724560.29884
17534173726.31753
8567293054.422709
11841676021.897892
6826897318.80537
12545213474.833267
7734498680.244116
9973481281.997742
11735396488.08062
10235113806.398542
6505608746.631386
12570005962.867966
7497163559.884676
17957910278.066196
16379851812.256012
3993827809.409326
22742006258.738728
17026736079.765179
10385967683.105547
16392097919.18444
12340633094.824224
14891166668.588255
30964020055.325375
10762344408.303772
14195815625.081871
8340659797.706818
46671613831.97856
14824764111.59131
19291861996.204407
29398157739.93723
14951269575.747705
45715356592.10291
63100777695.86863
32697779894.903294
4112351341.71077
30078137714.765957
8823833273.194956
8342560271.401539
9916359125.107204
20709938123.2389
7104640548.577576
10666166244.750093
25188886781.598976
8796651674.401155
24967687607.443375
14538848642.876993
12309656615.35334
8724595646.80507
14854580918.286936
29499445762.74016
10485430575.086113
15909871801.458313
8737247026.39636
15914403653.248598
18664096261.08602
11211090080.90767
21245886217.6118
23969360121.334606
12832737850.822308
12421345249.748764
10862949036.095444
24453517645.727108
15763809827.894173
35260819777.40809
13830160120.118265
9151623722.11448
7033142820.010192
16247443622.713158
8724021739.176052
13860253084.823484
30598666053.457943
12440419319.865427
20204882689.88451
29992622110.99577
24797607768.83815
20532454445.75825
9449472351.95494
25406879559.23316
5698574583.898743
8606094302.723137
24762775510.57941
8916442074.765455
7920404279.544203
6408726722.929378
13782989609.942205
7259298143.586371
10117716528.887974
16197979413.16145
12874513222.837864
10254355443.55125
45777902815.11653
12266284310.229942
34757725616.7998
14303323373.689648
30942207636.709045
24045426092.590996
19467812606.160606
23008516185.215942
30731406488.84939
23226227266.355347
9052627250.285645
13056570019.446281
8991556258.100962
13221716993.603487
11505483563.69579
18338577010.866413
10648135039.046852
26524637722.60199
32721794483.227703
19126680778.965626
19913176039.02685
12451635010.491358
20950733187.523766
15498753129.054585
5895797334.701359
24030771325.33183
15221268717.63961
21627762623.74232
11488258523.975014
8374956195.419254
20355655446.840862
13610881082.750246
14647848011.562868
4518491703.260677
17805231330.8441
22509226208.788025
30294613169.101677
20316008915.045242
7249480198.204805
17411150642.649734
15136858771.8656
22868461448.975777
27798597688.201363
26660454016.95306
10541126228.264452
17409214304.07259
18064607905.045887
5700356421.034598
14634289928.157104
17003103268.619709
7184734698.823783
15186148114.20486
6853356250.3496
9108448732.149866
19441236463.098698
6413644313.415176
6084495135.396279
26297356597.865845
16091085908.463049
11320602631.912327
34736576090.43034
22039363707.09489
14799244762.375502
4338323786.776525
12344607968.42825
7539406961.671381
4878229733.173379
8449846445.433419
26754038565.060627
7973859557.585875
10776049063.033175
8308259970.07013
12470951444.732918
25648796590.368107
10701016133.011919
11017819801.531582
20607656755.17865
12204906063.958105
15270593122.528921
16731677930.941645
22653144675.833702
20458116351.5873
19517337913.14047
5200942166.373383
23868634320.589596
17661942899.23494
32535305834.62497
31563309045.31709
9091012719.424765
18421610337.962982
13229820173.8816
11525880187.384277
5117513360.559989
3200422251.050895
7838929000.049249
6607042267.614217
5218324539.153704
6105091323.791454
21528065347.10903
19369841531.21763
6200614631.823994
13000667904.675535
7861339934.311228
20578934440.946777
16385823905.354256
31339474792.222687
11748429161.987429
14426799316.639246
15991217745.909037
40763960277.69815
6991056820.956041
13129516186.40722
12833577309.766222
43968492948.98186
12215679711.095118
39213182704.29842
25674513342.357536
9165420868.059132
14221551233.640223
23239541354.720745
28158306289.95997
16964455666.051031
23079572625.55886
11264071125.689463
18752120844.850964
7055039820.816723
12557990956.936644
5878788215.145144
21264438553.621628
18123565631.248177
9076590864.311255
4901853221.195368
10479607840.925402
9870930706.656673
13655855372.52217
16126590236.515862
11386301723.900177
19257802399.571056
13519694971.296988
26585959276.957985
10688605432.071026
9522735364.25502
18115201073.00317
28542339387.615894
25215280820.520664
11079635402.533619
12026366763.14736
14804483809.545559
5602202825.526863
13132507961.483198
12619156623.041523
8793543871.396852
32384184194.382755
11071148981.2773
33864785178.297943
27945040019.30237
31668799976.00839
32537952522.517612
15293646393.578026
9044929479.14646
13394203612.957302
10481442987.345798
7562561389.400981
17033370155.61182
5003102405.632302
4871629329.215301
9650398722.63989
9095848969.809568
8452666566.193719
3276297476.095095
13753701459.784813
19839662606.991722
17106739933.139326
13980331385.77984
12235084124.77776
31321630895.182377
13243137563.139915
11572246104.348433
7798160063.439483
17274207613.575344
24140589607.570774
43236283591.07476
4395252140.119118
14223734713.597513
17319602701.878345
15907683316.884928
19761900104.42965
46890587735.2017
37706034626.505264
17617636683.28782
8894696578.861153
25942868271.4952
7473872516.411222
6174794095.73417
16960565181.836569
19507221789.39919
10695233513.772314
12392528579.228914
27639234365.27939
13906378032.78761
20526924151.608765
20839282754.949936
18438278534.392002
12614649473.340847
21199233952.4095
22193997415.087303
14078481038.122705
13143713534.637516
5872670156.964603
11463388010.480562
5657649744.418941
6372927469.852393
7151506729.906524
28130740948.347572
20180045516.938606
31148994051.54054
10196883939.004976
26863853575.0296
15716704627.477915
10050548619.391193
15645989813.70252
20793780104.718285
15474801345.610603
8243195466.4993725
15478021439.116243
9114161056.781977
34829876109.672516
28214504434.27215
15144055719.066465
16640491151.01436
35137024284.907074
9521100322.728708
19303608939.80741
20027186049.987553
17539228577.204514
52838512394.03032
14404444651.980978
13747174403.60602
9416603188.52509
17841129843.175026
18214924936.694714
14553642449.166306
13780885519.723612
6351516223.934919
6844185466.423504
4192228337.933303
4209670302.8283825
5091636076.989954
10309955793.273594
10689900385.379513
11136393104.610043
10625141921.54933
19867118512.108036
31494356837.86787
7728819490.489918
21299600294.31757
26256636584.538456
16878549410.40826
32206308830.99259
44233216810.22409
14002710578.756472
6333396531.011201
14511524261.972069
29922169513.42378
6578544666.6130905
17366243892.277676
15452811561.603622
9310011476.826092
11704168402.88328
10786560585.21119
8654538120.796461
21538493901.074688
13644594102.104242
13008839852.10993
29286246502.363533
14057847191.52019
3248287144.723438
13242334367.708054
11159225960.697065
23769536597.562683
20649876108.774746
28147250375.213768
17615234199.827732
23169655439.90805
2252447203.846753
7392534190.139744
27919735921.37711
13509127221.184452
10874718392.515251
6757748236.057266
11147108565.67236
10893282923.017971
10390874440.399582
9644439132.850824
18399667137.334213
27069755015.876938
4869324597.368766
14662553263.82349
22087119391.4674
9839119703.935032
15679101353.56437
5802195607.192132
16642128348.927761
11745564608.12892
21828476204.280037
22687086991.878826
6171272521.770584
18783834401.57794
20234765873.159355
18647246438.353004
28529167183.368507
11197815322.342522
11756684266.01704
30778366961.03755
21501404185.629417
20094968485.469498
26915922906.539806
40087080604.681114
16092521373.647793
43536387853.14354
37707367571.20611
7232591139.804018
23125456278.20574
9551172215.901731
14962718701.811085
15636633730.905796
39112817477.7126
35353399373.26633
6463176440.454788
28797791691.645977
7681159011.672087
11931471738.69185
21289555931.632687
18340802528.6799
6281736177.1877365
12080840597.12549
25760902993.822083
10233407335.407919
16004926536.734959
15952630496.57859
18007404651.324024
10340647470.722258
13915172877.782274
41999469333.24166
16298175672.77931
23499029360.374245
14807155369.07469
9594431705.41793
16035534242.466234
37204295495.74307
3968062271.503687
10618557414.81062
11572661644.013462
21711904968.32108
12378747718.002863
11603389626.870953
12660467610.645184
17970760033.636776
20418804897.733376
30715938725.85303
7153097056.048561
16082049234.669168
13211110427.136057
5865550574.727949
32200039854.33971
7831481955.541398
15551240059.713078
26806772760.383812
24131359326.437473
14848346412.413084
16604600798.634085
36089481123.70225
18121388011.783577
22278141263.486095
26908147092.749645
13064603182.900381
26092272656.875637
17662922115.6422
30679349809.53382
15612730590.041489
21660097968.63088
12440302031.377224
15246290495.583342
23027484417.89891
13235089721.099615
35484207033.33903
8279430747.037195
24790157324.30965
13170783831.417463
23963648676.970695
17547070462.05619
10600888983.74861
29544111281.21762
19400326953.147808
7508182889.275766
50913881527.60645
8678490652.003057
8043040365.111914
17614573031.616703
50377165224.6509
10450823830.84142
16015649679.092228
26246136127.456833
20114050050.66571
21347050273.56795
12174718124.070148
18690294369.800972
23228033002.865353
13640401680.149084
18146537740.051064
6278616685.547106
5180368292.581407
3190081860.211408
2435369715.3399286
8927602291.684725
11296399615.076
26932723543.028122
31319207942.24755
6674654541.585013
19449025615.405067
10298435275.310665
8239655697.833572
4765024727.151851
11801026400.469448
13708393124.899612
18640894145.378174
8595391140.255308
6285332088.408307
13501830117.949127
12605350456.91826
17038566711.921791
10993850620.28553
17883350750.93703
4526030405.028234
17809382783.36628
21548094044.265106
14517908866.083447
20421456199.246906
15036958141.6476
9229838756.063946
6146855659.4579525
15394329315.109015
28863046960.750015
15207659964.161816
5214531251.289428
13281015173.071869
14741633553.44992
9851508225.065102
13121631382.501183
14607481634.135723
8716600330.012562
8035530501.114105
19436569707.004692
8225332224.984351
20825775427.604324
23966437705.62325
15437540745.878906
24405112772.656937
19502606594.148087
11124276452.596527
31572578455.71242
18189815521.79409
36949091207.2413
22394736180.43278
36566082033.26928
10207092958.998228
29123376986.777016
12678617165.62681
21837768580.246742
12170101829.21871
20435902370.94309
14134146402.926903
14120442351.224157
17714504623.41701
8455684390.685667
17431333681.983288
14956537315.58426
19026741269.991135
23156003312.237198
16014822532.601624
34102557340.639328
15127954031.497335
5416949796.664976
11753156629.376036
4774172650.014809
3575381002.281708
3757865119.1182065
5066034091.879232
24444042088.414013
18173461459.80576
7403944291.527649
11133078129.708845
10653001728.890255
10658025313.567905
17316220290.69712
19589135721.451126
11402560896.146603
8741572790.866667
10321596202.555145
7663223731.512968
7557839111.692258
11982563581.241554
12348706930.296028
17432962919.60731
14163908632.39443
17468622398.993362
47126902707.671875
13425572313.875296
7034486881.479904
17120898997.356186
22726547995.262867
11650854399.82213
7829817739.273035
10141823917.802893
17388075706.789673
9685824908.34498
5280782286.796941
13027230566.950964
7521447192.92923
19876314132.129013
32410635364.430065
11806101622.391314
7945808851.624304
11773620111.867414
15649592946.532902
22627015773.24251
9562876499.180384
19613832961.89316
37594723081.960686
14686344519.1988
19079444684.15102
15160442321.468044
29344269171.00609
21490378926.254925
15037676772.58591
18324260329.870914
17600860702.456207
14846595489.549335
14980032866.406431
20254873468.620625
21888186751.662003
21244748202.814083
16784718407.540192
17381852220.52229
12748054450.089329
11421911923.030544
5935661035.188066
7947278765.395662
7159177514.59144
19839902103.519726
5757069898.922601
15723492975.599606
6323564708.384399
14159179688.153725
10878751719.566914
34284281366.45311
14677440089.186455
19947951334.798843
10150788637.233498
17120365928.851967
30287523074.224815
4496929897.355474
10165430125.276276
5129892230.053009
16679105264.09731
16921095304.865675
18759418059.525623
9971460563.491568
26546472640.143696
7914246572.752543
27986679048.152508
23881644112.746395
12577521611.786102
13347522204.493805
27094347595.484497
7193858660.981507
23842325241.36702
19725836738.95416
10381786521.921318
13341199429.46582
29621821206.949154
23420306564.417652
12378392128.741138
13830933528.922705
35371444398.45899
15201096717.026608
8094108677.0282345
9651262533.394716
14598062143.062931
50905860073.60482
11078176564.946394
11948067236.39255
22304942730.0102
25805372541.930798
12652476871.369274
16325020137.344248
11516980113.599997
17332828333.679016
14717630899.645874
17721343463.45428
11771851950.99447
15216484418.934162
11446612280.519224
19959218988.501274
30914826785.487537
20485085322.807808
10338356167.041216
16927837268.293283
15027100543.30555
4892606323.744137
18640857173.521294
15053151894.796291
26376505516.28556
16346590769.114094
7612751260.725688
7878539270.007752
26025874093.24085
8234246692.936616
14641688751.211288
9181532527.164608
23028675270.15384
26108473526.55883
5764083007.530346
45960960866.49301
9796141755.971014
12611088638.667936
23182889806.650364
14758988054.479313
8071086741.775256
27415171600.572655
16080438011.006311
29869470928.58426
19363638818.13977
14979972608.573269
24590040453.224728
11008073252.568329
9776422939.234919
23660042936.18031
6656945303.555072
4690616145.49306
14715907513.244816
25303095133.62966
13722621172.429064
8178479925.498124
20214033506.346134
20318658830.75556
10100603139.17165
14413332828.683304
6771457088.608513
14937067210.160889
11703197148.08255
5332429659.32387
19547673171.33307
14592742395.786903
24407381087.45254
24734337448.4716
19558169997.071533
14918272919.910831
11200887618.349886
27159537546.657185
9782783840.339628
25239042087.867744
9405501852.946295
9822647979.62939
13685664032.226004
11128521360.123344
27278727007.77164
19575457707.285683
4954254517.204495
11955466377.854053
6828960263.751931
4762604658.271925
15316278646.26755
4784522451.650334
63344260187.20016
21688580755.1697
11604930091.485435
32186549773.60802
7010408628.421533
8660151016.602755
12878477746.363626
27063626326.737373
47329519386.59122
12544798771.137093
10900182473.900356
15977575991.118877
31381476789.856007
17908070022.592773
15590690046.77113
26310688375.12395
36237653813.538826
14521545398.397856
15815306845.018879
52110577872.38629
21215121666.13966
15768391667.645807
16110967810.555273
15529612246.018333
12448290274.596058
43128480218.54053
22441505347.073547
11616570987.372114
28026694485.019806
15295823635.548407
9006832471.558052
9004865893.260866
15930004813.33646
9002148512.387177
28037630223.326443
18146979736.181942
11867135995.829693
19645690009.08389
6154395194.940702
31520154777.634666
3972481156.854657
4037467903.1161914
13655738438.756319
6714366346.354855
12840670410.687574
8395378177.042214
55015400355.572105
20041443496.431255
29867581647.23847
50543551160.71544
13670863081.887308
20423903770.35486
8493508484.324269
7124832111.345668
18342394160.502647
8463080200.197899
8664322075.65204
17415313536.619156
23771596526.382572
24654988587.340397
11775570221.330032
40865176299.262596
36773515621.74637
7138938643.387699
8260766976.007514
18323690023.60546
14219352366.849571
10443543769.529638
26604735592.83065
10027476764.339806
9533117870.412676
7577106498.280961
10127508069.695417
16510185628.39381
21236622656.369007
22231564598.851887
11129711835.299292
19099978659.013485
8316541059.235934
11780494986.904747
18029178246.687206
14025113175.475113
7537669893.320178
15262135743.331234
24818925604.793056
19256278469.07276
16956843140.32806
31600719074.318558
45863086074.00298
16084133369.343307
51821131932.32492
13372536496.424505
8555326889.438511
26443673575.76838
9847956305.957354
18169359554.50086
4967159430.192018
11627490442.751978
15591184839.67238
13540287368.66588
14715981395.96311
16078867604.99206
11333338430.422808
14200234901.554966
7893348294.654418
24220513103.405365
4980356912.812835
24101407008.24572
4063253752.6822085
23353063789.242317
13413079435.679287
10083413787.297401
27822702334.91107
8294703672.819225
11961169553.649652
10201387697.342512
23459541994.46958
20087954818.63509
21345370330.51593
12579285465.46649
12875082954.75345
32556511696.72953
24847987764.91518
19088647007.637856
21529749848.993122
17188004038.62129
8546042154.410008
18104379003.358707
10326070506.648836
9649460279.009657
16382848891.35975
8138842739.433044
26580465250.014458
30744118357.27996
9067538797.86557
52132487300.29126
10880337282.360502
5714563170.36817
26675853701.891617
17998716254.308937
36970052403.88366
26727452251.519394
30047314822.143208
15718092394.34209
10749327843.509218
8565312034.191917
25850033066.360664
17960935575.259525
22784327587.920277
13345494420.781479
6260835958.184856
24252885213.892365
8036205258.784189
3822113475.916388
11830305720.100313
13760875879.99048
19658473547.46893
8495994377.78648
21812894805.56343
14082235694.622793
5222007207.564997
18470819375.87278
23939166490.68813
14040616128.779142
13800532576.33248
14906516748.969591
15560818320.500864
23539644686.722805
24868354230.960224
9216466786.00943
12186660489.464064
21858599391.974407
12887421038.372498
5520006903.89914
8479631820.284608
7561650136.007712
20706193570.335354
17532380020.857735
8686299451.443432
19958329829.582428
4705115576.706851
14451243398.82296
16749493097.13334
14476296430.189594
21437255248.316647
27261695754.100048
13225359819.811375
7623140528.648281
20120628470.169754
6902689211.509981
7774175108.798261
20874573745.274754
18755383478.293175
12071671673.306374
17420342788.445396
14368838391.26878
16729872036.577433
21168717699.474564
27109394580.76655
24761430027.07059
12606851929.701395
21646634470.46529
20097681104.474873
17711308236.29029
32015592833.03818
12008993335.262676
8623336713.077793
23044847099.714382
9240747433.70178
12475951012.442347
24516416408.913628
11065105469.113483
15433378188.909246
20472223900.259033
12601586285.270319
18767359159.606266
11473484973.012093
17538656939.043312
9828116080.978743
18868997980.85838
17376262843.633797
20239825962.2805
10328728053.785423
12174550053.49148
14511448157.709518
24375580749.574646
12168819466.625366
21607524650.134995
26740959553.646927
13976393385.437614
18576791264.680683
33903577275.225826
27758554874.60011
14204391703.353262
14444697479.86165
30560868849.197742
25494857730.39844
24101246156.355545
28581923387.045864
28130643583.721836
20519606878.529125
15383031327.68448
23048798072.082474
11564751819.594103
16941856378.6115
16913163627.2082
12822662420.668737
11076366282.724215
12455770855.65771
11052441734.490475
5570684743.448037
11214348666.215784
23864731222.17153
18445323761.083397
24899542941.10906
16881655008.87171
17449716260.265408
18233599827.732292
19242798844.641605
10400609126.505322
27154121124.11937
23044124158.012287
26307254719.59831
16393613234.674934
11598310161.064264
20709527447.15913
11094824740.241074
15853046864.373041
18472056044.082245
35987523079.52482
21372712660.134327
18833362833.267574
54924870340.72777
13410112711.814013
9960197541.268211
14811763598.418179
52312192848.132965
20439216409.401913
19156919410.31057
24579875961.84313
7246555050.22226
8589236201.776639
29150112792.13614
44487319940.70351
8921373528.07649
26865408310.27912
13315038940.467117
8535936205.641556
22976525412.783344
19499525079.822105
14556112454.589478
9558899116.8803
31043995767.06541
17552885138.241684
33923511754.06651
16566862009.704525
7705369361.496131
24253368002.920746
11923679257.221138
8696152128.90243
7738451041.998783
11512397769.712824
10406212672.07721
8893305720.502033
14238192208.539812
18692378507.852703
11776461591.831614
21157011113.793945
13619649676.290379
15669903539.494411
14760873365.082981
3620778169.867966
16857437576.444706
14437229547.50577
12895004623.339115
16701987499.099234
7584438560.222977
26163073265.840935
13898074257.32045
13322469526.65676
11668443770.511948
21025150507.69962
23053248406.054005
20316966133.641735
25591769358.930454
10961893157.700012
9790562180.847902
17242312684.89669
15267653573.97051
21956017046.437817
19554287296.01828
19322351271.06897
29745518465.493916
11351730421.133604
7974464702.36506
24477156034.812088
9651152549.536068
16077752447.03203
32850341670.513374
19793431856.08279
16177757689.315807
23065876684.341686
23273863397.863457
20103528470.218742
9907263233.055368
19108675234.58015
34018856876.23462
18353056762.10163
11531278735.381615
12114911507.997953
7329472756.213536
11878493771.035082
20232082694.76201
9165324392.287188
12106640984.078537
5775314223.90337
27118444761.448975
14500204568.78438
17520535050.908993
4899343367.567566
11557707862.077753
3652814456.322778
7036135305.586641
6060183639.74738
2307737838.1869383
7275085305.826761
11131615965.991455
20771791983.533367
10524871187.987236
8959222394.650127
9748838613.410414
7442168059.195726
17343787464.579834
13672519297.407675
15926334346.542427
23027059028.49056
17325766564.31255
8613788781.037962
16563310209.180784
13164248197.33909
11422790638.97487
12274301253.881449
13157142754.916395
19793465230.634163
19271948084.865395
8580318125.4419155
16582855688.55154
9232852052.086905
10418142801.18221
6510682228.52301
12795936724.846262
10628472163.36233
32272291437.255203
24012190586.658092
12795353512.01396
23105752240.737785
15721783774.957785
14677906058.218388
18541433734.581898
12801445492.67731
12119233010.105267
3572309138.2486925
7943140195.357998
30132547369.05968
8134894502.795729
24722106472.226025
10550661499.046396
6291703079.166095
29539337618.980816
22431770768.5048
12302815867.94373
9773279048.519287
43023058458.9189
11378705321.655277
18466951738.23826
65549539423.72582
21636749162.382812
9820474636.595587
21394867738.614513
11419035135.152922
23238122631.433514
13168491255.29687
16590383180.17292
20812217243.42869
7829676254.358837
32151163797.783527
9980675924.83983
25711300888.06378
13586892974.852533
22714244384.42233
9786880853.71338
29992516467.186943
27423905101.335934
13628535102.690569
23617466984.58929
14423767775.166178
23505224837.384426
9095543860.120459
31526865798.036377
12165979820.314373
19640800165.513218
15736641937.964277
18632949928.398357
26569048824.100243
5157480910.997667
13259220348.194645
17943124679.03939
10574984129.732065
11995144239.37899
5171118242.374638
19374990232.500843
11318875173.88586
16037557979.880548
26389236863.831417
20966751440.834892
21862917134.05111
15011965085.481531
9609448342.893744
15351393582.445948
7209221834.125569
12783965497.690863
11427988187.251427
5144370393.946962
27565015017.125153
13694626551.338974
16839563963.84798
26542681241.431236
31830607534.648262
21867039053.55254
9460957895.797579
12468885596.583002
16136287634.18976
8146429262.141551
7229447636.262239
17993121864.051323
8039259146.041938
32528530025.09121
22249533851.91752
15165650241.35975
20888322608.467655
24475593262.78617
13630318688.603472
29105155696.785843
11521194493.02406
15447038707.926548
16876276349.465446
31424258372.22079
9235965733.210587
16417636518.009413
17506620353.15337
5880445882.375915
30383670008.183968
13611897520.47853
17126544394.144503
23588635012.140644
12691687994.540157
9084440109.233389
38522215475.8062
15759916598.352098
13342527666.526968
23463005732.54862
6957625050.215868
11661816612.740828
31578726530.90481
9508964198.928314
16836898836.64229
3637984548.5162444
6093136690.913489
11204473112.592524
10034094218.841166
10203389518.672918
9999038584.375572
21442031165.32805
15835106110.71124
9939021584.396736
23023953397.74331
8751522581.552776
29911017640.326164
13575624419.334896
8810963255.874372
14752520840.363997
8828982693.676615
13704445822.508762
10014880523.126347
20384865510.2958
10756739609.946814
18128135856.363113
29839642206.82033
18517632471.682304
16094584131.283924
19859766673.156197
9333729421.951906
11243530503.047876
13152927040.055195
22115689530.919197
12031404958.447664
4353400516.68234
16913329648.552906
25128187923.017956
23993076485.085087
6150920139.907395
13117044173.750574
16206329273.656015
10319570958.610136
22250318947.202072
26306965972.58653
18830002296.3435
14017399971.545471
42255775342.690125
7845650826.29526
15798897306.863607
16773114209.314621
8754625994.202854
14155677017.2335
21498869783.087727
24141366741.296886
14336300595.174013
31801624914.8812
27708981049.98627
6647819439.240485
30251960299.82613
23502536847.332996
23284383777.916435
26121864624.96493
36985095580.196075
10645266796.830553
7860685436.474385
22713778885.668198
8367676492.378174
11322371143.390764
20665253648.96353
9817581378.181553
11196141198.892923
15940385062.277994
20536146659.09844
16008109251.225851
10108683568.901411
14066108879.217148
19592973279.590397
18837506577.905678
4400898435.785629
9750378140.21887
17209575523.500553
19595244214.50613
12516020300.621786
11459161884.805243
7932076525.954404
8733951813.177685
12015566763.134949
12042637805.151001
12694812606.423239
7880271339.131975
10221688119.172632
8281616596.706039
6542850528.25081
14988414972.972956
16498528451.523315
18402254871.062233
18762779624.424416
32748674225.459007
17195639160.405643
21809968249.074978
7888741836.387254
20755146407.207745
10903465426.486113
15377450977.073666
22184816023.7922
6719639140.034087
9354617850.381916
9668404374.438078
16362982036.7199
26044117921.97769
15091835138.853683
13926137973.368122
20193783509.035294
9367847928.887028
21464273054.257065
25686743453.097187
14843989798.869406
19926340823.233746
11078344583.225708
17178660912.872692
12747898208.0825
22939971239.771095
18189513267.719303
14073424747.80643
13267076180.497787
10417673726.608372
9273187209.127413
29108709773.939716
24988994967.00622
33011961115.68988
20420087066.618443
13073322133.323183
17351047692.731445
24853972398.787502
17474399735.021587
11088084229.773228
15545116683.115713
7580297686.082214
8510132354.306822
26858016228.654285
10156015372.020151
5887441024.835784
21595121295.953957
19896907926.57465
10883426906.799234
20917503926.595955
24696264292.79311
11944647317.762865
20279686824.067265
15283807146.50777
24228319476.875214
38340519378.93222
11209021805.823685
18545127202.08499
10945978515.532598
12123840785.63299
14708586916.56669
35285022511.74009
18353567678.35281
12250835145.355814
13438224520.798643
13665475468.353119
7010100271.123511
26675599449.166374
15038101272.917551
9858321900.755424
11735599057.97814
20289980787.442276
8052372925.237026
7059738808.653446
13978298437.464272
21295183653.731384
11579192915.931332
8331625213.319538
9433051266.184732
37846117673.008644
24264067955.292767
12629743111.659105
10386588847.76539
27320164884.19004
4740474368.652513
14989081891.30504
16097765162.077938
5420955955.903544
8062035428.283533
15173210541.30992
8767586228.889315
20871092945.973152
17007015958.097641
6283610279.571134
19449195085.83363
7837937459.290348
12566627092.383287
22623080575.77467
31662959571.130848
12390026514.402649
8407568870.218087
22866355744.777348
8605403417.446232
25550679770.593964
31521205067.853786
12746032518.096598
23812607996.56517
15023909298.398949
12384130320.92162
8309457602.784877
10749629344.729782
26949695645.52175
14736642390.403519
31567777859.14262
13449772991.38098
15877129540.32362
13056140590.159597
5799302446.722105
9102711170.477154
19094904503.30217
16461554894.844662
20974304696.29041
8985882786.969637
6434967946.859131
15645816249.162903
10697025176.443272
8739273744.377983
9754749935.768858
8413780009.111882
4776334544.927298
16667181832.897186
11312693025.311708
5658485969.562228
6478735140.168011
8701006824.824282
11267609700.077713
22273785894.539833
8509322257.639203
6038978937.891368
28797415772.85352
7720581996.001929
45384296282.68633
17732678575.301098
15009275440.052868
10096453885.067183
16265637388.349012
18173298446.941956
12570928818.787231
27446226435.109867
16882365490.679934
30680672894.62681
8170427072.035693
25002322827.76911
29987574782.6607
20105787899.11131
12625332528.120752
25686574551.465706
8040972216.03081
11719583244.070974
12497476176.769005
20573579896.957176
5992932513.794576
9119885510.226768
21258797604.723976
26515807884.53945
14778146916.369486
35992696936.2204
21921412160.504406
13499872406.87129
17813898839.20561
15072488634.485842
8860697547.851505
9702789011.521847
10835246017.058914
2579482400.4109035
23256366836.181885
17672785350.438488
7958348801.072727
8426248840.195449
15841325330.961784
5809560974.878798
24896809422.711586
5957418896.734714
18465307657.538845
27039068764.44762
15540026229.594656
9985350770.92743
7351788837.569923
23242774908.731
6417414863.2343645
7265785708.229977
12611091106.698107
7531820773.346648
29150883753.41297
22620475370.365417
6376794438.008503
21766573007.536522
9704036390.035316
12053751527.961403
34763922707.20411
11729904172.07601
41704048029.5972
14777972746.359459
12720171593.378647
28638821491.18822
22931647039.999878
8488625872.797607
17565562330.681053
16315215171.495659
9867980632.183409
12716535278.32431
15668547133.83671
13288107122.779467
9101601973.852827
8420327223.277295
18988032171.267067
15934432474.317474
3854925948.075271
25494599590.670864
23549510853.548668
16545470415.014252
54671880311.56302
10442918108.603989
14845061728.141773
27171831890.832806
12510030193.893734
16759419095.569246
18801494776.794567
36351789127.62571
28440432223.080437
2550845565.487557
7559638011.653047
11240467701.179192
10094929373.163033
8528698162.35049
2885321982.0531964
21838457118.26286
16857561520.946394
23442254775.482105
21391913922.260807
15026887811.17259
24468820028.093224
12798039596.238075
12092398091.216702
10138429410.693726
18243528913.008156
27999251576.2295
19380633913.920612
9061548074.010433
9716742735.683231
11527668291.515118
20085590816.319828
26606612527.479855
23327563180.087025
24964901796.5948
19565578237.095398
14338855660.382832
8602231466.553366
8867207510.441381
15071670644.830736
10521231836.994219
8869419097.552368
17490800924.961445
15055366312.194845
29154539148.749577
7751745399.018984
13444666795.314808
9488646418.513319
9528124382.114681
9972938095.554506
7640123869.088365
11524356626.557533
22119141537.768265
19324495474.696507
26979548826.428974
17399062737.140823
17420459250.37977
14810543744.729155
16285218590.495293
47283168622.873795
17315272051.43431
11560012507.364408
9942326900.884502
6549908648.8175335
7014668073.21521
12280959073.324871
4842487115.6391115
5996745189.02755
7826648233.302047
19147097088.769943
16573318319.182692
15610587971.056553
22684692230.76933
14990065116.159498
12544361854.80042
19967348046.36429
9157960821.374228
12905905181.154392
17258908218.504627
10256348939.201069
10830169423.068539
8149821677.954424
21581517558.309055
15040883233.579844
18461623020.71473
18453892334.34312
19772313216.84597
33707010730.484943
13163376042.291271
6401456472.4835415
17493071512.37721
26082824783.711987
25782363243.707886
15113586797.162811
10243716137.441954
26917857468.14819
17438045597.600945
18749395640.250484
31326603854.3999
26709590049.063858
16664615652.178919
36416557811.49302
16616878727.474636
16302055228.68182
19552567330.73891
7514090306.004301
33745421202.218548
15714581602.865202
14186928558.756216
15843988198.802122
18014206535.275127
10601005009.126379
14782211922.915394
5797162421.821515
21449419247.94404
14914101279.688372
9883784930.839901
22801130742.570667
23401845102.319267
21768838930.149403
18064373384.05642
11145586977.62725
22923334434.292465
20601943120.584057
9138730562.687359
23503661163.42757
16559113834.54705
20035638789.368656
11126527410.377552
25313014228.460472
20085468642.006886
10813034332.778217
17867932758.940197
16984727034.60483
13294820774.082167
21240974583.340992
15082781130.16084
10520038917.998524
25327940838.518913
6281393411.02271
5803893850.694568
23693227282.94031
18116217012.262497
16754528557.034294
14168961760.399988
23509459960.188435
16656924416.071993
15909056913.54872
19471112581.520473
7419737489.036845
11606834085.23528
4474527878.318899
9575775831.59833
16585972112.763634
30551323744.692642
14791285858.004421
22168194168.34679
18818399722.945904
18719420134.829525
21687730517.652363
3064721379.4400754
6608366530.278281
16421657924.742569
9574811783.438961
10032048190.227114
5531684261.369656
23872193251.377167
29205809256.408203
42124447626.47959
17661495072.869453
12212453740.964533
18402945871.891827
9764212011.281342
14663116164.789612
20776883065.356014
21814089556.67683
8388656727.838197
26428972055.169228
6215275273.803588
26980851766.73793
10625152103.8709
12968272859.801071
23933535595.169716
33140679625.661907
15080891173.493069
11659019656.947748
19365040525.78392
30213131493.732952
11601989023.772606
12948946561.032228
9502023026.043545
13484439368.320076
17233319200.687603
9347989282.795822
13175818986.499046
15881192447.138033
24963809207.261482
19746695355.18007
9762235417.010984
14195723275.293493
10922790585.960415
7689035958.659863
12516192193.067587
10916090619.42788
3257506216.9054074
13406331065.086401
20701131835.821297
11370486852.883993
13407835646.6346
7209771509.036326
8838192288.374758
6532750695.405292
5327108382.740588
21415976969.979557
28213939882.40746
5165764239.386327
14036369226.66253
9863512670.203054
23084154896.33575
25633039221.94604
21078629426.137703
8464472471.737958
24899098886.196095
6624300272.952924
12544159537.219065
23323536876.3298
11434893280.29603
14200018731.66727
18526634906.49842
16405380072.495821
20133241480.76687
14571600867.445667
17576248529.803516
6859340630.468343
15889648675.530918
11674875091.473593
7648362852.862008
12964307146.740519
13831179028.92828
14363427115.67336
5244961935.599515
14546783080.655382
19734400581.707817
10600765166.906483
11504831080.666697
39837066115.2505
13682589183.129982
34020348542.08517
8564038500.4122
6776242390.982956
12350483183.436094
44370057795.89755
11576533976.244345
7143428857.636487
24817399989.63504
8396145382.2899885
4885208113.994366
21526988839.246548
14707718571.032808
16333589939.052187
26163259626.98777
39779890466.24156
31348347132.22703
32509731731.90987
6643155810.3972025
16167316627.104958
6688158274.7068815
8968757385.741837
32645795196.992996
7668937667.04564
17839293677.159252
18466574063.595478
11729006489.2759
13951654960.03534
10631501569.587307
6585955000.176969
16036259214.43494
9681034626.558077
26128536272.576256
7006906498.875596
16858572912.426601
19845885147.038895
29482677001.812836
24476350539.071438
9952809965.603254
6839180034.354902
21633489817.333996
17473550721.169056
4157783313.8759975
8460296888.89371
11595808649.092337
4990961293.5835705
10467757198.34546
10314216292.224
20599198174.484585
22553511105.086227
14055587509.770977
5622715971.813039
14704047486.790325
22975803293.62491
23566764689.15222
15002086702.440714
25369626197.563244
12883587629.599344
6912328455.404549
16315979468.244503
13280238051.192476
8639458954.381874
18681046787.793613
10467225021.325033
19534214812.525917
4058754243.3162346
26404265663.677925
3755047132.7712407
7013882754.153917
29180945287.22931
13923500917.459368
26397619647.23939
39554977910.43504
11756879555.628344
7487861538.9704685
23919683899.462524
17489424965.206635
26780309908.161335
8371633497.1516485
15204908689.434225
22909915153.961834
8678158923.57937
15920797870.317997
10274454499.628317
22816068194.988228
17691520321.263977
14696397684.589766
20451601254.878067
18045450960.03814
18432946739.653156
19583711962.25519
24866405825.735348
26646877950.06094
27106583084.092773
18770778994.254925
18376181334.798073
25338878496.21927
25322148147.492245
18555319335.633324
17084612151.058313
18188957526.643536
18618496837.26477
12931101099.552607
21044862209.195385
22522445955.560143
26766971933.466995
9457601743.317307
13736538876.739388
8489287621.647772
15847984836.057545
6399580212.5067835
13145226860.795666
26288787259.140682
7028267606.893854
30728853454.774178
35682918071.96586
6972168246.003693
7973089692.112842
7751393209.489226
22567726729.161423
9272234947.519293
9210298636.288692
34604078918.37854
12934777752.647213
13328746160.268604
14008624067.918673
17421417417.167477
13475207525.211609
23923083687.728012
30832236816.433205
9053457134.640093
5497215011.840185
13046186686.274792
10037709218.318296
11546690373.704918
25185728086.82626
19364389712.340607
12507537517.849386
29563851195.231308
16969684764.787931
16666362851.991535
17527978204.39723
29325191918.691235
9542642096.497066
37361140079.33285
22553893948.830418
17401358449.515533
22330489768.155888
10923038128.633308
14653284735.651733
7441867874.614383
28582720414.409473
20261401259.18376
33941052992.800884
6506904567.001213
12819719234.943537
9272863693.801092
11006580494.474133
16447988456.237566
23878600453.625767
15319548743.44662
5966561890.137334
8502831808.607557
12409539930.585672
13022965231.18566
15082123931.876556
15435600928.724306
16855684704.141726
13898596322.991823
9386401682.845427
6429540894.765578
9937048150.094906
18190788795.515556
23535411519.324287
19326436145.515545
16648697781.76805
26750477545.192787
23089462541.76269
15354451301.106394
9744832993.746897
11901013819.263117
19521952851.585823
14274308599.376495
20368454972.196285
18029465061.51479
14101111774.282448
22798303731.537216
16577160484.917202
36158421744.65342
27444744569.399895
12720467657.108704
6499056001.893453
19630908216.489788
21078376109.418076
6418005123.518659
6436089815.2550125
35100524943.49945
11559915198.668602
17759675785.234383
25130661528.67246
17449413524.21773
20535851767.338604
22052982285.804153
21080077783.744312
58447633557.24206
24698531074.010033
38526390492.853
23241129691.80428
15303111047.938107
8139443022.609094
18519819516.112823
8042776277.832831
27655309140.26319
19959645300.321117
28653323484.222122
12592010699.224749
31212283637.803604
16470394746.63918
20504705261.09809
15479992728.598629
32427875189.597782
17733959637.098473
8822603519.909548
37953404431.70561
7893717427.628631
14509617334.352098
26245171576.966747
26550553640.34875
9646604861.833534
18924986935.07471
5919365839.531096
13250179957.479216
17381885116.461308
31196275103.383575
33297980674.40416
18753728726.745903
40452595404.99901
22281469672.35638
24797995579.678135
12413912362.133543
16375887736.91003
28767462468.374573
7209116541.417956
35263272058.340904
31936376815.4714
10960632222.280813
49721424083.99852
25900120067.382214
30082388361.29026
16138715993.162315
13047568994.821701
23052771237.031364
25732326452.772427
22219738285.993706
17161303648.62711
26357365500.94538
12071164572.815752
23347835818.89916
14626029776.913486
17821225029.779217
23092682043.471127
32504623353.33272
7445631367.146518
9201289670.917797
6638906311.085893
19319491422.685642
8161554808.255833
14952995791.034569
12643915720.751404
13782758203.587025
7028252087.662197
13290324462.304937
21459937886.69064
18257660427.572113
24997801136.271915
15829481119.118984
22267312878.207718
21806011814.62324
33753768255.427624
14477858034.831806
26614425100.853935
24879781278.758633
23724222436.608143
5755138364.110486
11312124454.915205
12641606289.314308
11400404323.35062
15197292276.331535
13119721368.079962
6157659796.0025015
23933152078.169617
4111129938.6371374
20517584217.802822
30201244136.706623
32524372355.884476
18659289729.715355
17344022672.979893
15091403419.54798
28769541943.97401
16267760107.365631
35265821087.95664
24258722408.461708
7209637657.312618
22888188112.680786
27114154807.61473
19997784450.770912
10178138331.11747
11532930532.777464
15769206888.919407
13207293118.171417
15140071227.992962
22394490176.66746
45330607546.30412
28380688803.80913
10639250153.059557
36915400743.70649
16980703937.309772
22083347398.44421
40412187879.693016
9731029062.28543
6911689204.131086
17734166319.352474
7915216204.663952
18943357013.937275
10309511673.109789
15683740999.705297
5645455177.377291
5695255519.381602
10853790265.924425
21129620699.59873
12947570643.364159
11257203123.740107
14174857149.803507
28116532649.42197
8532133273.078833
41753854903.5041
14148951520.187284
11519018293.87983
13457081608.646751
17418327529.389187
19767638200.36281
14075887182.93946
18265849010.90119
32042342208.96086
15612727650.87274
10296383726.63954
12292702284.955091
14573182163.315434
11725751261.474941
16770654898.252838
30547305315.435078
25240433599.349216
23025268873.764503
6772701631.949043
10932960827.773342
17406679307.902546
10646922506.871857
9955543123.58394
16861357293.944706
5856971219.662699
15436837064.192753
8829557797.785322
8891114501.991817
18986787955.9923
6924025381.075882
22118563038.425636
16399473885.004143
8756576910.972757
12197057343.010359
16793928268.148512
18332220104.002712
7262782224.995633
26097019240.06547
21244342184.8716
37752235979.913956
21665303776.432945
9488540659.65312
12897004451.93734
14843101566.643011
23120482814.783646
21210544308.928043
35586498239.030136
12997149045.941889
11404925243.62838
19308322326.106907
13991780672.057344
4479006181.883676
14865167414.938274
15386849598.580177
31202719726.21532
18633780220.57797
26831294060.091248
4202734011.864206
16130829329.939825
18576131218.099052
18688619193.32123
9454569012.894485
19084033859.72552
12268379559.896248
43548334249.33202
28515499750.760887
11940872784.89655
16938446902.82594
9206875348.20377
9812664413.558676
31329781779.379185
7565347535.666633
7841198280.840107
17957267834.969284
18778230890.94464
18039742007.78801
21846314119.530727
50201910797.488945
27452438028.677353
12621443105.100954
26596868696.445995
16086637621.098516
9996949438.092663
16443439857.66021
5107594094.57728
15245453281.64115
30785443635.397152
25764134324.254993
9767851346.932585
15370439626.675741
22984374811.67729
9177511504.291273
17813084139.47424
22036893453.58502
22705669696.29354
10355861964.87437
14424705396.419672
12667915021.357428
19861140347.55022
12848261708.484188
22915364984.86395
49737886189.706726
24403562048.441593
3642644163.4832354
41670747805.23003
8694794233.859003
11768410234.585552
41965263078.098564
48330555665.95118
9704614800.857077
15404125045.30103
9659358515.320335
8005077361.3343525
14078972876.971645
16971099286.64224
25680311549.69044
34289833955.622707
22052244564.01746
20629858875.442467
6552295908.712289
13098416207.539017
12703041114.994951
10544099949.075424
5567227567.858908
6211864980.608843
12687000295.637949
12136254575.43149
32138706296.407112
20205959078.33592
20493772339.62689
9543842818.946796
15798430618.857988
22075596465.59495
30186513500.309093
13958394860.429293
36826981983.024055
12224357301.963457
8844401425.162928
23324956628.380898
26766881607.492905
8582924757.705709
18159917576.336594
11048018031.944311
50811094362.36241
37657497817.98464
7657846791.381237
10923694085.042027
4756873525.521686
11930483740.088285
12045000893.606337
10279004552.111307
21579232069.48814
19741156274.22876
9176158136.904783
9110791652.246696
18518069691.301468
2547353883.795985
16615471955.847746
12939031110.50358
9318135889.37087
13723068955.874441
29119015592.9164
30761229589.426445
9449253711.747427
8080985759.779015
6032631664.537403
11093121052.823795
13508491027.820751
12534574750.961603
15152382045.434992
12703119351.896057
16723749446.780994
13144957165.841736
13994392537.266481
11085290499.420298
23599195025.38543
37246547136.109955
11931945807.629372
15395980301.255716
17843850042.70725
14684613015.786774
7500311963.484888
17017451369.26145
6948410682.450456
17210623792.549965
5744628764.676395
11054356608.3861
26144101076.138683
6931779203.465642
19049688698.829643
11336414219.944332
7864086225.529557
14148278199.819105
17160666445.25927
5959707887.956438
11840181274.541058
6266702271.034467
14530696348.526691
37524548672.32679
16249379256.921888
26409169029.00616
21801545904.039173
20969986171.418346
12232201438.550892
12022374056.330359
24904359939.848007
17073537296.293741
21045370218.83418
24952531925.278877
13996186086.302124
24269001854.409203
14164926554.877792
32905318833.025673
12843876383.658567
19290280679.521904
19160353165.74487
17888165104.679283
10018214448.676731
15601296912.785501
14266831467.037731
13693307123.771387
8958190151.126383
18637763345.881683
5465952716.816113
4293371858.091881
16786470130.646454
7932990945.902369
28111158137.808983
4898892582.043028
11919428999.73125
4947314077.540178
9018666347.224087
5054873585.445578
20488493261.254757
64228580828.591515
13460353741.133177
9553557526.63778
13510168962.63896
8465590802.872447
19160413017.4307
10892544268.259756
20211969426.506855
12890012640.582146
4209333628.2680597
12228522350.968758
12025438447.510525
10096229861.962358
7515371110.9875965
19947038315.481102
20040368811.35853
20779298433.79209
4387913739.656395
20049576600.36194
6274681699.327061
5695780166.538109
11648933826.30775
9015971816.077747
27934425264.889194
24901866922.897778
9226041977.761694
13695104659.355665
16831729313.016218
25531595252.51182
17461018851.8746
15033489823.600906
32608749134.090244
17476357874.900543
15677473591.041626
13943315411.175049
26301619062.320454
19427275070.69756
32746693723.872524
10467308580.059683
19899624279.530003
13892319682.402403
12276506375.265682
25811000979.89066
20363193290.806664
7842559643.265507
14292553869.985819
5570359976.541029
29152067722.959072
13214558969.706858
16892047142.18102
10428236812.626234
28816249987.151028
8215945644.244103
16236516907.58978
17041005692.867079
23334560568.747498
16151550604.135784
9218452137.257807
24336262815.10018
24160962066.72634
15436042611.208897
18538309254.025124
19365841148.120857
10435541391.401619
7734465315.593875
20487860432.421814
14329396645.946726
18864238859.934864
7366655847.626058
14476478461.496937
26680762790.854404
18767684045.656193
4722766219.605508
12331496395.908655
14846486352.782406
8437951258.849639
21444054742.43612
8718073655.489178
16401618405.023983
26696964236.90272
13734423088.584114
8310850459.579094
8110585648.207806
15061559476.572287
8294735357.701646
35552208087.60149
21906630989.153694
18618245579.383446
9315939697.190948
15794039353.515152
24840532814.664722
9050214835.902
13744771879.354757
13102907105.914562
37256199461.31329
14120157630.709637
5789861257.0027485
4997718766.962816
28032352247.79312
7077701526.585985
12513748738.820206
24307644018.16011
15471587833.754974
18954287478.57019
12558058935.310051
13773847292.957159
25110155527.33461
8860775605.687056
19108018116.098343
15417018714.267817
7513557625.414253
14000011324.251474
11678296861.42045
9810229672.12781
16585105497.418993
26808125610.95139
39026716029.19815
23161566166.56381
8355882395.424204
6730658004.9386
10031432848.990463
13767641419.31072
18654044278.578987
8380755226.147998
17883221467.870243
25190903064.328682
18049760782.303627
27460313792.910595
13243484966.712833
26994609679.870457
10610070569.372927
19310442824.319702
20215128952.442562
12947084600.125156
20621030062.76036
5177969054.015952
16241787452.400864
14046728664.73805
7771092038.768562
20162267276.917953
12615232291.907183
6853559430.577621
31469338074.756336
12653117673.323935
20204969395.381485
15486163417.798702
32013235756.79794
15513739302.729443
31880652925.306118
19658478993.25953
9346270463.83615
12568313427.271015
8241947192.782359
12870047507.760895
17196464069.471664
21097900098.16518
33513389926.93184
19996695454.37398
10963306599.654448
20101889397.40125
22313339185.23993
4545201486.239421
21412295291.137093
10999927773.000784
8062751484.8876095
11344293609.264885
2837352307.2541757
9970243297.413181
14350890093.261349
17203588302.617413
7427479918.695185
9064276789.11807
24055916497.047516
21318910282.90415
10949856278.938786
10930473061.629793
3510261162.986904
12987794025.992702
26566679573.557404
11990893258.829605
11546561279.840246
12711555548.629187
12143962702.964563
10876126950.597237
32173885517.99291
34196068483.02768
10096252706.45175
11684197044.383438
11041775816.404364
7612470197.271709
13553052460.435986
4102300443.7357187
15019914912.217648
7603733366.684354
15492207502.050705
21436096742.87707
23287039914.152687
14143955783.866228
9351212479.21096
10623392620.723988
6609138462.810947
9109877498.1929
4049641116.4586945
28022822577.06123
15676753569.900799
15943754823.290573
28099818951.300312
20741391684.022305
27553688799.679676
19264855569.985897
8241765767.527803
9894849076.550585
24016771302.762814
3172051170.5564213
6203131980.664595
18459172360.62231
17951869011.433743
39100194266.72058
10553110868.835918
25285813524.722206
14600260921.42624
18221537801.23644
17799299086.30629
9928809120.608295
15339682154.486195
3847954124.910434
7510682813.39416
7855625552.345018
10264161681.035448
6536680139.762826
14161832940.492647
8787932967.029491
4427504522.780566
27913000180.418903
17519955275.18237
23632810279.46184
21295917307.06711
22351557297.506138
25471440823.56819
27427958839.837738
34542206904.703255
40605505151.97945
28515607917.559944
9506076592.640518
37928471166.23195
19065997460.040028
22465694593.453606
10453323246.620983
9346378721.387884
13591836454.926117
28190640958.315117
16400584712.443436
10914018590.982964
24841169675.295696
22941187186.702232
15209154554.404219
14838108870.153751
8278173424.359007
26759810178.62006
9390503477.895603
9271738412.146904
20201779374.941433
18656780419.31388
8698329047.49941
3858682198.5482693
9214488846.194494
20662286327.261272
16210971200.754696
16489329962.396328
16367897064.784597
12220635097.858664
6640211775.841715
7983982986.227607
10210141964.608877
16955586497.621164
17101087197.960558
14914841038.081036
14280476821.729282
18317299087.256107
10951183254.240843
14830976659.586447
12723807672.63267
5484695240.016933
11737598591.69067
22458916252.27024
19004307390.11158
20330413570.27052
12852359801.829166
13486560076.316214
24876787728.90667
12979777864.044086
15534506307.140547
22331833503.77979
18685825347.20003
5026558135.070685
5770229020.939079
4938784170.422088
5195441929.561548
11828106223.561487
9062285948.913324
6124543096.677818
3944437429.0963473
2815281279.358871
7980797067.488988
8869413072.623686
12128267870.170284
26417051525.66487
21962172186.169212
19709830339.901764
16777530425.657568
19734068521.703644
7431672611.802737
24924328115.91328
7910545978.995257
20341469240.549366
9193763774.663126
5706935564.942905
11226157493.794865
14356325899.795172
13085953965.789314
23840993242.383457
11473382722.7623
27595660302.115917
11917364989.19563
10450002238.85072
32633945817.89155
17039306431.098015
16832748973.820704
7330858019.727586
20105707063.22433
29686744751.659443
12876578739.488419
31135369519.22782
15847279761.998444
45187710091.278275
15604420768.901508
11787993875.2029
24255944818.33193
10203037561.350468
26488594958.841858
18244171988.365902
19885132529.64038
12884746269.928335
14775228390.461025
15223811917.600136
25225265787.85914
21093844599.22021
10188121811.33426
36045532145.32145
13788712003.473726
6272816430.871228
13778726179.50033
12329656675.390764
8521331037.820806
11698186400.409584
10378984023.064274
10917458046.123016
16857281236.778765
12039583249.915796
10583271984.653559
21859693050.71016
28899689405.52312
13464701074.388912
18830956331.67442
10916707902.08001
7473554405.340249
15789338599.582022
16496053805.859259
12066721627.90491
8786886053.19982
19319956068.118565
31561851637.374153
11716762508.537348
14871512653.745928
19829660306.988613
8670421684.521812
6801360894.900758
23857898582.672
14373325877.654978
24289911434.82969
26837097562.143757
12114442201.401165
32701499434.63793
31272176130.582912
10337523115.980736
12050102779.226046
16158275578.384645
12206390507.710426
10565178617.938297
19715581859.63927
20633578968.300125
13539230657.87358
15489955844.639303
14450461207.354221
38837351096.7152
10804054504.356842
35818937327.36894
12125434661.378078
18537547681.98365
12843570148.666698
11500798882.723927
14668135311.406067
12792923902.688583
5990365854.787126
15711318191.57517
19191393212.31258
13308576627.88825
9430864892.993553
13448374766.3057
6283242336.906403
14983247191.909542
28329571939.33308
29851901464.977306
13751794716.107063
42915517083.44153
10215319360.450924
10789544632.66642
20226753044.233315
14126786269.041025
25446425661.211075
11326803216.808748
12251234870.418177
20355104814.48636
10684745436.34696
18739994451.573635
21864024328.99199
14130784366.810331
18125861233.573666
22944668133.86075
35613856610.25928
14380912386.062351
8527122973.530294
15895504878.004377
29671432770.01968
6043766223.113872
14342802363.154299
7525287574.434186
16998490643.82112
10738683288.417795
16119090923.089243
21962612206.026897
19196317910.985676
33151863844.564842
8779015367.499792
9072606852.310291
29168539663.760937
8959452460.880259
13996810585.42809
16078602485.98457
23433598386.36142
16318780661.953897
24315788137.257107
16420291465.803009
22886954365.623165
11037601195.045849
25590583524.957348
8725273037.013742
11099875264.36858
15993960150.940662
38952733924.38135
25619238235.69672
12766384421.144596
10281105049.383593
37528064692.30546
8877111276.045921
15233023948.002188
20593857028.09414
8921055226.299984
17007740203.536003
11269947975.115276
19648290592.049007
5587632853.152223
8774005937.222452
19862248347.022633
19773623977.6547
7447199118.5382
16810066619.071247
9861589828.165796
12146819398.960602
5494943772.173709
50045235498.7825
20673905770.562458
19763985184.547913
6176158652.200254
21015016966.573067
12336459655.934078
7629524907.130324
12405497140.255308
21038838091.63949
42240709897.09668
24587394475.727
9532209179.503407
4854800341.517872
8324582154.270783
9673479082.269735
3268484617.4549556
11688423326.79935
29006231423.15162
9630570796.967493
17825490748.5984
5753510254.523857
8556609551.208329
22151452301.877678
22350708144.768543
8065782508.940288
22875272527.16832
23113235423.812336
21929828202.229355
22700244113.554745
15019083513.759676
26095559433.85716
19183276361.363594
34308062034.02442
13238636449.60813
32742841830.63054
19496713147.885418
10645312802.454098
14362487987.260525
34470737659.35004
6021862706.287998
9932970530.119715
15031606827.286812
34336669013.735725
15287620155.904394
26117318609.252705
26419769554.419426
34018852687.08944
11063965091.438423
21543446618.397404
11732982117.311476
7667618524.053899
15939649553.552265
6099839773.534992
26665608210.34762
8990836191.659735
19692800785.14154
24244756350.186367
7867044210.532194
5936588242.779478
22092467823.640366
38135657080.78358
13770192979.086447
9874940064.966791
7532005105.402268
20297813318.1865
14663812690.61171
14733693044.435877
21603285025.054974
17066269296.887697
17073315406.716871
22081877894.95816
21469295673.73468
17563834709.44016
23651554230.031002
13848018730.973337
34738741821.66813
21952267437.006786
5630593205.949579
33925254120.47717
23687845897.966293
13831408624.606293
20893508481.51369
14279861456.258146
18068010315.715233
11097911179.49225
19232006239.085335
11424797225.07996
15646437463.915077
36514401699.51001
13558340973.678612
11290612520.347914
38280276150.05834
15893161389.397392
14858899447.3788
15647960800.600012
5663873350.320806
17145996933.239016
14388627945.921595
5774145285.455261
16372715125.317673
3480958315.605777
7073600097.201807
14808946024.049013
19008281116.18766
20175828310.035187
34296025944.88325
27982582522.056087
19145381608.19294
16081636602.98181
22414929955.62856
7801964542.153467
11168105926.4437
10809959844.929256
27679745081.57158
17587111270.845013
16990116085.644815
29741679854.92528
22054385773.665215
40004062869.416115
23597715736.420227
28305503483.56557
27031847995.044987
20810659413.296013
38188972066.500854
12056031270.48747
11201899606.679703
11340603419.628012
8140599815.024942
6922979683.729417
23526425603.499
9931547909.848736
10612077991.551079
5088136244.644899
25127354680.70024
22172497062.52373
6858754892.069349
31567999285.48524
9261523202.42275
13682335658.412722
13334206135.832489
8961115063.127766
14287140974.506193
29773571318.489212
13362936417.13177
21213258953.261684
16227986868.589981
5537444812.441043
9197415079.261095
6150094868.245195
27320781170.655064
18558668395.12435
9549324480.644009
8074416234.354722
13353297769.27703
9821579667.188784
11970390864.122702
25613123692.18811
40194379867.47239
27137919857.955666
31033094480.914867
19902505159.283653
11813606932.245092
9985590399.978115
12214976508.383757
25995671151.685814
26770993466.940193
12388874939.4124
9219481070.556198
40750068302.10505
9639758413.955647
8660879833.151306
7291437480.248374
16321801054.67889
21786981880.302345
21038452205.2514
12854152208.289364
21153133325.630913
12051344201.924572
22953671891.388924
15995720129.386623
6269016165.09682
3741870499.587726
6097418491.421808
11724193920.675264
12524877664.682812
8898503114.864573
11167415588.990076
8779776532.098988
12768739053.655363
10292049082.654495
12947774958.430454
7257777286.981244
9458480735.838793
5249754559.265039
5510324103.400014
13518670794.664125
8040541390.970192
10851393932.602674
12852109213.73518
18480187107.695377
10476822951.788496
8365810408.917422
6239000311.954851
18380152466.92537
14124678589.792118
17357225597.868187
8899696419.748163
20791104806.620193
33185743288.44885
10148536331.32808
24781448320.59551
11815604955.819845
10395878905.602072
44674982642.73352
8146386220.932361
14942908457.8426
18587916680.520573
13336442033.366488
10638270757.35113
4488237400.186281
15466874939.078995
15332690701.119339
30452811614.73169
14483597282.049877
24898530453.18728
32650000507.76502
26814055383.36067
16572470561.28143
17478207273.231052
12371108739.976904
31247253481.34162
14918038825.472692
21849671875.168938
10094646020.693892
9413969546.678946
19270984693.99805
20866759049.06439
24677147362.065163
15982015055.023169
13165927537.330545
26088106284.952305
32717065146.034817
20803609672.233475
11020840598.186045
43154313213.546974
16224712795.444782
24046607478.62385
23997218100.022724
24093120331.90425
15534952434.876936
35362640538.543335
10510636138.043982
5950976715.389256
11437679930.319408
10614838402.179304
5648846079.610573
5774345340.904508
18387637700.722244
21550166716.29756
18320086794.114826
28250189113.223526
7049332752.577509
7530809521.972081
15501741589.500996
16537232118.749262
9836367432.300438
9435138066.608963
6724569523.589056
10084858455.166548
5959394394.22695
30371691454.516247
11601967209.602816
8987343672.461864
18286036844.398945
7369537337.856424
16710238481.939085
20660847279.668003
47177691099.98399
19204493249.861942
11638208663.79135
21425574708.304497
10374885156.926395
18881698737.32971
17474308511.7726
6897273950.338935
31288549433.41531
10155723059.959902
9541442446.356916
15494331518.916607
16966994215.5427
33787204059.75827
15685230624.72633
25143460659.81817
13433971983.07478
9603933142.5153
31052995518.93835
14131446414.555145
8023276367.969361
20309226058.841732
21835511928.284935
21730438700.563545
13599231451.84906
11596919128.000216
15216994775.352085
7537546964.864159
26466862311.998734
34661118746.34591
7589946747.729678
27137305366.70332
6985398961.275649
10925222806.008083
12518534234.887072
17783281882.1804
9151139139.900705
38925783518.59028
23534272318.913136
19406324636.085434
8553286432.057827
11167347778.15206
11229842660.690994
10936261398.467571
10814602120.815392
38237607139.58185
11862984440.869242
14743045417.864359
25104237847.489197
12676974160.24593
10792384895.609118
15919439106.994173
8343020258.714773
17916804731.21696
9599446308.272192
8194442753.848751
16817133538.40432
4160998718.429285
12907187042.471087
15107741494.367275
21076215436.971592
20580925705.303673
19730480259.681595
9246450693.898895
34557835018.38561
25975632517.460003
11960359479.465696
46315577159.6922
13845353174.546309
8288799431.016453
12300213222.655975
12945157632.994806
17042394612.389145
13765874419.886856
10046534200.202927
13395413982.738613
8461838049.159535
18708554756.410835
7589781699.554792
20835154737.47176
10525195504.015713
11670222464.105352
10440329695.613188
21539501536.079193
21035858359.980515
23516695887.189423
12712790926.766182
35490660343.18035
9683103164.65859
30726059576.04167
17288439463.841476
11967392042.17762
26692791652.083427
11429440552.546263
7026588174.736129
15554662553.952839
9549668281.206427
11977349607.30613
19738830498.176006
29070032094.498764
11309682356.151407
17452626480.391228
8494629135.244344
14346206272.327753
14933056138.248535
50007251274.087364
50757619414.752625
22780250482.697655
16754196734.434832
47902978851.37748
8842213760.299765
11651637973.604097
4870226444.983001
11268983179.791851
23191805478.816105
8072471995.009026
26617609853.735115
6559477274.105749
10178220102.107231
12731389472.676641
38118818003.84096
19418652989.481926
41885699936.11132
8946618239.509563
17408266978.149273
8921443850.451809
14243469705.663126
15074200365.47543
16162595565.872475
24877338781.449184
17901167007.012333
25604336571.02926
27303897266.042282
32448548835.51543
14311243739.183605
32995536654.87627
8411184560.1300955
4018582859.4406767
10668865446.47287
15261012143.29692
6401594137.0283785
10246625552.545143
15748382571.380547
11661336426.785143
5047649468.761532
6312752457.242474
12448965969.897596
5517255332.886382
16071415537.68112
22974081293.903248
8828293648.92652
31319549675.497894
10665962855.281939
12146408342.308643
13680737365.6394
12215376851.89737
16866808195.485737
9688569595.680296
25517317715.74441
21048431084.106216
13406949484.330084
34870665599.8218
15153191091.783407
12834987682.03015
31463190644.52239
15168018071.044775
24315328239.878857
7699241330.746295
7193850803.089293
5340180878.025395
10354967967.31401
18619483402.293114
7471383638.205866
24768391869.92417
7470882044.941616
12409730496.197414
11604702439.425888
12818505504.459692
26492811853.84795
8089689783.299038
25805061262.510498
8293350302.056442
12437639814.17938
24014725059.34991
15392922831.392338
15370977988.953491
15899341657.215818
14940423023.596737
15117784497.271162
15767833465.963108
18781463459.66954
13145234570.275017
31932145571.48054
13960684693.792564
20855900774.08587
10922446729.272026
8074400707.681647
22262515323.132687
31603212788.830265
13863846525.396355
16169609821.890343
14797684790.656796
7804213627.817664
17543059890.485836
17093718646.53325
21614409820.272476
5153069400.821659
11497127873.061388
11010319272.837852
11875581330.867426
6756112529.526521
7795257413.115657
9373034804.422249
12633513965.789854
9827483638.054628
22526034229.446514
7745419375.036412
10159461517.71161
24177651767.256454
7778529911.883399
22017367198.34259
36004286921.967186
15669556586.647701
36489640852.349556
12078800401.23104
12839289298.123714
18185359340.98534
15900999524.858578
20898870295.212
23443557411.974644
13976235935.01064
6588269167.054701
20356020917.685135
17959710336.72698
11792650095.917374
24632259440.289883
37354679578.96213
41168526845.172554
18574319256.30131
72804766657.3415
9593611839.644793
16845454395.59063
31699329229.17085
10391822955.465626
8167037322.526908
27743486412.299446
33325070490.77176
11309068678.682251
7048230024.652044
19911844711.145428
23503968128.4427
19278859018.90005
22905939735.66133
24499705080.97533
51146024246.9208
33697414061.395508
20139248362.285645
11220582295.467594
8043354107.308873
14665929224.139479
10852302167.971783
21834302187.558384
16750554205.580769
9419262105.145605
7728613963.865853
15480640537.811235
15903930034.961676
9499207269.974182
21311606240.09129
19772897113.68553
23471154911.882694
18842571503.87955
21396093197.80707
31137042528.104694
15377539979.42743
19580120312.611393
9422854652.924006
12018785494.104586
9820694446.872852
22663751603.302143
27567736294.355045
13653975619.748896
10255412615.39938
7736733046.691068
14903316455.754192
18028409465.37168
13960401028.734495
7753692976.092775
28958989717.29037
12801084975.38496
7395608591.416022
13412389116.867788
7705776501.784993
12243700510.921488
19992804695.928265
14763355199.603073
31204840279.000477
18716246261.96944
8544052342.561555
18296404252.776573
12014831842.074816
9165295956.802324
16023384452.87607
17042247465.671465
34115255080.29381
16485026126.17467
7206310154.990182
25373899026.563465
21668273780.64483
28297260647.107098
18036743883.49679
14550020682.315884
14734698166.478981
20719408416.24161
5063007331.099301
18795670241.38187
15160838372.570393
5780599409.442058
16079506157.67191
15003205057.097046
10918186295.859447
9720343000.358797
16210969036.571594
29418369625.453938
7975566810.189491
8943262747.060493
16399808430.63267
11023300840.38221
14978820229.067446
19482237719.73462
8357156749.292691
14274778741.547426
16094123317.637774
24008433519.46387
25807535894.54301
7543442596.434599
27722803862.46735
19444034521.494423
14875503339.587828
6384675456.3633795
9980184969.95262
8749978763.355814
16042877049.34737
16487544915.41367
9328731742.653212
20383819757.655266
11233834546.287752
25097352717.70822
19256786416.587555
16870078275.433472
7981019550.53764
10839984863.886528
6947857120.193239
24342613751.430206
20130826998.29983
9968230266.821283
16005637186.36617
6529966082.932755
30037147301.21291
19826382076.97252
9650300179.48479
13624221600.747383
6590795468.727123
8714213527.480358
12364912831.926664
21336943988.792183
22671009947.1573
12077104810.578693
10295620947.637547
32834136048.108833
9437306845.756233
15733195293.148981
14379986716.334845
10353946808.009619
8814756304.498375
22336894194.147614
35602705365.594505
13185471280.089106
24571641330.42032
17198419199.965622
27691351122.85386
7281531031.065251
12787621979.262215
13534486584.141815
26196324697.623066
10555580284.898611
10371258308.334206
39239520232.70287
17349682719.550938
19205197717.400776
25966355833.31983
5691952781.304297
32717238413.180737
9016247845.970295
12081146402.561365
13002592030.578934
18779855094.6781
12106063495.181206
21604007371.270897
24051304921.934715
15795003441.540176
33422302206.763607
8227468542.241506
11851494093.183851
32671439963.767826
10822568500.832108
17780587631.20039
15190713341.667677
42456533607.10669
24222081981.665688
14634984522.742579
21895925965.58759
4760471617.908685
18147231146.327915
7133709384.236799
5649289563.613532
17788942359.34947
7087221339.869598
10036138523.183504
11618432706.63309
12371299951.176682
10014460829.068886
14090051064.78709
9290742157.789843
8766758363.98038
27799072330.509716
5962268035.302769
15022143004.427448
17517076000.263714
15515057235.795187
52996537240.758514
6919469168.78779
10652229189.593601
15339209591.142239
18155641515.550716
8147234663.917164
10654589293.691423
11097229849.332138
21278965986.27531
9598389560.28524
13526388037.214237
23763313218.97156
20085735384.173847
18880318322.724754
11085833790.546448
19985333140.732975
27664039612.517746
18199839787.979626
10870073075.955225
49655325211.85519
12428739948.3199
15013027533.26953
32545767793.633137
21122821830.077644
13152335877.296698
11642834880.749798
22226524072.43629
29144789759.469772
29923561736.273495
28461815449.047886
12449144458.716166
38949359183.88032
10342350311.684381
19389675036.683296
8986395369.148272
10585711290.674955
28840868159.225803
13272192963.975687
20137742759.219
16038065106.010397
12139735199.311712
22216609503.83812
21893376261.494102
28881313414.27254
36590961155.53809
16955831428.145922
33201179012.108673
16977669525.319551
13973973728.325523
13836549835.031672
7184516816.757541
27779099565.73541
5421779431.472292
28475288608.74836
9031895518.706282
13896054298.73059
29005563514.88266
18233824287.97328
11501221242.08735
12912905032.54411
21469976139.11361
15630030342.402157
10303021104.972748
9820279715.157236
5572559442.257921
6210015386.07012
7313660426.056191
15925306586.189816
10181573288.00695
14944743633.147251
28346438046.454796
10426007648.41454
9864551033.413519
13775438483.826937
20301454448.262512
12620693535.587505
5741981977.483752
6345988566.438513
14219102260.666428
44555150352.93787
16803724739.5089
17052081899.852972
34856155401.50981
9622798539.043861
13210788562.58605
13704636729.875566
21478736262.653484
28044042483.339577
10723479713.502468
15866559812.323936
11456550134.767683
69387482239.92413
15112977551.82419
9949636048.947947
32543764807.350502
18669477750.371025
9529140313.797556
8330128860.605821
11285485975.705614
12278821743.234974
12266063548.262482
11275312319.395552
23360429461.976322
19875948887.067875
19386124597.150738
19227300426.971794
16318555854.63158
15396921464.559628
19704820637.593723
15528981851.63377
9702441211.52361
26007599238.972687
9866177789.98034
10321961390.444824
10291743339.939535
19435396139.81903
8279577883.049189
9490842672.198776
9351631133.744678
20448680796.48375
12872442823.170906
8302139402.154267
23551348642.506676
3158172205.9809365
9784462848.47527
18315041335.903942
24044292247.542065
9010155901.283459
16890140284.8593
18278647259.494797
16754763305.896397
25832675126.755928
20575926350.334496
16264227156.963875
7339882765.835419
9905300448.257994
16122887711.002897
4898162222.346262
13863099003.124784
6670100374.468313
5683067899.847918
5217633669.160351
8592327809.390387
9594538761.069565
9772989476.956728
5960599039.592564
5736586309.261189
16711132899.973434
7762456976.88246
18592239203.353977
26313992699.191196
4578432643.69852
14887744493.712297
11361887210.024033
10061943354.231655
18226292670.969543
20723022504.529285
15306305051.830425
12092099040.001642
8672988212.210432
8813625193.838383
13106720929.706038
9539445470.177387
9058046666.078478
20260477791.296852
16361024693.738436
13412228952.633955
11933044419.097898
52919035216.72922
15845455199.99079
16872823089.494799
21233404535.51364
17262116970.642822
11264455074.911573
21768878802.783962
11594833141.618496
8384490165.673148
8855300817.178596
11258158606.306574
10910080403.206083
17263620810.110134
13951047119.15463
19676576229.164043
23522784862.33527
23143720482.04951
21370829297.885483
24838965058.958057
19377648396.64349
22453566972.66706
13650476851.549969
15007705343.989456
29368657184.677025
13847741510.863007
6631488458.518748
18477576099.67002
13534034378.46576
12151608583.016163
25275038963.271168
61504413152.14991
8669921439.087616
18365395150.68269
16635523065.27266
14188028986.274902
27938207398.589577
10122251032.264782
14336296246.729858
12883772373.391912
23634518060.422398
9247712574.29134
24520074301.96069
24220239156.47239
14431283052.457052
10292609950.410727
9026288496.955534
29114476995.296726
4278261048.935148
20151973160.387714
9494733197.544264
19969258063.852497
18029085642.721325
7727026461.3351145
6923256325.776673
21332363780.613914
9845472363.452057
50167159304.4884
27147674007.536324
18799963408.842934
25341621785.85363
13718046571.253168
14944058245.896536
9062788153.88782
9962743117.840895
9519542448.14677
8522277792.003624
24084809031.290733
16197941464.415178
24034592680.81721
6182343188.82001
28954291723.01992
19539370313.34709
25247599453.13316
13040352418.515493
36315478661.2452
43088091480.908
46795621788.070175
17297244464.971916
24617945463.839455
10698950468.121729
11859127089.340117
21557261814.30639
20249530171.78097
30230654930.68576
16984509203.6804
7722508167.386851
11972829598.104052
11651880381.725086
10563343104.988157
20323628167.734474
13531050860.707827
14765116013.751183
47606353430.381516
15922748729.392944
7724880499.868328
18956223685.534176
12784033730.22961
13776959129.817638
13078437978.209677
14282188196.848381
17798121374.179955
19560881414.37116
14653830058.680481
18530957326.929386
10465716489.91274
17818183012.613976
8573052039.662451
6706202674.374629
14078481038.12268
13143713534.637491
6372927469.852382
11463388010.480541
9181613026.480427
5872670156.964593
20944439515.502815
22374773507.57186
13722168366.884987
15386600136.955595
9633095749.68214
8878568395.906301
5056602095.04396
4567697985.640607
10550380171.9559
11318256526.155191
7896035690.21284
21467899703.608093
57785049032.40052
8708906152.794025
9190404209.515503
5409766771.66019
15655948453.80627
7485895850.6521435
39678621483.798874
22864344762.25737
14034373170.278545
20720308556.917305
19711191580.19133
18217620081.502396
14232982599.023579
20138137485.50388
16226774198.402615
14339799842.967121
27040474417.443653
11717223238.252592
14338075736.222536
27480938076.280434
6584423249.323803
12200311887.33179
13321803579.195108
15634550469.989475
11465197359.411194
18337662562.35433
5804180930.909456
21243001673.50788
17775767046.128098
14942541253.795156
5259781717.554648
18402495557.5961
16623603641.500328
15547343051.450808
24633581410.50585
9736335516.672928
14543613333.38357
6278131423.005102
11132881932.10398
19662684878.534927
9898345151.45708
9952032742.354454
17600465539.641003
14541129821.369877
17178816307.556145
14181864769.914839
11313682204.77619
6001281371.872843
48183995347.71363
12129493345.755411
19083146691.81732
9597386441.770136
8971702789.112303
14372435523.481606
20169105515.017536
8532082787.576288
15195918164.713789
17023502250.652264
19341761064.167923
23615643449.00372
13850631278.589998
10127087566.064209
5890688106.120125
17636573544.31487
15018860438.360086
28194878638.690636
16611649333.454666
12989028034.471268
8352737228.151224
9300979218.384916
7557729757.086324
30668404454.76096
12551515938.426325
51422491632.31908
3544993456.719678
9958076521.857103
6523314590.295037
15989333674.746815
25176639417.372616
29278999457.23366
17604273246.990887
8283919454.318159
9871925845.222954
31149091329.5903
21572429606.183746
10351835802.90195
5259630467.765518
12443789566.377583
5392810653.973963
14719336705.148518
7061598907.920127
9810509157.636246
11503793742.493437
10411868472.340725
8717383373.916376
10710343554.998522
7888775430.5611315
13922303735.763992
24443997411.15262
28109497825.843796
12044213235.655178
29073785215.9728
14055247518.179644
13819608843.50704
16295335796.831772
14262297861.986155
5959820616.909867
18201602416.812237
17150937833.043169
15680272081.710516
18174218629.65599
12323189900.113129
17577186694.03849
28818202405.60202
52750257668.474434
85665736353.39479
6950994004.203145
36294407324.94635
7529333087.845321
14491238683.990044
24546354519.306477
17818758363.96616
24349724364.218246
28139253253.20449
28932192829.819786
36225027057.0137
18272452788.311626
15342323686.871834
18987479549.239326
22477851008.914387
18507171195.820908
12318629507.770552
10234846058.549166
11311450633.582735
17473176899.366673
13274585006.953487
23333250441.98788
27380698038.86315
13424091254.114466
12016960744.526344
5030431080.5817795
11206262124.125439
10205092596.90565
15511899507.855467
30565984907.88346
17920519017.753723
19002681275.207592
14302531492.263632
12096692179.05744
14328423546.163076
17113715334.93982
12503922588.710882
28760501391.819515
9381727037.801115
35649000201.08634
23143857319.073994
5033020092.00783
13566904520.04364
10145812801.886648
8045735500.18435
15675586339.429049
10905067469.411062
6712501795.356788
15862577811.420366
9314823213.348787
12654482835.547577
14362865427.195492
20106692384.093815
10694428397.506796
20158908968.983505
26125856998.677708
16388584508.014982
47016193605.75007
27711231557.351112
14962976767.552557
18376415812.08488
10231210792.652807
17156278761.421999
11369394433.696915
14941160561.806225
5950547066.59924
4375666331.077467
5005485405.1999035
5084564655.595541
8563350170.642969
6449843428.14449
30023223160.223587
9461609174.991524
13755089861.286568
11693646594.64316
9268960225.416403
22079224865.834927
17259103557.575447
11440091984.43572
34025312384.740456
20674101116.579243
10744810915.001328
5839099718.422001
7895722948.270627
13923825291.223215
25640771813.61539
22873883610.8925
5266808730.114637
15982126556.154722
7017836073.838613
19071671565.1517
18647901094.161797
7231632703.909372
20188144493.80941
9180716007.508446
13314511112.263304
3636513599.656431
27990330017.037647
13733178260.00172
6149726762.536522
13286308813.116495
11545409951.051954
13658975540.76099
18520692635.334827
30056378078.51656
10224468768.39059
27060906044.254753
26221996393.680798
5671152930.216996
21369125766.29644
8541423099.307372
12282795183.761366
16887878924.83049
22472983558.980545
15587320994.04243
13792150306.491592
8852764634.05173
8653852545.961512
8480209692.5389595
16332113916.891188
25262605236.816986
12225528940.889633
17289110490.806847
12663229415.364061
12518836044.796242
7249055971.641853
15971715251.383139
31694180002.41526
32576272978.105656
8223559015.930851
9736458732.479172
12641022784.139591
16874039727.877157
5859230043.766456
20606370104.973064
20545000205.49445
33923223702.293026
15198568360.486834
14541072937.685658
15839382111.935472
16579815812.84086
7811688034.439638
14833233294.386845
11715897425.345419
10736520504.855186
25989011971.525593
9677776796.741003
13435698277.072779
16585063060.615805
11936317809.260544
21940903803.311718
36681722293.77813
16779659449.179083
16962506103.078583
11963104933.398186
7778577702.82971
23396199318.528847
4576616735.76885
8481401881.619199
30329989233.807785
18462687058.37492
18796921860.941162
10385489756.779213
23134816321.877377
13635759761.159365
8632306769.089233
8517281594.229453
14771977924.169376
13145833832.800528
22141387838.44701
16904645157.880754
9989656237.26782
39645168645.210945
61983992019.471535
79265999119.64331
8022274226.832314
22256551650.98224
8275767155.314202
11107733805.771591
6266806510.48682
18380082177.491047
12828545040.964481
11487440355.985256
10639103462.242514
5792385394.364496
11647220302.907726
61972143820.59827
32435809002.562107
25511480390.78158
15449338365.328766
18748187154.71174
13286719781.62972
10718762633.663647
23624476780.397057
8866587898.641611
17569081237.0174
7423018132.272359
9305458905.983236
12577657415.0556
22333269872.3252
25207969387.03321
14425699685.155401
6423419286.481247
17561984060.869217
16579357269.602764
7419486039.731648
22408271328.27934
9510070773.680445
6138159007.340513
9881832942.837801
25113885867.014606
40766991629.11454
7467842332.734137
9480589301.585844
20847557701.419575
16358389256.612543
15294005761.244974
4865987069.115102
14282094095.749828
9048498998.827238
9291545557.182713
17070411986.282503
12858696854.857868
21487817427.702187
21564699513.42427
19595830736.729744
30915736513.17435
17949651307.581257
12078006210.89313
8845806382.158398
14624435986.86413
16386723842.831263
21937435143.92419
14961270579.023598
9789951738.581638
14722110796.406454
11996782326.392723
7141480091.554037
23086111836.673626
21098378423.45127
11558449576.433483
30247205985.34729
23282736071.85177
19172085015.51579
17828473924.34645
25806884047.926083
12223066172.892082
12671294646.101389
13672674942.696442
10746929777.224457
23289119844.221527
6899742954.456957
13658985350.837553
20659115169.17923
16648208559.060694
19970336267.524014
10138890766.288109
9430304867.989931
13584559556.032969
10380427380.188164
19529075835.992348
20604579104.958286
24088727982.918224
12547262453.198479
17743187344.05551
22083489492.21989
14349969157.848116
16722461335.38704
46747525601.90795
9075581052.533833
16563739075.173304
9793883605.783888
7082300768.4436455
9036767875.457008
27740139043.72316
14281058451.564045
10406481054.167837
38187625151.64388
15813783708.159878
23126331169.965714
16586784438.191793
7666203761.278607
30538941633.666412
23118006623.154377
17771551654.270752
13369000048.806526
18907040677.89846
25637790577.1168
15163907020.999605
22750462417.5807
9517967947.105227
12179495712.487436
14129481062.381018
19335180007.20816
9592229147.592337
27156767319.650932
11036781144.427057
6743795748.863482
17980845128.123833
8246062794.341007
13824848315.974157
16027132462.531258
8105061571.089433
15604905216.858175
16859724749.23839
18789724683.299774
15729942854.547112
11870938039.350777
19631192157.14204
10588412500.999521
8743697396.60802
18262232363.844707
17722011903.29236
13420809112.022953
15132351472.094793
17459388081.161568
9789186752.422361
16131590082.631159
18319812651.185543
16263528508.053974
12859773289.367584
14513614352.025251
24380338723.538223
9157158570.485106
25958301998.192364
20647310172.62787
9151034013.574587
16806263683.726908
6568795411.583066
23319426767.36931
16537788847.77968
11297887885.166885
12069054226.472431
29644925580.693714
26039960667.925995
9086504686.280542
17521273672.85014
8904522442.170336
16246814877.083492
14101761539.08525
22057813434.413605
14578398783.304176
13592998499.930702
23319547039.943993
8235600529.77992
9065909281.415508
26189004024.814945
14569823797.417522
7572662840.02662
22451373093.318783
7908945876.0856905
8374033467.135782
18340981325.523552
10163915682.061497
7691744868.153797
10469935249.887554
9297123095.067404
5293161403.819732
8341104879.23602
14419329220.635826
6924436614.441361
12347751270.194435
19730724342.038414
37193729140.05146
21974930184.31661
9342125856.553738
8665348832.378275
22560784899.319206
13236454145.345737
9304545249.619682
33123540683.452354
28267085605.706375
9959619713.295736
29784799641.730717
20050118035.733902
11445026953.308865
12915550154.768827
6874213262.383269
24028403138.084385
6656931812.988016
11697837798.51827
7629748954.308463
15443597474.00305
15625687767.747171
9574911519.295979
24857886827.95073
9979171265.012539
18081424852.993275
17121012392.734966
12132829620.833818
21791939058.64318
9864590268.801838
17718191825.751022
25435935003.281067
14212126364.435305
17233685607.935043
14055300084.860678
16131287911.116335
13814812527.42737
25343031077.101234
32865625506.884727
9221855146.892742
1719041726.2558434
3186293912.8737073
1858077316.7553833
13132617107.90895
8982653819.354586
8086534890.43621
11467581681.432148
38204882101.265686
12939761502.446829
17878780698.69018
30905229806.70778
19932958679.916832
13394606434.597303
24742311679.662315
9482099872.166214
14465984316.445261
41161840517.13043
6739197381.731295
15292604689.727228
11447396348.52073
35417667247.12717
11787701529.186255
11857237987.06825
13574463657.957342
13942906158.783873
11216892381.070154
6468416376.949147
18818889578.762474
12669273904.583181
13261919350.68169
7145472493.203092
23967529785.720505
11671771969.266064
17711934655.206005
9102416827.732132
28288740913.261963
16156832741.070314
20362258615.957706
23602053296.216118
15971715632.854664
16722528653.781277
5174883236.414776
19719029705.91373
32709315159.80823
16166132273.39289
11465968885.029242
21936850538.549545
22926730202.972652
5863625019.481322
9580540925.078444
8647909509.951244
11410379032.863403
10988835274.631762
10048898916.867947
19088478348.31369
10815342238.122236
27227721659.29175
10069624544.775736
13134431626.138775
12010143908.080925
35157273649.608475
9911707212.757408
13768665205.576046
34969407712.25838
21689940393.794872
11259644845.226208
15019373028.259727
25287311513.2285
8464846455.683171
7764720253.75347
26551141936.589592
39811390390.92137
37254655333.51135
13166230898.610817
36989710679.16504
6772543127.548928
12931497035.569551
12661865406.927584
55009710222.3118
23146008914.14867
12721189118.266678
29605828885.86505
24369618518.208275
11227520236.201017
9370894491.541979
19406043785.243366
8607622047.567392
7767599619.483627
13498977614.791279
15369250684.254047
7219574202.904853
7005289493.748449
8393720249.673023
11389363303.212994
13875903555.877937
23791021168.966503
30135078793.51783
21152491884.182182
9395485851.790648
34867500712.89691
15480261839.281534
8277666848.673529
26869551752.29378
12328217953.049543
11069890672.33826
16362266237.12334
11747587704.179344
18876951892.14222
23578110299.64262
13776143722.343102
23414399125.91772
26617808540.89596
32878438267.85117
4910430323.830065
13081419429.298676
13794198467.996176
17307049993.231464
6673648653.432738
12115288840.586628
18492128134.16295
14371244370.555328
19461429304.488155
8764511873.97518
8685424415.46883
21278664442.77347
13080451958.345224
22788692024.73926
15927478657.414196
16362368265.467972
43121591657.817635
10101680206.500973
10614395239.726572
18343736996.019722
20981221403.745163
12292375589.083696
15808389048.192984
34318558756.81016
22295729081.447536
12687360038.026329
13385416147.007095
9861073339.571436
10103290856.779097
12351504815.47192
12353311463.753723
18676242220.225132
26907227721.544937
20331834542.988007
20075552065.056004
26415271021.683266
30971415903.58087
22666212048.505123
27884749574.114513
12979506344.729256
10535742989.117584
21102706494.554977
14745235202.306702
17433840898.350082
12735454575.350086
12003539011.678354
16239942079.528618
14100970847.826391
14489146289.172522
30706522570.833633
17813561662.694733
14425619331.496265
17551702775.064037
25591554184.59565
23140467949.988174
18526569547.0178
32465313766.470123
22979795482.157143
25290511892.436684
27219393122.580208
21251305401.86165
26285940085.21685
10890797147.314875
15015151618.883686
9949586221.225634
7746063138.064085
21486350900.91229
66283665093.691284
8627441305.534445
23710006636.981174
7570909416.50272
8224942675.500758
5914767087.161681
19932990358.112568
25774694222.001324
26258838834.484142
12336141685.844288
12390467086.560629
11079091597.74833
19031903239.937233
9158170588.483118
11904110129.28712
14366484651.37925
26974416374.13456
15660678568.72074
9469389791.350882
11009423927.92197
13425039884.170229
9264148237.55185
7226911428.583372
10195902831.763594
21283150052.293385
7030507870.812469
15785429883.063393
12177636802.624811
7167387292.356844
24823741200.811337
13817444876.527271
13761445927.849428
18385660810.683983
13502195091.394882
24009662973.813988
24035579117.657978
9869944254.870962
9557973166.501614
17820778082.519978
8578218839.31967
10954736779.809544
18213746397.086708
33170362333.3013
17327625292.435184
26380919147.579964
11047016613.534481
8517677623.950104
19322645069.228657
37090841462.64119
9893142300.696432
39098395764.041885
20772148130.092243
15367439677.820269
8261651867.751664
11315991981.15925
5990176073.050397
16994862662.773396
12641581759.504557
16844940976.91276
24749967643.969364
15860337935.495552
19421651078.72819
5410349449.608555
11987690468.031761
34197646050.570103
22690586207.864513
29436504610.64934
17675789844.425816
21867079920.60792
7578767993.5106735
32372945852.80353
10158521277.942196
11653444362.5314
13544606593.605604
7647691573.516848
29846481611.101875
19767008772.99065
16573094484.732737
13148056679.670725
8281452609.561377
8944113962.00798
17555284194.014206
8719481788.611164
10180009186.405968
15940476786.584259
14237973943.607315
20595643107.799473
33762263088.541443
9296624890.428818
15696139440.196749
9633037000.001217
20829454235.012913
17943714192.31774
11481448527.483644
11671004683.299257
15759319477.330454
49412595351.63028
26278009795.948483
5993260004.180792
30538385390.128338
15426271354.336605
20443987212.560295
10104496136.355656
31408814316.355
33705534353.194054
32525766883.187172
14285653576.868437
17363630207.254555
16056327066.659985
3449478479.2908406
19481633232.0221
3728471286.998433
18290715941.400135
16246469633.255503
18198683030.10164
8376938217.152066
8937167733.783192
5096811775.313345
16065038445.140768
19114363709.91872
17571848668.347054
3490843395.0346437
16173477079.755384
15341913809.066614
3773181784.99568
12364087548.860363
10674194081.342749
29147969933.34351
10623567503.407236
11905862769.931961
18992735225.273785
30394175554.582302
13588112991.775839
23486175943.554546
7888530663.08017
29662355293.96305
9400742023.52378
35935046111.01958
21734666260.268547
22073990450.27876
13506884706.145676
16047648248.147594
29134928320.704563
6352844787.453302
24421001245.636402
13075489716.63274
9062505260.776121
5789479163.388787
9616131288.148624
7050391219.188312
15266690344.812765
25483381832.168297
19775251105.67353
5775876293.809029
11585336634.4589
16612599415.058687
8708620623.501726
20613739298.564697
7828916083.907001
15592802376.175001
17128786595.303991
9289972438.895287
12575813416.797846
8980113281.357523
13635867875.865479
15122551007.764345
4345198056.566855
22253693678.991467
11822915301.472239
11517085581.502247
8746709130.585526
17737677437.594425
27664134939.96476
15032798478.110838
16868214803.195934
8423911191.052291
15297687935.308807
17348034457.85371
15976581626.192764
18647786437.15852
7406500228.128047
26695882485.94002
11414293193.053225
18291352008.56856
12110450236.95498
16056663805.241213
16477192805.523706
17605580876.690926
7757212424.349822
12671018553.397615
14397302019.662167
17682236586.143223
14350511517.629362
8064269599.579173
19048677948.53378
10145963160.648905
7748757982.990417
15008897885.232697
12423545362.348118
38775906069.26131
16241960774.394043
23687538851.262806
10243756467.054588
7279260271.728968
23347497437.321915
16551835176.114388
18432366133.159027
24649909349.658142
13911835555.527197
9795691472.763157
19574314942.692436
17000943140.736305
17044900391.892702
3290357157.6943035
16401398715.854473
25217768942.606907
18376234405.517185
49743387159.43731
17743231997.279743
10411521451.239107
15650751328.924763
8439735734.727883
12479166704.140713
17879622610.118843
12157552437.364336
13252289187.279175
30557355946.84351
10039527055.814985
13834245853.734818
22124068534.93205
20019443956.545135
26750148868.048534
35321310536.29797
10997871841.553398
11128943283.659863
22117794490.55483
12536844266.500698
32617909236.242058
10910730163.375038
18258221371.522453
18759122097.342503
26814801340.44538
23950440720.579166
26884892903.51997
7900044641.637096
26113732171.618465
20499707749.831295
18835945981.22551
16950962386.072657
12808730477.87945
16115272689.340565
12836822028.603113
6261419440.639156
13264848583.069897
10058795404.573366
12197297783.701393
9831841156.91714
10353633077.260637
14140852554.777792
23469591334.27958
7347657907.655014
18018753747.37521
17038654262.011225
7723888787.678835
6053364657.75737
4933459762.382951
2737641700.2299743
3442675770.8888593
6355675730.705591
13054532745.825102
16032606726.355236
12366938684.199923
14968091328.964628
12846391918.016712
7616718570.897773
13375079648.716394
10856047743.543823
7933348392.062381
13801801865.088238
25705865231.290062
15656711755.411938
10786257838.277143
8715546404.974855
18366678971.791344
6997870030.113887
11646927075.238249
17906562647.294827
13944874495.194454
12170956118.281893
20778550851.923107
22728135833.069878
9431952459.032171
27747165477.794456
7111333849.934464
41610623587.331535
9097110973.23499
11376737138.330317
30429317448.114532
11530452490.711308
12503665255.603827
12478146005.4036
24300297404.19209
20892620210.51902
22487795471.866405
35716149154.29319
16713909246.460205
16698127368.81118
7668221321.331705
31050154450.48667
19682324466.062946
15514576505.249395
20085311082.902527
9168578352.568405
9327315741.38545
17938978096.879063
18983010783.467365
8521168457.00992
12147501808.129642
10629850631.407993
22631073486.434277
12403205517.79542
4602090915.646559
23949854061.17219
9616053740.181133
16147730003.750376
22994047754.245518
12894066108.342709
8927728646.484493
13704539186.758774
12771326006.986372
13745161736.200205
14341560828.89415
9101713340.214127
10001659172.821419
12658207963.82896
19480782034.159973
18080001294.186153
11085517526.106207
15862214324.918015
8616063625.876505
11388038433.76065
20200585496.41865
8335042085.04015
16020025751.951784
12337710783.872385
11321943791.564386
12486456383.994066
23619147096.292957
23992672240.577084
12267824354.177095
7478530191.568661
23431819044.55381
7779771530.163211
12608630256.486975
24742675832.021965
23626576659.9335
10748678595.94532
12920278921.171806
24797290676.810936
22222132358.371666
12290210587.49163
15531498625.544645
15676794056.955442
9850537904.813175
10589100462.38584
21881446649.94115
9415893665.689138
9539518835.002766
17004095347.133091
6122739800.783883
4400742566.351403
7667857265.406738
32947486048.030277
12397188371.036285
9354914065.168333
14923815044.67677
10771886024.950047
16983939058.516697
15001496323.747396
14966031299.516825
18468223960.59768
10656416931.581856
10151264550.202724
32646577657.553364
7959647459.770608
14154179849.321619
8161195332.257585
23556117990.895035
13084908995.671665
37076472722.982864
28270864125.308502
9814060150.026157
23293069663.291447
8009159146.099878
8043397131.957045
13528650751.04084
8766860556.68976
18307733093.685078
11120665103.259747
6232776960.10353
15392360403.771988
12877745483.060688
15942161281.817434
25880720401.46976
13084487901.645924
19830521850.441685
15360625801.955004
9376462056.108559
7672386951.1205635
9960889660.313171
11877728499.643183
14390522867.358162
4567606951.052887
4715490821.029772
6322951013.475077
7225695029.237671
9429934795.729685
9421739276.493567
7377795193.78781
19647408329.34732
9056541511.560095
7640994427.499414
15350384215.878725
11448222787.59356
10078579187.969006
11475979666.83083
13362879048.131584
8475928123.358268
25300040596.23481
9746898779.52447
8792637352.146774
12821610068.864723
29042238614.625034
29350005936.58512
6320529500.802093
8757367421.142199
9047508815.861214
8425399838.419554
23846661424.446434
10219298366.41945
13173373672.73489
3731865570.9266677
6127281778.916065
15061050239.211458
9203126523.495766
6186195565.858126
20258490625.74268
8632396174.6043
7109398006.83681
24688524789.167553
15216616405.298792
11923074779.49487
8758270198.112112
20158099580.695
13137400679.961926
10941966951.325874
15424342948.848097
12932067079.352472
15427569596.994371
9093033856.919046
12451487246.020151
17189702668.979557
28224648529.162052
20560114316.48189
17469622076.949944
18041797335.740376
15692061575.631727
13393783775.799997
9290858782.791292
11825562251.841303
16176021518.70518
23198962578.11716
8488150641.365823
18484478993.481083
16950661825.38207
12129566657.723413
22382062227.168602
18446257496.65593
19949502175.088898
10343934857.10883
26186335451.056614
13946951390.80477
16724435272.731524
43367378284.88478
20683505992.104515
27391835660.19273
9357377692.711996
10191015726.539001
10727481838.613869
9543900199.21887
24861122163.850605
9713745827.980663
35297245397.93053
8214715962.814615
30481488746.209984
9223568105.484503
10022090819.112411
9138116368.589003
16261440987.007322
10406363436.802765
8780590887.523718
6416652564.955873
12663464993.50218
18841917741.39236
9456536020.868597
30227508661.829025
11053094225.287977
28144201890.535896
15935266642.716747
7625545291.017687
7355555274.783232
7864785277.3002
3784630261.220719
17574526507.016727
5756071390.847363
4441826371.838743
26094279369.8305
8974864132.030888
7292856657.440295
17574520375.784138
5117994617.795739
17881168280.363327
6419221647.035257
9836375407.561134
10994595735.86709
10670079979.384962
12825861614.80049
12116379859.517897
6067748272.957257
17576595860.611557
13621038039.43893
20063178115.41073
11800837350.492266
6799869988.358858
18663909823.577927
22991598010.474358
27992408709.71507
11577524399.414072
12711847712.97563
20345871323.656906
5170591238.491689
7523572441.358027
5976536319.150243
7715776388.328011
14996238272.96438
34284871603.4263
13434479848.057224
7495520489.49439
26853802160.5923
9500460437.555191
14434793400.041613
37500477746.589195
28376715461.129234
36303199787.677284
16809032617.185558
16830681646.26705
32913732559.122044
26857691762.284874
15767727231.991999
24949780630.236397
12393672636.762691
16914639643.53541
31596269508.78913
25712664767.377846
14626514764.225494
11202728952.876345
9324441569.661598
33859791698.37399
14323847702.053467
18970089410.887833
3464494676.7885904
21167422641.182262
15226113780.659348
7752111315.368462
10890905497.5929
21427961982.232456
22437580022.089867
40176042240.15951
9556733959.437954
17137808641.389328
41774734710.35206
11413742968.09978
27306981638.752613
8785129851.428461
27363187076.11686
8346058749.570483
7696316722.483394
29838389885.561615
48902531911.64904
20783666675.34519
15644912769.078289
11355138362.987991
12866484011.150394
17898989689.02467
9763972236.12309
17397622834.48768
16903779105.577711
17924543723.96132
13515485032.300066
15980797305.773575
25947539872.445976
26094136490.761417
13631692053.556557
19047949012.75992
11840735589.749874
11434347965.562151
12304992797.273355
21121352284.521744
15719467416.823746
35137934785.46456
23129829146.254536
13354039423.408007
19918877203.96187
18734486637.445927
26868894993.008823
4873198697.6583
19691588955.18405
12315609302.043507
15354928969.577177
4869836741.375595
14038302632.851414
17331943491.79809
24335062208.04079
7015613611.393344
13774880893.549616
14343179371.602648
13979028331.756683
19248251894.422417
27968771598.201336
15428048785.524
23468782220.960373
16525535512.346033
6291736876.116124
20423274026.386887
11177599618.173359
6629642098.585109
6873005659.712987
19525375741.33683
14719971315.06896
11593923517.746147
3696205073.8229084
12506118374.469213
10906323419.291508
11377537209.027063
12812023269.485285
12531747475.033787
17212055986.875065
13075988350.010092
42556750155.52125
14146636389.664845
10184753278.1669
14353674030.396687
7869295715.2906685
24667182817.541653
17245959799.98741
48225778179.25209
31260887548.058502
26553647811.569523
18247707694.70195
11622883902.610008
10323164115.96044
12508064556.755735
14860699531.428621
29106815162.30548
19748678362.75699
8598710903.339115
18888654423.82256
8957859414.990356
13181704479.619362
25333338924.824127
18318501256.254612
11527243115.043203
5549815313.593395
9694223224.208683
4840194843.351447
16521659503.037544
14394542926.258144
6358332450.780622
12636349209.5201
22917881682.895683
12474748762.517628
10396579540.058508
17521979201.533478
13637872846.090189
13734392118.081629
23787667538.83753
21775800937.69803
12363800981.118841
11050851070.096607
17104955125.04968
7659365819.703179
18234817822.284897
16607226596.912241
26210074066.34006
42905232850.33485
9222611242.737242
21742229603.993404
18770546181.686596
19568808541.085304
16910218597.970863
20742400467.054787
5762596024.934402
19443554835.501076
16782346792.923264
17565010904.859848
22265626730.533676
25721558527.401638
9060554718.99914
26026210285.6291
22877376310.491325
17787166720.620174
24109673901.643677
13596881735.105543
14755959518.010283
10332959285.464226
6858768103.209015
11010573677.853355
7266504456.263769
7470301172.094921
7510602800.343022
13768187662.83973
34177145155.60046
13002655847.077866
11874290893.146448
28364476243.330025
24615482551.335175
17617848395.901104
29377029471.163933
10905048203.107004
17000522810.384674
34139839910.778946
10336978279.898756
20027252274.469624
28750782933.01691
18927690217.671753
15156998294.892923
16064271278.715654
25545735736.23409
15643842582.250296
25386080067.731873
15177371622.78799
8509301822.208342
17130715596.077593
23865077352.28611
7850734919.369882
14374385751.584585
10369631618.540272
10756318049.29141
23988759997.29154
8120737957.859289
25241840024.974476
6923218658.398405
7114268360.394882
11243786078.001354
12554379798.466644
20999702701.34875
10892679796.106733
34119365518.296204
30465203192.091324
13258446914.939547
8698541492.484228
12512843693.35893
17474469484.108673
39054620686.90267
22348073973.495266
10317386846.234552
17599822964.73215
14231146533.777336
40581292792.30855
7691167736.30294
13586832932.082626
4202943658.183306
14063751366.889814
19972254599.70067
10923354734.28808
19063150354.152058
6992405751.430482
8533865417.573224
28382873117.329666
12913120512.480501
26768942964.15557
14467171002.152529
9899954483.249052
31009831552.121742
7905783191.848388
14508425476.431705
16090241289.153034
10402221720.753674
4623246775.191768
11446206027.510006
9362639542.906097
17025808767.6246
11961644016.18915
16183261104.06756
15156033582.190407
19710785998.72917
14051755353.171995
29255092908.091324
10772284558.511318
23444090209.820213
17643659804.651936
13329936185.186525
11206334192.290716
13082320477.708683
6861986026.63342
23162882342.27856
17364816369.543175
10609620446.66895
18945609378.109215
18994060442.801094
15401952469.655941
19271882275.04648
17907400000.988197
42223372469.18995
48663510205.49923
19184195781.879257
19216099593.29791
18885698003.14241
4951647295.456402
21920898089.53481
16140206709.696568
19850279323.436115
12434817627.069016
21091393417.532497
6977575717.155962
30546397471.025917
8071461084.899516
13409962502.896147
7119802609.875044
11093266144.636969
10470160044.614632
5316569269.695469
21487498897.475307
17384263070.48875
12922754804.396349
10871786972.82177
20363549299.46651
29818696769.544247
8107555921.06266
47015692529.85692
16157728574.809855
19866360394.66864
21922772921.125084
10426643631.874104
19303256943.917717
7109275455.380786
14605821439.695904
6769932247.945029
14189518935.79467
35872935238.329346
23738316875.472054
7485628486.809282
16905168634.01494
6404318735.189004
3893870361.3148866
6198892818.339767
4120791682.9510083
6094910552.008743
13177004213.593088
26255214603.38781
19487841185.209354
15298274729.420187
12649959827.468348
9091196202.714823
14310562040.612103
11840804759.237568
28419519635.691597
21026366899.250618
24180564453.608124
22586340820.80639
26092744424.00194
10183348596.376343
16345738793.900911
11046901659.76158
5077951929.918673
18947711183.0694
10875772316.448933
21720704835.916878
13604529291.481115
16006454360.781712
13807187917.02129
9554706405.10302
10793480207.870136
61346655106.12684
23917706661.85496
8034891931.585729
14088324480.30491
28580010856.192173
23459677557.00138
43985377482.56794
14231301782.306305
9404894784.975418
18762748650.289444
16342255087.246912
10957793516.575462
22011009750.722294
8172034645.853232
13996746367.552649
22763745315.28283
16238881900.218538
5666852225.309345
22691051568.993862
15703145980.818438
14347546988.91185
22730389312.771713
6134549958.870025
9874668458.037697
5384476249.879371
4366029610.746224
10377876672.303856
20633462206.444237
8055653433.718854
127392870221.41907
6024030418.303317
8911323262.093313
22244603091.479424
15298025874.860283
19491993186.34751
16236931011.56654
27348279682.867947
6183076668.776491
42212457446.15422
14176736290.644144
14214893566.726238
9026354646.07861
8863525205.84772
19262462959.067192
5665901885.1623535
14562067320.346354
9451848449.904873
11739577043.027788
22876848169.564266
30724970797.885807
11160958040.630829
5568288066.420761
15277407681.97681
7170873470.606603
31312560845.79971
27081734864.273552
23889590253.96547
15387917118.226969
25618128209.75894
20006147253.165455
16407517063.527092
14267690795.967907
20582811729.280838
20291624155.89668
8843688820.98215
28963740864.981503
9518380862.966692
11149010392.636694
14770198067.598707
17323563254.5727
17268056418.387127
37480178461.55064
18598562766.975506
14028799034.539198
38896920287.99032
15466979824.591093
10012320721.65312
15256632847.701206
16666776856.797874
13299486794.7744
20688845841.47997
9509999149.118128
20960338286.11338
8056056456.39388
9616967977.100529
22623889174.836082
9164031264.658697
27890761384.73913
8815250685.633251
19596795939.102417
9892106175.464138
19235473049.943207
19660780133.06203
22149561048.78313
24853419789.553402
8218392133.123814
14171200110.33364
9255989600.276125
7767793537.236731
20511081753.743053
17375385038.18749
13441171479.607496
22690353265.12215
17180409368.689186
12760261433.593987
27073602083.213585
16870933427.004297
57887635710.39652
25633778950.748276
17140703992.328808
16884405406.651207
17591457418.192295
14874388922.561657
14231190820.977861
22764154604.1585
10055233334.617043
19270407829.85684
8849990102.977308
13800044626.024424
8162842695.6935
16906475008.860237
32473138195.830627
22397265915.241894
35446403405.4671
19754287621.136417
15213077934.495161
14172277655.033857
14649169448.158909
15034402360.282446
14430125853.882093
20394107304.345707
17620680399.08584
24316001742.205822
9532690505.78766
18630075980.826145
28663960723.766205
14249052393.807472
12978860979.324903
12807204177.707077
15903974603.518576
8514684407.091538
16225219264.74702
17295301582.493687
12191925330.04136
13736940643.962315
26102506083.607777
37705960956.11887
34550286308.30507
11352034403.815516
19612109860.822487
13806251553.402433
18394608658.287224
14413210449.06736
15881148466.807983
9064585393.50123
18418591189.374626
14633898208.487013
16276601381.795076
19795973316.347057
18740333611.27338
27254040338.286427
14342575953.33292
20105007311.349495
8803086711.81887
10600718656.605288
12390849128.81114
8860753601.269228
13899164084.29294
31225352365.76465
24434019478.127327
13850916441.069809
21109291938.36485
11375349014.035326
14026511324.834494
18291065412.870834
24834617990.23923
18058437309.605957
20033494205.471237
18897124342.931587
20355676052.37987
16601656254.98933
35259388950.07658
21265228301.48896
28978880287.10725
12072645675.361893
19167148216.241135
22280659470.37502
12711201653.818169
30208058443.862537
24688460875.693947
25751078659.622936
19187614882.521915
26269764287.84097
12539620500.429693
12055319736.611244
12121720995.809668
4812275770.132891
9884538091.210688
19695012761.117805
16732314302.027489
24770257966.265343
8705541696.030436
5408575453.4106045
12920292091.533285
10138736682.274158
16677950173.65713
15506720873.34255
6257966255.871016
9896200929.80162
11163553692.980988
13153583611.764332
22628863806.41431
10057638655.796152
10339216074.345387
13690601062.276402
13762797250.256535
17500567296.942238
8300192726.433578
8511917380.106761
21934062142.799816
25005025241.524723
8966851834.347958
13279195422.711775
9782608252.581535
9530489945.734125
6616036984.325337
10849907385.732138
32848482497.10568
29013908716.938995
26003030559.269913
18262441627.31095
37089334947.24566
10608811817.02384
16582267988.144827
11948176199.389133
22530444346.60922
34543105540.748055
35396173355.2809
20994413595.013817
24295792291.235764
21894361913.941696
7718555618.506295
22992350218.73845
21496971910.96364
10090833557.118185
10870155923.994596
29029722873.945652
23040926375.463852
4030831401.5873814
21346572420.90055
10027197743.712713
20064609552.193474
12133163754.338827
15446215715.49302
2958643713.6016326
11209385660.033821
23452014719.651756
17658001550.976013
25760259884.34762
12646345161.264399
20217782583.593956
9643124794.429775
11551709646.560999
11577411833.968336
22305666046.993435
22550569947.646317
4286151507.233451
19861695700.50385
14629078300.938183
8391115875.373128
29667969722.892017
13187731739.005175
8593580236.55323
9126394197.084995
14395970377.086472
11523284763.200205
17797972160.71527
11542030934.6227
8145308868.725069
16013375227.075241
3498619050.2413893
25808266985.86735
16245524414.281834
9562526195.651909
11490528510.123495
13210825777.719074
8620294275.182951
16715116418.67628
9793037084.23219
12711367623.924404
3733109285.0645976
15100672458.758493
9848969301.312485
22942619796.199627
3898379332.0326953
32815903170.423313
7492495416.332525
4305050134.175176
23687613905.63863
25598551986.072586
28098580168.685005
19969038321.289913
18295010036.29515
17082249039.151705
44023394721.18067
6488536350.6313095
14257117204.85209
13468752216.611519
19240877771.850124
3711813252.50784
22974573354.909386
16369863840.356918
12660217644.248672
9520560720.826195
7701226833.1684065
14075502804.548431
26093952221.12801
13195682793.96492
23188978761.609104
51135790071.39011
11944397536.593748
14102681453.639252
24394301562.133057
12278708560.31811
23671790059.903057
21912103001.30917
20383393628.638683
34341719230.584908
20762171795.383358
4782803296.780814
17293165254.840797
7296691493.723716
9735188414.991045
15612506530.48213
8502546617.942365
23272573976.59255
5325503274.300155
22462000041.37604
10741247039.667253
9604766978.476238
19061221392.512497
26507361461.21683
5804416011.188929
37166552289.16508
8596526133.654585
8907997663.4372
15981326166.361525
14329776953.85859
13723988940.827433
4361611414.282711
14781270242.594929
20477014968.721954
7869441255.721096
13573846850.747368
18781285040.433796
12699268728.980661
22021498173.4625
12236464849.807772
11475652544.702776
10022470417.650585
13564517652.171686
31333363544.26181
37058701877.19446
13554694190.377394
8783230964.842037
30860177638.292206
18561252701.23133
9980287167.356709
10115134561.66144
26694237789.466236
37241793362.25424
13917792604.043869
16219930328.643269
11185672443.106508
6260710290.358573
15026056060.139618
15602567175.009094
15260060380.455864
13911114073.174147
28175397935.802277
30755158781.366016
19433042659.146038
14103772917.32247
11828062912.163324
14463055960.171425
6861579139.808548
13764723926.510002
17425434670.169296
13220886276.661674
9509378764.748922
18704960406.601025
14795457552.594912
12177960412.802343
35328632205.158356
14957636495.652088
15809999232.760519
3854317050.164937
10311142846.68666
14932802860.100342
14560489909.154343
8822599412.430956
20871841378.278008
13168596641.971916
7063719770.942504
32066305026.945663
12994048241.165426
11721518015.984093
6128732603.848712
15525304054.105707
8727862196.760841
4267884175.4200807
9899964356.184998
21913998599.08113
4991704123.03614
3723597391.2186947
2192327478.5896554
4112035305.7899737
7184063333.728192
20314487161.443466
18636346546.1644
22022868788.526905
31267576347.292343
5666624498.549835
11358061491.416094
25191442746.781116
9681108332.206102
12992395445.453827
6649330648.086061
15419286990.552261
16306237040.22925
9102937882.985826
9362566137.250303
22112677872.24941
4646155398.861427
7563680478.674397
20543076928.90219
9288377722.408995
6120498220.793228
14198791147.750818
17943359056.208515
10717592286.714996
25062423880.919174
22239287765.98873
8572235159.532506
8392368209.353722
14271980589.268349
6923177741.367455
14087314431.536564
3667357378.045801
11322490103.335178
2729885518.6004663
4292800668.2135105
7547878214.311112
13388007936.01585
14828457913.568617
17784194542.200684
14244447883.207695
12207580021.013735
16890866866.966312
11004811345.73325
13820444155.911793
11717235529.869864
21764257281.121815
12525495390.027317
15243830176.864513
9958884487.535439
15057673861.45923
9908912417.858494
21069696897.482597
13598233321.5502
42959840391.81932
10618625521.456547
24148485512.75729
7894675231.995364
37657298415.67084
23202340453.892487
24085277845.637043
16118532867.128696
29952929759.70218
29385141174.690033
34514636266.76492
35422173286.380646
14182685039.60252
9550974045.04746
12817505699.83272
16278391448.375858
22606879145.05563
14173995236.066559
15440378220.574549
20544936192.289085
13896613032.320734
17794672069.239468
19542900438.466026
13191094465.220436
4691218644.915838
13279697059.67511
19739580487.540947
12363288770.064123
39058376167.013626
13838024809.012255
15831069686.3766
9654278652.131111
14040497430.06106
22313585475.607075
9361898801.021353
32527860574.635998
14049484583.245504
13391439418.283094
19475764257.523594
11237781414.832623
11992023522.634192
10705070271.906446
8973036972.550322
11895610640.71267
5918813436.097309
28834058919.10306
11852880149.879847
7410922786.808702
23166241960.275265
10762025241.29731
29381696536.038692
36295744641.43361
11583237865.777956
37990952618.098206
15276985760.830385
13891054240.400862
15845571909.744272
21487974807.48949
21423979312.54221
19716230347.680065
7439007174.081562
35374564884.07839
18785784231.832687
39342521341.80686
4075476259.6404777
16123391062.720337
19593860142.945366
13399974790.672737
21735602986.84503
15539231399.770618
14474022542.853874
20735454748.602932
14840826192.17794
9186134501.94556
21942204797.895382
18498895846.962032
9870293266.23529
15836428555.777735
24851697373.847755
17461904547.441093
13320125862.233513
22684497472.03005
30978946366.95992
10269062968.174473
9018389870.346434
16313631336.046318
18747021936.723072
43607770427.916016
32055858834.120743
12846004044.961674
20377969544.32422
14959050538.00348
9122988889.407516
18919732662.711227
54210970845.32056
39545162344.33257
8132602320.307113
8482492601.692625
40841306874.923485
17622872164.75906
32284950272.80385
15678510175.48636
40681702045.981094
23228726887.59517
22935747967.2401
14405010886.749369
28683277548.67546
15443498902.289196
17952991409.441925
17937234044.51582
22959913297.167706
8802710955.56043
22536581736.58211
26273382715.964634
10328085880.155771
17837764349.56682
3406428998.660589
9819940355.027287
3465405169.6267858
3482095761.1257
3165894887.7607837
14583919948.356163
29298741761.740112
38016340592.2591
9535970132.327944
29402141789.726612
10206776375.316256
8365259084.287035
3014344530.414257
14537966718.34777
8176967990.58142
10383159298.274885
16738489073.72587
6369646371.66534
12986614402.178446
16756739631.231867
23976558499.675133
11205806420.756794
19689149983.07543
17110808708.330788
32121682240.43046
11984447468.135347
10082955522.126682
14936889546.10621
8732078304.156448
10215420706.439959
19135797990.640255
29382896950.437885
12998710657.871881
25777637644.754936
5655416548.591077
14453845077.972876
18298480001.823772
12938467211.920494
18128485391.787212
41018175417.04273
26671733990.77332
22666211447.49364
13504761365.55307
12108822544.190311
27203284705.9868
21938519099.08073
24651106009.04328
21760451501.5537
15515746243.027454
27855349913.414913
9166439955.23326
27015205570.05395
5920358654.210216
6953834804.518695
21262038962.00653
13662595018.204395
9795908381.991514
8520211688.940047
45861851719.3181
13333570113.547186
14806374274.980307
18180221538.3111
10442602005.185358
16869930909.548407
14966525057.279741
7459538132.4256315
22698019623.44616
11775946432.598816
27982149502.73906
8663669975.093628
9194058539.963842
12805661674.444588
17089294248.30808
18626001049.93411
12677431694.53725
16315813073.207005
44993809471.93993
21545211989.383728
7939901905.796181
4093361134.2670193
3382438708.214685
4476464851.716225
8353856976.157877
5674810668.97347
9616529156.194948
11034247826.329645
20008869616.1985
9105862267.23172
9221439266.836395
11762923790.640808
7159066133.001155
11726786621.798786
12593047339.819466
9364916402.695978
17548621632.025818
5714121869.54254
9616693969.555042
12136440250.17579
13981614714.188614
24903411985.19681
4057238861.915366
18174403596.11378
39321640085.73737
6158509503.22139
5602751303.561206
16634770754.161272
9865107062.296421
6171130290.476063
21257417583.70295
9645085615.889109
13350919802.344933
23428104112.82917
14313416139.221865
17185788498.12551
43662886570.056755
8872052673.685183
17875991357.279312
14346989517.91661
13132069594.632448
10803159863.735727
11198361626.164083
20844120762.35809
11595235711.71486
6792292573.048159
18442391763.794624
6782018883.23238
14902129341.789711
20269048933.98408
28056432666.73118
16897888965.990482
14394879791.647648
36909279815.79412
9462866205.033207
21147290606.57039
8939032752.242367
15186698972.033413
7961138203.9874115
7156940878.0080595
7765956333.639853
15218977383.953226
9739836439.848377
20760114333.087013
14786651129.55445
9937255090.441238
15286149437.307076
13982782886.922546
27577201230.341034
15173626314.913507
5242189135.714005
25644455639.129116
11968594918.613953
11127096883.019949
12038171759.0422
36203432773.77705
10158107817.558424
12214351778.876287
25291691834.400406
12289042052.4083
5978700528.528006
14232848252.181772
9839195682.03304
10306147396.033167
47205474104.994385
17012340619.073376
28914902104.930477
18168509159.03179
11703486775.621006
10370965231.025713
21746950422.011337
15769466057.24845
28599993266.028477
3652811316.047758
17149320490.057434
12379184223.267216
21029792011.3686
18127983594.352257
11586950205.811089
9271946338.057674
12771746683.094465
5957530364.364699
23038629092.265778
13786730478.593529
31933874091.240997
33146976841.072662
21053272722.2062
7001776632.033001
16205898411.198664
14467455473.655352
20711385369.883286
7958533710.267281
19086369437.92185
14190924034.265444
10168619878.766905
18007628869.05976
12848084232.844568
25725299530.82325
9289005778.341227
13692364768.357418
13746850344.243172
24803733033.96129
22077976677.519596
15112285889.669386
17629396492.66835
14666232664.477884
8326871415.664015
5351870595.108602
12261106836.359695
7440703988.743543
4655263250.053756
13789905363.830315
7669775755.80974
9885378121.977972
5972514122.317274
12586566475.533195
14431824139.035603
6810849810.057341
2495345888.1431193
2654667881.1248426
3841479116.304406
10228874924.67922
2938111005.68924
9379028229.116024
18510408028.35762
21420801801.42238
16327453368.877354
21570304338.58044
10861691392.412642
35375640658.251
12146550849.87827
20715542111.190998
10210939428.31762
10008810715.115002
25866064964.916668
16326734474.334717
20991421708.84872
22407886511.994728
30994531865.277176
26640481495.72767
32506972750.75749
22299126117.169273
14029843234.143364
11253567326.303045
21087403288.380856
7197421800.240453
19246562297.18493
11531722776.882524
29405337486.612793
21338910156.12533
10397038256.999294
13143558095.869484
13198346723.430422
11474534036.083202
19643650456.723778
14587533079.489416
30872683413.144722
18232318437.557312
7204004886.794015
13089353543.777925
14525315624.813965
13282884825.743067
18589185847.196987
12748914980.0932
9715734472.021975
16344231931.662758
13573527744.70313
10438231435.812515
14049979147.261408
14705700189.209404
4198827838.6102586
6399916129.765522
11426954458.231108
6709557214.104732
21833380151.174496
19433989979.82369
11385408704.23451
5676202108.32022
13490996921.585592
13234441557.247194
45467245759.639145
9199168751.279278
25320787488.598522
14098657473.647917
3690594864.7407336
8807555208.830662
17103237445.503786
7395365229.418373
10752725192.428288
4641755737.270833
15073453029.606886
5803251722.303988
15742395434.819391
13896970987.850851
17093745385.725897
32225137029.215652
12193502872.88854
22923403539.32272
5963261834.381021
22288155823.858162
8425100496.691551
8506754619.945247
5089460903.378198
20517408340.051476
29515074145.200485
22051482640.304794
15767867576.557335
10675002088.277103
12084012541.0061
12303860052.227325
25235972134.559494
11673897324.285254
26369769343.61706
14503784842.71738
15439709685.252333
11965807939.420666
13099249979.242458
8281068270.813578
5072314900.900988
18521184361.97109
21462705077.19858
11494926140.065533
15003895520.214079
19080119966.620567
25222881311.17901
65333447211.1061
10174066096.405373
7259236011.415722
9328773088.50961
5502089399.156964
2922367884.1097794
6512327908.687702
13563308950.86118
9086260434.043203
13121966950.192791
10398205826.035246
6073659167.928962
24287280974.886406
10767544546.112131
10643696574.835608
15825160081.20768
10622033117.441511
23179903065.552967
13081984238.53479
31702140121.95723
10269800163.46771
33027121130.442272
11561649001.085346
28198334177.300625
10317062402.131483
6074256501.380337
13309163330.527819
3817820960.12499
42456706439.39475
19966333908.72593
27605041178.74503
15454619959.353533
10957604044.040993
6617418531.286172
16785341167.51012
17697328044.484512
24599204547.916252
7250661138.495093
15120304564.683329
41690496163.90642
14179156296.445559
20923237929.52015
22605095191.659893
12768953991.625685
9675720587.244501
14366082963.57695
8994437808.677105
8432382906.156541
15729658506.819628
7866766438.340103
14045509278.658808
11436540790.876444
21685812279.747463
18357564970.89408
11433505709.824907
14634215373.654879
14202620239.954115
14317684505.179468
10427485846.16555
18490509409.23643
19382966733.48535
7194656053.925864
17627747726.146263
30133085114.376644
19018572120.700943
6541326368.622755
16087691795.194727
17866833586.97205
4187954395.5201387
18516121714.494293
19878490038.299416
17817677581.36116
21891070630.29538
10175884684.538061
14728228451.627514
9172791013.428875
17411003981.552837
16337863259.932678
10263985389.245289
10889255564.635208
11860590906.03581
14434784360.138584
10412499718.083475
10453285560.74794
10110587336.649117
25769611512.271603
15095204548.451862
11605871897.519464
21582189085.827812
10104501680.79687
11060367299.043814
21586249259.52468
4813104859.134783
8175679664.594179
15006573227.964262
9660376163.272934
8418724114.232959
21830781059.465614
24575782646.895798
19458136154.274853
26666920324.52977
17991917129.38796
19540728513.135406
4015013527.5844564
17398564189.905087
3822328529.2637267
2507121734.9231887
14313237659.850481
6630346531.947138
26016317362.946148
18276423114.852043
17045163797.730814
22299267081.701904
13151772961.726269
11969068744.990345
18093256578.338535
15959244624.974186
11427714463.150196
19603884907.948536
10792915323.168697
8646082075.006401
7334484407.697726
12633929139.299551
14535348138.089155
14161068919.811365
27216475620.660435
8399553221.027118
13501830121.067244
12605350451.096106
17058271061.752064
10993850622.824453
17498442094.785137
5807403806.29442
10993850622.824453
13501830121.067244
17883350742.677074
12605350451.096106
17058271061.752064
4916107882.471669
16658206856.038786
9086360883.147812
21034479057.442917
10688757252.807175
13133151206.211226
20383484601.98654
43580180292.688866
36188245561.8254
24034487835.42002
21314343474.29597
9024146441.039154
34318443005.5652
10922579122.53679
11896886967.365097
10485274952.913246
10380732354.957613
14478958029.272049
13936182801.734783
9495880814.552034
29253048786.111553
21603843215.402466
4227982509.1773987
16291116707.142319
3974236794.15086
19177794429.380844
10665640591.325394
17595659826.067867
16618182017.466856
10898366606.65963
20324508184.892822
32211003116.24052
16243212490.396616
18337751226.99351
51137200904.92465
20415999073.01911
42750507123.517654
18355582664.27027
10571903503.058172
7900762968.14774
8540082023.948905
8713287875.127993
17323468441.382095
11041704676.904676
5962641967.179805
5107562134.835316
8664986507.751217
17204578087.66066
9030249685.070013
12054869489.885403
24507205525.7765
16149650064.153687
16473243720.445078
27405665163.98276
33383808975.220272
8546105286.385336
9262936502.189371
8392771436.519918
13113750027.436079
13559476680.23334
16779559140.898996
41828968311.43274
32695981036.057915
13091144841.570723
37923584815.62305
16851737274.235523
8815903635.501099
7012279587.441971
9697089041.982038
10384629156.427435
10607227340.62545
5173889560.350842
8311709034.479678
11576734566.009954
14850807531.44256
8827522474.553535
19317574214.832226
18507790155.88445
36386330776.85353
23011714227.62834
20725477208.78339
13055666494.520521
10992969436.477324
9714542207.930565
5410115744.497456
19628406268.535732
12379991400.379673
20463049330.264744
12292990261.417591
33658521433.402058
8964504124.953672
4318959261.361571
20488091981.163097
26703389679.40753
28157234410.035164
12643984769.074097
11210209174.25154
19016816838.18923
19594394739.678036
15428506376.510168
15106891607.665527
7455774331.406998
17061320743.79586
25564267454.28706
10237378580.013882
33652267519.184032
18013009681.42431
38498529917.12247
11787271406.18059
42850585903.95617
8214787394.10296
6338678380.318133
8870889773.887226
11872409241.083883
24180523413.955868
12418391415.198904
142829245250.59567
9136219977.937782
10174594577.85972
28053112038.491062
17469905543.74883
12000885442.899374
19470666376.253746
11506024645.458347
20315492848.829887
11534512506.89874
45663061537.93229
20656873550.065266
11688545431.521301
9690116939.41178
8634182427.193283
8060407688.773122
19039229682.37442
19578258803.81887
9116681924.09479
17089421367.780815
8954326588.624487
8099240448.147995
25810435294.07892
24218907968.57777
17908215417.353092
15030688821.659893
13074381673.06247
28503817787.652016
10384439042.170916
67253315070.77588
19640802291.620117
18547715363.745525
25964072863.51097
15709160447.851887
22217115971.48081
11611557637.936201
10051387475.228813
18502018040.633583
10249433031.675434
12224679942.073187
22011037632.435814
14965482261.794098
11912267723.502155
23377313785.03203
9592339884.266857
4975147840.467988
26405900455.19613
19913003922.208115
10755543243.096098
12951876046.607288
7781482696.917694
12741516450.272934
15139043608.951555
11414707085.948946
26833124291.130844
13238348799.608402
11051671791.849552
17289946793.10626
13362035670.896713
16873625587.028666
23301911365.68666
15008785022.20232
8676624527.876692
14224402144.012184
12510097184.121204
12173201985.509289
16165315296.893599
8814468498.990252
19561144553.13344
8916135364.166758
19103692042.504795
9357621235.81036
9999409023.08224
13513853964.46165
11164320038.14834
25012619642.639816
9770612090.184547
48856232482.65578
14278728344.07805
23372973916.935646
8312100445.486841
22118075260.686905
20987572584.62986
6923573423.6997795
20533775699.292385
11257112185.75817
9468206425.357977
17456661586.325066
6663748024.095467
5791747814.996949
8587426506.227923
14144168220.164274
19070536146.432327
18354493561.161697
9039035508.539661
14146638398.790667
16222543812.075903
16607544783.778399
23753293824.26937
21440290517.00423
12093071724.057451
12924611407.743519
14129343421.520693
9705940242.89739
14025335682.640402
15900768630.51785
13862752200.801975
15238471557.579786
20860275312.283157
15797277076.889294
16872365405.375208
29034497999.71643
20381635843.256294
17530335729.38999
18671744299.5862
13578622826.867554
3573471570.379108
22122218702.784794
24363926680.116253
8205068690.284915
70695827078.6415
12061570143.922504
9581874024.031412
25097056392.502583
19656569169.39794
9244678016.871395
23054687171.867897
10041015373.211557
16813025547.693195
14329650472.787735
3875718760.7459064
17902728806.676414
7709266846.68175
14958454198.553797
11379016431.545311
4530288033.41857
6208613093.42073
8663638030.029524
14523733494.200552
19096702238.16986
9173200998.50458
18791951157.038177
6300383702.759844
12961446857.635029
20296255261.773323
22100336767.676273
24316396771.76367
24761477393.043003
15662960451.939976
19641313476.900177
16256665989.702797
11702995683.73335
8243648037.950471
7319835314.436397
12234958469.364328
25916411014.30687
15022376910.328186
20992072141.911224
18465154514.498165
16531258313.809717
13193602910.043783
30651229501.53283
9122396821.032671
27336216957.666294
11516378574.01384
8515770662.789227
16554907044.405655
12979028419.77302
21977751817.23759
11668603606.640673
11615955126.532932
12839863688.94496
26731741973.276398
8386720043.751946
8688416521.819946
15075579192.97033
22399625296.745796
4782894844.154029
31321979828.94166
16242282988.334625
30223229164.844776
10694437001.942127
13024722969.965393
12901007420.343832
10438513629.595459
12623599187.747044
6858104968.587629
29752320598.08131
31490209721.645454
9411854070.537222
7949393051.931925
18062780956.099277
9465352221.938662
11316461231.748482
12664521249.798595
10720318799.28028
10004551860.942186
8694405893.21137
6481586313.749695
7910437016.989282
6916475466.710264
26090294082.78036
26309406015.88273
22762322701.162586
15918395022.76841
25384801040.394
11545757279.682343
19438094226.505543
20945776330.194412
16951079973.133232
20859645269.732334
42637202096.27448
12846004059.051603
14959050554.411072
20377969566.675465
19145913916.112926
8085276006.376176
19333629742.52339
47128830265.10049
13241245208.447144
7506525251.126419
34479622356.68046
15315717750.415236
27897175696.80022
15590618213.317833
7801814022.281546
23050701314.353752
23955896759.098732
28106861938.222576
8445129657.689452
16479207066.054405
8450781770.568554
8035208725.379688
27308287393.03336
13786948978.829958
15412598732.810923
16461605081.993523
10382285480.126154
24007871669.57153
2896040670.3776565
6972511111.840791
7945665683.38276
4965874348.424938
5920854981.982583
2192325105.2780075
12568713060.687798
17590587673.160553
22137544359.149628
15748286779.209608
13596087165.4724
12287805271.78791
11207503865.559233
15265547217.321434
11956579502.88413
14858639174.468594
14036503461.623003
15986816746.602163
9146324364.97213
9699385286.05719
11045528895.565321
13176940082.139957
19640268352.80288
6810767445.269916
17105881944.963903
13413082439.33193
13383305010.359913
24258631007.358692
17091015290.255514
26126102975.298927
5490383771.54644
8747210484.844776
14798711269.30388
14789008547.32539
8561532426.83986
6567551226.65927
24874492036.576984
16097605038.661833
49640436035.394356
24742226159.216393
19812534736.181156
20948243934.110977
4364294319.195876
10970204017.83083
20992100855.008247
17979071826.61466
24440326798.841736
15460374245.069159
12312434973.57487
12429895916.979324
13719333032.330484
21224320210.39555
21751804036.82814
22490632263.05871
18614868274.45592
23952590357.246986
47800655698.316124
11352547477.254288
19973476860.955475
19078239980.80641
12281616238.502464
8738488283.690817
12465215786.983526
7988901956.950692
13384058535.902468
11578375709.841593
16908015720.511324
3290496762.773923
9327944283.033968
6598777627.875534
3694450481.2214084
10366557408.366405
23955760574.177475
44896030174.919685
23501654498.130066
21498809100.093964
28329953332.551643
23886155762.354557
12240776597.404034
46800650414.43078
9891369800.26749
14818130143.759342
24958556962.518505
12937957500.643045
9849733047.074322
11617507462.431932
30549050425.972042
13766408636.142435
14684305303.589413
17734669755.837196
24516754073.310772
10502859582.149872
12899268543.505743
9767517712.557545
10954375317.062265
26216377210.102814
14122492686.212738
23050020021.7786
16770042132.90338
35630632394.546715
19036577940.057034
29867919483.94852
11984510132.208675
8009997782.907567
25784371742.234043
14304502896.345552
13176096242.807913
20238065339.430065
15905805680.678022
12443708530.006184
16238089147.610262
37298304443.209915
40423053701.15809
29476142839.01204
19644598562.633865
9135450980.275902
5741857661.882739
14563618385.537445
15787179852.213942
30028607556.74982
9195540678.16315
12984674830.02182
21224931226.781223
8190252117.058393
29124009263.84604
31496989472.77322
16537587239.417892
16020720617.080378
12657065193.032906
20330761910.864456
3949677347.7961655
14505677025.58388
18136917041.185364
9480004303.935795
7969319926.623354
16788796620.196655
21485713763.749573
20187657403.644783
13033863309.709814
25062665998.5901
11157954875.66301
18908683817.93288
15459933415.236458
9520336060.049528
6984803664.264377
12152982266.962685
12360146452.72665
11035978648.935907
17287470605.994545
5011481538.906739
9923652138.723822
14662153345.64016
31173014774.60094
16404681972.037212
15476095864.195488
31166398320.192917
11750140117.259409
8666105512.510727
26361916391.398468
17883176062.617878
9399079718.39156
15459614071.468857
13022382958.184898
14144719772.100891
17344237636.42221
7424807261.41008
22081075308.438828
25344049448.17444
14667099323.442598
5063339186.659484
32230854829.001625
9847416126.084782
15357204570.605913
30933535768.774048
24424874762.33492
13904056737.600159
14525489345.09742
9519810700.32058
14308615090.465218
40596960289.70576
22741727467.348015
10130856405.92002
18345209321.06086
21393537451.61469
16536596614.558672
14014429216.750517
13446165268.817713
12598764113.534575
3221696543.418612
8769733464.244164
7649838915.237067
12246273272.481667
113006368682.53238
39216968742.05835
8050129957.933914
25627217980.992912
9825419970.873295
10079535735.689812
9999721424.543324
14955606814.803041
30842067413.14201
21701020277.00144
16011825348.81976
14105286053.632168
8908656001.379787
6925044343.249969
7121727280.135523
7575401256.672
9742582145.418802
15267967919.125204
15728038340.153011
31497126644.96482
11444932726.30481
11945504149.19571
15790869121.190025
9942858608.429565
19089986061.271484
14181990404.039888
25660869010.15674
6207610836.740242
17801420591.994495
15653184122.689064
27200465532.960495
26666840257.24101
15050570635.992208
21960410133.9524
17294525293.26952
10138414922.139263
23074971200.02206
12062032752.03585
10351808356.271547
8895234805.191853
17363883255.953594
4563067568.632321
15548363631.921844
19741304865.705296
9609343545.722328
18902944236.804585
11716016267.981764
7749112632.073464
23777739945.78314
7693427087.981925
14014253031.309874
14793923851.839708
17734689184.66808
24798559150.741768
9573940786.829996
14580709332.83862
14673033561.617449
33422940144.14593
26352350592.333256
18278711216.969
2623776946.1332407
6242274033.779987
9624008319.787016
4958643753.0737
9322023667.28333
3624804476.1596804
7321692609.86106
22234989412.186745
8823558034.6087
5106535673.579936
16774153068.589123
4672155155.0401745
4837052487.431907
7528101135.011107
17497538280.725822
10369667510.52391
12744575371.199432
9657032654.507557
21026015079.7339
11589986584.53139
8844784369.706062
19512557371.226376
18016518357.27183
15816651200.826332
5312241016.020688
3663015712.393387
9305605366.812819
6344758553.364614
3882221313.3794737
10588780689.310886
28488700527.824417
18081383281.852863
11144590802.465519
40636527657.10926
23616063246.769386
18865929170.63328
7533604070.75066
8091572968.108159
12879010812.118273
7626307707.739078
10555742457.631878
4274301449.606908
10212073118.054531
27290884006.479393
14510950235.967451
7747289339.588244
14673126483.839598
9475752129.944784
17070003576.007864
16888587985.011318
23480174499.193172
11756005231.598703
9863616396.32118
26381256262.00203
16035942951.598965
28663563358.28155
13914526620.509697
25769665674.984295
17209108485.974487
21095065747.76524
12745063840.989548
17236052085.528194
37121627635.74546
17618011399.54059
22604773159.52266
12655515068.521107
24381479530.9057
52356632860.94905
6610023648.684963
23972631818.02221
9135937416.812143
11118577294.401506
8945436345.819721
34956465468.67727
12315808082.544054
9633868666.156355
25183657792.545654
8380452689.796531
13983175446.76758
5743467857.25474
12080523740.157303
8014601127.963375
10191764226.028994
5064839388.727355
41618607742.50461
19324058142.489124
25664744376.240707
14188626710.671417
26854448197.65475
13839545119.575079
11810298595.194267
10823196432.922577
10088936921.688244
12736264095.401764
9510283324.862513
17865010514.118618
15972785259.980946
15123811145.931253
16496892450.739614
7075449634.70869
18625604432.90377
12834887011.409502
23971552984.11789
26557785183.334267
36177116417.1634
12764961521.921305
12958680196.353472
17500931990.74457
19008303725.53158
13864419665.291265
14281110448.58793
14074823511.375654
9192214863.339445
23291570144.527573
22677848009.802696
22663341478.06838
14341839455.83312
15111423969.66652
20383922796.510883
21969790182.538242
13295027418.208107
9490646486.692015
28928665589.73576
5414589545.3448715
15124690741.641678
18992473516.30877
31983900712.11964
10417472709.753223
27213295036.69463
12306299042.492294
23663497478.600685
10734513664.591486
34010548148.771446
21015785548.16752
7906259825.5906315
24074174245.50719
15112938946.629423
32465640522.35076
20937890266.86218
13345280843.282372
16069640798.77619
12342609015.44459
38295309993.561195
19270040433.186638
11326520802.49496
6688282344.048369
20542129803.436733
9368508414.98071
8891428987.749681
14060010063.769075
6993442951.585757
15193075114.77344
45806020619.36851
13411813119.39052
8991477196.742088
8765186985.483341
8404583537.26263
8112742872.573907
19456197995.498928
21667874869.613976
18854049637.807632
14465895604.073313
10795791305.196033
13542610603.414167
9166899778.085361
11623228890.935734
3203210983.501282
16604442847.267359
6224806415.139234
14901954691.262651
11065070190.900738
20263089536.037666
20477822184.023117
6312546482.610493
34625898402.127625
27919323222.76137
12937892672.60377
11392010814.217068
16391254049.50509
29845641851.285114
10673384955.35269
12734121474.793358
7192446786.045389
11405413741.363235
39877954084.72459
11278535428.332703
10056632168.023458
14007720097.1805
21703326103.350033
7608736405.810733
10953148111.418512
8566700954.949655
8679507402.86218
13087244994.083965
6091120977.627769
8791925015.486439
20916108305.48118
16128632107.938534
13530843148.680557
9075445937.065609
9360174370.066824
8944970699.195816
10266155602.088493
20916099648.8778
34693471378.74792
26914680974.389767
20966326752.20129
25448236997.510426
16376166320.358656
8989636532.773083
16014009975.963982
18950014963.04637
11273312849.85891
10842953798.758516
12967542593.939074
17107602147.096622
18049601137.997955
25134011035.529877
41215081619.831345
15490999338.98926
18717677566.77824
13038542141.112528
17163471720.440931
13141560534.650387
27626745976.797215
12670441661.21925
26337713759.270985
6069844085.149841
10246579454.275118
11836145014.346367
22004909469.116795
9767157976.83626
12221276429.86905
30859996018.09654
37099760447.10184
21778472587.760475
18428916370.737637
49788768305.708405
15198903266.375418
17196942482.327106
15432178289.391445
8601363846.714693
3946243854.1048193
12515189713.86877
15000413597.594233
10128978899.269566
18131863438.586758
15681083246.167498
19219278060.15812
10648533195.187153
15668494772.755981
14895157482.064703
13128491510.75022
13054671563.336136
7071644765.447305
12570105054.747517
13373254751.137867
9456109312.212927
14784748896.596018
19988695511.7777
13905637240.746645
6382223901.39444
14616044624.215712
17781474608.50862
18140608914.37253
19377814166.706234
32565438912.855118
14297292517.072958
9957660019.08364
40365267716.891914
18931346193.66809
7853998492.001265
33931437723.805885
28405379605.543465
5315520753.4318075
14840420161.900951
16015390791.866192
15561918066.747177
21687919823.995766
13980467027.06271
23713056280.514442
9074744716.159979
37272083685.590614
18213250950.731133
17050398962.139349
27697775496.89909
34889276424.85614
13438057269.47592
10636019354.360485
12212874107.098742
7776551407.786444
8093420771.695411
15989317961.830015
15878298452.521767
46388917651.45437
11150267073.662792
15769483024.575947
10794004406.241177
11065746907.589392
35349133964.87932
26243611127.563927
16031345586.27488
35757278288.270805
27979323958.2798
26888638202.352882
15310713538.077818
11999935450.965351
46888834867.24113
19812757014.419582
12234482345.997665
22725020829.43052
10398510479.539328
10814160381.99359
17870667237.755474
11352855441.37256
20822528592.765522
27036869465.87562
35489575952.71212
13100280610.605713
16341502621.377626
21175262840.65437
27145526860.20879
6600163269.767105
29805716882.41342
9415733041.047552
17834381549.6143
24668041550.63737
28222022808.824356
13547711185.941015
20421470217.136566
33567220143.94582
12493158596.709919
21493642091.33523
18990642512.524517
14072991024.746313
8655916362.195608
5710490556.356584
17962336389.403175
4816516495.156116
5141693994.813139
9695268043.522991
6209806115.2584915
7953058630.385798
8866372405.380974
8174431387.592372
33333721986.348354
12239994541.816086
7116039337.090577
18411851667.14676
11891298636.778637
16904575741.62433
35919884641.87121
20193949822.07406
16209097089.087822
14558099078.675028
17757592437.03
14192138986.607485
4660141436.569444
24305847846.091812
16606285514.513914
40724232392.83545
16830760457.097198
36081341830.973076
12559182691.88864
24076207898.32895
15135064255.782763
20144197436.99316
15087316503.514418
13374514936.41909
19447560712.47417
31181427294.461643
30582450691.929157
3669087676.502777
14137518543.004831
20472159990.552063
13675585306.859453
18726228921.427917
19530105451.309185
12839829427.574232
15613771194.405638
11456426606.583118
24184821000.8973
26413911928.46431
17531839190.495598
6767571299.982496
25142445505.01714
15504469560.1582
13311821554.976658
17437672699.901848
16223188064.20043
10258212725.128351
11760256438.38365
14339192105.990454
22613524798.681427
20046035094.56113
19603853132.201733
30943773457.231667
12175782017.350203
17099203097.989021
9201412421.084616
20120936290.57716
27716943805.468475
14017186454.971497
18750463529.653423
9172502764.275587
13266359783.03498
29958406820.105255
9487312543.339142
8333595553.867156
20904131650.555202
9629993310.303352
23130923478.78778
6384247219.463866
30807315279.47207
25828512044.321205
13144177612.070488
29542968469.52384
9458960082.534111
10035861479.586823
15157939749.605255
12260683571.19599
12498362216.497309
17768338407.239006
8522316313.052628
37253051576.67245
15282818039.550848
13099065061.336279
16753862606.794918
24808887652.232174
18052714708.986874
23251435550.604362
14845200731.40827
8227673924.019332
16257949407.632732
18321303698.06554
8534177994.790136
7615492125.291273
20814470583.137985
23957641219.928368
6407348461.544618
9162993604.038841
8184540601.84012
11100197142.323534
25540088541.119907
14146684876.124456
12942845626.949465
12612519824.699514
15939820481.053194
16567558642.601662
6093295386.466351
8416048283.083442
11992597901.91543
26160443255.529194
17375186606.75125
11898539881.24645
13218776053.606886
12147193802.156761
20112265999.22733
27302138945.593864
8305008180.388886
14008212397.463696
20737581833.03221
15758298934.211569
5012819876.468089
36040325129.52367
19920321109.435905
11594221483.658016
32610949027.128834
26835888166.901012
23594802999.027534
32700025764.180267
21053275245.96794
12113896272.440966
26576861674.269707
25981658291.686165
12135479897.151146
28932721561.871143
17215228849.24087
9033460769.631815
24689349565.061047
34309729828.79384
20533486609.299686
15252999890.396694
27551097073.39306
26728207121.676865
30201567966.755486
12103843319.325218
19216518956.341778
28305252900.371662
18003333650.15429
17264321613.449844
17077755208.087425
4456305931.489226
11983302538.37659
21145522527.17641
10797302093.098843
24269057787.058075
6130376307.3995905
25831222359.81551
12623269949.053162
19662476052.045776
12168388958.596048
7272106193.804811
11556432075.832747
5321056109.2290325
12420905280.117313
6322370882.067148
4948510392.801847
8792005844.980154
8945449494.342056
13815965622.677336
22708995575.083096
10716088805.514526
35959086127.070015
15924787890.986897
22488954584.087143
14564688769.895403
12162023024.729198
11001804174.219137
19988814624.304096
16459072174.700058
17493050505.636112
4817793544.139868
5891050972.685068
9373121987.735006
10784576949.877466
7888727391.373926
14311598904.770693
6002568234.15836
14859736931.162584
9583358953.167715
12179161753.128601
16738089262.576065
2567408595.0833015
24012108487.77863
14949659499.951508
12636492993.731607
20701283203.66475
7755938955.391138
7281768143.623543
10055005665.95765
28816032883.359383
8476389519.910078
12073457797.958479
14388219546.67952
18755812641.97906
11417522541.401186
13934359333.02276
18615050031.55303
11298257409.223457
24054119155.85107
25455824872.735542
12242077283.173414
13352676482.734018
12415041718.499722
9959815388.308165
19891400873.541553
5429517034.888004
13064058637.873297
19788174925.425705
10295589245.53636
12280164323.147024
26498075116.87049
28466044075.461014
12803876922.276886
24201750172.59395
23118651088.29178
11320870266.362366
16278737442.291819
24687698953.321507
16804424833.730028
8579938056.092962
12343983242.11967
11375962772.597527
5531910288.715605
5683929522.394489
7944998539.304215
11126578592.710907
18710534042.68505
16553256312.125296
9363125446.91864
29747565512.041588
17609824963.408436
15372311575.33245
18895080332.895607
17111206139.877674
45219830061.25259
20625761193.962543
15648665628.266344
21867482250.22431
26447304236.11518
23820415066.841114
5406305865.34822
14952281947.289295
25326879669.45971
29945746963.696857
10330394858.941683
11452021749.102129
14371279442.253435
7215334135.158459
12022700288.634514
20475898596.071716
11702084442.292297
19737912655.576515
33435977265.56503
18788053267.75914
10994042283.282267
11111988916.154984
35447487312.59878
19328690315.150993
14114723144.472784
19436878094.63954
13938831703.23011
21751468036.352444
21091947830.356083
4754876645.155229
16943871818.162817
24799957219.57231
27403565288.6365
12681681477.148972
30039843327.88857
26626302257.570724
26585081782.98347
16548625666.615519
12903660690.246412
28748789932.593487
9080570663.839712
10164898427.29029
33632574661.32743
10407289929.23959
31984727586.401054
17185202311.214375
5573934163.208393
22522440060.197678
5629027885.608946
8963181318.93728
16586839702.05209
12968477629.213472
22889333099.402443
17872743264.79193
26982188597.875774
25660906679.531773
15068456529.943083
10612930647.25735
12141760468.456442
28556339197.516125
8767467654.063957
26008656683.467453
19544974485.745987
16915815962.108765
18048039152.834717
10949237591.570541
9270428371.794428
22216094851.0965
11124003102.110008
13662703853.39664
15995324603.519405
12787420690.61063
5400098744.109625
31477012896.68056
14360719762.308668
11235174480.042454
22966018646.148045
14523695561.665146
36665492836.55508
8456821922.002151
14380577867.983356
11043020631.427322
26631213338.139313
13546664354.527725
16209056383.353579
16620475329.886122
15779099641.770481
21050001404.810978
25276468596.182686
14601093597.930681
14013235630.95515
21781327922.94222
15262552796.781757
10466652438.101017
11662639505.520107
16813968402.307873
27064218102.185432
18490946205.505936
11179637295.569838
14418944681.249338
20494592662.702698
34626316046.812454
20159132256.78091
13645433934.32928
33879849326.382523
21617401945.542747
14278653144.587488
20109252546.785267
9542477161.40832
36509797568.10231
22656538352.133453
28709619680.955975
6045745502.055771
18634212309.945213
4743866965.914229
4422991480.205859
10177354277.223738
5787780178.975485
6697284534.187166
11217652268.008501
24725813268.69001
14855638242.884253
33454817979.9235
19321821423.507103
7940790436.205698
13517794810.583485
8516872257.644633
16963642832.86222
2400023657.537148
6588390543.147284
11290198500.064943
7010706359.958313
11948581394.161661
4828139533.298773
8581171708.283683
13498875569.941578
21427161377.64249
21680047931.463966
14474022577.436577
18864641886.182007
8221284469.385974
15911714928.701195
6660207607.079342
21559105586.12745
14570100356.236242
20854118907.134388
29240364576.19695
10645578874.704063
6651841246.70455
14976338482.540066
13153547764.372313
12017164541.260487
18820354351.418888
7580284779.358176
17399693706.3141
13388008182.966734
6549253668.966571
6774030826.689386
3518064210.6320047
5618606512.941435
6113817380.876381
6277577043.540322
12997505360.2494
6695350226.644243
8940827751.865192
8753311821.157238
12531072890.090958
12188480096.561775
20501282985.46747
42411686670.4609
11687121521.451717
8614014516.55364
4467731151.820756
13336368877.427546
17634732429.467655
23712755447.375877
13062774103.74729
33212101050.236618
12619357721.989202
12733447741.993788
29712897612.7857
12428431486.954435
18560311884.781326
15532483608.212347
17921464841.238693
18164403488.258938
19283884874.659378
18649299710.44792
9964263251.835144
12258911289.18862
16823220473.455292
14277463163.532726
11798172632.81024
7205510595.656169
23627373315.45748
21340779857.603542
15259681004.855267
14817826826.48466
18682739209.343746
10330954759.885069
56647562910.52742
22828818320.815857
10299843998.953358
20396846769.421818
10677105386.79291
10851789280.635645
20357148119.389988
13619677789.821049
17815394604.25118
12763685610.137846
16762363174.888083
18201980890.09686
16998284420.39991
12035573182.925215
16323119592.234135
18412667722.748764
15097017678.661406
37557343739.72417
14734432472.61871
16550558730.414982
17258009784.156384
12165371405.46571
17522562357.934967
13033541550.58622
15147640200.7262
11596127603.873938
14296799704.425577
30560872931.99155
13519327777.0689
22377802226.542683
16157670078.453426
10108765443.244837
13251289424.410257
18459198381.82824
16388231293.013117
27751278733.72209
11202475506.34806
12555502978.874973
22263933306.109688
10962722651.105524
10982820587.38161
7011591299.571128
11542510043.771854
12034693659.951483
21858766010.905914
15050974193.98674
19057514748.16076
8814084719.42224
10734784386.344847
13507861359.18406
26863241729.59956
27974836222.32391
7546000308.759243
19851857352.024982
36014595312.79921
19987117615.36108
12861887539.232836
17338127636.304577
27157118019.091423
7060486065.005603
29077554501.88855
45212156359.49039
8947109935.18193
39256166846.56494
8965536100.226725
7381823558.914483
14006969404.341654
7384575076.574015
8280553178.521407
15181089823.305357
20080316220.438946
17155514530.116604
11661888322.274136
9501029884.330034
16844266423.76265
6550242283.528136
6627995534.516163
17739866291.426178
13462950839.91881
15420810912.605001
29865357845.07342
19928923393.488346
7934280640.112062
8949067944.027405
15457405267.197073
9390928587.61132
20106621999.215485
15797237199.556957
12049599153.360142
16749437856.596094
20906850618.273888
21690662526.554665
26591434914.313946
12276633162.610624
22374744413.64118
28711556728.067337
6913873715.930049
11879549865.962841
17086759774.008715
23002496792.007225
12103322476.746525
10746278068.82519
12927647852.65208
26700041501.14967
23943675474.012356
6770326577.605704
22638508108.8296
9731347123.09538
17336460004.32337
8072413044.626039
5114704162.465348
22416326854.982407
12803137678.000994
11466155615.76572
22051474530.983746
22729890393.334946
15620078910.164001
10896349780.840263
10459317815.757627
18767974596.51413
19145217278.587307
16481378414.582577
17543158707.53537
8778129384.2589
22132622078.85965
14272454585.58274
3946724469.5458837
7422044350.831355
16580285841.439745
10791566196.28898
12186866457.85877
10233275434.001467
46540278483.625084
27228996124.539833
26355474503.592464
19182929539.978714
23468061229.244923
19805365638.231396
33065177787.946007
23861172044.44312
10919133631.176615
27560424014.30086
6964450013.653245
10681573654.026876
20275415036.936676
16636116182.82298
9989831785.243744
10570075979.75712
15137785874.484169
31303136620.80123
11990387674.374706
11863117402.265724
28184976418.35695
20856616386.61769
20970306315.47786
21598676502.74355
21875690341.207165
20389014563.94497
31114488518.142345
30681752608.960983
15472024363.00622
16465886342.891706
16042023853.49616
18531809306.290886
8982482658.190992
11757639162.384274
14203101582.175348
20232915927.299538
23693886599.36059
16980567486.237892
11947847305.252117
14304584259.488457
32438821325.70479
14353349092.721735
8478381218.960732
10528895781.500134
22551671191.667446
13227540440.804838
18018918906.71564
40957532393.34625
13056555218.680117
11401398924.307854
15454889637.842363
16682000057.470356
11418993150.918253
19150964672.95254
58081396463.2184
51684212420.38523
7559839037.59096
17538674378.5425
7207147579.237764
5926795226.778878
10372945299.180971
7327477801.33218
16162553937.171585
9608043534.055582
4798214060.880565
9100174119.241655
10551426286.312704
6110262048.244558
34227666118.532013
19631218215.85693
13345305200.911098
14546832977.939507
49847913462.686134
30365471986.315723
5464136954.615906
28136263148.084095
10403534137.39601
10421504355.533703
17737209229.86876
11242004492.781584
24474191743.194542
13444784032.750475
12974920408.399393
16395311099.12484
21335728398.576656
23934001103.908325
13943470246.637949
11733860529.686424
28633992479.834778
13947900260.630505
8533399170.4993
8229215241.302013
12172661746.914072
11747568843.862219
11306635480.932495
8300919741.547895
21720125661.21902
24770054313.896442
9298207562.248177
13727344675.520933
16683738060.386038
14405911373.490665
18758949209.709877
5178779834.128196
19259716747.157658
20106185417.857113
19915072750.03288
19254246947.376884
14526377066.492311
33610333456.287704
19618524125.25591
24420803522.81103
11964499612.02403
11998022895.018456
17148360456.177206
24677408807.542995
32006175796.70598
9776321941.305035
10046374490.972319
19373139653.863785
12549786616.819012
8929951644.735542
14545638635.221329
29560325858.63165
23674673181.026245
32691794375.739136
13013921042.783672
14271020985.217026
27845486881.60998
11659162892.897188
17363071123.164703
18094480289.558872
26092125775.58065
22153790478.198288
28427981545.167164
13927055493.80476
15304402147.19796
17906506372.70852
8577362384.395383
11538648407.266542
14722925529.299334
13516122871.464172
16122961609.578285
5218368102.6954565
11517750242.240393
19180566331.22512
50552337033.2109
36090868910.293724
11166835299.264576
28351678175.020638
15224078361.793478
4941913394.805774
3972878729.081183
2200356533.8655734
3184060700.5374174
7773931417.929632
12802064127.375195
20868886641.61585
16781857085.730783
17089007936.541233
35145107675.159744
21440016442.415585
9203966633.78728
13170423733.81512
8987583303.797869
9286689515.619503
10118049962.96802
35441486614.165924
8643524024.594404
19169744487.754814
17722710013.166687
5793697560.192742
19045018087.099564
6670837173.164847
3039942284.0307817
6988125750.24813
11352548891.593296
3889224665.240609
8812074208.648205
3000662579.2638593
14036953645.96015
16069630403.854647
11942012252.689396
22849360076.54302
38176961206.67132
21270306513.272102
9227774542.641247
9955314019.74618
8187160066.380837
6933871821.817847
9497075530.758606
11536911058.527592
6525761557.845682
13847773345.685692
14338911328.141327
44522360682.467224
3733108196.3902483
6787032154.808053
6901572477.904679
24589082527.97816
7059085929.362461
12481023138.33648
16546634499.894896
16358072001.096315
30900197836.856182
16866999383.406157
54849875372.00625
22232410155.81267
7723004263.062771
31981320394.82545
14867482329.939913
14944406113.65058
21329290899.953484
11201850683.122854
13494108398.959055
19757267172.319042
9611008341.64047
19370664069.87157
5128061247.601651
25636994055.1212
9072244725.024881
10772170140.215714
18676397037.971657
17653187865.008125
64997324918.00428
24916349785.694397
13482748971.699213
28569219333.392986
11200649717.663385
16064361011.716873
12903550437.591171
7296535308.080249
16773050771.99747
9335001272.904871
6288995750.341534
14579259197.90625
17021843812.265461
8410291654.286629
5867549762.108823
9621598103.730156
7556703479.932465
8999908383.531788
15924595022.718887
11071233954.333254
15525657025.152615
10399617907.332563
28748493155.292473
9956299982.129889
16426443748.582304
3312915232.287494
7595947473.621025
22617590037.634903
9405541884.531525
23465981470.517902
15492902196.9794
8777128213.880558
27024831515.78947
9661117165.253868
29298388042.602757
26763483808.473984
17112255690.760214
25034267208.282463
18170456160.184982
26647299708.362507
19863924761.154877
15220662457.091831
17608180468.0947
19303794599.974506
9801010405.606268
19577942517.213688
16797659048.830519
9533618660.694471
31834879282.06251
15416087214.188927
9091463720.377705
8445156922.67873
10829860942.330069
5447739491.113321
13984666076.478308
11593766213.393585
24060976452.655064
14443467771.022541
13071186387.379791
34824843019.27985
7154015542.498382
10886739237.956823
27350961205.153397
10168495984.976887
7685567353.749221
17904182845.58905
14809964321.024746
14091304155.735914
8301635913.817307
7440132144.211773
17401812437.93729
12113714001.002481
6592466235.343224
26241094598.74439
4241853217.4969854
8843432041.810738
13544195496.673582
13898694457.650082
14544708671.710888
22503579911.188305
6599692327.396563
9578439878.908232
69148576568.72562
5797965651.427883
28210568263.239426
10541076561.018063
24476435077.66078
8986130829.397394
5891831679.694673
6793667714.73124
3191573258.236909
4641744222.44063
4267729306.0993867
11446648913.373404
6285089478.465833
8359193079.160795
11755589488.748402
10893921240.013191
9544546454.301426
2821896410.16878
17317529230.554737
15181183452.82057
25263564070.149204
7907698273.196043
9457191122.072048
12661083603.028791
8298069814.329552
21297410319.131798
15733138556.597
11949216267.86604
6573524452.798315
7551220181.701944
17717268007.038555
12927780181.590347
40411712861.05642
13049499020.815329
34659165438.57105
18773518579.3415
19386921923.27963
18862213576.94139
11755131709.798422
21450887144.90437
16713420413.452902
4702454932.566989
10994813486.487158
8486317508.018577
12011044952.753399
18887089930.46181
6853456325.847158
12369722197.3979
19985037189.85346
8695882677.50794
10373385933.844677
17774941111.711464
19284955054.012775
11356668198.39986
45461791288.40342
15410174070.32456
11893038121.482105
11670265370.374117
9909442066.55212
10245322214.844322
41165159571.75965
17170898931.05886
7458770467.650652
13395770318.930777
13943895465.328241
26187614559.94073
16887011284.671839
20143989310.58142
18596722188.410824
6519816509.203103
15136326843.909063
8198886773.601225
23579090394.957256
6394221281.208517
18413786935.35912
16077446445.756233
13132074609.466269
14760572720.035849
11365923892.38375
14453472440.193815
17897659729.47103
7182712913.630804
21829659165.781883
8309737406.609742
2917857555.849821
6424078713.910861
8458179435.670214
4479098507.605252
10896628115.441744
6400533896.929381
26744272992.756775
17525255838.0797
28942294444.39638
14153154379.035664
12631745314.39346
13358173990.242119
13065061343.430813
37928822160.35527
10470842352.608261
27024652688.071583
12940962639.092209
14419896522.55268
6438014880.701661
8341046958.19598
15539126116.685764
14328401678.415905
20868838393.89992
5967624927.994877
17599753074.218056
4998643632.465779
20266036824.19198
9465721753.49222
17988893472.490158
18640162582.9285
15059914087.929829
19258057841.224503
14689396286.680273
28594576665.122826
28503511367.401733
20418864322.640503
11875097159.233534
5780115628.071019
21684623656.221043
11536627138.7783
18980943135.513577
20817981822.417633
8303899190.347438
8491767296.596876
12779948632.255106
12458703693.146852
8535037566.758912
11149334802.72903
12763013995.688663
14291309825.017654
9370534841.174232
9603971127.287674
13150861775.804464
9726608247.512482
18276428182.63847
16203907132.240496
30327655505.067757
15330707846.88617
11961983887.028429
13235575597.329664
7762482782.631119
20951596980.622173
13236111656.957016
21481429310.471382
12518726392.704508
28684832247.5005
21646226558.266113
17337578101.360134
27325381076.710114
29392745956.046333
12455075999.009329
30744303149.111237
19303794628.680244
16310884606.27734
19577942546.3271
17345631960.609867
9801010420.180876
20164590861.47393
23693378518.749226
22045081047.569084
19395415677.623383
5468408886.924997
15822553791.383692
28319828924.31793
7217137827.4297
10851179764.441326
11301341135.983364
12438187770.724342
21660937224.618282
32090454146.66201
23189605107.30055
35542285293.33854
5078688602.762769
45265257092.57065
23837645794.328407
13958176013.7981
33624233565.587936
14972109166.44664
25463286878.505
17704771192.434864
4889329581.634397
8791163335.365759
12735405342.037481
9034155690.24867
7263805815.611476
21351164666.096577
5725214948.41382
7381366768.614612
6600313764.252551
20775888676.474613
18273785247.137184
17952804109.014996
27757846958.156628
12425658035.847958
15472625603.590044
22124899936.170597
21621243750.849888
11222436649.105146
13589039830.920061
37183958648.59025
11456316542.672022
23626723354.18163
10623009349.512915
20326056894.573616
5941227555.494788
15314152949.701729
13342848387.83961
16044998375.132093
10667379715.485569
17476340684.636032
14224734117.20696
12382973512.41701
3716105108.1140795
16666325269.45682
8432595631.92455
11586284749.62223
19529888608.29626
8285277841.969437
13785252758.242092
12176470483.451443
21229813939.09706
10852597748.603546
7610446992.547379
11258362616.939617
15514685602.025198
12958958787.576662
17480907390.863487
28305562668.552254
23612553687.94187
17992971568.130997
7820253655.519801
12599673469.242987
2480204151.6428986
7512541368.739575
12393828689.588081
14315943541.401403
18547320207.545235
11729626578.216822
25011982403.533905
16671208971.386768
35969655628.96757
9935901868.92132
18264757578.777367
24405522217.882324
9243464638.142307
32225429223.23662
33340515136.362164
10922069983.131933
24182352665.88032
19942721313.538464
22296886091.213844
15466137245.74628
8069716036.313335
26436397045.966335
12162292300.641195
19175693823.848602
12676668963.367746
27089655763.949192
6866382719.433268
12861576377.155107
43146513555.15006
15513083775.634838
10565406569.007496
18547033706.90238
12459775123.373764
12300458685.763395
31248604495.465122
14767738395.032412
16773000436.402876
11080704414.290697
9990730350.13493
26073385679.67416
10120435121.815384
24582577892.830135
8298661676.208252
10617745619.306341
20591473550.290062
14318557269.920454
15943527656.161097
10973155246.225897
15509279674.545378
14169698450.798876
39813220837.06199
22181949150.123253
6772862176.039208
11548671025.69597
23345339393.75345
10922743515.392776
23696717467.55868
16322704344.171307
18212709210.1402
9762906623.017075
10995475323.900642
34637196387.008934
30725301788.61533
31788773302.791553
31898441721.6948
11855019209.793308
15938433262.180326
16831999337.57929
20220043701.533222
14101222868.16474
13321386277.520351
9462583337.625645
12868336674.1755
12628054724.62351
15243901298.062473
10995609159.547419
19357076850.62138
16744308056.361715
10152800293.460579
15343155912.320457
12213083598.970987
14435229129.503689
7983955138.75017
22697525264.84265
9845773556.776627
8503850638.660081
6152415094.828573
15744180214.254307
10927255502.315186
6853466118.911493
15609322499.37566
28445133195.633938
10388686873.210037
20251824824.60451
8256556787.464191
43907954212.129036
9396514195.257668
10027936505.226858
26489880518.635395
20065398938.175655
11340019339.758234
10327987741.371473
24834788279.132767
7010155645.922839
7898513926.729624
19865843833.18182
19732989801.45202
18285311380.14699
11922210643.889172
18832828787.904926
13595679212.540941
65541736415.42706
10705367541.453724
15405650852.79868
24259595410.373642
15883344081.164637
11069084470.344748
18459984404.251564
12584121670.460659
15940439168.435324
19994895614.476727
24469555894.620262
14283005352.423786
8735000866.219154
22670521627.120895
12232472685.436977
27728540580.163372
7653224834.094911
7141423322.626225
21288557494.322517
7575150044.814777
10775116831.449545
23597644516.6869
12942639341.867311
10862991087.882162
7505049842.107013
12589589962.299
10980104998.511644
5914419183.133519
13484948767.04973
21212196756.294777
11184814433.486078
18120308423.2416
28416309393.846325
8956011591.502438
16918205527.472214
29874538254.201622
10721973893.357265
11355707868.239565
16285598115.1009
15392954235.558847
13412321718.16988
19074217266.213875
18500290726.86042
9480554935.269596
18087900844.03904
11386485684.815662
7912637000.416791
9324987598.716492
18634322364.101173
19563138114.653988
26406258551.07463
17344705981.783592
18779483402.172535
16410031107.114632
30216823779.23774
26460815904.013798
27008070774.260532
20641677196.715435
21662455129.312458
24485509614.11727
21162689969.754322
10067183054.033476
18579866379.624565
29085650531.469173
19529532819.149433
9697234209.38022
5393253687.964508
12082554560.86697
26547949322.114296
9421473609.576202
20695957776.614433
10750735356.744637
12515516590.095312
15736944522.649559
21966331107.98269
12921333386.840494
14923858058.424772
10503449669.44986
27515321063.399994
17083988074.220978
20189096226.77702
8642786424.847895
15941922702.934326
39809213044.14259
15507718434.83762
13144195685.258404
18883646736.770428
10374314256.334604
9357316346.994934
24425863110.617992
9426085538.770733
17606941401.53356
30163164843.899937
26125274367.149635
25621219324.496685
21239028976.969315
10022851163.494019
10369832341.898472
10917570295.834665
22683006568.566647
8140277848.118747
14710801939.181967
12280836426.775347
24173267017.766983
26087104649.871033
26032713552.63479
24897087587.154617
12079254844.014402
31361412800.07634
18121599618.78106
12592676947.68482
24948375279.685593
18683508070.9305
25160700262.126156
17074860300.331358
14723289353.07438
15005860521.428534
20449247523.135742
15358043544.257845
35198230552.99486
19545530777.839798
15805966582.679857
10568024309.697472
11546539228.301172
14874508846.088915
11441911445.328032
12822070795.814413
14609692794.15262
21605272510.18373
26524950403.089237
18316897910.75784
6932761896.497246
10423173148.077122
24553131438.710423
22949026890.87256
9762427104.07973
21650202596.56493
5799673670.621263
9451941204.777403
11164773340.439133
8948333951.083946
39274961191.807205
14272053928.391073
11715923721.757708
8675702227.68912
11546388183.288181
20873922687.74869
23875848470.915848
9731967918.728386
13669480861.555656
8110718738.670417
22456545745.412113
20818198870.985897
10075910014.683815
17562459335.477985
6250728628.243594
9019468446.687656
3248420732.0984273
15634193296.32206
8481869880.405121
3005348987.6081815
14749684563.340874
26417593261.243282
21925207845.19736
18426891740.388718
11771811734.96666
12328382813.00391
23540186809.47575
19552585638.21283
14132055930.642805
20247685806.354385
28874860920.882053
6380950770.613909
20274491752.894268
19967340506.13578
7386669046.2240305
12047338845.565393
17068388060.06299
7588249335.023736
19999377107.826508
4593411116.974577
15939277222.36267
13860962361.01614
26077470999.015343
8701362021.440296
22632234565.39067
6947731064.444217
8409886141.33878
12600902944.415281
22642338636.139652
15351931078.433668
7125148779.938629
9306742076.234884
24256334205.44109
15609499620.449102
13107707943.095951
9252552148.538073
7649514999.882551
7937574082.322883
21762263899.67728
3709471722.7042985
2773948839.44142
3437859415.342652
6997617361.808239
10243207063.158197
20171108307.38473
11150790754.366337
14804983457.53592
28873356423.130684
14528828501.998264
25906827866.895634
41193158530.412125
36375663167.80425
20061193598.56337
21683446001.327007
31191635498.458496
7532307326.669081
10569205386.817362
5145605239.537248
11851577965.249617
17891303045.527477
24553905228.82371
28795631693.09934
7595533773.026988
13047792683.0407
13702287977.020914
44644451336.76863
27085904319.35723
30986544872.266125
9790985228.342676
13425211397.939373
14178834730.214436
15644963557.420858
13295308329.79381
6280785059.061783
11424603768.2009
12301081514.140034
15730667859.984291
7836064078.405866
6021283213.977621
19350340309.813084
6678029281.637143
14151966145.186804
7716492875.566972
46034058062.781296
19139208539.53672
29005259032.721283
29304002939.695415
42695365993.47903
10968463465.836035
12368126963.211868
13501087690.026632
7813511759.153899
13232998091.234827
21809862617.742367
2956587549.228524
10487460179.723635
6296174749.455466
8081030110.23317
15479188460.15589
22237284783.03542
20140763839.35848
22476155561.61402
15896715532.718586
31968549254.717117
11012258060.835293
9627143074.521048
13968022149.031815
14298889150.489004
12030162598.368828
21630499243.36443
22179373565.92525
24552788451.85258
22960917514.847412
12990313487.045156
13411495669.237858
19622963386.118984
19061734250.132374
21602075390.115524
28796347039.416603
11092607157.990274
13437240535.219423
13637714580.642393
17735307844.749584
7121280303.5654125
9209213913.4143
6249195584.006223
13576386202.53106
16458849535.024353
7888319271.053177
13729647513.649757
8286970495.283303
11162301674.129911
16503443182.983555
5585808114.252497
16887030162.082586
14339079801.478685
13576235057.366194
5010537807.253226
24379261165.896763
7765714902.179682
24735902353.18426
11166771082.909554
14273597818.29329
24565522852.044624
25169305131.430447
33470860113.25809
10098123414.434643
18683769314.888016
7488754522.067968
22993266931.49133
10484191497.231174
6988407410.164042
16006342834.379818
19829260815.60235
10315557524.40903
20783365917.433983
11229200172.429665
9353434432.06485
39860290401.14886
26803362529.804104
8555378339.682444
32296594004.867622
11455689817.989866
13046108486.463242
21851348573.068943
20721526636.03934
14314331071.26021
26114343420.13086
16890471604.062866
17312839214.95489
12078171903.473665
10003974482.564539
19306960325.483925
10890654102.182028
10133537983.48319
16832375830.355719
9823958058.025898
14250743452.385357
34733984675.3711
12493812716.173666
10684790335.967937
16775026874.51775
11378733150.429474
7842534245.521167
7962675186.395858
17620796715.15059
6145846789.888685
24748871032.06798
15290638259.685822
13844636918.115086
12420152099.436354
12080268417.488731
18560403457.03208
17791607284.677696
7774092623.4555235
9511930000.761686
13566608846.888063
30257718290.078796
6965613500.8788395
31965557160.89831
28455688975.20297
15017207549.569489
7810459697.313546
9972946129.732128
17180595317.798805
10858792493.146563
20605279840.100567
8218245216.950171
13347514762.627705
7666738039.228297
12506260715.044779
19813377416.77917
10334681548.303986
13808235787.018105
12260773391.662024
12897344619.828249
24811085702.495872
21164286656.727695
31201942656.460064
10962986925.81779
10731593389.810747
13148831462.449492
6119784812.49667
16204530854.507715
8795316536.698603
13594517593.597807
9404222172.616423
19144058297.57113
6882752966.8491955
10314466838.292633
33461730025.136715
7808746923.140189
22985328621.43122
17975020014.379555
22047422360.479958
6025370216.472835
12368245820.591345
15146502167.10652
9469998483.183458
14090979459.552515
9130503412.942118
17546247772.28559
23114078752.920795
13653152402.698685
20984226613.741085
10812192636.771498
15245024608.28035
28764965424.42923
24207936187.412807
6552943460.481657
17245638775.424156
7128155316.604329
9943623642.87106
10159558749.279459
6462834603.5648985
11225448452.583282
5819244638.610493
14680765292.083937
7656076634.133497
8554860216.4347
12004806266.650204
12619089008.621433
11345005400.72743
22814720743.895752
31956047700.8349
12483783647.666624
24300387967.581875
13185258316.186087
14994900174.403412
10910482638.011057
36150343096.863396
13211300520.401354
10043778770.334038
13741124874.285639
7268547253.501115
14797814883.527994
8974099218.777287
8438878320.532507
11547384522.910608
10835341569.679674
11061699475.368279
27220788905.13343
27770210019.55604
27536963731.02437
7021394308.160299
9281382817.52058
7300596640.702241
6270888131.487223
18787140343.627472
7052600773.570929
11880436288.843153
10111399043.643496
19637328167.78928
14774346128.717007
8602770121.012968
37298267499.97998
22994147416.19214
27887916117.795788
34586946912.617424
21868369027.156605
23318006814.934425
11379195672.655201
13680960848.350607
17057679736.934566
17007295012.837568
12119609848.297739
12984514263.47024
17456649060.89319
21563537404.374687
20565939882.69546
11817554447.535833
17997719280.489872
17754369764.7956
17617979828.56112
13613056044.242483
20950967390.386837
17502786207.51531
15578600378.437576
14959349034.410582
16539357999.704556
17351363483.293865
16111849292.663534
12546900795.69589
13958569919.638622
5653834059.970246
16785465103.54394
19093355755.697613
17505685145.380547
9026209768.773296
26708012906.60269
26576674354.310352
5491850488.014284
19703315641.376915
18686795228.574947
18396036787.050453
18383958688.30678
11455293926.38833
21352541356.595234
17913121820.121693
7020905178.114578
15119785678.376728
14943113590.050524
15807999857.15284
33275787824.426167
12333309552.460144
18003068347.018055
22590801001.393562
11703136779.528255
35521733354.75653
8376856191.983863
20316375478.91735
24193170209.15076
6471524287.712775
25269005878.170513
7148129812.747655
5660133178.368722
11871204657.646067
29959326690.634632
19443553993.884846
12212867440.480509
32239511804.949623
18309236407.910576
13514014331.673069
8299402240.375188
18715664005.35604
7148414169.357698
27908698975.78788
27482543375.814552
27389799172.94684
13802599504.058455
14722909253.80817
8414152040.468208
9690087901.855007
17781292888.102985
16215568547.06082
17345701451.718315
12429052487.71692
4400151994.803299
21333935323.10375
11824152471.421347
17466684022.499695
18376769025.141346
12759516851.819143
5171451751.548775
26781945520.643055
14963323922.991823
10980227507.301128
8313010402.420583
17219836617.740726
25270326704.655773
9908661246.535538
17669782252.293793
11111553370.92694
13221944101.73468
17431000509.13523
12237246172.794413
5888574913.965513
17344170437.198463
6624308781.05792
15113113078.277365
19980306385.026047
19084097848.531258
9633305503.984577
21570076642.65931
19493478869.002598
22770817281.805878
12147936276.253922
14312195342.955074
32634578972.026043
20713512937.353214
24648703186.487923
9990545668.035904
7277431216.416574
18334097296.48233
7958969168.791251
9323783999.957392
21116872919.345245
15036110686.353718
8941985074.295528
8667921066.9036
13099063400.625874
8808475882.15429
6987377085.343465
15953186013.288086
22492531602.956966
16269466667.383036
17654311254.139492
9269026000.644455
18100208447.198
9317288902.730267
8410857545.978287
20955658766.66092
12726724315.698227
11546104427.851955
18849960552.414783
26562983498.230724
10726510767.78938
7165163723.791928
7134520752.638215
7732262994.62236
25364729884.133236
10592929756.756819
6431731758.20504
20028723192.163456
12281115585.741539
11657714623.451807
9569036829.588581
15454061064.775148
19395189619.399685
20491749946.69522
13868213564.536089
11412984371.302828
8803954806.668982
11156284811.110115
21989181508.47953
24611398011.515804
11085773292.540253
12812413107.553772
11673446188.266953
8739731073.996899
9992926816.401606
18165089638.430565
11263674711.186611
26167373128.547924
24533142061.002743
12310168756.665869
20799138652.368008
19853926326.934017
16589546307.162329
19265891859.167007
8365009388.083952
14324572651.260115
26801605167.022457
10261083274.984833
21113344618.345993
9603660982.909319
20348330978.626526
8040969732.657212
15193709225.089851
15330043311.934135
17396908856.331913
34739205005.00935
16680620246.53112
16331203385.87594
25503048924.72353
16588844819.00825
10056591531.34676
7699226033.446174
7294418430.537721
9661947194.41326
10845625013.521013
6045661706.024453
18854676271.844273
10629871221.341167
12238088031.578857
7438621943.201246
5591630122.387653
12982840965.665977
5439348095.972634
10629701416.109484
29210455773.778755
16622202841.294022
35481417483.888466
17764721643.33614
21253866159.494473
11976950831.560345
21393237573.294453
23559823394.069683
6695191572.678075
22264708882.587513
9620194523.808367
6845758952.0503025
18719544031.628876
18331317686.987785
34612487345.03448
15479188466.793175
15896715539.534903
20140763847.99459
21868216322.188118
21862730678.0718
23311994703.91594
21100663995.494522
17311657230.695107
11376261760.32607
10788346874.57642
17260635804.26149
37063628001.59056
31733558639.823013
11492831536.081114
19929654580.393337
16510609304.464231
16086770523.45417
35685873325.036606
9225763048.832207
18282130747.284252
9480607442.145094
12470413877.076256
10625469732.741491
11871447245.755407
14048607758.140799
11426195313.864634
5898136557.581857
16861832938.743654
16784378559.493637
17732488457.661182
13031098907.671227
12672972335.671103
7449880678.766517
18655457550.24131
13870445793.375652
16413201342.395924
7562268072.028466
23965408210.00824
18467998806.816887
32530276172.751793
15461392304.1801
13243640639.106392
22986140264.471355
9694434332.619904
13577852140.133238
48519897404.09886
8822045440.803364
6298319215.247064
9145178209.311245
10741568250.861116
2972432876.7117677
26847622645.67578
21944662807.006325
29633842127.6737
16235439700.09395
18113137466.880898
9838918034.426853
15350811652.32563
48325034102.59263
31491156144.775196
20567212032.205963
40207185436.05005
21408776633.4002
39032824153.68876
25916970835.120926
16501242529.727821
8840293193.86396
22537329690.4347
12065057557.988392
11056792472.238337
21449296223.394665
11515483690.35537
20406277070.63684
32698517538.363705
13815513707.966595
13682328821.50612
13570577690.726143
35297060015.155365
29141396933.373528
10497740222.572205
10835628255.897478
16072930781.129316
18761946539.84218
22205231739.193554
15791442223.33818
24293443242.599033
16022252456.328253
6911638087.771388
13466674107.955854
14315042070.189747
10565433863.181957
30013160976.50486
24328118202.34569
20595327040.87317
20480691208.434265
15292540074.989887
14955968640.456182
8724288991.853119
17510070906.653732
18447240369.144047
10383672759.97029
9491989420.085293
27226338562.412437
9762609960.36377
19607226995.37687
37718145015.822
17279956341.85626
13696944467.517084
27861660855.911945
20507263851.86175
32626951623.32271
9879278551.995192
18264292747.946205
11328790950.2252
20541609526.085285
16173540569.794619
11178023353.19761
17818942955.152134
34732197012.883
12127914728.297514
8757147897.565483
20710301564.92411
19454663656.791733
20702650302.74538
19174934200.74721
4863331824.400526
28993634274.098526
11710758547.04802
7732117205.860692
27330083302.403996
40980425346.02555
6955425479.652428
22435071485.45204
11663668627.442856
9534905952.77701
12287536553.601477
14250557408.79519
8221429789.022501
22497897673.501286
13970612607.692728
42964398028.285614
11102485496.814766
9402909863.902884
21383572042.352077
7349568688.176229
9986730415.23196
18466159838.40742
31891250252.58697
11622738634.84605
17083669137.25772
6386833388.696941
17787988419.4438
19025361391.393387
11222655907.650072
17262813485.985268
15733781595.05975
5770360934.435802
27183981312.742348
10236066835.169777
14782932150.468786
10919901675.082666
14403637808.12401
12225825948.345882
9318288351.50147
8462764379.29272
9636847870.835712
17121763133.167751
25865654543.261906
17420582977.579407
10807827695.551247
12069691382.137989
19911665365.68841
26267564045.20406
31509221250.472202
19498455581.74971
10512443336.732874
15997154384.869574
12416901185.48549
11374770748.810251
3930159628.399718
10074812281.655655
10117977554.528296
16198531266.748516
27346657405.06642
16895300317.330725
13594289659.185848
15882237962.196764
20103632972.783745
8438091833.998077
4844381624.4450035
16593413088.37491
15050603291.337152
11048979862.68457
7664936465.422767
9737904069.827118
19791106318.410027
12271218027.551075
23321027117.5961
24455516498.78326
10891912444.724722
12899132988.430676
13121312598.346235
22042354594.189606
10384522129.396494
11656701773.832737
19298552547.379047
25425822430.40877
28724801221.4578
12102038438.61669
17874392301.54069
13355373763.878147
22672525610.7594
20445635971.28344
5263684664.478839
12025484097.635698
28898594970.597027
16187172411.180944
20254352182.116173
29081545630.71203
22052143948.52285
9336931926.877459
6383499494.076061
16486344637.36147
13123246700.97417
8230151608.465714
19066608539.85865
15290809078.846857
9787988852.055897
20058427063.156857
10373568400.829739
7725693453.187985
10653643373.541689
12028164442.86647
18607350569.446495
7203114571.350743
11094908776.36283
6996700249.870805
8145852525.505591
13778251411.64522
5895777590.059104
24086472682.95446
21985171151.009613
21809170764.031776
20824517629.73282
23242488958.86404
6843580427.382336
27357465037.79031
12455395526.646563
8993583133.38896
13083032961.246048
14417940861.414553
13315957177.019573
17479384576.389565
22536957664.42976
34568311656.19208
20546905666.66655
6906253086.17116
29038443667.77746
21103251954.603714
8300827946.517213
6191113052.249986
17583936668.97617
11319099915.7079
15106086214.575836
13489233770.755007
17061005470.955284
43757590412.12771
12843603775.432463
15117250395.00279
18088317359.983562
5089308254.478946
14104144035.840332
18547435787.163162
9154063715.72459
16393952945.935768
15275512503.578098
6350219227.315388
19113525386.725956
4381440250.945722
15285857312.446444
23714053098.712955
10609117747.310013
16120245768.802538
8574674418.140702
3843211352.78141
10416110518.911972
19517600021.21491
6532798173.9784565
34307922336.661854
5243793715.265232
7574711985.165797
22397904155.904213
25907963954.831642
38355385238.70773
28593108292.31095
14525765216.050793
18537323148.670063
18252822435.20037
13182960522.31059
39868798525.35034
11238943890.888655
15549112989.309877
26929105831.631813
13473325921.909346
4744863297.971708
21685001363.015663
5742499654.034199
18490702827.054066
26047816884.635605
15566410918.810946
11488346788.820435
19665293463.57308
21574001449.21309
19740833096.845337
21597373449.755962
14241927367.493702
10398605392.032614
18128676330.335255
12958493358.21235
26984999188.170895
23898130446.603374
4197656854.9772096
20359692346.927155
13649571281.821333
16447648654.600836
16710461488.696754
27463517655.038525
18068135635.743885
13991406718.625603
21012774084.063744
13770975964.138025
11206224612.226002
21378565158.322285
21110234388.598816
8768201440.141897
15406158803.260185
19747739642.717136
3439258178.617342
13388685465.819963
19576051070.997536
12473049274.678999
25539865680.128105
47314226032.12019
37664561078.3384
14860575167.990128
28964126430.097446
17782190753.25308
10855819560.62343
18305769848.847984
10556681386.993053
14200712883.39554
10661106353.665367
14604607826.521294
15370136994.158577
17695745976.51842
27146093526.242023
6859525116.553438
6864468296.195173
4513452279.927703
15037272650.488945
17139239596.622744
23113492799.29986
11490358229.89958
14409914310.027174
10944382132.906387
7748815107.552821
5095847592.6533
13267362184.888668
19479021366.252125
14696338913.09808
16383281100.195236
37368992289.332565
18902431218.11983
14974385716.164629
32049571629.93179
18137736285.366623
16817910250.25251
27183843723.749325
27784257250.43689
18189373796.06463
21002486768.541176
17978155732.80427
9631528328.106852
20180645949.444042
13305796875.856218
19779189059.05706
44384459662.90584
11081952958.313196
9684330354.839226
8520633120.426701
9354974090.069378
13462614121.686003
7869223745.276054
4849552984.294934
12210008179.487123
20802857596.25375
7473734950.789179
18980363164.872025
7787053980.121059
26808320428.930115
8795023444.953285
32474324245.59231
17600407947.742645
12045289661.904163
11378552009.646494
17927027362.384525
15958737901.290115
9290101823.438768
14724598187.834637
15890102265.275993
9981900974.713682
17598217636.810295
10001638785.95433
29910683755.010933
24975589884.35502
10728124208.538448
23199923563.900215
23466514142.625603
26006242712.301334
22651960403.599205
39743550959.12067
27348336931.959164
34982834367.25185
22723274842.49494
24949137203.735065
22112259703.770184
7659971816.330619
13142020405.562435
13879229155.894688
17712417891.452934
16212509540.715816
25941146555.051476
13337298519.365316
22071084852.41239
8710540035.362926
28822719547.81102
30803071871.449715
16914225103.736671
48912464969.86115
24300034947.01029
15397714892.27303
17814955112.945347
16293741597.578066
10150775047.435041
22281126867.906662
16189158676.918211
9629897030.641184
31541215097.589428
15496461396.648441
12371239748.153654
23096698456.840607
14533528072.376057
22486496343.70183
10332706072.142395
14563673726.467495
25985883349.126945
17520252270.027824
7650417798.882843
17146347356.367786
11699515530.83631
12152475185.712818
24998361559.60156
7412766249.343079
10999732290.158781
16502650528.1711
37886617295.54676
10144041669.968952
20340881052.40165
17547230012.182648
29296428090.754837
17106129434.69069
7070791992.328314
21015820233.160862
4649112045.044746
9158722912.46004
17654389657.763927
10706254248.599005
13150003486.213558
8685308328.445139
9076698945.658651
12217871279.398932
9497425916.642578
10389364841.282488
18244594258.215466
21350021618.525295
22410434645.381275
9016155529.420183
15531315717.414825
9176674956.544085
13589571400.441069
19751175122.515503
29943068635.07282
7684710745.697445
27864101776.999702
18836862868.643005
16552146003.311953
15680100129.50158
13821338315.149298
10046152578.258175
18100221669.705555
10576970396.909164
6022009288.244419
25574451879.844917
12209356943.194403
11086290451.364046
33419878126.29994
13265770847.363602
33239355308.763187
17117078443.22961
29323318254.412426
9021038776.971186
11489569120.033205
7838385498.805722
14712083850.628977
15236947895.075169
38170556284.093
20909715392.680424
35275219537.16054
12623726485.568436
14434117473.51913
8467127687.090969
50313687515.44156
18163617785.881706
15024563459.253944
7547941043.129412
11625068233.771631
11028457279.95799
21870947473.34198
9703878380.848948
5827001444.085718
10575360444.742123
21238376405.29032
24803529853.44366
5993483044.270015
13236215857.474026
15258771745.021788
9408290434.264227
14862635988.000648
48123802736.92559
21125240244.81565
25223921296.08105
14065323222.162144
14070949006.40126
14473250500.877235
17691811072.03484
3816941141.477973
20940867378.66895
11852885031.940859
19369389376.91758
14852513034.265635
29568236060.94461
4522109691.4984
34594017620.0851
9292191970.976812
4642167792.214849
6848575677.1561
11705279933.071695
7077608594.598863
18287024653.4548
6989336005.87781
10472197038.897175
22993171026.208183
24735863078.560715
10996767351.677456
14892684058.111593
15759841690.832901
19269906087.758106
12960668425.732962
14388418876.495407
5075493125.089281
9398557303.279488
9518571408.555914
12869585544.278145
29486753056.505077
14675685086.641556
7018827217.886949
19559099993.79511
9706350674.68316
10058920250.9894
7779372158.023636
19521937984.17927
10103303915.46765
13907523756.136465
19428523388.60633
15560286032.291037
22418742500.342365
20479265642.748077
4407009295.622855
13509384846.522367
6876418381.920507
9729364898.840479
8037453832.026657
17776694027.705017
8477278605.999694
7048375547.568653
7305376252.148708
17495035464.576286
14898155602.4344
20880849196.48301
11291957428.886374
4056543352.1713996
20880271639.51361
16602056262.631233
10494317339.509563
9667888174.049349
13088005658.641531
11904430417.59092
17357162366.16869
10824082635.625383
20406612979.189156
15254220911.341848
9130140142.48975
8641518043.635324
16884951110.901064
4159518912.59859
9861164063.172028
9636281122.832748
17719350513.990704
12080518660.903715
7283232869.280473
18469940199.563805
25494195827.667843
18714185712.920586
9536569520.911198
7516010260.456009
16598007117.409437
8129790358.110069
8764107103.056606
15528787747.317999
19960961623.95666
9907019439.649511
25897722220.499477
31468575492.74178
13497692800.566359
15631586876.740227
11992131999.554283
15310746671.21254
20865360161.703423
19388887863.530968
13105346844.351067
5132150258.419459
10120171325.763311
9624826102.6548
18791098941.429108
23443526185.478397
9004676454.892315
25447847324.928795
11890775056.442438
8789189920.649496
24832026142.369373
15515092854.070532
13774999730.322308
8817311710.566648
11050129445.899015
19077157418.517365
8050496244.876851
7008901613.711792
9658687810.961708
14797678620.716518
10012891506.094393
20960143787.204502
8962572190.393549
10023064820.167196
18004443472.45274
11915374850.972649
24533102637.848007
10773927199.598038
11809877900.707422
9606585359.060501
14277737645.751106
9274656364.366291
16669805845.37385
11748943377.287926
9422608624.561945
23247436807.72225
14968565147.166466
15205130863.52307
31164422344.64264
20854985314.843037
10268061359.122452
23776569536.467888
12700602516.546116
17138482439.6215
32605098110.072613
21314284855.55108
10259682985.041803
20088384068.158882
17653319089.396885
10187353820.4108
38529004394.661995
21814984775.657005
29724965013.273857
11499412001.554052
26124603833.524525
15658868201.403395
15909549068.688505
15604108876.600264
22363659386.48929
15214998583.797823
6991240339.80678
18667966958.257244
7225611340.18453
11949116008.133785
10674619879.781353
12357323778.503271
14121496346.848886
27973602410.425667
32775188190.33578
12490173388.86012
18504999721.348885
32408787992.031715
13986437320.324099
18590799827.847546
21620619011.283417
21560837216.066357
16539809130.712502
11530391557.369709
9303293557.453194
6099289198.3762455
6573194148.930241
15927669152.236012
9880696995.872152
6181302532.2426605
9871977409.873549
10548300723.672596
18171770273.939186
11818207463.878542
21618156379.9814
11485252925.631218
12807549960.184679
16032502655.909204
19531773139.01595
20139418894.194427
15587582180.144653
9725768100.07252
3991705589.6578994
6574256904.753162
9494791735.3143
7235091010.396228
10515530281.480066
4091341808.755375
13371438562.860794
16150003422.98068
12106164082.945517
4393074897.0292425
16572515338.410238
30923999628.59754
15346229823.54055
16281277434.713598
19916170779.986168
24936735424.95064
35835001852.40153
26179981061.08087
4186163853.51949
8301986886.865715
13099389429.964108
7688892798.953684
13300893170.231974
6363084402.979218
17937185213.473663
10851008876.951729
18659453983.87687
14248318876.323935
7909547173.414685
9582892836.717564
25008167129.225403
19503483165.37855
15450535243.696102
34268130661.48841
14524102725.29906
33068671089.397743
12164114984.406363
8483925998.42525
10192211036.757147
7623221135.646082
7585054838.761867
22937560563.850296
24644626248.793888
15260409437.531027
9163596691.950008
23994071214.27887
8877847717.243
16630910240.459574
34827920190.61767
24881499285.71291
34816549674.01703
28076511998.210617
18202406344.828964
14263325875.673054
30191645483.29807
11537218086.103819
15151661165.451633
17795725148.7244
16159953394.0077
16452945453.415443
24482542449.541393
8292265028.693237
21156866508.71512
14301180995.081926
22382713461.670223
17649043121.79338
21071682977.56787
22565472060.977394
30354410679.810413
26074594866.90396
13065973656.107916
19654979970.328495
12007033292.467653
18142941778.155247
9243154056.204245
10856805110.553158
22644788296.915974
10293651858.320961
6448628406.814418
10743283950.339546
5661298159.589139
15261715815.864206
5920511323.549107
9352287342.724506
13754245353.654102
10664971278.530954
12809012090.652437
19035418427.50081
16904304444.256765
10489968740.436464
11595271745.749554
25030587003.362453
11607190937.743822
21040876422.93108
12428541736.811655
9842400017.888958
5396950794.320911
21604666800.294426
6263455463.037093
9383478430.028217
17261987832.120804
11912681964.019144
3350477604.536496
10530694607.049587
5667906786.358783
6397697909.734185
7011385103.8261385
18063098072.597637
4421340364.442834
13029826545.462862
9137241289.449945
8416355961.904681
10793401583.657051
13516995237.709093
11038923496.712822
15959818155.525953
27400159175.123795
17861609470.28053
12013058588.22544
9915362220.946016
22093927454.943153
17110471798.52249
14862640447.191921
15713756223.801071
16629019989.807062
14986576146.386122
9194965644.99202
13199465969.893414
11996587800.455763
14995675354.995033
9435576945.395138
11196908685.458834
16384433771.126436
28454970553.185074
20130981795.166355
18878365107.658134
11214965699.273893
8893473297.21635
6217152278.745612
13822746915.218916
17739326900.40625
12870629031.245033
9361753780.947126
17923844750.5051
5938629412.588928
9380907434.05471
6468362652.26627
15308420080.2328
5644026176.946301
8941592429.249035
20885696121.561718
7928230695.047736
26510289100.704414
18858329500.56215
16314526074.22076
11395663721.848682
11743382791.052711
58699371997.52271
8830067239.487167
28338213795.337807
10430561583.423183
10895375648.699446
9680655403.006964
15946071922.566046
14417136752.60107
27815311912.962788
17829424114.869095
13998239355.47556
11914637019.167595
7222425234.540021
8637640619.071667
15707757719.003345
21273305742.411816
11563887056.881516
16143908237.262959
18200626463.452023
14230165345.444735
13125192368.876186
10889830938.94159
17085834526.678432
9776898255.449362
12075378853.43153
12468835281.937382
10787990792.22157
19603740294.395718
14482437103.794256
15504704458.08491
10692729334.122875
18120119290.400936
12316234336.70518
15121119593.804754
15473159144.035267
16944369081.73938
10603616672.996763
10977992953.663595
17119497853.58168
12330817155.146395
12565193675.094584
20071188665.897327
19664493354.674973
29333097674.96029
16098566517.43279
20487962964.737717
36895393232.89535
15097784972.160324
5966993549.034161
9940608990.532059
23470434356.24634
5562300008.821738
5913151004.49329
16336281115.81275
20522752620.628155
11804465791.902464
19704745399.329063
9583644570.38998
5963902256.082483
19322021594.02061
10769465192.834755
12617596310.511707
14126155475.89318
4845119884.1347475
6176592178.633789
8701156596.667875
31518440449.273846
15359692275.842224
11982777843.964308
24583306314.689312
14841532131.928425
7107118011.26297
7425047434.51568
20785728986.349564
5747747151.576545
18843749352.395226
17658530950.24945
8754565471.812933
14227489966.04797
9583827699.35003
9324975330.230873
13550687252.652336
11927483339.365763
18535156644.92645
3821483449.8908677
12614979077.219563
14973691107.849773
14188338605.466171
26167205637.579674
15682700890.20647
12134432232.77457
26230479579.059986
22641734559.743694
9895816032.18199
24165255710.326385
7818666229.450254
33982727130.356552
17141074072.35174
14532747530.73677
7871580177.273238
18896631346.96683
18548202363.248077
16718153005.40121
12813009102.451534
8943141489.983675
15497026395.866879
23340750390.48418
27104597028.168835
12640317416.328554
9628876983.906906
41886800051.1337
5080455330.531327
13359093146.01704
15213387888.66231
35743651213.81319
38111535372.75115
18695094830.84625
12604207151.447046
22366972663.65069
8874202348.642656
18855581551.411644
8953091302.28477
13759208949.59336
16499354188.03733
8718852174.995699
12489519517.967836
16469884829.933811
13771245907.187414
20369374834.558937
36497320303.0042
18512006884.04838
14041931282.178316
11051614698.128578
13675739452.272211
18593026945.65324
17754327763.659138
18634067586.838856
15268685112.553102
113672833612.74023
13009686733.464294
7832866903.307502
23958593134.026436
11514428111.262022
13688922104.660652
12142966229.655474
36134429446.87505
57061125018.180885
23504377730.832638
12634207348.713186
15774576121.678032
9859520873.388496
14288542918.04503
29001448269.479866
17484266458.461315
29957321505.34504
11094798863.19656
8991353053.747221
10347356413.10381
7347975551.442872
7265886189.597302
18875770886.74707
6365388367.477236
13875717639.196255
15039132403.506153
23673582341.466984
13908859845.444696
30542269983.470577
6727653280.272719
10958116394.532595
20371385928.21229
20479569658.25422
12312206864.419474
3207828282.837377
30703973072.46043
14261955054.226593
11728898580.597267
22069128599.09748
7450163792.059353
12854554275.025082
7101153574.448048
18885138606.541386
7310097139.875805
12207732199.058739
7011604325.8649
12621513120.541582
15375686199.877388
6703190012.443395
18010453727.341793
10690008265.747463
6133016481.654549
10189407605.324184
44990618829.66983
8702314621.785475
16579405952.298107
18578087760.617085
11954403674.839077
23468223720.907227
8358588874.979143
9645775199.938467
12936503812.132519
7928980786.017949
10764140766.307756
7876619293.661015
31047129459.29093
19376230849.464725
5955101294.715849
29404759193.39627
7864152269.847745
10045414876.047756
7213862861.260504
14618131439.153254
27005065097.23547
18468834297.75651
13252837170.272808
37660819309.4332
11033593834.535925
15974706304.696156
16045410820.143223
31072742890.62684
24138730470.692688
24780878200.792652
16191426358.334953
13927735065.94247
16785357067.854767
18041050141.275913
9429895532.876038
16700055524.80907
14475905641.875742
5932284667.065689
10962545754.027948
16778320999.7009
7996120559.677541
17278735342.060577
21052878557.878277
18826915555.25058
28112574867.881863
14290076640.65496
12268979993.637596
7253213838.133222
27706892331.978348
7522852948.498084
14182636779.697329
13470772093.68553
13051453685.571783
16184082707.212605
7525726768.410041
26903822061.06235
9555105264.552042
9213572139.90569
9152727448.740028
12508062530.478645
6650345055.067768
13882203210.683285
12259843044.46406
28856570614.273724
16513767749.390257
23871912274.883377
45222459399.730286
11324154792.279327
27240404275.988064
13131523658.734076
11052606797.967348
15866737866.683147
14163000643.08822
8883811284.240854
26164271126.634483
13109249474.013021
36488261876.62381
15536016431.046923
21363879411.935997
17798443582.348568
18561393178.867496
14208295591.985344
11452824875.207876
19492235224.469803
11650857613.431705
37786747324.5394
20944286875.78416
11626912517.13199
26510644973.74951
18001013140.740005
23685370089.624176
12120952434.959963
10311964130.067213
11947274240.419615
13750061547.698973
32965922846.83879
26335130824.68479
9414209962.44023
8907906064.052315
18588790030.681248
14858650161.121752
17050902156.072515
3432493339.7775803
8775711025.519718
10733659476.092697
5335167171.373506
4898536572.756987
2764429880.4003177
16870587200.055182
19686644602.109818
10769046839.711023
14034662124.17496
11922730217.388353
32701760150.87654
19812366357.299267
55672447837.82946
18494309853.951744
24387016920.54224
13720209048.348562
23724529279.821365
6435583939.378254
17733010513.29254
12724825892.230236
18930918782.242012
10180504356.20045
36160360420.5012
13514482381.29192
18364449634.887573
14583133924.037
6433743222.801067
6560509229.95525
7432384876.550127
6796432418.896091
15731241697.941975
22990469421.383923
17641233621.66487
23878526626.11772
16057897848.590803
14002954808.629412
19089184251.254704
14885107160.503134
11662550099.257416
25296932043.909977
10816824066.84376
26944452749.988796
28945017974.796078
10237885503.269655
20904161814.11567
10082990065.885366
14379047790.917936
12827313701.633991
15031403407.305737
26265258940.46307
12609875771.4461
15282651039.74965
9352386862.088648
27670692466.591614
21840528815.86106
23727217506.21241
12838795631.457176
38205043656.85778
13358186381.136404
47299375755.36997
22063604697.35871
17461667002.953304
19840700345.05785
15079196787.361526
32450689017.975384
6951078358.532694
10839847167.830137
5534707053.138032
14362994061.886387
5877121347.591863
9436347948.483833
16489989493.718008
10954729338.122477
17778217123.22682
31177456220.1697
13496126948.49254
29271600819.36338
6050895002.87393
6485510051.330212
13351186955.90527
17553730916.51802
4426772297.289916
12115259654.446861
12309582704.362457
14304451332.021608
18844642716.964233
18818615233.8265
20897156010.508877
31995310822.85545
15282725050.221666
13718781788.669962
12732178194.141289
22894084741.815018
10163953408.35296
11944902318.417158
10519706018.527025
17433012675.465168
17787120564.16959
12651367894.287205
32068538107.717243
10892642325.988865
9270949186.027956
8787464575.2933
20305208544.82231
8554845979.952861
11560560378.379353
23792025439.774532
19184876766.7811
21793844796.853584
9978067246.541218
18133318039.579292
13872392395.817741
10947359285.534525
9278705036.423386
22519713873.911556
21406049482.154484
19032414532.90183
11153320478.21161
20194861258.68631
18134665125.505386
10253085374.161922
17960624526.720387
15885264802.376429
9592126061.80231
7493023461.741923
19926249790.342243
8237199009.4803295
13819448558.02921
11483860144.233107
13762907968.71689
36885235236.39893
26985045874.474957
11838071739.066214
21031070597.6399
10914392423.743484
13825464133.149042
31039821510.598675
23568270088.08968
21376455112.339684
15196415327.592115
15745350357.742289
21145514651.30784
22762435085.565975
9998283163.368347
22462507517.544094
10967348134.041225
9413905406.882717
21770776741.4098
17165658373.656193
17041275768.39291
10984861366.437986
28542689856.660233
8814443974.714314
16948705119.161198
19170490105.077724
15852555237.631056
9147784573.700891
14914484898.088327
30098085593.074425
12618563187.448746
19272298289.752567
10436158320.118404
17763909950.363285
17944748901.922188
17977139210.28331
29310916183.434433
19240828251.666523
13887444715.624949
22433178917.18644
17097790807.946087
11109894900.205153
28209657256.74038
10650407152.911007
9409461020.589396
9983512776.62261
6826178189.766253
9295081783.330954
12675425665.631998
17731092075.98494
25544933529.15674
12504184372.354801
26047998059.7018
8838067725.365557
15895231942.9257
17176377471.279556
24624543353.105835
6626678703.911178
21674870531.245888
20617007116.27746
16944643650.716051
12434287044.560667
14496698570.546766
12836478248.956408
20643011688.49343
18459806799.049625
12303312824.313139
17834531635.848915
17798288563.84086
15903239259.099977
17359666281.852806
10999789585.34313
13787460049.232096
23608932769.67165
18967269682.30143
11932687016.45376
24301037327.499977
18615788618.055363
26435723271.642212
18701974560.385464
12570822614.593376
23007129941.344387
12854413924.308811
9377546983.217175
21325893196.73999
18416350256.53503
18528469925.196785
16887370145.73249
31889385806.113525
9672895840.39914
29026560320.259148
8800697167.487852
11827798047.745527
9284177980.496752
13857548015.29089
16397939811.029308
6783575934.742889
33743942020.941338
27496455496.13987
17280048788.86304
15342744759.521587
11918554359.755705
18679492928.7247
9096457076.08753
5545659200.318153
17522150657.899155
13841319557.734638
10871289338.040842
13421154340.871319
19112746603.722996
7999554537.756062
18690894298.921276
7819244833.276406
6701905564.146833
23891816666.236656
6380273606.121965
18062057990.516426
6399834427.536217
17398270236.684597
22408937966.498417
9301539171.575108
6546504825.121815
22282706088.992138
20173586774.371716
11838597925.690973
27825530200.747738
9528640355.79423
17008071108.994558
4839488402.197713
23235839581.677406
28317350093.324806
16732045634.410229
7742230725.999309
12507608887.256205
13723051260.327145
22211629028.604084
79615200686.74457
15089741573.099125
22510273444.360836
14482210038.296461
19199951821.017117
14936754160.654854
13553811109.106178
30268838982.76433
39570803584.66599
18108360466.076836
28592037779.955975
11005837789.24803
28031112305.16134
11779531511.384697
23083901834.416706
20079638180.72321
11169267149.149185
17069177913.23359
26079468356.191757
13687020152.061028
13108404534.460518
19558526098.027252
11349469483.359661
9388673886.14905
19819518146.26831
9845863823.024258
24201693085.34547
14711642939.236456
30907267748.22392
8371191443.522085
12173658717.158054
16237563776.060488
14620801131.092571
18314063124.31543
21033958719.43281
12916546293.98051
10657708601.69252
25311337213.0486
7536097793.791621
22845047868.91233
29120928346.641815
11168042846.521238
10883047624.925566
34817141397.72115
8676114444.30213
15282933028.605371
26296431179.39409
12028955497.001143
13905333813.747053
15931014375.905844
19587609209.985577
19032406841.812317
21021486313.928642
19283036989.578087
23935579207.68183
20396206224.504272
13997359458.493351
13994315402.144524
6263461851.845819
11804157803.890896
4672274164.628417
7108185743.925683
9014377760.170994
8979883633.867392
15745776896.590876
22100766983.830227
11058814925.266193
19504523118.76637
18126695928.312134
20229693969.01213
8243604677.604069
4180504115.4560256
11811088358.461052
19096431858.831863
20185864039.706097
15146605373.986853
21273045197.67328
13708070513.818413
9221453437.24542
17851885737.16572
12633914142.98667
10317395087.896458
11774003852.324226
7712891227.825592
10059448319.664429
10989965086.789396
15872590448.372906
11622829924.399773
24004358119.157608
10515781816.63875
45562254038.668945
34272087821.47478
6490073536.2925415
17429250018.95617
16236658196.036816
22462621617.14439
17860509145.14203
14334128616.695782
17526815954.48289
17785018531.792778
19147592876.650204
16324202075.418865
9000575525.378832
8416848323.781929
11884386522.280714
10082572340.208942
17849642614.540577
7632240792.022258
28245212845.734207
13910119717.917046
23422100957.427444
30359337019.16734
11628473675.919367
28443196972.838955
13899097204.358463
27540355185.804752
11721219344.536802
8748401592.390326
12880666802.473963
20644619622.957157
13960651155.126343
29051525302.661568
28352032902.211334
22448683744.082333
15102701563.808704
7505491036.995649
15010573043.301834
16353381349.860296
15867960304.863335
21710772436.38734
19763870003.227623
13528563447.128857
19374742153.624123
22688956655.59862
14379208275.594852
40064657120.69396
6726512408.897855
9069502359.836493
10054737690.60505
28201183805.229347
19373185867.500473
27417274515.728138
10068958386.691967
6299077686.392637
5985249530.776032
16231146239.770477
11566547847.413702
6698436191.381624
44219250820.71052
31147602851.24664
11729289194.989656
27600300449.026577
10221778518.105417
13332737843.7392
13272991866.075317
8469656321.1004305
20070574915.31668
12171847131.432905
15506159481.27979
25344590762.49163
28703894073.241314
18672030251.5025
6207924466.854472
25652974344.662697
9349864144.453129
6768834132.103038
10887718263.947779
18938536176.93751
5476843430.444146
10765374212.509333
11655704613.539333
11172215655.2353
30599490764.1884
14893813255.565796
11048747682.328804
9767066359.608866
16531780727.826492
39213403795.06467
7057117640.908855
13513969977.710228
4167879183.7510023
6153219181.050781
7276376551.634967
17215440716.171856
14742030074.094334
22343403569.516495
18133828343.14481
16686334171.830387
13665292432.495657
4400584056.57035
15489629137.38305
15345150052.353018
24151199997.905525
21030225782.52988
11762493442.461748
25950284452.879627
6225200426.591347
8056976288.366785
12599224312.04801
16293760934.211197
11387959202.82336
16669238625.042994
7281560143.135123
11824318045.377855
5939215491.026178
16199570129.832891
6294175926.835119
8750440282.41583
7281560143.135128
9462109928.446638
5210641720.929565
10293353550.302588
7089499052.633678
10051922187.529385
7471507258.335001
9586799067.708714
11124281960.055624
8741278641.037615
16788704131.201084
13764691036.037952
6813905358.290025
20357444975.913982
5284711597.904935
7900652860.945878
24444911798.638798
11656468186.81476
5446558843.336246
5331559597.135826
11282552117.614864
9479886174.149668
11304375723.503372
4850401983.832691
13359488072.623428
16975202518.644976
13612242379.064201
19299628317.282906
33969726047.23732
14647001768.817142
17928189735.954117
16509585190.285616
20142961158.7715
16479074686.12944
4505569092.580126
13717188607.238611
11623551368.963427
10102290329.616035
17503556940.11614
9368809647.818195
7228339564.362779
21227533241.041412
21460676036.335743
10303894405.13424
8591424515.533396
12548818060.94098
14993244764.077026
10201155883.224583
10772662729.633389
7012715176.923961
14558879489.83914
25465232781.68697
10526172943.487844
16254039131.492216
53112330996.80413
40720093551.20279
7378128358.526856
17957219901.73032
8242877713.38697
13793138025.532675
32653061290.09221
23636911843.845818
15313990989.229486
15689329006.332745
25359647036.541477
19593095691.412987
9196239899.09495
5425150241.774121
5550686471.417523
16534985714.614462
3741423907.489803
13378319427.42575
23841776577.55875
45025339590.1453
14838930853.796646
53249353492.15971
13018653578.14977
18340085630.4471
11284754338.50531
10869206465.934767
13059457925.8031
8060588659.147072
14845653298.928171
12004415421.014965
9962728183.453371
5469954542.841997
9036421186.526714
14393435029.326748
5846662817.802077
6204089238.083199
42629349043.86378
8554418982.520904
20658510660.923786
15549767391.599632
6648748150.815323
8520007087.16993
7936919153.136579
30091824254.204617
11188277529.976028
13273198805.538294
11190618027.4009
13224474833.219013
13277963033.925941
9824944712.228277
5941527846.386202
9453003353.68484
10704452135.049831
15976851189.878984
11558786511.96078
9098636966.557133
14421032661.868814
6876740195.569814
9130296413.939743
15976851189.878984
15316500328.034517
6485022193.6750765
17944990268.91378
15220809902.00203
6213380848.740192
7382194084.789108
19124166141.27462
14044944511.1638
35600959678.0765
8899268551.488184
22359858447.349586
12092491367.478905
11039826204.425636
9524292765.723196
15796452331.532623
20698727151.69984
11273097184.434658
6465430648.1476145
25372938526.11467
8921513376.184496
17020468917.05014
8256713301.649377
13859687430.115822
25040666246.89215
31840613251.79446
20389543716.16213
21378584742.024918
9612500810.891367
13356301744.48186
17843351004.324062
34808821117.22586
32099181979.405037
18218706079.156403
24233057477.351048
10530574750.323887
10540878627.077477
25985135464.04658
18186052763.53281
8929432650.153267
33438793053.761147
22202652334.95977
7573337083.687651
17705171943.465546
16529603405.10168
14850505836.32798
14416417171.04473
16350961897.148298
14530874006.464499
9520794641.670378
15487347683.52957
7630719167.8291855
16547593460.504509
12170537674.49899
11562976766.190046
7362945577.734899
12066312641.839159
6150410934.626852
13604755826.598879
6571771937.780323
14611181487.548073
16753037624.932528
24008749563.75722
13689576619.548292
15464633454.076126
17446546898.033455
7503796711.987204
24203480764.000698
11002197296.146914
23774405031.910915
24371349243.87187
24741764200.797764
23100077953.58176
13392700650.591322
10407447865.162907
8891893127.633162
8399962221.692199
17518382068.667164
14030329839.234262
7428336214.16934
23507081757.510788
16403009092.199387
3870594310.1471806
16277917737.800785
10716219217.561773
9408038133.760092
8550223952.0056715
11184187560.867378
7985419764.124213
17698980498.68295
9004439514.56635
21003487347.438923
20885489949.094055
25597675289.95129
9530751869.552452
19056978707.433384
10453456343.413818
3730540045.4408755
17291335452.724354
17184764543.74987
18930939736.301174
18780794769.426014
9832761640.275528
9384562727.227884
16645143052.555838
24095417866.520752
16225391647.933823
11174117248.167105
27653477809.99358
14617467928.623308
15774492266.764795
4610676517.285348
9909276674.532343
15563567422.797148
12677008679.956669
13481489176.934566
14549893628.055164
9072319695.173494
20095141263.73883
30255869580.951065
23186958699.470207
17614930743.045822
12426497570.982504
11040420119.585922
15638770162.237543
27341237363.842583
19209456845.55832
7713421800.892953
8473667079.826617
4731870885.901284
5882626641.324772
12434657200.794062
8257370897.146909
9076673724.699062
19136433464.59039
20888105828.684742
13555220552.53101
10033032333.945448
22449598913.397686
33871293410.65937
12092850478.226898
8352429017.070869
12959229758.115086
11007795715.460966
23522062099.775505
7826089747.16659
8558466628.861911
14802572192.824493
9031551407.807142
9412266733.835945
17932403161.775448
25815979508.04648
12581171326.459608
33482882459.12324
9969090765.585112
20266981035.618145
10275588259.14371
22454960354.253925
36343380301.52992
5124203406.511709
27368790879.06731
7964327779.652432
6132677587.816956
9394001436.691944
22857827526.129807
13579022876.375797
20068088488.62924
22242317688.520107
10768171797.543434
20923188441.384018
23523015494.32767
15775194204.032932
24506152552.973644
7654713675.046677
13346725976.025347
5333672739.377599
14904357358.036715
6098639073.6940155
8705580864.450418
20150196901.36472
9792018389.27086
10548685299.121435
19578194102.329075
5109129699.316835
21266112350.64576
7271172157.750262
4094708194.958061
3693786181.631903
13905418942.437035
26001524031.868416
15429348564.945974
13934505918.234753
21394715672.49673
20091246007.98943
13500843688.584764
30161104822.561863
17188661638.94202
20865479652.01682
18144393674.60048
17705236032.226425
11580902997.604677
11313485238.516571
7674827492.8997555
12289142085.199965
23671414119.524845
22578328850.271557
8048502335.386062
12303440614.459902
10062784253.369875
6343274933.997425
9286935687.51305
7947082075.982651
5332148696.584226
18379352448.674164
14778070407.539118
15397478760.733408
18655985885.107758
11763524857.516642
39308078214.28666
14389802702.912737
11954204822.68006
18915521783.611027
23954516195.22648
11301464918.293303
9855948289.806211
22178639513.300068
9752237806.202318
25051935077.111286
9643288753.16414
21876185379.438656
13309290767.983915
15285028517.57093
34640353492.96183
5037084480.187145
26232784067.584934
8068535442.190628
12889463292.913286
6346589070.051927
13523965470.204891
6131000134.350605
16056130196.6317
8689275607.9996
7521685059.264514
17112399356.041363
4332358825.851657
7863530347.669176
12904189882.739964
11006062160.440495
12953208746.108782
7455974996.811825
7875725796.983815
11060527660.135136
29589945753.17647
21083540601.797226
18197146170.63684
14812923267.925186
19630908669.90646
13290571665.283628
31456086243.217907
11448512645.739357
20927988668.008312
31376132370.7859
26768781336.27756
26867220087.81074
43414149352.286224
5443967870.619831
10165678096.010284
10242919622.035889
10217222053.582085
19308567629.001465
16909448972.355408
8894337795.707382
17404111395.76138
9876747575.618322
6576021410.200971
19308567629.001488
6569342088.275221
7030508190.750674
18980473967.403805
15076287031.208023
11295347789.410845
16188565688.628628
24068650717.17896
2426393637.6864433
17833003603.5051
6960090965.315306
3991263016.90469
8801131310.624548
3726028188.615917
10609464944.967133
29076613425.446716
17350998313.3903
24898153892.19376
29156584266.521843
18326007696.814445
23848046463.90102
26539973576.410244
8691399954.729015
29006004808.154305
4776027851.039914
9166018911.55369
15480859864.372263
21523704409.319225
7980419690.695363
9119983041.23493
7972877232.820184
11841860755.582985
12571917375.345236
13476461241.58196
8250915910.598539
9119983041.23492
8288433394.124337
7740922367.71668
16260480903.593718
7624529389.075305
23303422511.488884
13734560186.792255
7021978547.180251
17183196090.42927
18027928300.066525
16686124615.09889
10247750544.883295
14663030304.935268
10364212016.174717
14892287420.775663
23495223399.99078
12464529775.80479
10297306071.978348
13537499644.11159
6647310876.300741
13749337224.5789
21027007333.655582
21058012622.327232
7637738289.666864
11346123719.395262
10223090806.893867
11248963200.58844
41281998210.75784
6309746205.174177
15111839670.251656
9114490919.914038
8140870259.971434
16798091306.220352
10499747033.407257
14700272465.874788
7269475686.212022
12594362748.540102
25228712915.58075
19590204340.746735
12928358330.706804
8452123990.585989
11858769321.278301
20125843475.256714
10334075175.228407
18304178586.114418
14033799701.89259
15147703896.616808
20036156020.280632
7223436542.763197
10349603952.782545
17117786491.018412
21606294108.4184
11848466068.93504
10233516070.662159
30108264728.3096
11447171828.729261
13049530919.701017
8201573418.190002
10643136594.121399
17837267120.668427
13125062831.448502
13529910949.64391
28958441581.168026
9767729698.146267
15303155870.148312
9948671042.01976
16162429200.08122
10027675692.907755
5115315234.007221
16752343666.478046
16519673524.882801
20465751395.061165
24848282516.295692
11313990548.123587
12975998406.18778
12791838732.48558
19767502469.4651
25696466183.509464
40294018821.23427
12684615548.522207
20018334101.845257
11664311258.524899
17271054806.386223
32634341969.24215
21099442623.378796
13793417467.37656
11613597249.619516
13942013878.03108
31064230918.52037
65515046476.59027
30072443047.42646
15717011671.527987
30062625084.9693
15492274228.781622
9208392764.757616
31880248944.2554
23329575301.446106
6408915988.465487
10992576680.486513
10827383083.697533
2448924633.167433
12349492744.872545
12800899209.95432
8581881171.449222
17262929901.05254
10886122738.553272
9900235512.882341
3122755843.7434616
11537307003.180927
22579320653.863964
10541017340.260157
10612688381.180752
12993369390.161459
11681545875.878773
18002787795.8895
32676532510.647137
15291881852.92035
10980802086.364628
11831558272.099365
12741781804.429367
7948384519.162459
12440613776.799473
10250321387.662113
17202009029.187172
23289897168.713108
35739937845.92019
18288566418.501686
19350006766.61175
17697471081.866436
11000644120.132189
14880721947.610407
16333270959.781847
27754606065.920914
17883564723.111824
18391012119.187107
13577340179.622309
14650962174.158596
12467128751.348604
6591023100.519175
7613497319.644866
6282639405.571474
37065018410.41896
22118341267.358368
13366790689.96842
15514456277.885296
34818361651.48325
10440397600.183453
52631402109.59112
20091161425.2129
19154223513.92679
9942675269.074472
25941180656.881725
18052944690.955685
19091789676.934086
17177391308.231596
25084952743.59565
17017948918.55249
29730225913.50941
45103144300.247185
15503076206.907516
13890714064.87959
10965973649.468914
17048962579.337893
15593156929.856693
21323101618.16719
15098982199.956907
8259005356.345523
18223341262.742043
15873472432.033981
31181612498.89585
6042203029.018769
18714694501.546207
11807429085.299433
16256113725.603962
24724323167.608276
16391669236.61303
33240888649.65067
22069530533.101494
12326305311.39676
14657518066.883118
19826805434.31882
20929224780.070286
24067947467.010544
25348459650.951214
30175729931.304787
26735453627.410324
28906729130.79556
14382893956.649487
17839922439.83306
23017493070.10325
21995070306.418427
41748459839.033134
19646504478.31064
31064930454.584126
5946821115.397926
20252410502.884613
27493491062.532455
14734641319.414476
25236933398.530464
26242813051.11663
72122840796.13171
6666385206.863071
10334866611.977062
15916087945.97383
2760826806.958525
6739746315.410428
5705586680.554201
11765692435.83604
49657773074.1503
20995255295.6108
14731776725.000631
32748410886.962173
14947255095.952158
11967328888.171293
14697383764.299068
8823689830.403881
13721523038.137264
15148663149.95758
6660107075.30429
12591384575.60899
7261275340.144624
12237294071.419088
9767774785.712774
6628173000.614373
20143079220.283787
16376899652.65689
9718084647.523434
21307593606.76928
11599168339.854807
12030421066.00135
10779786628.85409
17734766130.763855
16350190482.166636
12232186191.701767
14415760026.800062
28220013358.022583
12565999394.13306
14136010008.039368
35688628953.525314
38414726160.877716
11021152991.792973
33330914357.455883
22513136924.010136
17913037611.383286
10639256198.3585
21735051587.019665
25476147050.25129
11562782923.830563
7519920054.64166
7345035413.834647
27508156176.909904
9304684030.257774
30226497980.75157
27490585313.987514
15520487516.511011
21674777338.555878
17970172187.352795
22073352998.22166
13043966675.689816
9188976765.941525
15297704831.797255
16529603366.92824
14416417187.69143
14850505802.032246
17705171963.90979
14530873972.906923
15146075513.322712
12231758579.4921
17628217535.194798
9008866809.047194
20055428010.221996
9899974323.908005
6660698342.999192
10296577676.058662
10648040345.115387
10348785345.616663
7179151180.244028
5514067779.48284
7579117621.638674
25195734247.61244
15390754693.551485
10922512872.203932
8957878627.42631
18647542191.243347
19720740838.94862
15260991007.36683
16218288983.567747
13955285918.445211
9844271118.63397
11910641040.314571
8767377842.53061
17471136239.839928
21785880979.85184
10768224533.326702
19155570019.92502
6197896924.310557
11918123625.690147
11048215068.647743
17989498534.575134
24431742141.492954
16055542488.882927
19314986041.34203
11391164378.045992
12617834851.76065
8686413524.80403
14313624060.284567
6590164203.795331
23500725874.82116
11888608547.42427
9262109639.399591
18852119360.801037
18717882457.28471
9236230682.06772
26219009384.16691
14113787091.114292
7890680369.62978
13467621537.456526
29577086364.377903
11070185468.464048
10754223960.600452
15391515624.24655
15801860468.802338
15302403901.479202
8765076503.649824
9510191145.305012
7783555414.050588
10253144377.625702
15168954678.216585
10471695427.394434
16831060087.244507
16924831095.947462
27253705670.034367
21533377664.83478
36103531064.50854
18770287209.33492
19200143935.57217
33929320977.314713
11271273307.696323
14458806828.748625
16797841547.54601
22079626002.863743
34342403843.790226
15120143253.943556
8033197690.631704
19138978473.73328
14112303909.541702
10511463460.345583
19041231983.89401
11681890432.281717
15522246484.367815
9524011123.81151
11395324808.629023
6578353311.040569
13036861248.347872
40234966228.00774
27926036699.46934
24410658276.96354
29429342640.657543
26080382347.32252
37236119782.42081
36506058758.883064
14707283874.232141
11425242412.13016
13211755919.871346
45970555771.17366
19935971563.341785
9866849768.27282
29204044336.370956
14192899144.898602
15672943415.75406
15653194022.530413
27142363010.685604
11918226791.926207
19557573725.402817
22927521522.659084
17206418209.64114
14753758840.078249
6670681024.332912
7852446546.756244
11302592523.990486
5849795967.746515
27321960572.677914
15446841648.187197
11840314238.341635
15563931773.84876
14930076911.963785
21200065299.11206
4972704236.232276
14765716812.563726
19477216719.039165
22527434253.77536
6344996543.546663
9494180946.568644
13413167769.161957
12331037164.527592
6161727974.147982
14114205981.242258
17525140889.23893
13061825118.396042
22804715760.57028
12897466659.001293
10541088970.059338
10612811195.957857
14163497283.266869
41027206128.77671
11907076926.60735
14616085921.647469
8999721082.243467
13546098989.674725
15143445583.912369
6734045331.147955
26890111512.939976
23135962227.930603
14475198710.990854
30810696184.337933
13272506484.714304
9091030480.439936
18581713837.30847
14177636602.764128
11121751311.214205
18795908663.74573
5066859237.452891
20561771670.9802
8754933230.194689
21221149719.61654
12729571130.513832
19552661279.94164
4655497538.892959
10253143221.848663
18142207404.092762
17028028337.75183
15230845149.434336
17062455819.466225
40833779172.470024
19214470106.95239
7769469348.704856
6949328572.866702
2986940650.1779795
2740668631.03087
7743152133.899291
9929861344.14105
11247550890.263903
15383068345.361067
14911772093.018831
19587888144.099194
16784233483.619125
8239823201.661656
12948858529.11127
12965195903.995956
28218628921.673702
9859165638.935099
27074965133.15562
14835605338.82995
4791878005.793782
3400466876.5268207
10284844523.75319
4096246132.967261
6006280943.20177
11393105433.738525
13964207921.871956
16019789915.0014
15243057434.062744
31360031281.98612
20730370752.646847
18985117717.37243
14728024105.620005
22114148090.2753
24337819964.60629
20337391072.337353
16723947488.723257
26194040365.047474
29603261890.920452
23210829073.599514
14263983931.001549
16041028914.868876
7905390587.617493
6847011555.7344055
15764103608.944464
10519592822.027206
23514970997.68554
17303671289.078304
29577309271.37452
9028480186.736637
11096412672.310862
20244932514.633564
11275852418.973059
15820149030.817297
25721601265.773052
18382625704.7136
7863611794.268185
35891509400.75879
21993094558.77481
11710262349.98365
7437429493.150068
8911927958.772327
27921643597.543858
18852885039.401066
19113373847.140038
20899042937.771255
31102046265.468414
13627174650.080757
10889801015.265217
17923101471.907974
7437910537.100659
22198728103.052834
24927893043.82307
21881040577.587917
8291785088.45263
6902024578.531523
15119543269.692394
18660653901.58235
19175739944.919346
23239949332.259712
10596673133.029285
9467372096.362972
25315802607.575424
15115877092.037453
7139653924.747282
15331187331.272633
6295296724.489368
4358905293.784644
4225567092.8347087
2712667260.686527
6649325249.674317
9835898726.731369
11455587706.916334
8573857857.420939
55049048982.52463
10699894233.966724
17086384417.983976
7210061555.042792
34776563757.738976
12046178920.133291
20448885278.299168
9669314047.784863
14082419185.055017
32969395615.43248
21442287774.73634
16274310514.441591
19960472931.696743
13688611784.003672
35826009385.652855
11021068612.4187
15817071138.60167
3230439141.3243766
18024662469.76429
15606571417.839035
4973267391.462055
16487461791.82113
11482987346.232576
8887882667.448147
26220279211.60503
10332918861.629005
18043810793.752693
6730874605.0838
29436323518.52487
14531124530.870478
17853885430.557518
23357150085.604614
9510466090.885582
9946395796.281818
10787925361.134308
25945559141.762295
10280773186.575094
18352122705.386745
7586479571.481711
10576662077.206978
5328039042.72108
6940056708.365333
14915349234.790918
8517280246.035866
12671345627.055193
6081813789.36473
21678098073.59264
25559786271.157803
10831875310.695993
7206029172.827181
6509226075.43037
14369721857.773561
17454743545.733356
12589091423.71146
11429066679.236944
7788850698.416705
14123853346.195509
8303208213.570717
15131353701.527546
13337982747.06973
34276742715.777695
12076188072.233053
13034710841.23943
6215820381.595248
20007448570.223476
21879794223.885708
11778098019.189219
10627638972.374111
24634978899.632877
10799498194.010553
22146716487.501507
15086253253.079094
13927427862.504179
9733702264.66817
18236691105.224277
12084498289.56568
22751510384.59063
30950430836.172874
17198166987.50074
10617122923.461906
14894611832.888126
25940835814.518154
28808175957.05613
24905189968.51678
31729930146.614967
31793903074.7508
14673285733.720112
14778561009.832964
14829344050.074524
17972555350.534317
40980909138.08195
10998503473.076206
24434003890.266407
26011017097.655464
17718968107.091972
18144035729.339554
24766289496.379658
6372638770.460878
16656790292.327604
25686646002.35533
8232902992.930123
17051194846.048141
7589654637.239527
13088609617.80993
15223364609.100657
7146055943.649756
12621876437.172447
28121087188.99249
9059417987.80868
19880317588.56678
8617935433.678162
4681213022.045187
9148438978.764856
10490189186.827696
40806963270.23669
9052173352.89
9850986726.3255
22468766164.00674
10866430487.122536
16962218296.787642
12779394785.979816
5058034649.661628
5482293069.841872
7761407074.102137
5441154970.632358
9258671727.478107
5058034649.661627
17216394382.67926
7180639090.891339
14067284703.566025
10796489814.43506
13062735993.905922
18058996492.809643
9615430582.464527
22965422645.952152
13285575215.188822
9899562889.761356
16354631174.964071
8795437160.376497
23703689565.097195
10398573300.83696
9587212525.318638
25160855245.311054
18199771486.817898
14940185593.666477
18510244186.223385
7992943745.24413
11063284851.910519
26052854166.46566
14927533963.086885
32583351462.78709
24436650954.37475
19041588887.230103
24068688627.82996
9400518636.310759
12616822268.862207
10421712823.221867
17825793547.811825
28417942883.3179
8275999384.3837185
12204659235.588623
8222373444.634782
14474301107.275255
8966734684.029398
10493235279.36326
16424937677.591223
20464080007.917244
20149503566.08033
33668126445.87262
27010046304.16984
25252981804.122097
27035882375.58903
12079315557.417532
18120868720.971996
6741104300.286907
12909132870.206125
21548112565.565495
9796271921.576778
11456777631.08134
16501566546.898155
19529465100.26986
24505631295.443245
22451413277.26152
17548410586.25661
24242414237.41435
10378996859.355955
46295913937.31114
6062439086.452406
15053912276.658627
11176044408.386446
13251536609.95742
20457675646.48158
5581971611.423113
20541998542.98
7365647257.543975
8791812474.620758
11869018386.896372
16373174337.708948
11009701123.864151
8851269968.57686
26325594767.265717
4517747589.04996
7493508420.452308
10103938421.042845
12946006429.95879
7930108075.242206
12142330613.926874
10163885433.426634
19522989980.570107
20257900409.225414
8752103217.512705
34387867377.02502
37608475822.57184
22717491769.91662
20190969345.78746
7538153584.326721
4351771346.956686
8827866774.982845
16610149328.727245
12968599934.58246
21016476278.546684
17092148250.262135
12044722201.615088
20762662793.435314
9164754245.358902
10664556582.893757
14596782275.059147
19489248735.857056
34730495802.08605
18815261775.336582
21196694455.878532
27741095637.352654
12586263696.215458
7229590055.2434435
11788010128.296093
7705895600.075386
13971660093.347422
23498222159.45952
14458260295.807096
7453267206.649222
12162666504.196098
7446222971.368695
7560292761.27798
23498222159.45955
12957906588.318008
10444928735.084948
20259966410.214546
17776837594.69903
32612837468.2106
15538005627.509102
10595805606.112907
15718618612.930592
8419558142.570043
19169643332.246548
11188617954.435661
15237041993.887285
9254020423.156084
11956030856.490728
10079553131.5424
10758585115.726318
7695544031.684979
11564064001.449226
14065285082.89933
5635611744.58602
23840310348.370667
20005828539.960136
23525171884.148335
18131636991.64707
12713328768.4693
10485833757.34158
8755858959.17255
10785295799.61251
14602272890.389124
11466544299.54807
5392098577.75784
7326258778.030833
12053227136.99889
13868000234.820091
4627788926.609422
12786730299.611813
6253437935.337184
3964601308.2193184
18803753373.487576
5639628693.422028
5724918454.091159
18228225373.67154
13890118657.162617
10630821463.703323
34132456220.39299
3317381563.837311
7640735037.776693
18564598963.74171
9962269774.048481
11647866815.432573
17396566848.47663
27362881290.33834
9857334455.568825
6807993980.434029
23023738467.910976
7646011852.641682
16902347569.02082
15449786591.861134
24367656959.929077
15761482083.63243
11774289094.94892
31450075172.405464
25978166146.289803
13666023715.810465
12137472025.529428
13123214904.89768
11078922327.8927
9711116016.2226
20502869196.65084
6980822502.310162
22436126142.030212
15113606329.115252
22697073877.533157
6723990628.265563
16207565422.417028
18564610800.830463
22624790387.756012
24318505593.61799
5914609929.564922
11955882519.801003
11368897055.287521
10974699068.1892
32815289601.08187
27635405670.374043
23331620549.6385
27560660909.552525
16540579510.330462
26172571687.48372
13902375156.134148
16471040812.93347
7265904668.5540905
19097602239.07801
7829114793.48364
11313510702.918943
6936250643.833561
12996206543.12098
19077279983.13273
9121240635.481544
7400166717.454194
9444095775.961397
5407351177.271496
23173511807.156967
90208624685.57327
33465376908.4706
4265697900.947628
21405277840.946533
10832740263.853737
10760732594.44497
15093837948.529852
12343229926.449694
18597001825.243023
20996449971.861336
16553140251.8752
20148880418.005054
17454578398.50214
7562182496.725783
9132445116.5337
8447933578.570081
7700387319.626891
16238577120.374828
21653108718.373337
26763892275.043514
11729873163.652836
18500112117.82999
10401669457.670181
7572088555.331972
17196058486.81069
18113661819.163914
11674464978.462498
20704258916.76306
11649535666.632036
7701543892.669706
17315394463.90171
17242139651.10799
22118728162.466408
22213209229.79062
10773554287.59242
9067791379.43809
14488199450.357233
9242623736.874556
16326948467.653728
9016553132.078724
18548723070.851673
8045081890.276523
12678162826.41767
36414275807.96848
11649199737.56942
10648849903.219183
9966583604.064445
21911218510.799908
20195019260.66689
33840231464.357464
10273026309.799774
8604851022.772802
16393721034.683445
23205385884.574795
10475262518.710209
25492829700.05979
18575165524.866314
20749809708.059185
5849885875.579102
12801394676.842411
10761830865.510569
23010311075.257774
29047521984.141342
15011890402.924385
21271078261.0086
27057606820.76982
17066935874.702393
7840192415.5395775
14469459478.078976
22299016973.412033
27730953587.224644
19617654412.163296
10295603272.302612
12442179981.418997
7856988464.602145
22930897026.09776
14050229020.750908
16638774214.070152
23192278150.766438
15252508303.335848
26582020035.542404
27267163019.408688
10551780068.526443
9318961962.998095
22289389433.466
7991523400.361962
13466564922.425077
12826518880.406792
11261219729.778675
25544643648.855103
7743109500.957655
20092667577.626675
9154966824.61063
13766619588.466215
6303372967.011237
13238274650.596684
13910133171.876553
21873191960.471706
27675534782.037197
17412717320.28799
23482218549.75075
10931105302.834654
16037866552.293926
14070978952.763935
12829584495.203587
12929785971.785597
12373489038.913708
6636815017.187071
11727405287.364603
18502718721.02191
21627750511.598694
10533613365.11945
24421359290.069633
4907189771.053131
4121506039.5703936
13565141634.206087
10580147194.924227
13501525984.660522
10927255194.143686
16182613176.382027
11128327090.44724
15642832819.846186
10947665389.430185
17857914004.716175
9016204121.667454
22677908419.50672
10190979982.234337
21125674643.195526
7107752609.338609
16488035559.763916
6386662251.475446
9206597613.093027
20723612897.79313
12657819937.467379
17749158849.240925
9013352137.88979
8545820620.25826
18799771104.822754
17777861053.47807
18793554461.000107
12478681878.631834
10493488581.490685
9132411630.176453
27301580114.318676
11895227500.10108
13503827544.226318
9300287244.948753
9153401385.113918
11166642485.193573
15510223833.320045
22612953981.86462
12177943252.302486
17735994595.192974
26980086144.173153
8878403607.063187
41523051881.785385
15222595859.499699
27135399283.49163
24096054488.17058
15544545033.687119
9204911748.505463
19570447530.812225
7598291263.715735
16840944229.882563
12389185789.236115
8567909530.01203
24696605863.229755
7749723972.509913
9877600945.565042
11502847872.812805
11451092637.571537
6478302270.554072
12045964579.055767
11325802065.997234
8425231539.501404
23754451779.126804
17929818280.39427
5420746276.372751
22792393128.331326
4859429940.641348
18789610193.67117
31265933347.08094
43859570659.209076
17343116538.058983
15284286339.009
40785676596.7861
43774868810.84664
32159391371.840572
7483007359.1682205
19577252915.63518
6266686289.76348
7729988559.265879
23058823642.441864
25326944277.585674
6245451029.374362
13294834125.383398
12114274304.191675
8230976754.397847
7122920608.338236
4519434375.137999
12185342397.636736
4059332752.5207686
3465054012.588481
6404474290.004531
18099617092.091133
15306012149.3953
25636270644.28776
34374110003.309425
21497704252.024864
15222867700.52452
20201767510.73477
15198464320.694857
20361238830.612812
14318281102.399748
7749540147.363565
27135968714.23985
8566328915.943609
6199336717.618511
12853445933.34385
7654000291.1476
12868701374.690277
17272003164.040466
20591988950.124825
19231968470.65148
31946491282.169205
12653634781.325151
17108261445.895458
10520328550.965736
19437863199.19165
20397117344.538773
22470393735.4059
18932062685.98015
16147089821.931328
33003886299.123405
28332612854.162823
34317891581.111572
6063315944.684543
48803685499.42227
12947658119.82691
6992054120.798791
12778889497.371069
6321753880.132794
19640527343.105526
11730164329.318394
26923036066.14864
10002482380.154984
21396603370.521137
22391206890.618656
29940153346.496567
19111939997.61444
12265608394.487194
11472393745.701685
12130737372.845034
14912821020.358839
54396825966.15417
34810191405.1881
17702905418.810715
6591973713.679859
14572473302.510332
13484549275.552027
13788753790.02324
19440309678.8477
26393485745.953815
22875993598.283867
19501396602.216946
13911970169.01711
14577765730.818493
12018839852.03888
9023661258.912436
25103814069.994354
27048742279.156498
13260775505.207027
32490553989.638187
10872849347.491713
19413218219.595722
7882385759.453259
26110073598.45493
14555535675.103155
16364585094.067467
20222614604.060326
18156778559.67245
7410459428.073121
29705766586.870567
8245934262.072736
10450982948.212734
15114061815.80661
16472098480.82298
16515835554.913233
7614844877.505007
18808425161.120266
8095679212.156723
20315804978.168385
12534056006.02217
8928249563.313803
17118457149.826674
16147029125.73776
24469590066.400654
14857311407.03067
7209110052.049859
16761391791.87118
17132211848.305874
8820228227.024117
32739261240.06555
17976202151.527817
17926745246.39006
18629464777.952988
8440633956.623796
8244168183.593363
16685426507.338497
14565192364.103148
21572316747.32971
15081321805.309742
7164563029.080414
11730268431.353966
6256324110.361389
12787504657.702482
9153964339.067959
17835221629.454178
21644563375.29066
12960073344.241976
28615276409.09577
12923428826.81438
10809272366.632376
13888719992.755411
16541999380.494392
11764707645.978188
30784231464.51205
7624567015.589094
18263986470.292812
30379609652.053875
5847118254.053689
16799297224.418896
23336172491.22369
7570997244.008367
31355172017.902817
8328365172.18683
10317775343.419401
27724099558.251675
10556525342.44191
8389521353.541167
25443441780.064404
14082618519.058334
15343805605.904179
23727108006.1871
15078597358.618048
7545327372.547574
7047530892.040137
18956268882.34918
21967703275.52933
33212557707.04889
9917365518.891766
19204057840.568134
19179842250.233086
7661575930.9861145
14079482014.796759
32477515221.776802
19621917798.9882
19306648671.37225
8210280022.811669
16408544356.111067
42650498234.6363
42540805693.26816
9808667015.783657
75611138542.99533
9953613933.707312
9583900152.351778
25169184961.922413
21353781950.484566
25632855114.864017
21182726103.74604
33891210847.66861
9649422333.528683
3900203772.2748966
27244208593.27021
7812886970.624321
4657206724.686745
14855885461.865904
13825195036.378498
28168223930.505215
30521262680.936142
11285400500.640816
38931895677.05987
9748934906.59037
11304893982.960325
8377807880.222698
4247895487.255511
3190023936.245656
7790649991.74539
4255556511.591791
5226060666.628838
7987905849.1199665
13155235251.384642
6171106563.751346
24567977044.255108
9588701873.428907
5133233696.32308
23534163472.151585
12304482295.929522
29739248965.30037
19688318895.694523
23402444647.18132
7839906701.302028
14997626140.132742
10703764116.489098
14596403728.725105
18298531817.174553
13186954238.37158
20418263285.154175
11406475148.167788
20633625963.17139
14920329359.976093
29535414101.073444
12012424016.330954
6723338910.1430435
19002016628.620487
14327749393.792667
14131347359.288744
18185094443.631252
6735591270.180549
6609322775.347192
13449466998.006874
15926777233.318733
25080428892.04415
32571416149.745766
42466533782.27171
18905669388.8088
9035562583.227694
24061343743.29609
7167843464.366642
9827709353.344244
11564425243.960184
11948654452.213505
43214177269.008766
51604020438.244934
5989243635.549567
22739971366.490902
11112150042.38106
6994234927.370863
10365718095.282497
14102688875.78928
15309892846.732424
24010473936.80162
17512231499.8461
19682995394.834896
22583417635.47293
5197996438.234159
28337552381.181774
23439381809.39955
9282410939.669865
17742859686.89207
17757952538.34049
8775215063.223747
6736931761.490303
20500145213.40502
15188521047.124586
10769503629.93742
8761720297.700779
9809678576.173328
15000470666.04788
4776211306.667344
5324702117.737272
20018574895.980583
16089810306.431213
23130876736.921
19256291615.0657
14572870418.475271
12709862129.291792
31903414849.30639
18932062665.24991
10249406750.519897
33003886262.984795
17548769237.061134
16147089804.250578
18604527921.361626
9121847070.018831
12845996337.241348
10269302411.192356
13635050552.34267
5110609940.687769
14048491100.78321
6173495951.542577
40048118229.08121
15581948743.603027
4051423504.449809
19779965965.029854
6303382306.984827
7691613578.702342
8450836723.463502
7370474487.7306795
14523008231.138052
4479079337.296324
18500854126.212563
17490831038.44866
19773954751.854946
17440032552.766914
16142501712.358238
17050307384.454699
10835267504.773851
7069907750.611547
12183596091.781296
5451828361.284203
16205949356.08761
6131916178.930205
9822193424.098705
9465836011.274572
10606113739.96429
13232454159.547817
7069907750.611555
7319521240.985263
8377779288.996144
16691709053.774351
8924983014.16044
7944840925.284677
13694457341.402113
13168881896.631203
6270331772.3694
108245880016.83154
24221054189.680405
12388579966.29819
21006323166.571793
10964707786.209423
17813865010.72647
13436736243.202822
13583155320.946379
24406431836.31184
9579758524.10366
17547852397.710136
11210620549.746588
14677309758.460356
12300986923.78848
5436146000.944357
15324541858.304907
9828165783.260006
13116281475.328884
5779193358.566246
8834329060.212755
23547404939.894005
11260212496.422705
11883810462.028467
11393885276.577488
10684903796.224905
11577541321.190815
10231411446.576464
7298131989.209184
13218848771.817595
16138729212.932697
21555383496.810154
18335286303.421844
23005806059.607086
18479478994.07168
9421014499.782196
13478571525.350008
6686677914.509346
17086566126.278816
7575703652.196774
11440305912.393578
6436745915.340959
11828074930.036419
14339138313.258982
24926577833.857418
20313448627.559155
10505653082.679352
7571431270.169915
11676000773.119614
24865457766.64294
14458052683.996632
16026075719.432337
19320118434.72356
10572263980.247192
18566984513.010693
20278431858.66218
25307977924.707767
5153345009.477552
26155004716.543316
10950516651.680618
9836010472.850006
24841214505.83393
12476502504.794434
5250218464.682014
25990808523.082485
6867310062.890415
14850745459.192554
17288158815.7851
9406363573.557009
9562670354.25997
18165392664.69613
10462363514.07932
8451594601.555083
34815649371.21338
27479832440.983845
24270713296.924305
7043672792.128428
8969417213.845726
22620467445.28734
6099381296.772685
39881373587.142456
9688125051.13316
6261314594.280406
10919030816.703287
18881459033.39329
20755697934.542427
11474444538.770569
31330065179.40717
26223692645.161877
18141420167.97659
10021415383.640734
18514114197.745518
20260023968.80617
15007324820.98029
28082445874.462944
17094626397.05975
29674379802.382336
22828020578.15251
7651784928.11002
10144552493.692202
18604476844.55905
16101832550.530603
10422363937.415737
18828404923.743095
18535980871.250294
15878998915.437906
18932570399.41686
24800081039.400978
10651103933.683842
24578467817.380486
18561785678.206013
31786208006.352547
18757159466.956493
11259428345.981667
12037918319.299541
24088264762.533867
10634522431.933098
16749502753.545574
5242384723.67818
11455011095.644806
12385877093.114557
12178552742.811037
19424143084.40858
23571882096.481823
10584918934.827555
35308363105.29129
15734579051.528986
10579430600.963707
11988245746.93798
25848742094.17203
30154141063.704617
14841733805.88044
14680111287.036198
18411822696.541534
17187463506.612846
16469855120.525219
16947097280.973564
17473629822.850983
10008824788.880287
13898428981.672798
16246721794.847393
8706538700.846846
13333904203.53053
19349253727.68954
19875445540.900787
16098614296.56331
18833973597.857014
13460809139.357367
14645451292.653513
18094702043.087536
29372271962.003044
18960602079.484856
8537247687.538749
18099306787.93083
23972709350.34002
38916107521.5909
18871148120.92082
8631173946.391447
7018123163.106345
26306430521.50097
23192162828.682133
14630810702.83447
9565014009.389467
8925009954.882273
13842984928.179071
7350365888.112683
11668308916.41499
6223278079.961703
17741015628.33349
13813907151.403168
9137143091.229475
20511041681.478848
15038468193.048653
10802556344.671535
19295092644.75932
5221588280.290033
38413930931.66269
15119945782.730965
8754895211.996479
7830880394.872987
9879045829.836617
13672030154.909718
15878173373.352516
16666056098.343203
9755501128.64186
37429314466.653114
12872655682.95829
33347873240.271973
9135909106.100555
14610400562.446697
18299940040.39268
18638258015.06876
16978577120.84473
4565730545.49435
10691770433.14459
4299420370.680306
8629722364.343178
8007910397.822915
9247265794.031912
15831747028.140577
10405649538.574572
7936293296.329415
4669498324.325069
4299420370.680296
4935005492.644138
18464358947.389187
9341807011.07801
22995483901.750835
25214700724.904987
18974026703.03832
11311725912.997375
17415083370.582355
22164361295.953182
24492406396.82285
21785125122.774242
36259391074.58294
59351849359.64385
27740792500.26657
8177692607.794554
22250323629.442936
10286493991.408974
13208035243.846918
13705328893.036589
21027799909.794468
17689677867.640263
8936209992.485346
22083149008.311394
6146794492.479858
9908372586.37866
31367994713.763702
13885804745.331938
32401868137.292034
10215797077.291025
18910999642.049488
13553184998.70504
22917532313.537178
7678357025.880864
9254425699.157297
20027286192.733932
6671102553.213901
19902119714.91545
16712578355.420908
7472416430.707838
21764617363.807297
4576999967.60116
15001574269.475332
13808627133.077837
13067624089.80227
8172243181.617365
6462109856.664016
22414497448.194126
17414468116.938885
16341070808.392096
15797868065.143564
11770646363.694336
34600993016.89107
22320163399.608097
21730476917.03596
14044895721.974897
18228780429.387554
10788877706.165049
10195905966.784456
16885012324.156836
16078055422.002375
28719321491.631897
13622174682.173462
24662489743.953865
16182680269.928867
10955711924.980595
4000597598.4111824
8085739456.0289545
10092727149.303143
9937356154.113688
18008397833.008358
7023982350.1427
11882537931.380205
6165157411.299611
19886715665.491158
14755183575.545984
17263158574.886356
14264775177.574448
17698968501.616558
17442015197.088104
12498187415.921375
4595021685.039298
13792870879.488174
26707177876.1474
8689904573.300097
12868523250.25523
19070755405.53538
20302320720.532963
10969292666.136078
17007089570.715967
5541952548.507036
9136942804.772703
13476499311.392551
35385611365.36722
49157619921.41024
19680366029.350487
5957070703.916138
31118472128.081238
11570914153.678108
10091659308.422127
5631852867.628775
12393825811.960754
33154299853.033024
18002361948.205227
13280292456.354504
14309368869.992857
9191676780.7793
12459124725.741053
20533412124.624123
17651123092.133453
18224042833.435757
19475171623.59346
10685184086.674528
14409740731.595434
7207039422.317346
7608297535.226175
20831415211.074345
28817918220.997105
6174489037.541836
20576969198.318485
13976594939.683098
11716994268.094273
12093729439.593838
14476016723.404951
20301234688.92074
14458471578.080471
14916151930.64055
22445167106.07183
10610024851.217506
3600242181.179636
6090426351.041418
6853333434.710672
12365614569.920097
7534055552.292368
7847839341.305076
35090449805.445694
14509876440.672466
9634628684.818117
9213589585.887636
19941637745.060017
10512778458.933563
7779049492.185133
6033255660.355104
25022168581.041508
11270654279.79733
27907370107.857265
15807208512.644657
13444034678.751324
17589002677.83769
8411933828.441635
11577450242.880953
10543102044.388939
15660114226.353697
8227029423.922094
18036339781.29046
26272918616.841995
6063554866.8035345
8282707028.375377
7197517172.066667
15445091613.28267
31189090999.390854
31428904067.66038
9955877356.605383
9608044391.269281
19919668727.357525
4279416565.6998444
12462899111.129868
12357086718.323648
7827222130.491484
16534890084.963007
14886176185.03685
11167785617.33825
7071061365.27903
17549193783.105797
15752538495.730274
22854132953.621326
24948165413.034744
18665885285.598576
15755164725.022728
18346479702.973377
6722960712.486397
16472299741.573967
11711919875.595123
11735052088.998835
20669199378.07276
13319349926.544249
15890627523.617668
12694282248.548368
19906237517.465797
14607742117.60499
5855525767.786289
7539967428.142507
12956594781.647707
10816716859.462072
15045017221.089893
11860485473.383974
17208207760.901676
10787947022.02928
28147116784.940144
18898937178.70201
12039209024.609562
12067738354.211357
16854560987.509054
8166039034.539865
12883690556.140583
6970546158.359496
18757286359.366558
14372339015.483955
12785419225.108398
9161507334.191732
8996239829.26983
14780106896.675663
6122345937.219914
19920398050.175556
15367137767.96464
10327532968.856752
26373398770.37423
11788323660.13864
24187648772.97196
22928418294.555225
7426520423.690956
10488652562.318138
13892924866.142435
8693063847.055397
11170316877.43785
23590999580.77393
48398190846.53974
27183810606.575928
18514100904.963486
29219149587.9834
16866723682.442059
17303066367.456875
33242384620.42335
9755501120.421595
12872655672.11142
37429314435.1141
25569458730.955482
26990885789.63267
10041844035.852736
10632469364.972572
21062107254.88329
9404200706.3851
14430132674.961697
24883416389.4807
6036775905.8323555
22421514453.982548
4925831432.485811
8544521776.5280905
11493041284.268831
24510677156.656937
13576882502.365814
20703162017.350758
35286129520.857086
26881878754.555435
20612487199.890003
56268100439.27695
7304105679.584788
19592922801.94759
11334110318.234217
12456902704.904371
7719433934.4334
3974791083.3475757
4330621230.098024
14661949394.276142
4969331401.735136
15169291999.870607
10257560652.400621
21995337339.586567
8227757607.761721
14474222266.559721
5262210662.28362
14320073799.545927
14126730784.641518
13755381437.79628
21348956054.367493
20129569156.095394
8601083730.147606
19213304210.16661
34837509653.50244
7898408629.103388
38561817516.72477
11642145644.861568
18785900350.90368
12288690419.88433
7225688610.743538
11250891549.320906
7785784934.035167
18991898915.028957
6974850716.784439
11093192265.699604
13297489633.419136
12198743947.982767
11140142127.34163
12822393685.777817
15974086982.532434
26610792978.01944
35184163792.2507
12767964662.227736
7149223951.182518
15961449803.789936
11561004523.009617
11304352914.032343
13986263296.600498
11712876703.099031
17319117077.583664
16069988158.45547
8041124772.981928
14709486904.642363
22302319152.310364
10016178483.936594
7029055957.869495
21499055647.113728
8415057719.077939
14511698938.653568
9575409117.137041
13075422121.543211
12135973223.27007
28564773601.035767
19178649419.63532
21674108725.124893
13398564031.758577
6228716555.639582
21070042145.75255
38422058271.81333
21482712222.026382
21883918643.384064
20186942679.75803
13200791268.18862
10180364706.194319
20147175124.007885
14331963125.559893
26568570073.866734
8235372959.733282
8243838392.334071
14588105086.356941
8827190840.591963
8393811480.487624
20403596255.279133
19862162902.37548
23459280017.620956
4552736258.158888
14359460858.93104
8945399467.558071
12384125443.04858
13008568927.07982
8274760863.321613
7079459810.163235
8024087086.402778
9496707224.416965
6852377963.922616
9355787494.614162
15949037353.059963
11570372701.369211
20069964032.45309
25675309395.12305
21484847746.83052
9505728048.889378
12875591213.988934
19937247647.915104
10670202147.960012
9166712619.5809
17439968988.719837
9403810086.622618
17190879781.162148
14591183446.228241
17773564424.055817
10205512514.843054
10961895969.46401
74888827767.55232
16328243352.245338
25133321569.16135
16938444305.754322
15938947126.361399
26421697618.75565
18322220302.61475
27308352310.394577
26101054266.564983
8094271093.219957
30612876711.656364
9136755215.737883
7379928243.76274
18303191139.40863
16400292186.266703
24664441642.0513
5197290463.554289
16237123951.927492
6478529456.427917
27217922633.793655
5735359907.811368
11405209836.907759
6687571692.802361
17918134532.80854
11384615639.213985
29573328291.15702
14347891793.15321
22281600923.20296
11783222880.998308
13263730499.19148
26064505619.428738
12415510016.663614
13254686771.730356
11004482432.588305
13306264072.53704
40805968868.81135
13846279503.59878
12644993886.589369
14166776241.393646
21354057302.90171
14419197988.342537
30365946792.006107
8484075444.696724
13964731095.831894
23310530152.313187
14271746501.790987
10850310836.043774
38019378726.718925
13441605975.460672
12785214302.596275
23783812289.228004
18882839823.637352
15532109911.41813
9096372303.086699
14913983718.689672
16604215921.064648
11831821958.99853
15931229502.9844
8048730436.574418
12149875922.295229
21559105625.891033
15911714902.92892
20854118945.597694
6425235059.3630085
14570100383.109314
9114858490.51094
14368637376.153015
19826162147.324608
15942173219.513628
10510781257.44799
19051050396.77912
6348879849.787086
12811476361.606064
19441628806.55581
9442986401.0866
15368283234.098166
12258534406.647844
19965368856.144073
17278043337.128323
10235905024.693165
24791351057.571987
23799687483.816395
19488868343.881702
30347333231.642307
17973385061.17032
12688036801.808971
15203574566.238697
9763381312.696512
6181840407.780867
19980112642.102287
8504732687.771379
23370928313.71948
14802517239.559763
24976364916.39986
12034552438.451612
8126737640.268577
14080277913.538645
17394851048.36773
8772300515.812069
13090681324.652023
24870301609.15393
12349684038.573858
19452843251.423893
32987960483.299377
7377625978.167933
25913628013.3375
9713745254.673641
9057357545.662441
54873498656.270615
28009131458.15824
10169764485.079288
32470172921.03745
9120203782.157354
8011299755.530164
20449455588.16028
22367916444.290936
15979971025.832329
19329488482.06007
11208513437.439192
15599417650.221563
8398192664.616304
13621490301.785488
12717729403.871315
14723862819.704594
13626386321.26182
7919386663.771505
15170817519.138132
15779847048.598656
25859707349.158436
16580356989.7163
16712597586.185244
19817905591.535957
14062939722.037136
15227652499.923187
17840895105.7861
12772445421.358622
13410213340.933624
11703257098.45901
14928547780.56644
19088289201.739937
17016442603.30742
26072351507.329895
7692930430.126645
11231341621.832384
42825284179.730446
19118547829.2656
8142587240.539981
28999909080.55922
7515374660.148584
9895252188.22287
32182103640.577396
13893023766.48188
14678403168.895197
6721284504.298888
13026934339.604637
11818847897.29048
7482077551.682735
9148234090.485872
4986908690.8063345
8916274879.517351
5099732927.987549
10242421912.373459
12332601748.060307
7076406895.802436
4613286761.762147
7970281265.150944
9279160606.361294
13220404325.400053
20429214214.754814
5027859722.423127
6431845110.627618
16410354288.232662
11877134671.554495
21514155122.897556
15791248629.400145
11606838462.265728
25218869804.620365
26885324280.015816
15229176905.413698
13268600519.473242
12808910157.500523
13500721770.335232
18987285746.104744
12907575033.224888
34000808332.551006
28109423310.98075
22042352814.324432
14842847647.161726
24390392519.70265
10305155236.156397
8787356321.751184
23652359702.826157
8283506947.156179
13749149285.788687
6659236195.264485
6590448094.623291
13030462042.256542
9477240873.600142
27686479455.91245
13762999657.347343
7448423655.561941
10767517459.249968
13929073502.990875
15240805394.89513
9440363621.105452
24126023507.70457
7919540795.609326
20231246836.019505
8056101106.737464
24047793858.466297
15813293099.456654
15250743562.53313
17823318939.58253
15504892084.249916
21119645692.233685
14873441665.8462
15767436104.842896
17914815908.85066
18275246086.628246
14275664300.605974
28978397997.10871
21097505515.972214
21660093335.896427
9497644870.22168
22176345640.56078
11180974255.572203
17143338455.428492
11146565788.158554
7457063430.76359
13281349250.251356
14635076544.857054
7820240990.970069
13812298875.2538
9962780907.496809
33359005413.821835
21425248315.446854
11089139048.108744
21614863916.749077
6168513277.212463
9125010702.523619
18783218331.56635
12220954534.024925
5037297079.28458
27431213044.5807
8983266058.175117
9473823205.196033
17784112069.03713
26650363155.790653
8807472927.03592
36383309423.78969
11009401480.14507
11042157390.455957
14034336285.885239
15043888164.930506
16926124658.766008
13555132843.86313
21187693671.67677
13079616709.80192
14253570231.593645
12162585611.379961
13495274630.582472
29229584298.51834
7719404891.333187
21852232765.59463
14616838250.981384
15046751827.395168
9654664514.36063
18763790469.40106
24686491326.450024
14382236178.513783
10204590444.762783
12550412580.163256
6078746231.682111
11571821712.687626
15325710147.845728
9648079776.166674
11022552416.375807
8479525374.655587
16699323523.264101
6019331203.828636
7387681365.963169
7673712761.055528
14870037497.894917
14288776883.212809
7595019359.58607
21009439250.49158
17427944535.021072
11965167234.491453
13803838207.709972
11919453160.167217
14806683599.14775
13520512764.007088
12711810197.419493
28889287394.42398
12795259036.893
9424402142.239607
7182988770.595932
10856347450.075401
18957845495.89675
7297966215.7894745
17320797223.893967
7877425340.785296
11954493138.095972
11475252539.398893
4368030117.492498
22541814939.521538
20282330334.494507
14033836773.467953
13345284093.170387
7650835953.823527
9390436506.815697
6318660374.444944
11315991981.159283
6740794153.921186
9479051039.746199
16994862662.773447
16844940976.91281
12641581759.504593
53967309980.940094
12419372472.343014
10389797654.914968
6075297740.103264
18332521886.24413
21483713757.366726
7508583064.128962
12985653749.981817
7350553579.533001
18750134112.86412
7470534444.684259
13683625372.020784
18597042209.35753
8543122043.302393
15506356271.89624
30550704142.20248
14324939797.537058
25446199973.18068
9430512122.472364
16252785354.227951
14861966423.002665
13614249453.735611
10987065871.930845
7894440563.415347
10692605989.932331
16774162936.180468
24880333707.531277
18068602205.05113
13883045637.867989
15404616453.24621
20591525714.674343
23792353578.610046
7926294302.3605385
62150095053.20765
6287345499.282702
9580559016.636879
6755120427.055064
14903175298.343117
7838472859.810556
10985277624.96135
9698977201.142576
9316300125.986353
29570314152.62165
4829716898.678293
7182880667.709936
7047660890.746648
10051888374.13796
23684195219.66095
20784315213.128487
25607941790.13109
13289245855.646011
27459997222.560375
20694087536.61404
10249878732.374063
6837502192.787968
10472306099.652462
9652548570.275982
12420135498.559723
7943032280.670758
10705251178.067423
12852141089.367718
10501998151.445852
8319537232.949901
13384168726.637104
9508474957.155727
22976025826.788635
8034284154.133747
9663471717.949717
25058355092.48639
13065431671.040106
6366831798.593765
22487186535.44039
18350384694.810963
18562890858.944992
18494696122.503834
23902110435.75644
21573133512.337135
7116520166.662992
32586452907.588406
12064700054.323317
14326474279.52762
23687547063.825706
26366266073.591637
16262752476.533762
21442614190.098694
21088550496.069218
15434865234.654726
30417713692.52822
14593363488.903269
28996686198.66172
15291267832.968319
35718090188.05117
8243416072.3144655
17836359693.907055
19686384415.143158
11260358278.24131
13817294846.93656
13651601955.988497
10788959640.776293
18320508464.029373
30293173950.012096
27554447373.304955
20084377130.623734
13048506316.654913
23160117550.95275
27003482918.519623
14453502565.157024
13551683484.585482
18126939103.411148
12129766387.992056
3887815690.7247567
8042931301.104038
10116902260.45903
9588479851.977804
19770795639.702206
15270461928.446106
4175120424.2152953
16269015540.931885
10772990633.964924
12711138846.191557
16967998884.01586
34093585443.370586
20612757191.366985
14246906895.625242
13578309624.663502
16997247770.393185
15130738798.432547
9431271446.710447
8909186976.837013
21291211521.2241
8495437989.637369
7934557437.4332695
10231200765.55012
15224940544.585567
11820177165.157335
17159783517.259434
8238910884.141641
10033933738.090641
7366418620.491129
24993518889.908176
8224598640.722293
8223105824.123443
10539415694.001278
12590959497.959282
15730303222.69469
18662625072.0772
27414719409.749554
16776186401.520912
9610884615.395208
16634339538.112581
9402211605.302092
11889096427.464735
14591796523.74899
18177755879.822758
14001971695.35715
15156752118.046959
25639071071.36206
11307963176.057556
14324917233.322737
26071270971.790646
20523121063.17454
42322808387.46105
10552722243.178627
29725773638.09827
15966119517.088385
10883306875.184933
22355704695.464844
20926561049.13884
10165553176.685347
10798792641.848724
13587042846.425003
7172098004.825882
7804229988.032682
8546551158.4627
12404932689.350517
17403897590.35715
10085397747.645895
20035724546.67776
5561656421.88555
10194020020.90743
5129754832.742767
23194215337.919277
9147449861.79582
11789995317.540592
16279447785.988197
20315452149.52924
26331182633.980232
38642270358.64907
16300850381.742817
27779383836.77083
14073533177.23536
16791693835.313688
5503883545.498507
21026271107.906937
7879253852.297457
11992861201.296696
26667504730.972496
13880591025.12716
10184159353.397055
19946666366.574463
6848064301.15838
40761667415.71832
2810051393.598495
12674451990.952309
10621653050.39738
13669583057.581833
12952629489.92179
19230578727.252605
10250451223.227648
23888217559.142906
10519518696.912888
13236262360.479387
26739246769.36058
19833380845.25753
7786053564.808335
15043842955.47852
16099070061.035522
13344307847.429197
23109637935.475044
24325629492.452587
27096429738.020725
16651772268.777216
31221935370.471214
12990262675.148777
15888900731.015562
8908158673.645988
11434148427.209892
20579889429.399467
14855317631.487936
17894757673.67312
13594159021.717735
18984452405.744205
27078409666.97153
13333155652.611782
10451258430.97753
5275643322.494309
12584820870.632355
23740638425.894012
15091190279.745722
19804485287.276928
4449531978.142752
9125432993.824345
10845763359.883537
4679657369.656417
15125437124.106207
4750429202.124229
13765360733.066648
16535108042.646393
17894072714.924404
22806157218.443184
13940030644.367296
7809794403.35717
8778551175.49613
26977088251.47864
35721536003.62468
20747976318.75967
32309282348.218594
27261038084.35145
3485963186.055951
4544848976.755885
14175057455.825272
14483915693.855738
12618760373.389748
3601601390.974901
24044256592.688316
16476728884.775862
5270102049.591078
22552785401.02725
9029353877.268633
9170966434.181698
15558423773.518942
15230893626.503698
6174082323.485978
24476964017.14201
3269233391.1301446
6734787987.037545
14794982869.285656
9555806115.738012
14043710906.483408
14747418252.872696
12534227932.847118
19003743285.662655
23214476044.710304
11396541682.932981
18159671946.27468
14681177081.651491
9122181194.367125
16535078389.142239
18520607603.355537
15830760131.167633
22475409951.64544
14401775342.626299
15002667718.776196
14469160024.651972
13174795468.978563
7899903860.416271
14879262860.143532
28564036781.288586
6502217956.558626
11617352655.381971
8644268454.23634
23270188786.9884
21726905100.105446
23983374970.837452
9422648675.233652
18118174904.34766
12246416191.32624
16802515666.768167
6223776298.911268
11973986943.597124
15417210451.26025
9999237032.705715
13838920336.313822
15275849334.802626
12370994050.10027
9873909911.548319
43573578951.76978
18808094443.759888
21890558174.48015
15152535277.95616
16230423128.61314
19465197939.671352
16620811356.20277
20058555976.732502
10540776285.35059
12515208364.49817
13238312991.199003
21860407767.629276
5613221117.813665
9210293934.314919
25000574174.12877
15507190117.441498
10211332304.269901
23087153330.782986
9388264220.692352
9243296281.837793
16842510527.396955
14336473577.430933
31522882286.77012
17191542065.23705
13757195688.356194
20884317871.43273
19183021215.735176
14785604937.285147
17134202438.610355
35092815091.9587
11187705041.415014
12955330626.375704
37261444112.82372
25491009079.567917
23001597412.321613
32457169131.75754
18709858541.147102
38956154857.15675
16042704350.567001
21549267195.584736
12025731890.916414
13289550905.072975
30718543543.631767
20773043502.112324
7276481577.504268
11141465769.851051
9671913537.397352
12162005879.685005
11217083464.87194
13131298646.390558
15167789941.268131
17541781877.961185
43288075503.22192
14493373679.285357
18592529642.83688
7622191419.819139
18979243269.813297
39414494678.17516
22320186801.806904
23396265014.324364
17572192125.7071
19874865483.51042
26630055114.9448
17653250401.200203
13004479006.2903
26106958530.011734
11270381805.330063
5452480601.699824
10316189019.869904
12471176359.164434
27497218932.154503
15458969593.290342
13305082183.689377
23601398416.206505
14872804192.127544
12088882345.861631
15523067824.434221
17321759574.09923
18597655225.076412
9300185159.673086
13684006622.574978
11951425768.15832
8455196625.544556
19591697127.90102
11624785159.798008
13335774526.678173
18880930007.88904
13564538167.303997
18477986466.00306
6412511686.327405
8244573238.1903715
42001006451.22889
8976188012.388891
11024935855.149141
19029877844.531754
16970156231.910563
19841403194.88133
31591121060.122726
20227551305.89026
18211051148.761383
8475021111.901061
43214123006.99198
7058159039.88046
10299467333.0953
27353785676.795322
22513195505.19308
21875031664.011127
73631678605.33232
20433011409.995075
22873606443.072693
16484558145.824198
15321255339.428839
10525074435.849434
14473522849.77969
8421018736.813117
15056875014.73441
21569249207.49725
19582222721.146725
7588941908.397481
30697961167.266933
6870611357.76402
4176825134.020709
13348359567.413334
27567604369.76994
15134471243.748716
14290301882.36446
22089893748.31519
8755510130.8711
17995526041.85133
21456160647.557495
37111113857.87262
16438965063.36352
16972366661.488949
20111142974.716953
17170569717.794714
4515180605.391697
4866186530.066578
8799468828.289291
12369508079.413078
20368241468.71184
11130090805.729761
3635823091.3093343
18081371823.54419
7685204910.231726
4779199484.693899
11572919280.236925
16289366580.015295
12697623065.179016
20134146004.000427
16535388353.577852
13917406132.220018
14165489272.755613
26351244145.763794
30112709995.325596
8372571016.590974
44023263236.67441
13060208796.318707
10430676673.541546
4970767854.454222
11285423410.61973
14314590651.725584
6181572952.130022
11474638922.133268
8589123187.446581
7171757685.522736
14415583625.031435
4119064524.538749
31591816125.096275
20992483134.870792
15695245445.280096
25021975073.723602
30248153301.851208
8815703725.26115
8173166033.591639
5998760901.570734
13045129115.575537
11485507994.026188
11933947960.507114
26633290756.756817
11372758670.61852
14127564161.085243
27564258971.282913
9413359183.361486
12413828912.409271
11239168396.484543
18128192785.57022
41100084875.72843
15385657204.507093
13540264742.7658
25131460008.445087
3434811966.7506223
6225568959.933276
12658069302.80811
8558683644.596235
20430168102.812584
14474915372.394567
15090420651.804344
19781233031.511246
8130635356.246585
24821386038.326004
9272409236.914759
18204593142.285236
34383229286.63426
20050921294.47281
11211897211.053082
36101663078.76011
10608162935.295248
7643150202.902775
13347192515.314276
7871810456.829432
8395679983.006636
16298310303.143097
6630566878.263917
12185950013.37994
9907361522.676844
7460492811.6390915
16298310382.309378
5463477218.7739525
15108561028.652365
27122403859.878403
23347583071.500893
8293322170.773486
47591644577.588585
9957533092.972702
22251628894.325874
15779711753.087063
15146350203.803854
23578806243.84365
13203062688.413708
9944132775.94218
21384908496.644196
9317829193.438784
10459285239.679386
17248303743.18546
9641667043.398634
12621080582.092525
30291590482.134087
12035616350.821402
13141968702.183498
18817945733.12495
16260996136.030937
15423495154.229279
13592119285.1846
14826854802.472153
20981498152.24936
9126604468.709595
14395376864.325714
22119792060.374813
21007391247.525524
13794500381.376352
30061482759.026028
12718988366.609314
12762347847.41228
28843130536.595673
17203880307.350216
37056534644.869934
23831546275.23823
21535537515.992645
13022178794.723595
22294394342.2408
18854095710.2299
7523000783.552272
18825211843.7267
7026321879.079356
11517876406.667292
15762709965.42824
12663034545.259275
17547370233.72594
22572792557.704514
21718661420.470234
12930850465.236473
11465353480.356064
20618871041.710667
36905435979.72874
9449143448.428295
22655793290.359886
11516306670.302427
5010674576.727054
36180016884.49556
24686585788.87527
27106677343.1485
21948734433.83327
24343381870.195396
29019896997.330227
14815583311.379725
13227430890.277817
19959624419.64453
30212847854.34779
63719463602.99679
29238693215.25566
14703489542.353321
4091970868.8288097
8354563677.710647
12206588215.240576
12970378088.06232
19518544283.01438
12622724080.37959
14723757615.829845
12390929487.909292
15383461227.129856
12351570802.801306
10456213049.312206
4250055694.4778323
9239885006.90984
23228144647.93352
10911732477.580114
20238579469.338947
5792810275.700694
28174147769.94624
5731096646.906078
10001366106.405684
8825859554.386925
9181583888.543503
5135082139.114781
11863897111.55867
25023902451.891182
15571458472.146349
11526440214.5923
21815495437.71784
19751401057.48847
22671487809.09381
33546338672.28646
7628436558.739074
15589019429.369537
14334086153.21129
13034348130.309052
6445757529.094507
15286624363.532541
13263320340.44875
12195737021.136614
9976040893.903204
7265590791.16135
6572415991.966223
31371572494.18158
6837158306.365416
10553949845.268227
20592771342.00899
13381539950.786829
15946636990.287659
11759301907.787043
19126261690.65681
14631791547.976051
8052515604.030246
17241502419.29358
11165333047.911524
9427249477.80739
13308512509.820639
15191209505.99165
19816355265.6738
10951506092.26031
30000566107.82303
30591376833.084538
19101253017.712498
18667731358.886982
13966082655.486067
34084335070.126938
11059900992.44666
18131306215.180977
14524479670.488142
10876665766.173437
6643417121.11301
9439911585.588165
13504407806.783386
25411436825.679173
17159952090.089628
14859082133.704437
17818226649.162376
17456471838.259396
22545898435.56554
9078644104.349077
11136475628.03441
7511044492.550053
9922189441.52029
15546628941.377766
22410928634.068863
14226344918.717625
26974406327.447575
36131814398.12911
31892844441.163063
46262718581.61757
23700669354.684532
88640584958.77408
8090029003.206572
19392548177.981327
8848821543.164227
4001403950.0159087
26709863091.014206
15847974598.397491
8265730787.30116
23142028660.57064
6475468565.5730295
10089086970.320639
12582731535.77438
3374446045.17317
10104535131.709232
6017819903.338453
6319682057.530622
14291417023.38554
12044323942.406898
4402874550.178538
4659402387.452276
10614772533.615889
9521066177.879784
5936654879.730618
14037419235.855204
7203092230.705401
12428887595.450062
15464193136.0428
11559694818.215065
6548568552.344118
11616172303.281517
10937666245.213762
6444381383.177457
15627365021.166407
23695417411.678932
20228662718.302055
9049993380.921537
12425335641.589314
7423718027.173721
14430291703.602856
10540221954.43722
12001266887.261532
9429072308.361893
12715104267.098211
15348982774.383476
13278254138.849384
9114573592.56386
11071405690.956398
14329810801.416893
11577563528.590458
10752637950.027172
13363458466.197422
10866051180.08165
7375166937.765954
12514242295.246845
22512221061.45353
17978622377.54313
20995905495.74183
8908854280.897495
9459247866.003624
10704541967.325676
20010884392.57331
20294320371.845737
22201371949.46703
12081207843.47629
17480362942.048187
18753586307.28191
31225830247.112484
11260999047.994795
18510865119.84202
20624352045.245186
29333109682.36742
22369312765.55453
5818424814.087814
16210742596.55023
22716180512.554436
8658112834.889517
12063679095.307066
14799570267.216112
25589693012.751053
8588692961.484411
15707016206.944656
7726042518.01213
14092046496.824144
15484961083.701796
32516826102.938778
34482390593.205345
8780174305.80085
16381208716.914236
19156389119.480602
18074617676.235073
11338671236.265387
18989451309.1257
11958077421.152641
13497094784.848728
6704381530.537423
23866928551.983795
23703296989.993546
12247449722.760044
16063509358.373825
11993372482.899817
7835507818.062658
22445099237.92802
11727379829.753525
11356291755.546108
8414495124.079906
10578361605.956495
19466737754.48485
7157200906.246283
16214374211.793688
5334974775.807187
11506889261.71187
5457437016.032484
19366519937.8845
10320736101.793186
16126460898.673288
5334974721.844627
9804370512.769537
16719533261.946655
5416485443.995612
19657875561.320065
23388829339.91847
45726522723.023415
17657759329.442875
13470147409.461636
25177530065.388885
31152498529.875114
12498847074.925331
9620331809.929184
22792398754.226204
12339281275.47882
9139518235.234196
9983213000.194754
7723120688.76064
8589508504.887401
12046867467.110008
8645265737.447264
13073065151.175703
8641712606.804422
17821071926.873714
4141590702.4521604
15729151412.195192
5715412767.12663
4965301447.49055
32317774430.403194
7346724297.234048
4219555756.2396827
14651440326.904442
9353990681.60169
21504628665.5166
14881168966.10328
8508744806.448297
15588384547.828325
20000918922.087215
15132557841.850344
24902039854.873203
8555118880.174942
15653527969.549702
19292320802.1297
13324628490.162655
28329320461.882935
28323307579.95279
10377043118.625425
25337832629.313446
12339601620.239426
30974344485.396854
20261880777.126312
19185915037.59074
13931010935.79494
18775913698.027344
7233564980.863082
13467995025.476498
28669687294.736107
28036418286.344032
15600877773.200172
19699189486.30758
4478733057.615883
18555800897.226074
10378601218.810724
8960735324.006342
13198372598.159163
15028038676.693626
20323783089.318314
9084535382.890127
6301664769.458448
10971629996.49007
33021663049.035805
11863865165.727661
32470417945.0039
21170439335.001778
18613382117.555496
20139400164.95208
5984383165.856166
16804864173.07079
4762544576.132927
15977673351.416708
4736273260.121874
12106057433.074842
36932935813.70768
21301486990.35541
12525437152.37035
30157628108.907
10949856683.501686
8625822584.223143
39251029706.59368
11509384573.674387
19466046891.98162
21063357433.094498
15590320126.699232
12753694813.873594
19669581076.631187
19007685220.834286
12008640750.790472
15519709045.538252
9708221859.996897
10711237934.541195
5839619870.778429
14655919174.867918
8922273479.542173
25394085752.239605
8794587394.737347
2926360454.586878
12019340198.398554
14869346445.601982
23356202655.445877
15320601776.502684
11558437011.466166
22662519554.651653
45673258071.202484
15661048186.300106
21925036042.214043
12316852040.314394
14062412305.16174
16759580982.824648
32237751961.26034
19734984640.89765
15229052014.2864
29879308274.531868
19076868792.11245
15885668087.385008
10211352117.357325
12537852531.46154
9653464475.218937
11575745336.549559
15220505248.546513
5021548852.766909
11911775233.633213
15384711300.648666
6279973630.896486
13291076583.79416
12910268064.179398
13262585929.127605
10534430548.366587
14080880015.037315
29514998406.951107
10821912437.705868
18579292099.874237
6723333605.531197
30197291731.13419
16849784130.34531
18281204285.36483
20514284011.535442
19961748369.550808
10765571957.75544
18520603790.954243
10746390526.88076
23721465743.936077
15513902051.14968
15248432353.483591
20735335541.375023
21178326966.290813
22924094876.149036
24252814897.627785
26516671962.09953
22195492689.77328
32355899162.369854
9962212308.761442
9866603739.017212
6852917530.4094095
5269399553.768453
8290746229.559011
11993340522.312845
7686146697.898394
14641062284.526367
23465815787.702682
47578646091.48699
23015716271.325287
25260954687.977192
19324102786.268265
9077144063.431559
16472784416.95514
12606934495.72303
7513628089.745158
27200612332.69925
7761475417.206241
16406109643.213697
12474948304.06595
39756954129.07741
15960240875.39935
19024936491.73502
21775887848.7298
37772054689.919075
16795822336.686932
25484803158.176567
17582989889.58392
23288483362.700127
14514841370.814905
22104385308.810654
21958992484.34067
13383166728.373705
18565632912.800495
15205685018.910137
9862975421.34145
13542504888.8656
15140784419.647335
28172694140.403824
31550736928.77616
21612444830.28954
12883432962.751217
10151489362.964998
9433268988.796581
16681933557.299309
16997568154.72634
21189444367.31476
23771318493.024597
20293214989.201836
12336129875.4753
14351331797.349283
9514748739.238516
16703307191.398233
16514533766.423136
7274105938.678929
7188434951.675364
14917294973.044771
14102165263.620466
8194338941.877999
8134171800.07722
14357908204.67664
14319034848.68467
9378068644.038595
16248746882.4791
19705755564.606087
11487108524.998045
11592082172.0944
13215929871.846304
14775663544.01379
7637099935.2292385
22023170423.95086
17228127476.792904
7965092931.043262
11570048662.298454
17358121720.766617
11863110365.11442
6042916350.249255
21593851672.798946
9854063121.620378
8438362046.164504
10476377700.460327
10457832625.492567
25417919867.58985
26005422890.219723
36432739644.61775
8594331594.012953
18206628783.902393
10774936569.552084
7221487335.506417
15612783477.972826
14716128043.325274
16685257507.952312
23912856494.1193
32199519477.421253
24353382392.938557
26239388605.45995
13733402960.18823
9313045277.176394
11979805719.235449
13269940494.369978
7244382173.821407
31393053679.90658
10213669725.921532
23716194688.850945
11144976418.811472
10495078491.913435
8707020755.811872
45448231894.92668
16748040058.147867
14854936264.78423
12075995496.673573
30529111959.001534
14318621285.566683
12176601856.62161
13094261234.5027
11749444800.50433
18856042896.297737
19032945901.144157
27712360919.35326
20482170901.18665
36560516773.77605
22633526267.80346
17527465402.660057
54847270609.49271
19540924270.09343
14402130293.155207
9577170179.779526
21841456784.533016
22584342369.93272
20019696739.899204
11274594353.078747
10798869183.752327
15088817017.09121
8764425397.32915
11821516889.67295
15786169762.298252
8772482019.349562
6324593600.788028
22754950447.27099
10291513094.658325
11223843417.930035
7160561193.723555
6334490974.008248
11983603807.848633
11718827030.857996
16525206179.158028
12634692575.720758
9324675459.04297
17510836464.529285
15343805611.317005
6907446393.904217
8542490863.351589
23727107998.118683
15078597353.490562
18956268875.903088
10655780417.262049
14087081643.63908
17858643083.19735
15034842297.40372
39625858899.80764
22223692609.86005
19408221171.649437
16925685729.383604
34637175792.95025
22476733113.032116
23556259486.141266
25739712516.54646
9084872472.808773
16134480405.353418
7950397559.753352
22827564753.16934
13382273137.765701
10527270688.292423
9798474344.033165
8585639360.940978
6716606146.02959
13193004389.62544
22204314019.292812
6257120310.368708
11241013973.87716
19169461903.695007
17110539606.62634
6210168055.762064
8585639375.644463
15133721511.06849
15331190362.98554
7401251695.831157
23008645693.102043
15731786624.695744
14550468908.389072
13509696467.570189
12313724598.976753
9172201683.428238
19516838102.652107
12793309630.69784
21622419515.595528
14486969428.324059
12833230806.903555
18469294222.231472
7063885099.366411
20507767353.14023
16939679306.610283
8557303495.12928
11356179666.9915
7730274792.858565
20924833091.536716
14544965611.097631
19068610032.310616
10527043616.603132
32639841635.745487
31070242370.243134
21739829994.496887
12001635197.99815
11180545256.708529
11383962345.108536
14702852480.01586
9462386732.581263
12499938433.692327
12535760691.796291
29705957433.46323
19585587008.194195
17332260135.634865
15703674254.49339
17981678545.768612
19505427566.987823
6781765534.0984125
21720903970.224583
5148134167.2150545
8809340619.89355
5385658725.014046
9107933103.732346
6866621093.748243
7979753104.088975
42753619305.50497
39021619161.19573
11858268928.053778
58675570570.17809
12542359242.946915
17279537289.838352
15384337189.609356
16771301836.688148
12871821984.375286
16272442671.56532
18123297727.80149
30674637924.14872
12767969195.329153
18720411593.902256
11020437810.38115
20766838202.053303
16890536206.583368
23050262655.408318
21633851102.49617
5105545206.69897
7297683492.937536
13216468463.61451
12717822249.461409
15460552649.886553
14763213386.281403
14051840349.055946
4269380035.050592
12003417196.184126
8709110470.567741
13985942257.07719
17287139287.269054
26175421943.796104
6066371193.08359
14496803736.422752
12052490642.043287
9093361231.36154
9298199299.823301
19759315979.323357
12906403228.37782
7855749915.803685
13286583244.641304
8705055975.750374
45405990974.7897
27950606592.66759
10313467783.376505
29464116232.029343
8710155029.339588
12167456145.134247
16935331557.330824
12464339572.330172
12730329729.304716
32057178039.914375
24200385395.547028
25844324721.88903
5508542372.33673
6645710710.542148
11989291504.371145
10041641898.928028
6303226054.842902
2279061357.393061
20974320946.999832
8540277070.273794
6312710084.228691
19246258551.169895
17014501387.329638
23210736937.7159
7671507449.039507
6365016591.552915
23827412678.29366
16497972387.260378
16451698421.25816
11693392305.380758
23062827511.812153
14196098736.180851
9023073662.52455
19348906643.48623
13294632678.011417
6113119096.025518
11743921886.491444
18010024129.891327
18173647384.353683
14010580176.637928
31760482275.941395
24618409637.358055
7180354804.704304
10459339011.249908
6918678630.4005575
7718702822.404605
12451281533.696672
12032051161.63748
13394382174.538992
16323889956.816952
22099753245.41349
15623857045.10887
13902878284.467386
14244162530.67325
25658975114.950592
14267634721.439087
21219430019.605137
11056113292.639162
6883083260.259952
21796480175.70477
14961804234.566433
12838235682.879099
17820165079.418648
13860534825.6286
32450228914.091835
18345088292.325493
25919681495.995193
11515961713.02715
27170489338.461937
9667943138.956865
14233321399.53877
17094855544.511509
31789684020.378937
11291604002.63256
10235534644.745947
9938874212.745523
6503643709.058171
9916532290.173508
7802849611.987681
15343363164.210508
18098223179.99594
6660669047.117408
11808623418.309172
12436481070.560896
17910801125.841522
27360667525.232597
11810431659.410557
26823219458.359356
11766883775.529945
14554491990.388777
12414054504.8152
20270204699.697178
16418693126.623549
14796650800.64015
23808311453.026234
12929722012.029747
34182823339.96679
25550597415.898857
27313483692.88536
15759451624.595377
7621104310.696896
11840218491.338896
37907509150.30617
16433751689.920753
18734630888.272583
21541932288.43051
13388617395.246956
21508582983.526443
6848136990.548665
11415846504.783688
5340628444.894535
4995828081.097104
10392060023.609608
9618609680.069332
19707153735.0348
20475046900.498577
14423810783.751192
21474779648.850136
27097270285.603645
20258630549.94868
20023070790.33317
14985497310.28657
7026781125.868224
9357366123.604118
8532080838.967566
7292697846.030467
11280194114.330364
7581614483.724356
6344613933.117263
8850478187.147388
4942289998.596925
8624563641.681297
23008361187.606106
13439099993.746544
4548671603.982039
8970422177.205044
8064759420.167531
10557279792.915323
14856513293.568972
17567441257.132107
11534141540.470657
10245105351.604856
9791123290.773518
7517910297.600181
10207393240.820213
26488809624.17409
11594251228.96171
17975803443.19517
8765163407.544353
8482750837.978198
15314658072.721304
16863292073.125187
5440839214.518341
9444366536.005814
11346574680.754787
13992924491.804842
17968787224.899136
12967541611.120836
34572165830.65409
15822249241.028194
23442951313.02703
21440667475.31263
10327678574.289267
15584105972.462526
27414465040.882515
36291573073.58032
15309232539.90713
15770216868.66484
5354179386.918469
9054696959.34157
6826485485.8270855
13853158001.345123
5178402083.976854
7933111205.909251
22121230476.653374
12667882757.548878
5439958318.376161
8743210230.232594
10197415452.754536
7046709301.123688
16101633574.1939
6119228399.701365
10186231255.36114
10013702030.268692
7894695031.343587
12644398491.594168
29217607920.049538
13447703886.148703
13284685307.184036
8791989789.722744
21360079631.640266
5785635012.747541
16560370859.164299
17731464892.02458
9701900527.791792
10895862532.997715
30908735697.01118
23110508144.623547
15626603148.417736
22423954522.06207
13882950673.070593
8864211686.905396
25420419840.163418
16974953990.771494
22934603094.04132
22400419942.990738
9772681610.663748
28458418988.654354
10419298444.739489
10102808247.26359
12936955749.296902
10539877268.90715
13213031579.111998
23620139235.433132
26824276036.233913
10606615177.061165
28009433347.970634
13836835515.135283
11946536014.742748
7653612694.035575
7888921325.740314
15559656037.987852
9840916382.965166
13898689584.00188
11232876988.587933
15055163613.142742
25130727039.70073
40988112357.683334
17128874449.767889
18167867859.200165
23873451081.4328
10171423430.979216
21945668741.67857
24983821018.860012
25009136225.892315
17871719923.238094
13805390749.734535
23175660518.616573
8638135564.199142
32713382467.382282
14822906263.329824
17752160944.3893
27309799082.103073
29548633786.852608
13260684792.790325
18011629354.285152
17348308993.2664
17990008211.408134
8064871667.0369
17388887495.52292
49748445988.44808
34655387803.81295
16401762847.706785
21241538180.419395
9925938731.41351
20888376289.016766
9072374508.623781
5218017942.472817
20919191602.11255
7526203311.643384
15076488108.084352
24603935888.859066
18783180849.82795
28667326347.22692
11180896688.407486
13731546194.985237
16088039537.016804
12819814098.612225
31635616295.925232
5570419111.691496
11707420257.13448
11742103911.36039
21039198844.58046
12016744972.255888
6622143852.569429
10671407944.809504
7293949059.29373
18946268641.957634
7548679472.691273
11271348421.929256
21190900834.341938
13826762023.869692
17884112969.64741
20875763007.492302
16744023550.293066
13026189261.275703
12436132111.994486
9939435347.512314
11463388010.480566
14078481038.12271
5872670156.964604
13143713534.637518
9181613026.480446
10907576363.9742
14988716255.35543
12848472526.630161
6734371814.248569
6413786133.517091
13784305246.86584
5620624526.28696
13273141630.518524
21064541912.71525
19452016059.976273
33349949471.727543
13994302485.246088
24078643156.956158
15289885779.451746
15741100974.62479
28799829384.596058
18525976556.549603
14648940615.7559
11964956441.917555
6875968369.336042
14701460461.426107
7842279790.187736
14905786112.150782
6411723845.03295
12741849213.857891
10873506005.28279
7271723563.02883
15236313263.577627
9215667800.390879
9290329660.392591
12577044192.121948
13920060964.324785
12995812017.68449
18860573196.537613
11334394636.147282
7192234245.755848
13263802172.901596
25800992088.331818
13875237007.908075
22867253204.519726
13888350891.158182
14353116852.063858
19657361311.5141
20116806667.914055
13353875703.226238
6544964416.054909
18063595848.448208
7141749834.906748
13827496653.477364
8889371188.093239
13045386614.885115
16464565092.71975
9890860604.394613
28487123553.003586
18116991444.671196
13317852564.244698
11805479240.30017
6943230412.198435
6571128975.364864
21745730132.2556
25302997712.08389
13199096690.798424
12113126886.04994
15944618062.817686
26176701634.143307
17389762882.44958
37838215263.23427
13698642553.611073
14362886889.601835
17812178422.59702
8650618752.420958
13816866026.709911
8377512832.296918
18805258681.72655
7301764445.704289
12346102096.215673
12798889489.511806
16574646068.306274
22258883562.73949
24767822098.874863
17906208396.798443
35320946070.47478
17819297643.56787
24424891919.66935
7392837695.433035
8904247515.2362
7953085303.517378
13137152044.9829
16410610761.3012
27550070731.387455
25980178718.068253
10840142716.825453
10740309459.3269
7767498084.5711975
22301061969.850624
7389467681.80507
12653428367.496021
25298928814.516224
21169660994.671844
13368978865.663692
14544034983.633442
29511479888.745094
5704740080.385818
10598784822.549318
33528376994.184162
26810390143.63038
10440539586.245865
45900015624.01141
25505621626.573692
19419070334.101284
12536114178.536701
20727340894.28732
48214189826.2295
13869778532.235851
33421957010.00911
13335494446.019691
20174800043.210712
23123512725.892612
17057154692.25217
19532744274.83211
9178919448.903822
10446617259.472809
12356208623.843012
15652439796.868301
17859540058.595314
11485730172.199837
25993271771.073414
20430339058.5086
13481602222.646513
25790643203.585712
13994550643.111874
24023842165.89517
9942106756.458315
9156479768.51988
17742110476.749493
9664983469.858738
11021132894.665234
14775001253.518969
12561568857.364422
16036088413.373802
16539054249.286364
34434166985.15604
17080738537.38272
18515754953.840286
11345377608.599634
3648853727.911642
9773466797.05605
6034533326.099881
4273141191.8135514
11566828943.503096
5819139023.063158
17072138778.655043
15906156612.712317
7721314981.612017
7577476319.406329
4752517886.206878
19725202100.9857
10212909953.966187
21103897999.00278
7327549608.386083
9883176043.504742
8498090654.107998
11221241993.32479
18042258667.568207
14794191941.708393
32189864530.353943
9972656362.112625
31901596011.410007
15309157086.94276
8862951098.546356
14959925825.722052
7969781690.51136
17034579307.692715
12201334794.708141
22898103110.420174
33855943089.164825
29818590476.979546
7413632751.482313
19106199294.770844
10671430552.01153
8755921579.088102
7561736959.45043
13226845398.56666
13853425652.642494
24122106038.248127
22130488035.508877
12848868745.433744
10276740650.480566
9715356382.502674
6054969555.930679
24358045676.222157
19006314126.01424
17105800052.880215
8169526876.364352
22834841495.071217
11375593348.590332
19630269054.85953
8344536800.261086
10628097214.422405
15775383096.415422
23401129106.831867
11161425825.088587
32723296757.959663
11793121055.986383
12594588405.962082
7242024185.19832
15992715274.086546
15173991194.347128
18101264682.708813
33373034826.436886
19276822664.150578
21457894213.538933
16904330946.329592
8813032293.174307
11941185977.672594
18665399421.911037
27601823721.350677
9065583521.14176
8902929215.350836
19660814363.12729
14383694586.990229
21250425164.638744
9629969303.62151
10344844719.824768
5914387431.773962
21337696762.95556
18447536825.518574
18183532856.560734
20715521302.559376
6049316156.901081
26639448497.854534
7966324987.29682
5446001178.155517
18185412721.754684
4824226370.647208
16563069588.732975
21184736457.4475
10215319866.899971
9562902944.527159
9510451023.726513
13620395997.0046
33924998502.129677
12131592654.404716
19688317696.11881
16020069583.754536
13597429398.23534
10215319892.65183
8180952843.441662
19015252482.177917
6737516819.429673
16627449512.907457
7129892744.586158
14070777560.957455
31989792438.38968
29395939002.370056
6158516269.271276
13531375445.283669
6206140211.915142
9889311922.22251
12224847248.100424
25434065473.41159
20369736236.911423
22957262583.77935
14458197943.575296
21326429330.02745
21021565881.269485
15485024461.702095
18889471870.181316
19296198393.713615
38456585485.738
55205135108.223465
23028190561.995876
26073021024.18576
36822472366.25994
21462427929.446667
24469109058.673046
10567138915.147226
12345661887.910261
6742724215.221966
12307669196.481035
20603114815.124603
18929107192.537632
20961447988.821503
17072659874.471697
7382383480.99362
20615971220.462704
15594073116.9341
15985695864.544159
6537087098.728796
19229785918.69061
22297191485.23284
9157742444.384974
7299172273.893854
20997461753.18903
19395471937.60098
15561104081.334135
8419325367.531249
9761879692.954481
13146089625.74317
10295149291.47693
14762401643.067787
15169416772.253683
29531932922.034008
13083126938.682575
56507256408.68674
18171552705.564247
19244574332.434998
15740058534.577305
30678534785.49215
34639239497.59635
21474779628.094746
20258630530.3687
27097270259.414116
15808582368.69625
18591389894.99461
18240029106.525005
14636592337.673798
18980801655.90789
22224093356.717907
23753683257.347897
15335844163.275848
22701328047.50276
13006654945.636847
10712796269.743235
17566071200.812622
9058065416.736713
17761236310.112034
5470266100.636596
9974954584.61902
20334847207.3955
12659062444.98205
14124950541.583534
15854465319.64402
23102227716.13931
23782537833.468147
10735150731.780575
38986512586.37647
4837278284.987825
23644522221.324543
11821974089.034037
7612983073.36708
11392571104.427412
6874445119.392379
9698532815.263218
34312533446.034874
14206436674.065735
11187483115.220074
13003305507.790625
15248632033.943644
16699273886.817957
8570716539.971809
4918711478.614144
5073022950.532241
11218232804.04994
9188587339.636765
6603898212.15752
18702052055.286175
22659330358.213264
10494104932.46742
6709496243.336261
24586031230.069473
21351457780.1006
17056135296.06266
11640367201.617569
15816409757.485302
12580419093.009928
4002371181.6713552
23001612940.273075
5954912332.896037
7732495126.180029
8968643743.587166
21012116477.79431
5734179512.465645
15291082335.026804
27289461626.523056
25077617147.576923
18559181705.63748
7699799445.201706
25439050199.6765
13698514661.414713
11783496890.972866
18129951111.414005
6658170545.579443
25638162743.88474
22033775383.424774
10703137619.392153
9485290199.379686
22355699890.385178
24847730561.1687
8035841185.497877
7072005839.658747
17792513164.7746
12147165378.745062
12852704816.169945
13116217817.129292
7504930422.636637
11084067394.143038
11887476951.542307
26782496449.049046
10558547108.679459
43954694648.93209
8938414310.223036
13925534095.342472
31184752157.82489
22092708697.65788
13846686799.943027
8234492930.95367
17965833626.18937
15363128644.358198
14259749971.836323
7644122044.761988
8226286420.544209
46043007863.41713
29010898146.383167
19142929525.866516
21728811869.54554
27847021115.11516
10112350478.516651
20733040178.221615
17934812519.73035
15140357757.69146
14306400630.937809
14176910846.980577
11511210248.084797
27164098203.962753
7145106631.457233
22894068005.95468
20049228674.87663
23340540362.77473
12876688999.984201
14298417140.80834
10799459527.775223
5099975774.839951
8862164165.580774
26855356619.133583
10626083701.172876
12773258355.47826
8791552645.521736
15511880202.921757
28683043428.381325
21517078736.0536
21416337402.03972
13584054916.583609
6785325012.8991995
9994109461.451696
13923431551.69784
16060130606.372675
4777266675.404441
15978412034.937326
11639400139.730091
8883519852.30179
12457413717.165934
9340955126.812696
9847614608.633818
14647624712.888685
4819208076.169059
4317140611.783043
18805859095.790657
22898067500.93378
11281318698.341003
7982237088.395139
11471370965.16524
12509146053.943775
6930138438.790429
15762440983.51188
14163369466.413654
20112249505.712196
25100874655.185688
12085290303.845997
17390825344.144672
27025527104.07952
15603094785.42444
36010008867.28294
11213305169.681995
11383263064.258316
19748420581.39125
12758504046.69596
13484000310.266928
26381648310.641457
13150731767.313463
9718906726.631575
20810091848.0336
21649017477.213943
9918461426.292233
14361366379.233397
11853773463.781054
6683622236.185859
21427238636.33692
20487974604.930145
14074282936.749205
6769571853.4742775
24519304493.574986
13835213847.030384
25724008531.164467
27480862229.041264
25617472537.293327
12571330027.62292
12465955181.957226
25253504495.50108
7328138044.0995655
9799939557.98172
15085836008.439756
16988216914.785364
13689331214.541391
28253723876.445873
25833934240.418343
12232840952.615154
8407013191.185432
16133383691.226145
14238146369.294615
11494291595.174265
15904822416.966133
20926522228.74443
4666036962.98646
9593189326.079582
6256059240.876608
11410773555.03804
11264433465.18501
17370032676.916794
6645198408.189357
13660937660.583603
15439199914.3895
10362692698.587084
11815742121.492092
10094990848.827051
10003460991.537876
13351385371.639406
10213711479.49593
3870800183.932048
10852899182.983627
14113959405.894943
19012724056.500957
12138155814.945303
28316585179.258633
15019606732.259975
16400482405.532333
27153888815.64314
36858831344.57034
18122582281.76058
25840303503.32718
13824735642.895111
12025781114.390415
16768817764.492563
9554696930.732523
12214466832.38397
12235851683.913687
15238492036.189722
11512972947.66736
8149098580.603313
17807277893.010365
28105495639.683365
9844788709.394705
16837508413.149904
9329687023.97147
17523574808.20927
10947864498.879213
15521349144.523643
21850509901.951534
5057288412.369071
25028843509.999115
14419477462.174728
15371951735.21599
7026066856.722862
11746097788.388754
22095092884.987804
24883349309.566868
4665352227.177037
14661413950.460007
18946364849.677315
11957431554.986912
22530072832.8575
7767554196.555275
29678394671.750843
9348167303.451462
17849406546.232212
31539589996.02118
18956880057.96448
16881116603.710657
21387315770.26962
16486017571.0046
28430085647.54447
12311173893.862486
15887692829.75841
18998247911.06803
15731172423.51773
9722324726.456785
19415904445.232193
9583015887.956953
11853766505.046598
24842084174.538967
10088247097.48977
14904344547.296806
13504413676.06897
10821176807.610655
6754141593.359824
13919031132.179825
12835181818.255304
5620578760.268309
11333591529.944895
18859177921.38756
20817924878.500473
23924741880.29065
49788606460.56366
16709475818.447174
25678443731.34712
12742259164.684603
10596747065.307644
19185871091.64978
16663565462.539806
12125694353.901798
20266607844.841152
20323545916.938595
16730133511.919485
35536924340.70823
13485043740.618244
19950337402.994663
13245137940.97035
10499771858.838247
21353524439.483345
9823702673.030787
7085846740.587478
7763743185.891982
7778111714.947987
19828200323.13357
16770606758.623466
15656209998.821732
9989538861.910227
17127100423.169226
11565400745.31929
4220482961.2224455
16225191408.383295
17356865891.195927
6139472875.976092
25509049520.67514
19696589444.767292
17519703966.38252
8004380863.749203
13619513973.1531
18184273346.24736
12012001141.166378
7698394150.218128
7462901530.624566
17371477496.420174
9336506286.857967
12498202864.640736
14015252474.597738
6330916724.466943
14392954279.138762
10716721667.600988
15429869328.277782
9140250798.479637
13566182274.783371
18410561418.270008
13152777942.728382
12839552465.869083
11737945629.495913
7743641060.413817
16938466818.628603
11181172900.936611
8240649553.664217
10985247029.269665
10095052459.372982
19122919041.49807
31286071492.7239
11385398105.215315
12616653357.268763
27152698537.356083
13145832136.52029
12024432981.838785
16934636388.06701
19917080150.754837
26777737818.311085
13204575420.612646
23894504599.962894
21359070388.352943
29966071706.78904
12518086387.560238
39525710464.62305
23343599828.468826
7122174445.955297
14055545569.80775
7921287989.199946
16609449856.333714
6961270822.538449
13650097758.218159
27519065405.370895
25807286651.681366
38864695598.35807
16791420281.791574
11153206476.680542
18202129994.798027
16838644134.747927
23919808980.322674
42330663351.817055
11800414634.787727
10556740771.090723
21741144889.97432
23869569045.944138
10518170141.670076
10144567452.525272
21604899954.29693
12409443126.236158
6633519126.574922
5842169451.103431
9730307859.27863
13698048168.913198
4935912614.641133
8145196907.827212
3170405660.443234
6424144733.157438
24935931198.99478
24705127038.81259
17383356273.774986
22843845103.50856
11102155664.88123
13257328619.404333
54705560952.42585
16172007777.536411
12695331015.868595
47263252274.37757
22591124354.173946
23966009454.643356
11199664119.854156
15918176756.028824
28195207455.91412
20368900239.05559
23195706899.514877
21337204622.161003
38309161637.38444
11464584270.31938
30642842797.40694
13281227867.52015
11650418580.677528
15918455038.039505
45139193601.74978
26916296119.329983
10257132440.367428
45667468328.75462
20880133311.82206
25053793271.15082
16154174589.319164
13976044541.102087
26392284070.162945
13970456701.144117
34168069373.091106
8331463919.266128
15241639676.967896
11905479894.17129
6781537096.176617
20268557128.474907
9796479023.593924
12496464011.525873
21775439121.36474
9286643350.872421
8656366651.816896
16540742579.460352
10775554195.92326
7376866228.882706
6270969314.485107
19943609889.415676
11496693271.594475
14474237229.972717
6807921797.345912
11575593626.388222
5824583617.573892
6538090699.031478
11427558693.72476
10252434223.87883
20707834758.620983
10711751699.121284
7731671910.010399
28246404799.194675
18592806268.964867
21506790921.510433
7941177188.525616
17508028554.34078
17651298218.662014
24083700387.030525
19833791953.79267
23757694516.73897
10971671227.59918
17164722816.125668
13639634398.292704
13764216779.500717
15477098669.510048
14810528780.019363
26134633437.458836
16627473251.001877
18475913618.336304
34268274703.547928
21856115230.67405
13322587077.938093
9808475645.93082
4771381345.627341
9077913655.700203
5714333872.537028
17718238712.290924
4794683906.521688
12015794506.200718
12229760820.90425
9965064669.064014
11277972608.369808
5286743600.971419
4771381345.62733
4876622478.370241
11570914153.678099
10091659308.42212
33154299853.032997
12393825811.960743
5187715675.118312
16243523614.838789
15821368539.462666
16928953415.599384
12200718350.264715
8085575766.946969
13840565853.5394
15200376747.417156
19143420162.629936
13828553967.818047
14141224911.41272
8074746666.832497
17578973423.171276
11776190245.64041
16256123073.125074
16946673687.568773
13608989364.097769
6218909532.284357
10247627845.008293
8511473787.202881
10084083044.604729
7124836417.677786
17196874146.24061
10385216804.026386
11578755075.407225
23095171809.743557
23745454559.952423
14002853359.34634
4214484646.863641
11356210652.37305
10919340689.088907
11359202927.771128
14351492180.039955
15873579316.442417
7268952721.155422
21901777303.91426
21720557294.265488
27193076182.741173
8352446911.957776
18345451290.392113
27006487100.686527
20525017089.37655
17662735669.044643
14388828770.437075
15474519541.248877
14204830795.366058
7912361149.012065
8605998333.144356
5017708130.333158
20812033610.82908
9402131165.208971
24198389858.873302
14911604999.444778
13731055842.04913
17952713457.49887
20241049186.205215
16576885936.875072
6313783745.130845
7435085825.787947
15283040651.149418
4753535844.438
12195267866.013992
6723108711.702137
15284578918.443428
11165656282.182888
11380608518.492521
20390046490.914368
11064479831.027594
9480719401.221722
17877056242.767426
16317463596.552546
18579381377.736973
4619988629.310863
16186835552.4148
15947065011.154541
27474218456.01691
14096038474.887447
35820819728.56013
27699017337.528423
19231778535.78941
17342514243.552834
23818398781.888187
7940075510.276729
11471737561.14508
8711392418.747633
17886563048.43642
26456122020.832493
18526858532.108685
8871054156.279331
19893753404.174282
12248085227.090864
9541822477.716457
11487395266.97614
15301920790.384836
12802865538.196524
14621131526.238676
27271341342.73924
18026208271.0124
15038641716.800909
23023403848.41571
21394079639.907585
16724014697.071795
20180002909.214302
22898810830.251144
4574509621.844016
6690982740.366861
21051011640.3617
5897847686.382666
18696116756.17043
9753955918.673405
25454058767.997032
26960098058.7842
8896728436.92103
22601755085.837128
9541475336.550936
12823076702.266806
4376722891.384204
10970437455.086704
10064896807.650139
10956604148.531698
5396917388.827995
6077478900.139038
9912525208.933868
14411117621.36006
3968689850.693138
12705418598.224127
14781294751.82787
12205754362.272873
12367377117.836645
6934304195.867674
6239545354.436888
15429838367.262264
14544573293.247026
8376983912.027746
8376983890.344032
9821365244.391325
15624234409.836535
19594442024.747223
6192724983.518238
10537543596.977196
9146503131.032167
2811857361.019517
13800064246.49978
16178156053.66155
11989856933.42311
24716764801.136963
7511012550.963957
20222258282.815216
7730821935.670413
6363591731.705076
9069847833.434267
8877073855.217987
18311890199.282036
15894208378.190641
5646736075.800556
12012473171.19109
8739677684.853405
11775961402.35422
12012289932.456564
18655904039.206646
9096786574.01069
22076781819.06434
11736667679.682066
8803689143.682121
15561090821.400208
23730978732.393684
26269262200.84092
18938812087.036575
30960272267.18511
9322881230.613667
19322912738.321022
15649027297.183153
16261395731.219091
10686012124.302116
13722345721.579302
15850046547.790474
15749198644.928013
14340339404.696999
15719358508.064299
10701819189.82882
22393150308.69581
5857232736.805155
18914988290.246883
17022620279.354513
26548888366.989025
22375519403.17592
9498734078.822224
16398544666.40026
17880646243.084328
19014610285.13641
27439072862.511543
13047245683.997597
13587102489.96577
13349247364.509863
16129146064.115217
20227224421.59191
27090822572.847755
14803127521.986073
8936872732.229746
11324722437.564676
36384902112.69584
15571275567.739296
9703699611.959774
17254282459.601814
8261808913.850166
26068308567.467533
14201191344.694468
34384946663.64254
7604237171.621493
15163969644.492092
11082482072.86012
6954926508.65324
14438139247.027912
7494154421.719782
7796117757.775887
12967136643.722734
10925126572.334837
16309783811.856684
7224519893.9625225
11891880538.170347
10044665569.729818
17017227772.75897
7018320078.630643
10735343661.969353
15150648181.790216
13278108456.134008
18752200117.62954
16289860632.777042
10933443516.244871
18104907241.11144
26024778915.981
15768440356.32035
4800979927.815724
10837554317.291891
7523694895.387612
9865224459.71187
32504060615.081642
15638679334.266315
11604716129.018774
10045191355.110687
12436123547.912146
11267622476.756601
24120879854.786037
10045191402.084152
7331125934.348912
17964671712.7679
10998346787.029638
9774860155.078308
12373211242.017044
9009307485.592375
17350072358.014225
26365289222.402477
18377061795.05681
11880987388.977345
18818962692.005615
8517465557.168057
26145745563.862396
10516506492.20661
16005582099.86565
11849294325.479675
8679370425.159925
24274623349.32574
9653031344.243168
8208976647.233682
14691726260.917929
8663532936.453974
15634000780.04732
15539898745.318182
27725311151.11386
15964785689.251099
25010312059.220688
27477023856.358242
30725385241.189854
9120614405.707111
12960030762.869926
6994631779.257836
8683912192.321886
13104873735.056559
30528969262.860493
11523092660.996616
22823661657.737923
10320076050.126537
8062566755.936785
9718280606.298891
12366500920.92061
18162691635.173695
8799532502.839462
17143951928.078789
29128606574.35938
23089402978.946102
9466132359.15558
15806345717.249477
11282370713.148462
22742192478.671246
7930323045.108598
5137080568.415139
13324089668.870367
13559662352.180357
9068787026.05845
36688810930.19436
15412344051.29518
27957398356.04315
25803020798.450375
51904455392.08353
16549332197.771103
48010878975.206116
10909675271.825228
16931162418.327936
17980056215.40839
7729801310.98933
12829969475.835264
7783628648.770221
7218495291.691364
8955732263.077291
16345316562.475271
18487358110.55819
21384816246.83767
9262433150.727205
25181862290.463787
7896139204.587231
16295432168.829016
8809055576.849125
11892436807.44347
13010703590.932348
8328402267.78053
6248152581.689591
24874377072.7395
5516225832.182284
31717685808.65843
23966009446.146694
20368900231.834213
15918176750.385357
20759130607.058723
23764331778.85999
13520860662.038675
19592936201.039494
32895048980.691124
17589424198.041824
13926484718.486506
9254762971.701012
10498318114.807495
19398046666.656693
9441812051.343073
8525948910.54814
21889438799.383846
13935555098.977058
8895519985.087826
21239318828.89877
19470197560.387005
9848493232.891779
11263093277.632921
15293121494.363827
11266301516.522043
8399589454.974472
7422962554.136614
11708764059.042456
38159607010.33234
24167600804.56574
8781582276.880672
27235322948.373943
4295766720.908965
10769159520.878065
8414618915.057527
6689902796.819423
8919812151.118135
7619104771.142345
5845743342.339027
19655425759.54292
23330718256.46125
11839683761.234316
8107719844.35309
12818062026.099838
15497691684.150969
20053401385.430775
19363997845.325806
15588475118.201683
10389593343.04252
8309105311.385113
5018990500.238067
15060458415.227003
14848454801.541605
12623725301.400364
10168101959.49762
30000135476.216232
25149491328.786827
22841246914.20806
14028129041.411497
16455443416.723616
10842578161.451452
10099704681.429445
12299941500.134066
8481158832.417285
17013802940.719707
24495931392.9087
9438471976.87574
10099606845.690983
10206280116.489216
11656940028.554174
7127260028.625016
31807393503.236538
10958079101.932104
9255962705.67858
19982706584.36307
12011751510.91228
27845143223.96687
11067451777.90274
9723068266.952396
26947390265.78682
15596994791.217289
12454375835.276455
17538822386.80877
9039533887.303669
9035935671.917086
11556422259.367586
11717942203.381208
10149817904.024662
11351117841.64502
19013857531.07862
9123994104.89102
24470741163.835423
10464937138.795681
5630170786.863826
18133816060.027184
10059803520.279028
11721268102.325787
10878156220.24003
18034496579.35428
10149474591.105242
11072911163.400703
7874600776.025022
10317486788.2898
15128497340.580688
2959341095.2480197
11938379745.35437
14800692566.794176
19690359296.506805
10889218464.307953
17634192077.522274
7393043542.476881
15946610860.136454
14493191694.827267
18087852537.56425
9149766761.80933
14601514110.639288
15996456003.530544
11708089477.749043
23203246822.461422
28107309551.92456
14496243199.609804
10425488229.079605
6696436804.070409
17204043328.11758
19421165464.292145
11696088092.316114
9132657570.156729
9653314111.712423
13351411505.863422
25642619271.00382
6332132128.612805
11860253725.59389
15005276181.559952
24826534697.61291
18948265593.008774
13107011667.051798
15490502538.189808
26494338788.308228
12572431888.439497
9583491821.73002
14751410402.631824
7802605433.469554
11974178507.68621
25655780353.22075
15226186434.989141
13831431419.871378
19083502482.874382
5493075134.324902
6371222071.928955
10040694214.353794
14063766410.519646
7422824516.833474
12293376751.906248
5494077953.06493
15369723652.011868
12504216793.095566
15132598690.099602
16777502084.057749
14369524897.142141
22597233979.852833
11941901705.444237
26632863058.244663
12207982026.706171
13319568559.67421
14155052368.215353
21560302369.304314
22503991740.61187
8013362625.478133
13481745887.697752
20849256996.704845
7882694781.282404
20301951878.54879
25509958403.039772
62004259956.82623
17415721423.575546
19504807117.942394
7658068468.626144
15298185009.421862
12526650822.711176
10920921494.401815
16288145246.334658
13413007006.983767
6784989286.790274
8682107833.271193
13262738513.133684
16544428080.988678
8962410223.826387
11961068657.781816
25870739886.603577
7947573464.064187
12611498395.984371
23159994691.051678
12105301686.70033
8365930877.646481
7947573220.322974
14856787176.642962
21961964542.46564
17063641482.596058
18934666845.040386
13373403207.842028
10864108187.647741
21794295273.03985
17232449769.15337
16619028027.944271
25917983183.13838
9790482662.27722
28494056235.762115
11877767758.538345
11933756919.637104
15901232101.446217
15952958615.896463
6539109697.769802
19832008742.419765
10860072982.264944
17068082785.55181
13740187290.961073
14129331351.154192
14492713691.231886
7639596702.446905
19747683156.76207
4817939200.92934
8052586682.127878
4844209763.244463
17397050586.7652
4480133029.697101
10448245035.529657
4481728848.6900625
10848440825.407587
8262477624.676566
8665048108.433514
4556696096.064342
17628202909.33549
28061434221.082623
22475391872.737377
20565631312.780224
12153496909.702108
11912487783.349178
22499740386.49304
6306691537.536896
13320005391.778439
7887350875.974442
14007253812.273338
6048766380.920414
17001516495.715446
13951908784.901646
9827930581.050161
9459048939.296137
18126882501.437088
10517483750.816402
6944489031.143266
10870496584.654392
11173529467.812502
16496159660.0323
24480816001.02829
13039939011.940891
22459581462.38201
17953669326.865154
21673749176.41621
14926025213.18788
17681677734.357975
13411751889.424715
6941352613.027105
14836342846.313948
6681850613.851977
17052122073.957235
5817466482.025476
5045489062.500073
13356162388.152397
13356867939.053888
30964599260.06987
10100175087.787586
15145992829.560385
13648941536.102259
13401208675.058012
18127049352.34065
23890725064.094193
16818170153.713251
12545073764.886164
18462171030.892643
11786066599.191713
17661137585.37139
20514667157.940742
21484220507.401783
22873989052.079926
7817528863.073861
8851720349.331125
19376877406.708237
19917960504.556084
51245816563.74288
11205904470.795086
16353257092.415972
50249677044.01197
16372324527.98984
22454966413.854485
4877294494.291849
19571101210.384293
8130354250.01795
7624407286.361575
12224531121.080906
11779369119.968039
26048597636.84418
12753560097.953278
17520277264.222725
20593222408.71668
12771243995.018698
11138535909.518871
12179764389.744453
13679521835.188793
21153519563.075348
6726914638.875203
10444684663.941792
7068135650.689415
8365786035.404394
9770680576.34374
6463142540.394712
11239843019.921074
33981891076.87162
20991965087.14368
15110478100.205395
19683386352.762367
20951645640.50111
14286661791.663038
12401391330.103584
25161117209.25515
9743486922.5663
19124570609.192013
11955077441.921732
8529765829.637053
22074164540.204445
32266876755.82771
25506884848.491753
28106572387.435863
20612899031.269432
32140780170.3073
28368789258.28068
7038341683.088084
7461351656.093314
8697813343.075935
9312772569.857592
6384002927.436454
16534225270.135115
13248985059.015038
15464657410.072363
8269481466.559178
15018745166.261112
16601420674.248974
8958335921.53713
8715380428.34025
12916440937.700756
19627403677.80026
5993048622.666242
5976208827.074047
16295611289.256144
15038869922.867537
10229737986.10707
13268745955.537878
18738977791.169403
18092141326.0417
17996039469.54457
10642789148.445885
13780667152.305866
15789717855.84822
15713737195.29064
8385976093.879255
7919845994.48939
13166181659.346638
11778601081.281944
21946048112.59187
38837717112.25323
19947158113.625153
10573361369.827538
21553669700.21788
16653173333.517202
17402285722.66116
12314643673.56305
15174485476.564272
16543089069.570707
9459568733.49469
15671520358.15951
8868448188.165918
10040655566.678074
14430927332.06391
13325692215.584484
10040294683.261314
8894369565.619707
14338129768.78485
18281596144.03624
20759585353.864143
7550189520.247136
19614618000.242523
13359367856.154522
8080956404.569569
20348668064.365856
24162751344.891464
9672889440.719423
11881691730.128935
12379155366.70766
10954087431.597647
5972819377.681264
22451024837.183315
11092108973.400076
9674065756.342962
12380660832.97015
11880968452.582024
14534596286.701792
6470816647.380938
14137669359.169022
12330274012.815825
12028871045.478464
15143125987.323841
11636310734.286451
17604386565.936234
20616867127.99047
15646161454.40696
21031660175.374638
18261006643.672005
24279594619.77808
14590052596.486786
11067709777.102097
19404155972.532112
11898146479.734877
25048423245.878044
7570418517.524842
11294185388.973507
32165517652.64874
49517967188.80125
4146918669.3781104
38657964727.65935
9381076117.788948
10658493210.747782
29206920236.955765
11722371331.255419
12506223698.266867
17137761457.991262
24942775103.046577
11021543848.061197
7104859361.004166
11315930724.45503
10556536958.68676
12231152026.417274
8768326313.99746
23128179650.821587
17610652714.5377
13666342329.687984
10729269283.586336
11615392391.495956
11478736488.880157
16676110338.684978
6483785805.995336
9582145032.160295
11303674852.607838
6490373472.439643
14901071166.54648
5629101339.546219
18739561108.685596
11048273365.80134
9888389579.531914
14324958014.899837
13046537782.774254
8855380427.234673
7379022427.644518
20054471310.120827
21077376675.601524
12019535328.426271
11212923798.35454
24566249048.738983
9545573842.340075
17312171391.34172
17746444300.645664
23121699479.632782
24887864284.19141
14585653794.060019
26244766636.488167
34239788404.444542
11381522641.491688
20592726490.151306
8102780566.917787
14123866467.716295
10289171245.084963
23592595207.34782
8061176135.725811
10330969419.00594
7363825418.456721
5252005153.205532
18149704954.62848
5302357285.642098
15306976719.536621
10529071189.782047
13396084433.823168
16954745696.331837
21942155651.11936
22945348353.1885
25118617764.23733
21457441514.86987
20709501949.92642
21462825466.65204
21933675176.42378
25072556157.96867
22179615112.787216
16400568356.626043
6712746126.249665
9221203086.609146
23815805914.25959
10759134003.317797
31845040092.148014
19488942418.744595
12202303527.197138
15476398990.745874
20202568715.665863
18957551154.542965
6560935392.08339
14773526182.76964
6796752587.894085
14022668522.05504
33591912215.029186
28668387128.462585
6861958928.142904
18140642401.70458
14876226479.356787
13321224004.617472
10189162627.08154
6901540189.494413
9950881170.068567
13872582029.55269
4644306624.482018
4617070211.386778
17364187342.25129
12623613450.299673
14950448511.205332
27648639616.47358
17114325316.778673
26881144380.536755
14868887786.831604
20453350155.043373
18232211547.433105
20176486047.347378
26641590175.02021
8693437547.384264
25886552090.771652
19095856124.759037
17150310816.512756
10400703139.290487
7314170172.10216
9911754705.049429
7059706118.244676
14565179102.678213
8551536420.511432
15345086029.218283
6362923377.372591
13030482218.336985
19303416499.575993
12369891243.191103
11359936760.761995
12221959788.8948
12692943642.29789
18347682875.58694
14749428691.58204
8062409004.4195595
6584919095.092026
6562535261.250424
13981243147.298197
21456880764.719917
19686816164.46307
12664934728.936653
12947125119.09039
16377465723.556713
23145791120.64525
15012082560.217215
26471731876.63147
42987762950.18261
9983665015.366016
40520953925.433914
5717232257.339104
14437032401.3123
11373642544.655441
20478028260.580597
7662746353.726986
9903625501.083897
7866218115.611722
5813267536.563359
15322565653.205496
17294159289.040394
7608333743.953814
5772421694.320039
11406351385.876373
5987460691.228959
10159972292.320238
25386983858.821632
18090489289.57196
9910396026.668175
23141779059.565273
12861604578.712255
17507299363.327984
8564721907.265238
12031091783.849297
6446747054.073257
14455703218.034685
12711968313.39872
19071528472.018173
16533845527.576471
6370984133.34594
15305258230.562544
12210603203.269463
6453614684.856855
30409402183.78832
15098744736.187307
11775852798.45258
21279850406.931034
10308965118.272133
11118828218.997595
17627959076.887512
15434064194.517149
14398328729.186932
11263965724.936968
19525815463.197796
13906696738.486277
20048495903.06625
7770751869.800958
20510498689.085308
13532660186.72119
14012201010.186394
20043046784.703632
27246260204.363346
21638130210.88269
10182318425.741611
11985581228.846746
8183487271.441351
8602713766.011238
15623841412.48921
44589622438.933426
12527833199.866404
19151553108.36282
17116450380.917368
7102088570.696108
10996634821.41891
21514434847.851227
14505482010.508677
11019663767.038847
7070705887.373802
10532998000.06074
22027459032.99106
18350260047.346973
26119853353.154793
8292180258.163161
12751128887.53706
32700779705.73682
23522642904.875343
4561699944.724471
30118094735.383087
20311255225.962692
20762975884.46216
19951180293.323055
14020179499.524574
12514365910.485424
33713071531.96657
30242862305.164043
26967760170.263996
22807651662.85897
26292586102.317944
14163013035.794687
20289408308.558525
24971408946.555656
21164206792.17801
24920314667.21471
37178120692.01577
16453966129.33831
3851266850.4890475
25343623204.118816
12662784769.419655
12324112935.206469
18649767132.159023
15482088081.533577
17323841957.448982
19785437889.42023
8010902612.532499
20847755993.682064
20319301540.48476
4563507064.575126
20013337458.804276
23531961412.328342
15833257475.91061
17630541392.27771
21613233041.665504
10860210719.872658
18348401080.69845
25283789150.538387
18250462673.96318
18874051705.961163
14081762670.284313
23466639456.55285
18030638056.30974
25632272649.364643
17825537683.10748
20006781718.49696
30951183901.75144
17615664540.895195
24314127966.8125
22587528555.57051
9576571121.276852
32655700859.724354
5790768165.988668
5158816991.905975
22129490201.52976
18340869808.45028
10572692958.065113
20190772288.618244
18908801947.38258
22557063995.38649
26747851522.719124
12051689178.347294
21405968344.96383
13057703564.392393
12732439368.757467
7338009051.497463
7966326936.956634
26453723865.37594
9144036820.514923
23337124222.570477
24870944204.357285
19808886286.017162
16659983925.449238
19194818116.891407
17499783069.84743
17080495501.280437
3452418936.0504313
11248449022.833527
11502274007.85389
13345024955.712778
8789176859.43578
9241795525.573582
115108541682.7253
15153137572.850979
21795871928.310898
14590294385.565262
23850064157.047653
28085858066.5471
15677836749.348806
7225720962.784186
9215225741.761292
12411739073.696146
14012081413.037899
14488353411.598602
12187685348.918545
22026089761.94676
14062869880.763094
11484091753.453728
18350158059.149635
11710416720.706942
7261547058.518836
14966902132.055773
7132360436.119723
20222399920.879093
19136241111.164936
15715094750.372545
15916198650.090153
22333951420.073975
16803224955.891556
13541363691.08252
58643402559.578316
34253855485.613026
8525991992.686551
30104891211.828148
6595798882.548183
14208367622.430325
10288420727.829039
9822272175.066893
17814213835.564087
15959186475.911207
20893592137.06957
18246921670.20804
10649385210.907698
16233180256.030071
17660506361.02063
59071784159.85163
18652897482.699825
16553344234.00217
26976564333.345154
13447386565.008354
8355516622.897325
17083208513.71725
7662182267.706601
14782950624.305656
12336903741.427063
4898727319.304431
6090731455.268503
10848782465.744928
6510872685.829447
19593386305.749504
7183999479.365985
19196435853.91329
7171460026.011519
15028430036.775955
7328298620.967726
20317485549.813698
8213405609.635695
16637568389.385185
9239462725.898859
13809968588.086958
10067938179.832445
16431769171.67181
18194831387.86845
35515469014.7003
11731711095.492384
15187245237.735582
23201357212.380432
27799571849.93511
15126223416.78834
22587113688.049812
12758377674.207935
8976501948.394133
15120191706.849794
18591299341.625786
35511645927.572754
9997866776.143475
11403920579.163082
7560167758.219286
16339949361.525928
26281802358.79211
16104593373.265205
6525819982.463491
12383369331.335413
14142402676.629631
32855599765.308075
23828530482.86537
4895059464.731524
6957685822.410536
8151686105.865901
18074885855.801247
12456505915.899158
17274117398.478966
23140298446.793816
17754681173.292168
5858912820.193997
7301577419.120556
13652646240.59229
11327243029.545101
11286059803.158287
21642862412.097473
15464880123.26125
21801038442.528194
9243118150.306581
21688780013.538807
6677919297.475848
31518640388.612892
34536682256.74392
22060472609.839325
9400205188.322657
26291771843.867664
10304227716.2275
10022176839.57373
12874307974.598055
10810394944.520208
26564591799.12921
10059017738.44063
14420553884.574305
5946627632.457709
14163621608.557917
17666607171.584427
8938572435.986988
6458333971.449735
9565925104.59399
8326261204.299144
27704599754.220856
8292337183.341566
3550644783.827685
10173316182.527063
12057908564.917763
9495685547.431025
12166647155.081995
13468977913.038897
13090208036.579943
8534444331.937017
6160575232.868788
7090142884.048788
27128931486.977848
29443992772.730526
13432117927.449492
19278320839.961384
7447544947.061506
18624530129.031143
10494051012.098978
8173061299.620403
8232135501.413958
5740187394.982727
15219481699.250868
16787955305.355646
8156754723.430473
27338996564.06756
14136674892.060396
7441136801.57858
28570034928.809322
8466372424.611533
9727693789.963644
15291035288.010614
14036316933.735851
16408211496.881578
16801834839.062737
5901224275.983552
14694458725.041067
9354739379.360016
11199652899.490046
7664098597.09012
12860497559.257818
20433058403.140793
22733347245.07703
16834659428.178713
24402989549.098473
7547841391.231537
9062457587.6916
43313665793.11371
7448606074.137311
19476183515.147186
12521908522.17946
11153177418.428646
18100451160.093483
9391452416.38019
12483998505.097422
12519397013.257805
18251237942.943256
20908591709.033443
31104555407.18707
12901944029.970722
10435810622.434277
12757002731.853415
9310084400.900698
15006086419.205128
13298143531.588898
6519952915.718537
27083655096.299007
7350741808.695785
20240780655.05688
18013097568.634716
14658597178.54545
7480704456.443427
28982806834.526062
18036520545.951088
18047486825.826538
17070772325.21744
10336216396.86324
12635155919.729282
14268913257.094555
19057112625.158367
12292568299.106092
12717369137.11781
8096949842.765004
5090862743.965306
12544575687.09556
20153722306.68023
12048522820.938688
10828693441.200645
22332899567.005116
11572538541.639122
29420492410.411285
15357149748.810282
14616502187.58983
8083992393.843207
19549657680.31707
4713353731.886909
10299068944.231276
16812026496.357534
14724003696.934116
15517154350.641138
9175402170.0864
8313385780.406697
16330366847.50369
7322368431.8222
10343215020.971378
8167106944.314091
5678533824.482095
9013135088.56444
15784428489.639706
10764361653.9312
19873720656.85167
5331179900.395364
11268757835.269857
16319967969.539864
46579051932.13054
9943713861.763977
8935181343.663994
7129825700.793152
10579915583.143473
18190903776.172512
15815793193.415129
39305292476.72359
12847091960.811996
9206734334.90328
17630884421.57906
26402692130.629272
18305527210.89333
15189882877.392664
6525375703.595355
18632330109.863888
8158467891.444307
9029091148.443457
5766234733.479384
11642795255.892328
22624493606.455784
17072528315.604609
20880186600.5926
11196331361.064137
18611142531.999783
8913456890.51563
17181613926.627277
14874008572.53027
7574996590.524698
10419546110.949495
52938568747.81004
34917167301.75132
8798610380.943909
35528501746.054146
9811161845.443674
10209324586.634487
10371457764.555801
17183831456.893375
14588091983.572386
19634297242.13637
28105673201.75725
14510225008.684774
16913082749.088999
20768383250.740746
11918535944.279629
21228707925.1129
10552829599.173275
8256032825.8766
16054479348.441578
11342372151.895205
21673210661.14504
14672716900.61695
17164064120.713598
14119127660.497663
14677906058.218409
12801445492.67733
18541433734.581924
15721783774.957808
9444761828.13988
19204333467.3092
6901873261.798952
3523815995.650507
22307739463.91682
10252015370.30633
6684763631.512735
20437800740.473457
18681324183.812702
27504113677.43252
15933480447.16422
37700106183.09593
14391387816.25234
7121982283.649665
36523594760.41747
17672239071.30147
13437346215.727068
25886693569.501793
11811319969.86276
12608790297.82578
12667242523.79157
8868213116.24836
5376564046.794787
22306559608.999866
9303147385.02132
6799063511.072636
8062924456.713338
12114369321.968323
11133722817.386017
7926688323.108176
28454382385.383442
4903757358.734558
14830831965.359116
17083890392.528881
16030911570.437826
10297270810.537949
12466606997.16315
10071148198.355965
13624689082.723429
13795817843.028217
17605924487.600697
9716610808.946417
12023216322.623825
22667466279.058983
12216699814.401873
15400104134.56269
9748447974.200031
10658754178.1082
3799801478.9112525
10901148733.15812
17182912850.267
14315524117.880539
22812059641.085144
17697794679.604836
16672868637.793499
23523872282.495842
32718568675.189186
20056225481.70017
13833377127.420158
9354519576.163538
9848464038.695726
14905622084.170269
21383725432.054996
16645998411.50202
27140551036.62009
24048133854.497757
17102442956.856726
17816115944.077213
10465715804.064167
12630557331.192059
13388865246.9523
23715050741.814102
16437513947.20982
8774609661.37438
15314347393.542774
11038023567.887903
3387834314.3122163
6880429527.637996
7801708190.667098
13095378720.763742
10745262680.199228
13196532888.403088
13114087040.644272
12320324016.921947
21409370447.369804
5587425771.422229
10745262680.199215
13196532888.403074
13626279633.381742
12320324016.921934
6600432388.402118
21409370447.36978
10745262683.921495
13196532892.9745
7149694270.168702
12320324008.386175
13626279623.941193
13114087031.558563
17896885342.437275
10246625309.55928
12128808913.77792
17189834763.98906
14104376545.500187
8961486569.021011
8268212838.393286
13603929136.171467
9480183419.967087
20464929194.163998
10154404401.042582
5377646815.954872
19388103174.521374
15872228340.300064
12975252395.998138
9535140446.007587
11305905586.722048
24105620965.257484
26142236194.90398
54906431125.09702
14463986841.941078
24955990639.178394
18182546739.85286
12993511199.949472
37970572704.55642
9937817884.65868
56205717515.283676
22836551521.50156
25436135980.736897
7306680770.838694
52932513806.16676
29578384083.1237
18476316831.635857
41705883752.286064
13034920947.03389
21304731603.58484
9145732403.404001
12982900800.48221
14633155805.852144
16641948122.196037
21008964005.882378
17339479085.03781
22757858879.888176
17549535627.138924
31561159696.572132
24558281412.500214
11927083952.29507
13599286631.252125
9515677656.264498
24066047143.57394
10806629607.550816
18601794485.602047
7798824559.38382
15354735367.596857
10513934270.329235
19066582843.15052
11848924928.144958
10236535220.399122
7256116054.325569
12091596993.4185
7627458631.708918
16322724413.567589
6032038466.305577
19422114049.520226
5960598302.5175495
13292644990.367308
21964515159.454277
20397149494.25916
10942024388.775831
31066123073.651943
10223018295.64798
7755375126.951268
14613096998.60838
12882070611.214684
7202970963.154844
37406533151.68582
11517157179.057755
17956669223.95653
8699572068.89596
44768286079.61529
14198536463.108257
6904423286.245915
16347706270.18094
9980339303.112833
18857748117.299236
24316014356.308445
16776595523.54729
29485365881.018116
11005879651.430504
22220422589.467007
12223694800.662634
13301683520.73298
22744779978.173943
22627706566.93318
15705811577.835619
14458899263.501732
20025583574.576977
7287354311.827816
7655634628.32938
21401215916.99394
8790738497.115673
15246142265.16515
7415143777.211212
15790054984.05224
6125036664.71676
8781932818.273132
4863960514.587714
4475605143.012409
9234793005.917173
12475190780.972168
22382004360.091812
18811693576.90916
14566022450.079187
15217921361.084003
22643701955.94876
26561935076.50413
15886426320.582268
15453180569.471617
10723299686.558937
6614238554.883178
11665868658.311247
20368049471.868538
7274038745.275084
28692399830.67974
18590927307.683907
15358704395.316286
16365923458.908342
20091500455.675198
17289674361.67237
11813146526.846535
5215246276.085841
14084916886.500393
15653286149.32505
11161754210.998837
6883087044.815129
28582939668.87261
8593405768.024485
7688166293.381949
10766250323.179157
23898281344.75105
25559326611.565556
5030121558.615242
11999139233.459263
18882809604.670258
8784026622.313595
14632644103.469881
5667484059.30867
5085611546.824458
12895007392.464375
12710479897.241817
7359476822.184912
19713090953.501553
8090445469.666775
8325043835.083085
12895007392.464373
6846016986.456439
13555836129.151068
15417278629.144726
21854425327.35542
12731760539.307417
10746070546.506948
17602881672.502254
12429588896.887945
4744442328.349741
6037171066.903167
9155330310.601538
12764430877.978682
21466367356.606586
10082312115.331383
9412877838.594273
9199112269.28251
8209511772.459251
20203279415.340576
5961845649.057545
14768706661.124851
31012053555.113464
8701489320.783895
11740334866.075876
10647242825.19964
10462878862.19106
18659342722.806694
10936773189.871725
18697510786.964787
16871944611.270401
15160315930.524635
12935962699.616295
10967159703.339434
28894897465.186195
17804235502.50496
13649923848.05854
10567101494.915491
21683347893.747738
8740421724.653429
9841837312.700735
27531367392.41104
15765594831.829483
23041007937.331932
19433159877.6555
14805045869.677662
12390700967.934597
4077174083.6357765
6725543257.750063
12539398952.627089
6755412284.500247
11653444540.615238
21790935676.08027
17909502551.068066
16716322898.325619
10108630678.545034
18516544870.94738
17489918598.47608
6028629619.118113
13424493381.120605
13943359674.295805
7964444560.301494
5580068171.717672
15209718816.935183
20460324430.554962
10473255041.252361
18774292050.08755
10214527788.284945
9637925953.498436
16055891423.18349
18693217531.226414
12901352067.831846
10818415444.862648
24168516410.74949
14539357190.909199
20452930467.525444
15405998505.67509
11562087773.95921
9343196670.20902
12507158866.574928
6335453352.896134
24156876695.57103
12779877664.573523
9064238568.53215
20143764997.923904
22460430699.789814
17341826819.647694
11080062123.864046
17120594829.325367
15953251021.962812
17933087866.807228
5696871632.557981
10648432193.0018
30644689229.9442
14984645939.424795
24258496282.005733
12653878313.655338
10121990872.446966
28389489725.448166
15173763401.414965
9741525484.995834
15822363553.373978
8918234184.700466
11949317179.707544
16701880593.563414
18701203150.823475
17609086522.053493
8244962893.831436
14689287966.873201
8000073344.075842
4159144289.7871623
19637443009.8987
19750914589.02835
10073253442.334448
6750765075.910338
9472474305.230173
7299419061.4004545
13820000252.979311
13118236769.52591
7337424962.14785
11708228034.684519
16809393604.28595
11570479914.24368
11904705330.684313
8672772086.008837
7082077129.74875
10833743128.339266
10747271855.611631
11631553382.368433
11714082955.88179
10277077359.343287
16596238905.686455
12690998348.334429
4466347262.616948
9380186595.012737
15469069023.998
13428310438.939669
15757369218.996246
13767309293.820038
7924578062.476877
31449654147.951157
16407059837.689795
28291715222.317764
4185055579.4913006
43454802757.442375
11323998675.45314
7838651774.9001875
9577428871.39132
9792466242.675327
15655399290.759756
11855454753.65065
23232016225.84951
19306023468.874466
10574165130.469707
32676093773.59411
12342518344.75267
13278990751.548859
13249781989.183775
16188275870.751368
10404535374.743322
23877323157.42919
10407276890.92185
14989452189.15138
10004276069.39107
18386319980.14914
21931875181.959526
23300752488.69396
7944948219.754509
13029510562.524101
10357590822.150934
4178838107.461814
17524872835.65246
25248534505.84441
14515063931.393541
18009446247.29812
19657958721.80953
21127491998.56672
21258682925.407726
11250495554.556263
5609349491.241147
16164594395.360792
7748255409.763915
9738750172.007616
10734077725.406643
10169477702.330336
9207969333.937689
20454364937.133705
6748208740.283338
8215566331.289184
16984916518.44812
7104727613.009135
16048627394.943155
9867790414.14029
9364967266.307274
8826995629.885464
19844184079.107212
10955249962.064045
18542905671.281322
24249917024.75875
32728237762.870632
43983794582.86877
4674601080.033301
31958759174.585987
6153219521.1299095
3664813924.009875
14602221507.292994
8778742686.293455
18134330454.88249
16957663581.98351
10327752872.943693
14881989014.465168
15042957671.516178
10495931376.407621
13051051443.947784
23084350905.18196
23001505046.003414
13149981004.332495
35177367786.24647
12794303476.891266
34711407147.1176
12770626728.570974
16162954674.205301
11225278867.213585
24265201902.10614
22354711703.220287
7950654526.32951
16839378344.662115
25254393988.285206
16814440972.122692
20783631610.73225
14948567370.934834
8499998139.95917
10774061698.888088
7072431289.579221
11336397873.47952
9974183412.571949
9211648928.034014
36080343252.27957
13913886147.060675
21579290554.236813
9812237114.462002
8984435686.831558
22732157169.820908
7347768140.144973
12102201381.106232
5013596953.25503
7474037947.579951
18057103148.816708
13216020164.47287
15625830432.187126
11831669295.203314
19106774698.10301
17463309012.448353
11035810926.673223
9606947120.775753
27091315125.788673
8716726106.914934
12278937791.264452
15996457450.591095
15888217516.929955
5307486697.195994
46498736732.259796
28507454223.084755
15970631732.803902
12519886885.88121
7909385446.727791
13666749316.066277
14587927167.406061
6738016593.439445
17652396307.237373
21655756207.44859
10985358509.701157
13002322144.93151
13620579673.704905
16245546111.090342
11241194484.386139
13114413422.84082
10404813200.937933
31406770587.24173
9380825916.793243
19007773006.446316
30493585158.385155
10766942391.254202
21617601432.233295
28391940158.389194
10819919295.150673
12258950451.830103
9855024505.403322
25676241606.29107
12684224180.45324
7016065132.473373
10388708604.106026
9572615056.440191
18448972986.827118
14853105396.858343
9869197283.991816
32125961084.625298
33492991026.245308
26781096927.444157
13567783156.955505
30194309040.425625
13658449413.829103
16188263311.45065
9191187351.223482
21691123950.06104
7698747196.332499
15241326202.599298
9279659522.774523
10969764898.158453
12023143472.043001
9718405403.114756
11547196418.13027
9305933509.57728
17538535052.34047
27588702986.707706
21862285423.921753
16982413436.692402
17509154723.49082
17460963012.9454
18331496613.21592
25092043174.48668
12510881140.0291
14935214771.597095
5399528478.7699175
8694641696.550652
11204350151.505444
9969600158.102442
8415676740.488664
18200145501.012367
12217141075.712357
13514133434.121243
8826945346.300905
7656148898.243038
37331606459.34168
16577139536.337406
16476016744.943682
9885191165.607592
15984588282.959045
17417108523.228073
11757785583.699076
8217986003.607432
15873293207.173275
9175372728.170889
8339649773.899964
9677466590.309883
7723676212.550798
23869951784.286575
10795113044.435453
24215982322.03565
14700106396.47397
9859146303.282063
11229770438.165909
10255154395.940556
14661221519.740913
26916349565.67347
10497209568.980183
9136278862.54599
12217425107.551916
9630519408.244839
6597543930.833226
11751997740.268702
9587634048.737766
8618383409.003029
20119964045.944473
26903485362.532135
9878840236.565384
20632670311.53198
10025003289.812614
5743320839.569761
23427113361.823174
5361571731.040262
23449522230.25477
20228767964.01471
21903126739.841747
35399155420.726814
23649781116.035
9544227583.214249
8479733386.94721
17017414757.774996
11626937936.913643
10025326494.624233
23711564965.32728
9484552983.785244
8788098502.136929
16934274920.57428
13294909273.248407
13099300716.884768
19792653394.119503
19146660930.5993
5374013771.031998
15101859691.655643
9622960229.782566
9718537396.618444
26981333303.808254
12213772691.374739
8644368416.808195
26466075965.61289
6905229401.393969
5008175164.616587
20235327041.136837
5363310193.933418
20720481207.926365
23434709486.488914
38006884396.15559
23520887617.47713
29602724259.757114
7884910778.584433
5844504113.550358
17568280036.41822
9179514145.670664
8510905040.219772
13000344827.71197
12137955510.405792
22585243821.211735
24920168867.41296
20513255059.212753
15595648066.757257
11387361955.808382
9931572855.451464
6177876949.555443
12197219530.244799
19241587382.565563
15371203869.509653
39509363906.61851
35798025861.435875
9418627407.86219
22399067035.8597
12754538218.936268
15214227322.292057
25274694145.594467
22081347034.515507
10913032680.865534
8141376105.923055
19579128404.4546
7798948378.395665
9933959835.836222
24118769684.571636
6078761037.354169
18856845046.261868
11324962047.891106
4856063038.174239
8464166147.564027
6078761037.354192
23089806730.62712
9392136252.304682
19107393465.780098
4939050546.40465
12645662624.18367
11609271799.455431
28823812090.546272
17875787146.57953
14755457132.679665
7494445115.226206
11577496821.447573
16022698290.682245
3453381466.148894
19109698788.88725
9340544134.689518
13181111154.17551
11955131557.02063
13662961469.331387
12238856311.880463
26255412477.7016
8911935456.261395
10239448199.540983
21472633373.163013
17890378214.42978
6429513477.46266
22050510464.309593
8615748737.441198
12353953234.967905
13086186416.606098
26453930420.57188
26639152658.957222
22807447771.20803
58263165382.617455
21336179105.541462
19119494246.427227
8596414497.54951
8724923464.908237
23250650129.22372
9275929380.383062
9368059756.93898
23558347422.04533
25531608640.338722
14093802783.330572
21621916352.479244
30798100288.812004
8818597116.480581
12975387687.742235
27992594330.5375
19229892497.57959
17634484847.020103
8897331226.3043
27214483209.937016
19776258579.339725
19438186061.431396
27471517127.971878
17858829156.99805
9804213889.9076
7852911806.08746
21907059084.682842
37732814910.824585
13072682835.099937
15393977015.983767
13807279669.27251
16514723055.674261
25236374609.864456
26547382648.41166
19060695017.990257
20104879284.587547
15008056304.382393
14512197786.623585
19116833248.219563
19710321100.047234
11825473851.104929
26531646908.51735
10781995435.643839
8585788054.650949
11037971078.413755
20889092225.591923
20326461427.614597
24337199520.628693
12669668500.479048
10962265383.493034
27981800437.262833
24721631507.189358
7730284691.898852
14140478206.402597
13631576290.394955
11109847340.150557
15771837358.211649
27441213375.45636
8787747696.421782
7914242593.216627
11730604456.976336
12011121919.658764
15143125987.3238
14137669359.168983
9160756972.605713
12330274012.81579
12028871045.478432
17604386565.936188
21248536606.29502
7914512658.41272
9994645610.061678
17467414145.180046
5635755547.921028
14494216558.706089
18813601407.491665
21655848433.74946
18458041018.41775
21109311256.84198
22489724351.848705
17627969561.092945
14548687306.12369
15496769021.909899
18200207318.86239
10562854054.453356
19140906837.710102
9476649327.487865
57626691458.54639
14761974237.555838
15584674416.29484
12166342435.035648
16037891567.052612
54390650482.50121
16079476805.071531
12441525113.7618
15992628629.715143
7456658604.245885
8147085828.234559
9047084083.268581
22380015741.07108
33194132289.331253
12080389344.308208
18496485242.583817
15099637298.047785
16360859637.996498
14485734263.318073
12381260784.615229
27207970359.871605
14635815112.614002
24099215604.773796
6334081287.525309
12280492671.729467
21001631252.042225
18636427389.103336
11160903453.859886
35141506418.222626
9977040611.986162
19366367395.567863
10692607314.139885
13905992844.006208
13525946607.522917
15625226935.631226
9913537156.739162
8789211298.624275
13258909129.888214
11190025051.023708
15427038844.331852
13079642316.440397
14478431806.517956
17644670900.903683
7454287777.531452
12219418181.933277
14661668027.740768
11620969888.722052
16722800101.987457
14821909227.642622
32754585731.191216
16141150851.004513
18185503837.11349
18504135750.123005
10493757785.253082
7663244087.527425
29985346200.132618
12658383368.670734
12146311691.53902
25033360432.597218
8574438929.5413685
15018749660.928566
20083300148.250484
9860838375.978476
9068864874.386786
11200891762.145573
10006735081.47187
13074183183.34694
9068864874.386795
8292811491.784209
11730582491.122875
8602678434.238981
9570162842.870428
26394788252.138607
11277482089.782677
8527788413.865378
27214014878.428524
16009116258.045654
11524085917.464506
11005219842.100897
12709980880.657858
14182196574.562134
11380285233.58145
36303516408.915
5193923152.861579
16526916406.220118
21161473523.21666
22393644514.938755
20920759572.686073
23849861911.74822
27381203138.386566
20450341608.428925
6235249392.171941
6357121579.790117
12958516269.283442
11323275313.308882
24363762646.914585
13180793247.35497
13311704200.327278
28964952619.30425
26462562729.80847
6743111005.831675
15143662584.585962
24148402926.939877
18067072479.812252
7677136255.340269
24447804114.291348
8443583616.83573
13097961187.829731
14679749448.503977
19619675336.611057
23614777557.134327
27502623785.846252
26068017286.356377
27920630318.970177
18304499829.857773
5758527358.021216
4970944729.202611
14663875877.504072
9175859052.961697
4146551143.0236998
4146551143.0237026
9333816592.29509
5758527358.021222
12361712812.016733
4970944729.202617
10691591701.954239
9871281552.659449
17238214742.764156
14538250203.707798
31693795873.225883
15166465009.177711
12723324195.06105
19831496703.405495
5622817511.405988
10636132459.674793
10100345319.010838
8204929284.158643
9356049371.421087
11563344893.719065
17845146225.881573
9100858693.785826
17446035675.88062
15311112045.08387
10022079547.340443
7803014402.164199
13245167876.948727
7132941480.55641
9049596960.603226
14734235002.208036
12225546094.25287
9025762014.47924
16887867479.71143
9020518313.201775
21905494320.52178
7678188821.636589
4330638726.265334
8555607518.419498
29492976059.781643
5169960903.118307
6934450719.336709
7401540095.897323
8087752721.108241
22132143187.295406
16276155776.797066
7860405759.626685
18890862841.420494
10289624659.718952
13289427851.255676
5667705116.982227
12014365896.703053
10026420255.927181
11167823263.735806
11421794741.607887
3981282488.052895
24325350884.946888
16431077669.892
32584591450.249584
11756547020.78128
20186419345.074398
31033569744.44713
18494348969.685547
4304328475.654459
8273659280.090157
18183637714.777607
19400719785.104397
23881166661.682877
20581770381.114494
10428688022.251915
8971458090.847685
20214165138.973618
6736461652.452553
8389055975.242083
17776507065.09123
7930064574.914029
10443076528.89764
9961289616.064272
11217664302.239342
23839305710.689423
11966679947.962461
17827028014.757103
5129493098.089688
7499191744.732944
8178084244.466058
11131223898.195272
14568921829.258669
19061740275.383945
33846488151.916912
12029247063.88442
8536917683.006758
15413517306.850622
22944490829.27901
26300676863.225105
11364066283.83667
14597850111.533104
6914724899.024309
8086703267.978283
11197137005.126148
32100074090.29954
15258906734.55957
16022630440.288298
14584567519.127357
21687644741.522408
19041044958.652225
11554376004.3321
13711388910.872585
16113889174.29056
3965809624.36092
12943945250.739964
14002317881.50099
9533579811.258322
10000503975.92851
14901381916.998102
11835457283.939232
15966440480.108301
21358912687.62389
26580369830.31439
9035750606.976105
46645917390.21119
10631042148.36123
6340558481.281192
11563332767.30712
12679670981.756353
9091045000.899403
8676177827.191174
13406811025.117163
10003437427.030743
26997234250.161156
8599209301.554476
13215625679.309008
14817323928.139956
9986292734.73092
7459273578.207989
17052706878.565475
43574099762.472855
17651571828.07314
19016533235.092487
31363225550.749836
17769527866.069397
28439186385.710217
12931581092.559374
7649499901.507091
7772646611.850247
8550186620.273723
32190299863.311462
14383426056.675686
36032185899.75623
13340935884.390623
7284238421.424797
7677661489.323167
7340347682.069089
7808138823.531891
6352485726.874963
20532048498.734787
8516491869.088281
11919489950.04836
6152657973.561392
15213437793.30435
34199116292.634895
13027040330.77775
17418668268.320457
21006686879.24022
15398834772.421684
6573696722.420682
12744794536.5042
12750960601.560993
4998086388.931337
9779112836.204523
10949147848.29046
25802030005.482254
13097681303.61674
19793809822.51232
15302094191.286152
28895818655.97504
7974545227.808357
10073362456.834469
12818660759.764284
5632490262.454099
11847192792.76337
14041534398.431826
15185495709.854319
18802113024.74387
19403618027.317436
16838700988.073772
24362111748.84297
14133022678.500334
20303969667.470005
10377536701.308578
6926003832.467368
7128692967.994618
12643159693.013401
10181734242.926731
8363426425.935023
35157619616.71385
29667324666.955647
37103837468.53662
19550363304.18406
25848849329.246742
21683344023.75333
31484774895.090355
25383507095.783653
12290809721.865417
54296202494.33608
12600332609.14145
13158124818.044024
8159540031.682361
13197787859.125082
10407149447.837173
15160624625.110731
10065963736.279837
4248139774.3055897
7534817796.906968
7759815090.238506
12295745408.390013
7790210346.511709
23755330060.46195
14124532262.81382
3489055408.8480735
10878785713.579653
8829738205.87839
8647908186.759329
11131727300.178238
10241831198.513252
39490246427.04375
14823882061.595798
20966576553.953136
11270080234.747952
19103030075.758717
21357057037.77679
13700592473.959347
12994241756.435394
13809319102.456919
14034206111.925226
14074161013.509457
21033697906.461292
15233798011.89881
11005483163.9286
20490228406.081978
20040627408.244576
11296337657.836527
19706080425.431576
13178667547.717274
28271744187.59063
9500931714.11375
39099188767.38295
7764663322.244431
6190769491.214214
19348821459.622223
15433996520.681742
13756603776.989079
15794181375.659986
26583269983.45883
22671981157.602848
14944818672.14163
7222203748.983304
16670121229.738571
12550814326.153793
33811261728.213352
22874079540.561565
12870942279.398209
10727730527.92229
5075122535.787947
10134133603.84356
20066932881.72252
25996528109.52231
8063952872.33263
10699921360.408703
11386500859.023592
7557811931.540574
15188543103.935818
14413719524.143093
18802876013.077084
12780011831.71409
15310221526.540634
31399682468.436623
15306158430.531122
19207316716.872883
10318267231.548943
11092471469.753582
14246079491.775536
7057792704.331347
21106881592.658455
16371342214.466524
21797681408.88657
18614438782.058098
10751671974.59702
9174280911.681242
6058526766.301702
10321791494.80929
12883006991.688251
11872241911.938978
20310114443.111908
9998704197.09596
13964817991.53408
5775434226.689031
12430181746.05411
13765585671.000402
18319952071.185852
20599732330.89014
6095852430.67756
19811656366.339096
10310859824.036654
12674584966.619074
15975472925.964638
11763195987.750017
6305812229.836464
37981937020.81747
6772879061.036348
13292310627.050232
16948141677.0165
12545022676.225662
14191003210.241276
19245387052.715366
4343551694.432759
11814203903.43581
16153529980.193556
25245584388.67629
16148942343.941978
22923729515.952824
9186957543.817776
12589231426.319935
6499436463.092305
19612505267.54218
10251094452.423494
12581126232.867537
9186957849.829048
11231243288.3768
7589609760.785844
12176508067.784233
10133922724.504559
21908037576.78138
12665341888.622993
11678688922.370462
5510939313.63357
10312739260.939482
11264712899.52185
37988887087.07168
12675978037.915195
11679103624.887741
11254846441.080585
10303712518.890232
6672810449.102355
15964401126.690485
20121019888.517506
4749561022.8605795
24555040684.559242
10860689973.508963
8843305104.488075
10139573819.385323
11964423907.991037
14693816083.579681
12783769373.903114
13473269405.146503
10454173021.321198
14989535753.851908
12827044129.39502
15057103599.733929
5315764730.901387
9322884112.500338
11116693054.971985
20544445176.587433
26872544439.921463
14614045390.909702
12317847270.756252
28010862385.93105
21754333444.744576
13136841607.829657
10301166411.840933
8256561401.120536
16797780752.412565
9219716351.260277
17445417384.88401
19684824506.461613
13342307238.041502
12353614052.48491
23970375778.03107
13025141049.86936
19777277661.25112
16891064060.822659
8055549098.644869
11419545761.60076
8970789693.455511
13120998062.026299
16322410645.332895
3865122185.2904735
43063013289.38352
20170229317.625298
17099534838.815533
21204477561.726288
19836613707.71886
54168269743.46822
24041140176.829987
18223963873.7284
20113922222.469246
17845777517.315132
16680979091.016296
22635862255.01974
14995265863.203531
14785328002.652332
15082395950.919325
16500749299.654144
10606778172.79929
16105445649.568655
19211550997.88183
18594399096.852753
5931489145.039732
25876415960.252216
16979217036.232304
8483732165.026952
19697589208.011124
19564305588.450672
11333708500.474497
6535490311.605669
16668522445.791315
5509125491.475548
29128503144.15228
16792812116.671019
24639516749.4788
19652999420.20809
12094402403.74561
24616208645.553986
13130258267.332434
11972712578.630444
32218457140.548622
14751487225.261175
7517915868.712283
8170257377.2620125
9417124615.142561
15923330017.185886
9667740050.00054
16125672467.150846
9591571209.791002
9833878073.297083
13755172513.496767
13907485711.057833
12083119616.75846
14454540785.285917
5668592251.547328
7455574674.99145
16491991906.11805
18761798262.947735
12111854158.183573
11348357900.203371
7674408590.540098
17009800237.163279
25253451328.7018
12200985178.48371
14629461531.176811
11667794749.079018
7111135727.956375
12103770762.955662
9542203967.466177
9027319857.128242
18297199969.236835
15513205166.93433
20433422102.35094
13083113998.15299
20856212164.547993
12289127857.05381
11834480087.378197
18860443069.542767
8506887138.625544
18642552488.045677
8674003440.625748
14311472764.460995
8487674051.844538
9003297987.368475
8514720303.340745
10632937873.551651
7924782836.636335
21402148464.882034
8113756688.970871
16690059512.59224
26220709664.191715
25588775718.55815
24202341156.101837
5971632363.440703
8045011569.33326
6063995351.755607
9983433035.775564
25683039475.095905
11077024771.483717
6959666338.530428
12206072016.129974
14908018936.566694
8309243949.978847
10899117999.157547
21756973966.38481
21419448724.03205
11166243979.493793
20469215290.46446
31031627968.79698
19521663853.59368
15417025496.143192
5489235406.22673
16927853324.540667
9438621761.648584
3748495504.7184753
13022655165.289316
7262441963.341853
29759918718.94419
17915776051.723003
16828789313.503622
27596069888.666485
8730117860.529348
9971206105.627972
22343939704.40846
19016111621.2074
6523546875.010557
14881470892.226368
11929052596.074419
13656548386.91661
9176869237.949812
10749915301.24709
12323679311.617855
8124774614.348567
8087997930.112831
9176869237.949799
15687731966.055601
11168594347.485933
21098709355.081226
7822842777.595748
11608037982.402788
40432747465.97806
10986284269.336369
16163814531.699432
12129001583.85759
20039063989.91594
26992607057.616035
14529923290.118088
7958223170.71201
17931486517.7959
26343600246.374454
12429994418.878855
8173294774.613371
18760834167.595592
8245861090.979535
15563608223.95511
11375988223.454182
11920417400.505508
20527695916.14324
14546778821.324045
10672553582.651768
21443512356.97311
12404798590.907755
19019233110.180904
19929478170.861153
9415427427.262438
12064258571.576273
9159004520.943026
12109198453.67258
13705728048.603378
5483440839.277482
11510387191.088428
19521225304.448124
9372320363.611238
18469237593.082268
10746133155.299028
5860477227.9530525
12633470887.635624
10660816190.905602
8715981685.01361
12957749755.228971
5337093893.058947
17301538743.90705
13098123858.638176
12510298562.048147
9175502679.489964
10582491914.6029
6670578619.5856695
10310970725.825006
23100409216.233547
15966405581.836054
6744406060.32843
8374771896.567537
10308788175.523352
13845238154.581352
10483477927.121244
5588490416.632908
6366105527.798377
11586274690.947714
19271096904.489212
10274932078.674156
10359520557.840809
18705126788.747513
15213660269.324684
13171004080.467691
14345653566.711683
20761855092.64064
20258193610.405094
7232435617.020066
14545134454.014927
14984884880.868137
11074195764.135056
21450234364.579037
16278989768.123558
9439545406.058979
13669896452.6495
13394679668.63473
8278015978.204641
12818083547.235273
16477463292.818924
22832873064.34194
19247734508.029392
38517968869.55849
12097823840.884413
30662287281.5492
10905930007.650791
7037748664.844878
13441104188.299114
6126579395.685905
19733060218.310387
14559986712.437912
43029558488.45422
15254691579.802956
18205514483.77274
29706305425.260094
15457400971.810408
10535553452.059237
26684161210.518013
24175034672.781616
15669552353.640093
24434232057.62614
12445110539.146023
10869540202.590368
27186849355.62647
14699814387.52052
22583840215.809566
8805409005.00403
12667805046.803679
23386961213.753162
12375187808.038675
11603424609.587465
6660663287.366813
14189429468.656855
21226921811.385174
13523387402.511066
16843978012.49199
19814571447.46114
30389851491.332737
26944273264.879017
18740382588.44635
14907738231.086943
24220908513.041714
10644567743.743313
28118778729.53302
19135319295.00696
13137407618.25758
21299247177.25504
28463487964.103077
9118775245.593088
6662253148.192941
17200619340.59157
21319312161.097977
14603943681.664194
15921779902.654348
13584436237.191458
28008477310.230442
35529765862.89376
16111923420.16219
9085355955.367935
24440188778.888332
13413318034.575686
12791662212.765299
30009373001.15432
26200965707.311737
13547794109.943798
11463388010.480572
14078481038.122717
7307542927.411089
13143713534.637526
5872670156.964608
13585307421.234705
34851957879.36929
27000810889.15276
6589124919.91502
18619062962.244766
13672542734.91622
15268555066.921463
14397938857.06622
15116872718.837418
11109302471.253431
13192679598.408115
24523335635.415947
14452304740.916218
16802363086.302324
22756256836.373825
19626528910.7295
22636146047.929623
13332356523.767393
27259882610.640972
9356993112.066467
23823915759.985138
12594619971.210588
7510087101.248461
5736984422.338369
6198146607.724379
6966622126.640049
22673763805.214844
6027285430.437599
5775406524.058847
14735264052.211843
8570099192.758848
12791415693.998169
40672520531.86095
9976314649.212038
7844478999.920357
9419693905.976316
9387323223.617872
2696353341.2485495
7622843896.331821
9760469310.549435
8650411172.66205
10964247610.61466
4060380174.8936296
8830869563.919352
12156580996.982397
8345514441.837417
12997189939.40035
9387058239.444666
8971220452.006845
9504024554.270508
11672165118.466867
12142163072.311134
10779382611.926271
22594714270.639088
5146935794.087192
30503463825.17164
23624557022.68012
19054173497.52308
54746214543.34148
21971048450.403046
23789968863.682014
9942950314.560469
15899021495.231947
12903994841.280201
17224228724.520157
10418335672.377476
15140437858.502079
20278095629.19061
19751678413.18839
32917126371.724976
9520003046.287647
16833267895.818037
14015521309.429249
29334302341.956295
11887301001.851398
7396158209.776597
35639937366.57999
15049616926.52557
20771383114.17434
9491141005.267872
11667053024.284908
17199770287.118893
10798683123.76044
5888324560.662358
22564222896.224316
19375380601.72512
12173085969.272652
21619855971.43816
18866177515.15568
13962992217.013468
8178609312.729168
4925589805.666823
32010112519.352512
19455327665.253506
10575588735.17685
11588493054.015278
9340682295.96363
17910861592.88685
21469878275.24517
30979075650.325546
19762576009.440556
16788087310.295147
14843043636.416416
8407582650.950912
21254197164.924896
12949094419.462738
11577779907.187151
16724336983.193798
13853622150.953938
15335361650.048096
16101973490.26383
13677924903.687222
7307946944.620478
8311450004.174449
6863688056.304205
12672335894.7
12544629903.965612
31443805518.138966
13587609379.768675
8893136166.421604
22547093572.61086
25692465639.93619
23358259207.04046
6829736128.237784
23182372843.72922
9711090797.821568
10253737431.077564
27521520660.35758
17725479561.889065
9326100847.09933
6214216585.178894
11481068324.753145
7919953645.381903
12664983633.053604
13203247296.305857
5617216565.909285
11858668064.423765
22469300666.54161
15095004313.777391
12729944004.344124
15721373057.613039
7486941661.361804
11564253410.424637
27284427634.018303
17166542096.757984
10879407829.266485
11664928452.413797
12644956669.85772
17954565267.029797
18454059016.019463
24051822109.19161
26875157987.81284
26906024687.303642
13067299371.553345
14082061440.731106
13626922385.140265
14899362690.90649
8172539634.53014
13598642345.310637
18956729635.93855
15459191750.128374
5137351054.255792
11321126221.389854
6934662924.448663
14878246911.346876
10991107760.108679
11140068067.656548
8393527659.30256
11986449859.644306
10641220475.718798
14512591963.921957
27844448331.992138
17170685478.294085
27478466444.02535
7953407914.35849
14515045220.583143
11446115746.086073
22175886893.72437
7616028623.286587
10757302315.523798
20855370769.056313
11213138143.770782
19894084765.94574
5890813828.67953
19240125941.881344
18812242467.230816
9546380150.89799
22180576099.82208
11474329471.04619
26011074002.570362
10088821342.327911
14774035875.91924
20161887635.69181
14129349575.426456
39248116239.86389
13777014469.725756
43942140348.614174
20250048481.22536
11275384353.876272
9584378300.884758
20342819910.47614
7719982291.675975
5791357761.652466
17341881739.56873
17681022720.107258
10162055470.257607
13446292078.660507
9091078996.700027
10186119074.93852
15395817289.27147
14072426346.014383
9326434449.440731
12743000787.021917
21731255069.057266
17410814833.410526
7922995284.603298
14631780042.469076
6556335364.316289
16805472476.631683
15952130520.24188
13792290651.286585
6765089435.08695
9948437854.752438
7990267160.926996
13484432124.331486
11880013304.047003
9801528063.311518
9820699822.283646
9286571494.711433
19485687876.99734
8481589174.8387165
20872850997.089554
17914556651.85058
10486526995.654537
6159431513.179764
13877939757.694283
13250250748.675306
23033234623.80546
12871605253.075962
16721864292.438232
10267055432.290125
11099985668.355066
11715499212.243834
13203056733.326113
11738414692.94077
7238694614.868956
8085367449.775682
46385937110.604645
76169245274.48996
14409744420.57951
85785706818.11632
12872236518.259409
11236808483.564608
14439298659.724977
14351683289.243086
9137492078.69466
16744174896.133955
13997422323.806467
5745091534.470904
10960365462.904531
9985639208.415663
13660847825.444014
12341203091.244701
27372904896.610435
11447699642.416842
11941529187.85808
20601372234.18335
25107603716.215546
14678248516.15789
13380732737.085789
18692129812.367245
12091783437.55627
7866642088.571474
12190410896.847696
10852268158.041035
12357797702.560219
6848156936.013547
20070634213.25668
32585737957.913494
20029567463.95003
16681855274.319956
17010616175.028353
26655541210.872787
6257463849.382581
14579944470.600658
6856109664.824843
12449408151.5336
14810010626.280771
10023231546.919031
10232667557.785343
10474631239.26292
14229626249.582712
11919589743.971972
14852759135.278614
17457121118.04186
10975897593.668169
7444594309.015479
9284538411.646564
16184688263.394083
11491625513.856468
12313047908.829086
10440750080.133791
9090560512.622751
12163716955.473726
14915497823.082317
23199398835.153725
12928995795.669851
16381088125.513834
15879731854.015408
11643662839.412376
15669256681.992813
18884195251.4065
18788227617.974022
22515974999.96469
12857675711.639912
18976601358.125244
23814078020.886066
5922487876.387652
16513134225.042355
43859389116.71378
15347100444.4698
9711140747.959303
15958796636.693663
18066374410.14961
22574858211.925972
8987925292.338844
5134241491.031359
16832396627.803265
12688625014.49379
12042694538.109364
15773686608.77231
8385096097.84997
8880982543.666067
14209556494.584217
8315537276.361904
12133845560.46135
20400798357.85549
17939377540.09357
11555983480.369457
8683266821.704344
11921786087.160357
11200489326.565882
17544899126.136635
8364673395.901082
19533286244.418087
9181875718.494276
16108936924.09615
11596647148.415491
12123775833.050081
17686905281.88
24681118765.367313
18650627560.83364
12433153689.27564
16380635705.796768
15019352576.605825
18326837343.8002
14488975478.999954
19192990637.68054
14694870549.24351
7907710020.642706
16827610100.793224
26133867105.10886
19745571829.355946
9347742709.857805
10475404943.378073
5162667114.671225
21617792179.226486
21579030986.360752
15175808712.71785
10828951824.32345
10484713072.385538
8421749477.275923
6092667477.117474
10202031063.960768
16914039048.272272
13487219039.92507
18265174182.532074
14394621712.679382
12378400106.944632
17413810235.000095
17439636527.642292
16211400387.601353
8234064361.407566
8669135205.584614
14835369961.09809
10566961376.637817
4920069194.510389
45757908634.25047
15876052504.681498
14485081144.802685
18476201961.839947
32900137452.115635
7099565623.141675
14471095938.328983
8585976921.353398
8592914754.892588
23868222299.243805
9791659548.833513
11839533092.604815
6937498307.576213
20124086616.2965
10781520671.899235
6950293255.900855
26573153020.16716
20515740461.996983
5432448147.9709425
14190038987.35471
6034261704.691381
9110036362.89282
12764216691.41514
10968162972.489119
16107493036.030521
23744111413.006325
21560348108.738914
15188489215.118504
19033702613.06935
8579784996.574363
9341406833.861202
18045136263.421528
13326621012.597439
2451561374.6080437
9736593623.825783
4690578655.207643
11047044490.906733
31824618750.707886
8618764497.787708
19359668732.186745
36933610092.21851
16378998445.19535
19106285104.86124
29097306977.13805
16799229743.657585
12255905259.743967
22130414354.137955
15844196583.12812
21102551781.679916
9463759742.899094
11244632022.679934
26865812430.57878
13452997592.046257
15135435348.37542
12933938980.790377
22352255283.315
9436056353.731401
6391723696.805448
11925906327.91448
18759214344.84691
6554469051.389168
12233519130.288273
20912125526.652363
11164732352.436625
20231807385.624107
19510143736.092453
21979527072.34264
19555778870.44055
12374254129.238394
28765624934.907684
8704085008.239044
15712327273.272367
18707999146.630936
7442631605.888221
7730218939.063219
10252660883.362968
20657433071.893066
20211666143.1582
17427798193.545383
26519373110.950626
13346049597.640764
16998736233.3062
16788813817.01949
16899974338.70999
15256378654.509161
11625552261.779453
23659416231.113197
14274831455.334791
22927478393.29901
9175111795.904114
10935512909.43556
16190277042.877428
12339667553.301386
7686518395.882303
8870732654.997078
22031165830.95652
10362769866.781157
18949435949.945415
9043957817.024813
5843332524.941858
22848313320.00666
16352636755.231771
9111357333.480927
31160379058.66371
12146836557.79032
12162585071.571383
17083028994.11485
12200758533.146109
17566847673.030518
14439427932.660835
24552084828.966225
6273083526.622891
23704027153.236553
15587375008.207088
18207323854.961624
28894476214.680233
10880826665.162453
12368286520.870115
10015284972.822836
26420911469.59999
13814586885.32422
23923209869.77482
14243150855.520664
15255180935.21788
20888052589.5149
7786241130.40991
5860283187.797938
23431194192.22142
9440803854.911413
9347958075.02628
42915411033.91247
39256978295.503235
10015438293.075552
30017671430.131203
9869591073.974586
9083218969.686876
19773417706.096313
9022759418.648014
18414867969.316757
4488825835.185042
10638009676.741179
19202713026.35925
21671360450.738926
6554521681.131076
11470723663.008444
21967852966.49984
5184368972.643986
13420515587.794064
14449000341.778116
12244414114.793957
6253231677.504951
11748257000.868223
23791607903.672802
21741552964.13696
18688127281.36247
14967430403.487144
14322810979.45605
19911711916.614407
15553713955.96497
25274007451.177937
12418089440.276543
13115895123.580656
39517518067.049835
18968730671.406086
26478083862.080624
24215268726.286884
11786882688.374468
10467805101.650383
5753097725.926821
12228971463.91067
20185083901.825832
18355339062.31219
21501670239.571842
6557000173.855753
11224249611.309889
10144135084.247854
8801479646.489643
4821413328.388749
6660994996.029496
15126383130.680656
8242707323.20648
13989029884.626173
7179713957.80081
4249685952.897
23911855759.15308
15955250762.93938
7446700369.50626
25574777791.11464
11165313346.546518
6850992027.69819
21008559380.384
11805146610.32423
5978513197.804204
17369325817.604736
9021367441.110388
29573290505.404854
10740146596.075115
10230228606.962053
11307444670.67754
15595704653.449507
8430973089.924833
11305425659.707401
18474600863.29268
9843326692.99612
32351992150.208755
33173897855.30174
10141501674.350277
10508647001.400984
16187710776.734585
17434976330.872124
18047265998.10256
36463402740.4051
50654885525.26359
32066292995.65648
22025331367.683937
41580670061.004814
10851342917.269182
21689870085.29956
12032372904.553276
8972749617.89933
9834261375.667534
16165899552.585417
13159123555.581802
12088128522.098576
6229214865.225523
13778764565.79817
12724826231.290384
15606903485.681341
17885128406.153316
14480653955.695633
19666340493.35946
9169322268.4279
8095165506.179676
32801956648.265877
18240045299.00613
16596910542.44842
8313937987.412477
16545486960.748718
38331390867.775986
15132612651.908503
12981576491.886238
23649746814.69083
17433803429.487686
16693776920.854042
25817943979.107246
19677073889.540802
20590114216.602974
20111050422.306698
20056561894.544117
17076009385.452677
11859378905.66949
14564807620.114836
15506198704.38114
13597749548.416653
13478829089.05103
19166332498.31216
16750251524.242262
18291775314.20419
6356623404.0972805
7466947962.666386
14558531170.750889
12150517230.509726
9834421508.535316
19670916588.40894
6148056666.718393
18376082337.88857
4699662658.666995
13916544492.47606
13961784071.74609
15609384112.357346
5024390921.261173
26603594645.79394
10176718147.939095
12308819855.266813
23903306532.125202
9523209308.21057
8859098311.277325
17930949278.839077
5024409000.690237
11905333036.141243
21802509633.313915
11246781994.065136
6138903793.306565
19731965452.703667
6300954815.398159
20028761871.245995
23366314508.706528
17418476651.550488
20749132220.510853
15908777131.569149
16852128369.428442
10054532740.278217
16477990155.683062
10153544696.893143
19212394223.94633
27130794207.276943
6048845369.772476
21678621972.956295
24292665316.194515
11241299285.45289
25981122162.093876
12249107732.023489
19194425211.51959
14537207548.566214
23096743816.656925
8038919428.9485445
23053807412.97822
15089702961.275196
17648436827.774624
11435429946.165289
24432642110.09847
31979549042.46519
13413393288.158798
20959138185.799877
7759841684.085378
15235489839.943518
11690155057.777342
23934823526.460186
18676078554.967777
12411103365.24542
9136924577.933107
16808586000.159824
14696545025.296919
8363543885.404429
13179354221.594307
30556782079.063908
5356440406.476774
8379476418.633434
7960176952.963952
18595496014.31662
5590672299.1736145
15882199892.784857
10220711670.621885
10120195859.99545
11970656304.824718
18203428207.9011
14813483375.164904
19772337140.539375
8860480570.786003
7559747344.871287
13679521838.347956
12771243989.119928
6158222163.7986555
11138535912.091215
21153519553.30498
26693871731.296223
9669478488.66993
19003592697.43531
24030516550.557613
21420798504.221127
5628824208.406518
10628693045.619644
8290033245.427994
16072956125.40991
12273933549.006054
23303625551.702515
4005644686.701181
7123975128.193579
34112544943.822266
19693477527.875923
8416854223.811167
12313145713.03497
8547037356.497218
13799400719.966389
24932490385.612263
36722067692.10368
9606681535.956991
16266463452.392431
11864686446.32642
8004418480.794236
15733172301.712538
10351362684.156303
8275737917.043217
14277768047.623974
12518826368.066256
11035528370.920975
6062846531.945306
10814211349.157032
19074784358.31526
14314375510.272665
8838273854.377634
8522803919.24982
20554180854.82905
14209982908.509926
14322752012.151756
29657807811.905296
14438478558.83222
14597440791.973995
22592541127.44546
16357106807.332636
6467083709.170805
21096292128.341576
7182500647.77134
6620829390.038449
9557038249.058329
8851328726.078072
13878238083.6473
11260688589.589302
22739304494.281166
7005021307.35101
18366204328.15092
37080481987.31291
11435465329.086931
34168877978.394997
16577483572.38713
15324848948.459658
13355392271.695486
10028257054.839233
18469607984.442776
30639124020.003666
10496401859.815626
6158420685.992544
7298724875.845304
12292663250.155264
10935476323.51195
12673642925.620356
16424940142.003468
5986597126.771951
31130358558.285122
22046257100.007572
7960378619.202627
26330796845.55508
14116894410.979088
11910782798.815638
15651904371.807362
23249888473.99914
5717513062.346793
24057854749.62706
8401946792.409331
10717702717.748934
13314216929.548738
11618104271.64492
5717513062.346789
6781516311.454209
7406242863.964047
9651596108.915329
13629900986.550447
18467334327.946426
13513183746.029345
15545995646.181494
12280821091.020523
13159441726.384977
11138404455.707172
17313924278.183323
15733558526.671305
14403456558.814138
13710310395.481411
24399421278.723675
31164759588.17521
10548263878.178745
5872171789.762453
19334556939.52866
9560715770.744997
20710961231.495754
18768965814.13956
13321834754.758766
4596658115.255768
27093320194.856018
8258073318.322533
11299508097.188868
4596658478.947934
11048204534.18992
25240798469.380703
9627673462.352459
5956052851.3365135
34560397862.59259
12784304913.962536
6525563839.708195
4064689267.2661943
9489540953.141434
10304798939.643097
3828955620.2064233
13950727135.536682
11987049014.125877
16333718075.674713
18612331337.298336
14405664520.814514
7862813725.024096
16905738939.290728
10054057328.663738
15264596210.218918
9813707613.089718
18508263106.562706
7554706405.889401
15935865801.246357
9312271425.205933
22486109591.44576
12607249501.859701
6092554658.185827
10587699398.206285
10628400894.263937
16012761358.609474
7878051444.247262
32847240003.096012
11472204731.36501
16199291858.136225
11679061409.121874
16482895312.497515
13607960601.207373
13416126838.735699
11783166219.985216
13603639202.617668
29628498111.801888
32858939239.924923
8862279922.541677
21985939746.79965
12500870539.164675
9006495444.675474
19918340400.798603
11515836222.550457
9607970220.679262
10899059185.756718
10217343006.764956
6577155211.389445
20250606657.815784
33092666004.39054
12809741441.87675
13021166784.30555
7570914683.487871
23871655522.533375
13997966715.025059
32178207392.903492
12071468979.436401
23694700319.023853
6515132191.014907
21771922510.94519
21047424168.864487
11304575837.435204
14820537012.582455
16111290669.466755
10024366758.29383
20580602966.183712
18969761111.5034
22475079283.483593
15055096280.600176
13831388646.285746
23534188797.85821
15813995990.939453
7813806871.727727
19720984441.58077
11714430774.661732
14289678481.157896
9672924515.747269
6786323365.245608
12620924306.685112
16536886274.295729
14430022284.238644
32592312787.254128
21474576633.83403
22388113805.973194
5318421510.609499
15895619045.109035
17389123511.989456
7682890180.854618
11330703964.169512
10533754293.045021
10830499732.066267
20560798651.84878
14298665443.245459
27270202794.584087
17931496592.496635
16048339381.084944
17918180971.53034
15978667608.979996
14945037726.601414
13701084487.03535
25534546327.87069
14514108341.630224
12887943809.178356
8397860196.591439
7036497393.404075
16960768901.289337
14989970164.72654
5236569220.2892475
4693138684.309497
9373179560.537344
6044488080.835617
4615252547.778272
11201605036.751299
7605997214.216728
10631000043.049435
19190059909.066383
8247231969.570968
4485868042.725098
8946086076.361792
19733049133.73769
21209084097.63055
24320810320.677208
8944725451.40104
20214086853.358624
11876125704.114813
21514607794.478134
49603868339.738075
49500894425.72673
15663245727.988823
26707428595.794098
11292064429.257496
17129393935.40279
8316718544.069138
17819345926.524677
12680732798.579897
7651411983.131149
6989170774.16313
13732961297.877455
16032606726.355207
14968091328.964602
12942406118.085833
13054532745.825079
12846391918.01669
12366938684.1999
9326609526.154234
11857753768.693958
12683613539.02302
8166439934.737263
10511619033.743912
9150617455.076962
14314737197.95502
17905375615.88111
30059476265.980938
19900824949.356934
8116642144.620114
28346590220.256256
8968963814.837944
21749735040.354546
16604221720.631535
18628001983.248
8791105363.943903
25341748376.522602
8461740770.347273
18268129955.234432
23378912741.427246
29234720803.928883
13544526763.844658
21966479032.683258
14977249767.319387
19487841377.670963
14384610512.647655
22395700939.91575
29358602891.797775
19109088127.16812
14668135311.40606
12792923902.688578
13671764238.068274
15711318191.575163
13308576627.888243
19191393212.31257
7565999979.742326
13572516693.716185
11235625467.959541
18157229534.785954
17354501217.47301
6074997120.648632
12313121066.354643
7510901369.284846
9918501148.372046
22087276493.33882
21338224938.43578
8532692541.423925
15084293190.081715
21172163040.93124
20916253370.254128
7575034548.314014
13622880567.175636
15494692330.36353
9710692186.509308
8805626602.21411
20424101887.308285
13596473050.088537
18616189490.11601
13326199232.142258
15624678361.01875
15485877222.113604
12954142786.973587
12763826457.201048
9402993196.93401
9772277852.694042
14590914989.129375
9786384671.03474
16306631110.904598
15470699194.416334
28247058251.167633
11574253964.422949
7652977389.958644
5761640443.873314
4487682676.645429
17391054429.917343
8791230011.748373
18751675689.2548
42314419663.36864
37406304589.09085
14853359290.354044
49364534343.014885
12156286495.378454
17230898576.017624
9330131324.434965
9558637664.597895
19210228152.266563
16072698582.3186
7522273038.024664
14719406694.09875
16661563697.07485
7454994601.437976
17601993701.00644
7508473164.673864
3835649863.6631036
4794016209.514797
9483426158.746927
15886787453.943098
14822989671.335863
16278496116.033165
13928655374.941431
15067166836.037245
51230812101.015274
49902464545.01628
13495719480.342228
92556410704.67432
12123682366.104116
13888187835.273766
11903994492.036226
10621882915.214361
6379731432.050554
7373065517.82044
31227387516.3555
12138615153.16558
18428902219.795536
10715524689.139185
4686077820.762287
19655016437.02213
10997916360.995085
19852079924.20114
24414538895.93567
14775932512.25289
7197148179.890217
20597436349.52985
9053094198.86435
12489646848.982773
7441804621.105274
26537634221.64326
16399918553.652817
17308068570.56997
10590631694.9443
14505595529.137201
20072671031.51939
11880786568.498434
22249617764.8083
20647719071.50966
25777259242.49134
22485493814.84824
60686057652.11329
61899828058.817566
13231569340.459482
34412574821.503136
13726044836.30995
18229058137.536808
6967020106.313096
8676175218.962143
31452175756.589878
20906004104.43803
9319103469.329578
18546889692.599987
11533080024.572384
15194622756.3843
15477808040.307627
16991128827.45783
19425579203.46662
7783983249.157072
11184549478.325397
8678310504.744936
15683828261.368055
12443245900.808977
8171196099.64448
11590303372.620731
14662014576.665062
34139433238.567524
37723084613.950935
13577126293.468119
36989806116.11749
22597911610.3039
43544544706.84583
26280579796.474728
13427570249.205822
32773333880.3476
22931482105.01283
12007965511.5554
8323071741.646966
29115533546.796154
12819302888.871475
13101757016.463772
21506897473.14896
20693504697.833923
15140338934.397408
21537258430.78214
20316468035.892838
43419076537.06476
21538754831.54978
12204447404.76126
10499015568.965992
11098597729.057894
11426309391.662241
7214684568.0188465
14698222825.22802
15311337475.39817
14677906058.218393
12801445492.677317
19204333467.309177
15721783774.95779
12119233010.105272
18541433734.581905
15874090039.759993
4710359239.580947
16661770147.74164
20911823289.399178
12869345267.702122
17650317812.11092
33099654731.95179
25904002793.539978
7723036863.648621
18592207661.00647
11276561254.10165
17687673951.614494
14390601235.470932
24537913328.31508
12763969003.098173
8294722120.632893
12303145230.541285
10256012157.934408
16468707253.056244
17907852387.196373
18894071804.04624
11136745609.018108
14928652133.813501
22088980991.02017
10394340201.246216
26923049737.66246
12291936754.936274
18401592070.229687
16067856611.221983
14091223561.80095
9943012330.24153
23654626340.642845
22775633732.179073
32615463808.76753
5590807138.789355
8747637861.326866
18755854219.12121
15139733560.77212
8778714305.765867
9258877570.550674
8802537824.567123
13226084623.933289
40100902965.28196
10124906108.51964
15738435120.16068
6323904543.263494
4674435694.939258
17187086972.133755
20084281266.028027
17666281384.179726
7895167289.589915
8447646345.7630625
7843717073.793916
10776905196.007599
17559992065.87802
29858207328.12973
5325059347.567817
10700348857.337475
9601587041.452433
11182543892.292486
11046579312.193457
7426309841.840642
6389561311.090408
10250915715.429829
14229744589.72439
6431037986.475881
20133211407.78498
8445312872.73769
14761335097.506882
13808613638.039577
12465276020.11572
11854503238.05368
13353766632.110796
8445858873.513509
7985505158.210998
11530470365.19006
14321204379.24201
7396708201.313697
8777296927.207232
6767021460.083291
5322539837.176466
8080935413.6822405
8083502848.236463
4660450484.032525
14946995961.215263
8783085726.19697
15400217178.402584
27918243032.688335
5602345649.512991
10183645654.400152
8058185237.099762
19381017134.838833
12068487824.838444
15689100840.08421
10247817381.163317
6911904296.942273
16750530269.269361
19828576325.84551
21685628979.85375
22499927783.084248
8866703511.750538
13099257204.66498
13183027523.102282
7030429968.745109
14207860509.376703
42319080126.3811
27515557552.796707
19901611673.990654
18194661662.210873
9968516242.976198
29693951813.083065
21065860575.931908
8461175666.865294
6949950531.19525
18207632504.429596
14483107989.038382
15062462261.681955
19518869026.762012
10419693263.747404
8205937000.193284
15011137607.061243
19683556495.275608
13582357915.919043
8379318564.568918
7240428946.964466
7830095874.504236
17825990354.43023
5733502096.703114
15841072051.195805
17752513389.7576
10601525628.860111
9177493698.63616
23156761158.804024
42156349318.325226
12229121213.332458
81036942486.55702
5183611602.775656
9911889741.561546
19445338473.408813
31478204694.660683
29410931830.393333
18233171994.305172
14434026952.324263
19436958309.92677
10742952856.41688
14766353429.748508
4570503861.48046
17798972586.52798
12282199679.444931
11920960193.500574
7663798884.419109
36776527208.32967
12151812158.916563
6356551480.930864
15171846364.39959
8186866454.67364
15485988036.35327
14297248033.67991
13805135902.49307
16359517882.015696
9111786821.211765
14854625655.940687
25175494212.187683
20747421122.615276
27285485683.25533
12321581718.084192
11866708288.216764
16361106604.344244
8926116538.64984
30270814167.294483
10887995463.349998
10848573788.348803
11604146962.831278
8371834211.33638
18304262371.73609
8328492300.408438
11640443410.421906
26672368147.329967
17550843915.38559
15851224154.020435
24893355650.151657
17876152568.53719
13015880428.348566
26582758193.26192
14373184852.639803
8609753021.06313
18059833414.97969
12938282462.49761
23815941771.23509
12269795493.79585
12847104617.10394
26962795343.58879
26989944324.100952
24199590798.433414
28621422008.60135
10900143235.720901
15900379518.862915
10468651166.086086
22009052225.184196
15363409756.965742
23611403462.496353
27032454502.25349
19740521829.623024
23384028549.528564
10081170925.817085
11757911050.258722
12925747371.410156
8125056936.585079
20306972309.140575
20601783737.666786
13627790980.58054
15303917788.766039
11455101333.341187
30038955238.599617
9372027257.343214
12122476883.124472
12094720138.634352
24798758647.4239
8070140967.833495
6904516284.865566
11729092122.152761
13667618416.648657
23325979272.47482
10752907108.085533
15667074099.939007
24049111462.17683
11077458205.307383
9166956785.29174
27023894060.150097
27839259190.055122
15152109119.112844
14279027241.473503
10015730436.147287
23928214199.730488
10815633123.41097
13282956635.858469
13566593305.365412
11113424144.11888
5926722827.610578
35675408096.45143
21642691258.531616
10343355531.014948
14702776750.210857
24824693195.69598
7437827824.218599
5723751060.763747
44710315305.12192
8424472247.356563
19541103483.163174
13716217365.42617
14479578633.319895
5295718750.465765
6293447284.315986
13658524177.652802
11412249525.617914
14062443527.446302
13731498085.394176
3456291457.261144
12666066393.231
14999861743.19764
16764151544.184118
15317533478.209734
29653744178.86441
17118691195.458847
12931536105.93193
15422800763.359058
6174261628.672079
9036289826.622448
19912889477.397003
10774955383.563892
27116309229.02058
11272463750.383698
15425828046.331196
14458831430.819555
18620991254.907536
10984803831.03888
15012594400.061527
11411409569.448671
19432879966.2765
9819998447.198702
22763254730.396023
21189541903.030396
9399158154.69061
15802297988.818316
16234382614.333046
16447795189.954163
13562265180.02252
9696582229.336155
17656593826.074722
17914372746.05383
16169940848.913454
15424154443.365595
8263560658.52849
9120410672.8214
10661934299.796463
27771350306.95227
10292681570.039585
16221144595.797567
11823561784.088833
5837461116.7724
10598534371.20154
20443331809.989597
10968701080.182528
17906065050.608967
17221039669.725166
5298745071.504944
17059355359.86435
20913101571.29447
14088979633.220362
13727499309.700888
12066649891.1463
7171662050.844536
13211710480.812134
8040444097.960444
9603292882.34279
17808835355.898426
7828664597.897687
13275183876.69144
19171272475.534283
11386757844.37693
13336976409.051394
20129430380.001522
17054314251.555458
13541422430.32309
16320319852.114874
24993750188.543083
21858208532.74404
9402232482.629229
9137343244.196413
17198795396.98935
9054180101.39748
24290871887.848988
12049770308.787151
10121683566.011581
13030924301.733397
5456529170.658333
50664183184.380714
20350784234.24663
10901612880.899458
26227562844.14365
8555026810.678166
11351060601.834314
11656132776.611572
11955273186.055098
13264077514.98577
13721986029.935677
11386876443.477036
12986433341.589508
28318757963.991264
20877059838.88243
11064783939.787058
11656836908.492039
10149383951.259495
16652781093.138725
24475079726.31891
7354090189.854379
14952622624.756157
13732316315.122282
10125306053.004435
10110133199.69182
19834699755.65395
12187140020.970188
14698311842.238008
20070760726.141476
9306642683.91903
18398974076.01996
20865605218.890186
18500156439.039547
8861476877.981607
8610416869.937962
8173850407.6918545
12225291643.39524
18775689061.112667
22803445103.085297
6259043282.795062
23674712246.307335
14099711288.098892
13767959106.846924
14228803080.150896
20219948686.708946
7947091158.945225
15146237213.786211
12782859599.584885
16539351803.144688
8644059701.981861
5273692411.890951
15952229146.508928
14799030280.522844
6512350621.784176
4902905211.2955475
10883147190.658928
34394245577.19845
32790363271.509285
11901857298.494015
20093049793.889618
17974781593.25554
13443040278.254358
18730285421.207226
4649849927.520735
19846306549.32745
13458964238.830408
5370554498.170702
5462334389.02365
12632525460.070704
5331913549.733051
11161929321.39053
4649849927.520726
7852030878.963237
18062405048.13004
10949559940.0147
9962395319.162586
19741703957.056114
5456530201.964212
8243362441.555483
8754889113.890957
21261821457.02381
10145546498.859543
16282891208.889381
7671142543.630061
18782290193.26356
6636041907.777632
14682412828.877565
9812310813.631617
11344723939.344423
8333799972.067178
14760349785.822922
13475378505.400122
20981188343.600582
18068999333.661545
9462687083.891663
18634186627.136326
17983126310.768074
18739950039.391582
19376908222.224728
10246773505.40086
10035243991.423624
5682881048.911587
20972054737.369785
25032647103.892303
20189273047.62579
35535610491.86432
19992080565.7283
16638965361.39571
15322176840.830423
13884502041.490437
14912250925.500916
9200578190.386387
9410248914.013811
33752680127.293835
5887115283.713222
16546797080.520962
18064326877.269028
7275988342.722148
6107182588.98381
13642984092.364447
8420386433.262038
24079993967.684555
13789580233.064484
6194679936.696553
13885325515.176548
11463457054.307516
11459816672.872019
7393189791.616672
14022848923.341274
8030285940.702432
17275046613.388733
6191099348.923223
5093985197.4089775
7422400214.160575
11470540349.338848
6168190485.969896
11265016691.026232
8772369527.92054
10561049149.69275
13913884404.379156
11274547738.28296
17403974875.064407
17645743489.484726
19343546030.0797
11940843091.65258
7296822486.36392
7493745453.100708
7755473631.277203
13623941973.057968
5052250437.716767
12176220145.431265
23605239104.79228
9270860760.606308
9585970452.855217
20984227382.418465
12832051914.56328
11862431119.56342
24406832071.080082
11851785886.444658
22914860038.764366
16871730895.274923
10565252717.08145
17927825272.802967
11877078374.4041
12586984506.821054
17593174743.488895
7597025168.078511
23768642333.754692
11832447582.485321
6922632966.057105
14839798285.821404
6257461941.164311
11188435611.137018
11240097698.231836
10945475162.788164
24113577381.25843
17763395148.316357
13163391656.202225
18315681611.154594
15392216115.47138
8334765513.731402
17508953586.02369
6739515365.175684
13034249194.710209
17562284601.993195
8648466347.904709
8163185681.053711
13036142370.112133
23908853756.55875
6757903874.920965
10026629010.045406
9934781332.694704
7795399256.264384
30951305459.393238
23942811887.05039
31232836442.22614
20545470698.463562
10113780223.836649
33586761606.727444
19636225109.788876
8338805020.669063
10576996341.868172
14623028663.264923
12611435979.54338
9109592212.655973
17739651513.155804
22806893281.321083
14009698023.958494
35405005589.39526
24542662212.363026
10184959826.70932
13840017524.205591
12129477378.13554
17803684563.99478
14892826311.641996
9042989973.754366
15096082453.593323
21299421130.773476
14254378707.02194
37819768527.45112
12420464353.25421
17222928834.521862
5634656411.895184
17393167323.264282
7690356147.648177
16947665370.349583
21404334379.115387
11398893356.202545
10944352036.83109
16972947185.825052
13530722735.855139
3950241233.5506043
9077177721.891853
16687795990.276718
9009640285.56425
14375642283.995974
28872969485.282616
6728762474.937564
21493211369.511833
13332510901.95119
9101346397.211395
11806968570.969664
16373753897.306099
18785134563.6174
20199280968.50329
21647887013.34101
14842578248.647495
14161813495.549726
15170638706.591557
15827531722.919516
13963760905.833796
16162263102.72086
14059438693.601439
8162080399.67547
11539153976.066332
11833105273.8309
11777214802.445166
10062289829.232834
11261757386.27795
21221852931.2612
6591997347.79519
10056339499.11019
12966472903.173733
5552295425.618462
10920859454.312649
15185618504.048384
12403451030.470516
8257134996.593574
16820528304.569004
26988107460.67126
8079737617.8385315
14622287037.902706
15735886998.995136
31342397090.778934
15650730969.608273
34830074702.05457
25857528109.01947
16046042820.772034
18986150837.9633
25585229344.51032
7822785599.713521
15704655135.932981
14207471639.848763
4036769449.345451
17026033832.810242
7537462256.138952
6210058048.04969
4099915110.2029176
10837374382.313755
14383324948.820318
6092248148.674647
18319064307.07822
10713926834.698732
12733720710.33644
5577351884.498969
16054540692.052807
18829324775.56496
9991120026.275154
10754278288.910023
10516663361.89341
11338575793.46324
11916973074.390558
10754278248.609583
13796312884.37657
22704248235.67047
14442190050.63446
14004681536.881601
9886718273.703346
6009910103.110785
7447999394.0395155
16577641710.513584
18443721437.33335
7700449235.026933
18018284267.120987
10125573190.732077
18029239459.262688
37696340452.88432
12622380826.78234
23063426837.14804
21411453057.02458
15738953133.162073
35683221007.16924
7427677720.682618
15193274733.867538
13357875245.975193
14714470013.950632
6307327738.92385
14248861803.103207
10055936643.249765
24425125911.848988
12752747748.091478
5471941242.342999
21489080181.43921
12361643121.172146
18595921936.047688
11063684851.087944
9168226432.407827
13135666291.772676
7976034641.740671
24718919592.958736
13314940849.64076
13220131539.559938
9968334948.767538
34553297015.52344
6383419365.343633
6955801809.349545
11178704611.721872
9651541864.18039
12570561998.688347
11071178212.014929
15037677366.418203
14137288710.127789
11087793360.370623
25477614035.724827
11887534685.935265
13034705122.48545
16078775359.562672
12862309733.17343
13913979774.371542
16295031513.208208
12405050885.165787
20550837650.478294
9747870066.305819
27688864798.59523
5471199041.367629
50883557925.16692
20545844878.466774
17839307200.08171
11186738808.452358
23520622900.207508
14719758405.982712
23531883945.864914
12534974360.543808
14428891072.411568
10171292177.66062
18475092814.809414
15111521301.309608
7685685821.837711
13283310068.534037
19402498431.50768
10601852707.855257
18744374019.534924
19282035702.967995
9257483229.273907
5788669992.967754
31975307892.831596
11247298956.921587
16664500592.397326
34404000497.70036
14475904326.41771
15241170408.659008
23824925158.91052
17136556834.209059
20509038291.506687
26768602425.072926
8746919407.7738
13536721103.946926
17058282967.302505
35015867543.48779
16521926922.181242
9673524241.296448
16026283408.472982
10863929172.36627
21927823551.87628
49357780758.791374
18895434277.944168
19940110502.780884
24606395572.34407
32806075889.684063
25819516415.400433
27370977899.00679
21888780415.63528
15510222030.296734
69339743629.64642
20445853832.494133
20185887965.405422
15284666983.580952
30263543375.890503
16836603597.716127
41874695597.397285
22007680957.442127
11209283350.34761
15390542286.023115
8159176901.42979
20806802245.633186
31823892435.856174
25468182653.48416
30942773930.507614
28249538822.8289
6165734011.900106
20004007710.386692
9116779378.774422
9670973690.868443
9856362026.270098
22604983729.45273
13474954624.566393
5701877302.678819
5681937742.093143
9512774724.452906
5612355373.645608
8478772733.470472
22741503866.777046
20305478790.976063
11506591186.76682
18058921177.287746
10450704267.106014
6531265172.352132
9222307926.7558
14495816433.599352
13504477720.686186
12301709120.084406
19182658119.217506
10946038417.720018
19374985690.43041
4647691443.942591
9862477678.03005
31709125896.463257
18215580981.202038
15788894634.524853
12980225397.246605
25208908742.69371
9228414098.129358
15362420148.064253
11463388010.48054
14078481038.122677
10907576363.974174
13143713534.63749
13585307421.234665
5872670156.964591
7404450201.656065
21686669976.182995
6947871780.960185
26130287900.659313
17454599827.16925
10686986378.465477
14828454760.733994
8247965345.712205
8799234385.820162
18199747562.935604
10502460577.864695
10329917840.332514
15868266770.286707
11186442057.39917
12720932681.327642
29350349414.096188
26936695264.18024
26035546678.588684
15683227889.649479
4331051973.826844
13785850860.405476
16993386884.190649
7976454509.691406
21538826053.733166
14339193915.233595
7951148650.226187
9910201636.601269
8282296939.58484
7649269228.869045
19857552794.026722
12754560093.153334
6225247951.633231
7095148428.923885
14314443787.682457
4149931214.911179
7892897303.658801
12878522585.110397
7161193256.9428425
12468748644.85707
8806813839.526932
13465120165.410482
6964661090.345993
10255813991.083616
46299229692.49994
18888712459.287327
13718202371.556501
6298164944.216583
16388480370.060413
10398613621.820856
4848758381.916307
19151855272.498734
32598209492.419785
19271504708.12377
11407730859.92461
11612958641.962086
10841894183.48616
11412235783.001091
9455839056.926144
6465383856.419049
16793923814.73685
9455839054.742403
11612958639.280178
11412235788.272163
10841894188.493803
25187865478.022465
5333923464.646802
20758714951.035973
18694017942.735767
20684215408.78655
13379710318.938883
11505339698.081526
18188063089.254265
17735777258.97656
31517344361.214516
28104224241.75518
18087215818.831474
11551686705.513386
23768802181.340153
12216002806.11424
19881674244.86628
8132348331.20672
20118294278.190563
7957631885.650948
27614954301.948338
19186976560.901726
34379986575.4393
10563414934.002123
57210583248.94659
12213337242.69581
8757187402.612898
15392331931.18255
22570297235.060417
12869893057.56607
9608256268.18789
14153232215.794273
8408423719.399608
12301382610.171522
16805544112.450758
7388475086.971673
29276327091.426952
14057935918.577402
13597658169.084538
14515315712.772047
18770959452.3733
10425188980.460966
6074242493.562699
14238491680.132452
13173399570.369276
10170817158.648193
7767524317.350276
18125941660.2744
4054539261.5217986
12212553773.922403
4447876994.179008
11031707398.57436
6655092078.226657
9953626137.724058
14770394676.423038
9179059463.34166
9367051313.298168
10559500692.759901
18804821233.855984
18812149815.060017
5763760593.244734
6609358557.182592
6398966309.620027
23346299102.77291
9405364742.770617
16032094476.999449
31839975475.770615
13281158303.511461
10361213289.852425
11022882268.42984
24663875657.97308
11873670117.623371
26790401722.426258
20567155414.77861
13687777950.717562
25085073271.55525
15226562915.402533
10162528761.650707
10232988027.02073
11002766502.522205
18677164076.955723
7458582175.659803
12426370376.442019
15458299677.849613
14274585533.437464
7624654822.311409
3660502013.4577403
19870890639.481335
32091955194.433273
6236251183.466157
32126576941.3664
6765297144.237445
4949406424.707822
15528569773.811262
21957864910.696117
20658215837.846004
25721276815.75882
19388758164.05276
21617223161.205463
12725768767.357943
14547720822.771418
16961810564.658113
9939587587.987803
15904033713.547955
5340269833.163752
14304047275.825617
18981218503.56622
8368415709.912171
17804126359.792336
10215902794.533955
8119859399.6222515
29488274822.200447
17086747639.50512
10776644900.471298
12231177853.15287
17311823715.36158
12640487437.312922
23140246828.33993
10541103258.366016
12140583222.41406
18169587845.353714
9013235965.867615
4081487340.3784995
19428853961.717728
19031709963.24042
8285887437.357415
15541179881.652958
9614348884.645899
11048473482.250908
16490186573.208233
11275459889.923294
24289461706.847473
19943813202.704952
14654858680.32318
21374098191.938084
22608200079.37375
12402943798.61525
16701464592.83481
11349982175.972866
8015974437.88565
13878401740.306396
12387517173.443098
21075808665.804333
4797906353.661195
8832129646.887224
10760275921.181559
6256205499.795315
15423064710.797768
5940926226.868
9312650449.170832
16688457055.42989
6849106114.221462
5795613724.337237
14052471999.04104
8762654363.16301
8212658822.089864
18825589399.408257
11272714168.005398
11627016437.059717
19585910964.283443
9872713178.30796
11615773653.016275
14841092586.536448
14551666198.69422
10019781146.644146
10263851587.098818
13848651529.256508
18512775668.210823
11289300119.60687
14327078280.096754
23014259469.874615
20559083716.096085
28511844097.615414
11461035349.007097
10774735828.986095
15923295851.139467
18413931711.597862
17922857954.26435
20960944118.392513
15375200359.546028
60988431620.36681
19771879407.41408
16261189827.609184
33458660070.70387
44688250640.14822
7047328373.089265
21987764385.416122
11049073523.061901
11283145974.972736
23105729821.515453
10786112967.3951
22051705058.804993
20740992323.207256
14382198206.174809
5158220925.903972
16874719114.031204
18144844994.842873
12586053142.489454
12369703201.273457
9945713261.039099
10106679503.659565
10657886439.571466
18028859123.156708
4706666538.403435
10034889867.192701
9602974202.794117
3815598622.7716475
8322240066.764373
13640434945.683107
3815598622.771653
14358299379.777979
7418791462.699867
4671348595.247855
10520494370.500761
6567699113.492382
13241662156.199102
14322998027.871767
3591582910.079127
9353152111.57136
9418553085.19915
15700909026.13453
8486309440.209334
4351820542.208759
4159360197.5051355
17641538048.429176
4351820542.208756
9993906550.114231
5021981974.286867
12688670093.11634
4128149138.506055
6556110502.362448
39016945313.23486
42458912658.442726
16061733125.584478
90373119451.88234
7332955253.658715
15287540857.54231
20587019457.17436
13698098519.630571
7396520236.403634
24786584527.527576
11249776083.498592
10365148691.725119
5716996171.595474
8794873854.349651
5322199738.575872
24112789065.873993
20397180946.2051
15057231089.468044
24358461599.877495
19770192706.149082
30829761397.561382
26120150278.38969
21057924834.76647
19718445040.283524
9652522002.506222
10061913922.74163
10397414900.95073
7063335636.545591
9569260764.369461
9560634253.25885
6772456518.085053
9287043751.917946
13354216000.668533
25428163085.5881
15186049749.016504
20252483680.068424
11700948201.503761
7150280118.346521
27905244610.73661
18814658139.59129
12966328102.493565
18481348060.392582
11427954577.386362
19018316318.574154
14476558017.863249
23735603216.816692
24040540117.15918
5354110385.081676
5693171560.307474
15289560895.681313
21656111240.346638
11071637939.697342
21475753219.55029
18160078006.418537
28246732848.858646
14321719521.38003
16795023927.158533
40677088649.13927
9876178006.011143
9539409484.292824
6583128229.574825
11177234060.238766
7376493131.397209
14541356868.01111
8473623335.576756
7583374594.634177
9852589101.267107
35026883667.043045
19979890901.95365
13085081275.10462
17180756446.31904
16300400581.870068
7739960070.309812
16359812365.012026
12765421030.618206
17993784975.206696
8877385992.866814
8960328066.330603
20701849785.990284
9691414360.596273
18147153561.629242
4645575054.4072
10526794148.742662
16901214803.840336
15788805733.723719
33214819558.598366
16472465559.99956
22440795766.21094
14632326993.72253
13192766501.667356
7686606166.773227
4134252633.2168074
5601487549.864675
4171004878.8286633
10250880513.560205
6291426943.19949
18615219660.53522
8486611443.094139
11702907247.958303
12921522779.726448
13826102125.804127
6603597609.095183
21357540842.897945
13197577868.634941
5857850501.974512
36092721975.49665
10622469639.206717
13943077868.217127
20904237542.021675
8883749085.797197
9786160657.448397
9346346676.933203
4690991648.598371
9633932700.441183
14771843119.265663
11677971312.935284
14426443390.634216
10837931776.712057
24339582135.19709
16477946721.248087
10138468309.195076
6164384051.129022
13348682041.572168
12931904259.266739
10101309925.644197
8311909446.4929695
20137084659.30834
26694048271.15127
25222545774.71869
22514193313.87438
12392307143.587593
14718287722.699915
22985342716.477142
27858423432.1703
8603842238.639902
14395544149.02027
9669060685.565746
14601894283.528435
25961863413.566513
27786703784.15342
23504501756.036922
17157554195.410772
32419878070.319126
11537275890.08291
6803397285.02652
51047485492.228294
8761374337.283003
8798975766.79512
10529549452.618246
10565858919.394747
20875078522.975483
21080980481.514362
23940673419.160355
26138273713.616867
16415642895.67067
9466406835.872328
8753679865.72171
13864721554.664574
13202108312.802757
22526771414.84568
17529970542.01559
23582179750.65967
26068742496.200497
24747199096.186947
11763700867.20109
37937386146.62555
14655695115.434498
11165373806.026056
8003319961.849852
28369176381.507755
18928248240.92853
23690100109.511185
8207528799.410164
10368572909.134861
23886401302.886246
8829632785.339659
19062302518.663788
18790428557.542107
18740509035.53051
11458489875.400677
8855964576.946697
12758258406.507051
17793584671.934547
13618497903.680027
16537256182.538261
14387306280.699572
10717020854.957586
14941694308.844269
12395327113.258917
17636940191.41988
21494011792.424915
9493780033.503077
8735624080.19352
14994720301.36062
23911824546.242367
8738399496.659037
20137164802.966312
28405295180.069935
39561126280.59337
48457253572.492035
13473261378.598593
21393666026.488705
12722031416.637178
8267398333.091024
33803825221.028217
14876198899.122625
6876267951.696188
16318395594.130884
10589417512.748669
9239273354.915602
14352605495.82627
26434159630.608757
12939990651.936548
28979962693.873276
16179398285.057676
9778011103.72222
11898474965.181644
11131188732.585657
17463968053.865566
14047105306.205305
7596401545.942426
11168646946.600534
15388727346.82821
8002560993.236165
7338514625.245591
17178103676.591373
15144904348.79875
11815765453.437565
17533992191.90725
11853550143.738531
24067666294.907513
8942763130.152529
6935431673.267338
12342581922.544426
13718146293.119385
17957030707.93621
5599660373.779897
5943870204.823869
10499752591.399778
5173738962.477006
19929946984.19132
14679522071.624268
12569856245.624828
12741397087.854584
14743838312.302675
20269457034.308437
8562307642.401044
11417718846.279633
16054128773.82877
28029625370.443375
6462702144.278718
8398070656.472515
40309579359.02874
41113958084.58476
17657394852.69416
26271014393.904274
14345123754.860975
16350869021.110443
18348387487.156357
15003815094.414148
11050024613.42004
18820111217.938637
9120088502.545992
8240690894.783897
13423974252.153345
7048642306.208472
6985039616.812884
22857436552.358932
8956257717.99436
11742562901.124971
10397158093.591034
21636428816.664818
16704014478.485111
12748309536.000566
15941086992.76683
13305686743.254967
9996507682.524261
9669968003.692375
9230704636.625046
8736831367.241117
14414498282.737997
19847339920.13931
25309315916.658844
32334719749.81751
17076015272.943974
29009392294.63895
13661580664.138664
7238085987.855383
8829167275.071602
10048514487.648098
25689542492.8875
12067428616.349663
7549464853.860945
43283452092.3284
13028374892.269012
23822609210.848248
20427541919.803658
18782960063.983994
10310773279.905003
32891978616.71107
43429070413.467575
17568937025.821938
14349965751.55928
14991839855.270445
9667797008.444765
12165337433.121077
23862859133.691113
15578889305.709358
6077807275.803714
19514982422.340343
8975637380.442707
12785630967.968464
21816456715.004208
19085213014.28326
9237890031.675056
14270674573.40529
23753667972.133648
11915894193.31664
18148646223.322414
13085424476.91196
26911372147.757446
22243352315.64033
18744576864.072906
16417086175.089146
17482381302.869457
12947327477.3502
19130078375.90153
11533102063.782923
11612125308.237085
13348913032.986528
12726118036.779924
22558772394.212013
6405347290.259024
23890346742.429573
14695608351.161968
11506798794.833292
24498088304.269802
15866345010.092712
13578702208.636684
10580776326.987019
11670504626.943178
16662470150.501165
9575213084.096273
19835940040.440777
9837090530.46268
6198445671.597259
8443102647.365469
15144073739.12735
17776386944.02541
10970042468.622309
13065801734.48899
21354347388.323822
13333652640.680222
23792611086.41412
10446288455.924255
6453741282.597312
11937521726.751432
14671120307.607468
9256397752.13092
9133705147.232264
13731546198.156376
12819814092.690985
16088039529.586031
11180896690.989582
10553420201.649733
16075920326.777672
7820262500.037852
18947488880.302074
8202433602.214664
21728133115.161694
11352770924.81546
8145710037.402577
25623428875.27177
6819259229.514531
10600376480.511625
12553149083.409636
15654186487.17282
12194482357.221043
12605600598.81151
25973563172.91423
17192069330.10719
14607744046.854494
22448043653.570984
16447075114.177246
16036292361.92299
13118175659.243404
14104992924.51025
19180560750.338337
9590996955.89761
23943184388.6706
22160052808.319805
3481256217.314073
22839215476.09739
21268092013.720757
8231881880.660989
15412702605.914232
12075994188.364616
13922165287.938492
17758377573.14691
14394057192.133743
11303521689.857412
8078099565.435466
17655677327.8717
15086789976.60122
14196891167.197098
11528846885.945242
5653831194.777833
16991539359.720453
11059738177.983343
11915875436.639574
13789832657.935974
19752018509.84599
24504669827.793377
15675924364.782948
7789921298.63756
5064966227.376272
15529518200.553335
7030850116.171256
5079370319.742591
9840219257.90568
32682709465.9899
19867173299.76143
22709944436.702892
10239905502.618809
9955463077.501759
18346308013.468513
31444744570.49892
20367211192.55081
12234542341.05333
9085394063.369078
4949252432.774977
6432538184.950453
17263532075.852062
20064793417.861664
24549128487.455166
22990245083.280746
11657095579.020826
11178368337.95896
17914973339.93339
20424303604.148693
7111578660.178945
13282683466.343794
7610463310.726347
12666396440.815796
16601576615.447336
14600803815.259968
7486015498.119544
6393888449.471722
19627080314.15733
8895024654.172539
11380605954.830235
14041720162.628826
11310464378.744186
11618293000.517252
6471610361.252637
17022399485.821829
37889350472.3716
13447301162.287073
4986747658.906016
11447141448.44858
20264395027.43266
14790021359.704975
5293166085.045507
11648712076.854027
8692013719.457268
14253059713.83448
8323590983.697091
8157088495.080013
13441142532.452005
12512435457.395035
11122813714.416628
9973707571.996372
7159404046.805982
8734487127.789204
18803639538.086315
7268353508.285407
12181457014.325996
13648411136.342606
18658153015.59383
27028968247.756313
15064108722.870802
24405769528.28847
12903342632.357346
31354169118.821056
13228966501.725248
9378451193.211872
13951332730.022331
12406303330.45143
15292943539.16627
12560853230.676838
5698345100.64545
17417600110.590122
8862548364.440792
23873429664.412884
14651634011.962688
14610367510.928051
10909208622.362179
9193133592.608942
19853214197.046757
4020154927.2626104
15064034081.277706
24941990892.03496
13329629012.857992
14220337335.103065
11265617423.716286
18324202777.64755
4667024073.839857
6810646671.186702
12302441708.622599
10277726985.787794
22285657717.67496
9634853117.95958
12802257117.937824
26644392142.368393
19558495044.547462
7855102631.176958
7395055266.782917
17758813297.507298
8415318690.573572
15698176307.777527
7887668574.124741
4646256769.168093
8936058074.661398
12615229798.207096
7247077098.751472
22157077097.083008
15153394491.226273
27474761564.462585
9460884313.090307
8400265693.476321
18152036871.544926
16120321381.695953
5184895459.034706
16053875015.400238
4598075867.705916
41113517172.896904
9251870936.952372
18647599216.32036
14566984578.504505
13108355094.705835
15199200248.484152
9951420785.675528
10369864234.00354
21748475688.18794
12078869471.83477
15263010983.209917
4669160082.074688
18973830404.371902
10495785849.087185
35476317404.06646
12931621857.542683
26536883032.535923
6563759818.602217
14776579654.938166
6611202124.224779
12729458409.613787
13482354093.551355
12226518203.408398
11149117956.259548
27214437655.431694
18287163371.056713
13518486092.21364
21626041887.243313
23973660899.19653
10780528304.530207
13240845399.619928
6330542015.113364
11054006147.851246
13664914299.184526
14037826267.700617
21536816802.390224
16691055062.41509
8164810728.056833
15169065588.69437
25749787492.23791
12160412034.019407
19463161660.48628
12960345024.79027
26579188216.438652
16156763203.99509
10537577052.936438
4530753347.091281
7577711160.680914
14372645762.678232
14434232077.702963
14836712505.176802
33440450489.370564
16956067297.647367
11646037411.986988
14161190255.818361
23526752474.634926
16806615823.156551
13236452489.992376
20499661410.17043
12209830944.259987
13214686051.522566
12181063803.46805
10827155769.585512
7893365886.844748
27844488769.059216
22540279484.43192
17508163081.596073
7128900173.649076
33443492980.39963
10606808884.562727
7455666424.934732
6783169399.692491
27642700769.713863
18671318859.969242
11845748731.309727
5319109195.545184
18545236525.366997
6916793490.915438
12929394537.772522
11938911657.839533
19580537468.74983
19819549373.37117
18643584467.741116
8389775873.662459
11118608635.137718
14531673781.65027
12204139091.523819
7407452481.967943
11534560284.628323
7449309709.891674
27461411862.729298
29399978023.854122
24654853062.690605
6465146144.67254
14045168600.365065
17308961169.516644
12038483814.973457
23637877823.804485
11362879185.938503
12447796636.341621
21121994056.088165
14841092557.055725
9376410025.366262
10019781126.740599
12321428780.769562
14551666169.788422
11652787673.247967
18866871878.40405
13138940712.748688
9436649029.476654
7967042119.835205
10917423634.793562
12888365759.734383
9363528854.55785
13170866152.273827
14639065233.829363
14078978272.584118
11857854030.41863
6028674663.031694
12211295085.030468
7216993098.260273
13442954504.664583
13924799054.88141
7039266670.704623
9123139044.997519
11755707289.157331
13613411555.558819
14623710686.521029
12645174745.262383
3953341958.717682
7846791335.887228
33980880524.813835
13715334355.474846
12694323243.068722
22363342623.561783
9558362550.684319
15446852915.718927
21023102605.412685
25445034622.892323
11291795897.545061
19190885398.632492
14799992944.527584
10352923864.324755
12107148206.45506
16012782202.88396
18895127668.04904
23219710787.91562
5237739000.460312
23518019896.381817
10240675224.839998
14230992145.371046
14204028566.912336
15816952917.859802
16932009679.215595
20234473723.892757
26951371815.444813
10549345536.638412
8584601113.487864
19201553041.819626
14792152514.467417
16377188626.281754
12944223717.481121
13985284889.973581
15419339749.321924
11297437586.610487
7471842903.857769
5414362244.978845
18033165033.392498
11017019500.555508
6472113860.354061
27032977231.58206
10640336465.81115
6952165907.28039
14540836429.575409
29084838964.86963
13340581791.725798
14063481712.85831
8055433245.293424
9423023296.365644
11452670058.619793
39466884506.55165
10898742485.593739
15935351273.783308
8742186367.043049
11341042108.406713
11437888993.311544
18383347698.32292
10735382152.804523
22486156913.741726
9900449044.515831
15981757400.490719
4444166416.129586
22329844884.124355
16672690029.134937
10449722097.156548
16006353785.981369
5282398132.0087805
17554906356.65417
13840027371.110111
23236352815.899994
12936685273.17348
25358661407.91784
12424789722.433226
14034100854.487902
23953497561.825764
11342315949.36512
12735886044.00381
41387448736.52917
6685982653.416245
10587361952.298332
31939848800.970192
13721174334.61157
29224195958.558594
14553805421.366606
8563393573.345922
18658917050.412037
17135763465.709219
27115572945.35617
13223955947.3175
5745032323.771405
22485356740.391434
29742793222.386913
12609182225.816595
7374025867.720427
19402680670.216537
18218436964.316338
9885277922.756605
13370998119.96991
11845576423.1799
8953237181.8978
14768016134.034609
12848324172.136078
15065229113.759592
12903052141.275206
11371182518.582014
15017675478.881765
14310002036.965553
8554557920.276278
16783639671.153954
11612958639.280195
10841894188.49382
25187865478.022503
9455839054.742418
16793923822.493635
6352999851.310945
8414025753.732291
14138563245.295908
12207334587.15519
19735854254.39647
9395397605.953003
5077131686.467484
11301878072.735842
13675048192.628954
5077131875.000422
29849287588.678204
9392414314.552488
14022972328.647278
16272100884.920801
68033491275.954735
5912137638.824051
29918224165.360554
8120669268.598549
8531117094.997945
11112195731.350563
23454125183.738808
8965708976.511044
30468244210.006447
6791469410.613004
9001461273.361395
18336181903.690025
20798792719.711098
4854199293.845423
38152544764.43064
10196886925.302143
14341297570.538916
16069612864.374538
20695874227.427715
5386662527.540623
8895899012.729517
19710328094.591373
11091850164.377611
13346796113.06933
6107859826.420007
9816364394.686386
12619940745.160725
19360319266.957573
14275750969.10961
29470298116.651413
33061238543.70651
11017798948.359327
28712904111.470375
18641757526.98411
10055211392.290916
20370891922.773384
13134321947.477833
9481309423.552864
13235508304.150543
17567307805.15863
31886059848.005566
10505243584.281178
15200607799.752153
21118657306.080566
8250230621.094864
9791351132.363638
12928160817.819355
19068994440.203365
20498067619.028374
5514543370.889819
15487385220.492832
10370522478.266003
10312582030.856607
19179530031.528866
47667629972.95546
20615562885.17164
15477819545.833616
13062618756.900995
40934020719.86628
24156035151.4209
16680615972.791286
15286793226.760689
8681289557.246662
6394415955.195165
9571417520.952457
26974134931.765656
17455073260.882633
10149588694.183262
20635321562.1781
8818952277.0577
12430812789.912163
6162194813.742687
10959365101.436226
5388815153.9101095
35849779935.01584
18326116939.52855
9540391187.29793
12489096839.44515
64494396162.18968
14961710661.630743
14703321453.931889
18770095181.574295
20524081724.414043
9140890753.687624
20139446698.65316
11557553390.020243
14331496213.00959
8902510473.596594
7396304701.123884
23114972088.96002
15670220400.105549
8804896333.31646
23878930764.812862
10407977589.86802
18387557890.427593
35970714906.94433
33379811811.75215
12219136335.094347
14565983530.246132
6925089457.261751
6582547576.171404
18004113918.326427
8000620196.549446
9767651267.002728
17182696841.768272
4435367086.953356
9937686867.045155
8934123408.751451
8651548834.070627
5412739670.852205
10747756413.223509
9732693705.704266
20477605812.052307
33071991083.9651
45324067307.553345
9568970722.689617
36870438612.083305
19795283148.74437
11610465515.214334
8121477629.0499
17590686832.934834
9700077179.685255
13242644173.851774
13408974375.360909
9444150889.42044
10059757604.29339
13919594825.609034
16177622069.022085
14876673491.488832
13976657909.059137
14408912828.018194
11652202695.299213
21253199318.806408
10814016790.75807
18268258413.464405
14739247562.47587
13117497235.347853
15878241796.050573
16024877679.125767
6262139874.393062
6084791730.608334
13907504812.157112
7760796505.951316
20512631756.093063
6474822332.139286
21275462688.262417
13028106164.445955
14016249296.059628
12878850707.009077
6606050987.49433
13901590128.849163
9484551813.001263
22087783071.02049
12781222371.88534
11047653157.544413
23297791618.033882
7212658945.003432
14012757887.251324
12001819125.134066
20152728759.71839
22114484743.33402
39064324834.23125
54813666024.49829
10614459919.64027
21003608098.271114
11718502636.641361
12496325255.916626
26542799843.684196
14037263923.129267
9983654729.881899
20843180704.473633
6760381105.480388
10871050833.987564
21850012402.82287
8954581349.231573
11617781262.852837
20917547551.78343
16080663397.2806
21253203291.13196
24941071062.898262
10699486070.53488
12612549495.521717
20443814231.08198
8149754517.120107
21945302627.30405
11996416201.24774
7858455990.562612
9342058831.786121
10808760834.53943
12497971018.468004
14783811178.190598
8538210479.413158
13839149180.957403
8956384646.389795
14412297398.780758
14299437580.12069
14495914466.643667
39178064218.718056
24086203278.01112
6851918383.592591
19125654753.438282
13117650738.205912
7525520418.088157
16938168782.463345
8163601179.242955
19322668132.786488
18587847346.594276
9702636897.697104
5107460965.357994
15318439032.556839
9790329333.370066
14178550335.732294
16281766171.420956
13107184880.32723
13825042828.461994
10457481241.584097
23923367673.256634
19817163560.148094
23281220982.166378
17725657183.76461
19516940704.442806
15497578470.652477
10469876337.516514
24713723886.41615
14741230521.985733
29357886121.772842
12942267309.096771
12034419928.146591
13077849722.864344
9863606797.366714
8339603653.59098
10399203968.714413
18265378007.09032
20834756530.671688
10457367603.485853
30116475848.750755
19772265919.69799
13840990390.835619
7624243061.752955
12342974260.704088
14559054764.06453
12348945920.903696
13355621250.14157
10603941058.524273
14691773124.658218
32878264943.557793
10581531700.603624
13021817047.662518
13383276746.620296
27446540267.307735
4678604296.321969
11524516984.456457
16183851874.799065
9380272221.871069
19008013364.89568
7393347900.024474
14022003450.938028
39054602621.07135
15903546702.474642
11110051118.248255
15365927127.640066
12202263928.973225
9620825120.193188
16259087555.631771
7040676385.014246
8727882901.048443
12068804542.620758
5939312129.239029
10026009772.27468
21632065295.62286
12635210574.481482
4990774412.994371
8157174071.625086
10326236380.68713
11862091647.809654
24369736109.947117
29975932351.375263
8237872001.606124
17605925849.18183
14291971362.015827
8955977566.67137
36219930053.72905
20251448491.94627
22160127397.11137
20629660101.951107
12128014156.41411
13451391631.824827
14644780772.620773
14609935400.15829
6208624345.244853
11623644039.61975
14914082415.997978
17562197687.755302
13484948767.04975
12589589962.299019
11023695605.192297
10980104998.511662
20479989119.679726
21212196756.294807
16849378020.550415
6483714836.135253
12717880793.679317
15458703642.691938
3446864309.712001
8429292014.84345
8241080707.467396
10351726330.480879
13067573461.833612
12136322490.840378
9193763254.610899
9172043983.231752
21982932214.934704
8099361107.153504
13310209588.003412
15230086915.443777
12200394453.54007
7929416238.209916
24021026577.166885
24387943190.50088
7239157835.714757
19833622122.750607
11897258486.13676
9582749800.054787
14248222956.985445
9195549843.384367
11849845442.36869
12369880752.961843
10407234691.273678
10543960104.625528
35553793140.88161
50484751184.51683
8653886051.638115
15839799026.975418
9670480301.511873
13540274131.028332
19392387003.575027
8912770137.360611
13409558538.735212
13219794883.70859
7419090940.0855255
10381384220.505163
12786399863.000849
8912770156.15848
16309655277.912989
11105190878.336842
7419090999.176449
23350620086.88316
25387544997.185333
11018136846.777008
10205146662.596422
24713849339.477997
16396151659.03586
14906977750.68797
11165612102.769867
6227277237.265896
12410279024.805359
17267761567.878567
5110813670.336149
8676318675.116066
10814961567.192827
7044374284.781231
10151063912.990278
15254357080.24495
13419742010.273598
8984325825.28502
6325123711.757359
17628989261.992306
12190194195.476816
10095368308.770138
21227290246.32092
6744454640.493744
15413091062.475712
16694607468.126
12468585391.370193
17636312824.658165
11934461377.614231
19333207984.57453
24458878025.97354
29049819689.010277
12722856943.741692
11489417838.379322
10222978093.021257
8958970258.183355
20902997058.068672
11546055065.066376
9871690801.076145
13036337880.356455
7572231187.994498
7579191895.829543
14059726547.68464
7785080169.566013
4028917629.281627
25494840933.968
9719437479.607334
22415973767.477535
9672869774.999743
12628615603.981028
17371526014.907604
26512780781.17662
5590555218.451099
22734319402.61235
9318857646.7422
27486810161.72349
10465618001.90444
11644140322.886631
15438701549.15647
12919311494.8999
22255442957.92752
20172152210.085033
44474793601.19327
8937724276.16343
18059105674.04227
4973996126.842171
14164519990.731173
16244044938.705875
15577249279.204855
11495020161.461761
22799594311.673347
15408914173.515472
15597181282.01115
13713285559.510303
14936298151.320534
13295398526.72685
15448927455.469994
21616669913.023396
45791750802.20038
15179944927.85556
11575192064.504387
36030788492.94706
8523374585.813897
14431567507.206266
108534513297.15382
53961770812.1274
7478800079.6047945
38538009376.31444
14578499142.760138
13875800297.764008
21487430796.041862
17502079771.584812
15859165383.62075
8443642996.157479
18107558269.651905
26225636553.7151
9957101169.873533
13177791441.089376
6632684881.18928
12658189143.00931
15653137881.281504
15217182599.741488
28566928297.064083
27004367296.82815
10598426749.39453
17735566123.074547
8155695159.372966
3147813866.4565682
10340442834.48216
25839578668.081352
8879414069.024761
18195913502.73498
11745378003.294147
22078283272.49026
23470830415.56229
12220870720.387167
11326513445.321245
20874064614.73024
5926990657.122789
10647461544.21406
16449921758.60588
9567681394.178564
11494726623.203173
15501950982.603268
12098701420.452328
14175629757.69541
25134505893.896374
15807196429.348402
9810061488.844751
23322727384.127888
19998895554.0742
4917892105.01902
23287934919.924862
26593108552.871544
10052406930.74922
11446010564.131315
12388004128.633192
10149832531.172861
14200671492.847857
7631383482.957014
7676660742.288435
10715789947.699738
11338191320.821108
9777963356.752712
10552910211.113153
7047816857.005382
10574977193.675665
9698012351.966282
11371880094.758924
10587528376.070997
12413687590.157171
24590577144.317474
11870373450.29781
10034923733.464294
10606083397.22043
7684201310.929457
16123534634.873775
14793371139.405928
23735585636.00122
9162690323.597418
12646120030.686459
7105993053.573568
9519640252.239561
24428739829.64806
14279968869.539673
17842471481.96759
10666785101.091608
10245387217.364075
11730111934.40782
7873819893.49438
9467498505.091398
11036098662.143051
15094755195.585464
12760837560.182228
14826708606.108854
10853519476.183958
6515939426.477358
24500645298.912178
9147498524.11184
8363094227.391476
16665780168.876991
8701994464.660643
6371613432.653982
21935703412.85507
23516046381.050854
11480848654.451672
22476048803.945637
8161087835.774829
21497731570.417664
26849940700.62117
29668406556.46446
17772778547.74362
15222804272.247112
31788716238.227016
18448529759.27751
14127756107.155514
17623482859.827305
12741189205.43783
8960719646.696619
20508154710.359394
12762709264.553957
24670527676.055252
8911570663.385612
13434041085.288805
20373412769.654312
13294283517.954533
10229184666.464293
23252224389.645977
12023452870.457384
7200776038.800191
12799801526.403736
11009634882.688372
11574868478.875065
10615599926.861856
5366250384.693607
16260437024.064459
23084697364.802944
25930990345.761284
11019661715.509665
15526510519.214684
5325913885.961198
11232990901.271008
32106726666.36151
32422951539.477245
14447769974.76575
19135521993.10653
9178145027.089224
11781261156.44231
33864156260.70436
22768198303.840813
9869573375.97355
24035386223.569176
14604603672.908451
13521875212.895292
14171017983.63922
19154726611.454014
32500392142.26893
9960532731.146946
8197893460.22461
26812038138.467598
15603559174.723959
18282707872.40211
9795436560.791655
11835674437.384819
6799245557.5910425
25776964694.528862
14836502509.949556
33434460814.949608
16463322465.959396
23662391018.03208
18949713450.721355
15660324028.345417
12294041704.108679
12140360556.388287
11205112495.13521
18511291367.983036
7289810126.245396
22737487385.03142
12778429471.675362
15574154639.292908
19749184813.415173
14562686213.823923
17960469382.905815
12370630260.004854
11440874952.938278
23842756421.677204
10079604791.483438
17187631243.732197
7879197450.280611
13063146360.954647
14006318645.876867
11965599772.270803
8719733611.534191
11616643326.750925
8594599225.6201
15957358927.642574
24234434639.77375
22437857356.329
6638388615.198664
17790778402.79998
10285094517.46622
9555424952.022173
12605350456.91825
10993850620.28552
17498442102.8673
13501830117.949116
17883350750.937016
17038566711.921776
10901440699.485416
13306539301.734573
16728493476.338345
12398300903.813524
17547226918.381584
17933208675.002308
21794407201.654873
13068147990.019674
14441610377.179535
17026304421.232197
14043135430.094488
14444189472.44367
20308366263.37492
17237830083.643547
6682858956.386732
20698431318.105522
10230724941.861746
11323226429.777178
8975103947.048597
13263303951.871414
11948801373.53073
14989340460.698322
18712515127.914093
8283166184.520687
14532691077.054693
9001632078.817902
13529805196.804062
20206143178.05665
13113753855.27364
12348710508.730455
11799857615.958485
14801741500.839903
14936672160.677235
13643340102.886703
8700210767.087626
12554792072.09456
18382550970.446785
13857832742.084997
11972236067.923061
8458644029.891046
11605202790.27391
10100407059.093569
16857021194.121473
55841594520.26912
11858651922.196688
34715477098.70485
9181815697.063978
7049999974.970979
19269076081.02379
23008341180.514328
12794422205.18906
17277938767.15163
27992375015.94881
19415305566.532143
22027895152.018147
18004108206.180073
23059930490.582256
10030332679.428036
17141753072.657593
14823189846.58711
25572333550.984283
29086930668.526283
18633095429.398773
9608076003.849535
12841318066.516602
18000804480.121452
33974989003.80663
16154122507.733063
6276582018.983661
9058453051.188648
10991610036.212332
9166442871.885908
9833242381.959143
23630703918.757767
3028530870.384825
17274240355.219814
7008500262.957182
10284821643.511175
11205363866.48193
18055993248.851856
4617800229.476039
23244763258.96346
9843260912.587757
13674135149.329454
29402410206.24119
17407393066.132862
8598327060.80143
12876113055.78154
10236879240.703674
7660792590.669918
14875175870.436337
28478600761.609745
7276531955.260188
21102060605.925068
10837437596.76003
12579885242.408735
27381493909.447956
9507697672.91958
20573995417.277943
6931859026.533444
12685921633.3178
20989722500.049892
15905759378.8794
9620895133.690243
7593480189.592956
22097752661.486267
8250505624.318313
17878512551.413586
14310270864.816822
22862583981.647846
13842820491.086441
8304674443.739578
12507010181.567461
12688595865.013405
9924959946.072723
21551808292.30298
10342290752.778246
15386288465.00203
15222426619.008987
5593799081.043777
15542443202.866901
15904496734.306877
18340126335.989197
26729709539.98649
22827231636.084785
11445497306.278526
9823795061.173782
6658548823.992384
8531544784.931448
17154755760.123785
6226043119.1771145
8251848489.482078
12859887639.917662
13183162099.38282
11983054191.694082
7622147864.951085
7998416112.781822
26812865112.978245
7000281491.888076
12578736338.853386
23002056280.174522
25415947255.73465
13924023798.082785
12011678592.425734
25730788505.815754
26465439431.220932
11595062400.691668
16381932216.569092
17934803840.69254
14791638586.582544
20825614705.372917
24779380621.67665
31362505756.500214
18678754626.76677
14688508373.81924
21421809930.146
26756794756.160988
11037994751.239899
25618556725.863773
27478646589.49836
24265048573.752213
14464337544.620302
13597749542.136147
11859378908.408316
19166332489.459644
14564807623.478455
13478829082.825449
18084637985.68252
7916838216.925788
12731005250.698502
13824741371.136515
5894163880.317953
4864078215.335883
5136861134.405285
18094259249.28065
25866911361.967476
11260382080.200712
10251578213.764706
10657455704.737675
9544607058.97854
11788913071.243462
7522937871.058251
11185396605.154617
25569861602.315876
14209768809.282257
19445355311.423298
13493953213.27407
11869998350.909676
13465027673.746685
15215656010.479319
13107331985.527681
34467710993.38753
26563640591.455616
22666076764.87297
11068716086.822336
10922919361.50917
9901331956.06466
9592745417.401602
52494354484.64439
49448862616.99842
7864578169.626534
25803477208.3598
14788978218.922745
13397390106.859522
14424023252.765696
11788208624.632833
8147147259.11637
14630393003.828362
15357055468.461208
6288441458.35123
11693689080.646523
11297546977.313938
13708547148.028717
25724850219.562607
10650873569.823048
11432230025.899027
13332986876.858267
13951664446.943928
9614944736.208572
9338631716.023293
11826324610.356646
14600140717.14294
26811843734.602657
16037308157.423265
12175732284.877672
8744215920.017792
11089248454.810778
21239053349.664604
6198637188.122666
10848053907.7891
11124052919.286707
11215748551.566317
9683755897.893267
4027554382.3418636
13438935533.324615
20037947346.63194
19050068443.141266
25567003184.007164
15344082291.559555
15279573820.460289
13128222310.352045
13159858809.93659
16378472664.49878
14399220584.697575
13151206947.242756
19316081629.4653
17952067451.242867
6923012123.242993
19638789613.625053
16110055427.937925
11896527404.621515
14683952516.379303
19567930552.01172
21613726063.10123
11725949953.58288
10021812655.26136
11906573867.439016
5324605789.631454
19545877269.731987
10361501862.708263
7578745050.057338
20627624566.697674
11930075682.678099
5324605789.631448
13389295890.632713
33903883165.900074
8890483304.933811
12336840525.52504
5417126735.868142
19314078005.71085
21642038498.820217
50022506733.48459
9274524628.015696
18389371281.71307
5560814815.63197
6123124360.778956
11366084586.874876
11376793471.205626
8499961530.53716
15444133686.476204
9136050091.58751
10857193333.469076
9367637034.863342
11607230564.959394
10730557550.405489
19619714412.29098
9729859359.427721
14978992737.152468
9974597095.894104
14625763967.788754
11402663094.3429
25903530965.516308
7790757737.468448
10605146201.674608
22077812354.837254
12463660188.008999
10888127157.455687
17288552272.251648
7710881746.273959
10807352776.544905
11570914180.399984
10091659296.769266
18002361989.779896
12393825797.649574
16243523652.351606
7099672724.831526
12273477694.424974
15023430309.633125
11023890890.82564
9006224905.89245
4660881777.232632
25932077363.01862
11679754296.793379
12771519685.995079
6733547104.787679
8531914478.394387
9837105038.33998
13183888962.696133
17125822052.093067
20605129122.88301
8724969384.91149
17968805753.080418
9716574751.072512
22434779492.459396
10214662201.643225
12544888822.151478
15340836362.60807
11711947088.30762
7457585971.885151
15227029255.971693
19337970570.614563
19922484378.030293
26753923504.937
37802685135.79056
15271953222.395128
16794324961.563562
10905952131.946882
13626093277.899975
16706800017.375107
11420317276.271698
17902391453.244667
9223408625.059444
16928448508.823574
31693864505.280533
7315026126.388073
17298692762.825775
5409182634.869588
7773994840.238257
16866840865.927542
12278728283.10776
15373745390.540089
9084444243.078402
12455378287.707172
13397711795.20822
18395522818.454144
19417100568.408062
14671561282.006168
10937162021.787682
13128996253.738392
8449572843.788814
30683471834.60088
34312741174.448734
17882695533.216972
11762361042.715544
12956658490.6401
15534110260.43031
15186352871.365038
10655588136.942226
9928703109.360811
19839106439.028217
32995142344.566917
15986615923.654125
24665102957.21833
10299319263.003004
14877574753.777624
8171352356.616088
16363811368.157656
12323854713.554504
11670596672.39511
10785025999.961874
12137444675.708305
9500317439.438433
6612405370.5062685
17216319801.231255
18891175715.53223
14291279071.23545
9911428293.401196
8137274136.527509
17042069009.657524
9870876892.650106
7799038772.931015
10851305294.830399
12591517748.20421
12194436643.214632
12462709236.544962
12293901400.404625
13041765710.638063
12479304510.616554
12187228976.945688
21657003875.86933
20298306432.528866
9100990859.271255
18150883605.151245
9860674890.925589
14396630385.652107
20549200390.726936
19186373211.635452
15999612647.399773
8640181130.566353
18855011922.95174
19304407186.801594
10641156181.537119
27249795990.330105
14923197511.832129
16496059803.274778
9635288467.153038
4508086107.093284
6075163470.904119
8940973706.964552
10270794278.06132
12319896088.601765
87629279266.59694
9562562628.182802
19074514132.086895
19296068371.59424
19459511820.730103
14017974963.783089
8870801551.690647
13954303826.758455
13505879705.085558
13273659627.887085
11344013345.580557
21853005890.2155
12575405581.264755
10488782937.170233
17968487856.296074
10957266650.2589
17920751939.985775
23714835596.14066
25033779436.29019
7796093137.062443
21275990870.583385
10796967364.896868
11689180232.175022
16778605341.347845
6844519276.8405905
24481318596.850956
10184562233.367653
46607639020.01101
12625236700.8042
13937262901.51052
20089384361.361137
13265093915.27714
19627164393.038322
4277567854.9473467
8371964283.741742
23112018794.496746
20860490724.38744
10222619307.281277
10398739199.091578
9681619502.337864
10810443044.82165
21502701126.129295
22549215029.37731
11439775258.420347
19669789619.079742
15412856943.975094
7016643983.58156
26666725499.14397
10267976531.548971
16517719366.05604
29638015001.99326
17444049963.179924
18233675626.364193
22831469917.59528
9153196607.572308
11574240037.73393
14704483530.394701
8125753168.337358
18356903109.388405
17381619882.51428
9400156101.043827
21514964291.264584
18045343577.828857
5197965970.575964
13014016553.262758
18158203637.216633
23969966038.761513
8874998800.669697
11785315850.799856
6346765029.677749
10878074442.532063
22009231251.536705
24476059133.879765
25830978600.781914
16151380515.295975
25594169322.156036
17995472151.49395
23089223457.301895
32590185194.58154
12907258526.273357
36174852915.320694
14441442625.945955
6068186195.393773
17702727424.882942
7145844130.902881
14987643593.260277
12288974936.44529
12605060066.755268
6890992382.215146
19926416402.935207
27424147658.490276
12062486740.990595
10933512075.401693
12141064262.145605
7162686277.465401
17803899418.499546
41506205858.622574
8270629703.1475725
31306792468.80033
15022919825.390316
12229120844.591604
38141353251.45283
26716286256.958424
14708686193.056313
24269793321.976875
10372739509.513008
17006067260.93263
16532389126.885794
10268796122.273563
14332065931.922998
14935967918.882372
14655338147.630024
11147815121.047329
7509780608.220909
21990448596.328938
10211958477.311417
9176755119.8237
6383916996.585842
17612768709.899334
15131580653.95374
8604760013.061283
11293815341.30364
20365508703.288845
14847275542.917908
15822549794.764122
11577195111.150642
32462162633.433292
8966395017.747887
27614576423.469105
20778217549.25273
16375600529.800894
11425818301.085697
13374478083.89524
7935880735.247011
11092603667.687828
13888642257.831709
12103493421.432438
8388601487.042341
19260403645.328392
11699346892.258877
19912056600.371628
9459706412.534742
12466964793.009832
37889518299.16447
19828483742.038563
8269752406.820902
53445923968.45355
12971133331.73359
8956149404.51694
80026722393.24944
35998315524.0242
17419643982.12848
19738370811.120632
11251044313.587461
15825417061.798626
22750593884.50694
16721191620.7262
14377589321.951975
9414280228.233208
19611287375.181828
12931929504.977804
12271574854.455282
11100915926.098875
21395629485.067497
13377809049.41633
11346296102.81078
20657090106.30239
13667764457.299816
23231873308.477177
11233242392.803932
12891662862.738611
11613992974.92927
8051069799.377608
15837651425.249512
19110025328.53701
11196361704.602139
8101487604.031141
15425514345.516783
10160649995.019888
17754022747.30235
7519069052.116805
8287853119.436569
20074742970.806213
15937001443.03398
16401965685.924526
24135963592.077187
34688457811.59363
19881306805.327576
32081639482.935856
9478870264.59563
18010549421.48238
19532338025.331566
8734193522.37807
8729119213.787012
18047169388.00371
11915249767.49635
7430152375.162457
12306699740.518814
8115530585.316509
15297504802.916483
10386008493.741144
11328947674.661386
8814130527.71222
11196515636.479696
24232981978.809223
11694311251.178394
9186629507.34393
14441911947.001951
6119453604.308541
13134442046.885849
6213421248.981521
20038666827.165703
28360804186.696144
4423333891.3504715
13743863999.433266
14573783901.698921
12599963967.813894
12980599151.707548
6183189887.860085
14371565926.055931
7931783272.462326
6156051982.143943
13397674636.459942
8340817940.646323
9803904028.222378
9368162698.383879
8221121264.403438
69698053634.37015
17342807349.805798
6056788774.416082
20695312649.318855
8739846297.707357
7726169078.6993885
4888654127.855643
31213704886.620422
6957634987.701818
15361728169.459423
5339006512.107793
9221698296.706202
14749555670.017635
17360509319.879192
6579747555.931284
25616764364.77876
8265099279.589805
7494675626.548075
14827694481.115774
18129683649.070995
20837316982.26376
10495190043.326609
12380757687.127708
6165476324.288394
11902845995.637701
6249053758.339992
9870024000.517641
10361714021.70593
4577350232.245091
13296891488.620907
10936112366.509455
13602164174.947777
15788112946.074537
11562610297.097427
8792027412.54484
13408293091.101746
9762730046.259718
10009017462.114948
3847925744.2358003
7019850664.112494
7914821227.380723
9975114314.973112
22769891908.80376
14009309034.211369
11917294382.394844
16651342819.786818
22743770197.43409
13022663491.137846
16642412169.01485
17356833683.261024
20731853268.627266
11037934016.18193
21851544070.96445
17501881613.810772
7965264428.554641
31617035011.39002
10151645695.423738
12204226582.63162
14716214646.762108
10703005751.211466
13200150350.427393
12960982361.472784
15995244835.890032
10711268643.308311
12448843386.763382
11087803782.547337
14257939776.448431
9022714554.878263
18095974144.726814
24119534686.763767
10111926207.983112
28353585643.958225
9397414281.594646
23049358574.915424
14566398284.232233
16539767544.35272
10206908352.862577
19868826155.527607
22235066552.26781
28684794050.556995
10835681433.07592
24209220849.776886
10470139067.386902
20789385762.17918
18745918521.292988
9798518438.235992
8520367424.251561
19219907448.105206
8925370300.566963
15393764389.402222
13439076378.950542
8464782170.4112015
8234249455.644296
28038058585.566708
10424678085.55062
12321905013.297369
18913102034.618423
18359109669.793896
20346558627.599606
9434864875.629848
12250022097.402264
21953730158.219524
22444669577.02767
11464406638.500217
13005386284.111288
16702906310.003584
9309623811.739473
13545724869.338194
10418422817.764093
21543419513.895897
11760364884.543806
12334110810.612312
27429221138.750427
13751628959.122263
24712866564.5977
17171997675.05395
15174734705.137697
9478642269.617634
24417144231.687176
9644808026.369629
14686786667.022821
13461144093.912846
14143435268.979488
14164062894.297958
22279790275.234623
14529405951.681805
21411703048.849247
13507944543.573936
6030655411.839102
8737376066.297794
9132483275.624273
12804418464.812418
22200906363.33604
6756462746.077681
15813406050.78451
10771050578.648975
7216020717.108014
16304213674.069273
11947862223.815481
24480629679.781258
10869915211.311525
7483319558.450549
22185316544.57211
14103524622.078648
18445528238.671032
9818736809.98312
18215726348.118164
5196212559.873893
17749793283.93698
10665144764.011963
23452789311.09189
14094004912.292175
13519427269.1007
19156040487.45762
9175641860.793798
12658713587.83032
15807956583.23018
29790491650.7759
7182438761.011804
10745412480.606339
14412211052.561823
5335803466.120094
8723097419.423874
14587530161.903269
15997416051.53067
16446943066.269106
11898897797.318308
5641641265.7469635
16193601527.233082
13624196596.463436
12094402568.112217
22143953216.264244
18753017520.36127
20432513693.714138
24735975098.592777
50483659693.32323
18890341160.906532
18414449082.065697
17555741221.02399
9623577864.713753
7514274291.787763
24816359492.84927
11789847408.529194
12322679272.292349
14576079445.164246
5340324642.31611
10993850622.824436
13501830121.067223
17058271061.752037
12605350451.096087
17883350742.677048
17498442094.78511
13161451642.011992
16222183197.19613
14066402162.224218
12539280131.08632
9511843907.674723
14171534746.473864
10840117012.172926
12452403444.091936
4792699277.575144
6523533324.517128
13771198006.333717
10222092505.959953
18904998184.593964
15901726391.485464
12765856982.846209
17221501904.498344
11399023412.36954
10905062717.679136
22513634934.01488
23157709841.498985
4572056586.462185
34693903847.91783
5954578876.947592
7180978453.404032
10659853878.864004
23401196831.51001
13115594452.00116
22185581797.694458
4173552788.1172442
8041854320.823463
6685701942.337925
17495872633.46283
9206979776.48185
10219275500.839113
10576364309.499804
4693199464.509853
16115918009.892641
24007572626.147427
16520183104.204275
9912077781.400272
13577799997.018929
20995749932.232037
10718459261.050241
16962469983.602825
8181739974.001506
34403878074.565
10200043023.206776
11667732421.662472
29402555413.884052
32975953499.744656
19145302660.295834
28478746516.394547
16852456440.199263
13453305072.916578
13399210787.148466
13684879405.727303
5292546408.832844
9230294110.943396
12579344477.762886
15007524031.736439
27848577167.313522
13993712518.111935
5392937091.415771
5365060599.018762
6797450864.056221
5502844372.250373
16462143658.588188
20722648045.151726
24780037350.91385
34553014176.999115
13227786955.75914
22965959730.798065
20313758916.02209
13969267701.486654
8037714992.520608
7036039849.723969
11733398265.576056
11821093930.560686
9861519215.232275
6162562717.776371
9834819619.329403
13306460277.271564
13534609943.232313
9603543972.801043
31330084639.191525
16488286675.249233
19304730390.604435
21258724648.887917
23510764334.452164
17025974636.233114
11387361955.808372
9931572855.451454
15371203869.50964
12197219530.24479
18095801127.221786
7548674665.149392
10038942234.315014
24942984372.00836
10778222366.699944
23508481010.43152
9958814793.452059
7970084078.087045
7050941508.398363
9961447154.082323
7692398610.213381
10720077739.534578
19662304413.089046
14283219001.781956
8284401659.104715
19039143674.624165
7247211670.344167
22277433555.23103
6388552993.446364
11304782914.013905
9277947309.983435
38333809471.40614
14440269955.876003
32517385833.759052
8670027572.307415
10541832512.622532
10700118733.99636
32536829562.02637
21186167011.77292
28781882101.014023
15406603202.902832
18648906368.094612
7384649103.377592
23992924718.85624
13333428182.598457
12734273549.034096
17983315122.85676
18246127154.4831
15849304652.997658
22709948177.071262
9976658480.426474
34303682522.253647
8112997381.164821
10075018650.608559
20025022316.52958
19459979349.135242
10721795177.087969
12795934415.190958
7885149413.284689
10703321146.235788
7282962960.539878
11798267526.574839
8992267329.16587
14214375780.842464
16091383912.473207
10325769296.314278
22209341225.93831
8939013204.106644
18801061031.087727
7774662943.107556
10296056374.69704
17136817897.851393
13102923523.243477
18676868309.880985
14556007716.091125
8357320517.827739
13699963130.951607
9568869148.451342
23921680974.616512
5401391460.242905
20404252487.807728
22400015886.473312
7717109732.475678
8459147230.703657
12320740372.69091
6579791905.920921
9011796875.570557
11916819919.091272
6331426311.574176
14157967377.003273
12650940269.174303
10900337886.065454
20628825312.164356
10161282247.991947
7493711550.192215
14507335205.832968
8261119927.221567
12171645488.74401
16325136327.464844
13937119523.708961
13245627708.7439
6044021884.170665
6187276455.360103
15307814107.995808
14135399796.347147
17018072524.295841
9789685616.105368
7260689663.238666
21030256812.83422
13249973356.337896
14514885826.52152
20610050341.24467
5364324533.668519
11045853282.31281
20387249528.334145
14867543675.159985
10927776187.038115
26378991773.326637
15231079159.321945
11151797247.04141
20357363674.212204
23633473713.984978
31657799682.42767
11041822996.73983
11963538834.12149
19612264309.269196
11881689879.82003
11037382366.118269
6367339459.393083
9674654576.931517
14535478795.182585
22455118516.002136
23504946850.673756
14447530361.675522
10213621409.14729
20286211335.4597
8799789439.742517
14071567864.918077
19669822634.7823
42687695882.264534
8895617419.983679
24399561118.84494
8124342305.692842
7378253388.114269
17188041173.631306
6426530050.236911
11383928350.5289
14641780688.928324
15359344887.806614
6550168641.921997
18634545502.622314
45884437083.39424
10398588966.06437
34852168592.778076
10212525161.26657
17356565803.597713
38136192279.38381
32984162509.270676
16383087659.06864
22422740075.99587
10224695361.339336
17456254992.238354
11813622216.968271
16623957775.984385
4543038397.565891
7110629489.465724
9796038263.223646
9010295255.553
9709993207.322351
10284042574.15066
4543038397.565891
7110629489.465723
10350426249.692549
13197217939.655647
13158195872.572279
29868738651.99895
16425437926.452969
10242937795.11333
6579589523.039315
12635033556.63384
7681363176.249585
17928259415.65585
6047687125.832053
17036530364.569231
12111542070.542309
10539428020.017933
23929887312.59142
13997122603.309988
12293513594.197752
6536025240.30689
9376477429.706078
11231431876.641445
12175089226.95058
14833164538.639658
8077526533.196879
16242150082.792788
7010442787.971819
21688938225.91624
24007000973.49033
23228147961.998703
13833755469.29859
18176009443.144436
12536536026.08245
13508260963.909681
10342041114.457363
19410092521.089962
9816896843.15249
19137535527.833755
6122241041.514315
11515448636.680048
34231179648.40299
46730697681.33614
20489116967.143047
35236211781.50453
9904367566.714556
17479508715.633747
10980104998.511654
13484948767.049742
21212196756.294796
12589589962.299011
20479989119.679714
11184814433.486088
16816809806.536629
6446706504.189108
9677305033.577837
15567908719.774164
13827509327.935953
9938102017.49954
21031539253.122967
14192427726.950108
6643005803.2036705
29797741568.788506
7613583986.617835
13162590836.401873
11180896688.407467
13731546194.985212
31635616295.92518
12819814098.612202
16088039537.016775
16075920334.20282
10792704195.619057
18205829403.976295
11195981786.230354
19340209178.811897
6577796923.6894045
14055482100.753057
8993673683.971006
10077799536.10531
13919607069.718071
22619925802.47665
6835807144.841881
11897598645.124073
13679521838.347946
12771243989.119919
12179764384.118868
11138535912.091208
26693871731.296207
21153519553.30497
15877305118.75616
20641314253.882935
16021552362.229364
32264272138.301353
21703135905.416443
32329510594.73522
32882019831.9759
16959352625.845644
20186669212.97366
17745198067.15635
15979747529.677855
7136639957.476229
14490953711.197851
14654257473.630411
18139035854.611546
11710723618.471958
8172021297.734386
4382349412.014119
12069852723.693987
26874287544.32296
10585160988.556145
11503706932.265322
14554182703.348816
12712984432.210882
13506823979.1213
17799410610.425457
10965784832.88872
7740837226.033858
12567922651.645987
5116618043.33547
14470078447.742102
33002733229.110027
18811847116.633495
12344595560.112127
29404646784.107094
26460239425.418625
9660362119.94783
7483679627.763852
8579412375.175041
14671388317.362555
5490279854.663156
10238043497.8161
15157151790.607822
13358628149.588837
3934736208.487993
6250398434.247066
8678832626.539381
8974054892.477617
11263257627.531548
24899613019.38847
4684116481.043044
16534452190.635098
12978244021.72949
9025639371.224888
21015723803.814045
9484172915.672316
8236597513.916813
11616621298.500767
13799988113.959072
6010800220.790865
5923989285.652762
15649906511.115444
8783936737.295256
16561692191.459394
7966570705.194067
6010800220.790848
24725143492.264202
25924871771.45416
7745632972.557833
9995316463.808462
5081367628.411132
7124574902.554883
12969101299.80781
18284649508.227924
17119026394.780087
20502118682.61402
7138673246.226019
12714654469.682682
12049180597.558918
18105667448.44624
5225291430.850143
8656959078.978645
11451359093.188946
12876912269.10252
13226527474.03262
12320448485.965794
17437042946.181118
11034846508.261312
17350182774.695957
17820601014.811756
10380861712.848383
6994903354.40509
8687141769.406796
10813164470.258652
11808883541.909285
15428979222.607887
10047950856.766655
20807188102.423508
8776514786.69587
10147131025.993052
8546467069.3699665
5880733244.911242
14468960987.77848
6111385574.597487
8411963201.46255
10619438421.164795
4555344860.885129
13086591233.32206
18216366836.303482
20262163605.22647
8511789529.007981
31630969566.47077
11106189821.10112
15440058293.097565
12279357743.60738
7064531177.519113
7858064949.631096
15169204716.855022
9562450034.600489
12699063898.869473
19560393190.89371
48785608942.47792
9567750983.126705
27724777363.818657
8437557563.47375
13451026475.236202
19527856599.157326
33015398070.34614
19975062356.561485
46326543211.687096
15042364733.039383
18639930856.42355
11766421207.180391
14260024530.544514
13409607150.754282
8782536297.55236
13331106808.607285
9784793941.071932
8702303979.603485
16052061969.728191
12723954495.233723
31126200049.166534
10638117255.345259
17426244827.325356
10727811108.930887
7103742222.852881
13628525484.525187
10327814347.82314
4743045900.15024
10688695793.99123
12323393912.667812
17681696162.97423
4743045900.150237
19844768159.452225
10116189467.218174
9304767038.31489
20608485511.99905
21114871066.542202
7500492974.9838
12074393597.968212
13331312390.82967
22470133069.39
15622443382.71373
32892740313.43509
20861413528.281506
13659513519.47014
6742964754.332073
10838558258.466839
7056771294.778325
9731647560.458069
13477434719.985777
10957339239.34115
14599341519.245682
20097479226.93377
22776018320.326366
8388025925.257545
11012824111.855478
22177746322.834835
7893091995.381172
11242839833.042921
16302413074.774803
26267921950.713047
4704872636.391561
24362381694.777256
11594421665.828175
6333152973.832182
16199937664.58913
12479268899.46892
8363375273.589748
7378334739.171867
12360787043.788136
16517913612.520931
21717757172.454353
17340394109.83121
7714652132.662709
16656055068.638556
23111715534.319107
16675999013.610264
8452804389.12971
12549441989.811594
14007791263.311272
15747025459.592127
10165639408.267355
14276550341.454468
16640054221.8126
19394995064.96056
10012854710.685106
8204673049.275593
11452717534.158926
14798662110.73965
33014462379.808132
15308284282.559261
13373330683.504503
18670400266.46008
8437384112.438305
8876447771.593416
10602961940.829903
8322346822.713852
11317878221.556095
9466474338.294834
7359896027.095077
9379757887.551388
29524047696.928146
21881027762.192436
10619393836.16564
16530786134.246166
8165305075.716153
12306068709.338417
10580027096.462246
11965495589.710394
11189285367.752356
7877430768.387675
15280525070.70274
12359637554.360218
18829219904.346497
16613244904.160292
13800454163.476679
20739999084.046238
8525637134.248627
7740998042.391873
33470800064.264736
100328186610.25652
18997202763.49395
41852773433.42297
10991296951.272995
20787629244.84141
12996732652.420452
11335232973.99408
18861909296.105785
13918045270.72653
13264741792.295498
20820939938.538403
24969067296.79386
20353830112.205963
12933170778.925352
27425204333.547417
11195887174.78122
6987851243.995979
22768435860.744972
18669413920.698376
6903645748.843075
6921389183.717554
18816142947.92666
7080012491.072605
8173326886.953206
22749352836.06607
5526011182.894516
11121319824.66058
8553922519.731992
7733227117.97234
8338775464.021986
14405495898.443916
9311370481.187208
19540264825.598595
12098159087.678427
14326596544.511297
11189771436.420124
13932850513.528936
7178152454.601118
29583368797.560318
13898045667.049906
9308739973.823784
12535660610.730993
10905210710.161356
8669617795.41213
13422530374.043945
12658566307.552504
16264713200.259275
9151492411.319687
15307289494.684023
24799682056.259964
22137943248.779495
12872135828.344091
17200877196.050632
29096268086.47769
17694187847.670547
14627100974.879213
25709659945.99775
14724981248.565363
14686000207.406527
38626680887.927185
11081971636.064953
9841950375.6975
21865017711.520775
15768705162.517658
6298224110.853981
25476352511.434124
13973290326.941694
16860846187.748896
34292003204.35106
20402400564.395386
19132471339.48285
15791982308.315105
38502732789.15702
7025771687.896243
12714577147.337017
15186914422.383726
12820830576.775297
15196628594.873241
17171931735.74526
4372630223.451005
6609034148.1679
9488798427.153616
14860007936.722775
20589241978.65179
10664798777.201845
14856154861.91695
11954081939.384418
8926627378.340649
12559129105.76837
20371123689.980686
8144512296.258943
9646100118.026354
20151294200.48632
12721839099.431063
13124187803.436699
37429284557.91913
18765937773.47166
6829894625.539325
16515156912.746033
12463388470.496653
12139396590.756758
22318763440.123566
26537510733.32289
17824124004.839046
10080967126.670975
9377960302.829285
12602607701.369667
28161047844.961475
15500704340.364687
13029414613.862455
14206429653.903753
10772493359.80656
10660056629.34871
23732204358.871483
11366952663.86601
6574871633.417224
7187301484.249841
15253223827.774147
14642436232.885115
14778962607.449114
29795055815.570942
17947483985.062134
24823692317.76164
14944117171.220299
7282068264.844526
15552758760.17081
22597816611.063217
15504570360.365082
20461922128.195747
7790888041.152924
9617483593.155151
16461147529.240553
7581244089.733343
20751966528.294647
13357730602.730295
20579138450.172005
17476113926.721615
11004768510.504442
12943788175.330359
10772493099.08461
8889071561.210806
16266288747.93461
23288531995.580402
19217025277.05311
8889071069.721924
10353780106.067877
13382518431.906082
6908986364.528273
13373902504.761862
20008293396.657604
6506855556.26898
13322918233.960747
26917572036.83746
13397772023.338106
11387305684.858557
46139147319.35038
37796581170.362335
6610308460.172035
26354855494.788315
12240753937.289198
12655100775.861822
22860411601.82219
15604445974.30058
14286115037.0607
21062301798.14983
11555973747.090446
8228336158.173737
8091986175.037699
16927473838.969769
15154181780.361446
22884620763.497078
15314836609.479122
8243189920.464197
8160684442.786976
18836980372.075592
8099966042.990183
21270009192.042744
15002883197.253393
9452187238.54226
12355061498.737522
14220147337.937943
10317464772.716679
14022978166.307486
15907866290.613865
16568795061.022657
22293747913.526173
29298712263.68531
13258078035.944378
26284985425.48175
16838168570.44037
16266786234.647825
10578716897.781992
15125904832.648022
13578854041.189938
7220996101.329465
8920495579.949812
10189029056.80622
6918780679.354134
14709033066.720823
7695942814.100554
19425236202.970047
12437065636.992014
6489142798.239658
8650394601.018848
12861742582.573223
14657890642.329323
13359368778.770016
10553002081.009909
14572082801.902662
13541356110.674076
21262963150.483555
10232712377.819246
42799237303.7016
8240404485.917271
11756510614.391703
17663225532.64252
19038285850.118305
11369057921.655273
11945577288.72063
11996763695.051313
14092743657.730791
14271337548.426584
33138728245.255077
11484474805.704771
8521737655.894442
8372412634.884499
6280616017.0019
18155085782.480656
32984599900.86137
12857948331.295166
11852337049.567148
13149872438.09452
12874618809.697357
24459055436.998943
20697653891.1529
16509676269.116394
9390276046.348627
9573646704.994009
10969699283.97538
12271652013.204165
7348957289.145752
12311571547.812534
16541489764.55968
8381176730.590251
16452146173.27596
18489803022.06275
20190127560.522697
23696000419.2107
28702206451.19231
17642466198.58319
23478763865.678738
11367661384.856472
10272664458.727076
18695026459.1837
12858797307.803835
18370486777.771942
7669408183.63896
19791601605.11439
12004546008.25742
17809950591.55508
21233508552.798016
8874430645.4724
7429431936.881306
14760535462.124784
12821585700.14377
4963839498.571002
10845731229.71036
18361617456.683
14136314532.80591
25960948323.35463
6921987377.31086
12980159020.876898
9877308817.13072
7547926442.570572
11559157223.867523
12755166025.417522
11458362777.597744
19270903009.636703
27664040583.9077
6107512416.883502
13362468991.244377
23020780504.832905
34637408662.04312
12317751512.917116
19888824720.314415
9192092278.532204
11511537574.012276
13992297020.834068
14224443594.84897
14113054821.759203
8553358117.677265
18194013757.324387
14306970775.108463
29900203022.573315
9818352055.93223
12962405680.701899
27619030789.427322
16991571415.802122
16255736188.57312
12376011220.11289
11554282435.59394
16202296011.509012
10077153796.211866
15000811346.905142
8441315204.951088
13091926766.876596
12625037292.059727
10703588907.102495
11023806625.576668
21247010935.498352
20513601606.83756
24803740444.413002
17502060208.113293
19601925803.208897
26827484275.278286
26881729530.110657
18045983951.87727
24910192812.91452
23707909895.43704
15394180576.745068
16556642882.240204
13616028410.032995
14922797311.64149
14935953426.628235
19307402843.040966
13400263130.140833
33199818516.058838
7346768456.8987665
10830579525.569578
11554282435.59394
10077153796.211866
10120329101.243116
12376011220.11289
15000811346.905142
16202296011.509012
12400429621.568968
29198087782.965836
13823558436.9448
22999022827.41587
10072808726.925045
7092903284.217214
11803813500.366848
10741390774.989168
16454708897.955381
13512807378.237232
9826897357.69693
17632259896.211304
6637716707.81396
14597968806.912222
11155644368.422758
10678504443.756645
14649903547.580378
7127477011.648661
15108696926.616394
6613932769.532085
8480168101.458296
11214891947.480074
5802932992.466482
13322752941.471394
26033480618.318127
16984057861.453276
15924788665.657623
24069632824.88854
12690337847.928509
20375526759.54464
16494327433.42019
23200713333.861202
15266439642.666864
25916604099.06771
18576685278.258995
13788041075.19861
10438844716.965132
7073870357.009104
11248962425.940449
9768098381.937277
10460673179.420868
8372573585.674701
16268301376.615145
11824304282.708296
19429936194.842625
17853830237.00774
8543365482.478196
23551391807.43401
10083039218.787159
12888032783.199858
14080205994.157877
11661594710.401625
8795435586.979664
16287343872.637657
28771737539.78868
31542818317.555634
6980091850.351958
19322153001.776325
9879701971.358027
10290026196.487587
18757140230.153755
8456362899.8225
11675411711.941896
12934789636.702198
17901487089.874893
17298200019.99594
17002226379.51736
12691159568.000322
16796719075.17872
22659322791.95807
12442954750.18337
23752795281.484833
11506153687.405672
21582625314.241924
9843933117.106901
24956643364.059887
10044771805.341413
8736391069.551414
23512418964.28825
20565259802.60932
13345314559.373875
6854304920.600883
13568224087.106218
11643795239.251583
16686821171.914524
8015712320.641047
11116408785.10374
11001841623.45811
7373230830.974067
14562349042.951696
10745262680.19922
13196532888.40308
21409370447.36979
12320324016.92194
13114087040.644262
13626279633.381748
15518226863.70772
33638432621.958717
10828465181.93949
16128665885.52186
7074324352.754432
6534086194.379625
12518436299.031553
8461222603.456393
13797443562.00705
10750778185.08861
13435788582.069551
14329402516.402243
24630525524.96528
18015630266.93864
4358818497.176561
22747620104.340874
8744173126.370117
17597072863.215004
31360594812.647034
20768859988.153477
16750645558.646008
11853343188.368752
5203017074.060771
11353665685.326756
15914822857.194536
9589774334.14389
8471617347.595963
26643894755.2717
4483298138.643087
12582210530.79604
10658536107.414375
19210856628.941128
8029074157.468258
22242415642.577362
11699036350.704584
6721722480.2490635
17869010731.857624
10098776252.676142
15997084942.609526
16569785556.689314
8701691141.557842
19790011795.053467
13289997866.785257
19310197550.323044
8336372179.963298
17210478024.507603
11049164894.173435
7318692256.960378
18394266596.962616
13228774540.159864
14000984603.480938
21001671832.09025
8684176607.046213
11935091571.587088
23340006907.601536
20954656070.32735
9734283307.308012
6398233818.273595
10542237706.444302
17681526429.320087
6515772447.309146
10556435791.20351
12728865029.725647
12545617017.205564
4974067473.603172
4389718246.852108
16148820896.205406
7104481694.050441
9787568684.094006
12164928754.50521
6110300232.851892
9002505023.767685
7104481694.050429
9432467485.86826
13185807726.809618
10589863373.41559
10341477350.985554
7293718804.708007
5938188936.253195
15742291627.32061
9409304023.099268
9195015220.129744
10808780910.037685
4924216277.598387
12820765299.919273
24453273093.66313
14344377814.317354
21044662575.82293
17910344275.29975
11235390448.359468
9989926999.781343
20127088935.44006
11102821924.051874
21536003607.18485
7199747134.003832
16269588157.163054
7705522715.2620945
13170416153.015646
17687163344.79959
18816004433.28504
6885948210.162138
18361152918.80949
16133418939.75021
12639145697.65549
11190840605.33196
18608771236.1805
8986315097.685873
10408228505.042028
11422806277.352762
11052367375.678984
8977524779.1129
13609796404.156038
15796971719.959377
13415816538.462519
55567947174.98437
63194331994.32795
15335283241.837408
24947061039.21187
13286743854.934406
17423482153.40379
6627603520.484008
9126971573.952337
10135076543.784643
10484456222.565382
17351720122.027508
19813588367.273956
12697389357.441315
14426421163.61974
10338216314.387321
9253693381.443098
13389671801.703741
7267333106.681947
15976371533.37729
25493820935.26636
28395893984.581524
18576311972.11139
29082351980.27011
8156888794.156587
15637769419.97315
13488802055.570587
9278827353.392805
18502555228.82811
14151702826.328014
11225642589.963364
6058510101.323236
8471558957.941837
8451599424.482049
27205594173.784027
7599157064.236549
5476661781.173001
9199292823.055979
22140161956.485996
12354819375.401196
26609298996.58724
20715519462.601143
12133752391.401852
13569932425.30272
14322741817.649446
10138524873.37442
10162733928.667957
12950167394.399355
9066464891.227158
12583214728.11729
17387526790.46979
10184431119.286766
19765754570.37155
9267719337.210526
10075911020.465734
10953991384.434792
7075458084.463278
10646137865.851742
10155991088.445827
7796889046.0799885
13574262380.831688
6579557293.463228
14543822332.018013
14521541665.305563
10813880252.00431
11057899048.498404
8884751126.505686
11576923245.87749
10210155476.627829
9652333211.83295
12538044503.740402
15332466613.760834
15218721598.713015
31039597768.92522
25288457112.988377
19414103343.11672
38150760524.97302
17351649512.853394
12920402958.686234
12731061419.480703
7701251165.599294
23990467022.356697
10772323353.123013
14586287321.992872
11043823855.965984
23844444364.304985
9860971764.935907
10080318374.858524
12350483993.573025
13064071163.490295
9089068635.448187
12778183161.333931
18876062626.530025
9241308512.183367
10807040343.700745
15054298566.627686
12726636269.77462
17702868073.762047
6842016678.112423
16695134797.172134
20784235848.904793
14442146917.365358
7971812413.7550125
7429069896.470241
8775810938.537008
15024594495.312908
9400520169.273867
10798690604.600481
5376700796.605778
9763056955.63987
11215148685.457405
5035980665.305808
5880791934.717909
15396493684.590504
8993035900.86884
16602223088.900185
25573991040.5452
11750319622.358957
18421477851.444176
6807629669.575524
15001794986.725594
13764632580.461346
8269582064.898482
16341858703.17352
12323712082.177498
6240104974.09357
13259195642.181015
14569655106.985043
28527275286.432
11204267218.30109
18662338262.049473
15784914864.679619
8992741760.875443
16221905799.171015
53325662587.48802
11474293941.157982
28470385875.46291
13397346827.902473
9004437542.650063
11682234739.055895
10306468987.082958
11257863813.84171
12669196490.455322
15968681109.483631
37965789370.78957
19309280460.04128
21952168823.28559
12538032729.156824
20099243735.181484
12154107207.666346
11228734549.58599
13724868970.406277
21101976832.324974
7711828256.861346
29285799232.19662
16104867467.606195
12388439309.166542
30116348995.163826
22296615920.36074
11638204184.973442
19748153550.638557
17909092233.02332
18908064160.099358
21458652557.560387
22371562401.300873
14971487900.78236
16840319122.69345
22214446343.20933
8058382946.227088
10091659308.422132
12393825811.96076
33154299853.033047
11570914153.678116
16243523614.838812
18002361948.20524
7713702110.165839
9614483481.951944
10499823253.98452
9790391266.500387
8364915817.016796
13718617365.633665
7538238963.3098545
10804230926.670446
12051523895.53062
12971508856.190187
14861773809.89203
24443567208.65871
10015649105.10314
11425209837.154537
9910151527.496649
7808155158.261655
17489780254.867046
11812467416.301086
12330670597.439537
18027738746.218563
10395393833.143698
7784567899.614408
11926421542.494415
10323713128.637888
9092088868.625696
13104085518.51769
10924233743.246717
18613962788.330486
10041690915.140985
14355070764.823645
10949753284.961416
14171155093.61226
17179309969.51625
11990645797.65444
10986600939.943449
11414722913.97334
9072798670.47039
12294598967.94817
6059233234.70379
9056798870.80134
15843331928.898895
25372010614.639538
7030807430.423691
15210989145.848259
13381589862.132544
10869690099.794163
7972221457.483632
8958783506.396076
12544580197.223106
15699373105.370518
11597110869.69784
8632983703.544056
16188631268.520763
14416382247.018707
41645555151.9868
14730624269.568777
8950758157.595842
19948615740.84699
7771477423.387894
8287183793.44509
18865754043.71776
26763631801.738422
12462167433.754948
13420116511.465485
18022497549.569275
18709265416.707233
11231306328.484106
6634214074.954194
9524950040.888561
14837861351.375006
9916197636.325003
14916623457.765913
6576425444.254764
14702180062.223173
6605632219.08127
12765751271.177113
12261377135.994457
13520793530.243763
5639859552.730879
9125379096.797237
17932909768.76696
9402978414.027044
3458707064.3522415
4333279797.008076
9094713229.363335
10482626891.019577
7418775568.521065
5639859552.73089
3484856776.1538644
18732063266.401814
11136219496.059637
9558245622.801216
22084654767.856613
11687997689.837267
10678695321.839588
22874232918.279427
6909122133.715738
15040821854.485983
12117426070.483047
11060138165.59973
10819963737.206936
11111207845.137693
42313005565.101776
26275757790.11316
15199995452.37535
29589548328.74054
17902345799.669624
16705754501.137356
30101018603.091694
11987062949.356148
13316400761.5994
19936016317.398476
14807098847.745953
12533257952.949108
8415221592.144552
15622413366.944445
6176586822.485027
19887212942.109425
9010200808.112803
11958796596.372139
20509884427.84727
14008282748.615496
11372904151.04513
16787016618.399296
7215718597.882743
13034523463.03841
45136320617.13639
42277879780.94221
14198624872.933891
37388122399.685234
18570105702.59458
9818798660.958233
25275114624.212044
14021715619.094532
12776609893.971235
7795322379.077213
15795130962.016745
8680997012.004166
6736238755.062066
10785115848.191809
9388703016.983355
14952663100.916948
8733796072.980326
5506761841.721326
13295069794.366861
29702242336.72864
11996970956.554958
21568391092.584953
12377590870.262503
7921091121.358019
15153538367.554405
5921558766.475088
14952235475.43934
7756937287.336541
5757823718.576682
3687332273.6517673
19929829320.25686
14634726841.263605
8806184862.069157
33913654498.783108
13276832505.055403
10072526836.051891
30329347871.900337
33641817443.232307
13236281528.44581
49640227872.459946
11869378412.792452
13699389545.853588
18307062309.462307
20502616133.1949
12193246968.165323
5882005348.174347
9717133356.631157
6671442293.1924515
40878409511.701294
20866783150.531654
9209393894.573132
35702054986.92697
7761217553.676196
8934706247.219917
10470708274.231924
12206326974.864275
10904396651.292324
7224265014.002535
18287841326.930737
12623321630.821962
14747703831.691223
12225018036.877934
14543072636.776957
15347003506.80033
13135506409.215322
9842571225.668627
10008553553.70215
7204858996.6910515
8123416530.614315
9504535993.047415
9422551260.50901
10238008691.933052
20890727151.796
16372660326.781101
9968470676.039715
8851338688.816103
18454472515.74498
11784029299.993896
10742695878.46176
15297416077.984762
5639969136.676072
6492361398.79214
9351775411.996002
8935165031.60272
9873682181.894007
14477468824.820374
13783364117.3647
16522968432.970255
22617862507.683784
10963834823.244364
15998272145.476122
18970915618.786446
9272708930.178993
11680630934.845728
13861213570.684458
13085384036.148336
25230291327.191807
15963026116.117538
10721891902.399252
23079030190.775806
10929456574.383757
16191845016.752317
9612350652.68027
11802245799.561127
22209666297.507313
11021350119.292145
23003713903.006542
11878136857.826704
13283306255.369587
10974759866.04597
13566950390.451887
10815096770.20123
35676347105.67051
13937188949.29638
8175577279.106521
9904924687.676577
17296427987.49609
11344680972.12637
11729208783.683153
6205803700.174883
6979413575.042185
8638327802.04649
14789217002.545483
8952491184.722717
10284024788.353962
5249713615.411343
19669985434.69966
7709674530.214385
10564746824.065931
20162026603.838203
11371490036.727676
12472019570.03921
6507709122.910726
9298888516.521997
10930884427.675085
9654226348.330666
15224866112.84328
4979843654.460447
6507709122.910723
11090131342.216742
8892788861.125854
15920127518.284456
9515598075.06522
4979843654.460445
15301672405.566023
20056435958.39847
8611347583.667725
9680717525.773489
20641407981.905777
30806504621.0716
9141537266.522724
9834742006.524883
9210997098.12641
6499605342.472049
15205907218.11451
10917272650.361532
6499605342.472047
11297495690.8936
9503748695.185663
15650734895.639395
8881715039.746166
5907513984.7358885
9133018227.327557
20193693426.605644
8594304421.450352
26408117992.024166
10286087293.80885
13855079274.126303
10155830821.656303
26979632407.896774
14655798864.234495
14453925646.927874
13760949688.620369
10946005497.085836
16990546226.112305
11554642593.23929
5695043001.728669
10394855988.810436
5133294353.4022665
8782502632.955381
6300405312.032514
10961700550.994312
9542424252.368408
15313372594.273151
8944485174.667362
5776395322.1538
7897080014.762152
14572524308.249739
10346939614.56987
11450888679.87206
11972459655.696926
11086539761.52809
14159157493.121544
7563672097.367637
3285674861.8137755
10278679586.62634
4136330545.2497644
8757882378.880808
40127875190.19863
19620853912.30985
15083811644.265627
18901468727.1787
10724826047.47686
19935702113.815403
6215515478.098368
20641796545.083023
9725239065.607061
21053311842.786407
9969037468.747538
5876472837.192786
28019803181.173096
13071583161.420103
10519004751.909513
6052610001.895183
6208051199.355848
7668565588.001453
12197219530.24478
11387361955.808363
15371203869.509628
9931572855.451447
19241587382.56553
18095801127.22177
6551256298.908323
19463934688.41949
10660467026.068043
17938837221.604195
12773179820.202833
15187541010.036928
7470342110.760286
12300192167.990595
14894387824.41782
13169738424.037655
17895986776.94698
6269623426.274001
11727223840.527372
12530808178.080757
23468750499.62455
7719212675.427967
17371199530.604977
11565481489.466272
6491546205.379148
11566127271.67653
10068592265.386639
15823067082.333906
9242195869.290834
6059233226.031281
10515165886.510496
12508700422.344885
20646803230.58771
11416414160.015394
18449272746.241215
18775204289.14342
22831110059.14327
19015539092.251743
9547416680.073198
14561349508.517262
10362253646.436295
11222098166.222359
12835010504.22241
11754232706.796875
14022279030.218483
10044303100.793264
16220336587.263405
9167726777.559883
25042662750.71306
16278690008.94019
14686746329.553297
16611191549.610155
11350401286.016174
17228934357.305653
6661466573.25944
16329009216.497162
7180222258.681088
12997170514.940315
8243290880.631315
13463416025.50971
7156165172.5321455
25173423641.522896
7632865084.344842
16775809444.804678
8143469975.098595
20803657336.17474
7738506643.285021
19906552998.62944
13098031670.978785
14141693574.08826
17236830111.74677
9216456833.131954
9673478249.967222
11882413275.301594
22452388231.29928
11091433706.639288
14533711447.779146
12379907121.592346
16026892604.269041
15981695275.23996
12266847397.462385
5739984939.943783
6542075985.584506
7277639703.272919
19498728201.01991
13632386593.662493
17590153022.033573
8263963977.370763
10230186267.23327
12389304666.267326
27175736603.124638
15252895799.129854
10264905893.595104
11632327918.542986
13463308196.213097
25865817555.399406
7265298412.877671
10655208365.108747
18606607318.09162
12470895916.155693
12893596768.350126
7162754418.86497
20336696799.412178
23942632406.021
21859921077.79152
30358697026.621536
22017888157.71723
10377459157.5393
7625766433.605465
11094885283.055235
18994957106.23289
11682954250.802824
13420598650.964529
7162754433.343264
12355246910.51112
17865966414.39605
6828406736.814411
7099613235.732027
11950195202.134018
10231074990.459335
22506862618.243134
9763948219.016344
13087048960.349384
14218742579.8003
16028497360.85871
12819302817.06777
16356308161.734564
21412408726.534737
11673596379.928791
11175400259.140959
13045162125.075836
12616331790.782333
5045271581.867618
10904973126.403906
5415882635.165333
20607336786.48108
6944816335.621605
3331160501.816925
12049338430.705025
12670873391.601244
9216456833.131992
7159452245.883288
14295028652.87752
17645661837.741375
18011568147.222893
13652746281.98395
7225890325.025313
9351806100.74049
5201794021.300196
14037704111.44199
13237161911.129894
8599018746.837572
12974030562.631332
24791408135.130005
18124223358.59634
11272177253.469215
9030911549.697947
11739008017.290955
10253590897.641872
19896928417.06997
7765267430.301568
9984826446.407557
11282532204.637592
15481960587.26095
5916125256.392154
6352624251.6833935
9821715931.46608
9042956807.5244
20964850345.35667
17258660548.366158
7413156674.501785
8669991824.566254
15507443161.348269
14753146777.087934
6582058183.006731
9297267713.757607
15917352628.936634
10439995676.995956
11992770740.255133
6205803701.565684
19384505809.935158
13021793179.150875
5856572996.146819
11359453339.282434
6497471751.977932
12857482983.020878
5425952788.545992
8366876310.706888
14306777093.696579
8863525212.654852
11591816029.185835
5103003028.866361
15151525799.685463
31796653169.96046
15320843748.473942
22742212769.299427
18399922502.141487
8491123836.749859
7354456680.229876
9993330476.99226
17450806179.839027
11569910563.601301
11962072529.183264
6509666361.320184
11086207610.436348
11258646469.248232
13994750994.908312
8239501803.93327
9822823803.866653
10364160938.913692
10570671946.887655
32463649329.75627
11760786932.559286
29362920004.928326
19071572664.798725
19331903030.821102
40460033580.52962
42509802636.19507
11525120356.47761
34341008715.86261
14922886174.185144
13781920314.044764
13386750114.56337
22457954844.67224
9046811133.82724
9611849786.284733
11337631830.975979
7790833511.58857
9498244053.401697
11675713210.155552
22580971801.35924
10782656471.081741
12134778013.088282
17212537282.118298
8460439542.489053
15186076913.764105
7885503427.88768
10788908593.934208
17007994333.799646
11624948768.151114
12865829975.970037
14426472735.782993
14360946158.319748
9020732609.041014
14636481007.335032
13660467308.617428
28770256490.96325
28772840899.751446
12067298535.13736
16015719354.135693
13706539447.400864
16819339646.738869
7891808430.18638
3885977870.405184
23549067713.52618
12944316586.193285
11687557628.034586
12078846478.998175
12739039051.22346
10721289694.447542
14269038727.232996
10246774914.144602
26285480584.791027
20289977663.04088
15713082187.014687
15944791277.014887
11420753814.257332
9031561954.528374
17244498695.50429
21433195862.391243
7185600272.139306
11904018491.777773
13714749068.646124
12567928745.478662
17528970709.995663
8996780422.11005
19745483348.23962
13972606813.578562
8996776773.947287
7765578671.903392
13009528508.989313
16534722274.443237
8515625548.395239
14256361283.55849
12668920031.39686
12231392675.76909
17037359224.66848
8478585285.69058
8375356038.17484
19014265401.287952
14070047147.53537
16247627423.959604
13796887149.081383
6737167075.238557
15312370108.155128
20601417883.900665
10110813945.141619
9520881798.942343
6381211755.372263
14424271201.567236
24438263388.295506
26605132623.060375
14525419829.325518
16043932867.693424
6888556013.606477
24643336086.927933
17751953851.285725
18893044431.131096
11779329519.687626
8985364765.540537
24300188739.08545
13904797089.681196
18119158736.15885
14977456760.376078
6422647121.699068
7505669252.047482
13474786964.08975
12744956923.628721
26019356842.763527
15801648260.361738
7159174306.599639
9001075005.450819
3475241053.037482
9502020116.300917
10947607690.022448
21529215237.71705
21459405848.868362
25780024547.634254
23145303684.735943
7067119797.761326
24865711753.548416
16902277629.408268
13157858325.958492
13559237188.077057
3611605962.867178
8046978173.70097
11874958312.44806
8870456318.34501
4551605683.379879
6454811855.001195
12185341383.126955
17309088947.86169
11950274397.853495
9848264920.386105
4551605683.379886
5971813343.617512
11017541540.085793
10382441215.38588
6577325590.401232
14234541530.426756
13261070864.298956
10570951876.84538
9366861311.897243
12079981156.438454
10202156297.479416
16737719767.678577
3909200060.301496
4556768734.457821
8322143423.017201
2999925397.231673
22509143855.23115
10547958250.2949
3879866156.0643835
7957235895.925966
2999925397.231672
4860933671.559111
14921615909.900059
18396215615.319748
11107878286.545128
5509558139.420657
7409244405.349336
8169429047.471431
11076025346.469429
19545503301.220215
7660380646.507462
10534726033.590658
7462233185.561879
12834566906.005644
9342984489.836338
24158027090.474022
14358855216.587015
14936519573.641586
14220581205.879677
6809564171.841093
16723583807.23365
16227122866.8474
12901028166.834108
6170314690.910308
9896540128.39299
9654514688.376163
28929286367.13923
7316520544.118342
14337779572.894596
17071379778.991375
11565071598.61757
11589820162.377872
9455839054.742401
11612958639.280174
25187865478.02246
10841894188.493801
11412235788.272161
16793923822.493607
6492404588.640567
17398176009.524075
14165597509.761581
16206663354.761005
11773029603.58169
18346753033.865112
8378728901.942338
11298632186.745277
17935475947.987003
4084005879.228913
7714325893.7102375
9056340752.042173
10316139127.525808
3870282510.7610807
16187478599.125818
8909447546.31437
5671021088.193105
3511536239.2517085
4373828430.461059
17329907202.402916
26505447357.458527
6732865005.420132
13595240091.140326
15599277467.66675
21085273535.18554
8459001059.377555
22966711849.88656
6089489205.842332
14323322193.797112
9453133378.787169
11975574522.051504
18598335363.81164
11258530846.390839
6273337677.341852
9466891332.08863
11331871233.39001
14007063137.106903
15422928621.463467
7604547744.5348425
7971684807.648
13203427772.324583
17976361165.242588
7375182255.854799
17787651470.70542
8915743643.686949
14908344346.880241
9816385599.26212
7604547740.066403
31441045296.663948
11798761669.994127
15279473964.104855
20272081792.27051
19302037537.751144
20519535105.92664
9163034344.449938
19516328621.237976
10506751618.25297
24576809348.02294
11400319149.030886
19096272907.434376
8090788759.157215
20273976015.671696
14996559047.41089
16628564424.934639
14199538838.56923
7238070138.644629
6308395758.689257
15815914437.40852
9981324038.954071
16128025411.410088
14412107938.930536
10681862107.746668
4576073866.824225
25770585301.25013
5883915223.758024
18668769151.26834
5582753794.0135145
3380789525.5161605
18274461263.23797
12842039026.456564
8357240889.496582
7667512847.924224
12974187776.795351
9537811571.16554
10941976189.727516
11632018108.918768
8357240889.496589
7093770750.593641
16655358440.45567
17478819404.28837
9108386475.819376
13309107252.4963
14809314555.225088
13964040736.724312
12413204794.859787
9747801255.970295
7318284324.035881
8238725548.948735
15012116662.392864
33443483519.9815
4857479476.033056
17696843848.423058
6168235700.041501
23519213788.29389
19892940644.38676
14553377244.867552
13643915192.731457
11333103764.76485
5188661851.808846
9512306716.158247
9200457336.38511
13852265932.845383
7932600356.425614
5376700801.021012
13033750154.781212
14929602244.921963
13841906286.56149
27607693490.572803
13238677835.154161
23392202664.1329
37122910926.14456
10475006908.555834
15637129482.001514
16128664156.159216
8109303003.681616
12332348873.359411
10475006908.55581
35156627504.274765
11340953392.714375
27950340372.30919
11259587855.829641
26355269478.23498
7778088226.493188
13050649062.735964
17840978318.49131
12707375163.001001
11550579751.997225
25845175354.515812
7395730335.406056
10757148762.046825
18416736550.89638
11101804067.570005
17441469441.08603
6509666343.977477
21624663016.227108
6923400669.953111
10842773762.161636
15422706528.728065
10379185252.872429
26153782110.365234
19718462293.710014
21776751572.577324
11977585454.809233
13771279661.719828
12763459152.508493
11998258877.59115
10461208595.489925
14929906900.043695
20980955804.56601
18065478733.950607
12099454157.64955
12466102525.66437
7724016783.713275
11122985793.245289
19042906384.287323
11311891345.448278
12994248757.363268
6993583413.5574045
19417288232.82716
7153440845.02527
9985988817.810905
27559732732.060917
9635975520.295385
16386545415.278362
16206600198.724857
11266854315.184658
5244421301.58827
7626561101.935828
12532333209.287422
17587269585.789505
7055883328.2129965
9599850257.10481
14585658791.369455
10315787933.776358
16883553147.833813
5244421301.588265
10785213032.644592
12397740213.30051
11434502509.218725
7382616939.355713
19435871496.728607
13385820636.145859
23856085255.16323
25413639491.43655
11274481555.82209
16279907630.144653
13069459716.75464
11164411295.606894
18437101762.317486
19796264398.470116
20231717641.773254
10572115369.274998
8608333544.037268
9870159674.504358
5252230793.569494
9102681567.482622
9105573626.136236
14043929205.121162
8042357716.653844
5249713621.68549
25713753482.278088
31656931301.969353
20561560824.629013
39382072208.85383
19560901114.65102
20842229794.595345
14908236734.967142
12971416528.77432
12470938817.143137
6552473244.59665
9407760992.69337
9098270962.718582
7989972026.709047
16880687795.76793
14318107974.298395
11607567836.27275
20195855342.079315
5824629412.986646
12199651177.975712
12855019454.759377
5824629412.986656
7392101061.359739
13999668973.724522
15637709691.245989
8593055193.551998
7777561607.139407
9252102880.13501
23646560695.596706
6708508584.943206
4037211985.980763
17893177780.14532
12489516585.710207
10685235855.08005
7960520234.647177
13245098306.800846
10903239038.064024
6294627710.222412
11738864299.027683
11233607197.046375
9063383474.164381
16905968239.451094
4463506330.917379
12210185767.471613
9735398006.416594
4463506330.917379
5823615404.666777
10760948072.690647
8678539315.925941
34806866385.91522
54869125221.918495
20755176330.685047
43653373320.05705
16100686616.530853
12434749478.854004
10528334078.3731
8625421101.183247
6741449191.376357
26026485183.163868
4443539983.9768715
7383691080.270482
7056855547.491421
9587619176.331522
11856065921.026154
13613950512.631174
11768110813.72783
11525862827.195435
8151510190.491048
28569444634.245224
13709372386.964312
30946276337.85365
9506096487.467405
11159852649.971655
8282461838.278148
19650808412.740704
10533036147.4387
15088447160.092672
12404379759.694445
14680892489.354818
8200263734.726661
26387400473.43313
14244614315.667818
14923134985.841463
11554082611.344606
32291093360.75041
48798838583.39456
24605278458.46357
8177418532.00547
41935933510.63584
11843302439.163937
8750126457.630014
5424803927.365373
13904294134.957735
11129504412.50794
7483311311.229062
15008025471.325983
6651235632.176176
7953283652.340356
18431860926.64358
13362419357.44765
22832068439.03318
11071857343.74752
7832143692.977292
14668237053.126743
19682534722.34351
7829689414.42055
8578435504.654778
13605104186.702677
13581652856.054688
18648113476.620373
15106803790.018484
8501681049.37324
10083985717.791687
17754270713.688457
20378537199.564186
17158110470.806805
22078916614.637688
10019876463.575342
12528023725.900175
14916584481.523472
8174828373.061814
10127479011.853668
12852628300.563269
20262222309.40598
11754681681.022741
15066916809.770132
13931888342.993555
24023711150.248104
45190742086.51489
10180908436.362953
22128053365.887062
13506139822.855457
8579961523.334619
22153020073.722466
20238305283.18036
13479533218.57629
16405759918.952648
13275047354.380604
10742210193.234026
14652389977.866257
6057837852.969513
12971927032.23912
10580049026.261433
18661754164.077015
8338257908.553365
15934810707.352613
25708870341.411266
8790211353.698822
10782042085.788439
12880790083.581491
4950144169.951889
15678313505.732986
27233133982.16928
12960655597.106714
34038234059.02743
13012844521.558075
7079422924.5213585
11335493298.413788
12266998714.241076
7335458685.647094
7870030565.785963
19054091239.253685
13830622950.416979
14456533241.49867
13917222379.892538
8804834859.365099
10839183378.065838
25996644384.210236
18241789000.761147
18889319439.743507
18469237593.08222
19521225304.44807
9372320363.611214
10746133155.299
11510387191.088398
11510387189.75935
32118534799.285007
9372320362.52904
18889319443.89442
10746133157.780771
19521225308.725555
8009286094.631474
19007190904.34289
14059386437.322027
15292607339.111063
13072513944.289623
6578114994.483589
8483602218.113174
16839433184.644835
13368543316.038338
18772076836.57483
8499763462.209427
13758572434.358347
13458191752.851732
28954071814.040752
13474306579.239582
8642002843.475101
18674403879.93703
16515862544.636763
17362321893.481323
18791426719.05673
14181206533.600674
24981556644.89606
12022269995.403116
13812559133.042048
19817060497.926056
19119878561.306988
18471340493.92507
10459851020.815247
11203744963.025705
9122637259.932465
14410455431.531143
11957627180.543758
15342609999.285662
14433256785.71496
8139483721.998731
18066813789.66724
13455197447.070765
14775561882.01973
14662601711.524057
13462269808.339252
29549681281.23139
22741202474.44412
32053948042.638256
22571837129.072594
11225239435.02739
12454913127.85805
20810919190.67498
16580929355.990746
18455443913.78922
8737670507.73584
10730957413.991095
20074011694.75095
19683324006.593575
10018455099.744326
19683267915.35464
32123378815.911648
18990792921.790356
9153431408.713097
10389232553.068468
11241564047.514244
24266194785.581684
17435422352.314156
10896504002.838863
10079191932.23916
15482434530.61865
20841194315.229137
17942247988.56535
13455741392.324787
21212078252.88291
6343335248.2200985
8090553663.9530325
14498436330.363434
19918317732.984627
10866743526.322088
9940751999.37807
32105705110.845203
19530660217.112972
8694888493.50753
19971001338.25757
17448285570.575024
6407128329.852185
4873623904.12557
8467916239.44997
5222492600.724109
8319140597.914647
13887097705.34246
12089052909.445631
17786085560.824318
10388787815.014269
6828406743.066953
19091011021.76095
18680109544.45894
20217894174.52674
10277778923.485111
10769844008.299496
9878296855.357199
19418392062.300014
20121019888.517513
24555040684.55925
10139573819.385326
10860689973.508966
8843305104.48808
13236274034.663357
18360276261.898987
7492417660.166759
7525475431.412795
13947716356.752008
27605656820.284897
8209511772.459257
10082312115.33139
9199112269.282518
9412877838.59428
20647685661.372017
20203279415.34059
9616953236.380156
10376036153.110903
5363560316.22345
6703205677.80247
14872740873.20794
16809119027.755867
16301253123.390821
11286927306.412369
5363560325.632672
7245358900.991871
19470288492.3566
17933430605.54271
20464929194.163994
9480183419.967087
8268212838.393284
20263725750.584908
13603929136.171465
10154404401.04258
17002976421.685839
13900222961.663754
4807986094.884132
6645282673.390293
10639541443.85296
13916688478.232792
14333585010.55095
11541533986.224741
4807986094.88413
6148031675.054143
10822695498.029947
8119069619.691027
7903537227.573963
19209621189.573704
14217329370.554552
16458186524.195839
13525785436.691841
6897874079.742071
11698120399.609941
28681542470.3348
18150694284.892723
22326869971.764244
12446688620.844713
7592376465.850961
17023026865.054943
23797671319.004055
13167953695.262247
9397010965.69766
13364587429.250305
12407769327.179108
8678143835.782381
13329361256.845087
20800685063.081875
15533560495.090769
14578403451.886398
13169955506.479153
12096498117.119408
6081977252.76121
20775485558.03082
11754336651.485313
11939148307.049234
12483162900.80718
6949339900.922286
18686905629.87419
12035199532.06177
20271002358.419643
10338505762.155989
7491629835.255197
18580929907.720272
4393542996.349009
10167729769.956015
6242513744.587266
8219318799.965759
7008550714.476716
9659024618.950565
21800103560.373764
13240490846.732206
24051521930.428947
41826287639.04346
17860044829.682293
13160273203.613523
9939819987.11482
9498037777.999702
6181578763.553923
13385916377.890692
8335094389.457075
12266718215.68276
29518380054.17906
9563483685.004171
10548009230.232857
8894601360.897589
13539437641.297194
16619307670.287085
7824121219.420062
3929708748.786612
10197520718.609453
5583480324.856383
9401401233.544283
20734040267.369385
5691839012.907421
6109945039.024212
10186379266.926739
7083114740.237516
7834816404.855527
34745572260.950386
18115642938.48713
10613851415.340101
20504267905.568806
14153424099.87939
18560775109.406258
20400444658.58701
19961359853.791893
10705781346.483383
9300165478.443626
10142669680.078392
8258657854.496729
10705989192.6787
15003942086.840462
6737236128.654281
8146129018.378375
19079661245.366516
23489579352.456844
15830976492.09655
12427493455.035307
7604597185.295892
6302787035.376448
10437571920.76097
14167652583.10939
5831164186.556062
14061491768.181746
14598435122.201468
11749666168.696613
10588765320.121548
7604597185.295891
9962007101.087599
19087484016.026264
14599086350.853077
8301472228.089394
10412492555.202782
11580523384.775784
18807013803.38542
28901396941.177982
11725691625.768736
29196187591.99956
13841480749.815378
15699734305.547075
15010619540.343323
10620212370.350208
9582344746.685284
6797065526.810093
13332521756.667002
8836670275.841358
7395312893.395074
18552029875.961304
10419915611.394268
19482392259.20511
12846340473.659128
16394256331.543377
9570136497.905716
20171231111.4381
12494490044.934332
27184011870.506565
26231194766.076378
21331387064.527157
14260018754.611439
17295841500.071247
8754498017.910187
9747256361.988262
23792694907.248405
18407613306.80116
13515969628.763027
15819141454.981503
12697283659.991928
9215920039.777338
18043571382.597424
31424344701.183556
9940276752.580555
17358969664.60854
14454766107.265985
24036889015.390224
24762130207.163807
12700737809.550377
20277005953.347057
8905463156.958303
10908937885.863817
18477413916.55745
18883856751.21879
9212597996.02586
10494961300.59053
22793902684.356907
16860376668.438654
20113739454.098804
17193750093.973377
12279797290.947443
11094326509.99141
9895894953.165976
19637462356.067574
8865553720.180408
32138695536.85187
18951720402.400387
20186923201.062607
18705783690.754852
18469752374.275776
9665382424.162575
11196496820.909151
8412957119.488062
11954724232.132614
9886881637.10656
4664077166.23677
5442960066.641216
11024340901.26692
9190243388.790142
5883185080.123638
17319771072.094624
8873759343.805569
15734122031.213772
11921522037.624634
4664077166.236761
18044828562.761284
18163082102.843143
31351458390.949158
11345333416.766434
37552372003.93221
13327704207.105303
19654187505.482227
9195016988.727627
8446698149.940339
19849338696.125004
20210309377.207302
10240470446.67663
20566723835.87998
14521268817.578848
6270733993.205437
7777611802.346958
13032262762.948774
17625409994.674507
6732979523.218861
42756911212.29546
13606551766.10732
20811111842.57029
11854354469.586338
9918947573.904701
20021705448.001034
16579073631.170666
7067058564.942996
8367928256.008944
14809647522.794893
14083200685.740154
5785417896.6177225
14112782756.71583
14467205024.597023
10714837264.278044
11078016531.684772
5916125273.640343
19817150617.018272
13161992811.903814
10729230699.472057
16946086503.220545
27062600894.518906
32733612994.502083
26397570888.106853
9831144200.772463
46454659814.35765
18053420057.96376
16867087463.653456
12296317150.829853
17438572400.782585
5162512105.926075
6637957440.572127
17548594570.940662
10354419226.52821
6298201227.682796
42979374153.73562
13703252285.27977
15970641844.48421
9671749097.726984
22408335478.528477
19529539204.932148
12009711189.117605
20994134160.345013
9386539721.91965
9175680066.257902
10280773117.447863
8921952775.323822
34494606093.29204
28458565238.3527
13541426504.192644
16312146928.250519
12220236930.798897
18399210461.068638
19298895169.521458
48855871021.72756
13470398931.759321
28034720151.873352
15695455798.022429
9581530663.085398
22946646463.033142
10602182024.184666
21263022645.046738
8698984700.943026
10986722006.398209
9423316487.215998
9169785512.220634
16089062257.25602
15280602357.982363
22409332386.860294
13855329765.755777
8666686403.401772
10727959192.320219
8805169155.176973
8170715424.597324
4460786262.612792
17432425957.689316
9435267567.32807
17203840788.294613
16153614765.26
4764431679.213949
4821573346.948827
7963155508.592955
10617201862.161196
17626852838.79547
25066446887.867783
10494761787.232475
24078923827.093
7151562107.243446
9426640781.687876
5959571955.093847
19260670463.383804
13284455861.16974
11398754121.724318
11550207868.237452
7429126908.64315
10803775830.615124
12811270999.497244
14120197151.685434
8250331769.506276
11207949457.454489
13750082239.118
18852854945.818954
8244601487.364174
9605152707.734426
13236859517.007866
17702169883.929184
18319545691.090046
9533331778.102238
14203449973.561827
10732365758.0362
19526564829.259106
43565924757.0271
17820377435.844517
10701359977.525837
20112273056.1452
6422397407.165373
6967678022.13783
18935578347.786884
20414789834.11733
19934561778.333878
12151340593.40046
13579409974.555294
17683000639.39381
30019916491.260563
32991642398.3748
12331616357.039103
14439213127.468662
8664622507.33091
8319874207.81745
23018139461.56813
15771744753.261295
13110494550.821217
15925967241.63484
7472970548.026745
5518054213.0821085
12512343253.011158
12485020076.489082
10776189897.98808
8973603860.5746
20531779880.61935
8691840814.54403
9758441814.198694
11444269654.229633
13492013728.453894
6708448692.5052595
19280402065.425926
10335311976.705812
9573021772.592405
16489091812.18017
10793980246.505928
9541719616.097261
13313098932.050114
11335657343.730602
6730456141.813135
15116970673.234152
5498194118.096246
18654992733.390503
5891771434.146887
18888522540.32407
9553106307.785362
11206016194.901735
21530217206.791763
31644391109.16744
6146754261.70081
19513841676.44768
7987783201.3247175
10186568178.732893
27502690215.489845
27021582242.4965
10626039195.531675
17521243941.373
13300348001.875217
16883592423.602016
15137797564.997675
35646980933.25312
15670964934.073978
25823443126.708138
10561490404.90459
17249632596.85256
9498258950.082445
15447516632.800657
18066924321.81192
16655165809.5507
22512507437.271057
11706591889.18102
24768392704.823845
18689936797.72626
19707588477.653473
23969870547.15742
9667166581.26868
13647351763.084137
6292842597.039123
9179688560.531271
16029987823.371847
9667776408.747026
13024423632.264357
5639969130.02305
20483135079.823944
13323812625.05852
10727383061.262053
18434556110.194134
16986388355.657625
32485041283.595432
18768331830.597862
28036040614.039173
10246816025.988611
24494558144.43583
17384401560.604122
18705976137.5802
25289741452.991566
20864414426.25984
14174061056.85907
14122891573.359165
8690855345.586407
7170361592.368445
17761935554.9847
17770138012.199306
15043104876.43003
10935990582.386017
12003576294.618732
8238080585.031897
19387980135.229515
13564582583.771767
10724881756.023144
17419330909.227753
27116114675.883617
33323673154.307446
7649092280.508176
8149195362.729708
11252850357.269053
5092077999.514235
21206279435.969593
28758835857.780712
5503921911.408419
12143928036.422102
8977348493.311382
22545230796.9334
12802776908.02605
8963099418.591854
4502611742.0235
10782844946.264256
8003896136.519249
14110224741.619661
8080322335.511649
5125725618.157628
6717219886.652379
20435242812.853313
11181901524.469776
20081850710.072994
9771109070.078262
11814684590.460901
12219931077.069094
17414806851.99669
9044989608.554316
7261023963.99917
15121956661.880335
29650727238.222446
6220051976.228665
21242105265.379704
15763515692.68071
10589279767.164196
12164258363.041348
6355919784.443131
2578812504.9261494
25514309043.604694
18504456974.91247
11076658518.588535
16362296467.151232
8354197869.468222
3820833455.6146293
7678821470.088791
7780848960.8155155
12436467896.210947
10596411934.608364
5004664422.17404
20047684799.47951
24967257235.60874
10780288481.206709
87095472652.99619
9504310874.697924
19340971348.934765
7421952734.936776
10784620676.828106
25843410173.644356
12311008801.625172
23279182748.43287
8825574418.010397
8034680669.350634
38152707292.92494
19246206755.057533
17219494529.88569
13470756834.65755
10538184052.856339
9996442866.656794
25284714216.852283
16150445467.490685
19167720593.5907
23036850830.645374
7964235981.539655
31005819477.426414
15823661216.499702
15134903125.58061
28819823018.824005
10886688628.100554
20887248389.51491
8799484880.501507
24453209914.743526
15467655773.589874
17176863528.79933
12151231123.179056
11155362039.883158
6824415636.032482
19661364247.556343
13230452891.178602
14107480299.084507
7983350134.737197
34191677298.968773
7273803645.199364
10368772014.931864
6429935328.768569
3665775030.9596553
7638826811.291341
11951115511.77352
10720221405.28751
6941944684.9194145
6429935328.768576
3391473638.015233
10403733797.677904
11075269282.89168
4753682673.689191
12579504308.811193
9337521446.184175
13932679731.955217
7978649900.563207
5506761845.619278
5176233764.4839945
13004958601.633568
8277886378.202148
14383805979.167131
8401528699.4366255
5125725605.567545
27649745984.31994
19274611048.722755
8354197881.987093
8249048908.840822
30797225213.411682
17597959538.661694
7210561057.419825
10348518794.079895
28477284535.232014
4201896482.181242
8143668400.299529
9366429128.02319
7909054586.342902
7186983749.465719
4931595556.126599
20720463732.82656
9754884089.31006
12713968740.855778
5019123384.315899
6651432478.192626
12147681455.381123
9477239714.49043
15798740765.173178
4378936562.747426
12767732691.290127
11615032572.220144
4378936562.747406
4643554091.587792
10056178183.938702
7095416507.064682
4055165122.630633
11703840594.629292
12059268238.643661
9634776714.749552
14268847132.192957
28750065497.343056
3253839646.458552
10665654442.067356
8361244740.601174
12035264128.00484
14512024296.129118
5004664414.518672
19595577461.746105
13957665427.296955
33610703897.13987
6369203608.784864
13620636902.053453
15963440980.676003
12265470007.466784
6958766322.450166
20048092573.01764
4743820534.20124
13633966870.434074
11660116356.90668
26144142058.7272
21569307687.31795
14417798844.933432
13230452871.42794
7983350138.126787
6824415638.930009
5033721458.272033
22455629325.207546
8785995210.686724
21992692087.54509
7503561331.229245
12939632063.945019
23982490619.5008
9639129572.845722
17541634807.7234
4436322823.344415
22149124882.26708
31017486812.876366
20222426409.000477
30160187799.646313
16309932143.901281
4795131311.888873
11054948077.307903
14238797331.479448
8015910465.750246
20588606378.498463
10689832954.154705
12019836473.235592
4759382909.211823
15606138060.145298
21464372435.328766
19901646474.23296
7776127711.914284
6278310633.730735
23458945155.04498
11150037104.106377
29746332438.384285
8036883387.972805
13580059788.584284
12495618600.455456
14785148502.598831
4201896482.1812425
18399210458.94405
25941222805.585052
16312146932.01763
9857855853.57937
12220236929.387808
45112531752.18769
9855214638.122803
13189138064.378166
8739794604.264149
5369359153.615115
16391877576.852987
32062277560.361454
20765009592.435467
12495618607.283157
16164866081.660748
7572975374.696219
9885980021.786526
4915470076.303189
6958766326.252496
9987145728.7965
21378447029.87664
4055165122.630633
9175121521.91108
9195201062.305792
3413749923.2268925
12998852184.24817
12405794441.543709
8400092507.68593
11316600503.019987
5776395316.594622
10509582943.391613
19567712018.10807
6578114248.048846
6089668166.695627
18723219456.81015
17875226628.500126
11994389153.971956
16220497889.950115
10429801532.29136
6441348389.717455
18843542704.430107
26506836470.00121
6962363785.503196
29500880327.94131
11035785962.43443
25774360177.626797
9669102618.117243
17439050152.93793
7021326619.049162
7539529606.873451
10371699457.227716
28887261116.79607
20950717479.562756
9458609867.281538
6279669345.233386
8625248727.22256
18737709475.032516
15394335446.018866
9276144904.41505
25772517679.369205
25357438527.787132
14670392845.233963
6163369292.997257
17123903415.799082
6618251476.377039
20104496388.09292
3600251168.4065804
18741583465.998547
12926428469.311504
9586012398.956974
15060084266.603933
6667132101.843297
26124603123.98369
18925227432.15765
7964235998.83346
4486296911.470908
18947077644.479362
11281431739.128153
8651235089.66856
16068339042.665491
10387923811.37094
3419716718.031824
15417815508.68947
14669763241.769886
11759933189.427353
13967392837.811628
6697763941.778364
14567566290.62353
9763852431.355766
11834675144.564894
16336836914.176104
7206691281.109207
9197042878.247015
13350017396.670534
14828739299.569279
6306814697.676652
5156333632.267752
5394236496.895504
14223149769.138933
6877557603.53209
8482525873.567632
11524058451.435335
5362707021.463915
6837358071.380561
8432945253.347811
5186649756.927339
8806208279.707403
11456699981.330093
12764748615.419718
21239221909.516087
20618156620.111298
8707939526.593943
19881477321.67061
20275638503.4204
25564309680.233917
15364121528.798592
13283343521.762932
10481196706.874517
18717646710.288
15681902983.700163
26279564857.787205
20034118439.92643
22839638211.72378
55073121367.283356
22246615724.786564
19534586080.409008
7298448004.948907
9573669951.206835
11832570681.330322
20063189402.35008
17051733765.197914
9023139505.167091
20150754918.153587
29808082597.56913
43985462382.006676
32169003427.31033
15373984436.152885
21726674399.706783
12873048720.582308
8702393016.0157
12014945701.672503
13892646300.10507
14163808187.995821
9174884186.562788
8649537278.633846
27683524064.420788
11252514611.6644
4598338632.722685
32879878149.404533
8868541317.492174
42046893752.116455
13137278841.861824
22261522935.49713
6984148964.431653
45959186774.31075
13525683233.418022
6473033668.121261
10402688179.829853
14569819869.775734
14324130348.637081
32459237081.058693
24665456634.69424
24299060929.151367
15119999444.287802
28511923640.060703
33458939658.83841
15088975564.25222
16194244923.97759
13875386200.561035
12578337097.611576
26473021141.113693
32942786430.535988
14716218620.301678
8738068874.45924
11846993286.474064
13068627902.84853
19189074370.557526
31027389920.597317
19307718655.68716
34511722738.19923
11298911495.102688
33869253888.166706
17965914436.915623
5799165077.0082655
16726650574.253832
24014668470.37445
21252674044.977303
7089972630.083898
10689583768.790247
3638927669.373102
10477092401.35723
30142758038.669415
6726701195.743017
14950639193.439953
6195431396.670409
2064877336.7063181
8550773087.937968
5955767982.311091
19720398049.91626
8872746069.686813
8727716457.374624
2723642947.7855897
22561072331.776474
7841831832.060194
5942127813.475801
19848100444.59577
28441086938.97329
11210014333.631195
10215521109.205362
12566249283.207212
29678313756.88201
8885098809.536064
11795914662.027391
16762023325.171001
11618292538.214088
51601070051.973946
17851217998.72763
10693140879.37241
17839311691.180534
13178132050.634771
28260879269.066833
13635356672.23907
28565448290.325886
47687396099.46268
24925342679.97349
35203805308.65945
27961866803.917942
23179307882.548874
8957136490.112087
15344668187.76275
20411844823.871025
9542969048.281786
33816257954.58124
24295386405.86491
21277399623.522835
12420247231.839346
12147218043.41314
13232581086.186752
16370183128.488602
56627162158.881966
9219887412.5293
6190616883.290658
14168069326.119444
9102565211.087513
14598254380.145212
5818705333.5492115
8711109248.644308
12973738809.055664
32223411796.96972
12808649201.134779
20357595154.963425
10976452410.137018
12565764191.601095
10378251947.613558
30980973498.197582
37051557714.47717
19541963069.75724
15480656944.208876
9216234449.523048
11158818403.309916
41919564804.91031
32903021081.038326
24329298246.025265
20956781174.472805
11998081118.549189
22508796711.08371
14963004684.618958
15224121013.452394
21113558573.92659
14139030783.504484
16578204331.806974
8836840232.999157
42642352931.18716
11212886773.680342
20690699746.540985
32016973684.947945
5734007234.360941
85844838464.1981
13550997702.795052
10262533713.867418
28476590710.64884
9504262092.956804
110090998145.19073
7353529823.063397
48389897224.38391
13161100891.692257
29900570138.156178
14241035742.619194
24761881933.445908
11427865753.324503
13176163980.260479
6712872822.596002
8076510420.210663
22244974098.960365
15470508823.802116
6185761186.322556
8730137554.327467
4288740746.581232
14003285075.787998
17043809211.537987
9265446868.896332
23172762934.766148
17444052285.306667
6423962763.027869
21287590135.065037
7728911833.3952875
18668656256.88438
7915388451.864154
43509281351.15009
15560651239.634613
36487024566.10564
8956196078.242125
8052752520.719789
18992633102.63336
28015315343.494244
15830691602.317799
39193000102.3673
22309167195.757774
12603569143.063978
26742705736.670284
35422420755.25982
17384568361.31851
20231325076.912388
29771885081.019016
17800400452.755695
8389150301.007173
17435111966.79979
11571464816.49564
14222439265.697775
14102743461.716888
10161486475.141693
21327696220.23397
18269096410.437035
12553164252.79879
48885743870.36705
25537069611.002193
32117536951.821804
15302258339.612665
34765043784.79409
18903903759.1436
40213289413.16403
16557885981.618399
12534505420.647099
20342036712.228226
32933316511.720123
11443471607.589298
32675379384.427597
21116188887.813236
27454902552.70223
16917363277.754513
15714717892.826168
15444834865.631521
8378286005.039227
28686200126.325283
5915737292.01636
8587817756.571106
7871659533.137772
15994089769.94077
53122298287.36947
9882712786.03076
11003583078.51418
7579842587.316034
6606129288.349289
20493249919.52626
28593238388.35175
32467508006.638405
13019449166.813036
17207158671.813885
15868714613.44439
8959990943.40848
39195359883.72509
6748981079.102666
9644776863.614773
18522251517.29072
40949616501.32552
14014487614.350079
28628257081.38768
20774373066.800804
18180530090.501297
13193883064.913485
21157065999.59887
15465714457.895967
17634458662.394
32925103979.575848
7992507284.026447
11013286873.991741
13085409026.29611
9368722979.372349
11356890698.40292
30095099984.669655
10064183564.178167
13264970908.556198
9724567390.371035
17845929271.483006
28252506502.44901
17834026491.382225
18545134056.97866
13784693417.685719
11153122065.665884
10458498996.181181
10290529787.68121
10511765794.054209
6902210753.737521
16774042289.703588
16449989816.478134
20701072890.970436
26257799710.835953
25197843784.19185
15365983477.08002
6322820377.194181
31535943747.940395
18963368430.02569
10133659265.38626
14451990265.271107
6033568078.667257
14688464583.700624
9941810895.217766
16258286876.979311
24203462866.80532
9574670140.427637
26977074769.80392
11081350011.73151
24976464742.37402
29860236119.975124
16348949436.076838
16790136332.584406
5588195283.157547
5854248047.6230135
12287103362.306576
12909645524.897453
21138969675.515408
17820233658.499905
11637850029.75812
11108955089.25268
39065970194.09001
25663504063.01906
8908288484.55583
8777438531.245392
8835698971.259937
9050802459.472204
9075364366.26738
23368865778.740444
25797198534.892395
19337174622.98879
11508411254.668674
11234899661.00111
23796749600.835506
29714328551.65654
13756499470.326248
9963569777.598408
11975227028.209808
13470848550.714102
4102685104.6332927
7493528490.125135
11695805425.074846
10031100436.692146
25495873900.117077
22665155582.966286
20254503412.906506
14182778221.572182
23250980752.824013
24080417089.30309
27419100748.80768
7730631745.036474
17335224257.860435
17985744450.134136
24076349245.315422
28071924700.23903
6433296561.811473
22817696197.79432
29798310309.412273
14967422035.97512
25412634939.866787
24537311113.596077
15136086348.729385
15239490664.804783
10654847618.464006
17636832144.72606
47317986644.913
33401475428.738003
10170440826.898737
8787991900.508057
12059224959.565117
8728362854.35845
23885572947.20719
16359739107.779793
19281107228.26476
12023011009.686954
28894019560.395504
21687345296.550003
38847818424.49973
7089847240.586825
7397162016.385937
11862708427.021393
24152084317.13073
13343147297.680376
31772143224.533047
20409661490.52603
11542795216.516691
31848880702.01543
36702477089.194695
13786770418.88744
13014547502.728731
20017888729.8237
31197422104.48016
11306691057.826023
17874016876.733704
13504766470.125097
17530569602.12587
18222898809.47371
13023847539.98
21717067549.06449
15973275872.092335
14631653018.498287
39473193921.64832
13131785556.68787
15069291121.27446
9037138630.970789
11361823135.393084
10152781374.514944
10939129232.248644
18105156008.197414
29261054419.668564
7362587459.390314
20938242903.518913
6719618360.451275
52407139495.296295
15309398908.136032
8529617771.987023
9345777315.425825
14840600304.595379
37142825145.25465
43334138435.80058
30442165903.859386
7161182831.118131
8068102171.541707
13038264434.233553
40132303249.69433
17062049162.759094
26486593702.513206
5031527038.886855
4465943077.94915
5942519362.959542
25027790258.51854
20237452983.683125
40103396856.61815
4662577100.313389
10572115369.274988
9870159674.504349
20231717641.773235
18437101762.317467
8608333544.03726
10309552291.500582
4546779972.580881
13811781888.93365
19729254145.38301
20573332713.1262
10520616505.83364
12029861512.646004
12282215831.380934
13384362405.601109
28197166473.586983
46824846642.47678
26973633398.714127
9986759264.284685
9781568127.35081
12609211492.715784
22927321696.07308
21960820796.32895
10063932542.188461
12029860710.823011
20800953530.368675
15507434636.139204
20604100925.28263
10246661133.836992
15135460172.437084
16913409603.76267
9781568973.812082
8431041056.229421
16753347290.440008
47641573530.07518
30708683106.84113
9079598252.22953
30159343688.470066
29140727865.19742
7222188472.671575
16590635430.292494
13057490080.768126
36462629558.86144
10977229180.915428
24070778859.382286
8731621801.968388
17725609730.99891
14153423984.924442
11256386659.761211
13717204257.229322
29914035843.81166
10230028402.848461
13658783062.372555
23041321216.301632
13934465052.76786
11434671642.23497
34512647301.310814
10392057346.028582
16219410980.007904
23463189336.268665
6154511582.761607
3993912762.3591824
4024797778.165384
18589029624.04468
30324618316.39021
20745977553.457672
6377179961.229203
9827061899.458345
20140796079.638515
29681566491.4848
20459312820.779644
12825600358.17067
9679813871.18073
30357920627.096207
17583504506.23671
9166371756.7941
8225446848.191194
14495348083.477175
23625526171.31139
7533147568.179741
18423918442.697617
7133570131.375067
8748054645.827961
28678292737.995144
5696969595.27373
26895129338.523434
37545516715.22384
11950597708.754967
21323910488.45731
14741472339.118284
25949938226.444054
5496757692.238694
26702916766.809273
11530610929.878538
20461016018.457367
23827522501.807194
4850219174.524809
9609924495.007538
11926268088.041958
10421972437.032234
18424854613.941986
18765693283.04182
20274738100.559166
10232850793.457108
18555894217.057804
21987973137.75452
13422768232.561634
21719044263.305653
10355395251.819809
15322829677.240074
24660374763.65673
5283065112.442958
10187308722.785383
24184909047.941887
3278204663.8432755
9507997846.34434
15330103729.078167
6425645773.417058
7623898859.2781515
16889190607.500092
11840348333.747004
11547431674.691666
24755011414.63203
31090939722.551334
9458317686.810703
12319435247.442194
5832877966.02913
5980837025.20515
7301936422.048479
15704761228.271294
22791252161.745827
5378897824.963128
3656044793.635147
18584605493.091908
13695395332.954983
7315101089.125678
29071069626.53823
16211984831.731
10645870333.283552
27046693936.848
21550769438.327873
5320743805.383042
24186466860.729397
15915466734.488749
9124858848.396341
26612858907.00642
18060341854.37908
12122020768.818554
25007969382.914265
19761833295.555992
40217802629.05742
13789641070.324701
25349184889.88549
18319002871.853386
20979442519.727688
32029129375.09705
15291408067.324326
41583090385.77379
29144619603.51947
10902516134.167116
12280952012.401262
7574080171.992285
22772460381.051716
8374148750.203767
12487919048.786531
5970626868.176137
8122285434.262659
36371000022.52235
11969629651.014317
15600869772.868298
22382469608.157833
9080593463.49248
21039659981.942993
13790946666.551657
22366439756.83129
17160453513.08461
29685509767.53881
13018539966.963617
29839101457.242756
23074296339.05951
8628183448.586056
11589141653.23646
25712623753.807785
9101171621.777857
14945769619.691101
28339664879.522434
9257223026.556166
6892056451.419399
18641310870.022182
7269871922.070507
13016601809.983332
23105690014.757565
16265135571.291693
9487085700.505026
23297022507.725266
69431937539.56985
27916573307.527092
36490675522.01807
49569253500.37225
6773075514.421309
27024019515.50896
11612100380.920391
26391272836.520863
20317358468.87547
6868295782.725844
12964776399.115936
16754886242.703672
51675763264.43467
14115531923.774054
22992221534.38978
26611194113.79607
6676402235.867596
12968624147.863441
3536929902.124473
16752061302.487259
11790725130.28222
13104548060.589554
8063710374.254976
14300486919.826097
28981667779.05702
10143143744.09705
10421047448.52865
14760949412.949207
4107010742.876035
7253103253.158736
6674411302.917015
8905970584.070444
7977691698.899761
17277803807.757225
14884312063.08993
25307786792.38673
8998318094.50318
28632792107.413273
11497971508.606009
18778297091.064003
21797966315.671825
31984079571.16147
11352428636.422949
12854611990.044502
24250599250.174015
12877992932.478622
14060460481.825089
17438233914.38532
13888210793.265747
34785894976.27289
11524303908.946558
13507810408.322716
13675342149.494186
23291809388.14907
12525262581.41109
26124851743.129627
26173700082.855515
9582567222.49427
5673773061.9265585
18525592087.798466
19773412226.09813
11686277218.84664
22548041789.219013
6789318490.347187
11466637829.639257
25043868297.436974
23661149605.148388
11558005389.747103
20853853983.27607
15661643124.495817
17275518926.099262
42114376648.29827
12644350107.437954
25898183393.083366
16291225363.291933
13844574862.392704
12551217224.368456
14116917639.946283
10133163142.454721
23270955317.051876
16276364928.199898
14397902339.27134
16241231089.131222
58000961665.02385
31132155342.428562
17899716358.436237
7081271582.521998
11184676673.86974
9915250978.386076
27668902950.70681
21439451834.336044
9717866949.36858
17374626992.95109
6406721704.871275
11945817825.564337
16136079774.981758
20285024956.225864
52207314884.81434
11871942073.664627
15247513686.783945
8177470836.143921
11113774528.111622
25891588183.682705
31117290226.30104
20366743865.53261
12700453970.173729
14917979754.741173
10991104331.409512
21635427179.499485
19263192936.318947
28476263469.383007
11723394625.97721
9980737088.350399
16889279487.64478
17002345820.066853
11975138826.705233
14598470297.579205
13527984346.619627
13025245966.07221
32215067623.88546
26642712856.670483
6829101016.538127
33755058409.02968
15406271856.85848
16000911235.167736
26934398082.20151
31513023120.12006
29552806715.71338
19228429736.4429
12331902813.688847
6497161521.691475
29903735226.286446
27251397358.83288
23174614226.83544
21003563623.62772
11142526544.019173
18313311540.472702
21375489556.119373
14120457749.386833
23953816774.441154
15267555997.720505
18154402185.92164
11045839950.92185
21262191358.176888
13997930874.770977
17376640896.06052
19540462834.096893
10478796436.215641
9197677281.55643
38104588134.42196
6155750606.249785
14353922733.115177
33142900648.742
9668492582.734539
14446276378.518032
12681674336.821533
16458458456.17498
17188053418.81043
23316375754.512745
14457588216.900452
9336913696.882135
17074919492.063946
5196172244.01849
6874249094.357946
10059509102.88462
14710381169.761309
22778044262.85682
25891372381.58556
8186610352.7090225
8835242778.974775
32198390031.24617
32240464426.249226
4014541500.4124126
2601025459.2710304
6486564684.322144
12557639243.676373
8581367074.200681
3869421872.7799683
31075020205.09627
14867332434.988241
6252085142.509986
24589795685.155766
6747443414.186418
7840052328.826603
5829544306.113555
22435096022.248936
10798510073.653952
19072377108.389957
14344537031.623924
17258135743.638443
9316754466.33346
15370276034.651443
12529940371.888212
15364157847.09737
10333597906.761618
5623744880.333135
21995567962.119072
31109437468.64456
5696980091.897975
10873627856.173243
27977759326.824207
12283443749.41512
47425358249.60463
12136253414.398403
12125538931.91144
6538835383.38313
13070247998.371052
13769384431.143223
15712994247.36164
26859871124.871914
24045285869.056393
25623981478.559
14461829744.083826
22251048061.45382
14540504616.637848
26921749459.16158
12741925233.1819
41575191097.45167
14091705288.550062
8417042458.928292
11176009028.565443
14376249177.926228
7346169805.591068
11147452025.581903
10269028149.669548
18689619264.543163
14075804563.935335
13827085006.803782
12284986202.879227
13058723166.784016
11609788711.271505
5864870788.813577
7395965220.855174
12309398748.142246
21103498609.162697
17852569105.951
12908315952.09817
12337184670.764091
9783171206.340076
13098507329.007362
35202674940.42501
13219681308.84995
7715842186.239109
5823515332.685507
8871513947.638779
15682271397.290516
16403177187.878134
7456257997.554721
12200081546.800327
16182124877.859266
10622409308.923748
6090183040.450226
29920289052.641888
18479298854.12141
17916191581.504204
11013989645.56871
11980127575.500961
19971233781.320374
9618825487.653149
10832786319.972727
16077674607.432175
13703466412.891867
12598349744.508322
58896635697.98789
11002491515.288504
9996264244.224625
15505481639.102877
7456831766.320495
16957991551.119205
8062809074.15899
6695124113.145848
8019083773.527963
6297246190.150508
15305883101.098917
6730360430.703823
8424983866.950506
6042861073.155548
11683997744.24987
33427904836.94611
8262486731.891595
19948825822.627426
15831364358.954813
4406824631.522656
26355627045.085434
17828276732.978077
6656955040.534951
30134722326.540283
22455011828.07717
12481323242.08557
16015255008.03668
22727553895.89178
9534684405.517878
34609168897.24673
39004546012.59568
9705713187.080717
7868402300.408023
24581045668.2151
39751555764.58459
10951390944.086239
11799592288.173378
11147831955.65254
15619571116.73574
19529292933.18054
11793473034.282398
23639014957.576538
17627420461.205128
10382763004.402617
17667275470.74059
27681412185.608288
21123384218.489166
10538428213.722736
17503700542.92454
9277843961.98867
28651877297.05208
7053147257.161561
7642113810.0621805
5942963824.925796
14720217223.46734
17291484635.294456
18031992110.043133
14554997178.763239
9131026733.292952
11741674281.420738
19093476198.79231
26567385081.66326
16856786702.780529
15140679272.00828
7400742323.716467
3385517077.6268196
12060757658.255466
16395776633.95475
32813270432.740223
9852755292.270144
3520988371.0801325
7696882650.916158
17273576267.76844
17051852801.005264
24663208707.185074
8526158727.779136
17569273469.35147
17851193353.45273
36755406299.47745
27588562417.82536
24901658072.390724
17177640157.516172
12090148376.415419
11899211380.688644
20494726228.212902
18685014862.549366
15913749579.60035
13729307297.492445
17952453213.80389
12324424281.295523
10114049546.333336
17747334810.602745
31535055934.320683
19021504889.704575
10845027236.955957
7531199384.969054
14406329553.651543
10970370827.599682
19154535931.640305
14820073305.177244
10398825779.526741
15236035696.64873
16990602872.7016
24052093162.512978
23702921226.352684
23305537620.23528
23350942766.649666
14791885061.279385
24549040688.98044
10095686224.78759
16584876192.432991
8107934126.534168
11589783617.203346
23115124217.39417
18298564536.255974
6605144190.805835
17883005858.797886
4453505087.880027
6654179001.662595
23286724671.70494
10309034997.79796
11675823048.15648
19878268526.728077
33958847176.985794
18049278497.134296
8478021098.364687
20854393557.56996
10629232096.705727
13838941994.164165
14609940158.585688
9702519715.775877
20656174175.80553
40695805279.546555
12164434693.579346
18415815857.95302
31111705162.461258
5104202866.9456835
5988999018.67736
20167838482.06575
15722461936.520773
12398247212.942429
7615801949.125017
8522580315.409981
7263480715.897236
30219386436.123928
22373679506.724472
12649212245.33805
3888675273.3378496
14596718359.805346
41720602100.564606
11354417715.676125
6741578248.86313
21524926505.28191
19623891878.334248
35794256198.47419
12523277477.358696
15094891173.265156
5783947663.0804
10792696448.263409
14950976647.290598
10083987437.761997
13770877646.105898
13307216926.240658
9771313642.116852
8168629464.094451
8536736709.8982115
22592825088.60029
16544026476.150087
15425432646.056463
16031046508.108828
32310038175.236874
20617229660.90032
10585898632.156906
21576682788.80735
19129015277.76605
12378916879.641596
17628247553.91298
27447212851.798275
19482462202.365417
9558437318.55079
26968174869.571033
11177426232.495094
22186248527.077972
18782033566.593666
7651212826.305126
9510441739.993515
11125941869.123325
12376022254.998005
11728472564.213926
18221620250.568565
22400111422.384647
17213523882.111572
18193269296.59625
13848392988.821514
14733637474.892792
13181184660.08249
11942032326.008774
33188031484.896687
16828077585.653965
11704524138.899733
14521113655.462156
14724720347.61265
49135739132.748276
17680487779.235962
28716197484.81088
17328850764.277943
23792857106.84023
14515995876.110218
8483252813.296448
26360649227.283672
20603520295.86545
16964800808.263796
25093545421.85648
31801219763.598873
24450989496.669685
7868695632.155299
36880622481.25609
15735809949.119944
44002867273.16159
16649839360.702505
15551243761.17644
13524800232.66122
12177560710.801077
23755452688.684982
25298212959.88427
43797577892.696625
9600943317.919899
11039468776.303839
22345310852.172607
16863447210.466856
14269935005.928602
16925578534.806974
4588961436.626617
19008992081.112087
13990212771.891348
32553339817.285282
12524770887.95259
29401731253.648506
19348591435.77027
4670944128.595759
14233434717.014666
33134911588.515762
13323352610.796844
10860765986.923208
6039169999.716174
6796692881.250923
18123156539.380016
13314881953.44663
7719352158.244334
18572112290.44126
9529880295.60118
8467731025.60557
30092824447.210728
18669260680.652233
13325883395.658009
6067531229.852428
26390617600.572186
8111590490.694693
14547325805.4948
11695150798.142704
8208559661.871666
13564612918.270678
13032997595.971586
42402147413.510056
27936535430.14932
18790750397.4187
15795263605.815784
20311258240.049416
18988930295.63445
19349071332.476257
27935018346.30131
32812315212.93337
15982095225.690035
14971272900.937357
12041705050.98105
11817574803.700155
12662122924.85273
20420423029.33594
14026674020.254211
8208118438.091201
7800366447.2481985
13810647210.726408
30315480902.98506
14129296109.082268
27963815863.87629
22218661811.160336
15601937064.836403
8812101600.720472
36203786149.31079
15961915853.814976
19690923768.298744
18578483084.68411
5796147124.722802
12179764384.118877
26693871731.29623
11138535912.091217
12771243989.11993
13679521838.347958
15269341609.264528
7266425496.731926
12098353318.934187
13963990148.32713
22567663967.007633
21294007773.803955
5334390980.04145
10120329101.24311
15000811346.905132
12376011220.112883
10077153796.21186
11554282435.593935
14964539126.019938
7887757575.444138
17801935891.54312
18299929011.665455
21274274857.134926
14062067539.646425
12977531608.75982
22561252469.12563
45563889810.47371
14496716091.25291
29875685891.54145
29034744396.126965
21984465173.07423
12645755907.19886
14127894565.010456
14126101840.677015
10577339129.217747
91031971905.41153
7355547333.077384
24291328498.925404
67906241678.9609
8481206996.224204
32682735495.645233
20845006471.92967
24580088853.849117
7442985550.326455
35315621417.85475
8582026362.382771
7109721220.092093
40540413165.13893
5028822018.037981
11044464994.35579
6267788427.420548
10149255240.547207
10133146085.780867
13729201373.46952
13415070182.42714
6108218038.754295
8641232498.928621
12327710886.936344
18895454930.199627
25043502959.691685
10660563979.867327
17704475772.295067
39107109191.01609
16352738216.568722
34322885858.205647
18708962943.73222
17982117073.688652
19468541099.931835
13490397126.072678
11722777373.350908
21198973680.955147
15487860063.531944
13558246935.69019
4887955006.087921
13034142906.411402
54891862482.781876
13771401677.569185
7821277378.301943
2600838624.5459456
7214226044.952361
12755131271.427422
29207485735.991997
10787254405.412016
28573079117.23383
4388549222.079377
7576645976.310803
18468908370.422733
11902539934.644238
12435859443.980146
10148415623.93877
12814430659.846838
7422381866.526591
15106077559.497114
20130843270.94601
22144816523.72826
15983253156.511812
16204263864.702612
23558215919.08368
25613063684.63057
9168223631.568153
17853466087.224735
6317494575.075793
24008152866.510715
16513748124.615538
21973160026.84908
9343326982.699875
20217673096.735172
15159329901.388514
16678554357.578865
11448689793.230415
22507699643.080673
16774081235.401892
11687658614.416054
16222973724.38963
10071340569.958574
14672019609.533562
17319961913.70768
14756054004.518166
10774652391.814537
34436496145.73784
13370266696.591146
9793133653.100746
32149661299.408535
9215684149.874744
37044890861.74977
15825960491.588589
8855382083.473581
9410255265.08623
8660717859.942123
12847534510.811762
40374007687.56313
32814450311.696552
6209307799.283728
12871946849.439363
7714913950.292808
10899875648.629934
14396165681.239323
10631913957.269724
15099141670.95404
17830969391.38981
24329205858.24287
8601494288.765532
28633630038.206646
6295051208.268704
21582639797.66068
20041179805.604416
41900763462.8793
15386336136.840897
47149834887.91163
16009313246.269571
24643895125.548325
26539371277.797604
37534042092.59595
18920006596.45326
15609208461.872643
43864226347.165016
6818832778.150788
6155766512.839951
4893233137.462053
3995023704.782443
13702489237.886358
7714598172.149727
11139524167.6906
8720674100.22635
10024975030.790573
7640491173.598225
14754185105.736902
26206039266.56718
4767029449.353607
11370147027.993883
4358114316.850421
17411977168.382328
6699880390.509913
11667335536.430147
17147458217.597055
11197414239.923117
9192847592.75872
4694609780.058656
4527264409.191316
6462870244.833632
6207311423.774306
11097284970.751812
13727866829.55089
22621464511.39523
16231420206.286629
7851859829.142159
25448628718.705807
12484191059.516798
47164434815.196556
6983082977.914166
17282239687.63857
9981353036.89861
11439091519.056875
10941538475.273943
39919033723.34642
9156457205.199877
27595881840.55377
10088850384.37369
10182555505.476393
12167677994.116768
16286402116.080563
12720988228.81773
30087608517.12215
33498117467.83646
7627568731.708611
11707796414.002634
16492070160.936138
29031818649.704117
13024873687.77319
22140659604.935795
13334110950.75802
8687104230.091745
29829161547.500774
33064590234.456863
16823868661.437496
20407500277.127956
9578330292.498732
5797216072.287133
11609930356.949406
16371023923.753029
19476306750.290874
7363231783.638615
6090600922.055501
10063069339.45785
16293082568.903717
17199526835.242706
17816522831.535255
10908582183.26459
5936621513.296209
17556369124.334335
9836304527.764254
8383641207.833768
18041638748.34241
12685542446.839476
17944802448.25664
6067968810.163081
22600011314.125195
8569128628.26042
26675089225.205162
15155856481.770903
27052781133.50824
14732396825.55893
15058280684.148558
10160157458.711584
61485615917.897415
12074834370.218487
12182537539.266893
22370529765.310726
17690169513.49925
8401653927.13826
17913924907.383797
29178522183.1021
12607181325.912083
13005457335.71521
53427216154.21536
18043695306.632484
9729750286.615387
14535862820.033117
8842674654.676481
8571878704.4425535
19461999144.293995
12268275005.331802
17743624085.47478
21176191400.206165
43056103015.72843
14954259629.574162
8676992038.28932
29266721195.19645
23577046567.016506
15781572682.209072
3621025646.4779882
13910018124.14828
18096598087.991585
4880737427.15023
11988530304.175364
7383977785.051194
7328157454.722366
20885123310.4171
11674620769.530586
5436769849.033261
37728887902.58186
15282246196.05593
10148142740.820196
7862588964.755067
10617713770.31924
5843894125.126725
43042400220.70096
11020431089.703508
6676198919.08842
8982402285.83813
9820997715.424416
11593471432.980421
9398590971.313637
44408725688.99838
5347256899.343497
19560731374.139656
8684855558.48517
12753303465.3137
30726982461.33877
22833152108.993652
11074117823.40485
16985234024.921412
18170450794.442524
4643201120.117611
21472312327.05057
20072815107.663933
6861811671.920791
12069175402.283924
32242403589.196358
28872396486.662636
20640657152.862156
18924323724.703465
11716132154.02386
6661092384.90593
26292222585.48591
28027831360.964413
11092201001.92728
17424727120.4504
8380154054.865193
8368408041.282022
9663769994.307526
6115012854.810622
47431013147.186195
13833259252.42684
14572488722.866467
14592942870.134981
41139225143.749985
10648495559.408651
31810624313.08417
12822570050.955603
14052614300.708614
27741578198.66472
25427698715.442677
8952052506.78794
19492863004.461792
18292636232.847576
20737052378.713432
10504441986.85417
14157400597.29624
6691731104.872386
9632789861.605522
16425288001.280956
4964570891.195905
20539498530.4796
14598882615.204285
12849183315.631311
27678138056.962814
20597270319.89399
17919894130.877728
4331390303.587444
25727384688.46289
11210400504.309542
17350181937.90403
15171569815.182604
13164028597.020742
10299000359.613836
21872971838.230495
16573107099.233778
21181622901.626057
9058349991.808952
14766642305.61201
18874501874.504395
35685829641.92001
23762417310.582596
16543465103.29289
12538822993.541004
9988872000.70736
7679035961.748477
15402646085.963615
12932246774.46239
17049374667.631008
8329859680.583758
10221853661.161594
13296563310.800842
11402201465.477499
17214600204.643955
15313852544.940023
17703007905.25883
5974320837.353513
7645719285.511168
5844497435.959105
13561553648.904293
16848323052.908232
12230080213.263325
10309432637.717554
8055731047.506087
21294763886.3659
18286300946.350285
19213159887.407867
19737482040.942684
8830183112.621874
16020031978.015491
13007834081.965006
13897617330.031826
21574056580.005116
13742756105.276241
13859861302.02996
15976509929.480907
22039275438.541794
8806193918.435234
18148218883.032547
24070613562.9125
6665029747.014453
16472043423.896973
7088095870.446531
14503855719.538906
28556085327.803627
21972892190.17187
10093971411.224072
11463733411.334803
15060100375.589909
4638533437.056329
12234809304.033552
14619316429.528399
5657649744.418929
7307542927.411068
5872670156.964591
13143713534.63749
14078481038.122677
11463388010.48054
9903764518.735418
7667697795.93479
21506700068.551186
17813408014.406693
16162320603.8481
16603386148.211012
4024518510.525644
10888814088.97982
15017431729.999508
23385357328.586224
15631719977.67403
7399004204.896426
12447686264.906902
4600679502.557947
9944822656.214207
26733268548.83014
25739541491.326027
14851674616.431488
8107442807.387194
11088289380.43205
19686768812.820946
21095260732.786205
14148905217.029995
13389356064.78663
18069314208.03881
9497762904.313911
20352718339.530518
6944494944.435546
30597967904.460457
20448456464.955166
10600301322.818974
9429439215.946064
19899753419.76193
17787103799.431828
26739670998.491768
13005084184.545668
11077449442.497154
12452946489.138758
25000774038.8802
20895807115.809093
19748558539.927303
10785279045.614496
5906004425.35624
3310678704.270101
8032016632.101381
13644324635.906132
13749177546.213951
6226510813.199246
19271333337.59721
4676024250.82848
19803846819.73017
8341679270.430647
11453567358.4693
14002017127.168491
6803021382.130698
5945547600.614253
7420844795.937945
7317504153.11367
16782428477.81784
22605553883.67996
13610913623.820457
15573895397.560736
29606979888.18347
16751681032.65843
7606114413.641212
12923049227.06007
11725336714.292715
10948827422.726631
12709184370.114958
28260992758.075794
14842053475.63602
21318952729.865265
15267564039.959347
16350365410.268667
31247659758.012165
39408468149.85209
13425880379.143051
9195052175.799038
18126281758.950005
11178562753.3227
24733414895.47904
10472407363.398638
28832676160.669655
27259777766.028465
11697532248.474174
18967802042.102642
81040720694.37169
10958593296.450552
9623838288.164225
27206070302.45138
11444560358.896345
9730672249.230305
12429665120.195667
14551398888.205582
13136414530.946222
8525386292.269722
14664836553.032726
9806529199.179333
21325644025.16177
11533778186.82207
9620988308.920612
13361157857.97869
10450427121.46438
13294017741.724566
11097736487.298325
11676155859.689173
19464503768.544823
15669735851.698145
13876899074.255169
15799698523.22444
9074085795.911087
12420142741.335478
14387955542.201687
10360356005.982658
8408784934.752348
13522254414.390148
7693932156.100608
23329571827.66088
8002803571.554647
11313109535.226591
10328865958.076323
6422983165.360421
15211905075.10739
17820106979.40936
26398965597.226612
15710589404.686537
7532266859.725523
28362278265.166115
18699679010.758774
13725650424.813778
26549873765.487534
11968735018.981249
13699835282.373987
28308934618.003967
29089756582.073914
7518100205.624615
31784813724.115723
12715834490.114435
6682087744.253324
6278659327.638164
7278701223.739014
13550354227.438221
20504319276.900314
21306570598.077713
9588304259.606953
10204390306.583597
7133084882.762924
20693099016.570263
8898103414.01252
10383566929.881805
7130663024.11506
14968744579.303885
11710061086.62417
12490800231.154844
9098288258.096828
19134352922.133484
17781343823.383915
8470501333.544489
30227585400.723557
14837798344.588789
26682259194.868366
9037046566.99019
4134207674.9064918
36201216166.75564
14936615697.727346
11164889093.027514
14143621222.02694
8452553568.386525
13292891973.010635
43101086968.86301
18274751371.144417
4922178407.561907
8922166776.738625
16191234435.517246
5319625314.691965
9910821789.419756
20447129342.498035
6379474500.076127
10809466679.003756
28793515734.85623
10489386881.449318
16295769198.713955
9984572218.369509
8746740501.821857
24437516200.650974
12640611844.36024
4788922795.352886
13549743581.093311
15336738898.171116
16665983187.033533
10525038165.650732
20096772645.86869
15439361864.234251
12552478420.76585
35432438918.39663
4436456652.305915
13710829334.29262
13909588246.351013
8569040038.047915
9673879447.05242
16682270611.268744
21095471697.371735
31920340107.7323
28353823281.964302
30520038493.14884
13995760670.234543
15363910074.357666
12397325623.353539
12331890760.057375
9153718378.224213
16484070020.097279
9894704816.943283
40948410883.16739
10066264179.461143
21839421895.050873
15532246607.106897
9188596579.825373
15307729963.697817
39321440401.48572
9347913083.029116
11367321894.786272
27662505183.474888
27885243561.56028
21892601282.146908
18767587754.164318
16506061434.088186
23161659533.797913
14043213828.892061
16404249973.053047
21757564966.47005
27968454204.85904
27713243875.28382
52093681413.217316
18237584752.739567
7178369478.549195
12125861485.017471
7631662515.097259
29956312044.648052
15650366348.034658
19407005047.129417
11117737798.40193
6581571938.717073
12448544026.613615
27465794750.41948
13651627640.752224
12538928475.444021
21139222093.011955
12085018660.395987
31099231035.776974
24260630008.394367
10801394985.032213
11622841996.644447
6526006512.705874
11415348617.096104
16510035402.562252
13100933799.629023
13253847139.995655
19703960590.274364
