$MeshFormat
2.2 0 8
$EndMeshFormat
$PhysicalNames
1000
1 1 "cell_0"
1 2 "cell_1"
1 3 "cell_2"
1 4 "cell_3"
1 5 "cell_4"
1 6 "cell_5"
1 7 "cell_6"
1 8 "cell_7"
1 9 "cell_8"
1 10 "cell_9"
1 11 "cell_10"
1 12 "cell_11"
1 13 "cell_12"
1 14 "cell_13"
1 15 "cell_14"
1 16 "cell_15"
1 17 "cell_16"
1 18 "cell_17"
1 19 "cell_18"
1 20 "cell_19"
1 21 "cell_20"
1 22 "cell_21"
1 23 "cell_22"
1 24 "cell_23"
1 25 "cell_24"
1 26 "cell_25"
1 27 "cell_26"
1 28 "cell_27"
1 29 "cell_28"
1 30 "cell_29"
1 31 "cell_30"
1 32 "cell_31"
1 33 "cell_32"
1 34 "cell_33"
1 35 "cell_34"
1 36 "cell_35"
1 37 "cell_36"
1 38 "cell_37"
1 39 "cell_38"
1 40 "cell_39"
1 41 "cell_40"
1 42 "cell_41"
1 43 "cell_42"
1 44 "cell_43"
1 45 "cell_44"
1 46 "cell_45"
1 47 "cell_46"
1 48 "cell_47"
1 49 "cell_48"
1 50 "cell_49"
1 51 "cell_50"
1 52 "cell_51"
1 53 "cell_52"
1 54 "cell_53"
1 55 "cell_54"
1 56 "cell_55"
1 57 "cell_56"
1 58 "cell_57"
1 59 "cell_58"
1 60 "cell_59"
1 61 "cell_60"
1 62 "cell_61"
1 63 "cell_62"
1 64 "cell_63"
1 65 "cell_64"
1 66 "cell_65"
1 67 "cell_66"
1 68 "cell_67"
1 69 "cell_68"
1 70 "cell_69"
1 71 "cell_70"
1 72 "cell_71"
1 73 "cell_72"
1 74 "cell_73"
1 75 "cell_74"
1 76 "cell_75"
1 77 "cell_76"
1 78 "cell_77"
1 79 "cell_78"
1 80 "cell_79"
1 81 "cell_80"
1 82 "cell_81"
1 83 "cell_82"
1 84 "cell_83"
1 85 "cell_84"
1 86 "cell_85"
1 87 "cell_86"
1 88 "cell_87"
1 89 "cell_88"
1 90 "cell_89"
1 91 "cell_90"
1 92 "cell_91"
1 93 "cell_92"
1 94 "cell_93"
1 95 "cell_94"
1 96 "cell_95"
1 97 "cell_96"
1 98 "cell_97"
1 99 "cell_98"
1 100 "cell_99"
1 101 "cell_100"
1 102 "cell_101"
1 103 "cell_102"
1 104 "cell_103"
1 105 "cell_104"
1 106 "cell_105"
1 107 "cell_106"
1 108 "cell_107"
1 109 "cell_108"
1 110 "cell_109"
1 111 "cell_110"
1 112 "cell_111"
1 113 "cell_112"
1 114 "cell_113"
1 115 "cell_114"
1 116 "cell_115"
1 117 "cell_116"
1 118 "cell_117"
1 119 "cell_118"
1 120 "cell_119"
1 121 "cell_120"
1 122 "cell_121"
1 123 "cell_122"
1 124 "cell_123"
1 125 "cell_124"
1 126 "cell_125"
1 127 "cell_126"
1 128 "cell_127"
1 129 "cell_128"
1 130 "cell_129"
1 131 "cell_130"
1 132 "cell_131"
1 133 "cell_132"
1 134 "cell_133"
1 135 "cell_134"
1 136 "cell_135"
1 137 "cell_136"
1 138 "cell_137"
1 139 "cell_138"
1 140 "cell_139"
1 141 "cell_140"
1 142 "cell_141"
1 143 "cell_142"
1 144 "cell_143"
1 145 "cell_144"
1 146 "cell_145"
1 147 "cell_146"
1 148 "cell_147"
1 149 "cell_148"
1 150 "cell_149"
1 151 "cell_150"
1 152 "cell_151"
1 153 "cell_152"
1 154 "cell_153"
1 155 "cell_154"
1 156 "cell_155"
1 157 "cell_156"
1 158 "cell_157"
1 159 "cell_158"
1 160 "cell_159"
1 161 "cell_160"
1 162 "cell_161"
1 163 "cell_162"
1 164 "cell_163"
1 165 "cell_164"
1 166 "cell_165"
1 167 "cell_166"
1 168 "cell_167"
1 169 "cell_168"
1 170 "cell_169"
1 171 "cell_170"
1 172 "cell_171"
1 173 "cell_172"
1 174 "cell_173"
1 175 "cell_174"
1 176 "cell_175"
1 177 "cell_176"
1 178 "cell_177"
1 179 "cell_178"
1 180 "cell_179"
1 181 "cell_180"
1 182 "cell_181"
1 183 "cell_182"
1 184 "cell_183"
1 185 "cell_184"
1 186 "cell_185"
1 187 "cell_186"
1 188 "cell_187"
1 189 "cell_188"
1 190 "cell_189"
1 191 "cell_190"
1 192 "cell_191"
1 193 "cell_192"
1 194 "cell_193"
1 195 "cell_194"
1 196 "cell_195"
1 197 "cell_196"
1 198 "cell_197"
1 199 "cell_198"
1 200 "cell_199"
1 201 "cell_200"
1 202 "cell_201"
1 203 "cell_202"
1 204 "cell_203"
1 205 "cell_204"
1 206 "cell_205"
1 207 "cell_206"
1 208 "cell_207"
1 209 "cell_208"
1 210 "cell_209"
1 211 "cell_210"
1 212 "cell_211"
1 213 "cell_212"
1 214 "cell_213"
1 215 "cell_214"
1 216 "cell_215"
1 217 "cell_216"
1 218 "cell_217"
1 219 "cell_218"
1 220 "cell_219"
1 221 "cell_220"
1 222 "cell_221"
1 223 "cell_222"
1 224 "cell_223"
1 225 "cell_224"
1 226 "cell_225"
1 227 "cell_226"
1 228 "cell_227"
1 229 "cell_228"
1 230 "cell_229"
1 231 "cell_230"
1 232 "cell_231"
1 233 "cell_232"
1 234 "cell_233"
1 235 "cell_234"
1 236 "cell_235"
1 237 "cell_236"
1 238 "cell_237"
1 239 "cell_238"
1 240 "cell_239"
1 241 "cell_240"
1 242 "cell_241"
1 243 "cell_242"
1 244 "cell_243"
1 245 "cell_244"
1 246 "cell_245"
1 247 "cell_246"
1 248 "cell_247"
1 249 "cell_248"
1 250 "cell_249"
1 251 "cell_250"
1 252 "cell_251"
1 253 "cell_252"
1 254 "cell_253"
1 255 "cell_254"
1 256 "cell_255"
1 257 "cell_256"
1 258 "cell_257"
1 259 "cell_258"
1 260 "cell_259"
1 261 "cell_260"
1 262 "cell_261"
1 263 "cell_262"
1 264 "cell_263"
1 265 "cell_264"
1 266 "cell_265"
1 267 "cell_266"
1 268 "cell_267"
1 269 "cell_268"
1 270 "cell_269"
1 271 "cell_270"
1 272 "cell_271"
1 273 "cell_272"
1 274 "cell_273"
1 275 "cell_274"
1 276 "cell_275"
1 277 "cell_276"
1 278 "cell_277"
1 279 "cell_278"
1 280 "cell_279"
1 281 "cell_280"
1 282 "cell_281"
1 283 "cell_282"
1 284 "cell_283"
1 285 "cell_284"
1 286 "cell_285"
1 287 "cell_286"
1 288 "cell_287"
1 289 "cell_288"
1 290 "cell_289"
1 291 "cell_290"
1 292 "cell_291"
1 293 "cell_292"
1 294 "cell_293"
1 295 "cell_294"
1 296 "cell_295"
1 297 "cell_296"
1 298 "cell_297"
1 299 "cell_298"
1 300 "cell_299"
1 301 "cell_300"
1 302 "cell_301"
1 303 "cell_302"
1 304 "cell_303"
1 305 "cell_304"
1 306 "cell_305"
1 307 "cell_306"
1 308 "cell_307"
1 309 "cell_308"
1 310 "cell_309"
1 311 "cell_310"
1 312 "cell_311"
1 313 "cell_312"
1 314 "cell_313"
1 315 "cell_314"
1 316 "cell_315"
1 317 "cell_316"
1 318 "cell_317"
1 319 "cell_318"
1 320 "cell_319"
1 321 "cell_320"
1 322 "cell_321"
1 323 "cell_322"
1 324 "cell_323"
1 325 "cell_324"
1 326 "cell_325"
1 327 "cell_326"
1 328 "cell_327"
1 329 "cell_328"
1 330 "cell_329"
1 331 "cell_330"
1 332 "cell_331"
1 333 "cell_332"
1 334 "cell_333"
1 335 "cell_334"
1 336 "cell_335"
1 337 "cell_336"
1 338 "cell_337"
1 339 "cell_338"
1 340 "cell_339"
1 341 "cell_340"
1 342 "cell_341"
1 343 "cell_342"
1 344 "cell_343"
1 345 "cell_344"
1 346 "cell_345"
1 347 "cell_346"
1 348 "cell_347"
1 349 "cell_348"
1 350 "cell_349"
1 351 "cell_350"
1 352 "cell_351"
1 353 "cell_352"
1 354 "cell_353"
1 355 "cell_354"
1 356 "cell_355"
1 357 "cell_356"
1 358 "cell_357"
1 359 "cell_358"
1 360 "cell_359"
1 361 "cell_360"
1 362 "cell_361"
1 363 "cell_362"
1 364 "cell_363"
1 365 "cell_364"
1 366 "cell_365"
1 367 "cell_366"
1 368 "cell_367"
1 369 "cell_368"
1 370 "cell_369"
1 371 "cell_370"
1 372 "cell_371"
1 373 "cell_372"
1 374 "cell_373"
1 375 "cell_374"
1 376 "cell_375"
1 377 "cell_376"
1 378 "cell_377"
1 379 "cell_378"
1 380 "cell_379"
1 381 "cell_380"
1 382 "cell_381"
1 383 "cell_382"
1 384 "cell_383"
1 385 "cell_384"
1 386 "cell_385"
1 387 "cell_386"
1 388 "cell_387"
1 389 "cell_388"
1 390 "cell_389"
1 391 "cell_390"
1 392 "cell_391"
1 393 "cell_392"
1 394 "cell_393"
1 395 "cell_394"
1 396 "cell_395"
1 397 "cell_396"
1 398 "cell_397"
1 399 "cell_398"
1 400 "cell_399"
1 401 "cell_400"
1 402 "cell_401"
1 403 "cell_402"
1 404 "cell_403"
1 405 "cell_404"
1 406 "cell_405"
1 407 "cell_406"
1 408 "cell_407"
1 409 "cell_408"
1 410 "cell_409"
1 411 "cell_410"
1 412 "cell_411"
1 413 "cell_412"
1 414 "cell_413"
1 415 "cell_414"
1 416 "cell_415"
1 417 "cell_416"
1 418 "cell_417"
1 419 "cell_418"
1 420 "cell_419"
1 421 "cell_420"
1 422 "cell_421"
1 423 "cell_422"
1 424 "cell_423"
1 425 "cell_424"
1 426 "cell_425"
1 427 "cell_426"
1 428 "cell_427"
1 429 "cell_428"
1 430 "cell_429"
1 431 "cell_430"
1 432 "cell_431"
1 433 "cell_432"
1 434 "cell_433"
1 435 "cell_434"
1 436 "cell_435"
1 437 "cell_436"
1 438 "cell_437"
1 439 "cell_438"
1 440 "cell_439"
1 441 "cell_440"
1 442 "cell_441"
1 443 "cell_442"
1 444 "cell_443"
1 445 "cell_444"
1 446 "cell_445"
1 447 "cell_446"
1 448 "cell_447"
1 449 "cell_448"
1 450 "cell_449"
1 451 "cell_450"
1 452 "cell_451"
1 453 "cell_452"
1 454 "cell_453"
1 455 "cell_454"
1 456 "cell_455"
1 457 "cell_456"
1 458 "cell_457"
1 459 "cell_458"
1 460 "cell_459"
1 461 "cell_460"
1 462 "cell_461"
1 463 "cell_462"
1 464 "cell_463"
1 465 "cell_464"
1 466 "cell_465"
1 467 "cell_466"
1 468 "cell_467"
1 469 "cell_468"
1 470 "cell_469"
1 471 "cell_470"
1 472 "cell_471"
1 473 "cell_472"
1 474 "cell_473"
1 475 "cell_474"
1 476 "cell_475"
1 477 "cell_476"
1 478 "cell_477"
1 479 "cell_478"
1 480 "cell_479"
1 481 "cell_480"
1 482 "cell_481"
1 483 "cell_482"
1 484 "cell_483"
1 485 "cell_484"
1 486 "cell_485"
1 487 "cell_486"
1 488 "cell_487"
1 489 "cell_488"
1 490 "cell_489"
1 491 "cell_490"
1 492 "cell_491"
1 493 "cell_492"
1 494 "cell_493"
1 495 "cell_494"
1 496 "cell_495"
1 497 "cell_496"
1 498 "cell_497"
1 499 "cell_498"
1 500 "cell_499"
1 501 "cell_500"
1 502 "cell_501"
1 503 "cell_502"
1 504 "cell_503"
1 505 "cell_504"
1 506 "cell_505"
1 507 "cell_506"
1 508 "cell_507"
1 509 "cell_508"
1 510 "cell_509"
1 511 "cell_510"
1 512 "cell_511"
1 513 "cell_512"
1 514 "cell_513"
1 515 "cell_514"
1 516 "cell_515"
1 517 "cell_516"
1 518 "cell_517"
1 519 "cell_518"
1 520 "cell_519"
1 521 "cell_520"
1 522 "cell_521"
1 523 "cell_522"
1 524 "cell_523"
1 525 "cell_524"
1 526 "cell_525"
1 527 "cell_526"
1 528 "cell_527"
1 529 "cell_528"
1 530 "cell_529"
1 531 "cell_530"
1 532 "cell_531"
1 533 "cell_532"
1 534 "cell_533"
1 535 "cell_534"
1 536 "cell_535"
1 537 "cell_536"
1 538 "cell_537"
1 539 "cell_538"
1 540 "cell_539"
1 541 "cell_540"
1 542 "cell_541"
1 543 "cell_542"
1 544 "cell_543"
1 545 "cell_544"
1 546 "cell_545"
1 547 "cell_546"
1 548 "cell_547"
1 549 "cell_548"
1 550 "cell_549"
1 551 "cell_550"
1 552 "cell_551"
1 553 "cell_552"
1 554 "cell_553"
1 555 "cell_554"
1 556 "cell_555"
1 557 "cell_556"
1 558 "cell_557"
1 559 "cell_558"
1 560 "cell_559"
1 561 "cell_560"
1 562 "cell_561"
1 563 "cell_562"
1 564 "cell_563"
1 565 "cell_564"
1 566 "cell_565"
1 567 "cell_566"
1 568 "cell_567"
1 569 "cell_568"
1 570 "cell_569"
1 571 "cell_570"
1 572 "cell_571"
1 573 "cell_572"
1 574 "cell_573"
1 575 "cell_574"
1 576 "cell_575"
1 577 "cell_576"
1 578 "cell_577"
1 579 "cell_578"
1 580 "cell_579"
1 581 "cell_580"
1 582 "cell_581"
1 583 "cell_582"
1 584 "cell_583"
1 585 "cell_584"
1 586 "cell_585"
1 587 "cell_586"
1 588 "cell_587"
1 589 "cell_588"
1 590 "cell_589"
1 591 "cell_590"
1 592 "cell_591"
1 593 "cell_592"
1 594 "cell_593"
1 595 "cell_594"
1 596 "cell_595"
1 597 "cell_596"
1 598 "cell_597"
1 599 "cell_598"
1 600 "cell_599"
1 601 "cell_600"
1 602 "cell_601"
1 603 "cell_602"
1 604 "cell_603"
1 605 "cell_604"
1 606 "cell_605"
1 607 "cell_606"
1 608 "cell_607"
1 609 "cell_608"
1 610 "cell_609"
1 611 "cell_610"
1 612 "cell_611"
1 613 "cell_612"
1 614 "cell_613"
1 615 "cell_614"
1 616 "cell_615"
1 617 "cell_616"
1 618 "cell_617"
1 619 "cell_618"
1 620 "cell_619"
1 621 "cell_620"
1 622 "cell_621"
1 623 "cell_622"
1 624 "cell_623"
1 625 "cell_624"
1 626 "cell_625"
1 627 "cell_626"
1 628 "cell_627"
1 629 "cell_628"
1 630 "cell_629"
1 631 "cell_630"
1 632 "cell_631"
1 633 "cell_632"
1 634 "cell_633"
1 635 "cell_634"
1 636 "cell_635"
1 637 "cell_636"
1 638 "cell_637"
1 639 "cell_638"
1 640 "cell_639"
1 641 "cell_640"
1 642 "cell_641"
1 643 "cell_642"
1 644 "cell_643"
1 645 "cell_644"
1 646 "cell_645"
1 647 "cell_646"
1 648 "cell_647"
1 649 "cell_648"
1 650 "cell_649"
1 651 "cell_650"
1 652 "cell_651"
1 653 "cell_652"
1 654 "cell_653"
1 655 "cell_654"
1 656 "cell_655"
1 657 "cell_656"
1 658 "cell_657"
1 659 "cell_658"
1 660 "cell_659"
1 661 "cell_660"
1 662 "cell_661"
1 663 "cell_662"
1 664 "cell_663"
1 665 "cell_664"
1 666 "cell_665"
1 667 "cell_666"
1 668 "cell_667"
1 669 "cell_668"
1 670 "cell_669"
1 671 "cell_670"
1 672 "cell_671"
1 673 "cell_672"
1 674 "cell_673"
1 675 "cell_674"
1 676 "cell_675"
1 677 "cell_676"
1 678 "cell_677"
1 679 "cell_678"
1 680 "cell_679"
1 681 "cell_680"
1 682 "cell_681"
1 683 "cell_682"
1 684 "cell_683"
1 685 "cell_684"
1 686 "cell_685"
1 687 "cell_686"
1 688 "cell_687"
1 689 "cell_688"
1 690 "cell_689"
1 691 "cell_690"
1 692 "cell_691"
1 693 "cell_692"
1 694 "cell_693"
1 695 "cell_694"
1 696 "cell_695"
1 697 "cell_696"
1 698 "cell_697"
1 699 "cell_698"
1 700 "cell_699"
1 701 "cell_700"
1 702 "cell_701"
1 703 "cell_702"
1 704 "cell_703"
1 705 "cell_704"
1 706 "cell_705"
1 707 "cell_706"
1 708 "cell_707"
1 709 "cell_708"
1 710 "cell_709"
1 711 "cell_710"
1 712 "cell_711"
1 713 "cell_712"
1 714 "cell_713"
1 715 "cell_714"
1 716 "cell_715"
1 717 "cell_716"
1 718 "cell_717"
1 719 "cell_718"
1 720 "cell_719"
1 721 "cell_720"
1 722 "cell_721"
1 723 "cell_722"
1 724 "cell_723"
1 725 "cell_724"
1 726 "cell_725"
1 727 "cell_726"
1 728 "cell_727"
1 729 "cell_728"
1 730 "cell_729"
1 731 "cell_730"
1 732 "cell_731"
1 733 "cell_732"
1 734 "cell_733"
1 735 "cell_734"
1 736 "cell_735"
1 737 "cell_736"
1 738 "cell_737"
1 739 "cell_738"
1 740 "cell_739"
1 741 "cell_740"
1 742 "cell_741"
1 743 "cell_742"
1 744 "cell_743"
1 745 "cell_744"
1 746 "cell_745"
1 747 "cell_746"
1 748 "cell_747"
1 749 "cell_748"
1 750 "cell_749"
1 751 "cell_750"
1 752 "cell_751"
1 753 "cell_752"
1 754 "cell_753"
1 755 "cell_754"
1 756 "cell_755"
1 757 "cell_756"
1 758 "cell_757"
1 759 "cell_758"
1 760 "cell_759"
1 761 "cell_760"
1 762 "cell_761"
1 763 "cell_762"
1 764 "cell_763"
1 765 "cell_764"
1 766 "cell_765"
1 767 "cell_766"
1 768 "cell_767"
1 769 "cell_768"
1 770 "cell_769"
1 771 "cell_770"
1 772 "cell_771"
1 773 "cell_772"
1 774 "cell_773"
1 775 "cell_774"
1 776 "cell_775"
1 777 "cell_776"
1 778 "cell_777"
1 779 "cell_778"
1 780 "cell_779"
1 781 "cell_780"
1 782 "cell_781"
1 783 "cell_782"
1 784 "cell_783"
1 785 "cell_784"
1 786 "cell_785"
1 787 "cell_786"
1 788 "cell_787"
1 789 "cell_788"
1 790 "cell_789"
1 791 "cell_790"
1 792 "cell_791"
1 793 "cell_792"
1 794 "cell_793"
1 795 "cell_794"
1 796 "cell_795"
1 797 "cell_796"
1 798 "cell_797"
1 799 "cell_798"
1 800 "cell_799"
1 801 "cell_800"
1 802 "cell_801"
1 803 "cell_802"
1 804 "cell_803"
1 805 "cell_804"
1 806 "cell_805"
1 807 "cell_806"
1 808 "cell_807"
1 809 "cell_808"
1 810 "cell_809"
1 811 "cell_810"
1 812 "cell_811"
1 813 "cell_812"
1 814 "cell_813"
1 815 "cell_814"
1 816 "cell_815"
1 817 "cell_816"
1 818 "cell_817"
1 819 "cell_818"
1 820 "cell_819"
1 821 "cell_820"
1 822 "cell_821"
1 823 "cell_822"
1 824 "cell_823"
1 825 "cell_824"
1 826 "cell_825"
1 827 "cell_826"
1 828 "cell_827"
1 829 "cell_828"
1 830 "cell_829"
1 831 "cell_830"
1 832 "cell_831"
1 833 "cell_832"
1 834 "cell_833"
1 835 "cell_834"
1 836 "cell_835"
1 837 "cell_836"
1 838 "cell_837"
1 839 "cell_838"
1 840 "cell_839"
1 841 "cell_840"
1 842 "cell_841"
1 843 "cell_842"
1 844 "cell_843"
1 845 "cell_844"
1 846 "cell_845"
1 847 "cell_846"
1 848 "cell_847"
1 849 "cell_848"
1 850 "cell_849"
1 851 "cell_850"
1 852 "cell_851"
1 853 "cell_852"
1 854 "cell_853"
1 855 "cell_854"
1 856 "cell_855"
1 857 "cell_856"
1 858 "cell_857"
1 859 "cell_858"
1 860 "cell_859"
1 861 "cell_860"
1 862 "cell_861"
1 863 "cell_862"
1 864 "cell_863"
1 865 "cell_864"
1 866 "cell_865"
1 867 "cell_866"
1 868 "cell_867"
1 869 "cell_868"
1 870 "cell_869"
1 871 "cell_870"
1 872 "cell_871"
1 873 "cell_872"
1 874 "cell_873"
1 875 "cell_874"
1 876 "cell_875"
1 877 "cell_876"
1 878 "cell_877"
1 879 "cell_878"
1 880 "cell_879"
1 881 "cell_880"
1 882 "cell_881"
1 883 "cell_882"
1 884 "cell_883"
1 885 "cell_884"
1 886 "cell_885"
1 887 "cell_886"
1 888 "cell_887"
1 889 "cell_888"
1 890 "cell_889"
1 891 "cell_890"
1 892 "cell_891"
1 893 "cell_892"
1 894 "cell_893"
1 895 "cell_894"
1 896 "cell_895"
1 897 "cell_896"
1 898 "cell_897"
1 899 "cell_898"
1 900 "cell_899"
1 901 "cell_900"
1 902 "cell_901"
1 903 "cell_902"
1 904 "cell_903"
1 905 "cell_904"
1 906 "cell_905"
1 907 "cell_906"
1 908 "cell_907"
1 909 "cell_908"
1 910 "cell_909"
1 911 "cell_910"
1 912 "cell_911"
1 913 "cell_912"
1 914 "cell_913"
1 915 "cell_914"
1 916 "cell_915"
1 917 "cell_916"
1 918 "cell_917"
1 919 "cell_918"
1 920 "cell_919"
1 921 "cell_920"
1 922 "cell_921"
1 923 "cell_922"
1 924 "cell_923"
1 925 "cell_924"
1 926 "cell_925"
1 927 "cell_926"
1 928 "cell_927"
1 929 "cell_928"
1 930 "cell_929"
1 931 "cell_930"
1 932 "cell_931"
1 933 "cell_932"
1 934 "cell_933"
1 935 "cell_934"
1 936 "cell_935"
1 937 "cell_936"
1 938 "cell_937"
1 939 "cell_938"
1 940 "cell_939"
1 941 "cell_940"
1 942 "cell_941"
1 943 "cell_942"
1 944 "cell_943"
1 945 "cell_944"
1 946 "cell_945"
1 947 "cell_946"
1 948 "cell_947"
1 949 "cell_948"
1 950 "cell_949"
1 951 "cell_950"
1 952 "cell_951"
1 953 "cell_952"
1 954 "cell_953"
1 955 "cell_954"
1 956 "cell_955"
1 957 "cell_956"
1 958 "cell_957"
1 959 "cell_958"
1 960 "cell_959"
1 961 "cell_960"
1 962 "cell_961"
1 963 "cell_962"
1 964 "cell_963"
1 965 "cell_964"
1 966 "cell_965"
1 967 "cell_966"
1 968 "cell_967"
1 969 "cell_968"
1 970 "cell_969"
1 971 "cell_970"
1 972 "cell_971"
1 973 "cell_972"
1 974 "cell_973"
1 975 "cell_974"
1 976 "cell_975"
1 977 "cell_976"
1 978 "cell_977"
1 979 "cell_978"
1 980 "cell_979"
1 981 "cell_980"
1 982 "cell_981"
1 983 "cell_982"
1 984 "cell_983"
1 985 "cell_984"
1 986 "cell_985"
1 987 "cell_986"
1 988 "cell_987"
1 989 "cell_988"
1 990 "cell_989"
1 991 "cell_990"
1 992 "cell_991"
1 993 "cell_992"
1 994 "cell_993"
1 995 "cell_994"
1 996 "cell_995"
1 997 "cell_996"
1 998 "cell_997"
1 999 "cell_998"
1 1000 "cell_999"
$EndPhysicalNames
$Nodes
1331
1 0 0 0
2 0 0 0.1
3 0 0 0.2
4 0 0 0.3
5 0 0 0.4
6 0 0 0.5
7 0 0 0.6
8 0 0 0.7
9 0 0 0.8
10 0 0 0.9
11 0 0 1
12 0 0.1 0
13 0 0.1 0.1
14 0 0.1 0.2
15 0 0.1 0.3
16 0 0.1 0.4
17 0 0.1 0.5
18 0 0.1 0.6
19 0 0.1 0.7
20 0 0.1 0.8
21 0 0.1 0.9
22 0 0.1 1
23 0 0.2 0
24 0 0.2 0.1
25 0 0.2 0.2
26 0 0.2 0.3
27 0 0.2 0.4
28 0 0.2 0.5
29 0 0.2 0.6
30 0 0.2 0.7
31 0 0.2 0.8
32 0 0.2 0.9
33 0 0.2 1
34 0 0.3 0
35 0 0.3 0.1
36 0 0.3 0.2
37 0 0.3 0.3
38 0 0.3 0.4
39 0 0.3 0.5
40 0 0.3 0.6
41 0 0.3 0.7
42 0 0.3 0.8
43 0 0.3 0.9
44 0 0.3 1
45 0 0.4 0
46 0 0.4 0.1
47 0 0.4 0.2
48 0 0.4 0.3
49 0 0.4 0.4
50 0 0.4 0.5
51 0 0.4 0.6
52 0 0.4 0.7
53 0 0.4 0.8
54 0 0.4 0.9
55 0 0.4 1
56 0 0.5 0
57 0 0.5 0.1
58 0 0.5 0.2
59 0 0.5 0.3
60 0 0.5 0.4
61 0 0.5 0.5
62 0 0.5 0.6
63 0 0.5 0.7
64 0 0.5 0.8
65 0 0.5 0.9
66 0 0.5 1
67 0 0.6 0
68 0 0.6 0.1
69 0 0.6 0.2
70 0 0.6 0.3
71 0 0.6 0.4
72 0 0.6 0.5
73 0 0.6 0.6
74 0 0.6 0.7
75 0 0.6 0.8
76 0 0.6 0.9
77 0 0.6 1
78 0 0.7 0
79 0 0.7 0.1
80 0 0.7 0.2
81 0 0.7 0.3
82 0 0.7 0.4
83 0 0.7 0.5
84 0 0.7 0.6
85 0 0.7 0.7
86 0 0.7 0.8
87 0 0.7 0.9
88 0 0.7 1
89 0 0.8 0
90 0 0.8 0.1
91 0 0.8 0.2
92 0 0.8 0.3
93 0 0.8 0.4
94 0 0.8 0.5
95 0 0.8 0.6
96 0 0.8 0.7
97 0 0.8 0.8
98 0 0.8 0.9
99 0 0.8 1
100 0 0.9 0
101 0 0.9 0.1
102 0 0.9 0.2
103 0 0.9 0.3
104 0 0.9 0.4
105 0 0.9 0.5
106 0 0.9 0.6
107 0 0.9 0.7
108 0 0.9 0.8
109 0 0.9 0.9
110 0 0.9 1
111 0 1 0
112 0 1 0.1
113 0 1 0.2
114 0 1 0.3
115 0 1 0.4
116 0 1 0.5
117 0 1 0.6
118 0 1 0.7
119 0 1 0.8
120 0 1 0.9
121 0 1 1
122 0.1 0 0
123 0.1 0 0.1
124 0.1 0 0.2
125 0.1 0 0.3
126 0.1 0 0.4
127 0.1 0 0.5
128 0.1 0 0.6
129 0.1 0 0.7
130 0.1 0 0.8
131 0.1 0 0.9
132 0.1 0 1
133 0.1 0.1 0
134 0.1042433592 0.1011164301 0.09915455355
135 0.10668016 0.09105991166 0.1929057508
136 0.09517604909 0.09137645078 0.2905801006
137 0.1025870796 0.1006140639 0.3920072643
138 0.1010131829 0.09396473076 0.5064410729
139 0.1025075663 0.1083188989 0.5945041012
140 0.09776781739 0.09621373665 0.6900164023
141 0.09680059241 0.1023942611 0.7908265838
142 0.1059319306 0.09034323154 0.8902173296
143 0.1 0.1 1
144 0.1 0.2 0
145 0.09740420832 0.1962094415 0.09051337848
146 0.1020017568 0.2012501734 0.2007558488
147 0.09302655041 0.1949286835 0.3052945784
148 0.0903607053 0.1912056951 0.4029339703
149 0.09023838196 0.2074526414 0.5048603714
150 0.0927907057 0.2042313972 0.6064161702
151 0.1046442324 0.2085308666 0.7023340346
152 0.1020854971 0.1946076235 0.8029596231
153 0.09663634895 0.1929724251 0.9030627367
154 0.1 0.2 1
155 0.1 0.3 0
156 0.1005121946 0.3015559564 0.09184178916
157 0.1050871609 0.3005232862 0.191907448
158 0.1013604311 0.3022740113 0.2968999452
159 0.1080248046 0.2957304831 0.3965257517
160 0.09960993236 0.306508487 0.4920053802
161 0.09060942137 0.3018224813 0.6013805124
162 0.1094178295 0.2947689044 0.691115528
163 0.1030467972 0.3082021117 0.8034848555
164 0.09059695317 0.2976085925 0.8994938069
165 0.1 0.3 1
166 0.1 0.4 0
167 0.09031467291 0.3996594011 0.1038650692
168 0.1061691787 0.4066043917 0.2066965286
169 0.1011060663 0.3924870981 0.2962764897
170 0.104616883 0.3995285652 0.4055321865
171 0.09524808659 0.3971612456 0.4912933352
172 0.0973438836 0.3990047042 0.6003318693
173 0.1047863361 0.3973026657 0.6962909099
174 0.09534703421 0.398175295 0.7952145974
175 0.1023800843 0.4024535333 0.8932977472
176 0.1 0.4 1
177 0.1 0.5 0
178 0.09070278238 0.5083915885 0.09259028898
179 0.1071070132 0.5096012904 0.2072857032
180 0.1015873516 0.5010965765 0.3000901182
181 0.09117609507 0.4957183289 0.3911835265
182 0.09988858574 0.4969599681 0.4908820616
183 0.109866958 0.495821803 0.5978168094
184 0.09480309031 0.4907747355 0.7057197998
185 0.1013027063 0.4935347097 0.8033795094
186 0.1065873207 0.5032592356 0.8937676544
187 0.1 0.5 1
188 0.1 0.6 0
189 0.105463595 0.5995934052 0.09581376532
190 0.1084682219 0.6081582831 0.1970924648
191 0.1078448988 0.5981330184 0.3092114471
192 0.1058464222 0.6019480423 0.3934904824
193 0.1005879002 0.5913785283 0.5083175144
194 0.09711358645 0.5987143976 0.5930997715
195 0.09084496579 0.592131947 0.7016869251
196 0.09044085324 0.6053871107 0.7954349496
197 0.1001023484 0.5986176959 0.8969692954
198 0.1 0.6 1
199 0.1 0.7 0
200 0.09701758041 0.7008821685 0.09130433625
201 0.09711962766 0.700201716 0.1905450835
202 0.09178717881 0.7030026028 0.2931564413
203 0.09122228398 0.7039326804 0.3918119539
204 0.103444361 0.6938420251 0.5015756932
205 0.1007948181 0.6917992959 0.6054978326
206 0.09790067008 0.702260934 0.7031082799
207 0.09399049509 0.704238344 0.7927649953
208 0.09715385785 0.6956068012 0.8950095353
209 0.1 0.7 1
210 0.1 0.8 0
211 0.1024509206 0.8012213668 0.1040415697
212 0.1050312395 0.8003368906 0.2073355806
213 0.09551391623 0.7981307125 0.2912653225
214 0.1017788408 0.7975656235 0.3976791397
215 0.1043523273 0.808695587 0.4908300596
216 0.1080956105 0.8088474172 0.6039175945
217 0.1071721347 0.7907453506 0.7008356535
218 0.1077393268 0.8075961187 0.7960550365
219 0.09417663809 0.8043780576 0.8958214943
220 0.1 0.8 1
221 0.1 0.9 0
222 0.09596655233 0.8996463457 0.09562078858
223 0.09987741056 0.8940915625 0.2024731927
224 0.09738135657 0.8997763012 0.2908017692
225 0.1098189033 0.8964581095 0.3916768847
226 0.09026830889 0.9057490994 0.5003537123
227 0.1064522258 0.8934002996 0.6098248671
228 0.09830742325 0.899250707 0.7039535121
229 0.1011873686 0.908287506 0.8073340731
230 0.1078755936 0.9005573704 0.8943266721
231 0.1 0.9 1
232 0.1 1 0
233 0.1 1 0.1
234 0.1 1 0.2
235 0.1 1 0.3
236 0.1 1 0.4
237 0.1 1 0.5
238 0.1 1 0.6
239 0.1 1 0.7
240 0.1 1 0.8
241 0.1 1 0.9
242 0.1 1 1
243 0.2 0 0
244 0.2 0 0.1
245 0.2 0 0.2
246 0.2 0 0.3
247 0.2 0 0.4
248 0.2 0 0.5
249 0.2 0 0.6
250 0.2 0 0.7
251 0.2 0 0.8
252 0.2 0 0.9
253 0.2 0 1
254 0.2 0.1 0
255 0.1963950072 0.1098178343 0.09979423487
256 0.1954152365 0.1097166151 0.1902865765
257 0.1971138386 0.09992957006 0.2934038454
258 0.2028590311 0.09665249239 0.4037910497
259 0.205267558 0.1083045635 0.4917179142
260 0.1993601615 0.09183740513 0.5947079285
261 0.1917447076 0.1061725214 0.707779703
262 0.1972474298 0.1006882163 0.7906415775
263 0.1909498233 0.09795753929 0.9007092672
264 0.2 0.1 1
265 0.2 0.2 0
266 0.1908940205 0.2015714688 0.0974161352
267 0.1940763688 0.1941830365 0.2082219645
268 0.1972090853 0.204200492 0.2988732743
269 0.2069790248 0.1926559296 0.3946963224
270 0.1937454759 0.1976534955 0.500714749
271 0.1935029843 0.2002173508 0.6028220299
272 0.2057706754 0.2034260141 0.6993751639
273 0.2065439988 0.2095710726 0.7995737123
274 0.2089044602 0.2007525221 0.9087711257
275 0.2 0.2 1
276 0.2 0.3 0
277 0.1963090224 0.2975216584 0.09092696543
278 0.2026108097 0.2966646196 0.2058764473
279 0.2029894411 0.294370612 0.295443159
280 0.2086252736 0.2993455314 0.4024870496
281 0.1941483961 0.2905911625 0.5040059249
282 0.203824313 0.3097488586 0.5975573244
283 0.2031357773 0.2911779029 0.6993033786
284 0.2077351416 0.3085007895 0.8034300315
285 0.1952363506 0.2930694765 0.8978053434
286 0.2 0.3 1
287 0.2 0.4 0
288 0.2067094553 0.4015813773 0.09113927144
289 0.1987152941 0.4018641435 0.1916720168
290 0.2073162102 0.394091416 0.2965461866
291 0.2083939445 0.3914933647 0.3964128593
292 0.2046658398 0.3989769028 0.5076581785
293 0.2083086295 0.3965877653 0.601061443
294 0.2020283741 0.4023778498 0.7015743715
295 0.1999506813 0.3968232728 0.806593057
296 0.1939004564 0.3909033411 0.8901906966
297 0.2 0.4 1
298 0.2 0.5 0
299 0.2078545444 0.4991338568 0.09479999496
300 0.2084834008 0.5027915668 0.1988129978
301 0.1966353308 0.5050163273 0.2905190458
302 0.2090573052 0.4905963749 0.3975198632
303 0.2043373747 0.5025148173 0.5075695557
304 0.2028051011 0.5022797421 0.6031397789
305 0.1914508011 0.4901108147 0.701282373
306 0.2010747962 0.4980352863 0.8063450611
307 0.2002764331 0.4905158788 0.9065047617
308 0.2 0.5 1
309 0.2 0.6 0
310 0.1914246068 0.5901709088 0.09980882292
311 0.2022751125 0.5965957031 0.1929756547
312 0.2025092967 0.5950631684 0.3099402709
313 0.1911864947 0.6021147907 0.3944939677
314 0.2097794585 0.5916523979 0.5047204994
315 0.1963302565 0.5917449211 0.5989911407
316 0.1908502557 0.5976842408 0.6978484465
317 0.191448102 0.5963474426 0.8022118794
318 0.2026389174 0.5942639517 0.8914769511
319 0.2 0.6 1
320 0.2 0.7 0
321 0.1958152033 0.7066749545 0.1004632694
322 0.1962697101 0.7009924608 0.2005544516
323 0.2086123294 0.6901106444 0.3002417544
324 0.2075158372 0.6944774714 0.3941181416
325 0.2048457634 0.7021898666 0.5073478202
326 0.207175007 0.6927909686 0.6047556357
327 0.2049263738 0.7061270692 0.7063421475
328 0.1955898781 0.7094418876 0.7994913443
329 0.195115206 0.7086975175 0.892958273
330 0.2 0.7 1
331 0.2 0.8 0
332 0.2019785036 0.7910136014 0.102547752
333 0.1931455761 0.8085651473 0.2030443636
334 0.2062393104 0.7910058378 0.3061464222
335 0.2017354076 0.8089915446 0.4088861102
336 0.2051681092 0.7940727965 0.5076609415
337 0.1971743798 0.7939761078 0.5984757777
338 0.2017718345 0.7944630607 0.6964132959
339 0.1961925238 0.8053065041 0.8033951905
340 0.1969254977 0.8055065878 0.9018578085
341 0.2 0.8 1
342 0.2 0.9 0
343 0.2061382453 0.8922962076 0.1061053266
344 0.1911998151 0.9015291329 0.2013330173
345 0.1955617264 0.8980907928 0.3047625486
346 0.2015373116 0.9080130062 0.4003096833
347 0.209853803 0.8979925759 0.509799708
348 0.200818881 0.8945720575 0.5928911171
349 0.1952501575 0.8974534741 0.7018766927
350 0.2092084374 0.9066214678 0.8051310823
351 0.2020245806 0.8933359064 0.8953663722
352 0.2 0.9 1
353 0.2 1 0
354 0.2 1 0.1
355 0.2 1 0.2
356 0.2 1 0.3
357 0.2 1 0.4
358 0.2 1 0.5
359 0.2 1 0.6
360 0.2 1 0.7
361 0.2 1 0.8
362 0.2 1 0.9
363 0.2 1 1
364 0.3 0 0
365 0.3 0 0.1
366 0.3 0 0.2
367 0.3 0 0.3
368 0.3 0 0.4
369 0.3 0 0.5
370 0.3 0 0.6
371 0.3 0 0.7
372 0.3 0 0.8
373 0.3 0 0.9
374 0.3 0 1
375 0.3 0.1 0
376 0.3072301218 0.1039975748 0.09896512457
377 0.3070938575 0.1055860513 0.1976643855
378 0.2949054581 0.1070373699 0.2901081588
379 0.2974047284 0.1036421743 0.3993174694
380 0.2975126739 0.1099668004 0.5093564466
381 0.2917786535 0.09676985614 0.6082133914
382 0.2994218993 0.09656784146 0.7027059406
383 0.291521149 0.09001616339 0.7979106513
384 0.305684165 0.0904270809 0.9069693246
385 0.3 0.1 1
386 0.3 0.2 0
387 0.2913245854 0.1908617404 0.09837138056
388 0.3008471082 0.1965452463 0.200093139
389 0.3051990827 0.2095629023 0.2962715465
390 0.2925528753 0.1989606565 0.402817391
391 0.3082525635 0.2087536221 0.4941421394
392 0.3031233775 0.1905720913 0.5930576517
393 0.3007585448 0.2053813334 0.7001022086
394 0.2932677293 0.1962218762 0.8014025697
395 0.2937016346 0.2019150527 0.9058351244
396 0.3 0.2 1
397 0.3 0.3 0
398 0.2943765124 0.3001621965 0.09915963916
399 0.3055354017 0.2933957069 0.1958016731
400 0.2926829867 0.2977344926 0.3031746687
401 0.3069738017 0.3078424642 0.4098115441
402 0.3029731232 0.2936864896 0.5068747203
403 0.2966099413 0.2992815867 0.6098683584
404 0.3027358746 0.2912939363 0.6932257985
405 0.2964014162 0.2934480397 0.7998040327
406 0.3034857123 0.2939495014 0.9050033502
407 0.3 0.3 1
408 0.3 0.4 0
409 0.2928509767 0.4008811406 0.1083780359
410 0.2919187485 0.4051404887 0.1972469887
411 0.2903065442 0.3978178161 0.3066667944
412 0.2934393636 0.3929995479 0.3935806482
413 0.2967232716 0.3959355105 0.4992160739
414 0.3031543101 0.3953244061 0.5916061069
415 0.3009379145 0.3972393418 0.6932739481
416 0.3037338898 0.391438016 0.805643387
417 0.3017505058 0.3955711768 0.9076414705
418 0.3 0.4 1
419 0.3 0.5 0
420 0.3074253974 0.5030854168 0.09195705812
421 0.3065407355 0.506312075 0.2096536634
422 0.2918210361 0.5040647901 0.309557878
423 0.2939250791 0.4963960655 0.3909584991
424 0.2958875252 0.4926252797 0.5098262466
425 0.2996877478 0.499253765 0.6053145488
426 0.2925860219 0.5075518225 0.701438491
427 0.2931266163 0.5041390285 0.8098549306
428 0.2923180847 0.5047690181 0.8908812185
429 0.3 0.5 1
430 0.3 0.6 0
431 0.3080913152 0.5908224748 0.1031021697
432 0.2955789513 0.6002507362 0.2027294919
433 0.3002125183 0.591002498 0.3049573728
434 0.3096043166 0.5963024563 0.4050093054
435 0.3040756003 0.6080663269 0.4939255961
436 0.3095342893 0.5948186298 0.5953277229
437 0.2908580492 0.5986103976 0.6976185504
438 0.2960251494 0.5966515339 0.8085487142
439 0.306246876 0.5972893475 0.9094249607
440 0.3 0.6 1
441 0.3 0.7 0
442 0.2918629379 0.7006156021 0.1057643876
443 0.2986456 0.6944557883 0.1999113342
444 0.2953734597 0.6904490661 0.2918652051
445 0.2944817649 0.6927119439 0.3958219802
446 0.3004232059 0.6927568774 0.5036422813
447 0.3054211569 0.7051559097 0.5973457589
448 0.3066640013 0.7094681741 0.7070296947
449 0.2927302462 0.6973598697 0.7960352198
450 0.3057997582 0.6955934896 0.8984015193
451 0.3 0.7 1
452 0.3 0.8 0
453 0.3080816372 0.8063708214 0.105073616
454 0.3077066667 0.8056048171 0.199126234
455 0.3084106817 0.7911252189 0.3097815255
456 0.2965289432 0.7986896682 0.398374337
457 0.3029634759 0.8040057825 0.500327537
458 0.2972202391 0.802364862 0.6009448903
459 0.3077444867 0.7992894771 0.7073447172
460 0.2999347835 0.7972780167 0.8095183459
461 0.3088906684 0.8072715922 0.9030028265
462 0.3 0.8 1
463 0.3 0.9 0
464 0.2987418909 0.8923575885 0.1092216282
465 0.2936022328 0.9086371779 0.1953710193
466 0.3043717332 0.9021829866 0.3087150456
467 0.3097594539 0.8932685639 0.3907412214
468 0.2911567044 0.8967948141 0.4907765733
469 0.29866988 0.9011065247 0.6076210884
470 0.2914503014 0.8936458173 0.694047953
471 0.2984635954 0.8932880895 0.809822209
472 0.3046734912 0.8964958792 0.9007846962
473 0.3 0.9 1
474 0.3 1 0
475 0.3 1 0.1
476 0.3 1 0.2
477 0.3 1 0.3
478 0.3 1 0.4
479 0.3 1 0.5
480 0.3 1 0.6
481 0.3 1 0.7
482 0.3 1 0.8
483 0.3 1 0.9
484 0.3 1 1
485 0.4 0 0
486 0.4 0 0.1
487 0.4 0 0.2
488 0.4 0 0.3
489 0.4 0 0.4
490 0.4 0 0.5
491 0.4 0 0.6
492 0.4 0 0.7
493 0.4 0 0.8
494 0.4 0 0.9
495 0.4 0 1
496 0.4 0.1 0
497 0.3924602701 0.1097219523 0.1084731117
498 0.3923764358 0.09756898626 0.2005687757
499 0.4087033971 0.09701361961 0.2999846567
500 0.4053333299 0.1059269695 0.4031822972
501 0.3940026375 0.09575136744 0.4983330742
502 0.3908678558 0.1000887634 0.6054538628
503 0.4005329684 0.09470070012 0.7062518571
504 0.4015912865 0.1048472687 0.794933075
505 0.4059170272 0.1019137186 0.899720762
506 0.4 0.1 1
507 0.4 0.2 0
508 0.4043095574 0.1993858639 0.1045067109
509 0.4033199226 0.1914952324 0.1930278528
510 0.4020565939 0.1908065813 0.2922284357
511 0.4029335089 0.1920481152 0.4072162757
512 0.3963633386 0.2079788459 0.5075825415
513 0.4029813783 0.2006911507 0.5956726953
514 0.3979760513 0.2015206073 0.691642156
515 0.4082345625 0.1950259094 0.7939634333
516 0.3994252451 0.1915931686 0.901269096
517 0.4 0.2 1
518 0.4 0.3 0
519 0.4035655717 0.3052309889 0.09310160168
520 0.4046600335 0.3011397911 0.1913094023
521 0.3959320073 0.3059147525 0.2915814688
522 0.4021375917 0.3000540413 0.4072822377
523 0.3924265753 0.3048209787 0.4903063724
524 0.3964449408 0.2936177714 0.607662508
525 0.3979416849 0.291196011 0.7045829772
526 0.3927938613 0.2911842201 0.7976506569
527 0.4025656121 0.2940670953 0.8999663982
528 0.4 0.3 1
529 0.4 0.4 0
530 0.3944475462 0.3980066538 0.09060037804
531 0.4098362156 0.404307416 0.2056323528
532 0.3917858687 0.4078114272 0.2908210571
533 0.4024756623 0.4008922952 0.3952634519
534 0.3957311325 0.4089138766 0.5070052462
535 0.3987909296 0.4089731708 0.5912953161
536 0.405971796 0.4024351346 0.6905596735
537 0.4062133144 0.3950761359 0.797760701
538 0.4015010983 0.4012202349 0.9000505091
539 0.4 0.4 1
540 0.4 0.5 0
541 0.3934061331 0.506262524 0.09464167637
542 0.3925492725 0.4915220408 0.2022005143
543 0.4004082513 0.5089423826 0.3073259941
544 0.3936381712 0.5003773649 0.4092882701
545 0.3962372106 0.507276871 0.4952101066
546 0.4073336342 0.4924849153 0.5991723631
547 0.4058551167 0.4983932109 0.7059150155
548 0.3967528024 0.4907068697 0.7908417307
549 0.4044285195 0.5095124771 0.902258754
550 0.4 0.5 1
551 0.4 0.6 0
552 0.3952066602 0.5941358545 0.09928636205
553 0.4037365575 0.6030786704 0.1940658038
554 0.4048044612 0.6032504273 0.3016698944
555 0.3978820083 0.5971798685 0.4062033441
556 0.3971724041 0.6088702151 0.5006711598
557 0.3928200499 0.6089528817 0.5969853431
558 0.3985450107 0.6084028933 0.7003676737
559 0.3996856027 0.5992302745 0.7905967071
560 0.3982962068 0.6052796093 0.9083363735
561 0.4 0.6 1
562 0.4 0.7 0
563 0.4055539716 0.6985827415 0.09207431301
564 0.4086653419 0.7081297567 0.2007368576
565 0.3941606514 0.6943332892 0.2927434733
566 0.3984320665 0.7052107388 0.3905367376
567 0.4037560302 0.70339541 0.4949266718
568 0.4051543561 0.6909167899 0.5991795021
569 0.4052293728 0.6964465458 0.6983940967
570 0.3935264542 0.6962015383 0.7985062358
571 0.4074234115 0.6929751109 0.8976853552
572 0.4 0.7 1
573 0.4 0.8 0
574 0.3927917306 0.7994210429 0.09569796399
575 0.4025344297 0.8084731711 0.2070158715
576 0.392292509 0.7977191426 0.2914442155
577 0.4080638886 0.7967586483 0.3992020405
578 0.4032173651 0.7964861305 0.4929519917
579 0.4066913303 0.7961095614 0.5989105758
580 0.3916081878 0.8088371405 0.6982894972
581 0.4068977186 0.7941381445 0.7989264344
582 0.4053830601 0.8031527073 0.8921303078
583 0.4 0.8 1
584 0.4 0.9 0
585 0.4076472417 0.908175178 0.1056221388
586 0.3987635092 0.9088853756 0.2069891322
587 0.3901357764 0.9014245125 0.2926298827
588 0.4007175448 0.8926851735 0.4059368633
589 0.3994306624 0.9052994049 0.4926708425
590 0.4017959698 0.9017569983 0.607434137
591 0.3950188714 0.9017583209 0.6957622598
592 0.4050586724 0.9010949136 0.8033116377
593 0.3960309965 0.8999516583 0.8976461285
594 0.4 0.9 1
595 0.4 1 0
596 0.4 1 0.1
597 0.4 1 0.2
598 0.4 1 0.3
599 0.4 1 0.4
600 0.4 1 0.5
601 0.4 1 0.6
602 0.4 1 0.7
603 0.4 1 0.8
604 0.4 1 0.9
605 0.4 1 1
606 0.5 0 0
607 0.5 0 0.1
608 0.5 0 0.2
609 0.5 0 0.3
610 0.5 0 0.4
611 0.5 0 0.5
612 0.5 0 0.6
613 0.5 0 0.7
614 0.5 0 0.8
615 0.5 0 0.9
616 0.5 0 1
617 0.5 0.1 0
618 0.4953385035 0.1096208986 0.09563611924
619 0.5017722094 0.09275384113 0.2021779393
620 0.504529614 0.09943409823 0.2950237755
621 0.5065500885 0.09713523079 0.4066182785
622 0.4994061591 0.09206673638 0.4903631562
623 0.5064731139 0.093797503 0.5974628798
624 0.4918974677 0.09454312164 0.6971326364
625 0.5062780041 0.09647680457 0.7920171078
626 0.4935952861 0.1052438476 0.9000498116
627 0.5 0.1 1
628 0.5 0.2 0
629 0.501147749 0.1985300618 0.09093671269
630 0.4908700047 0.2054695757 0.2048963193
631 0.4985879603 0.1966375861 0.3009087938
632 0.5048650381 0.1950361661 0.399782737
633 0.4950408407 0.2074737126 0.4907691154
634 0.4987257446 0.1909976407 0.6082741506
635 0.5035788239 0.1902502107 0.7044228522
636 0.4980958031 0.1900803061 0.7930600423
637 0.5012504392 0.203208421 0.9066135131
638 0.5 0.2 1
639 0.5 0.3 0
640 0.4924625768 0.3052867534 0.105031811
641 0.4962051984 0.3027645748 0.2092431049
642 0.5062669294 0.299312611 0.2985138315
643 0.494334217 0.2982978629 0.3996246612
644 0.5007633022 0.3046505453 0.4950404447
645 0.5082036848 0.3031659355 0.6012217183
646 0.4916282206 0.2900908283 0.696619906
647 0.5021193027 0.304781133 0.8053322562
648 0.4937493337 0.2996391151 0.8913370106
649 0.5 0.3 1
650 0.5 0.4 0
651 0.5082726577 0.395265856 0.09199851087
652 0.5044723983 0.3933693743 0.2021542878
653 0.5041066282 0.3943571371 0.3081582165
654 0.5012756584 0.4007364515 0.4046638178
655 0.5063379755 0.3972729571 0.4997372812
656 0.5035439679 0.3930879619 0.6052391642
657 0.4990404358 0.4035506491 0.6940657616
658 0.500691498 0.4035822997 0.7959355558
659 0.5094916702 0.3902177616 0.9029840397
660 0.5 0.4 1
661 0.5 0.5 0
662 0.5011820219 0.504513322 0.1082385424
663 0.5076123205 0.5039341372 0.1911270863
664 0.4945772831 0.5059008673 0.3007835109
665 0.5057389113 0.4942228262 0.4023536113
666 0.4953473295 0.5079061745 0.493750932
667 0.4998442797 0.4935299083 0.5927891313
668 0.4982832407 0.5015671284 0.6931368144
669 0.5040022641 0.4954803193 0.808344028
670 0.4933983656 0.5040821892 0.8906141068
671 0.5 0.5 1
672 0.5 0.6 0
673 0.5029302765 0.6084678065 0.09786800556
674 0.4970053383 0.5998152685 0.2020295358
675 0.5050720698 0.6046642825 0.305034402
676 0.5058960255 0.6087829438 0.4038028279
677 0.5049544236 0.6052063345 0.4935563089
678 0.5095924558 0.5973455454 0.5921137683
679 0.5071893938 0.5980676857 0.7061802975
680 0.4943044634 0.6079770921 0.7928566693
681 0.4923341383 0.5970836533 0.9088327292
682 0.5 0.6 1
683 0.5 0.7 0
684 0.4906811198 0.6947606435 0.107455867
685 0.5065334417 0.7070143852 0.204964944
686 0.4980208501 0.7079022089 0.3036683328
687 0.5048581628 0.7048282386 0.400848148
688 0.494799861 0.7039331088 0.5004096694
689 0.498152597 0.7045637947 0.6054794543
690 0.5074734772 0.6929869101 0.7041621048
691 0.4957916966 0.7076839166 0.8038260098
692 0.5008172994 0.6974049573 0.8945251758
693 0.5 0.7 1
694 0.5 0.8 0
695 0.4904619872 0.7943556101 0.09482278915
696 0.5071679041 0.8050343037 0.1961220058
697 0.4936781774 0.7962448901 0.3023851956
698 0.5067779275 0.8056047095 0.4062628971
699 0.4970781785 0.8088467471 0.4957914422
700 0.4927707116 0.7920252124 0.6012510394
701 0.4981347927 0.7933355974 0.7050712701
702 0.5038814363 0.8043429202 0.8067249035
703 0.495533701 0.7987156355 0.8908081915
704 0.5 0.8 1
705 0.5 0.9 0
706 0.5000172208 0.8977525572 0.1058365487
707 0.4981939736 0.9066645941 0.2052005025
708 0.5025357536 0.8936433929 0.2914060206
709 0.5042750127 0.9012148182 0.4007782009
710 0.4972363703 0.8935563944 0.4912437326
711 0.5085038121 0.9091511791 0.5974700354
712 0.4924553812 0.9008601178 0.6935704555
713 0.4943295562 0.9069477416 0.7902329612
714 0.49249327 0.9027176336 0.892887855
715 0.5 0.9 1
716 0.5 1 0
717 0.5 1 0.1
718 0.5 1 0.2
719 0.5 1 0.3
720 0.5 1 0.4
721 0.5 1 0.5
722 0.5 1 0.6
723 0.5 1 0.7
724 0.5 1 0.8
725 0.5 1 0.9
726 0.5 1 1
727 0.6 0 0
728 0.6 0 0.1
729 0.6 0 0.2
730 0.6 0 0.3
731 0.6 0 0.4
732 0.6 0 0.5
733 0.6 0 0.6
734 0.6 0 0.7
735 0.6 0 0.8
736 0.6 0 0.9
737 0.6 0 1
738 0.6 0.1 0
739 0.5957404746 0.1075159763 0.0952956091
740 0.5974305914 0.1052407561 0.1900326266
741 0.5987072715 0.09939892365 0.2990592473
742 0.6070851418 0.09275640235 0.3981834175
743 0.6089965052 0.1060193085 0.5045944672
744 0.5950522196 0.1045440591 0.5999241987
745 0.5923210884 0.09847328487 0.7002872562
746 0.5957118869 0.09201468166 0.7916377608
747 0.5933148388 0.1049536455 0.8983974035
748 0.6 0.1 1
749 0.6 0.2 0
750 0.5979548327 0.2013302781 0.1053154075
751 0.6099130193 0.2074933686 0.1916304825
752 0.5919513572 0.1973848181 0.307626695
753 0.5909628477 0.2022586651 0.4067435412
754 0.6007429344 0.1943391564 0.5045515323
755 0.5916289609 0.2036210678 0.5935747391
756 0.5912210572 0.2099749053 0.7031718902
757 0.5994696684 0.192834616 0.7970002564
758 0.591608474 0.2038934477 0.8972586826
759 0.6 0.2 1
760 0.6 0.3 0
761 0.597736823 0.2948045271 0.09645392079
762 0.6051831742 0.2935430717 0.2051703856
763 0.5982846739 0.3068696293 0.3080109362
764 0.6009542618 0.3015395241 0.3914810269
765 0.5941902086 0.2935125925 0.4962105296
766 0.598221886 0.2940180156 0.5918484063
767 0.6077777177 0.2980624332 0.7064549833
768 0.5978691915 0.3054623722 0.7981562713
769 0.6001649877 0.3015440788 0.8965540664
770 0.6 0.3 1
771 0.6 0.4 0
772 0.606236348 0.3994994197 0.1049262211
773 0.6062469877 0.3939474091 0.2020148213
774 0.6058723098 0.3972166026 0.2907746638
775 0.5980013947 0.3984263895 0.3985772672
776 0.5933399932 0.4095452797 0.4995639663
777 0.6013580933 0.4045638055 0.5938740571
778 0.5924651502 0.4022034175 0.6975274856
779 0.601711644 0.4095811182 0.7943181483
780 0.593149577 0.3977110441 0.898731227
781 0.6 0.4 1
782 0.6 0.5 0
783 0.6062442643 0.4973936006 0.09466805223
784 0.5944390021 0.4983318751 0.1920686716
785 0.5964916059 0.4931660402 0.3060021827
786 0.6059602374 0.4941909604 0.4087613148
787 0.5940845716 0.5096973093 0.5061836305
788 0.5907777059 0.4945255111 0.5965921854
789 0.6000996999 0.4922845765 0.7002917663
790 0.6000183396 0.49366648 0.8065734558
791 0.6028737582 0.491635076 0.8992060655
792 0.6 0.5 1
793 0.6 0.6 0
794 0.5986764376 0.5963189128 0.09149789548
795 0.6070099734 0.6092807936 0.1982473898
796 0.6047528251 0.6054434594 0.3090867735
797 0.6054666981 0.5933430061 0.4049466471
798 0.5949845213 0.6026297176 0.5032880577
799 0.5977712032 0.5946424274 0.6023485663
800 0.5978490556 0.6061085019 0.6989123999
801 0.5997504164 0.590467778 0.805061938
802 0.5905799354 0.6043809831 0.8963551372
803 0.6 0.6 1
804 0.6 0.7 0
805 0.6009075157 0.7093633402 0.0910987643
806 0.6061209887 0.6947306195 0.2083383562
807 0.6016044687 0.7099720852 0.3030202077
808 0.5987602902 0.7069239398 0.4070153534
809 0.6017250329 0.7006047043 0.4964050849
810 0.6076217288 0.7003666677 0.6024677802
811 0.5940563317 0.7003963545 0.7022712131
812 0.597607274 0.7009763654 0.80607822
813 0.5935330334 0.7066336003 0.9022997005
814 0.6 0.7 1
815 0.6 0.8 0
816 0.5998410764 0.7942406898 0.1068172571
817 0.5952753562 0.79937139 0.2092016102
818 0.6085192111 0.803145209 0.2958821347
819 0.5988478657 0.809144391 0.4072137518
820 0.6018761143 0.7910850012 0.4914911866
821 0.6089733099 0.7959260195 0.60976614
822 0.596105446 0.8056116577 0.6911953788
823 0.6038797336 0.8034000888 0.8062915868
824 0.6056169028 0.8041579297 0.9029825309
825 0.6 0.8 1
826 0.6 0.9 0
827 0.5972332947 0.8940875207 0.10953152
828 0.5997725464 0.8984793496 0.1916454388
829 0.5992835873 0.8986529467 0.3049021599
830 0.5990039236 0.8940295151 0.3977318771
831 0.5970536083 0.8997376719 0.5020845751
832 0.6029111294 0.8916053939 0.5912726184
833 0.6038017517 0.8923410272 0.6938579964
834 0.6063435535 0.8900376324 0.8040570778
835 0.5901011122 0.8968645017 0.899927431
836 0.6 0.9 1
837 0.6 1 0
838 0.6 1 0.1
839 0.6 1 0.2
840 0.6 1 0.3
841 0.6 1 0.4
842 0.6 1 0.5
843 0.6 1 0.6
844 0.6 1 0.7
845 0.6 1 0.8
846 0.6 1 0.9
847 0.6 1 1
848 0.7 0 0
849 0.7 0 0.1
850 0.7 0 0.2
851 0.7 0 0.3
852 0.7 0 0.4
853 0.7 0 0.5
854 0.7 0 0.6
855 0.7 0 0.7
856 0.7 0 0.8
857 0.7 0 0.9
858 0.7 0 1
859 0.7 0.1 0
860 0.6951874717 0.1076200727 0.09524698135
861 0.6905482414 0.09167761278 0.2003972069
862 0.694625376 0.0994554829 0.2908172846
863 0.7061442218 0.1075438958 0.4088459432
864 0.7064497918 0.1054019964 0.4902827844
865 0.6995033664 0.09325831777 0.6078285031
866 0.6956191592 0.09668065179 0.7082929899
867 0.7014101494 0.1073507041 0.793821719
868 0.69668099 0.09104218855 0.8998385786
869 0.7 0.1 1
870 0.7 0.2 0
871 0.7031282151 0.2082801596 0.1085492605
872 0.6948906585 0.2018090862 0.2079179505
873 0.7036597282 0.1900493222 0.3076245096
874 0.6923060188 0.1903606225 0.3938327159
875 0.6960251542 0.1971285045 0.5000687722
876 0.7018394036 0.1925116021 0.6065755096
877 0.7037114846 0.2047101643 0.6951657639
878 0.696364225 0.2059988062 0.8061527157
879 0.701849461 0.2069433655 0.8925660516
880 0.7 0.2 1
881 0.7 0.3 0
882 0.7010039111 0.3065362222 0.09080594173
883 0.707027954 0.306040191 0.2089885293
884 0.7090555417 0.3061391252 0.294673781
885 0.7084865478 0.3054522836 0.396669603
886 0.705380665 0.2946145826 0.4970180725
887 0.705567946 0.3063793804 0.5903420665
888 0.7089251004 0.2984274325 0.699392455
889 0.699578011 0.2975017922 0.8044378645
890 0.7088080594 0.3020479545 0.9016000616
891 0.7 0.3 1
892 0.7 0.4 0
893 0.7075056264 0.3996117181 0.1050407828
894 0.7078912368 0.3941703307 0.2001918971
895 0.7064346406 0.4043402243 0.3072905728
896 0.6917138055 0.4097958801 0.4056181983
897 0.7039044639 0.3946296783 0.5025732838
898 0.6977076262 0.3967288231 0.5901389877
899 0.7004622248 0.3954163756 0.7077352618
900 0.7057735785 0.4079945872 0.7959995392
901 0.7049565691 0.4099788837 0.8987635013
902 0.7 0.4 1
903 0.7 0.5 0
904 0.7035871222 0.4960925905 0.1029405968
905 0.6979393561 0.4938591725 0.1986691751
906 0.6935887475 0.4949907976 0.2922287589
907 0.7032802705 0.4977404982 0.4051353869
908 0.6971757743 0.4956997723 0.4956032283
909 0.7013344371 0.5033379839 0.6062506617
910 0.7029822733 0.5099274826 0.6936889496
911 0.6964944672 0.492874573 0.792210476
912 0.6978785839 0.5020175342 0.8936519311
913 0.7 0.5 1
914 0.7 0.6 0
915 0.7059821814 0.5932433827 0.09786205374
916 0.6955617323 0.5974293586 0.2001452252
917 0.7037476125 0.609642455 0.3027167003
918 0.6966637742 0.5924262844 0.3922351092
919 0.7093983453 0.6004801427 0.4912709076
920 0.6903635173 0.6059049488 0.609958183
921 0.7054117583 0.6009453422 0.698003451
922 0.7032486882 0.6043630293 0.797044885
923 0.6954442868 0.5919220069 0.8995097326
924 0.7 0.6 1
925 0.7 0.7 0
926 0.6990372271 0.6947300995 0.1052611369
927 0.7085645608 0.7091550708 0.1907186129
928 0.6979731329 0.690092176 0.3077442407
929 0.7022545373 0.693482895 0.3989268301
930 0.7044653522 0.7024126093 0.5018210424
931 0.7088271713 0.7029194534 0.6047245293
932 0.6940670762 0.6956059643 0.7096656896
933 0.7067229447 0.6920764581 0.7955203261
934 0.7010858257 0.6965960001 0.8990523466
935 0.7 0.7 1
936 0.7 0.8 0
937 0.6940507582 0.8073364246 0.09180401357
938 0.69025721 0.7932038182 0.1998807634
939 0.7063691221 0.8072486293 0.299568265
940 0.7030151043 0.8051499764 0.3996554842
941 0.7009160608 0.8050472727 0.495807684
942 0.6962782378 0.8018507443 0.5920564056
943 0.7046850898 0.8081589352 0.6957891346
944 0.6924363823 0.8013399237 0.7938201697
945 0.6934054121 0.797817143 0.8989639098
946 0.7 0.8 1
947 0.7 0.9 0
948 0.7037355696 0.901502373 0.09494405638
949 0.692041177 0.900362209 0.1977437586
950 0.7033564086 0.8920164842 0.3087122793
951 0.7020984966 0.8976534168 0.407118314
952 0.7001928243 0.8915022 0.5054460624
953 0.7012926796 0.9068760289 0.6066846013
954 0.709345277 0.9028769295 0.6997188356
955 0.6933489893 0.9025495641 0.8092014529
956 0.7051645151 0.9046913722 0.9013650315
957 0.7 0.9 1
958 0.7 1 0
959 0.7 1 0.1
960 0.7 1 0.2
961 0.7 1 0.3
962 0.7 1 0.4
963 0.7 1 0.5
964 0.7 1 0.6
965 0.7 1 0.7
966 0.7 1 0.8
967 0.7 1 0.9
968 0.7 1 1
969 0.8 0 0
970 0.8 0 0.1
971 0.8 0 0.2
972 0.8 0 0.3
973 0.8 0 0.4
974 0.8 0 0.5
975 0.8 0 0.6
976 0.8 0 0.7
977 0.8 0 0.8
978 0.8 0 0.9
979 0.8 0 1
980 0.8 0.1 0
981 0.8022973575 0.1077858841 0.10990246
982 0.8097562309 0.1085485396 0.2007913105
983 0.8071924811 0.09933066091 0.3084030045
984 0.7956248225 0.101933154 0.4092335945
985 0.8085742449 0.09600951525 0.4953329477
986 0.7947343822 0.09169486828 0.607871263
987 0.7956146727 0.109589167 0.7055384237
988 0.7930632367 0.09165541039 0.8043575177
989 0.8030979458 0.09289811045 0.8989914185
990 0.8 0.1 1
991 0.8 0.2 0
992 0.7927229824 0.1957653275 0.10946023
993 0.7983773918 0.2007008747 0.2095986518
994 0.8002087237 0.2027302271 0.2993822609
995 0.8096787284 0.2054509141 0.4082213742
996 0.7973468616 0.2038781551 0.4901965306
997 0.8075404132 0.2060061885 0.6037817525
998 0.7919618152 0.2063533668 0.6971820003
999 0.7961703962 0.1904198183 0.8053023424
1000 0.7995058219 0.2079331509 0.9083561129
1001 0.8 0.2 1
1002 0.8 0.3 0
1003 0.8036231348 0.2998639964 0.1012435034
1004 0.7944101251 0.2915486442 0.1961903416
1005 0.8001033608 0.3042178575 0.2908666857
1006 0.7988188233 0.2971221207 0.3994796069
1007 0.8061799583 0.3015251918 0.4959987192
1008 0.7994489627 0.3053866701 0.6045749661
1009 0.7910310484 0.2991899619 0.7082047644
1010 0.8078895904 0.3025164517 0.808134469
1011 0.7928589287 0.3088890248 0.900286298
1012 0.8 0.3 1
1013 0.8 0.4 0
1014 0.8056323152 0.3901516033 0.0972542924
1015 0.7907996648 0.4006453093 0.2092003901
1016 0.8001294517 0.3967916542 0.3035117372
1017 0.7972664192 0.3985129075 0.3957972657
1018 0.8049631011 0.4089484462 0.4933131658
1019 0.8012446714 0.4095182676 0.5946276691
1020 0.8071561183 0.3988380356 0.705214349
1021 0.8097642904 0.3962687218 0.7972128766
1022 0.802830192 0.4075371234 0.8944360994
1023 0.8 0.4 1
1024 0.8 0.5 0
1025 0.8022571275 0.5072743674 0.09136622269
1026 0.7960540778 0.4934776974 0.207317183
1027 0.7944501444 0.4916450929 0.304826341
1028 0.8091299507 0.5037594404 0.3909397323
1029 0.79181465 0.5040938342 0.5015012695
1030 0.8086361822 0.5037665695 0.5918650706
1031 0.7901925764 0.4982598695 0.6988162208
1032 0.7915438526 0.5074955497 0.8097639438
1033 0.7925836586 0.4970175577 0.9029031871
1034 0.8 0.5 1
1035 0.8 0.6 0
1036 0.7977869689 0.6025064394 0.1059319335
1037 0.7928165628 0.5919908064 0.2046262543
1038 0.8083168364 0.6025848484 0.3086658828
1039 0.7937646089 0.6018849919 0.3917894501
1040 0.8071726511 0.6013646712 0.5027097449
1041 0.8028866282 0.5956639245 0.5994057264
1042 0.8021312277 0.6019791753 0.695434888
1043 0.7984887815 0.6071196062 0.8045250764
1044 0.7943974971 0.5975163029 0.9055237402
1045 0.8 0.6 1
1046 0.8 0.7 0
1047 0.8057191825 0.7016169672 0.09363547025
1048 0.8051833998 0.7097171617 0.192785269
1049 0.798536767 0.707175818 0.3043150908
1050 0.8081050326 0.6945176112 0.3999629868
1051 0.8009851692 0.6990456084 0.5022474025
1052 0.7903470943 0.7059001401 0.6046035999
1053 0.7986081937 0.6950643691 0.7010335095
1054 0.7997342285 0.6961600481 0.8047759461
1055 0.7903272519 0.7032834663 0.9086744327
1056 0.8 0.7 1
1057 0.8 0.8 0
1058 0.7901036147 0.8013520362 0.09614870797
1059 0.7901688348 0.7982839222 0.2085053122
1060 0.8029429491 0.8085156869 0.295398398
1061 0.7985477716 0.7909215119 0.4031369459
1062 0.8057873351 0.7923809169 0.4985180072
1063 0.7906828013 0.7962740173 0.5991320118
1064 0.7926302033 0.791102707 0.7060807951
1065 0.7956112863 0.8001693784 0.7980586821
1066 0.7976418501 0.8013237856 0.8919336088
1067 0.8 0.8 1
1068 0.8 0.9 0
1069 0.8065738539 0.9092304668 0.1039047833
1070 0.7915859082 0.9029733819 0.2084383587
1071 0.8002038408 0.8977030116 0.3034902638
1072 0.7951798593 0.8901211736 0.4094053749
1073 0.7966937304 0.9048966991 0.4997941024
1074 0.7960096351 0.8959958413 0.6095108759
1075 0.7950257956 0.9082101194 0.7050836348
1076 0.7989887052 0.8946239973 0.8017327545
1077 0.807263543 0.9085004168 0.9053103139
1078 0.8 0.9 1
1079 0.8 1 0
1080 0.8 1 0.1
1081 0.8 1 0.2
1082 0.8 1 0.3
1083 0.8 1 0.4
1084 0.8 1 0.5
1085 0.8 1 0.6
1086 0.8 1 0.7
1087 0.8 1 0.8
1088 0.8 1 0.9
1089 0.8 1 1
1090 0.9 0 0
1091 0.9 0 0.1
1092 0.9 0 0.2
1093 0.9 0 0.3
1094 0.9 0 0.4
1095 0.9 0 0.5
1096 0.9 0 0.6
1097 0.9 0 0.7
1098 0.9 0 0.8
1099 0.9 0 0.9
1100 0.9 0 1
1101 0.9 0.1 0
1102 0.9014010139 0.1094666565 0.09600239606
1103 0.8913724239 0.1051942784 0.2085396305
1104 0.8912367619 0.1006743077 0.295537338
1105 0.9081878044 0.1032209133 0.3906789206
1106 0.9053508106 0.09240469552 0.5045921564
1107 0.8918500341 0.1089866335 0.5970395685
1108 0.896955858 0.1081083454 0.6908676217
1109 0.902305427 0.09243606873 0.7920529333
1110 0.8931381262 0.101985552 0.9014150022
1111 0.9 0.1 1
1112 0.9 0.2 0
1113 0.8932529469 0.2060462315 0.09456164644
1114 0.8928429485 0.2040126254 0.2086061442
1115 0.9016030708 0.1985916374 0.3082649118
1116 0.9099833056 0.1900426756 0.4051551945
1117 0.8962118251 0.2054960096 0.5083071154
1118 0.9047370172 0.2088111129 0.5935868359
1119 0.899016853 0.2075272627 0.70579931
1120 0.9005818348 0.1990863424 0.7984762768
1121 0.8959314851 0.1936778961 0.9034399069
1122 0.9 0.2 1
1123 0.9 0.3 0
1124 0.9045237827 0.2941714171 0.09864801672
1125 0.9045059099 0.297825962 0.1915420899
1126 0.8961514467 0.2912788796 0.301668829
1127 0.8927684652 0.2909904738 0.402395087
1128 0.8977928156 0.3093276807 0.5026454752
1129 0.8965116421 0.3019660879 0.6091066702
1130 0.8991595686 0.3037782802 0.6914939004
1131 0.9046316135 0.3024379412 0.7950252235
1132 0.9002707621 0.2952932799 0.8911618067
1133 0.9 0.3 1
1134 0.9 0.4 0
1135 0.8973112534 0.398089887 0.1014829691
1136 0.9078492461 0.3989404202 0.1929970403
1137 0.9042593402 0.4035445828 0.3065579889
1138 0.9080276792 0.4042532837 0.3970148517
1139 0.9009812222 0.3978889834 0.5046198113
1140 0.9056911061 0.4073079656 0.593506666
1141 0.8937609725 0.4016212524 0.7047572716
1142 0.8988136411 0.4033271234 0.8029991382
1143 0.9002870588 0.4084350408 0.8910604609
1144 0.9 0.4 1
1145 0.9 0.5 0
1146 0.8926642835 0.5012723544 0.1016884242
1147 0.8991656122 0.5083587424 0.1980641026
1148 0.9005585232 0.4910892255 0.301848182
1149 0.8926839811 0.496920768 0.3925067781
1150 0.9050391887 0.4969235473 0.4952070226
1151 0.8935278463 0.4960103197 0.5925616823
1152 0.8900840994 0.49795766 0.6991099387
1153 0.8932509051 0.4919592615 0.7929929591
1154 0.8990265639 0.4946040895 0.8988520495
1155 0.9 0.5 1
1156 0.9 0.6 0
1157 0.8960464474 0.6068026062 0.09903639011
1158 0.8939521522 0.6002204569 0.2038102076
1159 0.906799482 0.5948034922 0.2979007157
1160 0.8931127786 0.5913378285 0.3930331748
1161 0.8994381592 0.6029182539 0.4966249948
1162 0.8915419399 0.5976512385 0.6049738875
1163 0.9022815574 0.597493643 0.6948091181
1164 0.890496784 0.595023456 0.7976327156
1165 0.8993539425 0.6059743127 0.8902521686
1166 0.9 0.6 1
1167 0.9 0.7 0
1168 0.9065271625 0.7059514308 0.1026409307
1169 0.8967095682 0.691751068 0.1992012213
1170 0.9086614004 0.6908325547 0.3057938518
1171 0.8967949491 0.7099497905 0.3909437461
1172 0.8948518558 0.6937612988 0.4913724936
1173 0.8913278348 0.7001913102 0.6018980124
1174 0.8974322815 0.7064681716 0.6905943593
1175 0.9044840145 0.6971679593 0.8069772579
1176 0.9048199532 0.7053061362 0.8928398071
1177 0.9 0.7 1
1178 0.9 0.8 0
1179 0.8996490078 0.7908505786 0.09932001417
1180 0.8956014034 0.8092000256 0.1959985605
1181 0.8994339496 0.8011857673 0.2946792141
1182 0.9061622627 0.7955414938 0.4018598778
1183 0.901344731 0.7981639048 0.4924882089
1184 0.909075802 0.8045511341 0.5922454423
1185 0.8967961087 0.7932649025 0.7073288884
1186 0.907056961 0.7947941898 0.7997647103
1187 0.901352103 0.7990003801 0.8958576728
1188 0.9 0.8 1
1189 0.9 0.9 0
1190 0.9089173026 0.9096410781 0.1059046774
1191 0.8943240748 0.8991626627 0.2048083575
1192 0.895819362 0.9053361438 0.2976076265
1193 0.9028892361 0.8933255658 0.3979692437
1194 0.8983359662 0.9083746458 0.5031702589
1195 0.8933774046 0.9007488816 0.5966638529
1196 0.896692391 0.8930550108 0.7076379994
1197 0.8917046604 0.9075536804 0.7925691435
1198 0.9016786493 0.9088800427 0.8938732282
1199 0.9 0.9 1
1200 0.9 1 0
1201 0.9 1 0.1
1202 0.9 1 0.2
1203 0.9 1 0.3
1204 0.9 1 0.4
1205 0.9 1 0.5
1206 0.9 1 0.6
1207 0.9 1 0.7
1208 0.9 1 0.8
1209 0.9 1 0.9
1210 0.9 1 1
1211 1 0 0
1212 1 0 0.1
1213 1 0 0.2
1214 1 0 0.3
1215 1 0 0.4
1216 1 0 0.5
1217 1 0 0.6
1218 1 0 0.7
1219 1 0 0.8
1220 1 0 0.9
1221 1 0 1
1222 1 0.1 0
1223 1 0.1 0.1
1224 1 0.1 0.2
1225 1 0.1 0.3
1226 1 0.1 0.4
1227 1 0.1 0.5
1228 1 0.1 0.6
1229 1 0.1 0.7
1230 1 0.1 0.8
1231 1 0.1 0.9
1232 1 0.1 1
1233 1 0.2 0
1234 1 0.2 0.1
1235 1 0.2 0.2
1236 1 0.2 0.3
1237 1 0.2 0.4
1238 1 0.2 0.5
1239 1 0.2 0.6
1240 1 0.2 0.7
1241 1 0.2 0.8
1242 1 0.2 0.9
1243 1 0.2 1
1244 1 0.3 0
1245 1 0.3 0.1
1246 1 0.3 0.2
1247 1 0.3 0.3
1248 1 0.3 0.4
1249 1 0.3 0.5
1250 1 0.3 0.6
1251 1 0.3 0.7
1252 1 0.3 0.8
1253 1 0.3 0.9
1254 1 0.3 1
1255 1 0.4 0
1256 1 0.4 0.1
1257 1 0.4 0.2
1258 1 0.4 0.3
1259 1 0.4 0.4
1260 1 0.4 0.5
1261 1 0.4 0.6
1262 1 0.4 0.7
1263 1 0.4 0.8
1264 1 0.4 0.9
1265 1 0.4 1
1266 1 0.5 0
1267 1 0.5 0.1
1268 1 0.5 0.2
1269 1 0.5 0.3
1270 1 0.5 0.4
1271 1 0.5 0.5
1272 1 0.5 0.6
1273 1 0.5 0.7
1274 1 0.5 0.8
1275 1 0.5 0.9
1276 1 0.5 1
1277 1 0.6 0
1278 1 0.6 0.1
1279 1 0.6 0.2
1280 1 0.6 0.3
1281 1 0.6 0.4
1282 1 0.6 0.5
1283 1 0.6 0.6
1284 1 0.6 0.7
1285 1 0.6 0.8
1286 1 0.6 0.9
1287 1 0.6 1
1288 1 0.7 0
1289 1 0.7 0.1
1290 1 0.7 0.2
1291 1 0.7 0.3
1292 1 0.7 0.4
1293 1 0.7 0.5
1294 1 0.7 0.6
1295 1 0.7 0.7
1296 1 0.7 0.8
1297 1 0.7 0.9
1298 1 0.7 1
1299 1 0.8 0
1300 1 0.8 0.1
1301 1 0.8 0.2
1302 1 0.8 0.3
1303 1 0.8 0.4
1304 1 0.8 0.5
1305 1 0.8 0.6
1306 1 0.8 0.7
1307 1 0.8 0.8
1308 1 0.8 0.9
1309 1 0.8 1
1310 1 0.9 0
1311 1 0.9 0.1
1312 1 0.9 0.2
1313 1 0.9 0.3
1314 1 0.9 0.4
1315 1 0.9 0.5
1316 1 0.9 0.6
1317 1 0.9 0.7
1318 1 0.9 0.8
1319 1 0.9 0.9
1320 1 0.9 1
1321 1 1 0
1322 1 1 0.1
1323 1 1 0.2
1324 1 1 0.3
1325 1 1 0.4
1326 1 1 0.5
1327 1 1 0.6
1328 1 1 0.7
1329 1 1 0.8
1330 1 1 0.9
1331 1 1 1
$EndNodes
$Elements
28000
1 1 2 1 1 1 122
2 1 2 1 1 1 133
3 1 2 1 1 1 12
4 1 2 1 1 1 2
5 1 2 1 1 1 123
6 1 2 1 1 1 134
7 1 2 1 1 1 13
8 1 2 1 1 122 133
9 1 2 1 1 122 12
10 1 2 1 1 122 2
11 1 2 1 1 122 123
12 1 2 1 1 122 134
13 1 2 1 1 122 13
14 1 2 1 1 133 12
15 1 2 1 1 133 2
16 1 2 1 1 133 123
17 1 2 1 1 133 134
18 1 2 1 1 133 13
19 1 2 1 1 12 2
20 1 2 1 1 12 123
21 1 2 1 1 12 134
22 1 2 1 1 12 13
23 1 2 1 1 2 123
24 1 2 1 1 2 134
25 1 2 1 1 2 13
26 1 2 1 1 123 134
27 1 2 1 1 123 13
28 1 2 1 1 134 13
29 1 2 2 2 2 123
30 1 2 2 2 2 134
31 1 2 2 2 2 13
32 1 2 2 2 2 3
33 1 2 2 2 2 124
34 1 2 2 2 2 135
35 1 2 2 2 2 14
36 1 2 2 2 123 134
37 1 2 2 2 123 13
38 1 2 2 2 123 3
39 1 2 2 2 123 124
40 1 2 2 2 123 135
41 1 2 2 2 123 14
42 1 2 2 2 134 13
43 1 2 2 2 134 3
44 1 2 2 2 134 124
45 1 2 2 2 134 135
46 1 2 2 2 134 14
47 1 2 2 2 13 3
48 1 2 2 2 13 124
49 1 2 2 2 13 135
50 1 2 2 2 13 14
51 1 2 2 2 3 124
52 1 2 2 2 3 135
53 1 2 2 2 3 14
54 1 2 2 2 124 135
55 1 2 2 2 124 14
56 1 2 2 2 135 14
57 1 2 3 3 3 124
58 1 2 3 3 3 135
59 1 2 3 3 3 14
60 1 2 3 3 3 4
61 1 2 3 3 3 125
62 1 2 3 3 3 136
63 1 2 3 3 3 15
64 1 2 3 3 124 135
65 1 2 3 3 124 14
66 1 2 3 3 124 4
67 1 2 3 3 124 125
68 1 2 3 3 124 136
69 1 2 3 3 124 15
70 1 2 3 3 135 14
71 1 2 3 3 135 4
72 1 2 3 3 135 125
73 1 2 3 3 135 136
74 1 2 3 3 135 15
75 1 2 3 3 14 4
76 1 2 3 3 14 125
77 1 2 3 3 14 136
78 1 2 3 3 14 15
79 1 2 3 3 4 125
80 1 2 3 3 4 136
81 1 2 3 3 4 15
82 1 2 3 3 125 136
83 1 2 3 3 125 15
84 1 2 3 3 136 15
85 1 2 4 4 4 125
86 1 2 4 4 4 136
87 1 2 4 4 4 15
88 1 2 4 4 4 5
89 1 2 4 4 4 126
90 1 2 4 4 4 137
91 1 2 4 4 4 16
92 1 2 4 4 125 136
93 1 2 4 4 125 15
94 1 2 4 4 125 5
95 1 2 4 4 125 126
96 1 2 4 4 125 137
97 1 2 4 4 125 16
98 1 2 4 4 136 15
99 1 2 4 4 136 5
100 1 2 4 4 136 126
101 1 2 4 4 136 137
102 1 2 4 4 136 16
103 1 2 4 4 15 5
104 1 2 4 4 15 126
105 1 2 4 4 15 137
106 1 2 4 4 15 16
107 1 2 4 4 5 126
108 1 2 4 4 5 137
109 1 2 4 4 5 16
110 1 2 4 4 126 137
111 1 2 4 4 126 16
112 1 2 4 4 137 16
113 1 2 5 5 5 126
114 1 2 5 5 5 137
115 1 2 5 5 5 16
116 1 2 5 5 5 6
117 1 2 5 5 5 127
118 1 2 5 5 5 138
119 1 2 5 5 5 17
120 1 2 5 5 126 137
121 1 2 5 5 126 16
122 1 2 5 5 126 6
123 1 2 5 5 126 127
124 1 2 5 5 126 138
125 1 2 5 5 126 17
126 1 2 5 5 137 16
127 1 2 5 5 137 6
128 1 2 5 5 137 127
129 1 2 5 5 137 138
130 1 2 5 5 137 17
131 1 2 5 5 16 6
132 1 2 5 5 16 127
133 1 2 5 5 16 138
134 1 2 5 5 16 17
135 1 2 5 5 6 127
136 1 2 5 5 6 138
137 1 2 5 5 6 17
138 1 2 5 5 127 138
139 1 2 5 5 127 17
140 1 2 5 5 138 17
141 1 2 6 6 6 127
142 1 2 6 6 6 138
143 1 2 6 6 6 17
144 1 2 6 6 6 7
145 1 2 6 6 6 128
146 1 2 6 6 6 139
147 1 2 6 6 6 18
148 1 2 6 6 127 138
149 1 2 6 6 127 17
150 1 2 6 6 127 7
151 1 2 6 6 127 128
152 1 2 6 6 127 139
153 1 2 6 6 127 18
154 1 2 6 6 138 17
155 1 2 6 6 138 7
156 1 2 6 6 138 128
157 1 2 6 6 138 139
158 1 2 6 6 138 18
159 1 2 6 6 17 7
160 1 2 6 6 17 128
161 1 2 6 6 17 139
162 1 2 6 6 17 18
163 1 2 6 6 7 128
164 1 2 6 6 7 139
165 1 2 6 6 7 18
166 1 2 6 6 128 139
167 1 2 6 6 128 18
168 1 2 6 6 139 18
169 1 2 7 7 7 128
170 1 2 7 7 7 139
171 1 2 7 7 7 18
172 1 2 7 7 7 8
173 1 2 7 7 7 129
174 1 2 7 7 7 140
175 1 2 7 7 7 19
176 1 2 7 7 128 139
177 1 2 7 7 128 18
178 1 2 7 7 128 8
179 1 2 7 7 128 129
180 1 2 7 7 128 140
181 1 2 7 7 128 19
182 1 2 7 7 139 18
183 1 2 7 7 139 8
184 1 2 7 7 139 129
185 1 2 7 7 139 140
186 1 2 7 7 139 19
187 1 2 7 7 18 8
188 1 2 7 7 18 129
189 1 2 7 7 18 140
190 1 2 7 7 18 19
191 1 2 7 7 8 129
192 1 2 7 7 8 140
193 1 2 7 7 8 19
194 1 2 7 7 129 140
195 1 2 7 7 129 19
196 1 2 7 7 140 19
197 1 2 8 8 8 129
198 1 2 8 8 8 140
199 1 2 8 8 8 19
200 1 2 8 8 8 9
201 1 2 8 8 8 130
202 1 2 8 8 8 141
203 1 2 8 8 8 20
204 1 2 8 8 129 140
205 1 2 8 8 129 19
206 1 2 8 8 129 9
207 1 2 8 8 129 130
208 1 2 8 8 129 141
209 1 2 8 8 129 20
210 1 2 8 8 140 19
211 1 2 8 8 140 9
212 1 2 8 8 140 130
213 1 2 8 8 140 141
214 1 2 8 8 140 20
215 1 2 8 8 19 9
216 1 2 8 8 19 130
217 1 2 8 8 19 141
218 1 2 8 8 19 20
219 1 2 8 8 9 130
220 1 2 8 8 9 141
221 1 2 8 8 9 20
222 1 2 8 8 130 141
223 1 2 8 8 130 20
224 1 2 8 8 141 20
225 1 2 9 9 9 130
226 1 2 9 9 9 141
227 1 2 9 9 9 20
228 1 2 9 9 9 10
229 1 2 9 9 9 131
230 1 2 9 9 9 142
231 1 2 9 9 9 21
232 1 2 9 9 130 141
233 1 2 9 9 130 20
234 1 2 9 9 130 10
235 1 2 9 9 130 131
236 1 2 9 9 130 142
237 1 2 9 9 130 21
238 1 2 9 9 141 20
239 1 2 9 9 141 10
240 1 2 9 9 141 131
241 1 2 9 9 141 142
242 1 2 9 9 141 21
243 1 2 9 9 20 10
244 1 2 9 9 20 131
245 1 2 9 9 20 142
246 1 2 9 9 20 21
247 1 2 9 9 10 131
248 1 2 9 9 10 142
249 1 2 9 9 10 21
250 1 2 9 9 131 142
251 1 2 9 9 131 21
252 1 2 9 9 142 21
253 1 2 10 10 10 131
254 1 2 10 10 10 142
255 1 2 10 10 10 21
256 1 2 10 10 10 11
257 1 2 10 10 10 132
258 1 2 10 10 10 143
259 1 2 10 10 10 22
260 1 2 10 10 131 142
261 1 2 10 10 131 21
262 1 2 10 10 131 11
263 1 2 10 10 131 132
264 1 2 10 10 131 143
265 1 2 10 10 131 22
266 1 2 10 10 142 21
267 1 2 10 10 142 11
268 1 2 10 10 142 132
269 1 2 10 10 142 143
270 1 2 10 10 142 22
271 1 2 10 10 21 11
272 1 2 10 10 21 132
273 1 2 10 10 21 143
274 1 2 10 10 21 22
275 1 2 10 10 11 132
276 1 2 10 10 11 143
277 1 2 10 10 11 22
278 1 2 10 10 132 143
279 1 2 10 10 132 22
280 1 2 10 10 143 22
281 1 2 11 11 12 133
282 1 2 11 11 12 144
283 1 2 11 11 12 23
284 1 2 11 11 12 13
285 1 2 11 11 12 134
286 1 2 11 11 12 145
287 1 2 11 11 12 24
288 1 2 11 11 133 144
289 1 2 11 11 133 23
290 1 2 11 11 133 13
291 1 2 11 11 133 134
292 1 2 11 11 133 145
293 1 2 11 11 133 24
294 1 2 11 11 144 23
295 1 2 11 11 144 13
296 1 2 11 11 144 134
297 1 2 11 11 144 145
298 1 2 11 11 144 24
299 1 2 11 11 23 13
300 1 2 11 11 23 134
301 1 2 11 11 23 145
302 1 2 11 11 23 24
303 1 2 11 11 13 134
304 1 2 11 11 13 145
305 1 2 11 11 13 24
306 1 2 11 11 134 145
307 1 2 11 11 134 24
308 1 2 11 11 145 24
309 1 2 12 12 13 134
310 1 2 12 12 13 145
311 1 2 12 12 13 24
312 1 2 12 12 13 14
313 1 2 12 12 13 135
314 1 2 12 12 13 146
315 1 2 12 12 13 25
316 1 2 12 12 134 145
317 1 2 12 12 134 24
318 1 2 12 12 134 14
319 1 2 12 12 134 135
320 1 2 12 12 134 146
321 1 2 12 12 134 25
322 1 2 12 12 145 24
323 1 2 12 12 145 14
324 1 2 12 12 145 135
325 1 2 12 12 145 146
326 1 2 12 12 145 25
327 1 2 12 12 24 14
328 1 2 12 12 24 135
329 1 2 12 12 24 146
330 1 2 12 12 24 25
331 1 2 12 12 14 135
332 1 2 12 12 14 146
333 1 2 12 12 14 25
334 1 2 12 12 135 146
335 1 2 12 12 135 25
336 1 2 12 12 146 25
337 1 2 13 13 14 135
338 1 2 13 13 14 146
339 1 2 13 13 14 25
340 1 2 13 13 14 15
341 1 2 13 13 14 136
342 1 2 13 13 14 147
343 1 2 13 13 14 26
344 1 2 13 13 135 146
345 1 2 13 13 135 25
346 1 2 13 13 135 15
347 1 2 13 13 135 136
348 1 2 13 13 135 147
349 1 2 13 13 135 26
350 1 2 13 13 146 25
351 1 2 13 13 146 15
352 1 2 13 13 146 136
353 1 2 13 13 146 147
354 1 2 13 13 146 26
355 1 2 13 13 25 15
356 1 2 13 13 25 136
357 1 2 13 13 25 147
358 1 2 13 13 25 26
359 1 2 13 13 15 136
360 1 2 13 13 15 147
361 1 2 13 13 15 26
362 1 2 13 13 136 147
363 1 2 13 13 136 26
364 1 2 13 13 147 26
365 1 2 14 14 15 136
366 1 2 14 14 15 147
367 1 2 14 14 15 26
368 1 2 14 14 15 16
369 1 2 14 14 15 137
370 1 2 14 14 15 148
371 1 2 14 14 15 27
372 1 2 14 14 136 147
373 1 2 14 14 136 26
374 1 2 14 14 136 16
375 1 2 14 14 136 137
376 1 2 14 14 136 148
377 1 2 14 14 136 27
378 1 2 14 14 147 26
379 1 2 14 14 147 16
380 1 2 14 14 147 137
381 1 2 14 14 147 148
382 1 2 14 14 147 27
383 1 2 14 14 26 16
384 1 2 14 14 26 137
385 1 2 14 14 26 148
386 1 2 14 14 26 27
387 1 2 14 14 16 137
388 1 2 14 14 16 148
389 1 2 14 14 16 27
390 1 2 14 14 137 148
391 1 2 14 14 137 27
392 1 2 14 14 148 27
393 1 2 15 15 16 137
394 1 2 15 15 16 148
395 1 2 15 15 16 27
396 1 2 15 15 16 17
397 1 2 15 15 16 138
398 1 2 15 15 16 149
399 1 2 15 15 16 28
400 1 2 15 15 137 148
401 1 2 15 15 137 27
402 1 2 15 15 137 17
403 1 2 15 15 137 138
404 1 2 15 15 137 149
405 1 2 15 15 137 28
406 1 2 15 15 148 27
407 1 2 15 15 148 17
408 1 2 15 15 148 138
409 1 2 15 15 148 149
410 1 2 15 15 148 28
411 1 2 15 15 27 17
412 1 2 15 15 27 138
413 1 2 15 15 27 149
414 1 2 15 15 27 28
415 1 2 15 15 17 138
416 1 2 15 15 17 149
417 1 2 15 15 17 28
418 1 2 15 15 138 149
419 1 2 15 15 138 28
420 1 2 15 15 149 28
421 1 2 16 16 17 138
422 1 2 16 16 17 149
423 1 2 16 16 17 28
424 1 2 16 16 17 18
425 1 2 16 16 17 139
426 1 2 16 16 17 150
427 1 2 16 16 17 29
428 1 2 16 16 138 149
429 1 2 16 16 138 28
430 1 2 16 16 138 18
431 1 2 16 16 138 139
432 1 2 16 16 138 150
433 1 2 16 16 138 29
434 1 2 16 16 149 28
435 1 2 16 16 149 18
436 1 2 16 16 149 139
437 1 2 16 16 149 150
438 1 2 16 16 149 29
439 1 2 16 16 28 18
440 1 2 16 16 28 139
441 1 2 16 16 28 150
442 1 2 16 16 28 29
443 1 2 16 16 18 139
444 1 2 16 16 18 150
445 1 2 16 16 18 29
446 1 2 16 16 139 150
447 1 2 16 16 139 29
448 1 2 16 16 150 29
449 1 2 17 17 18 139
450 1 2 17 17 18 150
451 1 2 17 17 18 29
452 1 2 17 17 18 19
453 1 2 17 17 18 140
454 1 2 17 17 18 151
455 1 2 17 17 18 30
456 1 2 17 17 139 150
457 1 2 17 17 139 29
458 1 2 17 17 139 19
459 1 2 17 17 139 140
460 1 2 17 17 139 151
461 1 2 17 17 139 30
462 1 2 17 17 150 29
463 1 2 17 17 150 19
464 1 2 17 17 150 140
465 1 2 17 17 150 151
466 1 2 17 17 150 30
467 1 2 17 17 29 19
468 1 2 17 17 29 140
469 1 2 17 17 29 151
470 1 2 17 17 29 30
471 1 2 17 17 19 140
472 1 2 17 17 19 151
473 1 2 17 17 19 30
474 1 2 17 17 140 151
475 1 2 17 17 140 30
476 1 2 17 17 151 30
477 1 2 18 18 19 140
478 1 2 18 18 19 151
479 1 2 18 18 19 30
480 1 2 18 18 19 20
481 1 2 18 18 19 141
482 1 2 18 18 19 152
483 1 2 18 18 19 31
484 1 2 18 18 140 151
485 1 2 18 18 140 30
486 1 2 18 18 140 20
487 1 2 18 18 140 141
488 1 2 18 18 140 152
489 1 2 18 18 140 31
490 1 2 18 18 151 30
491 1 2 18 18 151 20
492 1 2 18 18 151 141
493 1 2 18 18 151 152
494 1 2 18 18 151 31
495 1 2 18 18 30 20
496 1 2 18 18 30 141
497 1 2 18 18 30 152
498 1 2 18 18 30 31
499 1 2 18 18 20 141
500 1 2 18 18 20 152
501 1 2 18 18 20 31
502 1 2 18 18 141 152
503 1 2 18 18 141 31
504 1 2 18 18 152 31
505 1 2 19 19 20 141
506 1 2 19 19 20 152
507 1 2 19 19 20 31
508 1 2 19 19 20 21
509 1 2 19 19 20 142
510 1 2 19 19 20 153
511 1 2 19 19 20 32
512 1 2 19 19 141 152
513 1 2 19 19 141 31
514 1 2 19 19 141 21
515 1 2 19 19 141 142
516 1 2 19 19 141 153
517 1 2 19 19 141 32
518 1 2 19 19 152 31
519 1 2 19 19 152 21
520 1 2 19 19 152 142
521 1 2 19 19 152 153
522 1 2 19 19 152 32
523 1 2 19 19 31 21
524 1 2 19 19 31 142
525 1 2 19 19 31 153
526 1 2 19 19 31 32
527 1 2 19 19 21 142
528 1 2 19 19 21 153
529 1 2 19 19 21 32
530 1 2 19 19 142 153
531 1 2 19 19 142 32
532 1 2 19 19 153 32
533 1 2 20 20 21 142
534 1 2 20 20 21 153
535 1 2 20 20 21 32
536 1 2 20 20 21 22
537 1 2 20 20 21 143
538 1 2 20 20 21 154
539 1 2 20 20 21 33
540 1 2 20 20 142 153
541 1 2 20 20 142 32
542 1 2 20 20 142 22
543 1 2 20 20 142 143
544 1 2 20 20 142 154
545 1 2 20 20 142 33
546 1 2 20 20 153 32
547 1 2 20 20 153 22
548 1 2 20 20 153 143
549 1 2 20 20 153 154
550 1 2 20 20 153 33
551 1 2 20 20 32 22
552 1 2 20 20 32 143
553 1 2 20 20 32 154
554 1 2 20 20 32 33
555 1 2 20 20 22 143
556 1 2 20 20 22 154
557 1 2 20 20 22 33
558 1 2 20 20 143 154
559 1 2 20 20 143 33
560 1 2 20 20 154 33
561 1 2 21 21 23 144
562 1 2 21 21 23 155
563 1 2 21 21 23 34
564 1 2 21 21 23 24
565 1 2 21 21 23 145
566 1 2 21 21 23 156
567 1 2 21 21 23 35
568 1 2 21 21 144 155
569 1 2 21 21 144 34
570 1 2 21 21 144 24
571 1 2 21 21 144 145
572 1 2 21 21 144 156
573 1 2 21 21 144 35
574 1 2 21 21 155 34
575 1 2 21 21 155 24
576 1 2 21 21 155 145
577 1 2 21 21 155 156
578 1 2 21 21 155 35
579 1 2 21 21 34 24
580 1 2 21 21 34 145
581 1 2 21 21 34 156
582 1 2 21 21 34 35
583 1 2 21 21 24 145
584 1 2 21 21 24 156
585 1 2 21 21 24 35
586 1 2 21 21 145 156
587 1 2 21 21 145 35
588 1 2 21 21 156 35
589 1 2 22 22 24 145
590 1 2 22 22 24 156
591 1 2 22 22 24 35
592 1 2 22 22 24 25
593 1 2 22 22 24 146
594 1 2 22 22 24 157
595 1 2 22 22 24 36
596 1 2 22 22 145 156
597 1 2 22 22 145 35
598 1 2 22 22 145 25
599 1 2 22 22 145 146
600 1 2 22 22 145 157
601 1 2 22 22 145 36
602 1 2 22 22 156 35
603 1 2 22 22 156 25
604 1 2 22 22 156 146
605 1 2 22 22 156 157
606 1 2 22 22 156 36
607 1 2 22 22 35 25
608 1 2 22 22 35 146
609 1 2 22 22 35 157
610 1 2 22 22 35 36
611 1 2 22 22 25 146
612 1 2 22 22 25 157
613 1 2 22 22 25 36
614 1 2 22 22 146 157
615 1 2 22 22 146 36
616 1 2 22 22 157 36
617 1 2 23 23 25 146
618 1 2 23 23 25 157
619 1 2 23 23 25 36
620 1 2 23 23 25 26
621 1 2 23 23 25 147
622 1 2 23 23 25 158
623 1 2 23 23 25 37
624 1 2 23 23 146 157
625 1 2 23 23 146 36
626 1 2 23 23 146 26
627 1 2 23 23 146 147
628 1 2 23 23 146 158
629 1 2 23 23 146 37
630 1 2 23 23 157 36
631 1 2 23 23 157 26
632 1 2 23 23 157 147
633 1 2 23 23 157 158
634 1 2 23 23 157 37
635 1 2 23 23 36 26
636 1 2 23 23 36 147
637 1 2 23 23 36 158
638 1 2 23 23 36 37
639 1 2 23 23 26 147
640 1 2 23 23 26 158
641 1 2 23 23 26 37
642 1 2 23 23 147 158
643 1 2 23 23 147 37
644 1 2 23 23 158 37
645 1 2 24 24 26 147
646 1 2 24 24 26 158
647 1 2 24 24 26 37
648 1 2 24 24 26 27
649 1 2 24 24 26 148
650 1 2 24 24 26 159
651 1 2 24 24 26 38
652 1 2 24 24 147 158
653 1 2 24 24 147 37
654 1 2 24 24 147 27
655 1 2 24 24 147 148
656 1 2 24 24 147 159
657 1 2 24 24 147 38
658 1 2 24 24 158 37
659 1 2 24 24 158 27
660 1 2 24 24 158 148
661 1 2 24 24 158 159
662 1 2 24 24 158 38
663 1 2 24 24 37 27
664 1 2 24 24 37 148
665 1 2 24 24 37 159
666 1 2 24 24 37 38
667 1 2 24 24 27 148
668 1 2 24 24 27 159
669 1 2 24 24 27 38
670 1 2 24 24 148 159
671 1 2 24 24 148 38
672 1 2 24 24 159 38
673 1 2 25 25 27 148
674 1 2 25 25 27 159
675 1 2 25 25 27 38
676 1 2 25 25 27 28
677 1 2 25 25 27 149
678 1 2 25 25 27 160
679 1 2 25 25 27 39
680 1 2 25 25 148 159
681 1 2 25 25 148 38
682 1 2 25 25 148 28
683 1 2 25 25 148 149
684 1 2 25 25 148 160
685 1 2 25 25 148 39
686 1 2 25 25 159 38
687 1 2 25 25 159 28
688 1 2 25 25 159 149
689 1 2 25 25 159 160
690 1 2 25 25 159 39
691 1 2 25 25 38 28
692 1 2 25 25 38 149
693 1 2 25 25 38 160
694 1 2 25 25 38 39
695 1 2 25 25 28 149
696 1 2 25 25 28 160
697 1 2 25 25 28 39
698 1 2 25 25 149 160
699 1 2 25 25 149 39
700 1 2 25 25 160 39
701 1 2 26 26 28 149
702 1 2 26 26 28 160
703 1 2 26 26 28 39
704 1 2 26 26 28 29
705 1 2 26 26 28 150
706 1 2 26 26 28 161
707 1 2 26 26 28 40
708 1 2 26 26 149 160
709 1 2 26 26 149 39
710 1 2 26 26 149 29
711 1 2 26 26 149 150
712 1 2 26 26 149 161
713 1 2 26 26 149 40
714 1 2 26 26 160 39
715 1 2 26 26 160 29
716 1 2 26 26 160 150
717 1 2 26 26 160 161
718 1 2 26 26 160 40
719 1 2 26 26 39 29
720 1 2 26 26 39 150
721 1 2 26 26 39 161
722 1 2 26 26 39 40
723 1 2 26 26 29 150
724 1 2 26 26 29 161
725 1 2 26 26 29 40
726 1 2 26 26 150 161
727 1 2 26 26 150 40
728 1 2 26 26 161 40
729 1 2 27 27 29 150
730 1 2 27 27 29 161
731 1 2 27 27 29 40
732 1 2 27 27 29 30
733 1 2 27 27 29 151
734 1 2 27 27 29 162
735 1 2 27 27 29 41
736 1 2 27 27 150 161
737 1 2 27 27 150 40
738 1 2 27 27 150 30
739 1 2 27 27 150 151
740 1 2 27 27 150 162
741 1 2 27 27 150 41
742 1 2 27 27 161 40
743 1 2 27 27 161 30
744 1 2 27 27 161 151
745 1 2 27 27 161 162
746 1 2 27 27 161 41
747 1 2 27 27 40 30
748 1 2 27 27 40 151
749 1 2 27 27 40 162
750 1 2 27 27 40 41
751 1 2 27 27 30 151
752 1 2 27 27 30 162
753 1 2 27 27 30 41
754 1 2 27 27 151 162
755 1 2 27 27 151 41
756 1 2 27 27 162 41
757 1 2 28 28 30 151
758 1 2 28 28 30 162
759 1 2 28 28 30 41
760 1 2 28 28 30 31
761 1 2 28 28 30 152
762 1 2 28 28 30 163
763 1 2 28 28 30 42
764 1 2 28 28 151 162
765 1 2 28 28 151 41
766 1 2 28 28 151 31
767 1 2 28 28 151 152
768 1 2 28 28 151 163
769 1 2 28 28 151 42
770 1 2 28 28 162 41
771 1 2 28 28 162 31
772 1 2 28 28 162 152
773 1 2 28 28 162 163
774 1 2 28 28 162 42
775 1 2 28 28 41 31
776 1 2 28 28 41 152
777 1 2 28 28 41 163
778 1 2 28 28 41 42
779 1 2 28 28 31 152
780 1 2 28 28 31 163
781 1 2 28 28 31 42
782 1 2 28 28 152 163
783 1 2 28 28 152 42
784 1 2 28 28 163 42
785 1 2 29 29 31 152
786 1 2 29 29 31 163
787 1 2 29 29 31 42
788 1 2 29 29 31 32
789 1 2 29 29 31 153
790 1 2 29 29 31 164
791 1 2 29 29 31 43
792 1 2 29 29 152 163
793 1 2 29 29 152 42
794 1 2 29 29 152 32
795 1 2 29 29 152 153
796 1 2 29 29 152 164
797 1 2 29 29 152 43
798 1 2 29 29 163 42
799 1 2 29 29 163 32
800 1 2 29 29 163 153
801 1 2 29 29 163 164
802 1 2 29 29 163 43
803 1 2 29 29 42 32
804 1 2 29 29 42 153
805 1 2 29 29 42 164
806 1 2 29 29 42 43
807 1 2 29 29 32 153
808 1 2 29 29 32 164
809 1 2 29 29 32 43
810 1 2 29 29 153 164
811 1 2 29 29 153 43
812 1 2 29 29 164 43
813 1 2 30 30 32 153
814 1 2 30 30 32 164
815 1 2 30 30 32 43
816 1 2 30 30 32 33
817 1 2 30 30 32 154
818 1 2 30 30 32 165
819 1 2 30 30 32 44
820 1 2 30 30 153 164
821 1 2 30 30 153 43
822 1 2 30 30 153 33
823 1 2 30 30 153 154
824 1 2 30 30 153 165
825 1 2 30 30 153 44
826 1 2 30 30 164 43
827 1 2 30 30 164 33
828 1 2 30 30 164 154
829 1 2 30 30 164 165
830 1 2 30 30 164 44
831 1 2 30 30 43 33
832 1 2 30 30 43 154
833 1 2 30 30 43 165
834 1 2 30 30 43 44
835 1 2 30 30 33 154
836 1 2 30 30 33 165
837 1 2 30 30 33 44
838 1 2 30 30 154 165
839 1 2 30 30 154 44
840 1 2 30 30 165 44
841 1 2 31 31 34 155
842 1 2 31 31 34 166
843 1 2 31 31 34 45
844 1 2 31 31 34 35
845 1 2 31 31 34 156
846 1 2 31 31 34 167
847 1 2 31 31 34 46
848 1 2 31 31 155 166
849 1 2 31 31 155 45
850 1 2 31 31 155 35
851 1 2 31 31 155 156
852 1 2 31 31 155 167
853 1 2 31 31 155 46
854 1 2 31 31 166 45
855 1 2 31 31 166 35
856 1 2 31 31 166 156
857 1 2 31 31 166 167
858 1 2 31 31 166 46
859 1 2 31 31 45 35
860 1 2 31 31 45 156
861 1 2 31 31 45 167
862 1 2 31 31 45 46
863 1 2 31 31 35 156
864 1 2 31 31 35 167
865 1 2 31 31 35 46
866 1 2 31 31 156 167
867 1 2 31 31 156 46
868 1 2 31 31 167 46
869 1 2 32 32 35 156
870 1 2 32 32 35 167
871 1 2 32 32 35 46
872 1 2 32 32 35 36
873 1 2 32 32 35 157
874 1 2 32 32 35 168
875 1 2 32 32 35 47
876 1 2 32 32 156 167
877 1 2 32 32 156 46
878 1 2 32 32 156 36
879 1 2 32 32 156 157
880 1 2 32 32 156 168
881 1 2 32 32 156 47
882 1 2 32 32 167 46
883 1 2 32 32 167 36
884 1 2 32 32 167 157
885 1 2 32 32 167 168
886 1 2 32 32 167 47
887 1 2 32 32 46 36
888 1 2 32 32 46 157
889 1 2 32 32 46 168
890 1 2 32 32 46 47
891 1 2 32 32 36 157
892 1 2 32 32 36 168
893 1 2 32 32 36 47
894 1 2 32 32 157 168
895 1 2 32 32 157 47
896 1 2 32 32 168 47
897 1 2 33 33 36 157
898 1 2 33 33 36 168
899 1 2 33 33 36 47
900 1 2 33 33 36 37
901 1 2 33 33 36 158
902 1 2 33 33 36 169
903 1 2 33 33 36 48
904 1 2 33 33 157 168
905 1 2 33 33 157 47
906 1 2 33 33 157 37
907 1 2 33 33 157 158
908 1 2 33 33 157 169
909 1 2 33 33 157 48
910 1 2 33 33 168 47
911 1 2 33 33 168 37
912 1 2 33 33 168 158
913 1 2 33 33 168 169
914 1 2 33 33 168 48
915 1 2 33 33 47 37
916 1 2 33 33 47 158
917 1 2 33 33 47 169
918 1 2 33 33 47 48
919 1 2 33 33 37 158
920 1 2 33 33 37 169
921 1 2 33 33 37 48
922 1 2 33 33 158 169
923 1 2 33 33 158 48
924 1 2 33 33 169 48
925 1 2 34 34 37 158
926 1 2 34 34 37 169
927 1 2 34 34 37 48
928 1 2 34 34 37 38
929 1 2 34 34 37 159
930 1 2 34 34 37 170
931 1 2 34 34 37 49
932 1 2 34 34 158 169
933 1 2 34 34 158 48
934 1 2 34 34 158 38
935 1 2 34 34 158 159
936 1 2 34 34 158 170
937 1 2 34 34 158 49
938 1 2 34 34 169 48
939 1 2 34 34 169 38
940 1 2 34 34 169 159
941 1 2 34 34 169 170
942 1 2 34 34 169 49
943 1 2 34 34 48 38
944 1 2 34 34 48 159
945 1 2 34 34 48 170
946 1 2 34 34 48 49
947 1 2 34 34 38 159
948 1 2 34 34 38 170
949 1 2 34 34 38 49
950 1 2 34 34 159 170
951 1 2 34 34 159 49
952 1 2 34 34 170 49
953 1 2 35 35 38 159
954 1 2 35 35 38 170
955 1 2 35 35 38 49
956 1 2 35 35 38 39
957 1 2 35 35 38 160
958 1 2 35 35 38 171
959 1 2 35 35 38 50
960 1 2 35 35 159 170
961 1 2 35 35 159 49
962 1 2 35 35 159 39
963 1 2 35 35 159 160
964 1 2 35 35 159 171
965 1 2 35 35 159 50
966 1 2 35 35 170 49
967 1 2 35 35 170 39
968 1 2 35 35 170 160
969 1 2 35 35 170 171
970 1 2 35 35 170 50
971 1 2 35 35 49 39
972 1 2 35 35 49 160
973 1 2 35 35 49 171
974 1 2 35 35 49 50
975 1 2 35 35 39 160
976 1 2 35 35 39 171
977 1 2 35 35 39 50
978 1 2 35 35 160 171
979 1 2 35 35 160 50
980 1 2 35 35 171 50
981 1 2 36 36 39 160
982 1 2 36 36 39 171
983 1 2 36 36 39 50
984 1 2 36 36 39 40
985 1 2 36 36 39 161
986 1 2 36 36 39 172
987 1 2 36 36 39 51
988 1 2 36 36 160 171
989 1 2 36 36 160 50
990 1 2 36 36 160 40
991 1 2 36 36 160 161
992 1 2 36 36 160 172
993 1 2 36 36 160 51
994 1 2 36 36 171 50
995 1 2 36 36 171 40
996 1 2 36 36 171 161
997 1 2 36 36 171 172
998 1 2 36 36 171 51
999 1 2 36 36 50 40
1000 1 2 36 36 50 161
1001 1 2 36 36 50 172
1002 1 2 36 36 50 51
1003 1 2 36 36 40 161
1004 1 2 36 36 40 172
1005 1 2 36 36 40 51
1006 1 2 36 36 161 172
1007 1 2 36 36 161 51
1008 1 2 36 36 172 51
1009 1 2 37 37 40 161
1010 1 2 37 37 40 172
1011 1 2 37 37 40 51
1012 1 2 37 37 40 41
1013 1 2 37 37 40 162
1014 1 2 37 37 40 173
1015 1 2 37 37 40 52
1016 1 2 37 37 161 172
1017 1 2 37 37 161 51
1018 1 2 37 37 161 41
1019 1 2 37 37 161 162
1020 1 2 37 37 161 173
1021 1 2 37 37 161 52
1022 1 2 37 37 172 51
1023 1 2 37 37 172 41
1024 1 2 37 37 172 162
1025 1 2 37 37 172 173
1026 1 2 37 37 172 52
1027 1 2 37 37 51 41
1028 1 2 37 37 51 162
1029 1 2 37 37 51 173
1030 1 2 37 37 51 52
1031 1 2 37 37 41 162
1032 1 2 37 37 41 173
1033 1 2 37 37 41 52
1034 1 2 37 37 162 173
1035 1 2 37 37 162 52
1036 1 2 37 37 173 52
1037 1 2 38 38 41 162
1038 1 2 38 38 41 173
1039 1 2 38 38 41 52
1040 1 2 38 38 41 42
1041 1 2 38 38 41 163
1042 1 2 38 38 41 174
1043 1 2 38 38 41 53
1044 1 2 38 38 162 173
1045 1 2 38 38 162 52
1046 1 2 38 38 162 42
1047 1 2 38 38 162 163
1048 1 2 38 38 162 174
1049 1 2 38 38 162 53
1050 1 2 38 38 173 52
1051 1 2 38 38 173 42
1052 1 2 38 38 173 163
1053 1 2 38 38 173 174
1054 1 2 38 38 173 53
1055 1 2 38 38 52 42
1056 1 2 38 38 52 163
1057 1 2 38 38 52 174
1058 1 2 38 38 52 53
1059 1 2 38 38 42 163
1060 1 2 38 38 42 174
1061 1 2 38 38 42 53
1062 1 2 38 38 163 174
1063 1 2 38 38 163 53
1064 1 2 38 38 174 53
1065 1 2 39 39 42 163
1066 1 2 39 39 42 174
1067 1 2 39 39 42 53
1068 1 2 39 39 42 43
1069 1 2 39 39 42 164
1070 1 2 39 39 42 175
1071 1 2 39 39 42 54
1072 1 2 39 39 163 174
1073 1 2 39 39 163 53
1074 1 2 39 39 163 43
1075 1 2 39 39 163 164
1076 1 2 39 39 163 175
1077 1 2 39 39 163 54
1078 1 2 39 39 174 53
1079 1 2 39 39 174 43
1080 1 2 39 39 174 164
1081 1 2 39 39 174 175
1082 1 2 39 39 174 54
1083 1 2 39 39 53 43
1084 1 2 39 39 53 164
1085 1 2 39 39 53 175
1086 1 2 39 39 53 54
1087 1 2 39 39 43 164
1088 1 2 39 39 43 175
1089 1 2 39 39 43 54
1090 1 2 39 39 164 175
1091 1 2 39 39 164 54
1092 1 2 39 39 175 54
1093 1 2 40 40 43 164
1094 1 2 40 40 43 175
1095 1 2 40 40 43 54
1096 1 2 40 40 43 44
1097 1 2 40 40 43 165
1098 1 2 40 40 43 176
1099 1 2 40 40 43 55
1100 1 2 40 40 164 175
1101 1 2 40 40 164 54
1102 1 2 40 40 164 44
1103 1 2 40 40 164 165
1104 1 2 40 40 164 176
1105 1 2 40 40 164 55
1106 1 2 40 40 175 54
1107 1 2 40 40 175 44
1108 1 2 40 40 175 165
1109 1 2 40 40 175 176
1110 1 2 40 40 175 55
1111 1 2 40 40 54 44
1112 1 2 40 40 54 165
1113 1 2 40 40 54 176
1114 1 2 40 40 54 55
1115 1 2 40 40 44 165
1116 1 2 40 40 44 176
1117 1 2 40 40 44 55
1118 1 2 40 40 165 176
1119 1 2 40 40 165 55
1120 1 2 40 40 176 55
1121 1 2 41 41 45 166
1122 1 2 41 41 45 177
1123 1 2 41 41 45 56
1124 1 2 41 41 45 46
1125 1 2 41 41 45 167
1126 1 2 41 41 45 178
1127 1 2 41 41 45 57
1128 1 2 41 41 166 177
1129 1 2 41 41 166 56
1130 1 2 41 41 166 46
1131 1 2 41 41 166 167
1132 1 2 41 41 166 178
1133 1 2 41 41 166 57
1134 1 2 41 41 177 56
1135 1 2 41 41 177 46
1136 1 2 41 41 177 167
1137 1 2 41 41 177 178
1138 1 2 41 41 177 57
1139 1 2 41 41 56 46
1140 1 2 41 41 56 167
1141 1 2 41 41 56 178
1142 1 2 41 41 56 57
1143 1 2 41 41 46 167
1144 1 2 41 41 46 178
1145 1 2 41 41 46 57
1146 1 2 41 41 167 178
1147 1 2 41 41 167 57
1148 1 2 41 41 178 57
1149 1 2 42 42 46 167
1150 1 2 42 42 46 178
1151 1 2 42 42 46 57
1152 1 2 42 42 46 47
1153 1 2 42 42 46 168
1154 1 2 42 42 46 179
1155 1 2 42 42 46 58
1156 1 2 42 42 167 178
1157 1 2 42 42 167 57
1158 1 2 42 42 167 47
1159 1 2 42 42 167 168
1160 1 2 42 42 167 179
1161 1 2 42 42 167 58
1162 1 2 42 42 178 57
1163 1 2 42 42 178 47
1164 1 2 42 42 178 168
1165 1 2 42 42 178 179
1166 1 2 42 42 178 58
1167 1 2 42 42 57 47
1168 1 2 42 42 57 168
1169 1 2 42 42 57 179
1170 1 2 42 42 57 58
1171 1 2 42 42 47 168
1172 1 2 42 42 47 179
1173 1 2 42 42 47 58
1174 1 2 42 42 168 179
1175 1 2 42 42 168 58
1176 1 2 42 42 179 58
1177 1 2 43 43 47 168
1178 1 2 43 43 47 179
1179 1 2 43 43 47 58
1180 1 2 43 43 47 48
1181 1 2 43 43 47 169
1182 1 2 43 43 47 180
1183 1 2 43 43 47 59
1184 1 2 43 43 168 179
1185 1 2 43 43 168 58
1186 1 2 43 43 168 48
1187 1 2 43 43 168 169
1188 1 2 43 43 168 180
1189 1 2 43 43 168 59
1190 1 2 43 43 179 58
1191 1 2 43 43 179 48
1192 1 2 43 43 179 169
1193 1 2 43 43 179 180
1194 1 2 43 43 179 59
1195 1 2 43 43 58 48
1196 1 2 43 43 58 169
1197 1 2 43 43 58 180
1198 1 2 43 43 58 59
1199 1 2 43 43 48 169
1200 1 2 43 43 48 180
1201 1 2 43 43 48 59
1202 1 2 43 43 169 180
1203 1 2 43 43 169 59
1204 1 2 43 43 180 59
1205 1 2 44 44 48 169
1206 1 2 44 44 48 180
1207 1 2 44 44 48 59
1208 1 2 44 44 48 49
1209 1 2 44 44 48 170
1210 1 2 44 44 48 181
1211 1 2 44 44 48 60
1212 1 2 44 44 169 180
1213 1 2 44 44 169 59
1214 1 2 44 44 169 49
1215 1 2 44 44 169 170
1216 1 2 44 44 169 181
1217 1 2 44 44 169 60
1218 1 2 44 44 180 59
1219 1 2 44 44 180 49
1220 1 2 44 44 180 170
1221 1 2 44 44 180 181
1222 1 2 44 44 180 60
1223 1 2 44 44 59 49
1224 1 2 44 44 59 170
1225 1 2 44 44 59 181
1226 1 2 44 44 59 60
1227 1 2 44 44 49 170
1228 1 2 44 44 49 181
1229 1 2 44 44 49 60
1230 1 2 44 44 170 181
1231 1 2 44 44 170 60
1232 1 2 44 44 181 60
1233 1 2 45 45 49 170
1234 1 2 45 45 49 181
1235 1 2 45 45 49 60
1236 1 2 45 45 49 50
1237 1 2 45 45 49 171
1238 1 2 45 45 49 182
1239 1 2 45 45 49 61
1240 1 2 45 45 170 181
1241 1 2 45 45 170 60
1242 1 2 45 45 170 50
1243 1 2 45 45 170 171
1244 1 2 45 45 170 182
1245 1 2 45 45 170 61
1246 1 2 45 45 181 60
1247 1 2 45 45 181 50
1248 1 2 45 45 181 171
1249 1 2 45 45 181 182
1250 1 2 45 45 181 61
1251 1 2 45 45 60 50
1252 1 2 45 45 60 171
1253 1 2 45 45 60 182
1254 1 2 45 45 60 61
1255 1 2 45 45 50 171
1256 1 2 45 45 50 182
1257 1 2 45 45 50 61
1258 1 2 45 45 171 182
1259 1 2 45 45 171 61
1260 1 2 45 45 182 61
1261 1 2 46 46 50 171
1262 1 2 46 46 50 182
1263 1 2 46 46 50 61
1264 1 2 46 46 50 51
1265 1 2 46 46 50 172
1266 1 2 46 46 50 183
1267 1 2 46 46 50 62
1268 1 2 46 46 171 182
1269 1 2 46 46 171 61
1270 1 2 46 46 171 51
1271 1 2 46 46 171 172
1272 1 2 46 46 171 183
1273 1 2 46 46 171 62
1274 1 2 46 46 182 61
1275 1 2 46 46 182 51
1276 1 2 46 46 182 172
1277 1 2 46 46 182 183
1278 1 2 46 46 182 62
1279 1 2 46 46 61 51
1280 1 2 46 46 61 172
1281 1 2 46 46 61 183
1282 1 2 46 46 61 62
1283 1 2 46 46 51 172
1284 1 2 46 46 51 183
1285 1 2 46 46 51 62
1286 1 2 46 46 172 183
1287 1 2 46 46 172 62
1288 1 2 46 46 183 62
1289 1 2 47 47 51 172
1290 1 2 47 47 51 183
1291 1 2 47 47 51 62
1292 1 2 47 47 51 52
1293 1 2 47 47 51 173
1294 1 2 47 47 51 184
1295 1 2 47 47 51 63
1296 1 2 47 47 172 183
1297 1 2 47 47 172 62
1298 1 2 47 47 172 52
1299 1 2 47 47 172 173
1300 1 2 47 47 172 184
1301 1 2 47 47 172 63
1302 1 2 47 47 183 62
1303 1 2 47 47 183 52
1304 1 2 47 47 183 173
1305 1 2 47 47 183 184
1306 1 2 47 47 183 63
1307 1 2 47 47 62 52
1308 1 2 47 47 62 173
1309 1 2 47 47 62 184
1310 1 2 47 47 62 63
1311 1 2 47 47 52 173
1312 1 2 47 47 52 184
1313 1 2 47 47 52 63
1314 1 2 47 47 173 184
1315 1 2 47 47 173 63
1316 1 2 47 47 184 63
1317 1 2 48 48 52 173
1318 1 2 48 48 52 184
1319 1 2 48 48 52 63
1320 1 2 48 48 52 53
1321 1 2 48 48 52 174
1322 1 2 48 48 52 185
1323 1 2 48 48 52 64
1324 1 2 48 48 173 184
1325 1 2 48 48 173 63
1326 1 2 48 48 173 53
1327 1 2 48 48 173 174
1328 1 2 48 48 173 185
1329 1 2 48 48 173 64
1330 1 2 48 48 184 63
1331 1 2 48 48 184 53
1332 1 2 48 48 184 174
1333 1 2 48 48 184 185
1334 1 2 48 48 184 64
1335 1 2 48 48 63 53
1336 1 2 48 48 63 174
1337 1 2 48 48 63 185
1338 1 2 48 48 63 64
1339 1 2 48 48 53 174
1340 1 2 48 48 53 185
1341 1 2 48 48 53 64
1342 1 2 48 48 174 185
1343 1 2 48 48 174 64
1344 1 2 48 48 185 64
1345 1 2 49 49 53 174
1346 1 2 49 49 53 185
1347 1 2 49 49 53 64
1348 1 2 49 49 53 54
1349 1 2 49 49 53 175
1350 1 2 49 49 53 186
1351 1 2 49 49 53 65
1352 1 2 49 49 174 185
1353 1 2 49 49 174 64
1354 1 2 49 49 174 54
1355 1 2 49 49 174 175
1356 1 2 49 49 174 186
1357 1 2 49 49 174 65
1358 1 2 49 49 185 64
1359 1 2 49 49 185 54
1360 1 2 49 49 185 175
1361 1 2 49 49 185 186
1362 1 2 49 49 185 65
1363 1 2 49 49 64 54
1364 1 2 49 49 64 175
1365 1 2 49 49 64 186
1366 1 2 49 49 64 65
1367 1 2 49 49 54 175
1368 1 2 49 49 54 186
1369 1 2 49 49 54 65
1370 1 2 49 49 175 186
1371 1 2 49 49 175 65
1372 1 2 49 49 186 65
1373 1 2 50 50 54 175
1374 1 2 50 50 54 186
1375 1 2 50 50 54 65
1376 1 2 50 50 54 55
1377 1 2 50 50 54 176
1378 1 2 50 50 54 187
1379 1 2 50 50 54 66
1380 1 2 50 50 175 186
1381 1 2 50 50 175 65
1382 1 2 50 50 175 55
1383 1 2 50 50 175 176
1384 1 2 50 50 175 187
1385 1 2 50 50 175 66
1386 1 2 50 50 186 65
1387 1 2 50 50 186 55
1388 1 2 50 50 186 176
1389 1 2 50 50 186 187
1390 1 2 50 50 186 66
1391 1 2 50 50 65 55
1392 1 2 50 50 65 176
1393 1 2 50 50 65 187
1394 1 2 50 50 65 66
1395 1 2 50 50 55 176
1396 1 2 50 50 55 187
1397 1 2 50 50 55 66
1398 1 2 50 50 176 187
1399 1 2 50 50 176 66
1400 1 2 50 50 187 66
1401 1 2 51 51 56 177
1402 1 2 51 51 56 188
1403 1 2 51 51 56 67
1404 1 2 51 51 56 57
1405 1 2 51 51 56 178
1406 1 2 51 51 56 189
1407 1 2 51 51 56 68
1408 1 2 51 51 177 188
1409 1 2 51 51 177 67
1410 1 2 51 51 177 57
1411 1 2 51 51 177 178
1412 1 2 51 51 177 189
1413 1 2 51 51 177 68
1414 1 2 51 51 188 67
1415 1 2 51 51 188 57
1416 1 2 51 51 188 178
1417 1 2 51 51 188 189
1418 1 2 51 51 188 68
1419 1 2 51 51 67 57
1420 1 2 51 51 67 178
1421 1 2 51 51 67 189
1422 1 2 51 51 67 68
1423 1 2 51 51 57 178
1424 1 2 51 51 57 189
1425 1 2 51 51 57 68
1426 1 2 51 51 178 189
1427 1 2 51 51 178 68
1428 1 2 51 51 189 68
1429 1 2 52 52 57 178
1430 1 2 52 52 57 189
1431 1 2 52 52 57 68
1432 1 2 52 52 57 58
1433 1 2 52 52 57 179
1434 1 2 52 52 57 190
1435 1 2 52 52 57 69
1436 1 2 52 52 178 189
1437 1 2 52 52 178 68
1438 1 2 52 52 178 58
1439 1 2 52 52 178 179
1440 1 2 52 52 178 190
1441 1 2 52 52 178 69
1442 1 2 52 52 189 68
1443 1 2 52 52 189 58
1444 1 2 52 52 189 179
1445 1 2 52 52 189 190
1446 1 2 52 52 189 69
1447 1 2 52 52 68 58
1448 1 2 52 52 68 179
1449 1 2 52 52 68 190
1450 1 2 52 52 68 69
1451 1 2 52 52 58 179
1452 1 2 52 52 58 190
1453 1 2 52 52 58 69
1454 1 2 52 52 179 190
1455 1 2 52 52 179 69
1456 1 2 52 52 190 69
1457 1 2 53 53 58 179
1458 1 2 53 53 58 190
1459 1 2 53 53 58 69
1460 1 2 53 53 58 59
1461 1 2 53 53 58 180
1462 1 2 53 53 58 191
1463 1 2 53 53 58 70
1464 1 2 53 53 179 190
1465 1 2 53 53 179 69
1466 1 2 53 53 179 59
1467 1 2 53 53 179 180
1468 1 2 53 53 179 191
1469 1 2 53 53 179 70
1470 1 2 53 53 190 69
1471 1 2 53 53 190 59
1472 1 2 53 53 190 180
1473 1 2 53 53 190 191
1474 1 2 53 53 190 70
1475 1 2 53 53 69 59
1476 1 2 53 53 69 180
1477 1 2 53 53 69 191
1478 1 2 53 53 69 70
1479 1 2 53 53 59 180
1480 1 2 53 53 59 191
1481 1 2 53 53 59 70
1482 1 2 53 53 180 191
1483 1 2 53 53 180 70
1484 1 2 53 53 191 70
1485 1 2 54 54 59 180
1486 1 2 54 54 59 191
1487 1 2 54 54 59 70
1488 1 2 54 54 59 60
1489 1 2 54 54 59 181
1490 1 2 54 54 59 192
1491 1 2 54 54 59 71
1492 1 2 54 54 180 191
1493 1 2 54 54 180 70
1494 1 2 54 54 180 60
1495 1 2 54 54 180 181
1496 1 2 54 54 180 192
1497 1 2 54 54 180 71
1498 1 2 54 54 191 70
1499 1 2 54 54 191 60
1500 1 2 54 54 191 181
1501 1 2 54 54 191 192
1502 1 2 54 54 191 71
1503 1 2 54 54 70 60
1504 1 2 54 54 70 181
1505 1 2 54 54 70 192
1506 1 2 54 54 70 71
1507 1 2 54 54 60 181
1508 1 2 54 54 60 192
1509 1 2 54 54 60 71
1510 1 2 54 54 181 192
1511 1 2 54 54 181 71
1512 1 2 54 54 192 71
1513 1 2 55 55 60 181
1514 1 2 55 55 60 192
1515 1 2 55 55 60 71
1516 1 2 55 55 60 61
1517 1 2 55 55 60 182
1518 1 2 55 55 60 193
1519 1 2 55 55 60 72
1520 1 2 55 55 181 192
1521 1 2 55 55 181 71
1522 1 2 55 55 181 61
1523 1 2 55 55 181 182
1524 1 2 55 55 181 193
1525 1 2 55 55 181 72
1526 1 2 55 55 192 71
1527 1 2 55 55 192 61
1528 1 2 55 55 192 182
1529 1 2 55 55 192 193
1530 1 2 55 55 192 72
1531 1 2 55 55 71 61
1532 1 2 55 55 71 182
1533 1 2 55 55 71 193
1534 1 2 55 55 71 72
1535 1 2 55 55 61 182
1536 1 2 55 55 61 193
1537 1 2 55 55 61 72
1538 1 2 55 55 182 193
1539 1 2 55 55 182 72
1540 1 2 55 55 193 72
1541 1 2 56 56 61 182
1542 1 2 56 56 61 193
1543 1 2 56 56 61 72
1544 1 2 56 56 61 62
1545 1 2 56 56 61 183
1546 1 2 56 56 61 194
1547 1 2 56 56 61 73
1548 1 2 56 56 182 193
1549 1 2 56 56 182 72
1550 1 2 56 56 182 62
1551 1 2 56 56 182 183
1552 1 2 56 56 182 194
1553 1 2 56 56 182 73
1554 1 2 56 56 193 72
1555 1 2 56 56 193 62
1556 1 2 56 56 193 183
1557 1 2 56 56 193 194
1558 1 2 56 56 193 73
1559 1 2 56 56 72 62
1560 1 2 56 56 72 183
1561 1 2 56 56 72 194
1562 1 2 56 56 72 73
1563 1 2 56 56 62 183
1564 1 2 56 56 62 194
1565 1 2 56 56 62 73
1566 1 2 56 56 183 194
1567 1 2 56 56 183 73
1568 1 2 56 56 194 73
1569 1 2 57 57 62 183
1570 1 2 57 57 62 194
1571 1 2 57 57 62 73
1572 1 2 57 57 62 63
1573 1 2 57 57 62 184
1574 1 2 57 57 62 195
1575 1 2 57 57 62 74
1576 1 2 57 57 183 194
1577 1 2 57 57 183 73
1578 1 2 57 57 183 63
1579 1 2 57 57 183 184
1580 1 2 57 57 183 195
1581 1 2 57 57 183 74
1582 1 2 57 57 194 73
1583 1 2 57 57 194 63
1584 1 2 57 57 194 184
1585 1 2 57 57 194 195
1586 1 2 57 57 194 74
1587 1 2 57 57 73 63
1588 1 2 57 57 73 184
1589 1 2 57 57 73 195
1590 1 2 57 57 73 74
1591 1 2 57 57 63 184
1592 1 2 57 57 63 195
1593 1 2 57 57 63 74
1594 1 2 57 57 184 195
1595 1 2 57 57 184 74
1596 1 2 57 57 195 74
1597 1 2 58 58 63 184
1598 1 2 58 58 63 195
1599 1 2 58 58 63 74
1600 1 2 58 58 63 64
1601 1 2 58 58 63 185
1602 1 2 58 58 63 196
1603 1 2 58 58 63 75
1604 1 2 58 58 184 195
1605 1 2 58 58 184 74
1606 1 2 58 58 184 64
1607 1 2 58 58 184 185
1608 1 2 58 58 184 196
1609 1 2 58 58 184 75
1610 1 2 58 58 195 74
1611 1 2 58 58 195 64
1612 1 2 58 58 195 185
1613 1 2 58 58 195 196
1614 1 2 58 58 195 75
1615 1 2 58 58 74 64
1616 1 2 58 58 74 185
1617 1 2 58 58 74 196
1618 1 2 58 58 74 75
1619 1 2 58 58 64 185
1620 1 2 58 58 64 196
1621 1 2 58 58 64 75
1622 1 2 58 58 185 196
1623 1 2 58 58 185 75
1624 1 2 58 58 196 75
1625 1 2 59 59 64 185
1626 1 2 59 59 64 196
1627 1 2 59 59 64 75
1628 1 2 59 59 64 65
1629 1 2 59 59 64 186
1630 1 2 59 59 64 197
1631 1 2 59 59 64 76
1632 1 2 59 59 185 196
1633 1 2 59 59 185 75
1634 1 2 59 59 185 65
1635 1 2 59 59 185 186
1636 1 2 59 59 185 197
1637 1 2 59 59 185 76
1638 1 2 59 59 196 75
1639 1 2 59 59 196 65
1640 1 2 59 59 196 186
1641 1 2 59 59 196 197
1642 1 2 59 59 196 76
1643 1 2 59 59 75 65
1644 1 2 59 59 75 186
1645 1 2 59 59 75 197
1646 1 2 59 59 75 76
1647 1 2 59 59 65 186
1648 1 2 59 59 65 197
1649 1 2 59 59 65 76
1650 1 2 59 59 186 197
1651 1 2 59 59 186 76
1652 1 2 59 59 197 76
1653 1 2 60 60 65 186
1654 1 2 60 60 65 197
1655 1 2 60 60 65 76
1656 1 2 60 60 65 66
1657 1 2 60 60 65 187
1658 1 2 60 60 65 198
1659 1 2 60 60 65 77
1660 1 2 60 60 186 197
1661 1 2 60 60 186 76
1662 1 2 60 60 186 66
1663 1 2 60 60 186 187
1664 1 2 60 60 186 198
1665 1 2 60 60 186 77
1666 1 2 60 60 197 76
1667 1 2 60 60 197 66
1668 1 2 60 60 197 187
1669 1 2 60 60 197 198
1670 1 2 60 60 197 77
1671 1 2 60 60 76 66
1672 1 2 60 60 76 187
1673 1 2 60 60 76 198
1674 1 2 60 60 76 77
1675 1 2 60 60 66 187
1676 1 2 60 60 66 198
1677 1 2 60 60 66 77
1678 1 2 60 60 187 198
1679 1 2 60 60 187 77
1680 1 2 60 60 198 77
1681 1 2 61 61 67 188
1682 1 2 61 61 67 199
1683 1 2 61 61 67 78
1684 1 2 61 61 67 68
1685 1 2 61 61 67 189
1686 1 2 61 61 67 200
1687 1 2 61 61 67 79
1688 1 2 61 61 188 199
1689 1 2 61 61 188 78
1690 1 2 61 61 188 68
1691 1 2 61 61 188 189
1692 1 2 61 61 188 200
1693 1 2 61 61 188 79
1694 1 2 61 61 199 78
1695 1 2 61 61 199 68
1696 1 2 61 61 199 189
1697 1 2 61 61 199 200
1698 1 2 61 61 199 79
1699 1 2 61 61 78 68
1700 1 2 61 61 78 189
1701 1 2 61 61 78 200
1702 1 2 61 61 78 79
1703 1 2 61 61 68 189
1704 1 2 61 61 68 200
1705 1 2 61 61 68 79
1706 1 2 61 61 189 200
1707 1 2 61 61 189 79
1708 1 2 61 61 200 79
1709 1 2 62 62 68 189
1710 1 2 62 62 68 200
1711 1 2 62 62 68 79
1712 1 2 62 62 68 69
1713 1 2 62 62 68 190
1714 1 2 62 62 68 201
1715 1 2 62 62 68 80
1716 1 2 62 62 189 200
1717 1 2 62 62 189 79
1718 1 2 62 62 189 69
1719 1 2 62 62 189 190
1720 1 2 62 62 189 201
1721 1 2 62 62 189 80
1722 1 2 62 62 200 79
1723 1 2 62 62 200 69
1724 1 2 62 62 200 190
1725 1 2 62 62 200 201
1726 1 2 62 62 200 80
1727 1 2 62 62 79 69
1728 1 2 62 62 79 190
1729 1 2 62 62 79 201
1730 1 2 62 62 79 80
1731 1 2 62 62 69 190
1732 1 2 62 62 69 201
1733 1 2 62 62 69 80
1734 1 2 62 62 190 201
1735 1 2 62 62 190 80
1736 1 2 62 62 201 80
1737 1 2 63 63 69 190
1738 1 2 63 63 69 201
1739 1 2 63 63 69 80
1740 1 2 63 63 69 70
1741 1 2 63 63 69 191
1742 1 2 63 63 69 202
1743 1 2 63 63 69 81
1744 1 2 63 63 190 201
1745 1 2 63 63 190 80
1746 1 2 63 63 190 70
1747 1 2 63 63 190 191
1748 1 2 63 63 190 202
1749 1 2 63 63 190 81
1750 1 2 63 63 201 80
1751 1 2 63 63 201 70
1752 1 2 63 63 201 191
1753 1 2 63 63 201 202
1754 1 2 63 63 201 81
1755 1 2 63 63 80 70
1756 1 2 63 63 80 191
1757 1 2 63 63 80 202
1758 1 2 63 63 80 81
1759 1 2 63 63 70 191
1760 1 2 63 63 70 202
1761 1 2 63 63 70 81
1762 1 2 63 63 191 202
1763 1 2 63 63 191 81
1764 1 2 63 63 202 81
1765 1 2 64 64 70 191
1766 1 2 64 64 70 202
1767 1 2 64 64 70 81
1768 1 2 64 64 70 71
1769 1 2 64 64 70 192
1770 1 2 64 64 70 203
1771 1 2 64 64 70 82
1772 1 2 64 64 191 202
1773 1 2 64 64 191 81
1774 1 2 64 64 191 71
1775 1 2 64 64 191 192
1776 1 2 64 64 191 203
1777 1 2 64 64 191 82
1778 1 2 64 64 202 81
1779 1 2 64 64 202 71
1780 1 2 64 64 202 192
1781 1 2 64 64 202 203
1782 1 2 64 64 202 82
1783 1 2 64 64 81 71
1784 1 2 64 64 81 192
1785 1 2 64 64 81 203
1786 1 2 64 64 81 82
1787 1 2 64 64 71 192
1788 1 2 64 64 71 203
1789 1 2 64 64 71 82
1790 1 2 64 64 192 203
1791 1 2 64 64 192 82
1792 1 2 64 64 203 82
1793 1 2 65 65 71 192
1794 1 2 65 65 71 203
1795 1 2 65 65 71 82
1796 1 2 65 65 71 72
1797 1 2 65 65 71 193
1798 1 2 65 65 71 204
1799 1 2 65 65 71 83
1800 1 2 65 65 192 203
1801 1 2 65 65 192 82
1802 1 2 65 65 192 72
1803 1 2 65 65 192 193
1804 1 2 65 65 192 204
1805 1 2 65 65 192 83
1806 1 2 65 65 203 82
1807 1 2 65 65 203 72
1808 1 2 65 65 203 193
1809 1 2 65 65 203 204
1810 1 2 65 65 203 83
1811 1 2 65 65 82 72
1812 1 2 65 65 82 193
1813 1 2 65 65 82 204
1814 1 2 65 65 82 83
1815 1 2 65 65 72 193
1816 1 2 65 65 72 204
1817 1 2 65 65 72 83
1818 1 2 65 65 193 204
1819 1 2 65 65 193 83
1820 1 2 65 65 204 83
1821 1 2 66 66 72 193
1822 1 2 66 66 72 204
1823 1 2 66 66 72 83
1824 1 2 66 66 72 73
1825 1 2 66 66 72 194
1826 1 2 66 66 72 205
1827 1 2 66 66 72 84
1828 1 2 66 66 193 204
1829 1 2 66 66 193 83
1830 1 2 66 66 193 73
1831 1 2 66 66 193 194
1832 1 2 66 66 193 205
1833 1 2 66 66 193 84
1834 1 2 66 66 204 83
1835 1 2 66 66 204 73
1836 1 2 66 66 204 194
1837 1 2 66 66 204 205
1838 1 2 66 66 204 84
1839 1 2 66 66 83 73
1840 1 2 66 66 83 194
1841 1 2 66 66 83 205
1842 1 2 66 66 83 84
1843 1 2 66 66 73 194
1844 1 2 66 66 73 205
1845 1 2 66 66 73 84
1846 1 2 66 66 194 205
1847 1 2 66 66 194 84
1848 1 2 66 66 205 84
1849 1 2 67 67 73 194
1850 1 2 67 67 73 205
1851 1 2 67 67 73 84
1852 1 2 67 67 73 74
1853 1 2 67 67 73 195
1854 1 2 67 67 73 206
1855 1 2 67 67 73 85
1856 1 2 67 67 194 205
1857 1 2 67 67 194 84
1858 1 2 67 67 194 74
1859 1 2 67 67 194 195
1860 1 2 67 67 194 206
1861 1 2 67 67 194 85
1862 1 2 67 67 205 84
1863 1 2 67 67 205 74
1864 1 2 67 67 205 195
1865 1 2 67 67 205 206
1866 1 2 67 67 205 85
1867 1 2 67 67 84 74
1868 1 2 67 67 84 195
1869 1 2 67 67 84 206
1870 1 2 67 67 84 85
1871 1 2 67 67 74 195
1872 1 2 67 67 74 206
1873 1 2 67 67 74 85
1874 1 2 67 67 195 206
1875 1 2 67 67 195 85
1876 1 2 67 67 206 85
1877 1 2 68 68 74 195
1878 1 2 68 68 74 206
1879 1 2 68 68 74 85
1880 1 2 68 68 74 75
1881 1 2 68 68 74 196
1882 1 2 68 68 74 207
1883 1 2 68 68 74 86
1884 1 2 68 68 195 206
1885 1 2 68 68 195 85
1886 1 2 68 68 195 75
1887 1 2 68 68 195 196
1888 1 2 68 68 195 207
1889 1 2 68 68 195 86
1890 1 2 68 68 206 85
1891 1 2 68 68 206 75
1892 1 2 68 68 206 196
1893 1 2 68 68 206 207
1894 1 2 68 68 206 86
1895 1 2 68 68 85 75
1896 1 2 68 68 85 196
1897 1 2 68 68 85 207
1898 1 2 68 68 85 86
1899 1 2 68 68 75 196
1900 1 2 68 68 75 207
1901 1 2 68 68 75 86
1902 1 2 68 68 196 207
1903 1 2 68 68 196 86
1904 1 2 68 68 207 86
1905 1 2 69 69 75 196
1906 1 2 69 69 75 207
1907 1 2 69 69 75 86
1908 1 2 69 69 75 76
1909 1 2 69 69 75 197
1910 1 2 69 69 75 208
1911 1 2 69 69 75 87
1912 1 2 69 69 196 207
1913 1 2 69 69 196 86
1914 1 2 69 69 196 76
1915 1 2 69 69 196 197
1916 1 2 69 69 196 208
1917 1 2 69 69 196 87
1918 1 2 69 69 207 86
1919 1 2 69 69 207 76
1920 1 2 69 69 207 197
1921 1 2 69 69 207 208
1922 1 2 69 69 207 87
1923 1 2 69 69 86 76
1924 1 2 69 69 86 197
1925 1 2 69 69 86 208
1926 1 2 69 69 86 87
1927 1 2 69 69 76 197
1928 1 2 69 69 76 208
1929 1 2 69 69 76 87
1930 1 2 69 69 197 208
1931 1 2 69 69 197 87
1932 1 2 69 69 208 87
1933 1 2 70 70 76 197
1934 1 2 70 70 76 208
1935 1 2 70 70 76 87
1936 1 2 70 70 76 77
1937 1 2 70 70 76 198
1938 1 2 70 70 76 209
1939 1 2 70 70 76 88
1940 1 2 70 70 197 208
1941 1 2 70 70 197 87
1942 1 2 70 70 197 77
1943 1 2 70 70 197 198
1944 1 2 70 70 197 209
1945 1 2 70 70 197 88
1946 1 2 70 70 208 87
1947 1 2 70 70 208 77
1948 1 2 70 70 208 198
1949 1 2 70 70 208 209
1950 1 2 70 70 208 88
1951 1 2 70 70 87 77
1952 1 2 70 70 87 198
1953 1 2 70 70 87 209
1954 1 2 70 70 87 88
1955 1 2 70 70 77 198
1956 1 2 70 70 77 209
1957 1 2 70 70 77 88
1958 1 2 70 70 198 209
1959 1 2 70 70 198 88
1960 1 2 70 70 209 88
1961 1 2 71 71 78 199
1962 1 2 71 71 78 210
1963 1 2 71 71 78 89
1964 1 2 71 71 78 79
1965 1 2 71 71 78 200
1966 1 2 71 71 78 211
1967 1 2 71 71 78 90
1968 1 2 71 71 199 210
1969 1 2 71 71 199 89
1970 1 2 71 71 199 79
1971 1 2 71 71 199 200
1972 1 2 71 71 199 211
1973 1 2 71 71 199 90
1974 1 2 71 71 210 89
1975 1 2 71 71 210 79
1976 1 2 71 71 210 200
1977 1 2 71 71 210 211
1978 1 2 71 71 210 90
1979 1 2 71 71 89 79
1980 1 2 71 71 89 200
1981 1 2 71 71 89 211
1982 1 2 71 71 89 90
1983 1 2 71 71 79 200
1984 1 2 71 71 79 211
1985 1 2 71 71 79 90
1986 1 2 71 71 200 211
1987 1 2 71 71 200 90
1988 1 2 71 71 211 90
1989 1 2 72 72 79 200
1990 1 2 72 72 79 211
1991 1 2 72 72 79 90
1992 1 2 72 72 79 80
1993 1 2 72 72 79 201
1994 1 2 72 72 79 212
1995 1 2 72 72 79 91
1996 1 2 72 72 200 211
1997 1 2 72 72 200 90
1998 1 2 72 72 200 80
1999 1 2 72 72 200 201
2000 1 2 72 72 200 212
2001 1 2 72 72 200 91
2002 1 2 72 72 211 90
2003 1 2 72 72 211 80
2004 1 2 72 72 211 201
2005 1 2 72 72 211 212
2006 1 2 72 72 211 91
2007 1 2 72 72 90 80
2008 1 2 72 72 90 201
2009 1 2 72 72 90 212
2010 1 2 72 72 90 91
2011 1 2 72 72 80 201
2012 1 2 72 72 80 212
2013 1 2 72 72 80 91
2014 1 2 72 72 201 212
2015 1 2 72 72 201 91
2016 1 2 72 72 212 91
2017 1 2 73 73 80 201
2018 1 2 73 73 80 212
2019 1 2 73 73 80 91
2020 1 2 73 73 80 81
2021 1 2 73 73 80 202
2022 1 2 73 73 80 213
2023 1 2 73 73 80 92
2024 1 2 73 73 201 212
2025 1 2 73 73 201 91
2026 1 2 73 73 201 81
2027 1 2 73 73 201 202
2028 1 2 73 73 201 213
2029 1 2 73 73 201 92
2030 1 2 73 73 212 91
2031 1 2 73 73 212 81
2032 1 2 73 73 212 202
2033 1 2 73 73 212 213
2034 1 2 73 73 212 92
2035 1 2 73 73 91 81
2036 1 2 73 73 91 202
2037 1 2 73 73 91 213
2038 1 2 73 73 91 92
2039 1 2 73 73 81 202
2040 1 2 73 73 81 213
2041 1 2 73 73 81 92
2042 1 2 73 73 202 213
2043 1 2 73 73 202 92
2044 1 2 73 73 213 92
2045 1 2 74 74 81 202
2046 1 2 74 74 81 213
2047 1 2 74 74 81 92
2048 1 2 74 74 81 82
2049 1 2 74 74 81 203
2050 1 2 74 74 81 214
2051 1 2 74 74 81 93
2052 1 2 74 74 202 213
2053 1 2 74 74 202 92
2054 1 2 74 74 202 82
2055 1 2 74 74 202 203
2056 1 2 74 74 202 214
2057 1 2 74 74 202 93
2058 1 2 74 74 213 92
2059 1 2 74 74 213 82
2060 1 2 74 74 213 203
2061 1 2 74 74 213 214
2062 1 2 74 74 213 93
2063 1 2 74 74 92 82
2064 1 2 74 74 92 203
2065 1 2 74 74 92 214
2066 1 2 74 74 92 93
2067 1 2 74 74 82 203
2068 1 2 74 74 82 214
2069 1 2 74 74 82 93
2070 1 2 74 74 203 214
2071 1 2 74 74 203 93
2072 1 2 74 74 214 93
2073 1 2 75 75 82 203
2074 1 2 75 75 82 214
2075 1 2 75 75 82 93
2076 1 2 75 75 82 83
2077 1 2 75 75 82 204
2078 1 2 75 75 82 215
2079 1 2 75 75 82 94
2080 1 2 75 75 203 214
2081 1 2 75 75 203 93
2082 1 2 75 75 203 83
2083 1 2 75 75 203 204
2084 1 2 75 75 203 215
2085 1 2 75 75 203 94
2086 1 2 75 75 214 93
2087 1 2 75 75 214 83
2088 1 2 75 75 214 204
2089 1 2 75 75 214 215
2090 1 2 75 75 214 94
2091 1 2 75 75 93 83
2092 1 2 75 75 93 204
2093 1 2 75 75 93 215
2094 1 2 75 75 93 94
2095 1 2 75 75 83 204
2096 1 2 75 75 83 215
2097 1 2 75 75 83 94
2098 1 2 75 75 204 215
2099 1 2 75 75 204 94
2100 1 2 75 75 215 94
2101 1 2 76 76 83 204
2102 1 2 76 76 83 215
2103 1 2 76 76 83 94
2104 1 2 76 76 83 84
2105 1 2 76 76 83 205
2106 1 2 76 76 83 216
2107 1 2 76 76 83 95
2108 1 2 76 76 204 215
2109 1 2 76 76 204 94
2110 1 2 76 76 204 84
2111 1 2 76 76 204 205
2112 1 2 76 76 204 216
2113 1 2 76 76 204 95
2114 1 2 76 76 215 94
2115 1 2 76 76 215 84
2116 1 2 76 76 215 205
2117 1 2 76 76 215 216
2118 1 2 76 76 215 95
2119 1 2 76 76 94 84
2120 1 2 76 76 94 205
2121 1 2 76 76 94 216
2122 1 2 76 76 94 95
2123 1 2 76 76 84 205
2124 1 2 76 76 84 216
2125 1 2 76 76 84 95
2126 1 2 76 76 205 216
2127 1 2 76 76 205 95
2128 1 2 76 76 216 95
2129 1 2 77 77 84 205
2130 1 2 77 77 84 216
2131 1 2 77 77 84 95
2132 1 2 77 77 84 85
2133 1 2 77 77 84 206
2134 1 2 77 77 84 217
2135 1 2 77 77 84 96
2136 1 2 77 77 205 216
2137 1 2 77 77 205 95
2138 1 2 77 77 205 85
2139 1 2 77 77 205 206
2140 1 2 77 77 205 217
2141 1 2 77 77 205 96
2142 1 2 77 77 216 95
2143 1 2 77 77 216 85
2144 1 2 77 77 216 206
2145 1 2 77 77 216 217
2146 1 2 77 77 216 96
2147 1 2 77 77 95 85
2148 1 2 77 77 95 206
2149 1 2 77 77 95 217
2150 1 2 77 77 95 96
2151 1 2 77 77 85 206
2152 1 2 77 77 85 217
2153 1 2 77 77 85 96
2154 1 2 77 77 206 217
2155 1 2 77 77 206 96
2156 1 2 77 77 217 96
2157 1 2 78 78 85 206
2158 1 2 78 78 85 217
2159 1 2 78 78 85 96
2160 1 2 78 78 85 86
2161 1 2 78 78 85 207
2162 1 2 78 78 85 218
2163 1 2 78 78 85 97
2164 1 2 78 78 206 217
2165 1 2 78 78 206 96
2166 1 2 78 78 206 86
2167 1 2 78 78 206 207
2168 1 2 78 78 206 218
2169 1 2 78 78 206 97
2170 1 2 78 78 217 96
2171 1 2 78 78 217 86
2172 1 2 78 78 217 207
2173 1 2 78 78 217 218
2174 1 2 78 78 217 97
2175 1 2 78 78 96 86
2176 1 2 78 78 96 207
2177 1 2 78 78 96 218
2178 1 2 78 78 96 97
2179 1 2 78 78 86 207
2180 1 2 78 78 86 218
2181 1 2 78 78 86 97
2182 1 2 78 78 207 218
2183 1 2 78 78 207 97
2184 1 2 78 78 218 97
2185 1 2 79 79 86 207
2186 1 2 79 79 86 218
2187 1 2 79 79 86 97
2188 1 2 79 79 86 87
2189 1 2 79 79 86 208
2190 1 2 79 79 86 219
2191 1 2 79 79 86 98
2192 1 2 79 79 207 218
2193 1 2 79 79 207 97
2194 1 2 79 79 207 87
2195 1 2 79 79 207 208
2196 1 2 79 79 207 219
2197 1 2 79 79 207 98
2198 1 2 79 79 218 97
2199 1 2 79 79 218 87
2200 1 2 79 79 218 208
2201 1 2 79 79 218 219
2202 1 2 79 79 218 98
2203 1 2 79 79 97 87
2204 1 2 79 79 97 208
2205 1 2 79 79 97 219
2206 1 2 79 79 97 98
2207 1 2 79 79 87 208
2208 1 2 79 79 87 219
2209 1 2 79 79 87 98
2210 1 2 79 79 208 219
2211 1 2 79 79 208 98
2212 1 2 79 79 219 98
2213 1 2 80 80 87 208
2214 1 2 80 80 87 219
2215 1 2 80 80 87 98
2216 1 2 80 80 87 88
2217 1 2 80 80 87 209
2218 1 2 80 80 87 220
2219 1 2 80 80 87 99
2220 1 2 80 80 208 219
2221 1 2 80 80 208 98
2222 1 2 80 80 208 88
2223 1 2 80 80 208 209
2224 1 2 80 80 208 220
2225 1 2 80 80 208 99
2226 1 2 80 80 219 98
2227 1 2 80 80 219 88
2228 1 2 80 80 219 209
2229 1 2 80 80 219 220
2230 1 2 80 80 219 99
2231 1 2 80 80 98 88
2232 1 2 80 80 98 209
2233 1 2 80 80 98 220
2234 1 2 80 80 98 99
2235 1 2 80 80 88 209
2236 1 2 80 80 88 220
2237 1 2 80 80 88 99
2238 1 2 80 80 209 220
2239 1 2 80 80 209 99
2240 1 2 80 80 220 99
2241 1 2 81 81 89 210
2242 1 2 81 81 89 221
2243 1 2 81 81 89 100
2244 1 2 81 81 89 90
2245 1 2 81 81 89 211
2246 1 2 81 81 89 222
2247 1 2 81 81 89 101
2248 1 2 81 81 210 221
2249 1 2 81 81 210 100
2250 1 2 81 81 210 90
2251 1 2 81 81 210 211
2252 1 2 81 81 210 222
2253 1 2 81 81 210 101
2254 1 2 81 81 221 100
2255 1 2 81 81 221 90
2256 1 2 81 81 221 211
2257 1 2 81 81 221 222
2258 1 2 81 81 221 101
2259 1 2 81 81 100 90
2260 1 2 81 81 100 211
2261 1 2 81 81 100 222
2262 1 2 81 81 100 101
2263 1 2 81 81 90 211
2264 1 2 81 81 90 222
2265 1 2 81 81 90 101
2266 1 2 81 81 211 222
2267 1 2 81 81 211 101
2268 1 2 81 81 222 101
2269 1 2 82 82 90 211
2270 1 2 82 82 90 222
2271 1 2 82 82 90 101
2272 1 2 82 82 90 91
2273 1 2 82 82 90 212
2274 1 2 82 82 90 223
2275 1 2 82 82 90 102
2276 1 2 82 82 211 222
2277 1 2 82 82 211 101
2278 1 2 82 82 211 91
2279 1 2 82 82 211 212
2280 1 2 82 82 211 223
2281 1 2 82 82 211 102
2282 1 2 82 82 222 101
2283 1 2 82 82 222 91
2284 1 2 82 82 222 212
2285 1 2 82 82 222 223
2286 1 2 82 82 222 102
2287 1 2 82 82 101 91
2288 1 2 82 82 101 212
2289 1 2 82 82 101 223
2290 1 2 82 82 101 102
2291 1 2 82 82 91 212
2292 1 2 82 82 91 223
2293 1 2 82 82 91 102
2294 1 2 82 82 212 223
2295 1 2 82 82 212 102
2296 1 2 82 82 223 102
2297 1 2 83 83 91 212
2298 1 2 83 83 91 223
2299 1 2 83 83 91 102
2300 1 2 83 83 91 92
2301 1 2 83 83 91 213
2302 1 2 83 83 91 224
2303 1 2 83 83 91 103
2304 1 2 83 83 212 223
2305 1 2 83 83 212 102
2306 1 2 83 83 212 92
2307 1 2 83 83 212 213
2308 1 2 83 83 212 224
2309 1 2 83 83 212 103
2310 1 2 83 83 223 102
2311 1 2 83 83 223 92
2312 1 2 83 83 223 213
2313 1 2 83 83 223 224
2314 1 2 83 83 223 103
2315 1 2 83 83 102 92
2316 1 2 83 83 102 213
2317 1 2 83 83 102 224
2318 1 2 83 83 102 103
2319 1 2 83 83 92 213
2320 1 2 83 83 92 224
2321 1 2 83 83 92 103
2322 1 2 83 83 213 224
2323 1 2 83 83 213 103
2324 1 2 83 83 224 103
2325 1 2 84 84 92 213
2326 1 2 84 84 92 224
2327 1 2 84 84 92 103
2328 1 2 84 84 92 93
2329 1 2 84 84 92 214
2330 1 2 84 84 92 225
2331 1 2 84 84 92 104
2332 1 2 84 84 213 224
2333 1 2 84 84 213 103
2334 1 2 84 84 213 93
2335 1 2 84 84 213 214
2336 1 2 84 84 213 225
2337 1 2 84 84 213 104
2338 1 2 84 84 224 103
2339 1 2 84 84 224 93
2340 1 2 84 84 224 214
2341 1 2 84 84 224 225
2342 1 2 84 84 224 104
2343 1 2 84 84 103 93
2344 1 2 84 84 103 214
2345 1 2 84 84 103 225
2346 1 2 84 84 103 104
2347 1 2 84 84 93 214
2348 1 2 84 84 93 225
2349 1 2 84 84 93 104
2350 1 2 84 84 214 225
2351 1 2 84 84 214 104
2352 1 2 84 84 225 104
2353 1 2 85 85 93 214
2354 1 2 85 85 93 225
2355 1 2 85 85 93 104
2356 1 2 85 85 93 94
2357 1 2 85 85 93 215
2358 1 2 85 85 93 226
2359 1 2 85 85 93 105
2360 1 2 85 85 214 225
2361 1 2 85 85 214 104
2362 1 2 85 85 214 94
2363 1 2 85 85 214 215
2364 1 2 85 85 214 226
2365 1 2 85 85 214 105
2366 1 2 85 85 225 104
2367 1 2 85 85 225 94
2368 1 2 85 85 225 215
2369 1 2 85 85 225 226
2370 1 2 85 85 225 105
2371 1 2 85 85 104 94
2372 1 2 85 85 104 215
2373 1 2 85 85 104 226
2374 1 2 85 85 104 105
2375 1 2 85 85 94 215
2376 1 2 85 85 94 226
2377 1 2 85 85 94 105
2378 1 2 85 85 215 226
2379 1 2 85 85 215 105
2380 1 2 85 85 226 105
2381 1 2 86 86 94 215
2382 1 2 86 86 94 226
2383 1 2 86 86 94 105
2384 1 2 86 86 94 95
2385 1 2 86 86 94 216
2386 1 2 86 86 94 227
2387 1 2 86 86 94 106
2388 1 2 86 86 215 226
2389 1 2 86 86 215 105
2390 1 2 86 86 215 95
2391 1 2 86 86 215 216
2392 1 2 86 86 215 227
2393 1 2 86 86 215 106
2394 1 2 86 86 226 105
2395 1 2 86 86 226 95
2396 1 2 86 86 226 216
2397 1 2 86 86 226 227
2398 1 2 86 86 226 106
2399 1 2 86 86 105 95
2400 1 2 86 86 105 216
2401 1 2 86 86 105 227
2402 1 2 86 86 105 106
2403 1 2 86 86 95 216
2404 1 2 86 86 95 227
2405 1 2 86 86 95 106
2406 1 2 86 86 216 227
2407 1 2 86 86 216 106
2408 1 2 86 86 227 106
2409 1 2 87 87 95 216
2410 1 2 87 87 95 227
2411 1 2 87 87 95 106
2412 1 2 87 87 95 96
2413 1 2 87 87 95 217
2414 1 2 87 87 95 228
2415 1 2 87 87 95 107
2416 1 2 87 87 216 227
2417 1 2 87 87 216 106
2418 1 2 87 87 216 96
2419 1 2 87 87 216 217
2420 1 2 87 87 216 228
2421 1 2 87 87 216 107
2422 1 2 87 87 227 106
2423 1 2 87 87 227 96
2424 1 2 87 87 227 217
2425 1 2 87 87 227 228
2426 1 2 87 87 227 107
2427 1 2 87 87 106 96
2428 1 2 87 87 106 217
2429 1 2 87 87 106 228
2430 1 2 87 87 106 107
2431 1 2 87 87 96 217
2432 1 2 87 87 96 228
2433 1 2 87 87 96 107
2434 1 2 87 87 217 228
2435 1 2 87 87 217 107
2436 1 2 87 87 228 107
2437 1 2 88 88 96 217
2438 1 2 88 88 96 228
2439 1 2 88 88 96 107
2440 1 2 88 88 96 97
2441 1 2 88 88 96 218
2442 1 2 88 88 96 229
2443 1 2 88 88 96 108
2444 1 2 88 88 217 228
2445 1 2 88 88 217 107
2446 1 2 88 88 217 97
2447 1 2 88 88 217 218
2448 1 2 88 88 217 229
2449 1 2 88 88 217 108
2450 1 2 88 88 228 107
2451 1 2 88 88 228 97
2452 1 2 88 88 228 218
2453 1 2 88 88 228 229
2454 1 2 88 88 228 108
2455 1 2 88 88 107 97
2456 1 2 88 88 107 218
2457 1 2 88 88 107 229
2458 1 2 88 88 107 108
2459 1 2 88 88 97 218
2460 1 2 88 88 97 229
2461 1 2 88 88 97 108
2462 1 2 88 88 218 229
2463 1 2 88 88 218 108
2464 1 2 88 88 229 108
2465 1 2 89 89 97 218
2466 1 2 89 89 97 229
2467 1 2 89 89 97 108
2468 1 2 89 89 97 98
2469 1 2 89 89 97 219
2470 1 2 89 89 97 230
2471 1 2 89 89 97 109
2472 1 2 89 89 218 229
2473 1 2 89 89 218 108
2474 1 2 89 89 218 98
2475 1 2 89 89 218 219
2476 1 2 89 89 218 230
2477 1 2 89 89 218 109
2478 1 2 89 89 229 108
2479 1 2 89 89 229 98
2480 1 2 89 89 229 219
2481 1 2 89 89 229 230
2482 1 2 89 89 229 109
2483 1 2 89 89 108 98
2484 1 2 89 89 108 219
2485 1 2 89 89 108 230
2486 1 2 89 89 108 109
2487 1 2 89 89 98 219
2488 1 2 89 89 98 230
2489 1 2 89 89 98 109
2490 1 2 89 89 219 230
2491 1 2 89 89 219 109
2492 1 2 89 89 230 109
2493 1 2 90 90 98 219
2494 1 2 90 90 98 230
2495 1 2 90 90 98 109
2496 1 2 90 90 98 99
2497 1 2 90 90 98 220
2498 1 2 90 90 98 231
2499 1 2 90 90 98 110
2500 1 2 90 90 219 230
2501 1 2 90 90 219 109
2502 1 2 90 90 219 99
2503 1 2 90 90 219 220
2504 1 2 90 90 219 231
2505 1 2 90 90 219 110
2506 1 2 90 90 230 109
2507 1 2 90 90 230 99
2508 1 2 90 90 230 220
2509 1 2 90 90 230 231
2510 1 2 90 90 230 110
2511 1 2 90 90 109 99
2512 1 2 90 90 109 220
2513 1 2 90 90 109 231
2514 1 2 90 90 109 110
2515 1 2 90 90 99 220
2516 1 2 90 90 99 231
2517 1 2 90 90 99 110
2518 1 2 90 90 220 231
2519 1 2 90 90 220 110
2520 1 2 90 90 231 110
2521 1 2 91 91 100 221
2522 1 2 91 91 100 232
2523 1 2 91 91 100 111
2524 1 2 91 91 100 101
2525 1 2 91 91 100 222
2526 1 2 91 91 100 233
2527 1 2 91 91 100 112
2528 1 2 91 91 221 232
2529 1 2 91 91 221 111
2530 1 2 91 91 221 101
2531 1 2 91 91 221 222
2532 1 2 91 91 221 233
2533 1 2 91 91 221 112
2534 1 2 91 91 232 111
2535 1 2 91 91 232 101
2536 1 2 91 91 232 222
2537 1 2 91 91 232 233
2538 1 2 91 91 232 112
2539 1 2 91 91 111 101
2540 1 2 91 91 111 222
2541 1 2 91 91 111 233
2542 1 2 91 91 111 112
2543 1 2 91 91 101 222
2544 1 2 91 91 101 233
2545 1 2 91 91 101 112
2546 1 2 91 91 222 233
2547 1 2 91 91 222 112
2548 1 2 91 91 233 112
2549 1 2 92 92 101 222
2550 1 2 92 92 101 233
2551 1 2 92 92 101 112
2552 1 2 92 92 101 102
2553 1 2 92 92 101 223
2554 1 2 92 92 101 234
2555 1 2 92 92 101 113
2556 1 2 92 92 222 233
2557 1 2 92 92 222 112
2558 1 2 92 92 222 102
2559 1 2 92 92 222 223
2560 1 2 92 92 222 234
2561 1 2 92 92 222 113
2562 1 2 92 92 233 112
2563 1 2 92 92 233 102
2564 1 2 92 92 233 223
2565 1 2 92 92 233 234
2566 1 2 92 92 233 113
2567 1 2 92 92 112 102
2568 1 2 92 92 112 223
2569 1 2 92 92 112 234
2570 1 2 92 92 112 113
2571 1 2 92 92 102 223
2572 1 2 92 92 102 234
2573 1 2 92 92 102 113
2574 1 2 92 92 223 234
2575 1 2 92 92 223 113
2576 1 2 92 92 234 113
2577 1 2 93 93 102 223
2578 1 2 93 93 102 234
2579 1 2 93 93 102 113
2580 1 2 93 93 102 103
2581 1 2 93 93 102 224
2582 1 2 93 93 102 235
2583 1 2 93 93 102 114
2584 1 2 93 93 223 234
2585 1 2 93 93 223 113
2586 1 2 93 93 223 103
2587 1 2 93 93 223 224
2588 1 2 93 93 223 235
2589 1 2 93 93 223 114
2590 1 2 93 93 234 113
2591 1 2 93 93 234 103
2592 1 2 93 93 234 224
2593 1 2 93 93 234 235
2594 1 2 93 93 234 114
2595 1 2 93 93 113 103
2596 1 2 93 93 113 224
2597 1 2 93 93 113 235
2598 1 2 93 93 113 114
2599 1 2 93 93 103 224
2600 1 2 93 93 103 235
2601 1 2 93 93 103 114
2602 1 2 93 93 224 235
2603 1 2 93 93 224 114
2604 1 2 93 93 235 114
2605 1 2 94 94 103 224
2606 1 2 94 94 103 235
2607 1 2 94 94 103 114
2608 1 2 94 94 103 104
2609 1 2 94 94 103 225
2610 1 2 94 94 103 236
2611 1 2 94 94 103 115
2612 1 2 94 94 224 235
2613 1 2 94 94 224 114
2614 1 2 94 94 224 104
2615 1 2 94 94 224 225
2616 1 2 94 94 224 236
2617 1 2 94 94 224 115
2618 1 2 94 94 235 114
2619 1 2 94 94 235 104
2620 1 2 94 94 235 225
2621 1 2 94 94 235 236
2622 1 2 94 94 235 115
2623 1 2 94 94 114 104
2624 1 2 94 94 114 225
2625 1 2 94 94 114 236
2626 1 2 94 94 114 115
2627 1 2 94 94 104 225
2628 1 2 94 94 104 236
2629 1 2 94 94 104 115
2630 1 2 94 94 225 236
2631 1 2 94 94 225 115
2632 1 2 94 94 236 115
2633 1 2 95 95 104 225
2634 1 2 95 95 104 236
2635 1 2 95 95 104 115
2636 1 2 95 95 104 105
2637 1 2 95 95 104 226
2638 1 2 95 95 104 237
2639 1 2 95 95 104 116
2640 1 2 95 95 225 236
2641 1 2 95 95 225 115
2642 1 2 95 95 225 105
2643 1 2 95 95 225 226
2644 1 2 95 95 225 237
2645 1 2 95 95 225 116
2646 1 2 95 95 236 115
2647 1 2 95 95 236 105
2648 1 2 95 95 236 226
2649 1 2 95 95 236 237
2650 1 2 95 95 236 116
2651 1 2 95 95 115 105
2652 1 2 95 95 115 226
2653 1 2 95 95 115 237
2654 1 2 95 95 115 116
2655 1 2 95 95 105 226
2656 1 2 95 95 105 237
2657 1 2 95 95 105 116
2658 1 2 95 95 226 237
2659 1 2 95 95 226 116
2660 1 2 95 95 237 116
2661 1 2 96 96 105 226
2662 1 2 96 96 105 237
2663 1 2 96 96 105 116
2664 1 2 96 96 105 106
2665 1 2 96 96 105 227
2666 1 2 96 96 105 238
2667 1 2 96 96 105 117
2668 1 2 96 96 226 237
2669 1 2 96 96 226 116
2670 1 2 96 96 226 106
2671 1 2 96 96 226 227
2672 1 2 96 96 226 238
2673 1 2 96 96 226 117
2674 1 2 96 96 237 116
2675 1 2 96 96 237 106
2676 1 2 96 96 237 227
2677 1 2 96 96 237 238
2678 1 2 96 96 237 117
2679 1 2 96 96 116 106
2680 1 2 96 96 116 227
2681 1 2 96 96 116 238
2682 1 2 96 96 116 117
2683 1 2 96 96 106 227
2684 1 2 96 96 106 238
2685 1 2 96 96 106 117
2686 1 2 96 96 227 238
2687 1 2 96 96 227 117
2688 1 2 96 96 238 117
2689 1 2 97 97 106 227
2690 1 2 97 97 106 238
2691 1 2 97 97 106 117
2692 1 2 97 97 106 107
2693 1 2 97 97 106 228
2694 1 2 97 97 106 239
2695 1 2 97 97 106 118
2696 1 2 97 97 227 238
2697 1 2 97 97 227 117
2698 1 2 97 97 227 107
2699 1 2 97 97 227 228
2700 1 2 97 97 227 239
2701 1 2 97 97 227 118
2702 1 2 97 97 238 117
2703 1 2 97 97 238 107
2704 1 2 97 97 238 228
2705 1 2 97 97 238 239
2706 1 2 97 97 238 118
2707 1 2 97 97 117 107
2708 1 2 97 97 117 228
2709 1 2 97 97 117 239
2710 1 2 97 97 117 118
2711 1 2 97 97 107 228
2712 1 2 97 97 107 239
2713 1 2 97 97 107 118
2714 1 2 97 97 228 239
2715 1 2 97 97 228 118
2716 1 2 97 97 239 118
2717 1 2 98 98 107 228
2718 1 2 98 98 107 239
2719 1 2 98 98 107 118
2720 1 2 98 98 107 108
2721 1 2 98 98 107 229
2722 1 2 98 98 107 240
2723 1 2 98 98 107 119
2724 1 2 98 98 228 239
2725 1 2 98 98 228 118
2726 1 2 98 98 228 108
2727 1 2 98 98 228 229
2728 1 2 98 98 228 240
2729 1 2 98 98 228 119
2730 1 2 98 98 239 118
2731 1 2 98 98 239 108
2732 1 2 98 98 239 229
2733 1 2 98 98 239 240
2734 1 2 98 98 239 119
2735 1 2 98 98 118 108
2736 1 2 98 98 118 229
2737 1 2 98 98 118 240
2738 1 2 98 98 118 119
2739 1 2 98 98 108 229
2740 1 2 98 98 108 240
2741 1 2 98 98 108 119
2742 1 2 98 98 229 240
2743 1 2 98 98 229 119
2744 1 2 98 98 240 119
2745 1 2 99 99 108 229
2746 1 2 99 99 108 240
2747 1 2 99 99 108 119
2748 1 2 99 99 108 109
2749 1 2 99 99 108 230
2750 1 2 99 99 108 241
2751 1 2 99 99 108 120
2752 1 2 99 99 229 240
2753 1 2 99 99 229 119
2754 1 2 99 99 229 109
2755 1 2 99 99 229 230
2756 1 2 99 99 229 241
2757 1 2 99 99 229 120
2758 1 2 99 99 240 119
2759 1 2 99 99 240 109
2760 1 2 99 99 240 230
2761 1 2 99 99 240 241
2762 1 2 99 99 240 120
2763 1 2 99 99 119 109
2764 1 2 99 99 119 230
2765 1 2 99 99 119 241
2766 1 2 99 99 119 120
2767 1 2 99 99 109 230
2768 1 2 99 99 109 241
2769 1 2 99 99 109 120
2770 1 2 99 99 230 241
2771 1 2 99 99 230 120
2772 1 2 99 99 241 120
2773 1 2 100 100 109 230
2774 1 2 100 100 109 241
2775 1 2 100 100 109 120
2776 1 2 100 100 109 110
2777 1 2 100 100 109 231
2778 1 2 100 100 109 242
2779 1 2 100 100 109 121
2780 1 2 100 100 230 241
2781 1 2 100 100 230 120
2782 1 2 100 100 230 110
2783 1 2 100 100 230 231
2784 1 2 100 100 230 242
2785 1 2 100 100 230 121
2786 1 2 100 100 241 120
2787 1 2 100 100 241 110
2788 1 2 100 100 241 231
2789 1 2 100 100 241 242
2790 1 2 100 100 241 121
2791 1 2 100 100 120 110
2792 1 2 100 100 120 231
2793 1 2 100 100 120 242
2794 1 2 100 100 120 121
2795 1 2 100 100 110 231
2796 1 2 100 100 110 242
2797 1 2 100 100 110 121
2798 1 2 100 100 231 242
2799 1 2 100 100 231 121
2800 1 2 100 100 242 121
2801 1 2 101 101 122 243
2802 1 2 101 101 122 254
2803 1 2 101 101 122 133
2804 1 2 101 101 122 123
2805 1 2 101 101 122 244
2806 1 2 101 101 122 255
2807 1 2 101 101 122 134
2808 1 2 101 101 243 254
2809 1 2 101 101 243 133
2810 1 2 101 101 243 123
2811 1 2 101 101 243 244
2812 1 2 101 101 243 255
2813 1 2 101 101 243 134
2814 1 2 101 101 254 133
2815 1 2 101 101 254 123
2816 1 2 101 101 254 244
2817 1 2 101 101 254 255
2818 1 2 101 101 254 134
2819 1 2 101 101 133 123
2820 1 2 101 101 133 244
2821 1 2 101 101 133 255
2822 1 2 101 101 133 134
2823 1 2 101 101 123 244
2824 1 2 101 101 123 255
2825 1 2 101 101 123 134
2826 1 2 101 101 244 255
2827 1 2 101 101 244 134
2828 1 2 101 101 255 134
2829 1 2 102 102 123 244
2830 1 2 102 102 123 255
2831 1 2 102 102 123 134
2832 1 2 102 102 123 124
2833 1 2 102 102 123 245
2834 1 2 102 102 123 256
2835 1 2 102 102 123 135
2836 1 2 102 102 244 255
2837 1 2 102 102 244 134
2838 1 2 102 102 244 124
2839 1 2 102 102 244 245
2840 1 2 102 102 244 256
2841 1 2 102 102 244 135
2842 1 2 102 102 255 134
2843 1 2 102 102 255 124
2844 1 2 102 102 255 245
2845 1 2 102 102 255 256
2846 1 2 102 102 255 135
2847 1 2 102 102 134 124
2848 1 2 102 102 134 245
2849 1 2 102 102 134 256
2850 1 2 102 102 134 135
2851 1 2 102 102 124 245
2852 1 2 102 102 124 256
2853 1 2 102 102 124 135
2854 1 2 102 102 245 256
2855 1 2 102 102 245 135
2856 1 2 102 102 256 135
2857 1 2 103 103 124 245
2858 1 2 103 103 124 256
2859 1 2 103 103 124 135
2860 1 2 103 103 124 125
2861 1 2 103 103 124 246
2862 1 2 103 103 124 257
2863 1 2 103 103 124 136
2864 1 2 103 103 245 256
2865 1 2 103 103 245 135
2866 1 2 103 103 245 125
2867 1 2 103 103 245 246
2868 1 2 103 103 245 257
2869 1 2 103 103 245 136
2870 1 2 103 103 256 135
2871 1 2 103 103 256 125
2872 1 2 103 103 256 246
2873 1 2 103 103 256 257
2874 1 2 103 103 256 136
2875 1 2 103 103 135 125
2876 1 2 103 103 135 246
2877 1 2 103 103 135 257
2878 1 2 103 103 135 136
2879 1 2 103 103 125 246
2880 1 2 103 103 125 257
2881 1 2 103 103 125 136
2882 1 2 103 103 246 257
2883 1 2 103 103 246 136
2884 1 2 103 103 257 136
2885 1 2 104 104 125 246
2886 1 2 104 104 125 257
2887 1 2 104 104 125 136
2888 1 2 104 104 125 126
2889 1 2 104 104 125 247
2890 1 2 104 104 125 258
2891 1 2 104 104 125 137
2892 1 2 104 104 246 257
2893 1 2 104 104 246 136
2894 1 2 104 104 246 126
2895 1 2 104 104 246 247
2896 1 2 104 104 246 258
2897 1 2 104 104 246 137
2898 1 2 104 104 257 136
2899 1 2 104 104 257 126
2900 1 2 104 104 257 247
2901 1 2 104 104 257 258
2902 1 2 104 104 257 137
2903 1 2 104 104 136 126
2904 1 2 104 104 136 247
2905 1 2 104 104 136 258
2906 1 2 104 104 136 137
2907 1 2 104 104 126 247
2908 1 2 104 104 126 258
2909 1 2 104 104 126 137
2910 1 2 104 104 247 258
2911 1 2 104 104 247 137
2912 1 2 104 104 258 137
2913 1 2 105 105 126 247
2914 1 2 105 105 126 258
2915 1 2 105 105 126 137
2916 1 2 105 105 126 127
2917 1 2 105 105 126 248
2918 1 2 105 105 126 259
2919 1 2 105 105 126 138
2920 1 2 105 105 247 258
2921 1 2 105 105 247 137
2922 1 2 105 105 247 127
2923 1 2 105 105 247 248
2924 1 2 105 105 247 259
2925 1 2 105 105 247 138
2926 1 2 105 105 258 137
2927 1 2 105 105 258 127
2928 1 2 105 105 258 248
2929 1 2 105 105 258 259
2930 1 2 105 105 258 138
2931 1 2 105 105 137 127
2932 1 2 105 105 137 248
2933 1 2 105 105 137 259
2934 1 2 105 105 137 138
2935 1 2 105 105 127 248
2936 1 2 105 105 127 259
2937 1 2 105 105 127 138
2938 1 2 105 105 248 259
2939 1 2 105 105 248 138
2940 1 2 105 105 259 138
2941 1 2 106 106 127 248
2942 1 2 106 106 127 259
2943 1 2 106 106 127 138
2944 1 2 106 106 127 128
2945 1 2 106 106 127 249
2946 1 2 106 106 127 260
2947 1 2 106 106 127 139
2948 1 2 106 106 248 259
2949 1 2 106 106 248 138
2950 1 2 106 106 248 128
2951 1 2 106 106 248 249
2952 1 2 106 106 248 260
2953 1 2 106 106 248 139
2954 1 2 106 106 259 138
2955 1 2 106 106 259 128
2956 1 2 106 106 259 249
2957 1 2 106 106 259 260
2958 1 2 106 106 259 139
2959 1 2 106 106 138 128
2960 1 2 106 106 138 249
2961 1 2 106 106 138 260
2962 1 2 106 106 138 139
2963 1 2 106 106 128 249
2964 1 2 106 106 128 260
2965 1 2 106 106 128 139
2966 1 2 106 106 249 260
2967 1 2 106 106 249 139
2968 1 2 106 106 260 139
2969 1 2 107 107 128 249
2970 1 2 107 107 128 260
2971 1 2 107 107 128 139
2972 1 2 107 107 128 129
2973 1 2 107 107 128 250
2974 1 2 107 107 128 261
2975 1 2 107 107 128 140
2976 1 2 107 107 249 260
2977 1 2 107 107 249 139
2978 1 2 107 107 249 129
2979 1 2 107 107 249 250
2980 1 2 107 107 249 261
2981 1 2 107 107 249 140
2982 1 2 107 107 260 139
2983 1 2 107 107 260 129
2984 1 2 107 107 260 250
2985 1 2 107 107 260 261
2986 1 2 107 107 260 140
2987 1 2 107 107 139 129
2988 1 2 107 107 139 250
2989 1 2 107 107 139 261
2990 1 2 107 107 139 140
2991 1 2 107 107 129 250
2992 1 2 107 107 129 261
2993 1 2 107 107 129 140
2994 1 2 107 107 250 261
2995 1 2 107 107 250 140
2996 1 2 107 107 261 140
2997 1 2 108 108 129 250
2998 1 2 108 108 129 261
2999 1 2 108 108 129 140
3000 1 2 108 108 129 130
3001 1 2 108 108 129 251
3002 1 2 108 108 129 262
3003 1 2 108 108 129 141
3004 1 2 108 108 250 261
3005 1 2 108 108 250 140
3006 1 2 108 108 250 130
3007 1 2 108 108 250 251
3008 1 2 108 108 250 262
3009 1 2 108 108 250 141
3010 1 2 108 108 261 140
3011 1 2 108 108 261 130
3012 1 2 108 108 261 251
3013 1 2 108 108 261 262
3014 1 2 108 108 261 141
3015 1 2 108 108 140 130
3016 1 2 108 108 140 251
3017 1 2 108 108 140 262
3018 1 2 108 108 140 141
3019 1 2 108 108 130 251
3020 1 2 108 108 130 262
3021 1 2 108 108 130 141
3022 1 2 108 108 251 262
3023 1 2 108 108 251 141
3024 1 2 108 108 262 141
3025 1 2 109 109 130 251
3026 1 2 109 109 130 262
3027 1 2 109 109 130 141
3028 1 2 109 109 130 131
3029 1 2 109 109 130 252
3030 1 2 109 109 130 263
3031 1 2 109 109 130 142
3032 1 2 109 109 251 262
3033 1 2 109 109 251 141
3034 1 2 109 109 251 131
3035 1 2 109 109 251 252
3036 1 2 109 109 251 263
3037 1 2 109 109 251 142
3038 1 2 109 109 262 141
3039 1 2 109 109 262 131
3040 1 2 109 109 262 252
3041 1 2 109 109 262 263
3042 1 2 109 109 262 142
3043 1 2 109 109 141 131
3044 1 2 109 109 141 252
3045 1 2 109 109 141 263
3046 1 2 109 109 141 142
3047 1 2 109 109 131 252
3048 1 2 109 109 131 263
3049 1 2 109 109 131 142
3050 1 2 109 109 252 263
3051 1 2 109 109 252 142
3052 1 2 109 109 263 142
3053 1 2 110 110 131 252
3054 1 2 110 110 131 263
3055 1 2 110 110 131 142
3056 1 2 110 110 131 132
3057 1 2 110 110 131 253
3058 1 2 110 110 131 264
3059 1 2 110 110 131 143
3060 1 2 110 110 252 263
3061 1 2 110 110 252 142
3062 1 2 110 110 252 132
3063 1 2 110 110 252 253
3064 1 2 110 110 252 264
3065 1 2 110 110 252 143
3066 1 2 110 110 263 142
3067 1 2 110 110 263 132
3068 1 2 110 110 263 253
3069 1 2 110 110 263 264
3070 1 2 110 110 263 143
3071 1 2 110 110 142 132
3072 1 2 110 110 142 253
3073 1 2 110 110 142 264
3074 1 2 110 110 142 143
3075 1 2 110 110 132 253
3076 1 2 110 110 132 264
3077 1 2 110 110 132 143
3078 1 2 110 110 253 264
3079 1 2 110 110 253 143
3080 1 2 110 110 264 143
3081 1 2 111 111 133 254
3082 1 2 111 111 133 265
3083 1 2 111 111 133 144
3084 1 2 111 111 133 134
3085 1 2 111 111 133 255
3086 1 2 111 111 133 266
3087 1 2 111 111 133 145
3088 1 2 111 111 254 265
3089 1 2 111 111 254 144
3090 1 2 111 111 254 134
3091 1 2 111 111 254 255
3092 1 2 111 111 254 266
3093 1 2 111 111 254 145
3094 1 2 111 111 265 144
3095 1 2 111 111 265 134
3096 1 2 111 111 265 255
3097 1 2 111 111 265 266
3098 1 2 111 111 265 145
3099 1 2 111 111 144 134
3100 1 2 111 111 144 255
3101 1 2 111 111 144 266
3102 1 2 111 111 144 145
3103 1 2 111 111 134 255
3104 1 2 111 111 134 266
3105 1 2 111 111 134 145
3106 1 2 111 111 255 266
3107 1 2 111 111 255 145
3108 1 2 111 111 266 145
3109 1 2 112 112 134 255
3110 1 2 112 112 134 266
3111 1 2 112 112 134 145
3112 1 2 112 112 134 135
3113 1 2 112 112 134 256
3114 1 2 112 112 134 267
3115 1 2 112 112 134 146
3116 1 2 112 112 255 266
3117 1 2 112 112 255 145
3118 1 2 112 112 255 135
3119 1 2 112 112 255 256
3120 1 2 112 112 255 267
3121 1 2 112 112 255 146
3122 1 2 112 112 266 145
3123 1 2 112 112 266 135
3124 1 2 112 112 266 256
3125 1 2 112 112 266 267
3126 1 2 112 112 266 146
3127 1 2 112 112 145 135
3128 1 2 112 112 145 256
3129 1 2 112 112 145 267
3130 1 2 112 112 145 146
3131 1 2 112 112 135 256
3132 1 2 112 112 135 267
3133 1 2 112 112 135 146
3134 1 2 112 112 256 267
3135 1 2 112 112 256 146
3136 1 2 112 112 267 146
3137 1 2 113 113 135 256
3138 1 2 113 113 135 267
3139 1 2 113 113 135 146
3140 1 2 113 113 135 136
3141 1 2 113 113 135 257
3142 1 2 113 113 135 268
3143 1 2 113 113 135 147
3144 1 2 113 113 256 267
3145 1 2 113 113 256 146
3146 1 2 113 113 256 136
3147 1 2 113 113 256 257
3148 1 2 113 113 256 268
3149 1 2 113 113 256 147
3150 1 2 113 113 267 146
3151 1 2 113 113 267 136
3152 1 2 113 113 267 257
3153 1 2 113 113 267 268
3154 1 2 113 113 267 147
3155 1 2 113 113 146 136
3156 1 2 113 113 146 257
3157 1 2 113 113 146 268
3158 1 2 113 113 146 147
3159 1 2 113 113 136 257
3160 1 2 113 113 136 268
3161 1 2 113 113 136 147
3162 1 2 113 113 257 268
3163 1 2 113 113 257 147
3164 1 2 113 113 268 147
3165 1 2 114 114 136 257
3166 1 2 114 114 136 268
3167 1 2 114 114 136 147
3168 1 2 114 114 136 137
3169 1 2 114 114 136 258
3170 1 2 114 114 136 269
3171 1 2 114 114 136 148
3172 1 2 114 114 257 268
3173 1 2 114 114 257 147
3174 1 2 114 114 257 137
3175 1 2 114 114 257 258
3176 1 2 114 114 257 269
3177 1 2 114 114 257 148
3178 1 2 114 114 268 147
3179 1 2 114 114 268 137
3180 1 2 114 114 268 258
3181 1 2 114 114 268 269
3182 1 2 114 114 268 148
3183 1 2 114 114 147 137
3184 1 2 114 114 147 258
3185 1 2 114 114 147 269
3186 1 2 114 114 147 148
3187 1 2 114 114 137 258
3188 1 2 114 114 137 269
3189 1 2 114 114 137 148
3190 1 2 114 114 258 269
3191 1 2 114 114 258 148
3192 1 2 114 114 269 148
3193 1 2 115 115 137 258
3194 1 2 115 115 137 269
3195 1 2 115 115 137 148
3196 1 2 115 115 137 138
3197 1 2 115 115 137 259
3198 1 2 115 115 137 270
3199 1 2 115 115 137 149
3200 1 2 115 115 258 269
3201 1 2 115 115 258 148
3202 1 2 115 115 258 138
3203 1 2 115 115 258 259
3204 1 2 115 115 258 270
3205 1 2 115 115 258 149
3206 1 2 115 115 269 148
3207 1 2 115 115 269 138
3208 1 2 115 115 269 259
3209 1 2 115 115 269 270
3210 1 2 115 115 269 149
3211 1 2 115 115 148 138
3212 1 2 115 115 148 259
3213 1 2 115 115 148 270
3214 1 2 115 115 148 149
3215 1 2 115 115 138 259
3216 1 2 115 115 138 270
3217 1 2 115 115 138 149
3218 1 2 115 115 259 270
3219 1 2 115 115 259 149
3220 1 2 115 115 270 149
3221 1 2 116 116 138 259
3222 1 2 116 116 138 270
3223 1 2 116 116 138 149
3224 1 2 116 116 138 139
3225 1 2 116 116 138 260
3226 1 2 116 116 138 271
3227 1 2 116 116 138 150
3228 1 2 116 116 259 270
3229 1 2 116 116 259 149
3230 1 2 116 116 259 139
3231 1 2 116 116 259 260
3232 1 2 116 116 259 271
3233 1 2 116 116 259 150
3234 1 2 116 116 270 149
3235 1 2 116 116 270 139
3236 1 2 116 116 270 260
3237 1 2 116 116 270 271
3238 1 2 116 116 270 150
3239 1 2 116 116 149 139
3240 1 2 116 116 149 260
3241 1 2 116 116 149 271
3242 1 2 116 116 149 150
3243 1 2 116 116 139 260
3244 1 2 116 116 139 271
3245 1 2 116 116 139 150
3246 1 2 116 116 260 271
3247 1 2 116 116 260 150
3248 1 2 116 116 271 150
3249 1 2 117 117 139 260
3250 1 2 117 117 139 271
3251 1 2 117 117 139 150
3252 1 2 117 117 139 140
3253 1 2 117 117 139 261
3254 1 2 117 117 139 272
3255 1 2 117 117 139 151
3256 1 2 117 117 260 271
3257 1 2 117 117 260 150
3258 1 2 117 117 260 140
3259 1 2 117 117 260 261
3260 1 2 117 117 260 272
3261 1 2 117 117 260 151
3262 1 2 117 117 271 150
3263 1 2 117 117 271 140
3264 1 2 117 117 271 261
3265 1 2 117 117 271 272
3266 1 2 117 117 271 151
3267 1 2 117 117 150 140
3268 1 2 117 117 150 261
3269 1 2 117 117 150 272
3270 1 2 117 117 150 151
3271 1 2 117 117 140 261
3272 1 2 117 117 140 272
3273 1 2 117 117 140 151
3274 1 2 117 117 261 272
3275 1 2 117 117 261 151
3276 1 2 117 117 272 151
3277 1 2 118 118 140 261
3278 1 2 118 118 140 272
3279 1 2 118 118 140 151
3280 1 2 118 118 140 141
3281 1 2 118 118 140 262
3282 1 2 118 118 140 273
3283 1 2 118 118 140 152
3284 1 2 118 118 261 272
3285 1 2 118 118 261 151
3286 1 2 118 118 261 141
3287 1 2 118 118 261 262
3288 1 2 118 118 261 273
3289 1 2 118 118 261 152
3290 1 2 118 118 272 151
3291 1 2 118 118 272 141
3292 1 2 118 118 272 262
3293 1 2 118 118 272 273
3294 1 2 118 118 272 152
3295 1 2 118 118 151 141
3296 1 2 118 118 151 262
3297 1 2 118 118 151 273
3298 1 2 118 118 151 152
3299 1 2 118 118 141 262
3300 1 2 118 118 141 273
3301 1 2 118 118 141 152
3302 1 2 118 118 262 273
3303 1 2 118 118 262 152
3304 1 2 118 118 273 152
3305 1 2 119 119 141 262
3306 1 2 119 119 141 273
3307 1 2 119 119 141 152
3308 1 2 119 119 141 142
3309 1 2 119 119 141 263
3310 1 2 119 119 141 274
3311 1 2 119 119 141 153
3312 1 2 119 119 262 273
3313 1 2 119 119 262 152
3314 1 2 119 119 262 142
3315 1 2 119 119 262 263
3316 1 2 119 119 262 274
3317 1 2 119 119 262 153
3318 1 2 119 119 273 152
3319 1 2 119 119 273 142
3320 1 2 119 119 273 263
3321 1 2 119 119 273 274
3322 1 2 119 119 273 153
3323 1 2 119 119 152 142
3324 1 2 119 119 152 263
3325 1 2 119 119 152 274
3326 1 2 119 119 152 153
3327 1 2 119 119 142 263
3328 1 2 119 119 142 274
3329 1 2 119 119 142 153
3330 1 2 119 119 263 274
3331 1 2 119 119 263 153
3332 1 2 119 119 274 153
3333 1 2 120 120 142 263
3334 1 2 120 120 142 274
3335 1 2 120 120 142 153
3336 1 2 120 120 142 143
3337 1 2 120 120 142 264
3338 1 2 120 120 142 275
3339 1 2 120 120 142 154
3340 1 2 120 120 263 274
3341 1 2 120 120 263 153
3342 1 2 120 120 263 143
3343 1 2 120 120 263 264
3344 1 2 120 120 263 275
3345 1 2 120 120 263 154
3346 1 2 120 120 274 153
3347 1 2 120 120 274 143
3348 1 2 120 120 274 264
3349 1 2 120 120 274 275
3350 1 2 120 120 274 154
3351 1 2 120 120 153 143
3352 1 2 120 120 153 264
3353 1 2 120 120 153 275
3354 1 2 120 120 153 154
3355 1 2 120 120 143 264
3356 1 2 120 120 143 275
3357 1 2 120 120 143 154
3358 1 2 120 120 264 275
3359 1 2 120 120 264 154
3360 1 2 120 120 275 154
3361 1 2 121 121 144 265
3362 1 2 121 121 144 276
3363 1 2 121 121 144 155
3364 1 2 121 121 144 145
3365 1 2 121 121 144 266
3366 1 2 121 121 144 277
3367 1 2 121 121 144 156
3368 1 2 121 121 265 276
3369 1 2 121 121 265 155
3370 1 2 121 121 265 145
3371 1 2 121 121 265 266
3372 1 2 121 121 265 277
3373 1 2 121 121 265 156
3374 1 2 121 121 276 155
3375 1 2 121 121 276 145
3376 1 2 121 121 276 266
3377 1 2 121 121 276 277
3378 1 2 121 121 276 156
3379 1 2 121 121 155 145
3380 1 2 121 121 155 266
3381 1 2 121 121 155 277
3382 1 2 121 121 155 156
3383 1 2 121 121 145 266
3384 1 2 121 121 145 277
3385 1 2 121 121 145 156
3386 1 2 121 121 266 277
3387 1 2 121 121 266 156
3388 1 2 121 121 277 156
3389 1 2 122 122 145 266
3390 1 2 122 122 145 277
3391 1 2 122 122 145 156
3392 1 2 122 122 145 146
3393 1 2 122 122 145 267
3394 1 2 122 122 145 278
3395 1 2 122 122 145 157
3396 1 2 122 122 266 277
3397 1 2 122 122 266 156
3398 1 2 122 122 266 146
3399 1 2 122 122 266 267
3400 1 2 122 122 266 278
3401 1 2 122 122 266 157
3402 1 2 122 122 277 156
3403 1 2 122 122 277 146
3404 1 2 122 122 277 267
3405 1 2 122 122 277 278
3406 1 2 122 122 277 157
3407 1 2 122 122 156 146
3408 1 2 122 122 156 267
3409 1 2 122 122 156 278
3410 1 2 122 122 156 157
3411 1 2 122 122 146 267
3412 1 2 122 122 146 278
3413 1 2 122 122 146 157
3414 1 2 122 122 267 278
3415 1 2 122 122 267 157
3416 1 2 122 122 278 157
3417 1 2 123 123 146 267
3418 1 2 123 123 146 278
3419 1 2 123 123 146 157
3420 1 2 123 123 146 147
3421 1 2 123 123 146 268
3422 1 2 123 123 146 279
3423 1 2 123 123 146 158
3424 1 2 123 123 267 278
3425 1 2 123 123 267 157
3426 1 2 123 123 267 147
3427 1 2 123 123 267 268
3428 1 2 123 123 267 279
3429 1 2 123 123 267 158
3430 1 2 123 123 278 157
3431 1 2 123 123 278 147
3432 1 2 123 123 278 268
3433 1 2 123 123 278 279
3434 1 2 123 123 278 158
3435 1 2 123 123 157 147
3436 1 2 123 123 157 268
3437 1 2 123 123 157 279
3438 1 2 123 123 157 158
3439 1 2 123 123 147 268
3440 1 2 123 123 147 279
3441 1 2 123 123 147 158
3442 1 2 123 123 268 279
3443 1 2 123 123 268 158
3444 1 2 123 123 279 158
3445 1 2 124 124 147 268
3446 1 2 124 124 147 279
3447 1 2 124 124 147 158
3448 1 2 124 124 147 148
3449 1 2 124 124 147 269
3450 1 2 124 124 147 280
3451 1 2 124 124 147 159
3452 1 2 124 124 268 279
3453 1 2 124 124 268 158
3454 1 2 124 124 268 148
3455 1 2 124 124 268 269
3456 1 2 124 124 268 280
3457 1 2 124 124 268 159
3458 1 2 124 124 279 158
3459 1 2 124 124 279 148
3460 1 2 124 124 279 269
3461 1 2 124 124 279 280
3462 1 2 124 124 279 159
3463 1 2 124 124 158 148
3464 1 2 124 124 158 269
3465 1 2 124 124 158 280
3466 1 2 124 124 158 159
3467 1 2 124 124 148 269
3468 1 2 124 124 148 280
3469 1 2 124 124 148 159
3470 1 2 124 124 269 280
3471 1 2 124 124 269 159
3472 1 2 124 124 280 159
3473 1 2 125 125 148 269
3474 1 2 125 125 148 280
3475 1 2 125 125 148 159
3476 1 2 125 125 148 149
3477 1 2 125 125 148 270
3478 1 2 125 125 148 281
3479 1 2 125 125 148 160
3480 1 2 125 125 269 280
3481 1 2 125 125 269 159
3482 1 2 125 125 269 149
3483 1 2 125 125 269 270
3484 1 2 125 125 269 281
3485 1 2 125 125 269 160
3486 1 2 125 125 280 159
3487 1 2 125 125 280 149
3488 1 2 125 125 280 270
3489 1 2 125 125 280 281
3490 1 2 125 125 280 160
3491 1 2 125 125 159 149
3492 1 2 125 125 159 270
3493 1 2 125 125 159 281
3494 1 2 125 125 159 160
3495 1 2 125 125 149 270
3496 1 2 125 125 149 281
3497 1 2 125 125 149 160
3498 1 2 125 125 270 281
3499 1 2 125 125 270 160
3500 1 2 125 125 281 160
3501 1 2 126 126 149 270
3502 1 2 126 126 149 281
3503 1 2 126 126 149 160
3504 1 2 126 126 149 150
3505 1 2 126 126 149 271
3506 1 2 126 126 149 282
3507 1 2 126 126 149 161
3508 1 2 126 126 270 281
3509 1 2 126 126 270 160
3510 1 2 126 126 270 150
3511 1 2 126 126 270 271
3512 1 2 126 126 270 282
3513 1 2 126 126 270 161
3514 1 2 126 126 281 160
3515 1 2 126 126 281 150
3516 1 2 126 126 281 271
3517 1 2 126 126 281 282
3518 1 2 126 126 281 161
3519 1 2 126 126 160 150
3520 1 2 126 126 160 271
3521 1 2 126 126 160 282
3522 1 2 126 126 160 161
3523 1 2 126 126 150 271
3524 1 2 126 126 150 282
3525 1 2 126 126 150 161
3526 1 2 126 126 271 282
3527 1 2 126 126 271 161
3528 1 2 126 126 282 161
3529 1 2 127 127 150 271
3530 1 2 127 127 150 282
3531 1 2 127 127 150 161
3532 1 2 127 127 150 151
3533 1 2 127 127 150 272
3534 1 2 127 127 150 283
3535 1 2 127 127 150 162
3536 1 2 127 127 271 282
3537 1 2 127 127 271 161
3538 1 2 127 127 271 151
3539 1 2 127 127 271 272
3540 1 2 127 127 271 283
3541 1 2 127 127 271 162
3542 1 2 127 127 282 161
3543 1 2 127 127 282 151
3544 1 2 127 127 282 272
3545 1 2 127 127 282 283
3546 1 2 127 127 282 162
3547 1 2 127 127 161 151
3548 1 2 127 127 161 272
3549 1 2 127 127 161 283
3550 1 2 127 127 161 162
3551 1 2 127 127 151 272
3552 1 2 127 127 151 283
3553 1 2 127 127 151 162
3554 1 2 127 127 272 283
3555 1 2 127 127 272 162
3556 1 2 127 127 283 162
3557 1 2 128 128 151 272
3558 1 2 128 128 151 283
3559 1 2 128 128 151 162
3560 1 2 128 128 151 152
3561 1 2 128 128 151 273
3562 1 2 128 128 151 284
3563 1 2 128 128 151 163
3564 1 2 128 128 272 283
3565 1 2 128 128 272 162
3566 1 2 128 128 272 152
3567 1 2 128 128 272 273
3568 1 2 128 128 272 284
3569 1 2 128 128 272 163
3570 1 2 128 128 283 162
3571 1 2 128 128 283 152
3572 1 2 128 128 283 273
3573 1 2 128 128 283 284
3574 1 2 128 128 283 163
3575 1 2 128 128 162 152
3576 1 2 128 128 162 273
3577 1 2 128 128 162 284
3578 1 2 128 128 162 163
3579 1 2 128 128 152 273
3580 1 2 128 128 152 284
3581 1 2 128 128 152 163
3582 1 2 128 128 273 284
3583 1 2 128 128 273 163
3584 1 2 128 128 284 163
3585 1 2 129 129 152 273
3586 1 2 129 129 152 284
3587 1 2 129 129 152 163
3588 1 2 129 129 152 153
3589 1 2 129 129 152 274
3590 1 2 129 129 152 285
3591 1 2 129 129 152 164
3592 1 2 129 129 273 284
3593 1 2 129 129 273 163
3594 1 2 129 129 273 153
3595 1 2 129 129 273 274
3596 1 2 129 129 273 285
3597 1 2 129 129 273 164
3598 1 2 129 129 284 163
3599 1 2 129 129 284 153
3600 1 2 129 129 284 274
3601 1 2 129 129 284 285
3602 1 2 129 129 284 164
3603 1 2 129 129 163 153
3604 1 2 129 129 163 274
3605 1 2 129 129 163 285
3606 1 2 129 129 163 164
3607 1 2 129 129 153 274
3608 1 2 129 129 153 285
3609 1 2 129 129 153 164
3610 1 2 129 129 274 285
3611 1 2 129 129 274 164
3612 1 2 129 129 285 164
3613 1 2 130 130 153 274
3614 1 2 130 130 153 285
3615 1 2 130 130 153 164
3616 1 2 130 130 153 154
3617 1 2 130 130 153 275
3618 1 2 130 130 153 286
3619 1 2 130 130 153 165
3620 1 2 130 130 274 285
3621 1 2 130 130 274 164
3622 1 2 130 130 274 154
3623 1 2 130 130 274 275
3624 1 2 130 130 274 286
3625 1 2 130 130 274 165
3626 1 2 130 130 285 164
3627 1 2 130 130 285 154
3628 1 2 130 130 285 275
3629 1 2 130 130 285 286
3630 1 2 130 130 285 165
3631 1 2 130 130 164 154
3632 1 2 130 130 164 275
3633 1 2 130 130 164 286
3634 1 2 130 130 164 165
3635 1 2 130 130 154 275
3636 1 2 130 130 154 286
3637 1 2 130 130 154 165
3638 1 2 130 130 275 286
3639 1 2 130 130 275 165
3640 1 2 130 130 286 165
3641 1 2 131 131 155 276
3642 1 2 131 131 155 287
3643 1 2 131 131 155 166
3644 1 2 131 131 155 156
3645 1 2 131 131 155 277
3646 1 2 131 131 155 288
3647 1 2 131 131 155 167
3648 1 2 131 131 276 287
3649 1 2 131 131 276 166
3650 1 2 131 131 276 156
3651 1 2 131 131 276 277
3652 1 2 131 131 276 288
3653 1 2 131 131 276 167
3654 1 2 131 131 287 166
3655 1 2 131 131 287 156
3656 1 2 131 131 287 277
3657 1 2 131 131 287 288
3658 1 2 131 131 287 167
3659 1 2 131 131 166 156
3660 1 2 131 131 166 277
3661 1 2 131 131 166 288
3662 1 2 131 131 166 167
3663 1 2 131 131 156 277
3664 1 2 131 131 156 288
3665 1 2 131 131 156 167
3666 1 2 131 131 277 288
3667 1 2 131 131 277 167
3668 1 2 131 131 288 167
3669 1 2 132 132 156 277
3670 1 2 132 132 156 288
3671 1 2 132 132 156 167
3672 1 2 132 132 156 157
3673 1 2 132 132 156 278
3674 1 2 132 132 156 289
3675 1 2 132 132 156 168
3676 1 2 132 132 277 288
3677 1 2 132 132 277 167
3678 1 2 132 132 277 157
3679 1 2 132 132 277 278
3680 1 2 132 132 277 289
3681 1 2 132 132 277 168
3682 1 2 132 132 288 167
3683 1 2 132 132 288 157
3684 1 2 132 132 288 278
3685 1 2 132 132 288 289
3686 1 2 132 132 288 168
3687 1 2 132 132 167 157
3688 1 2 132 132 167 278
3689 1 2 132 132 167 289
3690 1 2 132 132 167 168
3691 1 2 132 132 157 278
3692 1 2 132 132 157 289
3693 1 2 132 132 157 168
3694 1 2 132 132 278 289
3695 1 2 132 132 278 168
3696 1 2 132 132 289 168
3697 1 2 133 133 157 278
3698 1 2 133 133 157 289
3699 1 2 133 133 157 168
3700 1 2 133 133 157 158
3701 1 2 133 133 157 279
3702 1 2 133 133 157 290
3703 1 2 133 133 157 169
3704 1 2 133 133 278 289
3705 1 2 133 133 278 168
3706 1 2 133 133 278 158
3707 1 2 133 133 278 279
3708 1 2 133 133 278 290
3709 1 2 133 133 278 169
3710 1 2 133 133 289 168
3711 1 2 133 133 289 158
3712 1 2 133 133 289 279
3713 1 2 133 133 289 290
3714 1 2 133 133 289 169
3715 1 2 133 133 168 158
3716 1 2 133 133 168 279
3717 1 2 133 133 168 290
3718 1 2 133 133 168 169
3719 1 2 133 133 158 279
3720 1 2 133 133 158 290
3721 1 2 133 133 158 169
3722 1 2 133 133 279 290
3723 1 2 133 133 279 169
3724 1 2 133 133 290 169
3725 1 2 134 134 158 279
3726 1 2 134 134 158 290
3727 1 2 134 134 158 169
3728 1 2 134 134 158 159
3729 1 2 134 134 158 280
3730 1 2 134 134 158 291
3731 1 2 134 134 158 170
3732 1 2 134 134 279 290
3733 1 2 134 134 279 169
3734 1 2 134 134 279 159
3735 1 2 134 134 279 280
3736 1 2 134 134 279 291
3737 1 2 134 134 279 170
3738 1 2 134 134 290 169
3739 1 2 134 134 290 159
3740 1 2 134 134 290 280
3741 1 2 134 134 290 291
3742 1 2 134 134 290 170
3743 1 2 134 134 169 159
3744 1 2 134 134 169 280
3745 1 2 134 134 169 291
3746 1 2 134 134 169 170
3747 1 2 134 134 159 280
3748 1 2 134 134 159 291
3749 1 2 134 134 159 170
3750 1 2 134 134 280 291
3751 1 2 134 134 280 170
3752 1 2 134 134 291 170
3753 1 2 135 135 159 280
3754 1 2 135 135 159 291
3755 1 2 135 135 159 170
3756 1 2 135 135 159 160
3757 1 2 135 135 159 281
3758 1 2 135 135 159 292
3759 1 2 135 135 159 171
3760 1 2 135 135 280 291
3761 1 2 135 135 280 170
3762 1 2 135 135 280 160
3763 1 2 135 135 280 281
3764 1 2 135 135 280 292
3765 1 2 135 135 280 171
3766 1 2 135 135 291 170
3767 1 2 135 135 291 160
3768 1 2 135 135 291 281
3769 1 2 135 135 291 292
3770 1 2 135 135 291 171
3771 1 2 135 135 170 160
3772 1 2 135 135 170 281
3773 1 2 135 135 170 292
3774 1 2 135 135 170 171
3775 1 2 135 135 160 281
3776 1 2 135 135 160 292
3777 1 2 135 135 160 171
3778 1 2 135 135 281 292
3779 1 2 135 135 281 171
3780 1 2 135 135 292 171
3781 1 2 136 136 160 281
3782 1 2 136 136 160 292
3783 1 2 136 136 160 171
3784 1 2 136 136 160 161
3785 1 2 136 136 160 282
3786 1 2 136 136 160 293
3787 1 2 136 136 160 172
3788 1 2 136 136 281 292
3789 1 2 136 136 281 171
3790 1 2 136 136 281 161
3791 1 2 136 136 281 282
3792 1 2 136 136 281 293
3793 1 2 136 136 281 172
3794 1 2 136 136 292 171
3795 1 2 136 136 292 161
3796 1 2 136 136 292 282
3797 1 2 136 136 292 293
3798 1 2 136 136 292 172
3799 1 2 136 136 171 161
3800 1 2 136 136 171 282
3801 1 2 136 136 171 293
3802 1 2 136 136 171 172
3803 1 2 136 136 161 282
3804 1 2 136 136 161 293
3805 1 2 136 136 161 172
3806 1 2 136 136 282 293
3807 1 2 136 136 282 172
3808 1 2 136 136 293 172
3809 1 2 137 137 161 282
3810 1 2 137 137 161 293
3811 1 2 137 137 161 172
3812 1 2 137 137 161 162
3813 1 2 137 137 161 283
3814 1 2 137 137 161 294
3815 1 2 137 137 161 173
3816 1 2 137 137 282 293
3817 1 2 137 137 282 172
3818 1 2 137 137 282 162
3819 1 2 137 137 282 283
3820 1 2 137 137 282 294
3821 1 2 137 137 282 173
3822 1 2 137 137 293 172
3823 1 2 137 137 293 162
3824 1 2 137 137 293 283
3825 1 2 137 137 293 294
3826 1 2 137 137 293 173
3827 1 2 137 137 172 162
3828 1 2 137 137 172 283
3829 1 2 137 137 172 294
3830 1 2 137 137 172 173
3831 1 2 137 137 162 283
3832 1 2 137 137 162 294
3833 1 2 137 137 162 173
3834 1 2 137 137 283 294
3835 1 2 137 137 283 173
3836 1 2 137 137 294 173
3837 1 2 138 138 162 283
3838 1 2 138 138 162 294
3839 1 2 138 138 162 173
3840 1 2 138 138 162 163
3841 1 2 138 138 162 284
3842 1 2 138 138 162 295
3843 1 2 138 138 162 174
3844 1 2 138 138 283 294
3845 1 2 138 138 283 173
3846 1 2 138 138 283 163
3847 1 2 138 138 283 284
3848 1 2 138 138 283 295
3849 1 2 138 138 283 174
3850 1 2 138 138 294 173
3851 1 2 138 138 294 163
3852 1 2 138 138 294 284
3853 1 2 138 138 294 295
3854 1 2 138 138 294 174
3855 1 2 138 138 173 163
3856 1 2 138 138 173 284
3857 1 2 138 138 173 295
3858 1 2 138 138 173 174
3859 1 2 138 138 163 284
3860 1 2 138 138 163 295
3861 1 2 138 138 163 174
3862 1 2 138 138 284 295
3863 1 2 138 138 284 174
3864 1 2 138 138 295 174
3865 1 2 139 139 163 284
3866 1 2 139 139 163 295
3867 1 2 139 139 163 174
3868 1 2 139 139 163 164
3869 1 2 139 139 163 285
3870 1 2 139 139 163 296
3871 1 2 139 139 163 175
3872 1 2 139 139 284 295
3873 1 2 139 139 284 174
3874 1 2 139 139 284 164
3875 1 2 139 139 284 285
3876 1 2 139 139 284 296
3877 1 2 139 139 284 175
3878 1 2 139 139 295 174
3879 1 2 139 139 295 164
3880 1 2 139 139 295 285
3881 1 2 139 139 295 296
3882 1 2 139 139 295 175
3883 1 2 139 139 174 164
3884 1 2 139 139 174 285
3885 1 2 139 139 174 296
3886 1 2 139 139 174 175
3887 1 2 139 139 164 285
3888 1 2 139 139 164 296
3889 1 2 139 139 164 175
3890 1 2 139 139 285 296
3891 1 2 139 139 285 175
3892 1 2 139 139 296 175
3893 1 2 140 140 164 285
3894 1 2 140 140 164 296
3895 1 2 140 140 164 175
3896 1 2 140 140 164 165
3897 1 2 140 140 164 286
3898 1 2 140 140 164 297
3899 1 2 140 140 164 176
3900 1 2 140 140 285 296
3901 1 2 140 140 285 175
3902 1 2 140 140 285 165
3903 1 2 140 140 285 286
3904 1 2 140 140 285 297
3905 1 2 140 140 285 176
3906 1 2 140 140 296 175
3907 1 2 140 140 296 165
3908 1 2 140 140 296 286
3909 1 2 140 140 296 297
3910 1 2 140 140 296 176
3911 1 2 140 140 175 165
3912 1 2 140 140 175 286
3913 1 2 140 140 175 297
3914 1 2 140 140 175 176
3915 1 2 140 140 165 286
3916 1 2 140 140 165 297
3917 1 2 140 140 165 176
3918 1 2 140 140 286 297
3919 1 2 140 140 286 176
3920 1 2 140 140 297 176
3921 1 2 141 141 166 287
3922 1 2 141 141 166 298
3923 1 2 141 141 166 177
3924 1 2 141 141 166 167
3925 1 2 141 141 166 288
3926 1 2 141 141 166 299
3927 1 2 141 141 166 178
3928 1 2 141 141 287 298
3929 1 2 141 141 287 177
3930 1 2 141 141 287 167
3931 1 2 141 141 287 288
3932 1 2 141 141 287 299
3933 1 2 141 141 287 178
3934 1 2 141 141 298 177
3935 1 2 141 141 298 167
3936 1 2 141 141 298 288
3937 1 2 141 141 298 299
3938 1 2 141 141 298 178
3939 1 2 141 141 177 167
3940 1 2 141 141 177 288
3941 1 2 141 141 177 299
3942 1 2 141 141 177 178
3943 1 2 141 141 167 288
3944 1 2 141 141 167 299
3945 1 2 141 141 167 178
3946 1 2 141 141 288 299
3947 1 2 141 141 288 178
3948 1 2 141 141 299 178
3949 1 2 142 142 167 288
3950 1 2 142 142 167 299
3951 1 2 142 142 167 178
3952 1 2 142 142 167 168
3953 1 2 142 142 167 289
3954 1 2 142 142 167 300
3955 1 2 142 142 167 179
3956 1 2 142 142 288 299
3957 1 2 142 142 288 178
3958 1 2 142 142 288 168
3959 1 2 142 142 288 289
3960 1 2 142 142 288 300
3961 1 2 142 142 288 179
3962 1 2 142 142 299 178
3963 1 2 142 142 299 168
3964 1 2 142 142 299 289
3965 1 2 142 142 299 300
3966 1 2 142 142 299 179
3967 1 2 142 142 178 168
3968 1 2 142 142 178 289
3969 1 2 142 142 178 300
3970 1 2 142 142 178 179
3971 1 2 142 142 168 289
3972 1 2 142 142 168 300
3973 1 2 142 142 168 179
3974 1 2 142 142 289 300
3975 1 2 142 142 289 179
3976 1 2 142 142 300 179
3977 1 2 143 143 168 289
3978 1 2 143 143 168 300
3979 1 2 143 143 168 179
3980 1 2 143 143 168 169
3981 1 2 143 143 168 290
3982 1 2 143 143 168 301
3983 1 2 143 143 168 180
3984 1 2 143 143 289 300
3985 1 2 143 143 289 179
3986 1 2 143 143 289 169
3987 1 2 143 143 289 290
3988 1 2 143 143 289 301
3989 1 2 143 143 289 180
3990 1 2 143 143 300 179
3991 1 2 143 143 300 169
3992 1 2 143 143 300 290
3993 1 2 143 143 300 301
3994 1 2 143 143 300 180
3995 1 2 143 143 179 169
3996 1 2 143 143 179 290
3997 1 2 143 143 179 301
3998 1 2 143 143 179 180
3999 1 2 143 143 169 290
4000 1 2 143 143 169 301
4001 1 2 143 143 169 180
4002 1 2 143 143 290 301
4003 1 2 143 143 290 180
4004 1 2 143 143 301 180
4005 1 2 144 144 169 290
4006 1 2 144 144 169 301
4007 1 2 144 144 169 180
4008 1 2 144 144 169 170
4009 1 2 144 144 169 291
4010 1 2 144 144 169 302
4011 1 2 144 144 169 181
4012 1 2 144 144 290 301
4013 1 2 144 144 290 180
4014 1 2 144 144 290 170
4015 1 2 144 144 290 291
4016 1 2 144 144 290 302
4017 1 2 144 144 290 181
4018 1 2 144 144 301 180
4019 1 2 144 144 301 170
4020 1 2 144 144 301 291
4021 1 2 144 144 301 302
4022 1 2 144 144 301 181
4023 1 2 144 144 180 170
4024 1 2 144 144 180 291
4025 1 2 144 144 180 302
4026 1 2 144 144 180 181
4027 1 2 144 144 170 291
4028 1 2 144 144 170 302
4029 1 2 144 144 170 181
4030 1 2 144 144 291 302
4031 1 2 144 144 291 181
4032 1 2 144 144 302 181
4033 1 2 145 145 170 291
4034 1 2 145 145 170 302
4035 1 2 145 145 170 181
4036 1 2 145 145 170 171
4037 1 2 145 145 170 292
4038 1 2 145 145 170 303
4039 1 2 145 145 170 182
4040 1 2 145 145 291 302
4041 1 2 145 145 291 181
4042 1 2 145 145 291 171
4043 1 2 145 145 291 292
4044 1 2 145 145 291 303
4045 1 2 145 145 291 182
4046 1 2 145 145 302 181
4047 1 2 145 145 302 171
4048 1 2 145 145 302 292
4049 1 2 145 145 302 303
4050 1 2 145 145 302 182
4051 1 2 145 145 181 171
4052 1 2 145 145 181 292
4053 1 2 145 145 181 303
4054 1 2 145 145 181 182
4055 1 2 145 145 171 292
4056 1 2 145 145 171 303
4057 1 2 145 145 171 182
4058 1 2 145 145 292 303
4059 1 2 145 145 292 182
4060 1 2 145 145 303 182
4061 1 2 146 146 171 292
4062 1 2 146 146 171 303
4063 1 2 146 146 171 182
4064 1 2 146 146 171 172
4065 1 2 146 146 171 293
4066 1 2 146 146 171 304
4067 1 2 146 146 171 183
4068 1 2 146 146 292 303
4069 1 2 146 146 292 182
4070 1 2 146 146 292 172
4071 1 2 146 146 292 293
4072 1 2 146 146 292 304
4073 1 2 146 146 292 183
4074 1 2 146 146 303 182
4075 1 2 146 146 303 172
4076 1 2 146 146 303 293
4077 1 2 146 146 303 304
4078 1 2 146 146 303 183
4079 1 2 146 146 182 172
4080 1 2 146 146 182 293
4081 1 2 146 146 182 304
4082 1 2 146 146 182 183
4083 1 2 146 146 172 293
4084 1 2 146 146 172 304
4085 1 2 146 146 172 183
4086 1 2 146 146 293 304
4087 1 2 146 146 293 183
4088 1 2 146 146 304 183
4089 1 2 147 147 172 293
4090 1 2 147 147 172 304
4091 1 2 147 147 172 183
4092 1 2 147 147 172 173
4093 1 2 147 147 172 294
4094 1 2 147 147 172 305
4095 1 2 147 147 172 184
4096 1 2 147 147 293 304
4097 1 2 147 147 293 183
4098 1 2 147 147 293 173
4099 1 2 147 147 293 294
4100 1 2 147 147 293 305
4101 1 2 147 147 293 184
4102 1 2 147 147 304 183
4103 1 2 147 147 304 173
4104 1 2 147 147 304 294
4105 1 2 147 147 304 305
4106 1 2 147 147 304 184
4107 1 2 147 147 183 173
4108 1 2 147 147 183 294
4109 1 2 147 147 183 305
4110 1 2 147 147 183 184
4111 1 2 147 147 173 294
4112 1 2 147 147 173 305
4113 1 2 147 147 173 184
4114 1 2 147 147 294 305
4115 1 2 147 147 294 184
4116 1 2 147 147 305 184
4117 1 2 148 148 173 294
4118 1 2 148 148 173 305
4119 1 2 148 148 173 184
4120 1 2 148 148 173 174
4121 1 2 148 148 173 295
4122 1 2 148 148 173 306
4123 1 2 148 148 173 185
4124 1 2 148 148 294 305
4125 1 2 148 148 294 184
4126 1 2 148 148 294 174
4127 1 2 148 148 294 295
4128 1 2 148 148 294 306
4129 1 2 148 148 294 185
4130 1 2 148 148 305 184
4131 1 2 148 148 305 174
4132 1 2 148 148 305 295
4133 1 2 148 148 305 306
4134 1 2 148 148 305 185
4135 1 2 148 148 184 174
4136 1 2 148 148 184 295
4137 1 2 148 148 184 306
4138 1 2 148 148 184 185
4139 1 2 148 148 174 295
4140 1 2 148 148 174 306
4141 1 2 148 148 174 185
4142 1 2 148 148 295 306
4143 1 2 148 148 295 185
4144 1 2 148 148 306 185
4145 1 2 149 149 174 295
4146 1 2 149 149 174 306
4147 1 2 149 149 174 185
4148 1 2 149 149 174 175
4149 1 2 149 149 174 296
4150 1 2 149 149 174 307
4151 1 2 149 149 174 186
4152 1 2 149 149 295 306
4153 1 2 149 149 295 185
4154 1 2 149 149 295 175
4155 1 2 149 149 295 296
4156 1 2 149 149 295 307
4157 1 2 149 149 295 186
4158 1 2 149 149 306 185
4159 1 2 149 149 306 175
4160 1 2 149 149 306 296
4161 1 2 149 149 306 307
4162 1 2 149 149 306 186
4163 1 2 149 149 185 175
4164 1 2 149 149 185 296
4165 1 2 149 149 185 307
4166 1 2 149 149 185 186
4167 1 2 149 149 175 296
4168 1 2 149 149 175 307
4169 1 2 149 149 175 186
4170 1 2 149 149 296 307
4171 1 2 149 149 296 186
4172 1 2 149 149 307 186
4173 1 2 150 150 175 296
4174 1 2 150 150 175 307
4175 1 2 150 150 175 186
4176 1 2 150 150 175 176
4177 1 2 150 150 175 297
4178 1 2 150 150 175 308
4179 1 2 150 150 175 187
4180 1 2 150 150 296 307
4181 1 2 150 150 296 186
4182 1 2 150 150 296 176
4183 1 2 150 150 296 297
4184 1 2 150 150 296 308
4185 1 2 150 150 296 187
4186 1 2 150 150 307 186
4187 1 2 150 150 307 176
4188 1 2 150 150 307 297
4189 1 2 150 150 307 308
4190 1 2 150 150 307 187
4191 1 2 150 150 186 176
4192 1 2 150 150 186 297
4193 1 2 150 150 186 308
4194 1 2 150 150 186 187
4195 1 2 150 150 176 297
4196 1 2 150 150 176 308
4197 1 2 150 150 176 187
4198 1 2 150 150 297 308
4199 1 2 150 150 297 187
4200 1 2 150 150 308 187
4201 1 2 151 151 177 298
4202 1 2 151 151 177 309
4203 1 2 151 151 177 188
4204 1 2 151 151 177 178
4205 1 2 151 151 177 299
4206 1 2 151 151 177 310
4207 1 2 151 151 177 189
4208 1 2 151 151 298 309
4209 1 2 151 151 298 188
4210 1 2 151 151 298 178
4211 1 2 151 151 298 299
4212 1 2 151 151 298 310
4213 1 2 151 151 298 189
4214 1 2 151 151 309 188
4215 1 2 151 151 309 178
4216 1 2 151 151 309 299
4217 1 2 151 151 309 310
4218 1 2 151 151 309 189
4219 1 2 151 151 188 178
4220 1 2 151 151 188 299
4221 1 2 151 151 188 310
4222 1 2 151 151 188 189
4223 1 2 151 151 178 299
4224 1 2 151 151 178 310
4225 1 2 151 151 178 189
4226 1 2 151 151 299 310
4227 1 2 151 151 299 189
4228 1 2 151 151 310 189
4229 1 2 152 152 178 299
4230 1 2 152 152 178 310
4231 1 2 152 152 178 189
4232 1 2 152 152 178 179
4233 1 2 152 152 178 300
4234 1 2 152 152 178 311
4235 1 2 152 152 178 190
4236 1 2 152 152 299 310
4237 1 2 152 152 299 189
4238 1 2 152 152 299 179
4239 1 2 152 152 299 300
4240 1 2 152 152 299 311
4241 1 2 152 152 299 190
4242 1 2 152 152 310 189
4243 1 2 152 152 310 179
4244 1 2 152 152 310 300
4245 1 2 152 152 310 311
4246 1 2 152 152 310 190
4247 1 2 152 152 189 179
4248 1 2 152 152 189 300
4249 1 2 152 152 189 311
4250 1 2 152 152 189 190
4251 1 2 152 152 179 300
4252 1 2 152 152 179 311
4253 1 2 152 152 179 190
4254 1 2 152 152 300 311
4255 1 2 152 152 300 190
4256 1 2 152 152 311 190
4257 1 2 153 153 179 300
4258 1 2 153 153 179 311
4259 1 2 153 153 179 190
4260 1 2 153 153 179 180
4261 1 2 153 153 179 301
4262 1 2 153 153 179 312
4263 1 2 153 153 179 191
4264 1 2 153 153 300 311
4265 1 2 153 153 300 190
4266 1 2 153 153 300 180
4267 1 2 153 153 300 301
4268 1 2 153 153 300 312
4269 1 2 153 153 300 191
4270 1 2 153 153 311 190
4271 1 2 153 153 311 180
4272 1 2 153 153 311 301
4273 1 2 153 153 311 312
4274 1 2 153 153 311 191
4275 1 2 153 153 190 180
4276 1 2 153 153 190 301
4277 1 2 153 153 190 312
4278 1 2 153 153 190 191
4279 1 2 153 153 180 301
4280 1 2 153 153 180 312
4281 1 2 153 153 180 191
4282 1 2 153 153 301 312
4283 1 2 153 153 301 191
4284 1 2 153 153 312 191
4285 1 2 154 154 180 301
4286 1 2 154 154 180 312
4287 1 2 154 154 180 191
4288 1 2 154 154 180 181
4289 1 2 154 154 180 302
4290 1 2 154 154 180 313
4291 1 2 154 154 180 192
4292 1 2 154 154 301 312
4293 1 2 154 154 301 191
4294 1 2 154 154 301 181
4295 1 2 154 154 301 302
4296 1 2 154 154 301 313
4297 1 2 154 154 301 192
4298 1 2 154 154 312 191
4299 1 2 154 154 312 181
4300 1 2 154 154 312 302
4301 1 2 154 154 312 313
4302 1 2 154 154 312 192
4303 1 2 154 154 191 181
4304 1 2 154 154 191 302
4305 1 2 154 154 191 313
4306 1 2 154 154 191 192
4307 1 2 154 154 181 302
4308 1 2 154 154 181 313
4309 1 2 154 154 181 192
4310 1 2 154 154 302 313
4311 1 2 154 154 302 192
4312 1 2 154 154 313 192
4313 1 2 155 155 181 302
4314 1 2 155 155 181 313
4315 1 2 155 155 181 192
4316 1 2 155 155 181 182
4317 1 2 155 155 181 303
4318 1 2 155 155 181 314
4319 1 2 155 155 181 193
4320 1 2 155 155 302 313
4321 1 2 155 155 302 192
4322 1 2 155 155 302 182
4323 1 2 155 155 302 303
4324 1 2 155 155 302 314
4325 1 2 155 155 302 193
4326 1 2 155 155 313 192
4327 1 2 155 155 313 182
4328 1 2 155 155 313 303
4329 1 2 155 155 313 314
4330 1 2 155 155 313 193
4331 1 2 155 155 192 182
4332 1 2 155 155 192 303
4333 1 2 155 155 192 314
4334 1 2 155 155 192 193
4335 1 2 155 155 182 303
4336 1 2 155 155 182 314
4337 1 2 155 155 182 193
4338 1 2 155 155 303 314
4339 1 2 155 155 303 193
4340 1 2 155 155 314 193
4341 1 2 156 156 182 303
4342 1 2 156 156 182 314
4343 1 2 156 156 182 193
4344 1 2 156 156 182 183
4345 1 2 156 156 182 304
4346 1 2 156 156 182 315
4347 1 2 156 156 182 194
4348 1 2 156 156 303 314
4349 1 2 156 156 303 193
4350 1 2 156 156 303 183
4351 1 2 156 156 303 304
4352 1 2 156 156 303 315
4353 1 2 156 156 303 194
4354 1 2 156 156 314 193
4355 1 2 156 156 314 183
4356 1 2 156 156 314 304
4357 1 2 156 156 314 315
4358 1 2 156 156 314 194
4359 1 2 156 156 193 183
4360 1 2 156 156 193 304
4361 1 2 156 156 193 315
4362 1 2 156 156 193 194
4363 1 2 156 156 183 304
4364 1 2 156 156 183 315
4365 1 2 156 156 183 194
4366 1 2 156 156 304 315
4367 1 2 156 156 304 194
4368 1 2 156 156 315 194
4369 1 2 157 157 183 304
4370 1 2 157 157 183 315
4371 1 2 157 157 183 194
4372 1 2 157 157 183 184
4373 1 2 157 157 183 305
4374 1 2 157 157 183 316
4375 1 2 157 157 183 195
4376 1 2 157 157 304 315
4377 1 2 157 157 304 194
4378 1 2 157 157 304 184
4379 1 2 157 157 304 305
4380 1 2 157 157 304 316
4381 1 2 157 157 304 195
4382 1 2 157 157 315 194
4383 1 2 157 157 315 184
4384 1 2 157 157 315 305
4385 1 2 157 157 315 316
4386 1 2 157 157 315 195
4387 1 2 157 157 194 184
4388 1 2 157 157 194 305
4389 1 2 157 157 194 316
4390 1 2 157 157 194 195
4391 1 2 157 157 184 305
4392 1 2 157 157 184 316
4393 1 2 157 157 184 195
4394 1 2 157 157 305 316
4395 1 2 157 157 305 195
4396 1 2 157 157 316 195
4397 1 2 158 158 184 305
4398 1 2 158 158 184 316
4399 1 2 158 158 184 195
4400 1 2 158 158 184 185
4401 1 2 158 158 184 306
4402 1 2 158 158 184 317
4403 1 2 158 158 184 196
4404 1 2 158 158 305 316
4405 1 2 158 158 305 195
4406 1 2 158 158 305 185
4407 1 2 158 158 305 306
4408 1 2 158 158 305 317
4409 1 2 158 158 305 196
4410 1 2 158 158 316 195
4411 1 2 158 158 316 185
4412 1 2 158 158 316 306
4413 1 2 158 158 316 317
4414 1 2 158 158 316 196
4415 1 2 158 158 195 185
4416 1 2 158 158 195 306
4417 1 2 158 158 195 317
4418 1 2 158 158 195 196
4419 1 2 158 158 185 306
4420 1 2 158 158 185 317
4421 1 2 158 158 185 196
4422 1 2 158 158 306 317
4423 1 2 158 158 306 196
4424 1 2 158 158 317 196
4425 1 2 159 159 185 306
4426 1 2 159 159 185 317
4427 1 2 159 159 185 196
4428 1 2 159 159 185 186
4429 1 2 159 159 185 307
4430 1 2 159 159 185 318
4431 1 2 159 159 185 197
4432 1 2 159 159 306 317
4433 1 2 159 159 306 196
4434 1 2 159 159 306 186
4435 1 2 159 159 306 307
4436 1 2 159 159 306 318
4437 1 2 159 159 306 197
4438 1 2 159 159 317 196
4439 1 2 159 159 317 186
4440 1 2 159 159 317 307
4441 1 2 159 159 317 318
4442 1 2 159 159 317 197
4443 1 2 159 159 196 186
4444 1 2 159 159 196 307
4445 1 2 159 159 196 318
4446 1 2 159 159 196 197
4447 1 2 159 159 186 307
4448 1 2 159 159 186 318
4449 1 2 159 159 186 197
4450 1 2 159 159 307 318
4451 1 2 159 159 307 197
4452 1 2 159 159 318 197
4453 1 2 160 160 186 307
4454 1 2 160 160 186 318
4455 1 2 160 160 186 197
4456 1 2 160 160 186 187
4457 1 2 160 160 186 308
4458 1 2 160 160 186 319
4459 1 2 160 160 186 198
4460 1 2 160 160 307 318
4461 1 2 160 160 307 197
4462 1 2 160 160 307 187
4463 1 2 160 160 307 308
4464 1 2 160 160 307 319
4465 1 2 160 160 307 198
4466 1 2 160 160 318 197
4467 1 2 160 160 318 187
4468 1 2 160 160 318 308
4469 1 2 160 160 318 319
4470 1 2 160 160 318 198
4471 1 2 160 160 197 187
4472 1 2 160 160 197 308
4473 1 2 160 160 197 319
4474 1 2 160 160 197 198
4475 1 2 160 160 187 308
4476 1 2 160 160 187 319
4477 1 2 160 160 187 198
4478 1 2 160 160 308 319
4479 1 2 160 160 308 198
4480 1 2 160 160 319 198
4481 1 2 161 161 188 309
4482 1 2 161 161 188 320
4483 1 2 161 161 188 199
4484 1 2 161 161 188 189
4485 1 2 161 161 188 310
4486 1 2 161 161 188 321
4487 1 2 161 161 188 200
4488 1 2 161 161 309 320
4489 1 2 161 161 309 199
4490 1 2 161 161 309 189
4491 1 2 161 161 309 310
4492 1 2 161 161 309 321
4493 1 2 161 161 309 200
4494 1 2 161 161 320 199
4495 1 2 161 161 320 189
4496 1 2 161 161 320 310
4497 1 2 161 161 320 321
4498 1 2 161 161 320 200
4499 1 2 161 161 199 189
4500 1 2 161 161 199 310
4501 1 2 161 161 199 321
4502 1 2 161 161 199 200
4503 1 2 161 161 189 310
4504 1 2 161 161 189 321
4505 1 2 161 161 189 200
4506 1 2 161 161 310 321
4507 1 2 161 161 310 200
4508 1 2 161 161 321 200
4509 1 2 162 162 189 310
4510 1 2 162 162 189 321
4511 1 2 162 162 189 200
4512 1 2 162 162 189 190
4513 1 2 162 162 189 311
4514 1 2 162 162 189 322
4515 1 2 162 162 189 201
4516 1 2 162 162 310 321
4517 1 2 162 162 310 200
4518 1 2 162 162 310 190
4519 1 2 162 162 310 311
4520 1 2 162 162 310 322
4521 1 2 162 162 310 201
4522 1 2 162 162 321 200
4523 1 2 162 162 321 190
4524 1 2 162 162 321 311
4525 1 2 162 162 321 322
4526 1 2 162 162 321 201
4527 1 2 162 162 200 190
4528 1 2 162 162 200 311
4529 1 2 162 162 200 322
4530 1 2 162 162 200 201
4531 1 2 162 162 190 311
4532 1 2 162 162 190 322
4533 1 2 162 162 190 201
4534 1 2 162 162 311 322
4535 1 2 162 162 311 201
4536 1 2 162 162 322 201
4537 1 2 163 163 190 311
4538 1 2 163 163 190 322
4539 1 2 163 163 190 201
4540 1 2 163 163 190 191
4541 1 2 163 163 190 312
4542 1 2 163 163 190 323
4543 1 2 163 163 190 202
4544 1 2 163 163 311 322
4545 1 2 163 163 311 201
4546 1 2 163 163 311 191
4547 1 2 163 163 311 312
4548 1 2 163 163 311 323
4549 1 2 163 163 311 202
4550 1 2 163 163 322 201
4551 1 2 163 163 322 191
4552 1 2 163 163 322 312
4553 1 2 163 163 322 323
4554 1 2 163 163 322 202
4555 1 2 163 163 201 191
4556 1 2 163 163 201 312
4557 1 2 163 163 201 323
4558 1 2 163 163 201 202
4559 1 2 163 163 191 312
4560 1 2 163 163 191 323
4561 1 2 163 163 191 202
4562 1 2 163 163 312 323
4563 1 2 163 163 312 202
4564 1 2 163 163 323 202
4565 1 2 164 164 191 312
4566 1 2 164 164 191 323
4567 1 2 164 164 191 202
4568 1 2 164 164 191 192
4569 1 2 164 164 191 313
4570 1 2 164 164 191 324
4571 1 2 164 164 191 203
4572 1 2 164 164 312 323
4573 1 2 164 164 312 202
4574 1 2 164 164 312 192
4575 1 2 164 164 312 313
4576 1 2 164 164 312 324
4577 1 2 164 164 312 203
4578 1 2 164 164 323 202
4579 1 2 164 164 323 192
4580 1 2 164 164 323 313
4581 1 2 164 164 323 324
4582 1 2 164 164 323 203
4583 1 2 164 164 202 192
4584 1 2 164 164 202 313
4585 1 2 164 164 202 324
4586 1 2 164 164 202 203
4587 1 2 164 164 192 313
4588 1 2 164 164 192 324
4589 1 2 164 164 192 203
4590 1 2 164 164 313 324
4591 1 2 164 164 313 203
4592 1 2 164 164 324 203
4593 1 2 165 165 192 313
4594 1 2 165 165 192 324
4595 1 2 165 165 192 203
4596 1 2 165 165 192 193
4597 1 2 165 165 192 314
4598 1 2 165 165 192 325
4599 1 2 165 165 192 204
4600 1 2 165 165 313 324
4601 1 2 165 165 313 203
4602 1 2 165 165 313 193
4603 1 2 165 165 313 314
4604 1 2 165 165 313 325
4605 1 2 165 165 313 204
4606 1 2 165 165 324 203
4607 1 2 165 165 324 193
4608 1 2 165 165 324 314
4609 1 2 165 165 324 325
4610 1 2 165 165 324 204
4611 1 2 165 165 203 193
4612 1 2 165 165 203 314
4613 1 2 165 165 203 325
4614 1 2 165 165 203 204
4615 1 2 165 165 193 314
4616 1 2 165 165 193 325
4617 1 2 165 165 193 204
4618 1 2 165 165 314 325
4619 1 2 165 165 314 204
4620 1 2 165 165 325 204
4621 1 2 166 166 193 314
4622 1 2 166 166 193 325
4623 1 2 166 166 193 204
4624 1 2 166 166 193 194
4625 1 2 166 166 193 315
4626 1 2 166 166 193 326
4627 1 2 166 166 193 205
4628 1 2 166 166 314 325
4629 1 2 166 166 314 204
4630 1 2 166 166 314 194
4631 1 2 166 166 314 315
4632 1 2 166 166 314 326
4633 1 2 166 166 314 205
4634 1 2 166 166 325 204
4635 1 2 166 166 325 194
4636 1 2 166 166 325 315
4637 1 2 166 166 325 326
4638 1 2 166 166 325 205
4639 1 2 166 166 204 194
4640 1 2 166 166 204 315
4641 1 2 166 166 204 326
4642 1 2 166 166 204 205
4643 1 2 166 166 194 315
4644 1 2 166 166 194 326
4645 1 2 166 166 194 205
4646 1 2 166 166 315 326
4647 1 2 166 166 315 205
4648 1 2 166 166 326 205
4649 1 2 167 167 194 315
4650 1 2 167 167 194 326
4651 1 2 167 167 194 205
4652 1 2 167 167 194 195
4653 1 2 167 167 194 316
4654 1 2 167 167 194 327
4655 1 2 167 167 194 206
4656 1 2 167 167 315 326
4657 1 2 167 167 315 205
4658 1 2 167 167 315 195
4659 1 2 167 167 315 316
4660 1 2 167 167 315 327
4661 1 2 167 167 315 206
4662 1 2 167 167 326 205
4663 1 2 167 167 326 195
4664 1 2 167 167 326 316
4665 1 2 167 167 326 327
4666 1 2 167 167 326 206
4667 1 2 167 167 205 195
4668 1 2 167 167 205 316
4669 1 2 167 167 205 327
4670 1 2 167 167 205 206
4671 1 2 167 167 195 316
4672 1 2 167 167 195 327
4673 1 2 167 167 195 206
4674 1 2 167 167 316 327
4675 1 2 167 167 316 206
4676 1 2 167 167 327 206
4677 1 2 168 168 195 316
4678 1 2 168 168 195 327
4679 1 2 168 168 195 206
4680 1 2 168 168 195 196
4681 1 2 168 168 195 317
4682 1 2 168 168 195 328
4683 1 2 168 168 195 207
4684 1 2 168 168 316 327
4685 1 2 168 168 316 206
4686 1 2 168 168 316 196
4687 1 2 168 168 316 317
4688 1 2 168 168 316 328
4689 1 2 168 168 316 207
4690 1 2 168 168 327 206
4691 1 2 168 168 327 196
4692 1 2 168 168 327 317
4693 1 2 168 168 327 328
4694 1 2 168 168 327 207
4695 1 2 168 168 206 196
4696 1 2 168 168 206 317
4697 1 2 168 168 206 328
4698 1 2 168 168 206 207
4699 1 2 168 168 196 317
4700 1 2 168 168 196 328
4701 1 2 168 168 196 207
4702 1 2 168 168 317 328
4703 1 2 168 168 317 207
4704 1 2 168 168 328 207
4705 1 2 169 169 196 317
4706 1 2 169 169 196 328
4707 1 2 169 169 196 207
4708 1 2 169 169 196 197
4709 1 2 169 169 196 318
4710 1 2 169 169 196 329
4711 1 2 169 169 196 208
4712 1 2 169 169 317 328
4713 1 2 169 169 317 207
4714 1 2 169 169 317 197
4715 1 2 169 169 317 318
4716 1 2 169 169 317 329
4717 1 2 169 169 317 208
4718 1 2 169 169 328 207
4719 1 2 169 169 328 197
4720 1 2 169 169 328 318
4721 1 2 169 169 328 329
4722 1 2 169 169 328 208
4723 1 2 169 169 207 197
4724 1 2 169 169 207 318
4725 1 2 169 169 207 329
4726 1 2 169 169 207 208
4727 1 2 169 169 197 318
4728 1 2 169 169 197 329
4729 1 2 169 169 197 208
4730 1 2 169 169 318 329
4731 1 2 169 169 318 208
4732 1 2 169 169 329 208
4733 1 2 170 170 197 318
4734 1 2 170 170 197 329
4735 1 2 170 170 197 208
4736 1 2 170 170 197 198
4737 1 2 170 170 197 319
4738 1 2 170 170 197 330
4739 1 2 170 170 197 209
4740 1 2 170 170 318 329
4741 1 2 170 170 318 208
4742 1 2 170 170 318 198
4743 1 2 170 170 318 319
4744 1 2 170 170 318 330
4745 1 2 170 170 318 209
4746 1 2 170 170 329 208
4747 1 2 170 170 329 198
4748 1 2 170 170 329 319
4749 1 2 170 170 329 330
4750 1 2 170 170 329 209
4751 1 2 170 170 208 198
4752 1 2 170 170 208 319
4753 1 2 170 170 208 330
4754 1 2 170 170 208 209
4755 1 2 170 170 198 319
4756 1 2 170 170 198 330
4757 1 2 170 170 198 209
4758 1 2 170 170 319 330
4759 1 2 170 170 319 209
4760 1 2 170 170 330 209
4761 1 2 171 171 199 320
4762 1 2 171 171 199 331
4763 1 2 171 171 199 210
4764 1 2 171 171 199 200
4765 1 2 171 171 199 321
4766 1 2 171 171 199 332
4767 1 2 171 171 199 211
4768 1 2 171 171 320 331
4769 1 2 171 171 320 210
4770 1 2 171 171 320 200
4771 1 2 171 171 320 321
4772 1 2 171 171 320 332
4773 1 2 171 171 320 211
4774 1 2 171 171 331 210
4775 1 2 171 171 331 200
4776 1 2 171 171 331 321
4777 1 2 171 171 331 332
4778 1 2 171 171 331 211
4779 1 2 171 171 210 200
4780 1 2 171 171 210 321
4781 1 2 171 171 210 332
4782 1 2 171 171 210 211
4783 1 2 171 171 200 321
4784 1 2 171 171 200 332
4785 1 2 171 171 200 211
4786 1 2 171 171 321 332
4787 1 2 171 171 321 211
4788 1 2 171 171 332 211
4789 1 2 172 172 200 321
4790 1 2 172 172 200 332
4791 1 2 172 172 200 211
4792 1 2 172 172 200 201
4793 1 2 172 172 200 322
4794 1 2 172 172 200 333
4795 1 2 172 172 200 212
4796 1 2 172 172 321 332
4797 1 2 172 172 321 211
4798 1 2 172 172 321 201
4799 1 2 172 172 321 322
4800 1 2 172 172 321 333
4801 1 2 172 172 321 212
4802 1 2 172 172 332 211
4803 1 2 172 172 332 201
4804 1 2 172 172 332 322
4805 1 2 172 172 332 333
4806 1 2 172 172 332 212
4807 1 2 172 172 211 201
4808 1 2 172 172 211 322
4809 1 2 172 172 211 333
4810 1 2 172 172 211 212
4811 1 2 172 172 201 322
4812 1 2 172 172 201 333
4813 1 2 172 172 201 212
4814 1 2 172 172 322 333
4815 1 2 172 172 322 212
4816 1 2 172 172 333 212
4817 1 2 173 173 201 322
4818 1 2 173 173 201 333
4819 1 2 173 173 201 212
4820 1 2 173 173 201 202
4821 1 2 173 173 201 323
4822 1 2 173 173 201 334
4823 1 2 173 173 201 213
4824 1 2 173 173 322 333
4825 1 2 173 173 322 212
4826 1 2 173 173 322 202
4827 1 2 173 173 322 323
4828 1 2 173 173 322 334
4829 1 2 173 173 322 213
4830 1 2 173 173 333 212
4831 1 2 173 173 333 202
4832 1 2 173 173 333 323
4833 1 2 173 173 333 334
4834 1 2 173 173 333 213
4835 1 2 173 173 212 202
4836 1 2 173 173 212 323
4837 1 2 173 173 212 334
4838 1 2 173 173 212 213
4839 1 2 173 173 202 323
4840 1 2 173 173 202 334
4841 1 2 173 173 202 213
4842 1 2 173 173 323 334
4843 1 2 173 173 323 213
4844 1 2 173 173 334 213
4845 1 2 174 174 202 323
4846 1 2 174 174 202 334
4847 1 2 174 174 202 213
4848 1 2 174 174 202 203
4849 1 2 174 174 202 324
4850 1 2 174 174 202 335
4851 1 2 174 174 202 214
4852 1 2 174 174 323 334
4853 1 2 174 174 323 213
4854 1 2 174 174 323 203
4855 1 2 174 174 323 324
4856 1 2 174 174 323 335
4857 1 2 174 174 323 214
4858 1 2 174 174 334 213
4859 1 2 174 174 334 203
4860 1 2 174 174 334 324
4861 1 2 174 174 334 335
4862 1 2 174 174 334 214
4863 1 2 174 174 213 203
4864 1 2 174 174 213 324
4865 1 2 174 174 213 335
4866 1 2 174 174 213 214
4867 1 2 174 174 203 324
4868 1 2 174 174 203 335
4869 1 2 174 174 203 214
4870 1 2 174 174 324 335
4871 1 2 174 174 324 214
4872 1 2 174 174 335 214
4873 1 2 175 175 203 324
4874 1 2 175 175 203 335
4875 1 2 175 175 203 214
4876 1 2 175 175 203 204
4877 1 2 175 175 203 325
4878 1 2 175 175 203 336
4879 1 2 175 175 203 215
4880 1 2 175 175 324 335
4881 1 2 175 175 324 214
4882 1 2 175 175 324 204
4883 1 2 175 175 324 325
4884 1 2 175 175 324 336
4885 1 2 175 175 324 215
4886 1 2 175 175 335 214
4887 1 2 175 175 335 204
4888 1 2 175 175 335 325
4889 1 2 175 175 335 336
4890 1 2 175 175 335 215
4891 1 2 175 175 214 204
4892 1 2 175 175 214 325
4893 1 2 175 175 214 336
4894 1 2 175 175 214 215
4895 1 2 175 175 204 325
4896 1 2 175 175 204 336
4897 1 2 175 175 204 215
4898 1 2 175 175 325 336
4899 1 2 175 175 325 215
4900 1 2 175 175 336 215
4901 1 2 176 176 204 325
4902 1 2 176 176 204 336
4903 1 2 176 176 204 215
4904 1 2 176 176 204 205
4905 1 2 176 176 204 326
4906 1 2 176 176 204 337
4907 1 2 176 176 204 216
4908 1 2 176 176 325 336
4909 1 2 176 176 325 215
4910 1 2 176 176 325 205
4911 1 2 176 176 325 326
4912 1 2 176 176 325 337
4913 1 2 176 176 325 216
4914 1 2 176 176 336 215
4915 1 2 176 176 336 205
4916 1 2 176 176 336 326
4917 1 2 176 176 336 337
4918 1 2 176 176 336 216
4919 1 2 176 176 215 205
4920 1 2 176 176 215 326
4921 1 2 176 176 215 337
4922 1 2 176 176 215 216
4923 1 2 176 176 205 326
4924 1 2 176 176 205 337
4925 1 2 176 176 205 216
4926 1 2 176 176 326 337
4927 1 2 176 176 326 216
4928 1 2 176 176 337 216
4929 1 2 177 177 205 326
4930 1 2 177 177 205 337
4931 1 2 177 177 205 216
4932 1 2 177 177 205 206
4933 1 2 177 177 205 327
4934 1 2 177 177 205 338
4935 1 2 177 177 205 217
4936 1 2 177 177 326 337
4937 1 2 177 177 326 216
4938 1 2 177 177 326 206
4939 1 2 177 177 326 327
4940 1 2 177 177 326 338
4941 1 2 177 177 326 217
4942 1 2 177 177 337 216
4943 1 2 177 177 337 206
4944 1 2 177 177 337 327
4945 1 2 177 177 337 338
4946 1 2 177 177 337 217
4947 1 2 177 177 216 206
4948 1 2 177 177 216 327
4949 1 2 177 177 216 338
4950 1 2 177 177 216 217
4951 1 2 177 177 206 327
4952 1 2 177 177 206 338
4953 1 2 177 177 206 217
4954 1 2 177 177 327 338
4955 1 2 177 177 327 217
4956 1 2 177 177 338 217
4957 1 2 178 178 206 327
4958 1 2 178 178 206 338
4959 1 2 178 178 206 217
4960 1 2 178 178 206 207
4961 1 2 178 178 206 328
4962 1 2 178 178 206 339
4963 1 2 178 178 206 218
4964 1 2 178 178 327 338
4965 1 2 178 178 327 217
4966 1 2 178 178 327 207
4967 1 2 178 178 327 328
4968 1 2 178 178 327 339
4969 1 2 178 178 327 218
4970 1 2 178 178 338 217
4971 1 2 178 178 338 207
4972 1 2 178 178 338 328
4973 1 2 178 178 338 339
4974 1 2 178 178 338 218
4975 1 2 178 178 217 207
4976 1 2 178 178 217 328
4977 1 2 178 178 217 339
4978 1 2 178 178 217 218
4979 1 2 178 178 207 328
4980 1 2 178 178 207 339
4981 1 2 178 178 207 218
4982 1 2 178 178 328 339
4983 1 2 178 178 328 218
4984 1 2 178 178 339 218
4985 1 2 179 179 207 328
4986 1 2 179 179 207 339
4987 1 2 179 179 207 218
4988 1 2 179 179 207 208
4989 1 2 179 179 207 329
4990 1 2 179 179 207 340
4991 1 2 179 179 207 219
4992 1 2 179 179 328 339
4993 1 2 179 179 328 218
4994 1 2 179 179 328 208
4995 1 2 179 179 328 329
4996 1 2 179 179 328 340
4997 1 2 179 179 328 219
4998 1 2 179 179 339 218
4999 1 2 179 179 339 208
5000 1 2 179 179 339 329
5001 1 2 179 179 339 340
5002 1 2 179 179 339 219
5003 1 2 179 179 218 208
5004 1 2 179 179 218 329
5005 1 2 179 179 218 340
5006 1 2 179 179 218 219
5007 1 2 179 179 208 329
5008 1 2 179 179 208 340
5009 1 2 179 179 208 219
5010 1 2 179 179 329 340
5011 1 2 179 179 329 219
5012 1 2 179 179 340 219
5013 1 2 180 180 208 329
5014 1 2 180 180 208 340
5015 1 2 180 180 208 219
5016 1 2 180 180 208 209
5017 1 2 180 180 208 330
5018 1 2 180 180 208 341
5019 1 2 180 180 208 220
5020 1 2 180 180 329 340
5021 1 2 180 180 329 219
5022 1 2 180 180 329 209
5023 1 2 180 180 329 330
5024 1 2 180 180 329 341
5025 1 2 180 180 329 220
5026 1 2 180 180 340 219
5027 1 2 180 180 340 209
5028 1 2 180 180 340 330
5029 1 2 180 180 340 341
5030 1 2 180 180 340 220
5031 1 2 180 180 219 209
5032 1 2 180 180 219 330
5033 1 2 180 180 219 341
5034 1 2 180 180 219 220
5035 1 2 180 180 209 330
5036 1 2 180 180 209 341
5037 1 2 180 180 209 220
5038 1 2 180 180 330 341
5039 1 2 180 180 330 220
5040 1 2 180 180 341 220
5041 1 2 181 181 210 331
5042 1 2 181 181 210 342
5043 1 2 181 181 210 221
5044 1 2 181 181 210 211
5045 1 2 181 181 210 332
5046 1 2 181 181 210 343
5047 1 2 181 181 210 222
5048 1 2 181 181 331 342
5049 1 2 181 181 331 221
5050 1 2 181 181 331 211
5051 1 2 181 181 331 332
5052 1 2 181 181 331 343
5053 1 2 181 181 331 222
5054 1 2 181 181 342 221
5055 1 2 181 181 342 211
5056 1 2 181 181 342 332
5057 1 2 181 181 342 343
5058 1 2 181 181 342 222
5059 1 2 181 181 221 211
5060 1 2 181 181 221 332
5061 1 2 181 181 221 343
5062 1 2 181 181 221 222
5063 1 2 181 181 211 332
5064 1 2 181 181 211 343
5065 1 2 181 181 211 222
5066 1 2 181 181 332 343
5067 1 2 181 181 332 222
5068 1 2 181 181 343 222
5069 1 2 182 182 211 332
5070 1 2 182 182 211 343
5071 1 2 182 182 211 222
5072 1 2 182 182 211 212
5073 1 2 182 182 211 333
5074 1 2 182 182 211 344
5075 1 2 182 182 211 223
5076 1 2 182 182 332 343
5077 1 2 182 182 332 222
5078 1 2 182 182 332 212
5079 1 2 182 182 332 333
5080 1 2 182 182 332 344
5081 1 2 182 182 332 223
5082 1 2 182 182 343 222
5083 1 2 182 182 343 212
5084 1 2 182 182 343 333
5085 1 2 182 182 343 344
5086 1 2 182 182 343 223
5087 1 2 182 182 222 212
5088 1 2 182 182 222 333
5089 1 2 182 182 222 344
5090 1 2 182 182 222 223
5091 1 2 182 182 212 333
5092 1 2 182 182 212 344
5093 1 2 182 182 212 223
5094 1 2 182 182 333 344
5095 1 2 182 182 333 223
5096 1 2 182 182 344 223
5097 1 2 183 183 212 333
5098 1 2 183 183 212 344
5099 1 2 183 183 212 223
5100 1 2 183 183 212 213
5101 1 2 183 183 212 334
5102 1 2 183 183 212 345
5103 1 2 183 183 212 224
5104 1 2 183 183 333 344
5105 1 2 183 183 333 223
5106 1 2 183 183 333 213
5107 1 2 183 183 333 334
5108 1 2 183 183 333 345
5109 1 2 183 183 333 224
5110 1 2 183 183 344 223
5111 1 2 183 183 344 213
5112 1 2 183 183 344 334
5113 1 2 183 183 344 345
5114 1 2 183 183 344 224
5115 1 2 183 183 223 213
5116 1 2 183 183 223 334
5117 1 2 183 183 223 345
5118 1 2 183 183 223 224
5119 1 2 183 183 213 334
5120 1 2 183 183 213 345
5121 1 2 183 183 213 224
5122 1 2 183 183 334 345
5123 1 2 183 183 334 224
5124 1 2 183 183 345 224
5125 1 2 184 184 213 334
5126 1 2 184 184 213 345
5127 1 2 184 184 213 224
5128 1 2 184 184 213 214
5129 1 2 184 184 213 335
5130 1 2 184 184 213 346
5131 1 2 184 184 213 225
5132 1 2 184 184 334 345
5133 1 2 184 184 334 224
5134 1 2 184 184 334 214
5135 1 2 184 184 334 335
5136 1 2 184 184 334 346
5137 1 2 184 184 334 225
5138 1 2 184 184 345 224
5139 1 2 184 184 345 214
5140 1 2 184 184 345 335
5141 1 2 184 184 345 346
5142 1 2 184 184 345 225
5143 1 2 184 184 224 214
5144 1 2 184 184 224 335
5145 1 2 184 184 224 346
5146 1 2 184 184 224 225
5147 1 2 184 184 214 335
5148 1 2 184 184 214 346
5149 1 2 184 184 214 225
5150 1 2 184 184 335 346
5151 1 2 184 184 335 225
5152 1 2 184 184 346 225
5153 1 2 185 185 214 335
5154 1 2 185 185 214 346
5155 1 2 185 185 214 225
5156 1 2 185 185 214 215
5157 1 2 185 185 214 336
5158 1 2 185 185 214 347
5159 1 2 185 185 214 226
5160 1 2 185 185 335 346
5161 1 2 185 185 335 225
5162 1 2 185 185 335 215
5163 1 2 185 185 335 336
5164 1 2 185 185 335 347
5165 1 2 185 185 335 226
5166 1 2 185 185 346 225
5167 1 2 185 185 346 215
5168 1 2 185 185 346 336
5169 1 2 185 185 346 347
5170 1 2 185 185 346 226
5171 1 2 185 185 225 215
5172 1 2 185 185 225 336
5173 1 2 185 185 225 347
5174 1 2 185 185 225 226
5175 1 2 185 185 215 336
5176 1 2 185 185 215 347
5177 1 2 185 185 215 226
5178 1 2 185 185 336 347
5179 1 2 185 185 336 226
5180 1 2 185 185 347 226
5181 1 2 186 186 215 336
5182 1 2 186 186 215 347
5183 1 2 186 186 215 226
5184 1 2 186 186 215 216
5185 1 2 186 186 215 337
5186 1 2 186 186 215 348
5187 1 2 186 186 215 227
5188 1 2 186 186 336 347
5189 1 2 186 186 336 226
5190 1 2 186 186 336 216
5191 1 2 186 186 336 337
5192 1 2 186 186 336 348
5193 1 2 186 186 336 227
5194 1 2 186 186 347 226
5195 1 2 186 186 347 216
5196 1 2 186 186 347 337
5197 1 2 186 186 347 348
5198 1 2 186 186 347 227
5199 1 2 186 186 226 216
5200 1 2 186 186 226 337
5201 1 2 186 186 226 348
5202 1 2 186 186 226 227
5203 1 2 186 186 216 337
5204 1 2 186 186 216 348
5205 1 2 186 186 216 227
5206 1 2 186 186 337 348
5207 1 2 186 186 337 227
5208 1 2 186 186 348 227
5209 1 2 187 187 216 337
5210 1 2 187 187 216 348
5211 1 2 187 187 216 227
5212 1 2 187 187 216 217
5213 1 2 187 187 216 338
5214 1 2 187 187 216 349
5215 1 2 187 187 216 228
5216 1 2 187 187 337 348
5217 1 2 187 187 337 227
5218 1 2 187 187 337 217
5219 1 2 187 187 337 338
5220 1 2 187 187 337 349
5221 1 2 187 187 337 228
5222 1 2 187 187 348 227
5223 1 2 187 187 348 217
5224 1 2 187 187 348 338
5225 1 2 187 187 348 349
5226 1 2 187 187 348 228
5227 1 2 187 187 227 217
5228 1 2 187 187 227 338
5229 1 2 187 187 227 349
5230 1 2 187 187 227 228
5231 1 2 187 187 217 338
5232 1 2 187 187 217 349
5233 1 2 187 187 217 228
5234 1 2 187 187 338 349
5235 1 2 187 187 338 228
5236 1 2 187 187 349 228
5237 1 2 188 188 217 338
5238 1 2 188 188 217 349
5239 1 2 188 188 217 228
5240 1 2 188 188 217 218
5241 1 2 188 188 217 339
5242 1 2 188 188 217 350
5243 1 2 188 188 217 229
5244 1 2 188 188 338 349
5245 1 2 188 188 338 228
5246 1 2 188 188 338 218
5247 1 2 188 188 338 339
5248 1 2 188 188 338 350
5249 1 2 188 188 338 229
5250 1 2 188 188 349 228
5251 1 2 188 188 349 218
5252 1 2 188 188 349 339
5253 1 2 188 188 349 350
5254 1 2 188 188 349 229
5255 1 2 188 188 228 218
5256 1 2 188 188 228 339
5257 1 2 188 188 228 350
5258 1 2 188 188 228 229
5259 1 2 188 188 218 339
5260 1 2 188 188 218 350
5261 1 2 188 188 218 229
5262 1 2 188 188 339 350
5263 1 2 188 188 339 229
5264 1 2 188 188 350 229
5265 1 2 189 189 218 339
5266 1 2 189 189 218 350
5267 1 2 189 189 218 229
5268 1 2 189 189 218 219
5269 1 2 189 189 218 340
5270 1 2 189 189 218 351
5271 1 2 189 189 218 230
5272 1 2 189 189 339 350
5273 1 2 189 189 339 229
5274 1 2 189 189 339 219
5275 1 2 189 189 339 340
5276 1 2 189 189 339 351
5277 1 2 189 189 339 230
5278 1 2 189 189 350 229
5279 1 2 189 189 350 219
5280 1 2 189 189 350 340
5281 1 2 189 189 350 351
5282 1 2 189 189 350 230
5283 1 2 189 189 229 219
5284 1 2 189 189 229 340
5285 1 2 189 189 229 351
5286 1 2 189 189 229 230
5287 1 2 189 189 219 340
5288 1 2 189 189 219 351
5289 1 2 189 189 219 230
5290 1 2 189 189 340 351
5291 1 2 189 189 340 230
5292 1 2 189 189 351 230
5293 1 2 190 190 219 340
5294 1 2 190 190 219 351
5295 1 2 190 190 219 230
5296 1 2 190 190 219 220
5297 1 2 190 190 219 341
5298 1 2 190 190 219 352
5299 1 2 190 190 219 231
5300 1 2 190 190 340 351
5301 1 2 190 190 340 230
5302 1 2 190 190 340 220
5303 1 2 190 190 340 341
5304 1 2 190 190 340 352
5305 1 2 190 190 340 231
5306 1 2 190 190 351 230
5307 1 2 190 190 351 220
5308 1 2 190 190 351 341
5309 1 2 190 190 351 352
5310 1 2 190 190 351 231
5311 1 2 190 190 230 220
5312 1 2 190 190 230 341
5313 1 2 190 190 230 352
5314 1 2 190 190 230 231
5315 1 2 190 190 220 341
5316 1 2 190 190 220 352
5317 1 2 190 190 220 231
5318 1 2 190 190 341 352
5319 1 2 190 190 341 231
5320 1 2 190 190 352 231
5321 1 2 191 191 221 342
5322 1 2 191 191 221 353
5323 1 2 191 191 221 232
5324 1 2 191 191 221 222
5325 1 2 191 191 221 343
5326 1 2 191 191 221 354
5327 1 2 191 191 221 233
5328 1 2 191 191 342 353
5329 1 2 191 191 342 232
5330 1 2 191 191 342 222
5331 1 2 191 191 342 343
5332 1 2 191 191 342 354
5333 1 2 191 191 342 233
5334 1 2 191 191 353 232
5335 1 2 191 191 353 222
5336 1 2 191 191 353 343
5337 1 2 191 191 353 354
5338 1 2 191 191 353 233
5339 1 2 191 191 232 222
5340 1 2 191 191 232 343
5341 1 2 191 191 232 354
5342 1 2 191 191 232 233
5343 1 2 191 191 222 343
5344 1 2 191 191 222 354
5345 1 2 191 191 222 233
5346 1 2 191 191 343 354
5347 1 2 191 191 343 233
5348 1 2 191 191 354 233
5349 1 2 192 192 222 343
5350 1 2 192 192 222 354
5351 1 2 192 192 222 233
5352 1 2 192 192 222 223
5353 1 2 192 192 222 344
5354 1 2 192 192 222 355
5355 1 2 192 192 222 234
5356 1 2 192 192 343 354
5357 1 2 192 192 343 233
5358 1 2 192 192 343 223
5359 1 2 192 192 343 344
5360 1 2 192 192 343 355
5361 1 2 192 192 343 234
5362 1 2 192 192 354 233
5363 1 2 192 192 354 223
5364 1 2 192 192 354 344
5365 1 2 192 192 354 355
5366 1 2 192 192 354 234
5367 1 2 192 192 233 223
5368 1 2 192 192 233 344
5369 1 2 192 192 233 355
5370 1 2 192 192 233 234
5371 1 2 192 192 223 344
5372 1 2 192 192 223 355
5373 1 2 192 192 223 234
5374 1 2 192 192 344 355
5375 1 2 192 192 344 234
5376 1 2 192 192 355 234
5377 1 2 193 193 223 344
5378 1 2 193 193 223 355
5379 1 2 193 193 223 234
5380 1 2 193 193 223 224
5381 1 2 193 193 223 345
5382 1 2 193 193 223 356
5383 1 2 193 193 223 235
5384 1 2 193 193 344 355
5385 1 2 193 193 344 234
5386 1 2 193 193 344 224
5387 1 2 193 193 344 345
5388 1 2 193 193 344 356
5389 1 2 193 193 344 235
5390 1 2 193 193 355 234
5391 1 2 193 193 355 224
5392 1 2 193 193 355 345
5393 1 2 193 193 355 356
5394 1 2 193 193 355 235
5395 1 2 193 193 234 224
5396 1 2 193 193 234 345
5397 1 2 193 193 234 356
5398 1 2 193 193 234 235
5399 1 2 193 193 224 345
5400 1 2 193 193 224 356
5401 1 2 193 193 224 235
5402 1 2 193 193 345 356
5403 1 2 193 193 345 235
5404 1 2 193 193 356 235
5405 1 2 194 194 224 345
5406 1 2 194 194 224 356
5407 1 2 194 194 224 235
5408 1 2 194 194 224 225
5409 1 2 194 194 224 346
5410 1 2 194 194 224 357
5411 1 2 194 194 224 236
5412 1 2 194 194 345 356
5413 1 2 194 194 345 235
5414 1 2 194 194 345 225
5415 1 2 194 194 345 346
5416 1 2 194 194 345 357
5417 1 2 194 194 345 236
5418 1 2 194 194 356 235
5419 1 2 194 194 356 225
5420 1 2 194 194 356 346
5421 1 2 194 194 356 357
5422 1 2 194 194 356 236
5423 1 2 194 194 235 225
5424 1 2 194 194 235 346
5425 1 2 194 194 235 357
5426 1 2 194 194 235 236
5427 1 2 194 194 225 346
5428 1 2 194 194 225 357
5429 1 2 194 194 225 236
5430 1 2 194 194 346 357
5431 1 2 194 194 346 236
5432 1 2 194 194 357 236
5433 1 2 195 195 225 346
5434 1 2 195 195 225 357
5435 1 2 195 195 225 236
5436 1 2 195 195 225 226
5437 1 2 195 195 225 347
5438 1 2 195 195 225 358
5439 1 2 195 195 225 237
5440 1 2 195 195 346 357
5441 1 2 195 195 346 236
5442 1 2 195 195 346 226
5443 1 2 195 195 346 347
5444 1 2 195 195 346 358
5445 1 2 195 195 346 237
5446 1 2 195 195 357 236
5447 1 2 195 195 357 226
5448 1 2 195 195 357 347
5449 1 2 195 195 357 358
5450 1 2 195 195 357 237
5451 1 2 195 195 236 226
5452 1 2 195 195 236 347
5453 1 2 195 195 236 358
5454 1 2 195 195 236 237
5455 1 2 195 195 226 347
5456 1 2 195 195 226 358
5457 1 2 195 195 226 237
5458 1 2 195 195 347 358
5459 1 2 195 195 347 237
5460 1 2 195 195 358 237
5461 1 2 196 196 226 347
5462 1 2 196 196 226 358
5463 1 2 196 196 226 237
5464 1 2 196 196 226 227
5465 1 2 196 196 226 348
5466 1 2 196 196 226 359
5467 1 2 196 196 226 238
5468 1 2 196 196 347 358
5469 1 2 196 196 347 237
5470 1 2 196 196 347 227
5471 1 2 196 196 347 348
5472 1 2 196 196 347 359
5473 1 2 196 196 347 238
5474 1 2 196 196 358 237
5475 1 2 196 196 358 227
5476 1 2 196 196 358 348
5477 1 2 196 196 358 359
5478 1 2 196 196 358 238
5479 1 2 196 196 237 227
5480 1 2 196 196 237 348
5481 1 2 196 196 237 359
5482 1 2 196 196 237 238
5483 1 2 196 196 227 348
5484 1 2 196 196 227 359
5485 1 2 196 196 227 238
5486 1 2 196 196 348 359
5487 1 2 196 196 348 238
5488 1 2 196 196 359 238
5489 1 2 197 197 227 348
5490 1 2 197 197 227 359
5491 1 2 197 197 227 238
5492 1 2 197 197 227 228
5493 1 2 197 197 227 349
5494 1 2 197 197 227 360
5495 1 2 197 197 227 239
5496 1 2 197 197 348 359
5497 1 2 197 197 348 238
5498 1 2 197 197 348 228
5499 1 2 197 197 348 349
5500 1 2 197 197 348 360
5501 1 2 197 197 348 239
5502 1 2 197 197 359 238
5503 1 2 197 197 359 228
5504 1 2 197 197 359 349
5505 1 2 197 197 359 360
5506 1 2 197 197 359 239
5507 1 2 197 197 238 228
5508 1 2 197 197 238 349
5509 1 2 197 197 238 360
5510 1 2 197 197 238 239
5511 1 2 197 197 228 349
5512 1 2 197 197 228 360
5513 1 2 197 197 228 239
5514 1 2 197 197 349 360
5515 1 2 197 197 349 239
5516 1 2 197 197 360 239
5517 1 2 198 198 228 349
5518 1 2 198 198 228 360
5519 1 2 198 198 228 239
5520 1 2 198 198 228 229
5521 1 2 198 198 228 350
5522 1 2 198 198 228 361
5523 1 2 198 198 228 240
5524 1 2 198 198 349 360
5525 1 2 198 198 349 239
5526 1 2 198 198 349 229
5527 1 2 198 198 349 350
5528 1 2 198 198 349 361
5529 1 2 198 198 349 240
5530 1 2 198 198 360 239
5531 1 2 198 198 360 229
5532 1 2 198 198 360 350
5533 1 2 198 198 360 361
5534 1 2 198 198 360 240
5535 1 2 198 198 239 229
5536 1 2 198 198 239 350
5537 1 2 198 198 239 361
5538 1 2 198 198 239 240
5539 1 2 198 198 229 350
5540 1 2 198 198 229 361
5541 1 2 198 198 229 240
5542 1 2 198 198 350 361
5543 1 2 198 198 350 240
5544 1 2 198 198 361 240
5545 1 2 199 199 229 350
5546 1 2 199 199 229 361
5547 1 2 199 199 229 240
5548 1 2 199 199 229 230
5549 1 2 199 199 229 351
5550 1 2 199 199 229 362
5551 1 2 199 199 229 241
5552 1 2 199 199 350 361
5553 1 2 199 199 350 240
5554 1 2 199 199 350 230
5555 1 2 199 199 350 351
5556 1 2 199 199 350 362
5557 1 2 199 199 350 241
5558 1 2 199 199 361 240
5559 1 2 199 199 361 230
5560 1 2 199 199 361 351
5561 1 2 199 199 361 362
5562 1 2 199 199 361 241
5563 1 2 199 199 240 230
5564 1 2 199 199 240 351
5565 1 2 199 199 240 362
5566 1 2 199 199 240 241
5567 1 2 199 199 230 351
5568 1 2 199 199 230 362
5569 1 2 199 199 230 241
5570 1 2 199 199 351 362
5571 1 2 199 199 351 241
5572 1 2 199 199 362 241
5573 1 2 200 200 230 351
5574 1 2 200 200 230 362
5575 1 2 200 200 230 241
5576 1 2 200 200 230 231
5577 1 2 200 200 230 352
5578 1 2 200 200 230 363
5579 1 2 200 200 230 242
5580 1 2 200 200 351 362
5581 1 2 200 200 351 241
5582 1 2 200 200 351 231
5583 1 2 200 200 351 352
5584 1 2 200 200 351 363
5585 1 2 200 200 351 242
5586 1 2 200 200 362 241
5587 1 2 200 200 362 231
5588 1 2 200 200 362 352
5589 1 2 200 200 362 363
5590 1 2 200 200 362 242
5591 1 2 200 200 241 231
5592 1 2 200 200 241 352
5593 1 2 200 200 241 363
5594 1 2 200 200 241 242
5595 1 2 200 200 231 352
5596 1 2 200 200 231 363
5597 1 2 200 200 231 242
5598 1 2 200 200 352 363
5599 1 2 200 200 352 242
5600 1 2 200 200 363 242
5601 1 2 201 201 243 364
5602 1 2 201 201 243 375
5603 1 2 201 201 243 254
5604 1 2 201 201 243 244
5605 1 2 201 201 243 365
5606 1 2 201 201 243 376
5607 1 2 201 201 243 255
5608 1 2 201 201 364 375
5609 1 2 201 201 364 254
5610 1 2 201 201 364 244
5611 1 2 201 201 364 365
5612 1 2 201 201 364 376
5613 1 2 201 201 364 255
5614 1 2 201 201 375 254
5615 1 2 201 201 375 244
5616 1 2 201 201 375 365
5617 1 2 201 201 375 376
5618 1 2 201 201 375 255
5619 1 2 201 201 254 244
5620 1 2 201 201 254 365
5621 1 2 201 201 254 376
5622 1 2 201 201 254 255
5623 1 2 201 201 244 365
5624 1 2 201 201 244 376
5625 1 2 201 201 244 255
5626 1 2 201 201 365 376
5627 1 2 201 201 365 255
5628 1 2 201 201 376 255
5629 1 2 202 202 244 365
5630 1 2 202 202 244 376
5631 1 2 202 202 244 255
5632 1 2 202 202 244 245
5633 1 2 202 202 244 366
5634 1 2 202 202 244 377
5635 1 2 202 202 244 256
5636 1 2 202 202 365 376
5637 1 2 202 202 365 255
5638 1 2 202 202 365 245
5639 1 2 202 202 365 366
5640 1 2 202 202 365 377
5641 1 2 202 202 365 256
5642 1 2 202 202 376 255
5643 1 2 202 202 376 245
5644 1 2 202 202 376 366
5645 1 2 202 202 376 377
5646 1 2 202 202 376 256
5647 1 2 202 202 255 245
5648 1 2 202 202 255 366
5649 1 2 202 202 255 377
5650 1 2 202 202 255 256
5651 1 2 202 202 245 366
5652 1 2 202 202 245 377
5653 1 2 202 202 245 256
5654 1 2 202 202 366 377
5655 1 2 202 202 366 256
5656 1 2 202 202 377 256
5657 1 2 203 203 245 366
5658 1 2 203 203 245 377
5659 1 2 203 203 245 256
5660 1 2 203 203 245 246
5661 1 2 203 203 245 367
5662 1 2 203 203 245 378
5663 1 2 203 203 245 257
5664 1 2 203 203 366 377
5665 1 2 203 203 366 256
5666 1 2 203 203 366 246
5667 1 2 203 203 366 367
5668 1 2 203 203 366 378
5669 1 2 203 203 366 257
5670 1 2 203 203 377 256
5671 1 2 203 203 377 246
5672 1 2 203 203 377 367
5673 1 2 203 203 377 378
5674 1 2 203 203 377 257
5675 1 2 203 203 256 246
5676 1 2 203 203 256 367
5677 1 2 203 203 256 378
5678 1 2 203 203 256 257
5679 1 2 203 203 246 367
5680 1 2 203 203 246 378
5681 1 2 203 203 246 257
5682 1 2 203 203 367 378
5683 1 2 203 203 367 257
5684 1 2 203 203 378 257
5685 1 2 204 204 246 367
5686 1 2 204 204 246 378
5687 1 2 204 204 246 257
5688 1 2 204 204 246 247
5689 1 2 204 204 246 368
5690 1 2 204 204 246 379
5691 1 2 204 204 246 258
5692 1 2 204 204 367 378
5693 1 2 204 204 367 257
5694 1 2 204 204 367 247
5695 1 2 204 204 367 368
5696 1 2 204 204 367 379
5697 1 2 204 204 367 258
5698 1 2 204 204 378 257
5699 1 2 204 204 378 247
5700 1 2 204 204 378 368
5701 1 2 204 204 378 379
5702 1 2 204 204 378 258
5703 1 2 204 204 257 247
5704 1 2 204 204 257 368
5705 1 2 204 204 257 379
5706 1 2 204 204 257 258
5707 1 2 204 204 247 368
5708 1 2 204 204 247 379
5709 1 2 204 204 247 258
5710 1 2 204 204 368 379
5711 1 2 204 204 368 258
5712 1 2 204 204 379 258
5713 1 2 205 205 247 368
5714 1 2 205 205 247 379
5715 1 2 205 205 247 258
5716 1 2 205 205 247 248
5717 1 2 205 205 247 369
5718 1 2 205 205 247 380
5719 1 2 205 205 247 259
5720 1 2 205 205 368 379
5721 1 2 205 205 368 258
5722 1 2 205 205 368 248
5723 1 2 205 205 368 369
5724 1 2 205 205 368 380
5725 1 2 205 205 368 259
5726 1 2 205 205 379 258
5727 1 2 205 205 379 248
5728 1 2 205 205 379 369
5729 1 2 205 205 379 380
5730 1 2 205 205 379 259
5731 1 2 205 205 258 248
5732 1 2 205 205 258 369
5733 1 2 205 205 258 380
5734 1 2 205 205 258 259
5735 1 2 205 205 248 369
5736 1 2 205 205 248 380
5737 1 2 205 205 248 259
5738 1 2 205 205 369 380
5739 1 2 205 205 369 259
5740 1 2 205 205 380 259
5741 1 2 206 206 248 369
5742 1 2 206 206 248 380
5743 1 2 206 206 248 259
5744 1 2 206 206 248 249
5745 1 2 206 206 248 370
5746 1 2 206 206 248 381
5747 1 2 206 206 248 260
5748 1 2 206 206 369 380
5749 1 2 206 206 369 259
5750 1 2 206 206 369 249
5751 1 2 206 206 369 370
5752 1 2 206 206 369 381
5753 1 2 206 206 369 260
5754 1 2 206 206 380 259
5755 1 2 206 206 380 249
5756 1 2 206 206 380 370
5757 1 2 206 206 380 381
5758 1 2 206 206 380 260
5759 1 2 206 206 259 249
5760 1 2 206 206 259 370
5761 1 2 206 206 259 381
5762 1 2 206 206 259 260
5763 1 2 206 206 249 370
5764 1 2 206 206 249 381
5765 1 2 206 206 249 260
5766 1 2 206 206 370 381
5767 1 2 206 206 370 260
5768 1 2 206 206 381 260
5769 1 2 207 207 249 370
5770 1 2 207 207 249 381
5771 1 2 207 207 249 260
5772 1 2 207 207 249 250
5773 1 2 207 207 249 371
5774 1 2 207 207 249 382
5775 1 2 207 207 249 261
5776 1 2 207 207 370 381
5777 1 2 207 207 370 260
5778 1 2 207 207 370 250
5779 1 2 207 207 370 371
5780 1 2 207 207 370 382
5781 1 2 207 207 370 261
5782 1 2 207 207 381 260
5783 1 2 207 207 381 250
5784 1 2 207 207 381 371
5785 1 2 207 207 381 382
5786 1 2 207 207 381 261
5787 1 2 207 207 260 250
5788 1 2 207 207 260 371
5789 1 2 207 207 260 382
5790 1 2 207 207 260 261
5791 1 2 207 207 250 371
5792 1 2 207 207 250 382
5793 1 2 207 207 250 261
5794 1 2 207 207 371 382
5795 1 2 207 207 371 261
5796 1 2 207 207 382 261
5797 1 2 208 208 250 371
5798 1 2 208 208 250 382
5799 1 2 208 208 250 261
5800 1 2 208 208 250 251
5801 1 2 208 208 250 372
5802 1 2 208 208 250 383
5803 1 2 208 208 250 262
5804 1 2 208 208 371 382
5805 1 2 208 208 371 261
5806 1 2 208 208 371 251
5807 1 2 208 208 371 372
5808 1 2 208 208 371 383
5809 1 2 208 208 371 262
5810 1 2 208 208 382 261
5811 1 2 208 208 382 251
5812 1 2 208 208 382 372
5813 1 2 208 208 382 383
5814 1 2 208 208 382 262
5815 1 2 208 208 261 251
5816 1 2 208 208 261 372
5817 1 2 208 208 261 383
5818 1 2 208 208 261 262
5819 1 2 208 208 251 372
5820 1 2 208 208 251 383
5821 1 2 208 208 251 262
5822 1 2 208 208 372 383
5823 1 2 208 208 372 262
5824 1 2 208 208 383 262
5825 1 2 209 209 251 372
5826 1 2 209 209 251 383
5827 1 2 209 209 251 262
5828 1 2 209 209 251 252
5829 1 2 209 209 251 373
5830 1 2 209 209 251 384
5831 1 2 209 209 251 263
5832 1 2 209 209 372 383
5833 1 2 209 209 372 262
5834 1 2 209 209 372 252
5835 1 2 209 209 372 373
5836 1 2 209 209 372 384
5837 1 2 209 209 372 263
5838 1 2 209 209 383 262
5839 1 2 209 209 383 252
5840 1 2 209 209 383 373
5841 1 2 209 209 383 384
5842 1 2 209 209 383 263
5843 1 2 209 209 262 252
5844 1 2 209 209 262 373
5845 1 2 209 209 262 384
5846 1 2 209 209 262 263
5847 1 2 209 209 252 373
5848 1 2 209 209 252 384
5849 1 2 209 209 252 263
5850 1 2 209 209 373 384
5851 1 2 209 209 373 263
5852 1 2 209 209 384 263
5853 1 2 210 210 252 373
5854 1 2 210 210 252 384
5855 1 2 210 210 252 263
5856 1 2 210 210 252 253
5857 1 2 210 210 252 374
5858 1 2 210 210 252 385
5859 1 2 210 210 252 264
5860 1 2 210 210 373 384
5861 1 2 210 210 373 263
5862 1 2 210 210 373 253
5863 1 2 210 210 373 374
5864 1 2 210 210 373 385
5865 1 2 210 210 373 264
5866 1 2 210 210 384 263
5867 1 2 210 210 384 253
5868 1 2 210 210 384 374
5869 1 2 210 210 384 385
5870 1 2 210 210 384 264
5871 1 2 210 210 263 253
5872 1 2 210 210 263 374
5873 1 2 210 210 263 385
5874 1 2 210 210 263 264
5875 1 2 210 210 253 374
5876 1 2 210 210 253 385
5877 1 2 210 210 253 264
5878 1 2 210 210 374 385
5879 1 2 210 210 374 264
5880 1 2 210 210 385 264
5881 1 2 211 211 254 375
5882 1 2 211 211 254 386
5883 1 2 211 211 254 265
5884 1 2 211 211 254 255
5885 1 2 211 211 254 376
5886 1 2 211 211 254 387
5887 1 2 211 211 254 266
5888 1 2 211 211 375 386
5889 1 2 211 211 375 265
5890 1 2 211 211 375 255
5891 1 2 211 211 375 376
5892 1 2 211 211 375 387
5893 1 2 211 211 375 266
5894 1 2 211 211 386 265
5895 1 2 211 211 386 255
5896 1 2 211 211 386 376
5897 1 2 211 211 386 387
5898 1 2 211 211 386 266
5899 1 2 211 211 265 255
5900 1 2 211 211 265 376
5901 1 2 211 211 265 387
5902 1 2 211 211 265 266
5903 1 2 211 211 255 376
5904 1 2 211 211 255 387
5905 1 2 211 211 255 266
5906 1 2 211 211 376 387
5907 1 2 211 211 376 266
5908 1 2 211 211 387 266
5909 1 2 212 212 255 376
5910 1 2 212 212 255 387
5911 1 2 212 212 255 266
5912 1 2 212 212 255 256
5913 1 2 212 212 255 377
5914 1 2 212 212 255 388
5915 1 2 212 212 255 267
5916 1 2 212 212 376 387
5917 1 2 212 212 376 266
5918 1 2 212 212 376 256
5919 1 2 212 212 376 377
5920 1 2 212 212 376 388
5921 1 2 212 212 376 267
5922 1 2 212 212 387 266
5923 1 2 212 212 387 256
5924 1 2 212 212 387 377
5925 1 2 212 212 387 388
5926 1 2 212 212 387 267
5927 1 2 212 212 266 256
5928 1 2 212 212 266 377
5929 1 2 212 212 266 388
5930 1 2 212 212 266 267
5931 1 2 212 212 256 377
5932 1 2 212 212 256 388
5933 1 2 212 212 256 267
5934 1 2 212 212 377 388
5935 1 2 212 212 377 267
5936 1 2 212 212 388 267
5937 1 2 213 213 256 377
5938 1 2 213 213 256 388
5939 1 2 213 213 256 267
5940 1 2 213 213 256 257
5941 1 2 213 213 256 378
5942 1 2 213 213 256 389
5943 1 2 213 213 256 268
5944 1 2 213 213 377 388
5945 1 2 213 213 377 267
5946 1 2 213 213 377 257
5947 1 2 213 213 377 378
5948 1 2 213 213 377 389
5949 1 2 213 213 377 268
5950 1 2 213 213 388 267
5951 1 2 213 213 388 257
5952 1 2 213 213 388 378
5953 1 2 213 213 388 389
5954 1 2 213 213 388 268
5955 1 2 213 213 267 257
5956 1 2 213 213 267 378
5957 1 2 213 213 267 389
5958 1 2 213 213 267 268
5959 1 2 213 213 257 378
5960 1 2 213 213 257 389
5961 1 2 213 213 257 268
5962 1 2 213 213 378 389
5963 1 2 213 213 378 268
5964 1 2 213 213 389 268
5965 1 2 214 214 257 378
5966 1 2 214 214 257 389
5967 1 2 214 214 257 268
5968 1 2 214 214 257 258
5969 1 2 214 214 257 379
5970 1 2 214 214 257 390
5971 1 2 214 214 257 269
5972 1 2 214 214 378 389
5973 1 2 214 214 378 268
5974 1 2 214 214 378 258
5975 1 2 214 214 378 379
5976 1 2 214 214 378 390
5977 1 2 214 214 378 269
5978 1 2 214 214 389 268
5979 1 2 214 214 389 258
5980 1 2 214 214 389 379
5981 1 2 214 214 389 390
5982 1 2 214 214 389 269
5983 1 2 214 214 268 258
5984 1 2 214 214 268 379
5985 1 2 214 214 268 390
5986 1 2 214 214 268 269
5987 1 2 214 214 258 379
5988 1 2 214 214 258 390
5989 1 2 214 214 258 269
5990 1 2 214 214 379 390
5991 1 2 214 214 379 269
5992 1 2 214 214 390 269
5993 1 2 215 215 258 379
5994 1 2 215 215 258 390
5995 1 2 215 215 258 269
5996 1 2 215 215 258 259
5997 1 2 215 215 258 380
5998 1 2 215 215 258 391
5999 1 2 215 215 258 270
6000 1 2 215 215 379 390
6001 1 2 215 215 379 269
6002 1 2 215 215 379 259
6003 1 2 215 215 379 380
6004 1 2 215 215 379 391
6005 1 2 215 215 379 270
6006 1 2 215 215 390 269
6007 1 2 215 215 390 259
6008 1 2 215 215 390 380
6009 1 2 215 215 390 391
6010 1 2 215 215 390 270
6011 1 2 215 215 269 259
6012 1 2 215 215 269 380
6013 1 2 215 215 269 391
6014 1 2 215 215 269 270
6015 1 2 215 215 259 380
6016 1 2 215 215 259 391
6017 1 2 215 215 259 270
6018 1 2 215 215 380 391
6019 1 2 215 215 380 270
6020 1 2 215 215 391 270
6021 1 2 216 216 259 380
6022 1 2 216 216 259 391
6023 1 2 216 216 259 270
6024 1 2 216 216 259 260
6025 1 2 216 216 259 381
6026 1 2 216 216 259 392
6027 1 2 216 216 259 271
6028 1 2 216 216 380 391
6029 1 2 216 216 380 270
6030 1 2 216 216 380 260
6031 1 2 216 216 380 381
6032 1 2 216 216 380 392
6033 1 2 216 216 380 271
6034 1 2 216 216 391 270
6035 1 2 216 216 391 260
6036 1 2 216 216 391 381
6037 1 2 216 216 391 392
6038 1 2 216 216 391 271
6039 1 2 216 216 270 260
6040 1 2 216 216 270 381
6041 1 2 216 216 270 392
6042 1 2 216 216 270 271
6043 1 2 216 216 260 381
6044 1 2 216 216 260 392
6045 1 2 216 216 260 271
6046 1 2 216 216 381 392
6047 1 2 216 216 381 271
6048 1 2 216 216 392 271
6049 1 2 217 217 260 381
6050 1 2 217 217 260 392
6051 1 2 217 217 260 271
6052 1 2 217 217 260 261
6053 1 2 217 217 260 382
6054 1 2 217 217 260 393
6055 1 2 217 217 260 272
6056 1 2 217 217 381 392
6057 1 2 217 217 381 271
6058 1 2 217 217 381 261
6059 1 2 217 217 381 382
6060 1 2 217 217 381 393
6061 1 2 217 217 381 272
6062 1 2 217 217 392 271
6063 1 2 217 217 392 261
6064 1 2 217 217 392 382
6065 1 2 217 217 392 393
6066 1 2 217 217 392 272
6067 1 2 217 217 271 261
6068 1 2 217 217 271 382
6069 1 2 217 217 271 393
6070 1 2 217 217 271 272
6071 1 2 217 217 261 382
6072 1 2 217 217 261 393
6073 1 2 217 217 261 272
6074 1 2 217 217 382 393
6075 1 2 217 217 382 272
6076 1 2 217 217 393 272
6077 1 2 218 218 261 382
6078 1 2 218 218 261 393
6079 1 2 218 218 261 272
6080 1 2 218 218 261 262
6081 1 2 218 218 261 383
6082 1 2 218 218 261 394
6083 1 2 218 218 261 273
6084 1 2 218 218 382 393
6085 1 2 218 218 382 272
6086 1 2 218 218 382 262
6087 1 2 218 218 382 383
6088 1 2 218 218 382 394
6089 1 2 218 218 382 273
6090 1 2 218 218 393 272
6091 1 2 218 218 393 262
6092 1 2 218 218 393 383
6093 1 2 218 218 393 394
6094 1 2 218 218 393 273
6095 1 2 218 218 272 262
6096 1 2 218 218 272 383
6097 1 2 218 218 272 394
6098 1 2 218 218 272 273
6099 1 2 218 218 262 383
6100 1 2 218 218 262 394
6101 1 2 218 218 262 273
6102 1 2 218 218 383 394
6103 1 2 218 218 383 273
6104 1 2 218 218 394 273
6105 1 2 219 219 262 383
6106 1 2 219 219 262 394
6107 1 2 219 219 262 273
6108 1 2 219 219 262 263
6109 1 2 219 219 262 384
6110 1 2 219 219 262 395
6111 1 2 219 219 262 274
6112 1 2 219 219 383 394
6113 1 2 219 219 383 273
6114 1 2 219 219 383 263
6115 1 2 219 219 383 384
6116 1 2 219 219 383 395
6117 1 2 219 219 383 274
6118 1 2 219 219 394 273
6119 1 2 219 219 394 263
6120 1 2 219 219 394 384
6121 1 2 219 219 394 395
6122 1 2 219 219 394 274
6123 1 2 219 219 273 263
6124 1 2 219 219 273 384
6125 1 2 219 219 273 395
6126 1 2 219 219 273 274
6127 1 2 219 219 263 384
6128 1 2 219 219 263 395
6129 1 2 219 219 263 274
6130 1 2 219 219 384 395
6131 1 2 219 219 384 274
6132 1 2 219 219 395 274
6133 1 2 220 220 263 384
6134 1 2 220 220 263 395
6135 1 2 220 220 263 274
6136 1 2 220 220 263 264
6137 1 2 220 220 263 385
6138 1 2 220 220 263 396
6139 1 2 220 220 263 275
6140 1 2 220 220 384 395
6141 1 2 220 220 384 274
6142 1 2 220 220 384 264
6143 1 2 220 220 384 385
6144 1 2 220 220 384 396
6145 1 2 220 220 384 275
6146 1 2 220 220 395 274
6147 1 2 220 220 395 264
6148 1 2 220 220 395 385
6149 1 2 220 220 395 396
6150 1 2 220 220 395 275
6151 1 2 220 220 274 264
6152 1 2 220 220 274 385
6153 1 2 220 220 274 396
6154 1 2 220 220 274 275
6155 1 2 220 220 264 385
6156 1 2 220 220 264 396
6157 1 2 220 220 264 275
6158 1 2 220 220 385 396
6159 1 2 220 220 385 275
6160 1 2 220 220 396 275
6161 1 2 221 221 265 386
6162 1 2 221 221 265 397
6163 1 2 221 221 265 276
6164 1 2 221 221 265 266
6165 1 2 221 221 265 387
6166 1 2 221 221 265 398
6167 1 2 221 221 265 277
6168 1 2 221 221 386 397
6169 1 2 221 221 386 276
6170 1 2 221 221 386 266
6171 1 2 221 221 386 387
6172 1 2 221 221 386 398
6173 1 2 221 221 386 277
6174 1 2 221 221 397 276
6175 1 2 221 221 397 266
6176 1 2 221 221 397 387
6177 1 2 221 221 397 398
6178 1 2 221 221 397 277
6179 1 2 221 221 276 266
6180 1 2 221 221 276 387
6181 1 2 221 221 276 398
6182 1 2 221 221 276 277
6183 1 2 221 221 266 387
6184 1 2 221 221 266 398
6185 1 2 221 221 266 277
6186 1 2 221 221 387 398
6187 1 2 221 221 387 277
6188 1 2 221 221 398 277
6189 1 2 222 222 266 387
6190 1 2 222 222 266 398
6191 1 2 222 222 266 277
6192 1 2 222 222 266 267
6193 1 2 222 222 266 388
6194 1 2 222 222 266 399
6195 1 2 222 222 266 278
6196 1 2 222 222 387 398
6197 1 2 222 222 387 277
6198 1 2 222 222 387 267
6199 1 2 222 222 387 388
6200 1 2 222 222 387 399
6201 1 2 222 222 387 278
6202 1 2 222 222 398 277
6203 1 2 222 222 398 267
6204 1 2 222 222 398 388
6205 1 2 222 222 398 399
6206 1 2 222 222 398 278
6207 1 2 222 222 277 267
6208 1 2 222 222 277 388
6209 1 2 222 222 277 399
6210 1 2 222 222 277 278
6211 1 2 222 222 267 388
6212 1 2 222 222 267 399
6213 1 2 222 222 267 278
6214 1 2 222 222 388 399
6215 1 2 222 222 388 278
6216 1 2 222 222 399 278
6217 1 2 223 223 267 388
6218 1 2 223 223 267 399
6219 1 2 223 223 267 278
6220 1 2 223 223 267 268
6221 1 2 223 223 267 389
6222 1 2 223 223 267 400
6223 1 2 223 223 267 279
6224 1 2 223 223 388 399
6225 1 2 223 223 388 278
6226 1 2 223 223 388 268
6227 1 2 223 223 388 389
6228 1 2 223 223 388 400
6229 1 2 223 223 388 279
6230 1 2 223 223 399 278
6231 1 2 223 223 399 268
6232 1 2 223 223 399 389
6233 1 2 223 223 399 400
6234 1 2 223 223 399 279
6235 1 2 223 223 278 268
6236 1 2 223 223 278 389
6237 1 2 223 223 278 400
6238 1 2 223 223 278 279
6239 1 2 223 223 268 389
6240 1 2 223 223 268 400
6241 1 2 223 223 268 279
6242 1 2 223 223 389 400
6243 1 2 223 223 389 279
6244 1 2 223 223 400 279
6245 1 2 224 224 268 389
6246 1 2 224 224 268 400
6247 1 2 224 224 268 279
6248 1 2 224 224 268 269
6249 1 2 224 224 268 390
6250 1 2 224 224 268 401
6251 1 2 224 224 268 280
6252 1 2 224 224 389 400
6253 1 2 224 224 389 279
6254 1 2 224 224 389 269
6255 1 2 224 224 389 390
6256 1 2 224 224 389 401
6257 1 2 224 224 389 280
6258 1 2 224 224 400 279
6259 1 2 224 224 400 269
6260 1 2 224 224 400 390
6261 1 2 224 224 400 401
6262 1 2 224 224 400 280
6263 1 2 224 224 279 269
6264 1 2 224 224 279 390
6265 1 2 224 224 279 401
6266 1 2 224 224 279 280
6267 1 2 224 224 269 390
6268 1 2 224 224 269 401
6269 1 2 224 224 269 280
6270 1 2 224 224 390 401
6271 1 2 224 224 390 280
6272 1 2 224 224 401 280
6273 1 2 225 225 269 390
6274 1 2 225 225 269 401
6275 1 2 225 225 269 280
6276 1 2 225 225 269 270
6277 1 2 225 225 269 391
6278 1 2 225 225 269 402
6279 1 2 225 225 269 281
6280 1 2 225 225 390 401
6281 1 2 225 225 390 280
6282 1 2 225 225 390 270
6283 1 2 225 225 390 391
6284 1 2 225 225 390 402
6285 1 2 225 225 390 281
6286 1 2 225 225 401 280
6287 1 2 225 225 401 270
6288 1 2 225 225 401 391
6289 1 2 225 225 401 402
6290 1 2 225 225 401 281
6291 1 2 225 225 280 270
6292 1 2 225 225 280 391
6293 1 2 225 225 280 402
6294 1 2 225 225 280 281
6295 1 2 225 225 270 391
6296 1 2 225 225 270 402
6297 1 2 225 225 270 281
6298 1 2 225 225 391 402
6299 1 2 225 225 391 281
6300 1 2 225 225 402 281
6301 1 2 226 226 270 391
6302 1 2 226 226 270 402
6303 1 2 226 226 270 281
6304 1 2 226 226 270 271
6305 1 2 226 226 270 392
6306 1 2 226 226 270 403
6307 1 2 226 226 270 282
6308 1 2 226 226 391 402
6309 1 2 226 226 391 281
6310 1 2 226 226 391 271
6311 1 2 226 226 391 392
6312 1 2 226 226 391 403
6313 1 2 226 226 391 282
6314 1 2 226 226 402 281
6315 1 2 226 226 402 271
6316 1 2 226 226 402 392
6317 1 2 226 226 402 403
6318 1 2 226 226 402 282
6319 1 2 226 226 281 271
6320 1 2 226 226 281 392
6321 1 2 226 226 281 403
6322 1 2 226 226 281 282
6323 1 2 226 226 271 392
6324 1 2 226 226 271 403
6325 1 2 226 226 271 282
6326 1 2 226 226 392 403
6327 1 2 226 226 392 282
6328 1 2 226 226 403 282
6329 1 2 227 227 271 392
6330 1 2 227 227 271 403
6331 1 2 227 227 271 282
6332 1 2 227 227 271 272
6333 1 2 227 227 271 393
6334 1 2 227 227 271 404
6335 1 2 227 227 271 283
6336 1 2 227 227 392 403
6337 1 2 227 227 392 282
6338 1 2 227 227 392 272
6339 1 2 227 227 392 393
6340 1 2 227 227 392 404
6341 1 2 227 227 392 283
6342 1 2 227 227 403 282
6343 1 2 227 227 403 272
6344 1 2 227 227 403 393
6345 1 2 227 227 403 404
6346 1 2 227 227 403 283
6347 1 2 227 227 282 272
6348 1 2 227 227 282 393
6349 1 2 227 227 282 404
6350 1 2 227 227 282 283
6351 1 2 227 227 272 393
6352 1 2 227 227 272 404
6353 1 2 227 227 272 283
6354 1 2 227 227 393 404
6355 1 2 227 227 393 283
6356 1 2 227 227 404 283
6357 1 2 228 228 272 393
6358 1 2 228 228 272 404
6359 1 2 228 228 272 283
6360 1 2 228 228 272 273
6361 1 2 228 228 272 394
6362 1 2 228 228 272 405
6363 1 2 228 228 272 284
6364 1 2 228 228 393 404
6365 1 2 228 228 393 283
6366 1 2 228 228 393 273
6367 1 2 228 228 393 394
6368 1 2 228 228 393 405
6369 1 2 228 228 393 284
6370 1 2 228 228 404 283
6371 1 2 228 228 404 273
6372 1 2 228 228 404 394
6373 1 2 228 228 404 405
6374 1 2 228 228 404 284
6375 1 2 228 228 283 273
6376 1 2 228 228 283 394
6377 1 2 228 228 283 405
6378 1 2 228 228 283 284
6379 1 2 228 228 273 394
6380 1 2 228 228 273 405
6381 1 2 228 228 273 284
6382 1 2 228 228 394 405
6383 1 2 228 228 394 284
6384 1 2 228 228 405 284
6385 1 2 229 229 273 394
6386 1 2 229 229 273 405
6387 1 2 229 229 273 284
6388 1 2 229 229 273 274
6389 1 2 229 229 273 395
6390 1 2 229 229 273 406
6391 1 2 229 229 273 285
6392 1 2 229 229 394 405
6393 1 2 229 229 394 284
6394 1 2 229 229 394 274
6395 1 2 229 229 394 395
6396 1 2 229 229 394 406
6397 1 2 229 229 394 285
6398 1 2 229 229 405 284
6399 1 2 229 229 405 274
6400 1 2 229 229 405 395
6401 1 2 229 229 405 406
6402 1 2 229 229 405 285
6403 1 2 229 229 284 274
6404 1 2 229 229 284 395
6405 1 2 229 229 284 406
6406 1 2 229 229 284 285
6407 1 2 229 229 274 395
6408 1 2 229 229 274 406
6409 1 2 229 229 274 285
6410 1 2 229 229 395 406
6411 1 2 229 229 395 285
6412 1 2 229 229 406 285
6413 1 2 230 230 274 395
6414 1 2 230 230 274 406
6415 1 2 230 230 274 285
6416 1 2 230 230 274 275
6417 1 2 230 230 274 396
6418 1 2 230 230 274 407
6419 1 2 230 230 274 286
6420 1 2 230 230 395 406
6421 1 2 230 230 395 285
6422 1 2 230 230 395 275
6423 1 2 230 230 395 396
6424 1 2 230 230 395 407
6425 1 2 230 230 395 286
6426 1 2 230 230 406 285
6427 1 2 230 230 406 275
6428 1 2 230 230 406 396
6429 1 2 230 230 406 407
6430 1 2 230 230 406 286
6431 1 2 230 230 285 275
6432 1 2 230 230 285 396
6433 1 2 230 230 285 407
6434 1 2 230 230 285 286
6435 1 2 230 230 275 396
6436 1 2 230 230 275 407
6437 1 2 230 230 275 286
6438 1 2 230 230 396 407
6439 1 2 230 230 396 286
6440 1 2 230 230 407 286
6441 1 2 231 231 276 397
6442 1 2 231 231 276 408
6443 1 2 231 231 276 287
6444 1 2 231 231 276 277
6445 1 2 231 231 276 398
6446 1 2 231 231 276 409
6447 1 2 231 231 276 288
6448 1 2 231 231 397 408
6449 1 2 231 231 397 287
6450 1 2 231 231 397 277
6451 1 2 231 231 397 398
6452 1 2 231 231 397 409
6453 1 2 231 231 397 288
6454 1 2 231 231 408 287
6455 1 2 231 231 408 277
6456 1 2 231 231 408 398
6457 1 2 231 231 408 409
6458 1 2 231 231 408 288
6459 1 2 231 231 287 277
6460 1 2 231 231 287 398
6461 1 2 231 231 287 409
6462 1 2 231 231 287 288
6463 1 2 231 231 277 398
6464 1 2 231 231 277 409
6465 1 2 231 231 277 288
6466 1 2 231 231 398 409
6467 1 2 231 231 398 288
6468 1 2 231 231 409 288
6469 1 2 232 232 277 398
6470 1 2 232 232 277 409
6471 1 2 232 232 277 288
6472 1 2 232 232 277 278
6473 1 2 232 232 277 399
6474 1 2 232 232 277 410
6475 1 2 232 232 277 289
6476 1 2 232 232 398 409
6477 1 2 232 232 398 288
6478 1 2 232 232 398 278
6479 1 2 232 232 398 399
6480 1 2 232 232 398 410
6481 1 2 232 232 398 289
6482 1 2 232 232 409 288
6483 1 2 232 232 409 278
6484 1 2 232 232 409 399
6485 1 2 232 232 409 410
6486 1 2 232 232 409 289
6487 1 2 232 232 288 278
6488 1 2 232 232 288 399
6489 1 2 232 232 288 410
6490 1 2 232 232 288 289
6491 1 2 232 232 278 399
6492 1 2 232 232 278 410
6493 1 2 232 232 278 289
6494 1 2 232 232 399 410
6495 1 2 232 232 399 289
6496 1 2 232 232 410 289
6497 1 2 233 233 278 399
6498 1 2 233 233 278 410
6499 1 2 233 233 278 289
6500 1 2 233 233 278 279
6501 1 2 233 233 278 400
6502 1 2 233 233 278 411
6503 1 2 233 233 278 290
6504 1 2 233 233 399 410
6505 1 2 233 233 399 289
6506 1 2 233 233 399 279
6507 1 2 233 233 399 400
6508 1 2 233 233 399 411
6509 1 2 233 233 399 290
6510 1 2 233 233 410 289
6511 1 2 233 233 410 279
6512 1 2 233 233 410 400
6513 1 2 233 233 410 411
6514 1 2 233 233 410 290
6515 1 2 233 233 289 279
6516 1 2 233 233 289 400
6517 1 2 233 233 289 411
6518 1 2 233 233 289 290
6519 1 2 233 233 279 400
6520 1 2 233 233 279 411
6521 1 2 233 233 279 290
6522 1 2 233 233 400 411
6523 1 2 233 233 400 290
6524 1 2 233 233 411 290
6525 1 2 234 234 279 400
6526 1 2 234 234 279 411
6527 1 2 234 234 279 290
6528 1 2 234 234 279 280
6529 1 2 234 234 279 401
6530 1 2 234 234 279 412
6531 1 2 234 234 279 291
6532 1 2 234 234 400 411
6533 1 2 234 234 400 290
6534 1 2 234 234 400 280
6535 1 2 234 234 400 401
6536 1 2 234 234 400 412
6537 1 2 234 234 400 291
6538 1 2 234 234 411 290
6539 1 2 234 234 411 280
6540 1 2 234 234 411 401
6541 1 2 234 234 411 412
6542 1 2 234 234 411 291
6543 1 2 234 234 290 280
6544 1 2 234 234 290 401
6545 1 2 234 234 290 412
6546 1 2 234 234 290 291
6547 1 2 234 234 280 401
6548 1 2 234 234 280 412
6549 1 2 234 234 280 291
6550 1 2 234 234 401 412
6551 1 2 234 234 401 291
6552 1 2 234 234 412 291
6553 1 2 235 235 280 401
6554 1 2 235 235 280 412
6555 1 2 235 235 280 291
6556 1 2 235 235 280 281
6557 1 2 235 235 280 402
6558 1 2 235 235 280 413
6559 1 2 235 235 280 292
6560 1 2 235 235 401 412
6561 1 2 235 235 401 291
6562 1 2 235 235 401 281
6563 1 2 235 235 401 402
6564 1 2 235 235 401 413
6565 1 2 235 235 401 292
6566 1 2 235 235 412 291
6567 1 2 235 235 412 281
6568 1 2 235 235 412 402
6569 1 2 235 235 412 413
6570 1 2 235 235 412 292
6571 1 2 235 235 291 281
6572 1 2 235 235 291 402
6573 1 2 235 235 291 413
6574 1 2 235 235 291 292
6575 1 2 235 235 281 402
6576 1 2 235 235 281 413
6577 1 2 235 235 281 292
6578 1 2 235 235 402 413
6579 1 2 235 235 402 292
6580 1 2 235 235 413 292
6581 1 2 236 236 281 402
6582 1 2 236 236 281 413
6583 1 2 236 236 281 292
6584 1 2 236 236 281 282
6585 1 2 236 236 281 403
6586 1 2 236 236 281 414
6587 1 2 236 236 281 293
6588 1 2 236 236 402 413
6589 1 2 236 236 402 292
6590 1 2 236 236 402 282
6591 1 2 236 236 402 403
6592 1 2 236 236 402 414
6593 1 2 236 236 402 293
6594 1 2 236 236 413 292
6595 1 2 236 236 413 282
6596 1 2 236 236 413 403
6597 1 2 236 236 413 414
6598 1 2 236 236 413 293
6599 1 2 236 236 292 282
6600 1 2 236 236 292 403
6601 1 2 236 236 292 414
6602 1 2 236 236 292 293
6603 1 2 236 236 282 403
6604 1 2 236 236 282 414
6605 1 2 236 236 282 293
6606 1 2 236 236 403 414
6607 1 2 236 236 403 293
6608 1 2 236 236 414 293
6609 1 2 237 237 282 403
6610 1 2 237 237 282 414
6611 1 2 237 237 282 293
6612 1 2 237 237 282 283
6613 1 2 237 237 282 404
6614 1 2 237 237 282 415
6615 1 2 237 237 282 294
6616 1 2 237 237 403 414
6617 1 2 237 237 403 293
6618 1 2 237 237 403 283
6619 1 2 237 237 403 404
6620 1 2 237 237 403 415
6621 1 2 237 237 403 294
6622 1 2 237 237 414 293
6623 1 2 237 237 414 283
6624 1 2 237 237 414 404
6625 1 2 237 237 414 415
6626 1 2 237 237 414 294
6627 1 2 237 237 293 283
6628 1 2 237 237 293 404
6629 1 2 237 237 293 415
6630 1 2 237 237 293 294
6631 1 2 237 237 283 404
6632 1 2 237 237 283 415
6633 1 2 237 237 283 294
6634 1 2 237 237 404 415
6635 1 2 237 237 404 294
6636 1 2 237 237 415 294
6637 1 2 238 238 283 404
6638 1 2 238 238 283 415
6639 1 2 238 238 283 294
6640 1 2 238 238 283 284
6641 1 2 238 238 283 405
6642 1 2 238 238 283 416
6643 1 2 238 238 283 295
6644 1 2 238 238 404 415
6645 1 2 238 238 404 294
6646 1 2 238 238 404 284
6647 1 2 238 238 404 405
6648 1 2 238 238 404 416
6649 1 2 238 238 404 295
6650 1 2 238 238 415 294
6651 1 2 238 238 415 284
6652 1 2 238 238 415 405
6653 1 2 238 238 415 416
6654 1 2 238 238 415 295
6655 1 2 238 238 294 284
6656 1 2 238 238 294 405
6657 1 2 238 238 294 416
6658 1 2 238 238 294 295
6659 1 2 238 238 284 405
6660 1 2 238 238 284 416
6661 1 2 238 238 284 295
6662 1 2 238 238 405 416
6663 1 2 238 238 405 295
6664 1 2 238 238 416 295
6665 1 2 239 239 284 405
6666 1 2 239 239 284 416
6667 1 2 239 239 284 295
6668 1 2 239 239 284 285
6669 1 2 239 239 284 406
6670 1 2 239 239 284 417
6671 1 2 239 239 284 296
6672 1 2 239 239 405 416
6673 1 2 239 239 405 295
6674 1 2 239 239 405 285
6675 1 2 239 239 405 406
6676 1 2 239 239 405 417
6677 1 2 239 239 405 296
6678 1 2 239 239 416 295
6679 1 2 239 239 416 285
6680 1 2 239 239 416 406
6681 1 2 239 239 416 417
6682 1 2 239 239 416 296
6683 1 2 239 239 295 285
6684 1 2 239 239 295 406
6685 1 2 239 239 295 417
6686 1 2 239 239 295 296
6687 1 2 239 239 285 406
6688 1 2 239 239 285 417
6689 1 2 239 239 285 296
6690 1 2 239 239 406 417
6691 1 2 239 239 406 296
6692 1 2 239 239 417 296
6693 1 2 240 240 285 406
6694 1 2 240 240 285 417
6695 1 2 240 240 285 296
6696 1 2 240 240 285 286
6697 1 2 240 240 285 407
6698 1 2 240 240 285 418
6699 1 2 240 240 285 297
6700 1 2 240 240 406 417
6701 1 2 240 240 406 296
6702 1 2 240 240 406 286
6703 1 2 240 240 406 407
6704 1 2 240 240 406 418
6705 1 2 240 240 406 297
6706 1 2 240 240 417 296
6707 1 2 240 240 417 286
6708 1 2 240 240 417 407
6709 1 2 240 240 417 418
6710 1 2 240 240 417 297
6711 1 2 240 240 296 286
6712 1 2 240 240 296 407
6713 1 2 240 240 296 418
6714 1 2 240 240 296 297
6715 1 2 240 240 286 407
6716 1 2 240 240 286 418
6717 1 2 240 240 286 297
6718 1 2 240 240 407 418
6719 1 2 240 240 407 297
6720 1 2 240 240 418 297
6721 1 2 241 241 287 408
6722 1 2 241 241 287 419
6723 1 2 241 241 287 298
6724 1 2 241 241 287 288
6725 1 2 241 241 287 409
6726 1 2 241 241 287 420
6727 1 2 241 241 287 299
6728 1 2 241 241 408 419
6729 1 2 241 241 408 298
6730 1 2 241 241 408 288
6731 1 2 241 241 408 409
6732 1 2 241 241 408 420
6733 1 2 241 241 408 299
6734 1 2 241 241 419 298
6735 1 2 241 241 419 288
6736 1 2 241 241 419 409
6737 1 2 241 241 419 420
6738 1 2 241 241 419 299
6739 1 2 241 241 298 288
6740 1 2 241 241 298 409
6741 1 2 241 241 298 420
6742 1 2 241 241 298 299
6743 1 2 241 241 288 409
6744 1 2 241 241 288 420
6745 1 2 241 241 288 299
6746 1 2 241 241 409 420
6747 1 2 241 241 409 299
6748 1 2 241 241 420 299
6749 1 2 242 242 288 409
6750 1 2 242 242 288 420
6751 1 2 242 242 288 299
6752 1 2 242 242 288 289
6753 1 2 242 242 288 410
6754 1 2 242 242 288 421
6755 1 2 242 242 288 300
6756 1 2 242 242 409 420
6757 1 2 242 242 409 299
6758 1 2 242 242 409 289
6759 1 2 242 242 409 410
6760 1 2 242 242 409 421
6761 1 2 242 242 409 300
6762 1 2 242 242 420 299
6763 1 2 242 242 420 289
6764 1 2 242 242 420 410
6765 1 2 242 242 420 421
6766 1 2 242 242 420 300
6767 1 2 242 242 299 289
6768 1 2 242 242 299 410
6769 1 2 242 242 299 421
6770 1 2 242 242 299 300
6771 1 2 242 242 289 410
6772 1 2 242 242 289 421
6773 1 2 242 242 289 300
6774 1 2 242 242 410 421
6775 1 2 242 242 410 300
6776 1 2 242 242 421 300
6777 1 2 243 243 289 410
6778 1 2 243 243 289 421
6779 1 2 243 243 289 300
6780 1 2 243 243 289 290
6781 1 2 243 243 289 411
6782 1 2 243 243 289 422
6783 1 2 243 243 289 301
6784 1 2 243 243 410 421
6785 1 2 243 243 410 300
6786 1 2 243 243 410 290
6787 1 2 243 243 410 411
6788 1 2 243 243 410 422
6789 1 2 243 243 410 301
6790 1 2 243 243 421 300
6791 1 2 243 243 421 290
6792 1 2 243 243 421 411
6793 1 2 243 243 421 422
6794 1 2 243 243 421 301
6795 1 2 243 243 300 290
6796 1 2 243 243 300 411
6797 1 2 243 243 300 422
6798 1 2 243 243 300 301
6799 1 2 243 243 290 411
6800 1 2 243 243 290 422
6801 1 2 243 243 290 301
6802 1 2 243 243 411 422
6803 1 2 243 243 411 301
6804 1 2 243 243 422 301
6805 1 2 244 244 290 411
6806 1 2 244 244 290 422
6807 1 2 244 244 290 301
6808 1 2 244 244 290 291
6809 1 2 244 244 290 412
6810 1 2 244 244 290 423
6811 1 2 244 244 290 302
6812 1 2 244 244 411 422
6813 1 2 244 244 411 301
6814 1 2 244 244 411 291
6815 1 2 244 244 411 412
6816 1 2 244 244 411 423
6817 1 2 244 244 411 302
6818 1 2 244 244 422 301
6819 1 2 244 244 422 291
6820 1 2 244 244 422 412
6821 1 2 244 244 422 423
6822 1 2 244 244 422 302
6823 1 2 244 244 301 291
6824 1 2 244 244 301 412
6825 1 2 244 244 301 423
6826 1 2 244 244 301 302
6827 1 2 244 244 291 412
6828 1 2 244 244 291 423
6829 1 2 244 244 291 302
6830 1 2 244 244 412 423
6831 1 2 244 244 412 302
6832 1 2 244 244 423 302
6833 1 2 245 245 291 412
6834 1 2 245 245 291 423
6835 1 2 245 245 291 302
6836 1 2 245 245 291 292
6837 1 2 245 245 291 413
6838 1 2 245 245 291 424
6839 1 2 245 245 291 303
6840 1 2 245 245 412 423
6841 1 2 245 245 412 302
6842 1 2 245 245 412 292
6843 1 2 245 245 412 413
6844 1 2 245 245 412 424
6845 1 2 245 245 412 303
6846 1 2 245 245 423 302
6847 1 2 245 245 423 292
6848 1 2 245 245 423 413
6849 1 2 245 245 423 424
6850 1 2 245 245 423 303
6851 1 2 245 245 302 292
6852 1 2 245 245 302 413
6853 1 2 245 245 302 424
6854 1 2 245 245 302 303
6855 1 2 245 245 292 413
6856 1 2 245 245 292 424
6857 1 2 245 245 292 303
6858 1 2 245 245 413 424
6859 1 2 245 245 413 303
6860 1 2 245 245 424 303
6861 1 2 246 246 292 413
6862 1 2 246 246 292 424
6863 1 2 246 246 292 303
6864 1 2 246 246 292 293
6865 1 2 246 246 292 414
6866 1 2 246 246 292 425
6867 1 2 246 246 292 304
6868 1 2 246 246 413 424
6869 1 2 246 246 413 303
6870 1 2 246 246 413 293
6871 1 2 246 246 413 414
6872 1 2 246 246 413 425
6873 1 2 246 246 413 304
6874 1 2 246 246 424 303
6875 1 2 246 246 424 293
6876 1 2 246 246 424 414
6877 1 2 246 246 424 425
6878 1 2 246 246 424 304
6879 1 2 246 246 303 293
6880 1 2 246 246 303 414
6881 1 2 246 246 303 425
6882 1 2 246 246 303 304
6883 1 2 246 246 293 414
6884 1 2 246 246 293 425
6885 1 2 246 246 293 304
6886 1 2 246 246 414 425
6887 1 2 246 246 414 304
6888 1 2 246 246 425 304
6889 1 2 247 247 293 414
6890 1 2 247 247 293 425
6891 1 2 247 247 293 304
6892 1 2 247 247 293 294
6893 1 2 247 247 293 415
6894 1 2 247 247 293 426
6895 1 2 247 247 293 305
6896 1 2 247 247 414 425
6897 1 2 247 247 414 304
6898 1 2 247 247 414 294
6899 1 2 247 247 414 415
6900 1 2 247 247 414 426
6901 1 2 247 247 414 305
6902 1 2 247 247 425 304
6903 1 2 247 247 425 294
6904 1 2 247 247 425 415
6905 1 2 247 247 425 426
6906 1 2 247 247 425 305
6907 1 2 247 247 304 294
6908 1 2 247 247 304 415
6909 1 2 247 247 304 426
6910 1 2 247 247 304 305
6911 1 2 247 247 294 415
6912 1 2 247 247 294 426
6913 1 2 247 247 294 305
6914 1 2 247 247 415 426
6915 1 2 247 247 415 305
6916 1 2 247 247 426 305
6917 1 2 248 248 294 415
6918 1 2 248 248 294 426
6919 1 2 248 248 294 305
6920 1 2 248 248 294 295
6921 1 2 248 248 294 416
6922 1 2 248 248 294 427
6923 1 2 248 248 294 306
6924 1 2 248 248 415 426
6925 1 2 248 248 415 305
6926 1 2 248 248 415 295
6927 1 2 248 248 415 416
6928 1 2 248 248 415 427
6929 1 2 248 248 415 306
6930 1 2 248 248 426 305
6931 1 2 248 248 426 295
6932 1 2 248 248 426 416
6933 1 2 248 248 426 427
6934 1 2 248 248 426 306
6935 1 2 248 248 305 295
6936 1 2 248 248 305 416
6937 1 2 248 248 305 427
6938 1 2 248 248 305 306
6939 1 2 248 248 295 416
6940 1 2 248 248 295 427
6941 1 2 248 248 295 306
6942 1 2 248 248 416 427
6943 1 2 248 248 416 306
6944 1 2 248 248 427 306
6945 1 2 249 249 295 416
6946 1 2 249 249 295 427
6947 1 2 249 249 295 306
6948 1 2 249 249 295 296
6949 1 2 249 249 295 417
6950 1 2 249 249 295 428
6951 1 2 249 249 295 307
6952 1 2 249 249 416 427
6953 1 2 249 249 416 306
6954 1 2 249 249 416 296
6955 1 2 249 249 416 417
6956 1 2 249 249 416 428
6957 1 2 249 249 416 307
6958 1 2 249 249 427 306
6959 1 2 249 249 427 296
6960 1 2 249 249 427 417
6961 1 2 249 249 427 428
6962 1 2 249 249 427 307
6963 1 2 249 249 306 296
6964 1 2 249 249 306 417
6965 1 2 249 249 306 428
6966 1 2 249 249 306 307
6967 1 2 249 249 296 417
6968 1 2 249 249 296 428
6969 1 2 249 249 296 307
6970 1 2 249 249 417 428
6971 1 2 249 249 417 307
6972 1 2 249 249 428 307
6973 1 2 250 250 296 417
6974 1 2 250 250 296 428
6975 1 2 250 250 296 307
6976 1 2 250 250 296 297
6977 1 2 250 250 296 418
6978 1 2 250 250 296 429
6979 1 2 250 250 296 308
6980 1 2 250 250 417 428
6981 1 2 250 250 417 307
6982 1 2 250 250 417 297
6983 1 2 250 250 417 418
6984 1 2 250 250 417 429
6985 1 2 250 250 417 308
6986 1 2 250 250 428 307
6987 1 2 250 250 428 297
6988 1 2 250 250 428 418
6989 1 2 250 250 428 429
6990 1 2 250 250 428 308
6991 1 2 250 250 307 297
6992 1 2 250 250 307 418
6993 1 2 250 250 307 429
6994 1 2 250 250 307 308
6995 1 2 250 250 297 418
6996 1 2 250 250 297 429
6997 1 2 250 250 297 308
6998 1 2 250 250 418 429
6999 1 2 250 250 418 308
7000 1 2 250 250 429 308
7001 1 2 251 251 298 419
7002 1 2 251 251 298 430
7003 1 2 251 251 298 309
7004 1 2 251 251 298 299
7005 1 2 251 251 298 420
7006 1 2 251 251 298 431
7007 1 2 251 251 298 310
7008 1 2 251 251 419 430
7009 1 2 251 251 419 309
7010 1 2 251 251 419 299
7011 1 2 251 251 419 420
7012 1 2 251 251 419 431
7013 1 2 251 251 419 310
7014 1 2 251 251 430 309
7015 1 2 251 251 430 299
7016 1 2 251 251 430 420
7017 1 2 251 251 430 431
7018 1 2 251 251 430 310
7019 1 2 251 251 309 299
7020 1 2 251 251 309 420
7021 1 2 251 251 309 431
7022 1 2 251 251 309 310
7023 1 2 251 251 299 420
7024 1 2 251 251 299 431
7025 1 2 251 251 299 310
7026 1 2 251 251 420 431
7027 1 2 251 251 420 310
7028 1 2 251 251 431 310
7029 1 2 252 252 299 420
7030 1 2 252 252 299 431
7031 1 2 252 252 299 310
7032 1 2 252 252 299 300
7033 1 2 252 252 299 421
7034 1 2 252 252 299 432
7035 1 2 252 252 299 311
7036 1 2 252 252 420 431
7037 1 2 252 252 420 310
7038 1 2 252 252 420 300
7039 1 2 252 252 420 421
7040 1 2 252 252 420 432
7041 1 2 252 252 420 311
7042 1 2 252 252 431 310
7043 1 2 252 252 431 300
7044 1 2 252 252 431 421
7045 1 2 252 252 431 432
7046 1 2 252 252 431 311
7047 1 2 252 252 310 300
7048 1 2 252 252 310 421
7049 1 2 252 252 310 432
7050 1 2 252 252 310 311
7051 1 2 252 252 300 421
7052 1 2 252 252 300 432
7053 1 2 252 252 300 311
7054 1 2 252 252 421 432
7055 1 2 252 252 421 311
7056 1 2 252 252 432 311
7057 1 2 253 253 300 421
7058 1 2 253 253 300 432
7059 1 2 253 253 300 311
7060 1 2 253 253 300 301
7061 1 2 253 253 300 422
7062 1 2 253 253 300 433
7063 1 2 253 253 300 312
7064 1 2 253 253 421 432
7065 1 2 253 253 421 311
7066 1 2 253 253 421 301
7067 1 2 253 253 421 422
7068 1 2 253 253 421 433
7069 1 2 253 253 421 312
7070 1 2 253 253 432 311
7071 1 2 253 253 432 301
7072 1 2 253 253 432 422
7073 1 2 253 253 432 433
7074 1 2 253 253 432 312
7075 1 2 253 253 311 301
7076 1 2 253 253 311 422
7077 1 2 253 253 311 433
7078 1 2 253 253 311 312
7079 1 2 253 253 301 422
7080 1 2 253 253 301 433
7081 1 2 253 253 301 312
7082 1 2 253 253 422 433
7083 1 2 253 253 422 312
7084 1 2 253 253 433 312
7085 1 2 254 254 301 422
7086 1 2 254 254 301 433
7087 1 2 254 254 301 312
7088 1 2 254 254 301 302
7089 1 2 254 254 301 423
7090 1 2 254 254 301 434
7091 1 2 254 254 301 313
7092 1 2 254 254 422 433
7093 1 2 254 254 422 312
7094 1 2 254 254 422 302
7095 1 2 254 254 422 423
7096 1 2 254 254 422 434
7097 1 2 254 254 422 313
7098 1 2 254 254 433 312
7099 1 2 254 254 433 302
7100 1 2 254 254 433 423
7101 1 2 254 254 433 434
7102 1 2 254 254 433 313
7103 1 2 254 254 312 302
7104 1 2 254 254 312 423
7105 1 2 254 254 312 434
7106 1 2 254 254 312 313
7107 1 2 254 254 302 423
7108 1 2 254 254 302 434
7109 1 2 254 254 302 313
7110 1 2 254 254 423 434
7111 1 2 254 254 423 313
7112 1 2 254 254 434 313
7113 1 2 255 255 302 423
7114 1 2 255 255 302 434
7115 1 2 255 255 302 313
7116 1 2 255 255 302 303
7117 1 2 255 255 302 424
7118 1 2 255 255 302 435
7119 1 2 255 255 302 314
7120 1 2 255 255 423 434
7121 1 2 255 255 423 313
7122 1 2 255 255 423 303
7123 1 2 255 255 423 424
7124 1 2 255 255 423 435
7125 1 2 255 255 423 314
7126 1 2 255 255 434 313
7127 1 2 255 255 434 303
7128 1 2 255 255 434 424
7129 1 2 255 255 434 435
7130 1 2 255 255 434 314
7131 1 2 255 255 313 303
7132 1 2 255 255 313 424
7133 1 2 255 255 313 435
7134 1 2 255 255 313 314
7135 1 2 255 255 303 424
7136 1 2 255 255 303 435
7137 1 2 255 255 303 314
7138 1 2 255 255 424 435
7139 1 2 255 255 424 314
7140 1 2 255 255 435 314
7141 1 2 256 256 303 424
7142 1 2 256 256 303 435
7143 1 2 256 256 303 314
7144 1 2 256 256 303 304
7145 1 2 256 256 303 425
7146 1 2 256 256 303 436
7147 1 2 256 256 303 315
7148 1 2 256 256 424 435
7149 1 2 256 256 424 314
7150 1 2 256 256 424 304
7151 1 2 256 256 424 425
7152 1 2 256 256 424 436
7153 1 2 256 256 424 315
7154 1 2 256 256 435 314
7155 1 2 256 256 435 304
7156 1 2 256 256 435 425
7157 1 2 256 256 435 436
7158 1 2 256 256 435 315
7159 1 2 256 256 314 304
7160 1 2 256 256 314 425
7161 1 2 256 256 314 436
7162 1 2 256 256 314 315
7163 1 2 256 256 304 425
7164 1 2 256 256 304 436
7165 1 2 256 256 304 315
7166 1 2 256 256 425 436
7167 1 2 256 256 425 315
7168 1 2 256 256 436 315
7169 1 2 257 257 304 425
7170 1 2 257 257 304 436
7171 1 2 257 257 304 315
7172 1 2 257 257 304 305
7173 1 2 257 257 304 426
7174 1 2 257 257 304 437
7175 1 2 257 257 304 316
7176 1 2 257 257 425 436
7177 1 2 257 257 425 315
7178 1 2 257 257 425 305
7179 1 2 257 257 425 426
7180 1 2 257 257 425 437
7181 1 2 257 257 425 316
7182 1 2 257 257 436 315
7183 1 2 257 257 436 305
7184 1 2 257 257 436 426
7185 1 2 257 257 436 437
7186 1 2 257 257 436 316
7187 1 2 257 257 315 305
7188 1 2 257 257 315 426
7189 1 2 257 257 315 437
7190 1 2 257 257 315 316
7191 1 2 257 257 305 426
7192 1 2 257 257 305 437
7193 1 2 257 257 305 316
7194 1 2 257 257 426 437
7195 1 2 257 257 426 316
7196 1 2 257 257 437 316
7197 1 2 258 258 305 426
7198 1 2 258 258 305 437
7199 1 2 258 258 305 316
7200 1 2 258 258 305 306
7201 1 2 258 258 305 427
7202 1 2 258 258 305 438
7203 1 2 258 258 305 317
7204 1 2 258 258 426 437
7205 1 2 258 258 426 316
7206 1 2 258 258 426 306
7207 1 2 258 258 426 427
7208 1 2 258 258 426 438
7209 1 2 258 258 426 317
7210 1 2 258 258 437 316
7211 1 2 258 258 437 306
7212 1 2 258 258 437 427
7213 1 2 258 258 437 438
7214 1 2 258 258 437 317
7215 1 2 258 258 316 306
7216 1 2 258 258 316 427
7217 1 2 258 258 316 438
7218 1 2 258 258 316 317
7219 1 2 258 258 306 427
7220 1 2 258 258 306 438
7221 1 2 258 258 306 317
7222 1 2 258 258 427 438
7223 1 2 258 258 427 317
7224 1 2 258 258 438 317
7225 1 2 259 259 306 427
7226 1 2 259 259 306 438
7227 1 2 259 259 306 317
7228 1 2 259 259 306 307
7229 1 2 259 259 306 428
7230 1 2 259 259 306 439
7231 1 2 259 259 306 318
7232 1 2 259 259 427 438
7233 1 2 259 259 427 317
7234 1 2 259 259 427 307
7235 1 2 259 259 427 428
7236 1 2 259 259 427 439
7237 1 2 259 259 427 318
7238 1 2 259 259 438 317
7239 1 2 259 259 438 307
7240 1 2 259 259 438 428
7241 1 2 259 259 438 439
7242 1 2 259 259 438 318
7243 1 2 259 259 317 307
7244 1 2 259 259 317 428
7245 1 2 259 259 317 439
7246 1 2 259 259 317 318
7247 1 2 259 259 307 428
7248 1 2 259 259 307 439
7249 1 2 259 259 307 318
7250 1 2 259 259 428 439
7251 1 2 259 259 428 318
7252 1 2 259 259 439 318
7253 1 2 260 260 307 428
7254 1 2 260 260 307 439
7255 1 2 260 260 307 318
7256 1 2 260 260 307 308
7257 1 2 260 260 307 429
7258 1 2 260 260 307 440
7259 1 2 260 260 307 319
7260 1 2 260 260 428 439
7261 1 2 260 260 428 318
7262 1 2 260 260 428 308
7263 1 2 260 260 428 429
7264 1 2 260 260 428 440
7265 1 2 260 260 428 319
7266 1 2 260 260 439 318
7267 1 2 260 260 439 308
7268 1 2 260 260 439 429
7269 1 2 260 260 439 440
7270 1 2 260 260 439 319
7271 1 2 260 260 318 308
7272 1 2 260 260 318 429
7273 1 2 260 260 318 440
7274 1 2 260 260 318 319
7275 1 2 260 260 308 429
7276 1 2 260 260 308 440
7277 1 2 260 260 308 319
7278 1 2 260 260 429 440
7279 1 2 260 260 429 319
7280 1 2 260 260 440 319
7281 1 2 261 261 309 430
7282 1 2 261 261 309 441
7283 1 2 261 261 309 320
7284 1 2 261 261 309 310
7285 1 2 261 261 309 431
7286 1 2 261 261 309 442
7287 1 2 261 261 309 321
7288 1 2 261 261 430 441
7289 1 2 261 261 430 320
7290 1 2 261 261 430 310
7291 1 2 261 261 430 431
7292 1 2 261 261 430 442
7293 1 2 261 261 430 321
7294 1 2 261 261 441 320
7295 1 2 261 261 441 310
7296 1 2 261 261 441 431
7297 1 2 261 261 441 442
7298 1 2 261 261 441 321
7299 1 2 261 261 320 310
7300 1 2 261 261 320 431
7301 1 2 261 261 320 442
7302 1 2 261 261 320 321
7303 1 2 261 261 310 431
7304 1 2 261 261 310 442
7305 1 2 261 261 310 321
7306 1 2 261 261 431 442
7307 1 2 261 261 431 321
7308 1 2 261 261 442 321
7309 1 2 262 262 310 431
7310 1 2 262 262 310 442
7311 1 2 262 262 310 321
7312 1 2 262 262 310 311
7313 1 2 262 262 310 432
7314 1 2 262 262 310 443
7315 1 2 262 262 310 322
7316 1 2 262 262 431 442
7317 1 2 262 262 431 321
7318 1 2 262 262 431 311
7319 1 2 262 262 431 432
7320 1 2 262 262 431 443
7321 1 2 262 262 431 322
7322 1 2 262 262 442 321
7323 1 2 262 262 442 311
7324 1 2 262 262 442 432
7325 1 2 262 262 442 443
7326 1 2 262 262 442 322
7327 1 2 262 262 321 311
7328 1 2 262 262 321 432
7329 1 2 262 262 321 443
7330 1 2 262 262 321 322
7331 1 2 262 262 311 432
7332 1 2 262 262 311 443
7333 1 2 262 262 311 322
7334 1 2 262 262 432 443
7335 1 2 262 262 432 322
7336 1 2 262 262 443 322
7337 1 2 263 263 311 432
7338 1 2 263 263 311 443
7339 1 2 263 263 311 322
7340 1 2 263 263 311 312
7341 1 2 263 263 311 433
7342 1 2 263 263 311 444
7343 1 2 263 263 311 323
7344 1 2 263 263 432 443
7345 1 2 263 263 432 322
7346 1 2 263 263 432 312
7347 1 2 263 263 432 433
7348 1 2 263 263 432 444
7349 1 2 263 263 432 323
7350 1 2 263 263 443 322
7351 1 2 263 263 443 312
7352 1 2 263 263 443 433
7353 1 2 263 263 443 444
7354 1 2 263 263 443 323
7355 1 2 263 263 322 312
7356 1 2 263 263 322 433
7357 1 2 263 263 322 444
7358 1 2 263 263 322 323
7359 1 2 263 263 312 433
7360 1 2 263 263 312 444
7361 1 2 263 263 312 323
7362 1 2 263 263 433 444
7363 1 2 263 263 433 323
7364 1 2 263 263 444 323
7365 1 2 264 264 312 433
7366 1 2 264 264 312 444
7367 1 2 264 264 312 323
7368 1 2 264 264 312 313
7369 1 2 264 264 312 434
7370 1 2 264 264 312 445
7371 1 2 264 264 312 324
7372 1 2 264 264 433 444
7373 1 2 264 264 433 323
7374 1 2 264 264 433 313
7375 1 2 264 264 433 434
7376 1 2 264 264 433 445
7377 1 2 264 264 433 324
7378 1 2 264 264 444 323
7379 1 2 264 264 444 313
7380 1 2 264 264 444 434
7381 1 2 264 264 444 445
7382 1 2 264 264 444 324
7383 1 2 264 264 323 313
7384 1 2 264 264 323 434
7385 1 2 264 264 323 445
7386 1 2 264 264 323 324
7387 1 2 264 264 313 434
7388 1 2 264 264 313 445
7389 1 2 264 264 313 324
7390 1 2 264 264 434 445
7391 1 2 264 264 434 324
7392 1 2 264 264 445 324
7393 1 2 265 265 313 434
7394 1 2 265 265 313 445
7395 1 2 265 265 313 324
7396 1 2 265 265 313 314
7397 1 2 265 265 313 435
7398 1 2 265 265 313 446
7399 1 2 265 265 313 325
7400 1 2 265 265 434 445
7401 1 2 265 265 434 324
7402 1 2 265 265 434 314
7403 1 2 265 265 434 435
7404 1 2 265 265 434 446
7405 1 2 265 265 434 325
7406 1 2 265 265 445 324
7407 1 2 265 265 445 314
7408 1 2 265 265 445 435
7409 1 2 265 265 445 446
7410 1 2 265 265 445 325
7411 1 2 265 265 324 314
7412 1 2 265 265 324 435
7413 1 2 265 265 324 446
7414 1 2 265 265 324 325
7415 1 2 265 265 314 435
7416 1 2 265 265 314 446
7417 1 2 265 265 314 325
7418 1 2 265 265 435 446
7419 1 2 265 265 435 325
7420 1 2 265 265 446 325
7421 1 2 266 266 314 435
7422 1 2 266 266 314 446
7423 1 2 266 266 314 325
7424 1 2 266 266 314 315
7425 1 2 266 266 314 436
7426 1 2 266 266 314 447
7427 1 2 266 266 314 326
7428 1 2 266 266 435 446
7429 1 2 266 266 435 325
7430 1 2 266 266 435 315
7431 1 2 266 266 435 436
7432 1 2 266 266 435 447
7433 1 2 266 266 435 326
7434 1 2 266 266 446 325
7435 1 2 266 266 446 315
7436 1 2 266 266 446 436
7437 1 2 266 266 446 447
7438 1 2 266 266 446 326
7439 1 2 266 266 325 315
7440 1 2 266 266 325 436
7441 1 2 266 266 325 447
7442 1 2 266 266 325 326
7443 1 2 266 266 315 436
7444 1 2 266 266 315 447
7445 1 2 266 266 315 326
7446 1 2 266 266 436 447
7447 1 2 266 266 436 326
7448 1 2 266 266 447 326
7449 1 2 267 267 315 436
7450 1 2 267 267 315 447
7451 1 2 267 267 315 326
7452 1 2 267 267 315 316
7453 1 2 267 267 315 437
7454 1 2 267 267 315 448
7455 1 2 267 267 315 327
7456 1 2 267 267 436 447
7457 1 2 267 267 436 326
7458 1 2 267 267 436 316
7459 1 2 267 267 436 437
7460 1 2 267 267 436 448
7461 1 2 267 267 436 327
7462 1 2 267 267 447 326
7463 1 2 267 267 447 316
7464 1 2 267 267 447 437
7465 1 2 267 267 447 448
7466 1 2 267 267 447 327
7467 1 2 267 267 326 316
7468 1 2 267 267 326 437
7469 1 2 267 267 326 448
7470 1 2 267 267 326 327
7471 1 2 267 267 316 437
7472 1 2 267 267 316 448
7473 1 2 267 267 316 327
7474 1 2 267 267 437 448
7475 1 2 267 267 437 327
7476 1 2 267 267 448 327
7477 1 2 268 268 316 437
7478 1 2 268 268 316 448
7479 1 2 268 268 316 327
7480 1 2 268 268 316 317
7481 1 2 268 268 316 438
7482 1 2 268 268 316 449
7483 1 2 268 268 316 328
7484 1 2 268 268 437 448
7485 1 2 268 268 437 327
7486 1 2 268 268 437 317
7487 1 2 268 268 437 438
7488 1 2 268 268 437 449
7489 1 2 268 268 437 328
7490 1 2 268 268 448 327
7491 1 2 268 268 448 317
7492 1 2 268 268 448 438
7493 1 2 268 268 448 449
7494 1 2 268 268 448 328
7495 1 2 268 268 327 317
7496 1 2 268 268 327 438
7497 1 2 268 268 327 449
7498 1 2 268 268 327 328
7499 1 2 268 268 317 438
7500 1 2 268 268 317 449
7501 1 2 268 268 317 328
7502 1 2 268 268 438 449
7503 1 2 268 268 438 328
7504 1 2 268 268 449 328
7505 1 2 269 269 317 438
7506 1 2 269 269 317 449
7507 1 2 269 269 317 328
7508 1 2 269 269 317 318
7509 1 2 269 269 317 439
7510 1 2 269 269 317 450
7511 1 2 269 269 317 329
7512 1 2 269 269 438 449
7513 1 2 269 269 438 328
7514 1 2 269 269 438 318
7515 1 2 269 269 438 439
7516 1 2 269 269 438 450
7517 1 2 269 269 438 329
7518 1 2 269 269 449 328
7519 1 2 269 269 449 318
7520 1 2 269 269 449 439
7521 1 2 269 269 449 450
7522 1 2 269 269 449 329
7523 1 2 269 269 328 318
7524 1 2 269 269 328 439
7525 1 2 269 269 328 450
7526 1 2 269 269 328 329
7527 1 2 269 269 318 439
7528 1 2 269 269 318 450
7529 1 2 269 269 318 329
7530 1 2 269 269 439 450
7531 1 2 269 269 439 329
7532 1 2 269 269 450 329
7533 1 2 270 270 318 439
7534 1 2 270 270 318 450
7535 1 2 270 270 318 329
7536 1 2 270 270 318 319
7537 1 2 270 270 318 440
7538 1 2 270 270 318 451
7539 1 2 270 270 318 330
7540 1 2 270 270 439 450
7541 1 2 270 270 439 329
7542 1 2 270 270 439 319
7543 1 2 270 270 439 440
7544 1 2 270 270 439 451
7545 1 2 270 270 439 330
7546 1 2 270 270 450 329
7547 1 2 270 270 450 319
7548 1 2 270 270 450 440
7549 1 2 270 270 450 451
7550 1 2 270 270 450 330
7551 1 2 270 270 329 319
7552 1 2 270 270 329 440
7553 1 2 270 270 329 451
7554 1 2 270 270 329 330
7555 1 2 270 270 319 440
7556 1 2 270 270 319 451
7557 1 2 270 270 319 330
7558 1 2 270 270 440 451
7559 1 2 270 270 440 330
7560 1 2 270 270 451 330
7561 1 2 271 271 320 441
7562 1 2 271 271 320 452
7563 1 2 271 271 320 331
7564 1 2 271 271 320 321
7565 1 2 271 271 320 442
7566 1 2 271 271 320 453
7567 1 2 271 271 320 332
7568 1 2 271 271 441 452
7569 1 2 271 271 441 331
7570 1 2 271 271 441 321
7571 1 2 271 271 441 442
7572 1 2 271 271 441 453
7573 1 2 271 271 441 332
7574 1 2 271 271 452 331
7575 1 2 271 271 452 321
7576 1 2 271 271 452 442
7577 1 2 271 271 452 453
7578 1 2 271 271 452 332
7579 1 2 271 271 331 321
7580 1 2 271 271 331 442
7581 1 2 271 271 331 453
7582 1 2 271 271 331 332
7583 1 2 271 271 321 442
7584 1 2 271 271 321 453
7585 1 2 271 271 321 332
7586 1 2 271 271 442 453
7587 1 2 271 271 442 332
7588 1 2 271 271 453 332
7589 1 2 272 272 321 442
7590 1 2 272 272 321 453
7591 1 2 272 272 321 332
7592 1 2 272 272 321 322
7593 1 2 272 272 321 443
7594 1 2 272 272 321 454
7595 1 2 272 272 321 333
7596 1 2 272 272 442 453
7597 1 2 272 272 442 332
7598 1 2 272 272 442 322
7599 1 2 272 272 442 443
7600 1 2 272 272 442 454
7601 1 2 272 272 442 333
7602 1 2 272 272 453 332
7603 1 2 272 272 453 322
7604 1 2 272 272 453 443
7605 1 2 272 272 453 454
7606 1 2 272 272 453 333
7607 1 2 272 272 332 322
7608 1 2 272 272 332 443
7609 1 2 272 272 332 454
7610 1 2 272 272 332 333
7611 1 2 272 272 322 443
7612 1 2 272 272 322 454
7613 1 2 272 272 322 333
7614 1 2 272 272 443 454
7615 1 2 272 272 443 333
7616 1 2 272 272 454 333
7617 1 2 273 273 322 443
7618 1 2 273 273 322 454
7619 1 2 273 273 322 333
7620 1 2 273 273 322 323
7621 1 2 273 273 322 444
7622 1 2 273 273 322 455
7623 1 2 273 273 322 334
7624 1 2 273 273 443 454
7625 1 2 273 273 443 333
7626 1 2 273 273 443 323
7627 1 2 273 273 443 444
7628 1 2 273 273 443 455
7629 1 2 273 273 443 334
7630 1 2 273 273 454 333
7631 1 2 273 273 454 323
7632 1 2 273 273 454 444
7633 1 2 273 273 454 455
7634 1 2 273 273 454 334
7635 1 2 273 273 333 323
7636 1 2 273 273 333 444
7637 1 2 273 273 333 455
7638 1 2 273 273 333 334
7639 1 2 273 273 323 444
7640 1 2 273 273 323 455
7641 1 2 273 273 323 334
7642 1 2 273 273 444 455
7643 1 2 273 273 444 334
7644 1 2 273 273 455 334
7645 1 2 274 274 323 444
7646 1 2 274 274 323 455
7647 1 2 274 274 323 334
7648 1 2 274 274 323 324
7649 1 2 274 274 323 445
7650 1 2 274 274 323 456
7651 1 2 274 274 323 335
7652 1 2 274 274 444 455
7653 1 2 274 274 444 334
7654 1 2 274 274 444 324
7655 1 2 274 274 444 445
7656 1 2 274 274 444 456
7657 1 2 274 274 444 335
7658 1 2 274 274 455 334
7659 1 2 274 274 455 324
7660 1 2 274 274 455 445
7661 1 2 274 274 455 456
7662 1 2 274 274 455 335
7663 1 2 274 274 334 324
7664 1 2 274 274 334 445
7665 1 2 274 274 334 456
7666 1 2 274 274 334 335
7667 1 2 274 274 324 445
7668 1 2 274 274 324 456
7669 1 2 274 274 324 335
7670 1 2 274 274 445 456
7671 1 2 274 274 445 335
7672 1 2 274 274 456 335
7673 1 2 275 275 324 445
7674 1 2 275 275 324 456
7675 1 2 275 275 324 335
7676 1 2 275 275 324 325
7677 1 2 275 275 324 446
7678 1 2 275 275 324 457
7679 1 2 275 275 324 336
7680 1 2 275 275 445 456
7681 1 2 275 275 445 335
7682 1 2 275 275 445 325
7683 1 2 275 275 445 446
7684 1 2 275 275 445 457
7685 1 2 275 275 445 336
7686 1 2 275 275 456 335
7687 1 2 275 275 456 325
7688 1 2 275 275 456 446
7689 1 2 275 275 456 457
7690 1 2 275 275 456 336
7691 1 2 275 275 335 325
7692 1 2 275 275 335 446
7693 1 2 275 275 335 457
7694 1 2 275 275 335 336
7695 1 2 275 275 325 446
7696 1 2 275 275 325 457
7697 1 2 275 275 325 336
7698 1 2 275 275 446 457
7699 1 2 275 275 446 336
7700 1 2 275 275 457 336
7701 1 2 276 276 325 446
7702 1 2 276 276 325 457
7703 1 2 276 276 325 336
7704 1 2 276 276 325 326
7705 1 2 276 276 325 447
7706 1 2 276 276 325 458
7707 1 2 276 276 325 337
7708 1 2 276 276 446 457
7709 1 2 276 276 446 336
7710 1 2 276 276 446 326
7711 1 2 276 276 446 447
7712 1 2 276 276 446 458
7713 1 2 276 276 446 337
7714 1 2 276 276 457 336
7715 1 2 276 276 457 326
7716 1 2 276 276 457 447
7717 1 2 276 276 457 458
7718 1 2 276 276 457 337
7719 1 2 276 276 336 326
7720 1 2 276 276 336 447
7721 1 2 276 276 336 458
7722 1 2 276 276 336 337
7723 1 2 276 276 326 447
7724 1 2 276 276 326 458
7725 1 2 276 276 326 337
7726 1 2 276 276 447 458
7727 1 2 276 276 447 337
7728 1 2 276 276 458 337
7729 1 2 277 277 326 447
7730 1 2 277 277 326 458
7731 1 2 277 277 326 337
7732 1 2 277 277 326 327
7733 1 2 277 277 326 448
7734 1 2 277 277 326 459
7735 1 2 277 277 326 338
7736 1 2 277 277 447 458
7737 1 2 277 277 447 337
7738 1 2 277 277 447 327
7739 1 2 277 277 447 448
7740 1 2 277 277 447 459
7741 1 2 277 277 447 338
7742 1 2 277 277 458 337
7743 1 2 277 277 458 327
7744 1 2 277 277 458 448
7745 1 2 277 277 458 459
7746 1 2 277 277 458 338
7747 1 2 277 277 337 327
7748 1 2 277 277 337 448
7749 1 2 277 277 337 459
7750 1 2 277 277 337 338
7751 1 2 277 277 327 448
7752 1 2 277 277 327 459
7753 1 2 277 277 327 338
7754 1 2 277 277 448 459
7755 1 2 277 277 448 338
7756 1 2 277 277 459 338
7757 1 2 278 278 327 448
7758 1 2 278 278 327 459
7759 1 2 278 278 327 338
7760 1 2 278 278 327 328
7761 1 2 278 278 327 449
7762 1 2 278 278 327 460
7763 1 2 278 278 327 339
7764 1 2 278 278 448 459
7765 1 2 278 278 448 338
7766 1 2 278 278 448 328
7767 1 2 278 278 448 449
7768 1 2 278 278 448 460
7769 1 2 278 278 448 339
7770 1 2 278 278 459 338
7771 1 2 278 278 459 328
7772 1 2 278 278 459 449
7773 1 2 278 278 459 460
7774 1 2 278 278 459 339
7775 1 2 278 278 338 328
7776 1 2 278 278 338 449
7777 1 2 278 278 338 460
7778 1 2 278 278 338 339
7779 1 2 278 278 328 449
7780 1 2 278 278 328 460
7781 1 2 278 278 328 339
7782 1 2 278 278 449 460
7783 1 2 278 278 449 339
7784 1 2 278 278 460 339
7785 1 2 279 279 328 449
7786 1 2 279 279 328 460
7787 1 2 279 279 328 339
7788 1 2 279 279 328 329
7789 1 2 279 279 328 450
7790 1 2 279 279 328 461
7791 1 2 279 279 328 340
7792 1 2 279 279 449 460
7793 1 2 279 279 449 339
7794 1 2 279 279 449 329
7795 1 2 279 279 449 450
7796 1 2 279 279 449 461
7797 1 2 279 279 449 340
7798 1 2 279 279 460 339
7799 1 2 279 279 460 329
7800 1 2 279 279 460 450
7801 1 2 279 279 460 461
7802 1 2 279 279 460 340
7803 1 2 279 279 339 329
7804 1 2 279 279 339 450
7805 1 2 279 279 339 461
7806 1 2 279 279 339 340
7807 1 2 279 279 329 450
7808 1 2 279 279 329 461
7809 1 2 279 279 329 340
7810 1 2 279 279 450 461
7811 1 2 279 279 450 340
7812 1 2 279 279 461 340
7813 1 2 280 280 329 450
7814 1 2 280 280 329 461
7815 1 2 280 280 329 340
7816 1 2 280 280 329 330
7817 1 2 280 280 329 451
7818 1 2 280 280 329 462
7819 1 2 280 280 329 341
7820 1 2 280 280 450 461
7821 1 2 280 280 450 340
7822 1 2 280 280 450 330
7823 1 2 280 280 450 451
7824 1 2 280 280 450 462
7825 1 2 280 280 450 341
7826 1 2 280 280 461 340
7827 1 2 280 280 461 330
7828 1 2 280 280 461 451
7829 1 2 280 280 461 462
7830 1 2 280 280 461 341
7831 1 2 280 280 340 330
7832 1 2 280 280 340 451
7833 1 2 280 280 340 462
7834 1 2 280 280 340 341
7835 1 2 280 280 330 451
7836 1 2 280 280 330 462
7837 1 2 280 280 330 341
7838 1 2 280 280 451 462
7839 1 2 280 280 451 341
7840 1 2 280 280 462 341
7841 1 2 281 281 331 452
7842 1 2 281 281 331 463
7843 1 2 281 281 331 342
7844 1 2 281 281 331 332
7845 1 2 281 281 331 453
7846 1 2 281 281 331 464
7847 1 2 281 281 331 343
7848 1 2 281 281 452 463
7849 1 2 281 281 452 342
7850 1 2 281 281 452 332
7851 1 2 281 281 452 453
7852 1 2 281 281 452 464
7853 1 2 281 281 452 343
7854 1 2 281 281 463 342
7855 1 2 281 281 463 332
7856 1 2 281 281 463 453
7857 1 2 281 281 463 464
7858 1 2 281 281 463 343
7859 1 2 281 281 342 332
7860 1 2 281 281 342 453
7861 1 2 281 281 342 464
7862 1 2 281 281 342 343
7863 1 2 281 281 332 453
7864 1 2 281 281 332 464
7865 1 2 281 281 332 343
7866 1 2 281 281 453 464
7867 1 2 281 281 453 343
7868 1 2 281 281 464 343
7869 1 2 282 282 332 453
7870 1 2 282 282 332 464
7871 1 2 282 282 332 343
7872 1 2 282 282 332 333
7873 1 2 282 282 332 454
7874 1 2 282 282 332 465
7875 1 2 282 282 332 344
7876 1 2 282 282 453 464
7877 1 2 282 282 453 343
7878 1 2 282 282 453 333
7879 1 2 282 282 453 454
7880 1 2 282 282 453 465
7881 1 2 282 282 453 344
7882 1 2 282 282 464 343
7883 1 2 282 282 464 333
7884 1 2 282 282 464 454
7885 1 2 282 282 464 465
7886 1 2 282 282 464 344
7887 1 2 282 282 343 333
7888 1 2 282 282 343 454
7889 1 2 282 282 343 465
7890 1 2 282 282 343 344
7891 1 2 282 282 333 454
7892 1 2 282 282 333 465
7893 1 2 282 282 333 344
7894 1 2 282 282 454 465
7895 1 2 282 282 454 344
7896 1 2 282 282 465 344
7897 1 2 283 283 333 454
7898 1 2 283 283 333 465
7899 1 2 283 283 333 344
7900 1 2 283 283 333 334
7901 1 2 283 283 333 455
7902 1 2 283 283 333 466
7903 1 2 283 283 333 345
7904 1 2 283 283 454 465
7905 1 2 283 283 454 344
7906 1 2 283 283 454 334
7907 1 2 283 283 454 455
7908 1 2 283 283 454 466
7909 1 2 283 283 454 345
7910 1 2 283 283 465 344
7911 1 2 283 283 465 334
7912 1 2 283 283 465 455
7913 1 2 283 283 465 466
7914 1 2 283 283 465 345
7915 1 2 283 283 344 334
7916 1 2 283 283 344 455
7917 1 2 283 283 344 466
7918 1 2 283 283 344 345
7919 1 2 283 283 334 455
7920 1 2 283 283 334 466
7921 1 2 283 283 334 345
7922 1 2 283 283 455 466
7923 1 2 283 283 455 345
7924 1 2 283 283 466 345
7925 1 2 284 284 334 455
7926 1 2 284 284 334 466
7927 1 2 284 284 334 345
7928 1 2 284 284 334 335
7929 1 2 284 284 334 456
7930 1 2 284 284 334 467
7931 1 2 284 284 334 346
7932 1 2 284 284 455 466
7933 1 2 284 284 455 345
7934 1 2 284 284 455 335
7935 1 2 284 284 455 456
7936 1 2 284 284 455 467
7937 1 2 284 284 455 346
7938 1 2 284 284 466 345
7939 1 2 284 284 466 335
7940 1 2 284 284 466 456
7941 1 2 284 284 466 467
7942 1 2 284 284 466 346
7943 1 2 284 284 345 335
7944 1 2 284 284 345 456
7945 1 2 284 284 345 467
7946 1 2 284 284 345 346
7947 1 2 284 284 335 456
7948 1 2 284 284 335 467
7949 1 2 284 284 335 346
7950 1 2 284 284 456 467
7951 1 2 284 284 456 346
7952 1 2 284 284 467 346
7953 1 2 285 285 335 456
7954 1 2 285 285 335 467
7955 1 2 285 285 335 346
7956 1 2 285 285 335 336
7957 1 2 285 285 335 457
7958 1 2 285 285 335 468
7959 1 2 285 285 335 347
7960 1 2 285 285 456 467
7961 1 2 285 285 456 346
7962 1 2 285 285 456 336
7963 1 2 285 285 456 457
7964 1 2 285 285 456 468
7965 1 2 285 285 456 347
7966 1 2 285 285 467 346
7967 1 2 285 285 467 336
7968 1 2 285 285 467 457
7969 1 2 285 285 467 468
7970 1 2 285 285 467 347
7971 1 2 285 285 346 336
7972 1 2 285 285 346 457
7973 1 2 285 285 346 468
7974 1 2 285 285 346 347
7975 1 2 285 285 336 457
7976 1 2 285 285 336 468
7977 1 2 285 285 336 347
7978 1 2 285 285 457 468
7979 1 2 285 285 457 347
7980 1 2 285 285 468 347
7981 1 2 286 286 336 457
7982 1 2 286 286 336 468
7983 1 2 286 286 336 347
7984 1 2 286 286 336 337
7985 1 2 286 286 336 458
7986 1 2 286 286 336 469
7987 1 2 286 286 336 348
7988 1 2 286 286 457 468
7989 1 2 286 286 457 347
7990 1 2 286 286 457 337
7991 1 2 286 286 457 458
7992 1 2 286 286 457 469
7993 1 2 286 286 457 348
7994 1 2 286 286 468 347
7995 1 2 286 286 468 337
7996 1 2 286 286 468 458
7997 1 2 286 286 468 469
7998 1 2 286 286 468 348
7999 1 2 286 286 347 337
8000 1 2 286 286 347 458
8001 1 2 286 286 347 469
8002 1 2 286 286 347 348
8003 1 2 286 286 337 458
8004 1 2 286 286 337 469
8005 1 2 286 286 337 348
8006 1 2 286 286 458 469
8007 1 2 286 286 458 348
8008 1 2 286 286 469 348
8009 1 2 287 287 337 458
8010 1 2 287 287 337 469
8011 1 2 287 287 337 348
8012 1 2 287 287 337 338
8013 1 2 287 287 337 459
8014 1 2 287 287 337 470
8015 1 2 287 287 337 349
8016 1 2 287 287 458 469
8017 1 2 287 287 458 348
8018 1 2 287 287 458 338
8019 1 2 287 287 458 459
8020 1 2 287 287 458 470
8021 1 2 287 287 458 349
8022 1 2 287 287 469 348
8023 1 2 287 287 469 338
8024 1 2 287 287 469 459
8025 1 2 287 287 469 470
8026 1 2 287 287 469 349
8027 1 2 287 287 348 338
8028 1 2 287 287 348 459
8029 1 2 287 287 348 470
8030 1 2 287 287 348 349
8031 1 2 287 287 338 459
8032 1 2 287 287 338 470
8033 1 2 287 287 338 349
8034 1 2 287 287 459 470
8035 1 2 287 287 459 349
8036 1 2 287 287 470 349
8037 1 2 288 288 338 459
8038 1 2 288 288 338 470
8039 1 2 288 288 338 349
8040 1 2 288 288 338 339
8041 1 2 288 288 338 460
8042 1 2 288 288 338 471
8043 1 2 288 288 338 350
8044 1 2 288 288 459 470
8045 1 2 288 288 459 349
8046 1 2 288 288 459 339
8047 1 2 288 288 459 460
8048 1 2 288 288 459 471
8049 1 2 288 288 459 350
8050 1 2 288 288 470 349
8051 1 2 288 288 470 339
8052 1 2 288 288 470 460
8053 1 2 288 288 470 471
8054 1 2 288 288 470 350
8055 1 2 288 288 349 339
8056 1 2 288 288 349 460
8057 1 2 288 288 349 471
8058 1 2 288 288 349 350
8059 1 2 288 288 339 460
8060 1 2 288 288 339 471
8061 1 2 288 288 339 350
8062 1 2 288 288 460 471
8063 1 2 288 288 460 350
8064 1 2 288 288 471 350
8065 1 2 289 289 339 460
8066 1 2 289 289 339 471
8067 1 2 289 289 339 350
8068 1 2 289 289 339 340
8069 1 2 289 289 339 461
8070 1 2 289 289 339 472
8071 1 2 289 289 339 351
8072 1 2 289 289 460 471
8073 1 2 289 289 460 350
8074 1 2 289 289 460 340
8075 1 2 289 289 460 461
8076 1 2 289 289 460 472
8077 1 2 289 289 460 351
8078 1 2 289 289 471 350
8079 1 2 289 289 471 340
8080 1 2 289 289 471 461
8081 1 2 289 289 471 472
8082 1 2 289 289 471 351
8083 1 2 289 289 350 340
8084 1 2 289 289 350 461
8085 1 2 289 289 350 472
8086 1 2 289 289 350 351
8087 1 2 289 289 340 461
8088 1 2 289 289 340 472
8089 1 2 289 289 340 351
8090 1 2 289 289 461 472
8091 1 2 289 289 461 351
8092 1 2 289 289 472 351
8093 1 2 290 290 340 461
8094 1 2 290 290 340 472
8095 1 2 290 290 340 351
8096 1 2 290 290 340 341
8097 1 2 290 290 340 462
8098 1 2 290 290 340 473
8099 1 2 290 290 340 352
8100 1 2 290 290 461 472
8101 1 2 290 290 461 351
8102 1 2 290 290 461 341
8103 1 2 290 290 461 462
8104 1 2 290 290 461 473
8105 1 2 290 290 461 352
8106 1 2 290 290 472 351
8107 1 2 290 290 472 341
8108 1 2 290 290 472 462
8109 1 2 290 290 472 473
8110 1 2 290 290 472 352
8111 1 2 290 290 351 341
8112 1 2 290 290 351 462
8113 1 2 290 290 351 473
8114 1 2 290 290 351 352
8115 1 2 290 290 341 462
8116 1 2 290 290 341 473
8117 1 2 290 290 341 352
8118 1 2 290 290 462 473
8119 1 2 290 290 462 352
8120 1 2 290 290 473 352
8121 1 2 291 291 342 463
8122 1 2 291 291 342 474
8123 1 2 291 291 342 353
8124 1 2 291 291 342 343
8125 1 2 291 291 342 464
8126 1 2 291 291 342 475
8127 1 2 291 291 342 354
8128 1 2 291 291 463 474
8129 1 2 291 291 463 353
8130 1 2 291 291 463 343
8131 1 2 291 291 463 464
8132 1 2 291 291 463 475
8133 1 2 291 291 463 354
8134 1 2 291 291 474 353
8135 1 2 291 291 474 343
8136 1 2 291 291 474 464
8137 1 2 291 291 474 475
8138 1 2 291 291 474 354
8139 1 2 291 291 353 343
8140 1 2 291 291 353 464
8141 1 2 291 291 353 475
8142 1 2 291 291 353 354
8143 1 2 291 291 343 464
8144 1 2 291 291 343 475
8145 1 2 291 291 343 354
8146 1 2 291 291 464 475
8147 1 2 291 291 464 354
8148 1 2 291 291 475 354
8149 1 2 292 292 343 464
8150 1 2 292 292 343 475
8151 1 2 292 292 343 354
8152 1 2 292 292 343 344
8153 1 2 292 292 343 465
8154 1 2 292 292 343 476
8155 1 2 292 292 343 355
8156 1 2 292 292 464 475
8157 1 2 292 292 464 354
8158 1 2 292 292 464 344
8159 1 2 292 292 464 465
8160 1 2 292 292 464 476
8161 1 2 292 292 464 355
8162 1 2 292 292 475 354
8163 1 2 292 292 475 344
8164 1 2 292 292 475 465
8165 1 2 292 292 475 476
8166 1 2 292 292 475 355
8167 1 2 292 292 354 344
8168 1 2 292 292 354 465
8169 1 2 292 292 354 476
8170 1 2 292 292 354 355
8171 1 2 292 292 344 465
8172 1 2 292 292 344 476
8173 1 2 292 292 344 355
8174 1 2 292 292 465 476
8175 1 2 292 292 465 355
8176 1 2 292 292 476 355
8177 1 2 293 293 344 465
8178 1 2 293 293 344 476
8179 1 2 293 293 344 355
8180 1 2 293 293 344 345
8181 1 2 293 293 344 466
8182 1 2 293 293 344 477
8183 1 2 293 293 344 356
8184 1 2 293 293 465 476
8185 1 2 293 293 465 355
8186 1 2 293 293 465 345
8187 1 2 293 293 465 466
8188 1 2 293 293 465 477
8189 1 2 293 293 465 356
8190 1 2 293 293 476 355
8191 1 2 293 293 476 345
8192 1 2 293 293 476 466
8193 1 2 293 293 476 477
8194 1 2 293 293 476 356
8195 1 2 293 293 355 345
8196 1 2 293 293 355 466
8197 1 2 293 293 355 477
8198 1 2 293 293 355 356
8199 1 2 293 293 345 466
8200 1 2 293 293 345 477
8201 1 2 293 293 345 356
8202 1 2 293 293 466 477
8203 1 2 293 293 466 356
8204 1 2 293 293 477 356
8205 1 2 294 294 345 466
8206 1 2 294 294 345 477
8207 1 2 294 294 345 356
8208 1 2 294 294 345 346
8209 1 2 294 294 345 467
8210 1 2 294 294 345 478
8211 1 2 294 294 345 357
8212 1 2 294 294 466 477
8213 1 2 294 294 466 356
8214 1 2 294 294 466 346
8215 1 2 294 294 466 467
8216 1 2 294 294 466 478
8217 1 2 294 294 466 357
8218 1 2 294 294 477 356
8219 1 2 294 294 477 346
8220 1 2 294 294 477 467
8221 1 2 294 294 477 478
8222 1 2 294 294 477 357
8223 1 2 294 294 356 346
8224 1 2 294 294 356 467
8225 1 2 294 294 356 478
8226 1 2 294 294 356 357
8227 1 2 294 294 346 467
8228 1 2 294 294 346 478
8229 1 2 294 294 346 357
8230 1 2 294 294 467 478
8231 1 2 294 294 467 357
8232 1 2 294 294 478 357
8233 1 2 295 295 346 467
8234 1 2 295 295 346 478
8235 1 2 295 295 346 357
8236 1 2 295 295 346 347
8237 1 2 295 295 346 468
8238 1 2 295 295 346 479
8239 1 2 295 295 346 358
8240 1 2 295 295 467 478
8241 1 2 295 295 467 357
8242 1 2 295 295 467 347
8243 1 2 295 295 467 468
8244 1 2 295 295 467 479
8245 1 2 295 295 467 358
8246 1 2 295 295 478 357
8247 1 2 295 295 478 347
8248 1 2 295 295 478 468
8249 1 2 295 295 478 479
8250 1 2 295 295 478 358
8251 1 2 295 295 357 347
8252 1 2 295 295 357 468
8253 1 2 295 295 357 479
8254 1 2 295 295 357 358
8255 1 2 295 295 347 468
8256 1 2 295 295 347 479
8257 1 2 295 295 347 358
8258 1 2 295 295 468 479
8259 1 2 295 295 468 358
8260 1 2 295 295 479 358
8261 1 2 296 296 347 468
8262 1 2 296 296 347 479
8263 1 2 296 296 347 358
8264 1 2 296 296 347 348
8265 1 2 296 296 347 469
8266 1 2 296 296 347 480
8267 1 2 296 296 347 359
8268 1 2 296 296 468 479
8269 1 2 296 296 468 358
8270 1 2 296 296 468 348
8271 1 2 296 296 468 469
8272 1 2 296 296 468 480
8273 1 2 296 296 468 359
8274 1 2 296 296 479 358
8275 1 2 296 296 479 348
8276 1 2 296 296 479 469
8277 1 2 296 296 479 480
8278 1 2 296 296 479 359
8279 1 2 296 296 358 348
8280 1 2 296 296 358 469
8281 1 2 296 296 358 480
8282 1 2 296 296 358 359
8283 1 2 296 296 348 469
8284 1 2 296 296 348 480
8285 1 2 296 296 348 359
8286 1 2 296 296 469 480
8287 1 2 296 296 469 359
8288 1 2 296 296 480 359
8289 1 2 297 297 348 469
8290 1 2 297 297 348 480
8291 1 2 297 297 348 359
8292 1 2 297 297 348 349
8293 1 2 297 297 348 470
8294 1 2 297 297 348 481
8295 1 2 297 297 348 360
8296 1 2 297 297 469 480
8297 1 2 297 297 469 359
8298 1 2 297 297 469 349
8299 1 2 297 297 469 470
8300 1 2 297 297 469 481
8301 1 2 297 297 469 360
8302 1 2 297 297 480 359
8303 1 2 297 297 480 349
8304 1 2 297 297 480 470
8305 1 2 297 297 480 481
8306 1 2 297 297 480 360
8307 1 2 297 297 359 349
8308 1 2 297 297 359 470
8309 1 2 297 297 359 481
8310 1 2 297 297 359 360
8311 1 2 297 297 349 470
8312 1 2 297 297 349 481
8313 1 2 297 297 349 360
8314 1 2 297 297 470 481
8315 1 2 297 297 470 360
8316 1 2 297 297 481 360
8317 1 2 298 298 349 470
8318 1 2 298 298 349 481
8319 1 2 298 298 349 360
8320 1 2 298 298 349 350
8321 1 2 298 298 349 471
8322 1 2 298 298 349 482
8323 1 2 298 298 349 361
8324 1 2 298 298 470 481
8325 1 2 298 298 470 360
8326 1 2 298 298 470 350
8327 1 2 298 298 470 471
8328 1 2 298 298 470 482
8329 1 2 298 298 470 361
8330 1 2 298 298 481 360
8331 1 2 298 298 481 350
8332 1 2 298 298 481 471
8333 1 2 298 298 481 482
8334 1 2 298 298 481 361
8335 1 2 298 298 360 350
8336 1 2 298 298 360 471
8337 1 2 298 298 360 482
8338 1 2 298 298 360 361
8339 1 2 298 298 350 471
8340 1 2 298 298 350 482
8341 1 2 298 298 350 361
8342 1 2 298 298 471 482
8343 1 2 298 298 471 361
8344 1 2 298 298 482 361
8345 1 2 299 299 350 471
8346 1 2 299 299 350 482
8347 1 2 299 299 350 361
8348 1 2 299 299 350 351
8349 1 2 299 299 350 472
8350 1 2 299 299 350 483
8351 1 2 299 299 350 362
8352 1 2 299 299 471 482
8353 1 2 299 299 471 361
8354 1 2 299 299 471 351
8355 1 2 299 299 471 472
8356 1 2 299 299 471 483
8357 1 2 299 299 471 362
8358 1 2 299 299 482 361
8359 1 2 299 299 482 351
8360 1 2 299 299 482 472
8361 1 2 299 299 482 483
8362 1 2 299 299 482 362
8363 1 2 299 299 361 351
8364 1 2 299 299 361 472
8365 1 2 299 299 361 483
8366 1 2 299 299 361 362
8367 1 2 299 299 351 472
8368 1 2 299 299 351 483
8369 1 2 299 299 351 362
8370 1 2 299 299 472 483
8371 1 2 299 299 472 362
8372 1 2 299 299 483 362
8373 1 2 300 300 351 472
8374 1 2 300 300 351 483
8375 1 2 300 300 351 362
8376 1 2 300 300 351 352
8377 1 2 300 300 351 473
8378 1 2 300 300 351 484
8379 1 2 300 300 351 363
8380 1 2 300 300 472 483
8381 1 2 300 300 472 362
8382 1 2 300 300 472 352
8383 1 2 300 300 472 473
8384 1 2 300 300 472 484
8385 1 2 300 300 472 363
8386 1 2 300 300 483 362
8387 1 2 300 300 483 352
8388 1 2 300 300 483 473
8389 1 2 300 300 483 484
8390 1 2 300 300 483 363
8391 1 2 300 300 362 352
8392 1 2 300 300 362 473
8393 1 2 300 300 362 484
8394 1 2 300 300 362 363
8395 1 2 300 300 352 473
8396 1 2 300 300 352 484
8397 1 2 300 300 352 363
8398 1 2 300 300 473 484
8399 1 2 300 300 473 363
8400 1 2 300 300 484 363
8401 1 2 301 301 364 485
8402 1 2 301 301 364 496
8403 1 2 301 301 364 375
8404 1 2 301 301 364 365
8405 1 2 301 301 364 486
8406 1 2 301 301 364 497
8407 1 2 301 301 364 376
8408 1 2 301 301 485 496
8409 1 2 301 301 485 375
8410 1 2 301 301 485 365
8411 1 2 301 301 485 486
8412 1 2 301 301 485 497
8413 1 2 301 301 485 376
8414 1 2 301 301 496 375
8415 1 2 301 301 496 365
8416 1 2 301 301 496 486
8417 1 2 301 301 496 497
8418 1 2 301 301 496 376
8419 1 2 301 301 375 365
8420 1 2 301 301 375 486
8421 1 2 301 301 375 497
8422 1 2 301 301 375 376
8423 1 2 301 301 365 486
8424 1 2 301 301 365 497
8425 1 2 301 301 365 376
8426 1 2 301 301 486 497
8427 1 2 301 301 486 376
8428 1 2 301 301 497 376
8429 1 2 302 302 365 486
8430 1 2 302 302 365 497
8431 1 2 302 302 365 376
8432 1 2 302 302 365 366
8433 1 2 302 302 365 487
8434 1 2 302 302 365 498
8435 1 2 302 302 365 377
8436 1 2 302 302 486 497
8437 1 2 302 302 486 376
8438 1 2 302 302 486 366
8439 1 2 302 302 486 487
8440 1 2 302 302 486 498
8441 1 2 302 302 486 377
8442 1 2 302 302 497 376
8443 1 2 302 302 497 366
8444 1 2 302 302 497 487
8445 1 2 302 302 497 498
8446 1 2 302 302 497 377
8447 1 2 302 302 376 366
8448 1 2 302 302 376 487
8449 1 2 302 302 376 498
8450 1 2 302 302 376 377
8451 1 2 302 302 366 487
8452 1 2 302 302 366 498
8453 1 2 302 302 366 377
8454 1 2 302 302 487 498
8455 1 2 302 302 487 377
8456 1 2 302 302 498 377
8457 1 2 303 303 366 487
8458 1 2 303 303 366 498
8459 1 2 303 303 366 377
8460 1 2 303 303 366 367
8461 1 2 303 303 366 488
8462 1 2 303 303 366 499
8463 1 2 303 303 366 378
8464 1 2 303 303 487 498
8465 1 2 303 303 487 377
8466 1 2 303 303 487 367
8467 1 2 303 303 487 488
8468 1 2 303 303 487 499
8469 1 2 303 303 487 378
8470 1 2 303 303 498 377
8471 1 2 303 303 498 367
8472 1 2 303 303 498 488
8473 1 2 303 303 498 499
8474 1 2 303 303 498 378
8475 1 2 303 303 377 367
8476 1 2 303 303 377 488
8477 1 2 303 303 377 499
8478 1 2 303 303 377 378
8479 1 2 303 303 367 488
8480 1 2 303 303 367 499
8481 1 2 303 303 367 378
8482 1 2 303 303 488 499
8483 1 2 303 303 488 378
8484 1 2 303 303 499 378
8485 1 2 304 304 367 488
8486 1 2 304 304 367 499
8487 1 2 304 304 367 378
8488 1 2 304 304 367 368
8489 1 2 304 304 367 489
8490 1 2 304 304 367 500
8491 1 2 304 304 367 379
8492 1 2 304 304 488 499
8493 1 2 304 304 488 378
8494 1 2 304 304 488 368
8495 1 2 304 304 488 489
8496 1 2 304 304 488 500
8497 1 2 304 304 488 379
8498 1 2 304 304 499 378
8499 1 2 304 304 499 368
8500 1 2 304 304 499 489
8501 1 2 304 304 499 500
8502 1 2 304 304 499 379
8503 1 2 304 304 378 368
8504 1 2 304 304 378 489
8505 1 2 304 304 378 500
8506 1 2 304 304 378 379
8507 1 2 304 304 368 489
8508 1 2 304 304 368 500
8509 1 2 304 304 368 379
8510 1 2 304 304 489 500
8511 1 2 304 304 489 379
8512 1 2 304 304 500 379
8513 1 2 305 305 368 489
8514 1 2 305 305 368 500
8515 1 2 305 305 368 379
8516 1 2 305 305 368 369
8517 1 2 305 305 368 490
8518 1 2 305 305 368 501
8519 1 2 305 305 368 380
8520 1 2 305 305 489 500
8521 1 2 305 305 489 379
8522 1 2 305 305 489 369
8523 1 2 305 305 489 490
8524 1 2 305 305 489 501
8525 1 2 305 305 489 380
8526 1 2 305 305 500 379
8527 1 2 305 305 500 369
8528 1 2 305 305 500 490
8529 1 2 305 305 500 501
8530 1 2 305 305 500 380
8531 1 2 305 305 379 369
8532 1 2 305 305 379 490
8533 1 2 305 305 379 501
8534 1 2 305 305 379 380
8535 1 2 305 305 369 490
8536 1 2 305 305 369 501
8537 1 2 305 305 369 380
8538 1 2 305 305 490 501
8539 1 2 305 305 490 380
8540 1 2 305 305 501 380
8541 1 2 306 306 369 490
8542 1 2 306 306 369 501
8543 1 2 306 306 369 380
8544 1 2 306 306 369 370
8545 1 2 306 306 369 491
8546 1 2 306 306 369 502
8547 1 2 306 306 369 381
8548 1 2 306 306 490 501
8549 1 2 306 306 490 380
8550 1 2 306 306 490 370
8551 1 2 306 306 490 491
8552 1 2 306 306 490 502
8553 1 2 306 306 490 381
8554 1 2 306 306 501 380
8555 1 2 306 306 501 370
8556 1 2 306 306 501 491
8557 1 2 306 306 501 502
8558 1 2 306 306 501 381
8559 1 2 306 306 380 370
8560 1 2 306 306 380 491
8561 1 2 306 306 380 502
8562 1 2 306 306 380 381
8563 1 2 306 306 370 491
8564 1 2 306 306 370 502
8565 1 2 306 306 370 381
8566 1 2 306 306 491 502
8567 1 2 306 306 491 381
8568 1 2 306 306 502 381
8569 1 2 307 307 370 491
8570 1 2 307 307 370 502
8571 1 2 307 307 370 381
8572 1 2 307 307 370 371
8573 1 2 307 307 370 492
8574 1 2 307 307 370 503
8575 1 2 307 307 370 382
8576 1 2 307 307 491 502
8577 1 2 307 307 491 381
8578 1 2 307 307 491 371
8579 1 2 307 307 491 492
8580 1 2 307 307 491 503
8581 1 2 307 307 491 382
8582 1 2 307 307 502 381
8583 1 2 307 307 502 371
8584 1 2 307 307 502 492
8585 1 2 307 307 502 503
8586 1 2 307 307 502 382
8587 1 2 307 307 381 371
8588 1 2 307 307 381 492
8589 1 2 307 307 381 503
8590 1 2 307 307 381 382
8591 1 2 307 307 371 492
8592 1 2 307 307 371 503
8593 1 2 307 307 371 382
8594 1 2 307 307 492 503
8595 1 2 307 307 492 382
8596 1 2 307 307 503 382
8597 1 2 308 308 371 492
8598 1 2 308 308 371 503
8599 1 2 308 308 371 382
8600 1 2 308 308 371 372
8601 1 2 308 308 371 493
8602 1 2 308 308 371 504
8603 1 2 308 308 371 383
8604 1 2 308 308 492 503
8605 1 2 308 308 492 382
8606 1 2 308 308 492 372
8607 1 2 308 308 492 493
8608 1 2 308 308 492 504
8609 1 2 308 308 492 383
8610 1 2 308 308 503 382
8611 1 2 308 308 503 372
8612 1 2 308 308 503 493
8613 1 2 308 308 503 504
8614 1 2 308 308 503 383
8615 1 2 308 308 382 372
8616 1 2 308 308 382 493
8617 1 2 308 308 382 504
8618 1 2 308 308 382 383
8619 1 2 308 308 372 493
8620 1 2 308 308 372 504
8621 1 2 308 308 372 383
8622 1 2 308 308 493 504
8623 1 2 308 308 493 383
8624 1 2 308 308 504 383
8625 1 2 309 309 372 493
8626 1 2 309 309 372 504
8627 1 2 309 309 372 383
8628 1 2 309 309 372 373
8629 1 2 309 309 372 494
8630 1 2 309 309 372 505
8631 1 2 309 309 372 384
8632 1 2 309 309 493 504
8633 1 2 309 309 493 383
8634 1 2 309 309 493 373
8635 1 2 309 309 493 494
8636 1 2 309 309 493 505
8637 1 2 309 309 493 384
8638 1 2 309 309 504 383
8639 1 2 309 309 504 373
8640 1 2 309 309 504 494
8641 1 2 309 309 504 505
8642 1 2 309 309 504 384
8643 1 2 309 309 383 373
8644 1 2 309 309 383 494
8645 1 2 309 309 383 505
8646 1 2 309 309 383 384
8647 1 2 309 309 373 494
8648 1 2 309 309 373 505
8649 1 2 309 309 373 384
8650 1 2 309 309 494 505
8651 1 2 309 309 494 384
8652 1 2 309 309 505 384
8653 1 2 310 310 373 494
8654 1 2 310 310 373 505
8655 1 2 310 310 373 384
8656 1 2 310 310 373 374
8657 1 2 310 310 373 495
8658 1 2 310 310 373 506
8659 1 2 310 310 373 385
8660 1 2 310 310 494 505
8661 1 2 310 310 494 384
8662 1 2 310 310 494 374
8663 1 2 310 310 494 495
8664 1 2 310 310 494 506
8665 1 2 310 310 494 385
8666 1 2 310 310 505 384
8667 1 2 310 310 505 374
8668 1 2 310 310 505 495
8669 1 2 310 310 505 506
8670 1 2 310 310 505 385
8671 1 2 310 310 384 374
8672 1 2 310 310 384 495
8673 1 2 310 310 384 506
8674 1 2 310 310 384 385
8675 1 2 310 310 374 495
8676 1 2 310 310 374 506
8677 1 2 310 310 374 385
8678 1 2 310 310 495 506
8679 1 2 310 310 495 385
8680 1 2 310 310 506 385
8681 1 2 311 311 375 496
8682 1 2 311 311 375 507
8683 1 2 311 311 375 386
8684 1 2 311 311 375 376
8685 1 2 311 311 375 497
8686 1 2 311 311 375 508
8687 1 2 311 311 375 387
8688 1 2 311 311 496 507
8689 1 2 311 311 496 386
8690 1 2 311 311 496 376
8691 1 2 311 311 496 497
8692 1 2 311 311 496 508
8693 1 2 311 311 496 387
8694 1 2 311 311 507 386
8695 1 2 311 311 507 376
8696 1 2 311 311 507 497
8697 1 2 311 311 507 508
8698 1 2 311 311 507 387
8699 1 2 311 311 386 376
8700 1 2 311 311 386 497
8701 1 2 311 311 386 508
8702 1 2 311 311 386 387
8703 1 2 311 311 376 497
8704 1 2 311 311 376 508
8705 1 2 311 311 376 387
8706 1 2 311 311 497 508
8707 1 2 311 311 497 387
8708 1 2 311 311 508 387
8709 1 2 312 312 376 497
8710 1 2 312 312 376 508
8711 1 2 312 312 376 387
8712 1 2 312 312 376 377
8713 1 2 312 312 376 498
8714 1 2 312 312 376 509
8715 1 2 312 312 376 388
8716 1 2 312 312 497 508
8717 1 2 312 312 497 387
8718 1 2 312 312 497 377
8719 1 2 312 312 497 498
8720 1 2 312 312 497 509
8721 1 2 312 312 497 388
8722 1 2 312 312 508 387
8723 1 2 312 312 508 377
8724 1 2 312 312 508 498
8725 1 2 312 312 508 509
8726 1 2 312 312 508 388
8727 1 2 312 312 387 377
8728 1 2 312 312 387 498
8729 1 2 312 312 387 509
8730 1 2 312 312 387 388
8731 1 2 312 312 377 498
8732 1 2 312 312 377 509
8733 1 2 312 312 377 388
8734 1 2 312 312 498 509
8735 1 2 312 312 498 388
8736 1 2 312 312 509 388
8737 1 2 313 313 377 498
8738 1 2 313 313 377 509
8739 1 2 313 313 377 388
8740 1 2 313 313 377 378
8741 1 2 313 313 377 499
8742 1 2 313 313 377 510
8743 1 2 313 313 377 389
8744 1 2 313 313 498 509
8745 1 2 313 313 498 388
8746 1 2 313 313 498 378
8747 1 2 313 313 498 499
8748 1 2 313 313 498 510
8749 1 2 313 313 498 389
8750 1 2 313 313 509 388
8751 1 2 313 313 509 378
8752 1 2 313 313 509 499
8753 1 2 313 313 509 510
8754 1 2 313 313 509 389
8755 1 2 313 313 388 378
8756 1 2 313 313 388 499
8757 1 2 313 313 388 510
8758 1 2 313 313 388 389
8759 1 2 313 313 378 499
8760 1 2 313 313 378 510
8761 1 2 313 313 378 389
8762 1 2 313 313 499 510
8763 1 2 313 313 499 389
8764 1 2 313 313 510 389
8765 1 2 314 314 378 499
8766 1 2 314 314 378 510
8767 1 2 314 314 378 389
8768 1 2 314 314 378 379
8769 1 2 314 314 378 500
8770 1 2 314 314 378 511
8771 1 2 314 314 378 390
8772 1 2 314 314 499 510
8773 1 2 314 314 499 389
8774 1 2 314 314 499 379
8775 1 2 314 314 499 500
8776 1 2 314 314 499 511
8777 1 2 314 314 499 390
8778 1 2 314 314 510 389
8779 1 2 314 314 510 379
8780 1 2 314 314 510 500
8781 1 2 314 314 510 511
8782 1 2 314 314 510 390
8783 1 2 314 314 389 379
8784 1 2 314 314 389 500
8785 1 2 314 314 389 511
8786 1 2 314 314 389 390
8787 1 2 314 314 379 500
8788 1 2 314 314 379 511
8789 1 2 314 314 379 390
8790 1 2 314 314 500 511
8791 1 2 314 314 500 390
8792 1 2 314 314 511 390
8793 1 2 315 315 379 500
8794 1 2 315 315 379 511
8795 1 2 315 315 379 390
8796 1 2 315 315 379 380
8797 1 2 315 315 379 501
8798 1 2 315 315 379 512
8799 1 2 315 315 379 391
8800 1 2 315 315 500 511
8801 1 2 315 315 500 390
8802 1 2 315 315 500 380
8803 1 2 315 315 500 501
8804 1 2 315 315 500 512
8805 1 2 315 315 500 391
8806 1 2 315 315 511 390
8807 1 2 315 315 511 380
8808 1 2 315 315 511 501
8809 1 2 315 315 511 512
8810 1 2 315 315 511 391
8811 1 2 315 315 390 380
8812 1 2 315 315 390 501
8813 1 2 315 315 390 512
8814 1 2 315 315 390 391
8815 1 2 315 315 380 501
8816 1 2 315 315 380 512
8817 1 2 315 315 380 391
8818 1 2 315 315 501 512
8819 1 2 315 315 501 391
8820 1 2 315 315 512 391
8821 1 2 316 316 380 501
8822 1 2 316 316 380 512
8823 1 2 316 316 380 391
8824 1 2 316 316 380 381
8825 1 2 316 316 380 502
8826 1 2 316 316 380 513
8827 1 2 316 316 380 392
8828 1 2 316 316 501 512
8829 1 2 316 316 501 391
8830 1 2 316 316 501 381
8831 1 2 316 316 501 502
8832 1 2 316 316 501 513
8833 1 2 316 316 501 392
8834 1 2 316 316 512 391
8835 1 2 316 316 512 381
8836 1 2 316 316 512 502
8837 1 2 316 316 512 513
8838 1 2 316 316 512 392
8839 1 2 316 316 391 381
8840 1 2 316 316 391 502
8841 1 2 316 316 391 513
8842 1 2 316 316 391 392
8843 1 2 316 316 381 502
8844 1 2 316 316 381 513
8845 1 2 316 316 381 392
8846 1 2 316 316 502 513
8847 1 2 316 316 502 392
8848 1 2 316 316 513 392
8849 1 2 317 317 381 502
8850 1 2 317 317 381 513
8851 1 2 317 317 381 392
8852 1 2 317 317 381 382
8853 1 2 317 317 381 503
8854 1 2 317 317 381 514
8855 1 2 317 317 381 393
8856 1 2 317 317 502 513
8857 1 2 317 317 502 392
8858 1 2 317 317 502 382
8859 1 2 317 317 502 503
8860 1 2 317 317 502 514
8861 1 2 317 317 502 393
8862 1 2 317 317 513 392
8863 1 2 317 317 513 382
8864 1 2 317 317 513 503
8865 1 2 317 317 513 514
8866 1 2 317 317 513 393
8867 1 2 317 317 392 382
8868 1 2 317 317 392 503
8869 1 2 317 317 392 514
8870 1 2 317 317 392 393
8871 1 2 317 317 382 503
8872 1 2 317 317 382 514
8873 1 2 317 317 382 393
8874 1 2 317 317 503 514
8875 1 2 317 317 503 393
8876 1 2 317 317 514 393
8877 1 2 318 318 382 503
8878 1 2 318 318 382 514
8879 1 2 318 318 382 393
8880 1 2 318 318 382 383
8881 1 2 318 318 382 504
8882 1 2 318 318 382 515
8883 1 2 318 318 382 394
8884 1 2 318 318 503 514
8885 1 2 318 318 503 393
8886 1 2 318 318 503 383
8887 1 2 318 318 503 504
8888 1 2 318 318 503 515
8889 1 2 318 318 503 394
8890 1 2 318 318 514 393
8891 1 2 318 318 514 383
8892 1 2 318 318 514 504
8893 1 2 318 318 514 515
8894 1 2 318 318 514 394
8895 1 2 318 318 393 383
8896 1 2 318 318 393 504
8897 1 2 318 318 393 515
8898 1 2 318 318 393 394
8899 1 2 318 318 383 504
8900 1 2 318 318 383 515
8901 1 2 318 318 383 394
8902 1 2 318 318 504 515
8903 1 2 318 318 504 394
8904 1 2 318 318 515 394
8905 1 2 319 319 383 504
8906 1 2 319 319 383 515
8907 1 2 319 319 383 394
8908 1 2 319 319 383 384
8909 1 2 319 319 383 505
8910 1 2 319 319 383 516
8911 1 2 319 319 383 395
8912 1 2 319 319 504 515
8913 1 2 319 319 504 394
8914 1 2 319 319 504 384
8915 1 2 319 319 504 505
8916 1 2 319 319 504 516
8917 1 2 319 319 504 395
8918 1 2 319 319 515 394
8919 1 2 319 319 515 384
8920 1 2 319 319 515 505
8921 1 2 319 319 515 516
8922 1 2 319 319 515 395
8923 1 2 319 319 394 384
8924 1 2 319 319 394 505
8925 1 2 319 319 394 516
8926 1 2 319 319 394 395
8927 1 2 319 319 384 505
8928 1 2 319 319 384 516
8929 1 2 319 319 384 395
8930 1 2 319 319 505 516
8931 1 2 319 319 505 395
8932 1 2 319 319 516 395
8933 1 2 320 320 384 505
8934 1 2 320 320 384 516
8935 1 2 320 320 384 395
8936 1 2 320 320 384 385
8937 1 2 320 320 384 506
8938 1 2 320 320 384 517
8939 1 2 320 320 384 396
8940 1 2 320 320 505 516
8941 1 2 320 320 505 395
8942 1 2 320 320 505 385
8943 1 2 320 320 505 506
8944 1 2 320 320 505 517
8945 1 2 320 320 505 396
8946 1 2 320 320 516 395
8947 1 2 320 320 516 385
8948 1 2 320 320 516 506
8949 1 2 320 320 516 517
8950 1 2 320 320 516 396
8951 1 2 320 320 395 385
8952 1 2 320 320 395 506
8953 1 2 320 320 395 517
8954 1 2 320 320 395 396
8955 1 2 320 320 385 506
8956 1 2 320 320 385 517
8957 1 2 320 320 385 396
8958 1 2 320 320 506 517
8959 1 2 320 320 506 396
8960 1 2 320 320 517 396
8961 1 2 321 321 386 507
8962 1 2 321 321 386 518
8963 1 2 321 321 386 397
8964 1 2 321 321 386 387
8965 1 2 321 321 386 508
8966 1 2 321 321 386 519
8967 1 2 321 321 386 398
8968 1 2 321 321 507 518
8969 1 2 321 321 507 397
8970 1 2 321 321 507 387
8971 1 2 321 321 507 508
8972 1 2 321 321 507 519
8973 1 2 321 321 507 398
8974 1 2 321 321 518 397
8975 1 2 321 321 518 387
8976 1 2 321 321 518 508
8977 1 2 321 321 518 519
8978 1 2 321 321 518 398
8979 1 2 321 321 397 387
8980 1 2 321 321 397 508
8981 1 2 321 321 397 519
8982 1 2 321 321 397 398
8983 1 2 321 321 387 508
8984 1 2 321 321 387 519
8985 1 2 321 321 387 398
8986 1 2 321 321 508 519
8987 1 2 321 321 508 398
8988 1 2 321 321 519 398
8989 1 2 322 322 387 508
8990 1 2 322 322 387 519
8991 1 2 322 322 387 398
8992 1 2 322 322 387 388
8993 1 2 322 322 387 509
8994 1 2 322 322 387 520
8995 1 2 322 322 387 399
8996 1 2 322 322 508 519
8997 1 2 322 322 508 398
8998 1 2 322 322 508 388
8999 1 2 322 322 508 509
9000 1 2 322 322 508 520
9001 1 2 322 322 508 399
9002 1 2 322 322 519 398
9003 1 2 322 322 519 388
9004 1 2 322 322 519 509
9005 1 2 322 322 519 520
9006 1 2 322 322 519 399
9007 1 2 322 322 398 388
9008 1 2 322 322 398 509
9009 1 2 322 322 398 520
9010 1 2 322 322 398 399
9011 1 2 322 322 388 509
9012 1 2 322 322 388 520
9013 1 2 322 322 388 399
9014 1 2 322 322 509 520
9015 1 2 322 322 509 399
9016 1 2 322 322 520 399
9017 1 2 323 323 388 509
9018 1 2 323 323 388 520
9019 1 2 323 323 388 399
9020 1 2 323 323 388 389
9021 1 2 323 323 388 510
9022 1 2 323 323 388 521
9023 1 2 323 323 388 400
9024 1 2 323 323 509 520
9025 1 2 323 323 509 399
9026 1 2 323 323 509 389
9027 1 2 323 323 509 510
9028 1 2 323 323 509 521
9029 1 2 323 323 509 400
9030 1 2 323 323 520 399
9031 1 2 323 323 520 389
9032 1 2 323 323 520 510
9033 1 2 323 323 520 521
9034 1 2 323 323 520 400
9035 1 2 323 323 399 389
9036 1 2 323 323 399 510
9037 1 2 323 323 399 521
9038 1 2 323 323 399 400
9039 1 2 323 323 389 510
9040 1 2 323 323 389 521
9041 1 2 323 323 389 400
9042 1 2 323 323 510 521
9043 1 2 323 323 510 400
9044 1 2 323 323 521 400
9045 1 2 324 324 389 510
9046 1 2 324 324 389 521
9047 1 2 324 324 389 400
9048 1 2 324 324 389 390
9049 1 2 324 324 389 511
9050 1 2 324 324 389 522
9051 1 2 324 324 389 401
9052 1 2 324 324 510 521
9053 1 2 324 324 510 400
9054 1 2 324 324 510 390
9055 1 2 324 324 510 511
9056 1 2 324 324 510 522
9057 1 2 324 324 510 401
9058 1 2 324 324 521 400
9059 1 2 324 324 521 390
9060 1 2 324 324 521 511
9061 1 2 324 324 521 522
9062 1 2 324 324 521 401
9063 1 2 324 324 400 390
9064 1 2 324 324 400 511
9065 1 2 324 324 400 522
9066 1 2 324 324 400 401
9067 1 2 324 324 390 511
9068 1 2 324 324 390 522
9069 1 2 324 324 390 401
9070 1 2 324 324 511 522
9071 1 2 324 324 511 401
9072 1 2 324 324 522 401
9073 1 2 325 325 390 511
9074 1 2 325 325 390 522
9075 1 2 325 325 390 401
9076 1 2 325 325 390 391
9077 1 2 325 325 390 512
9078 1 2 325 325 390 523
9079 1 2 325 325 390 402
9080 1 2 325 325 511 522
9081 1 2 325 325 511 401
9082 1 2 325 325 511 391
9083 1 2 325 325 511 512
9084 1 2 325 325 511 523
9085 1 2 325 325 511 402
9086 1 2 325 325 522 401
9087 1 2 325 325 522 391
9088 1 2 325 325 522 512
9089 1 2 325 325 522 523
9090 1 2 325 325 522 402
9091 1 2 325 325 401 391
9092 1 2 325 325 401 512
9093 1 2 325 325 401 523
9094 1 2 325 325 401 402
9095 1 2 325 325 391 512
9096 1 2 325 325 391 523
9097 1 2 325 325 391 402
9098 1 2 325 325 512 523
9099 1 2 325 325 512 402
9100 1 2 325 325 523 402
9101 1 2 326 326 391 512
9102 1 2 326 326 391 523
9103 1 2 326 326 391 402
9104 1 2 326 326 391 392
9105 1 2 326 326 391 513
9106 1 2 326 326 391 524
9107 1 2 326 326 391 403
9108 1 2 326 326 512 523
9109 1 2 326 326 512 402
9110 1 2 326 326 512 392
9111 1 2 326 326 512 513
9112 1 2 326 326 512 524
9113 1 2 326 326 512 403
9114 1 2 326 326 523 402
9115 1 2 326 326 523 392
9116 1 2 326 326 523 513
9117 1 2 326 326 523 524
9118 1 2 326 326 523 403
9119 1 2 326 326 402 392
9120 1 2 326 326 402 513
9121 1 2 326 326 402 524
9122 1 2 326 326 402 403
9123 1 2 326 326 392 513
9124 1 2 326 326 392 524
9125 1 2 326 326 392 403
9126 1 2 326 326 513 524
9127 1 2 326 326 513 403
9128 1 2 326 326 524 403
9129 1 2 327 327 392 513
9130 1 2 327 327 392 524
9131 1 2 327 327 392 403
9132 1 2 327 327 392 393
9133 1 2 327 327 392 514
9134 1 2 327 327 392 525
9135 1 2 327 327 392 404
9136 1 2 327 327 513 524
9137 1 2 327 327 513 403
9138 1 2 327 327 513 393
9139 1 2 327 327 513 514
9140 1 2 327 327 513 525
9141 1 2 327 327 513 404
9142 1 2 327 327 524 403
9143 1 2 327 327 524 393
9144 1 2 327 327 524 514
9145 1 2 327 327 524 525
9146 1 2 327 327 524 404
9147 1 2 327 327 403 393
9148 1 2 327 327 403 514
9149 1 2 327 327 403 525
9150 1 2 327 327 403 404
9151 1 2 327 327 393 514
9152 1 2 327 327 393 525
9153 1 2 327 327 393 404
9154 1 2 327 327 514 525
9155 1 2 327 327 514 404
9156 1 2 327 327 525 404
9157 1 2 328 328 393 514
9158 1 2 328 328 393 525
9159 1 2 328 328 393 404
9160 1 2 328 328 393 394
9161 1 2 328 328 393 515
9162 1 2 328 328 393 526
9163 1 2 328 328 393 405
9164 1 2 328 328 514 525
9165 1 2 328 328 514 404
9166 1 2 328 328 514 394
9167 1 2 328 328 514 515
9168 1 2 328 328 514 526
9169 1 2 328 328 514 405
9170 1 2 328 328 525 404
9171 1 2 328 328 525 394
9172 1 2 328 328 525 515
9173 1 2 328 328 525 526
9174 1 2 328 328 525 405
9175 1 2 328 328 404 394
9176 1 2 328 328 404 515
9177 1 2 328 328 404 526
9178 1 2 328 328 404 405
9179 1 2 328 328 394 515
9180 1 2 328 328 394 526
9181 1 2 328 328 394 405
9182 1 2 328 328 515 526
9183 1 2 328 328 515 405
9184 1 2 328 328 526 405
9185 1 2 329 329 394 515
9186 1 2 329 329 394 526
9187 1 2 329 329 394 405
9188 1 2 329 329 394 395
9189 1 2 329 329 394 516
9190 1 2 329 329 394 527
9191 1 2 329 329 394 406
9192 1 2 329 329 515 526
9193 1 2 329 329 515 405
9194 1 2 329 329 515 395
9195 1 2 329 329 515 516
9196 1 2 329 329 515 527
9197 1 2 329 329 515 406
9198 1 2 329 329 526 405
9199 1 2 329 329 526 395
9200 1 2 329 329 526 516
9201 1 2 329 329 526 527
9202 1 2 329 329 526 406
9203 1 2 329 329 405 395
9204 1 2 329 329 405 516
9205 1 2 329 329 405 527
9206 1 2 329 329 405 406
9207 1 2 329 329 395 516
9208 1 2 329 329 395 527
9209 1 2 329 329 395 406
9210 1 2 329 329 516 527
9211 1 2 329 329 516 406
9212 1 2 329 329 527 406
9213 1 2 330 330 395 516
9214 1 2 330 330 395 527
9215 1 2 330 330 395 406
9216 1 2 330 330 395 396
9217 1 2 330 330 395 517
9218 1 2 330 330 395 528
9219 1 2 330 330 395 407
9220 1 2 330 330 516 527
9221 1 2 330 330 516 406
9222 1 2 330 330 516 396
9223 1 2 330 330 516 517
9224 1 2 330 330 516 528
9225 1 2 330 330 516 407
9226 1 2 330 330 527 406
9227 1 2 330 330 527 396
9228 1 2 330 330 527 517
9229 1 2 330 330 527 528
9230 1 2 330 330 527 407
9231 1 2 330 330 406 396
9232 1 2 330 330 406 517
9233 1 2 330 330 406 528
9234 1 2 330 330 406 407
9235 1 2 330 330 396 517
9236 1 2 330 330 396 528
9237 1 2 330 330 396 407
9238 1 2 330 330 517 528
9239 1 2 330 330 517 407
9240 1 2 330 330 528 407
9241 1 2 331 331 397 518
9242 1 2 331 331 397 529
9243 1 2 331 331 397 408
9244 1 2 331 331 397 398
9245 1 2 331 331 397 519
9246 1 2 331 331 397 530
9247 1 2 331 331 397 409
9248 1 2 331 331 518 529
9249 1 2 331 331 518 408
9250 1 2 331 331 518 398
9251 1 2 331 331 518 519
9252 1 2 331 331 518 530
9253 1 2 331 331 518 409
9254 1 2 331 331 529 408
9255 1 2 331 331 529 398
9256 1 2 331 331 529 519
9257 1 2 331 331 529 530
9258 1 2 331 331 529 409
9259 1 2 331 331 408 398
9260 1 2 331 331 408 519
9261 1 2 331 331 408 530
9262 1 2 331 331 408 409
9263 1 2 331 331 398 519
9264 1 2 331 331 398 530
9265 1 2 331 331 398 409
9266 1 2 331 331 519 530
9267 1 2 331 331 519 409
9268 1 2 331 331 530 409
9269 1 2 332 332 398 519
9270 1 2 332 332 398 530
9271 1 2 332 332 398 409
9272 1 2 332 332 398 399
9273 1 2 332 332 398 520
9274 1 2 332 332 398 531
9275 1 2 332 332 398 410
9276 1 2 332 332 519 530
9277 1 2 332 332 519 409
9278 1 2 332 332 519 399
9279 1 2 332 332 519 520
9280 1 2 332 332 519 531
9281 1 2 332 332 519 410
9282 1 2 332 332 530 409
9283 1 2 332 332 530 399
9284 1 2 332 332 530 520
9285 1 2 332 332 530 531
9286 1 2 332 332 530 410
9287 1 2 332 332 409 399
9288 1 2 332 332 409 520
9289 1 2 332 332 409 531
9290 1 2 332 332 409 410
9291 1 2 332 332 399 520
9292 1 2 332 332 399 531
9293 1 2 332 332 399 410
9294 1 2 332 332 520 531
9295 1 2 332 332 520 410
9296 1 2 332 332 531 410
9297 1 2 333 333 399 520
9298 1 2 333 333 399 531
9299 1 2 333 333 399 410
9300 1 2 333 333 399 400
9301 1 2 333 333 399 521
9302 1 2 333 333 399 532
9303 1 2 333 333 399 411
9304 1 2 333 333 520 531
9305 1 2 333 333 520 410
9306 1 2 333 333 520 400
9307 1 2 333 333 520 521
9308 1 2 333 333 520 532
9309 1 2 333 333 520 411
9310 1 2 333 333 531 410
9311 1 2 333 333 531 400
9312 1 2 333 333 531 521
9313 1 2 333 333 531 532
9314 1 2 333 333 531 411
9315 1 2 333 333 410 400
9316 1 2 333 333 410 521
9317 1 2 333 333 410 532
9318 1 2 333 333 410 411
9319 1 2 333 333 400 521
9320 1 2 333 333 400 532
9321 1 2 333 333 400 411
9322 1 2 333 333 521 532
9323 1 2 333 333 521 411
9324 1 2 333 333 532 411
9325 1 2 334 334 400 521
9326 1 2 334 334 400 532
9327 1 2 334 334 400 411
9328 1 2 334 334 400 401
9329 1 2 334 334 400 522
9330 1 2 334 334 400 533
9331 1 2 334 334 400 412
9332 1 2 334 334 521 532
9333 1 2 334 334 521 411
9334 1 2 334 334 521 401
9335 1 2 334 334 521 522
9336 1 2 334 334 521 533
9337 1 2 334 334 521 412
9338 1 2 334 334 532 411
9339 1 2 334 334 532 401
9340 1 2 334 334 532 522
9341 1 2 334 334 532 533
9342 1 2 334 334 532 412
9343 1 2 334 334 411 401
9344 1 2 334 334 411 522
9345 1 2 334 334 411 533
9346 1 2 334 334 411 412
9347 1 2 334 334 401 522
9348 1 2 334 334 401 533
9349 1 2 334 334 401 412
9350 1 2 334 334 522 533
9351 1 2 334 334 522 412
9352 1 2 334 334 533 412
9353 1 2 335 335 401 522
9354 1 2 335 335 401 533
9355 1 2 335 335 401 412
9356 1 2 335 335 401 402
9357 1 2 335 335 401 523
9358 1 2 335 335 401 534
9359 1 2 335 335 401 413
9360 1 2 335 335 522 533
9361 1 2 335 335 522 412
9362 1 2 335 335 522 402
9363 1 2 335 335 522 523
9364 1 2 335 335 522 534
9365 1 2 335 335 522 413
9366 1 2 335 335 533 412
9367 1 2 335 335 533 402
9368 1 2 335 335 533 523
9369 1 2 335 335 533 534
9370 1 2 335 335 533 413
9371 1 2 335 335 412 402
9372 1 2 335 335 412 523
9373 1 2 335 335 412 534
9374 1 2 335 335 412 413
9375 1 2 335 335 402 523
9376 1 2 335 335 402 534
9377 1 2 335 335 402 413
9378 1 2 335 335 523 534
9379 1 2 335 335 523 413
9380 1 2 335 335 534 413
9381 1 2 336 336 402 523
9382 1 2 336 336 402 534
9383 1 2 336 336 402 413
9384 1 2 336 336 402 403
9385 1 2 336 336 402 524
9386 1 2 336 336 402 535
9387 1 2 336 336 402 414
9388 1 2 336 336 523 534
9389 1 2 336 336 523 413
9390 1 2 336 336 523 403
9391 1 2 336 336 523 524
9392 1 2 336 336 523 535
9393 1 2 336 336 523 414
9394 1 2 336 336 534 413
9395 1 2 336 336 534 403
9396 1 2 336 336 534 524
9397 1 2 336 336 534 535
9398 1 2 336 336 534 414
9399 1 2 336 336 413 403
9400 1 2 336 336 413 524
9401 1 2 336 336 413 535
9402 1 2 336 336 413 414
9403 1 2 336 336 403 524
9404 1 2 336 336 403 535
9405 1 2 336 336 403 414
9406 1 2 336 336 524 535
9407 1 2 336 336 524 414
9408 1 2 336 336 535 414
9409 1 2 337 337 403 524
9410 1 2 337 337 403 535
9411 1 2 337 337 403 414
9412 1 2 337 337 403 404
9413 1 2 337 337 403 525
9414 1 2 337 337 403 536
9415 1 2 337 337 403 415
9416 1 2 337 337 524 535
9417 1 2 337 337 524 414
9418 1 2 337 337 524 404
9419 1 2 337 337 524 525
9420 1 2 337 337 524 536
9421 1 2 337 337 524 415
9422 1 2 337 337 535 414
9423 1 2 337 337 535 404
9424 1 2 337 337 535 525
9425 1 2 337 337 535 536
9426 1 2 337 337 535 415
9427 1 2 337 337 414 404
9428 1 2 337 337 414 525
9429 1 2 337 337 414 536
9430 1 2 337 337 414 415
9431 1 2 337 337 404 525
9432 1 2 337 337 404 536
9433 1 2 337 337 404 415
9434 1 2 337 337 525 536
9435 1 2 337 337 525 415
9436 1 2 337 337 536 415
9437 1 2 338 338 404 525
9438 1 2 338 338 404 536
9439 1 2 338 338 404 415
9440 1 2 338 338 404 405
9441 1 2 338 338 404 526
9442 1 2 338 338 404 537
9443 1 2 338 338 404 416
9444 1 2 338 338 525 536
9445 1 2 338 338 525 415
9446 1 2 338 338 525 405
9447 1 2 338 338 525 526
9448 1 2 338 338 525 537
9449 1 2 338 338 525 416
9450 1 2 338 338 536 415
9451 1 2 338 338 536 405
9452 1 2 338 338 536 526
9453 1 2 338 338 536 537
9454 1 2 338 338 536 416
9455 1 2 338 338 415 405
9456 1 2 338 338 415 526
9457 1 2 338 338 415 537
9458 1 2 338 338 415 416
9459 1 2 338 338 405 526
9460 1 2 338 338 405 537
9461 1 2 338 338 405 416
9462 1 2 338 338 526 537
9463 1 2 338 338 526 416
9464 1 2 338 338 537 416
9465 1 2 339 339 405 526
9466 1 2 339 339 405 537
9467 1 2 339 339 405 416
9468 1 2 339 339 405 406
9469 1 2 339 339 405 527
9470 1 2 339 339 405 538
9471 1 2 339 339 405 417
9472 1 2 339 339 526 537
9473 1 2 339 339 526 416
9474 1 2 339 339 526 406
9475 1 2 339 339 526 527
9476 1 2 339 339 526 538
9477 1 2 339 339 526 417
9478 1 2 339 339 537 416
9479 1 2 339 339 537 406
9480 1 2 339 339 537 527
9481 1 2 339 339 537 538
9482 1 2 339 339 537 417
9483 1 2 339 339 416 406
9484 1 2 339 339 416 527
9485 1 2 339 339 416 538
9486 1 2 339 339 416 417
9487 1 2 339 339 406 527
9488 1 2 339 339 406 538
9489 1 2 339 339 406 417
9490 1 2 339 339 527 538
9491 1 2 339 339 527 417
9492 1 2 339 339 538 417
9493 1 2 340 340 406 527
9494 1 2 340 340 406 538
9495 1 2 340 340 406 417
9496 1 2 340 340 406 407
9497 1 2 340 340 406 528
9498 1 2 340 340 406 539
9499 1 2 340 340 406 418
9500 1 2 340 340 527 538
9501 1 2 340 340 527 417
9502 1 2 340 340 527 407
9503 1 2 340 340 527 528
9504 1 2 340 340 527 539
9505 1 2 340 340 527 418
9506 1 2 340 340 538 417
9507 1 2 340 340 538 407
9508 1 2 340 340 538 528
9509 1 2 340 340 538 539
9510 1 2 340 340 538 418
9511 1 2 340 340 417 407
9512 1 2 340 340 417 528
9513 1 2 340 340 417 539
9514 1 2 340 340 417 418
9515 1 2 340 340 407 528
9516 1 2 340 340 407 539
9517 1 2 340 340 407 418
9518 1 2 340 340 528 539
9519 1 2 340 340 528 418
9520 1 2 340 340 539 418
9521 1 2 341 341 408 529
9522 1 2 341 341 408 540
9523 1 2 341 341 408 419
9524 1 2 341 341 408 409
9525 1 2 341 341 408 530
9526 1 2 341 341 408 541
9527 1 2 341 341 408 420
9528 1 2 341 341 529 540
9529 1 2 341 341 529 419
9530 1 2 341 341 529 409
9531 1 2 341 341 529 530
9532 1 2 341 341 529 541
9533 1 2 341 341 529 420
9534 1 2 341 341 540 419
9535 1 2 341 341 540 409
9536 1 2 341 341 540 530
9537 1 2 341 341 540 541
9538 1 2 341 341 540 420
9539 1 2 341 341 419 409
9540 1 2 341 341 419 530
9541 1 2 341 341 419 541
9542 1 2 341 341 419 420
9543 1 2 341 341 409 530
9544 1 2 341 341 409 541
9545 1 2 341 341 409 420
9546 1 2 341 341 530 541
9547 1 2 341 341 530 420
9548 1 2 341 341 541 420
9549 1 2 342 342 409 530
9550 1 2 342 342 409 541
9551 1 2 342 342 409 420
9552 1 2 342 342 409 410
9553 1 2 342 342 409 531
9554 1 2 342 342 409 542
9555 1 2 342 342 409 421
9556 1 2 342 342 530 541
9557 1 2 342 342 530 420
9558 1 2 342 342 530 410
9559 1 2 342 342 530 531
9560 1 2 342 342 530 542
9561 1 2 342 342 530 421
9562 1 2 342 342 541 420
9563 1 2 342 342 541 410
9564 1 2 342 342 541 531
9565 1 2 342 342 541 542
9566 1 2 342 342 541 421
9567 1 2 342 342 420 410
9568 1 2 342 342 420 531
9569 1 2 342 342 420 542
9570 1 2 342 342 420 421
9571 1 2 342 342 410 531
9572 1 2 342 342 410 542
9573 1 2 342 342 410 421
9574 1 2 342 342 531 542
9575 1 2 342 342 531 421
9576 1 2 342 342 542 421
9577 1 2 343 343 410 531
9578 1 2 343 343 410 542
9579 1 2 343 343 410 421
9580 1 2 343 343 410 411
9581 1 2 343 343 410 532
9582 1 2 343 343 410 543
9583 1 2 343 343 410 422
9584 1 2 343 343 531 542
9585 1 2 343 343 531 421
9586 1 2 343 343 531 411
9587 1 2 343 343 531 532
9588 1 2 343 343 531 543
9589 1 2 343 343 531 422
9590 1 2 343 343 542 421
9591 1 2 343 343 542 411
9592 1 2 343 343 542 532
9593 1 2 343 343 542 543
9594 1 2 343 343 542 422
9595 1 2 343 343 421 411
9596 1 2 343 343 421 532
9597 1 2 343 343 421 543
9598 1 2 343 343 421 422
9599 1 2 343 343 411 532
9600 1 2 343 343 411 543
9601 1 2 343 343 411 422
9602 1 2 343 343 532 543
9603 1 2 343 343 532 422
9604 1 2 343 343 543 422
9605 1 2 344 344 411 532
9606 1 2 344 344 411 543
9607 1 2 344 344 411 422
9608 1 2 344 344 411 412
9609 1 2 344 344 411 533
9610 1 2 344 344 411 544
9611 1 2 344 344 411 423
9612 1 2 344 344 532 543
9613 1 2 344 344 532 422
9614 1 2 344 344 532 412
9615 1 2 344 344 532 533
9616 1 2 344 344 532 544
9617 1 2 344 344 532 423
9618 1 2 344 344 543 422
9619 1 2 344 344 543 412
9620 1 2 344 344 543 533
9621 1 2 344 344 543 544
9622 1 2 344 344 543 423
9623 1 2 344 344 422 412
9624 1 2 344 344 422 533
9625 1 2 344 344 422 544
9626 1 2 344 344 422 423
9627 1 2 344 344 412 533
9628 1 2 344 344 412 544
9629 1 2 344 344 412 423
9630 1 2 344 344 533 544
9631 1 2 344 344 533 423
9632 1 2 344 344 544 423
9633 1 2 345 345 412 533
9634 1 2 345 345 412 544
9635 1 2 345 345 412 423
9636 1 2 345 345 412 413
9637 1 2 345 345 412 534
9638 1 2 345 345 412 545
9639 1 2 345 345 412 424
9640 1 2 345 345 533 544
9641 1 2 345 345 533 423
9642 1 2 345 345 533 413
9643 1 2 345 345 533 534
9644 1 2 345 345 533 545
9645 1 2 345 345 533 424
9646 1 2 345 345 544 423
9647 1 2 345 345 544 413
9648 1 2 345 345 544 534
9649 1 2 345 345 544 545
9650 1 2 345 345 544 424
9651 1 2 345 345 423 413
9652 1 2 345 345 423 534
9653 1 2 345 345 423 545
9654 1 2 345 345 423 424
9655 1 2 345 345 413 534
9656 1 2 345 345 413 545
9657 1 2 345 345 413 424
9658 1 2 345 345 534 545
9659 1 2 345 345 534 424
9660 1 2 345 345 545 424
9661 1 2 346 346 413 534
9662 1 2 346 346 413 545
9663 1 2 346 346 413 424
9664 1 2 346 346 413 414
9665 1 2 346 346 413 535
9666 1 2 346 346 413 546
9667 1 2 346 346 413 425
9668 1 2 346 346 534 545
9669 1 2 346 346 534 424
9670 1 2 346 346 534 414
9671 1 2 346 346 534 535
9672 1 2 346 346 534 546
9673 1 2 346 346 534 425
9674 1 2 346 346 545 424
9675 1 2 346 346 545 414
9676 1 2 346 346 545 535
9677 1 2 346 346 545 546
9678 1 2 346 346 545 425
9679 1 2 346 346 424 414
9680 1 2 346 346 424 535
9681 1 2 346 346 424 546
9682 1 2 346 346 424 425
9683 1 2 346 346 414 535
9684 1 2 346 346 414 546
9685 1 2 346 346 414 425
9686 1 2 346 346 535 546
9687 1 2 346 346 535 425
9688 1 2 346 346 546 425
9689 1 2 347 347 414 535
9690 1 2 347 347 414 546
9691 1 2 347 347 414 425
9692 1 2 347 347 414 415
9693 1 2 347 347 414 536
9694 1 2 347 347 414 547
9695 1 2 347 347 414 426
9696 1 2 347 347 535 546
9697 1 2 347 347 535 425
9698 1 2 347 347 535 415
9699 1 2 347 347 535 536
9700 1 2 347 347 535 547
9701 1 2 347 347 535 426
9702 1 2 347 347 546 425
9703 1 2 347 347 546 415
9704 1 2 347 347 546 536
9705 1 2 347 347 546 547
9706 1 2 347 347 546 426
9707 1 2 347 347 425 415
9708 1 2 347 347 425 536
9709 1 2 347 347 425 547
9710 1 2 347 347 425 426
9711 1 2 347 347 415 536
9712 1 2 347 347 415 547
9713 1 2 347 347 415 426
9714 1 2 347 347 536 547
9715 1 2 347 347 536 426
9716 1 2 347 347 547 426
9717 1 2 348 348 415 536
9718 1 2 348 348 415 547
9719 1 2 348 348 415 426
9720 1 2 348 348 415 416
9721 1 2 348 348 415 537
9722 1 2 348 348 415 548
9723 1 2 348 348 415 427
9724 1 2 348 348 536 547
9725 1 2 348 348 536 426
9726 1 2 348 348 536 416
9727 1 2 348 348 536 537
9728 1 2 348 348 536 548
9729 1 2 348 348 536 427
9730 1 2 348 348 547 426
9731 1 2 348 348 547 416
9732 1 2 348 348 547 537
9733 1 2 348 348 547 548
9734 1 2 348 348 547 427
9735 1 2 348 348 426 416
9736 1 2 348 348 426 537
9737 1 2 348 348 426 548
9738 1 2 348 348 426 427
9739 1 2 348 348 416 537
9740 1 2 348 348 416 548
9741 1 2 348 348 416 427
9742 1 2 348 348 537 548
9743 1 2 348 348 537 427
9744 1 2 348 348 548 427
9745 1 2 349 349 416 537
9746 1 2 349 349 416 548
9747 1 2 349 349 416 427
9748 1 2 349 349 416 417
9749 1 2 349 349 416 538
9750 1 2 349 349 416 549
9751 1 2 349 349 416 428
9752 1 2 349 349 537 548
9753 1 2 349 349 537 427
9754 1 2 349 349 537 417
9755 1 2 349 349 537 538
9756 1 2 349 349 537 549
9757 1 2 349 349 537 428
9758 1 2 349 349 548 427
9759 1 2 349 349 548 417
9760 1 2 349 349 548 538
9761 1 2 349 349 548 549
9762 1 2 349 349 548 428
9763 1 2 349 349 427 417
9764 1 2 349 349 427 538
9765 1 2 349 349 427 549
9766 1 2 349 349 427 428
9767 1 2 349 349 417 538
9768 1 2 349 349 417 549
9769 1 2 349 349 417 428
9770 1 2 349 349 538 549
9771 1 2 349 349 538 428
9772 1 2 349 349 549 428
9773 1 2 350 350 417 538
9774 1 2 350 350 417 549
9775 1 2 350 350 417 428
9776 1 2 350 350 417 418
9777 1 2 350 350 417 539
9778 1 2 350 350 417 550
9779 1 2 350 350 417 429
9780 1 2 350 350 538 549
9781 1 2 350 350 538 428
9782 1 2 350 350 538 418
9783 1 2 350 350 538 539
9784 1 2 350 350 538 550
9785 1 2 350 350 538 429
9786 1 2 350 350 549 428
9787 1 2 350 350 549 418
9788 1 2 350 350 549 539
9789 1 2 350 350 549 550
9790 1 2 350 350 549 429
9791 1 2 350 350 428 418
9792 1 2 350 350 428 539
9793 1 2 350 350 428 550
9794 1 2 350 350 428 429
9795 1 2 350 350 418 539
9796 1 2 350 350 418 550
9797 1 2 350 350 418 429
9798 1 2 350 350 539 550
9799 1 2 350 350 539 429
9800 1 2 350 350 550 429
9801 1 2 351 351 419 540
9802 1 2 351 351 419 551
9803 1 2 351 351 419 430
9804 1 2 351 351 419 420
9805 1 2 351 351 419 541
9806 1 2 351 351 419 552
9807 1 2 351 351 419 431
9808 1 2 351 351 540 551
9809 1 2 351 351 540 430
9810 1 2 351 351 540 420
9811 1 2 351 351 540 541
9812 1 2 351 351 540 552
9813 1 2 351 351 540 431
9814 1 2 351 351 551 430
9815 1 2 351 351 551 420
9816 1 2 351 351 551 541
9817 1 2 351 351 551 552
9818 1 2 351 351 551 431
9819 1 2 351 351 430 420
9820 1 2 351 351 430 541
9821 1 2 351 351 430 552
9822 1 2 351 351 430 431
9823 1 2 351 351 420 541
9824 1 2 351 351 420 552
9825 1 2 351 351 420 431
9826 1 2 351 351 541 552
9827 1 2 351 351 541 431
9828 1 2 351 351 552 431
9829 1 2 352 352 420 541
9830 1 2 352 352 420 552
9831 1 2 352 352 420 431
9832 1 2 352 352 420 421
9833 1 2 352 352 420 542
9834 1 2 352 352 420 553
9835 1 2 352 352 420 432
9836 1 2 352 352 541 552
9837 1 2 352 352 541 431
9838 1 2 352 352 541 421
9839 1 2 352 352 541 542
9840 1 2 352 352 541 553
9841 1 2 352 352 541 432
9842 1 2 352 352 552 431
9843 1 2 352 352 552 421
9844 1 2 352 352 552 542
9845 1 2 352 352 552 553
9846 1 2 352 352 552 432
9847 1 2 352 352 431 421
9848 1 2 352 352 431 542
9849 1 2 352 352 431 553
9850 1 2 352 352 431 432
9851 1 2 352 352 421 542
9852 1 2 352 352 421 553
9853 1 2 352 352 421 432
9854 1 2 352 352 542 553
9855 1 2 352 352 542 432
9856 1 2 352 352 553 432
9857 1 2 353 353 421 542
9858 1 2 353 353 421 553
9859 1 2 353 353 421 432
9860 1 2 353 353 421 422
9861 1 2 353 353 421 543
9862 1 2 353 353 421 554
9863 1 2 353 353 421 433
9864 1 2 353 353 542 553
9865 1 2 353 353 542 432
9866 1 2 353 353 542 422
9867 1 2 353 353 542 543
9868 1 2 353 353 542 554
9869 1 2 353 353 542 433
9870 1 2 353 353 553 432
9871 1 2 353 353 553 422
9872 1 2 353 353 553 543
9873 1 2 353 353 553 554
9874 1 2 353 353 553 433
9875 1 2 353 353 432 422
9876 1 2 353 353 432 543
9877 1 2 353 353 432 554
9878 1 2 353 353 432 433
9879 1 2 353 353 422 543
9880 1 2 353 353 422 554
9881 1 2 353 353 422 433
9882 1 2 353 353 543 554
9883 1 2 353 353 543 433
9884 1 2 353 353 554 433
9885 1 2 354 354 422 543
9886 1 2 354 354 422 554
9887 1 2 354 354 422 433
9888 1 2 354 354 422 423
9889 1 2 354 354 422 544
9890 1 2 354 354 422 555
9891 1 2 354 354 422 434
9892 1 2 354 354 543 554
9893 1 2 354 354 543 433
9894 1 2 354 354 543 423
9895 1 2 354 354 543 544
9896 1 2 354 354 543 555
9897 1 2 354 354 543 434
9898 1 2 354 354 554 433
9899 1 2 354 354 554 423
9900 1 2 354 354 554 544
9901 1 2 354 354 554 555
9902 1 2 354 354 554 434
9903 1 2 354 354 433 423
9904 1 2 354 354 433 544
9905 1 2 354 354 433 555
9906 1 2 354 354 433 434
9907 1 2 354 354 423 544
9908 1 2 354 354 423 555
9909 1 2 354 354 423 434
9910 1 2 354 354 544 555
9911 1 2 354 354 544 434
9912 1 2 354 354 555 434
9913 1 2 355 355 423 544
9914 1 2 355 355 423 555
9915 1 2 355 355 423 434
9916 1 2 355 355 423 424
9917 1 2 355 355 423 545
9918 1 2 355 355 423 556
9919 1 2 355 355 423 435
9920 1 2 355 355 544 555
9921 1 2 355 355 544 434
9922 1 2 355 355 544 424
9923 1 2 355 355 544 545
9924 1 2 355 355 544 556
9925 1 2 355 355 544 435
9926 1 2 355 355 555 434
9927 1 2 355 355 555 424
9928 1 2 355 355 555 545
9929 1 2 355 355 555 556
9930 1 2 355 355 555 435
9931 1 2 355 355 434 424
9932 1 2 355 355 434 545
9933 1 2 355 355 434 556
9934 1 2 355 355 434 435
9935 1 2 355 355 424 545
9936 1 2 355 355 424 556
9937 1 2 355 355 424 435
9938 1 2 355 355 545 556
9939 1 2 355 355 545 435
9940 1 2 355 355 556 435
9941 1 2 356 356 424 545
9942 1 2 356 356 424 556
9943 1 2 356 356 424 435
9944 1 2 356 356 424 425
9945 1 2 356 356 424 546
9946 1 2 356 356 424 557
9947 1 2 356 356 424 436
9948 1 2 356 356 545 556
9949 1 2 356 356 545 435
9950 1 2 356 356 545 425
9951 1 2 356 356 545 546
9952 1 2 356 356 545 557
9953 1 2 356 356 545 436
9954 1 2 356 356 556 435
9955 1 2 356 356 556 425
9956 1 2 356 356 556 546
9957 1 2 356 356 556 557
9958 1 2 356 356 556 436
9959 1 2 356 356 435 425
9960 1 2 356 356 435 546
9961 1 2 356 356 435 557
9962 1 2 356 356 435 436
9963 1 2 356 356 425 546
9964 1 2 356 356 425 557
9965 1 2 356 356 425 436
9966 1 2 356 356 546 557
9967 1 2 356 356 546 436
9968 1 2 356 356 557 436
9969 1 2 357 357 425 546
9970 1 2 357 357 425 557
9971 1 2 357 357 425 436
9972 1 2 357 357 425 426
9973 1 2 357 357 425 547
9974 1 2 357 357 425 558
9975 1 2 357 357 425 437
9976 1 2 357 357 546 557
9977 1 2 357 357 546 436
9978 1 2 357 357 546 426
9979 1 2 357 357 546 547
9980 1 2 357 357 546 558
9981 1 2 357 357 546 437
9982 1 2 357 357 557 436
9983 1 2 357 357 557 426
9984 1 2 357 357 557 547
9985 1 2 357 357 557 558
9986 1 2 357 357 557 437
9987 1 2 357 357 436 426
9988 1 2 357 357 436 547
9989 1 2 357 357 436 558
9990 1 2 357 357 436 437
9991 1 2 357 357 426 547
9992 1 2 357 357 426 558
9993 1 2 357 357 426 437
9994 1 2 357 357 547 558
9995 1 2 357 357 547 437
9996 1 2 357 357 558 437
9997 1 2 358 358 426 547
9998 1 2 358 358 426 558
9999 1 2 358 358 426 437
10000 1 2 358 358 426 427
10001 1 2 358 358 426 548
10002 1 2 358 358 426 559
10003 1 2 358 358 426 438
10004 1 2 358 358 547 558
10005 1 2 358 358 547 437
10006 1 2 358 358 547 427
10007 1 2 358 358 547 548
10008 1 2 358 358 547 559
10009 1 2 358 358 547 438
10010 1 2 358 358 558 437
10011 1 2 358 358 558 427
10012 1 2 358 358 558 548
10013 1 2 358 358 558 559
10014 1 2 358 358 558 438
10015 1 2 358 358 437 427
10016 1 2 358 358 437 548
10017 1 2 358 358 437 559
10018 1 2 358 358 437 438
10019 1 2 358 358 427 548
10020 1 2 358 358 427 559
10021 1 2 358 358 427 438
10022 1 2 358 358 548 559
10023 1 2 358 358 548 438
10024 1 2 358 358 559 438
10025 1 2 359 359 427 548
10026 1 2 359 359 427 559
10027 1 2 359 359 427 438
10028 1 2 359 359 427 428
10029 1 2 359 359 427 549
10030 1 2 359 359 427 560
10031 1 2 359 359 427 439
10032 1 2 359 359 548 559
10033 1 2 359 359 548 438
10034 1 2 359 359 548 428
10035 1 2 359 359 548 549
10036 1 2 359 359 548 560
10037 1 2 359 359 548 439
10038 1 2 359 359 559 438
10039 1 2 359 359 559 428
10040 1 2 359 359 559 549
10041 1 2 359 359 559 560
10042 1 2 359 359 559 439
10043 1 2 359 359 438 428
10044 1 2 359 359 438 549
10045 1 2 359 359 438 560
10046 1 2 359 359 438 439
10047 1 2 359 359 428 549
10048 1 2 359 359 428 560
10049 1 2 359 359 428 439
10050 1 2 359 359 549 560
10051 1 2 359 359 549 439
10052 1 2 359 359 560 439
10053 1 2 360 360 428 549
10054 1 2 360 360 428 560
10055 1 2 360 360 428 439
10056 1 2 360 360 428 429
10057 1 2 360 360 428 550
10058 1 2 360 360 428 561
10059 1 2 360 360 428 440
10060 1 2 360 360 549 560
10061 1 2 360 360 549 439
10062 1 2 360 360 549 429
10063 1 2 360 360 549 550
10064 1 2 360 360 549 561
10065 1 2 360 360 549 440
10066 1 2 360 360 560 439
10067 1 2 360 360 560 429
10068 1 2 360 360 560 550
10069 1 2 360 360 560 561
10070 1 2 360 360 560 440
10071 1 2 360 360 439 429
10072 1 2 360 360 439 550
10073 1 2 360 360 439 561
10074 1 2 360 360 439 440
10075 1 2 360 360 429 550
10076 1 2 360 360 429 561
10077 1 2 360 360 429 440
10078 1 2 360 360 550 561
10079 1 2 360 360 550 440
10080 1 2 360 360 561 440
10081 1 2 361 361 430 551
10082 1 2 361 361 430 562
10083 1 2 361 361 430 441
10084 1 2 361 361 430 431
10085 1 2 361 361 430 552
10086 1 2 361 361 430 563
10087 1 2 361 361 430 442
10088 1 2 361 361 551 562
10089 1 2 361 361 551 441
10090 1 2 361 361 551 431
10091 1 2 361 361 551 552
10092 1 2 361 361 551 563
10093 1 2 361 361 551 442
10094 1 2 361 361 562 441
10095 1 2 361 361 562 431
10096 1 2 361 361 562 552
10097 1 2 361 361 562 563
10098 1 2 361 361 562 442
10099 1 2 361 361 441 431
10100 1 2 361 361 441 552
10101 1 2 361 361 441 563
10102 1 2 361 361 441 442
10103 1 2 361 361 431 552
10104 1 2 361 361 431 563
10105 1 2 361 361 431 442
10106 1 2 361 361 552 563
10107 1 2 361 361 552 442
10108 1 2 361 361 563 442
10109 1 2 362 362 431 552
10110 1 2 362 362 431 563
10111 1 2 362 362 431 442
10112 1 2 362 362 431 432
10113 1 2 362 362 431 553
10114 1 2 362 362 431 564
10115 1 2 362 362 431 443
10116 1 2 362 362 552 563
10117 1 2 362 362 552 442
10118 1 2 362 362 552 432
10119 1 2 362 362 552 553
10120 1 2 362 362 552 564
10121 1 2 362 362 552 443
10122 1 2 362 362 563 442
10123 1 2 362 362 563 432
10124 1 2 362 362 563 553
10125 1 2 362 362 563 564
10126 1 2 362 362 563 443
10127 1 2 362 362 442 432
10128 1 2 362 362 442 553
10129 1 2 362 362 442 564
10130 1 2 362 362 442 443
10131 1 2 362 362 432 553
10132 1 2 362 362 432 564
10133 1 2 362 362 432 443
10134 1 2 362 362 553 564
10135 1 2 362 362 553 443
10136 1 2 362 362 564 443
10137 1 2 363 363 432 553
10138 1 2 363 363 432 564
10139 1 2 363 363 432 443
10140 1 2 363 363 432 433
10141 1 2 363 363 432 554
10142 1 2 363 363 432 565
10143 1 2 363 363 432 444
10144 1 2 363 363 553 564
10145 1 2 363 363 553 443
10146 1 2 363 363 553 433
10147 1 2 363 363 553 554
10148 1 2 363 363 553 565
10149 1 2 363 363 553 444
10150 1 2 363 363 564 443
10151 1 2 363 363 564 433
10152 1 2 363 363 564 554
10153 1 2 363 363 564 565
10154 1 2 363 363 564 444
10155 1 2 363 363 443 433
10156 1 2 363 363 443 554
10157 1 2 363 363 443 565
10158 1 2 363 363 443 444
10159 1 2 363 363 433 554
10160 1 2 363 363 433 565
10161 1 2 363 363 433 444
10162 1 2 363 363 554 565
10163 1 2 363 363 554 444
10164 1 2 363 363 565 444
10165 1 2 364 364 433 554
10166 1 2 364 364 433 565
10167 1 2 364 364 433 444
10168 1 2 364 364 433 434
10169 1 2 364 364 433 555
10170 1 2 364 364 433 566
10171 1 2 364 364 433 445
10172 1 2 364 364 554 565
10173 1 2 364 364 554 444
10174 1 2 364 364 554 434
10175 1 2 364 364 554 555
10176 1 2 364 364 554 566
10177 1 2 364 364 554 445
10178 1 2 364 364 565 444
10179 1 2 364 364 565 434
10180 1 2 364 364 565 555
10181 1 2 364 364 565 566
10182 1 2 364 364 565 445
10183 1 2 364 364 444 434
10184 1 2 364 364 444 555
10185 1 2 364 364 444 566
10186 1 2 364 364 444 445
10187 1 2 364 364 434 555
10188 1 2 364 364 434 566
10189 1 2 364 364 434 445
10190 1 2 364 364 555 566
10191 1 2 364 364 555 445
10192 1 2 364 364 566 445
10193 1 2 365 365 434 555
10194 1 2 365 365 434 566
10195 1 2 365 365 434 445
10196 1 2 365 365 434 435
10197 1 2 365 365 434 556
10198 1 2 365 365 434 567
10199 1 2 365 365 434 446
10200 1 2 365 365 555 566
10201 1 2 365 365 555 445
10202 1 2 365 365 555 435
10203 1 2 365 365 555 556
10204 1 2 365 365 555 567
10205 1 2 365 365 555 446
10206 1 2 365 365 566 445
10207 1 2 365 365 566 435
10208 1 2 365 365 566 556
10209 1 2 365 365 566 567
10210 1 2 365 365 566 446
10211 1 2 365 365 445 435
10212 1 2 365 365 445 556
10213 1 2 365 365 445 567
10214 1 2 365 365 445 446
10215 1 2 365 365 435 556
10216 1 2 365 365 435 567
10217 1 2 365 365 435 446
10218 1 2 365 365 556 567
10219 1 2 365 365 556 446
10220 1 2 365 365 567 446
10221 1 2 366 366 435 556
10222 1 2 366 366 435 567
10223 1 2 366 366 435 446
10224 1 2 366 366 435 436
10225 1 2 366 366 435 557
10226 1 2 366 366 435 568
10227 1 2 366 366 435 447
10228 1 2 366 366 556 567
10229 1 2 366 366 556 446
10230 1 2 366 366 556 436
10231 1 2 366 366 556 557
10232 1 2 366 366 556 568
10233 1 2 366 366 556 447
10234 1 2 366 366 567 446
10235 1 2 366 366 567 436
10236 1 2 366 366 567 557
10237 1 2 366 366 567 568
10238 1 2 366 366 567 447
10239 1 2 366 366 446 436
10240 1 2 366 366 446 557
10241 1 2 366 366 446 568
10242 1 2 366 366 446 447
10243 1 2 366 366 436 557
10244 1 2 366 366 436 568
10245 1 2 366 366 436 447
10246 1 2 366 366 557 568
10247 1 2 366 366 557 447
10248 1 2 366 366 568 447
10249 1 2 367 367 436 557
10250 1 2 367 367 436 568
10251 1 2 367 367 436 447
10252 1 2 367 367 436 437
10253 1 2 367 367 436 558
10254 1 2 367 367 436 569
10255 1 2 367 367 436 448
10256 1 2 367 367 557 568
10257 1 2 367 367 557 447
10258 1 2 367 367 557 437
10259 1 2 367 367 557 558
10260 1 2 367 367 557 569
10261 1 2 367 367 557 448
10262 1 2 367 367 568 447
10263 1 2 367 367 568 437
10264 1 2 367 367 568 558
10265 1 2 367 367 568 569
10266 1 2 367 367 568 448
10267 1 2 367 367 447 437
10268 1 2 367 367 447 558
10269 1 2 367 367 447 569
10270 1 2 367 367 447 448
10271 1 2 367 367 437 558
10272 1 2 367 367 437 569
10273 1 2 367 367 437 448
10274 1 2 367 367 558 569
10275 1 2 367 367 558 448
10276 1 2 367 367 569 448
10277 1 2 368 368 437 558
10278 1 2 368 368 437 569
10279 1 2 368 368 437 448
10280 1 2 368 368 437 438
10281 1 2 368 368 437 559
10282 1 2 368 368 437 570
10283 1 2 368 368 437 449
10284 1 2 368 368 558 569
10285 1 2 368 368 558 448
10286 1 2 368 368 558 438
10287 1 2 368 368 558 559
10288 1 2 368 368 558 570
10289 1 2 368 368 558 449
10290 1 2 368 368 569 448
10291 1 2 368 368 569 438
10292 1 2 368 368 569 559
10293 1 2 368 368 569 570
10294 1 2 368 368 569 449
10295 1 2 368 368 448 438
10296 1 2 368 368 448 559
10297 1 2 368 368 448 570
10298 1 2 368 368 448 449
10299 1 2 368 368 438 559
10300 1 2 368 368 438 570
10301 1 2 368 368 438 449
10302 1 2 368 368 559 570
10303 1 2 368 368 559 449
10304 1 2 368 368 570 449
10305 1 2 369 369 438 559
10306 1 2 369 369 438 570
10307 1 2 369 369 438 449
10308 1 2 369 369 438 439
10309 1 2 369 369 438 560
10310 1 2 369 369 438 571
10311 1 2 369 369 438 450
10312 1 2 369 369 559 570
10313 1 2 369 369 559 449
10314 1 2 369 369 559 439
10315 1 2 369 369 559 560
10316 1 2 369 369 559 571
10317 1 2 369 369 559 450
10318 1 2 369 369 570 449
10319 1 2 369 369 570 439
10320 1 2 369 369 570 560
10321 1 2 369 369 570 571
10322 1 2 369 369 570 450
10323 1 2 369 369 449 439
10324 1 2 369 369 449 560
10325 1 2 369 369 449 571
10326 1 2 369 369 449 450
10327 1 2 369 369 439 560
10328 1 2 369 369 439 571
10329 1 2 369 369 439 450
10330 1 2 369 369 560 571
10331 1 2 369 369 560 450
10332 1 2 369 369 571 450
10333 1 2 370 370 439 560
10334 1 2 370 370 439 571
10335 1 2 370 370 439 450
10336 1 2 370 370 439 440
10337 1 2 370 370 439 561
10338 1 2 370 370 439 572
10339 1 2 370 370 439 451
10340 1 2 370 370 560 571
10341 1 2 370 370 560 450
10342 1 2 370 370 560 440
10343 1 2 370 370 560 561
10344 1 2 370 370 560 572
10345 1 2 370 370 560 451
10346 1 2 370 370 571 450
10347 1 2 370 370 571 440
10348 1 2 370 370 571 561
10349 1 2 370 370 571 572
10350 1 2 370 370 571 451
10351 1 2 370 370 450 440
10352 1 2 370 370 450 561
10353 1 2 370 370 450 572
10354 1 2 370 370 450 451
10355 1 2 370 370 440 561
10356 1 2 370 370 440 572
10357 1 2 370 370 440 451
10358 1 2 370 370 561 572
10359 1 2 370 370 561 451
10360 1 2 370 370 572 451
10361 1 2 371 371 441 562
10362 1 2 371 371 441 573
10363 1 2 371 371 441 452
10364 1 2 371 371 441 442
10365 1 2 371 371 441 563
10366 1 2 371 371 441 574
10367 1 2 371 371 441 453
10368 1 2 371 371 562 573
10369 1 2 371 371 562 452
10370 1 2 371 371 562 442
10371 1 2 371 371 562 563
10372 1 2 371 371 562 574
10373 1 2 371 371 562 453
10374 1 2 371 371 573 452
10375 1 2 371 371 573 442
10376 1 2 371 371 573 563
10377 1 2 371 371 573 574
10378 1 2 371 371 573 453
10379 1 2 371 371 452 442
10380 1 2 371 371 452 563
10381 1 2 371 371 452 574
10382 1 2 371 371 452 453
10383 1 2 371 371 442 563
10384 1 2 371 371 442 574
10385 1 2 371 371 442 453
10386 1 2 371 371 563 574
10387 1 2 371 371 563 453
10388 1 2 371 371 574 453
10389 1 2 372 372 442 563
10390 1 2 372 372 442 574
10391 1 2 372 372 442 453
10392 1 2 372 372 442 443
10393 1 2 372 372 442 564
10394 1 2 372 372 442 575
10395 1 2 372 372 442 454
10396 1 2 372 372 563 574
10397 1 2 372 372 563 453
10398 1 2 372 372 563 443
10399 1 2 372 372 563 564
10400 1 2 372 372 563 575
10401 1 2 372 372 563 454
10402 1 2 372 372 574 453
10403 1 2 372 372 574 443
10404 1 2 372 372 574 564
10405 1 2 372 372 574 575
10406 1 2 372 372 574 454
10407 1 2 372 372 453 443
10408 1 2 372 372 453 564
10409 1 2 372 372 453 575
10410 1 2 372 372 453 454
10411 1 2 372 372 443 564
10412 1 2 372 372 443 575
10413 1 2 372 372 443 454
10414 1 2 372 372 564 575
10415 1 2 372 372 564 454
10416 1 2 372 372 575 454
10417 1 2 373 373 443 564
10418 1 2 373 373 443 575
10419 1 2 373 373 443 454
10420 1 2 373 373 443 444
10421 1 2 373 373 443 565
10422 1 2 373 373 443 576
10423 1 2 373 373 443 455
10424 1 2 373 373 564 575
10425 1 2 373 373 564 454
10426 1 2 373 373 564 444
10427 1 2 373 373 564 565
10428 1 2 373 373 564 576
10429 1 2 373 373 564 455
10430 1 2 373 373 575 454
10431 1 2 373 373 575 444
10432 1 2 373 373 575 565
10433 1 2 373 373 575 576
10434 1 2 373 373 575 455
10435 1 2 373 373 454 444
10436 1 2 373 373 454 565
10437 1 2 373 373 454 576
10438 1 2 373 373 454 455
10439 1 2 373 373 444 565
10440 1 2 373 373 444 576
10441 1 2 373 373 444 455
10442 1 2 373 373 565 576
10443 1 2 373 373 565 455
10444 1 2 373 373 576 455
10445 1 2 374 374 444 565
10446 1 2 374 374 444 576
10447 1 2 374 374 444 455
10448 1 2 374 374 444 445
10449 1 2 374 374 444 566
10450 1 2 374 374 444 577
10451 1 2 374 374 444 456
10452 1 2 374 374 565 576
10453 1 2 374 374 565 455
10454 1 2 374 374 565 445
10455 1 2 374 374 565 566
10456 1 2 374 374 565 577
10457 1 2 374 374 565 456
10458 1 2 374 374 576 455
10459 1 2 374 374 576 445
10460 1 2 374 374 576 566
10461 1 2 374 374 576 577
10462 1 2 374 374 576 456
10463 1 2 374 374 455 445
10464 1 2 374 374 455 566
10465 1 2 374 374 455 577
10466 1 2 374 374 455 456
10467 1 2 374 374 445 566
10468 1 2 374 374 445 577
10469 1 2 374 374 445 456
10470 1 2 374 374 566 577
10471 1 2 374 374 566 456
10472 1 2 374 374 577 456
10473 1 2 375 375 445 566
10474 1 2 375 375 445 577
10475 1 2 375 375 445 456
10476 1 2 375 375 445 446
10477 1 2 375 375 445 567
10478 1 2 375 375 445 578
10479 1 2 375 375 445 457
10480 1 2 375 375 566 577
10481 1 2 375 375 566 456
10482 1 2 375 375 566 446
10483 1 2 375 375 566 567
10484 1 2 375 375 566 578
10485 1 2 375 375 566 457
10486 1 2 375 375 577 456
10487 1 2 375 375 577 446
10488 1 2 375 375 577 567
10489 1 2 375 375 577 578
10490 1 2 375 375 577 457
10491 1 2 375 375 456 446
10492 1 2 375 375 456 567
10493 1 2 375 375 456 578
10494 1 2 375 375 456 457
10495 1 2 375 375 446 567
10496 1 2 375 375 446 578
10497 1 2 375 375 446 457
10498 1 2 375 375 567 578
10499 1 2 375 375 567 457
10500 1 2 375 375 578 457
10501 1 2 376 376 446 567
10502 1 2 376 376 446 578
10503 1 2 376 376 446 457
10504 1 2 376 376 446 447
10505 1 2 376 376 446 568
10506 1 2 376 376 446 579
10507 1 2 376 376 446 458
10508 1 2 376 376 567 578
10509 1 2 376 376 567 457
10510 1 2 376 376 567 447
10511 1 2 376 376 567 568
10512 1 2 376 376 567 579
10513 1 2 376 376 567 458
10514 1 2 376 376 578 457
10515 1 2 376 376 578 447
10516 1 2 376 376 578 568
10517 1 2 376 376 578 579
10518 1 2 376 376 578 458
10519 1 2 376 376 457 447
10520 1 2 376 376 457 568
10521 1 2 376 376 457 579
10522 1 2 376 376 457 458
10523 1 2 376 376 447 568
10524 1 2 376 376 447 579
10525 1 2 376 376 447 458
10526 1 2 376 376 568 579
10527 1 2 376 376 568 458
10528 1 2 376 376 579 458
10529 1 2 377 377 447 568
10530 1 2 377 377 447 579
10531 1 2 377 377 447 458
10532 1 2 377 377 447 448
10533 1 2 377 377 447 569
10534 1 2 377 377 447 580
10535 1 2 377 377 447 459
10536 1 2 377 377 568 579
10537 1 2 377 377 568 458
10538 1 2 377 377 568 448
10539 1 2 377 377 568 569
10540 1 2 377 377 568 580
10541 1 2 377 377 568 459
10542 1 2 377 377 579 458
10543 1 2 377 377 579 448
10544 1 2 377 377 579 569
10545 1 2 377 377 579 580
10546 1 2 377 377 579 459
10547 1 2 377 377 458 448
10548 1 2 377 377 458 569
10549 1 2 377 377 458 580
10550 1 2 377 377 458 459
10551 1 2 377 377 448 569
10552 1 2 377 377 448 580
10553 1 2 377 377 448 459
10554 1 2 377 377 569 580
10555 1 2 377 377 569 459
10556 1 2 377 377 580 459
10557 1 2 378 378 448 569
10558 1 2 378 378 448 580
10559 1 2 378 378 448 459
10560 1 2 378 378 448 449
10561 1 2 378 378 448 570
10562 1 2 378 378 448 581
10563 1 2 378 378 448 460
10564 1 2 378 378 569 580
10565 1 2 378 378 569 459
10566 1 2 378 378 569 449
10567 1 2 378 378 569 570
10568 1 2 378 378 569 581
10569 1 2 378 378 569 460
10570 1 2 378 378 580 459
10571 1 2 378 378 580 449
10572 1 2 378 378 580 570
10573 1 2 378 378 580 581
10574 1 2 378 378 580 460
10575 1 2 378 378 459 449
10576 1 2 378 378 459 570
10577 1 2 378 378 459 581
10578 1 2 378 378 459 460
10579 1 2 378 378 449 570
10580 1 2 378 378 449 581
10581 1 2 378 378 449 460
10582 1 2 378 378 570 581
10583 1 2 378 378 570 460
10584 1 2 378 378 581 460
10585 1 2 379 379 449 570
10586 1 2 379 379 449 581
10587 1 2 379 379 449 460
10588 1 2 379 379 449 450
10589 1 2 379 379 449 571
10590 1 2 379 379 449 582
10591 1 2 379 379 449 461
10592 1 2 379 379 570 581
10593 1 2 379 379 570 460
10594 1 2 379 379 570 450
10595 1 2 379 379 570 571
10596 1 2 379 379 570 582
10597 1 2 379 379 570 461
10598 1 2 379 379 581 460
10599 1 2 379 379 581 450
10600 1 2 379 379 581 571
10601 1 2 379 379 581 582
10602 1 2 379 379 581 461
10603 1 2 379 379 460 450
10604 1 2 379 379 460 571
10605 1 2 379 379 460 582
10606 1 2 379 379 460 461
10607 1 2 379 379 450 571
10608 1 2 379 379 450 582
10609 1 2 379 379 450 461
10610 1 2 379 379 571 582
10611 1 2 379 379 571 461
10612 1 2 379 379 582 461
10613 1 2 380 380 450 571
10614 1 2 380 380 450 582
10615 1 2 380 380 450 461
10616 1 2 380 380 450 451
10617 1 2 380 380 450 572
10618 1 2 380 380 450 583
10619 1 2 380 380 450 462
10620 1 2 380 380 571 582
10621 1 2 380 380 571 461
10622 1 2 380 380 571 451
10623 1 2 380 380 571 572
10624 1 2 380 380 571 583
10625 1 2 380 380 571 462
10626 1 2 380 380 582 461
10627 1 2 380 380 582 451
10628 1 2 380 380 582 572
10629 1 2 380 380 582 583
10630 1 2 380 380 582 462
10631 1 2 380 380 461 451
10632 1 2 380 380 461 572
10633 1 2 380 380 461 583
10634 1 2 380 380 461 462
10635 1 2 380 380 451 572
10636 1 2 380 380 451 583
10637 1 2 380 380 451 462
10638 1 2 380 380 572 583
10639 1 2 380 380 572 462
10640 1 2 380 380 583 462
10641 1 2 381 381 452 573
10642 1 2 381 381 452 584
10643 1 2 381 381 452 463
10644 1 2 381 381 452 453
10645 1 2 381 381 452 574
10646 1 2 381 381 452 585
10647 1 2 381 381 452 464
10648 1 2 381 381 573 584
10649 1 2 381 381 573 463
10650 1 2 381 381 573 453
10651 1 2 381 381 573 574
10652 1 2 381 381 573 585
10653 1 2 381 381 573 464
10654 1 2 381 381 584 463
10655 1 2 381 381 584 453
10656 1 2 381 381 584 574
10657 1 2 381 381 584 585
10658 1 2 381 381 584 464
10659 1 2 381 381 463 453
10660 1 2 381 381 463 574
10661 1 2 381 381 463 585
10662 1 2 381 381 463 464
10663 1 2 381 381 453 574
10664 1 2 381 381 453 585
10665 1 2 381 381 453 464
10666 1 2 381 381 574 585
10667 1 2 381 381 574 464
10668 1 2 381 381 585 464
10669 1 2 382 382 453 574
10670 1 2 382 382 453 585
10671 1 2 382 382 453 464
10672 1 2 382 382 453 454
10673 1 2 382 382 453 575
10674 1 2 382 382 453 586
10675 1 2 382 382 453 465
10676 1 2 382 382 574 585
10677 1 2 382 382 574 464
10678 1 2 382 382 574 454
10679 1 2 382 382 574 575
10680 1 2 382 382 574 586
10681 1 2 382 382 574 465
10682 1 2 382 382 585 464
10683 1 2 382 382 585 454
10684 1 2 382 382 585 575
10685 1 2 382 382 585 586
10686 1 2 382 382 585 465
10687 1 2 382 382 464 454
10688 1 2 382 382 464 575
10689 1 2 382 382 464 586
10690 1 2 382 382 464 465
10691 1 2 382 382 454 575
10692 1 2 382 382 454 586
10693 1 2 382 382 454 465
10694 1 2 382 382 575 586
10695 1 2 382 382 575 465
10696 1 2 382 382 586 465
10697 1 2 383 383 454 575
10698 1 2 383 383 454 586
10699 1 2 383 383 454 465
10700 1 2 383 383 454 455
10701 1 2 383 383 454 576
10702 1 2 383 383 454 587
10703 1 2 383 383 454 466
10704 1 2 383 383 575 586
10705 1 2 383 383 575 465
10706 1 2 383 383 575 455
10707 1 2 383 383 575 576
10708 1 2 383 383 575 587
10709 1 2 383 383 575 466
10710 1 2 383 383 586 465
10711 1 2 383 383 586 455
10712 1 2 383 383 586 576
10713 1 2 383 383 586 587
10714 1 2 383 383 586 466
10715 1 2 383 383 465 455
10716 1 2 383 383 465 576
10717 1 2 383 383 465 587
10718 1 2 383 383 465 466
10719 1 2 383 383 455 576
10720 1 2 383 383 455 587
10721 1 2 383 383 455 466
10722 1 2 383 383 576 587
10723 1 2 383 383 576 466
10724 1 2 383 383 587 466
10725 1 2 384 384 455 576
10726 1 2 384 384 455 587
10727 1 2 384 384 455 466
10728 1 2 384 384 455 456
10729 1 2 384 384 455 577
10730 1 2 384 384 455 588
10731 1 2 384 384 455 467
10732 1 2 384 384 576 587
10733 1 2 384 384 576 466
10734 1 2 384 384 576 456
10735 1 2 384 384 576 577
10736 1 2 384 384 576 588
10737 1 2 384 384 576 467
10738 1 2 384 384 587 466
10739 1 2 384 384 587 456
10740 1 2 384 384 587 577
10741 1 2 384 384 587 588
10742 1 2 384 384 587 467
10743 1 2 384 384 466 456
10744 1 2 384 384 466 577
10745 1 2 384 384 466 588
10746 1 2 384 384 466 467
10747 1 2 384 384 456 577
10748 1 2 384 384 456 588
10749 1 2 384 384 456 467
10750 1 2 384 384 577 588
10751 1 2 384 384 577 467
10752 1 2 384 384 588 467
10753 1 2 385 385 456 577
10754 1 2 385 385 456 588
10755 1 2 385 385 456 467
10756 1 2 385 385 456 457
10757 1 2 385 385 456 578
10758 1 2 385 385 456 589
10759 1 2 385 385 456 468
10760 1 2 385 385 577 588
10761 1 2 385 385 577 467
10762 1 2 385 385 577 457
10763 1 2 385 385 577 578
10764 1 2 385 385 577 589
10765 1 2 385 385 577 468
10766 1 2 385 385 588 467
10767 1 2 385 385 588 457
10768 1 2 385 385 588 578
10769 1 2 385 385 588 589
10770 1 2 385 385 588 468
10771 1 2 385 385 467 457
10772 1 2 385 385 467 578
10773 1 2 385 385 467 589
10774 1 2 385 385 467 468
10775 1 2 385 385 457 578
10776 1 2 385 385 457 589
10777 1 2 385 385 457 468
10778 1 2 385 385 578 589
10779 1 2 385 385 578 468
10780 1 2 385 385 589 468
10781 1 2 386 386 457 578
10782 1 2 386 386 457 589
10783 1 2 386 386 457 468
10784 1 2 386 386 457 458
10785 1 2 386 386 457 579
10786 1 2 386 386 457 590
10787 1 2 386 386 457 469
10788 1 2 386 386 578 589
10789 1 2 386 386 578 468
10790 1 2 386 386 578 458
10791 1 2 386 386 578 579
10792 1 2 386 386 578 590
10793 1 2 386 386 578 469
10794 1 2 386 386 589 468
10795 1 2 386 386 589 458
10796 1 2 386 386 589 579
10797 1 2 386 386 589 590
10798 1 2 386 386 589 469
10799 1 2 386 386 468 458
10800 1 2 386 386 468 579
10801 1 2 386 386 468 590
10802 1 2 386 386 468 469
10803 1 2 386 386 458 579
10804 1 2 386 386 458 590
10805 1 2 386 386 458 469
10806 1 2 386 386 579 590
10807 1 2 386 386 579 469
10808 1 2 386 386 590 469
10809 1 2 387 387 458 579
10810 1 2 387 387 458 590
10811 1 2 387 387 458 469
10812 1 2 387 387 458 459
10813 1 2 387 387 458 580
10814 1 2 387 387 458 591
10815 1 2 387 387 458 470
10816 1 2 387 387 579 590
10817 1 2 387 387 579 469
10818 1 2 387 387 579 459
10819 1 2 387 387 579 580
10820 1 2 387 387 579 591
10821 1 2 387 387 579 470
10822 1 2 387 387 590 469
10823 1 2 387 387 590 459
10824 1 2 387 387 590 580
10825 1 2 387 387 590 591
10826 1 2 387 387 590 470
10827 1 2 387 387 469 459
10828 1 2 387 387 469 580
10829 1 2 387 387 469 591
10830 1 2 387 387 469 470
10831 1 2 387 387 459 580
10832 1 2 387 387 459 591
10833 1 2 387 387 459 470
10834 1 2 387 387 580 591
10835 1 2 387 387 580 470
10836 1 2 387 387 591 470
10837 1 2 388 388 459 580
10838 1 2 388 388 459 591
10839 1 2 388 388 459 470
10840 1 2 388 388 459 460
10841 1 2 388 388 459 581
10842 1 2 388 388 459 592
10843 1 2 388 388 459 471
10844 1 2 388 388 580 591
10845 1 2 388 388 580 470
10846 1 2 388 388 580 460
10847 1 2 388 388 580 581
10848 1 2 388 388 580 592
10849 1 2 388 388 580 471
10850 1 2 388 388 591 470
10851 1 2 388 388 591 460
10852 1 2 388 388 591 581
10853 1 2 388 388 591 592
10854 1 2 388 388 591 471
10855 1 2 388 388 470 460
10856 1 2 388 388 470 581
10857 1 2 388 388 470 592
10858 1 2 388 388 470 471
10859 1 2 388 388 460 581
10860 1 2 388 388 460 592
10861 1 2 388 388 460 471
10862 1 2 388 388 581 592
10863 1 2 388 388 581 471
10864 1 2 388 388 592 471
10865 1 2 389 389 460 581
10866 1 2 389 389 460 592
10867 1 2 389 389 460 471
10868 1 2 389 389 460 461
10869 1 2 389 389 460 582
10870 1 2 389 389 460 593
10871 1 2 389 389 460 472
10872 1 2 389 389 581 592
10873 1 2 389 389 581 471
10874 1 2 389 389 581 461
10875 1 2 389 389 581 582
10876 1 2 389 389 581 593
10877 1 2 389 389 581 472
10878 1 2 389 389 592 471
10879 1 2 389 389 592 461
10880 1 2 389 389 592 582
10881 1 2 389 389 592 593
10882 1 2 389 389 592 472
10883 1 2 389 389 471 461
10884 1 2 389 389 471 582
10885 1 2 389 389 471 593
10886 1 2 389 389 471 472
10887 1 2 389 389 461 582
10888 1 2 389 389 461 593
10889 1 2 389 389 461 472
10890 1 2 389 389 582 593
10891 1 2 389 389 582 472
10892 1 2 389 389 593 472
10893 1 2 390 390 461 582
10894 1 2 390 390 461 593
10895 1 2 390 390 461 472
10896 1 2 390 390 461 462
10897 1 2 390 390 461 583
10898 1 2 390 390 461 594
10899 1 2 390 390 461 473
10900 1 2 390 390 582 593
10901 1 2 390 390 582 472
10902 1 2 390 390 582 462
10903 1 2 390 390 582 583
10904 1 2 390 390 582 594
10905 1 2 390 390 582 473
10906 1 2 390 390 593 472
10907 1 2 390 390 593 462
10908 1 2 390 390 593 583
10909 1 2 390 390 593 594
10910 1 2 390 390 593 473
10911 1 2 390 390 472 462
10912 1 2 390 390 472 583
10913 1 2 390 390 472 594
10914 1 2 390 390 472 473
10915 1 2 390 390 462 583
10916 1 2 390 390 462 594
10917 1 2 390 390 462 473
10918 1 2 390 390 583 594
10919 1 2 390 390 583 473
10920 1 2 390 390 594 473
10921 1 2 391 391 463 584
10922 1 2 391 391 463 595
10923 1 2 391 391 463 474
10924 1 2 391 391 463 464
10925 1 2 391 391 463 585
10926 1 2 391 391 463 596
10927 1 2 391 391 463 475
10928 1 2 391 391 584 595
10929 1 2 391 391 584 474
10930 1 2 391 391 584 464
10931 1 2 391 391 584 585
10932 1 2 391 391 584 596
10933 1 2 391 391 584 475
10934 1 2 391 391 595 474
10935 1 2 391 391 595 464
10936 1 2 391 391 595 585
10937 1 2 391 391 595 596
10938 1 2 391 391 595 475
10939 1 2 391 391 474 464
10940 1 2 391 391 474 585
10941 1 2 391 391 474 596
10942 1 2 391 391 474 475
10943 1 2 391 391 464 585
10944 1 2 391 391 464 596
10945 1 2 391 391 464 475
10946 1 2 391 391 585 596
10947 1 2 391 391 585 475
10948 1 2 391 391 596 475
10949 1 2 392 392 464 585
10950 1 2 392 392 464 596
10951 1 2 392 392 464 475
10952 1 2 392 392 464 465
10953 1 2 392 392 464 586
10954 1 2 392 392 464 597
10955 1 2 392 392 464 476
10956 1 2 392 392 585 596
10957 1 2 392 392 585 475
10958 1 2 392 392 585 465
10959 1 2 392 392 585 586
10960 1 2 392 392 585 597
10961 1 2 392 392 585 476
10962 1 2 392 392 596 475
10963 1 2 392 392 596 465
10964 1 2 392 392 596 586
10965 1 2 392 392 596 597
10966 1 2 392 392 596 476
10967 1 2 392 392 475 465
10968 1 2 392 392 475 586
10969 1 2 392 392 475 597
10970 1 2 392 392 475 476
10971 1 2 392 392 465 586
10972 1 2 392 392 465 597
10973 1 2 392 392 465 476
10974 1 2 392 392 586 597
10975 1 2 392 392 586 476
10976 1 2 392 392 597 476
10977 1 2 393 393 465 586
10978 1 2 393 393 465 597
10979 1 2 393 393 465 476
10980 1 2 393 393 465 466
10981 1 2 393 393 465 587
10982 1 2 393 393 465 598
10983 1 2 393 393 465 477
10984 1 2 393 393 586 597
10985 1 2 393 393 586 476
10986 1 2 393 393 586 466
10987 1 2 393 393 586 587
10988 1 2 393 393 586 598
10989 1 2 393 393 586 477
10990 1 2 393 393 597 476
10991 1 2 393 393 597 466
10992 1 2 393 393 597 587
10993 1 2 393 393 597 598
10994 1 2 393 393 597 477
10995 1 2 393 393 476 466
10996 1 2 393 393 476 587
10997 1 2 393 393 476 598
10998 1 2 393 393 476 477
10999 1 2 393 393 466 587
11000 1 2 393 393 466 598
11001 1 2 393 393 466 477
11002 1 2 393 393 587 598
11003 1 2 393 393 587 477
11004 1 2 393 393 598 477
11005 1 2 394 394 466 587
11006 1 2 394 394 466 598
11007 1 2 394 394 466 477
11008 1 2 394 394 466 467
11009 1 2 394 394 466 588
11010 1 2 394 394 466 599
11011 1 2 394 394 466 478
11012 1 2 394 394 587 598
11013 1 2 394 394 587 477
11014 1 2 394 394 587 467
11015 1 2 394 394 587 588
11016 1 2 394 394 587 599
11017 1 2 394 394 587 478
11018 1 2 394 394 598 477
11019 1 2 394 394 598 467
11020 1 2 394 394 598 588
11021 1 2 394 394 598 599
11022 1 2 394 394 598 478
11023 1 2 394 394 477 467
11024 1 2 394 394 477 588
11025 1 2 394 394 477 599
11026 1 2 394 394 477 478
11027 1 2 394 394 467 588
11028 1 2 394 394 467 599
11029 1 2 394 394 467 478
11030 1 2 394 394 588 599
11031 1 2 394 394 588 478
11032 1 2 394 394 599 478
11033 1 2 395 395 467 588
11034 1 2 395 395 467 599
11035 1 2 395 395 467 478
11036 1 2 395 395 467 468
11037 1 2 395 395 467 589
11038 1 2 395 395 467 600
11039 1 2 395 395 467 479
11040 1 2 395 395 588 599
11041 1 2 395 395 588 478
11042 1 2 395 395 588 468
11043 1 2 395 395 588 589
11044 1 2 395 395 588 600
11045 1 2 395 395 588 479
11046 1 2 395 395 599 478
11047 1 2 395 395 599 468
11048 1 2 395 395 599 589
11049 1 2 395 395 599 600
11050 1 2 395 395 599 479
11051 1 2 395 395 478 468
11052 1 2 395 395 478 589
11053 1 2 395 395 478 600
11054 1 2 395 395 478 479
11055 1 2 395 395 468 589
11056 1 2 395 395 468 600
11057 1 2 395 395 468 479
11058 1 2 395 395 589 600
11059 1 2 395 395 589 479
11060 1 2 395 395 600 479
11061 1 2 396 396 468 589
11062 1 2 396 396 468 600
11063 1 2 396 396 468 479
11064 1 2 396 396 468 469
11065 1 2 396 396 468 590
11066 1 2 396 396 468 601
11067 1 2 396 396 468 480
11068 1 2 396 396 589 600
11069 1 2 396 396 589 479
11070 1 2 396 396 589 469
11071 1 2 396 396 589 590
11072 1 2 396 396 589 601
11073 1 2 396 396 589 480
11074 1 2 396 396 600 479
11075 1 2 396 396 600 469
11076 1 2 396 396 600 590
11077 1 2 396 396 600 601
11078 1 2 396 396 600 480
11079 1 2 396 396 479 469
11080 1 2 396 396 479 590
11081 1 2 396 396 479 601
11082 1 2 396 396 479 480
11083 1 2 396 396 469 590
11084 1 2 396 396 469 601
11085 1 2 396 396 469 480
11086 1 2 396 396 590 601
11087 1 2 396 396 590 480
11088 1 2 396 396 601 480
11089 1 2 397 397 469 590
11090 1 2 397 397 469 601
11091 1 2 397 397 469 480
11092 1 2 397 397 469 470
11093 1 2 397 397 469 591
11094 1 2 397 397 469 602
11095 1 2 397 397 469 481
11096 1 2 397 397 590 601
11097 1 2 397 397 590 480
11098 1 2 397 397 590 470
11099 1 2 397 397 590 591
11100 1 2 397 397 590 602
11101 1 2 397 397 590 481
11102 1 2 397 397 601 480
11103 1 2 397 397 601 470
11104 1 2 397 397 601 591
11105 1 2 397 397 601 602
11106 1 2 397 397 601 481
11107 1 2 397 397 480 470
11108 1 2 397 397 480 591
11109 1 2 397 397 480 602
11110 1 2 397 397 480 481
11111 1 2 397 397 470 591
11112 1 2 397 397 470 602
11113 1 2 397 397 470 481
11114 1 2 397 397 591 602
11115 1 2 397 397 591 481
11116 1 2 397 397 602 481
11117 1 2 398 398 470 591
11118 1 2 398 398 470 602
11119 1 2 398 398 470 481
11120 1 2 398 398 470 471
11121 1 2 398 398 470 592
11122 1 2 398 398 470 603
11123 1 2 398 398 470 482
11124 1 2 398 398 591 602
11125 1 2 398 398 591 481
11126 1 2 398 398 591 471
11127 1 2 398 398 591 592
11128 1 2 398 398 591 603
11129 1 2 398 398 591 482
11130 1 2 398 398 602 481
11131 1 2 398 398 602 471
11132 1 2 398 398 602 592
11133 1 2 398 398 602 603
11134 1 2 398 398 602 482
11135 1 2 398 398 481 471
11136 1 2 398 398 481 592
11137 1 2 398 398 481 603
11138 1 2 398 398 481 482
11139 1 2 398 398 471 592
11140 1 2 398 398 471 603
11141 1 2 398 398 471 482
11142 1 2 398 398 592 603
11143 1 2 398 398 592 482
11144 1 2 398 398 603 482
11145 1 2 399 399 471 592
11146 1 2 399 399 471 603
11147 1 2 399 399 471 482
11148 1 2 399 399 471 472
11149 1 2 399 399 471 593
11150 1 2 399 399 471 604
11151 1 2 399 399 471 483
11152 1 2 399 399 592 603
11153 1 2 399 399 592 482
11154 1 2 399 399 592 472
11155 1 2 399 399 592 593
11156 1 2 399 399 592 604
11157 1 2 399 399 592 483
11158 1 2 399 399 603 482
11159 1 2 399 399 603 472
11160 1 2 399 399 603 593
11161 1 2 399 399 603 604
11162 1 2 399 399 603 483
11163 1 2 399 399 482 472
11164 1 2 399 399 482 593
11165 1 2 399 399 482 604
11166 1 2 399 399 482 483
11167 1 2 399 399 472 593
11168 1 2 399 399 472 604
11169 1 2 399 399 472 483
11170 1 2 399 399 593 604
11171 1 2 399 399 593 483
11172 1 2 399 399 604 483
11173 1 2 400 400 472 593
11174 1 2 400 400 472 604
11175 1 2 400 400 472 483
11176 1 2 400 400 472 473
11177 1 2 400 400 472 594
11178 1 2 400 400 472 605
11179 1 2 400 400 472 484
11180 1 2 400 400 593 604
11181 1 2 400 400 593 483
11182 1 2 400 400 593 473
11183 1 2 400 400 593 594
11184 1 2 400 400 593 605
11185 1 2 400 400 593 484
11186 1 2 400 400 604 483
11187 1 2 400 400 604 473
11188 1 2 400 400 604 594
11189 1 2 400 400 604 605
11190 1 2 400 400 604 484
11191 1 2 400 400 483 473
11192 1 2 400 400 483 594
11193 1 2 400 400 483 605
11194 1 2 400 400 483 484
11195 1 2 400 400 473 594
11196 1 2 400 400 473 605
11197 1 2 400 400 473 484
11198 1 2 400 400 594 605
11199 1 2 400 400 594 484
11200 1 2 400 400 605 484
11201 1 2 401 401 485 606
11202 1 2 401 401 485 617
11203 1 2 401 401 485 496
11204 1 2 401 401 485 486
11205 1 2 401 401 485 607
11206 1 2 401 401 485 618
11207 1 2 401 401 485 497
11208 1 2 401 401 606 617
11209 1 2 401 401 606 496
11210 1 2 401 401 606 486
11211 1 2 401 401 606 607
11212 1 2 401 401 606 618
11213 1 2 401 401 606 497
11214 1 2 401 401 617 496
11215 1 2 401 401 617 486
11216 1 2 401 401 617 607
11217 1 2 401 401 617 618
11218 1 2 401 401 617 497
11219 1 2 401 401 496 486
11220 1 2 401 401 496 607
11221 1 2 401 401 496 618
11222 1 2 401 401 496 497
11223 1 2 401 401 486 607
11224 1 2 401 401 486 618
11225 1 2 401 401 486 497
11226 1 2 401 401 607 618
11227 1 2 401 401 607 497
11228 1 2 401 401 618 497
11229 1 2 402 402 486 607
11230 1 2 402 402 486 618
11231 1 2 402 402 486 497
11232 1 2 402 402 486 487
11233 1 2 402 402 486 608
11234 1 2 402 402 486 619
11235 1 2 402 402 486 498
11236 1 2 402 402 607 618
11237 1 2 402 402 607 497
11238 1 2 402 402 607 487
11239 1 2 402 402 607 608
11240 1 2 402 402 607 619
11241 1 2 402 402 607 498
11242 1 2 402 402 618 497
11243 1 2 402 402 618 487
11244 1 2 402 402 618 608
11245 1 2 402 402 618 619
11246 1 2 402 402 618 498
11247 1 2 402 402 497 487
11248 1 2 402 402 497 608
11249 1 2 402 402 497 619
11250 1 2 402 402 497 498
11251 1 2 402 402 487 608
11252 1 2 402 402 487 619
11253 1 2 402 402 487 498
11254 1 2 402 402 608 619
11255 1 2 402 402 608 498
11256 1 2 402 402 619 498
11257 1 2 403 403 487 608
11258 1 2 403 403 487 619
11259 1 2 403 403 487 498
11260 1 2 403 403 487 488
11261 1 2 403 403 487 609
11262 1 2 403 403 487 620
11263 1 2 403 403 487 499
11264 1 2 403 403 608 619
11265 1 2 403 403 608 498
11266 1 2 403 403 608 488
11267 1 2 403 403 608 609
11268 1 2 403 403 608 620
11269 1 2 403 403 608 499
11270 1 2 403 403 619 498
11271 1 2 403 403 619 488
11272 1 2 403 403 619 609
11273 1 2 403 403 619 620
11274 1 2 403 403 619 499
11275 1 2 403 403 498 488
11276 1 2 403 403 498 609
11277 1 2 403 403 498 620
11278 1 2 403 403 498 499
11279 1 2 403 403 488 609
11280 1 2 403 403 488 620
11281 1 2 403 403 488 499
11282 1 2 403 403 609 620
11283 1 2 403 403 609 499
11284 1 2 403 403 620 499
11285 1 2 404 404 488 609
11286 1 2 404 404 488 620
11287 1 2 404 404 488 499
11288 1 2 404 404 488 489
11289 1 2 404 404 488 610
11290 1 2 404 404 488 621
11291 1 2 404 404 488 500
11292 1 2 404 404 609 620
11293 1 2 404 404 609 499
11294 1 2 404 404 609 489
11295 1 2 404 404 609 610
11296 1 2 404 404 609 621
11297 1 2 404 404 609 500
11298 1 2 404 404 620 499
11299 1 2 404 404 620 489
11300 1 2 404 404 620 610
11301 1 2 404 404 620 621
11302 1 2 404 404 620 500
11303 1 2 404 404 499 489
11304 1 2 404 404 499 610
11305 1 2 404 404 499 621
11306 1 2 404 404 499 500
11307 1 2 404 404 489 610
11308 1 2 404 404 489 621
11309 1 2 404 404 489 500
11310 1 2 404 404 610 621
11311 1 2 404 404 610 500
11312 1 2 404 404 621 500
11313 1 2 405 405 489 610
11314 1 2 405 405 489 621
11315 1 2 405 405 489 500
11316 1 2 405 405 489 490
11317 1 2 405 405 489 611
11318 1 2 405 405 489 622
11319 1 2 405 405 489 501
11320 1 2 405 405 610 621
11321 1 2 405 405 610 500
11322 1 2 405 405 610 490
11323 1 2 405 405 610 611
11324 1 2 405 405 610 622
11325 1 2 405 405 610 501
11326 1 2 405 405 621 500
11327 1 2 405 405 621 490
11328 1 2 405 405 621 611
11329 1 2 405 405 621 622
11330 1 2 405 405 621 501
11331 1 2 405 405 500 490
11332 1 2 405 405 500 611
11333 1 2 405 405 500 622
11334 1 2 405 405 500 501
11335 1 2 405 405 490 611
11336 1 2 405 405 490 622
11337 1 2 405 405 490 501
11338 1 2 405 405 611 622
11339 1 2 405 405 611 501
11340 1 2 405 405 622 501
11341 1 2 406 406 490 611
11342 1 2 406 406 490 622
11343 1 2 406 406 490 501
11344 1 2 406 406 490 491
11345 1 2 406 406 490 612
11346 1 2 406 406 490 623
11347 1 2 406 406 490 502
11348 1 2 406 406 611 622
11349 1 2 406 406 611 501
11350 1 2 406 406 611 491
11351 1 2 406 406 611 612
11352 1 2 406 406 611 623
11353 1 2 406 406 611 502
11354 1 2 406 406 622 501
11355 1 2 406 406 622 491
11356 1 2 406 406 622 612
11357 1 2 406 406 622 623
11358 1 2 406 406 622 502
11359 1 2 406 406 501 491
11360 1 2 406 406 501 612
11361 1 2 406 406 501 623
11362 1 2 406 406 501 502
11363 1 2 406 406 491 612
11364 1 2 406 406 491 623
11365 1 2 406 406 491 502
11366 1 2 406 406 612 623
11367 1 2 406 406 612 502
11368 1 2 406 406 623 502
11369 1 2 407 407 491 612
11370 1 2 407 407 491 623
11371 1 2 407 407 491 502
11372 1 2 407 407 491 492
11373 1 2 407 407 491 613
11374 1 2 407 407 491 624
11375 1 2 407 407 491 503
11376 1 2 407 407 612 623
11377 1 2 407 407 612 502
11378 1 2 407 407 612 492
11379 1 2 407 407 612 613
11380 1 2 407 407 612 624
11381 1 2 407 407 612 503
11382 1 2 407 407 623 502
11383 1 2 407 407 623 492
11384 1 2 407 407 623 613
11385 1 2 407 407 623 624
11386 1 2 407 407 623 503
11387 1 2 407 407 502 492
11388 1 2 407 407 502 613
11389 1 2 407 407 502 624
11390 1 2 407 407 502 503
11391 1 2 407 407 492 613
11392 1 2 407 407 492 624
11393 1 2 407 407 492 503
11394 1 2 407 407 613 624
11395 1 2 407 407 613 503
11396 1 2 407 407 624 503
11397 1 2 408 408 492 613
11398 1 2 408 408 492 624
11399 1 2 408 408 492 503
11400 1 2 408 408 492 493
11401 1 2 408 408 492 614
11402 1 2 408 408 492 625
11403 1 2 408 408 492 504
11404 1 2 408 408 613 624
11405 1 2 408 408 613 503
11406 1 2 408 408 613 493
11407 1 2 408 408 613 614
11408 1 2 408 408 613 625
11409 1 2 408 408 613 504
11410 1 2 408 408 624 503
11411 1 2 408 408 624 493
11412 1 2 408 408 624 614
11413 1 2 408 408 624 625
11414 1 2 408 408 624 504
11415 1 2 408 408 503 493
11416 1 2 408 408 503 614
11417 1 2 408 408 503 625
11418 1 2 408 408 503 504
11419 1 2 408 408 493 614
11420 1 2 408 408 493 625
11421 1 2 408 408 493 504
11422 1 2 408 408 614 625
11423 1 2 408 408 614 504
11424 1 2 408 408 625 504
11425 1 2 409 409 493 614
11426 1 2 409 409 493 625
11427 1 2 409 409 493 504
11428 1 2 409 409 493 494
11429 1 2 409 409 493 615
11430 1 2 409 409 493 626
11431 1 2 409 409 493 505
11432 1 2 409 409 614 625
11433 1 2 409 409 614 504
11434 1 2 409 409 614 494
11435 1 2 409 409 614 615
11436 1 2 409 409 614 626
11437 1 2 409 409 614 505
11438 1 2 409 409 625 504
11439 1 2 409 409 625 494
11440 1 2 409 409 625 615
11441 1 2 409 409 625 626
11442 1 2 409 409 625 505
11443 1 2 409 409 504 494
11444 1 2 409 409 504 615
11445 1 2 409 409 504 626
11446 1 2 409 409 504 505
11447 1 2 409 409 494 615
11448 1 2 409 409 494 626
11449 1 2 409 409 494 505
11450 1 2 409 409 615 626
11451 1 2 409 409 615 505
11452 1 2 409 409 626 505
11453 1 2 410 410 494 615
11454 1 2 410 410 494 626
11455 1 2 410 410 494 505
11456 1 2 410 410 494 495
11457 1 2 410 410 494 616
11458 1 2 410 410 494 627
11459 1 2 410 410 494 506
11460 1 2 410 410 615 626
11461 1 2 410 410 615 505
11462 1 2 410 410 615 495
11463 1 2 410 410 615 616
11464 1 2 410 410 615 627
11465 1 2 410 410 615 506
11466 1 2 410 410 626 505
11467 1 2 410 410 626 495
11468 1 2 410 410 626 616
11469 1 2 410 410 626 627
11470 1 2 410 410 626 506
11471 1 2 410 410 505 495
11472 1 2 410 410 505 616
11473 1 2 410 410 505 627
11474 1 2 410 410 505 506
11475 1 2 410 410 495 616
11476 1 2 410 410 495 627
11477 1 2 410 410 495 506
11478 1 2 410 410 616 627
11479 1 2 410 410 616 506
11480 1 2 410 410 627 506
11481 1 2 411 411 496 617
11482 1 2 411 411 496 628
11483 1 2 411 411 496 507
11484 1 2 411 411 496 497
11485 1 2 411 411 496 618
11486 1 2 411 411 496 629
11487 1 2 411 411 496 508
11488 1 2 411 411 617 628
11489 1 2 411 411 617 507
11490 1 2 411 411 617 497
11491 1 2 411 411 617 618
11492 1 2 411 411 617 629
11493 1 2 411 411 617 508
11494 1 2 411 411 628 507
11495 1 2 411 411 628 497
11496 1 2 411 411 628 618
11497 1 2 411 411 628 629
11498 1 2 411 411 628 508
11499 1 2 411 411 507 497
11500 1 2 411 411 507 618
11501 1 2 411 411 507 629
11502 1 2 411 411 507 508
11503 1 2 411 411 497 618
11504 1 2 411 411 497 629
11505 1 2 411 411 497 508
11506 1 2 411 411 618 629
11507 1 2 411 411 618 508
11508 1 2 411 411 629 508
11509 1 2 412 412 497 618
11510 1 2 412 412 497 629
11511 1 2 412 412 497 508
11512 1 2 412 412 497 498
11513 1 2 412 412 497 619
11514 1 2 412 412 497 630
11515 1 2 412 412 497 509
11516 1 2 412 412 618 629
11517 1 2 412 412 618 508
11518 1 2 412 412 618 498
11519 1 2 412 412 618 619
11520 1 2 412 412 618 630
11521 1 2 412 412 618 509
11522 1 2 412 412 629 508
11523 1 2 412 412 629 498
11524 1 2 412 412 629 619
11525 1 2 412 412 629 630
11526 1 2 412 412 629 509
11527 1 2 412 412 508 498
11528 1 2 412 412 508 619
11529 1 2 412 412 508 630
11530 1 2 412 412 508 509
11531 1 2 412 412 498 619
11532 1 2 412 412 498 630
11533 1 2 412 412 498 509
11534 1 2 412 412 619 630
11535 1 2 412 412 619 509
11536 1 2 412 412 630 509
11537 1 2 413 413 498 619
11538 1 2 413 413 498 630
11539 1 2 413 413 498 509
11540 1 2 413 413 498 499
11541 1 2 413 413 498 620
11542 1 2 413 413 498 631
11543 1 2 413 413 498 510
11544 1 2 413 413 619 630
11545 1 2 413 413 619 509
11546 1 2 413 413 619 499
11547 1 2 413 413 619 620
11548 1 2 413 413 619 631
11549 1 2 413 413 619 510
11550 1 2 413 413 630 509
11551 1 2 413 413 630 499
11552 1 2 413 413 630 620
11553 1 2 413 413 630 631
11554 1 2 413 413 630 510
11555 1 2 413 413 509 499
11556 1 2 413 413 509 620
11557 1 2 413 413 509 631
11558 1 2 413 413 509 510
11559 1 2 413 413 499 620
11560 1 2 413 413 499 631
11561 1 2 413 413 499 510
11562 1 2 413 413 620 631
11563 1 2 413 413 620 510
11564 1 2 413 413 631 510
11565 1 2 414 414 499 620
11566 1 2 414 414 499 631
11567 1 2 414 414 499 510
11568 1 2 414 414 499 500
11569 1 2 414 414 499 621
11570 1 2 414 414 499 632
11571 1 2 414 414 499 511
11572 1 2 414 414 620 631
11573 1 2 414 414 620 510
11574 1 2 414 414 620 500
11575 1 2 414 414 620 621
11576 1 2 414 414 620 632
11577 1 2 414 414 620 511
11578 1 2 414 414 631 510
11579 1 2 414 414 631 500
11580 1 2 414 414 631 621
11581 1 2 414 414 631 632
11582 1 2 414 414 631 511
11583 1 2 414 414 510 500
11584 1 2 414 414 510 621
11585 1 2 414 414 510 632
11586 1 2 414 414 510 511
11587 1 2 414 414 500 621
11588 1 2 414 414 500 632
11589 1 2 414 414 500 511
11590 1 2 414 414 621 632
11591 1 2 414 414 621 511
11592 1 2 414 414 632 511
11593 1 2 415 415 500 621
11594 1 2 415 415 500 632
11595 1 2 415 415 500 511
11596 1 2 415 415 500 501
11597 1 2 415 415 500 622
11598 1 2 415 415 500 633
11599 1 2 415 415 500 512
11600 1 2 415 415 621 632
11601 1 2 415 415 621 511
11602 1 2 415 415 621 501
11603 1 2 415 415 621 622
11604 1 2 415 415 621 633
11605 1 2 415 415 621 512
11606 1 2 415 415 632 511
11607 1 2 415 415 632 501
11608 1 2 415 415 632 622
11609 1 2 415 415 632 633
11610 1 2 415 415 632 512
11611 1 2 415 415 511 501
11612 1 2 415 415 511 622
11613 1 2 415 415 511 633
11614 1 2 415 415 511 512
11615 1 2 415 415 501 622
11616 1 2 415 415 501 633
11617 1 2 415 415 501 512
11618 1 2 415 415 622 633
11619 1 2 415 415 622 512
11620 1 2 415 415 633 512
11621 1 2 416 416 501 622
11622 1 2 416 416 501 633
11623 1 2 416 416 501 512
11624 1 2 416 416 501 502
11625 1 2 416 416 501 623
11626 1 2 416 416 501 634
11627 1 2 416 416 501 513
11628 1 2 416 416 622 633
11629 1 2 416 416 622 512
11630 1 2 416 416 622 502
11631 1 2 416 416 622 623
11632 1 2 416 416 622 634
11633 1 2 416 416 622 513
11634 1 2 416 416 633 512
11635 1 2 416 416 633 502
11636 1 2 416 416 633 623
11637 1 2 416 416 633 634
11638 1 2 416 416 633 513
11639 1 2 416 416 512 502
11640 1 2 416 416 512 623
11641 1 2 416 416 512 634
11642 1 2 416 416 512 513
11643 1 2 416 416 502 623
11644 1 2 416 416 502 634
11645 1 2 416 416 502 513
11646 1 2 416 416 623 634
11647 1 2 416 416 623 513
11648 1 2 416 416 634 513
11649 1 2 417 417 502 623
11650 1 2 417 417 502 634
11651 1 2 417 417 502 513
11652 1 2 417 417 502 503
11653 1 2 417 417 502 624
11654 1 2 417 417 502 635
11655 1 2 417 417 502 514
11656 1 2 417 417 623 634
11657 1 2 417 417 623 513
11658 1 2 417 417 623 503
11659 1 2 417 417 623 624
11660 1 2 417 417 623 635
11661 1 2 417 417 623 514
11662 1 2 417 417 634 513
11663 1 2 417 417 634 503
11664 1 2 417 417 634 624
11665 1 2 417 417 634 635
11666 1 2 417 417 634 514
11667 1 2 417 417 513 503
11668 1 2 417 417 513 624
11669 1 2 417 417 513 635
11670 1 2 417 417 513 514
11671 1 2 417 417 503 624
11672 1 2 417 417 503 635
11673 1 2 417 417 503 514
11674 1 2 417 417 624 635
11675 1 2 417 417 624 514
11676 1 2 417 417 635 514
11677 1 2 418 418 503 624
11678 1 2 418 418 503 635
11679 1 2 418 418 503 514
11680 1 2 418 418 503 504
11681 1 2 418 418 503 625
11682 1 2 418 418 503 636
11683 1 2 418 418 503 515
11684 1 2 418 418 624 635
11685 1 2 418 418 624 514
11686 1 2 418 418 624 504
11687 1 2 418 418 624 625
11688 1 2 418 418 624 636
11689 1 2 418 418 624 515
11690 1 2 418 418 635 514
11691 1 2 418 418 635 504
11692 1 2 418 418 635 625
11693 1 2 418 418 635 636
11694 1 2 418 418 635 515
11695 1 2 418 418 514 504
11696 1 2 418 418 514 625
11697 1 2 418 418 514 636
11698 1 2 418 418 514 515
11699 1 2 418 418 504 625
11700 1 2 418 418 504 636
11701 1 2 418 418 504 515
11702 1 2 418 418 625 636
11703 1 2 418 418 625 515
11704 1 2 418 418 636 515
11705 1 2 419 419 504 625
11706 1 2 419 419 504 636
11707 1 2 419 419 504 515
11708 1 2 419 419 504 505
11709 1 2 419 419 504 626
11710 1 2 419 419 504 637
11711 1 2 419 419 504 516
11712 1 2 419 419 625 636
11713 1 2 419 419 625 515
11714 1 2 419 419 625 505
11715 1 2 419 419 625 626
11716 1 2 419 419 625 637
11717 1 2 419 419 625 516
11718 1 2 419 419 636 515
11719 1 2 419 419 636 505
11720 1 2 419 419 636 626
11721 1 2 419 419 636 637
11722 1 2 419 419 636 516
11723 1 2 419 419 515 505
11724 1 2 419 419 515 626
11725 1 2 419 419 515 637
11726 1 2 419 419 515 516
11727 1 2 419 419 505 626
11728 1 2 419 419 505 637
11729 1 2 419 419 505 516
11730 1 2 419 419 626 637
11731 1 2 419 419 626 516
11732 1 2 419 419 637 516
11733 1 2 420 420 505 626
11734 1 2 420 420 505 637
11735 1 2 420 420 505 516
11736 1 2 420 420 505 506
11737 1 2 420 420 505 627
11738 1 2 420 420 505 638
11739 1 2 420 420 505 517
11740 1 2 420 420 626 637
11741 1 2 420 420 626 516
11742 1 2 420 420 626 506
11743 1 2 420 420 626 627
11744 1 2 420 420 626 638
11745 1 2 420 420 626 517
11746 1 2 420 420 637 516
11747 1 2 420 420 637 506
11748 1 2 420 420 637 627
11749 1 2 420 420 637 638
11750 1 2 420 420 637 517
11751 1 2 420 420 516 506
11752 1 2 420 420 516 627
11753 1 2 420 420 516 638
11754 1 2 420 420 516 517
11755 1 2 420 420 506 627
11756 1 2 420 420 506 638
11757 1 2 420 420 506 517
11758 1 2 420 420 627 638
11759 1 2 420 420 627 517
11760 1 2 420 420 638 517
11761 1 2 421 421 507 628
11762 1 2 421 421 507 639
11763 1 2 421 421 507 518
11764 1 2 421 421 507 508
11765 1 2 421 421 507 629
11766 1 2 421 421 507 640
11767 1 2 421 421 507 519
11768 1 2 421 421 628 639
11769 1 2 421 421 628 518
11770 1 2 421 421 628 508
11771 1 2 421 421 628 629
11772 1 2 421 421 628 640
11773 1 2 421 421 628 519
11774 1 2 421 421 639 518
11775 1 2 421 421 639 508
11776 1 2 421 421 639 629
11777 1 2 421 421 639 640
11778 1 2 421 421 639 519
11779 1 2 421 421 518 508
11780 1 2 421 421 518 629
11781 1 2 421 421 518 640
11782 1 2 421 421 518 519
11783 1 2 421 421 508 629
11784 1 2 421 421 508 640
11785 1 2 421 421 508 519
11786 1 2 421 421 629 640
11787 1 2 421 421 629 519
11788 1 2 421 421 640 519
11789 1 2 422 422 508 629
11790 1 2 422 422 508 640
11791 1 2 422 422 508 519
11792 1 2 422 422 508 509
11793 1 2 422 422 508 630
11794 1 2 422 422 508 641
11795 1 2 422 422 508 520
11796 1 2 422 422 629 640
11797 1 2 422 422 629 519
11798 1 2 422 422 629 509
11799 1 2 422 422 629 630
11800 1 2 422 422 629 641
11801 1 2 422 422 629 520
11802 1 2 422 422 640 519
11803 1 2 422 422 640 509
11804 1 2 422 422 640 630
11805 1 2 422 422 640 641
11806 1 2 422 422 640 520
11807 1 2 422 422 519 509
11808 1 2 422 422 519 630
11809 1 2 422 422 519 641
11810 1 2 422 422 519 520
11811 1 2 422 422 509 630
11812 1 2 422 422 509 641
11813 1 2 422 422 509 520
11814 1 2 422 422 630 641
11815 1 2 422 422 630 520
11816 1 2 422 422 641 520
11817 1 2 423 423 509 630
11818 1 2 423 423 509 641
11819 1 2 423 423 509 520
11820 1 2 423 423 509 510
11821 1 2 423 423 509 631
11822 1 2 423 423 509 642
11823 1 2 423 423 509 521
11824 1 2 423 423 630 641
11825 1 2 423 423 630 520
11826 1 2 423 423 630 510
11827 1 2 423 423 630 631
11828 1 2 423 423 630 642
11829 1 2 423 423 630 521
11830 1 2 423 423 641 520
11831 1 2 423 423 641 510
11832 1 2 423 423 641 631
11833 1 2 423 423 641 642
11834 1 2 423 423 641 521
11835 1 2 423 423 520 510
11836 1 2 423 423 520 631
11837 1 2 423 423 520 642
11838 1 2 423 423 520 521
11839 1 2 423 423 510 631
11840 1 2 423 423 510 642
11841 1 2 423 423 510 521
11842 1 2 423 423 631 642
11843 1 2 423 423 631 521
11844 1 2 423 423 642 521
11845 1 2 424 424 510 631
11846 1 2 424 424 510 642
11847 1 2 424 424 510 521
11848 1 2 424 424 510 511
11849 1 2 424 424 510 632
11850 1 2 424 424 510 643
11851 1 2 424 424 510 522
11852 1 2 424 424 631 642
11853 1 2 424 424 631 521
11854 1 2 424 424 631 511
11855 1 2 424 424 631 632
11856 1 2 424 424 631 643
11857 1 2 424 424 631 522
11858 1 2 424 424 642 521
11859 1 2 424 424 642 511
11860 1 2 424 424 642 632
11861 1 2 424 424 642 643
11862 1 2 424 424 642 522
11863 1 2 424 424 521 511
11864 1 2 424 424 521 632
11865 1 2 424 424 521 643
11866 1 2 424 424 521 522
11867 1 2 424 424 511 632
11868 1 2 424 424 511 643
11869 1 2 424 424 511 522
11870 1 2 424 424 632 643
11871 1 2 424 424 632 522
11872 1 2 424 424 643 522
11873 1 2 425 425 511 632
11874 1 2 425 425 511 643
11875 1 2 425 425 511 522
11876 1 2 425 425 511 512
11877 1 2 425 425 511 633
11878 1 2 425 425 511 644
11879 1 2 425 425 511 523
11880 1 2 425 425 632 643
11881 1 2 425 425 632 522
11882 1 2 425 425 632 512
11883 1 2 425 425 632 633
11884 1 2 425 425 632 644
11885 1 2 425 425 632 523
11886 1 2 425 425 643 522
11887 1 2 425 425 643 512
11888 1 2 425 425 643 633
11889 1 2 425 425 643 644
11890 1 2 425 425 643 523
11891 1 2 425 425 522 512
11892 1 2 425 425 522 633
11893 1 2 425 425 522 644
11894 1 2 425 425 522 523
11895 1 2 425 425 512 633
11896 1 2 425 425 512 644
11897 1 2 425 425 512 523
11898 1 2 425 425 633 644
11899 1 2 425 425 633 523
11900 1 2 425 425 644 523
11901 1 2 426 426 512 633
11902 1 2 426 426 512 644
11903 1 2 426 426 512 523
11904 1 2 426 426 512 513
11905 1 2 426 426 512 634
11906 1 2 426 426 512 645
11907 1 2 426 426 512 524
11908 1 2 426 426 633 644
11909 1 2 426 426 633 523
11910 1 2 426 426 633 513
11911 1 2 426 426 633 634
11912 1 2 426 426 633 645
11913 1 2 426 426 633 524
11914 1 2 426 426 644 523
11915 1 2 426 426 644 513
11916 1 2 426 426 644 634
11917 1 2 426 426 644 645
11918 1 2 426 426 644 524
11919 1 2 426 426 523 513
11920 1 2 426 426 523 634
11921 1 2 426 426 523 645
11922 1 2 426 426 523 524
11923 1 2 426 426 513 634
11924 1 2 426 426 513 645
11925 1 2 426 426 513 524
11926 1 2 426 426 634 645
11927 1 2 426 426 634 524
11928 1 2 426 426 645 524
11929 1 2 427 427 513 634
11930 1 2 427 427 513 645
11931 1 2 427 427 513 524
11932 1 2 427 427 513 514
11933 1 2 427 427 513 635
11934 1 2 427 427 513 646
11935 1 2 427 427 513 525
11936 1 2 427 427 634 645
11937 1 2 427 427 634 524
11938 1 2 427 427 634 514
11939 1 2 427 427 634 635
11940 1 2 427 427 634 646
11941 1 2 427 427 634 525
11942 1 2 427 427 645 524
11943 1 2 427 427 645 514
11944 1 2 427 427 645 635
11945 1 2 427 427 645 646
11946 1 2 427 427 645 525
11947 1 2 427 427 524 514
11948 1 2 427 427 524 635
11949 1 2 427 427 524 646
11950 1 2 427 427 524 525
11951 1 2 427 427 514 635
11952 1 2 427 427 514 646
11953 1 2 427 427 514 525
11954 1 2 427 427 635 646
11955 1 2 427 427 635 525
11956 1 2 427 427 646 525
11957 1 2 428 428 514 635
11958 1 2 428 428 514 646
11959 1 2 428 428 514 525
11960 1 2 428 428 514 515
11961 1 2 428 428 514 636
11962 1 2 428 428 514 647
11963 1 2 428 428 514 526
11964 1 2 428 428 635 646
11965 1 2 428 428 635 525
11966 1 2 428 428 635 515
11967 1 2 428 428 635 636
11968 1 2 428 428 635 647
11969 1 2 428 428 635 526
11970 1 2 428 428 646 525
11971 1 2 428 428 646 515
11972 1 2 428 428 646 636
11973 1 2 428 428 646 647
11974 1 2 428 428 646 526
11975 1 2 428 428 525 515
11976 1 2 428 428 525 636
11977 1 2 428 428 525 647
11978 1 2 428 428 525 526
11979 1 2 428 428 515 636
11980 1 2 428 428 515 647
11981 1 2 428 428 515 526
11982 1 2 428 428 636 647
11983 1 2 428 428 636 526
11984 1 2 428 428 647 526
11985 1 2 429 429 515 636
11986 1 2 429 429 515 647
11987 1 2 429 429 515 526
11988 1 2 429 429 515 516
11989 1 2 429 429 515 637
11990 1 2 429 429 515 648
11991 1 2 429 429 515 527
11992 1 2 429 429 636 647
11993 1 2 429 429 636 526
11994 1 2 429 429 636 516
11995 1 2 429 429 636 637
11996 1 2 429 429 636 648
11997 1 2 429 429 636 527
11998 1 2 429 429 647 526
11999 1 2 429 429 647 516
12000 1 2 429 429 647 637
12001 1 2 429 429 647 648
12002 1 2 429 429 647 527
12003 1 2 429 429 526 516
12004 1 2 429 429 526 637
12005 1 2 429 429 526 648
12006 1 2 429 429 526 527
12007 1 2 429 429 516 637
12008 1 2 429 429 516 648
12009 1 2 429 429 516 527
12010 1 2 429 429 637 648
12011 1 2 429 429 637 527
12012 1 2 429 429 648 527
12013 1 2 430 430 516 637
12014 1 2 430 430 516 648
12015 1 2 430 430 516 527
12016 1 2 430 430 516 517
12017 1 2 430 430 516 638
12018 1 2 430 430 516 649
12019 1 2 430 430 516 528
12020 1 2 430 430 637 648
12021 1 2 430 430 637 527
12022 1 2 430 430 637 517
12023 1 2 430 430 637 638
12024 1 2 430 430 637 649
12025 1 2 430 430 637 528
12026 1 2 430 430 648 527
12027 1 2 430 430 648 517
12028 1 2 430 430 648 638
12029 1 2 430 430 648 649
12030 1 2 430 430 648 528
12031 1 2 430 430 527 517
12032 1 2 430 430 527 638
12033 1 2 430 430 527 649
12034 1 2 430 430 527 528
12035 1 2 430 430 517 638
12036 1 2 430 430 517 649
12037 1 2 430 430 517 528
12038 1 2 430 430 638 649
12039 1 2 430 430 638 528
12040 1 2 430 430 649 528
12041 1 2 431 431 518 639
12042 1 2 431 431 518 650
12043 1 2 431 431 518 529
12044 1 2 431 431 518 519
12045 1 2 431 431 518 640
12046 1 2 431 431 518 651
12047 1 2 431 431 518 530
12048 1 2 431 431 639 650
12049 1 2 431 431 639 529
12050 1 2 431 431 639 519
12051 1 2 431 431 639 640
12052 1 2 431 431 639 651
12053 1 2 431 431 639 530
12054 1 2 431 431 650 529
12055 1 2 431 431 650 519
12056 1 2 431 431 650 640
12057 1 2 431 431 650 651
12058 1 2 431 431 650 530
12059 1 2 431 431 529 519
12060 1 2 431 431 529 640
12061 1 2 431 431 529 651
12062 1 2 431 431 529 530
12063 1 2 431 431 519 640
12064 1 2 431 431 519 651
12065 1 2 431 431 519 530
12066 1 2 431 431 640 651
12067 1 2 431 431 640 530
12068 1 2 431 431 651 530
12069 1 2 432 432 519 640
12070 1 2 432 432 519 651
12071 1 2 432 432 519 530
12072 1 2 432 432 519 520
12073 1 2 432 432 519 641
12074 1 2 432 432 519 652
12075 1 2 432 432 519 531
12076 1 2 432 432 640 651
12077 1 2 432 432 640 530
12078 1 2 432 432 640 520
12079 1 2 432 432 640 641
12080 1 2 432 432 640 652
12081 1 2 432 432 640 531
12082 1 2 432 432 651 530
12083 1 2 432 432 651 520
12084 1 2 432 432 651 641
12085 1 2 432 432 651 652
12086 1 2 432 432 651 531
12087 1 2 432 432 530 520
12088 1 2 432 432 530 641
12089 1 2 432 432 530 652
12090 1 2 432 432 530 531
12091 1 2 432 432 520 641
12092 1 2 432 432 520 652
12093 1 2 432 432 520 531
12094 1 2 432 432 641 652
12095 1 2 432 432 641 531
12096 1 2 432 432 652 531
12097 1 2 433 433 520 641
12098 1 2 433 433 520 652
12099 1 2 433 433 520 531
12100 1 2 433 433 520 521
12101 1 2 433 433 520 642
12102 1 2 433 433 520 653
12103 1 2 433 433 520 532
12104 1 2 433 433 641 652
12105 1 2 433 433 641 531
12106 1 2 433 433 641 521
12107 1 2 433 433 641 642
12108 1 2 433 433 641 653
12109 1 2 433 433 641 532
12110 1 2 433 433 652 531
12111 1 2 433 433 652 521
12112 1 2 433 433 652 642
12113 1 2 433 433 652 653
12114 1 2 433 433 652 532
12115 1 2 433 433 531 521
12116 1 2 433 433 531 642
12117 1 2 433 433 531 653
12118 1 2 433 433 531 532
12119 1 2 433 433 521 642
12120 1 2 433 433 521 653
12121 1 2 433 433 521 532
12122 1 2 433 433 642 653
12123 1 2 433 433 642 532
12124 1 2 433 433 653 532
12125 1 2 434 434 521 642
12126 1 2 434 434 521 653
12127 1 2 434 434 521 532
12128 1 2 434 434 521 522
12129 1 2 434 434 521 643
12130 1 2 434 434 521 654
12131 1 2 434 434 521 533
12132 1 2 434 434 642 653
12133 1 2 434 434 642 532
12134 1 2 434 434 642 522
12135 1 2 434 434 642 643
12136 1 2 434 434 642 654
12137 1 2 434 434 642 533
12138 1 2 434 434 653 532
12139 1 2 434 434 653 522
12140 1 2 434 434 653 643
12141 1 2 434 434 653 654
12142 1 2 434 434 653 533
12143 1 2 434 434 532 522
12144 1 2 434 434 532 643
12145 1 2 434 434 532 654
12146 1 2 434 434 532 533
12147 1 2 434 434 522 643
12148 1 2 434 434 522 654
12149 1 2 434 434 522 533
12150 1 2 434 434 643 654
12151 1 2 434 434 643 533
12152 1 2 434 434 654 533
12153 1 2 435 435 522 643
12154 1 2 435 435 522 654
12155 1 2 435 435 522 533
12156 1 2 435 435 522 523
12157 1 2 435 435 522 644
12158 1 2 435 435 522 655
12159 1 2 435 435 522 534
12160 1 2 435 435 643 654
12161 1 2 435 435 643 533
12162 1 2 435 435 643 523
12163 1 2 435 435 643 644
12164 1 2 435 435 643 655
12165 1 2 435 435 643 534
12166 1 2 435 435 654 533
12167 1 2 435 435 654 523
12168 1 2 435 435 654 644
12169 1 2 435 435 654 655
12170 1 2 435 435 654 534
12171 1 2 435 435 533 523
12172 1 2 435 435 533 644
12173 1 2 435 435 533 655
12174 1 2 435 435 533 534
12175 1 2 435 435 523 644
12176 1 2 435 435 523 655
12177 1 2 435 435 523 534
12178 1 2 435 435 644 655
12179 1 2 435 435 644 534
12180 1 2 435 435 655 534
12181 1 2 436 436 523 644
12182 1 2 436 436 523 655
12183 1 2 436 436 523 534
12184 1 2 436 436 523 524
12185 1 2 436 436 523 645
12186 1 2 436 436 523 656
12187 1 2 436 436 523 535
12188 1 2 436 436 644 655
12189 1 2 436 436 644 534
12190 1 2 436 436 644 524
12191 1 2 436 436 644 645
12192 1 2 436 436 644 656
12193 1 2 436 436 644 535
12194 1 2 436 436 655 534
12195 1 2 436 436 655 524
12196 1 2 436 436 655 645
12197 1 2 436 436 655 656
12198 1 2 436 436 655 535
12199 1 2 436 436 534 524
12200 1 2 436 436 534 645
12201 1 2 436 436 534 656
12202 1 2 436 436 534 535
12203 1 2 436 436 524 645
12204 1 2 436 436 524 656
12205 1 2 436 436 524 535
12206 1 2 436 436 645 656
12207 1 2 436 436 645 535
12208 1 2 436 436 656 535
12209 1 2 437 437 524 645
12210 1 2 437 437 524 656
12211 1 2 437 437 524 535
12212 1 2 437 437 524 525
12213 1 2 437 437 524 646
12214 1 2 437 437 524 657
12215 1 2 437 437 524 536
12216 1 2 437 437 645 656
12217 1 2 437 437 645 535
12218 1 2 437 437 645 525
12219 1 2 437 437 645 646
12220 1 2 437 437 645 657
12221 1 2 437 437 645 536
12222 1 2 437 437 656 535
12223 1 2 437 437 656 525
12224 1 2 437 437 656 646
12225 1 2 437 437 656 657
12226 1 2 437 437 656 536
12227 1 2 437 437 535 525
12228 1 2 437 437 535 646
12229 1 2 437 437 535 657
12230 1 2 437 437 535 536
12231 1 2 437 437 525 646
12232 1 2 437 437 525 657
12233 1 2 437 437 525 536
12234 1 2 437 437 646 657
12235 1 2 437 437 646 536
12236 1 2 437 437 657 536
12237 1 2 438 438 525 646
12238 1 2 438 438 525 657
12239 1 2 438 438 525 536
12240 1 2 438 438 525 526
12241 1 2 438 438 525 647
12242 1 2 438 438 525 658
12243 1 2 438 438 525 537
12244 1 2 438 438 646 657
12245 1 2 438 438 646 536
12246 1 2 438 438 646 526
12247 1 2 438 438 646 647
12248 1 2 438 438 646 658
12249 1 2 438 438 646 537
12250 1 2 438 438 657 536
12251 1 2 438 438 657 526
12252 1 2 438 438 657 647
12253 1 2 438 438 657 658
12254 1 2 438 438 657 537
12255 1 2 438 438 536 526
12256 1 2 438 438 536 647
12257 1 2 438 438 536 658
12258 1 2 438 438 536 537
12259 1 2 438 438 526 647
12260 1 2 438 438 526 658
12261 1 2 438 438 526 537
12262 1 2 438 438 647 658
12263 1 2 438 438 647 537
12264 1 2 438 438 658 537
12265 1 2 439 439 526 647
12266 1 2 439 439 526 658
12267 1 2 439 439 526 537
12268 1 2 439 439 526 527
12269 1 2 439 439 526 648
12270 1 2 439 439 526 659
12271 1 2 439 439 526 538
12272 1 2 439 439 647 658
12273 1 2 439 439 647 537
12274 1 2 439 439 647 527
12275 1 2 439 439 647 648
12276 1 2 439 439 647 659
12277 1 2 439 439 647 538
12278 1 2 439 439 658 537
12279 1 2 439 439 658 527
12280 1 2 439 439 658 648
12281 1 2 439 439 658 659
12282 1 2 439 439 658 538
12283 1 2 439 439 537 527
12284 1 2 439 439 537 648
12285 1 2 439 439 537 659
12286 1 2 439 439 537 538
12287 1 2 439 439 527 648
12288 1 2 439 439 527 659
12289 1 2 439 439 527 538
12290 1 2 439 439 648 659
12291 1 2 439 439 648 538
12292 1 2 439 439 659 538
12293 1 2 440 440 527 648
12294 1 2 440 440 527 659
12295 1 2 440 440 527 538
12296 1 2 440 440 527 528
12297 1 2 440 440 527 649
12298 1 2 440 440 527 660
12299 1 2 440 440 527 539
12300 1 2 440 440 648 659
12301 1 2 440 440 648 538
12302 1 2 440 440 648 528
12303 1 2 440 440 648 649
12304 1 2 440 440 648 660
12305 1 2 440 440 648 539
12306 1 2 440 440 659 538
12307 1 2 440 440 659 528
12308 1 2 440 440 659 649
12309 1 2 440 440 659 660
12310 1 2 440 440 659 539
12311 1 2 440 440 538 528
12312 1 2 440 440 538 649
12313 1 2 440 440 538 660
12314 1 2 440 440 538 539
12315 1 2 440 440 528 649
12316 1 2 440 440 528 660
12317 1 2 440 440 528 539
12318 1 2 440 440 649 660
12319 1 2 440 440 649 539
12320 1 2 440 440 660 539
12321 1 2 441 441 529 650
12322 1 2 441 441 529 661
12323 1 2 441 441 529 540
12324 1 2 441 441 529 530
12325 1 2 441 441 529 651
12326 1 2 441 441 529 662
12327 1 2 441 441 529 541
12328 1 2 441 441 650 661
12329 1 2 441 441 650 540
12330 1 2 441 441 650 530
12331 1 2 441 441 650 651
12332 1 2 441 441 650 662
12333 1 2 441 441 650 541
12334 1 2 441 441 661 540
12335 1 2 441 441 661 530
12336 1 2 441 441 661 651
12337 1 2 441 441 661 662
12338 1 2 441 441 661 541
12339 1 2 441 441 540 530
12340 1 2 441 441 540 651
12341 1 2 441 441 540 662
12342 1 2 441 441 540 541
12343 1 2 441 441 530 651
12344 1 2 441 441 530 662
12345 1 2 441 441 530 541
12346 1 2 441 441 651 662
12347 1 2 441 441 651 541
12348 1 2 441 441 662 541
12349 1 2 442 442 530 651
12350 1 2 442 442 530 662
12351 1 2 442 442 530 541
12352 1 2 442 442 530 531
12353 1 2 442 442 530 652
12354 1 2 442 442 530 663
12355 1 2 442 442 530 542
12356 1 2 442 442 651 662
12357 1 2 442 442 651 541
12358 1 2 442 442 651 531
12359 1 2 442 442 651 652
12360 1 2 442 442 651 663
12361 1 2 442 442 651 542
12362 1 2 442 442 662 541
12363 1 2 442 442 662 531
12364 1 2 442 442 662 652
12365 1 2 442 442 662 663
12366 1 2 442 442 662 542
12367 1 2 442 442 541 531
12368 1 2 442 442 541 652
12369 1 2 442 442 541 663
12370 1 2 442 442 541 542
12371 1 2 442 442 531 652
12372 1 2 442 442 531 663
12373 1 2 442 442 531 542
12374 1 2 442 442 652 663
12375 1 2 442 442 652 542
12376 1 2 442 442 663 542
12377 1 2 443 443 531 652
12378 1 2 443 443 531 663
12379 1 2 443 443 531 542
12380 1 2 443 443 531 532
12381 1 2 443 443 531 653
12382 1 2 443 443 531 664
12383 1 2 443 443 531 543
12384 1 2 443 443 652 663
12385 1 2 443 443 652 542
12386 1 2 443 443 652 532
12387 1 2 443 443 652 653
12388 1 2 443 443 652 664
12389 1 2 443 443 652 543
12390 1 2 443 443 663 542
12391 1 2 443 443 663 532
12392 1 2 443 443 663 653
12393 1 2 443 443 663 664
12394 1 2 443 443 663 543
12395 1 2 443 443 542 532
12396 1 2 443 443 542 653
12397 1 2 443 443 542 664
12398 1 2 443 443 542 543
12399 1 2 443 443 532 653
12400 1 2 443 443 532 664
12401 1 2 443 443 532 543
12402 1 2 443 443 653 664
12403 1 2 443 443 653 543
12404 1 2 443 443 664 543
12405 1 2 444 444 532 653
12406 1 2 444 444 532 664
12407 1 2 444 444 532 543
12408 1 2 444 444 532 533
12409 1 2 444 444 532 654
12410 1 2 444 444 532 665
12411 1 2 444 444 532 544
12412 1 2 444 444 653 664
12413 1 2 444 444 653 543
12414 1 2 444 444 653 533
12415 1 2 444 444 653 654
12416 1 2 444 444 653 665
12417 1 2 444 444 653 544
12418 1 2 444 444 664 543
12419 1 2 444 444 664 533
12420 1 2 444 444 664 654
12421 1 2 444 444 664 665
12422 1 2 444 444 664 544
12423 1 2 444 444 543 533
12424 1 2 444 444 543 654
12425 1 2 444 444 543 665
12426 1 2 444 444 543 544
12427 1 2 444 444 533 654
12428 1 2 444 444 533 665
12429 1 2 444 444 533 544
12430 1 2 444 444 654 665
12431 1 2 444 444 654 544
12432 1 2 444 444 665 544
12433 1 2 445 445 533 654
12434 1 2 445 445 533 665
12435 1 2 445 445 533 544
12436 1 2 445 445 533 534
12437 1 2 445 445 533 655
12438 1 2 445 445 533 666
12439 1 2 445 445 533 545
12440 1 2 445 445 654 665
12441 1 2 445 445 654 544
12442 1 2 445 445 654 534
12443 1 2 445 445 654 655
12444 1 2 445 445 654 666
12445 1 2 445 445 654 545
12446 1 2 445 445 665 544
12447 1 2 445 445 665 534
12448 1 2 445 445 665 655
12449 1 2 445 445 665 666
12450 1 2 445 445 665 545
12451 1 2 445 445 544 534
12452 1 2 445 445 544 655
12453 1 2 445 445 544 666
12454 1 2 445 445 544 545
12455 1 2 445 445 534 655
12456 1 2 445 445 534 666
12457 1 2 445 445 534 545
12458 1 2 445 445 655 666
12459 1 2 445 445 655 545
12460 1 2 445 445 666 545
12461 1 2 446 446 534 655
12462 1 2 446 446 534 666
12463 1 2 446 446 534 545
12464 1 2 446 446 534 535
12465 1 2 446 446 534 656
12466 1 2 446 446 534 667
12467 1 2 446 446 534 546
12468 1 2 446 446 655 666
12469 1 2 446 446 655 545
12470 1 2 446 446 655 535
12471 1 2 446 446 655 656
12472 1 2 446 446 655 667
12473 1 2 446 446 655 546
12474 1 2 446 446 666 545
12475 1 2 446 446 666 535
12476 1 2 446 446 666 656
12477 1 2 446 446 666 667
12478 1 2 446 446 666 546
12479 1 2 446 446 545 535
12480 1 2 446 446 545 656
12481 1 2 446 446 545 667
12482 1 2 446 446 545 546
12483 1 2 446 446 535 656
12484 1 2 446 446 535 667
12485 1 2 446 446 535 546
12486 1 2 446 446 656 667
12487 1 2 446 446 656 546
12488 1 2 446 446 667 546
12489 1 2 447 447 535 656
12490 1 2 447 447 535 667
12491 1 2 447 447 535 546
12492 1 2 447 447 535 536
12493 1 2 447 447 535 657
12494 1 2 447 447 535 668
12495 1 2 447 447 535 547
12496 1 2 447 447 656 667
12497 1 2 447 447 656 546
12498 1 2 447 447 656 536
12499 1 2 447 447 656 657
12500 1 2 447 447 656 668
12501 1 2 447 447 656 547
12502 1 2 447 447 667 546
12503 1 2 447 447 667 536
12504 1 2 447 447 667 657
12505 1 2 447 447 667 668
12506 1 2 447 447 667 547
12507 1 2 447 447 546 536
12508 1 2 447 447 546 657
12509 1 2 447 447 546 668
12510 1 2 447 447 546 547
12511 1 2 447 447 536 657
12512 1 2 447 447 536 668
12513 1 2 447 447 536 547
12514 1 2 447 447 657 668
12515 1 2 447 447 657 547
12516 1 2 447 447 668 547
12517 1 2 448 448 536 657
12518 1 2 448 448 536 668
12519 1 2 448 448 536 547
12520 1 2 448 448 536 537
12521 1 2 448 448 536 658
12522 1 2 448 448 536 669
12523 1 2 448 448 536 548
12524 1 2 448 448 657 668
12525 1 2 448 448 657 547
12526 1 2 448 448 657 537
12527 1 2 448 448 657 658
12528 1 2 448 448 657 669
12529 1 2 448 448 657 548
12530 1 2 448 448 668 547
12531 1 2 448 448 668 537
12532 1 2 448 448 668 658
12533 1 2 448 448 668 669
12534 1 2 448 448 668 548
12535 1 2 448 448 547 537
12536 1 2 448 448 547 658
12537 1 2 448 448 547 669
12538 1 2 448 448 547 548
12539 1 2 448 448 537 658
12540 1 2 448 448 537 669
12541 1 2 448 448 537 548
12542 1 2 448 448 658 669
12543 1 2 448 448 658 548
12544 1 2 448 448 669 548
12545 1 2 449 449 537 658
12546 1 2 449 449 537 669
12547 1 2 449 449 537 548
12548 1 2 449 449 537 538
12549 1 2 449 449 537 659
12550 1 2 449 449 537 670
12551 1 2 449 449 537 549
12552 1 2 449 449 658 669
12553 1 2 449 449 658 548
12554 1 2 449 449 658 538
12555 1 2 449 449 658 659
12556 1 2 449 449 658 670
12557 1 2 449 449 658 549
12558 1 2 449 449 669 548
12559 1 2 449 449 669 538
12560 1 2 449 449 669 659
12561 1 2 449 449 669 670
12562 1 2 449 449 669 549
12563 1 2 449 449 548 538
12564 1 2 449 449 548 659
12565 1 2 449 449 548 670
12566 1 2 449 449 548 549
12567 1 2 449 449 538 659
12568 1 2 449 449 538 670
12569 1 2 449 449 538 549
12570 1 2 449 449 659 670
12571 1 2 449 449 659 549
12572 1 2 449 449 670 549
12573 1 2 450 450 538 659
12574 1 2 450 450 538 670
12575 1 2 450 450 538 549
12576 1 2 450 450 538 539
12577 1 2 450 450 538 660
12578 1 2 450 450 538 671
12579 1 2 450 450 538 550
12580 1 2 450 450 659 670
12581 1 2 450 450 659 549
12582 1 2 450 450 659 539
12583 1 2 450 450 659 660
12584 1 2 450 450 659 671
12585 1 2 450 450 659 550
12586 1 2 450 450 670 549
12587 1 2 450 450 670 539
12588 1 2 450 450 670 660
12589 1 2 450 450 670 671
12590 1 2 450 450 670 550
12591 1 2 450 450 549 539
12592 1 2 450 450 549 660
12593 1 2 450 450 549 671
12594 1 2 450 450 549 550
12595 1 2 450 450 539 660
12596 1 2 450 450 539 671
12597 1 2 450 450 539 550
12598 1 2 450 450 660 671
12599 1 2 450 450 660 550
12600 1 2 450 450 671 550
12601 1 2 451 451 540 661
12602 1 2 451 451 540 672
12603 1 2 451 451 540 551
12604 1 2 451 451 540 541
12605 1 2 451 451 540 662
12606 1 2 451 451 540 673
12607 1 2 451 451 540 552
12608 1 2 451 451 661 672
12609 1 2 451 451 661 551
12610 1 2 451 451 661 541
12611 1 2 451 451 661 662
12612 1 2 451 451 661 673
12613 1 2 451 451 661 552
12614 1 2 451 451 672 551
12615 1 2 451 451 672 541
12616 1 2 451 451 672 662
12617 1 2 451 451 672 673
12618 1 2 451 451 672 552
12619 1 2 451 451 551 541
12620 1 2 451 451 551 662
12621 1 2 451 451 551 673
12622 1 2 451 451 551 552
12623 1 2 451 451 541 662
12624 1 2 451 451 541 673
12625 1 2 451 451 541 552
12626 1 2 451 451 662 673
12627 1 2 451 451 662 552
12628 1 2 451 451 673 552
12629 1 2 452 452 541 662
12630 1 2 452 452 541 673
12631 1 2 452 452 541 552
12632 1 2 452 452 541 542
12633 1 2 452 452 541 663
12634 1 2 452 452 541 674
12635 1 2 452 452 541 553
12636 1 2 452 452 662 673
12637 1 2 452 452 662 552
12638 1 2 452 452 662 542
12639 1 2 452 452 662 663
12640 1 2 452 452 662 674
12641 1 2 452 452 662 553
12642 1 2 452 452 673 552
12643 1 2 452 452 673 542
12644 1 2 452 452 673 663
12645 1 2 452 452 673 674
12646 1 2 452 452 673 553
12647 1 2 452 452 552 542
12648 1 2 452 452 552 663
12649 1 2 452 452 552 674
12650 1 2 452 452 552 553
12651 1 2 452 452 542 663
12652 1 2 452 452 542 674
12653 1 2 452 452 542 553
12654 1 2 452 452 663 674
12655 1 2 452 452 663 553
12656 1 2 452 452 674 553
12657 1 2 453 453 542 663
12658 1 2 453 453 542 674
12659 1 2 453 453 542 553
12660 1 2 453 453 542 543
12661 1 2 453 453 542 664
12662 1 2 453 453 542 675
12663 1 2 453 453 542 554
12664 1 2 453 453 663 674
12665 1 2 453 453 663 553
12666 1 2 453 453 663 543
12667 1 2 453 453 663 664
12668 1 2 453 453 663 675
12669 1 2 453 453 663 554
12670 1 2 453 453 674 553
12671 1 2 453 453 674 543
12672 1 2 453 453 674 664
12673 1 2 453 453 674 675
12674 1 2 453 453 674 554
12675 1 2 453 453 553 543
12676 1 2 453 453 553 664
12677 1 2 453 453 553 675
12678 1 2 453 453 553 554
12679 1 2 453 453 543 664
12680 1 2 453 453 543 675
12681 1 2 453 453 543 554
12682 1 2 453 453 664 675
12683 1 2 453 453 664 554
12684 1 2 453 453 675 554
12685 1 2 454 454 543 664
12686 1 2 454 454 543 675
12687 1 2 454 454 543 554
12688 1 2 454 454 543 544
12689 1 2 454 454 543 665
12690 1 2 454 454 543 676
12691 1 2 454 454 543 555
12692 1 2 454 454 664 675
12693 1 2 454 454 664 554
12694 1 2 454 454 664 544
12695 1 2 454 454 664 665
12696 1 2 454 454 664 676
12697 1 2 454 454 664 555
12698 1 2 454 454 675 554
12699 1 2 454 454 675 544
12700 1 2 454 454 675 665
12701 1 2 454 454 675 676
12702 1 2 454 454 675 555
12703 1 2 454 454 554 544
12704 1 2 454 454 554 665
12705 1 2 454 454 554 676
12706 1 2 454 454 554 555
12707 1 2 454 454 544 665
12708 1 2 454 454 544 676
12709 1 2 454 454 544 555
12710 1 2 454 454 665 676
12711 1 2 454 454 665 555
12712 1 2 454 454 676 555
12713 1 2 455 455 544 665
12714 1 2 455 455 544 676
12715 1 2 455 455 544 555
12716 1 2 455 455 544 545
12717 1 2 455 455 544 666
12718 1 2 455 455 544 677
12719 1 2 455 455 544 556
12720 1 2 455 455 665 676
12721 1 2 455 455 665 555
12722 1 2 455 455 665 545
12723 1 2 455 455 665 666
12724 1 2 455 455 665 677
12725 1 2 455 455 665 556
12726 1 2 455 455 676 555
12727 1 2 455 455 676 545
12728 1 2 455 455 676 666
12729 1 2 455 455 676 677
12730 1 2 455 455 676 556
12731 1 2 455 455 555 545
12732 1 2 455 455 555 666
12733 1 2 455 455 555 677
12734 1 2 455 455 555 556
12735 1 2 455 455 545 666
12736 1 2 455 455 545 677
12737 1 2 455 455 545 556
12738 1 2 455 455 666 677
12739 1 2 455 455 666 556
12740 1 2 455 455 677 556
12741 1 2 456 456 545 666
12742 1 2 456 456 545 677
12743 1 2 456 456 545 556
12744 1 2 456 456 545 546
12745 1 2 456 456 545 667
12746 1 2 456 456 545 678
12747 1 2 456 456 545 557
12748 1 2 456 456 666 677
12749 1 2 456 456 666 556
12750 1 2 456 456 666 546
12751 1 2 456 456 666 667
12752 1 2 456 456 666 678
12753 1 2 456 456 666 557
12754 1 2 456 456 677 556
12755 1 2 456 456 677 546
12756 1 2 456 456 677 667
12757 1 2 456 456 677 678
12758 1 2 456 456 677 557
12759 1 2 456 456 556 546
12760 1 2 456 456 556 667
12761 1 2 456 456 556 678
12762 1 2 456 456 556 557
12763 1 2 456 456 546 667
12764 1 2 456 456 546 678
12765 1 2 456 456 546 557
12766 1 2 456 456 667 678
12767 1 2 456 456 667 557
12768 1 2 456 456 678 557
12769 1 2 457 457 546 667
12770 1 2 457 457 546 678
12771 1 2 457 457 546 557
12772 1 2 457 457 546 547
12773 1 2 457 457 546 668
12774 1 2 457 457 546 679
12775 1 2 457 457 546 558
12776 1 2 457 457 667 678
12777 1 2 457 457 667 557
12778 1 2 457 457 667 547
12779 1 2 457 457 667 668
12780 1 2 457 457 667 679
12781 1 2 457 457 667 558
12782 1 2 457 457 678 557
12783 1 2 457 457 678 547
12784 1 2 457 457 678 668
12785 1 2 457 457 678 679
12786 1 2 457 457 678 558
12787 1 2 457 457 557 547
12788 1 2 457 457 557 668
12789 1 2 457 457 557 679
12790 1 2 457 457 557 558
12791 1 2 457 457 547 668
12792 1 2 457 457 547 679
12793 1 2 457 457 547 558
12794 1 2 457 457 668 679
12795 1 2 457 457 668 558
12796 1 2 457 457 679 558
12797 1 2 458 458 547 668
12798 1 2 458 458 547 679
12799 1 2 458 458 547 558
12800 1 2 458 458 547 548
12801 1 2 458 458 547 669
12802 1 2 458 458 547 680
12803 1 2 458 458 547 559
12804 1 2 458 458 668 679
12805 1 2 458 458 668 558
12806 1 2 458 458 668 548
12807 1 2 458 458 668 669
12808 1 2 458 458 668 680
12809 1 2 458 458 668 559
12810 1 2 458 458 679 558
12811 1 2 458 458 679 548
12812 1 2 458 458 679 669
12813 1 2 458 458 679 680
12814 1 2 458 458 679 559
12815 1 2 458 458 558 548
12816 1 2 458 458 558 669
12817 1 2 458 458 558 680
12818 1 2 458 458 558 559
12819 1 2 458 458 548 669
12820 1 2 458 458 548 680
12821 1 2 458 458 548 559
12822 1 2 458 458 669 680
12823 1 2 458 458 669 559
12824 1 2 458 458 680 559
12825 1 2 459 459 548 669
12826 1 2 459 459 548 680
12827 1 2 459 459 548 559
12828 1 2 459 459 548 549
12829 1 2 459 459 548 670
12830 1 2 459 459 548 681
12831 1 2 459 459 548 560
12832 1 2 459 459 669 680
12833 1 2 459 459 669 559
12834 1 2 459 459 669 549
12835 1 2 459 459 669 670
12836 1 2 459 459 669 681
12837 1 2 459 459 669 560
12838 1 2 459 459 680 559
12839 1 2 459 459 680 549
12840 1 2 459 459 680 670
12841 1 2 459 459 680 681
12842 1 2 459 459 680 560
12843 1 2 459 459 559 549
12844 1 2 459 459 559 670
12845 1 2 459 459 559 681
12846 1 2 459 459 559 560
12847 1 2 459 459 549 670
12848 1 2 459 459 549 681
12849 1 2 459 459 549 560
12850 1 2 459 459 670 681
12851 1 2 459 459 670 560
12852 1 2 459 459 681 560
12853 1 2 460 460 549 670
12854 1 2 460 460 549 681
12855 1 2 460 460 549 560
12856 1 2 460 460 549 550
12857 1 2 460 460 549 671
12858 1 2 460 460 549 682
12859 1 2 460 460 549 561
12860 1 2 460 460 670 681
12861 1 2 460 460 670 560
12862 1 2 460 460 670 550
12863 1 2 460 460 670 671
12864 1 2 460 460 670 682
12865 1 2 460 460 670 561
12866 1 2 460 460 681 560
12867 1 2 460 460 681 550
12868 1 2 460 460 681 671
12869 1 2 460 460 681 682
12870 1 2 460 460 681 561
12871 1 2 460 460 560 550
12872 1 2 460 460 560 671
12873 1 2 460 460 560 682
12874 1 2 460 460 560 561
12875 1 2 460 460 550 671
12876 1 2 460 460 550 682
12877 1 2 460 460 550 561
12878 1 2 460 460 671 682
12879 1 2 460 460 671 561
12880 1 2 460 460 682 561
12881 1 2 461 461 551 672
12882 1 2 461 461 551 683
12883 1 2 461 461 551 562
12884 1 2 461 461 551 552
12885 1 2 461 461 551 673
12886 1 2 461 461 551 684
12887 1 2 461 461 551 563
12888 1 2 461 461 672 683
12889 1 2 461 461 672 562
12890 1 2 461 461 672 552
12891 1 2 461 461 672 673
12892 1 2 461 461 672 684
12893 1 2 461 461 672 563
12894 1 2 461 461 683 562
12895 1 2 461 461 683 552
12896 1 2 461 461 683 673
12897 1 2 461 461 683 684
12898 1 2 461 461 683 563
12899 1 2 461 461 562 552
12900 1 2 461 461 562 673
12901 1 2 461 461 562 684
12902 1 2 461 461 562 563
12903 1 2 461 461 552 673
12904 1 2 461 461 552 684
12905 1 2 461 461 552 563
12906 1 2 461 461 673 684
12907 1 2 461 461 673 563
12908 1 2 461 461 684 563
12909 1 2 462 462 552 673
12910 1 2 462 462 552 684
12911 1 2 462 462 552 563
12912 1 2 462 462 552 553
12913 1 2 462 462 552 674
12914 1 2 462 462 552 685
12915 1 2 462 462 552 564
12916 1 2 462 462 673 684
12917 1 2 462 462 673 563
12918 1 2 462 462 673 553
12919 1 2 462 462 673 674
12920 1 2 462 462 673 685
12921 1 2 462 462 673 564
12922 1 2 462 462 684 563
12923 1 2 462 462 684 553
12924 1 2 462 462 684 674
12925 1 2 462 462 684 685
12926 1 2 462 462 684 564
12927 1 2 462 462 563 553
12928 1 2 462 462 563 674
12929 1 2 462 462 563 685
12930 1 2 462 462 563 564
12931 1 2 462 462 553 674
12932 1 2 462 462 553 685
12933 1 2 462 462 553 564
12934 1 2 462 462 674 685
12935 1 2 462 462 674 564
12936 1 2 462 462 685 564
12937 1 2 463 463 553 674
12938 1 2 463 463 553 685
12939 1 2 463 463 553 564
12940 1 2 463 463 553 554
12941 1 2 463 463 553 675
12942 1 2 463 463 553 686
12943 1 2 463 463 553 565
12944 1 2 463 463 674 685
12945 1 2 463 463 674 564
12946 1 2 463 463 674 554
12947 1 2 463 463 674 675
12948 1 2 463 463 674 686
12949 1 2 463 463 674 565
12950 1 2 463 463 685 564
12951 1 2 463 463 685 554
12952 1 2 463 463 685 675
12953 1 2 463 463 685 686
12954 1 2 463 463 685 565
12955 1 2 463 463 564 554
12956 1 2 463 463 564 675
12957 1 2 463 463 564 686
12958 1 2 463 463 564 565
12959 1 2 463 463 554 675
12960 1 2 463 463 554 686
12961 1 2 463 463 554 565
12962 1 2 463 463 675 686
12963 1 2 463 463 675 565
12964 1 2 463 463 686 565
12965 1 2 464 464 554 675
12966 1 2 464 464 554 686
12967 1 2 464 464 554 565
12968 1 2 464 464 554 555
12969 1 2 464 464 554 676
12970 1 2 464 464 554 687
12971 1 2 464 464 554 566
12972 1 2 464 464 675 686
12973 1 2 464 464 675 565
12974 1 2 464 464 675 555
12975 1 2 464 464 675 676
12976 1 2 464 464 675 687
12977 1 2 464 464 675 566
12978 1 2 464 464 686 565
12979 1 2 464 464 686 555
12980 1 2 464 464 686 676
12981 1 2 464 464 686 687
12982 1 2 464 464 686 566
12983 1 2 464 464 565 555
12984 1 2 464 464 565 676
12985 1 2 464 464 565 687
12986 1 2 464 464 565 566
12987 1 2 464 464 555 676
12988 1 2 464 464 555 687
12989 1 2 464 464 555 566
12990 1 2 464 464 676 687
12991 1 2 464 464 676 566
12992 1 2 464 464 687 566
12993 1 2 465 465 555 676
12994 1 2 465 465 555 687
12995 1 2 465 465 555 566
12996 1 2 465 465 555 556
12997 1 2 465 465 555 677
12998 1 2 465 465 555 688
12999 1 2 465 465 555 567
13000 1 2 465 465 676 687
13001 1 2 465 465 676 566
13002 1 2 465 465 676 556
13003 1 2 465 465 676 677
13004 1 2 465 465 676 688
13005 1 2 465 465 676 567
13006 1 2 465 465 687 566
13007 1 2 465 465 687 556
13008 1 2 465 465 687 677
13009 1 2 465 465 687 688
13010 1 2 465 465 687 567
13011 1 2 465 465 566 556
13012 1 2 465 465 566 677
13013 1 2 465 465 566 688
13014 1 2 465 465 566 567
13015 1 2 465 465 556 677
13016 1 2 465 465 556 688
13017 1 2 465 465 556 567
13018 1 2 465 465 677 688
13019 1 2 465 465 677 567
13020 1 2 465 465 688 567
13021 1 2 466 466 556 677
13022 1 2 466 466 556 688
13023 1 2 466 466 556 567
13024 1 2 466 466 556 557
13025 1 2 466 466 556 678
13026 1 2 466 466 556 689
13027 1 2 466 466 556 568
13028 1 2 466 466 677 688
13029 1 2 466 466 677 567
13030 1 2 466 466 677 557
13031 1 2 466 466 677 678
13032 1 2 466 466 677 689
13033 1 2 466 466 677 568
13034 1 2 466 466 688 567
13035 1 2 466 466 688 557
13036 1 2 466 466 688 678
13037 1 2 466 466 688 689
13038 1 2 466 466 688 568
13039 1 2 466 466 567 557
13040 1 2 466 466 567 678
13041 1 2 466 466 567 689
13042 1 2 466 466 567 568
13043 1 2 466 466 557 678
13044 1 2 466 466 557 689
13045 1 2 466 466 557 568
13046 1 2 466 466 678 689
13047 1 2 466 466 678 568
13048 1 2 466 466 689 568
13049 1 2 467 467 557 678
13050 1 2 467 467 557 689
13051 1 2 467 467 557 568
13052 1 2 467 467 557 558
13053 1 2 467 467 557 679
13054 1 2 467 467 557 690
13055 1 2 467 467 557 569
13056 1 2 467 467 678 689
13057 1 2 467 467 678 568
13058 1 2 467 467 678 558
13059 1 2 467 467 678 679
13060 1 2 467 467 678 690
13061 1 2 467 467 678 569
13062 1 2 467 467 689 568
13063 1 2 467 467 689 558
13064 1 2 467 467 689 679
13065 1 2 467 467 689 690
13066 1 2 467 467 689 569
13067 1 2 467 467 568 558
13068 1 2 467 467 568 679
13069 1 2 467 467 568 690
13070 1 2 467 467 568 569
13071 1 2 467 467 558 679
13072 1 2 467 467 558 690
13073 1 2 467 467 558 569
13074 1 2 467 467 679 690
13075 1 2 467 467 679 569
13076 1 2 467 467 690 569
13077 1 2 468 468 558 679
13078 1 2 468 468 558 690
13079 1 2 468 468 558 569
13080 1 2 468 468 558 559
13081 1 2 468 468 558 680
13082 1 2 468 468 558 691
13083 1 2 468 468 558 570
13084 1 2 468 468 679 690
13085 1 2 468 468 679 569
13086 1 2 468 468 679 559
13087 1 2 468 468 679 680
13088 1 2 468 468 679 691
13089 1 2 468 468 679 570
13090 1 2 468 468 690 569
13091 1 2 468 468 690 559
13092 1 2 468 468 690 680
13093 1 2 468 468 690 691
13094 1 2 468 468 690 570
13095 1 2 468 468 569 559
13096 1 2 468 468 569 680
13097 1 2 468 468 569 691
13098 1 2 468 468 569 570
13099 1 2 468 468 559 680
13100 1 2 468 468 559 691
13101 1 2 468 468 559 570
13102 1 2 468 468 680 691
13103 1 2 468 468 680 570
13104 1 2 468 468 691 570
13105 1 2 469 469 559 680
13106 1 2 469 469 559 691
13107 1 2 469 469 559 570
13108 1 2 469 469 559 560
13109 1 2 469 469 559 681
13110 1 2 469 469 559 692
13111 1 2 469 469 559 571
13112 1 2 469 469 680 691
13113 1 2 469 469 680 570
13114 1 2 469 469 680 560
13115 1 2 469 469 680 681
13116 1 2 469 469 680 692
13117 1 2 469 469 680 571
13118 1 2 469 469 691 570
13119 1 2 469 469 691 560
13120 1 2 469 469 691 681
13121 1 2 469 469 691 692
13122 1 2 469 469 691 571
13123 1 2 469 469 570 560
13124 1 2 469 469 570 681
13125 1 2 469 469 570 692
13126 1 2 469 469 570 571
13127 1 2 469 469 560 681
13128 1 2 469 469 560 692
13129 1 2 469 469 560 571
13130 1 2 469 469 681 692
13131 1 2 469 469 681 571
13132 1 2 469 469 692 571
13133 1 2 470 470 560 681
13134 1 2 470 470 560 692
13135 1 2 470 470 560 571
13136 1 2 470 470 560 561
13137 1 2 470 470 560 682
13138 1 2 470 470 560 693
13139 1 2 470 470 560 572
13140 1 2 470 470 681 692
13141 1 2 470 470 681 571
13142 1 2 470 470 681 561
13143 1 2 470 470 681 682
13144 1 2 470 470 681 693
13145 1 2 470 470 681 572
13146 1 2 470 470 692 571
13147 1 2 470 470 692 561
13148 1 2 470 470 692 682
13149 1 2 470 470 692 693
13150 1 2 470 470 692 572
13151 1 2 470 470 571 561
13152 1 2 470 470 571 682
13153 1 2 470 470 571 693
13154 1 2 470 470 571 572
13155 1 2 470 470 561 682
13156 1 2 470 470 561 693
13157 1 2 470 470 561 572
13158 1 2 470 470 682 693
13159 1 2 470 470 682 572
13160 1 2 470 470 693 572
13161 1 2 471 471 562 683
13162 1 2 471 471 562 694
13163 1 2 471 471 562 573
13164 1 2 471 471 562 563
13165 1 2 471 471 562 684
13166 1 2 471 471 562 695
13167 1 2 471 471 562 574
13168 1 2 471 471 683 694
13169 1 2 471 471 683 573
13170 1 2 471 471 683 563
13171 1 2 471 471 683 684
13172 1 2 471 471 683 695
13173 1 2 471 471 683 574
13174 1 2 471 471 694 573
13175 1 2 471 471 694 563
13176 1 2 471 471 694 684
13177 1 2 471 471 694 695
13178 1 2 471 471 694 574
13179 1 2 471 471 573 563
13180 1 2 471 471 573 684
13181 1 2 471 471 573 695
13182 1 2 471 471 573 574
13183 1 2 471 471 563 684
13184 1 2 471 471 563 695
13185 1 2 471 471 563 574
13186 1 2 471 471 684 695
13187 1 2 471 471 684 574
13188 1 2 471 471 695 574
13189 1 2 472 472 563 684
13190 1 2 472 472 563 695
13191 1 2 472 472 563 574
13192 1 2 472 472 563 564
13193 1 2 472 472 563 685
13194 1 2 472 472 563 696
13195 1 2 472 472 563 575
13196 1 2 472 472 684 695
13197 1 2 472 472 684 574
13198 1 2 472 472 684 564
13199 1 2 472 472 684 685
13200 1 2 472 472 684 696
13201 1 2 472 472 684 575
13202 1 2 472 472 695 574
13203 1 2 472 472 695 564
13204 1 2 472 472 695 685
13205 1 2 472 472 695 696
13206 1 2 472 472 695 575
13207 1 2 472 472 574 564
13208 1 2 472 472 574 685
13209 1 2 472 472 574 696
13210 1 2 472 472 574 575
13211 1 2 472 472 564 685
13212 1 2 472 472 564 696
13213 1 2 472 472 564 575
13214 1 2 472 472 685 696
13215 1 2 472 472 685 575
13216 1 2 472 472 696 575
13217 1 2 473 473 564 685
13218 1 2 473 473 564 696
13219 1 2 473 473 564 575
13220 1 2 473 473 564 565
13221 1 2 473 473 564 686
13222 1 2 473 473 564 697
13223 1 2 473 473 564 576
13224 1 2 473 473 685 696
13225 1 2 473 473 685 575
13226 1 2 473 473 685 565
13227 1 2 473 473 685 686
13228 1 2 473 473 685 697
13229 1 2 473 473 685 576
13230 1 2 473 473 696 575
13231 1 2 473 473 696 565
13232 1 2 473 473 696 686
13233 1 2 473 473 696 697
13234 1 2 473 473 696 576
13235 1 2 473 473 575 565
13236 1 2 473 473 575 686
13237 1 2 473 473 575 697
13238 1 2 473 473 575 576
13239 1 2 473 473 565 686
13240 1 2 473 473 565 697
13241 1 2 473 473 565 576
13242 1 2 473 473 686 697
13243 1 2 473 473 686 576
13244 1 2 473 473 697 576
13245 1 2 474 474 565 686
13246 1 2 474 474 565 697
13247 1 2 474 474 565 576
13248 1 2 474 474 565 566
13249 1 2 474 474 565 687
13250 1 2 474 474 565 698
13251 1 2 474 474 565 577
13252 1 2 474 474 686 697
13253 1 2 474 474 686 576
13254 1 2 474 474 686 566
13255 1 2 474 474 686 687
13256 1 2 474 474 686 698
13257 1 2 474 474 686 577
13258 1 2 474 474 697 576
13259 1 2 474 474 697 566
13260 1 2 474 474 697 687
13261 1 2 474 474 697 698
13262 1 2 474 474 697 577
13263 1 2 474 474 576 566
13264 1 2 474 474 576 687
13265 1 2 474 474 576 698
13266 1 2 474 474 576 577
13267 1 2 474 474 566 687
13268 1 2 474 474 566 698
13269 1 2 474 474 566 577
13270 1 2 474 474 687 698
13271 1 2 474 474 687 577
13272 1 2 474 474 698 577
13273 1 2 475 475 566 687
13274 1 2 475 475 566 698
13275 1 2 475 475 566 577
13276 1 2 475 475 566 567
13277 1 2 475 475 566 688
13278 1 2 475 475 566 699
13279 1 2 475 475 566 578
13280 1 2 475 475 687 698
13281 1 2 475 475 687 577
13282 1 2 475 475 687 567
13283 1 2 475 475 687 688
13284 1 2 475 475 687 699
13285 1 2 475 475 687 578
13286 1 2 475 475 698 577
13287 1 2 475 475 698 567
13288 1 2 475 475 698 688
13289 1 2 475 475 698 699
13290 1 2 475 475 698 578
13291 1 2 475 475 577 567
13292 1 2 475 475 577 688
13293 1 2 475 475 577 699
13294 1 2 475 475 577 578
13295 1 2 475 475 567 688
13296 1 2 475 475 567 699
13297 1 2 475 475 567 578
13298 1 2 475 475 688 699
13299 1 2 475 475 688 578
13300 1 2 475 475 699 578
13301 1 2 476 476 567 688
13302 1 2 476 476 567 699
13303 1 2 476 476 567 578
13304 1 2 476 476 567 568
13305 1 2 476 476 567 689
13306 1 2 476 476 567 700
13307 1 2 476 476 567 579
13308 1 2 476 476 688 699
13309 1 2 476 476 688 578
13310 1 2 476 476 688 568
13311 1 2 476 476 688 689
13312 1 2 476 476 688 700
13313 1 2 476 476 688 579
13314 1 2 476 476 699 578
13315 1 2 476 476 699 568
13316 1 2 476 476 699 689
13317 1 2 476 476 699 700
13318 1 2 476 476 699 579
13319 1 2 476 476 578 568
13320 1 2 476 476 578 689
13321 1 2 476 476 578 700
13322 1 2 476 476 578 579
13323 1 2 476 476 568 689
13324 1 2 476 476 568 700
13325 1 2 476 476 568 579
13326 1 2 476 476 689 700
13327 1 2 476 476 689 579
13328 1 2 476 476 700 579
13329 1 2 477 477 568 689
13330 1 2 477 477 568 700
13331 1 2 477 477 568 579
13332 1 2 477 477 568 569
13333 1 2 477 477 568 690
13334 1 2 477 477 568 701
13335 1 2 477 477 568 580
13336 1 2 477 477 689 700
13337 1 2 477 477 689 579
13338 1 2 477 477 689 569
13339 1 2 477 477 689 690
13340 1 2 477 477 689 701
13341 1 2 477 477 689 580
13342 1 2 477 477 700 579
13343 1 2 477 477 700 569
13344 1 2 477 477 700 690
13345 1 2 477 477 700 701
13346 1 2 477 477 700 580
13347 1 2 477 477 579 569
13348 1 2 477 477 579 690
13349 1 2 477 477 579 701
13350 1 2 477 477 579 580
13351 1 2 477 477 569 690
13352 1 2 477 477 569 701
13353 1 2 477 477 569 580
13354 1 2 477 477 690 701
13355 1 2 477 477 690 580
13356 1 2 477 477 701 580
13357 1 2 478 478 569 690
13358 1 2 478 478 569 701
13359 1 2 478 478 569 580
13360 1 2 478 478 569 570
13361 1 2 478 478 569 691
13362 1 2 478 478 569 702
13363 1 2 478 478 569 581
13364 1 2 478 478 690 701
13365 1 2 478 478 690 580
13366 1 2 478 478 690 570
13367 1 2 478 478 690 691
13368 1 2 478 478 690 702
13369 1 2 478 478 690 581
13370 1 2 478 478 701 580
13371 1 2 478 478 701 570
13372 1 2 478 478 701 691
13373 1 2 478 478 701 702
13374 1 2 478 478 701 581
13375 1 2 478 478 580 570
13376 1 2 478 478 580 691
13377 1 2 478 478 580 702
13378 1 2 478 478 580 581
13379 1 2 478 478 570 691
13380 1 2 478 478 570 702
13381 1 2 478 478 570 581
13382 1 2 478 478 691 702
13383 1 2 478 478 691 581
13384 1 2 478 478 702 581
13385 1 2 479 479 570 691
13386 1 2 479 479 570 702
13387 1 2 479 479 570 581
13388 1 2 479 479 570 571
13389 1 2 479 479 570 692
13390 1 2 479 479 570 703
13391 1 2 479 479 570 582
13392 1 2 479 479 691 702
13393 1 2 479 479 691 581
13394 1 2 479 479 691 571
13395 1 2 479 479 691 692
13396 1 2 479 479 691 703
13397 1 2 479 479 691 582
13398 1 2 479 479 702 581
13399 1 2 479 479 702 571
13400 1 2 479 479 702 692
13401 1 2 479 479 702 703
13402 1 2 479 479 702 582
13403 1 2 479 479 581 571
13404 1 2 479 479 581 692
13405 1 2 479 479 581 703
13406 1 2 479 479 581 582
13407 1 2 479 479 571 692
13408 1 2 479 479 571 703
13409 1 2 479 479 571 582
13410 1 2 479 479 692 703
13411 1 2 479 479 692 582
13412 1 2 479 479 703 582
13413 1 2 480 480 571 692
13414 1 2 480 480 571 703
13415 1 2 480 480 571 582
13416 1 2 480 480 571 572
13417 1 2 480 480 571 693
13418 1 2 480 480 571 704
13419 1 2 480 480 571 583
13420 1 2 480 480 692 703
13421 1 2 480 480 692 582
13422 1 2 480 480 692 572
13423 1 2 480 480 692 693
13424 1 2 480 480 692 704
13425 1 2 480 480 692 583
13426 1 2 480 480 703 582
13427 1 2 480 480 703 572
13428 1 2 480 480 703 693
13429 1 2 480 480 703 704
13430 1 2 480 480 703 583
13431 1 2 480 480 582 572
13432 1 2 480 480 582 693
13433 1 2 480 480 582 704
13434 1 2 480 480 582 583
13435 1 2 480 480 572 693
13436 1 2 480 480 572 704
13437 1 2 480 480 572 583
13438 1 2 480 480 693 704
13439 1 2 480 480 693 583
13440 1 2 480 480 704 583
13441 1 2 481 481 573 694
13442 1 2 481 481 573 705
13443 1 2 481 481 573 584
13444 1 2 481 481 573 574
13445 1 2 481 481 573 695
13446 1 2 481 481 573 706
13447 1 2 481 481 573 585
13448 1 2 481 481 694 705
13449 1 2 481 481 694 584
13450 1 2 481 481 694 574
13451 1 2 481 481 694 695
13452 1 2 481 481 694 706
13453 1 2 481 481 694 585
13454 1 2 481 481 705 584
13455 1 2 481 481 705 574
13456 1 2 481 481 705 695
13457 1 2 481 481 705 706
13458 1 2 481 481 705 585
13459 1 2 481 481 584 574
13460 1 2 481 481 584 695
13461 1 2 481 481 584 706
13462 1 2 481 481 584 585
13463 1 2 481 481 574 695
13464 1 2 481 481 574 706
13465 1 2 481 481 574 585
13466 1 2 481 481 695 706
13467 1 2 481 481 695 585
13468 1 2 481 481 706 585
13469 1 2 482 482 574 695
13470 1 2 482 482 574 706
13471 1 2 482 482 574 585
13472 1 2 482 482 574 575
13473 1 2 482 482 574 696
13474 1 2 482 482 574 707
13475 1 2 482 482 574 586
13476 1 2 482 482 695 706
13477 1 2 482 482 695 585
13478 1 2 482 482 695 575
13479 1 2 482 482 695 696
13480 1 2 482 482 695 707
13481 1 2 482 482 695 586
13482 1 2 482 482 706 585
13483 1 2 482 482 706 575
13484 1 2 482 482 706 696
13485 1 2 482 482 706 707
13486 1 2 482 482 706 586
13487 1 2 482 482 585 575
13488 1 2 482 482 585 696
13489 1 2 482 482 585 707
13490 1 2 482 482 585 586
13491 1 2 482 482 575 696
13492 1 2 482 482 575 707
13493 1 2 482 482 575 586
13494 1 2 482 482 696 707
13495 1 2 482 482 696 586
13496 1 2 482 482 707 586
13497 1 2 483 483 575 696
13498 1 2 483 483 575 707
13499 1 2 483 483 575 586
13500 1 2 483 483 575 576
13501 1 2 483 483 575 697
13502 1 2 483 483 575 708
13503 1 2 483 483 575 587
13504 1 2 483 483 696 707
13505 1 2 483 483 696 586
13506 1 2 483 483 696 576
13507 1 2 483 483 696 697
13508 1 2 483 483 696 708
13509 1 2 483 483 696 587
13510 1 2 483 483 707 586
13511 1 2 483 483 707 576
13512 1 2 483 483 707 697
13513 1 2 483 483 707 708
13514 1 2 483 483 707 587
13515 1 2 483 483 586 576
13516 1 2 483 483 586 697
13517 1 2 483 483 586 708
13518 1 2 483 483 586 587
13519 1 2 483 483 576 697
13520 1 2 483 483 576 708
13521 1 2 483 483 576 587
13522 1 2 483 483 697 708
13523 1 2 483 483 697 587
13524 1 2 483 483 708 587
13525 1 2 484 484 576 697
13526 1 2 484 484 576 708
13527 1 2 484 484 576 587
13528 1 2 484 484 576 577
13529 1 2 484 484 576 698
13530 1 2 484 484 576 709
13531 1 2 484 484 576 588
13532 1 2 484 484 697 708
13533 1 2 484 484 697 587
13534 1 2 484 484 697 577
13535 1 2 484 484 697 698
13536 1 2 484 484 697 709
13537 1 2 484 484 697 588
13538 1 2 484 484 708 587
13539 1 2 484 484 708 577
13540 1 2 484 484 708 698
13541 1 2 484 484 708 709
13542 1 2 484 484 708 588
13543 1 2 484 484 587 577
13544 1 2 484 484 587 698
13545 1 2 484 484 587 709
13546 1 2 484 484 587 588
13547 1 2 484 484 577 698
13548 1 2 484 484 577 709
13549 1 2 484 484 577 588
13550 1 2 484 484 698 709
13551 1 2 484 484 698 588
13552 1 2 484 484 709 588
13553 1 2 485 485 577 698
13554 1 2 485 485 577 709
13555 1 2 485 485 577 588
13556 1 2 485 485 577 578
13557 1 2 485 485 577 699
13558 1 2 485 485 577 710
13559 1 2 485 485 577 589
13560 1 2 485 485 698 709
13561 1 2 485 485 698 588
13562 1 2 485 485 698 578
13563 1 2 485 485 698 699
13564 1 2 485 485 698 710
13565 1 2 485 485 698 589
13566 1 2 485 485 709 588
13567 1 2 485 485 709 578
13568 1 2 485 485 709 699
13569 1 2 485 485 709 710
13570 1 2 485 485 709 589
13571 1 2 485 485 588 578
13572 1 2 485 485 588 699
13573 1 2 485 485 588 710
13574 1 2 485 485 588 589
13575 1 2 485 485 578 699
13576 1 2 485 485 578 710
13577 1 2 485 485 578 589
13578 1 2 485 485 699 710
13579 1 2 485 485 699 589
13580 1 2 485 485 710 589
13581 1 2 486 486 578 699
13582 1 2 486 486 578 710
13583 1 2 486 486 578 589
13584 1 2 486 486 578 579
13585 1 2 486 486 578 700
13586 1 2 486 486 578 711
13587 1 2 486 486 578 590
13588 1 2 486 486 699 710
13589 1 2 486 486 699 589
13590 1 2 486 486 699 579
13591 1 2 486 486 699 700
13592 1 2 486 486 699 711
13593 1 2 486 486 699 590
13594 1 2 486 486 710 589
13595 1 2 486 486 710 579
13596 1 2 486 486 710 700
13597 1 2 486 486 710 711
13598 1 2 486 486 710 590
13599 1 2 486 486 589 579
13600 1 2 486 486 589 700
13601 1 2 486 486 589 711
13602 1 2 486 486 589 590
13603 1 2 486 486 579 700
13604 1 2 486 486 579 711
13605 1 2 486 486 579 590
13606 1 2 486 486 700 711
13607 1 2 486 486 700 590
13608 1 2 486 486 711 590
13609 1 2 487 487 579 700
13610 1 2 487 487 579 711
13611 1 2 487 487 579 590
13612 1 2 487 487 579 580
13613 1 2 487 487 579 701
13614 1 2 487 487 579 712
13615 1 2 487 487 579 591
13616 1 2 487 487 700 711
13617 1 2 487 487 700 590
13618 1 2 487 487 700 580
13619 1 2 487 487 700 701
13620 1 2 487 487 700 712
13621 1 2 487 487 700 591
13622 1 2 487 487 711 590
13623 1 2 487 487 711 580
13624 1 2 487 487 711 701
13625 1 2 487 487 711 712
13626 1 2 487 487 711 591
13627 1 2 487 487 590 580
13628 1 2 487 487 590 701
13629 1 2 487 487 590 712
13630 1 2 487 487 590 591
13631 1 2 487 487 580 701
13632 1 2 487 487 580 712
13633 1 2 487 487 580 591
13634 1 2 487 487 701 712
13635 1 2 487 487 701 591
13636 1 2 487 487 712 591
13637 1 2 488 488 580 701
13638 1 2 488 488 580 712
13639 1 2 488 488 580 591
13640 1 2 488 488 580 581
13641 1 2 488 488 580 702
13642 1 2 488 488 580 713
13643 1 2 488 488 580 592
13644 1 2 488 488 701 712
13645 1 2 488 488 701 591
13646 1 2 488 488 701 581
13647 1 2 488 488 701 702
13648 1 2 488 488 701 713
13649 1 2 488 488 701 592
13650 1 2 488 488 712 591
13651 1 2 488 488 712 581
13652 1 2 488 488 712 702
13653 1 2 488 488 712 713
13654 1 2 488 488 712 592
13655 1 2 488 488 591 581
13656 1 2 488 488 591 702
13657 1 2 488 488 591 713
13658 1 2 488 488 591 592
13659 1 2 488 488 581 702
13660 1 2 488 488 581 713
13661 1 2 488 488 581 592
13662 1 2 488 488 702 713
13663 1 2 488 488 702 592
13664 1 2 488 488 713 592
13665 1 2 489 489 581 702
13666 1 2 489 489 581 713
13667 1 2 489 489 581 592
13668 1 2 489 489 581 582
13669 1 2 489 489 581 703
13670 1 2 489 489 581 714
13671 1 2 489 489 581 593
13672 1 2 489 489 702 713
13673 1 2 489 489 702 592
13674 1 2 489 489 702 582
13675 1 2 489 489 702 703
13676 1 2 489 489 702 714
13677 1 2 489 489 702 593
13678 1 2 489 489 713 592
13679 1 2 489 489 713 582
13680 1 2 489 489 713 703
13681 1 2 489 489 713 714
13682 1 2 489 489 713 593
13683 1 2 489 489 592 582
13684 1 2 489 489 592 703
13685 1 2 489 489 592 714
13686 1 2 489 489 592 593
13687 1 2 489 489 582 703
13688 1 2 489 489 582 714
13689 1 2 489 489 582 593
13690 1 2 489 489 703 714
13691 1 2 489 489 703 593
13692 1 2 489 489 714 593
13693 1 2 490 490 582 703
13694 1 2 490 490 582 714
13695 1 2 490 490 582 593
13696 1 2 490 490 582 583
13697 1 2 490 490 582 704
13698 1 2 490 490 582 715
13699 1 2 490 490 582 594
13700 1 2 490 490 703 714
13701 1 2 490 490 703 593
13702 1 2 490 490 703 583
13703 1 2 490 490 703 704
13704 1 2 490 490 703 715
13705 1 2 490 490 703 594
13706 1 2 490 490 714 593
13707 1 2 490 490 714 583
13708 1 2 490 490 714 704
13709 1 2 490 490 714 715
13710 1 2 490 490 714 594
13711 1 2 490 490 593 583
13712 1 2 490 490 593 704
13713 1 2 490 490 593 715
13714 1 2 490 490 593 594
13715 1 2 490 490 583 704
13716 1 2 490 490 583 715
13717 1 2 490 490 583 594
13718 1 2 490 490 704 715
13719 1 2 490 490 704 594
13720 1 2 490 490 715 594
13721 1 2 491 491 584 705
13722 1 2 491 491 584 716
13723 1 2 491 491 584 595
13724 1 2 491 491 584 585
13725 1 2 491 491 584 706
13726 1 2 491 491 584 717
13727 1 2 491 491 584 596
13728 1 2 491 491 705 716
13729 1 2 491 491 705 595
13730 1 2 491 491 705 585
13731 1 2 491 491 705 706
13732 1 2 491 491 705 717
13733 1 2 491 491 705 596
13734 1 2 491 491 716 595
13735 1 2 491 491 716 585
13736 1 2 491 491 716 706
13737 1 2 491 491 716 717
13738 1 2 491 491 716 596
13739 1 2 491 491 595 585
13740 1 2 491 491 595 706
13741 1 2 491 491 595 717
13742 1 2 491 491 595 596
13743 1 2 491 491 585 706
13744 1 2 491 491 585 717
13745 1 2 491 491 585 596
13746 1 2 491 491 706 717
13747 1 2 491 491 706 596
13748 1 2 491 491 717 596
13749 1 2 492 492 585 706
13750 1 2 492 492 585 717
13751 1 2 492 492 585 596
13752 1 2 492 492 585 586
13753 1 2 492 492 585 707
13754 1 2 492 492 585 718
13755 1 2 492 492 585 597
13756 1 2 492 492 706 717
13757 1 2 492 492 706 596
13758 1 2 492 492 706 586
13759 1 2 492 492 706 707
13760 1 2 492 492 706 718
13761 1 2 492 492 706 597
13762 1 2 492 492 717 596
13763 1 2 492 492 717 586
13764 1 2 492 492 717 707
13765 1 2 492 492 717 718
13766 1 2 492 492 717 597
13767 1 2 492 492 596 586
13768 1 2 492 492 596 707
13769 1 2 492 492 596 718
13770 1 2 492 492 596 597
13771 1 2 492 492 586 707
13772 1 2 492 492 586 718
13773 1 2 492 492 586 597
13774 1 2 492 492 707 718
13775 1 2 492 492 707 597
13776 1 2 492 492 718 597
13777 1 2 493 493 586 707
13778 1 2 493 493 586 718
13779 1 2 493 493 586 597
13780 1 2 493 493 586 587
13781 1 2 493 493 586 708
13782 1 2 493 493 586 719
13783 1 2 493 493 586 598
13784 1 2 493 493 707 718
13785 1 2 493 493 707 597
13786 1 2 493 493 707 587
13787 1 2 493 493 707 708
13788 1 2 493 493 707 719
13789 1 2 493 493 707 598
13790 1 2 493 493 718 597
13791 1 2 493 493 718 587
13792 1 2 493 493 718 708
13793 1 2 493 493 718 719
13794 1 2 493 493 718 598
13795 1 2 493 493 597 587
13796 1 2 493 493 597 708
13797 1 2 493 493 597 719
13798 1 2 493 493 597 598
13799 1 2 493 493 587 708
13800 1 2 493 493 587 719
13801 1 2 493 493 587 598
13802 1 2 493 493 708 719
13803 1 2 493 493 708 598
13804 1 2 493 493 719 598
13805 1 2 494 494 587 708
13806 1 2 494 494 587 719
13807 1 2 494 494 587 598
13808 1 2 494 494 587 588
13809 1 2 494 494 587 709
13810 1 2 494 494 587 720
13811 1 2 494 494 587 599
13812 1 2 494 494 708 719
13813 1 2 494 494 708 598
13814 1 2 494 494 708 588
13815 1 2 494 494 708 709
13816 1 2 494 494 708 720
13817 1 2 494 494 708 599
13818 1 2 494 494 719 598
13819 1 2 494 494 719 588
13820 1 2 494 494 719 709
13821 1 2 494 494 719 720
13822 1 2 494 494 719 599
13823 1 2 494 494 598 588
13824 1 2 494 494 598 709
13825 1 2 494 494 598 720
13826 1 2 494 494 598 599
13827 1 2 494 494 588 709
13828 1 2 494 494 588 720
13829 1 2 494 494 588 599
13830 1 2 494 494 709 720
13831 1 2 494 494 709 599
13832 1 2 494 494 720 599
13833 1 2 495 495 588 709
13834 1 2 495 495 588 720
13835 1 2 495 495 588 599
13836 1 2 495 495 588 589
13837 1 2 495 495 588 710
13838 1 2 495 495 588 721
13839 1 2 495 495 588 600
13840 1 2 495 495 709 720
13841 1 2 495 495 709 599
13842 1 2 495 495 709 589
13843 1 2 495 495 709 710
13844 1 2 495 495 709 721
13845 1 2 495 495 709 600
13846 1 2 495 495 720 599
13847 1 2 495 495 720 589
13848 1 2 495 495 720 710
13849 1 2 495 495 720 721
13850 1 2 495 495 720 600
13851 1 2 495 495 599 589
13852 1 2 495 495 599 710
13853 1 2 495 495 599 721
13854 1 2 495 495 599 600
13855 1 2 495 495 589 710
13856 1 2 495 495 589 721
13857 1 2 495 495 589 600
13858 1 2 495 495 710 721
13859 1 2 495 495 710 600
13860 1 2 495 495 721 600
13861 1 2 496 496 589 710
13862 1 2 496 496 589 721
13863 1 2 496 496 589 600
13864 1 2 496 496 589 590
13865 1 2 496 496 589 711
13866 1 2 496 496 589 722
13867 1 2 496 496 589 601
13868 1 2 496 496 710 721
13869 1 2 496 496 710 600
13870 1 2 496 496 710 590
13871 1 2 496 496 710 711
13872 1 2 496 496 710 722
13873 1 2 496 496 710 601
13874 1 2 496 496 721 600
13875 1 2 496 496 721 590
13876 1 2 496 496 721 711
13877 1 2 496 496 721 722
13878 1 2 496 496 721 601
13879 1 2 496 496 600 590
13880 1 2 496 496 600 711
13881 1 2 496 496 600 722
13882 1 2 496 496 600 601
13883 1 2 496 496 590 711
13884 1 2 496 496 590 722
13885 1 2 496 496 590 601
13886 1 2 496 496 711 722
13887 1 2 496 496 711 601
13888 1 2 496 496 722 601
13889 1 2 497 497 590 711
13890 1 2 497 497 590 722
13891 1 2 497 497 590 601
13892 1 2 497 497 590 591
13893 1 2 497 497 590 712
13894 1 2 497 497 590 723
13895 1 2 497 497 590 602
13896 1 2 497 497 711 722
13897 1 2 497 497 711 601
13898 1 2 497 497 711 591
13899 1 2 497 497 711 712
13900 1 2 497 497 711 723
13901 1 2 497 497 711 602
13902 1 2 497 497 722 601
13903 1 2 497 497 722 591
13904 1 2 497 497 722 712
13905 1 2 497 497 722 723
13906 1 2 497 497 722 602
13907 1 2 497 497 601 591
13908 1 2 497 497 601 712
13909 1 2 497 497 601 723
13910 1 2 497 497 601 602
13911 1 2 497 497 591 712
13912 1 2 497 497 591 723
13913 1 2 497 497 591 602
13914 1 2 497 497 712 723
13915 1 2 497 497 712 602
13916 1 2 497 497 723 602
13917 1 2 498 498 591 712
13918 1 2 498 498 591 723
13919 1 2 498 498 591 602
13920 1 2 498 498 591 592
13921 1 2 498 498 591 713
13922 1 2 498 498 591 724
13923 1 2 498 498 591 603
13924 1 2 498 498 712 723
13925 1 2 498 498 712 602
13926 1 2 498 498 712 592
13927 1 2 498 498 712 713
13928 1 2 498 498 712 724
13929 1 2 498 498 712 603
13930 1 2 498 498 723 602
13931 1 2 498 498 723 592
13932 1 2 498 498 723 713
13933 1 2 498 498 723 724
13934 1 2 498 498 723 603
13935 1 2 498 498 602 592
13936 1 2 498 498 602 713
13937 1 2 498 498 602 724
13938 1 2 498 498 602 603
13939 1 2 498 498 592 713
13940 1 2 498 498 592 724
13941 1 2 498 498 592 603
13942 1 2 498 498 713 724
13943 1 2 498 498 713 603
13944 1 2 498 498 724 603
13945 1 2 499 499 592 713
13946 1 2 499 499 592 724
13947 1 2 499 499 592 603
13948 1 2 499 499 592 593
13949 1 2 499 499 592 714
13950 1 2 499 499 592 725
13951 1 2 499 499 592 604
13952 1 2 499 499 713 724
13953 1 2 499 499 713 603
13954 1 2 499 499 713 593
13955 1 2 499 499 713 714
13956 1 2 499 499 713 725
13957 1 2 499 499 713 604
13958 1 2 499 499 724 603
13959 1 2 499 499 724 593
13960 1 2 499 499 724 714
13961 1 2 499 499 724 725
13962 1 2 499 499 724 604
13963 1 2 499 499 603 593
13964 1 2 499 499 603 714
13965 1 2 499 499 603 725
13966 1 2 499 499 603 604
13967 1 2 499 499 593 714
13968 1 2 499 499 593 725
13969 1 2 499 499 593 604
13970 1 2 499 499 714 725
13971 1 2 499 499 714 604
13972 1 2 499 499 725 604
13973 1 2 500 500 593 714
13974 1 2 500 500 593 725
13975 1 2 500 500 593 604
13976 1 2 500 500 593 594
13977 1 2 500 500 593 715
13978 1 2 500 500 593 726
13979 1 2 500 500 593 605
13980 1 2 500 500 714 725
13981 1 2 500 500 714 604
13982 1 2 500 500 714 594
13983 1 2 500 500 714 715
13984 1 2 500 500 714 726
13985 1 2 500 500 714 605
13986 1 2 500 500 725 604
13987 1 2 500 500 725 594
13988 1 2 500 500 725 715
13989 1 2 500 500 725 726
13990 1 2 500 500 725 605
13991 1 2 500 500 604 594
13992 1 2 500 500 604 715
13993 1 2 500 500 604 726
13994 1 2 500 500 604 605
13995 1 2 500 500 594 715
13996 1 2 500 500 594 726
13997 1 2 500 500 594 605
13998 1 2 500 500 715 726
13999 1 2 500 500 715 605
14000 1 2 500 500 726 605
14001 1 2 501 501 606 727
14002 1 2 501 501 606 738
14003 1 2 501 501 606 617
14004 1 2 501 501 606 607
14005 1 2 501 501 606 728
14006 1 2 501 501 606 739
14007 1 2 501 501 606 618
14008 1 2 501 501 727 738
14009 1 2 501 501 727 617
14010 1 2 501 501 727 607
14011 1 2 501 501 727 728
14012 1 2 501 501 727 739
14013 1 2 501 501 727 618
14014 1 2 501 501 738 617
14015 1 2 501 501 738 607
14016 1 2 501 501 738 728
14017 1 2 501 501 738 739
14018 1 2 501 501 738 618
14019 1 2 501 501 617 607
14020 1 2 501 501 617 728
14021 1 2 501 501 617 739
14022 1 2 501 501 617 618
14023 1 2 501 501 607 728
14024 1 2 501 501 607 739
14025 1 2 501 501 607 618
14026 1 2 501 501 728 739
14027 1 2 501 501 728 618
14028 1 2 501 501 739 618
14029 1 2 502 502 607 728
14030 1 2 502 502 607 739
14031 1 2 502 502 607 618
14032 1 2 502 502 607 608
14033 1 2 502 502 607 729
14034 1 2 502 502 607 740
14035 1 2 502 502 607 619
14036 1 2 502 502 728 739
14037 1 2 502 502 728 618
14038 1 2 502 502 728 608
14039 1 2 502 502 728 729
14040 1 2 502 502 728 740
14041 1 2 502 502 728 619
14042 1 2 502 502 739 618
14043 1 2 502 502 739 608
14044 1 2 502 502 739 729
14045 1 2 502 502 739 740
14046 1 2 502 502 739 619
14047 1 2 502 502 618 608
14048 1 2 502 502 618 729
14049 1 2 502 502 618 740
14050 1 2 502 502 618 619
14051 1 2 502 502 608 729
14052 1 2 502 502 608 740
14053 1 2 502 502 608 619
14054 1 2 502 502 729 740
14055 1 2 502 502 729 619
14056 1 2 502 502 740 619
14057 1 2 503 503 608 729
14058 1 2 503 503 608 740
14059 1 2 503 503 608 619
14060 1 2 503 503 608 609
14061 1 2 503 503 608 730
14062 1 2 503 503 608 741
14063 1 2 503 503 608 620
14064 1 2 503 503 729 740
14065 1 2 503 503 729 619
14066 1 2 503 503 729 609
14067 1 2 503 503 729 730
14068 1 2 503 503 729 741
14069 1 2 503 503 729 620
14070 1 2 503 503 740 619
14071 1 2 503 503 740 609
14072 1 2 503 503 740 730
14073 1 2 503 503 740 741
14074 1 2 503 503 740 620
14075 1 2 503 503 619 609
14076 1 2 503 503 619 730
14077 1 2 503 503 619 741
14078 1 2 503 503 619 620
14079 1 2 503 503 609 730
14080 1 2 503 503 609 741
14081 1 2 503 503 609 620
14082 1 2 503 503 730 741
14083 1 2 503 503 730 620
14084 1 2 503 503 741 620
14085 1 2 504 504 609 730
14086 1 2 504 504 609 741
14087 1 2 504 504 609 620
14088 1 2 504 504 609 610
14089 1 2 504 504 609 731
14090 1 2 504 504 609 742
14091 1 2 504 504 609 621
14092 1 2 504 504 730 741
14093 1 2 504 504 730 620
14094 1 2 504 504 730 610
14095 1 2 504 504 730 731
14096 1 2 504 504 730 742
14097 1 2 504 504 730 621
14098 1 2 504 504 741 620
14099 1 2 504 504 741 610
14100 1 2 504 504 741 731
14101 1 2 504 504 741 742
14102 1 2 504 504 741 621
14103 1 2 504 504 620 610
14104 1 2 504 504 620 731
14105 1 2 504 504 620 742
14106 1 2 504 504 620 621
14107 1 2 504 504 610 731
14108 1 2 504 504 610 742
14109 1 2 504 504 610 621
14110 1 2 504 504 731 742
14111 1 2 504 504 731 621
14112 1 2 504 504 742 621
14113 1 2 505 505 610 731
14114 1 2 505 505 610 742
14115 1 2 505 505 610 621
14116 1 2 505 505 610 611
14117 1 2 505 505 610 732
14118 1 2 505 505 610 743
14119 1 2 505 505 610 622
14120 1 2 505 505 731 742
14121 1 2 505 505 731 621
14122 1 2 505 505 731 611
14123 1 2 505 505 731 732
14124 1 2 505 505 731 743
14125 1 2 505 505 731 622
14126 1 2 505 505 742 621
14127 1 2 505 505 742 611
14128 1 2 505 505 742 732
14129 1 2 505 505 742 743
14130 1 2 505 505 742 622
14131 1 2 505 505 621 611
14132 1 2 505 505 621 732
14133 1 2 505 505 621 743
14134 1 2 505 505 621 622
14135 1 2 505 505 611 732
14136 1 2 505 505 611 743
14137 1 2 505 505 611 622
14138 1 2 505 505 732 743
14139 1 2 505 505 732 622
14140 1 2 505 505 743 622
14141 1 2 506 506 611 732
14142 1 2 506 506 611 743
14143 1 2 506 506 611 622
14144 1 2 506 506 611 612
14145 1 2 506 506 611 733
14146 1 2 506 506 611 744
14147 1 2 506 506 611 623
14148 1 2 506 506 732 743
14149 1 2 506 506 732 622
14150 1 2 506 506 732 612
14151 1 2 506 506 732 733
14152 1 2 506 506 732 744
14153 1 2 506 506 732 623
14154 1 2 506 506 743 622
14155 1 2 506 506 743 612
14156 1 2 506 506 743 733
14157 1 2 506 506 743 744
14158 1 2 506 506 743 623
14159 1 2 506 506 622 612
14160 1 2 506 506 622 733
14161 1 2 506 506 622 744
14162 1 2 506 506 622 623
14163 1 2 506 506 612 733
14164 1 2 506 506 612 744
14165 1 2 506 506 612 623
14166 1 2 506 506 733 744
14167 1 2 506 506 733 623
14168 1 2 506 506 744 623
14169 1 2 507 507 612 733
14170 1 2 507 507 612 744
14171 1 2 507 507 612 623
14172 1 2 507 507 612 613
14173 1 2 507 507 612 734
14174 1 2 507 507 612 745
14175 1 2 507 507 612 624
14176 1 2 507 507 733 744
14177 1 2 507 507 733 623
14178 1 2 507 507 733 613
14179 1 2 507 507 733 734
14180 1 2 507 507 733 745
14181 1 2 507 507 733 624
14182 1 2 507 507 744 623
14183 1 2 507 507 744 613
14184 1 2 507 507 744 734
14185 1 2 507 507 744 745
14186 1 2 507 507 744 624
14187 1 2 507 507 623 613
14188 1 2 507 507 623 734
14189 1 2 507 507 623 745
14190 1 2 507 507 623 624
14191 1 2 507 507 613 734
14192 1 2 507 507 613 745
14193 1 2 507 507 613 624
14194 1 2 507 507 734 745
14195 1 2 507 507 734 624
14196 1 2 507 507 745 624
14197 1 2 508 508 613 734
14198 1 2 508 508 613 745
14199 1 2 508 508 613 624
14200 1 2 508 508 613 614
14201 1 2 508 508 613 735
14202 1 2 508 508 613 746
14203 1 2 508 508 613 625
14204 1 2 508 508 734 745
14205 1 2 508 508 734 624
14206 1 2 508 508 734 614
14207 1 2 508 508 734 735
14208 1 2 508 508 734 746
14209 1 2 508 508 734 625
14210 1 2 508 508 745 624
14211 1 2 508 508 745 614
14212 1 2 508 508 745 735
14213 1 2 508 508 745 746
14214 1 2 508 508 745 625
14215 1 2 508 508 624 614
14216 1 2 508 508 624 735
14217 1 2 508 508 624 746
14218 1 2 508 508 624 625
14219 1 2 508 508 614 735
14220 1 2 508 508 614 746
14221 1 2 508 508 614 625
14222 1 2 508 508 735 746
14223 1 2 508 508 735 625
14224 1 2 508 508 746 625
14225 1 2 509 509 614 735
14226 1 2 509 509 614 746
14227 1 2 509 509 614 625
14228 1 2 509 509 614 615
14229 1 2 509 509 614 736
14230 1 2 509 509 614 747
14231 1 2 509 509 614 626
14232 1 2 509 509 735 746
14233 1 2 509 509 735 625
14234 1 2 509 509 735 615
14235 1 2 509 509 735 736
14236 1 2 509 509 735 747
14237 1 2 509 509 735 626
14238 1 2 509 509 746 625
14239 1 2 509 509 746 615
14240 1 2 509 509 746 736
14241 1 2 509 509 746 747
14242 1 2 509 509 746 626
14243 1 2 509 509 625 615
14244 1 2 509 509 625 736
14245 1 2 509 509 625 747
14246 1 2 509 509 625 626
14247 1 2 509 509 615 736
14248 1 2 509 509 615 747
14249 1 2 509 509 615 626
14250 1 2 509 509 736 747
14251 1 2 509 509 736 626
14252 1 2 509 509 747 626
14253 1 2 510 510 615 736
14254 1 2 510 510 615 747
14255 1 2 510 510 615 626
14256 1 2 510 510 615 616
14257 1 2 510 510 615 737
14258 1 2 510 510 615 748
14259 1 2 510 510 615 627
14260 1 2 510 510 736 747
14261 1 2 510 510 736 626
14262 1 2 510 510 736 616
14263 1 2 510 510 736 737
14264 1 2 510 510 736 748
14265 1 2 510 510 736 627
14266 1 2 510 510 747 626
14267 1 2 510 510 747 616
14268 1 2 510 510 747 737
14269 1 2 510 510 747 748
14270 1 2 510 510 747 627
14271 1 2 510 510 626 616
14272 1 2 510 510 626 737
14273 1 2 510 510 626 748
14274 1 2 510 510 626 627
14275 1 2 510 510 616 737
14276 1 2 510 510 616 748
14277 1 2 510 510 616 627
14278 1 2 510 510 737 748
14279 1 2 510 510 737 627
14280 1 2 510 510 748 627
14281 1 2 511 511 617 738
14282 1 2 511 511 617 749
14283 1 2 511 511 617 628
14284 1 2 511 511 617 618
14285 1 2 511 511 617 739
14286 1 2 511 511 617 750
14287 1 2 511 511 617 629
14288 1 2 511 511 738 749
14289 1 2 511 511 738 628
14290 1 2 511 511 738 618
14291 1 2 511 511 738 739
14292 1 2 511 511 738 750
14293 1 2 511 511 738 629
14294 1 2 511 511 749 628
14295 1 2 511 511 749 618
14296 1 2 511 511 749 739
14297 1 2 511 511 749 750
14298 1 2 511 511 749 629
14299 1 2 511 511 628 618
14300 1 2 511 511 628 739
14301 1 2 511 511 628 750
14302 1 2 511 511 628 629
14303 1 2 511 511 618 739
14304 1 2 511 511 618 750
14305 1 2 511 511 618 629
14306 1 2 511 511 739 750
14307 1 2 511 511 739 629
14308 1 2 511 511 750 629
14309 1 2 512 512 618 739
14310 1 2 512 512 618 750
14311 1 2 512 512 618 629
14312 1 2 512 512 618 619
14313 1 2 512 512 618 740
14314 1 2 512 512 618 751
14315 1 2 512 512 618 630
14316 1 2 512 512 739 750
14317 1 2 512 512 739 629
14318 1 2 512 512 739 619
14319 1 2 512 512 739 740
14320 1 2 512 512 739 751
14321 1 2 512 512 739 630
14322 1 2 512 512 750 629
14323 1 2 512 512 750 619
14324 1 2 512 512 750 740
14325 1 2 512 512 750 751
14326 1 2 512 512 750 630
14327 1 2 512 512 629 619
14328 1 2 512 512 629 740
14329 1 2 512 512 629 751
14330 1 2 512 512 629 630
14331 1 2 512 512 619 740
14332 1 2 512 512 619 751
14333 1 2 512 512 619 630
14334 1 2 512 512 740 751
14335 1 2 512 512 740 630
14336 1 2 512 512 751 630
14337 1 2 513 513 619 740
14338 1 2 513 513 619 751
14339 1 2 513 513 619 630
14340 1 2 513 513 619 620
14341 1 2 513 513 619 741
14342 1 2 513 513 619 752
14343 1 2 513 513 619 631
14344 1 2 513 513 740 751
14345 1 2 513 513 740 630
14346 1 2 513 513 740 620
14347 1 2 513 513 740 741
14348 1 2 513 513 740 752
14349 1 2 513 513 740 631
14350 1 2 513 513 751 630
14351 1 2 513 513 751 620
14352 1 2 513 513 751 741
14353 1 2 513 513 751 752
14354 1 2 513 513 751 631
14355 1 2 513 513 630 620
14356 1 2 513 513 630 741
14357 1 2 513 513 630 752
14358 1 2 513 513 630 631
14359 1 2 513 513 620 741
14360 1 2 513 513 620 752
14361 1 2 513 513 620 631
14362 1 2 513 513 741 752
14363 1 2 513 513 741 631
14364 1 2 513 513 752 631
14365 1 2 514 514 620 741
14366 1 2 514 514 620 752
14367 1 2 514 514 620 631
14368 1 2 514 514 620 621
14369 1 2 514 514 620 742
14370 1 2 514 514 620 753
14371 1 2 514 514 620 632
14372 1 2 514 514 741 752
14373 1 2 514 514 741 631
14374 1 2 514 514 741 621
14375 1 2 514 514 741 742
14376 1 2 514 514 741 753
14377 1 2 514 514 741 632
14378 1 2 514 514 752 631
14379 1 2 514 514 752 621
14380 1 2 514 514 752 742
14381 1 2 514 514 752 753
14382 1 2 514 514 752 632
14383 1 2 514 514 631 621
14384 1 2 514 514 631 742
14385 1 2 514 514 631 753
14386 1 2 514 514 631 632
14387 1 2 514 514 621 742
14388 1 2 514 514 621 753
14389 1 2 514 514 621 632
14390 1 2 514 514 742 753
14391 1 2 514 514 742 632
14392 1 2 514 514 753 632
14393 1 2 515 515 621 742
14394 1 2 515 515 621 753
14395 1 2 515 515 621 632
14396 1 2 515 515 621 622
14397 1 2 515 515 621 743
14398 1 2 515 515 621 754
14399 1 2 515 515 621 633
14400 1 2 515 515 742 753
14401 1 2 515 515 742 632
14402 1 2 515 515 742 622
14403 1 2 515 515 742 743
14404 1 2 515 515 742 754
14405 1 2 515 515 742 633
14406 1 2 515 515 753 632
14407 1 2 515 515 753 622
14408 1 2 515 515 753 743
14409 1 2 515 515 753 754
14410 1 2 515 515 753 633
14411 1 2 515 515 632 622
14412 1 2 515 515 632 743
14413 1 2 515 515 632 754
14414 1 2 515 515 632 633
14415 1 2 515 515 622 743
14416 1 2 515 515 622 754
14417 1 2 515 515 622 633
14418 1 2 515 515 743 754
14419 1 2 515 515 743 633
14420 1 2 515 515 754 633
14421 1 2 516 516 622 743
14422 1 2 516 516 622 754
14423 1 2 516 516 622 633
14424 1 2 516 516 622 623
14425 1 2 516 516 622 744
14426 1 2 516 516 622 755
14427 1 2 516 516 622 634
14428 1 2 516 516 743 754
14429 1 2 516 516 743 633
14430 1 2 516 516 743 623
14431 1 2 516 516 743 744
14432 1 2 516 516 743 755
14433 1 2 516 516 743 634
14434 1 2 516 516 754 633
14435 1 2 516 516 754 623
14436 1 2 516 516 754 744
14437 1 2 516 516 754 755
14438 1 2 516 516 754 634
14439 1 2 516 516 633 623
14440 1 2 516 516 633 744
14441 1 2 516 516 633 755
14442 1 2 516 516 633 634
14443 1 2 516 516 623 744
14444 1 2 516 516 623 755
14445 1 2 516 516 623 634
14446 1 2 516 516 744 755
14447 1 2 516 516 744 634
14448 1 2 516 516 755 634
14449 1 2 517 517 623 744
14450 1 2 517 517 623 755
14451 1 2 517 517 623 634
14452 1 2 517 517 623 624
14453 1 2 517 517 623 745
14454 1 2 517 517 623 756
14455 1 2 517 517 623 635
14456 1 2 517 517 744 755
14457 1 2 517 517 744 634
14458 1 2 517 517 744 624
14459 1 2 517 517 744 745
14460 1 2 517 517 744 756
14461 1 2 517 517 744 635
14462 1 2 517 517 755 634
14463 1 2 517 517 755 624
14464 1 2 517 517 755 745
14465 1 2 517 517 755 756
14466 1 2 517 517 755 635
14467 1 2 517 517 634 624
14468 1 2 517 517 634 745
14469 1 2 517 517 634 756
14470 1 2 517 517 634 635
14471 1 2 517 517 624 745
14472 1 2 517 517 624 756
14473 1 2 517 517 624 635
14474 1 2 517 517 745 756
14475 1 2 517 517 745 635
14476 1 2 517 517 756 635
14477 1 2 518 518 624 745
14478 1 2 518 518 624 756
14479 1 2 518 518 624 635
14480 1 2 518 518 624 625
14481 1 2 518 518 624 746
14482 1 2 518 518 624 757
14483 1 2 518 518 624 636
14484 1 2 518 518 745 756
14485 1 2 518 518 745 635
14486 1 2 518 518 745 625
14487 1 2 518 518 745 746
14488 1 2 518 518 745 757
14489 1 2 518 518 745 636
14490 1 2 518 518 756 635
14491 1 2 518 518 756 625
14492 1 2 518 518 756 746
14493 1 2 518 518 756 757
14494 1 2 518 518 756 636
14495 1 2 518 518 635 625
14496 1 2 518 518 635 746
14497 1 2 518 518 635 757
14498 1 2 518 518 635 636
14499 1 2 518 518 625 746
14500 1 2 518 518 625 757
14501 1 2 518 518 625 636
14502 1 2 518 518 746 757
14503 1 2 518 518 746 636
14504 1 2 518 518 757 636
14505 1 2 519 519 625 746
14506 1 2 519 519 625 757
14507 1 2 519 519 625 636
14508 1 2 519 519 625 626
14509 1 2 519 519 625 747
14510 1 2 519 519 625 758
14511 1 2 519 519 625 637
14512 1 2 519 519 746 757
14513 1 2 519 519 746 636
14514 1 2 519 519 746 626
14515 1 2 519 519 746 747
14516 1 2 519 519 746 758
14517 1 2 519 519 746 637
14518 1 2 519 519 757 636
14519 1 2 519 519 757 626
14520 1 2 519 519 757 747
14521 1 2 519 519 757 758
14522 1 2 519 519 757 637
14523 1 2 519 519 636 626
14524 1 2 519 519 636 747
14525 1 2 519 519 636 758
14526 1 2 519 519 636 637
14527 1 2 519 519 626 747
14528 1 2 519 519 626 758
14529 1 2 519 519 626 637
14530 1 2 519 519 747 758
14531 1 2 519 519 747 637
14532 1 2 519 519 758 637
14533 1 2 520 520 626 747
14534 1 2 520 520 626 758
14535 1 2 520 520 626 637
14536 1 2 520 520 626 627
14537 1 2 520 520 626 748
14538 1 2 520 520 626 759
14539 1 2 520 520 626 638
14540 1 2 520 520 747 758
14541 1 2 520 520 747 637
14542 1 2 520 520 747 627
14543 1 2 520 520 747 748
14544 1 2 520 520 747 759
14545 1 2 520 520 747 638
14546 1 2 520 520 758 637
14547 1 2 520 520 758 627
14548 1 2 520 520 758 748
14549 1 2 520 520 758 759
14550 1 2 520 520 758 638
14551 1 2 520 520 637 627
14552 1 2 520 520 637 748
14553 1 2 520 520 637 759
14554 1 2 520 520 637 638
14555 1 2 520 520 627 748
14556 1 2 520 520 627 759
14557 1 2 520 520 627 638
14558 1 2 520 520 748 759
14559 1 2 520 520 748 638
14560 1 2 520 520 759 638
14561 1 2 521 521 628 749
14562 1 2 521 521 628 760
14563 1 2 521 521 628 639
14564 1 2 521 521 628 629
14565 1 2 521 521 628 750
14566 1 2 521 521 628 761
14567 1 2 521 521 628 640
14568 1 2 521 521 749 760
14569 1 2 521 521 749 639
14570 1 2 521 521 749 629
14571 1 2 521 521 749 750
14572 1 2 521 521 749 761
14573 1 2 521 521 749 640
14574 1 2 521 521 760 639
14575 1 2 521 521 760 629
14576 1 2 521 521 760 750
14577 1 2 521 521 760 761
14578 1 2 521 521 760 640
14579 1 2 521 521 639 629
14580 1 2 521 521 639 750
14581 1 2 521 521 639 761
14582 1 2 521 521 639 640
14583 1 2 521 521 629 750
14584 1 2 521 521 629 761
14585 1 2 521 521 629 640
14586 1 2 521 521 750 761
14587 1 2 521 521 750 640
14588 1 2 521 521 761 640
14589 1 2 522 522 629 750
14590 1 2 522 522 629 761
14591 1 2 522 522 629 640
14592 1 2 522 522 629 630
14593 1 2 522 522 629 751
14594 1 2 522 522 629 762
14595 1 2 522 522 629 641
14596 1 2 522 522 750 761
14597 1 2 522 522 750 640
14598 1 2 522 522 750 630
14599 1 2 522 522 750 751
14600 1 2 522 522 750 762
14601 1 2 522 522 750 641
14602 1 2 522 522 761 640
14603 1 2 522 522 761 630
14604 1 2 522 522 761 751
14605 1 2 522 522 761 762
14606 1 2 522 522 761 641
14607 1 2 522 522 640 630
14608 1 2 522 522 640 751
14609 1 2 522 522 640 762
14610 1 2 522 522 640 641
14611 1 2 522 522 630 751
14612 1 2 522 522 630 762
14613 1 2 522 522 630 641
14614 1 2 522 522 751 762
14615 1 2 522 522 751 641
14616 1 2 522 522 762 641
14617 1 2 523 523 630 751
14618 1 2 523 523 630 762
14619 1 2 523 523 630 641
14620 1 2 523 523 630 631
14621 1 2 523 523 630 752
14622 1 2 523 523 630 763
14623 1 2 523 523 630 642
14624 1 2 523 523 751 762
14625 1 2 523 523 751 641
14626 1 2 523 523 751 631
14627 1 2 523 523 751 752
14628 1 2 523 523 751 763
14629 1 2 523 523 751 642
14630 1 2 523 523 762 641
14631 1 2 523 523 762 631
14632 1 2 523 523 762 752
14633 1 2 523 523 762 763
14634 1 2 523 523 762 642
14635 1 2 523 523 641 631
14636 1 2 523 523 641 752
14637 1 2 523 523 641 763
14638 1 2 523 523 641 642
14639 1 2 523 523 631 752
14640 1 2 523 523 631 763
14641 1 2 523 523 631 642
14642 1 2 523 523 752 763
14643 1 2 523 523 752 642
14644 1 2 523 523 763 642
14645 1 2 524 524 631 752
14646 1 2 524 524 631 763
14647 1 2 524 524 631 642
14648 1 2 524 524 631 632
14649 1 2 524 524 631 753
14650 1 2 524 524 631 764
14651 1 2 524 524 631 643
14652 1 2 524 524 752 763
14653 1 2 524 524 752 642
14654 1 2 524 524 752 632
14655 1 2 524 524 752 753
14656 1 2 524 524 752 764
14657 1 2 524 524 752 643
14658 1 2 524 524 763 642
14659 1 2 524 524 763 632
14660 1 2 524 524 763 753
14661 1 2 524 524 763 764
14662 1 2 524 524 763 643
14663 1 2 524 524 642 632
14664 1 2 524 524 642 753
14665 1 2 524 524 642 764
14666 1 2 524 524 642 643
14667 1 2 524 524 632 753
14668 1 2 524 524 632 764
14669 1 2 524 524 632 643
14670 1 2 524 524 753 764
14671 1 2 524 524 753 643
14672 1 2 524 524 764 643
14673 1 2 525 525 632 753
14674 1 2 525 525 632 764
14675 1 2 525 525 632 643
14676 1 2 525 525 632 633
14677 1 2 525 525 632 754
14678 1 2 525 525 632 765
14679 1 2 525 525 632 644
14680 1 2 525 525 753 764
14681 1 2 525 525 753 643
14682 1 2 525 525 753 633
14683 1 2 525 525 753 754
14684 1 2 525 525 753 765
14685 1 2 525 525 753 644
14686 1 2 525 525 764 643
14687 1 2 525 525 764 633
14688 1 2 525 525 764 754
14689 1 2 525 525 764 765
14690 1 2 525 525 764 644
14691 1 2 525 525 643 633
14692 1 2 525 525 643 754
14693 1 2 525 525 643 765
14694 1 2 525 525 643 644
14695 1 2 525 525 633 754
14696 1 2 525 525 633 765
14697 1 2 525 525 633 644
14698 1 2 525 525 754 765
14699 1 2 525 525 754 644
14700 1 2 525 525 765 644
14701 1 2 526 526 633 754
14702 1 2 526 526 633 765
14703 1 2 526 526 633 644
14704 1 2 526 526 633 634
14705 1 2 526 526 633 755
14706 1 2 526 526 633 766
14707 1 2 526 526 633 645
14708 1 2 526 526 754 765
14709 1 2 526 526 754 644
14710 1 2 526 526 754 634
14711 1 2 526 526 754 755
14712 1 2 526 526 754 766
14713 1 2 526 526 754 645
14714 1 2 526 526 765 644
14715 1 2 526 526 765 634
14716 1 2 526 526 765 755
14717 1 2 526 526 765 766
14718 1 2 526 526 765 645
14719 1 2 526 526 644 634
14720 1 2 526 526 644 755
14721 1 2 526 526 644 766
14722 1 2 526 526 644 645
14723 1 2 526 526 634 755
14724 1 2 526 526 634 766
14725 1 2 526 526 634 645
14726 1 2 526 526 755 766
14727 1 2 526 526 755 645
14728 1 2 526 526 766 645
14729 1 2 527 527 634 755
14730 1 2 527 527 634 766
14731 1 2 527 527 634 645
14732 1 2 527 527 634 635
14733 1 2 527 527 634 756
14734 1 2 527 527 634 767
14735 1 2 527 527 634 646
14736 1 2 527 527 755 766
14737 1 2 527 527 755 645
14738 1 2 527 527 755 635
14739 1 2 527 527 755 756
14740 1 2 527 527 755 767
14741 1 2 527 527 755 646
14742 1 2 527 527 766 645
14743 1 2 527 527 766 635
14744 1 2 527 527 766 756
14745 1 2 527 527 766 767
14746 1 2 527 527 766 646
14747 1 2 527 527 645 635
14748 1 2 527 527 645 756
14749 1 2 527 527 645 767
14750 1 2 527 527 645 646
14751 1 2 527 527 635 756
14752 1 2 527 527 635 767
14753 1 2 527 527 635 646
14754 1 2 527 527 756 767
14755 1 2 527 527 756 646
14756 1 2 527 527 767 646
14757 1 2 528 528 635 756
14758 1 2 528 528 635 767
14759 1 2 528 528 635 646
14760 1 2 528 528 635 636
14761 1 2 528 528 635 757
14762 1 2 528 528 635 768
14763 1 2 528 528 635 647
14764 1 2 528 528 756 767
14765 1 2 528 528 756 646
14766 1 2 528 528 756 636
14767 1 2 528 528 756 757
14768 1 2 528 528 756 768
14769 1 2 528 528 756 647
14770 1 2 528 528 767 646
14771 1 2 528 528 767 636
14772 1 2 528 528 767 757
14773 1 2 528 528 767 768
14774 1 2 528 528 767 647
14775 1 2 528 528 646 636
14776 1 2 528 528 646 757
14777 1 2 528 528 646 768
14778 1 2 528 528 646 647
14779 1 2 528 528 636 757
14780 1 2 528 528 636 768
14781 1 2 528 528 636 647
14782 1 2 528 528 757 768
14783 1 2 528 528 757 647
14784 1 2 528 528 768 647
14785 1 2 529 529 636 757
14786 1 2 529 529 636 768
14787 1 2 529 529 636 647
14788 1 2 529 529 636 637
14789 1 2 529 529 636 758
14790 1 2 529 529 636 769
14791 1 2 529 529 636 648
14792 1 2 529 529 757 768
14793 1 2 529 529 757 647
14794 1 2 529 529 757 637
14795 1 2 529 529 757 758
14796 1 2 529 529 757 769
14797 1 2 529 529 757 648
14798 1 2 529 529 768 647
14799 1 2 529 529 768 637
14800 1 2 529 529 768 758
14801 1 2 529 529 768 769
14802 1 2 529 529 768 648
14803 1 2 529 529 647 637
14804 1 2 529 529 647 758
14805 1 2 529 529 647 769
14806 1 2 529 529 647 648
14807 1 2 529 529 637 758
14808 1 2 529 529 637 769
14809 1 2 529 529 637 648
14810 1 2 529 529 758 769
14811 1 2 529 529 758 648
14812 1 2 529 529 769 648
14813 1 2 530 530 637 758
14814 1 2 530 530 637 769
14815 1 2 530 530 637 648
14816 1 2 530 530 637 638
14817 1 2 530 530 637 759
14818 1 2 530 530 637 770
14819 1 2 530 530 637 649
14820 1 2 530 530 758 769
14821 1 2 530 530 758 648
14822 1 2 530 530 758 638
14823 1 2 530 530 758 759
14824 1 2 530 530 758 770
14825 1 2 530 530 758 649
14826 1 2 530 530 769 648
14827 1 2 530 530 769 638
14828 1 2 530 530 769 759
14829 1 2 530 530 769 770
14830 1 2 530 530 769 649
14831 1 2 530 530 648 638
14832 1 2 530 530 648 759
14833 1 2 530 530 648 770
14834 1 2 530 530 648 649
14835 1 2 530 530 638 759
14836 1 2 530 530 638 770
14837 1 2 530 530 638 649
14838 1 2 530 530 759 770
14839 1 2 530 530 759 649
14840 1 2 530 530 770 649
14841 1 2 531 531 639 760
14842 1 2 531 531 639 771
14843 1 2 531 531 639 650
14844 1 2 531 531 639 640
14845 1 2 531 531 639 761
14846 1 2 531 531 639 772
14847 1 2 531 531 639 651
14848 1 2 531 531 760 771
14849 1 2 531 531 760 650
14850 1 2 531 531 760 640
14851 1 2 531 531 760 761
14852 1 2 531 531 760 772
14853 1 2 531 531 760 651
14854 1 2 531 531 771 650
14855 1 2 531 531 771 640
14856 1 2 531 531 771 761
14857 1 2 531 531 771 772
14858 1 2 531 531 771 651
14859 1 2 531 531 650 640
14860 1 2 531 531 650 761
14861 1 2 531 531 650 772
14862 1 2 531 531 650 651
14863 1 2 531 531 640 761
14864 1 2 531 531 640 772
14865 1 2 531 531 640 651
14866 1 2 531 531 761 772
14867 1 2 531 531 761 651
14868 1 2 531 531 772 651
14869 1 2 532 532 640 761
14870 1 2 532 532 640 772
14871 1 2 532 532 640 651
14872 1 2 532 532 640 641
14873 1 2 532 532 640 762
14874 1 2 532 532 640 773
14875 1 2 532 532 640 652
14876 1 2 532 532 761 772
14877 1 2 532 532 761 651
14878 1 2 532 532 761 641
14879 1 2 532 532 761 762
14880 1 2 532 532 761 773
14881 1 2 532 532 761 652
14882 1 2 532 532 772 651
14883 1 2 532 532 772 641
14884 1 2 532 532 772 762
14885 1 2 532 532 772 773
14886 1 2 532 532 772 652
14887 1 2 532 532 651 641
14888 1 2 532 532 651 762
14889 1 2 532 532 651 773
14890 1 2 532 532 651 652
14891 1 2 532 532 641 762
14892 1 2 532 532 641 773
14893 1 2 532 532 641 652
14894 1 2 532 532 762 773
14895 1 2 532 532 762 652
14896 1 2 532 532 773 652
14897 1 2 533 533 641 762
14898 1 2 533 533 641 773
14899 1 2 533 533 641 652
14900 1 2 533 533 641 642
14901 1 2 533 533 641 763
14902 1 2 533 533 641 774
14903 1 2 533 533 641 653
14904 1 2 533 533 762 773
14905 1 2 533 533 762 652
14906 1 2 533 533 762 642
14907 1 2 533 533 762 763
14908 1 2 533 533 762 774
14909 1 2 533 533 762 653
14910 1 2 533 533 773 652
14911 1 2 533 533 773 642
14912 1 2 533 533 773 763
14913 1 2 533 533 773 774
14914 1 2 533 533 773 653
14915 1 2 533 533 652 642
14916 1 2 533 533 652 763
14917 1 2 533 533 652 774
14918 1 2 533 533 652 653
14919 1 2 533 533 642 763
14920 1 2 533 533 642 774
14921 1 2 533 533 642 653
14922 1 2 533 533 763 774
14923 1 2 533 533 763 653
14924 1 2 533 533 774 653
14925 1 2 534 534 642 763
14926 1 2 534 534 642 774
14927 1 2 534 534 642 653
14928 1 2 534 534 642 643
14929 1 2 534 534 642 764
14930 1 2 534 534 642 775
14931 1 2 534 534 642 654
14932 1 2 534 534 763 774
14933 1 2 534 534 763 653
14934 1 2 534 534 763 643
14935 1 2 534 534 763 764
14936 1 2 534 534 763 775
14937 1 2 534 534 763 654
14938 1 2 534 534 774 653
14939 1 2 534 534 774 643
14940 1 2 534 534 774 764
14941 1 2 534 534 774 775
14942 1 2 534 534 774 654
14943 1 2 534 534 653 643
14944 1 2 534 534 653 764
14945 1 2 534 534 653 775
14946 1 2 534 534 653 654
14947 1 2 534 534 643 764
14948 1 2 534 534 643 775
14949 1 2 534 534 643 654
14950 1 2 534 534 764 775
14951 1 2 534 534 764 654
14952 1 2 534 534 775 654
14953 1 2 535 535 643 764
14954 1 2 535 535 643 775
14955 1 2 535 535 643 654
14956 1 2 535 535 643 644
14957 1 2 535 535 643 765
14958 1 2 535 535 643 776
14959 1 2 535 535 643 655
14960 1 2 535 535 764 775
14961 1 2 535 535 764 654
14962 1 2 535 535 764 644
14963 1 2 535 535 764 765
14964 1 2 535 535 764 776
14965 1 2 535 535 764 655
14966 1 2 535 535 775 654
14967 1 2 535 535 775 644
14968 1 2 535 535 775 765
14969 1 2 535 535 775 776
14970 1 2 535 535 775 655
14971 1 2 535 535 654 644
14972 1 2 535 535 654 765
14973 1 2 535 535 654 776
14974 1 2 535 535 654 655
14975 1 2 535 535 644 765
14976 1 2 535 535 644 776
14977 1 2 535 535 644 655
14978 1 2 535 535 765 776
14979 1 2 535 535 765 655
14980 1 2 535 535 776 655
14981 1 2 536 536 644 765
14982 1 2 536 536 644 776
14983 1 2 536 536 644 655
14984 1 2 536 536 644 645
14985 1 2 536 536 644 766
14986 1 2 536 536 644 777
14987 1 2 536 536 644 656
14988 1 2 536 536 765 776
14989 1 2 536 536 765 655
14990 1 2 536 536 765 645
14991 1 2 536 536 765 766
14992 1 2 536 536 765 777
14993 1 2 536 536 765 656
14994 1 2 536 536 776 655
14995 1 2 536 536 776 645
14996 1 2 536 536 776 766
14997 1 2 536 536 776 777
14998 1 2 536 536 776 656
14999 1 2 536 536 655 645
15000 1 2 536 536 655 766
15001 1 2 536 536 655 777
15002 1 2 536 536 655 656
15003 1 2 536 536 645 766
15004 1 2 536 536 645 777
15005 1 2 536 536 645 656
15006 1 2 536 536 766 777
15007 1 2 536 536 766 656
15008 1 2 536 536 777 656
15009 1 2 537 537 645 766
15010 1 2 537 537 645 777
15011 1 2 537 537 645 656
15012 1 2 537 537 645 646
15013 1 2 537 537 645 767
15014 1 2 537 537 645 778
15015 1 2 537 537 645 657
15016 1 2 537 537 766 777
15017 1 2 537 537 766 656
15018 1 2 537 537 766 646
15019 1 2 537 537 766 767
15020 1 2 537 537 766 778
15021 1 2 537 537 766 657
15022 1 2 537 537 777 656
15023 1 2 537 537 777 646
15024 1 2 537 537 777 767
15025 1 2 537 537 777 778
15026 1 2 537 537 777 657
15027 1 2 537 537 656 646
15028 1 2 537 537 656 767
15029 1 2 537 537 656 778
15030 1 2 537 537 656 657
15031 1 2 537 537 646 767
15032 1 2 537 537 646 778
15033 1 2 537 537 646 657
15034 1 2 537 537 767 778
15035 1 2 537 537 767 657
15036 1 2 537 537 778 657
15037 1 2 538 538 646 767
15038 1 2 538 538 646 778
15039 1 2 538 538 646 657
15040 1 2 538 538 646 647
15041 1 2 538 538 646 768
15042 1 2 538 538 646 779
15043 1 2 538 538 646 658
15044 1 2 538 538 767 778
15045 1 2 538 538 767 657
15046 1 2 538 538 767 647
15047 1 2 538 538 767 768
15048 1 2 538 538 767 779
15049 1 2 538 538 767 658
15050 1 2 538 538 778 657
15051 1 2 538 538 778 647
15052 1 2 538 538 778 768
15053 1 2 538 538 778 779
15054 1 2 538 538 778 658
15055 1 2 538 538 657 647
15056 1 2 538 538 657 768
15057 1 2 538 538 657 779
15058 1 2 538 538 657 658
15059 1 2 538 538 647 768
15060 1 2 538 538 647 779
15061 1 2 538 538 647 658
15062 1 2 538 538 768 779
15063 1 2 538 538 768 658
15064 1 2 538 538 779 658
15065 1 2 539 539 647 768
15066 1 2 539 539 647 779
15067 1 2 539 539 647 658
15068 1 2 539 539 647 648
15069 1 2 539 539 647 769
15070 1 2 539 539 647 780
15071 1 2 539 539 647 659
15072 1 2 539 539 768 779
15073 1 2 539 539 768 658
15074 1 2 539 539 768 648
15075 1 2 539 539 768 769
15076 1 2 539 539 768 780
15077 1 2 539 539 768 659
15078 1 2 539 539 779 658
15079 1 2 539 539 779 648
15080 1 2 539 539 779 769
15081 1 2 539 539 779 780
15082 1 2 539 539 779 659
15083 1 2 539 539 658 648
15084 1 2 539 539 658 769
15085 1 2 539 539 658 780
15086 1 2 539 539 658 659
15087 1 2 539 539 648 769
15088 1 2 539 539 648 780
15089 1 2 539 539 648 659
15090 1 2 539 539 769 780
15091 1 2 539 539 769 659
15092 1 2 539 539 780 659
15093 1 2 540 540 648 769
15094 1 2 540 540 648 780
15095 1 2 540 540 648 659
15096 1 2 540 540 648 649
15097 1 2 540 540 648 770
15098 1 2 540 540 648 781
15099 1 2 540 540 648 660
15100 1 2 540 540 769 780
15101 1 2 540 540 769 659
15102 1 2 540 540 769 649
15103 1 2 540 540 769 770
15104 1 2 540 540 769 781
15105 1 2 540 540 769 660
15106 1 2 540 540 780 659
15107 1 2 540 540 780 649
15108 1 2 540 540 780 770
15109 1 2 540 540 780 781
15110 1 2 540 540 780 660
15111 1 2 540 540 659 649
15112 1 2 540 540 659 770
15113 1 2 540 540 659 781
15114 1 2 540 540 659 660
15115 1 2 540 540 649 770
15116 1 2 540 540 649 781
15117 1 2 540 540 649 660
15118 1 2 540 540 770 781
15119 1 2 540 540 770 660
15120 1 2 540 540 781 660
15121 1 2 541 541 650 771
15122 1 2 541 541 650 782
15123 1 2 541 541 650 661
15124 1 2 541 541 650 651
15125 1 2 541 541 650 772
15126 1 2 541 541 650 783
15127 1 2 541 541 650 662
15128 1 2 541 541 771 782
15129 1 2 541 541 771 661
15130 1 2 541 541 771 651
15131 1 2 541 541 771 772
15132 1 2 541 541 771 783
15133 1 2 541 541 771 662
15134 1 2 541 541 782 661
15135 1 2 541 541 782 651
15136 1 2 541 541 782 772
15137 1 2 541 541 782 783
15138 1 2 541 541 782 662
15139 1 2 541 541 661 651
15140 1 2 541 541 661 772
15141 1 2 541 541 661 783
15142 1 2 541 541 661 662
15143 1 2 541 541 651 772
15144 1 2 541 541 651 783
15145 1 2 541 541 651 662
15146 1 2 541 541 772 783
15147 1 2 541 541 772 662
15148 1 2 541 541 783 662
15149 1 2 542 542 651 772
15150 1 2 542 542 651 783
15151 1 2 542 542 651 662
15152 1 2 542 542 651 652
15153 1 2 542 542 651 773
15154 1 2 542 542 651 784
15155 1 2 542 542 651 663
15156 1 2 542 542 772 783
15157 1 2 542 542 772 662
15158 1 2 542 542 772 652
15159 1 2 542 542 772 773
15160 1 2 542 542 772 784
15161 1 2 542 542 772 663
15162 1 2 542 542 783 662
15163 1 2 542 542 783 652
15164 1 2 542 542 783 773
15165 1 2 542 542 783 784
15166 1 2 542 542 783 663
15167 1 2 542 542 662 652
15168 1 2 542 542 662 773
15169 1 2 542 542 662 784
15170 1 2 542 542 662 663
15171 1 2 542 542 652 773
15172 1 2 542 542 652 784
15173 1 2 542 542 652 663
15174 1 2 542 542 773 784
15175 1 2 542 542 773 663
15176 1 2 542 542 784 663
15177 1 2 543 543 652 773
15178 1 2 543 543 652 784
15179 1 2 543 543 652 663
15180 1 2 543 543 652 653
15181 1 2 543 543 652 774
15182 1 2 543 543 652 785
15183 1 2 543 543 652 664
15184 1 2 543 543 773 784
15185 1 2 543 543 773 663
15186 1 2 543 543 773 653
15187 1 2 543 543 773 774
15188 1 2 543 543 773 785
15189 1 2 543 543 773 664
15190 1 2 543 543 784 663
15191 1 2 543 543 784 653
15192 1 2 543 543 784 774
15193 1 2 543 543 784 785
15194 1 2 543 543 784 664
15195 1 2 543 543 663 653
15196 1 2 543 543 663 774
15197 1 2 543 543 663 785
15198 1 2 543 543 663 664
15199 1 2 543 543 653 774
15200 1 2 543 543 653 785
15201 1 2 543 543 653 664
15202 1 2 543 543 774 785
15203 1 2 543 543 774 664
15204 1 2 543 543 785 664
15205 1 2 544 544 653 774
15206 1 2 544 544 653 785
15207 1 2 544 544 653 664
15208 1 2 544 544 653 654
15209 1 2 544 544 653 775
15210 1 2 544 544 653 786
15211 1 2 544 544 653 665
15212 1 2 544 544 774 785
15213 1 2 544 544 774 664
15214 1 2 544 544 774 654
15215 1 2 544 544 774 775
15216 1 2 544 544 774 786
15217 1 2 544 544 774 665
15218 1 2 544 544 785 664
15219 1 2 544 544 785 654
15220 1 2 544 544 785 775
15221 1 2 544 544 785 786
15222 1 2 544 544 785 665
15223 1 2 544 544 664 654
15224 1 2 544 544 664 775
15225 1 2 544 544 664 786
15226 1 2 544 544 664 665
15227 1 2 544 544 654 775
15228 1 2 544 544 654 786
15229 1 2 544 544 654 665
15230 1 2 544 544 775 786
15231 1 2 544 544 775 665
15232 1 2 544 544 786 665
15233 1 2 545 545 654 775
15234 1 2 545 545 654 786
15235 1 2 545 545 654 665
15236 1 2 545 545 654 655
15237 1 2 545 545 654 776
15238 1 2 545 545 654 787
15239 1 2 545 545 654 666
15240 1 2 545 545 775 786
15241 1 2 545 545 775 665
15242 1 2 545 545 775 655
15243 1 2 545 545 775 776
15244 1 2 545 545 775 787
15245 1 2 545 545 775 666
15246 1 2 545 545 786 665
15247 1 2 545 545 786 655
15248 1 2 545 545 786 776
15249 1 2 545 545 786 787
15250 1 2 545 545 786 666
15251 1 2 545 545 665 655
15252 1 2 545 545 665 776
15253 1 2 545 545 665 787
15254 1 2 545 545 665 666
15255 1 2 545 545 655 776
15256 1 2 545 545 655 787
15257 1 2 545 545 655 666
15258 1 2 545 545 776 787
15259 1 2 545 545 776 666
15260 1 2 545 545 787 666
15261 1 2 546 546 655 776
15262 1 2 546 546 655 787
15263 1 2 546 546 655 666
15264 1 2 546 546 655 656
15265 1 2 546 546 655 777
15266 1 2 546 546 655 788
15267 1 2 546 546 655 667
15268 1 2 546 546 776 787
15269 1 2 546 546 776 666
15270 1 2 546 546 776 656
15271 1 2 546 546 776 777
15272 1 2 546 546 776 788
15273 1 2 546 546 776 667
15274 1 2 546 546 787 666
15275 1 2 546 546 787 656
15276 1 2 546 546 787 777
15277 1 2 546 546 787 788
15278 1 2 546 546 787 667
15279 1 2 546 546 666 656
15280 1 2 546 546 666 777
15281 1 2 546 546 666 788
15282 1 2 546 546 666 667
15283 1 2 546 546 656 777
15284 1 2 546 546 656 788
15285 1 2 546 546 656 667
15286 1 2 546 546 777 788
15287 1 2 546 546 777 667
15288 1 2 546 546 788 667
15289 1 2 547 547 656 777
15290 1 2 547 547 656 788
15291 1 2 547 547 656 667
15292 1 2 547 547 656 657
15293 1 2 547 547 656 778
15294 1 2 547 547 656 789
15295 1 2 547 547 656 668
15296 1 2 547 547 777 788
15297 1 2 547 547 777 667
15298 1 2 547 547 777 657
15299 1 2 547 547 777 778
15300 1 2 547 547 777 789
15301 1 2 547 547 777 668
15302 1 2 547 547 788 667
15303 1 2 547 547 788 657
15304 1 2 547 547 788 778
15305 1 2 547 547 788 789
15306 1 2 547 547 788 668
15307 1 2 547 547 667 657
15308 1 2 547 547 667 778
15309 1 2 547 547 667 789
15310 1 2 547 547 667 668
15311 1 2 547 547 657 778
15312 1 2 547 547 657 789
15313 1 2 547 547 657 668
15314 1 2 547 547 778 789
15315 1 2 547 547 778 668
15316 1 2 547 547 789 668
15317 1 2 548 548 657 778
15318 1 2 548 548 657 789
15319 1 2 548 548 657 668
15320 1 2 548 548 657 658
15321 1 2 548 548 657 779
15322 1 2 548 548 657 790
15323 1 2 548 548 657 669
15324 1 2 548 548 778 789
15325 1 2 548 548 778 668
15326 1 2 548 548 778 658
15327 1 2 548 548 778 779
15328 1 2 548 548 778 790
15329 1 2 548 548 778 669
15330 1 2 548 548 789 668
15331 1 2 548 548 789 658
15332 1 2 548 548 789 779
15333 1 2 548 548 789 790
15334 1 2 548 548 789 669
15335 1 2 548 548 668 658
15336 1 2 548 548 668 779
15337 1 2 548 548 668 790
15338 1 2 548 548 668 669
15339 1 2 548 548 658 779
15340 1 2 548 548 658 790
15341 1 2 548 548 658 669
15342 1 2 548 548 779 790
15343 1 2 548 548 779 669
15344 1 2 548 548 790 669
15345 1 2 549 549 658 779
15346 1 2 549 549 658 790
15347 1 2 549 549 658 669
15348 1 2 549 549 658 659
15349 1 2 549 549 658 780
15350 1 2 549 549 658 791
15351 1 2 549 549 658 670
15352 1 2 549 549 779 790
15353 1 2 549 549 779 669
15354 1 2 549 549 779 659
15355 1 2 549 549 779 780
15356 1 2 549 549 779 791
15357 1 2 549 549 779 670
15358 1 2 549 549 790 669
15359 1 2 549 549 790 659
15360 1 2 549 549 790 780
15361 1 2 549 549 790 791
15362 1 2 549 549 790 670
15363 1 2 549 549 669 659
15364 1 2 549 549 669 780
15365 1 2 549 549 669 791
15366 1 2 549 549 669 670
15367 1 2 549 549 659 780
15368 1 2 549 549 659 791
15369 1 2 549 549 659 670
15370 1 2 549 549 780 791
15371 1 2 549 549 780 670
15372 1 2 549 549 791 670
15373 1 2 550 550 659 780
15374 1 2 550 550 659 791
15375 1 2 550 550 659 670
15376 1 2 550 550 659 660
15377 1 2 550 550 659 781
15378 1 2 550 550 659 792
15379 1 2 550 550 659 671
15380 1 2 550 550 780 791
15381 1 2 550 550 780 670
15382 1 2 550 550 780 660
15383 1 2 550 550 780 781
15384 1 2 550 550 780 792
15385 1 2 550 550 780 671
15386 1 2 550 550 791 670
15387 1 2 550 550 791 660
15388 1 2 550 550 791 781
15389 1 2 550 550 791 792
15390 1 2 550 550 791 671
15391 1 2 550 550 670 660
15392 1 2 550 550 670 781
15393 1 2 550 550 670 792
15394 1 2 550 550 670 671
15395 1 2 550 550 660 781
15396 1 2 550 550 660 792
15397 1 2 550 550 660 671
15398 1 2 550 550 781 792
15399 1 2 550 550 781 671
15400 1 2 550 550 792 671
15401 1 2 551 551 661 782
15402 1 2 551 551 661 793
15403 1 2 551 551 661 672
15404 1 2 551 551 661 662
15405 1 2 551 551 661 783
15406 1 2 551 551 661 794
15407 1 2 551 551 661 673
15408 1 2 551 551 782 793
15409 1 2 551 551 782 672
15410 1 2 551 551 782 662
15411 1 2 551 551 782 783
15412 1 2 551 551 782 794
15413 1 2 551 551 782 673
15414 1 2 551 551 793 672
15415 1 2 551 551 793 662
15416 1 2 551 551 793 783
15417 1 2 551 551 793 794
15418 1 2 551 551 793 673
15419 1 2 551 551 672 662
15420 1 2 551 551 672 783
15421 1 2 551 551 672 794
15422 1 2 551 551 672 673
15423 1 2 551 551 662 783
15424 1 2 551 551 662 794
15425 1 2 551 551 662 673
15426 1 2 551 551 783 794
15427 1 2 551 551 783 673
15428 1 2 551 551 794 673
15429 1 2 552 552 662 783
15430 1 2 552 552 662 794
15431 1 2 552 552 662 673
15432 1 2 552 552 662 663
15433 1 2 552 552 662 784
15434 1 2 552 552 662 795
15435 1 2 552 552 662 674
15436 1 2 552 552 783 794
15437 1 2 552 552 783 673
15438 1 2 552 552 783 663
15439 1 2 552 552 783 784
15440 1 2 552 552 783 795
15441 1 2 552 552 783 674
15442 1 2 552 552 794 673
15443 1 2 552 552 794 663
15444 1 2 552 552 794 784
15445 1 2 552 552 794 795
15446 1 2 552 552 794 674
15447 1 2 552 552 673 663
15448 1 2 552 552 673 784
15449 1 2 552 552 673 795
15450 1 2 552 552 673 674
15451 1 2 552 552 663 784
15452 1 2 552 552 663 795
15453 1 2 552 552 663 674
15454 1 2 552 552 784 795
15455 1 2 552 552 784 674
15456 1 2 552 552 795 674
15457 1 2 553 553 663 784
15458 1 2 553 553 663 795
15459 1 2 553 553 663 674
15460 1 2 553 553 663 664
15461 1 2 553 553 663 785
15462 1 2 553 553 663 796
15463 1 2 553 553 663 675
15464 1 2 553 553 784 795
15465 1 2 553 553 784 674
15466 1 2 553 553 784 664
15467 1 2 553 553 784 785
15468 1 2 553 553 784 796
15469 1 2 553 553 784 675
15470 1 2 553 553 795 674
15471 1 2 553 553 795 664
15472 1 2 553 553 795 785
15473 1 2 553 553 795 796
15474 1 2 553 553 795 675
15475 1 2 553 553 674 664
15476 1 2 553 553 674 785
15477 1 2 553 553 674 796
15478 1 2 553 553 674 675
15479 1 2 553 553 664 785
15480 1 2 553 553 664 796
15481 1 2 553 553 664 675
15482 1 2 553 553 785 796
15483 1 2 553 553 785 675
15484 1 2 553 553 796 675
15485 1 2 554 554 664 785
15486 1 2 554 554 664 796
15487 1 2 554 554 664 675
15488 1 2 554 554 664 665
15489 1 2 554 554 664 786
15490 1 2 554 554 664 797
15491 1 2 554 554 664 676
15492 1 2 554 554 785 796
15493 1 2 554 554 785 675
15494 1 2 554 554 785 665
15495 1 2 554 554 785 786
15496 1 2 554 554 785 797
15497 1 2 554 554 785 676
15498 1 2 554 554 796 675
15499 1 2 554 554 796 665
15500 1 2 554 554 796 786
15501 1 2 554 554 796 797
15502 1 2 554 554 796 676
15503 1 2 554 554 675 665
15504 1 2 554 554 675 786
15505 1 2 554 554 675 797
15506 1 2 554 554 675 676
15507 1 2 554 554 665 786
15508 1 2 554 554 665 797
15509 1 2 554 554 665 676
15510 1 2 554 554 786 797
15511 1 2 554 554 786 676
15512 1 2 554 554 797 676
15513 1 2 555 555 665 786
15514 1 2 555 555 665 797
15515 1 2 555 555 665 676
15516 1 2 555 555 665 666
15517 1 2 555 555 665 787
15518 1 2 555 555 665 798
15519 1 2 555 555 665 677
15520 1 2 555 555 786 797
15521 1 2 555 555 786 676
15522 1 2 555 555 786 666
15523 1 2 555 555 786 787
15524 1 2 555 555 786 798
15525 1 2 555 555 786 677
15526 1 2 555 555 797 676
15527 1 2 555 555 797 666
15528 1 2 555 555 797 787
15529 1 2 555 555 797 798
15530 1 2 555 555 797 677
15531 1 2 555 555 676 666
15532 1 2 555 555 676 787
15533 1 2 555 555 676 798
15534 1 2 555 555 676 677
15535 1 2 555 555 666 787
15536 1 2 555 555 666 798
15537 1 2 555 555 666 677
15538 1 2 555 555 787 798
15539 1 2 555 555 787 677
15540 1 2 555 555 798 677
15541 1 2 556 556 666 787
15542 1 2 556 556 666 798
15543 1 2 556 556 666 677
15544 1 2 556 556 666 667
15545 1 2 556 556 666 788
15546 1 2 556 556 666 799
15547 1 2 556 556 666 678
15548 1 2 556 556 787 798
15549 1 2 556 556 787 677
15550 1 2 556 556 787 667
15551 1 2 556 556 787 788
15552 1 2 556 556 787 799
15553 1 2 556 556 787 678
15554 1 2 556 556 798 677
15555 1 2 556 556 798 667
15556 1 2 556 556 798 788
15557 1 2 556 556 798 799
15558 1 2 556 556 798 678
15559 1 2 556 556 677 667
15560 1 2 556 556 677 788
15561 1 2 556 556 677 799
15562 1 2 556 556 677 678
15563 1 2 556 556 667 788
15564 1 2 556 556 667 799
15565 1 2 556 556 667 678
15566 1 2 556 556 788 799
15567 1 2 556 556 788 678
15568 1 2 556 556 799 678
15569 1 2 557 557 667 788
15570 1 2 557 557 667 799
15571 1 2 557 557 667 678
15572 1 2 557 557 667 668
15573 1 2 557 557 667 789
15574 1 2 557 557 667 800
15575 1 2 557 557 667 679
15576 1 2 557 557 788 799
15577 1 2 557 557 788 678
15578 1 2 557 557 788 668
15579 1 2 557 557 788 789
15580 1 2 557 557 788 800
15581 1 2 557 557 788 679
15582 1 2 557 557 799 678
15583 1 2 557 557 799 668
15584 1 2 557 557 799 789
15585 1 2 557 557 799 800
15586 1 2 557 557 799 679
15587 1 2 557 557 678 668
15588 1 2 557 557 678 789
15589 1 2 557 557 678 800
15590 1 2 557 557 678 679
15591 1 2 557 557 668 789
15592 1 2 557 557 668 800
15593 1 2 557 557 668 679
15594 1 2 557 557 789 800
15595 1 2 557 557 789 679
15596 1 2 557 557 800 679
15597 1 2 558 558 668 789
15598 1 2 558 558 668 800
15599 1 2 558 558 668 679
15600 1 2 558 558 668 669
15601 1 2 558 558 668 790
15602 1 2 558 558 668 801
15603 1 2 558 558 668 680
15604 1 2 558 558 789 800
15605 1 2 558 558 789 679
15606 1 2 558 558 789 669
15607 1 2 558 558 789 790
15608 1 2 558 558 789 801
15609 1 2 558 558 789 680
15610 1 2 558 558 800 679
15611 1 2 558 558 800 669
15612 1 2 558 558 800 790
15613 1 2 558 558 800 801
15614 1 2 558 558 800 680
15615 1 2 558 558 679 669
15616 1 2 558 558 679 790
15617 1 2 558 558 679 801
15618 1 2 558 558 679 680
15619 1 2 558 558 669 790
15620 1 2 558 558 669 801
15621 1 2 558 558 669 680
15622 1 2 558 558 790 801
15623 1 2 558 558 790 680
15624 1 2 558 558 801 680
15625 1 2 559 559 669 790
15626 1 2 559 559 669 801
15627 1 2 559 559 669 680
15628 1 2 559 559 669 670
15629 1 2 559 559 669 791
15630 1 2 559 559 669 802
15631 1 2 559 559 669 681
15632 1 2 559 559 790 801
15633 1 2 559 559 790 680
15634 1 2 559 559 790 670
15635 1 2 559 559 790 791
15636 1 2 559 559 790 802
15637 1 2 559 559 790 681
15638 1 2 559 559 801 680
15639 1 2 559 559 801 670
15640 1 2 559 559 801 791
15641 1 2 559 559 801 802
15642 1 2 559 559 801 681
15643 1 2 559 559 680 670
15644 1 2 559 559 680 791
15645 1 2 559 559 680 802
15646 1 2 559 559 680 681
15647 1 2 559 559 670 791
15648 1 2 559 559 670 802
15649 1 2 559 559 670 681
15650 1 2 559 559 791 802
15651 1 2 559 559 791 681
15652 1 2 559 559 802 681
15653 1 2 560 560 670 791
15654 1 2 560 560 670 802
15655 1 2 560 560 670 681
15656 1 2 560 560 670 671
15657 1 2 560 560 670 792
15658 1 2 560 560 670 803
15659 1 2 560 560 670 682
15660 1 2 560 560 791 802
15661 1 2 560 560 791 681
15662 1 2 560 560 791 671
15663 1 2 560 560 791 792
15664 1 2 560 560 791 803
15665 1 2 560 560 791 682
15666 1 2 560 560 802 681
15667 1 2 560 560 802 671
15668 1 2 560 560 802 792
15669 1 2 560 560 802 803
15670 1 2 560 560 802 682
15671 1 2 560 560 681 671
15672 1 2 560 560 681 792
15673 1 2 560 560 681 803
15674 1 2 560 560 681 682
15675 1 2 560 560 671 792
15676 1 2 560 560 671 803
15677 1 2 560 560 671 682
15678 1 2 560 560 792 803
15679 1 2 560 560 792 682
15680 1 2 560 560 803 682
15681 1 2 561 561 672 793
15682 1 2 561 561 672 804
15683 1 2 561 561 672 683
15684 1 2 561 561 672 673
15685 1 2 561 561 672 794
15686 1 2 561 561 672 805
15687 1 2 561 561 672 684
15688 1 2 561 561 793 804
15689 1 2 561 561 793 683
15690 1 2 561 561 793 673
15691 1 2 561 561 793 794
15692 1 2 561 561 793 805
15693 1 2 561 561 793 684
15694 1 2 561 561 804 683
15695 1 2 561 561 804 673
15696 1 2 561 561 804 794
15697 1 2 561 561 804 805
15698 1 2 561 561 804 684
15699 1 2 561 561 683 673
15700 1 2 561 561 683 794
15701 1 2 561 561 683 805
15702 1 2 561 561 683 684
15703 1 2 561 561 673 794
15704 1 2 561 561 673 805
15705 1 2 561 561 673 684
15706 1 2 561 561 794 805
15707 1 2 561 561 794 684
15708 1 2 561 561 805 684
15709 1 2 562 562 673 794
15710 1 2 562 562 673 805
15711 1 2 562 562 673 684
15712 1 2 562 562 673 674
15713 1 2 562 562 673 795
15714 1 2 562 562 673 806
15715 1 2 562 562 673 685
15716 1 2 562 562 794 805
15717 1 2 562 562 794 684
15718 1 2 562 562 794 674
15719 1 2 562 562 794 795
15720 1 2 562 562 794 806
15721 1 2 562 562 794 685
15722 1 2 562 562 805 684
15723 1 2 562 562 805 674
15724 1 2 562 562 805 795
15725 1 2 562 562 805 806
15726 1 2 562 562 805 685
15727 1 2 562 562 684 674
15728 1 2 562 562 684 795
15729 1 2 562 562 684 806
15730 1 2 562 562 684 685
15731 1 2 562 562 674 795
15732 1 2 562 562 674 806
15733 1 2 562 562 674 685
15734 1 2 562 562 795 806
15735 1 2 562 562 795 685
15736 1 2 562 562 806 685
15737 1 2 563 563 674 795
15738 1 2 563 563 674 806
15739 1 2 563 563 674 685
15740 1 2 563 563 674 675
15741 1 2 563 563 674 796
15742 1 2 563 563 674 807
15743 1 2 563 563 674 686
15744 1 2 563 563 795 806
15745 1 2 563 563 795 685
15746 1 2 563 563 795 675
15747 1 2 563 563 795 796
15748 1 2 563 563 795 807
15749 1 2 563 563 795 686
15750 1 2 563 563 806 685
15751 1 2 563 563 806 675
15752 1 2 563 563 806 796
15753 1 2 563 563 806 807
15754 1 2 563 563 806 686
15755 1 2 563 563 685 675
15756 1 2 563 563 685 796
15757 1 2 563 563 685 807
15758 1 2 563 563 685 686
15759 1 2 563 563 675 796
15760 1 2 563 563 675 807
15761 1 2 563 563 675 686
15762 1 2 563 563 796 807
15763 1 2 563 563 796 686
15764 1 2 563 563 807 686
15765 1 2 564 564 675 796
15766 1 2 564 564 675 807
15767 1 2 564 564 675 686
15768 1 2 564 564 675 676
15769 1 2 564 564 675 797
15770 1 2 564 564 675 808
15771 1 2 564 564 675 687
15772 1 2 564 564 796 807
15773 1 2 564 564 796 686
15774 1 2 564 564 796 676
15775 1 2 564 564 796 797
15776 1 2 564 564 796 808
15777 1 2 564 564 796 687
15778 1 2 564 564 807 686
15779 1 2 564 564 807 676
15780 1 2 564 564 807 797
15781 1 2 564 564 807 808
15782 1 2 564 564 807 687
15783 1 2 564 564 686 676
15784 1 2 564 564 686 797
15785 1 2 564 564 686 808
15786 1 2 564 564 686 687
15787 1 2 564 564 676 797
15788 1 2 564 564 676 808
15789 1 2 564 564 676 687
15790 1 2 564 564 797 808
15791 1 2 564 564 797 687
15792 1 2 564 564 808 687
15793 1 2 565 565 676 797
15794 1 2 565 565 676 808
15795 1 2 565 565 676 687
15796 1 2 565 565 676 677
15797 1 2 565 565 676 798
15798 1 2 565 565 676 809
15799 1 2 565 565 676 688
15800 1 2 565 565 797 808
15801 1 2 565 565 797 687
15802 1 2 565 565 797 677
15803 1 2 565 565 797 798
15804 1 2 565 565 797 809
15805 1 2 565 565 797 688
15806 1 2 565 565 808 687
15807 1 2 565 565 808 677
15808 1 2 565 565 808 798
15809 1 2 565 565 808 809
15810 1 2 565 565 808 688
15811 1 2 565 565 687 677
15812 1 2 565 565 687 798
15813 1 2 565 565 687 809
15814 1 2 565 565 687 688
15815 1 2 565 565 677 798
15816 1 2 565 565 677 809
15817 1 2 565 565 677 688
15818 1 2 565 565 798 809
15819 1 2 565 565 798 688
15820 1 2 565 565 809 688
15821 1 2 566 566 677 798
15822 1 2 566 566 677 809
15823 1 2 566 566 677 688
15824 1 2 566 566 677 678
15825 1 2 566 566 677 799
15826 1 2 566 566 677 810
15827 1 2 566 566 677 689
15828 1 2 566 566 798 809
15829 1 2 566 566 798 688
15830 1 2 566 566 798 678
15831 1 2 566 566 798 799
15832 1 2 566 566 798 810
15833 1 2 566 566 798 689
15834 1 2 566 566 809 688
15835 1 2 566 566 809 678
15836 1 2 566 566 809 799
15837 1 2 566 566 809 810
15838 1 2 566 566 809 689
15839 1 2 566 566 688 678
15840 1 2 566 566 688 799
15841 1 2 566 566 688 810
15842 1 2 566 566 688 689
15843 1 2 566 566 678 799
15844 1 2 566 566 678 810
15845 1 2 566 566 678 689
15846 1 2 566 566 799 810
15847 1 2 566 566 799 689
15848 1 2 566 566 810 689
15849 1 2 567 567 678 799
15850 1 2 567 567 678 810
15851 1 2 567 567 678 689
15852 1 2 567 567 678 679
15853 1 2 567 567 678 800
15854 1 2 567 567 678 811
15855 1 2 567 567 678 690
15856 1 2 567 567 799 810
15857 1 2 567 567 799 689
15858 1 2 567 567 799 679
15859 1 2 567 567 799 800
15860 1 2 567 567 799 811
15861 1 2 567 567 799 690
15862 1 2 567 567 810 689
15863 1 2 567 567 810 679
15864 1 2 567 567 810 800
15865 1 2 567 567 810 811
15866 1 2 567 567 810 690
15867 1 2 567 567 689 679
15868 1 2 567 567 689 800
15869 1 2 567 567 689 811
15870 1 2 567 567 689 690
15871 1 2 567 567 679 800
15872 1 2 567 567 679 811
15873 1 2 567 567 679 690
15874 1 2 567 567 800 811
15875 1 2 567 567 800 690
15876 1 2 567 567 811 690
15877 1 2 568 568 679 800
15878 1 2 568 568 679 811
15879 1 2 568 568 679 690
15880 1 2 568 568 679 680
15881 1 2 568 568 679 801
15882 1 2 568 568 679 812
15883 1 2 568 568 679 691
15884 1 2 568 568 800 811
15885 1 2 568 568 800 690
15886 1 2 568 568 800 680
15887 1 2 568 568 800 801
15888 1 2 568 568 800 812
15889 1 2 568 568 800 691
15890 1 2 568 568 811 690
15891 1 2 568 568 811 680
15892 1 2 568 568 811 801
15893 1 2 568 568 811 812
15894 1 2 568 568 811 691
15895 1 2 568 568 690 680
15896 1 2 568 568 690 801
15897 1 2 568 568 690 812
15898 1 2 568 568 690 691
15899 1 2 568 568 680 801
15900 1 2 568 568 680 812
15901 1 2 568 568 680 691
15902 1 2 568 568 801 812
15903 1 2 568 568 801 691
15904 1 2 568 568 812 691
15905 1 2 569 569 680 801
15906 1 2 569 569 680 812
15907 1 2 569 569 680 691
15908 1 2 569 569 680 681
15909 1 2 569 569 680 802
15910 1 2 569 569 680 813
15911 1 2 569 569 680 692
15912 1 2 569 569 801 812
15913 1 2 569 569 801 691
15914 1 2 569 569 801 681
15915 1 2 569 569 801 802
15916 1 2 569 569 801 813
15917 1 2 569 569 801 692
15918 1 2 569 569 812 691
15919 1 2 569 569 812 681
15920 1 2 569 569 812 802
15921 1 2 569 569 812 813
15922 1 2 569 569 812 692
15923 1 2 569 569 691 681
15924 1 2 569 569 691 802
15925 1 2 569 569 691 813
15926 1 2 569 569 691 692
15927 1 2 569 569 681 802
15928 1 2 569 569 681 813
15929 1 2 569 569 681 692
15930 1 2 569 569 802 813
15931 1 2 569 569 802 692
15932 1 2 569 569 813 692
15933 1 2 570 570 681 802
15934 1 2 570 570 681 813
15935 1 2 570 570 681 692
15936 1 2 570 570 681 682
15937 1 2 570 570 681 803
15938 1 2 570 570 681 814
15939 1 2 570 570 681 693
15940 1 2 570 570 802 813
15941 1 2 570 570 802 692
15942 1 2 570 570 802 682
15943 1 2 570 570 802 803
15944 1 2 570 570 802 814
15945 1 2 570 570 802 693
15946 1 2 570 570 813 692
15947 1 2 570 570 813 682
15948 1 2 570 570 813 803
15949 1 2 570 570 813 814
15950 1 2 570 570 813 693
15951 1 2 570 570 692 682
15952 1 2 570 570 692 803
15953 1 2 570 570 692 814
15954 1 2 570 570 692 693
15955 1 2 570 570 682 803
15956 1 2 570 570 682 814
15957 1 2 570 570 682 693
15958 1 2 570 570 803 814
15959 1 2 570 570 803 693
15960 1 2 570 570 814 693
15961 1 2 571 571 683 804
15962 1 2 571 571 683 815
15963 1 2 571 571 683 694
15964 1 2 571 571 683 684
15965 1 2 571 571 683 805
15966 1 2 571 571 683 816
15967 1 2 571 571 683 695
15968 1 2 571 571 804 815
15969 1 2 571 571 804 694
15970 1 2 571 571 804 684
15971 1 2 571 571 804 805
15972 1 2 571 571 804 816
15973 1 2 571 571 804 695
15974 1 2 571 571 815 694
15975 1 2 571 571 815 684
15976 1 2 571 571 815 805
15977 1 2 571 571 815 816
15978 1 2 571 571 815 695
15979 1 2 571 571 694 684
15980 1 2 571 571 694 805
15981 1 2 571 571 694 816
15982 1 2 571 571 694 695
15983 1 2 571 571 684 805
15984 1 2 571 571 684 816
15985 1 2 571 571 684 695
15986 1 2 571 571 805 816
15987 1 2 571 571 805 695
15988 1 2 571 571 816 695
15989 1 2 572 572 684 805
15990 1 2 572 572 684 816
15991 1 2 572 572 684 695
15992 1 2 572 572 684 685
15993 1 2 572 572 684 806
15994 1 2 572 572 684 817
15995 1 2 572 572 684 696
15996 1 2 572 572 805 816
15997 1 2 572 572 805 695
15998 1 2 572 572 805 685
15999 1 2 572 572 805 806
16000 1 2 572 572 805 817
16001 1 2 572 572 805 696
16002 1 2 572 572 816 695
16003 1 2 572 572 816 685
16004 1 2 572 572 816 806
16005 1 2 572 572 816 817
16006 1 2 572 572 816 696
16007 1 2 572 572 695 685
16008 1 2 572 572 695 806
16009 1 2 572 572 695 817
16010 1 2 572 572 695 696
16011 1 2 572 572 685 806
16012 1 2 572 572 685 817
16013 1 2 572 572 685 696
16014 1 2 572 572 806 817
16015 1 2 572 572 806 696
16016 1 2 572 572 817 696
16017 1 2 573 573 685 806
16018 1 2 573 573 685 817
16019 1 2 573 573 685 696
16020 1 2 573 573 685 686
16021 1 2 573 573 685 807
16022 1 2 573 573 685 818
16023 1 2 573 573 685 697
16024 1 2 573 573 806 817
16025 1 2 573 573 806 696
16026 1 2 573 573 806 686
16027 1 2 573 573 806 807
16028 1 2 573 573 806 818
16029 1 2 573 573 806 697
16030 1 2 573 573 817 696
16031 1 2 573 573 817 686
16032 1 2 573 573 817 807
16033 1 2 573 573 817 818
16034 1 2 573 573 817 697
16035 1 2 573 573 696 686
16036 1 2 573 573 696 807
16037 1 2 573 573 696 818
16038 1 2 573 573 696 697
16039 1 2 573 573 686 807
16040 1 2 573 573 686 818
16041 1 2 573 573 686 697
16042 1 2 573 573 807 818
16043 1 2 573 573 807 697
16044 1 2 573 573 818 697
16045 1 2 574 574 686 807
16046 1 2 574 574 686 818
16047 1 2 574 574 686 697
16048 1 2 574 574 686 687
16049 1 2 574 574 686 808
16050 1 2 574 574 686 819
16051 1 2 574 574 686 698
16052 1 2 574 574 807 818
16053 1 2 574 574 807 697
16054 1 2 574 574 807 687
16055 1 2 574 574 807 808
16056 1 2 574 574 807 819
16057 1 2 574 574 807 698
16058 1 2 574 574 818 697
16059 1 2 574 574 818 687
16060 1 2 574 574 818 808
16061 1 2 574 574 818 819
16062 1 2 574 574 818 698
16063 1 2 574 574 697 687
16064 1 2 574 574 697 808
16065 1 2 574 574 697 819
16066 1 2 574 574 697 698
16067 1 2 574 574 687 808
16068 1 2 574 574 687 819
16069 1 2 574 574 687 698
16070 1 2 574 574 808 819
16071 1 2 574 574 808 698
16072 1 2 574 574 819 698
16073 1 2 575 575 687 808
16074 1 2 575 575 687 819
16075 1 2 575 575 687 698
16076 1 2 575 575 687 688
16077 1 2 575 575 687 809
16078 1 2 575 575 687 820
16079 1 2 575 575 687 699
16080 1 2 575 575 808 819
16081 1 2 575 575 808 698
16082 1 2 575 575 808 688
16083 1 2 575 575 808 809
16084 1 2 575 575 808 820
16085 1 2 575 575 808 699
16086 1 2 575 575 819 698
16087 1 2 575 575 819 688
16088 1 2 575 575 819 809
16089 1 2 575 575 819 820
16090 1 2 575 575 819 699
16091 1 2 575 575 698 688
16092 1 2 575 575 698 809
16093 1 2 575 575 698 820
16094 1 2 575 575 698 699
16095 1 2 575 575 688 809
16096 1 2 575 575 688 820
16097 1 2 575 575 688 699
16098 1 2 575 575 809 820
16099 1 2 575 575 809 699
16100 1 2 575 575 820 699
16101 1 2 576 576 688 809
16102 1 2 576 576 688 820
16103 1 2 576 576 688 699
16104 1 2 576 576 688 689
16105 1 2 576 576 688 810
16106 1 2 576 576 688 821
16107 1 2 576 576 688 700
16108 1 2 576 576 809 820
16109 1 2 576 576 809 699
16110 1 2 576 576 809 689
16111 1 2 576 576 809 810
16112 1 2 576 576 809 821
16113 1 2 576 576 809 700
16114 1 2 576 576 820 699
16115 1 2 576 576 820 689
16116 1 2 576 576 820 810
16117 1 2 576 576 820 821
16118 1 2 576 576 820 700
16119 1 2 576 576 699 689
16120 1 2 576 576 699 810
16121 1 2 576 576 699 821
16122 1 2 576 576 699 700
16123 1 2 576 576 689 810
16124 1 2 576 576 689 821
16125 1 2 576 576 689 700
16126 1 2 576 576 810 821
16127 1 2 576 576 810 700
16128 1 2 576 576 821 700
16129 1 2 577 577 689 810
16130 1 2 577 577 689 821
16131 1 2 577 577 689 700
16132 1 2 577 577 689 690
16133 1 2 577 577 689 811
16134 1 2 577 577 689 822
16135 1 2 577 577 689 701
16136 1 2 577 577 810 821
16137 1 2 577 577 810 700
16138 1 2 577 577 810 690
16139 1 2 577 577 810 811
16140 1 2 577 577 810 822
16141 1 2 577 577 810 701
16142 1 2 577 577 821 700
16143 1 2 577 577 821 690
16144 1 2 577 577 821 811
16145 1 2 577 577 821 822
16146 1 2 577 577 821 701
16147 1 2 577 577 700 690
16148 1 2 577 577 700 811
16149 1 2 577 577 700 822
16150 1 2 577 577 700 701
16151 1 2 577 577 690 811
16152 1 2 577 577 690 822
16153 1 2 577 577 690 701
16154 1 2 577 577 811 822
16155 1 2 577 577 811 701
16156 1 2 577 577 822 701
16157 1 2 578 578 690 811
16158 1 2 578 578 690 822
16159 1 2 578 578 690 701
16160 1 2 578 578 690 691
16161 1 2 578 578 690 812
16162 1 2 578 578 690 823
16163 1 2 578 578 690 702
16164 1 2 578 578 811 822
16165 1 2 578 578 811 701
16166 1 2 578 578 811 691
16167 1 2 578 578 811 812
16168 1 2 578 578 811 823
16169 1 2 578 578 811 702
16170 1 2 578 578 822 701
16171 1 2 578 578 822 691
16172 1 2 578 578 822 812
16173 1 2 578 578 822 823
16174 1 2 578 578 822 702
16175 1 2 578 578 701 691
16176 1 2 578 578 701 812
16177 1 2 578 578 701 823
16178 1 2 578 578 701 702
16179 1 2 578 578 691 812
16180 1 2 578 578 691 823
16181 1 2 578 578 691 702
16182 1 2 578 578 812 823
16183 1 2 578 578 812 702
16184 1 2 578 578 823 702
16185 1 2 579 579 691 812
16186 1 2 579 579 691 823
16187 1 2 579 579 691 702
16188 1 2 579 579 691 692
16189 1 2 579 579 691 813
16190 1 2 579 579 691 824
16191 1 2 579 579 691 703
16192 1 2 579 579 812 823
16193 1 2 579 579 812 702
16194 1 2 579 579 812 692
16195 1 2 579 579 812 813
16196 1 2 579 579 812 824
16197 1 2 579 579 812 703
16198 1 2 579 579 823 702
16199 1 2 579 579 823 692
16200 1 2 579 579 823 813
16201 1 2 579 579 823 824
16202 1 2 579 579 823 703
16203 1 2 579 579 702 692
16204 1 2 579 579 702 813
16205 1 2 579 579 702 824
16206 1 2 579 579 702 703
16207 1 2 579 579 692 813
16208 1 2 579 579 692 824
16209 1 2 579 579 692 703
16210 1 2 579 579 813 824
16211 1 2 579 579 813 703
16212 1 2 579 579 824 703
16213 1 2 580 580 692 813
16214 1 2 580 580 692 824
16215 1 2 580 580 692 703
16216 1 2 580 580 692 693
16217 1 2 580 580 692 814
16218 1 2 580 580 692 825
16219 1 2 580 580 692 704
16220 1 2 580 580 813 824
16221 1 2 580 580 813 703
16222 1 2 580 580 813 693
16223 1 2 580 580 813 814
16224 1 2 580 580 813 825
16225 1 2 580 580 813 704
16226 1 2 580 580 824 703
16227 1 2 580 580 824 693
16228 1 2 580 580 824 814
16229 1 2 580 580 824 825
16230 1 2 580 580 824 704
16231 1 2 580 580 703 693
16232 1 2 580 580 703 814
16233 1 2 580 580 703 825
16234 1 2 580 580 703 704
16235 1 2 580 580 693 814
16236 1 2 580 580 693 825
16237 1 2 580 580 693 704
16238 1 2 580 580 814 825
16239 1 2 580 580 814 704
16240 1 2 580 580 825 704
16241 1 2 581 581 694 815
16242 1 2 581 581 694 826
16243 1 2 581 581 694 705
16244 1 2 581 581 694 695
16245 1 2 581 581 694 816
16246 1 2 581 581 694 827
16247 1 2 581 581 694 706
16248 1 2 581 581 815 826
16249 1 2 581 581 815 705
16250 1 2 581 581 815 695
16251 1 2 581 581 815 816
16252 1 2 581 581 815 827
16253 1 2 581 581 815 706
16254 1 2 581 581 826 705
16255 1 2 581 581 826 695
16256 1 2 581 581 826 816
16257 1 2 581 581 826 827
16258 1 2 581 581 826 706
16259 1 2 581 581 705 695
16260 1 2 581 581 705 816
16261 1 2 581 581 705 827
16262 1 2 581 581 705 706
16263 1 2 581 581 695 816
16264 1 2 581 581 695 827
16265 1 2 581 581 695 706
16266 1 2 581 581 816 827
16267 1 2 581 581 816 706
16268 1 2 581 581 827 706
16269 1 2 582 582 695 816
16270 1 2 582 582 695 827
16271 1 2 582 582 695 706
16272 1 2 582 582 695 696
16273 1 2 582 582 695 817
16274 1 2 582 582 695 828
16275 1 2 582 582 695 707
16276 1 2 582 582 816 827
16277 1 2 582 582 816 706
16278 1 2 582 582 816 696
16279 1 2 582 582 816 817
16280 1 2 582 582 816 828
16281 1 2 582 582 816 707
16282 1 2 582 582 827 706
16283 1 2 582 582 827 696
16284 1 2 582 582 827 817
16285 1 2 582 582 827 828
16286 1 2 582 582 827 707
16287 1 2 582 582 706 696
16288 1 2 582 582 706 817
16289 1 2 582 582 706 828
16290 1 2 582 582 706 707
16291 1 2 582 582 696 817
16292 1 2 582 582 696 828
16293 1 2 582 582 696 707
16294 1 2 582 582 817 828
16295 1 2 582 582 817 707
16296 1 2 582 582 828 707
16297 1 2 583 583 696 817
16298 1 2 583 583 696 828
16299 1 2 583 583 696 707
16300 1 2 583 583 696 697
16301 1 2 583 583 696 818
16302 1 2 583 583 696 829
16303 1 2 583 583 696 708
16304 1 2 583 583 817 828
16305 1 2 583 583 817 707
16306 1 2 583 583 817 697
16307 1 2 583 583 817 818
16308 1 2 583 583 817 829
16309 1 2 583 583 817 708
16310 1 2 583 583 828 707
16311 1 2 583 583 828 697
16312 1 2 583 583 828 818
16313 1 2 583 583 828 829
16314 1 2 583 583 828 708
16315 1 2 583 583 707 697
16316 1 2 583 583 707 818
16317 1 2 583 583 707 829
16318 1 2 583 583 707 708
16319 1 2 583 583 697 818
16320 1 2 583 583 697 829
16321 1 2 583 583 697 708
16322 1 2 583 583 818 829
16323 1 2 583 583 818 708
16324 1 2 583 583 829 708
16325 1 2 584 584 697 818
16326 1 2 584 584 697 829
16327 1 2 584 584 697 708
16328 1 2 584 584 697 698
16329 1 2 584 584 697 819
16330 1 2 584 584 697 830
16331 1 2 584 584 697 709
16332 1 2 584 584 818 829
16333 1 2 584 584 818 708
16334 1 2 584 584 818 698
16335 1 2 584 584 818 819
16336 1 2 584 584 818 830
16337 1 2 584 584 818 709
16338 1 2 584 584 829 708
16339 1 2 584 584 829 698
16340 1 2 584 584 829 819
16341 1 2 584 584 829 830
16342 1 2 584 584 829 709
16343 1 2 584 584 708 698
16344 1 2 584 584 708 819
16345 1 2 584 584 708 830
16346 1 2 584 584 708 709
16347 1 2 584 584 698 819
16348 1 2 584 584 698 830
16349 1 2 584 584 698 709
16350 1 2 584 584 819 830
16351 1 2 584 584 819 709
16352 1 2 584 584 830 709
16353 1 2 585 585 698 819
16354 1 2 585 585 698 830
16355 1 2 585 585 698 709
16356 1 2 585 585 698 699
16357 1 2 585 585 698 820
16358 1 2 585 585 698 831
16359 1 2 585 585 698 710
16360 1 2 585 585 819 830
16361 1 2 585 585 819 709
16362 1 2 585 585 819 699
16363 1 2 585 585 819 820
16364 1 2 585 585 819 831
16365 1 2 585 585 819 710
16366 1 2 585 585 830 709
16367 1 2 585 585 830 699
16368 1 2 585 585 830 820
16369 1 2 585 585 830 831
16370 1 2 585 585 830 710
16371 1 2 585 585 709 699
16372 1 2 585 585 709 820
16373 1 2 585 585 709 831
16374 1 2 585 585 709 710
16375 1 2 585 585 699 820
16376 1 2 585 585 699 831
16377 1 2 585 585 699 710
16378 1 2 585 585 820 831
16379 1 2 585 585 820 710
16380 1 2 585 585 831 710
16381 1 2 586 586 699 820
16382 1 2 586 586 699 831
16383 1 2 586 586 699 710
16384 1 2 586 586 699 700
16385 1 2 586 586 699 821
16386 1 2 586 586 699 832
16387 1 2 586 586 699 711
16388 1 2 586 586 820 831
16389 1 2 586 586 820 710
16390 1 2 586 586 820 700
16391 1 2 586 586 820 821
16392 1 2 586 586 820 832
16393 1 2 586 586 820 711
16394 1 2 586 586 831 710
16395 1 2 586 586 831 700
16396 1 2 586 586 831 821
16397 1 2 586 586 831 832
16398 1 2 586 586 831 711
16399 1 2 586 586 710 700
16400 1 2 586 586 710 821
16401 1 2 586 586 710 832
16402 1 2 586 586 710 711
16403 1 2 586 586 700 821
16404 1 2 586 586 700 832
16405 1 2 586 586 700 711
16406 1 2 586 586 821 832
16407 1 2 586 586 821 711
16408 1 2 586 586 832 711
16409 1 2 587 587 700 821
16410 1 2 587 587 700 832
16411 1 2 587 587 700 711
16412 1 2 587 587 700 701
16413 1 2 587 587 700 822
16414 1 2 587 587 700 833
16415 1 2 587 587 700 712
16416 1 2 587 587 821 832
16417 1 2 587 587 821 711
16418 1 2 587 587 821 701
16419 1 2 587 587 821 822
16420 1 2 587 587 821 833
16421 1 2 587 587 821 712
16422 1 2 587 587 832 711
16423 1 2 587 587 832 701
16424 1 2 587 587 832 822
16425 1 2 587 587 832 833
16426 1 2 587 587 832 712
16427 1 2 587 587 711 701
16428 1 2 587 587 711 822
16429 1 2 587 587 711 833
16430 1 2 587 587 711 712
16431 1 2 587 587 701 822
16432 1 2 587 587 701 833
16433 1 2 587 587 701 712
16434 1 2 587 587 822 833
16435 1 2 587 587 822 712
16436 1 2 587 587 833 712
16437 1 2 588 588 701 822
16438 1 2 588 588 701 833
16439 1 2 588 588 701 712
16440 1 2 588 588 701 702
16441 1 2 588 588 701 823
16442 1 2 588 588 701 834
16443 1 2 588 588 701 713
16444 1 2 588 588 822 833
16445 1 2 588 588 822 712
16446 1 2 588 588 822 702
16447 1 2 588 588 822 823
16448 1 2 588 588 822 834
16449 1 2 588 588 822 713
16450 1 2 588 588 833 712
16451 1 2 588 588 833 702
16452 1 2 588 588 833 823
16453 1 2 588 588 833 834
16454 1 2 588 588 833 713
16455 1 2 588 588 712 702
16456 1 2 588 588 712 823
16457 1 2 588 588 712 834
16458 1 2 588 588 712 713
16459 1 2 588 588 702 823
16460 1 2 588 588 702 834
16461 1 2 588 588 702 713
16462 1 2 588 588 823 834
16463 1 2 588 588 823 713
16464 1 2 588 588 834 713
16465 1 2 589 589 702 823
16466 1 2 589 589 702 834
16467 1 2 589 589 702 713
16468 1 2 589 589 702 703
16469 1 2 589 589 702 824
16470 1 2 589 589 702 835
16471 1 2 589 589 702 714
16472 1 2 589 589 823 834
16473 1 2 589 589 823 713
16474 1 2 589 589 823 703
16475 1 2 589 589 823 824
16476 1 2 589 589 823 835
16477 1 2 589 589 823 714
16478 1 2 589 589 834 713
16479 1 2 589 589 834 703
16480 1 2 589 589 834 824
16481 1 2 589 589 834 835
16482 1 2 589 589 834 714
16483 1 2 589 589 713 703
16484 1 2 589 589 713 824
16485 1 2 589 589 713 835
16486 1 2 589 589 713 714
16487 1 2 589 589 703 824
16488 1 2 589 589 703 835
16489 1 2 589 589 703 714
16490 1 2 589 589 824 835
16491 1 2 589 589 824 714
16492 1 2 589 589 835 714
16493 1 2 590 590 703 824
16494 1 2 590 590 703 835
16495 1 2 590 590 703 714
16496 1 2 590 590 703 704
16497 1 2 590 590 703 825
16498 1 2 590 590 703 836
16499 1 2 590 590 703 715
16500 1 2 590 590 824 835
16501 1 2 590 590 824 714
16502 1 2 590 590 824 704
16503 1 2 590 590 824 825
16504 1 2 590 590 824 836
16505 1 2 590 590 824 715
16506 1 2 590 590 835 714
16507 1 2 590 590 835 704
16508 1 2 590 590 835 825
16509 1 2 590 590 835 836
16510 1 2 590 590 835 715
16511 1 2 590 590 714 704
16512 1 2 590 590 714 825
16513 1 2 590 590 714 836
16514 1 2 590 590 714 715
16515 1 2 590 590 704 825
16516 1 2 590 590 704 836
16517 1 2 590 590 704 715
16518 1 2 590 590 825 836
16519 1 2 590 590 825 715
16520 1 2 590 590 836 715
16521 1 2 591 591 705 826
16522 1 2 591 591 705 837
16523 1 2 591 591 705 716
16524 1 2 591 591 705 706
16525 1 2 591 591 705 827
16526 1 2 591 591 705 838
16527 1 2 591 591 705 717
16528 1 2 591 591 826 837
16529 1 2 591 591 826 716
16530 1 2 591 591 826 706
16531 1 2 591 591 826 827
16532 1 2 591 591 826 838
16533 1 2 591 591 826 717
16534 1 2 591 591 837 716
16535 1 2 591 591 837 706
16536 1 2 591 591 837 827
16537 1 2 591 591 837 838
16538 1 2 591 591 837 717
16539 1 2 591 591 716 706
16540 1 2 591 591 716 827
16541 1 2 591 591 716 838
16542 1 2 591 591 716 717
16543 1 2 591 591 706 827
16544 1 2 591 591 706 838
16545 1 2 591 591 706 717
16546 1 2 591 591 827 838
16547 1 2 591 591 827 717
16548 1 2 591 591 838 717
16549 1 2 592 592 706 827
16550 1 2 592 592 706 838
16551 1 2 592 592 706 717
16552 1 2 592 592 706 707
16553 1 2 592 592 706 828
16554 1 2 592 592 706 839
16555 1 2 592 592 706 718
16556 1 2 592 592 827 838
16557 1 2 592 592 827 717
16558 1 2 592 592 827 707
16559 1 2 592 592 827 828
16560 1 2 592 592 827 839
16561 1 2 592 592 827 718
16562 1 2 592 592 838 717
16563 1 2 592 592 838 707
16564 1 2 592 592 838 828
16565 1 2 592 592 838 839
16566 1 2 592 592 838 718
16567 1 2 592 592 717 707
16568 1 2 592 592 717 828
16569 1 2 592 592 717 839
16570 1 2 592 592 717 718
16571 1 2 592 592 707 828
16572 1 2 592 592 707 839
16573 1 2 592 592 707 718
16574 1 2 592 592 828 839
16575 1 2 592 592 828 718
16576 1 2 592 592 839 718
16577 1 2 593 593 707 828
16578 1 2 593 593 707 839
16579 1 2 593 593 707 718
16580 1 2 593 593 707 708
16581 1 2 593 593 707 829
16582 1 2 593 593 707 840
16583 1 2 593 593 707 719
16584 1 2 593 593 828 839
16585 1 2 593 593 828 718
16586 1 2 593 593 828 708
16587 1 2 593 593 828 829
16588 1 2 593 593 828 840
16589 1 2 593 593 828 719
16590 1 2 593 593 839 718
16591 1 2 593 593 839 708
16592 1 2 593 593 839 829
16593 1 2 593 593 839 840
16594 1 2 593 593 839 719
16595 1 2 593 593 718 708
16596 1 2 593 593 718 829
16597 1 2 593 593 718 840
16598 1 2 593 593 718 719
16599 1 2 593 593 708 829
16600 1 2 593 593 708 840
16601 1 2 593 593 708 719
16602 1 2 593 593 829 840
16603 1 2 593 593 829 719
16604 1 2 593 593 840 719
16605 1 2 594 594 708 829
16606 1 2 594 594 708 840
16607 1 2 594 594 708 719
16608 1 2 594 594 708 709
16609 1 2 594 594 708 830
16610 1 2 594 594 708 841
16611 1 2 594 594 708 720
16612 1 2 594 594 829 840
16613 1 2 594 594 829 719
16614 1 2 594 594 829 709
16615 1 2 594 594 829 830
16616 1 2 594 594 829 841
16617 1 2 594 594 829 720
16618 1 2 594 594 840 719
16619 1 2 594 594 840 709
16620 1 2 594 594 840 830
16621 1 2 594 594 840 841
16622 1 2 594 594 840 720
16623 1 2 594 594 719 709
16624 1 2 594 594 719 830
16625 1 2 594 594 719 841
16626 1 2 594 594 719 720
16627 1 2 594 594 709 830
16628 1 2 594 594 709 841
16629 1 2 594 594 709 720
16630 1 2 594 594 830 841
16631 1 2 594 594 830 720
16632 1 2 594 594 841 720
16633 1 2 595 595 709 830
16634 1 2 595 595 709 841
16635 1 2 595 595 709 720
16636 1 2 595 595 709 710
16637 1 2 595 595 709 831
16638 1 2 595 595 709 842
16639 1 2 595 595 709 721
16640 1 2 595 595 830 841
16641 1 2 595 595 830 720
16642 1 2 595 595 830 710
16643 1 2 595 595 830 831
16644 1 2 595 595 830 842
16645 1 2 595 595 830 721
16646 1 2 595 595 841 720
16647 1 2 595 595 841 710
16648 1 2 595 595 841 831
16649 1 2 595 595 841 842
16650 1 2 595 595 841 721
16651 1 2 595 595 720 710
16652 1 2 595 595 720 831
16653 1 2 595 595 720 842
16654 1 2 595 595 720 721
16655 1 2 595 595 710 831
16656 1 2 595 595 710 842
16657 1 2 595 595 710 721
16658 1 2 595 595 831 842
16659 1 2 595 595 831 721
16660 1 2 595 595 842 721
16661 1 2 596 596 710 831
16662 1 2 596 596 710 842
16663 1 2 596 596 710 721
16664 1 2 596 596 710 711
16665 1 2 596 596 710 832
16666 1 2 596 596 710 843
16667 1 2 596 596 710 722
16668 1 2 596 596 831 842
16669 1 2 596 596 831 721
16670 1 2 596 596 831 711
16671 1 2 596 596 831 832
16672 1 2 596 596 831 843
16673 1 2 596 596 831 722
16674 1 2 596 596 842 721
16675 1 2 596 596 842 711
16676 1 2 596 596 842 832
16677 1 2 596 596 842 843
16678 1 2 596 596 842 722
16679 1 2 596 596 721 711
16680 1 2 596 596 721 832
16681 1 2 596 596 721 843
16682 1 2 596 596 721 722
16683 1 2 596 596 711 832
16684 1 2 596 596 711 843
16685 1 2 596 596 711 722
16686 1 2 596 596 832 843
16687 1 2 596 596 832 722
16688 1 2 596 596 843 722
16689 1 2 597 597 711 832
16690 1 2 597 597 711 843
16691 1 2 597 597 711 722
16692 1 2 597 597 711 712
16693 1 2 597 597 711 833
16694 1 2 597 597 711 844
16695 1 2 597 597 711 723
16696 1 2 597 597 832 843
16697 1 2 597 597 832 722
16698 1 2 597 597 832 712
16699 1 2 597 597 832 833
16700 1 2 597 597 832 844
16701 1 2 597 597 832 723
16702 1 2 597 597 843 722
16703 1 2 597 597 843 712
16704 1 2 597 597 843 833
16705 1 2 597 597 843 844
16706 1 2 597 597 843 723
16707 1 2 597 597 722 712
16708 1 2 597 597 722 833
16709 1 2 597 597 722 844
16710 1 2 597 597 722 723
16711 1 2 597 597 712 833
16712 1 2 597 597 712 844
16713 1 2 597 597 712 723
16714 1 2 597 597 833 844
16715 1 2 597 597 833 723
16716 1 2 597 597 844 723
16717 1 2 598 598 712 833
16718 1 2 598 598 712 844
16719 1 2 598 598 712 723
16720 1 2 598 598 712 713
16721 1 2 598 598 712 834
16722 1 2 598 598 712 845
16723 1 2 598 598 712 724
16724 1 2 598 598 833 844
16725 1 2 598 598 833 723
16726 1 2 598 598 833 713
16727 1 2 598 598 833 834
16728 1 2 598 598 833 845
16729 1 2 598 598 833 724
16730 1 2 598 598 844 723
16731 1 2 598 598 844 713
16732 1 2 598 598 844 834
16733 1 2 598 598 844 845
16734 1 2 598 598 844 724
16735 1 2 598 598 723 713
16736 1 2 598 598 723 834
16737 1 2 598 598 723 845
16738 1 2 598 598 723 724
16739 1 2 598 598 713 834
16740 1 2 598 598 713 845
16741 1 2 598 598 713 724
16742 1 2 598 598 834 845
16743 1 2 598 598 834 724
16744 1 2 598 598 845 724
16745 1 2 599 599 713 834
16746 1 2 599 599 713 845
16747 1 2 599 599 713 724
16748 1 2 599 599 713 714
16749 1 2 599 599 713 835
16750 1 2 599 599 713 846
16751 1 2 599 599 713 725
16752 1 2 599 599 834 845
16753 1 2 599 599 834 724
16754 1 2 599 599 834 714
16755 1 2 599 599 834 835
16756 1 2 599 599 834 846
16757 1 2 599 599 834 725
16758 1 2 599 599 845 724
16759 1 2 599 599 845 714
16760 1 2 599 599 845 835
16761 1 2 599 599 845 846
16762 1 2 599 599 845 725
16763 1 2 599 599 724 714
16764 1 2 599 599 724 835
16765 1 2 599 599 724 846
16766 1 2 599 599 724 725
16767 1 2 599 599 714 835
16768 1 2 599 599 714 846
16769 1 2 599 599 714 725
16770 1 2 599 599 835 846
16771 1 2 599 599 835 725
16772 1 2 599 599 846 725
16773 1 2 600 600 714 835
16774 1 2 600 600 714 846
16775 1 2 600 600 714 725
16776 1 2 600 600 714 715
16777 1 2 600 600 714 836
16778 1 2 600 600 714 847
16779 1 2 600 600 714 726
16780 1 2 600 600 835 846
16781 1 2 600 600 835 725
16782 1 2 600 600 835 715
16783 1 2 600 600 835 836
16784 1 2 600 600 835 847
16785 1 2 600 600 835 726
16786 1 2 600 600 846 725
16787 1 2 600 600 846 715
16788 1 2 600 600 846 836
16789 1 2 600 600 846 847
16790 1 2 600 600 846 726
16791 1 2 600 600 725 715
16792 1 2 600 600 725 836
16793 1 2 600 600 725 847
16794 1 2 600 600 725 726
16795 1 2 600 600 715 836
16796 1 2 600 600 715 847
16797 1 2 600 600 715 726
16798 1 2 600 600 836 847
16799 1 2 600 600 836 726
16800 1 2 600 600 847 726
16801 1 2 601 601 727 848
16802 1 2 601 601 727 859
16803 1 2 601 601 727 738
16804 1 2 601 601 727 728
16805 1 2 601 601 727 849
16806 1 2 601 601 727 860
16807 1 2 601 601 727 739
16808 1 2 601 601 848 859
16809 1 2 601 601 848 738
16810 1 2 601 601 848 728
16811 1 2 601 601 848 849
16812 1 2 601 601 848 860
16813 1 2 601 601 848 739
16814 1 2 601 601 859 738
16815 1 2 601 601 859 728
16816 1 2 601 601 859 849
16817 1 2 601 601 859 860
16818 1 2 601 601 859 739
16819 1 2 601 601 738 728
16820 1 2 601 601 738 849
16821 1 2 601 601 738 860
16822 1 2 601 601 738 739
16823 1 2 601 601 728 849
16824 1 2 601 601 728 860
16825 1 2 601 601 728 739
16826 1 2 601 601 849 860
16827 1 2 601 601 849 739
16828 1 2 601 601 860 739
16829 1 2 602 602 728 849
16830 1 2 602 602 728 860
16831 1 2 602 602 728 739
16832 1 2 602 602 728 729
16833 1 2 602 602 728 850
16834 1 2 602 602 728 861
16835 1 2 602 602 728 740
16836 1 2 602 602 849 860
16837 1 2 602 602 849 739
16838 1 2 602 602 849 729
16839 1 2 602 602 849 850
16840 1 2 602 602 849 861
16841 1 2 602 602 849 740
16842 1 2 602 602 860 739
16843 1 2 602 602 860 729
16844 1 2 602 602 860 850
16845 1 2 602 602 860 861
16846 1 2 602 602 860 740
16847 1 2 602 602 739 729
16848 1 2 602 602 739 850
16849 1 2 602 602 739 861
16850 1 2 602 602 739 740
16851 1 2 602 602 729 850
16852 1 2 602 602 729 861
16853 1 2 602 602 729 740
16854 1 2 602 602 850 861
16855 1 2 602 602 850 740
16856 1 2 602 602 861 740
16857 1 2 603 603 729 850
16858 1 2 603 603 729 861
16859 1 2 603 603 729 740
16860 1 2 603 603 729 730
16861 1 2 603 603 729 851
16862 1 2 603 603 729 862
16863 1 2 603 603 729 741
16864 1 2 603 603 850 861
16865 1 2 603 603 850 740
16866 1 2 603 603 850 730
16867 1 2 603 603 850 851
16868 1 2 603 603 850 862
16869 1 2 603 603 850 741
16870 1 2 603 603 861 740
16871 1 2 603 603 861 730
16872 1 2 603 603 861 851
16873 1 2 603 603 861 862
16874 1 2 603 603 861 741
16875 1 2 603 603 740 730
16876 1 2 603 603 740 851
16877 1 2 603 603 740 862
16878 1 2 603 603 740 741
16879 1 2 603 603 730 851
16880 1 2 603 603 730 862
16881 1 2 603 603 730 741
16882 1 2 603 603 851 862
16883 1 2 603 603 851 741
16884 1 2 603 603 862 741
16885 1 2 604 604 730 851
16886 1 2 604 604 730 862
16887 1 2 604 604 730 741
16888 1 2 604 604 730 731
16889 1 2 604 604 730 852
16890 1 2 604 604 730 863
16891 1 2 604 604 730 742
16892 1 2 604 604 851 862
16893 1 2 604 604 851 741
16894 1 2 604 604 851 731
16895 1 2 604 604 851 852
16896 1 2 604 604 851 863
16897 1 2 604 604 851 742
16898 1 2 604 604 862 741
16899 1 2 604 604 862 731
16900 1 2 604 604 862 852
16901 1 2 604 604 862 863
16902 1 2 604 604 862 742
16903 1 2 604 604 741 731
16904 1 2 604 604 741 852
16905 1 2 604 604 741 863
16906 1 2 604 604 741 742
16907 1 2 604 604 731 852
16908 1 2 604 604 731 863
16909 1 2 604 604 731 742
16910 1 2 604 604 852 863
16911 1 2 604 604 852 742
16912 1 2 604 604 863 742
16913 1 2 605 605 731 852
16914 1 2 605 605 731 863
16915 1 2 605 605 731 742
16916 1 2 605 605 731 732
16917 1 2 605 605 731 853
16918 1 2 605 605 731 864
16919 1 2 605 605 731 743
16920 1 2 605 605 852 863
16921 1 2 605 605 852 742
16922 1 2 605 605 852 732
16923 1 2 605 605 852 853
16924 1 2 605 605 852 864
16925 1 2 605 605 852 743
16926 1 2 605 605 863 742
16927 1 2 605 605 863 732
16928 1 2 605 605 863 853
16929 1 2 605 605 863 864
16930 1 2 605 605 863 743
16931 1 2 605 605 742 732
16932 1 2 605 605 742 853
16933 1 2 605 605 742 864
16934 1 2 605 605 742 743
16935 1 2 605 605 732 853
16936 1 2 605 605 732 864
16937 1 2 605 605 732 743
16938 1 2 605 605 853 864
16939 1 2 605 605 853 743
16940 1 2 605 605 864 743
16941 1 2 606 606 732 853
16942 1 2 606 606 732 864
16943 1 2 606 606 732 743
16944 1 2 606 606 732 733
16945 1 2 606 606 732 854
16946 1 2 606 606 732 865
16947 1 2 606 606 732 744
16948 1 2 606 606 853 864
16949 1 2 606 606 853 743
16950 1 2 606 606 853 733
16951 1 2 606 606 853 854
16952 1 2 606 606 853 865
16953 1 2 606 606 853 744
16954 1 2 606 606 864 743
16955 1 2 606 606 864 733
16956 1 2 606 606 864 854
16957 1 2 606 606 864 865
16958 1 2 606 606 864 744
16959 1 2 606 606 743 733
16960 1 2 606 606 743 854
16961 1 2 606 606 743 865
16962 1 2 606 606 743 744
16963 1 2 606 606 733 854
16964 1 2 606 606 733 865
16965 1 2 606 606 733 744
16966 1 2 606 606 854 865
16967 1 2 606 606 854 744
16968 1 2 606 606 865 744
16969 1 2 607 607 733 854
16970 1 2 607 607 733 865
16971 1 2 607 607 733 744
16972 1 2 607 607 733 734
16973 1 2 607 607 733 855
16974 1 2 607 607 733 866
16975 1 2 607 607 733 745
16976 1 2 607 607 854 865
16977 1 2 607 607 854 744
16978 1 2 607 607 854 734
16979 1 2 607 607 854 855
16980 1 2 607 607 854 866
16981 1 2 607 607 854 745
16982 1 2 607 607 865 744
16983 1 2 607 607 865 734
16984 1 2 607 607 865 855
16985 1 2 607 607 865 866
16986 1 2 607 607 865 745
16987 1 2 607 607 744 734
16988 1 2 607 607 744 855
16989 1 2 607 607 744 866
16990 1 2 607 607 744 745
16991 1 2 607 607 734 855
16992 1 2 607 607 734 866
16993 1 2 607 607 734 745
16994 1 2 607 607 855 866
16995 1 2 607 607 855 745
16996 1 2 607 607 866 745
16997 1 2 608 608 734 855
16998 1 2 608 608 734 866
16999 1 2 608 608 734 745
17000 1 2 608 608 734 735
17001 1 2 608 608 734 856
17002 1 2 608 608 734 867
17003 1 2 608 608 734 746
17004 1 2 608 608 855 866
17005 1 2 608 608 855 745
17006 1 2 608 608 855 735
17007 1 2 608 608 855 856
17008 1 2 608 608 855 867
17009 1 2 608 608 855 746
17010 1 2 608 608 866 745
17011 1 2 608 608 866 735
17012 1 2 608 608 866 856
17013 1 2 608 608 866 867
17014 1 2 608 608 866 746
17015 1 2 608 608 745 735
17016 1 2 608 608 745 856
17017 1 2 608 608 745 867
17018 1 2 608 608 745 746
17019 1 2 608 608 735 856
17020 1 2 608 608 735 867
17021 1 2 608 608 735 746
17022 1 2 608 608 856 867
17023 1 2 608 608 856 746
17024 1 2 608 608 867 746
17025 1 2 609 609 735 856
17026 1 2 609 609 735 867
17027 1 2 609 609 735 746
17028 1 2 609 609 735 736
17029 1 2 609 609 735 857
17030 1 2 609 609 735 868
17031 1 2 609 609 735 747
17032 1 2 609 609 856 867
17033 1 2 609 609 856 746
17034 1 2 609 609 856 736
17035 1 2 609 609 856 857
17036 1 2 609 609 856 868
17037 1 2 609 609 856 747
17038 1 2 609 609 867 746
17039 1 2 609 609 867 736
17040 1 2 609 609 867 857
17041 1 2 609 609 867 868
17042 1 2 609 609 867 747
17043 1 2 609 609 746 736
17044 1 2 609 609 746 857
17045 1 2 609 609 746 868
17046 1 2 609 609 746 747
17047 1 2 609 609 736 857
17048 1 2 609 609 736 868
17049 1 2 609 609 736 747
17050 1 2 609 609 857 868
17051 1 2 609 609 857 747
17052 1 2 609 609 868 747
17053 1 2 610 610 736 857
17054 1 2 610 610 736 868
17055 1 2 610 610 736 747
17056 1 2 610 610 736 737
17057 1 2 610 610 736 858
17058 1 2 610 610 736 869
17059 1 2 610 610 736 748
17060 1 2 610 610 857 868
17061 1 2 610 610 857 747
17062 1 2 610 610 857 737
17063 1 2 610 610 857 858
17064 1 2 610 610 857 869
17065 1 2 610 610 857 748
17066 1 2 610 610 868 747
17067 1 2 610 610 868 737
17068 1 2 610 610 868 858
17069 1 2 610 610 868 869
17070 1 2 610 610 868 748
17071 1 2 610 610 747 737
17072 1 2 610 610 747 858
17073 1 2 610 610 747 869
17074 1 2 610 610 747 748
17075 1 2 610 610 737 858
17076 1 2 610 610 737 869
17077 1 2 610 610 737 748
17078 1 2 610 610 858 869
17079 1 2 610 610 858 748
17080 1 2 610 610 869 748
17081 1 2 611 611 738 859
17082 1 2 611 611 738 870
17083 1 2 611 611 738 749
17084 1 2 611 611 738 739
17085 1 2 611 611 738 860
17086 1 2 611 611 738 871
17087 1 2 611 611 738 750
17088 1 2 611 611 859 870
17089 1 2 611 611 859 749
17090 1 2 611 611 859 739
17091 1 2 611 611 859 860
17092 1 2 611 611 859 871
17093 1 2 611 611 859 750
17094 1 2 611 611 870 749
17095 1 2 611 611 870 739
17096 1 2 611 611 870 860
17097 1 2 611 611 870 871
17098 1 2 611 611 870 750
17099 1 2 611 611 749 739
17100 1 2 611 611 749 860
17101 1 2 611 611 749 871
17102 1 2 611 611 749 750
17103 1 2 611 611 739 860
17104 1 2 611 611 739 871
17105 1 2 611 611 739 750
17106 1 2 611 611 860 871
17107 1 2 611 611 860 750
17108 1 2 611 611 871 750
17109 1 2 612 612 739 860
17110 1 2 612 612 739 871
17111 1 2 612 612 739 750
17112 1 2 612 612 739 740
17113 1 2 612 612 739 861
17114 1 2 612 612 739 872
17115 1 2 612 612 739 751
17116 1 2 612 612 860 871
17117 1 2 612 612 860 750
17118 1 2 612 612 860 740
17119 1 2 612 612 860 861
17120 1 2 612 612 860 872
17121 1 2 612 612 860 751
17122 1 2 612 612 871 750
17123 1 2 612 612 871 740
17124 1 2 612 612 871 861
17125 1 2 612 612 871 872
17126 1 2 612 612 871 751
17127 1 2 612 612 750 740
17128 1 2 612 612 750 861
17129 1 2 612 612 750 872
17130 1 2 612 612 750 751
17131 1 2 612 612 740 861
17132 1 2 612 612 740 872
17133 1 2 612 612 740 751
17134 1 2 612 612 861 872
17135 1 2 612 612 861 751
17136 1 2 612 612 872 751
17137 1 2 613 613 740 861
17138 1 2 613 613 740 872
17139 1 2 613 613 740 751
17140 1 2 613 613 740 741
17141 1 2 613 613 740 862
17142 1 2 613 613 740 873
17143 1 2 613 613 740 752
17144 1 2 613 613 861 872
17145 1 2 613 613 861 751
17146 1 2 613 613 861 741
17147 1 2 613 613 861 862
17148 1 2 613 613 861 873
17149 1 2 613 613 861 752
17150 1 2 613 613 872 751
17151 1 2 613 613 872 741
17152 1 2 613 613 872 862
17153 1 2 613 613 872 873
17154 1 2 613 613 872 752
17155 1 2 613 613 751 741
17156 1 2 613 613 751 862
17157 1 2 613 613 751 873
17158 1 2 613 613 751 752
17159 1 2 613 613 741 862
17160 1 2 613 613 741 873
17161 1 2 613 613 741 752
17162 1 2 613 613 862 873
17163 1 2 613 613 862 752
17164 1 2 613 613 873 752
17165 1 2 614 614 741 862
17166 1 2 614 614 741 873
17167 1 2 614 614 741 752
17168 1 2 614 614 741 742
17169 1 2 614 614 741 863
17170 1 2 614 614 741 874
17171 1 2 614 614 741 753
17172 1 2 614 614 862 873
17173 1 2 614 614 862 752
17174 1 2 614 614 862 742
17175 1 2 614 614 862 863
17176 1 2 614 614 862 874
17177 1 2 614 614 862 753
17178 1 2 614 614 873 752
17179 1 2 614 614 873 742
17180 1 2 614 614 873 863
17181 1 2 614 614 873 874
17182 1 2 614 614 873 753
17183 1 2 614 614 752 742
17184 1 2 614 614 752 863
17185 1 2 614 614 752 874
17186 1 2 614 614 752 753
17187 1 2 614 614 742 863
17188 1 2 614 614 742 874
17189 1 2 614 614 742 753
17190 1 2 614 614 863 874
17191 1 2 614 614 863 753
17192 1 2 614 614 874 753
17193 1 2 615 615 742 863
17194 1 2 615 615 742 874
17195 1 2 615 615 742 753
17196 1 2 615 615 742 743
17197 1 2 615 615 742 864
17198 1 2 615 615 742 875
17199 1 2 615 615 742 754
17200 1 2 615 615 863 874
17201 1 2 615 615 863 753
17202 1 2 615 615 863 743
17203 1 2 615 615 863 864
17204 1 2 615 615 863 875
17205 1 2 615 615 863 754
17206 1 2 615 615 874 753
17207 1 2 615 615 874 743
17208 1 2 615 615 874 864
17209 1 2 615 615 874 875
17210 1 2 615 615 874 754
17211 1 2 615 615 753 743
17212 1 2 615 615 753 864
17213 1 2 615 615 753 875
17214 1 2 615 615 753 754
17215 1 2 615 615 743 864
17216 1 2 615 615 743 875
17217 1 2 615 615 743 754
17218 1 2 615 615 864 875
17219 1 2 615 615 864 754
17220 1 2 615 615 875 754
17221 1 2 616 616 743 864
17222 1 2 616 616 743 875
17223 1 2 616 616 743 754
17224 1 2 616 616 743 744
17225 1 2 616 616 743 865
17226 1 2 616 616 743 876
17227 1 2 616 616 743 755
17228 1 2 616 616 864 875
17229 1 2 616 616 864 754
17230 1 2 616 616 864 744
17231 1 2 616 616 864 865
17232 1 2 616 616 864 876
17233 1 2 616 616 864 755
17234 1 2 616 616 875 754
17235 1 2 616 616 875 744
17236 1 2 616 616 875 865
17237 1 2 616 616 875 876
17238 1 2 616 616 875 755
17239 1 2 616 616 754 744
17240 1 2 616 616 754 865
17241 1 2 616 616 754 876
17242 1 2 616 616 754 755
17243 1 2 616 616 744 865
17244 1 2 616 616 744 876
17245 1 2 616 616 744 755
17246 1 2 616 616 865 876
17247 1 2 616 616 865 755
17248 1 2 616 616 876 755
17249 1 2 617 617 744 865
17250 1 2 617 617 744 876
17251 1 2 617 617 744 755
17252 1 2 617 617 744 745
17253 1 2 617 617 744 866
17254 1 2 617 617 744 877
17255 1 2 617 617 744 756
17256 1 2 617 617 865 876
17257 1 2 617 617 865 755
17258 1 2 617 617 865 745
17259 1 2 617 617 865 866
17260 1 2 617 617 865 877
17261 1 2 617 617 865 756
17262 1 2 617 617 876 755
17263 1 2 617 617 876 745
17264 1 2 617 617 876 866
17265 1 2 617 617 876 877
17266 1 2 617 617 876 756
17267 1 2 617 617 755 745
17268 1 2 617 617 755 866
17269 1 2 617 617 755 877
17270 1 2 617 617 755 756
17271 1 2 617 617 745 866
17272 1 2 617 617 745 877
17273 1 2 617 617 745 756
17274 1 2 617 617 866 877
17275 1 2 617 617 866 756
17276 1 2 617 617 877 756
17277 1 2 618 618 745 866
17278 1 2 618 618 745 877
17279 1 2 618 618 745 756
17280 1 2 618 618 745 746
17281 1 2 618 618 745 867
17282 1 2 618 618 745 878
17283 1 2 618 618 745 757
17284 1 2 618 618 866 877
17285 1 2 618 618 866 756
17286 1 2 618 618 866 746
17287 1 2 618 618 866 867
17288 1 2 618 618 866 878
17289 1 2 618 618 866 757
17290 1 2 618 618 877 756
17291 1 2 618 618 877 746
17292 1 2 618 618 877 867
17293 1 2 618 618 877 878
17294 1 2 618 618 877 757
17295 1 2 618 618 756 746
17296 1 2 618 618 756 867
17297 1 2 618 618 756 878
17298 1 2 618 618 756 757
17299 1 2 618 618 746 867
17300 1 2 618 618 746 878
17301 1 2 618 618 746 757
17302 1 2 618 618 867 878
17303 1 2 618 618 867 757
17304 1 2 618 618 878 757
17305 1 2 619 619 746 867
17306 1 2 619 619 746 878
17307 1 2 619 619 746 757
17308 1 2 619 619 746 747
17309 1 2 619 619 746 868
17310 1 2 619 619 746 879
17311 1 2 619 619 746 758
17312 1 2 619 619 867 878
17313 1 2 619 619 867 757
17314 1 2 619 619 867 747
17315 1 2 619 619 867 868
17316 1 2 619 619 867 879
17317 1 2 619 619 867 758
17318 1 2 619 619 878 757
17319 1 2 619 619 878 747
17320 1 2 619 619 878 868
17321 1 2 619 619 878 879
17322 1 2 619 619 878 758
17323 1 2 619 619 757 747
17324 1 2 619 619 757 868
17325 1 2 619 619 757 879
17326 1 2 619 619 757 758
17327 1 2 619 619 747 868
17328 1 2 619 619 747 879
17329 1 2 619 619 747 758
17330 1 2 619 619 868 879
17331 1 2 619 619 868 758
17332 1 2 619 619 879 758
17333 1 2 620 620 747 868
17334 1 2 620 620 747 879
17335 1 2 620 620 747 758
17336 1 2 620 620 747 748
17337 1 2 620 620 747 869
17338 1 2 620 620 747 880
17339 1 2 620 620 747 759
17340 1 2 620 620 868 879
17341 1 2 620 620 868 758
17342 1 2 620 620 868 748
17343 1 2 620 620 868 869
17344 1 2 620 620 868 880
17345 1 2 620 620 868 759
17346 1 2 620 620 879 758
17347 1 2 620 620 879 748
17348 1 2 620 620 879 869
17349 1 2 620 620 879 880
17350 1 2 620 620 879 759
17351 1 2 620 620 758 748
17352 1 2 620 620 758 869
17353 1 2 620 620 758 880
17354 1 2 620 620 758 759
17355 1 2 620 620 748 869
17356 1 2 620 620 748 880
17357 1 2 620 620 748 759
17358 1 2 620 620 869 880
17359 1 2 620 620 869 759
17360 1 2 620 620 880 759
17361 1 2 621 621 749 870
17362 1 2 621 621 749 881
17363 1 2 621 621 749 760
17364 1 2 621 621 749 750
17365 1 2 621 621 749 871
17366 1 2 621 621 749 882
17367 1 2 621 621 749 761
17368 1 2 621 621 870 881
17369 1 2 621 621 870 760
17370 1 2 621 621 870 750
17371 1 2 621 621 870 871
17372 1 2 621 621 870 882
17373 1 2 621 621 870 761
17374 1 2 621 621 881 760
17375 1 2 621 621 881 750
17376 1 2 621 621 881 871
17377 1 2 621 621 881 882
17378 1 2 621 621 881 761
17379 1 2 621 621 760 750
17380 1 2 621 621 760 871
17381 1 2 621 621 760 882
17382 1 2 621 621 760 761
17383 1 2 621 621 750 871
17384 1 2 621 621 750 882
17385 1 2 621 621 750 761
17386 1 2 621 621 871 882
17387 1 2 621 621 871 761
17388 1 2 621 621 882 761
17389 1 2 622 622 750 871
17390 1 2 622 622 750 882
17391 1 2 622 622 750 761
17392 1 2 622 622 750 751
17393 1 2 622 622 750 872
17394 1 2 622 622 750 883
17395 1 2 622 622 750 762
17396 1 2 622 622 871 882
17397 1 2 622 622 871 761
17398 1 2 622 622 871 751
17399 1 2 622 622 871 872
17400 1 2 622 622 871 883
17401 1 2 622 622 871 762
17402 1 2 622 622 882 761
17403 1 2 622 622 882 751
17404 1 2 622 622 882 872
17405 1 2 622 622 882 883
17406 1 2 622 622 882 762
17407 1 2 622 622 761 751
17408 1 2 622 622 761 872
17409 1 2 622 622 761 883
17410 1 2 622 622 761 762
17411 1 2 622 622 751 872
17412 1 2 622 622 751 883
17413 1 2 622 622 751 762
17414 1 2 622 622 872 883
17415 1 2 622 622 872 762
17416 1 2 622 622 883 762
17417 1 2 623 623 751 872
17418 1 2 623 623 751 883
17419 1 2 623 623 751 762
17420 1 2 623 623 751 752
17421 1 2 623 623 751 873
17422 1 2 623 623 751 884
17423 1 2 623 623 751 763
17424 1 2 623 623 872 883
17425 1 2 623 623 872 762
17426 1 2 623 623 872 752
17427 1 2 623 623 872 873
17428 1 2 623 623 872 884
17429 1 2 623 623 872 763
17430 1 2 623 623 883 762
17431 1 2 623 623 883 752
17432 1 2 623 623 883 873
17433 1 2 623 623 883 884
17434 1 2 623 623 883 763
17435 1 2 623 623 762 752
17436 1 2 623 623 762 873
17437 1 2 623 623 762 884
17438 1 2 623 623 762 763
17439 1 2 623 623 752 873
17440 1 2 623 623 752 884
17441 1 2 623 623 752 763
17442 1 2 623 623 873 884
17443 1 2 623 623 873 763
17444 1 2 623 623 884 763
17445 1 2 624 624 752 873
17446 1 2 624 624 752 884
17447 1 2 624 624 752 763
17448 1 2 624 624 752 753
17449 1 2 624 624 752 874
17450 1 2 624 624 752 885
17451 1 2 624 624 752 764
17452 1 2 624 624 873 884
17453 1 2 624 624 873 763
17454 1 2 624 624 873 753
17455 1 2 624 624 873 874
17456 1 2 624 624 873 885
17457 1 2 624 624 873 764
17458 1 2 624 624 884 763
17459 1 2 624 624 884 753
17460 1 2 624 624 884 874
17461 1 2 624 624 884 885
17462 1 2 624 624 884 764
17463 1 2 624 624 763 753
17464 1 2 624 624 763 874
17465 1 2 624 624 763 885
17466 1 2 624 624 763 764
17467 1 2 624 624 753 874
17468 1 2 624 624 753 885
17469 1 2 624 624 753 764
17470 1 2 624 624 874 885
17471 1 2 624 624 874 764
17472 1 2 624 624 885 764
17473 1 2 625 625 753 874
17474 1 2 625 625 753 885
17475 1 2 625 625 753 764
17476 1 2 625 625 753 754
17477 1 2 625 625 753 875
17478 1 2 625 625 753 886
17479 1 2 625 625 753 765
17480 1 2 625 625 874 885
17481 1 2 625 625 874 764
17482 1 2 625 625 874 754
17483 1 2 625 625 874 875
17484 1 2 625 625 874 886
17485 1 2 625 625 874 765
17486 1 2 625 625 885 764
17487 1 2 625 625 885 754
17488 1 2 625 625 885 875
17489 1 2 625 625 885 886
17490 1 2 625 625 885 765
17491 1 2 625 625 764 754
17492 1 2 625 625 764 875
17493 1 2 625 625 764 886
17494 1 2 625 625 764 765
17495 1 2 625 625 754 875
17496 1 2 625 625 754 886
17497 1 2 625 625 754 765
17498 1 2 625 625 875 886
17499 1 2 625 625 875 765
17500 1 2 625 625 886 765
17501 1 2 626 626 754 875
17502 1 2 626 626 754 886
17503 1 2 626 626 754 765
17504 1 2 626 626 754 755
17505 1 2 626 626 754 876
17506 1 2 626 626 754 887
17507 1 2 626 626 754 766
17508 1 2 626 626 875 886
17509 1 2 626 626 875 765
17510 1 2 626 626 875 755
17511 1 2 626 626 875 876
17512 1 2 626 626 875 887
17513 1 2 626 626 875 766
17514 1 2 626 626 886 765
17515 1 2 626 626 886 755
17516 1 2 626 626 886 876
17517 1 2 626 626 886 887
17518 1 2 626 626 886 766
17519 1 2 626 626 765 755
17520 1 2 626 626 765 876
17521 1 2 626 626 765 887
17522 1 2 626 626 765 766
17523 1 2 626 626 755 876
17524 1 2 626 626 755 887
17525 1 2 626 626 755 766
17526 1 2 626 626 876 887
17527 1 2 626 626 876 766
17528 1 2 626 626 887 766
17529 1 2 627 627 755 876
17530 1 2 627 627 755 887
17531 1 2 627 627 755 766
17532 1 2 627 627 755 756
17533 1 2 627 627 755 877
17534 1 2 627 627 755 888
17535 1 2 627 627 755 767
17536 1 2 627 627 876 887
17537 1 2 627 627 876 766
17538 1 2 627 627 876 756
17539 1 2 627 627 876 877
17540 1 2 627 627 876 888
17541 1 2 627 627 876 767
17542 1 2 627 627 887 766
17543 1 2 627 627 887 756
17544 1 2 627 627 887 877
17545 1 2 627 627 887 888
17546 1 2 627 627 887 767
17547 1 2 627 627 766 756
17548 1 2 627 627 766 877
17549 1 2 627 627 766 888
17550 1 2 627 627 766 767
17551 1 2 627 627 756 877
17552 1 2 627 627 756 888
17553 1 2 627 627 756 767
17554 1 2 627 627 877 888
17555 1 2 627 627 877 767
17556 1 2 627 627 888 767
17557 1 2 628 628 756 877
17558 1 2 628 628 756 888
17559 1 2 628 628 756 767
17560 1 2 628 628 756 757
17561 1 2 628 628 756 878
17562 1 2 628 628 756 889
17563 1 2 628 628 756 768
17564 1 2 628 628 877 888
17565 1 2 628 628 877 767
17566 1 2 628 628 877 757
17567 1 2 628 628 877 878
17568 1 2 628 628 877 889
17569 1 2 628 628 877 768
17570 1 2 628 628 888 767
17571 1 2 628 628 888 757
17572 1 2 628 628 888 878
17573 1 2 628 628 888 889
17574 1 2 628 628 888 768
17575 1 2 628 628 767 757
17576 1 2 628 628 767 878
17577 1 2 628 628 767 889
17578 1 2 628 628 767 768
17579 1 2 628 628 757 878
17580 1 2 628 628 757 889
17581 1 2 628 628 757 768
17582 1 2 628 628 878 889
17583 1 2 628 628 878 768
17584 1 2 628 628 889 768
17585 1 2 629 629 757 878
17586 1 2 629 629 757 889
17587 1 2 629 629 757 768
17588 1 2 629 629 757 758
17589 1 2 629 629 757 879
17590 1 2 629 629 757 890
17591 1 2 629 629 757 769
17592 1 2 629 629 878 889
17593 1 2 629 629 878 768
17594 1 2 629 629 878 758
17595 1 2 629 629 878 879
17596 1 2 629 629 878 890
17597 1 2 629 629 878 769
17598 1 2 629 629 889 768
17599 1 2 629 629 889 758
17600 1 2 629 629 889 879
17601 1 2 629 629 889 890
17602 1 2 629 629 889 769
17603 1 2 629 629 768 758
17604 1 2 629 629 768 879
17605 1 2 629 629 768 890
17606 1 2 629 629 768 769
17607 1 2 629 629 758 879
17608 1 2 629 629 758 890
17609 1 2 629 629 758 769
17610 1 2 629 629 879 890
17611 1 2 629 629 879 769
17612 1 2 629 629 890 769
17613 1 2 630 630 758 879
17614 1 2 630 630 758 890
17615 1 2 630 630 758 769
17616 1 2 630 630 758 759
17617 1 2 630 630 758 880
17618 1 2 630 630 758 891
17619 1 2 630 630 758 770
17620 1 2 630 630 879 890
17621 1 2 630 630 879 769
17622 1 2 630 630 879 759
17623 1 2 630 630 879 880
17624 1 2 630 630 879 891
17625 1 2 630 630 879 770
17626 1 2 630 630 890 769
17627 1 2 630 630 890 759
17628 1 2 630 630 890 880
17629 1 2 630 630 890 891
17630 1 2 630 630 890 770
17631 1 2 630 630 769 759
17632 1 2 630 630 769 880
17633 1 2 630 630 769 891
17634 1 2 630 630 769 770
17635 1 2 630 630 759 880
17636 1 2 630 630 759 891
17637 1 2 630 630 759 770
17638 1 2 630 630 880 891
17639 1 2 630 630 880 770
17640 1 2 630 630 891 770
17641 1 2 631 631 760 881
17642 1 2 631 631 760 892
17643 1 2 631 631 760 771
17644 1 2 631 631 760 761
17645 1 2 631 631 760 882
17646 1 2 631 631 760 893
17647 1 2 631 631 760 772
17648 1 2 631 631 881 892
17649 1 2 631 631 881 771
17650 1 2 631 631 881 761
17651 1 2 631 631 881 882
17652 1 2 631 631 881 893
17653 1 2 631 631 881 772
17654 1 2 631 631 892 771
17655 1 2 631 631 892 761
17656 1 2 631 631 892 882
17657 1 2 631 631 892 893
17658 1 2 631 631 892 772
17659 1 2 631 631 771 761
17660 1 2 631 631 771 882
17661 1 2 631 631 771 893
17662 1 2 631 631 771 772
17663 1 2 631 631 761 882
17664 1 2 631 631 761 893
17665 1 2 631 631 761 772
17666 1 2 631 631 882 893
17667 1 2 631 631 882 772
17668 1 2 631 631 893 772
17669 1 2 632 632 761 882
17670 1 2 632 632 761 893
17671 1 2 632 632 761 772
17672 1 2 632 632 761 762
17673 1 2 632 632 761 883
17674 1 2 632 632 761 894
17675 1 2 632 632 761 773
17676 1 2 632 632 882 893
17677 1 2 632 632 882 772
17678 1 2 632 632 882 762
17679 1 2 632 632 882 883
17680 1 2 632 632 882 894
17681 1 2 632 632 882 773
17682 1 2 632 632 893 772
17683 1 2 632 632 893 762
17684 1 2 632 632 893 883
17685 1 2 632 632 893 894
17686 1 2 632 632 893 773
17687 1 2 632 632 772 762
17688 1 2 632 632 772 883
17689 1 2 632 632 772 894
17690 1 2 632 632 772 773
17691 1 2 632 632 762 883
17692 1 2 632 632 762 894
17693 1 2 632 632 762 773
17694 1 2 632 632 883 894
17695 1 2 632 632 883 773
17696 1 2 632 632 894 773
17697 1 2 633 633 762 883
17698 1 2 633 633 762 894
17699 1 2 633 633 762 773
17700 1 2 633 633 762 763
17701 1 2 633 633 762 884
17702 1 2 633 633 762 895
17703 1 2 633 633 762 774
17704 1 2 633 633 883 894
17705 1 2 633 633 883 773
17706 1 2 633 633 883 763
17707 1 2 633 633 883 884
17708 1 2 633 633 883 895
17709 1 2 633 633 883 774
17710 1 2 633 633 894 773
17711 1 2 633 633 894 763
17712 1 2 633 633 894 884
17713 1 2 633 633 894 895
17714 1 2 633 633 894 774
17715 1 2 633 633 773 763
17716 1 2 633 633 773 884
17717 1 2 633 633 773 895
17718 1 2 633 633 773 774
17719 1 2 633 633 763 884
17720 1 2 633 633 763 895
17721 1 2 633 633 763 774
17722 1 2 633 633 884 895
17723 1 2 633 633 884 774
17724 1 2 633 633 895 774
17725 1 2 634 634 763 884
17726 1 2 634 634 763 895
17727 1 2 634 634 763 774
17728 1 2 634 634 763 764
17729 1 2 634 634 763 885
17730 1 2 634 634 763 896
17731 1 2 634 634 763 775
17732 1 2 634 634 884 895
17733 1 2 634 634 884 774
17734 1 2 634 634 884 764
17735 1 2 634 634 884 885
17736 1 2 634 634 884 896
17737 1 2 634 634 884 775
17738 1 2 634 634 895 774
17739 1 2 634 634 895 764
17740 1 2 634 634 895 885
17741 1 2 634 634 895 896
17742 1 2 634 634 895 775
17743 1 2 634 634 774 764
17744 1 2 634 634 774 885
17745 1 2 634 634 774 896
17746 1 2 634 634 774 775
17747 1 2 634 634 764 885
17748 1 2 634 634 764 896
17749 1 2 634 634 764 775
17750 1 2 634 634 885 896
17751 1 2 634 634 885 775
17752 1 2 634 634 896 775
17753 1 2 635 635 764 885
17754 1 2 635 635 764 896
17755 1 2 635 635 764 775
17756 1 2 635 635 764 765
17757 1 2 635 635 764 886
17758 1 2 635 635 764 897
17759 1 2 635 635 764 776
17760 1 2 635 635 885 896
17761 1 2 635 635 885 775
17762 1 2 635 635 885 765
17763 1 2 635 635 885 886
17764 1 2 635 635 885 897
17765 1 2 635 635 885 776
17766 1 2 635 635 896 775
17767 1 2 635 635 896 765
17768 1 2 635 635 896 886
17769 1 2 635 635 896 897
17770 1 2 635 635 896 776
17771 1 2 635 635 775 765
17772 1 2 635 635 775 886
17773 1 2 635 635 775 897
17774 1 2 635 635 775 776
17775 1 2 635 635 765 886
17776 1 2 635 635 765 897
17777 1 2 635 635 765 776
17778 1 2 635 635 886 897
17779 1 2 635 635 886 776
17780 1 2 635 635 897 776
17781 1 2 636 636 765 886
17782 1 2 636 636 765 897
17783 1 2 636 636 765 776
17784 1 2 636 636 765 766
17785 1 2 636 636 765 887
17786 1 2 636 636 765 898
17787 1 2 636 636 765 777
17788 1 2 636 636 886 897
17789 1 2 636 636 886 776
17790 1 2 636 636 886 766
17791 1 2 636 636 886 887
17792 1 2 636 636 886 898
17793 1 2 636 636 886 777
17794 1 2 636 636 897 776
17795 1 2 636 636 897 766
17796 1 2 636 636 897 887
17797 1 2 636 636 897 898
17798 1 2 636 636 897 777
17799 1 2 636 636 776 766
17800 1 2 636 636 776 887
17801 1 2 636 636 776 898
17802 1 2 636 636 776 777
17803 1 2 636 636 766 887
17804 1 2 636 636 766 898
17805 1 2 636 636 766 777
17806 1 2 636 636 887 898
17807 1 2 636 636 887 777
17808 1 2 636 636 898 777
17809 1 2 637 637 766 887
17810 1 2 637 637 766 898
17811 1 2 637 637 766 777
17812 1 2 637 637 766 767
17813 1 2 637 637 766 888
17814 1 2 637 637 766 899
17815 1 2 637 637 766 778
17816 1 2 637 637 887 898
17817 1 2 637 637 887 777
17818 1 2 637 637 887 767
17819 1 2 637 637 887 888
17820 1 2 637 637 887 899
17821 1 2 637 637 887 778
17822 1 2 637 637 898 777
17823 1 2 637 637 898 767
17824 1 2 637 637 898 888
17825 1 2 637 637 898 899
17826 1 2 637 637 898 778
17827 1 2 637 637 777 767
17828 1 2 637 637 777 888
17829 1 2 637 637 777 899
17830 1 2 637 637 777 778
17831 1 2 637 637 767 888
17832 1 2 637 637 767 899
17833 1 2 637 637 767 778
17834 1 2 637 637 888 899
17835 1 2 637 637 888 778
17836 1 2 637 637 899 778
17837 1 2 638 638 767 888
17838 1 2 638 638 767 899
17839 1 2 638 638 767 778
17840 1 2 638 638 767 768
17841 1 2 638 638 767 889
17842 1 2 638 638 767 900
17843 1 2 638 638 767 779
17844 1 2 638 638 888 899
17845 1 2 638 638 888 778
17846 1 2 638 638 888 768
17847 1 2 638 638 888 889
17848 1 2 638 638 888 900
17849 1 2 638 638 888 779
17850 1 2 638 638 899 778
17851 1 2 638 638 899 768
17852 1 2 638 638 899 889
17853 1 2 638 638 899 900
17854 1 2 638 638 899 779
17855 1 2 638 638 778 768
17856 1 2 638 638 778 889
17857 1 2 638 638 778 900
17858 1 2 638 638 778 779
17859 1 2 638 638 768 889
17860 1 2 638 638 768 900
17861 1 2 638 638 768 779
17862 1 2 638 638 889 900
17863 1 2 638 638 889 779
17864 1 2 638 638 900 779
17865 1 2 639 639 768 889
17866 1 2 639 639 768 900
17867 1 2 639 639 768 779
17868 1 2 639 639 768 769
17869 1 2 639 639 768 890
17870 1 2 639 639 768 901
17871 1 2 639 639 768 780
17872 1 2 639 639 889 900
17873 1 2 639 639 889 779
17874 1 2 639 639 889 769
17875 1 2 639 639 889 890
17876 1 2 639 639 889 901
17877 1 2 639 639 889 780
17878 1 2 639 639 900 779
17879 1 2 639 639 900 769
17880 1 2 639 639 900 890
17881 1 2 639 639 900 901
17882 1 2 639 639 900 780
17883 1 2 639 639 779 769
17884 1 2 639 639 779 890
17885 1 2 639 639 779 901
17886 1 2 639 639 779 780
17887 1 2 639 639 769 890
17888 1 2 639 639 769 901
17889 1 2 639 639 769 780
17890 1 2 639 639 890 901
17891 1 2 639 639 890 780
17892 1 2 639 639 901 780
17893 1 2 640 640 769 890
17894 1 2 640 640 769 901
17895 1 2 640 640 769 780
17896 1 2 640 640 769 770
17897 1 2 640 640 769 891
17898 1 2 640 640 769 902
17899 1 2 640 640 769 781
17900 1 2 640 640 890 901
17901 1 2 640 640 890 780
17902 1 2 640 640 890 770
17903 1 2 640 640 890 891
17904 1 2 640 640 890 902
17905 1 2 640 640 890 781
17906 1 2 640 640 901 780
17907 1 2 640 640 901 770
17908 1 2 640 640 901 891
17909 1 2 640 640 901 902
17910 1 2 640 640 901 781
17911 1 2 640 640 780 770
17912 1 2 640 640 780 891
17913 1 2 640 640 780 902
17914 1 2 640 640 780 781
17915 1 2 640 640 770 891
17916 1 2 640 640 770 902
17917 1 2 640 640 770 781
17918 1 2 640 640 891 902
17919 1 2 640 640 891 781
17920 1 2 640 640 902 781
17921 1 2 641 641 771 892
17922 1 2 641 641 771 903
17923 1 2 641 641 771 782
17924 1 2 641 641 771 772
17925 1 2 641 641 771 893
17926 1 2 641 641 771 904
17927 1 2 641 641 771 783
17928 1 2 641 641 892 903
17929 1 2 641 641 892 782
17930 1 2 641 641 892 772
17931 1 2 641 641 892 893
17932 1 2 641 641 892 904
17933 1 2 641 641 892 783
17934 1 2 641 641 903 782
17935 1 2 641 641 903 772
17936 1 2 641 641 903 893
17937 1 2 641 641 903 904
17938 1 2 641 641 903 783
17939 1 2 641 641 782 772
17940 1 2 641 641 782 893
17941 1 2 641 641 782 904
17942 1 2 641 641 782 783
17943 1 2 641 641 772 893
17944 1 2 641 641 772 904
17945 1 2 641 641 772 783
17946 1 2 641 641 893 904
17947 1 2 641 641 893 783
17948 1 2 641 641 904 783
17949 1 2 642 642 772 893
17950 1 2 642 642 772 904
17951 1 2 642 642 772 783
17952 1 2 642 642 772 773
17953 1 2 642 642 772 894
17954 1 2 642 642 772 905
17955 1 2 642 642 772 784
17956 1 2 642 642 893 904
17957 1 2 642 642 893 783
17958 1 2 642 642 893 773
17959 1 2 642 642 893 894
17960 1 2 642 642 893 905
17961 1 2 642 642 893 784
17962 1 2 642 642 904 783
17963 1 2 642 642 904 773
17964 1 2 642 642 904 894
17965 1 2 642 642 904 905
17966 1 2 642 642 904 784
17967 1 2 642 642 783 773
17968 1 2 642 642 783 894
17969 1 2 642 642 783 905
17970 1 2 642 642 783 784
17971 1 2 642 642 773 894
17972 1 2 642 642 773 905
17973 1 2 642 642 773 784
17974 1 2 642 642 894 905
17975 1 2 642 642 894 784
17976 1 2 642 642 905 784
17977 1 2 643 643 773 894
17978 1 2 643 643 773 905
17979 1 2 643 643 773 784
17980 1 2 643 643 773 774
17981 1 2 643 643 773 895
17982 1 2 643 643 773 906
17983 1 2 643 643 773 785
17984 1 2 643 643 894 905
17985 1 2 643 643 894 784
17986 1 2 643 643 894 774
17987 1 2 643 643 894 895
17988 1 2 643 643 894 906
17989 1 2 643 643 894 785
17990 1 2 643 643 905 784
17991 1 2 643 643 905 774
17992 1 2 643 643 905 895
17993 1 2 643 643 905 906
17994 1 2 643 643 905 785
17995 1 2 643 643 784 774
17996 1 2 643 643 784 895
17997 1 2 643 643 784 906
17998 1 2 643 643 784 785
17999 1 2 643 643 774 895
18000 1 2 643 643 774 906
18001 1 2 643 643 774 785
18002 1 2 643 643 895 906
18003 1 2 643 643 895 785
18004 1 2 643 643 906 785
18005 1 2 644 644 774 895
18006 1 2 644 644 774 906
18007 1 2 644 644 774 785
18008 1 2 644 644 774 775
18009 1 2 644 644 774 896
18010 1 2 644 644 774 907
18011 1 2 644 644 774 786
18012 1 2 644 644 895 906
18013 1 2 644 644 895 785
18014 1 2 644 644 895 775
18015 1 2 644 644 895 896
18016 1 2 644 644 895 907
18017 1 2 644 644 895 786
18018 1 2 644 644 906 785
18019 1 2 644 644 906 775
18020 1 2 644 644 906 896
18021 1 2 644 644 906 907
18022 1 2 644 644 906 786
18023 1 2 644 644 785 775
18024 1 2 644 644 785 896
18025 1 2 644 644 785 907
18026 1 2 644 644 785 786
18027 1 2 644 644 775 896
18028 1 2 644 644 775 907
18029 1 2 644 644 775 786
18030 1 2 644 644 896 907
18031 1 2 644 644 896 786
18032 1 2 644 644 907 786
18033 1 2 645 645 775 896
18034 1 2 645 645 775 907
18035 1 2 645 645 775 786
18036 1 2 645 645 775 776
18037 1 2 645 645 775 897
18038 1 2 645 645 775 908
18039 1 2 645 645 775 787
18040 1 2 645 645 896 907
18041 1 2 645 645 896 786
18042 1 2 645 645 896 776
18043 1 2 645 645 896 897
18044 1 2 645 645 896 908
18045 1 2 645 645 896 787
18046 1 2 645 645 907 786
18047 1 2 645 645 907 776
18048 1 2 645 645 907 897
18049 1 2 645 645 907 908
18050 1 2 645 645 907 787
18051 1 2 645 645 786 776
18052 1 2 645 645 786 897
18053 1 2 645 645 786 908
18054 1 2 645 645 786 787
18055 1 2 645 645 776 897
18056 1 2 645 645 776 908
18057 1 2 645 645 776 787
18058 1 2 645 645 897 908
18059 1 2 645 645 897 787
18060 1 2 645 645 908 787
18061 1 2 646 646 776 897
18062 1 2 646 646 776 908
18063 1 2 646 646 776 787
18064 1 2 646 646 776 777
18065 1 2 646 646 776 898
18066 1 2 646 646 776 909
18067 1 2 646 646 776 788
18068 1 2 646 646 897 908
18069 1 2 646 646 897 787
18070 1 2 646 646 897 777
18071 1 2 646 646 897 898
18072 1 2 646 646 897 909
18073 1 2 646 646 897 788
18074 1 2 646 646 908 787
18075 1 2 646 646 908 777
18076 1 2 646 646 908 898
18077 1 2 646 646 908 909
18078 1 2 646 646 908 788
18079 1 2 646 646 787 777
18080 1 2 646 646 787 898
18081 1 2 646 646 787 909
18082 1 2 646 646 787 788
18083 1 2 646 646 777 898
18084 1 2 646 646 777 909
18085 1 2 646 646 777 788
18086 1 2 646 646 898 909
18087 1 2 646 646 898 788
18088 1 2 646 646 909 788
18089 1 2 647 647 777 898
18090 1 2 647 647 777 909
18091 1 2 647 647 777 788
18092 1 2 647 647 777 778
18093 1 2 647 647 777 899
18094 1 2 647 647 777 910
18095 1 2 647 647 777 789
18096 1 2 647 647 898 909
18097 1 2 647 647 898 788
18098 1 2 647 647 898 778
18099 1 2 647 647 898 899
18100 1 2 647 647 898 910
18101 1 2 647 647 898 789
18102 1 2 647 647 909 788
18103 1 2 647 647 909 778
18104 1 2 647 647 909 899
18105 1 2 647 647 909 910
18106 1 2 647 647 909 789
18107 1 2 647 647 788 778
18108 1 2 647 647 788 899
18109 1 2 647 647 788 910
18110 1 2 647 647 788 789
18111 1 2 647 647 778 899
18112 1 2 647 647 778 910
18113 1 2 647 647 778 789
18114 1 2 647 647 899 910
18115 1 2 647 647 899 789
18116 1 2 647 647 910 789
18117 1 2 648 648 778 899
18118 1 2 648 648 778 910
18119 1 2 648 648 778 789
18120 1 2 648 648 778 779
18121 1 2 648 648 778 900
18122 1 2 648 648 778 911
18123 1 2 648 648 778 790
18124 1 2 648 648 899 910
18125 1 2 648 648 899 789
18126 1 2 648 648 899 779
18127 1 2 648 648 899 900
18128 1 2 648 648 899 911
18129 1 2 648 648 899 790
18130 1 2 648 648 910 789
18131 1 2 648 648 910 779
18132 1 2 648 648 910 900
18133 1 2 648 648 910 911
18134 1 2 648 648 910 790
18135 1 2 648 648 789 779
18136 1 2 648 648 789 900
18137 1 2 648 648 789 911
18138 1 2 648 648 789 790
18139 1 2 648 648 779 900
18140 1 2 648 648 779 911
18141 1 2 648 648 779 790
18142 1 2 648 648 900 911
18143 1 2 648 648 900 790
18144 1 2 648 648 911 790
18145 1 2 649 649 779 900
18146 1 2 649 649 779 911
18147 1 2 649 649 779 790
18148 1 2 649 649 779 780
18149 1 2 649 649 779 901
18150 1 2 649 649 779 912
18151 1 2 649 649 779 791
18152 1 2 649 649 900 911
18153 1 2 649 649 900 790
18154 1 2 649 649 900 780
18155 1 2 649 649 900 901
18156 1 2 649 649 900 912
18157 1 2 649 649 900 791
18158 1 2 649 649 911 790
18159 1 2 649 649 911 780
18160 1 2 649 649 911 901
18161 1 2 649 649 911 912
18162 1 2 649 649 911 791
18163 1 2 649 649 790 780
18164 1 2 649 649 790 901
18165 1 2 649 649 790 912
18166 1 2 649 649 790 791
18167 1 2 649 649 780 901
18168 1 2 649 649 780 912
18169 1 2 649 649 780 791
18170 1 2 649 649 901 912
18171 1 2 649 649 901 791
18172 1 2 649 649 912 791
18173 1 2 650 650 780 901
18174 1 2 650 650 780 912
18175 1 2 650 650 780 791
18176 1 2 650 650 780 781
18177 1 2 650 650 780 902
18178 1 2 650 650 780 913
18179 1 2 650 650 780 792
18180 1 2 650 650 901 912
18181 1 2 650 650 901 791
18182 1 2 650 650 901 781
18183 1 2 650 650 901 902
18184 1 2 650 650 901 913
18185 1 2 650 650 901 792
18186 1 2 650 650 912 791
18187 1 2 650 650 912 781
18188 1 2 650 650 912 902
18189 1 2 650 650 912 913
18190 1 2 650 650 912 792
18191 1 2 650 650 791 781
18192 1 2 650 650 791 902
18193 1 2 650 650 791 913
18194 1 2 650 650 791 792
18195 1 2 650 650 781 902
18196 1 2 650 650 781 913
18197 1 2 650 650 781 792
18198 1 2 650 650 902 913
18199 1 2 650 650 902 792
18200 1 2 650 650 913 792
18201 1 2 651 651 782 903
18202 1 2 651 651 782 914
18203 1 2 651 651 782 793
18204 1 2 651 651 782 783
18205 1 2 651 651 782 904
18206 1 2 651 651 782 915
18207 1 2 651 651 782 794
18208 1 2 651 651 903 914
18209 1 2 651 651 903 793
18210 1 2 651 651 903 783
18211 1 2 651 651 903 904
18212 1 2 651 651 903 915
18213 1 2 651 651 903 794
18214 1 2 651 651 914 793
18215 1 2 651 651 914 783
18216 1 2 651 651 914 904
18217 1 2 651 651 914 915
18218 1 2 651 651 914 794
18219 1 2 651 651 793 783
18220 1 2 651 651 793 904
18221 1 2 651 651 793 915
18222 1 2 651 651 793 794
18223 1 2 651 651 783 904
18224 1 2 651 651 783 915
18225 1 2 651 651 783 794
18226 1 2 651 651 904 915
18227 1 2 651 651 904 794
18228 1 2 651 651 915 794
18229 1 2 652 652 783 904
18230 1 2 652 652 783 915
18231 1 2 652 652 783 794
18232 1 2 652 652 783 784
18233 1 2 652 652 783 905
18234 1 2 652 652 783 916
18235 1 2 652 652 783 795
18236 1 2 652 652 904 915
18237 1 2 652 652 904 794
18238 1 2 652 652 904 784
18239 1 2 652 652 904 905
18240 1 2 652 652 904 916
18241 1 2 652 652 904 795
18242 1 2 652 652 915 794
18243 1 2 652 652 915 784
18244 1 2 652 652 915 905
18245 1 2 652 652 915 916
18246 1 2 652 652 915 795
18247 1 2 652 652 794 784
18248 1 2 652 652 794 905
18249 1 2 652 652 794 916
18250 1 2 652 652 794 795
18251 1 2 652 652 784 905
18252 1 2 652 652 784 916
18253 1 2 652 652 784 795
18254 1 2 652 652 905 916
18255 1 2 652 652 905 795
18256 1 2 652 652 916 795
18257 1 2 653 653 784 905
18258 1 2 653 653 784 916
18259 1 2 653 653 784 795
18260 1 2 653 653 784 785
18261 1 2 653 653 784 906
18262 1 2 653 653 784 917
18263 1 2 653 653 784 796
18264 1 2 653 653 905 916
18265 1 2 653 653 905 795
18266 1 2 653 653 905 785
18267 1 2 653 653 905 906
18268 1 2 653 653 905 917
18269 1 2 653 653 905 796
18270 1 2 653 653 916 795
18271 1 2 653 653 916 785
18272 1 2 653 653 916 906
18273 1 2 653 653 916 917
18274 1 2 653 653 916 796
18275 1 2 653 653 795 785
18276 1 2 653 653 795 906
18277 1 2 653 653 795 917
18278 1 2 653 653 795 796
18279 1 2 653 653 785 906
18280 1 2 653 653 785 917
18281 1 2 653 653 785 796
18282 1 2 653 653 906 917
18283 1 2 653 653 906 796
18284 1 2 653 653 917 796
18285 1 2 654 654 785 906
18286 1 2 654 654 785 917
18287 1 2 654 654 785 796
18288 1 2 654 654 785 786
18289 1 2 654 654 785 907
18290 1 2 654 654 785 918
18291 1 2 654 654 785 797
18292 1 2 654 654 906 917
18293 1 2 654 654 906 796
18294 1 2 654 654 906 786
18295 1 2 654 654 906 907
18296 1 2 654 654 906 918
18297 1 2 654 654 906 797
18298 1 2 654 654 917 796
18299 1 2 654 654 917 786
18300 1 2 654 654 917 907
18301 1 2 654 654 917 918
18302 1 2 654 654 917 797
18303 1 2 654 654 796 786
18304 1 2 654 654 796 907
18305 1 2 654 654 796 918
18306 1 2 654 654 796 797
18307 1 2 654 654 786 907
18308 1 2 654 654 786 918
18309 1 2 654 654 786 797
18310 1 2 654 654 907 918
18311 1 2 654 654 907 797
18312 1 2 654 654 918 797
18313 1 2 655 655 786 907
18314 1 2 655 655 786 918
18315 1 2 655 655 786 797
18316 1 2 655 655 786 787
18317 1 2 655 655 786 908
18318 1 2 655 655 786 919
18319 1 2 655 655 786 798
18320 1 2 655 655 907 918
18321 1 2 655 655 907 797
18322 1 2 655 655 907 787
18323 1 2 655 655 907 908
18324 1 2 655 655 907 919
18325 1 2 655 655 907 798
18326 1 2 655 655 918 797
18327 1 2 655 655 918 787
18328 1 2 655 655 918 908
18329 1 2 655 655 918 919
18330 1 2 655 655 918 798
18331 1 2 655 655 797 787
18332 1 2 655 655 797 908
18333 1 2 655 655 797 919
18334 1 2 655 655 797 798
18335 1 2 655 655 787 908
18336 1 2 655 655 787 919
18337 1 2 655 655 787 798
18338 1 2 655 655 908 919
18339 1 2 655 655 908 798
18340 1 2 655 655 919 798
18341 1 2 656 656 787 908
18342 1 2 656 656 787 919
18343 1 2 656 656 787 798
18344 1 2 656 656 787 788
18345 1 2 656 656 787 909
18346 1 2 656 656 787 920
18347 1 2 656 656 787 799
18348 1 2 656 656 908 919
18349 1 2 656 656 908 798
18350 1 2 656 656 908 788
18351 1 2 656 656 908 909
18352 1 2 656 656 908 920
18353 1 2 656 656 908 799
18354 1 2 656 656 919 798
18355 1 2 656 656 919 788
18356 1 2 656 656 919 909
18357 1 2 656 656 919 920
18358 1 2 656 656 919 799
18359 1 2 656 656 798 788
18360 1 2 656 656 798 909
18361 1 2 656 656 798 920
18362 1 2 656 656 798 799
18363 1 2 656 656 788 909
18364 1 2 656 656 788 920
18365 1 2 656 656 788 799
18366 1 2 656 656 909 920
18367 1 2 656 656 909 799
18368 1 2 656 656 920 799
18369 1 2 657 657 788 909
18370 1 2 657 657 788 920
18371 1 2 657 657 788 799
18372 1 2 657 657 788 789
18373 1 2 657 657 788 910
18374 1 2 657 657 788 921
18375 1 2 657 657 788 800
18376 1 2 657 657 909 920
18377 1 2 657 657 909 799
18378 1 2 657 657 909 789
18379 1 2 657 657 909 910
18380 1 2 657 657 909 921
18381 1 2 657 657 909 800
18382 1 2 657 657 920 799
18383 1 2 657 657 920 789
18384 1 2 657 657 920 910
18385 1 2 657 657 920 921
18386 1 2 657 657 920 800
18387 1 2 657 657 799 789
18388 1 2 657 657 799 910
18389 1 2 657 657 799 921
18390 1 2 657 657 799 800
18391 1 2 657 657 789 910
18392 1 2 657 657 789 921
18393 1 2 657 657 789 800
18394 1 2 657 657 910 921
18395 1 2 657 657 910 800
18396 1 2 657 657 921 800
18397 1 2 658 658 789 910
18398 1 2 658 658 789 921
18399 1 2 658 658 789 800
18400 1 2 658 658 789 790
18401 1 2 658 658 789 911
18402 1 2 658 658 789 922
18403 1 2 658 658 789 801
18404 1 2 658 658 910 921
18405 1 2 658 658 910 800
18406 1 2 658 658 910 790
18407 1 2 658 658 910 911
18408 1 2 658 658 910 922
18409 1 2 658 658 910 801
18410 1 2 658 658 921 800
18411 1 2 658 658 921 790
18412 1 2 658 658 921 911
18413 1 2 658 658 921 922
18414 1 2 658 658 921 801
18415 1 2 658 658 800 790
18416 1 2 658 658 800 911
18417 1 2 658 658 800 922
18418 1 2 658 658 800 801
18419 1 2 658 658 790 911
18420 1 2 658 658 790 922
18421 1 2 658 658 790 801
18422 1 2 658 658 911 922
18423 1 2 658 658 911 801
18424 1 2 658 658 922 801
18425 1 2 659 659 790 911
18426 1 2 659 659 790 922
18427 1 2 659 659 790 801
18428 1 2 659 659 790 791
18429 1 2 659 659 790 912
18430 1 2 659 659 790 923
18431 1 2 659 659 790 802
18432 1 2 659 659 911 922
18433 1 2 659 659 911 801
18434 1 2 659 659 911 791
18435 1 2 659 659 911 912
18436 1 2 659 659 911 923
18437 1 2 659 659 911 802
18438 1 2 659 659 922 801
18439 1 2 659 659 922 791
18440 1 2 659 659 922 912
18441 1 2 659 659 922 923
18442 1 2 659 659 922 802
18443 1 2 659 659 801 791
18444 1 2 659 659 801 912
18445 1 2 659 659 801 923
18446 1 2 659 659 801 802
18447 1 2 659 659 791 912
18448 1 2 659 659 791 923
18449 1 2 659 659 791 802
18450 1 2 659 659 912 923
18451 1 2 659 659 912 802
18452 1 2 659 659 923 802
18453 1 2 660 660 791 912
18454 1 2 660 660 791 923
18455 1 2 660 660 791 802
18456 1 2 660 660 791 792
18457 1 2 660 660 791 913
18458 1 2 660 660 791 924
18459 1 2 660 660 791 803
18460 1 2 660 660 912 923
18461 1 2 660 660 912 802
18462 1 2 660 660 912 792
18463 1 2 660 660 912 913
18464 1 2 660 660 912 924
18465 1 2 660 660 912 803
18466 1 2 660 660 923 802
18467 1 2 660 660 923 792
18468 1 2 660 660 923 913
18469 1 2 660 660 923 924
18470 1 2 660 660 923 803
18471 1 2 660 660 802 792
18472 1 2 660 660 802 913
18473 1 2 660 660 802 924
18474 1 2 660 660 802 803
18475 1 2 660 660 792 913
18476 1 2 660 660 792 924
18477 1 2 660 660 792 803
18478 1 2 660 660 913 924
18479 1 2 660 660 913 803
18480 1 2 660 660 924 803
18481 1 2 661 661 793 914
18482 1 2 661 661 793 925
18483 1 2 661 661 793 804
18484 1 2 661 661 793 794
18485 1 2 661 661 793 915
18486 1 2 661 661 793 926
18487 1 2 661 661 793 805
18488 1 2 661 661 914 925
18489 1 2 661 661 914 804
18490 1 2 661 661 914 794
18491 1 2 661 661 914 915
18492 1 2 661 661 914 926
18493 1 2 661 661 914 805
18494 1 2 661 661 925 804
18495 1 2 661 661 925 794
18496 1 2 661 661 925 915
18497 1 2 661 661 925 926
18498 1 2 661 661 925 805
18499 1 2 661 661 804 794
18500 1 2 661 661 804 915
18501 1 2 661 661 804 926
18502 1 2 661 661 804 805
18503 1 2 661 661 794 915
18504 1 2 661 661 794 926
18505 1 2 661 661 794 805
18506 1 2 661 661 915 926
18507 1 2 661 661 915 805
18508 1 2 661 661 926 805
18509 1 2 662 662 794 915
18510 1 2 662 662 794 926
18511 1 2 662 662 794 805
18512 1 2 662 662 794 795
18513 1 2 662 662 794 916
18514 1 2 662 662 794 927
18515 1 2 662 662 794 806
18516 1 2 662 662 915 926
18517 1 2 662 662 915 805
18518 1 2 662 662 915 795
18519 1 2 662 662 915 916
18520 1 2 662 662 915 927
18521 1 2 662 662 915 806
18522 1 2 662 662 926 805
18523 1 2 662 662 926 795
18524 1 2 662 662 926 916
18525 1 2 662 662 926 927
18526 1 2 662 662 926 806
18527 1 2 662 662 805 795
18528 1 2 662 662 805 916
18529 1 2 662 662 805 927
18530 1 2 662 662 805 806
18531 1 2 662 662 795 916
18532 1 2 662 662 795 927
18533 1 2 662 662 795 806
18534 1 2 662 662 916 927
18535 1 2 662 662 916 806
18536 1 2 662 662 927 806
18537 1 2 663 663 795 916
18538 1 2 663 663 795 927
18539 1 2 663 663 795 806
18540 1 2 663 663 795 796
18541 1 2 663 663 795 917
18542 1 2 663 663 795 928
18543 1 2 663 663 795 807
18544 1 2 663 663 916 927
18545 1 2 663 663 916 806
18546 1 2 663 663 916 796
18547 1 2 663 663 916 917
18548 1 2 663 663 916 928
18549 1 2 663 663 916 807
18550 1 2 663 663 927 806
18551 1 2 663 663 927 796
18552 1 2 663 663 927 917
18553 1 2 663 663 927 928
18554 1 2 663 663 927 807
18555 1 2 663 663 806 796
18556 1 2 663 663 806 917
18557 1 2 663 663 806 928
18558 1 2 663 663 806 807
18559 1 2 663 663 796 917
18560 1 2 663 663 796 928
18561 1 2 663 663 796 807
18562 1 2 663 663 917 928
18563 1 2 663 663 917 807
18564 1 2 663 663 928 807
18565 1 2 664 664 796 917
18566 1 2 664 664 796 928
18567 1 2 664 664 796 807
18568 1 2 664 664 796 797
18569 1 2 664 664 796 918
18570 1 2 664 664 796 929
18571 1 2 664 664 796 808
18572 1 2 664 664 917 928
18573 1 2 664 664 917 807
18574 1 2 664 664 917 797
18575 1 2 664 664 917 918
18576 1 2 664 664 917 929
18577 1 2 664 664 917 808
18578 1 2 664 664 928 807
18579 1 2 664 664 928 797
18580 1 2 664 664 928 918
18581 1 2 664 664 928 929
18582 1 2 664 664 928 808
18583 1 2 664 664 807 797
18584 1 2 664 664 807 918
18585 1 2 664 664 807 929
18586 1 2 664 664 807 808
18587 1 2 664 664 797 918
18588 1 2 664 664 797 929
18589 1 2 664 664 797 808
18590 1 2 664 664 918 929
18591 1 2 664 664 918 808
18592 1 2 664 664 929 808
18593 1 2 665 665 797 918
18594 1 2 665 665 797 929
18595 1 2 665 665 797 808
18596 1 2 665 665 797 798
18597 1 2 665 665 797 919
18598 1 2 665 665 797 930
18599 1 2 665 665 797 809
18600 1 2 665 665 918 929
18601 1 2 665 665 918 808
18602 1 2 665 665 918 798
18603 1 2 665 665 918 919
18604 1 2 665 665 918 930
18605 1 2 665 665 918 809
18606 1 2 665 665 929 808
18607 1 2 665 665 929 798
18608 1 2 665 665 929 919
18609 1 2 665 665 929 930
18610 1 2 665 665 929 809
18611 1 2 665 665 808 798
18612 1 2 665 665 808 919
18613 1 2 665 665 808 930
18614 1 2 665 665 808 809
18615 1 2 665 665 798 919
18616 1 2 665 665 798 930
18617 1 2 665 665 798 809
18618 1 2 665 665 919 930
18619 1 2 665 665 919 809
18620 1 2 665 665 930 809
18621 1 2 666 666 798 919
18622 1 2 666 666 798 930
18623 1 2 666 666 798 809
18624 1 2 666 666 798 799
18625 1 2 666 666 798 920
18626 1 2 666 666 798 931
18627 1 2 666 666 798 810
18628 1 2 666 666 919 930
18629 1 2 666 666 919 809
18630 1 2 666 666 919 799
18631 1 2 666 666 919 920
18632 1 2 666 666 919 931
18633 1 2 666 666 919 810
18634 1 2 666 666 930 809
18635 1 2 666 666 930 799
18636 1 2 666 666 930 920
18637 1 2 666 666 930 931
18638 1 2 666 666 930 810
18639 1 2 666 666 809 799
18640 1 2 666 666 809 920
18641 1 2 666 666 809 931
18642 1 2 666 666 809 810
18643 1 2 666 666 799 920
18644 1 2 666 666 799 931
18645 1 2 666 666 799 810
18646 1 2 666 666 920 931
18647 1 2 666 666 920 810
18648 1 2 666 666 931 810
18649 1 2 667 667 799 920
18650 1 2 667 667 799 931
18651 1 2 667 667 799 810
18652 1 2 667 667 799 800
18653 1 2 667 667 799 921
18654 1 2 667 667 799 932
18655 1 2 667 667 799 811
18656 1 2 667 667 920 931
18657 1 2 667 667 920 810
18658 1 2 667 667 920 800
18659 1 2 667 667 920 921
18660 1 2 667 667 920 932
18661 1 2 667 667 920 811
18662 1 2 667 667 931 810
18663 1 2 667 667 931 800
18664 1 2 667 667 931 921
18665 1 2 667 667 931 932
18666 1 2 667 667 931 811
18667 1 2 667 667 810 800
18668 1 2 667 667 810 921
18669 1 2 667 667 810 932
18670 1 2 667 667 810 811
18671 1 2 667 667 800 921
18672 1 2 667 667 800 932
18673 1 2 667 667 800 811
18674 1 2 667 667 921 932
18675 1 2 667 667 921 811
18676 1 2 667 667 932 811
18677 1 2 668 668 800 921
18678 1 2 668 668 800 932
18679 1 2 668 668 800 811
18680 1 2 668 668 800 801
18681 1 2 668 668 800 922
18682 1 2 668 668 800 933
18683 1 2 668 668 800 812
18684 1 2 668 668 921 932
18685 1 2 668 668 921 811
18686 1 2 668 668 921 801
18687 1 2 668 668 921 922
18688 1 2 668 668 921 933
18689 1 2 668 668 921 812
18690 1 2 668 668 932 811
18691 1 2 668 668 932 801
18692 1 2 668 668 932 922
18693 1 2 668 668 932 933
18694 1 2 668 668 932 812
18695 1 2 668 668 811 801
18696 1 2 668 668 811 922
18697 1 2 668 668 811 933
18698 1 2 668 668 811 812
18699 1 2 668 668 801 922
18700 1 2 668 668 801 933
18701 1 2 668 668 801 812
18702 1 2 668 668 922 933
18703 1 2 668 668 922 812
18704 1 2 668 668 933 812
18705 1 2 669 669 801 922
18706 1 2 669 669 801 933
18707 1 2 669 669 801 812
18708 1 2 669 669 801 802
18709 1 2 669 669 801 923
18710 1 2 669 669 801 934
18711 1 2 669 669 801 813
18712 1 2 669 669 922 933
18713 1 2 669 669 922 812
18714 1 2 669 669 922 802
18715 1 2 669 669 922 923
18716 1 2 669 669 922 934
18717 1 2 669 669 922 813
18718 1 2 669 669 933 812
18719 1 2 669 669 933 802
18720 1 2 669 669 933 923
18721 1 2 669 669 933 934
18722 1 2 669 669 933 813
18723 1 2 669 669 812 802
18724 1 2 669 669 812 923
18725 1 2 669 669 812 934
18726 1 2 669 669 812 813
18727 1 2 669 669 802 923
18728 1 2 669 669 802 934
18729 1 2 669 669 802 813
18730 1 2 669 669 923 934
18731 1 2 669 669 923 813
18732 1 2 669 669 934 813
18733 1 2 670 670 802 923
18734 1 2 670 670 802 934
18735 1 2 670 670 802 813
18736 1 2 670 670 802 803
18737 1 2 670 670 802 924
18738 1 2 670 670 802 935
18739 1 2 670 670 802 814
18740 1 2 670 670 923 934
18741 1 2 670 670 923 813
18742 1 2 670 670 923 803
18743 1 2 670 670 923 924
18744 1 2 670 670 923 935
18745 1 2 670 670 923 814
18746 1 2 670 670 934 813
18747 1 2 670 670 934 803
18748 1 2 670 670 934 924
18749 1 2 670 670 934 935
18750 1 2 670 670 934 814
18751 1 2 670 670 813 803
18752 1 2 670 670 813 924
18753 1 2 670 670 813 935
18754 1 2 670 670 813 814
18755 1 2 670 670 803 924
18756 1 2 670 670 803 935
18757 1 2 670 670 803 814
18758 1 2 670 670 924 935
18759 1 2 670 670 924 814
18760 1 2 670 670 935 814
18761 1 2 671 671 804 925
18762 1 2 671 671 804 936
18763 1 2 671 671 804 815
18764 1 2 671 671 804 805
18765 1 2 671 671 804 926
18766 1 2 671 671 804 937
18767 1 2 671 671 804 816
18768 1 2 671 671 925 936
18769 1 2 671 671 925 815
18770 1 2 671 671 925 805
18771 1 2 671 671 925 926
18772 1 2 671 671 925 937
18773 1 2 671 671 925 816
18774 1 2 671 671 936 815
18775 1 2 671 671 936 805
18776 1 2 671 671 936 926
18777 1 2 671 671 936 937
18778 1 2 671 671 936 816
18779 1 2 671 671 815 805
18780 1 2 671 671 815 926
18781 1 2 671 671 815 937
18782 1 2 671 671 815 816
18783 1 2 671 671 805 926
18784 1 2 671 671 805 937
18785 1 2 671 671 805 816
18786 1 2 671 671 926 937
18787 1 2 671 671 926 816
18788 1 2 671 671 937 816
18789 1 2 672 672 805 926
18790 1 2 672 672 805 937
18791 1 2 672 672 805 816
18792 1 2 672 672 805 806
18793 1 2 672 672 805 927
18794 1 2 672 672 805 938
18795 1 2 672 672 805 817
18796 1 2 672 672 926 937
18797 1 2 672 672 926 816
18798 1 2 672 672 926 806
18799 1 2 672 672 926 927
18800 1 2 672 672 926 938
18801 1 2 672 672 926 817
18802 1 2 672 672 937 816
18803 1 2 672 672 937 806
18804 1 2 672 672 937 927
18805 1 2 672 672 937 938
18806 1 2 672 672 937 817
18807 1 2 672 672 816 806
18808 1 2 672 672 816 927
18809 1 2 672 672 816 938
18810 1 2 672 672 816 817
18811 1 2 672 672 806 927
18812 1 2 672 672 806 938
18813 1 2 672 672 806 817
18814 1 2 672 672 927 938
18815 1 2 672 672 927 817
18816 1 2 672 672 938 817
18817 1 2 673 673 806 927
18818 1 2 673 673 806 938
18819 1 2 673 673 806 817
18820 1 2 673 673 806 807
18821 1 2 673 673 806 928
18822 1 2 673 673 806 939
18823 1 2 673 673 806 818
18824 1 2 673 673 927 938
18825 1 2 673 673 927 817
18826 1 2 673 673 927 807
18827 1 2 673 673 927 928
18828 1 2 673 673 927 939
18829 1 2 673 673 927 818
18830 1 2 673 673 938 817
18831 1 2 673 673 938 807
18832 1 2 673 673 938 928
18833 1 2 673 673 938 939
18834 1 2 673 673 938 818
18835 1 2 673 673 817 807
18836 1 2 673 673 817 928
18837 1 2 673 673 817 939
18838 1 2 673 673 817 818
18839 1 2 673 673 807 928
18840 1 2 673 673 807 939
18841 1 2 673 673 807 818
18842 1 2 673 673 928 939
18843 1 2 673 673 928 818
18844 1 2 673 673 939 818
18845 1 2 674 674 807 928
18846 1 2 674 674 807 939
18847 1 2 674 674 807 818
18848 1 2 674 674 807 808
18849 1 2 674 674 807 929
18850 1 2 674 674 807 940
18851 1 2 674 674 807 819
18852 1 2 674 674 928 939
18853 1 2 674 674 928 818
18854 1 2 674 674 928 808
18855 1 2 674 674 928 929
18856 1 2 674 674 928 940
18857 1 2 674 674 928 819
18858 1 2 674 674 939 818
18859 1 2 674 674 939 808
18860 1 2 674 674 939 929
18861 1 2 674 674 939 940
18862 1 2 674 674 939 819
18863 1 2 674 674 818 808
18864 1 2 674 674 818 929
18865 1 2 674 674 818 940
18866 1 2 674 674 818 819
18867 1 2 674 674 808 929
18868 1 2 674 674 808 940
18869 1 2 674 674 808 819
18870 1 2 674 674 929 940
18871 1 2 674 674 929 819
18872 1 2 674 674 940 819
18873 1 2 675 675 808 929
18874 1 2 675 675 808 940
18875 1 2 675 675 808 819
18876 1 2 675 675 808 809
18877 1 2 675 675 808 930
18878 1 2 675 675 808 941
18879 1 2 675 675 808 820
18880 1 2 675 675 929 940
18881 1 2 675 675 929 819
18882 1 2 675 675 929 809
18883 1 2 675 675 929 930
18884 1 2 675 675 929 941
18885 1 2 675 675 929 820
18886 1 2 675 675 940 819
18887 1 2 675 675 940 809
18888 1 2 675 675 940 930
18889 1 2 675 675 940 941
18890 1 2 675 675 940 820
18891 1 2 675 675 819 809
18892 1 2 675 675 819 930
18893 1 2 675 675 819 941
18894 1 2 675 675 819 820
18895 1 2 675 675 809 930
18896 1 2 675 675 809 941
18897 1 2 675 675 809 820
18898 1 2 675 675 930 941
18899 1 2 675 675 930 820
18900 1 2 675 675 941 820
18901 1 2 676 676 809 930
18902 1 2 676 676 809 941
18903 1 2 676 676 809 820
18904 1 2 676 676 809 810
18905 1 2 676 676 809 931
18906 1 2 676 676 809 942
18907 1 2 676 676 809 821
18908 1 2 676 676 930 941
18909 1 2 676 676 930 820
18910 1 2 676 676 930 810
18911 1 2 676 676 930 931
18912 1 2 676 676 930 942
18913 1 2 676 676 930 821
18914 1 2 676 676 941 820
18915 1 2 676 676 941 810
18916 1 2 676 676 941 931
18917 1 2 676 676 941 942
18918 1 2 676 676 941 821
18919 1 2 676 676 820 810
18920 1 2 676 676 820 931
18921 1 2 676 676 820 942
18922 1 2 676 676 820 821
18923 1 2 676 676 810 931
18924 1 2 676 676 810 942
18925 1 2 676 676 810 821
18926 1 2 676 676 931 942
18927 1 2 676 676 931 821
18928 1 2 676 676 942 821
18929 1 2 677 677 810 931
18930 1 2 677 677 810 942
18931 1 2 677 677 810 821
18932 1 2 677 677 810 811
18933 1 2 677 677 810 932
18934 1 2 677 677 810 943
18935 1 2 677 677 810 822
18936 1 2 677 677 931 942
18937 1 2 677 677 931 821
18938 1 2 677 677 931 811
18939 1 2 677 677 931 932
18940 1 2 677 677 931 943
18941 1 2 677 677 931 822
18942 1 2 677 677 942 821
18943 1 2 677 677 942 811
18944 1 2 677 677 942 932
18945 1 2 677 677 942 943
18946 1 2 677 677 942 822
18947 1 2 677 677 821 811
18948 1 2 677 677 821 932
18949 1 2 677 677 821 943
18950 1 2 677 677 821 822
18951 1 2 677 677 811 932
18952 1 2 677 677 811 943
18953 1 2 677 677 811 822
18954 1 2 677 677 932 943
18955 1 2 677 677 932 822
18956 1 2 677 677 943 822
18957 1 2 678 678 811 932
18958 1 2 678 678 811 943
18959 1 2 678 678 811 822
18960 1 2 678 678 811 812
18961 1 2 678 678 811 933
18962 1 2 678 678 811 944
18963 1 2 678 678 811 823
18964 1 2 678 678 932 943
18965 1 2 678 678 932 822
18966 1 2 678 678 932 812
18967 1 2 678 678 932 933
18968 1 2 678 678 932 944
18969 1 2 678 678 932 823
18970 1 2 678 678 943 822
18971 1 2 678 678 943 812
18972 1 2 678 678 943 933
18973 1 2 678 678 943 944
18974 1 2 678 678 943 823
18975 1 2 678 678 822 812
18976 1 2 678 678 822 933
18977 1 2 678 678 822 944
18978 1 2 678 678 822 823
18979 1 2 678 678 812 933
18980 1 2 678 678 812 944
18981 1 2 678 678 812 823
18982 1 2 678 678 933 944
18983 1 2 678 678 933 823
18984 1 2 678 678 944 823
18985 1 2 679 679 812 933
18986 1 2 679 679 812 944
18987 1 2 679 679 812 823
18988 1 2 679 679 812 813
18989 1 2 679 679 812 934
18990 1 2 679 679 812 945
18991 1 2 679 679 812 824
18992 1 2 679 679 933 944
18993 1 2 679 679 933 823
18994 1 2 679 679 933 813
18995 1 2 679 679 933 934
18996 1 2 679 679 933 945
18997 1 2 679 679 933 824
18998 1 2 679 679 944 823
18999 1 2 679 679 944 813
19000 1 2 679 679 944 934
19001 1 2 679 679 944 945
19002 1 2 679 679 944 824
19003 1 2 679 679 823 813
19004 1 2 679 679 823 934
19005 1 2 679 679 823 945
19006 1 2 679 679 823 824
19007 1 2 679 679 813 934
19008 1 2 679 679 813 945
19009 1 2 679 679 813 824
19010 1 2 679 679 934 945
19011 1 2 679 679 934 824
19012 1 2 679 679 945 824
19013 1 2 680 680 813 934
19014 1 2 680 680 813 945
19015 1 2 680 680 813 824
19016 1 2 680 680 813 814
19017 1 2 680 680 813 935
19018 1 2 680 680 813 946
19019 1 2 680 680 813 825
19020 1 2 680 680 934 945
19021 1 2 680 680 934 824
19022 1 2 680 680 934 814
19023 1 2 680 680 934 935
19024 1 2 680 680 934 946
19025 1 2 680 680 934 825
19026 1 2 680 680 945 824
19027 1 2 680 680 945 814
19028 1 2 680 680 945 935
19029 1 2 680 680 945 946
19030 1 2 680 680 945 825
19031 1 2 680 680 824 814
19032 1 2 680 680 824 935
19033 1 2 680 680 824 946
19034 1 2 680 680 824 825
19035 1 2 680 680 814 935
19036 1 2 680 680 814 946
19037 1 2 680 680 814 825
19038 1 2 680 680 935 946
19039 1 2 680 680 935 825
19040 1 2 680 680 946 825
19041 1 2 681 681 815 936
19042 1 2 681 681 815 947
19043 1 2 681 681 815 826
19044 1 2 681 681 815 816
19045 1 2 681 681 815 937
19046 1 2 681 681 815 948
19047 1 2 681 681 815 827
19048 1 2 681 681 936 947
19049 1 2 681 681 936 826
19050 1 2 681 681 936 816
19051 1 2 681 681 936 937
19052 1 2 681 681 936 948
19053 1 2 681 681 936 827
19054 1 2 681 681 947 826
19055 1 2 681 681 947 816
19056 1 2 681 681 947 937
19057 1 2 681 681 947 948
19058 1 2 681 681 947 827
19059 1 2 681 681 826 816
19060 1 2 681 681 826 937
19061 1 2 681 681 826 948
19062 1 2 681 681 826 827
19063 1 2 681 681 816 937
19064 1 2 681 681 816 948
19065 1 2 681 681 816 827
19066 1 2 681 681 937 948
19067 1 2 681 681 937 827
19068 1 2 681 681 948 827
19069 1 2 682 682 816 937
19070 1 2 682 682 816 948
19071 1 2 682 682 816 827
19072 1 2 682 682 816 817
19073 1 2 682 682 816 938
19074 1 2 682 682 816 949
19075 1 2 682 682 816 828
19076 1 2 682 682 937 948
19077 1 2 682 682 937 827
19078 1 2 682 682 937 817
19079 1 2 682 682 937 938
19080 1 2 682 682 937 949
19081 1 2 682 682 937 828
19082 1 2 682 682 948 827
19083 1 2 682 682 948 817
19084 1 2 682 682 948 938
19085 1 2 682 682 948 949
19086 1 2 682 682 948 828
19087 1 2 682 682 827 817
19088 1 2 682 682 827 938
19089 1 2 682 682 827 949
19090 1 2 682 682 827 828
19091 1 2 682 682 817 938
19092 1 2 682 682 817 949
19093 1 2 682 682 817 828
19094 1 2 682 682 938 949
19095 1 2 682 682 938 828
19096 1 2 682 682 949 828
19097 1 2 683 683 817 938
19098 1 2 683 683 817 949
19099 1 2 683 683 817 828
19100 1 2 683 683 817 818
19101 1 2 683 683 817 939
19102 1 2 683 683 817 950
19103 1 2 683 683 817 829
19104 1 2 683 683 938 949
19105 1 2 683 683 938 828
19106 1 2 683 683 938 818
19107 1 2 683 683 938 939
19108 1 2 683 683 938 950
19109 1 2 683 683 938 829
19110 1 2 683 683 949 828
19111 1 2 683 683 949 818
19112 1 2 683 683 949 939
19113 1 2 683 683 949 950
19114 1 2 683 683 949 829
19115 1 2 683 683 828 818
19116 1 2 683 683 828 939
19117 1 2 683 683 828 950
19118 1 2 683 683 828 829
19119 1 2 683 683 818 939
19120 1 2 683 683 818 950
19121 1 2 683 683 818 829
19122 1 2 683 683 939 950
19123 1 2 683 683 939 829
19124 1 2 683 683 950 829
19125 1 2 684 684 818 939
19126 1 2 684 684 818 950
19127 1 2 684 684 818 829
19128 1 2 684 684 818 819
19129 1 2 684 684 818 940
19130 1 2 684 684 818 951
19131 1 2 684 684 818 830
19132 1 2 684 684 939 950
19133 1 2 684 684 939 829
19134 1 2 684 684 939 819
19135 1 2 684 684 939 940
19136 1 2 684 684 939 951
19137 1 2 684 684 939 830
19138 1 2 684 684 950 829
19139 1 2 684 684 950 819
19140 1 2 684 684 950 940
19141 1 2 684 684 950 951
19142 1 2 684 684 950 830
19143 1 2 684 684 829 819
19144 1 2 684 684 829 940
19145 1 2 684 684 829 951
19146 1 2 684 684 829 830
19147 1 2 684 684 819 940
19148 1 2 684 684 819 951
19149 1 2 684 684 819 830
19150 1 2 684 684 940 951
19151 1 2 684 684 940 830
19152 1 2 684 684 951 830
19153 1 2 685 685 819 940
19154 1 2 685 685 819 951
19155 1 2 685 685 819 830
19156 1 2 685 685 819 820
19157 1 2 685 685 819 941
19158 1 2 685 685 819 952
19159 1 2 685 685 819 831
19160 1 2 685 685 940 951
19161 1 2 685 685 940 830
19162 1 2 685 685 940 820
19163 1 2 685 685 940 941
19164 1 2 685 685 940 952
19165 1 2 685 685 940 831
19166 1 2 685 685 951 830
19167 1 2 685 685 951 820
19168 1 2 685 685 951 941
19169 1 2 685 685 951 952
19170 1 2 685 685 951 831
19171 1 2 685 685 830 820
19172 1 2 685 685 830 941
19173 1 2 685 685 830 952
19174 1 2 685 685 830 831
19175 1 2 685 685 820 941
19176 1 2 685 685 820 952
19177 1 2 685 685 820 831
19178 1 2 685 685 941 952
19179 1 2 685 685 941 831
19180 1 2 685 685 952 831
19181 1 2 686 686 820 941
19182 1 2 686 686 820 952
19183 1 2 686 686 820 831
19184 1 2 686 686 820 821
19185 1 2 686 686 820 942
19186 1 2 686 686 820 953
19187 1 2 686 686 820 832
19188 1 2 686 686 941 952
19189 1 2 686 686 941 831
19190 1 2 686 686 941 821
19191 1 2 686 686 941 942
19192 1 2 686 686 941 953
19193 1 2 686 686 941 832
19194 1 2 686 686 952 831
19195 1 2 686 686 952 821
19196 1 2 686 686 952 942
19197 1 2 686 686 952 953
19198 1 2 686 686 952 832
19199 1 2 686 686 831 821
19200 1 2 686 686 831 942
19201 1 2 686 686 831 953
19202 1 2 686 686 831 832
19203 1 2 686 686 821 942
19204 1 2 686 686 821 953
19205 1 2 686 686 821 832
19206 1 2 686 686 942 953
19207 1 2 686 686 942 832
19208 1 2 686 686 953 832
19209 1 2 687 687 821 942
19210 1 2 687 687 821 953
19211 1 2 687 687 821 832
19212 1 2 687 687 821 822
19213 1 2 687 687 821 943
19214 1 2 687 687 821 954
19215 1 2 687 687 821 833
19216 1 2 687 687 942 953
19217 1 2 687 687 942 832
19218 1 2 687 687 942 822
19219 1 2 687 687 942 943
19220 1 2 687 687 942 954
19221 1 2 687 687 942 833
19222 1 2 687 687 953 832
19223 1 2 687 687 953 822
19224 1 2 687 687 953 943
19225 1 2 687 687 953 954
19226 1 2 687 687 953 833
19227 1 2 687 687 832 822
19228 1 2 687 687 832 943
19229 1 2 687 687 832 954
19230 1 2 687 687 832 833
19231 1 2 687 687 822 943
19232 1 2 687 687 822 954
19233 1 2 687 687 822 833
19234 1 2 687 687 943 954
19235 1 2 687 687 943 833
19236 1 2 687 687 954 833
19237 1 2 688 688 822 943
19238 1 2 688 688 822 954
19239 1 2 688 688 822 833
19240 1 2 688 688 822 823
19241 1 2 688 688 822 944
19242 1 2 688 688 822 955
19243 1 2 688 688 822 834
19244 1 2 688 688 943 954
19245 1 2 688 688 943 833
19246 1 2 688 688 943 823
19247 1 2 688 688 943 944
19248 1 2 688 688 943 955
19249 1 2 688 688 943 834
19250 1 2 688 688 954 833
19251 1 2 688 688 954 823
19252 1 2 688 688 954 944
19253 1 2 688 688 954 955
19254 1 2 688 688 954 834
19255 1 2 688 688 833 823
19256 1 2 688 688 833 944
19257 1 2 688 688 833 955
19258 1 2 688 688 833 834
19259 1 2 688 688 823 944
19260 1 2 688 688 823 955
19261 1 2 688 688 823 834
19262 1 2 688 688 944 955
19263 1 2 688 688 944 834
19264 1 2 688 688 955 834
19265 1 2 689 689 823 944
19266 1 2 689 689 823 955
19267 1 2 689 689 823 834
19268 1 2 689 689 823 824
19269 1 2 689 689 823 945
19270 1 2 689 689 823 956
19271 1 2 689 689 823 835
19272 1 2 689 689 944 955
19273 1 2 689 689 944 834
19274 1 2 689 689 944 824
19275 1 2 689 689 944 945
19276 1 2 689 689 944 956
19277 1 2 689 689 944 835
19278 1 2 689 689 955 834
19279 1 2 689 689 955 824
19280 1 2 689 689 955 945
19281 1 2 689 689 955 956
19282 1 2 689 689 955 835
19283 1 2 689 689 834 824
19284 1 2 689 689 834 945
19285 1 2 689 689 834 956
19286 1 2 689 689 834 835
19287 1 2 689 689 824 945
19288 1 2 689 689 824 956
19289 1 2 689 689 824 835
19290 1 2 689 689 945 956
19291 1 2 689 689 945 835
19292 1 2 689 689 956 835
19293 1 2 690 690 824 945
19294 1 2 690 690 824 956
19295 1 2 690 690 824 835
19296 1 2 690 690 824 825
19297 1 2 690 690 824 946
19298 1 2 690 690 824 957
19299 1 2 690 690 824 836
19300 1 2 690 690 945 956
19301 1 2 690 690 945 835
19302 1 2 690 690 945 825
19303 1 2 690 690 945 946
19304 1 2 690 690 945 957
19305 1 2 690 690 945 836
19306 1 2 690 690 956 835
19307 1 2 690 690 956 825
19308 1 2 690 690 956 946
19309 1 2 690 690 956 957
19310 1 2 690 690 956 836
19311 1 2 690 690 835 825
19312 1 2 690 690 835 946
19313 1 2 690 690 835 957
19314 1 2 690 690 835 836
19315 1 2 690 690 825 946
19316 1 2 690 690 825 957
19317 1 2 690 690 825 836
19318 1 2 690 690 946 957
19319 1 2 690 690 946 836
19320 1 2 690 690 957 836
19321 1 2 691 691 826 947
19322 1 2 691 691 826 958
19323 1 2 691 691 826 837
19324 1 2 691 691 826 827
19325 1 2 691 691 826 948
19326 1 2 691 691 826 959
19327 1 2 691 691 826 838
19328 1 2 691 691 947 958
19329 1 2 691 691 947 837
19330 1 2 691 691 947 827
19331 1 2 691 691 947 948
19332 1 2 691 691 947 959
19333 1 2 691 691 947 838
19334 1 2 691 691 958 837
19335 1 2 691 691 958 827
19336 1 2 691 691 958 948
19337 1 2 691 691 958 959
19338 1 2 691 691 958 838
19339 1 2 691 691 837 827
19340 1 2 691 691 837 948
19341 1 2 691 691 837 959
19342 1 2 691 691 837 838
19343 1 2 691 691 827 948
19344 1 2 691 691 827 959
19345 1 2 691 691 827 838
19346 1 2 691 691 948 959
19347 1 2 691 691 948 838
19348 1 2 691 691 959 838
19349 1 2 692 692 827 948
19350 1 2 692 692 827 959
19351 1 2 692 692 827 838
19352 1 2 692 692 827 828
19353 1 2 692 692 827 949
19354 1 2 692 692 827 960
19355 1 2 692 692 827 839
19356 1 2 692 692 948 959
19357 1 2 692 692 948 838
19358 1 2 692 692 948 828
19359 1 2 692 692 948 949
19360 1 2 692 692 948 960
19361 1 2 692 692 948 839
19362 1 2 692 692 959 838
19363 1 2 692 692 959 828
19364 1 2 692 692 959 949
19365 1 2 692 692 959 960
19366 1 2 692 692 959 839
19367 1 2 692 692 838 828
19368 1 2 692 692 838 949
19369 1 2 692 692 838 960
19370 1 2 692 692 838 839
19371 1 2 692 692 828 949
19372 1 2 692 692 828 960
19373 1 2 692 692 828 839
19374 1 2 692 692 949 960
19375 1 2 692 692 949 839
19376 1 2 692 692 960 839
19377 1 2 693 693 828 949
19378 1 2 693 693 828 960
19379 1 2 693 693 828 839
19380 1 2 693 693 828 829
19381 1 2 693 693 828 950
19382 1 2 693 693 828 961
19383 1 2 693 693 828 840
19384 1 2 693 693 949 960
19385 1 2 693 693 949 839
19386 1 2 693 693 949 829
19387 1 2 693 693 949 950
19388 1 2 693 693 949 961
19389 1 2 693 693 949 840
19390 1 2 693 693 960 839
19391 1 2 693 693 960 829
19392 1 2 693 693 960 950
19393 1 2 693 693 960 961
19394 1 2 693 693 960 840
19395 1 2 693 693 839 829
19396 1 2 693 693 839 950
19397 1 2 693 693 839 961
19398 1 2 693 693 839 840
19399 1 2 693 693 829 950
19400 1 2 693 693 829 961
19401 1 2 693 693 829 840
19402 1 2 693 693 950 961
19403 1 2 693 693 950 840
19404 1 2 693 693 961 840
19405 1 2 694 694 829 950
19406 1 2 694 694 829 961
19407 1 2 694 694 829 840
19408 1 2 694 694 829 830
19409 1 2 694 694 829 951
19410 1 2 694 694 829 962
19411 1 2 694 694 829 841
19412 1 2 694 694 950 961
19413 1 2 694 694 950 840
19414 1 2 694 694 950 830
19415 1 2 694 694 950 951
19416 1 2 694 694 950 962
19417 1 2 694 694 950 841
19418 1 2 694 694 961 840
19419 1 2 694 694 961 830
19420 1 2 694 694 961 951
19421 1 2 694 694 961 962
19422 1 2 694 694 961 841
19423 1 2 694 694 840 830
19424 1 2 694 694 840 951
19425 1 2 694 694 840 962
19426 1 2 694 694 840 841
19427 1 2 694 694 830 951
19428 1 2 694 694 830 962
19429 1 2 694 694 830 841
19430 1 2 694 694 951 962
19431 1 2 694 694 951 841
19432 1 2 694 694 962 841
19433 1 2 695 695 830 951
19434 1 2 695 695 830 962
19435 1 2 695 695 830 841
19436 1 2 695 695 830 831
19437 1 2 695 695 830 952
19438 1 2 695 695 830 963
19439 1 2 695 695 830 842
19440 1 2 695 695 951 962
19441 1 2 695 695 951 841
19442 1 2 695 695 951 831
19443 1 2 695 695 951 952
19444 1 2 695 695 951 963
19445 1 2 695 695 951 842
19446 1 2 695 695 962 841
19447 1 2 695 695 962 831
19448 1 2 695 695 962 952
19449 1 2 695 695 962 963
19450 1 2 695 695 962 842
19451 1 2 695 695 841 831
19452 1 2 695 695 841 952
19453 1 2 695 695 841 963
19454 1 2 695 695 841 842
19455 1 2 695 695 831 952
19456 1 2 695 695 831 963
19457 1 2 695 695 831 842
19458 1 2 695 695 952 963
19459 1 2 695 695 952 842
19460 1 2 695 695 963 842
19461 1 2 696 696 831 952
19462 1 2 696 696 831 963
19463 1 2 696 696 831 842
19464 1 2 696 696 831 832
19465 1 2 696 696 831 953
19466 1 2 696 696 831 964
19467 1 2 696 696 831 843
19468 1 2 696 696 952 963
19469 1 2 696 696 952 842
19470 1 2 696 696 952 832
19471 1 2 696 696 952 953
19472 1 2 696 696 952 964
19473 1 2 696 696 952 843
19474 1 2 696 696 963 842
19475 1 2 696 696 963 832
19476 1 2 696 696 963 953
19477 1 2 696 696 963 964
19478 1 2 696 696 963 843
19479 1 2 696 696 842 832
19480 1 2 696 696 842 953
19481 1 2 696 696 842 964
19482 1 2 696 696 842 843
19483 1 2 696 696 832 953
19484 1 2 696 696 832 964
19485 1 2 696 696 832 843
19486 1 2 696 696 953 964
19487 1 2 696 696 953 843
19488 1 2 696 696 964 843
19489 1 2 697 697 832 953
19490 1 2 697 697 832 964
19491 1 2 697 697 832 843
19492 1 2 697 697 832 833
19493 1 2 697 697 832 954
19494 1 2 697 697 832 965
19495 1 2 697 697 832 844
19496 1 2 697 697 953 964
19497 1 2 697 697 953 843
19498 1 2 697 697 953 833
19499 1 2 697 697 953 954
19500 1 2 697 697 953 965
19501 1 2 697 697 953 844
19502 1 2 697 697 964 843
19503 1 2 697 697 964 833
19504 1 2 697 697 964 954
19505 1 2 697 697 964 965
19506 1 2 697 697 964 844
19507 1 2 697 697 843 833
19508 1 2 697 697 843 954
19509 1 2 697 697 843 965
19510 1 2 697 697 843 844
19511 1 2 697 697 833 954
19512 1 2 697 697 833 965
19513 1 2 697 697 833 844
19514 1 2 697 697 954 965
19515 1 2 697 697 954 844
19516 1 2 697 697 965 844
19517 1 2 698 698 833 954
19518 1 2 698 698 833 965
19519 1 2 698 698 833 844
19520 1 2 698 698 833 834
19521 1 2 698 698 833 955
19522 1 2 698 698 833 966
19523 1 2 698 698 833 845
19524 1 2 698 698 954 965
19525 1 2 698 698 954 844
19526 1 2 698 698 954 834
19527 1 2 698 698 954 955
19528 1 2 698 698 954 966
19529 1 2 698 698 954 845
19530 1 2 698 698 965 844
19531 1 2 698 698 965 834
19532 1 2 698 698 965 955
19533 1 2 698 698 965 966
19534 1 2 698 698 965 845
19535 1 2 698 698 844 834
19536 1 2 698 698 844 955
19537 1 2 698 698 844 966
19538 1 2 698 698 844 845
19539 1 2 698 698 834 955
19540 1 2 698 698 834 966
19541 1 2 698 698 834 845
19542 1 2 698 698 955 966
19543 1 2 698 698 955 845
19544 1 2 698 698 966 845
19545 1 2 699 699 834 955
19546 1 2 699 699 834 966
19547 1 2 699 699 834 845
19548 1 2 699 699 834 835
19549 1 2 699 699 834 956
19550 1 2 699 699 834 967
19551 1 2 699 699 834 846
19552 1 2 699 699 955 966
19553 1 2 699 699 955 845
19554 1 2 699 699 955 835
19555 1 2 699 699 955 956
19556 1 2 699 699 955 967
19557 1 2 699 699 955 846
19558 1 2 699 699 966 845
19559 1 2 699 699 966 835
19560 1 2 699 699 966 956
19561 1 2 699 699 966 967
19562 1 2 699 699 966 846
19563 1 2 699 699 845 835
19564 1 2 699 699 845 956
19565 1 2 699 699 845 967
19566 1 2 699 699 845 846
19567 1 2 699 699 835 956
19568 1 2 699 699 835 967
19569 1 2 699 699 835 846
19570 1 2 699 699 956 967
19571 1 2 699 699 956 846
19572 1 2 699 699 967 846
19573 1 2 700 700 835 956
19574 1 2 700 700 835 967
19575 1 2 700 700 835 846
19576 1 2 700 700 835 836
19577 1 2 700 700 835 957
19578 1 2 700 700 835 968
19579 1 2 700 700 835 847
19580 1 2 700 700 956 967
19581 1 2 700 700 956 846
19582 1 2 700 700 956 836
19583 1 2 700 700 956 957
19584 1 2 700 700 956 968
19585 1 2 700 700 956 847
19586 1 2 700 700 967 846
19587 1 2 700 700 967 836
19588 1 2 700 700 967 957
19589 1 2 700 700 967 968
19590 1 2 700 700 967 847
19591 1 2 700 700 846 836
19592 1 2 700 700 846 957
19593 1 2 700 700 846 968
19594 1 2 700 700 846 847
19595 1 2 700 700 836 957
19596 1 2 700 700 836 968
19597 1 2 700 700 836 847
19598 1 2 700 700 957 968
19599 1 2 700 700 957 847
19600 1 2 700 700 968 847
19601 1 2 701 701 848 969
19602 1 2 701 701 848 980
19603 1 2 701 701 848 859
19604 1 2 701 701 848 849
19605 1 2 701 701 848 970
19606 1 2 701 701 848 981
19607 1 2 701 701 848 860
19608 1 2 701 701 969 980
19609 1 2 701 701 969 859
19610 1 2 701 701 969 849
19611 1 2 701 701 969 970
19612 1 2 701 701 969 981
19613 1 2 701 701 969 860
19614 1 2 701 701 980 859
19615 1 2 701 701 980 849
19616 1 2 701 701 980 970
19617 1 2 701 701 980 981
19618 1 2 701 701 980 860
19619 1 2 701 701 859 849
19620 1 2 701 701 859 970
19621 1 2 701 701 859 981
19622 1 2 701 701 859 860
19623 1 2 701 701 849 970
19624 1 2 701 701 849 981
19625 1 2 701 701 849 860
19626 1 2 701 701 970 981
19627 1 2 701 701 970 860
19628 1 2 701 701 981 860
19629 1 2 702 702 849 970
19630 1 2 702 702 849 981
19631 1 2 702 702 849 860
19632 1 2 702 702 849 850
19633 1 2 702 702 849 971
19634 1 2 702 702 849 982
19635 1 2 702 702 849 861
19636 1 2 702 702 970 981
19637 1 2 702 702 970 860
19638 1 2 702 702 970 850
19639 1 2 702 702 970 971
19640 1 2 702 702 970 982
19641 1 2 702 702 970 861
19642 1 2 702 702 981 860
19643 1 2 702 702 981 850
19644 1 2 702 702 981 971
19645 1 2 702 702 981 982
19646 1 2 702 702 981 861
19647 1 2 702 702 860 850
19648 1 2 702 702 860 971
19649 1 2 702 702 860 982
19650 1 2 702 702 860 861
19651 1 2 702 702 850 971
19652 1 2 702 702 850 982
19653 1 2 702 702 850 861
19654 1 2 702 702 971 982
19655 1 2 702 702 971 861
19656 1 2 702 702 982 861
19657 1 2 703 703 850 971
19658 1 2 703 703 850 982
19659 1 2 703 703 850 861
19660 1 2 703 703 850 851
19661 1 2 703 703 850 972
19662 1 2 703 703 850 983
19663 1 2 703 703 850 862
19664 1 2 703 703 971 982
19665 1 2 703 703 971 861
19666 1 2 703 703 971 851
19667 1 2 703 703 971 972
19668 1 2 703 703 971 983
19669 1 2 703 703 971 862
19670 1 2 703 703 982 861
19671 1 2 703 703 982 851
19672 1 2 703 703 982 972
19673 1 2 703 703 982 983
19674 1 2 703 703 982 862
19675 1 2 703 703 861 851
19676 1 2 703 703 861 972
19677 1 2 703 703 861 983
19678 1 2 703 703 861 862
19679 1 2 703 703 851 972
19680 1 2 703 703 851 983
19681 1 2 703 703 851 862
19682 1 2 703 703 972 983
19683 1 2 703 703 972 862
19684 1 2 703 703 983 862
19685 1 2 704 704 851 972
19686 1 2 704 704 851 983
19687 1 2 704 704 851 862
19688 1 2 704 704 851 852
19689 1 2 704 704 851 973
19690 1 2 704 704 851 984
19691 1 2 704 704 851 863
19692 1 2 704 704 972 983
19693 1 2 704 704 972 862
19694 1 2 704 704 972 852
19695 1 2 704 704 972 973
19696 1 2 704 704 972 984
19697 1 2 704 704 972 863
19698 1 2 704 704 983 862
19699 1 2 704 704 983 852
19700 1 2 704 704 983 973
19701 1 2 704 704 983 984
19702 1 2 704 704 983 863
19703 1 2 704 704 862 852
19704 1 2 704 704 862 973
19705 1 2 704 704 862 984
19706 1 2 704 704 862 863
19707 1 2 704 704 852 973
19708 1 2 704 704 852 984
19709 1 2 704 704 852 863
19710 1 2 704 704 973 984
19711 1 2 704 704 973 863
19712 1 2 704 704 984 863
19713 1 2 705 705 852 973
19714 1 2 705 705 852 984
19715 1 2 705 705 852 863
19716 1 2 705 705 852 853
19717 1 2 705 705 852 974
19718 1 2 705 705 852 985
19719 1 2 705 705 852 864
19720 1 2 705 705 973 984
19721 1 2 705 705 973 863
19722 1 2 705 705 973 853
19723 1 2 705 705 973 974
19724 1 2 705 705 973 985
19725 1 2 705 705 973 864
19726 1 2 705 705 984 863
19727 1 2 705 705 984 853
19728 1 2 705 705 984 974
19729 1 2 705 705 984 985
19730 1 2 705 705 984 864
19731 1 2 705 705 863 853
19732 1 2 705 705 863 974
19733 1 2 705 705 863 985
19734 1 2 705 705 863 864
19735 1 2 705 705 853 974
19736 1 2 705 705 853 985
19737 1 2 705 705 853 864
19738 1 2 705 705 974 985
19739 1 2 705 705 974 864
19740 1 2 705 705 985 864
19741 1 2 706 706 853 974
19742 1 2 706 706 853 985
19743 1 2 706 706 853 864
19744 1 2 706 706 853 854
19745 1 2 706 706 853 975
19746 1 2 706 706 853 986
19747 1 2 706 706 853 865
19748 1 2 706 706 974 985
19749 1 2 706 706 974 864
19750 1 2 706 706 974 854
19751 1 2 706 706 974 975
19752 1 2 706 706 974 986
19753 1 2 706 706 974 865
19754 1 2 706 706 985 864
19755 1 2 706 706 985 854
19756 1 2 706 706 985 975
19757 1 2 706 706 985 986
19758 1 2 706 706 985 865
19759 1 2 706 706 864 854
19760 1 2 706 706 864 975
19761 1 2 706 706 864 986
19762 1 2 706 706 864 865
19763 1 2 706 706 854 975
19764 1 2 706 706 854 986
19765 1 2 706 706 854 865
19766 1 2 706 706 975 986
19767 1 2 706 706 975 865
19768 1 2 706 706 986 865
19769 1 2 707 707 854 975
19770 1 2 707 707 854 986
19771 1 2 707 707 854 865
19772 1 2 707 707 854 855
19773 1 2 707 707 854 976
19774 1 2 707 707 854 987
19775 1 2 707 707 854 866
19776 1 2 707 707 975 986
19777 1 2 707 707 975 865
19778 1 2 707 707 975 855
19779 1 2 707 707 975 976
19780 1 2 707 707 975 987
19781 1 2 707 707 975 866
19782 1 2 707 707 986 865
19783 1 2 707 707 986 855
19784 1 2 707 707 986 976
19785 1 2 707 707 986 987
19786 1 2 707 707 986 866
19787 1 2 707 707 865 855
19788 1 2 707 707 865 976
19789 1 2 707 707 865 987
19790 1 2 707 707 865 866
19791 1 2 707 707 855 976
19792 1 2 707 707 855 987
19793 1 2 707 707 855 866
19794 1 2 707 707 976 987
19795 1 2 707 707 976 866
19796 1 2 707 707 987 866
19797 1 2 708 708 855 976
19798 1 2 708 708 855 987
19799 1 2 708 708 855 866
19800 1 2 708 708 855 856
19801 1 2 708 708 855 977
19802 1 2 708 708 855 988
19803 1 2 708 708 855 867
19804 1 2 708 708 976 987
19805 1 2 708 708 976 866
19806 1 2 708 708 976 856
19807 1 2 708 708 976 977
19808 1 2 708 708 976 988
19809 1 2 708 708 976 867
19810 1 2 708 708 987 866
19811 1 2 708 708 987 856
19812 1 2 708 708 987 977
19813 1 2 708 708 987 988
19814 1 2 708 708 987 867
19815 1 2 708 708 866 856
19816 1 2 708 708 866 977
19817 1 2 708 708 866 988
19818 1 2 708 708 866 867
19819 1 2 708 708 856 977
19820 1 2 708 708 856 988
19821 1 2 708 708 856 867
19822 1 2 708 708 977 988
19823 1 2 708 708 977 867
19824 1 2 708 708 988 867
19825 1 2 709 709 856 977
19826 1 2 709 709 856 988
19827 1 2 709 709 856 867
19828 1 2 709 709 856 857
19829 1 2 709 709 856 978
19830 1 2 709 709 856 989
19831 1 2 709 709 856 868
19832 1 2 709 709 977 988
19833 1 2 709 709 977 867
19834 1 2 709 709 977 857
19835 1 2 709 709 977 978
19836 1 2 709 709 977 989
19837 1 2 709 709 977 868
19838 1 2 709 709 988 867
19839 1 2 709 709 988 857
19840 1 2 709 709 988 978
19841 1 2 709 709 988 989
19842 1 2 709 709 988 868
19843 1 2 709 709 867 857
19844 1 2 709 709 867 978
19845 1 2 709 709 867 989
19846 1 2 709 709 867 868
19847 1 2 709 709 857 978
19848 1 2 709 709 857 989
19849 1 2 709 709 857 868
19850 1 2 709 709 978 989
19851 1 2 709 709 978 868
19852 1 2 709 709 989 868
19853 1 2 710 710 857 978
19854 1 2 710 710 857 989
19855 1 2 710 710 857 868
19856 1 2 710 710 857 858
19857 1 2 710 710 857 979
19858 1 2 710 710 857 990
19859 1 2 710 710 857 869
19860 1 2 710 710 978 989
19861 1 2 710 710 978 868
19862 1 2 710 710 978 858
19863 1 2 710 710 978 979
19864 1 2 710 710 978 990
19865 1 2 710 710 978 869
19866 1 2 710 710 989 868
19867 1 2 710 710 989 858
19868 1 2 710 710 989 979
19869 1 2 710 710 989 990
19870 1 2 710 710 989 869
19871 1 2 710 710 868 858
19872 1 2 710 710 868 979
19873 1 2 710 710 868 990
19874 1 2 710 710 868 869
19875 1 2 710 710 858 979
19876 1 2 710 710 858 990
19877 1 2 710 710 858 869
19878 1 2 710 710 979 990
19879 1 2 710 710 979 869
19880 1 2 710 710 990 869
19881 1 2 711 711 859 980
19882 1 2 711 711 859 991
19883 1 2 711 711 859 870
19884 1 2 711 711 859 860
19885 1 2 711 711 859 981
19886 1 2 711 711 859 992
19887 1 2 711 711 859 871
19888 1 2 711 711 980 991
19889 1 2 711 711 980 870
19890 1 2 711 711 980 860
19891 1 2 711 711 980 981
19892 1 2 711 711 980 992
19893 1 2 711 711 980 871
19894 1 2 711 711 991 870
19895 1 2 711 711 991 860
19896 1 2 711 711 991 981
19897 1 2 711 711 991 992
19898 1 2 711 711 991 871
19899 1 2 711 711 870 860
19900 1 2 711 711 870 981
19901 1 2 711 711 870 992
19902 1 2 711 711 870 871
19903 1 2 711 711 860 981
19904 1 2 711 711 860 992
19905 1 2 711 711 860 871
19906 1 2 711 711 981 992
19907 1 2 711 711 981 871
19908 1 2 711 711 992 871
19909 1 2 712 712 860 981
19910 1 2 712 712 860 992
19911 1 2 712 712 860 871
19912 1 2 712 712 860 861
19913 1 2 712 712 860 982
19914 1 2 712 712 860 993
19915 1 2 712 712 860 872
19916 1 2 712 712 981 992
19917 1 2 712 712 981 871
19918 1 2 712 712 981 861
19919 1 2 712 712 981 982
19920 1 2 712 712 981 993
19921 1 2 712 712 981 872
19922 1 2 712 712 992 871
19923 1 2 712 712 992 861
19924 1 2 712 712 992 982
19925 1 2 712 712 992 993
19926 1 2 712 712 992 872
19927 1 2 712 712 871 861
19928 1 2 712 712 871 982
19929 1 2 712 712 871 993
19930 1 2 712 712 871 872
19931 1 2 712 712 861 982
19932 1 2 712 712 861 993
19933 1 2 712 712 861 872
19934 1 2 712 712 982 993
19935 1 2 712 712 982 872
19936 1 2 712 712 993 872
19937 1 2 713 713 861 982
19938 1 2 713 713 861 993
19939 1 2 713 713 861 872
19940 1 2 713 713 861 862
19941 1 2 713 713 861 983
19942 1 2 713 713 861 994
19943 1 2 713 713 861 873
19944 1 2 713 713 982 993
19945 1 2 713 713 982 872
19946 1 2 713 713 982 862
19947 1 2 713 713 982 983
19948 1 2 713 713 982 994
19949 1 2 713 713 982 873
19950 1 2 713 713 993 872
19951 1 2 713 713 993 862
19952 1 2 713 713 993 983
19953 1 2 713 713 993 994
19954 1 2 713 713 993 873
19955 1 2 713 713 872 862
19956 1 2 713 713 872 983
19957 1 2 713 713 872 994
19958 1 2 713 713 872 873
19959 1 2 713 713 862 983
19960 1 2 713 713 862 994
19961 1 2 713 713 862 873
19962 1 2 713 713 983 994
19963 1 2 713 713 983 873
19964 1 2 713 713 994 873
19965 1 2 714 714 862 983
19966 1 2 714 714 862 994
19967 1 2 714 714 862 873
19968 1 2 714 714 862 863
19969 1 2 714 714 862 984
19970 1 2 714 714 862 995
19971 1 2 714 714 862 874
19972 1 2 714 714 983 994
19973 1 2 714 714 983 873
19974 1 2 714 714 983 863
19975 1 2 714 714 983 984
19976 1 2 714 714 983 995
19977 1 2 714 714 983 874
19978 1 2 714 714 994 873
19979 1 2 714 714 994 863
19980 1 2 714 714 994 984
19981 1 2 714 714 994 995
19982 1 2 714 714 994 874
19983 1 2 714 714 873 863
19984 1 2 714 714 873 984
19985 1 2 714 714 873 995
19986 1 2 714 714 873 874
19987 1 2 714 714 863 984
19988 1 2 714 714 863 995
19989 1 2 714 714 863 874
19990 1 2 714 714 984 995
19991 1 2 714 714 984 874
19992 1 2 714 714 995 874
19993 1 2 715 715 863 984
19994 1 2 715 715 863 995
19995 1 2 715 715 863 874
19996 1 2 715 715 863 864
19997 1 2 715 715 863 985
19998 1 2 715 715 863 996
19999 1 2 715 715 863 875
20000 1 2 715 715 984 995
20001 1 2 715 715 984 874
20002 1 2 715 715 984 864
20003 1 2 715 715 984 985
20004 1 2 715 715 984 996
20005 1 2 715 715 984 875
20006 1 2 715 715 995 874
20007 1 2 715 715 995 864
20008 1 2 715 715 995 985
20009 1 2 715 715 995 996
20010 1 2 715 715 995 875
20011 1 2 715 715 874 864
20012 1 2 715 715 874 985
20013 1 2 715 715 874 996
20014 1 2 715 715 874 875
20015 1 2 715 715 864 985
20016 1 2 715 715 864 996
20017 1 2 715 715 864 875
20018 1 2 715 715 985 996
20019 1 2 715 715 985 875
20020 1 2 715 715 996 875
20021 1 2 716 716 864 985
20022 1 2 716 716 864 996
20023 1 2 716 716 864 875
20024 1 2 716 716 864 865
20025 1 2 716 716 864 986
20026 1 2 716 716 864 997
20027 1 2 716 716 864 876
20028 1 2 716 716 985 996
20029 1 2 716 716 985 875
20030 1 2 716 716 985 865
20031 1 2 716 716 985 986
20032 1 2 716 716 985 997
20033 1 2 716 716 985 876
20034 1 2 716 716 996 875
20035 1 2 716 716 996 865
20036 1 2 716 716 996 986
20037 1 2 716 716 996 997
20038 1 2 716 716 996 876
20039 1 2 716 716 875 865
20040 1 2 716 716 875 986
20041 1 2 716 716 875 997
20042 1 2 716 716 875 876
20043 1 2 716 716 865 986
20044 1 2 716 716 865 997
20045 1 2 716 716 865 876
20046 1 2 716 716 986 997
20047 1 2 716 716 986 876
20048 1 2 716 716 997 876
20049 1 2 717 717 865 986
20050 1 2 717 717 865 997
20051 1 2 717 717 865 876
20052 1 2 717 717 865 866
20053 1 2 717 717 865 987
20054 1 2 717 717 865 998
20055 1 2 717 717 865 877
20056 1 2 717 717 986 997
20057 1 2 717 717 986 876
20058 1 2 717 717 986 866
20059 1 2 717 717 986 987
20060 1 2 717 717 986 998
20061 1 2 717 717 986 877
20062 1 2 717 717 997 876
20063 1 2 717 717 997 866
20064 1 2 717 717 997 987
20065 1 2 717 717 997 998
20066 1 2 717 717 997 877
20067 1 2 717 717 876 866
20068 1 2 717 717 876 987
20069 1 2 717 717 876 998
20070 1 2 717 717 876 877
20071 1 2 717 717 866 987
20072 1 2 717 717 866 998
20073 1 2 717 717 866 877
20074 1 2 717 717 987 998
20075 1 2 717 717 987 877
20076 1 2 717 717 998 877
20077 1 2 718 718 866 987
20078 1 2 718 718 866 998
20079 1 2 718 718 866 877
20080 1 2 718 718 866 867
20081 1 2 718 718 866 988
20082 1 2 718 718 866 999
20083 1 2 718 718 866 878
20084 1 2 718 718 987 998
20085 1 2 718 718 987 877
20086 1 2 718 718 987 867
20087 1 2 718 718 987 988
20088 1 2 718 718 987 999
20089 1 2 718 718 987 878
20090 1 2 718 718 998 877
20091 1 2 718 718 998 867
20092 1 2 718 718 998 988
20093 1 2 718 718 998 999
20094 1 2 718 718 998 878
20095 1 2 718 718 877 867
20096 1 2 718 718 877 988
20097 1 2 718 718 877 999
20098 1 2 718 718 877 878
20099 1 2 718 718 867 988
20100 1 2 718 718 867 999
20101 1 2 718 718 867 878
20102 1 2 718 718 988 999
20103 1 2 718 718 988 878
20104 1 2 718 718 999 878
20105 1 2 719 719 867 988
20106 1 2 719 719 867 999
20107 1 2 719 719 867 878
20108 1 2 719 719 867 868
20109 1 2 719 719 867 989
20110 1 2 719 719 867 1000
20111 1 2 719 719 867 879
20112 1 2 719 719 988 999
20113 1 2 719 719 988 878
20114 1 2 719 719 988 868
20115 1 2 719 719 988 989
20116 1 2 719 719 988 1000
20117 1 2 719 719 988 879
20118 1 2 719 719 999 878
20119 1 2 719 719 999 868
20120 1 2 719 719 999 989
20121 1 2 719 719 999 1000
20122 1 2 719 719 999 879
20123 1 2 719 719 878 868
20124 1 2 719 719 878 989
20125 1 2 719 719 878 1000
20126 1 2 719 719 878 879
20127 1 2 719 719 868 989
20128 1 2 719 719 868 1000
20129 1 2 719 719 868 879
20130 1 2 719 719 989 1000
20131 1 2 719 719 989 879
20132 1 2 719 719 1000 879
20133 1 2 720 720 868 989
20134 1 2 720 720 868 1000
20135 1 2 720 720 868 879
20136 1 2 720 720 868 869
20137 1 2 720 720 868 990
20138 1 2 720 720 868 1001
20139 1 2 720 720 868 880
20140 1 2 720 720 989 1000
20141 1 2 720 720 989 879
20142 1 2 720 720 989 869
20143 1 2 720 720 989 990
20144 1 2 720 720 989 1001
20145 1 2 720 720 989 880
20146 1 2 720 720 1000 879
20147 1 2 720 720 1000 869
20148 1 2 720 720 1000 990
20149 1 2 720 720 1000 1001
20150 1 2 720 720 1000 880
20151 1 2 720 720 879 869
20152 1 2 720 720 879 990
20153 1 2 720 720 879 1001
20154 1 2 720 720 879 880
20155 1 2 720 720 869 990
20156 1 2 720 720 869 1001
20157 1 2 720 720 869 880
20158 1 2 720 720 990 1001
20159 1 2 720 720 990 880
20160 1 2 720 720 1001 880
20161 1 2 721 721 870 991
20162 1 2 721 721 870 1002
20163 1 2 721 721 870 881
20164 1 2 721 721 870 871
20165 1 2 721 721 870 992
20166 1 2 721 721 870 1003
20167 1 2 721 721 870 882
20168 1 2 721 721 991 1002
20169 1 2 721 721 991 881
20170 1 2 721 721 991 871
20171 1 2 721 721 991 992
20172 1 2 721 721 991 1003
20173 1 2 721 721 991 882
20174 1 2 721 721 1002 881
20175 1 2 721 721 1002 871
20176 1 2 721 721 1002 992
20177 1 2 721 721 1002 1003
20178 1 2 721 721 1002 882
20179 1 2 721 721 881 871
20180 1 2 721 721 881 992
20181 1 2 721 721 881 1003
20182 1 2 721 721 881 882
20183 1 2 721 721 871 992
20184 1 2 721 721 871 1003
20185 1 2 721 721 871 882
20186 1 2 721 721 992 1003
20187 1 2 721 721 992 882
20188 1 2 721 721 1003 882
20189 1 2 722 722 871 992
20190 1 2 722 722 871 1003
20191 1 2 722 722 871 882
20192 1 2 722 722 871 872
20193 1 2 722 722 871 993
20194 1 2 722 722 871 1004
20195 1 2 722 722 871 883
20196 1 2 722 722 992 1003
20197 1 2 722 722 992 882
20198 1 2 722 722 992 872
20199 1 2 722 722 992 993
20200 1 2 722 722 992 1004
20201 1 2 722 722 992 883
20202 1 2 722 722 1003 882
20203 1 2 722 722 1003 872
20204 1 2 722 722 1003 993
20205 1 2 722 722 1003 1004
20206 1 2 722 722 1003 883
20207 1 2 722 722 882 872
20208 1 2 722 722 882 993
20209 1 2 722 722 882 1004
20210 1 2 722 722 882 883
20211 1 2 722 722 872 993
20212 1 2 722 722 872 1004
20213 1 2 722 722 872 883
20214 1 2 722 722 993 1004
20215 1 2 722 722 993 883
20216 1 2 722 722 1004 883
20217 1 2 723 723 872 993
20218 1 2 723 723 872 1004
20219 1 2 723 723 872 883
20220 1 2 723 723 872 873
20221 1 2 723 723 872 994
20222 1 2 723 723 872 1005
20223 1 2 723 723 872 884
20224 1 2 723 723 993 1004
20225 1 2 723 723 993 883
20226 1 2 723 723 993 873
20227 1 2 723 723 993 994
20228 1 2 723 723 993 1005
20229 1 2 723 723 993 884
20230 1 2 723 723 1004 883
20231 1 2 723 723 1004 873
20232 1 2 723 723 1004 994
20233 1 2 723 723 1004 1005
20234 1 2 723 723 1004 884
20235 1 2 723 723 883 873
20236 1 2 723 723 883 994
20237 1 2 723 723 883 1005
20238 1 2 723 723 883 884
20239 1 2 723 723 873 994
20240 1 2 723 723 873 1005
20241 1 2 723 723 873 884
20242 1 2 723 723 994 1005
20243 1 2 723 723 994 884
20244 1 2 723 723 1005 884
20245 1 2 724 724 873 994
20246 1 2 724 724 873 1005
20247 1 2 724 724 873 884
20248 1 2 724 724 873 874
20249 1 2 724 724 873 995
20250 1 2 724 724 873 1006
20251 1 2 724 724 873 885
20252 1 2 724 724 994 1005
20253 1 2 724 724 994 884
20254 1 2 724 724 994 874
20255 1 2 724 724 994 995
20256 1 2 724 724 994 1006
20257 1 2 724 724 994 885
20258 1 2 724 724 1005 884
20259 1 2 724 724 1005 874
20260 1 2 724 724 1005 995
20261 1 2 724 724 1005 1006
20262 1 2 724 724 1005 885
20263 1 2 724 724 884 874
20264 1 2 724 724 884 995
20265 1 2 724 724 884 1006
20266 1 2 724 724 884 885
20267 1 2 724 724 874 995
20268 1 2 724 724 874 1006
20269 1 2 724 724 874 885
20270 1 2 724 724 995 1006
20271 1 2 724 724 995 885
20272 1 2 724 724 1006 885
20273 1 2 725 725 874 995
20274 1 2 725 725 874 1006
20275 1 2 725 725 874 885
20276 1 2 725 725 874 875
20277 1 2 725 725 874 996
20278 1 2 725 725 874 1007
20279 1 2 725 725 874 886
20280 1 2 725 725 995 1006
20281 1 2 725 725 995 885
20282 1 2 725 725 995 875
20283 1 2 725 725 995 996
20284 1 2 725 725 995 1007
20285 1 2 725 725 995 886
20286 1 2 725 725 1006 885
20287 1 2 725 725 1006 875
20288 1 2 725 725 1006 996
20289 1 2 725 725 1006 1007
20290 1 2 725 725 1006 886
20291 1 2 725 725 885 875
20292 1 2 725 725 885 996
20293 1 2 725 725 885 1007
20294 1 2 725 725 885 886
20295 1 2 725 725 875 996
20296 1 2 725 725 875 1007
20297 1 2 725 725 875 886
20298 1 2 725 725 996 1007
20299 1 2 725 725 996 886
20300 1 2 725 725 1007 886
20301 1 2 726 726 875 996
20302 1 2 726 726 875 1007
20303 1 2 726 726 875 886
20304 1 2 726 726 875 876
20305 1 2 726 726 875 997
20306 1 2 726 726 875 1008
20307 1 2 726 726 875 887
20308 1 2 726 726 996 1007
20309 1 2 726 726 996 886
20310 1 2 726 726 996 876
20311 1 2 726 726 996 997
20312 1 2 726 726 996 1008
20313 1 2 726 726 996 887
20314 1 2 726 726 1007 886
20315 1 2 726 726 1007 876
20316 1 2 726 726 1007 997
20317 1 2 726 726 1007 1008
20318 1 2 726 726 1007 887
20319 1 2 726 726 886 876
20320 1 2 726 726 886 997
20321 1 2 726 726 886 1008
20322 1 2 726 726 886 887
20323 1 2 726 726 876 997
20324 1 2 726 726 876 1008
20325 1 2 726 726 876 887
20326 1 2 726 726 997 1008
20327 1 2 726 726 997 887
20328 1 2 726 726 1008 887
20329 1 2 727 727 876 997
20330 1 2 727 727 876 1008
20331 1 2 727 727 876 887
20332 1 2 727 727 876 877
20333 1 2 727 727 876 998
20334 1 2 727 727 876 1009
20335 1 2 727 727 876 888
20336 1 2 727 727 997 1008
20337 1 2 727 727 997 887
20338 1 2 727 727 997 877
20339 1 2 727 727 997 998
20340 1 2 727 727 997 1009
20341 1 2 727 727 997 888
20342 1 2 727 727 1008 887
20343 1 2 727 727 1008 877
20344 1 2 727 727 1008 998
20345 1 2 727 727 1008 1009
20346 1 2 727 727 1008 888
20347 1 2 727 727 887 877
20348 1 2 727 727 887 998
20349 1 2 727 727 887 1009
20350 1 2 727 727 887 888
20351 1 2 727 727 877 998
20352 1 2 727 727 877 1009
20353 1 2 727 727 877 888
20354 1 2 727 727 998 1009
20355 1 2 727 727 998 888
20356 1 2 727 727 1009 888
20357 1 2 728 728 877 998
20358 1 2 728 728 877 1009
20359 1 2 728 728 877 888
20360 1 2 728 728 877 878
20361 1 2 728 728 877 999
20362 1 2 728 728 877 1010
20363 1 2 728 728 877 889
20364 1 2 728 728 998 1009
20365 1 2 728 728 998 888
20366 1 2 728 728 998 878
20367 1 2 728 728 998 999
20368 1 2 728 728 998 1010
20369 1 2 728 728 998 889
20370 1 2 728 728 1009 888
20371 1 2 728 728 1009 878
20372 1 2 728 728 1009 999
20373 1 2 728 728 1009 1010
20374 1 2 728 728 1009 889
20375 1 2 728 728 888 878
20376 1 2 728 728 888 999
20377 1 2 728 728 888 1010
20378 1 2 728 728 888 889
20379 1 2 728 728 878 999
20380 1 2 728 728 878 1010
20381 1 2 728 728 878 889
20382 1 2 728 728 999 1010
20383 1 2 728 728 999 889
20384 1 2 728 728 1010 889
20385 1 2 729 729 878 999
20386 1 2 729 729 878 1010
20387 1 2 729 729 878 889
20388 1 2 729 729 878 879
20389 1 2 729 729 878 1000
20390 1 2 729 729 878 1011
20391 1 2 729 729 878 890
20392 1 2 729 729 999 1010
20393 1 2 729 729 999 889
20394 1 2 729 729 999 879
20395 1 2 729 729 999 1000
20396 1 2 729 729 999 1011
20397 1 2 729 729 999 890
20398 1 2 729 729 1010 889
20399 1 2 729 729 1010 879
20400 1 2 729 729 1010 1000
20401 1 2 729 729 1010 1011
20402 1 2 729 729 1010 890
20403 1 2 729 729 889 879
20404 1 2 729 729 889 1000
20405 1 2 729 729 889 1011
20406 1 2 729 729 889 890
20407 1 2 729 729 879 1000
20408 1 2 729 729 879 1011
20409 1 2 729 729 879 890
20410 1 2 729 729 1000 1011
20411 1 2 729 729 1000 890
20412 1 2 729 729 1011 890
20413 1 2 730 730 879 1000
20414 1 2 730 730 879 1011
20415 1 2 730 730 879 890
20416 1 2 730 730 879 880
20417 1 2 730 730 879 1001
20418 1 2 730 730 879 1012
20419 1 2 730 730 879 891
20420 1 2 730 730 1000 1011
20421 1 2 730 730 1000 890
20422 1 2 730 730 1000 880
20423 1 2 730 730 1000 1001
20424 1 2 730 730 1000 1012
20425 1 2 730 730 1000 891
20426 1 2 730 730 1011 890
20427 1 2 730 730 1011 880
20428 1 2 730 730 1011 1001
20429 1 2 730 730 1011 1012
20430 1 2 730 730 1011 891
20431 1 2 730 730 890 880
20432 1 2 730 730 890 1001
20433 1 2 730 730 890 1012
20434 1 2 730 730 890 891
20435 1 2 730 730 880 1001
20436 1 2 730 730 880 1012
20437 1 2 730 730 880 891
20438 1 2 730 730 1001 1012
20439 1 2 730 730 1001 891
20440 1 2 730 730 1012 891
20441 1 2 731 731 881 1002
20442 1 2 731 731 881 1013
20443 1 2 731 731 881 892
20444 1 2 731 731 881 882
20445 1 2 731 731 881 1003
20446 1 2 731 731 881 1014
20447 1 2 731 731 881 893
20448 1 2 731 731 1002 1013
20449 1 2 731 731 1002 892
20450 1 2 731 731 1002 882
20451 1 2 731 731 1002 1003
20452 1 2 731 731 1002 1014
20453 1 2 731 731 1002 893
20454 1 2 731 731 1013 892
20455 1 2 731 731 1013 882
20456 1 2 731 731 1013 1003
20457 1 2 731 731 1013 1014
20458 1 2 731 731 1013 893
20459 1 2 731 731 892 882
20460 1 2 731 731 892 1003
20461 1 2 731 731 892 1014
20462 1 2 731 731 892 893
20463 1 2 731 731 882 1003
20464 1 2 731 731 882 1014
20465 1 2 731 731 882 893
20466 1 2 731 731 1003 1014
20467 1 2 731 731 1003 893
20468 1 2 731 731 1014 893
20469 1 2 732 732 882 1003
20470 1 2 732 732 882 1014
20471 1 2 732 732 882 893
20472 1 2 732 732 882 883
20473 1 2 732 732 882 1004
20474 1 2 732 732 882 1015
20475 1 2 732 732 882 894
20476 1 2 732 732 1003 1014
20477 1 2 732 732 1003 893
20478 1 2 732 732 1003 883
20479 1 2 732 732 1003 1004
20480 1 2 732 732 1003 1015
20481 1 2 732 732 1003 894
20482 1 2 732 732 1014 893
20483 1 2 732 732 1014 883
20484 1 2 732 732 1014 1004
20485 1 2 732 732 1014 1015
20486 1 2 732 732 1014 894
20487 1 2 732 732 893 883
20488 1 2 732 732 893 1004
20489 1 2 732 732 893 1015
20490 1 2 732 732 893 894
20491 1 2 732 732 883 1004
20492 1 2 732 732 883 1015
20493 1 2 732 732 883 894
20494 1 2 732 732 1004 1015
20495 1 2 732 732 1004 894
20496 1 2 732 732 1015 894
20497 1 2 733 733 883 1004
20498 1 2 733 733 883 1015
20499 1 2 733 733 883 894
20500 1 2 733 733 883 884
20501 1 2 733 733 883 1005
20502 1 2 733 733 883 1016
20503 1 2 733 733 883 895
20504 1 2 733 733 1004 1015
20505 1 2 733 733 1004 894
20506 1 2 733 733 1004 884
20507 1 2 733 733 1004 1005
20508 1 2 733 733 1004 1016
20509 1 2 733 733 1004 895
20510 1 2 733 733 1015 894
20511 1 2 733 733 1015 884
20512 1 2 733 733 1015 1005
20513 1 2 733 733 1015 1016
20514 1 2 733 733 1015 895
20515 1 2 733 733 894 884
20516 1 2 733 733 894 1005
20517 1 2 733 733 894 1016
20518 1 2 733 733 894 895
20519 1 2 733 733 884 1005
20520 1 2 733 733 884 1016
20521 1 2 733 733 884 895
20522 1 2 733 733 1005 1016
20523 1 2 733 733 1005 895
20524 1 2 733 733 1016 895
20525 1 2 734 734 884 1005
20526 1 2 734 734 884 1016
20527 1 2 734 734 884 895
20528 1 2 734 734 884 885
20529 1 2 734 734 884 1006
20530 1 2 734 734 884 1017
20531 1 2 734 734 884 896
20532 1 2 734 734 1005 1016
20533 1 2 734 734 1005 895
20534 1 2 734 734 1005 885
20535 1 2 734 734 1005 1006
20536 1 2 734 734 1005 1017
20537 1 2 734 734 1005 896
20538 1 2 734 734 1016 895
20539 1 2 734 734 1016 885
20540 1 2 734 734 1016 1006
20541 1 2 734 734 1016 1017
20542 1 2 734 734 1016 896
20543 1 2 734 734 895 885
20544 1 2 734 734 895 1006
20545 1 2 734 734 895 1017
20546 1 2 734 734 895 896
20547 1 2 734 734 885 1006
20548 1 2 734 734 885 1017
20549 1 2 734 734 885 896
20550 1 2 734 734 1006 1017
20551 1 2 734 734 1006 896
20552 1 2 734 734 1017 896
20553 1 2 735 735 885 1006
20554 1 2 735 735 885 1017
20555 1 2 735 735 885 896
20556 1 2 735 735 885 886
20557 1 2 735 735 885 1007
20558 1 2 735 735 885 1018
20559 1 2 735 735 885 897
20560 1 2 735 735 1006 1017
20561 1 2 735 735 1006 896
20562 1 2 735 735 1006 886
20563 1 2 735 735 1006 1007
20564 1 2 735 735 1006 1018
20565 1 2 735 735 1006 897
20566 1 2 735 735 1017 896
20567 1 2 735 735 1017 886
20568 1 2 735 735 1017 1007
20569 1 2 735 735 1017 1018
20570 1 2 735 735 1017 897
20571 1 2 735 735 896 886
20572 1 2 735 735 896 1007
20573 1 2 735 735 896 1018
20574 1 2 735 735 896 897
20575 1 2 735 735 886 1007
20576 1 2 735 735 886 1018
20577 1 2 735 735 886 897
20578 1 2 735 735 1007 1018
20579 1 2 735 735 1007 897
20580 1 2 735 735 1018 897
20581 1 2 736 736 886 1007
20582 1 2 736 736 886 1018
20583 1 2 736 736 886 897
20584 1 2 736 736 886 887
20585 1 2 736 736 886 1008
20586 1 2 736 736 886 1019
20587 1 2 736 736 886 898
20588 1 2 736 736 1007 1018
20589 1 2 736 736 1007 897
20590 1 2 736 736 1007 887
20591 1 2 736 736 1007 1008
20592 1 2 736 736 1007 1019
20593 1 2 736 736 1007 898
20594 1 2 736 736 1018 897
20595 1 2 736 736 1018 887
20596 1 2 736 736 1018 1008
20597 1 2 736 736 1018 1019
20598 1 2 736 736 1018 898
20599 1 2 736 736 897 887
20600 1 2 736 736 897 1008
20601 1 2 736 736 897 1019
20602 1 2 736 736 897 898
20603 1 2 736 736 887 1008
20604 1 2 736 736 887 1019
20605 1 2 736 736 887 898
20606 1 2 736 736 1008 1019
20607 1 2 736 736 1008 898
20608 1 2 736 736 1019 898
20609 1 2 737 737 887 1008
20610 1 2 737 737 887 1019
20611 1 2 737 737 887 898
20612 1 2 737 737 887 888
20613 1 2 737 737 887 1009
20614 1 2 737 737 887 1020
20615 1 2 737 737 887 899
20616 1 2 737 737 1008 1019
20617 1 2 737 737 1008 898
20618 1 2 737 737 1008 888
20619 1 2 737 737 1008 1009
20620 1 2 737 737 1008 1020
20621 1 2 737 737 1008 899
20622 1 2 737 737 1019 898
20623 1 2 737 737 1019 888
20624 1 2 737 737 1019 1009
20625 1 2 737 737 1019 1020
20626 1 2 737 737 1019 899
20627 1 2 737 737 898 888
20628 1 2 737 737 898 1009
20629 1 2 737 737 898 1020
20630 1 2 737 737 898 899
20631 1 2 737 737 888 1009
20632 1 2 737 737 888 1020
20633 1 2 737 737 888 899
20634 1 2 737 737 1009 1020
20635 1 2 737 737 1009 899
20636 1 2 737 737 1020 899
20637 1 2 738 738 888 1009
20638 1 2 738 738 888 1020
20639 1 2 738 738 888 899
20640 1 2 738 738 888 889
20641 1 2 738 738 888 1010
20642 1 2 738 738 888 1021
20643 1 2 738 738 888 900
20644 1 2 738 738 1009 1020
20645 1 2 738 738 1009 899
20646 1 2 738 738 1009 889
20647 1 2 738 738 1009 1010
20648 1 2 738 738 1009 1021
20649 1 2 738 738 1009 900
20650 1 2 738 738 1020 899
20651 1 2 738 738 1020 889
20652 1 2 738 738 1020 1010
20653 1 2 738 738 1020 1021
20654 1 2 738 738 1020 900
20655 1 2 738 738 899 889
20656 1 2 738 738 899 1010
20657 1 2 738 738 899 1021
20658 1 2 738 738 899 900
20659 1 2 738 738 889 1010
20660 1 2 738 738 889 1021
20661 1 2 738 738 889 900
20662 1 2 738 738 1010 1021
20663 1 2 738 738 1010 900
20664 1 2 738 738 1021 900
20665 1 2 739 739 889 1010
20666 1 2 739 739 889 1021
20667 1 2 739 739 889 900
20668 1 2 739 739 889 890
20669 1 2 739 739 889 1011
20670 1 2 739 739 889 1022
20671 1 2 739 739 889 901
20672 1 2 739 739 1010 1021
20673 1 2 739 739 1010 900
20674 1 2 739 739 1010 890
20675 1 2 739 739 1010 1011
20676 1 2 739 739 1010 1022
20677 1 2 739 739 1010 901
20678 1 2 739 739 1021 900
20679 1 2 739 739 1021 890
20680 1 2 739 739 1021 1011
20681 1 2 739 739 1021 1022
20682 1 2 739 739 1021 901
20683 1 2 739 739 900 890
20684 1 2 739 739 900 1011
20685 1 2 739 739 900 1022
20686 1 2 739 739 900 901
20687 1 2 739 739 890 1011
20688 1 2 739 739 890 1022
20689 1 2 739 739 890 901
20690 1 2 739 739 1011 1022
20691 1 2 739 739 1011 901
20692 1 2 739 739 1022 901
20693 1 2 740 740 890 1011
20694 1 2 740 740 890 1022
20695 1 2 740 740 890 901
20696 1 2 740 740 890 891
20697 1 2 740 740 890 1012
20698 1 2 740 740 890 1023
20699 1 2 740 740 890 902
20700 1 2 740 740 1011 1022
20701 1 2 740 740 1011 901
20702 1 2 740 740 1011 891
20703 1 2 740 740 1011 1012
20704 1 2 740 740 1011 1023
20705 1 2 740 740 1011 902
20706 1 2 740 740 1022 901
20707 1 2 740 740 1022 891
20708 1 2 740 740 1022 1012
20709 1 2 740 740 1022 1023
20710 1 2 740 740 1022 902
20711 1 2 740 740 901 891
20712 1 2 740 740 901 1012
20713 1 2 740 740 901 1023
20714 1 2 740 740 901 902
20715 1 2 740 740 891 1012
20716 1 2 740 740 891 1023
20717 1 2 740 740 891 902
20718 1 2 740 740 1012 1023
20719 1 2 740 740 1012 902
20720 1 2 740 740 1023 902
20721 1 2 741 741 892 1013
20722 1 2 741 741 892 1024
20723 1 2 741 741 892 903
20724 1 2 741 741 892 893
20725 1 2 741 741 892 1014
20726 1 2 741 741 892 1025
20727 1 2 741 741 892 904
20728 1 2 741 741 1013 1024
20729 1 2 741 741 1013 903
20730 1 2 741 741 1013 893
20731 1 2 741 741 1013 1014
20732 1 2 741 741 1013 1025
20733 1 2 741 741 1013 904
20734 1 2 741 741 1024 903
20735 1 2 741 741 1024 893
20736 1 2 741 741 1024 1014
20737 1 2 741 741 1024 1025
20738 1 2 741 741 1024 904
20739 1 2 741 741 903 893
20740 1 2 741 741 903 1014
20741 1 2 741 741 903 1025
20742 1 2 741 741 903 904
20743 1 2 741 741 893 1014
20744 1 2 741 741 893 1025
20745 1 2 741 741 893 904
20746 1 2 741 741 1014 1025
20747 1 2 741 741 1014 904
20748 1 2 741 741 1025 904
20749 1 2 742 742 893 1014
20750 1 2 742 742 893 1025
20751 1 2 742 742 893 904
20752 1 2 742 742 893 894
20753 1 2 742 742 893 1015
20754 1 2 742 742 893 1026
20755 1 2 742 742 893 905
20756 1 2 742 742 1014 1025
20757 1 2 742 742 1014 904
20758 1 2 742 742 1014 894
20759 1 2 742 742 1014 1015
20760 1 2 742 742 1014 1026
20761 1 2 742 742 1014 905
20762 1 2 742 742 1025 904
20763 1 2 742 742 1025 894
20764 1 2 742 742 1025 1015
20765 1 2 742 742 1025 1026
20766 1 2 742 742 1025 905
20767 1 2 742 742 904 894
20768 1 2 742 742 904 1015
20769 1 2 742 742 904 1026
20770 1 2 742 742 904 905
20771 1 2 742 742 894 1015
20772 1 2 742 742 894 1026
20773 1 2 742 742 894 905
20774 1 2 742 742 1015 1026
20775 1 2 742 742 1015 905
20776 1 2 742 742 1026 905
20777 1 2 743 743 894 1015
20778 1 2 743 743 894 1026
20779 1 2 743 743 894 905
20780 1 2 743 743 894 895
20781 1 2 743 743 894 1016
20782 1 2 743 743 894 1027
20783 1 2 743 743 894 906
20784 1 2 743 743 1015 1026
20785 1 2 743 743 1015 905
20786 1 2 743 743 1015 895
20787 1 2 743 743 1015 1016
20788 1 2 743 743 1015 1027
20789 1 2 743 743 1015 906
20790 1 2 743 743 1026 905
20791 1 2 743 743 1026 895
20792 1 2 743 743 1026 1016
20793 1 2 743 743 1026 1027
20794 1 2 743 743 1026 906
20795 1 2 743 743 905 895
20796 1 2 743 743 905 1016
20797 1 2 743 743 905 1027
20798 1 2 743 743 905 906
20799 1 2 743 743 895 1016
20800 1 2 743 743 895 1027
20801 1 2 743 743 895 906
20802 1 2 743 743 1016 1027
20803 1 2 743 743 1016 906
20804 1 2 743 743 1027 906
20805 1 2 744 744 895 1016
20806 1 2 744 744 895 1027
20807 1 2 744 744 895 906
20808 1 2 744 744 895 896
20809 1 2 744 744 895 1017
20810 1 2 744 744 895 1028
20811 1 2 744 744 895 907
20812 1 2 744 744 1016 1027
20813 1 2 744 744 1016 906
20814 1 2 744 744 1016 896
20815 1 2 744 744 1016 1017
20816 1 2 744 744 1016 1028
20817 1 2 744 744 1016 907
20818 1 2 744 744 1027 906
20819 1 2 744 744 1027 896
20820 1 2 744 744 1027 1017
20821 1 2 744 744 1027 1028
20822 1 2 744 744 1027 907
20823 1 2 744 744 906 896
20824 1 2 744 744 906 1017
20825 1 2 744 744 906 1028
20826 1 2 744 744 906 907
20827 1 2 744 744 896 1017
20828 1 2 744 744 896 1028
20829 1 2 744 744 896 907
20830 1 2 744 744 1017 1028
20831 1 2 744 744 1017 907
20832 1 2 744 744 1028 907
20833 1 2 745 745 896 1017
20834 1 2 745 745 896 1028
20835 1 2 745 745 896 907
20836 1 2 745 745 896 897
20837 1 2 745 745 896 1018
20838 1 2 745 745 896 1029
20839 1 2 745 745 896 908
20840 1 2 745 745 1017 1028
20841 1 2 745 745 1017 907
20842 1 2 745 745 1017 897
20843 1 2 745 745 1017 1018
20844 1 2 745 745 1017 1029
20845 1 2 745 745 1017 908
20846 1 2 745 745 1028 907
20847 1 2 745 745 1028 897
20848 1 2 745 745 1028 1018
20849 1 2 745 745 1028 1029
20850 1 2 745 745 1028 908
20851 1 2 745 745 907 897
20852 1 2 745 745 907 1018
20853 1 2 745 745 907 1029
20854 1 2 745 745 907 908
20855 1 2 745 745 897 1018
20856 1 2 745 745 897 1029
20857 1 2 745 745 897 908
20858 1 2 745 745 1018 1029
20859 1 2 745 745 1018 908
20860 1 2 745 745 1029 908
20861 1 2 746 746 897 1018
20862 1 2 746 746 897 1029
20863 1 2 746 746 897 908
20864 1 2 746 746 897 898
20865 1 2 746 746 897 1019
20866 1 2 746 746 897 1030
20867 1 2 746 746 897 909
20868 1 2 746 746 1018 1029
20869 1 2 746 746 1018 908
20870 1 2 746 746 1018 898
20871 1 2 746 746 1018 1019
20872 1 2 746 746 1018 1030
20873 1 2 746 746 1018 909
20874 1 2 746 746 1029 908
20875 1 2 746 746 1029 898
20876 1 2 746 746 1029 1019
20877 1 2 746 746 1029 1030
20878 1 2 746 746 1029 909
20879 1 2 746 746 908 898
20880 1 2 746 746 908 1019
20881 1 2 746 746 908 1030
20882 1 2 746 746 908 909
20883 1 2 746 746 898 1019
20884 1 2 746 746 898 1030
20885 1 2 746 746 898 909
20886 1 2 746 746 1019 1030
20887 1 2 746 746 1019 909
20888 1 2 746 746 1030 909
20889 1 2 747 747 898 1019
20890 1 2 747 747 898 1030
20891 1 2 747 747 898 909
20892 1 2 747 747 898 899
20893 1 2 747 747 898 1020
20894 1 2 747 747 898 1031
20895 1 2 747 747 898 910
20896 1 2 747 747 1019 1030
20897 1 2 747 747 1019 909
20898 1 2 747 747 1019 899
20899 1 2 747 747 1019 1020
20900 1 2 747 747 1019 1031
20901 1 2 747 747 1019 910
20902 1 2 747 747 1030 909
20903 1 2 747 747 1030 899
20904 1 2 747 747 1030 1020
20905 1 2 747 747 1030 1031
20906 1 2 747 747 1030 910
20907 1 2 747 747 909 899
20908 1 2 747 747 909 1020
20909 1 2 747 747 909 1031
20910 1 2 747 747 909 910
20911 1 2 747 747 899 1020
20912 1 2 747 747 899 1031
20913 1 2 747 747 899 910
20914 1 2 747 747 1020 1031
20915 1 2 747 747 1020 910
20916 1 2 747 747 1031 910
20917 1 2 748 748 899 1020
20918 1 2 748 748 899 1031
20919 1 2 748 748 899 910
20920 1 2 748 748 899 900
20921 1 2 748 748 899 1021
20922 1 2 748 748 899 1032
20923 1 2 748 748 899 911
20924 1 2 748 748 1020 1031
20925 1 2 748 748 1020 910
20926 1 2 748 748 1020 900
20927 1 2 748 748 1020 1021
20928 1 2 748 748 1020 1032
20929 1 2 748 748 1020 911
20930 1 2 748 748 1031 910
20931 1 2 748 748 1031 900
20932 1 2 748 748 1031 1021
20933 1 2 748 748 1031 1032
20934 1 2 748 748 1031 911
20935 1 2 748 748 910 900
20936 1 2 748 748 910 1021
20937 1 2 748 748 910 1032
20938 1 2 748 748 910 911
20939 1 2 748 748 900 1021
20940 1 2 748 748 900 1032
20941 1 2 748 748 900 911
20942 1 2 748 748 1021 1032
20943 1 2 748 748 1021 911
20944 1 2 748 748 1032 911
20945 1 2 749 749 900 1021
20946 1 2 749 749 900 1032
20947 1 2 749 749 900 911
20948 1 2 749 749 900 901
20949 1 2 749 749 900 1022
20950 1 2 749 749 900 1033
20951 1 2 749 749 900 912
20952 1 2 749 749 1021 1032
20953 1 2 749 749 1021 911
20954 1 2 749 749 1021 901
20955 1 2 749 749 1021 1022
20956 1 2 749 749 1021 1033
20957 1 2 749 749 1021 912
20958 1 2 749 749 1032 911
20959 1 2 749 749 1032 901
20960 1 2 749 749 1032 1022
20961 1 2 749 749 1032 1033
20962 1 2 749 749 1032 912
20963 1 2 749 749 911 901
20964 1 2 749 749 911 1022
20965 1 2 749 749 911 1033
20966 1 2 749 749 911 912
20967 1 2 749 749 901 1022
20968 1 2 749 749 901 1033
20969 1 2 749 749 901 912
20970 1 2 749 749 1022 1033
20971 1 2 749 749 1022 912
20972 1 2 749 749 1033 912
20973 1 2 750 750 901 1022
20974 1 2 750 750 901 1033
20975 1 2 750 750 901 912
20976 1 2 750 750 901 902
20977 1 2 750 750 901 1023
20978 1 2 750 750 901 1034
20979 1 2 750 750 901 913
20980 1 2 750 750 1022 1033
20981 1 2 750 750 1022 912
20982 1 2 750 750 1022 902
20983 1 2 750 750 1022 1023
20984 1 2 750 750 1022 1034
20985 1 2 750 750 1022 913
20986 1 2 750 750 1033 912
20987 1 2 750 750 1033 902
20988 1 2 750 750 1033 1023
20989 1 2 750 750 1033 1034
20990 1 2 750 750 1033 913
20991 1 2 750 750 912 902
20992 1 2 750 750 912 1023
20993 1 2 750 750 912 1034
20994 1 2 750 750 912 913
20995 1 2 750 750 902 1023
20996 1 2 750 750 902 1034
20997 1 2 750 750 902 913
20998 1 2 750 750 1023 1034
20999 1 2 750 750 1023 913
21000 1 2 750 750 1034 913
21001 1 2 751 751 903 1024
21002 1 2 751 751 903 1035
21003 1 2 751 751 903 914
21004 1 2 751 751 903 904
21005 1 2 751 751 903 1025
21006 1 2 751 751 903 1036
21007 1 2 751 751 903 915
21008 1 2 751 751 1024 1035
21009 1 2 751 751 1024 914
21010 1 2 751 751 1024 904
21011 1 2 751 751 1024 1025
21012 1 2 751 751 1024 1036
21013 1 2 751 751 1024 915
21014 1 2 751 751 1035 914
21015 1 2 751 751 1035 904
21016 1 2 751 751 1035 1025
21017 1 2 751 751 1035 1036
21018 1 2 751 751 1035 915
21019 1 2 751 751 914 904
21020 1 2 751 751 914 1025
21021 1 2 751 751 914 1036
21022 1 2 751 751 914 915
21023 1 2 751 751 904 1025
21024 1 2 751 751 904 1036
21025 1 2 751 751 904 915
21026 1 2 751 751 1025 1036
21027 1 2 751 751 1025 915
21028 1 2 751 751 1036 915
21029 1 2 752 752 904 1025
21030 1 2 752 752 904 1036
21031 1 2 752 752 904 915
21032 1 2 752 752 904 905
21033 1 2 752 752 904 1026
21034 1 2 752 752 904 1037
21035 1 2 752 752 904 916
21036 1 2 752 752 1025 1036
21037 1 2 752 752 1025 915
21038 1 2 752 752 1025 905
21039 1 2 752 752 1025 1026
21040 1 2 752 752 1025 1037
21041 1 2 752 752 1025 916
21042 1 2 752 752 1036 915
21043 1 2 752 752 1036 905
21044 1 2 752 752 1036 1026
21045 1 2 752 752 1036 1037
21046 1 2 752 752 1036 916
21047 1 2 752 752 915 905
21048 1 2 752 752 915 1026
21049 1 2 752 752 915 1037
21050 1 2 752 752 915 916
21051 1 2 752 752 905 1026
21052 1 2 752 752 905 1037
21053 1 2 752 752 905 916
21054 1 2 752 752 1026 1037
21055 1 2 752 752 1026 916
21056 1 2 752 752 1037 916
21057 1 2 753 753 905 1026
21058 1 2 753 753 905 1037
21059 1 2 753 753 905 916
21060 1 2 753 753 905 906
21061 1 2 753 753 905 1027
21062 1 2 753 753 905 1038
21063 1 2 753 753 905 917
21064 1 2 753 753 1026 1037
21065 1 2 753 753 1026 916
21066 1 2 753 753 1026 906
21067 1 2 753 753 1026 1027
21068 1 2 753 753 1026 1038
21069 1 2 753 753 1026 917
21070 1 2 753 753 1037 916
21071 1 2 753 753 1037 906
21072 1 2 753 753 1037 1027
21073 1 2 753 753 1037 1038
21074 1 2 753 753 1037 917
21075 1 2 753 753 916 906
21076 1 2 753 753 916 1027
21077 1 2 753 753 916 1038
21078 1 2 753 753 916 917
21079 1 2 753 753 906 1027
21080 1 2 753 753 906 1038
21081 1 2 753 753 906 917
21082 1 2 753 753 1027 1038
21083 1 2 753 753 1027 917
21084 1 2 753 753 1038 917
21085 1 2 754 754 906 1027
21086 1 2 754 754 906 1038
21087 1 2 754 754 906 917
21088 1 2 754 754 906 907
21089 1 2 754 754 906 1028
21090 1 2 754 754 906 1039
21091 1 2 754 754 906 918
21092 1 2 754 754 1027 1038
21093 1 2 754 754 1027 917
21094 1 2 754 754 1027 907
21095 1 2 754 754 1027 1028
21096 1 2 754 754 1027 1039
21097 1 2 754 754 1027 918
21098 1 2 754 754 1038 917
21099 1 2 754 754 1038 907
21100 1 2 754 754 1038 1028
21101 1 2 754 754 1038 1039
21102 1 2 754 754 1038 918
21103 1 2 754 754 917 907
21104 1 2 754 754 917 1028
21105 1 2 754 754 917 1039
21106 1 2 754 754 917 918
21107 1 2 754 754 907 1028
21108 1 2 754 754 907 1039
21109 1 2 754 754 907 918
21110 1 2 754 754 1028 1039
21111 1 2 754 754 1028 918
21112 1 2 754 754 1039 918
21113 1 2 755 755 907 1028
21114 1 2 755 755 907 1039
21115 1 2 755 755 907 918
21116 1 2 755 755 907 908
21117 1 2 755 755 907 1029
21118 1 2 755 755 907 1040
21119 1 2 755 755 907 919
21120 1 2 755 755 1028 1039
21121 1 2 755 755 1028 918
21122 1 2 755 755 1028 908
21123 1 2 755 755 1028 1029
21124 1 2 755 755 1028 1040
21125 1 2 755 755 1028 919
21126 1 2 755 755 1039 918
21127 1 2 755 755 1039 908
21128 1 2 755 755 1039 1029
21129 1 2 755 755 1039 1040
21130 1 2 755 755 1039 919
21131 1 2 755 755 918 908
21132 1 2 755 755 918 1029
21133 1 2 755 755 918 1040
21134 1 2 755 755 918 919
21135 1 2 755 755 908 1029
21136 1 2 755 755 908 1040
21137 1 2 755 755 908 919
21138 1 2 755 755 1029 1040
21139 1 2 755 755 1029 919
21140 1 2 755 755 1040 919
21141 1 2 756 756 908 1029
21142 1 2 756 756 908 1040
21143 1 2 756 756 908 919
21144 1 2 756 756 908 909
21145 1 2 756 756 908 1030
21146 1 2 756 756 908 1041
21147 1 2 756 756 908 920
21148 1 2 756 756 1029 1040
21149 1 2 756 756 1029 919
21150 1 2 756 756 1029 909
21151 1 2 756 756 1029 1030
21152 1 2 756 756 1029 1041
21153 1 2 756 756 1029 920
21154 1 2 756 756 1040 919
21155 1 2 756 756 1040 909
21156 1 2 756 756 1040 1030
21157 1 2 756 756 1040 1041
21158 1 2 756 756 1040 920
21159 1 2 756 756 919 909
21160 1 2 756 756 919 1030
21161 1 2 756 756 919 1041
21162 1 2 756 756 919 920
21163 1 2 756 756 909 1030
21164 1 2 756 756 909 1041
21165 1 2 756 756 909 920
21166 1 2 756 756 1030 1041
21167 1 2 756 756 1030 920
21168 1 2 756 756 1041 920
21169 1 2 757 757 909 1030
21170 1 2 757 757 909 1041
21171 1 2 757 757 909 920
21172 1 2 757 757 909 910
21173 1 2 757 757 909 1031
21174 1 2 757 757 909 1042
21175 1 2 757 757 909 921
21176 1 2 757 757 1030 1041
21177 1 2 757 757 1030 920
21178 1 2 757 757 1030 910
21179 1 2 757 757 1030 1031
21180 1 2 757 757 1030 1042
21181 1 2 757 757 1030 921
21182 1 2 757 757 1041 920
21183 1 2 757 757 1041 910
21184 1 2 757 757 1041 1031
21185 1 2 757 757 1041 1042
21186 1 2 757 757 1041 921
21187 1 2 757 757 920 910
21188 1 2 757 757 920 1031
21189 1 2 757 757 920 1042
21190 1 2 757 757 920 921
21191 1 2 757 757 910 1031
21192 1 2 757 757 910 1042
21193 1 2 757 757 910 921
21194 1 2 757 757 1031 1042
21195 1 2 757 757 1031 921
21196 1 2 757 757 1042 921
21197 1 2 758 758 910 1031
21198 1 2 758 758 910 1042
21199 1 2 758 758 910 921
21200 1 2 758 758 910 911
21201 1 2 758 758 910 1032
21202 1 2 758 758 910 1043
21203 1 2 758 758 910 922
21204 1 2 758 758 1031 1042
21205 1 2 758 758 1031 921
21206 1 2 758 758 1031 911
21207 1 2 758 758 1031 1032
21208 1 2 758 758 1031 1043
21209 1 2 758 758 1031 922
21210 1 2 758 758 1042 921
21211 1 2 758 758 1042 911
21212 1 2 758 758 1042 1032
21213 1 2 758 758 1042 1043
21214 1 2 758 758 1042 922
21215 1 2 758 758 921 911
21216 1 2 758 758 921 1032
21217 1 2 758 758 921 1043
21218 1 2 758 758 921 922
21219 1 2 758 758 911 1032
21220 1 2 758 758 911 1043
21221 1 2 758 758 911 922
21222 1 2 758 758 1032 1043
21223 1 2 758 758 1032 922
21224 1 2 758 758 1043 922
21225 1 2 759 759 911 1032
21226 1 2 759 759 911 1043
21227 1 2 759 759 911 922
21228 1 2 759 759 911 912
21229 1 2 759 759 911 1033
21230 1 2 759 759 911 1044
21231 1 2 759 759 911 923
21232 1 2 759 759 1032 1043
21233 1 2 759 759 1032 922
21234 1 2 759 759 1032 912
21235 1 2 759 759 1032 1033
21236 1 2 759 759 1032 1044
21237 1 2 759 759 1032 923
21238 1 2 759 759 1043 922
21239 1 2 759 759 1043 912
21240 1 2 759 759 1043 1033
21241 1 2 759 759 1043 1044
21242 1 2 759 759 1043 923
21243 1 2 759 759 922 912
21244 1 2 759 759 922 1033
21245 1 2 759 759 922 1044
21246 1 2 759 759 922 923
21247 1 2 759 759 912 1033
21248 1 2 759 759 912 1044
21249 1 2 759 759 912 923
21250 1 2 759 759 1033 1044
21251 1 2 759 759 1033 923
21252 1 2 759 759 1044 923
21253 1 2 760 760 912 1033
21254 1 2 760 760 912 1044
21255 1 2 760 760 912 923
21256 1 2 760 760 912 913
21257 1 2 760 760 912 1034
21258 1 2 760 760 912 1045
21259 1 2 760 760 912 924
21260 1 2 760 760 1033 1044
21261 1 2 760 760 1033 923
21262 1 2 760 760 1033 913
21263 1 2 760 760 1033 1034
21264 1 2 760 760 1033 1045
21265 1 2 760 760 1033 924
21266 1 2 760 760 1044 923
21267 1 2 760 760 1044 913
21268 1 2 760 760 1044 1034
21269 1 2 760 760 1044 1045
21270 1 2 760 760 1044 924
21271 1 2 760 760 923 913
21272 1 2 760 760 923 1034
21273 1 2 760 760 923 1045
21274 1 2 760 760 923 924
21275 1 2 760 760 913 1034
21276 1 2 760 760 913 1045
21277 1 2 760 760 913 924
21278 1 2 760 760 1034 1045
21279 1 2 760 760 1034 924
21280 1 2 760 760 1045 924
21281 1 2 761 761 914 1035
21282 1 2 761 761 914 1046
21283 1 2 761 761 914 925
21284 1 2 761 761 914 915
21285 1 2 761 761 914 1036
21286 1 2 761 761 914 1047
21287 1 2 761 761 914 926
21288 1 2 761 761 1035 1046
21289 1 2 761 761 1035 925
21290 1 2 761 761 1035 915
21291 1 2 761 761 1035 1036
21292 1 2 761 761 1035 1047
21293 1 2 761 761 1035 926
21294 1 2 761 761 1046 925
21295 1 2 761 761 1046 915
21296 1 2 761 761 1046 1036
21297 1 2 761 761 1046 1047
21298 1 2 761 761 1046 926
21299 1 2 761 761 925 915
21300 1 2 761 761 925 1036
21301 1 2 761 761 925 1047
21302 1 2 761 761 925 926
21303 1 2 761 761 915 1036
21304 1 2 761 761 915 1047
21305 1 2 761 761 915 926
21306 1 2 761 761 1036 1047
21307 1 2 761 761 1036 926
21308 1 2 761 761 1047 926
21309 1 2 762 762 915 1036
21310 1 2 762 762 915 1047
21311 1 2 762 762 915 926
21312 1 2 762 762 915 916
21313 1 2 762 762 915 1037
21314 1 2 762 762 915 1048
21315 1 2 762 762 915 927
21316 1 2 762 762 1036 1047
21317 1 2 762 762 1036 926
21318 1 2 762 762 1036 916
21319 1 2 762 762 1036 1037
21320 1 2 762 762 1036 1048
21321 1 2 762 762 1036 927
21322 1 2 762 762 1047 926
21323 1 2 762 762 1047 916
21324 1 2 762 762 1047 1037
21325 1 2 762 762 1047 1048
21326 1 2 762 762 1047 927
21327 1 2 762 762 926 916
21328 1 2 762 762 926 1037
21329 1 2 762 762 926 1048
21330 1 2 762 762 926 927
21331 1 2 762 762 916 1037
21332 1 2 762 762 916 1048
21333 1 2 762 762 916 927
21334 1 2 762 762 1037 1048
21335 1 2 762 762 1037 927
21336 1 2 762 762 1048 927
21337 1 2 763 763 916 1037
21338 1 2 763 763 916 1048
21339 1 2 763 763 916 927
21340 1 2 763 763 916 917
21341 1 2 763 763 916 1038
21342 1 2 763 763 916 1049
21343 1 2 763 763 916 928
21344 1 2 763 763 1037 1048
21345 1 2 763 763 1037 927
21346 1 2 763 763 1037 917
21347 1 2 763 763 1037 1038
21348 1 2 763 763 1037 1049
21349 1 2 763 763 1037 928
21350 1 2 763 763 1048 927
21351 1 2 763 763 1048 917
21352 1 2 763 763 1048 1038
21353 1 2 763 763 1048 1049
21354 1 2 763 763 1048 928
21355 1 2 763 763 927 917
21356 1 2 763 763 927 1038
21357 1 2 763 763 927 1049
21358 1 2 763 763 927 928
21359 1 2 763 763 917 1038
21360 1 2 763 763 917 1049
21361 1 2 763 763 917 928
21362 1 2 763 763 1038 1049
21363 1 2 763 763 1038 928
21364 1 2 763 763 1049 928
21365 1 2 764 764 917 1038
21366 1 2 764 764 917 1049
21367 1 2 764 764 917 928
21368 1 2 764 764 917 918
21369 1 2 764 764 917 1039
21370 1 2 764 764 917 1050
21371 1 2 764 764 917 929
21372 1 2 764 764 1038 1049
21373 1 2 764 764 1038 928
21374 1 2 764 764 1038 918
21375 1 2 764 764 1038 1039
21376 1 2 764 764 1038 1050
21377 1 2 764 764 1038 929
21378 1 2 764 764 1049 928
21379 1 2 764 764 1049 918
21380 1 2 764 764 1049 1039
21381 1 2 764 764 1049 1050
21382 1 2 764 764 1049 929
21383 1 2 764 764 928 918
21384 1 2 764 764 928 1039
21385 1 2 764 764 928 1050
21386 1 2 764 764 928 929
21387 1 2 764 764 918 1039
21388 1 2 764 764 918 1050
21389 1 2 764 764 918 929
21390 1 2 764 764 1039 1050
21391 1 2 764 764 1039 929
21392 1 2 764 764 1050 929
21393 1 2 765 765 918 1039
21394 1 2 765 765 918 1050
21395 1 2 765 765 918 929
21396 1 2 765 765 918 919
21397 1 2 765 765 918 1040
21398 1 2 765 765 918 1051
21399 1 2 765 765 918 930
21400 1 2 765 765 1039 1050
21401 1 2 765 765 1039 929
21402 1 2 765 765 1039 919
21403 1 2 765 765 1039 1040
21404 1 2 765 765 1039 1051
21405 1 2 765 765 1039 930
21406 1 2 765 765 1050 929
21407 1 2 765 765 1050 919
21408 1 2 765 765 1050 1040
21409 1 2 765 765 1050 1051
21410 1 2 765 765 1050 930
21411 1 2 765 765 929 919
21412 1 2 765 765 929 1040
21413 1 2 765 765 929 1051
21414 1 2 765 765 929 930
21415 1 2 765 765 919 1040
21416 1 2 765 765 919 1051
21417 1 2 765 765 919 930
21418 1 2 765 765 1040 1051
21419 1 2 765 765 1040 930
21420 1 2 765 765 1051 930
21421 1 2 766 766 919 1040
21422 1 2 766 766 919 1051
21423 1 2 766 766 919 930
21424 1 2 766 766 919 920
21425 1 2 766 766 919 1041
21426 1 2 766 766 919 1052
21427 1 2 766 766 919 931
21428 1 2 766 766 1040 1051
21429 1 2 766 766 1040 930
21430 1 2 766 766 1040 920
21431 1 2 766 766 1040 1041
21432 1 2 766 766 1040 1052
21433 1 2 766 766 1040 931
21434 1 2 766 766 1051 930
21435 1 2 766 766 1051 920
21436 1 2 766 766 1051 1041
21437 1 2 766 766 1051 1052
21438 1 2 766 766 1051 931
21439 1 2 766 766 930 920
21440 1 2 766 766 930 1041
21441 1 2 766 766 930 1052
21442 1 2 766 766 930 931
21443 1 2 766 766 920 1041
21444 1 2 766 766 920 1052
21445 1 2 766 766 920 931
21446 1 2 766 766 1041 1052
21447 1 2 766 766 1041 931
21448 1 2 766 766 1052 931
21449 1 2 767 767 920 1041
21450 1 2 767 767 920 1052
21451 1 2 767 767 920 931
21452 1 2 767 767 920 921
21453 1 2 767 767 920 1042
21454 1 2 767 767 920 1053
21455 1 2 767 767 920 932
21456 1 2 767 767 1041 1052
21457 1 2 767 767 1041 931
21458 1 2 767 767 1041 921
21459 1 2 767 767 1041 1042
21460 1 2 767 767 1041 1053
21461 1 2 767 767 1041 932
21462 1 2 767 767 1052 931
21463 1 2 767 767 1052 921
21464 1 2 767 767 1052 1042
21465 1 2 767 767 1052 1053
21466 1 2 767 767 1052 932
21467 1 2 767 767 931 921
21468 1 2 767 767 931 1042
21469 1 2 767 767 931 1053
21470 1 2 767 767 931 932
21471 1 2 767 767 921 1042
21472 1 2 767 767 921 1053
21473 1 2 767 767 921 932
21474 1 2 767 767 1042 1053
21475 1 2 767 767 1042 932
21476 1 2 767 767 1053 932
21477 1 2 768 768 921 1042
21478 1 2 768 768 921 1053
21479 1 2 768 768 921 932
21480 1 2 768 768 921 922
21481 1 2 768 768 921 1043
21482 1 2 768 768 921 1054
21483 1 2 768 768 921 933
21484 1 2 768 768 1042 1053
21485 1 2 768 768 1042 932
21486 1 2 768 768 1042 922
21487 1 2 768 768 1042 1043
21488 1 2 768 768 1042 1054
21489 1 2 768 768 1042 933
21490 1 2 768 768 1053 932
21491 1 2 768 768 1053 922
21492 1 2 768 768 1053 1043
21493 1 2 768 768 1053 1054
21494 1 2 768 768 1053 933
21495 1 2 768 768 932 922
21496 1 2 768 768 932 1043
21497 1 2 768 768 932 1054
21498 1 2 768 768 932 933
21499 1 2 768 768 922 1043
21500 1 2 768 768 922 1054
21501 1 2 768 768 922 933
21502 1 2 768 768 1043 1054
21503 1 2 768 768 1043 933
21504 1 2 768 768 1054 933
21505 1 2 769 769 922 1043
21506 1 2 769 769 922 1054
21507 1 2 769 769 922 933
21508 1 2 769 769 922 923
21509 1 2 769 769 922 1044
21510 1 2 769 769 922 1055
21511 1 2 769 769 922 934
21512 1 2 769 769 1043 1054
21513 1 2 769 769 1043 933
21514 1 2 769 769 1043 923
21515 1 2 769 769 1043 1044
21516 1 2 769 769 1043 1055
21517 1 2 769 769 1043 934
21518 1 2 769 769 1054 933
21519 1 2 769 769 1054 923
21520 1 2 769 769 1054 1044
21521 1 2 769 769 1054 1055
21522 1 2 769 769 1054 934
21523 1 2 769 769 933 923
21524 1 2 769 769 933 1044
21525 1 2 769 769 933 1055
21526 1 2 769 769 933 934
21527 1 2 769 769 923 1044
21528 1 2 769 769 923 1055
21529 1 2 769 769 923 934
21530 1 2 769 769 1044 1055
21531 1 2 769 769 1044 934
21532 1 2 769 769 1055 934
21533 1 2 770 770 923 1044
21534 1 2 770 770 923 1055
21535 1 2 770 770 923 934
21536 1 2 770 770 923 924
21537 1 2 770 770 923 1045
21538 1 2 770 770 923 1056
21539 1 2 770 770 923 935
21540 1 2 770 770 1044 1055
21541 1 2 770 770 1044 934
21542 1 2 770 770 1044 924
21543 1 2 770 770 1044 1045
21544 1 2 770 770 1044 1056
21545 1 2 770 770 1044 935
21546 1 2 770 770 1055 934
21547 1 2 770 770 1055 924
21548 1 2 770 770 1055 1045
21549 1 2 770 770 1055 1056
21550 1 2 770 770 1055 935
21551 1 2 770 770 934 924
21552 1 2 770 770 934 1045
21553 1 2 770 770 934 1056
21554 1 2 770 770 934 935
21555 1 2 770 770 924 1045
21556 1 2 770 770 924 1056
21557 1 2 770 770 924 935
21558 1 2 770 770 1045 1056
21559 1 2 770 770 1045 935
21560 1 2 770 770 1056 935
21561 1 2 771 771 925 1046
21562 1 2 771 771 925 1057
21563 1 2 771 771 925 936
21564 1 2 771 771 925 926
21565 1 2 771 771 925 1047
21566 1 2 771 771 925 1058
21567 1 2 771 771 925 937
21568 1 2 771 771 1046 1057
21569 1 2 771 771 1046 936
21570 1 2 771 771 1046 926
21571 1 2 771 771 1046 1047
21572 1 2 771 771 1046 1058
21573 1 2 771 771 1046 937
21574 1 2 771 771 1057 936
21575 1 2 771 771 1057 926
21576 1 2 771 771 1057 1047
21577 1 2 771 771 1057 1058
21578 1 2 771 771 1057 937
21579 1 2 771 771 936 926
21580 1 2 771 771 936 1047
21581 1 2 771 771 936 1058
21582 1 2 771 771 936 937
21583 1 2 771 771 926 1047
21584 1 2 771 771 926 1058
21585 1 2 771 771 926 937
21586 1 2 771 771 1047 1058
21587 1 2 771 771 1047 937
21588 1 2 771 771 1058 937
21589 1 2 772 772 926 1047
21590 1 2 772 772 926 1058
21591 1 2 772 772 926 937
21592 1 2 772 772 926 927
21593 1 2 772 772 926 1048
21594 1 2 772 772 926 1059
21595 1 2 772 772 926 938
21596 1 2 772 772 1047 1058
21597 1 2 772 772 1047 937
21598 1 2 772 772 1047 927
21599 1 2 772 772 1047 1048
21600 1 2 772 772 1047 1059
21601 1 2 772 772 1047 938
21602 1 2 772 772 1058 937
21603 1 2 772 772 1058 927
21604 1 2 772 772 1058 1048
21605 1 2 772 772 1058 1059
21606 1 2 772 772 1058 938
21607 1 2 772 772 937 927
21608 1 2 772 772 937 1048
21609 1 2 772 772 937 1059
21610 1 2 772 772 937 938
21611 1 2 772 772 927 1048
21612 1 2 772 772 927 1059
21613 1 2 772 772 927 938
21614 1 2 772 772 1048 1059
21615 1 2 772 772 1048 938
21616 1 2 772 772 1059 938
21617 1 2 773 773 927 1048
21618 1 2 773 773 927 1059
21619 1 2 773 773 927 938
21620 1 2 773 773 927 928
21621 1 2 773 773 927 1049
21622 1 2 773 773 927 1060
21623 1 2 773 773 927 939
21624 1 2 773 773 1048 1059
21625 1 2 773 773 1048 938
21626 1 2 773 773 1048 928
21627 1 2 773 773 1048 1049
21628 1 2 773 773 1048 1060
21629 1 2 773 773 1048 939
21630 1 2 773 773 1059 938
21631 1 2 773 773 1059 928
21632 1 2 773 773 1059 1049
21633 1 2 773 773 1059 1060
21634 1 2 773 773 1059 939
21635 1 2 773 773 938 928
21636 1 2 773 773 938 1049
21637 1 2 773 773 938 1060
21638 1 2 773 773 938 939
21639 1 2 773 773 928 1049
21640 1 2 773 773 928 1060
21641 1 2 773 773 928 939
21642 1 2 773 773 1049 1060
21643 1 2 773 773 1049 939
21644 1 2 773 773 1060 939
21645 1 2 774 774 928 1049
21646 1 2 774 774 928 1060
21647 1 2 774 774 928 939
21648 1 2 774 774 928 929
21649 1 2 774 774 928 1050
21650 1 2 774 774 928 1061
21651 1 2 774 774 928 940
21652 1 2 774 774 1049 1060
21653 1 2 774 774 1049 939
21654 1 2 774 774 1049 929
21655 1 2 774 774 1049 1050
21656 1 2 774 774 1049 1061
21657 1 2 774 774 1049 940
21658 1 2 774 774 1060 939
21659 1 2 774 774 1060 929
21660 1 2 774 774 1060 1050
21661 1 2 774 774 1060 1061
21662 1 2 774 774 1060 940
21663 1 2 774 774 939 929
21664 1 2 774 774 939 1050
21665 1 2 774 774 939 1061
21666 1 2 774 774 939 940
21667 1 2 774 774 929 1050
21668 1 2 774 774 929 1061
21669 1 2 774 774 929 940
21670 1 2 774 774 1050 1061
21671 1 2 774 774 1050 940
21672 1 2 774 774 1061 940
21673 1 2 775 775 929 1050
21674 1 2 775 775 929 1061
21675 1 2 775 775 929 940
21676 1 2 775 775 929 930
21677 1 2 775 775 929 1051
21678 1 2 775 775 929 1062
21679 1 2 775 775 929 941
21680 1 2 775 775 1050 1061
21681 1 2 775 775 1050 940
21682 1 2 775 775 1050 930
21683 1 2 775 775 1050 1051
21684 1 2 775 775 1050 1062
21685 1 2 775 775 1050 941
21686 1 2 775 775 1061 940
21687 1 2 775 775 1061 930
21688 1 2 775 775 1061 1051
21689 1 2 775 775 1061 1062
21690 1 2 775 775 1061 941
21691 1 2 775 775 940 930
21692 1 2 775 775 940 1051
21693 1 2 775 775 940 1062
21694 1 2 775 775 940 941
21695 1 2 775 775 930 1051
21696 1 2 775 775 930 1062
21697 1 2 775 775 930 941
21698 1 2 775 775 1051 1062
21699 1 2 775 775 1051 941
21700 1 2 775 775 1062 941
21701 1 2 776 776 930 1051
21702 1 2 776 776 930 1062
21703 1 2 776 776 930 941
21704 1 2 776 776 930 931
21705 1 2 776 776 930 1052
21706 1 2 776 776 930 1063
21707 1 2 776 776 930 942
21708 1 2 776 776 1051 1062
21709 1 2 776 776 1051 941
21710 1 2 776 776 1051 931
21711 1 2 776 776 1051 1052
21712 1 2 776 776 1051 1063
21713 1 2 776 776 1051 942
21714 1 2 776 776 1062 941
21715 1 2 776 776 1062 931
21716 1 2 776 776 1062 1052
21717 1 2 776 776 1062 1063
21718 1 2 776 776 1062 942
21719 1 2 776 776 941 931
21720 1 2 776 776 941 1052
21721 1 2 776 776 941 1063
21722 1 2 776 776 941 942
21723 1 2 776 776 931 1052
21724 1 2 776 776 931 1063
21725 1 2 776 776 931 942
21726 1 2 776 776 1052 1063
21727 1 2 776 776 1052 942
21728 1 2 776 776 1063 942
21729 1 2 777 777 931 1052
21730 1 2 777 777 931 1063
21731 1 2 777 777 931 942
21732 1 2 777 777 931 932
21733 1 2 777 777 931 1053
21734 1 2 777 777 931 1064
21735 1 2 777 777 931 943
21736 1 2 777 777 1052 1063
21737 1 2 777 777 1052 942
21738 1 2 777 777 1052 932
21739 1 2 777 777 1052 1053
21740 1 2 777 777 1052 1064
21741 1 2 777 777 1052 943
21742 1 2 777 777 1063 942
21743 1 2 777 777 1063 932
21744 1 2 777 777 1063 1053
21745 1 2 777 777 1063 1064
21746 1 2 777 777 1063 943
21747 1 2 777 777 942 932
21748 1 2 777 777 942 1053
21749 1 2 777 777 942 1064
21750 1 2 777 777 942 943
21751 1 2 777 777 932 1053
21752 1 2 777 777 932 1064
21753 1 2 777 777 932 943
21754 1 2 777 777 1053 1064
21755 1 2 777 777 1053 943
21756 1 2 777 777 1064 943
21757 1 2 778 778 932 1053
21758 1 2 778 778 932 1064
21759 1 2 778 778 932 943
21760 1 2 778 778 932 933
21761 1 2 778 778 932 1054
21762 1 2 778 778 932 1065
21763 1 2 778 778 932 944
21764 1 2 778 778 1053 1064
21765 1 2 778 778 1053 943
21766 1 2 778 778 1053 933
21767 1 2 778 778 1053 1054
21768 1 2 778 778 1053 1065
21769 1 2 778 778 1053 944
21770 1 2 778 778 1064 943
21771 1 2 778 778 1064 933
21772 1 2 778 778 1064 1054
21773 1 2 778 778 1064 1065
21774 1 2 778 778 1064 944
21775 1 2 778 778 943 933
21776 1 2 778 778 943 1054
21777 1 2 778 778 943 1065
21778 1 2 778 778 943 944
21779 1 2 778 778 933 1054
21780 1 2 778 778 933 1065
21781 1 2 778 778 933 944
21782 1 2 778 778 1054 1065
21783 1 2 778 778 1054 944
21784 1 2 778 778 1065 944
21785 1 2 779 779 933 1054
21786 1 2 779 779 933 1065
21787 1 2 779 779 933 944
21788 1 2 779 779 933 934
21789 1 2 779 779 933 1055
21790 1 2 779 779 933 1066
21791 1 2 779 779 933 945
21792 1 2 779 779 1054 1065
21793 1 2 779 779 1054 944
21794 1 2 779 779 1054 934
21795 1 2 779 779 1054 1055
21796 1 2 779 779 1054 1066
21797 1 2 779 779 1054 945
21798 1 2 779 779 1065 944
21799 1 2 779 779 1065 934
21800 1 2 779 779 1065 1055
21801 1 2 779 779 1065 1066
21802 1 2 779 779 1065 945
21803 1 2 779 779 944 934
21804 1 2 779 779 944 1055
21805 1 2 779 779 944 1066
21806 1 2 779 779 944 945
21807 1 2 779 779 934 1055
21808 1 2 779 779 934 1066
21809 1 2 779 779 934 945
21810 1 2 779 779 1055 1066
21811 1 2 779 779 1055 945
21812 1 2 779 779 1066 945
21813 1 2 780 780 934 1055
21814 1 2 780 780 934 1066
21815 1 2 780 780 934 945
21816 1 2 780 780 934 935
21817 1 2 780 780 934 1056
21818 1 2 780 780 934 1067
21819 1 2 780 780 934 946
21820 1 2 780 780 1055 1066
21821 1 2 780 780 1055 945
21822 1 2 780 780 1055 935
21823 1 2 780 780 1055 1056
21824 1 2 780 780 1055 1067
21825 1 2 780 780 1055 946
21826 1 2 780 780 1066 945
21827 1 2 780 780 1066 935
21828 1 2 780 780 1066 1056
21829 1 2 780 780 1066 1067
21830 1 2 780 780 1066 946
21831 1 2 780 780 945 935
21832 1 2 780 780 945 1056
21833 1 2 780 780 945 1067
21834 1 2 780 780 945 946
21835 1 2 780 780 935 1056
21836 1 2 780 780 935 1067
21837 1 2 780 780 935 946
21838 1 2 780 780 1056 1067
21839 1 2 780 780 1056 946
21840 1 2 780 780 1067 946
21841 1 2 781 781 936 1057
21842 1 2 781 781 936 1068
21843 1 2 781 781 936 947
21844 1 2 781 781 936 937
21845 1 2 781 781 936 1058
21846 1 2 781 781 936 1069
21847 1 2 781 781 936 948
21848 1 2 781 781 1057 1068
21849 1 2 781 781 1057 947
21850 1 2 781 781 1057 937
21851 1 2 781 781 1057 1058
21852 1 2 781 781 1057 1069
21853 1 2 781 781 1057 948
21854 1 2 781 781 1068 947
21855 1 2 781 781 1068 937
21856 1 2 781 781 1068 1058
21857 1 2 781 781 1068 1069
21858 1 2 781 781 1068 948
21859 1 2 781 781 947 937
21860 1 2 781 781 947 1058
21861 1 2 781 781 947 1069
21862 1 2 781 781 947 948
21863 1 2 781 781 937 1058
21864 1 2 781 781 937 1069
21865 1 2 781 781 937 948
21866 1 2 781 781 1058 1069
21867 1 2 781 781 1058 948
21868 1 2 781 781 1069 948
21869 1 2 782 782 937 1058
21870 1 2 782 782 937 1069
21871 1 2 782 782 937 948
21872 1 2 782 782 937 938
21873 1 2 782 782 937 1059
21874 1 2 782 782 937 1070
21875 1 2 782 782 937 949
21876 1 2 782 782 1058 1069
21877 1 2 782 782 1058 948
21878 1 2 782 782 1058 938
21879 1 2 782 782 1058 1059
21880 1 2 782 782 1058 1070
21881 1 2 782 782 1058 949
21882 1 2 782 782 1069 948
21883 1 2 782 782 1069 938
21884 1 2 782 782 1069 1059
21885 1 2 782 782 1069 1070
21886 1 2 782 782 1069 949
21887 1 2 782 782 948 938
21888 1 2 782 782 948 1059
21889 1 2 782 782 948 1070
21890 1 2 782 782 948 949
21891 1 2 782 782 938 1059
21892 1 2 782 782 938 1070
21893 1 2 782 782 938 949
21894 1 2 782 782 1059 1070
21895 1 2 782 782 1059 949
21896 1 2 782 782 1070 949
21897 1 2 783 783 938 1059
21898 1 2 783 783 938 1070
21899 1 2 783 783 938 949
21900 1 2 783 783 938 939
21901 1 2 783 783 938 1060
21902 1 2 783 783 938 1071
21903 1 2 783 783 938 950
21904 1 2 783 783 1059 1070
21905 1 2 783 783 1059 949
21906 1 2 783 783 1059 939
21907 1 2 783 783 1059 1060
21908 1 2 783 783 1059 1071
21909 1 2 783 783 1059 950
21910 1 2 783 783 1070 949
21911 1 2 783 783 1070 939
21912 1 2 783 783 1070 1060
21913 1 2 783 783 1070 1071
21914 1 2 783 783 1070 950
21915 1 2 783 783 949 939
21916 1 2 783 783 949 1060
21917 1 2 783 783 949 1071
21918 1 2 783 783 949 950
21919 1 2 783 783 939 1060
21920 1 2 783 783 939 1071
21921 1 2 783 783 939 950
21922 1 2 783 783 1060 1071
21923 1 2 783 783 1060 950
21924 1 2 783 783 1071 950
21925 1 2 784 784 939 1060
21926 1 2 784 784 939 1071
21927 1 2 784 784 939 950
21928 1 2 784 784 939 940
21929 1 2 784 784 939 1061
21930 1 2 784 784 939 1072
21931 1 2 784 784 939 951
21932 1 2 784 784 1060 1071
21933 1 2 784 784 1060 950
21934 1 2 784 784 1060 940
21935 1 2 784 784 1060 1061
21936 1 2 784 784 1060 1072
21937 1 2 784 784 1060 951
21938 1 2 784 784 1071 950
21939 1 2 784 784 1071 940
21940 1 2 784 784 1071 1061
21941 1 2 784 784 1071 1072
21942 1 2 784 784 1071 951
21943 1 2 784 784 950 940
21944 1 2 784 784 950 1061
21945 1 2 784 784 950 1072
21946 1 2 784 784 950 951
21947 1 2 784 784 940 1061
21948 1 2 784 784 940 1072
21949 1 2 784 784 940 951
21950 1 2 784 784 1061 1072
21951 1 2 784 784 1061 951
21952 1 2 784 784 1072 951
21953 1 2 785 785 940 1061
21954 1 2 785 785 940 1072
21955 1 2 785 785 940 951
21956 1 2 785 785 940 941
21957 1 2 785 785 940 1062
21958 1 2 785 785 940 1073
21959 1 2 785 785 940 952
21960 1 2 785 785 1061 1072
21961 1 2 785 785 1061 951
21962 1 2 785 785 1061 941
21963 1 2 785 785 1061 1062
21964 1 2 785 785 1061 1073
21965 1 2 785 785 1061 952
21966 1 2 785 785 1072 951
21967 1 2 785 785 1072 941
21968 1 2 785 785 1072 1062
21969 1 2 785 785 1072 1073
21970 1 2 785 785 1072 952
21971 1 2 785 785 951 941
21972 1 2 785 785 951 1062
21973 1 2 785 785 951 1073
21974 1 2 785 785 951 952
21975 1 2 785 785 941 1062
21976 1 2 785 785 941 1073
21977 1 2 785 785 941 952
21978 1 2 785 785 1062 1073
21979 1 2 785 785 1062 952
21980 1 2 785 785 1073 952
21981 1 2 786 786 941 1062
21982 1 2 786 786 941 1073
21983 1 2 786 786 941 952
21984 1 2 786 786 941 942
21985 1 2 786 786 941 1063
21986 1 2 786 786 941 1074
21987 1 2 786 786 941 953
21988 1 2 786 786 1062 1073
21989 1 2 786 786 1062 952
21990 1 2 786 786 1062 942
21991 1 2 786 786 1062 1063
21992 1 2 786 786 1062 1074
21993 1 2 786 786 1062 953
21994 1 2 786 786 1073 952
21995 1 2 786 786 1073 942
21996 1 2 786 786 1073 1063
21997 1 2 786 786 1073 1074
21998 1 2 786 786 1073 953
21999 1 2 786 786 952 942
22000 1 2 786 786 952 1063
22001 1 2 786 786 952 1074
22002 1 2 786 786 952 953
22003 1 2 786 786 942 1063
22004 1 2 786 786 942 1074
22005 1 2 786 786 942 953
22006 1 2 786 786 1063 1074
22007 1 2 786 786 1063 953
22008 1 2 786 786 1074 953
22009 1 2 787 787 942 1063
22010 1 2 787 787 942 1074
22011 1 2 787 787 942 953
22012 1 2 787 787 942 943
22013 1 2 787 787 942 1064
22014 1 2 787 787 942 1075
22015 1 2 787 787 942 954
22016 1 2 787 787 1063 1074
22017 1 2 787 787 1063 953
22018 1 2 787 787 1063 943
22019 1 2 787 787 1063 1064
22020 1 2 787 787 1063 1075
22021 1 2 787 787 1063 954
22022 1 2 787 787 1074 953
22023 1 2 787 787 1074 943
22024 1 2 787 787 1074 1064
22025 1 2 787 787 1074 1075
22026 1 2 787 787 1074 954
22027 1 2 787 787 953 943
22028 1 2 787 787 953 1064
22029 1 2 787 787 953 1075
22030 1 2 787 787 953 954
22031 1 2 787 787 943 1064
22032 1 2 787 787 943 1075
22033 1 2 787 787 943 954
22034 1 2 787 787 1064 1075
22035 1 2 787 787 1064 954
22036 1 2 787 787 1075 954
22037 1 2 788 788 943 1064
22038 1 2 788 788 943 1075
22039 1 2 788 788 943 954
22040 1 2 788 788 943 944
22041 1 2 788 788 943 1065
22042 1 2 788 788 943 1076
22043 1 2 788 788 943 955
22044 1 2 788 788 1064 1075
22045 1 2 788 788 1064 954
22046 1 2 788 788 1064 944
22047 1 2 788 788 1064 1065
22048 1 2 788 788 1064 1076
22049 1 2 788 788 1064 955
22050 1 2 788 788 1075 954
22051 1 2 788 788 1075 944
22052 1 2 788 788 1075 1065
22053 1 2 788 788 1075 1076
22054 1 2 788 788 1075 955
22055 1 2 788 788 954 944
22056 1 2 788 788 954 1065
22057 1 2 788 788 954 1076
22058 1 2 788 788 954 955
22059 1 2 788 788 944 1065
22060 1 2 788 788 944 1076
22061 1 2 788 788 944 955
22062 1 2 788 788 1065 1076
22063 1 2 788 788 1065 955
22064 1 2 788 788 1076 955
22065 1 2 789 789 944 1065
22066 1 2 789 789 944 1076
22067 1 2 789 789 944 955
22068 1 2 789 789 944 945
22069 1 2 789 789 944 1066
22070 1 2 789 789 944 1077
22071 1 2 789 789 944 956
22072 1 2 789 789 1065 1076
22073 1 2 789 789 1065 955
22074 1 2 789 789 1065 945
22075 1 2 789 789 1065 1066
22076 1 2 789 789 1065 1077
22077 1 2 789 789 1065 956
22078 1 2 789 789 1076 955
22079 1 2 789 789 1076 945
22080 1 2 789 789 1076 1066
22081 1 2 789 789 1076 1077
22082 1 2 789 789 1076 956
22083 1 2 789 789 955 945
22084 1 2 789 789 955 1066
22085 1 2 789 789 955 1077
22086 1 2 789 789 955 956
22087 1 2 789 789 945 1066
22088 1 2 789 789 945 1077
22089 1 2 789 789 945 956
22090 1 2 789 789 1066 1077
22091 1 2 789 789 1066 956
22092 1 2 789 789 1077 956
22093 1 2 790 790 945 1066
22094 1 2 790 790 945 1077
22095 1 2 790 790 945 956
22096 1 2 790 790 945 946
22097 1 2 790 790 945 1067
22098 1 2 790 790 945 1078
22099 1 2 790 790 945 957
22100 1 2 790 790 1066 1077
22101 1 2 790 790 1066 956
22102 1 2 790 790 1066 946
22103 1 2 790 790 1066 1067
22104 1 2 790 790 1066 1078
22105 1 2 790 790 1066 957
22106 1 2 790 790 1077 956
22107 1 2 790 790 1077 946
22108 1 2 790 790 1077 1067
22109 1 2 790 790 1077 1078
22110 1 2 790 790 1077 957
22111 1 2 790 790 956 946
22112 1 2 790 790 956 1067
22113 1 2 790 790 956 1078
22114 1 2 790 790 956 957
22115 1 2 790 790 946 1067
22116 1 2 790 790 946 1078
22117 1 2 790 790 946 957
22118 1 2 790 790 1067 1078
22119 1 2 790 790 1067 957
22120 1 2 790 790 1078 957
22121 1 2 791 791 947 1068
22122 1 2 791 791 947 1079
22123 1 2 791 791 947 958
22124 1 2 791 791 947 948
22125 1 2 791 791 947 1069
22126 1 2 791 791 947 1080
22127 1 2 791 791 947 959
22128 1 2 791 791 1068 1079
22129 1 2 791 791 1068 958
22130 1 2 791 791 1068 948
22131 1 2 791 791 1068 1069
22132 1 2 791 791 1068 1080
22133 1 2 791 791 1068 959
22134 1 2 791 791 1079 958
22135 1 2 791 791 1079 948
22136 1 2 791 791 1079 1069
22137 1 2 791 791 1079 1080
22138 1 2 791 791 1079 959
22139 1 2 791 791 958 948
22140 1 2 791 791 958 1069
22141 1 2 791 791 958 1080
22142 1 2 791 791 958 959
22143 1 2 791 791 948 1069
22144 1 2 791 791 948 1080
22145 1 2 791 791 948 959
22146 1 2 791 791 1069 1080
22147 1 2 791 791 1069 959
22148 1 2 791 791 1080 959
22149 1 2 792 792 948 1069
22150 1 2 792 792 948 1080
22151 1 2 792 792 948 959
22152 1 2 792 792 948 949
22153 1 2 792 792 948 1070
22154 1 2 792 792 948 1081
22155 1 2 792 792 948 960
22156 1 2 792 792 1069 1080
22157 1 2 792 792 1069 959
22158 1 2 792 792 1069 949
22159 1 2 792 792 1069 1070
22160 1 2 792 792 1069 1081
22161 1 2 792 792 1069 960
22162 1 2 792 792 1080 959
22163 1 2 792 792 1080 949
22164 1 2 792 792 1080 1070
22165 1 2 792 792 1080 1081
22166 1 2 792 792 1080 960
22167 1 2 792 792 959 949
22168 1 2 792 792 959 1070
22169 1 2 792 792 959 1081
22170 1 2 792 792 959 960
22171 1 2 792 792 949 1070
22172 1 2 792 792 949 1081
22173 1 2 792 792 949 960
22174 1 2 792 792 1070 1081
22175 1 2 792 792 1070 960
22176 1 2 792 792 1081 960
22177 1 2 793 793 949 1070
22178 1 2 793 793 949 1081
22179 1 2 793 793 949 960
22180 1 2 793 793 949 950
22181 1 2 793 793 949 1071
22182 1 2 793 793 949 1082
22183 1 2 793 793 949 961
22184 1 2 793 793 1070 1081
22185 1 2 793 793 1070 960
22186 1 2 793 793 1070 950
22187 1 2 793 793 1070 1071
22188 1 2 793 793 1070 1082
22189 1 2 793 793 1070 961
22190 1 2 793 793 1081 960
22191 1 2 793 793 1081 950
22192 1 2 793 793 1081 1071
22193 1 2 793 793 1081 1082
22194 1 2 793 793 1081 961
22195 1 2 793 793 960 950
22196 1 2 793 793 960 1071
22197 1 2 793 793 960 1082
22198 1 2 793 793 960 961
22199 1 2 793 793 950 1071
22200 1 2 793 793 950 1082
22201 1 2 793 793 950 961
22202 1 2 793 793 1071 1082
22203 1 2 793 793 1071 961
22204 1 2 793 793 1082 961
22205 1 2 794 794 950 1071
22206 1 2 794 794 950 1082
22207 1 2 794 794 950 961
22208 1 2 794 794 950 951
22209 1 2 794 794 950 1072
22210 1 2 794 794 950 1083
22211 1 2 794 794 950 962
22212 1 2 794 794 1071 1082
22213 1 2 794 794 1071 961
22214 1 2 794 794 1071 951
22215 1 2 794 794 1071 1072
22216 1 2 794 794 1071 1083
22217 1 2 794 794 1071 962
22218 1 2 794 794 1082 961
22219 1 2 794 794 1082 951
22220 1 2 794 794 1082 1072
22221 1 2 794 794 1082 1083
22222 1 2 794 794 1082 962
22223 1 2 794 794 961 951
22224 1 2 794 794 961 1072
22225 1 2 794 794 961 1083
22226 1 2 794 794 961 962
22227 1 2 794 794 951 1072
22228 1 2 794 794 951 1083
22229 1 2 794 794 951 962
22230 1 2 794 794 1072 1083
22231 1 2 794 794 1072 962
22232 1 2 794 794 1083 962
22233 1 2 795 795 951 1072
22234 1 2 795 795 951 1083
22235 1 2 795 795 951 962
22236 1 2 795 795 951 952
22237 1 2 795 795 951 1073
22238 1 2 795 795 951 1084
22239 1 2 795 795 951 963
22240 1 2 795 795 1072 1083
22241 1 2 795 795 1072 962
22242 1 2 795 795 1072 952
22243 1 2 795 795 1072 1073
22244 1 2 795 795 1072 1084
22245 1 2 795 795 1072 963
22246 1 2 795 795 1083 962
22247 1 2 795 795 1083 952
22248 1 2 795 795 1083 1073
22249 1 2 795 795 1083 1084
22250 1 2 795 795 1083 963
22251 1 2 795 795 962 952
22252 1 2 795 795 962 1073
22253 1 2 795 795 962 1084
22254 1 2 795 795 962 963
22255 1 2 795 795 952 1073
22256 1 2 795 795 952 1084
22257 1 2 795 795 952 963
22258 1 2 795 795 1073 1084
22259 1 2 795 795 1073 963
22260 1 2 795 795 1084 963
22261 1 2 796 796 952 1073
22262 1 2 796 796 952 1084
22263 1 2 796 796 952 963
22264 1 2 796 796 952 953
22265 1 2 796 796 952 1074
22266 1 2 796 796 952 1085
22267 1 2 796 796 952 964
22268 1 2 796 796 1073 1084
22269 1 2 796 796 1073 963
22270 1 2 796 796 1073 953
22271 1 2 796 796 1073 1074
22272 1 2 796 796 1073 1085
22273 1 2 796 796 1073 964
22274 1 2 796 796 1084 963
22275 1 2 796 796 1084 953
22276 1 2 796 796 1084 1074
22277 1 2 796 796 1084 1085
22278 1 2 796 796 1084 964
22279 1 2 796 796 963 953
22280 1 2 796 796 963 1074
22281 1 2 796 796 963 1085
22282 1 2 796 796 963 964
22283 1 2 796 796 953 1074
22284 1 2 796 796 953 1085
22285 1 2 796 796 953 964
22286 1 2 796 796 1074 1085
22287 1 2 796 796 1074 964
22288 1 2 796 796 1085 964
22289 1 2 797 797 953 1074
22290 1 2 797 797 953 1085
22291 1 2 797 797 953 964
22292 1 2 797 797 953 954
22293 1 2 797 797 953 1075
22294 1 2 797 797 953 1086
22295 1 2 797 797 953 965
22296 1 2 797 797 1074 1085
22297 1 2 797 797 1074 964
22298 1 2 797 797 1074 954
22299 1 2 797 797 1074 1075
22300 1 2 797 797 1074 1086
22301 1 2 797 797 1074 965
22302 1 2 797 797 1085 964
22303 1 2 797 797 1085 954
22304 1 2 797 797 1085 1075
22305 1 2 797 797 1085 1086
22306 1 2 797 797 1085 965
22307 1 2 797 797 964 954
22308 1 2 797 797 964 1075
22309 1 2 797 797 964 1086
22310 1 2 797 797 964 965
22311 1 2 797 797 954 1075
22312 1 2 797 797 954 1086
22313 1 2 797 797 954 965
22314 1 2 797 797 1075 1086
22315 1 2 797 797 1075 965
22316 1 2 797 797 1086 965
22317 1 2 798 798 954 1075
22318 1 2 798 798 954 1086
22319 1 2 798 798 954 965
22320 1 2 798 798 954 955
22321 1 2 798 798 954 1076
22322 1 2 798 798 954 1087
22323 1 2 798 798 954 966
22324 1 2 798 798 1075 1086
22325 1 2 798 798 1075 965
22326 1 2 798 798 1075 955
22327 1 2 798 798 1075 1076
22328 1 2 798 798 1075 1087
22329 1 2 798 798 1075 966
22330 1 2 798 798 1086 965
22331 1 2 798 798 1086 955
22332 1 2 798 798 1086 1076
22333 1 2 798 798 1086 1087
22334 1 2 798 798 1086 966
22335 1 2 798 798 965 955
22336 1 2 798 798 965 1076
22337 1 2 798 798 965 1087
22338 1 2 798 798 965 966
22339 1 2 798 798 955 1076
22340 1 2 798 798 955 1087
22341 1 2 798 798 955 966
22342 1 2 798 798 1076 1087
22343 1 2 798 798 1076 966
22344 1 2 798 798 1087 966
22345 1 2 799 799 955 1076
22346 1 2 799 799 955 1087
22347 1 2 799 799 955 966
22348 1 2 799 799 955 956
22349 1 2 799 799 955 1077
22350 1 2 799 799 955 1088
22351 1 2 799 799 955 967
22352 1 2 799 799 1076 1087
22353 1 2 799 799 1076 966
22354 1 2 799 799 1076 956
22355 1 2 799 799 1076 1077
22356 1 2 799 799 1076 1088
22357 1 2 799 799 1076 967
22358 1 2 799 799 1087 966
22359 1 2 799 799 1087 956
22360 1 2 799 799 1087 1077
22361 1 2 799 799 1087 1088
22362 1 2 799 799 1087 967
22363 1 2 799 799 966 956
22364 1 2 799 799 966 1077
22365 1 2 799 799 966 1088
22366 1 2 799 799 966 967
22367 1 2 799 799 956 1077
22368 1 2 799 799 956 1088
22369 1 2 799 799 956 967
22370 1 2 799 799 1077 1088
22371 1 2 799 799 1077 967
22372 1 2 799 799 1088 967
22373 1 2 800 800 956 1077
22374 1 2 800 800 956 1088
22375 1 2 800 800 956 967
22376 1 2 800 800 956 957
22377 1 2 800 800 956 1078
22378 1 2 800 800 956 1089
22379 1 2 800 800 956 968
22380 1 2 800 800 1077 1088
22381 1 2 800 800 1077 967
22382 1 2 800 800 1077 957
22383 1 2 800 800 1077 1078
22384 1 2 800 800 1077 1089
22385 1 2 800 800 1077 968
22386 1 2 800 800 1088 967
22387 1 2 800 800 1088 957
22388 1 2 800 800 1088 1078
22389 1 2 800 800 1088 1089
22390 1 2 800 800 1088 968
22391 1 2 800 800 967 957
22392 1 2 800 800 967 1078
22393 1 2 800 800 967 1089
22394 1 2 800 800 967 968
22395 1 2 800 800 957 1078
22396 1 2 800 800 957 1089
22397 1 2 800 800 957 968
22398 1 2 800 800 1078 1089
22399 1 2 800 800 1078 968
22400 1 2 800 800 1089 968
22401 1 2 801 801 969 1090
22402 1 2 801 801 969 1101
22403 1 2 801 801 969 980
22404 1 2 801 801 969 970
22405 1 2 801 801 969 1091
22406 1 2 801 801 969 1102
22407 1 2 801 801 969 981
22408 1 2 801 801 1090 1101
22409 1 2 801 801 1090 980
22410 1 2 801 801 1090 970
22411 1 2 801 801 1090 1091
22412 1 2 801 801 1090 1102
22413 1 2 801 801 1090 981
22414 1 2 801 801 1101 980
22415 1 2 801 801 1101 970
22416 1 2 801 801 1101 1091
22417 1 2 801 801 1101 1102
22418 1 2 801 801 1101 981
22419 1 2 801 801 980 970
22420 1 2 801 801 980 1091
22421 1 2 801 801 980 1102
22422 1 2 801 801 980 981
22423 1 2 801 801 970 1091
22424 1 2 801 801 970 1102
22425 1 2 801 801 970 981
22426 1 2 801 801 1091 1102
22427 1 2 801 801 1091 981
22428 1 2 801 801 1102 981
22429 1 2 802 802 970 1091
22430 1 2 802 802 970 1102
22431 1 2 802 802 970 981
22432 1 2 802 802 970 971
22433 1 2 802 802 970 1092
22434 1 2 802 802 970 1103
22435 1 2 802 802 970 982
22436 1 2 802 802 1091 1102
22437 1 2 802 802 1091 981
22438 1 2 802 802 1091 971
22439 1 2 802 802 1091 1092
22440 1 2 802 802 1091 1103
22441 1 2 802 802 1091 982
22442 1 2 802 802 1102 981
22443 1 2 802 802 1102 971
22444 1 2 802 802 1102 1092
22445 1 2 802 802 1102 1103
22446 1 2 802 802 1102 982
22447 1 2 802 802 981 971
22448 1 2 802 802 981 1092
22449 1 2 802 802 981 1103
22450 1 2 802 802 981 982
22451 1 2 802 802 971 1092
22452 1 2 802 802 971 1103
22453 1 2 802 802 971 982
22454 1 2 802 802 1092 1103
22455 1 2 802 802 1092 982
22456 1 2 802 802 1103 982
22457 1 2 803 803 971 1092
22458 1 2 803 803 971 1103
22459 1 2 803 803 971 982
22460 1 2 803 803 971 972
22461 1 2 803 803 971 1093
22462 1 2 803 803 971 1104
22463 1 2 803 803 971 983
22464 1 2 803 803 1092 1103
22465 1 2 803 803 1092 982
22466 1 2 803 803 1092 972
22467 1 2 803 803 1092 1093
22468 1 2 803 803 1092 1104
22469 1 2 803 803 1092 983
22470 1 2 803 803 1103 982
22471 1 2 803 803 1103 972
22472 1 2 803 803 1103 1093
22473 1 2 803 803 1103 1104
22474 1 2 803 803 1103 983
22475 1 2 803 803 982 972
22476 1 2 803 803 982 1093
22477 1 2 803 803 982 1104
22478 1 2 803 803 982 983
22479 1 2 803 803 972 1093
22480 1 2 803 803 972 1104
22481 1 2 803 803 972 983
22482 1 2 803 803 1093 1104
22483 1 2 803 803 1093 983
22484 1 2 803 803 1104 983
22485 1 2 804 804 972 1093
22486 1 2 804 804 972 1104
22487 1 2 804 804 972 983
22488 1 2 804 804 972 973
22489 1 2 804 804 972 1094
22490 1 2 804 804 972 1105
22491 1 2 804 804 972 984
22492 1 2 804 804 1093 1104
22493 1 2 804 804 1093 983
22494 1 2 804 804 1093 973
22495 1 2 804 804 1093 1094
22496 1 2 804 804 1093 1105
22497 1 2 804 804 1093 984
22498 1 2 804 804 1104 983
22499 1 2 804 804 1104 973
22500 1 2 804 804 1104 1094
22501 1 2 804 804 1104 1105
22502 1 2 804 804 1104 984
22503 1 2 804 804 983 973
22504 1 2 804 804 983 1094
22505 1 2 804 804 983 1105
22506 1 2 804 804 983 984
22507 1 2 804 804 973 1094
22508 1 2 804 804 973 1105
22509 1 2 804 804 973 984
22510 1 2 804 804 1094 1105
22511 1 2 804 804 1094 984
22512 1 2 804 804 1105 984
22513 1 2 805 805 973 1094
22514 1 2 805 805 973 1105
22515 1 2 805 805 973 984
22516 1 2 805 805 973 974
22517 1 2 805 805 973 1095
22518 1 2 805 805 973 1106
22519 1 2 805 805 973 985
22520 1 2 805 805 1094 1105
22521 1 2 805 805 1094 984
22522 1 2 805 805 1094 974
22523 1 2 805 805 1094 1095
22524 1 2 805 805 1094 1106
22525 1 2 805 805 1094 985
22526 1 2 805 805 1105 984
22527 1 2 805 805 1105 974
22528 1 2 805 805 1105 1095
22529 1 2 805 805 1105 1106
22530 1 2 805 805 1105 985
22531 1 2 805 805 984 974
22532 1 2 805 805 984 1095
22533 1 2 805 805 984 1106
22534 1 2 805 805 984 985
22535 1 2 805 805 974 1095
22536 1 2 805 805 974 1106
22537 1 2 805 805 974 985
22538 1 2 805 805 1095 1106
22539 1 2 805 805 1095 985
22540 1 2 805 805 1106 985
22541 1 2 806 806 974 1095
22542 1 2 806 806 974 1106
22543 1 2 806 806 974 985
22544 1 2 806 806 974 975
22545 1 2 806 806 974 1096
22546 1 2 806 806 974 1107
22547 1 2 806 806 974 986
22548 1 2 806 806 1095 1106
22549 1 2 806 806 1095 985
22550 1 2 806 806 1095 975
22551 1 2 806 806 1095 1096
22552 1 2 806 806 1095 1107
22553 1 2 806 806 1095 986
22554 1 2 806 806 1106 985
22555 1 2 806 806 1106 975
22556 1 2 806 806 1106 1096
22557 1 2 806 806 1106 1107
22558 1 2 806 806 1106 986
22559 1 2 806 806 985 975
22560 1 2 806 806 985 1096
22561 1 2 806 806 985 1107
22562 1 2 806 806 985 986
22563 1 2 806 806 975 1096
22564 1 2 806 806 975 1107
22565 1 2 806 806 975 986
22566 1 2 806 806 1096 1107
22567 1 2 806 806 1096 986
22568 1 2 806 806 1107 986
22569 1 2 807 807 975 1096
22570 1 2 807 807 975 1107
22571 1 2 807 807 975 986
22572 1 2 807 807 975 976
22573 1 2 807 807 975 1097
22574 1 2 807 807 975 1108
22575 1 2 807 807 975 987
22576 1 2 807 807 1096 1107
22577 1 2 807 807 1096 986
22578 1 2 807 807 1096 976
22579 1 2 807 807 1096 1097
22580 1 2 807 807 1096 1108
22581 1 2 807 807 1096 987
22582 1 2 807 807 1107 986
22583 1 2 807 807 1107 976
22584 1 2 807 807 1107 1097
22585 1 2 807 807 1107 1108
22586 1 2 807 807 1107 987
22587 1 2 807 807 986 976
22588 1 2 807 807 986 1097
22589 1 2 807 807 986 1108
22590 1 2 807 807 986 987
22591 1 2 807 807 976 1097
22592 1 2 807 807 976 1108
22593 1 2 807 807 976 987
22594 1 2 807 807 1097 1108
22595 1 2 807 807 1097 987
22596 1 2 807 807 1108 987
22597 1 2 808 808 976 1097
22598 1 2 808 808 976 1108
22599 1 2 808 808 976 987
22600 1 2 808 808 976 977
22601 1 2 808 808 976 1098
22602 1 2 808 808 976 1109
22603 1 2 808 808 976 988
22604 1 2 808 808 1097 1108
22605 1 2 808 808 1097 987
22606 1 2 808 808 1097 977
22607 1 2 808 808 1097 1098
22608 1 2 808 808 1097 1109
22609 1 2 808 808 1097 988
22610 1 2 808 808 1108 987
22611 1 2 808 808 1108 977
22612 1 2 808 808 1108 1098
22613 1 2 808 808 1108 1109
22614 1 2 808 808 1108 988
22615 1 2 808 808 987 977
22616 1 2 808 808 987 1098
22617 1 2 808 808 987 1109
22618 1 2 808 808 987 988
22619 1 2 808 808 977 1098
22620 1 2 808 808 977 1109
22621 1 2 808 808 977 988
22622 1 2 808 808 1098 1109
22623 1 2 808 808 1098 988
22624 1 2 808 808 1109 988
22625 1 2 809 809 977 1098
22626 1 2 809 809 977 1109
22627 1 2 809 809 977 988
22628 1 2 809 809 977 978
22629 1 2 809 809 977 1099
22630 1 2 809 809 977 1110
22631 1 2 809 809 977 989
22632 1 2 809 809 1098 1109
22633 1 2 809 809 1098 988
22634 1 2 809 809 1098 978
22635 1 2 809 809 1098 1099
22636 1 2 809 809 1098 1110
22637 1 2 809 809 1098 989
22638 1 2 809 809 1109 988
22639 1 2 809 809 1109 978
22640 1 2 809 809 1109 1099
22641 1 2 809 809 1109 1110
22642 1 2 809 809 1109 989
22643 1 2 809 809 988 978
22644 1 2 809 809 988 1099
22645 1 2 809 809 988 1110
22646 1 2 809 809 988 989
22647 1 2 809 809 978 1099
22648 1 2 809 809 978 1110
22649 1 2 809 809 978 989
22650 1 2 809 809 1099 1110
22651 1 2 809 809 1099 989
22652 1 2 809 809 1110 989
22653 1 2 810 810 978 1099
22654 1 2 810 810 978 1110
22655 1 2 810 810 978 989
22656 1 2 810 810 978 979
22657 1 2 810 810 978 1100
22658 1 2 810 810 978 1111
22659 1 2 810 810 978 990
22660 1 2 810 810 1099 1110
22661 1 2 810 810 1099 989
22662 1 2 810 810 1099 979
22663 1 2 810 810 1099 1100
22664 1 2 810 810 1099 1111
22665 1 2 810 810 1099 990
22666 1 2 810 810 1110 989
22667 1 2 810 810 1110 979
22668 1 2 810 810 1110 1100
22669 1 2 810 810 1110 1111
22670 1 2 810 810 1110 990
22671 1 2 810 810 989 979
22672 1 2 810 810 989 1100
22673 1 2 810 810 989 1111
22674 1 2 810 810 989 990
22675 1 2 810 810 979 1100
22676 1 2 810 810 979 1111
22677 1 2 810 810 979 990
22678 1 2 810 810 1100 1111
22679 1 2 810 810 1100 990
22680 1 2 810 810 1111 990
22681 1 2 811 811 980 1101
22682 1 2 811 811 980 1112
22683 1 2 811 811 980 991
22684 1 2 811 811 980 981
22685 1 2 811 811 980 1102
22686 1 2 811 811 980 1113
22687 1 2 811 811 980 992
22688 1 2 811 811 1101 1112
22689 1 2 811 811 1101 991
22690 1 2 811 811 1101 981
22691 1 2 811 811 1101 1102
22692 1 2 811 811 1101 1113
22693 1 2 811 811 1101 992
22694 1 2 811 811 1112 991
22695 1 2 811 811 1112 981
22696 1 2 811 811 1112 1102
22697 1 2 811 811 1112 1113
22698 1 2 811 811 1112 992
22699 1 2 811 811 991 981
22700 1 2 811 811 991 1102
22701 1 2 811 811 991 1113
22702 1 2 811 811 991 992
22703 1 2 811 811 981 1102
22704 1 2 811 811 981 1113
22705 1 2 811 811 981 992
22706 1 2 811 811 1102 1113
22707 1 2 811 811 1102 992
22708 1 2 811 811 1113 992
22709 1 2 812 812 981 1102
22710 1 2 812 812 981 1113
22711 1 2 812 812 981 992
22712 1 2 812 812 981 982
22713 1 2 812 812 981 1103
22714 1 2 812 812 981 1114
22715 1 2 812 812 981 993
22716 1 2 812 812 1102 1113
22717 1 2 812 812 1102 992
22718 1 2 812 812 1102 982
22719 1 2 812 812 1102 1103
22720 1 2 812 812 1102 1114
22721 1 2 812 812 1102 993
22722 1 2 812 812 1113 992
22723 1 2 812 812 1113 982
22724 1 2 812 812 1113 1103
22725 1 2 812 812 1113 1114
22726 1 2 812 812 1113 993
22727 1 2 812 812 992 982
22728 1 2 812 812 992 1103
22729 1 2 812 812 992 1114
22730 1 2 812 812 992 993
22731 1 2 812 812 982 1103
22732 1 2 812 812 982 1114
22733 1 2 812 812 982 993
22734 1 2 812 812 1103 1114
22735 1 2 812 812 1103 993
22736 1 2 812 812 1114 993
22737 1 2 813 813 982 1103
22738 1 2 813 813 982 1114
22739 1 2 813 813 982 993
22740 1 2 813 813 982 983
22741 1 2 813 813 982 1104
22742 1 2 813 813 982 1115
22743 1 2 813 813 982 994
22744 1 2 813 813 1103 1114
22745 1 2 813 813 1103 993
22746 1 2 813 813 1103 983
22747 1 2 813 813 1103 1104
22748 1 2 813 813 1103 1115
22749 1 2 813 813 1103 994
22750 1 2 813 813 1114 993
22751 1 2 813 813 1114 983
22752 1 2 813 813 1114 1104
22753 1 2 813 813 1114 1115
22754 1 2 813 813 1114 994
22755 1 2 813 813 993 983
22756 1 2 813 813 993 1104
22757 1 2 813 813 993 1115
22758 1 2 813 813 993 994
22759 1 2 813 813 983 1104
22760 1 2 813 813 983 1115
22761 1 2 813 813 983 994
22762 1 2 813 813 1104 1115
22763 1 2 813 813 1104 994
22764 1 2 813 813 1115 994
22765 1 2 814 814 983 1104
22766 1 2 814 814 983 1115
22767 1 2 814 814 983 994
22768 1 2 814 814 983 984
22769 1 2 814 814 983 1105
22770 1 2 814 814 983 1116
22771 1 2 814 814 983 995
22772 1 2 814 814 1104 1115
22773 1 2 814 814 1104 994
22774 1 2 814 814 1104 984
22775 1 2 814 814 1104 1105
22776 1 2 814 814 1104 1116
22777 1 2 814 814 1104 995
22778 1 2 814 814 1115 994
22779 1 2 814 814 1115 984
22780 1 2 814 814 1115 1105
22781 1 2 814 814 1115 1116
22782 1 2 814 814 1115 995
22783 1 2 814 814 994 984
22784 1 2 814 814 994 1105
22785 1 2 814 814 994 1116
22786 1 2 814 814 994 995
22787 1 2 814 814 984 1105
22788 1 2 814 814 984 1116
22789 1 2 814 814 984 995
22790 1 2 814 814 1105 1116
22791 1 2 814 814 1105 995
22792 1 2 814 814 1116 995
22793 1 2 815 815 984 1105
22794 1 2 815 815 984 1116
22795 1 2 815 815 984 995
22796 1 2 815 815 984 985
22797 1 2 815 815 984 1106
22798 1 2 815 815 984 1117
22799 1 2 815 815 984 996
22800 1 2 815 815 1105 1116
22801 1 2 815 815 1105 995
22802 1 2 815 815 1105 985
22803 1 2 815 815 1105 1106
22804 1 2 815 815 1105 1117
22805 1 2 815 815 1105 996
22806 1 2 815 815 1116 995
22807 1 2 815 815 1116 985
22808 1 2 815 815 1116 1106
22809 1 2 815 815 1116 1117
22810 1 2 815 815 1116 996
22811 1 2 815 815 995 985
22812 1 2 815 815 995 1106
22813 1 2 815 815 995 1117
22814 1 2 815 815 995 996
22815 1 2 815 815 985 1106
22816 1 2 815 815 985 1117
22817 1 2 815 815 985 996
22818 1 2 815 815 1106 1117
22819 1 2 815 815 1106 996
22820 1 2 815 815 1117 996
22821 1 2 816 816 985 1106
22822 1 2 816 816 985 1117
22823 1 2 816 816 985 996
22824 1 2 816 816 985 986
22825 1 2 816 816 985 1107
22826 1 2 816 816 985 1118
22827 1 2 816 816 985 997
22828 1 2 816 816 1106 1117
22829 1 2 816 816 1106 996
22830 1 2 816 816 1106 986
22831 1 2 816 816 1106 1107
22832 1 2 816 816 1106 1118
22833 1 2 816 816 1106 997
22834 1 2 816 816 1117 996
22835 1 2 816 816 1117 986
22836 1 2 816 816 1117 1107
22837 1 2 816 816 1117 1118
22838 1 2 816 816 1117 997
22839 1 2 816 816 996 986
22840 1 2 816 816 996 1107
22841 1 2 816 816 996 1118
22842 1 2 816 816 996 997
22843 1 2 816 816 986 1107
22844 1 2 816 816 986 1118
22845 1 2 816 816 986 997
22846 1 2 816 816 1107 1118
22847 1 2 816 816 1107 997
22848 1 2 816 816 1118 997
22849 1 2 817 817 986 1107
22850 1 2 817 817 986 1118
22851 1 2 817 817 986 997
22852 1 2 817 817 986 987
22853 1 2 817 817 986 1108
22854 1 2 817 817 986 1119
22855 1 2 817 817 986 998
22856 1 2 817 817 1107 1118
22857 1 2 817 817 1107 997
22858 1 2 817 817 1107 987
22859 1 2 817 817 1107 1108
22860 1 2 817 817 1107 1119
22861 1 2 817 817 1107 998
22862 1 2 817 817 1118 997
22863 1 2 817 817 1118 987
22864 1 2 817 817 1118 1108
22865 1 2 817 817 1118 1119
22866 1 2 817 817 1118 998
22867 1 2 817 817 997 987
22868 1 2 817 817 997 1108
22869 1 2 817 817 997 1119
22870 1 2 817 817 997 998
22871 1 2 817 817 987 1108
22872 1 2 817 817 987 1119
22873 1 2 817 817 987 998
22874 1 2 817 817 1108 1119
22875 1 2 817 817 1108 998
22876 1 2 817 817 1119 998
22877 1 2 818 818 987 1108
22878 1 2 818 818 987 1119
22879 1 2 818 818 987 998
22880 1 2 818 818 987 988
22881 1 2 818 818 987 1109
22882 1 2 818 818 987 1120
22883 1 2 818 818 987 999
22884 1 2 818 818 1108 1119
22885 1 2 818 818 1108 998
22886 1 2 818 818 1108 988
22887 1 2 818 818 1108 1109
22888 1 2 818 818 1108 1120
22889 1 2 818 818 1108 999
22890 1 2 818 818 1119 998
22891 1 2 818 818 1119 988
22892 1 2 818 818 1119 1109
22893 1 2 818 818 1119 1120
22894 1 2 818 818 1119 999
22895 1 2 818 818 998 988
22896 1 2 818 818 998 1109
22897 1 2 818 818 998 1120
22898 1 2 818 818 998 999
22899 1 2 818 818 988 1109
22900 1 2 818 818 988 1120
22901 1 2 818 818 988 999
22902 1 2 818 818 1109 1120
22903 1 2 818 818 1109 999
22904 1 2 818 818 1120 999
22905 1 2 819 819 988 1109
22906 1 2 819 819 988 1120
22907 1 2 819 819 988 999
22908 1 2 819 819 988 989
22909 1 2 819 819 988 1110
22910 1 2 819 819 988 1121
22911 1 2 819 819 988 1000
22912 1 2 819 819 1109 1120
22913 1 2 819 819 1109 999
22914 1 2 819 819 1109 989
22915 1 2 819 819 1109 1110
22916 1 2 819 819 1109 1121
22917 1 2 819 819 1109 1000
22918 1 2 819 819 1120 999
22919 1 2 819 819 1120 989
22920 1 2 819 819 1120 1110
22921 1 2 819 819 1120 1121
22922 1 2 819 819 1120 1000
22923 1 2 819 819 999 989
22924 1 2 819 819 999 1110
22925 1 2 819 819 999 1121
22926 1 2 819 819 999 1000
22927 1 2 819 819 989 1110
22928 1 2 819 819 989 1121
22929 1 2 819 819 989 1000
22930 1 2 819 819 1110 1121
22931 1 2 819 819 1110 1000
22932 1 2 819 819 1121 1000
22933 1 2 820 820 989 1110
22934 1 2 820 820 989 1121
22935 1 2 820 820 989 1000
22936 1 2 820 820 989 990
22937 1 2 820 820 989 1111
22938 1 2 820 820 989 1122
22939 1 2 820 820 989 1001
22940 1 2 820 820 1110 1121
22941 1 2 820 820 1110 1000
22942 1 2 820 820 1110 990
22943 1 2 820 820 1110 1111
22944 1 2 820 820 1110 1122
22945 1 2 820 820 1110 1001
22946 1 2 820 820 1121 1000
22947 1 2 820 820 1121 990
22948 1 2 820 820 1121 1111
22949 1 2 820 820 1121 1122
22950 1 2 820 820 1121 1001
22951 1 2 820 820 1000 990
22952 1 2 820 820 1000 1111
22953 1 2 820 820 1000 1122
22954 1 2 820 820 1000 1001
22955 1 2 820 820 990 1111
22956 1 2 820 820 990 1122
22957 1 2 820 820 990 1001
22958 1 2 820 820 1111 1122
22959 1 2 820 820 1111 1001
22960 1 2 820 820 1122 1001
22961 1 2 821 821 991 1112
22962 1 2 821 821 991 1123
22963 1 2 821 821 991 1002
22964 1 2 821 821 991 992
22965 1 2 821 821 991 1113
22966 1 2 821 821 991 1124
22967 1 2 821 821 991 1003
22968 1 2 821 821 1112 1123
22969 1 2 821 821 1112 1002
22970 1 2 821 821 1112 992
22971 1 2 821 821 1112 1113
22972 1 2 821 821 1112 1124
22973 1 2 821 821 1112 1003
22974 1 2 821 821 1123 1002
22975 1 2 821 821 1123 992
22976 1 2 821 821 1123 1113
22977 1 2 821 821 1123 1124
22978 1 2 821 821 1123 1003
22979 1 2 821 821 1002 992
22980 1 2 821 821 1002 1113
22981 1 2 821 821 1002 1124
22982 1 2 821 821 1002 1003
22983 1 2 821 821 992 1113
22984 1 2 821 821 992 1124
22985 1 2 821 821 992 1003
22986 1 2 821 821 1113 1124
22987 1 2 821 821 1113 1003
22988 1 2 821 821 1124 1003
22989 1 2 822 822 992 1113
22990 1 2 822 822 992 1124
22991 1 2 822 822 992 1003
22992 1 2 822 822 992 993
22993 1 2 822 822 992 1114
22994 1 2 822 822 992 1125
22995 1 2 822 822 992 1004
22996 1 2 822 822 1113 1124
22997 1 2 822 822 1113 1003
22998 1 2 822 822 1113 993
22999 1 2 822 822 1113 1114
23000 1 2 822 822 1113 1125
23001 1 2 822 822 1113 1004
23002 1 2 822 822 1124 1003
23003 1 2 822 822 1124 993
23004 1 2 822 822 1124 1114
23005 1 2 822 822 1124 1125
23006 1 2 822 822 1124 1004
23007 1 2 822 822 1003 993
23008 1 2 822 822 1003 1114
23009 1 2 822 822 1003 1125
23010 1 2 822 822 1003 1004
23011 1 2 822 822 993 1114
23012 1 2 822 822 993 1125
23013 1 2 822 822 993 1004
23014 1 2 822 822 1114 1125
23015 1 2 822 822 1114 1004
23016 1 2 822 822 1125 1004
23017 1 2 823 823 993 1114
23018 1 2 823 823 993 1125
23019 1 2 823 823 993 1004
23020 1 2 823 823 993 994
23021 1 2 823 823 993 1115
23022 1 2 823 823 993 1126
23023 1 2 823 823 993 1005
23024 1 2 823 823 1114 1125
23025 1 2 823 823 1114 1004
23026 1 2 823 823 1114 994
23027 1 2 823 823 1114 1115
23028 1 2 823 823 1114 1126
23029 1 2 823 823 1114 1005
23030 1 2 823 823 1125 1004
23031 1 2 823 823 1125 994
23032 1 2 823 823 1125 1115
23033 1 2 823 823 1125 1126
23034 1 2 823 823 1125 1005
23035 1 2 823 823 1004 994
23036 1 2 823 823 1004 1115
23037 1 2 823 823 1004 1126
23038 1 2 823 823 1004 1005
23039 1 2 823 823 994 1115
23040 1 2 823 823 994 1126
23041 1 2 823 823 994 1005
23042 1 2 823 823 1115 1126
23043 1 2 823 823 1115 1005
23044 1 2 823 823 1126 1005
23045 1 2 824 824 994 1115
23046 1 2 824 824 994 1126
23047 1 2 824 824 994 1005
23048 1 2 824 824 994 995
23049 1 2 824 824 994 1116
23050 1 2 824 824 994 1127
23051 1 2 824 824 994 1006
23052 1 2 824 824 1115 1126
23053 1 2 824 824 1115 1005
23054 1 2 824 824 1115 995
23055 1 2 824 824 1115 1116
23056 1 2 824 824 1115 1127
23057 1 2 824 824 1115 1006
23058 1 2 824 824 1126 1005
23059 1 2 824 824 1126 995
23060 1 2 824 824 1126 1116
23061 1 2 824 824 1126 1127
23062 1 2 824 824 1126 1006
23063 1 2 824 824 1005 995
23064 1 2 824 824 1005 1116
23065 1 2 824 824 1005 1127
23066 1 2 824 824 1005 1006
23067 1 2 824 824 995 1116
23068 1 2 824 824 995 1127
23069 1 2 824 824 995 1006
23070 1 2 824 824 1116 1127
23071 1 2 824 824 1116 1006
23072 1 2 824 824 1127 1006
23073 1 2 825 825 995 1116
23074 1 2 825 825 995 1127
23075 1 2 825 825 995 1006
23076 1 2 825 825 995 996
23077 1 2 825 825 995 1117
23078 1 2 825 825 995 1128
23079 1 2 825 825 995 1007
23080 1 2 825 825 1116 1127
23081 1 2 825 825 1116 1006
23082 1 2 825 825 1116 996
23083 1 2 825 825 1116 1117
23084 1 2 825 825 1116 1128
23085 1 2 825 825 1116 1007
23086 1 2 825 825 1127 1006
23087 1 2 825 825 1127 996
23088 1 2 825 825 1127 1117
23089 1 2 825 825 1127 1128
23090 1 2 825 825 1127 1007
23091 1 2 825 825 1006 996
23092 1 2 825 825 1006 1117
23093 1 2 825 825 1006 1128
23094 1 2 825 825 1006 1007
23095 1 2 825 825 996 1117
23096 1 2 825 825 996 1128
23097 1 2 825 825 996 1007
23098 1 2 825 825 1117 1128
23099 1 2 825 825 1117 1007
23100 1 2 825 825 1128 1007
23101 1 2 826 826 996 1117
23102 1 2 826 826 996 1128
23103 1 2 826 826 996 1007
23104 1 2 826 826 996 997
23105 1 2 826 826 996 1118
23106 1 2 826 826 996 1129
23107 1 2 826 826 996 1008
23108 1 2 826 826 1117 1128
23109 1 2 826 826 1117 1007
23110 1 2 826 826 1117 997
23111 1 2 826 826 1117 1118
23112 1 2 826 826 1117 1129
23113 1 2 826 826 1117 1008
23114 1 2 826 826 1128 1007
23115 1 2 826 826 1128 997
23116 1 2 826 826 1128 1118
23117 1 2 826 826 1128 1129
23118 1 2 826 826 1128 1008
23119 1 2 826 826 1007 997
23120 1 2 826 826 1007 1118
23121 1 2 826 826 1007 1129
23122 1 2 826 826 1007 1008
23123 1 2 826 826 997 1118
23124 1 2 826 826 997 1129
23125 1 2 826 826 997 1008
23126 1 2 826 826 1118 1129
23127 1 2 826 826 1118 1008
23128 1 2 826 826 1129 1008
23129 1 2 827 827 997 1118
23130 1 2 827 827 997 1129
23131 1 2 827 827 997 1008
23132 1 2 827 827 997 998
23133 1 2 827 827 997 1119
23134 1 2 827 827 997 1130
23135 1 2 827 827 997 1009
23136 1 2 827 827 1118 1129
23137 1 2 827 827 1118 1008
23138 1 2 827 827 1118 998
23139 1 2 827 827 1118 1119
23140 1 2 827 827 1118 1130
23141 1 2 827 827 1118 1009
23142 1 2 827 827 1129 1008
23143 1 2 827 827 1129 998
23144 1 2 827 827 1129 1119
23145 1 2 827 827 1129 1130
23146 1 2 827 827 1129 1009
23147 1 2 827 827 1008 998
23148 1 2 827 827 1008 1119
23149 1 2 827 827 1008 1130
23150 1 2 827 827 1008 1009
23151 1 2 827 827 998 1119
23152 1 2 827 827 998 1130
23153 1 2 827 827 998 1009
23154 1 2 827 827 1119 1130
23155 1 2 827 827 1119 1009
23156 1 2 827 827 1130 1009
23157 1 2 828 828 998 1119
23158 1 2 828 828 998 1130
23159 1 2 828 828 998 1009
23160 1 2 828 828 998 999
23161 1 2 828 828 998 1120
23162 1 2 828 828 998 1131
23163 1 2 828 828 998 1010
23164 1 2 828 828 1119 1130
23165 1 2 828 828 1119 1009
23166 1 2 828 828 1119 999
23167 1 2 828 828 1119 1120
23168 1 2 828 828 1119 1131
23169 1 2 828 828 1119 1010
23170 1 2 828 828 1130 1009
23171 1 2 828 828 1130 999
23172 1 2 828 828 1130 1120
23173 1 2 828 828 1130 1131
23174 1 2 828 828 1130 1010
23175 1 2 828 828 1009 999
23176 1 2 828 828 1009 1120
23177 1 2 828 828 1009 1131
23178 1 2 828 828 1009 1010
23179 1 2 828 828 999 1120
23180 1 2 828 828 999 1131
23181 1 2 828 828 999 1010
23182 1 2 828 828 1120 1131
23183 1 2 828 828 1120 1010
23184 1 2 828 828 1131 1010
23185 1 2 829 829 999 1120
23186 1 2 829 829 999 1131
23187 1 2 829 829 999 1010
23188 1 2 829 829 999 1000
23189 1 2 829 829 999 1121
23190 1 2 829 829 999 1132
23191 1 2 829 829 999 1011
23192 1 2 829 829 1120 1131
23193 1 2 829 829 1120 1010
23194 1 2 829 829 1120 1000
23195 1 2 829 829 1120 1121
23196 1 2 829 829 1120 1132
23197 1 2 829 829 1120 1011
23198 1 2 829 829 1131 1010
23199 1 2 829 829 1131 1000
23200 1 2 829 829 1131 1121
23201 1 2 829 829 1131 1132
23202 1 2 829 829 1131 1011
23203 1 2 829 829 1010 1000
23204 1 2 829 829 1010 1121
23205 1 2 829 829 1010 1132
23206 1 2 829 829 1010 1011
23207 1 2 829 829 1000 1121
23208 1 2 829 829 1000 1132
23209 1 2 829 829 1000 1011
23210 1 2 829 829 1121 1132
23211 1 2 829 829 1121 1011
23212 1 2 829 829 1132 1011
23213 1 2 830 830 1000 1121
23214 1 2 830 830 1000 1132
23215 1 2 830 830 1000 1011
23216 1 2 830 830 1000 1001
23217 1 2 830 830 1000 1122
23218 1 2 830 830 1000 1133
23219 1 2 830 830 1000 1012
23220 1 2 830 830 1121 1132
23221 1 2 830 830 1121 1011
23222 1 2 830 830 1121 1001
23223 1 2 830 830 1121 1122
23224 1 2 830 830 1121 1133
23225 1 2 830 830 1121 1012
23226 1 2 830 830 1132 1011
23227 1 2 830 830 1132 1001
23228 1 2 830 830 1132 1122
23229 1 2 830 830 1132 1133
23230 1 2 830 830 1132 1012
23231 1 2 830 830 1011 1001
23232 1 2 830 830 1011 1122
23233 1 2 830 830 1011 1133
23234 1 2 830 830 1011 1012
23235 1 2 830 830 1001 1122
23236 1 2 830 830 1001 1133
23237 1 2 830 830 1001 1012
23238 1 2 830 830 1122 1133
23239 1 2 830 830 1122 1012
23240 1 2 830 830 1133 1012
23241 1 2 831 831 1002 1123
23242 1 2 831 831 1002 1134
23243 1 2 831 831 1002 1013
23244 1 2 831 831 1002 1003
23245 1 2 831 831 1002 1124
23246 1 2 831 831 1002 1135
23247 1 2 831 831 1002 1014
23248 1 2 831 831 1123 1134
23249 1 2 831 831 1123 1013
23250 1 2 831 831 1123 1003
23251 1 2 831 831 1123 1124
23252 1 2 831 831 1123 1135
23253 1 2 831 831 1123 1014
23254 1 2 831 831 1134 1013
23255 1 2 831 831 1134 1003
23256 1 2 831 831 1134 1124
23257 1 2 831 831 1134 1135
23258 1 2 831 831 1134 1014
23259 1 2 831 831 1013 1003
23260 1 2 831 831 1013 1124
23261 1 2 831 831 1013 1135
23262 1 2 831 831 1013 1014
23263 1 2 831 831 1003 1124
23264 1 2 831 831 1003 1135
23265 1 2 831 831 1003 1014
23266 1 2 831 831 1124 1135
23267 1 2 831 831 1124 1014
23268 1 2 831 831 1135 1014
23269 1 2 832 832 1003 1124
23270 1 2 832 832 1003 1135
23271 1 2 832 832 1003 1014
23272 1 2 832 832 1003 1004
23273 1 2 832 832 1003 1125
23274 1 2 832 832 1003 1136
23275 1 2 832 832 1003 1015
23276 1 2 832 832 1124 1135
23277 1 2 832 832 1124 1014
23278 1 2 832 832 1124 1004
23279 1 2 832 832 1124 1125
23280 1 2 832 832 1124 1136
23281 1 2 832 832 1124 1015
23282 1 2 832 832 1135 1014
23283 1 2 832 832 1135 1004
23284 1 2 832 832 1135 1125
23285 1 2 832 832 1135 1136
23286 1 2 832 832 1135 1015
23287 1 2 832 832 1014 1004
23288 1 2 832 832 1014 1125
23289 1 2 832 832 1014 1136
23290 1 2 832 832 1014 1015
23291 1 2 832 832 1004 1125
23292 1 2 832 832 1004 1136
23293 1 2 832 832 1004 1015
23294 1 2 832 832 1125 1136
23295 1 2 832 832 1125 1015
23296 1 2 832 832 1136 1015
23297 1 2 833 833 1004 1125
23298 1 2 833 833 1004 1136
23299 1 2 833 833 1004 1015
23300 1 2 833 833 1004 1005
23301 1 2 833 833 1004 1126
23302 1 2 833 833 1004 1137
23303 1 2 833 833 1004 1016
23304 1 2 833 833 1125 1136
23305 1 2 833 833 1125 1015
23306 1 2 833 833 1125 1005
23307 1 2 833 833 1125 1126
23308 1 2 833 833 1125 1137
23309 1 2 833 833 1125 1016
23310 1 2 833 833 1136 1015
23311 1 2 833 833 1136 1005
23312 1 2 833 833 1136 1126
23313 1 2 833 833 1136 1137
23314 1 2 833 833 1136 1016
23315 1 2 833 833 1015 1005
23316 1 2 833 833 1015 1126
23317 1 2 833 833 1015 1137
23318 1 2 833 833 1015 1016
23319 1 2 833 833 1005 1126
23320 1 2 833 833 1005 1137
23321 1 2 833 833 1005 1016
23322 1 2 833 833 1126 1137
23323 1 2 833 833 1126 1016
23324 1 2 833 833 1137 1016
23325 1 2 834 834 1005 1126
23326 1 2 834 834 1005 1137
23327 1 2 834 834 1005 1016
23328 1 2 834 834 1005 1006
23329 1 2 834 834 1005 1127
23330 1 2 834 834 1005 1138
23331 1 2 834 834 1005 1017
23332 1 2 834 834 1126 1137
23333 1 2 834 834 1126 1016
23334 1 2 834 834 1126 1006
23335 1 2 834 834 1126 1127
23336 1 2 834 834 1126 1138
23337 1 2 834 834 1126 1017
23338 1 2 834 834 1137 1016
23339 1 2 834 834 1137 1006
23340 1 2 834 834 1137 1127
23341 1 2 834 834 1137 1138
23342 1 2 834 834 1137 1017
23343 1 2 834 834 1016 1006
23344 1 2 834 834 1016 1127
23345 1 2 834 834 1016 1138
23346 1 2 834 834 1016 1017
23347 1 2 834 834 1006 1127
23348 1 2 834 834 1006 1138
23349 1 2 834 834 1006 1017
23350 1 2 834 834 1127 1138
23351 1 2 834 834 1127 1017
23352 1 2 834 834 1138 1017
23353 1 2 835 835 1006 1127
23354 1 2 835 835 1006 1138
23355 1 2 835 835 1006 1017
23356 1 2 835 835 1006 1007
23357 1 2 835 835 1006 1128
23358 1 2 835 835 1006 1139
23359 1 2 835 835 1006 1018
23360 1 2 835 835 1127 1138
23361 1 2 835 835 1127 1017
23362 1 2 835 835 1127 1007
23363 1 2 835 835 1127 1128
23364 1 2 835 835 1127 1139
23365 1 2 835 835 1127 1018
23366 1 2 835 835 1138 1017
23367 1 2 835 835 1138 1007
23368 1 2 835 835 1138 1128
23369 1 2 835 835 1138 1139
23370 1 2 835 835 1138 1018
23371 1 2 835 835 1017 1007
23372 1 2 835 835 1017 1128
23373 1 2 835 835 1017 1139
23374 1 2 835 835 1017 1018
23375 1 2 835 835 1007 1128
23376 1 2 835 835 1007 1139
23377 1 2 835 835 1007 1018
23378 1 2 835 835 1128 1139
23379 1 2 835 835 1128 1018
23380 1 2 835 835 1139 1018
23381 1 2 836 836 1007 1128
23382 1 2 836 836 1007 1139
23383 1 2 836 836 1007 1018
23384 1 2 836 836 1007 1008
23385 1 2 836 836 1007 1129
23386 1 2 836 836 1007 1140
23387 1 2 836 836 1007 1019
23388 1 2 836 836 1128 1139
23389 1 2 836 836 1128 1018
23390 1 2 836 836 1128 1008
23391 1 2 836 836 1128 1129
23392 1 2 836 836 1128 1140
23393 1 2 836 836 1128 1019
23394 1 2 836 836 1139 1018
23395 1 2 836 836 1139 1008
23396 1 2 836 836 1139 1129
23397 1 2 836 836 1139 1140
23398 1 2 836 836 1139 1019
23399 1 2 836 836 1018 1008
23400 1 2 836 836 1018 1129
23401 1 2 836 836 1018 1140
23402 1 2 836 836 1018 1019
23403 1 2 836 836 1008 1129
23404 1 2 836 836 1008 1140
23405 1 2 836 836 1008 1019
23406 1 2 836 836 1129 1140
23407 1 2 836 836 1129 1019
23408 1 2 836 836 1140 1019
23409 1 2 837 837 1008 1129
23410 1 2 837 837 1008 1140
23411 1 2 837 837 1008 1019
23412 1 2 837 837 1008 1009
23413 1 2 837 837 1008 1130
23414 1 2 837 837 1008 1141
23415 1 2 837 837 1008 1020
23416 1 2 837 837 1129 1140
23417 1 2 837 837 1129 1019
23418 1 2 837 837 1129 1009
23419 1 2 837 837 1129 1130
23420 1 2 837 837 1129 1141
23421 1 2 837 837 1129 1020
23422 1 2 837 837 1140 1019
23423 1 2 837 837 1140 1009
23424 1 2 837 837 1140 1130
23425 1 2 837 837 1140 1141
23426 1 2 837 837 1140 1020
23427 1 2 837 837 1019 1009
23428 1 2 837 837 1019 1130
23429 1 2 837 837 1019 1141
23430 1 2 837 837 1019 1020
23431 1 2 837 837 1009 1130
23432 1 2 837 837 1009 1141
23433 1 2 837 837 1009 1020
23434 1 2 837 837 1130 1141
23435 1 2 837 837 1130 1020
23436 1 2 837 837 1141 1020
23437 1 2 838 838 1009 1130
23438 1 2 838 838 1009 1141
23439 1 2 838 838 1009 1020
23440 1 2 838 838 1009 1010
23441 1 2 838 838 1009 1131
23442 1 2 838 838 1009 1142
23443 1 2 838 838 1009 1021
23444 1 2 838 838 1130 1141
23445 1 2 838 838 1130 1020
23446 1 2 838 838 1130 1010
23447 1 2 838 838 1130 1131
23448 1 2 838 838 1130 1142
23449 1 2 838 838 1130 1021
23450 1 2 838 838 1141 1020
23451 1 2 838 838 1141 1010
23452 1 2 838 838 1141 1131
23453 1 2 838 838 1141 1142
23454 1 2 838 838 1141 1021
23455 1 2 838 838 1020 1010
23456 1 2 838 838 1020 1131
23457 1 2 838 838 1020 1142
23458 1 2 838 838 1020 1021
23459 1 2 838 838 1010 1131
23460 1 2 838 838 1010 1142
23461 1 2 838 838 1010 1021
23462 1 2 838 838 1131 1142
23463 1 2 838 838 1131 1021
23464 1 2 838 838 1142 1021
23465 1 2 839 839 1010 1131
23466 1 2 839 839 1010 1142
23467 1 2 839 839 1010 1021
23468 1 2 839 839 1010 1011
23469 1 2 839 839 1010 1132
23470 1 2 839 839 1010 1143
23471 1 2 839 839 1010 1022
23472 1 2 839 839 1131 1142
23473 1 2 839 839 1131 1021
23474 1 2 839 839 1131 1011
23475 1 2 839 839 1131 1132
23476 1 2 839 839 1131 1143
23477 1 2 839 839 1131 1022
23478 1 2 839 839 1142 1021
23479 1 2 839 839 1142 1011
23480 1 2 839 839 1142 1132
23481 1 2 839 839 1142 1143
23482 1 2 839 839 1142 1022
23483 1 2 839 839 1021 1011
23484 1 2 839 839 1021 1132
23485 1 2 839 839 1021 1143
23486 1 2 839 839 1021 1022
23487 1 2 839 839 1011 1132
23488 1 2 839 839 1011 1143
23489 1 2 839 839 1011 1022
23490 1 2 839 839 1132 1143
23491 1 2 839 839 1132 1022
23492 1 2 839 839 1143 1022
23493 1 2 840 840 1011 1132
23494 1 2 840 840 1011 1143
23495 1 2 840 840 1011 1022
23496 1 2 840 840 1011 1012
23497 1 2 840 840 1011 1133
23498 1 2 840 840 1011 1144
23499 1 2 840 840 1011 1023
23500 1 2 840 840 1132 1143
23501 1 2 840 840 1132 1022
23502 1 2 840 840 1132 1012
23503 1 2 840 840 1132 1133
23504 1 2 840 840 1132 1144
23505 1 2 840 840 1132 1023
23506 1 2 840 840 1143 1022
23507 1 2 840 840 1143 1012
23508 1 2 840 840 1143 1133
23509 1 2 840 840 1143 1144
23510 1 2 840 840 1143 1023
23511 1 2 840 840 1022 1012
23512 1 2 840 840 1022 1133
23513 1 2 840 840 1022 1144
23514 1 2 840 840 1022 1023
23515 1 2 840 840 1012 1133
23516 1 2 840 840 1012 1144
23517 1 2 840 840 1012 1023
23518 1 2 840 840 1133 1144
23519 1 2 840 840 1133 1023
23520 1 2 840 840 1144 1023
23521 1 2 841 841 1013 1134
23522 1 2 841 841 1013 1145
23523 1 2 841 841 1013 1024
23524 1 2 841 841 1013 1014
23525 1 2 841 841 1013 1135
23526 1 2 841 841 1013 1146
23527 1 2 841 841 1013 1025
23528 1 2 841 841 1134 1145
23529 1 2 841 841 1134 1024
23530 1 2 841 841 1134 1014
23531 1 2 841 841 1134 1135
23532 1 2 841 841 1134 1146
23533 1 2 841 841 1134 1025
23534 1 2 841 841 1145 1024
23535 1 2 841 841 1145 1014
23536 1 2 841 841 1145 1135
23537 1 2 841 841 1145 1146
23538 1 2 841 841 1145 1025
23539 1 2 841 841 1024 1014
23540 1 2 841 841 1024 1135
23541 1 2 841 841 1024 1146
23542 1 2 841 841 1024 1025
23543 1 2 841 841 1014 1135
23544 1 2 841 841 1014 1146
23545 1 2 841 841 1014 1025
23546 1 2 841 841 1135 1146
23547 1 2 841 841 1135 1025
23548 1 2 841 841 1146 1025
23549 1 2 842 842 1014 1135
23550 1 2 842 842 1014 1146
23551 1 2 842 842 1014 1025
23552 1 2 842 842 1014 1015
23553 1 2 842 842 1014 1136
23554 1 2 842 842 1014 1147
23555 1 2 842 842 1014 1026
23556 1 2 842 842 1135 1146
23557 1 2 842 842 1135 1025
23558 1 2 842 842 1135 1015
23559 1 2 842 842 1135 1136
23560 1 2 842 842 1135 1147
23561 1 2 842 842 1135 1026
23562 1 2 842 842 1146 1025
23563 1 2 842 842 1146 1015
23564 1 2 842 842 1146 1136
23565 1 2 842 842 1146 1147
23566 1 2 842 842 1146 1026
23567 1 2 842 842 1025 1015
23568 1 2 842 842 1025 1136
23569 1 2 842 842 1025 1147
23570 1 2 842 842 1025 1026
23571 1 2 842 842 1015 1136
23572 1 2 842 842 1015 1147
23573 1 2 842 842 1015 1026
23574 1 2 842 842 1136 1147
23575 1 2 842 842 1136 1026
23576 1 2 842 842 1147 1026
23577 1 2 843 843 1015 1136
23578 1 2 843 843 1015 1147
23579 1 2 843 843 1015 1026
23580 1 2 843 843 1015 1016
23581 1 2 843 843 1015 1137
23582 1 2 843 843 1015 1148
23583 1 2 843 843 1015 1027
23584 1 2 843 843 1136 1147
23585 1 2 843 843 1136 1026
23586 1 2 843 843 1136 1016
23587 1 2 843 843 1136 1137
23588 1 2 843 843 1136 1148
23589 1 2 843 843 1136 1027
23590 1 2 843 843 1147 1026
23591 1 2 843 843 1147 1016
23592 1 2 843 843 1147 1137
23593 1 2 843 843 1147 1148
23594 1 2 843 843 1147 1027
23595 1 2 843 843 1026 1016
23596 1 2 843 843 1026 1137
23597 1 2 843 843 1026 1148
23598 1 2 843 843 1026 1027
23599 1 2 843 843 1016 1137
23600 1 2 843 843 1016 1148
23601 1 2 843 843 1016 1027
23602 1 2 843 843 1137 1148
23603 1 2 843 843 1137 1027
23604 1 2 843 843 1148 1027
23605 1 2 844 844 1016 1137
23606 1 2 844 844 1016 1148
23607 1 2 844 844 1016 1027
23608 1 2 844 844 1016 1017
23609 1 2 844 844 1016 1138
23610 1 2 844 844 1016 1149
23611 1 2 844 844 1016 1028
23612 1 2 844 844 1137 1148
23613 1 2 844 844 1137 1027
23614 1 2 844 844 1137 1017
23615 1 2 844 844 1137 1138
23616 1 2 844 844 1137 1149
23617 1 2 844 844 1137 1028
23618 1 2 844 844 1148 1027
23619 1 2 844 844 1148 1017
23620 1 2 844 844 1148 1138
23621 1 2 844 844 1148 1149
23622 1 2 844 844 1148 1028
23623 1 2 844 844 1027 1017
23624 1 2 844 844 1027 1138
23625 1 2 844 844 1027 1149
23626 1 2 844 844 1027 1028
23627 1 2 844 844 1017 1138
23628 1 2 844 844 1017 1149
23629 1 2 844 844 1017 1028
23630 1 2 844 844 1138 1149
23631 1 2 844 844 1138 1028
23632 1 2 844 844 1149 1028
23633 1 2 845 845 1017 1138
23634 1 2 845 845 1017 1149
23635 1 2 845 845 1017 1028
23636 1 2 845 845 1017 1018
23637 1 2 845 845 1017 1139
23638 1 2 845 845 1017 1150
23639 1 2 845 845 1017 1029
23640 1 2 845 845 1138 1149
23641 1 2 845 845 1138 1028
23642 1 2 845 845 1138 1018
23643 1 2 845 845 1138 1139
23644 1 2 845 845 1138 1150
23645 1 2 845 845 1138 1029
23646 1 2 845 845 1149 1028
23647 1 2 845 845 1149 1018
23648 1 2 845 845 1149 1139
23649 1 2 845 845 1149 1150
23650 1 2 845 845 1149 1029
23651 1 2 845 845 1028 1018
23652 1 2 845 845 1028 1139
23653 1 2 845 845 1028 1150
23654 1 2 845 845 1028 1029
23655 1 2 845 845 1018 1139
23656 1 2 845 845 1018 1150
23657 1 2 845 845 1018 1029
23658 1 2 845 845 1139 1150
23659 1 2 845 845 1139 1029
23660 1 2 845 845 1150 1029
23661 1 2 846 846 1018 1139
23662 1 2 846 846 1018 1150
23663 1 2 846 846 1018 1029
23664 1 2 846 846 1018 1019
23665 1 2 846 846 1018 1140
23666 1 2 846 846 1018 1151
23667 1 2 846 846 1018 1030
23668 1 2 846 846 1139 1150
23669 1 2 846 846 1139 1029
23670 1 2 846 846 1139 1019
23671 1 2 846 846 1139 1140
23672 1 2 846 846 1139 1151
23673 1 2 846 846 1139 1030
23674 1 2 846 846 1150 1029
23675 1 2 846 846 1150 1019
23676 1 2 846 846 1150 1140
23677 1 2 846 846 1150 1151
23678 1 2 846 846 1150 1030
23679 1 2 846 846 1029 1019
23680 1 2 846 846 1029 1140
23681 1 2 846 846 1029 1151
23682 1 2 846 846 1029 1030
23683 1 2 846 846 1019 1140
23684 1 2 846 846 1019 1151
23685 1 2 846 846 1019 1030
23686 1 2 846 846 1140 1151
23687 1 2 846 846 1140 1030
23688 1 2 846 846 1151 1030
23689 1 2 847 847 1019 1140
23690 1 2 847 847 1019 1151
23691 1 2 847 847 1019 1030
23692 1 2 847 847 1019 1020
23693 1 2 847 847 1019 1141
23694 1 2 847 847 1019 1152
23695 1 2 847 847 1019 1031
23696 1 2 847 847 1140 1151
23697 1 2 847 847 1140 1030
23698 1 2 847 847 1140 1020
23699 1 2 847 847 1140 1141
23700 1 2 847 847 1140 1152
23701 1 2 847 847 1140 1031
23702 1 2 847 847 1151 1030
23703 1 2 847 847 1151 1020
23704 1 2 847 847 1151 1141
23705 1 2 847 847 1151 1152
23706 1 2 847 847 1151 1031
23707 1 2 847 847 1030 1020
23708 1 2 847 847 1030 1141
23709 1 2 847 847 1030 1152
23710 1 2 847 847 1030 1031
23711 1 2 847 847 1020 1141
23712 1 2 847 847 1020 1152
23713 1 2 847 847 1020 1031
23714 1 2 847 847 1141 1152
23715 1 2 847 847 1141 1031
23716 1 2 847 847 1152 1031
23717 1 2 848 848 1020 1141
23718 1 2 848 848 1020 1152
23719 1 2 848 848 1020 1031
23720 1 2 848 848 1020 1021
23721 1 2 848 848 1020 1142
23722 1 2 848 848 1020 1153
23723 1 2 848 848 1020 1032
23724 1 2 848 848 1141 1152
23725 1 2 848 848 1141 1031
23726 1 2 848 848 1141 1021
23727 1 2 848 848 1141 1142
23728 1 2 848 848 1141 1153
23729 1 2 848 848 1141 1032
23730 1 2 848 848 1152 1031
23731 1 2 848 848 1152 1021
23732 1 2 848 848 1152 1142
23733 1 2 848 848 1152 1153
23734 1 2 848 848 1152 1032
23735 1 2 848 848 1031 1021
23736 1 2 848 848 1031 1142
23737 1 2 848 848 1031 1153
23738 1 2 848 848 1031 1032
23739 1 2 848 848 1021 1142
23740 1 2 848 848 1021 1153
23741 1 2 848 848 1021 1032
23742 1 2 848 848 1142 1153
23743 1 2 848 848 1142 1032
23744 1 2 848 848 1153 1032
23745 1 2 849 849 1021 1142
23746 1 2 849 849 1021 1153
23747 1 2 849 849 1021 1032
23748 1 2 849 849 1021 1022
23749 1 2 849 849 1021 1143
23750 1 2 849 849 1021 1154
23751 1 2 849 849 1021 1033
23752 1 2 849 849 1142 1153
23753 1 2 849 849 1142 1032
23754 1 2 849 849 1142 1022
23755 1 2 849 849 1142 1143
23756 1 2 849 849 1142 1154
23757 1 2 849 849 1142 1033
23758 1 2 849 849 1153 1032
23759 1 2 849 849 1153 1022
23760 1 2 849 849 1153 1143
23761 1 2 849 849 1153 1154
23762 1 2 849 849 1153 1033
23763 1 2 849 849 1032 1022
23764 1 2 849 849 1032 1143
23765 1 2 849 849 1032 1154
23766 1 2 849 849 1032 1033
23767 1 2 849 849 1022 1143
23768 1 2 849 849 1022 1154
23769 1 2 849 849 1022 1033
23770 1 2 849 849 1143 1154
23771 1 2 849 849 1143 1033
23772 1 2 849 849 1154 1033
23773 1 2 850 850 1022 1143
23774 1 2 850 850 1022 1154
23775 1 2 850 850 1022 1033
23776 1 2 850 850 1022 1023
23777 1 2 850 850 1022 1144
23778 1 2 850 850 1022 1155
23779 1 2 850 850 1022 1034
23780 1 2 850 850 1143 1154
23781 1 2 850 850 1143 1033
23782 1 2 850 850 1143 1023
23783 1 2 850 850 1143 1144
23784 1 2 850 850 1143 1155
23785 1 2 850 850 1143 1034
23786 1 2 850 850 1154 1033
23787 1 2 850 850 1154 1023
23788 1 2 850 850 1154 1144
23789 1 2 850 850 1154 1155
23790 1 2 850 850 1154 1034
23791 1 2 850 850 1033 1023
23792 1 2 850 850 1033 1144
23793 1 2 850 850 1033 1155
23794 1 2 850 850 1033 1034
23795 1 2 850 850 1023 1144
23796 1 2 850 850 1023 1155
23797 1 2 850 850 1023 1034
23798 1 2 850 850 1144 1155
23799 1 2 850 850 1144 1034
23800 1 2 850 850 1155 1034
23801 1 2 851 851 1024 1145
23802 1 2 851 851 1024 1156
23803 1 2 851 851 1024 1035
23804 1 2 851 851 1024 1025
23805 1 2 851 851 1024 1146
23806 1 2 851 851 1024 1157
23807 1 2 851 851 1024 1036
23808 1 2 851 851 1145 1156
23809 1 2 851 851 1145 1035
23810 1 2 851 851 1145 1025
23811 1 2 851 851 1145 1146
23812 1 2 851 851 1145 1157
23813 1 2 851 851 1145 1036
23814 1 2 851 851 1156 1035
23815 1 2 851 851 1156 1025
23816 1 2 851 851 1156 1146
23817 1 2 851 851 1156 1157
23818 1 2 851 851 1156 1036
23819 1 2 851 851 1035 1025
23820 1 2 851 851 1035 1146
23821 1 2 851 851 1035 1157
23822 1 2 851 851 1035 1036
23823 1 2 851 851 1025 1146
23824 1 2 851 851 1025 1157
23825 1 2 851 851 1025 1036
23826 1 2 851 851 1146 1157
23827 1 2 851 851 1146 1036
23828 1 2 851 851 1157 1036
23829 1 2 852 852 1025 1146
23830 1 2 852 852 1025 1157
23831 1 2 852 852 1025 1036
23832 1 2 852 852 1025 1026
23833 1 2 852 852 1025 1147
23834 1 2 852 852 1025 1158
23835 1 2 852 852 1025 1037
23836 1 2 852 852 1146 1157
23837 1 2 852 852 1146 1036
23838 1 2 852 852 1146 1026
23839 1 2 852 852 1146 1147
23840 1 2 852 852 1146 1158
23841 1 2 852 852 1146 1037
23842 1 2 852 852 1157 1036
23843 1 2 852 852 1157 1026
23844 1 2 852 852 1157 1147
23845 1 2 852 852 1157 1158
23846 1 2 852 852 1157 1037
23847 1 2 852 852 1036 1026
23848 1 2 852 852 1036 1147
23849 1 2 852 852 1036 1158
23850 1 2 852 852 1036 1037
23851 1 2 852 852 1026 1147
23852 1 2 852 852 1026 1158
23853 1 2 852 852 1026 1037
23854 1 2 852 852 1147 1158
23855 1 2 852 852 1147 1037
23856 1 2 852 852 1158 1037
23857 1 2 853 853 1026 1147
23858 1 2 853 853 1026 1158
23859 1 2 853 853 1026 1037
23860 1 2 853 853 1026 1027
23861 1 2 853 853 1026 1148
23862 1 2 853 853 1026 1159
23863 1 2 853 853 1026 1038
23864 1 2 853 853 1147 1158
23865 1 2 853 853 1147 1037
23866 1 2 853 853 1147 1027
23867 1 2 853 853 1147 1148
23868 1 2 853 853 1147 1159
23869 1 2 853 853 1147 1038
23870 1 2 853 853 1158 1037
23871 1 2 853 853 1158 1027
23872 1 2 853 853 1158 1148
23873 1 2 853 853 1158 1159
23874 1 2 853 853 1158 1038
23875 1 2 853 853 1037 1027
23876 1 2 853 853 1037 1148
23877 1 2 853 853 1037 1159
23878 1 2 853 853 1037 1038
23879 1 2 853 853 1027 1148
23880 1 2 853 853 1027 1159
23881 1 2 853 853 1027 1038
23882 1 2 853 853 1148 1159
23883 1 2 853 853 1148 1038
23884 1 2 853 853 1159 1038
23885 1 2 854 854 1027 1148
23886 1 2 854 854 1027 1159
23887 1 2 854 854 1027 1038
23888 1 2 854 854 1027 1028
23889 1 2 854 854 1027 1149
23890 1 2 854 854 1027 1160
23891 1 2 854 854 1027 1039
23892 1 2 854 854 1148 1159
23893 1 2 854 854 1148 1038
23894 1 2 854 854 1148 1028
23895 1 2 854 854 1148 1149
23896 1 2 854 854 1148 1160
23897 1 2 854 854 1148 1039
23898 1 2 854 854 1159 1038
23899 1 2 854 854 1159 1028
23900 1 2 854 854 1159 1149
23901 1 2 854 854 1159 1160
23902 1 2 854 854 1159 1039
23903 1 2 854 854 1038 1028
23904 1 2 854 854 1038 1149
23905 1 2 854 854 1038 1160
23906 1 2 854 854 1038 1039
23907 1 2 854 854 1028 1149
23908 1 2 854 854 1028 1160
23909 1 2 854 854 1028 1039
23910 1 2 854 854 1149 1160
23911 1 2 854 854 1149 1039
23912 1 2 854 854 1160 1039
23913 1 2 855 855 1028 1149
23914 1 2 855 855 1028 1160
23915 1 2 855 855 1028 1039
23916 1 2 855 855 1028 1029
23917 1 2 855 855 1028 1150
23918 1 2 855 855 1028 1161
23919 1 2 855 855 1028 1040
23920 1 2 855 855 1149 1160
23921 1 2 855 855 1149 1039
23922 1 2 855 855 1149 1029
23923 1 2 855 855 1149 1150
23924 1 2 855 855 1149 1161
23925 1 2 855 855 1149 1040
23926 1 2 855 855 1160 1039
23927 1 2 855 855 1160 1029
23928 1 2 855 855 1160 1150
23929 1 2 855 855 1160 1161
23930 1 2 855 855 1160 1040
23931 1 2 855 855 1039 1029
23932 1 2 855 855 1039 1150
23933 1 2 855 855 1039 1161
23934 1 2 855 855 1039 1040
23935 1 2 855 855 1029 1150
23936 1 2 855 855 1029 1161
23937 1 2 855 855 1029 1040
23938 1 2 855 855 1150 1161
23939 1 2 855 855 1150 1040
23940 1 2 855 855 1161 1040
23941 1 2 856 856 1029 1150
23942 1 2 856 856 1029 1161
23943 1 2 856 856 1029 1040
23944 1 2 856 856 1029 1030
23945 1 2 856 856 1029 1151
23946 1 2 856 856 1029 1162
23947 1 2 856 856 1029 1041
23948 1 2 856 856 1150 1161
23949 1 2 856 856 1150 1040
23950 1 2 856 856 1150 1030
23951 1 2 856 856 1150 1151
23952 1 2 856 856 1150 1162
23953 1 2 856 856 1150 1041
23954 1 2 856 856 1161 1040
23955 1 2 856 856 1161 1030
23956 1 2 856 856 1161 1151
23957 1 2 856 856 1161 1162
23958 1 2 856 856 1161 1041
23959 1 2 856 856 1040 1030
23960 1 2 856 856 1040 1151
23961 1 2 856 856 1040 1162
23962 1 2 856 856 1040 1041
23963 1 2 856 856 1030 1151
23964 1 2 856 856 1030 1162
23965 1 2 856 856 1030 1041
23966 1 2 856 856 1151 1162
23967 1 2 856 856 1151 1041
23968 1 2 856 856 1162 1041
23969 1 2 857 857 1030 1151
23970 1 2 857 857 1030 1162
23971 1 2 857 857 1030 1041
23972 1 2 857 857 1030 1031
23973 1 2 857 857 1030 1152
23974 1 2 857 857 1030 1163
23975 1 2 857 857 1030 1042
23976 1 2 857 857 1151 1162
23977 1 2 857 857 1151 1041
23978 1 2 857 857 1151 1031
23979 1 2 857 857 1151 1152
23980 1 2 857 857 1151 1163
23981 1 2 857 857 1151 1042
23982 1 2 857 857 1162 1041
23983 1 2 857 857 1162 1031
23984 1 2 857 857 1162 1152
23985 1 2 857 857 1162 1163
23986 1 2 857 857 1162 1042
23987 1 2 857 857 1041 1031
23988 1 2 857 857 1041 1152
23989 1 2 857 857 1041 1163
23990 1 2 857 857 1041 1042
23991 1 2 857 857 1031 1152
23992 1 2 857 857 1031 1163
23993 1 2 857 857 1031 1042
23994 1 2 857 857 1152 1163
23995 1 2 857 857 1152 1042
23996 1 2 857 857 1163 1042
23997 1 2 858 858 1031 1152
23998 1 2 858 858 1031 1163
23999 1 2 858 858 1031 1042
24000 1 2 858 858 1031 1032
24001 1 2 858 858 1031 1153
24002 1 2 858 858 1031 1164
24003 1 2 858 858 1031 1043
24004 1 2 858 858 1152 1163
24005 1 2 858 858 1152 1042
24006 1 2 858 858 1152 1032
24007 1 2 858 858 1152 1153
24008 1 2 858 858 1152 1164
24009 1 2 858 858 1152 1043
24010 1 2 858 858 1163 1042
24011 1 2 858 858 1163 1032
24012 1 2 858 858 1163 1153
24013 1 2 858 858 1163 1164
24014 1 2 858 858 1163 1043
24015 1 2 858 858 1042 1032
24016 1 2 858 858 1042 1153
24017 1 2 858 858 1042 1164
24018 1 2 858 858 1042 1043
24019 1 2 858 858 1032 1153
24020 1 2 858 858 1032 1164
24021 1 2 858 858 1032 1043
24022 1 2 858 858 1153 1164
24023 1 2 858 858 1153 1043
24024 1 2 858 858 1164 1043
24025 1 2 859 859 1032 1153
24026 1 2 859 859 1032 1164
24027 1 2 859 859 1032 1043
24028 1 2 859 859 1032 1033
24029 1 2 859 859 1032 1154
24030 1 2 859 859 1032 1165
24031 1 2 859 859 1032 1044
24032 1 2 859 859 1153 1164
24033 1 2 859 859 1153 1043
24034 1 2 859 859 1153 1033
24035 1 2 859 859 1153 1154
24036 1 2 859 859 1153 1165
24037 1 2 859 859 1153 1044
24038 1 2 859 859 1164 1043
24039 1 2 859 859 1164 1033
24040 1 2 859 859 1164 1154
24041 1 2 859 859 1164 1165
24042 1 2 859 859 1164 1044
24043 1 2 859 859 1043 1033
24044 1 2 859 859 1043 1154
24045 1 2 859 859 1043 1165
24046 1 2 859 859 1043 1044
24047 1 2 859 859 1033 1154
24048 1 2 859 859 1033 1165
24049 1 2 859 859 1033 1044
24050 1 2 859 859 1154 1165
24051 1 2 859 859 1154 1044
24052 1 2 859 859 1165 1044
24053 1 2 860 860 1033 1154
24054 1 2 860 860 1033 1165
24055 1 2 860 860 1033 1044
24056 1 2 860 860 1033 1034
24057 1 2 860 860 1033 1155
24058 1 2 860 860 1033 1166
24059 1 2 860 860 1033 1045
24060 1 2 860 860 1154 1165
24061 1 2 860 860 1154 1044
24062 1 2 860 860 1154 1034
24063 1 2 860 860 1154 1155
24064 1 2 860 860 1154 1166
24065 1 2 860 860 1154 1045
24066 1 2 860 860 1165 1044
24067 1 2 860 860 1165 1034
24068 1 2 860 860 1165 1155
24069 1 2 860 860 1165 1166
24070 1 2 860 860 1165 1045
24071 1 2 860 860 1044 1034
24072 1 2 860 860 1044 1155
24073 1 2 860 860 1044 1166
24074 1 2 860 860 1044 1045
24075 1 2 860 860 1034 1155
24076 1 2 860 860 1034 1166
24077 1 2 860 860 1034 1045
24078 1 2 860 860 1155 1166
24079 1 2 860 860 1155 1045
24080 1 2 860 860 1166 1045
24081 1 2 861 861 1035 1156
24082 1 2 861 861 1035 1167
24083 1 2 861 861 1035 1046
24084 1 2 861 861 1035 1036
24085 1 2 861 861 1035 1157
24086 1 2 861 861 1035 1168
24087 1 2 861 861 1035 1047
24088 1 2 861 861 1156 1167
24089 1 2 861 861 1156 1046
24090 1 2 861 861 1156 1036
24091 1 2 861 861 1156 1157
24092 1 2 861 861 1156 1168
24093 1 2 861 861 1156 1047
24094 1 2 861 861 1167 1046
24095 1 2 861 861 1167 1036
24096 1 2 861 861 1167 1157
24097 1 2 861 861 1167 1168
24098 1 2 861 861 1167 1047
24099 1 2 861 861 1046 1036
24100 1 2 861 861 1046 1157
24101 1 2 861 861 1046 1168
24102 1 2 861 861 1046 1047
24103 1 2 861 861 1036 1157
24104 1 2 861 861 1036 1168
24105 1 2 861 861 1036 1047
24106 1 2 861 861 1157 1168
24107 1 2 861 861 1157 1047
24108 1 2 861 861 1168 1047
24109 1 2 862 862 1036 1157
24110 1 2 862 862 1036 1168
24111 1 2 862 862 1036 1047
24112 1 2 862 862 1036 1037
24113 1 2 862 862 1036 1158
24114 1 2 862 862 1036 1169
24115 1 2 862 862 1036 1048
24116 1 2 862 862 1157 1168
24117 1 2 862 862 1157 1047
24118 1 2 862 862 1157 1037
24119 1 2 862 862 1157 1158
24120 1 2 862 862 1157 1169
24121 1 2 862 862 1157 1048
24122 1 2 862 862 1168 1047
24123 1 2 862 862 1168 1037
24124 1 2 862 862 1168 1158
24125 1 2 862 862 1168 1169
24126 1 2 862 862 1168 1048
24127 1 2 862 862 1047 1037
24128 1 2 862 862 1047 1158
24129 1 2 862 862 1047 1169
24130 1 2 862 862 1047 1048
24131 1 2 862 862 1037 1158
24132 1 2 862 862 1037 1169
24133 1 2 862 862 1037 1048
24134 1 2 862 862 1158 1169
24135 1 2 862 862 1158 1048
24136 1 2 862 862 1169 1048
24137 1 2 863 863 1037 1158
24138 1 2 863 863 1037 1169
24139 1 2 863 863 1037 1048
24140 1 2 863 863 1037 1038
24141 1 2 863 863 1037 1159
24142 1 2 863 863 1037 1170
24143 1 2 863 863 1037 1049
24144 1 2 863 863 1158 1169
24145 1 2 863 863 1158 1048
24146 1 2 863 863 1158 1038
24147 1 2 863 863 1158 1159
24148 1 2 863 863 1158 1170
24149 1 2 863 863 1158 1049
24150 1 2 863 863 1169 1048
24151 1 2 863 863 1169 1038
24152 1 2 863 863 1169 1159
24153 1 2 863 863 1169 1170
24154 1 2 863 863 1169 1049
24155 1 2 863 863 1048 1038
24156 1 2 863 863 1048 1159
24157 1 2 863 863 1048 1170
24158 1 2 863 863 1048 1049
24159 1 2 863 863 1038 1159
24160 1 2 863 863 1038 1170
24161 1 2 863 863 1038 1049
24162 1 2 863 863 1159 1170
24163 1 2 863 863 1159 1049
24164 1 2 863 863 1170 1049
24165 1 2 864 864 1038 1159
24166 1 2 864 864 1038 1170
24167 1 2 864 864 1038 1049
24168 1 2 864 864 1038 1039
24169 1 2 864 864 1038 1160
24170 1 2 864 864 1038 1171
24171 1 2 864 864 1038 1050
24172 1 2 864 864 1159 1170
24173 1 2 864 864 1159 1049
24174 1 2 864 864 1159 1039
24175 1 2 864 864 1159 1160
24176 1 2 864 864 1159 1171
24177 1 2 864 864 1159 1050
24178 1 2 864 864 1170 1049
24179 1 2 864 864 1170 1039
24180 1 2 864 864 1170 1160
24181 1 2 864 864 1170 1171
24182 1 2 864 864 1170 1050
24183 1 2 864 864 1049 1039
24184 1 2 864 864 1049 1160
24185 1 2 864 864 1049 1171
24186 1 2 864 864 1049 1050
24187 1 2 864 864 1039 1160
24188 1 2 864 864 1039 1171
24189 1 2 864 864 1039 1050
24190 1 2 864 864 1160 1171
24191 1 2 864 864 1160 1050
24192 1 2 864 864 1171 1050
24193 1 2 865 865 1039 1160
24194 1 2 865 865 1039 1171
24195 1 2 865 865 1039 1050
24196 1 2 865 865 1039 1040
24197 1 2 865 865 1039 1161
24198 1 2 865 865 1039 1172
24199 1 2 865 865 1039 1051
24200 1 2 865 865 1160 1171
24201 1 2 865 865 1160 1050
24202 1 2 865 865 1160 1040
24203 1 2 865 865 1160 1161
24204 1 2 865 865 1160 1172
24205 1 2 865 865 1160 1051
24206 1 2 865 865 1171 1050
24207 1 2 865 865 1171 1040
24208 1 2 865 865 1171 1161
24209 1 2 865 865 1171 1172
24210 1 2 865 865 1171 1051
24211 1 2 865 865 1050 1040
24212 1 2 865 865 1050 1161
24213 1 2 865 865 1050 1172
24214 1 2 865 865 1050 1051
24215 1 2 865 865 1040 1161
24216 1 2 865 865 1040 1172
24217 1 2 865 865 1040 1051
24218 1 2 865 865 1161 1172
24219 1 2 865 865 1161 1051
24220 1 2 865 865 1172 1051
24221 1 2 866 866 1040 1161
24222 1 2 866 866 1040 1172
24223 1 2 866 866 1040 1051
24224 1 2 866 866 1040 1041
24225 1 2 866 866 1040 1162
24226 1 2 866 866 1040 1173
24227 1 2 866 866 1040 1052
24228 1 2 866 866 1161 1172
24229 1 2 866 866 1161 1051
24230 1 2 866 866 1161 1041
24231 1 2 866 866 1161 1162
24232 1 2 866 866 1161 1173
24233 1 2 866 866 1161 1052
24234 1 2 866 866 1172 1051
24235 1 2 866 866 1172 1041
24236 1 2 866 866 1172 1162
24237 1 2 866 866 1172 1173
24238 1 2 866 866 1172 1052
24239 1 2 866 866 1051 1041
24240 1 2 866 866 1051 1162
24241 1 2 866 866 1051 1173
24242 1 2 866 866 1051 1052
24243 1 2 866 866 1041 1162
24244 1 2 866 866 1041 1173
24245 1 2 866 866 1041 1052
24246 1 2 866 866 1162 1173
24247 1 2 866 866 1162 1052
24248 1 2 866 866 1173 1052
24249 1 2 867 867 1041 1162
24250 1 2 867 867 1041 1173
24251 1 2 867 867 1041 1052
24252 1 2 867 867 1041 1042
24253 1 2 867 867 1041 1163
24254 1 2 867 867 1041 1174
24255 1 2 867 867 1041 1053
24256 1 2 867 867 1162 1173
24257 1 2 867 867 1162 1052
24258 1 2 867 867 1162 1042
24259 1 2 867 867 1162 1163
24260 1 2 867 867 1162 1174
24261 1 2 867 867 1162 1053
24262 1 2 867 867 1173 1052
24263 1 2 867 867 1173 1042
24264 1 2 867 867 1173 1163
24265 1 2 867 867 1173 1174
24266 1 2 867 867 1173 1053
24267 1 2 867 867 1052 1042
24268 1 2 867 867 1052 1163
24269 1 2 867 867 1052 1174
24270 1 2 867 867 1052 1053
24271 1 2 867 867 1042 1163
24272 1 2 867 867 1042 1174
24273 1 2 867 867 1042 1053
24274 1 2 867 867 1163 1174
24275 1 2 867 867 1163 1053
24276 1 2 867 867 1174 1053
24277 1 2 868 868 1042 1163
24278 1 2 868 868 1042 1174
24279 1 2 868 868 1042 1053
24280 1 2 868 868 1042 1043
24281 1 2 868 868 1042 1164
24282 1 2 868 868 1042 1175
24283 1 2 868 868 1042 1054
24284 1 2 868 868 1163 1174
24285 1 2 868 868 1163 1053
24286 1 2 868 868 1163 1043
24287 1 2 868 868 1163 1164
24288 1 2 868 868 1163 1175
24289 1 2 868 868 1163 1054
24290 1 2 868 868 1174 1053
24291 1 2 868 868 1174 1043
24292 1 2 868 868 1174 1164
24293 1 2 868 868 1174 1175
24294 1 2 868 868 1174 1054
24295 1 2 868 868 1053 1043
24296 1 2 868 868 1053 1164
24297 1 2 868 868 1053 1175
24298 1 2 868 868 1053 1054
24299 1 2 868 868 1043 1164
24300 1 2 868 868 1043 1175
24301 1 2 868 868 1043 1054
24302 1 2 868 868 1164 1175
24303 1 2 868 868 1164 1054
24304 1 2 868 868 1175 1054
24305 1 2 869 869 1043 1164
24306 1 2 869 869 1043 1175
24307 1 2 869 869 1043 1054
24308 1 2 869 869 1043 1044
24309 1 2 869 869 1043 1165
24310 1 2 869 869 1043 1176
24311 1 2 869 869 1043 1055
24312 1 2 869 869 1164 1175
24313 1 2 869 869 1164 1054
24314 1 2 869 869 1164 1044
24315 1 2 869 869 1164 1165
24316 1 2 869 869 1164 1176
24317 1 2 869 869 1164 1055
24318 1 2 869 869 1175 1054
24319 1 2 869 869 1175 1044
24320 1 2 869 869 1175 1165
24321 1 2 869 869 1175 1176
24322 1 2 869 869 1175 1055
24323 1 2 869 869 1054 1044
24324 1 2 869 869 1054 1165
24325 1 2 869 869 1054 1176
24326 1 2 869 869 1054 1055
24327 1 2 869 869 1044 1165
24328 1 2 869 869 1044 1176
24329 1 2 869 869 1044 1055
24330 1 2 869 869 1165 1176
24331 1 2 869 869 1165 1055
24332 1 2 869 869 1176 1055
24333 1 2 870 870 1044 1165
24334 1 2 870 870 1044 1176
24335 1 2 870 870 1044 1055
24336 1 2 870 870 1044 1045
24337 1 2 870 870 1044 1166
24338 1 2 870 870 1044 1177
24339 1 2 870 870 1044 1056
24340 1 2 870 870 1165 1176
24341 1 2 870 870 1165 1055
24342 1 2 870 870 1165 1045
24343 1 2 870 870 1165 1166
24344 1 2 870 870 1165 1177
24345 1 2 870 870 1165 1056
24346 1 2 870 870 1176 1055
24347 1 2 870 870 1176 1045
24348 1 2 870 870 1176 1166
24349 1 2 870 870 1176 1177
24350 1 2 870 870 1176 1056
24351 1 2 870 870 1055 1045
24352 1 2 870 870 1055 1166
24353 1 2 870 870 1055 1177
24354 1 2 870 870 1055 1056
24355 1 2 870 870 1045 1166
24356 1 2 870 870 1045 1177
24357 1 2 870 870 1045 1056
24358 1 2 870 870 1166 1177
24359 1 2 870 870 1166 1056
24360 1 2 870 870 1177 1056
24361 1 2 871 871 1046 1167
24362 1 2 871 871 1046 1178
24363 1 2 871 871 1046 1057
24364 1 2 871 871 1046 1047
24365 1 2 871 871 1046 1168
24366 1 2 871 871 1046 1179
24367 1 2 871 871 1046 1058
24368 1 2 871 871 1167 1178
24369 1 2 871 871 1167 1057
24370 1 2 871 871 1167 1047
24371 1 2 871 871 1167 1168
24372 1 2 871 871 1167 1179
24373 1 2 871 871 1167 1058
24374 1 2 871 871 1178 1057
24375 1 2 871 871 1178 1047
24376 1 2 871 871 1178 1168
24377 1 2 871 871 1178 1179
24378 1 2 871 871 1178 1058
24379 1 2 871 871 1057 1047
24380 1 2 871 871 1057 1168
24381 1 2 871 871 1057 1179
24382 1 2 871 871 1057 1058
24383 1 2 871 871 1047 1168
24384 1 2 871 871 1047 1179
24385 1 2 871 871 1047 1058
24386 1 2 871 871 1168 1179
24387 1 2 871 871 1168 1058
24388 1 2 871 871 1179 1058
24389 1 2 872 872 1047 1168
24390 1 2 872 872 1047 1179
24391 1 2 872 872 1047 1058
24392 1 2 872 872 1047 1048
24393 1 2 872 872 1047 1169
24394 1 2 872 872 1047 1180
24395 1 2 872 872 1047 1059
24396 1 2 872 872 1168 1179
24397 1 2 872 872 1168 1058
24398 1 2 872 872 1168 1048
24399 1 2 872 872 1168 1169
24400 1 2 872 872 1168 1180
24401 1 2 872 872 1168 1059
24402 1 2 872 872 1179 1058
24403 1 2 872 872 1179 1048
24404 1 2 872 872 1179 1169
24405 1 2 872 872 1179 1180
24406 1 2 872 872 1179 1059
24407 1 2 872 872 1058 1048
24408 1 2 872 872 1058 1169
24409 1 2 872 872 1058 1180
24410 1 2 872 872 1058 1059
24411 1 2 872 872 1048 1169
24412 1 2 872 872 1048 1180
24413 1 2 872 872 1048 1059
24414 1 2 872 872 1169 1180
24415 1 2 872 872 1169 1059
24416 1 2 872 872 1180 1059
24417 1 2 873 873 1048 1169
24418 1 2 873 873 1048 1180
24419 1 2 873 873 1048 1059
24420 1 2 873 873 1048 1049
24421 1 2 873 873 1048 1170
24422 1 2 873 873 1048 1181
24423 1 2 873 873 1048 1060
24424 1 2 873 873 1169 1180
24425 1 2 873 873 1169 1059
24426 1 2 873 873 1169 1049
24427 1 2 873 873 1169 1170
24428 1 2 873 873 1169 1181
24429 1 2 873 873 1169 1060
24430 1 2 873 873 1180 1059
24431 1 2 873 873 1180 1049
24432 1 2 873 873 1180 1170
24433 1 2 873 873 1180 1181
24434 1 2 873 873 1180 1060
24435 1 2 873 873 1059 1049
24436 1 2 873 873 1059 1170
24437 1 2 873 873 1059 1181
24438 1 2 873 873 1059 1060
24439 1 2 873 873 1049 1170
24440 1 2 873 873 1049 1181
24441 1 2 873 873 1049 1060
24442 1 2 873 873 1170 1181
24443 1 2 873 873 1170 1060
24444 1 2 873 873 1181 1060
24445 1 2 874 874 1049 1170
24446 1 2 874 874 1049 1181
24447 1 2 874 874 1049 1060
24448 1 2 874 874 1049 1050
24449 1 2 874 874 1049 1171
24450 1 2 874 874 1049 1182
24451 1 2 874 874 1049 1061
24452 1 2 874 874 1170 1181
24453 1 2 874 874 1170 1060
24454 1 2 874 874 1170 1050
24455 1 2 874 874 1170 1171
24456 1 2 874 874 1170 1182
24457 1 2 874 874 1170 1061
24458 1 2 874 874 1181 1060
24459 1 2 874 874 1181 1050
24460 1 2 874 874 1181 1171
24461 1 2 874 874 1181 1182
24462 1 2 874 874 1181 1061
24463 1 2 874 874 1060 1050
24464 1 2 874 874 1060 1171
24465 1 2 874 874 1060 1182
24466 1 2 874 874 1060 1061
24467 1 2 874 874 1050 1171
24468 1 2 874 874 1050 1182
24469 1 2 874 874 1050 1061
24470 1 2 874 874 1171 1182
24471 1 2 874 874 1171 1061
24472 1 2 874 874 1182 1061
24473 1 2 875 875 1050 1171
24474 1 2 875 875 1050 1182
24475 1 2 875 875 1050 1061
24476 1 2 875 875 1050 1051
24477 1 2 875 875 1050 1172
24478 1 2 875 875 1050 1183
24479 1 2 875 875 1050 1062
24480 1 2 875 875 1171 1182
24481 1 2 875 875 1171 1061
24482 1 2 875 875 1171 1051
24483 1 2 875 875 1171 1172
24484 1 2 875 875 1171 1183
24485 1 2 875 875 1171 1062
24486 1 2 875 875 1182 1061
24487 1 2 875 875 1182 1051
24488 1 2 875 875 1182 1172
24489 1 2 875 875 1182 1183
24490 1 2 875 875 1182 1062
24491 1 2 875 875 1061 1051
24492 1 2 875 875 1061 1172
24493 1 2 875 875 1061 1183
24494 1 2 875 875 1061 1062
24495 1 2 875 875 1051 1172
24496 1 2 875 875 1051 1183
24497 1 2 875 875 1051 1062
24498 1 2 875 875 1172 1183
24499 1 2 875 875 1172 1062
24500 1 2 875 875 1183 1062
24501 1 2 876 876 1051 1172
24502 1 2 876 876 1051 1183
24503 1 2 876 876 1051 1062
24504 1 2 876 876 1051 1052
24505 1 2 876 876 1051 1173
24506 1 2 876 876 1051 1184
24507 1 2 876 876 1051 1063
24508 1 2 876 876 1172 1183
24509 1 2 876 876 1172 1062
24510 1 2 876 876 1172 1052
24511 1 2 876 876 1172 1173
24512 1 2 876 876 1172 1184
24513 1 2 876 876 1172 1063
24514 1 2 876 876 1183 1062
24515 1 2 876 876 1183 1052
24516 1 2 876 876 1183 1173
24517 1 2 876 876 1183 1184
24518 1 2 876 876 1183 1063
24519 1 2 876 876 1062 1052
24520 1 2 876 876 1062 1173
24521 1 2 876 876 1062 1184
24522 1 2 876 876 1062 1063
24523 1 2 876 876 1052 1173
24524 1 2 876 876 1052 1184
24525 1 2 876 876 1052 1063
24526 1 2 876 876 1173 1184
24527 1 2 876 876 1173 1063
24528 1 2 876 876 1184 1063
24529 1 2 877 877 1052 1173
24530 1 2 877 877 1052 1184
24531 1 2 877 877 1052 1063
24532 1 2 877 877 1052 1053
24533 1 2 877 877 1052 1174
24534 1 2 877 877 1052 1185
24535 1 2 877 877 1052 1064
24536 1 2 877 877 1173 1184
24537 1 2 877 877 1173 1063
24538 1 2 877 877 1173 1053
24539 1 2 877 877 1173 1174
24540 1 2 877 877 1173 1185
24541 1 2 877 877 1173 1064
24542 1 2 877 877 1184 1063
24543 1 2 877 877 1184 1053
24544 1 2 877 877 1184 1174
24545 1 2 877 877 1184 1185
24546 1 2 877 877 1184 1064
24547 1 2 877 877 1063 1053
24548 1 2 877 877 1063 1174
24549 1 2 877 877 1063 1185
24550 1 2 877 877 1063 1064
24551 1 2 877 877 1053 1174
24552 1 2 877 877 1053 1185
24553 1 2 877 877 1053 1064
24554 1 2 877 877 1174 1185
24555 1 2 877 877 1174 1064
24556 1 2 877 877 1185 1064
24557 1 2 878 878 1053 1174
24558 1 2 878 878 1053 1185
24559 1 2 878 878 1053 1064
24560 1 2 878 878 1053 1054
24561 1 2 878 878 1053 1175
24562 1 2 878 878 1053 1186
24563 1 2 878 878 1053 1065
24564 1 2 878 878 1174 1185
24565 1 2 878 878 1174 1064
24566 1 2 878 878 1174 1054
24567 1 2 878 878 1174 1175
24568 1 2 878 878 1174 1186
24569 1 2 878 878 1174 1065
24570 1 2 878 878 1185 1064
24571 1 2 878 878 1185 1054
24572 1 2 878 878 1185 1175
24573 1 2 878 878 1185 1186
24574 1 2 878 878 1185 1065
24575 1 2 878 878 1064 1054
24576 1 2 878 878 1064 1175
24577 1 2 878 878 1064 1186
24578 1 2 878 878 1064 1065
24579 1 2 878 878 1054 1175
24580 1 2 878 878 1054 1186
24581 1 2 878 878 1054 1065
24582 1 2 878 878 1175 1186
24583 1 2 878 878 1175 1065
24584 1 2 878 878 1186 1065
24585 1 2 879 879 1054 1175
24586 1 2 879 879 1054 1186
24587 1 2 879 879 1054 1065
24588 1 2 879 879 1054 1055
24589 1 2 879 879 1054 1176
24590 1 2 879 879 1054 1187
24591 1 2 879 879 1054 1066
24592 1 2 879 879 1175 1186
24593 1 2 879 879 1175 1065
24594 1 2 879 879 1175 1055
24595 1 2 879 879 1175 1176
24596 1 2 879 879 1175 1187
24597 1 2 879 879 1175 1066
24598 1 2 879 879 1186 1065
24599 1 2 879 879 1186 1055
24600 1 2 879 879 1186 1176
24601 1 2 879 879 1186 1187
24602 1 2 879 879 1186 1066
24603 1 2 879 879 1065 1055
24604 1 2 879 879 1065 1176
24605 1 2 879 879 1065 1187
24606 1 2 879 879 1065 1066
24607 1 2 879 879 1055 1176
24608 1 2 879 879 1055 1187
24609 1 2 879 879 1055 1066
24610 1 2 879 879 1176 1187
24611 1 2 879 879 1176 1066
24612 1 2 879 879 1187 1066
24613 1 2 880 880 1055 1176
24614 1 2 880 880 1055 1187
24615 1 2 880 880 1055 1066
24616 1 2 880 880 1055 1056
24617 1 2 880 880 1055 1177
24618 1 2 880 880 1055 1188
24619 1 2 880 880 1055 1067
24620 1 2 880 880 1176 1187
24621 1 2 880 880 1176 1066
24622 1 2 880 880 1176 1056
24623 1 2 880 880 1176 1177
24624 1 2 880 880 1176 1188
24625 1 2 880 880 1176 1067
24626 1 2 880 880 1187 1066
24627 1 2 880 880 1187 1056
24628 1 2 880 880 1187 1177
24629 1 2 880 880 1187 1188
24630 1 2 880 880 1187 1067
24631 1 2 880 880 1066 1056
24632 1 2 880 880 1066 1177
24633 1 2 880 880 1066 1188
24634 1 2 880 880 1066 1067
24635 1 2 880 880 1056 1177
24636 1 2 880 880 1056 1188
24637 1 2 880 880 1056 1067
24638 1 2 880 880 1177 1188
24639 1 2 880 880 1177 1067
24640 1 2 880 880 1188 1067
24641 1 2 881 881 1057 1178
24642 1 2 881 881 1057 1189
24643 1 2 881 881 1057 1068
24644 1 2 881 881 1057 1058
24645 1 2 881 881 1057 1179
24646 1 2 881 881 1057 1190
24647 1 2 881 881 1057 1069
24648 1 2 881 881 1178 1189
24649 1 2 881 881 1178 1068
24650 1 2 881 881 1178 1058
24651 1 2 881 881 1178 1179
24652 1 2 881 881 1178 1190
24653 1 2 881 881 1178 1069
24654 1 2 881 881 1189 1068
24655 1 2 881 881 1189 1058
24656 1 2 881 881 1189 1179
24657 1 2 881 881 1189 1190
24658 1 2 881 881 1189 1069
24659 1 2 881 881 1068 1058
24660 1 2 881 881 1068 1179
24661 1 2 881 881 1068 1190
24662 1 2 881 881 1068 1069
24663 1 2 881 881 1058 1179
24664 1 2 881 881 1058 1190
24665 1 2 881 881 1058 1069
24666 1 2 881 881 1179 1190
24667 1 2 881 881 1179 1069
24668 1 2 881 881 1190 1069
24669 1 2 882 882 1058 1179
24670 1 2 882 882 1058 1190
24671 1 2 882 882 1058 1069
24672 1 2 882 882 1058 1059
24673 1 2 882 882 1058 1180
24674 1 2 882 882 1058 1191
24675 1 2 882 882 1058 1070
24676 1 2 882 882 1179 1190
24677 1 2 882 882 1179 1069
24678 1 2 882 882 1179 1059
24679 1 2 882 882 1179 1180
24680 1 2 882 882 1179 1191
24681 1 2 882 882 1179 1070
24682 1 2 882 882 1190 1069
24683 1 2 882 882 1190 1059
24684 1 2 882 882 1190 1180
24685 1 2 882 882 1190 1191
24686 1 2 882 882 1190 1070
24687 1 2 882 882 1069 1059
24688 1 2 882 882 1069 1180
24689 1 2 882 882 1069 1191
24690 1 2 882 882 1069 1070
24691 1 2 882 882 1059 1180
24692 1 2 882 882 1059 1191
24693 1 2 882 882 1059 1070
24694 1 2 882 882 1180 1191
24695 1 2 882 882 1180 1070
24696 1 2 882 882 1191 1070
24697 1 2 883 883 1059 1180
24698 1 2 883 883 1059 1191
24699 1 2 883 883 1059 1070
24700 1 2 883 883 1059 1060
24701 1 2 883 883 1059 1181
24702 1 2 883 883 1059 1192
24703 1 2 883 883 1059 1071
24704 1 2 883 883 1180 1191
24705 1 2 883 883 1180 1070
24706 1 2 883 883 1180 1060
24707 1 2 883 883 1180 1181
24708 1 2 883 883 1180 1192
24709 1 2 883 883 1180 1071
24710 1 2 883 883 1191 1070
24711 1 2 883 883 1191 1060
24712 1 2 883 883 1191 1181
24713 1 2 883 883 1191 1192
24714 1 2 883 883 1191 1071
24715 1 2 883 883 1070 1060
24716 1 2 883 883 1070 1181
24717 1 2 883 883 1070 1192
24718 1 2 883 883 1070 1071
24719 1 2 883 883 1060 1181
24720 1 2 883 883 1060 1192
24721 1 2 883 883 1060 1071
24722 1 2 883 883 1181 1192
24723 1 2 883 883 1181 1071
24724 1 2 883 883 1192 1071
24725 1 2 884 884 1060 1181
24726 1 2 884 884 1060 1192
24727 1 2 884 884 1060 1071
24728 1 2 884 884 1060 1061
24729 1 2 884 884 1060 1182
24730 1 2 884 884 1060 1193
24731 1 2 884 884 1060 1072
24732 1 2 884 884 1181 1192
24733 1 2 884 884 1181 1071
24734 1 2 884 884 1181 1061
24735 1 2 884 884 1181 1182
24736 1 2 884 884 1181 1193
24737 1 2 884 884 1181 1072
24738 1 2 884 884 1192 1071
24739 1 2 884 884 1192 1061
24740 1 2 884 884 1192 1182
24741 1 2 884 884 1192 1193
24742 1 2 884 884 1192 1072
24743 1 2 884 884 1071 1061
24744 1 2 884 884 1071 1182
24745 1 2 884 884 1071 1193
24746 1 2 884 884 1071 1072
24747 1 2 884 884 1061 1182
24748 1 2 884 884 1061 1193
24749 1 2 884 884 1061 1072
24750 1 2 884 884 1182 1193
24751 1 2 884 884 1182 1072
24752 1 2 884 884 1193 1072
24753 1 2 885 885 1061 1182
24754 1 2 885 885 1061 1193
24755 1 2 885 885 1061 1072
24756 1 2 885 885 1061 1062
24757 1 2 885 885 1061 1183
24758 1 2 885 885 1061 1194
24759 1 2 885 885 1061 1073
24760 1 2 885 885 1182 1193
24761 1 2 885 885 1182 1072
24762 1 2 885 885 1182 1062
24763 1 2 885 885 1182 1183
24764 1 2 885 885 1182 1194
24765 1 2 885 885 1182 1073
24766 1 2 885 885 1193 1072
24767 1 2 885 885 1193 1062
24768 1 2 885 885 1193 1183
24769 1 2 885 885 1193 1194
24770 1 2 885 885 1193 1073
24771 1 2 885 885 1072 1062
24772 1 2 885 885 1072 1183
24773 1 2 885 885 1072 1194
24774 1 2 885 885 1072 1073
24775 1 2 885 885 1062 1183
24776 1 2 885 885 1062 1194
24777 1 2 885 885 1062 1073
24778 1 2 885 885 1183 1194
24779 1 2 885 885 1183 1073
24780 1 2 885 885 1194 1073
24781 1 2 886 886 1062 1183
24782 1 2 886 886 1062 1194
24783 1 2 886 886 1062 1073
24784 1 2 886 886 1062 1063
24785 1 2 886 886 1062 1184
24786 1 2 886 886 1062 1195
24787 1 2 886 886 1062 1074
24788 1 2 886 886 1183 1194
24789 1 2 886 886 1183 1073
24790 1 2 886 886 1183 1063
24791 1 2 886 886 1183 1184
24792 1 2 886 886 1183 1195
24793 1 2 886 886 1183 1074
24794 1 2 886 886 1194 1073
24795 1 2 886 886 1194 1063
24796 1 2 886 886 1194 1184
24797 1 2 886 886 1194 1195
24798 1 2 886 886 1194 1074
24799 1 2 886 886 1073 1063
24800 1 2 886 886 1073 1184
24801 1 2 886 886 1073 1195
24802 1 2 886 886 1073 1074
24803 1 2 886 886 1063 1184
24804 1 2 886 886 1063 1195
24805 1 2 886 886 1063 1074
24806 1 2 886 886 1184 1195
24807 1 2 886 886 1184 1074
24808 1 2 886 886 1195 1074
24809 1 2 887 887 1063 1184
24810 1 2 887 887 1063 1195
24811 1 2 887 887 1063 1074
24812 1 2 887 887 1063 1064
24813 1 2 887 887 1063 1185
24814 1 2 887 887 1063 1196
24815 1 2 887 887 1063 1075
24816 1 2 887 887 1184 1195
24817 1 2 887 887 1184 1074
24818 1 2 887 887 1184 1064
24819 1 2 887 887 1184 1185
24820 1 2 887 887 1184 1196
24821 1 2 887 887 1184 1075
24822 1 2 887 887 1195 1074
24823 1 2 887 887 1195 1064
24824 1 2 887 887 1195 1185
24825 1 2 887 887 1195 1196
24826 1 2 887 887 1195 1075
24827 1 2 887 887 1074 1064
24828 1 2 887 887 1074 1185
24829 1 2 887 887 1074 1196
24830 1 2 887 887 1074 1075
24831 1 2 887 887 1064 1185
24832 1 2 887 887 1064 1196
24833 1 2 887 887 1064 1075
24834 1 2 887 887 1185 1196
24835 1 2 887 887 1185 1075
24836 1 2 887 887 1196 1075
24837 1 2 888 888 1064 1185
24838 1 2 888 888 1064 1196
24839 1 2 888 888 1064 1075
24840 1 2 888 888 1064 1065
24841 1 2 888 888 1064 1186
24842 1 2 888 888 1064 1197
24843 1 2 888 888 1064 1076
24844 1 2 888 888 1185 1196
24845 1 2 888 888 1185 1075
24846 1 2 888 888 1185 1065
24847 1 2 888 888 1185 1186
24848 1 2 888 888 1185 1197
24849 1 2 888 888 1185 1076
24850 1 2 888 888 1196 1075
24851 1 2 888 888 1196 1065
24852 1 2 888 888 1196 1186
24853 1 2 888 888 1196 1197
24854 1 2 888 888 1196 1076
24855 1 2 888 888 1075 1065
24856 1 2 888 888 1075 1186
24857 1 2 888 888 1075 1197
24858 1 2 888 888 1075 1076
24859 1 2 888 888 1065 1186
24860 1 2 888 888 1065 1197
24861 1 2 888 888 1065 1076
24862 1 2 888 888 1186 1197
24863 1 2 888 888 1186 1076
24864 1 2 888 888 1197 1076
24865 1 2 889 889 1065 1186
24866 1 2 889 889 1065 1197
24867 1 2 889 889 1065 1076
24868 1 2 889 889 1065 1066
24869 1 2 889 889 1065 1187
24870 1 2 889 889 1065 1198
24871 1 2 889 889 1065 1077
24872 1 2 889 889 1186 1197
24873 1 2 889 889 1186 1076
24874 1 2 889 889 1186 1066
24875 1 2 889 889 1186 1187
24876 1 2 889 889 1186 1198
24877 1 2 889 889 1186 1077
24878 1 2 889 889 1197 1076
24879 1 2 889 889 1197 1066
24880 1 2 889 889 1197 1187
24881 1 2 889 889 1197 1198
24882 1 2 889 889 1197 1077
24883 1 2 889 889 1076 1066
24884 1 2 889 889 1076 1187
24885 1 2 889 889 1076 1198
24886 1 2 889 889 1076 1077
24887 1 2 889 889 1066 1187
24888 1 2 889 889 1066 1198
24889 1 2 889 889 1066 1077
24890 1 2 889 889 1187 1198
24891 1 2 889 889 1187 1077
24892 1 2 889 889 1198 1077
24893 1 2 890 890 1066 1187
24894 1 2 890 890 1066 1198
24895 1 2 890 890 1066 1077
24896 1 2 890 890 1066 1067
24897 1 2 890 890 1066 1188
24898 1 2 890 890 1066 1199
24899 1 2 890 890 1066 1078
24900 1 2 890 890 1187 1198
24901 1 2 890 890 1187 1077
24902 1 2 890 890 1187 1067
24903 1 2 890 890 1187 1188
24904 1 2 890 890 1187 1199
24905 1 2 890 890 1187 1078
24906 1 2 890 890 1198 1077
24907 1 2 890 890 1198 1067
24908 1 2 890 890 1198 1188
24909 1 2 890 890 1198 1199
24910 1 2 890 890 1198 1078
24911 1 2 890 890 1077 1067
24912 1 2 890 890 1077 1188
24913 1 2 890 890 1077 1199
24914 1 2 890 890 1077 1078
24915 1 2 890 890 1067 1188
24916 1 2 890 890 1067 1199
24917 1 2 890 890 1067 1078
24918 1 2 890 890 1188 1199
24919 1 2 890 890 1188 1078
24920 1 2 890 890 1199 1078
24921 1 2 891 891 1068 1189
24922 1 2 891 891 1068 1200
24923 1 2 891 891 1068 1079
24924 1 2 891 891 1068 1069
24925 1 2 891 891 1068 1190
24926 1 2 891 891 1068 1201
24927 1 2 891 891 1068 1080
24928 1 2 891 891 1189 1200
24929 1 2 891 891 1189 1079
24930 1 2 891 891 1189 1069
24931 1 2 891 891 1189 1190
24932 1 2 891 891 1189 1201
24933 1 2 891 891 1189 1080
24934 1 2 891 891 1200 1079
24935 1 2 891 891 1200 1069
24936 1 2 891 891 1200 1190
24937 1 2 891 891 1200 1201
24938 1 2 891 891 1200 1080
24939 1 2 891 891 1079 1069
24940 1 2 891 891 1079 1190
24941 1 2 891 891 1079 1201
24942 1 2 891 891 1079 1080
24943 1 2 891 891 1069 1190
24944 1 2 891 891 1069 1201
24945 1 2 891 891 1069 1080
24946 1 2 891 891 1190 1201
24947 1 2 891 891 1190 1080
24948 1 2 891 891 1201 1080
24949 1 2 892 892 1069 1190
24950 1 2 892 892 1069 1201
24951 1 2 892 892 1069 1080
24952 1 2 892 892 1069 1070
24953 1 2 892 892 1069 1191
24954 1 2 892 892 1069 1202
24955 1 2 892 892 1069 1081
24956 1 2 892 892 1190 1201
24957 1 2 892 892 1190 1080
24958 1 2 892 892 1190 1070
24959 1 2 892 892 1190 1191
24960 1 2 892 892 1190 1202
24961 1 2 892 892 1190 1081
24962 1 2 892 892 1201 1080
24963 1 2 892 892 1201 1070
24964 1 2 892 892 1201 1191
24965 1 2 892 892 1201 1202
24966 1 2 892 892 1201 1081
24967 1 2 892 892 1080 1070
24968 1 2 892 892 1080 1191
24969 1 2 892 892 1080 1202
24970 1 2 892 892 1080 1081
24971 1 2 892 892 1070 1191
24972 1 2 892 892 1070 1202
24973 1 2 892 892 1070 1081
24974 1 2 892 892 1191 1202
24975 1 2 892 892 1191 1081
24976 1 2 892 892 1202 1081
24977 1 2 893 893 1070 1191
24978 1 2 893 893 1070 1202
24979 1 2 893 893 1070 1081
24980 1 2 893 893 1070 1071
24981 1 2 893 893 1070 1192
24982 1 2 893 893 1070 1203
24983 1 2 893 893 1070 1082
24984 1 2 893 893 1191 1202
24985 1 2 893 893 1191 1081
24986 1 2 893 893 1191 1071
24987 1 2 893 893 1191 1192
24988 1 2 893 893 1191 1203
24989 1 2 893 893 1191 1082
24990 1 2 893 893 1202 1081
24991 1 2 893 893 1202 1071
24992 1 2 893 893 1202 1192
24993 1 2 893 893 1202 1203
24994 1 2 893 893 1202 1082
24995 1 2 893 893 1081 1071
24996 1 2 893 893 1081 1192
24997 1 2 893 893 1081 1203
24998 1 2 893 893 1081 1082
24999 1 2 893 893 1071 1192
25000 1 2 893 893 1071 1203
25001 1 2 893 893 1071 1082
25002 1 2 893 893 1192 1203
25003 1 2 893 893 1192 1082
25004 1 2 893 893 1203 1082
25005 1 2 894 894 1071 1192
25006 1 2 894 894 1071 1203
25007 1 2 894 894 1071 1082
25008 1 2 894 894 1071 1072
25009 1 2 894 894 1071 1193
25010 1 2 894 894 1071 1204
25011 1 2 894 894 1071 1083
25012 1 2 894 894 1192 1203
25013 1 2 894 894 1192 1082
25014 1 2 894 894 1192 1072
25015 1 2 894 894 1192 1193
25016 1 2 894 894 1192 1204
25017 1 2 894 894 1192 1083
25018 1 2 894 894 1203 1082
25019 1 2 894 894 1203 1072
25020 1 2 894 894 1203 1193
25021 1 2 894 894 1203 1204
25022 1 2 894 894 1203 1083
25023 1 2 894 894 1082 1072
25024 1 2 894 894 1082 1193
25025 1 2 894 894 1082 1204
25026 1 2 894 894 1082 1083
25027 1 2 894 894 1072 1193
25028 1 2 894 894 1072 1204
25029 1 2 894 894 1072 1083
25030 1 2 894 894 1193 1204
25031 1 2 894 894 1193 1083
25032 1 2 894 894 1204 1083
25033 1 2 895 895 1072 1193
25034 1 2 895 895 1072 1204
25035 1 2 895 895 1072 1083
25036 1 2 895 895 1072 1073
25037 1 2 895 895 1072 1194
25038 1 2 895 895 1072 1205
25039 1 2 895 895 1072 1084
25040 1 2 895 895 1193 1204
25041 1 2 895 895 1193 1083
25042 1 2 895 895 1193 1073
25043 1 2 895 895 1193 1194
25044 1 2 895 895 1193 1205
25045 1 2 895 895 1193 1084
25046 1 2 895 895 1204 1083
25047 1 2 895 895 1204 1073
25048 1 2 895 895 1204 1194
25049 1 2 895 895 1204 1205
25050 1 2 895 895 1204 1084
25051 1 2 895 895 1083 1073
25052 1 2 895 895 1083 1194
25053 1 2 895 895 1083 1205
25054 1 2 895 895 1083 1084
25055 1 2 895 895 1073 1194
25056 1 2 895 895 1073 1205
25057 1 2 895 895 1073 1084
25058 1 2 895 895 1194 1205
25059 1 2 895 895 1194 1084
25060 1 2 895 895 1205 1084
25061 1 2 896 896 1073 1194
25062 1 2 896 896 1073 1205
25063 1 2 896 896 1073 1084
25064 1 2 896 896 1073 1074
25065 1 2 896 896 1073 1195
25066 1 2 896 896 1073 1206
25067 1 2 896 896 1073 1085
25068 1 2 896 896 1194 1205
25069 1 2 896 896 1194 1084
25070 1 2 896 896 1194 1074
25071 1 2 896 896 1194 1195
25072 1 2 896 896 1194 1206
25073 1 2 896 896 1194 1085
25074 1 2 896 896 1205 1084
25075 1 2 896 896 1205 1074
25076 1 2 896 896 1205 1195
25077 1 2 896 896 1205 1206
25078 1 2 896 896 1205 1085
25079 1 2 896 896 1084 1074
25080 1 2 896 896 1084 1195
25081 1 2 896 896 1084 1206
25082 1 2 896 896 1084 1085
25083 1 2 896 896 1074 1195
25084 1 2 896 896 1074 1206
25085 1 2 896 896 1074 1085
25086 1 2 896 896 1195 1206
25087 1 2 896 896 1195 1085
25088 1 2 896 896 1206 1085
25089 1 2 897 897 1074 1195
25090 1 2 897 897 1074 1206
25091 1 2 897 897 1074 1085
25092 1 2 897 897 1074 1075
25093 1 2 897 897 1074 1196
25094 1 2 897 897 1074 1207
25095 1 2 897 897 1074 1086
25096 1 2 897 897 1195 1206
25097 1 2 897 897 1195 1085
25098 1 2 897 897 1195 1075
25099 1 2 897 897 1195 1196
25100 1 2 897 897 1195 1207
25101 1 2 897 897 1195 1086
25102 1 2 897 897 1206 1085
25103 1 2 897 897 1206 1075
25104 1 2 897 897 1206 1196
25105 1 2 897 897 1206 1207
25106 1 2 897 897 1206 1086
25107 1 2 897 897 1085 1075
25108 1 2 897 897 1085 1196
25109 1 2 897 897 1085 1207
25110 1 2 897 897 1085 1086
25111 1 2 897 897 1075 1196
25112 1 2 897 897 1075 1207
25113 1 2 897 897 1075 1086
25114 1 2 897 897 1196 1207
25115 1 2 897 897 1196 1086
25116 1 2 897 897 1207 1086
25117 1 2 898 898 1075 1196
25118 1 2 898 898 1075 1207
25119 1 2 898 898 1075 1086
25120 1 2 898 898 1075 1076
25121 1 2 898 898 1075 1197
25122 1 2 898 898 1075 1208
25123 1 2 898 898 1075 1087
25124 1 2 898 898 1196 1207
25125 1 2 898 898 1196 1086
25126 1 2 898 898 1196 1076
25127 1 2 898 898 1196 1197
25128 1 2 898 898 1196 1208
25129 1 2 898 898 1196 1087
25130 1 2 898 898 1207 1086
25131 1 2 898 898 1207 1076
25132 1 2 898 898 1207 1197
25133 1 2 898 898 1207 1208
25134 1 2 898 898 1207 1087
25135 1 2 898 898 1086 1076
25136 1 2 898 898 1086 1197
25137 1 2 898 898 1086 1208
25138 1 2 898 898 1086 1087
25139 1 2 898 898 1076 1197
25140 1 2 898 898 1076 1208
25141 1 2 898 898 1076 1087
25142 1 2 898 898 1197 1208
25143 1 2 898 898 1197 1087
25144 1 2 898 898 1208 1087
25145 1 2 899 899 1076 1197
25146 1 2 899 899 1076 1208
25147 1 2 899 899 1076 1087
25148 1 2 899 899 1076 1077
25149 1 2 899 899 1076 1198
25150 1 2 899 899 1076 1209
25151 1 2 899 899 1076 1088
25152 1 2 899 899 1197 1208
25153 1 2 899 899 1197 1087
25154 1 2 899 899 1197 1077
25155 1 2 899 899 1197 1198
25156 1 2 899 899 1197 1209
25157 1 2 899 899 1197 1088
25158 1 2 899 899 1208 1087
25159 1 2 899 899 1208 1077
25160 1 2 899 899 1208 1198
25161 1 2 899 899 1208 1209
25162 1 2 899 899 1208 1088
25163 1 2 899 899 1087 1077
25164 1 2 899 899 1087 1198
25165 1 2 899 899 1087 1209
25166 1 2 899 899 1087 1088
25167 1 2 899 899 1077 1198
25168 1 2 899 899 1077 1209
25169 1 2 899 899 1077 1088
25170 1 2 899 899 1198 1209
25171 1 2 899 899 1198 1088
25172 1 2 899 899 1209 1088
25173 1 2 900 900 1077 1198
25174 1 2 900 900 1077 1209
25175 1 2 900 900 1077 1088
25176 1 2 900 900 1077 1078
25177 1 2 900 900 1077 1199
25178 1 2 900 900 1077 1210
25179 1 2 900 900 1077 1089
25180 1 2 900 900 1198 1209
25181 1 2 900 900 1198 1088
25182 1 2 900 900 1198 1078
25183 1 2 900 900 1198 1199
25184 1 2 900 900 1198 1210
25185 1 2 900 900 1198 1089
25186 1 2 900 900 1209 1088
25187 1 2 900 900 1209 1078
25188 1 2 900 900 1209 1199
25189 1 2 900 900 1209 1210
25190 1 2 900 900 1209 1089
25191 1 2 900 900 1088 1078
25192 1 2 900 900 1088 1199
25193 1 2 900 900 1088 1210
25194 1 2 900 900 1088 1089
25195 1 2 900 900 1078 1199
25196 1 2 900 900 1078 1210
25197 1 2 900 900 1078 1089
25198 1 2 900 900 1199 1210
25199 1 2 900 900 1199 1089
25200 1 2 900 900 1210 1089
25201 1 2 901 901 1090 1211
25202 1 2 901 901 1090 1222
25203 1 2 901 901 1090 1101
25204 1 2 901 901 1090 1091
25205 1 2 901 901 1090 1212
25206 1 2 901 901 1090 1223
25207 1 2 901 901 1090 1102
25208 1 2 901 901 1211 1222
25209 1 2 901 901 1211 1101
25210 1 2 901 901 1211 1091
25211 1 2 901 901 1211 1212
25212 1 2 901 901 1211 1223
25213 1 2 901 901 1211 1102
25214 1 2 901 901 1222 1101
25215 1 2 901 901 1222 1091
25216 1 2 901 901 1222 1212
25217 1 2 901 901 1222 1223
25218 1 2 901 901 1222 1102
25219 1 2 901 901 1101 1091
25220 1 2 901 901 1101 1212
25221 1 2 901 901 1101 1223
25222 1 2 901 901 1101 1102
25223 1 2 901 901 1091 1212
25224 1 2 901 901 1091 1223
25225 1 2 901 901 1091 1102
25226 1 2 901 901 1212 1223
25227 1 2 901 901 1212 1102
25228 1 2 901 901 1223 1102
25229 1 2 902 902 1091 1212
25230 1 2 902 902 1091 1223
25231 1 2 902 902 1091 1102
25232 1 2 902 902 1091 1092
25233 1 2 902 902 1091 1213
25234 1 2 902 902 1091 1224
25235 1 2 902 902 1091 1103
25236 1 2 902 902 1212 1223
25237 1 2 902 902 1212 1102
25238 1 2 902 902 1212 1092
25239 1 2 902 902 1212 1213
25240 1 2 902 902 1212 1224
25241 1 2 902 902 1212 1103
25242 1 2 902 902 1223 1102
25243 1 2 902 902 1223 1092
25244 1 2 902 902 1223 1213
25245 1 2 902 902 1223 1224
25246 1 2 902 902 1223 1103
25247 1 2 902 902 1102 1092
25248 1 2 902 902 1102 1213
25249 1 2 902 902 1102 1224
25250 1 2 902 902 1102 1103
25251 1 2 902 902 1092 1213
25252 1 2 902 902 1092 1224
25253 1 2 902 902 1092 1103
25254 1 2 902 902 1213 1224
25255 1 2 902 902 1213 1103
25256 1 2 902 902 1224 1103
25257 1 2 903 903 1092 1213
25258 1 2 903 903 1092 1224
25259 1 2 903 903 1092 1103
25260 1 2 903 903 1092 1093
25261 1 2 903 903 1092 1214
25262 1 2 903 903 1092 1225
25263 1 2 903 903 1092 1104
25264 1 2 903 903 1213 1224
25265 1 2 903 903 1213 1103
25266 1 2 903 903 1213 1093
25267 1 2 903 903 1213 1214
25268 1 2 903 903 1213 1225
25269 1 2 903 903 1213 1104
25270 1 2 903 903 1224 1103
25271 1 2 903 903 1224 1093
25272 1 2 903 903 1224 1214
25273 1 2 903 903 1224 1225
25274 1 2 903 903 1224 1104
25275 1 2 903 903 1103 1093
25276 1 2 903 903 1103 1214
25277 1 2 903 903 1103 1225
25278 1 2 903 903 1103 1104
25279 1 2 903 903 1093 1214
25280 1 2 903 903 1093 1225
25281 1 2 903 903 1093 1104
25282 1 2 903 903 1214 1225
25283 1 2 903 903 1214 1104
25284 1 2 903 903 1225 1104
25285 1 2 904 904 1093 1214
25286 1 2 904 904 1093 1225
25287 1 2 904 904 1093 1104
25288 1 2 904 904 1093 1094
25289 1 2 904 904 1093 1215
25290 1 2 904 904 1093 1226
25291 1 2 904 904 1093 1105
25292 1 2 904 904 1214 1225
25293 1 2 904 904 1214 1104
25294 1 2 904 904 1214 1094
25295 1 2 904 904 1214 1215
25296 1 2 904 904 1214 1226
25297 1 2 904 904 1214 1105
25298 1 2 904 904 1225 1104
25299 1 2 904 904 1225 1094
25300 1 2 904 904 1225 1215
25301 1 2 904 904 1225 1226
25302 1 2 904 904 1225 1105
25303 1 2 904 904 1104 1094
25304 1 2 904 904 1104 1215
25305 1 2 904 904 1104 1226
25306 1 2 904 904 1104 1105
25307 1 2 904 904 1094 1215
25308 1 2 904 904 1094 1226
25309 1 2 904 904 1094 1105
25310 1 2 904 904 1215 1226
25311 1 2 904 904 1215 1105
25312 1 2 904 904 1226 1105
25313 1 2 905 905 1094 1215
25314 1 2 905 905 1094 1226
25315 1 2 905 905 1094 1105
25316 1 2 905 905 1094 1095
25317 1 2 905 905 1094 1216
25318 1 2 905 905 1094 1227
25319 1 2 905 905 1094 1106
25320 1 2 905 905 1215 1226
25321 1 2 905 905 1215 1105
25322 1 2 905 905 1215 1095
25323 1 2 905 905 1215 1216
25324 1 2 905 905 1215 1227
25325 1 2 905 905 1215 1106
25326 1 2 905 905 1226 1105
25327 1 2 905 905 1226 1095
25328 1 2 905 905 1226 1216
25329 1 2 905 905 1226 1227
25330 1 2 905 905 1226 1106
25331 1 2 905 905 1105 1095
25332 1 2 905 905 1105 1216
25333 1 2 905 905 1105 1227
25334 1 2 905 905 1105 1106
25335 1 2 905 905 1095 1216
25336 1 2 905 905 1095 1227
25337 1 2 905 905 1095 1106
25338 1 2 905 905 1216 1227
25339 1 2 905 905 1216 1106
25340 1 2 905 905 1227 1106
25341 1 2 906 906 1095 1216
25342 1 2 906 906 1095 1227
25343 1 2 906 906 1095 1106
25344 1 2 906 906 1095 1096
25345 1 2 906 906 1095 1217
25346 1 2 906 906 1095 1228
25347 1 2 906 906 1095 1107
25348 1 2 906 906 1216 1227
25349 1 2 906 906 1216 1106
25350 1 2 906 906 1216 1096
25351 1 2 906 906 1216 1217
25352 1 2 906 906 1216 1228
25353 1 2 906 906 1216 1107
25354 1 2 906 906 1227 1106
25355 1 2 906 906 1227 1096
25356 1 2 906 906 1227 1217
25357 1 2 906 906 1227 1228
25358 1 2 906 906 1227 1107
25359 1 2 906 906 1106 1096
25360 1 2 906 906 1106 1217
25361 1 2 906 906 1106 1228
25362 1 2 906 906 1106 1107
25363 1 2 906 906 1096 1217
25364 1 2 906 906 1096 1228
25365 1 2 906 906 1096 1107
25366 1 2 906 906 1217 1228
25367 1 2 906 906 1217 1107
25368 1 2 906 906 1228 1107
25369 1 2 907 907 1096 1217
25370 1 2 907 907 1096 1228
25371 1 2 907 907 1096 1107
25372 1 2 907 907 1096 1097
25373 1 2 907 907 1096 1218
25374 1 2 907 907 1096 1229
25375 1 2 907 907 1096 1108
25376 1 2 907 907 1217 1228
25377 1 2 907 907 1217 1107
25378 1 2 907 907 1217 1097
25379 1 2 907 907 1217 1218
25380 1 2 907 907 1217 1229
25381 1 2 907 907 1217 1108
25382 1 2 907 907 1228 1107
25383 1 2 907 907 1228 1097
25384 1 2 907 907 1228 1218
25385 1 2 907 907 1228 1229
25386 1 2 907 907 1228 1108
25387 1 2 907 907 1107 1097
25388 1 2 907 907 1107 1218
25389 1 2 907 907 1107 1229
25390 1 2 907 907 1107 1108
25391 1 2 907 907 1097 1218
25392 1 2 907 907 1097 1229
25393 1 2 907 907 1097 1108
25394 1 2 907 907 1218 1229
25395 1 2 907 907 1218 1108
25396 1 2 907 907 1229 1108
25397 1 2 908 908 1097 1218
25398 1 2 908 908 1097 1229
25399 1 2 908 908 1097 1108
25400 1 2 908 908 1097 1098
25401 1 2 908 908 1097 1219
25402 1 2 908 908 1097 1230
25403 1 2 908 908 1097 1109
25404 1 2 908 908 1218 1229
25405 1 2 908 908 1218 1108
25406 1 2 908 908 1218 1098
25407 1 2 908 908 1218 1219
25408 1 2 908 908 1218 1230
25409 1 2 908 908 1218 1109
25410 1 2 908 908 1229 1108
25411 1 2 908 908 1229 1098
25412 1 2 908 908 1229 1219
25413 1 2 908 908 1229 1230
25414 1 2 908 908 1229 1109
25415 1 2 908 908 1108 1098
25416 1 2 908 908 1108 1219
25417 1 2 908 908 1108 1230
25418 1 2 908 908 1108 1109
25419 1 2 908 908 1098 1219
25420 1 2 908 908 1098 1230
25421 1 2 908 908 1098 1109
25422 1 2 908 908 1219 1230
25423 1 2 908 908 1219 1109
25424 1 2 908 908 1230 1109
25425 1 2 909 909 1098 1219
25426 1 2 909 909 1098 1230
25427 1 2 909 909 1098 1109
25428 1 2 909 909 1098 1099
25429 1 2 909 909 1098 1220
25430 1 2 909 909 1098 1231
25431 1 2 909 909 1098 1110
25432 1 2 909 909 1219 1230
25433 1 2 909 909 1219 1109
25434 1 2 909 909 1219 1099
25435 1 2 909 909 1219 1220
25436 1 2 909 909 1219 1231
25437 1 2 909 909 1219 1110
25438 1 2 909 909 1230 1109
25439 1 2 909 909 1230 1099
25440 1 2 909 909 1230 1220
25441 1 2 909 909 1230 1231
25442 1 2 909 909 1230 1110
25443 1 2 909 909 1109 1099
25444 1 2 909 909 1109 1220
25445 1 2 909 909 1109 1231
25446 1 2 909 909 1109 1110
25447 1 2 909 909 1099 1220
25448 1 2 909 909 1099 1231
25449 1 2 909 909 1099 1110
25450 1 2 909 909 1220 1231
25451 1 2 909 909 1220 1110
25452 1 2 909 909 1231 1110
25453 1 2 910 910 1099 1220
25454 1 2 910 910 1099 1231
25455 1 2 910 910 1099 1110
25456 1 2 910 910 1099 1100
25457 1 2 910 910 1099 1221
25458 1 2 910 910 1099 1232
25459 1 2 910 910 1099 1111
25460 1 2 910 910 1220 1231
25461 1 2 910 910 1220 1110
25462 1 2 910 910 1220 1100
25463 1 2 910 910 1220 1221
25464 1 2 910 910 1220 1232
25465 1 2 910 910 1220 1111
25466 1 2 910 910 1231 1110
25467 1 2 910 910 1231 1100
25468 1 2 910 910 1231 1221
25469 1 2 910 910 1231 1232
25470 1 2 910 910 1231 1111
25471 1 2 910 910 1110 1100
25472 1 2 910 910 1110 1221
25473 1 2 910 910 1110 1232
25474 1 2 910 910 1110 1111
25475 1 2 910 910 1100 1221
25476 1 2 910 910 1100 1232
25477 1 2 910 910 1100 1111
25478 1 2 910 910 1221 1232
25479 1 2 910 910 1221 1111
25480 1 2 910 910 1232 1111
25481 1 2 911 911 1101 1222
25482 1 2 911 911 1101 1233
25483 1 2 911 911 1101 1112
25484 1 2 911 911 1101 1102
25485 1 2 911 911 1101 1223
25486 1 2 911 911 1101 1234
25487 1 2 911 911 1101 1113
25488 1 2 911 911 1222 1233
25489 1 2 911 911 1222 1112
25490 1 2 911 911 1222 1102
25491 1 2 911 911 1222 1223
25492 1 2 911 911 1222 1234
25493 1 2 911 911 1222 1113
25494 1 2 911 911 1233 1112
25495 1 2 911 911 1233 1102
25496 1 2 911 911 1233 1223
25497 1 2 911 911 1233 1234
25498 1 2 911 911 1233 1113
25499 1 2 911 911 1112 1102
25500 1 2 911 911 1112 1223
25501 1 2 911 911 1112 1234
25502 1 2 911 911 1112 1113
25503 1 2 911 911 1102 1223
25504 1 2 911 911 1102 1234
25505 1 2 911 911 1102 1113
25506 1 2 911 911 1223 1234
25507 1 2 911 911 1223 1113
25508 1 2 911 911 1234 1113
25509 1 2 912 912 1102 1223
25510 1 2 912 912 1102 1234
25511 1 2 912 912 1102 1113
25512 1 2 912 912 1102 1103
25513 1 2 912 912 1102 1224
25514 1 2 912 912 1102 1235
25515 1 2 912 912 1102 1114
25516 1 2 912 912 1223 1234
25517 1 2 912 912 1223 1113
25518 1 2 912 912 1223 1103
25519 1 2 912 912 1223 1224
25520 1 2 912 912 1223 1235
25521 1 2 912 912 1223 1114
25522 1 2 912 912 1234 1113
25523 1 2 912 912 1234 1103
25524 1 2 912 912 1234 1224
25525 1 2 912 912 1234 1235
25526 1 2 912 912 1234 1114
25527 1 2 912 912 1113 1103
25528 1 2 912 912 1113 1224
25529 1 2 912 912 1113 1235
25530 1 2 912 912 1113 1114
25531 1 2 912 912 1103 1224
25532 1 2 912 912 1103 1235
25533 1 2 912 912 1103 1114
25534 1 2 912 912 1224 1235
25535 1 2 912 912 1224 1114
25536 1 2 912 912 1235 1114
25537 1 2 913 913 1103 1224
25538 1 2 913 913 1103 1235
25539 1 2 913 913 1103 1114
25540 1 2 913 913 1103 1104
25541 1 2 913 913 1103 1225
25542 1 2 913 913 1103 1236
25543 1 2 913 913 1103 1115
25544 1 2 913 913 1224 1235
25545 1 2 913 913 1224 1114
25546 1 2 913 913 1224 1104
25547 1 2 913 913 1224 1225
25548 1 2 913 913 1224 1236
25549 1 2 913 913 1224 1115
25550 1 2 913 913 1235 1114
25551 1 2 913 913 1235 1104
25552 1 2 913 913 1235 1225
25553 1 2 913 913 1235 1236
25554 1 2 913 913 1235 1115
25555 1 2 913 913 1114 1104
25556 1 2 913 913 1114 1225
25557 1 2 913 913 1114 1236
25558 1 2 913 913 1114 1115
25559 1 2 913 913 1104 1225
25560 1 2 913 913 1104 1236
25561 1 2 913 913 1104 1115
25562 1 2 913 913 1225 1236
25563 1 2 913 913 1225 1115
25564 1 2 913 913 1236 1115
25565 1 2 914 914 1104 1225
25566 1 2 914 914 1104 1236
25567 1 2 914 914 1104 1115
25568 1 2 914 914 1104 1105
25569 1 2 914 914 1104 1226
25570 1 2 914 914 1104 1237
25571 1 2 914 914 1104 1116
25572 1 2 914 914 1225 1236
25573 1 2 914 914 1225 1115
25574 1 2 914 914 1225 1105
25575 1 2 914 914 1225 1226
25576 1 2 914 914 1225 1237
25577 1 2 914 914 1225 1116
25578 1 2 914 914 1236 1115
25579 1 2 914 914 1236 1105
25580 1 2 914 914 1236 1226
25581 1 2 914 914 1236 1237
25582 1 2 914 914 1236 1116
25583 1 2 914 914 1115 1105
25584 1 2 914 914 1115 1226
25585 1 2 914 914 1115 1237
25586 1 2 914 914 1115 1116
25587 1 2 914 914 1105 1226
25588 1 2 914 914 1105 1237
25589 1 2 914 914 1105 1116
25590 1 2 914 914 1226 1237
25591 1 2 914 914 1226 1116
25592 1 2 914 914 1237 1116
25593 1 2 915 915 1105 1226
25594 1 2 915 915 1105 1237
25595 1 2 915 915 1105 1116
25596 1 2 915 915 1105 1106
25597 1 2 915 915 1105 1227
25598 1 2 915 915 1105 1238
25599 1 2 915 915 1105 1117
25600 1 2 915 915 1226 1237
25601 1 2 915 915 1226 1116
25602 1 2 915 915 1226 1106
25603 1 2 915 915 1226 1227
25604 1 2 915 915 1226 1238
25605 1 2 915 915 1226 1117
25606 1 2 915 915 1237 1116
25607 1 2 915 915 1237 1106
25608 1 2 915 915 1237 1227
25609 1 2 915 915 1237 1238
25610 1 2 915 915 1237 1117
25611 1 2 915 915 1116 1106
25612 1 2 915 915 1116 1227
25613 1 2 915 915 1116 1238
25614 1 2 915 915 1116 1117
25615 1 2 915 915 1106 1227
25616 1 2 915 915 1106 1238
25617 1 2 915 915 1106 1117
25618 1 2 915 915 1227 1238
25619 1 2 915 915 1227 1117
25620 1 2 915 915 1238 1117
25621 1 2 916 916 1106 1227
25622 1 2 916 916 1106 1238
25623 1 2 916 916 1106 1117
25624 1 2 916 916 1106 1107
25625 1 2 916 916 1106 1228
25626 1 2 916 916 1106 1239
25627 1 2 916 916 1106 1118
25628 1 2 916 916 1227 1238
25629 1 2 916 916 1227 1117
25630 1 2 916 916 1227 1107
25631 1 2 916 916 1227 1228
25632 1 2 916 916 1227 1239
25633 1 2 916 916 1227 1118
25634 1 2 916 916 1238 1117
25635 1 2 916 916 1238 1107
25636 1 2 916 916 1238 1228
25637 1 2 916 916 1238 1239
25638 1 2 916 916 1238 1118
25639 1 2 916 916 1117 1107
25640 1 2 916 916 1117 1228
25641 1 2 916 916 1117 1239
25642 1 2 916 916 1117 1118
25643 1 2 916 916 1107 1228
25644 1 2 916 916 1107 1239
25645 1 2 916 916 1107 1118
25646 1 2 916 916 1228 1239
25647 1 2 916 916 1228 1118
25648 1 2 916 916 1239 1118
25649 1 2 917 917 1107 1228
25650 1 2 917 917 1107 1239
25651 1 2 917 917 1107 1118
25652 1 2 917 917 1107 1108
25653 1 2 917 917 1107 1229
25654 1 2 917 917 1107 1240
25655 1 2 917 917 1107 1119
25656 1 2 917 917 1228 1239
25657 1 2 917 917 1228 1118
25658 1 2 917 917 1228 1108
25659 1 2 917 917 1228 1229
25660 1 2 917 917 1228 1240
25661 1 2 917 917 1228 1119
25662 1 2 917 917 1239 1118
25663 1 2 917 917 1239 1108
25664 1 2 917 917 1239 1229
25665 1 2 917 917 1239 1240
25666 1 2 917 917 1239 1119
25667 1 2 917 917 1118 1108
25668 1 2 917 917 1118 1229
25669 1 2 917 917 1118 1240
25670 1 2 917 917 1118 1119
25671 1 2 917 917 1108 1229
25672 1 2 917 917 1108 1240
25673 1 2 917 917 1108 1119
25674 1 2 917 917 1229 1240
25675 1 2 917 917 1229 1119
25676 1 2 917 917 1240 1119
25677 1 2 918 918 1108 1229
25678 1 2 918 918 1108 1240
25679 1 2 918 918 1108 1119
25680 1 2 918 918 1108 1109
25681 1 2 918 918 1108 1230
25682 1 2 918 918 1108 1241
25683 1 2 918 918 1108 1120
25684 1 2 918 918 1229 1240
25685 1 2 918 918 1229 1119
25686 1 2 918 918 1229 1109
25687 1 2 918 918 1229 1230
25688 1 2 918 918 1229 1241
25689 1 2 918 918 1229 1120
25690 1 2 918 918 1240 1119
25691 1 2 918 918 1240 1109
25692 1 2 918 918 1240 1230
25693 1 2 918 918 1240 1241
25694 1 2 918 918 1240 1120
25695 1 2 918 918 1119 1109
25696 1 2 918 918 1119 1230
25697 1 2 918 918 1119 1241
25698 1 2 918 918 1119 1120
25699 1 2 918 918 1109 1230
25700 1 2 918 918 1109 1241
25701 1 2 918 918 1109 1120
25702 1 2 918 918 1230 1241
25703 1 2 918 918 1230 1120
25704 1 2 918 918 1241 1120
25705 1 2 919 919 1109 1230
25706 1 2 919 919 1109 1241
25707 1 2 919 919 1109 1120
25708 1 2 919 919 1109 1110
25709 1 2 919 919 1109 1231
25710 1 2 919 919 1109 1242
25711 1 2 919 919 1109 1121
25712 1 2 919 919 1230 1241
25713 1 2 919 919 1230 1120
25714 1 2 919 919 1230 1110
25715 1 2 919 919 1230 1231
25716 1 2 919 919 1230 1242
25717 1 2 919 919 1230 1121
25718 1 2 919 919 1241 1120
25719 1 2 919 919 1241 1110
25720 1 2 919 919 1241 1231
25721 1 2 919 919 1241 1242
25722 1 2 919 919 1241 1121
25723 1 2 919 919 1120 1110
25724 1 2 919 919 1120 1231
25725 1 2 919 919 1120 1242
25726 1 2 919 919 1120 1121
25727 1 2 919 919 1110 1231
25728 1 2 919 919 1110 1242
25729 1 2 919 919 1110 1121
25730 1 2 919 919 1231 1242
25731 1 2 919 919 1231 1121
25732 1 2 919 919 1242 1121
25733 1 2 920 920 1110 1231
25734 1 2 920 920 1110 1242
25735 1 2 920 920 1110 1121
25736 1 2 920 920 1110 1111
25737 1 2 920 920 1110 1232
25738 1 2 920 920 1110 1243
25739 1 2 920 920 1110 1122
25740 1 2 920 920 1231 1242
25741 1 2 920 920 1231 1121
25742 1 2 920 920 1231 1111
25743 1 2 920 920 1231 1232
25744 1 2 920 920 1231 1243
25745 1 2 920 920 1231 1122
25746 1 2 920 920 1242 1121
25747 1 2 920 920 1242 1111
25748 1 2 920 920 1242 1232
25749 1 2 920 920 1242 1243
25750 1 2 920 920 1242 1122
25751 1 2 920 920 1121 1111
25752 1 2 920 920 1121 1232
25753 1 2 920 920 1121 1243
25754 1 2 920 920 1121 1122
25755 1 2 920 920 1111 1232
25756 1 2 920 920 1111 1243
25757 1 2 920 920 1111 1122
25758 1 2 920 920 1232 1243
25759 1 2 920 920 1232 1122
25760 1 2 920 920 1243 1122
25761 1 2 921 921 1112 1233
25762 1 2 921 921 1112 1244
25763 1 2 921 921 1112 1123
25764 1 2 921 921 1112 1113
25765 1 2 921 921 1112 1234
25766 1 2 921 921 1112 1245
25767 1 2 921 921 1112 1124
25768 1 2 921 921 1233 1244
25769 1 2 921 921 1233 1123
25770 1 2 921 921 1233 1113
25771 1 2 921 921 1233 1234
25772 1 2 921 921 1233 1245
25773 1 2 921 921 1233 1124
25774 1 2 921 921 1244 1123
25775 1 2 921 921 1244 1113
25776 1 2 921 921 1244 1234
25777 1 2 921 921 1244 1245
25778 1 2 921 921 1244 1124
25779 1 2 921 921 1123 1113
25780 1 2 921 921 1123 1234
25781 1 2 921 921 1123 1245
25782 1 2 921 921 1123 1124
25783 1 2 921 921 1113 1234
25784 1 2 921 921 1113 1245
25785 1 2 921 921 1113 1124
25786 1 2 921 921 1234 1245
25787 1 2 921 921 1234 1124
25788 1 2 921 921 1245 1124
25789 1 2 922 922 1113 1234
25790 1 2 922 922 1113 1245
25791 1 2 922 922 1113 1124
25792 1 2 922 922 1113 1114
25793 1 2 922 922 1113 1235
25794 1 2 922 922 1113 1246
25795 1 2 922 922 1113 1125
25796 1 2 922 922 1234 1245
25797 1 2 922 922 1234 1124
25798 1 2 922 922 1234 1114
25799 1 2 922 922 1234 1235
25800 1 2 922 922 1234 1246
25801 1 2 922 922 1234 1125
25802 1 2 922 922 1245 1124
25803 1 2 922 922 1245 1114
25804 1 2 922 922 1245 1235
25805 1 2 922 922 1245 1246
25806 1 2 922 922 1245 1125
25807 1 2 922 922 1124 1114
25808 1 2 922 922 1124 1235
25809 1 2 922 922 1124 1246
25810 1 2 922 922 1124 1125
25811 1 2 922 922 1114 1235
25812 1 2 922 922 1114 1246
25813 1 2 922 922 1114 1125
25814 1 2 922 922 1235 1246
25815 1 2 922 922 1235 1125
25816 1 2 922 922 1246 1125
25817 1 2 923 923 1114 1235
25818 1 2 923 923 1114 1246
25819 1 2 923 923 1114 1125
25820 1 2 923 923 1114 1115
25821 1 2 923 923 1114 1236
25822 1 2 923 923 1114 1247
25823 1 2 923 923 1114 1126
25824 1 2 923 923 1235 1246
25825 1 2 923 923 1235 1125
25826 1 2 923 923 1235 1115
25827 1 2 923 923 1235 1236
25828 1 2 923 923 1235 1247
25829 1 2 923 923 1235 1126
25830 1 2 923 923 1246 1125
25831 1 2 923 923 1246 1115
25832 1 2 923 923 1246 1236
25833 1 2 923 923 1246 1247
25834 1 2 923 923 1246 1126
25835 1 2 923 923 1125 1115
25836 1 2 923 923 1125 1236
25837 1 2 923 923 1125 1247
25838 1 2 923 923 1125 1126
25839 1 2 923 923 1115 1236
25840 1 2 923 923 1115 1247
25841 1 2 923 923 1115 1126
25842 1 2 923 923 1236 1247
25843 1 2 923 923 1236 1126
25844 1 2 923 923 1247 1126
25845 1 2 924 924 1115 1236
25846 1 2 924 924 1115 1247
25847 1 2 924 924 1115 1126
25848 1 2 924 924 1115 1116
25849 1 2 924 924 1115 1237
25850 1 2 924 924 1115 1248
25851 1 2 924 924 1115 1127
25852 1 2 924 924 1236 1247
25853 1 2 924 924 1236 1126
25854 1 2 924 924 1236 1116
25855 1 2 924 924 1236 1237
25856 1 2 924 924 1236 1248
25857 1 2 924 924 1236 1127
25858 1 2 924 924 1247 1126
25859 1 2 924 924 1247 1116
25860 1 2 924 924 1247 1237
25861 1 2 924 924 1247 1248
25862 1 2 924 924 1247 1127
25863 1 2 924 924 1126 1116
25864 1 2 924 924 1126 1237
25865 1 2 924 924 1126 1248
25866 1 2 924 924 1126 1127
25867 1 2 924 924 1116 1237
25868 1 2 924 924 1116 1248
25869 1 2 924 924 1116 1127
25870 1 2 924 924 1237 1248
25871 1 2 924 924 1237 1127
25872 1 2 924 924 1248 1127
25873 1 2 925 925 1116 1237
25874 1 2 925 925 1116 1248
25875 1 2 925 925 1116 1127
25876 1 2 925 925 1116 1117
25877 1 2 925 925 1116 1238
25878 1 2 925 925 1116 1249
25879 1 2 925 925 1116 1128
25880 1 2 925 925 1237 1248
25881 1 2 925 925 1237 1127
25882 1 2 925 925 1237 1117
25883 1 2 925 925 1237 1238
25884 1 2 925 925 1237 1249
25885 1 2 925 925 1237 1128
25886 1 2 925 925 1248 1127
25887 1 2 925 925 1248 1117
25888 1 2 925 925 1248 1238
25889 1 2 925 925 1248 1249
25890 1 2 925 925 1248 1128
25891 1 2 925 925 1127 1117
25892 1 2 925 925 1127 1238
25893 1 2 925 925 1127 1249
25894 1 2 925 925 1127 1128
25895 1 2 925 925 1117 1238
25896 1 2 925 925 1117 1249
25897 1 2 925 925 1117 1128
25898 1 2 925 925 1238 1249
25899 1 2 925 925 1238 1128
25900 1 2 925 925 1249 1128
25901 1 2 926 926 1117 1238
25902 1 2 926 926 1117 1249
25903 1 2 926 926 1117 1128
25904 1 2 926 926 1117 1118
25905 1 2 926 926 1117 1239
25906 1 2 926 926 1117 1250
25907 1 2 926 926 1117 1129
25908 1 2 926 926 1238 1249
25909 1 2 926 926 1238 1128
25910 1 2 926 926 1238 1118
25911 1 2 926 926 1238 1239
25912 1 2 926 926 1238 1250
25913 1 2 926 926 1238 1129
25914 1 2 926 926 1249 1128
25915 1 2 926 926 1249 1118
25916 1 2 926 926 1249 1239
25917 1 2 926 926 1249 1250
25918 1 2 926 926 1249 1129
25919 1 2 926 926 1128 1118
25920 1 2 926 926 1128 1239
25921 1 2 926 926 1128 1250
25922 1 2 926 926 1128 1129
25923 1 2 926 926 1118 1239
25924 1 2 926 926 1118 1250
25925 1 2 926 926 1118 1129
25926 1 2 926 926 1239 1250
25927 1 2 926 926 1239 1129
25928 1 2 926 926 1250 1129
25929 1 2 927 927 1118 1239
25930 1 2 927 927 1118 1250
25931 1 2 927 927 1118 1129
25932 1 2 927 927 1118 1119
25933 1 2 927 927 1118 1240
25934 1 2 927 927 1118 1251
25935 1 2 927 927 1118 1130
25936 1 2 927 927 1239 1250
25937 1 2 927 927 1239 1129
25938 1 2 927 927 1239 1119
25939 1 2 927 927 1239 1240
25940 1 2 927 927 1239 1251
25941 1 2 927 927 1239 1130
25942 1 2 927 927 1250 1129
25943 1 2 927 927 1250 1119
25944 1 2 927 927 1250 1240
25945 1 2 927 927 1250 1251
25946 1 2 927 927 1250 1130
25947 1 2 927 927 1129 1119
25948 1 2 927 927 1129 1240
25949 1 2 927 927 1129 1251
25950 1 2 927 927 1129 1130
25951 1 2 927 927 1119 1240
25952 1 2 927 927 1119 1251
25953 1 2 927 927 1119 1130
25954 1 2 927 927 1240 1251
25955 1 2 927 927 1240 1130
25956 1 2 927 927 1251 1130
25957 1 2 928 928 1119 1240
25958 1 2 928 928 1119 1251
25959 1 2 928 928 1119 1130
25960 1 2 928 928 1119 1120
25961 1 2 928 928 1119 1241
25962 1 2 928 928 1119 1252
25963 1 2 928 928 1119 1131
25964 1 2 928 928 1240 1251
25965 1 2 928 928 1240 1130
25966 1 2 928 928 1240 1120
25967 1 2 928 928 1240 1241
25968 1 2 928 928 1240 1252
25969 1 2 928 928 1240 1131
25970 1 2 928 928 1251 1130
25971 1 2 928 928 1251 1120
25972 1 2 928 928 1251 1241
25973 1 2 928 928 1251 1252
25974 1 2 928 928 1251 1131
25975 1 2 928 928 1130 1120
25976 1 2 928 928 1130 1241
25977 1 2 928 928 1130 1252
25978 1 2 928 928 1130 1131
25979 1 2 928 928 1120 1241
25980 1 2 928 928 1120 1252
25981 1 2 928 928 1120 1131
25982 1 2 928 928 1241 1252
25983 1 2 928 928 1241 1131
25984 1 2 928 928 1252 1131
25985 1 2 929 929 1120 1241
25986 1 2 929 929 1120 1252
25987 1 2 929 929 1120 1131
25988 1 2 929 929 1120 1121
25989 1 2 929 929 1120 1242
25990 1 2 929 929 1120 1253
25991 1 2 929 929 1120 1132
25992 1 2 929 929 1241 1252
25993 1 2 929 929 1241 1131
25994 1 2 929 929 1241 1121
25995 1 2 929 929 1241 1242
25996 1 2 929 929 1241 1253
25997 1 2 929 929 1241 1132
25998 1 2 929 929 1252 1131
25999 1 2 929 929 1252 1121
26000 1 2 929 929 1252 1242
26001 1 2 929 929 1252 1253
26002 1 2 929 929 1252 1132
26003 1 2 929 929 1131 1121
26004 1 2 929 929 1131 1242
26005 1 2 929 929 1131 1253
26006 1 2 929 929 1131 1132
26007 1 2 929 929 1121 1242
26008 1 2 929 929 1121 1253
26009 1 2 929 929 1121 1132
26010 1 2 929 929 1242 1253
26011 1 2 929 929 1242 1132
26012 1 2 929 929 1253 1132
26013 1 2 930 930 1121 1242
26014 1 2 930 930 1121 1253
26015 1 2 930 930 1121 1132
26016 1 2 930 930 1121 1122
26017 1 2 930 930 1121 1243
26018 1 2 930 930 1121 1254
26019 1 2 930 930 1121 1133
26020 1 2 930 930 1242 1253
26021 1 2 930 930 1242 1132
26022 1 2 930 930 1242 1122
26023 1 2 930 930 1242 1243
26024 1 2 930 930 1242 1254
26025 1 2 930 930 1242 1133
26026 1 2 930 930 1253 1132
26027 1 2 930 930 1253 1122
26028 1 2 930 930 1253 1243
26029 1 2 930 930 1253 1254
26030 1 2 930 930 1253 1133
26031 1 2 930 930 1132 1122
26032 1 2 930 930 1132 1243
26033 1 2 930 930 1132 1254
26034 1 2 930 930 1132 1133
26035 1 2 930 930 1122 1243
26036 1 2 930 930 1122 1254
26037 1 2 930 930 1122 1133
26038 1 2 930 930 1243 1254
26039 1 2 930 930 1243 1133
26040 1 2 930 930 1254 1133
26041 1 2 931 931 1123 1244
26042 1 2 931 931 1123 1255
26043 1 2 931 931 1123 1134
26044 1 2 931 931 1123 1124
26045 1 2 931 931 1123 1245
26046 1 2 931 931 1123 1256
26047 1 2 931 931 1123 1135
26048 1 2 931 931 1244 1255
26049 1 2 931 931 1244 1134
26050 1 2 931 931 1244 1124
26051 1 2 931 931 1244 1245
26052 1 2 931 931 1244 1256
26053 1 2 931 931 1244 1135
26054 1 2 931 931 1255 1134
26055 1 2 931 931 1255 1124
26056 1 2 931 931 1255 1245
26057 1 2 931 931 1255 1256
26058 1 2 931 931 1255 1135
26059 1 2 931 931 1134 1124
26060 1 2 931 931 1134 1245
26061 1 2 931 931 1134 1256
26062 1 2 931 931 1134 1135
26063 1 2 931 931 1124 1245
26064 1 2 931 931 1124 1256
26065 1 2 931 931 1124 1135
26066 1 2 931 931 1245 1256
26067 1 2 931 931 1245 1135
26068 1 2 931 931 1256 1135
26069 1 2 932 932 1124 1245
26070 1 2 932 932 1124 1256
26071 1 2 932 932 1124 1135
26072 1 2 932 932 1124 1125
26073 1 2 932 932 1124 1246
26074 1 2 932 932 1124 1257
26075 1 2 932 932 1124 1136
26076 1 2 932 932 1245 1256
26077 1 2 932 932 1245 1135
26078 1 2 932 932 1245 1125
26079 1 2 932 932 1245 1246
26080 1 2 932 932 1245 1257
26081 1 2 932 932 1245 1136
26082 1 2 932 932 1256 1135
26083 1 2 932 932 1256 1125
26084 1 2 932 932 1256 1246
26085 1 2 932 932 1256 1257
26086 1 2 932 932 1256 1136
26087 1 2 932 932 1135 1125
26088 1 2 932 932 1135 1246
26089 1 2 932 932 1135 1257
26090 1 2 932 932 1135 1136
26091 1 2 932 932 1125 1246
26092 1 2 932 932 1125 1257
26093 1 2 932 932 1125 1136
26094 1 2 932 932 1246 1257
26095 1 2 932 932 1246 1136
26096 1 2 932 932 1257 1136
26097 1 2 933 933 1125 1246
26098 1 2 933 933 1125 1257
26099 1 2 933 933 1125 1136
26100 1 2 933 933 1125 1126
26101 1 2 933 933 1125 1247
26102 1 2 933 933 1125 1258
26103 1 2 933 933 1125 1137
26104 1 2 933 933 1246 1257
26105 1 2 933 933 1246 1136
26106 1 2 933 933 1246 1126
26107 1 2 933 933 1246 1247
26108 1 2 933 933 1246 1258
26109 1 2 933 933 1246 1137
26110 1 2 933 933 1257 1136
26111 1 2 933 933 1257 1126
26112 1 2 933 933 1257 1247
26113 1 2 933 933 1257 1258
26114 1 2 933 933 1257 1137
26115 1 2 933 933 1136 1126
26116 1 2 933 933 1136 1247
26117 1 2 933 933 1136 1258
26118 1 2 933 933 1136 1137
26119 1 2 933 933 1126 1247
26120 1 2 933 933 1126 1258
26121 1 2 933 933 1126 1137
26122 1 2 933 933 1247 1258
26123 1 2 933 933 1247 1137
26124 1 2 933 933 1258 1137
26125 1 2 934 934 1126 1247
26126 1 2 934 934 1126 1258
26127 1 2 934 934 1126 1137
26128 1 2 934 934 1126 1127
26129 1 2 934 934 1126 1248
26130 1 2 934 934 1126 1259
26131 1 2 934 934 1126 1138
26132 1 2 934 934 1247 1258
26133 1 2 934 934 1247 1137
26134 1 2 934 934 1247 1127
26135 1 2 934 934 1247 1248
26136 1 2 934 934 1247 1259
26137 1 2 934 934 1247 1138
26138 1 2 934 934 1258 1137
26139 1 2 934 934 1258 1127
26140 1 2 934 934 1258 1248
26141 1 2 934 934 1258 1259
26142 1 2 934 934 1258 1138
26143 1 2 934 934 1137 1127
26144 1 2 934 934 1137 1248
26145 1 2 934 934 1137 1259
26146 1 2 934 934 1137 1138
26147 1 2 934 934 1127 1248
26148 1 2 934 934 1127 1259
26149 1 2 934 934 1127 1138
26150 1 2 934 934 1248 1259
26151 1 2 934 934 1248 1138
26152 1 2 934 934 1259 1138
26153 1 2 935 935 1127 1248
26154 1 2 935 935 1127 1259
26155 1 2 935 935 1127 1138
26156 1 2 935 935 1127 1128
26157 1 2 935 935 1127 1249
26158 1 2 935 935 1127 1260
26159 1 2 935 935 1127 1139
26160 1 2 935 935 1248 1259
26161 1 2 935 935 1248 1138
26162 1 2 935 935 1248 1128
26163 1 2 935 935 1248 1249
26164 1 2 935 935 1248 1260
26165 1 2 935 935 1248 1139
26166 1 2 935 935 1259 1138
26167 1 2 935 935 1259 1128
26168 1 2 935 935 1259 1249
26169 1 2 935 935 1259 1260
26170 1 2 935 935 1259 1139
26171 1 2 935 935 1138 1128
26172 1 2 935 935 1138 1249
26173 1 2 935 935 1138 1260
26174 1 2 935 935 1138 1139
26175 1 2 935 935 1128 1249
26176 1 2 935 935 1128 1260
26177 1 2 935 935 1128 1139
26178 1 2 935 935 1249 1260
26179 1 2 935 935 1249 1139
26180 1 2 935 935 1260 1139
26181 1 2 936 936 1128 1249
26182 1 2 936 936 1128 1260
26183 1 2 936 936 1128 1139
26184 1 2 936 936 1128 1129
26185 1 2 936 936 1128 1250
26186 1 2 936 936 1128 1261
26187 1 2 936 936 1128 1140
26188 1 2 936 936 1249 1260
26189 1 2 936 936 1249 1139
26190 1 2 936 936 1249 1129
26191 1 2 936 936 1249 1250
26192 1 2 936 936 1249 1261
26193 1 2 936 936 1249 1140
26194 1 2 936 936 1260 1139
26195 1 2 936 936 1260 1129
26196 1 2 936 936 1260 1250
26197 1 2 936 936 1260 1261
26198 1 2 936 936 1260 1140
26199 1 2 936 936 1139 1129
26200 1 2 936 936 1139 1250
26201 1 2 936 936 1139 1261
26202 1 2 936 936 1139 1140
26203 1 2 936 936 1129 1250
26204 1 2 936 936 1129 1261
26205 1 2 936 936 1129 1140
26206 1 2 936 936 1250 1261
26207 1 2 936 936 1250 1140
26208 1 2 936 936 1261 1140
26209 1 2 937 937 1129 1250
26210 1 2 937 937 1129 1261
26211 1 2 937 937 1129 1140
26212 1 2 937 937 1129 1130
26213 1 2 937 937 1129 1251
26214 1 2 937 937 1129 1262
26215 1 2 937 937 1129 1141
26216 1 2 937 937 1250 1261
26217 1 2 937 937 1250 1140
26218 1 2 937 937 1250 1130
26219 1 2 937 937 1250 1251
26220 1 2 937 937 1250 1262
26221 1 2 937 937 1250 1141
26222 1 2 937 937 1261 1140
26223 1 2 937 937 1261 1130
26224 1 2 937 937 1261 1251
26225 1 2 937 937 1261 1262
26226 1 2 937 937 1261 1141
26227 1 2 937 937 1140 1130
26228 1 2 937 937 1140 1251
26229 1 2 937 937 1140 1262
26230 1 2 937 937 1140 1141
26231 1 2 937 937 1130 1251
26232 1 2 937 937 1130 1262
26233 1 2 937 937 1130 1141
26234 1 2 937 937 1251 1262
26235 1 2 937 937 1251 1141
26236 1 2 937 937 1262 1141
26237 1 2 938 938 1130 1251
26238 1 2 938 938 1130 1262
26239 1 2 938 938 1130 1141
26240 1 2 938 938 1130 1131
26241 1 2 938 938 1130 1252
26242 1 2 938 938 1130 1263
26243 1 2 938 938 1130 1142
26244 1 2 938 938 1251 1262
26245 1 2 938 938 1251 1141
26246 1 2 938 938 1251 1131
26247 1 2 938 938 1251 1252
26248 1 2 938 938 1251 1263
26249 1 2 938 938 1251 1142
26250 1 2 938 938 1262 1141
26251 1 2 938 938 1262 1131
26252 1 2 938 938 1262 1252
26253 1 2 938 938 1262 1263
26254 1 2 938 938 1262 1142
26255 1 2 938 938 1141 1131
26256 1 2 938 938 1141 1252
26257 1 2 938 938 1141 1263
26258 1 2 938 938 1141 1142
26259 1 2 938 938 1131 1252
26260 1 2 938 938 1131 1263
26261 1 2 938 938 1131 1142
26262 1 2 938 938 1252 1263
26263 1 2 938 938 1252 1142
26264 1 2 938 938 1263 1142
26265 1 2 939 939 1131 1252
26266 1 2 939 939 1131 1263
26267 1 2 939 939 1131 1142
26268 1 2 939 939 1131 1132
26269 1 2 939 939 1131 1253
26270 1 2 939 939 1131 1264
26271 1 2 939 939 1131 1143
26272 1 2 939 939 1252 1263
26273 1 2 939 939 1252 1142
26274 1 2 939 939 1252 1132
26275 1 2 939 939 1252 1253
26276 1 2 939 939 1252 1264
26277 1 2 939 939 1252 1143
26278 1 2 939 939 1263 1142
26279 1 2 939 939 1263 1132
26280 1 2 939 939 1263 1253
26281 1 2 939 939 1263 1264
26282 1 2 939 939 1263 1143
26283 1 2 939 939 1142 1132
26284 1 2 939 939 1142 1253
26285 1 2 939 939 1142 1264
26286 1 2 939 939 1142 1143
26287 1 2 939 939 1132 1253
26288 1 2 939 939 1132 1264
26289 1 2 939 939 1132 1143
26290 1 2 939 939 1253 1264
26291 1 2 939 939 1253 1143
26292 1 2 939 939 1264 1143
26293 1 2 940 940 1132 1253
26294 1 2 940 940 1132 1264
26295 1 2 940 940 1132 1143
26296 1 2 940 940 1132 1133
26297 1 2 940 940 1132 1254
26298 1 2 940 940 1132 1265
26299 1 2 940 940 1132 1144
26300 1 2 940 940 1253 1264
26301 1 2 940 940 1253 1143
26302 1 2 940 940 1253 1133
26303 1 2 940 940 1253 1254
26304 1 2 940 940 1253 1265
26305 1 2 940 940 1253 1144
26306 1 2 940 940 1264 1143
26307 1 2 940 940 1264 1133
26308 1 2 940 940 1264 1254
26309 1 2 940 940 1264 1265
26310 1 2 940 940 1264 1144
26311 1 2 940 940 1143 1133
26312 1 2 940 940 1143 1254
26313 1 2 940 940 1143 1265
26314 1 2 940 940 1143 1144
26315 1 2 940 940 1133 1254
26316 1 2 940 940 1133 1265
26317 1 2 940 940 1133 1144
26318 1 2 940 940 1254 1265
26319 1 2 940 940 1254 1144
26320 1 2 940 940 1265 1144
26321 1 2 941 941 1134 1255
26322 1 2 941 941 1134 1266
26323 1 2 941 941 1134 1145
26324 1 2 941 941 1134 1135
26325 1 2 941 941 1134 1256
26326 1 2 941 941 1134 1267
26327 1 2 941 941 1134 1146
26328 1 2 941 941 1255 1266
26329 1 2 941 941 1255 1145
26330 1 2 941 941 1255 1135
26331 1 2 941 941 1255 1256
26332 1 2 941 941 1255 1267
26333 1 2 941 941 1255 1146
26334 1 2 941 941 1266 1145
26335 1 2 941 941 1266 1135
26336 1 2 941 941 1266 1256
26337 1 2 941 941 1266 1267
26338 1 2 941 941 1266 1146
26339 1 2 941 941 1145 1135
26340 1 2 941 941 1145 1256
26341 1 2 941 941 1145 1267
26342 1 2 941 941 1145 1146
26343 1 2 941 941 1135 1256
26344 1 2 941 941 1135 1267
26345 1 2 941 941 1135 1146
26346 1 2 941 941 1256 1267
26347 1 2 941 941 1256 1146
26348 1 2 941 941 1267 1146
26349 1 2 942 942 1135 1256
26350 1 2 942 942 1135 1267
26351 1 2 942 942 1135 1146
26352 1 2 942 942 1135 1136
26353 1 2 942 942 1135 1257
26354 1 2 942 942 1135 1268
26355 1 2 942 942 1135 1147
26356 1 2 942 942 1256 1267
26357 1 2 942 942 1256 1146
26358 1 2 942 942 1256 1136
26359 1 2 942 942 1256 1257
26360 1 2 942 942 1256 1268
26361 1 2 942 942 1256 1147
26362 1 2 942 942 1267 1146
26363 1 2 942 942 1267 1136
26364 1 2 942 942 1267 1257
26365 1 2 942 942 1267 1268
26366 1 2 942 942 1267 1147
26367 1 2 942 942 1146 1136
26368 1 2 942 942 1146 1257
26369 1 2 942 942 1146 1268
26370 1 2 942 942 1146 1147
26371 1 2 942 942 1136 1257
26372 1 2 942 942 1136 1268
26373 1 2 942 942 1136 1147
26374 1 2 942 942 1257 1268
26375 1 2 942 942 1257 1147
26376 1 2 942 942 1268 1147
26377 1 2 943 943 1136 1257
26378 1 2 943 943 1136 1268
26379 1 2 943 943 1136 1147
26380 1 2 943 943 1136 1137
26381 1 2 943 943 1136 1258
26382 1 2 943 943 1136 1269
26383 1 2 943 943 1136 1148
26384 1 2 943 943 1257 1268
26385 1 2 943 943 1257 1147
26386 1 2 943 943 1257 1137
26387 1 2 943 943 1257 1258
26388 1 2 943 943 1257 1269
26389 1 2 943 943 1257 1148
26390 1 2 943 943 1268 1147
26391 1 2 943 943 1268 1137
26392 1 2 943 943 1268 1258
26393 1 2 943 943 1268 1269
26394 1 2 943 943 1268 1148
26395 1 2 943 943 1147 1137
26396 1 2 943 943 1147 1258
26397 1 2 943 943 1147 1269
26398 1 2 943 943 1147 1148
26399 1 2 943 943 1137 1258
26400 1 2 943 943 1137 1269
26401 1 2 943 943 1137 1148
26402 1 2 943 943 1258 1269
26403 1 2 943 943 1258 1148
26404 1 2 943 943 1269 1148
26405 1 2 944 944 1137 1258
26406 1 2 944 944 1137 1269
26407 1 2 944 944 1137 1148
26408 1 2 944 944 1137 1138
26409 1 2 944 944 1137 1259
26410 1 2 944 944 1137 1270
26411 1 2 944 944 1137 1149
26412 1 2 944 944 1258 1269
26413 1 2 944 944 1258 1148
26414 1 2 944 944 1258 1138
26415 1 2 944 944 1258 1259
26416 1 2 944 944 1258 1270
26417 1 2 944 944 1258 1149
26418 1 2 944 944 1269 1148
26419 1 2 944 944 1269 1138
26420 1 2 944 944 1269 1259
26421 1 2 944 944 1269 1270
26422 1 2 944 944 1269 1149
26423 1 2 944 944 1148 1138
26424 1 2 944 944 1148 1259
26425 1 2 944 944 1148 1270
26426 1 2 944 944 1148 1149
26427 1 2 944 944 1138 1259
26428 1 2 944 944 1138 1270
26429 1 2 944 944 1138 1149
26430 1 2 944 944 1259 1270
26431 1 2 944 944 1259 1149
26432 1 2 944 944 1270 1149
26433 1 2 945 945 1138 1259
26434 1 2 945 945 1138 1270
26435 1 2 945 945 1138 1149
26436 1 2 945 945 1138 1139
26437 1 2 945 945 1138 1260
26438 1 2 945 945 1138 1271
26439 1 2 945 945 1138 1150
26440 1 2 945 945 1259 1270
26441 1 2 945 945 1259 1149
26442 1 2 945 945 1259 1139
26443 1 2 945 945 1259 1260
26444 1 2 945 945 1259 1271
26445 1 2 945 945 1259 1150
26446 1 2 945 945 1270 1149
26447 1 2 945 945 1270 1139
26448 1 2 945 945 1270 1260
26449 1 2 945 945 1270 1271
26450 1 2 945 945 1270 1150
26451 1 2 945 945 1149 1139
26452 1 2 945 945 1149 1260
26453 1 2 945 945 1149 1271
26454 1 2 945 945 1149 1150
26455 1 2 945 945 1139 1260
26456 1 2 945 945 1139 1271
26457 1 2 945 945 1139 1150
26458 1 2 945 945 1260 1271
26459 1 2 945 945 1260 1150
26460 1 2 945 945 1271 1150
26461 1 2 946 946 1139 1260
26462 1 2 946 946 1139 1271
26463 1 2 946 946 1139 1150
26464 1 2 946 946 1139 1140
26465 1 2 946 946 1139 1261
26466 1 2 946 946 1139 1272
26467 1 2 946 946 1139 1151
26468 1 2 946 946 1260 1271
26469 1 2 946 946 1260 1150
26470 1 2 946 946 1260 1140
26471 1 2 946 946 1260 1261
26472 1 2 946 946 1260 1272
26473 1 2 946 946 1260 1151
26474 1 2 946 946 1271 1150
26475 1 2 946 946 1271 1140
26476 1 2 946 946 1271 1261
26477 1 2 946 946 1271 1272
26478 1 2 946 946 1271 1151
26479 1 2 946 946 1150 1140
26480 1 2 946 946 1150 1261
26481 1 2 946 946 1150 1272
26482 1 2 946 946 1150 1151
26483 1 2 946 946 1140 1261
26484 1 2 946 946 1140 1272
26485 1 2 946 946 1140 1151
26486 1 2 946 946 1261 1272
26487 1 2 946 946 1261 1151
26488 1 2 946 946 1272 1151
26489 1 2 947 947 1140 1261
26490 1 2 947 947 1140 1272
26491 1 2 947 947 1140 1151
26492 1 2 947 947 1140 1141
26493 1 2 947 947 1140 1262
26494 1 2 947 947 1140 1273
26495 1 2 947 947 1140 1152
26496 1 2 947 947 1261 1272
26497 1 2 947 947 1261 1151
26498 1 2 947 947 1261 1141
26499 1 2 947 947 1261 1262
26500 1 2 947 947 1261 1273
26501 1 2 947 947 1261 1152
26502 1 2 947 947 1272 1151
26503 1 2 947 947 1272 1141
26504 1 2 947 947 1272 1262
26505 1 2 947 947 1272 1273
26506 1 2 947 947 1272 1152
26507 1 2 947 947 1151 1141
26508 1 2 947 947 1151 1262
26509 1 2 947 947 1151 1273
26510 1 2 947 947 1151 1152
26511 1 2 947 947 1141 1262
26512 1 2 947 947 1141 1273
26513 1 2 947 947 1141 1152
26514 1 2 947 947 1262 1273
26515 1 2 947 947 1262 1152
26516 1 2 947 947 1273 1152
26517 1 2 948 948 1141 1262
26518 1 2 948 948 1141 1273
26519 1 2 948 948 1141 1152
26520 1 2 948 948 1141 1142
26521 1 2 948 948 1141 1263
26522 1 2 948 948 1141 1274
26523 1 2 948 948 1141 1153
26524 1 2 948 948 1262 1273
26525 1 2 948 948 1262 1152
26526 1 2 948 948 1262 1142
26527 1 2 948 948 1262 1263
26528 1 2 948 948 1262 1274
26529 1 2 948 948 1262 1153
26530 1 2 948 948 1273 1152
26531 1 2 948 948 1273 1142
26532 1 2 948 948 1273 1263
26533 1 2 948 948 1273 1274
26534 1 2 948 948 1273 1153
26535 1 2 948 948 1152 1142
26536 1 2 948 948 1152 1263
26537 1 2 948 948 1152 1274
26538 1 2 948 948 1152 1153
26539 1 2 948 948 1142 1263
26540 1 2 948 948 1142 1274
26541 1 2 948 948 1142 1153
26542 1 2 948 948 1263 1274
26543 1 2 948 948 1263 1153
26544 1 2 948 948 1274 1153
26545 1 2 949 949 1142 1263
26546 1 2 949 949 1142 1274
26547 1 2 949 949 1142 1153
26548 1 2 949 949 1142 1143
26549 1 2 949 949 1142 1264
26550 1 2 949 949 1142 1275
26551 1 2 949 949 1142 1154
26552 1 2 949 949 1263 1274
26553 1 2 949 949 1263 1153
26554 1 2 949 949 1263 1143
26555 1 2 949 949 1263 1264
26556 1 2 949 949 1263 1275
26557 1 2 949 949 1263 1154
26558 1 2 949 949 1274 1153
26559 1 2 949 949 1274 1143
26560 1 2 949 949 1274 1264
26561 1 2 949 949 1274 1275
26562 1 2 949 949 1274 1154
26563 1 2 949 949 1153 1143
26564 1 2 949 949 1153 1264
26565 1 2 949 949 1153 1275
26566 1 2 949 949 1153 1154
26567 1 2 949 949 1143 1264
26568 1 2 949 949 1143 1275
26569 1 2 949 949 1143 1154
26570 1 2 949 949 1264 1275
26571 1 2 949 949 1264 1154
26572 1 2 949 949 1275 1154
26573 1 2 950 950 1143 1264
26574 1 2 950 950 1143 1275
26575 1 2 950 950 1143 1154
26576 1 2 950 950 1143 1144
26577 1 2 950 950 1143 1265
26578 1 2 950 950 1143 1276
26579 1 2 950 950 1143 1155
26580 1 2 950 950 1264 1275
26581 1 2 950 950 1264 1154
26582 1 2 950 950 1264 1144
26583 1 2 950 950 1264 1265
26584 1 2 950 950 1264 1276
26585 1 2 950 950 1264 1155
26586 1 2 950 950 1275 1154
26587 1 2 950 950 1275 1144
26588 1 2 950 950 1275 1265
26589 1 2 950 950 1275 1276
26590 1 2 950 950 1275 1155
26591 1 2 950 950 1154 1144
26592 1 2 950 950 1154 1265
26593 1 2 950 950 1154 1276
26594 1 2 950 950 1154 1155
26595 1 2 950 950 1144 1265
26596 1 2 950 950 1144 1276
26597 1 2 950 950 1144 1155
26598 1 2 950 950 1265 1276
26599 1 2 950 950 1265 1155
26600 1 2 950 950 1276 1155
26601 1 2 951 951 1145 1266
26602 1 2 951 951 1145 1277
26603 1 2 951 951 1145 1156
26604 1 2 951 951 1145 1146
26605 1 2 951 951 1145 1267
26606 1 2 951 951 1145 1278
26607 1 2 951 951 1145 1157
26608 1 2 951 951 1266 1277
26609 1 2 951 951 1266 1156
26610 1 2 951 951 1266 1146
26611 1 2 951 951 1266 1267
26612 1 2 951 951 1266 1278
26613 1 2 951 951 1266 1157
26614 1 2 951 951 1277 1156
26615 1 2 951 951 1277 1146
26616 1 2 951 951 1277 1267
26617 1 2 951 951 1277 1278
26618 1 2 951 951 1277 1157
26619 1 2 951 951 1156 1146
26620 1 2 951 951 1156 1267
26621 1 2 951 951 1156 1278
26622 1 2 951 951 1156 1157
26623 1 2 951 951 1146 1267
26624 1 2 951 951 1146 1278
26625 1 2 951 951 1146 1157
26626 1 2 951 951 1267 1278
26627 1 2 951 951 1267 1157
26628 1 2 951 951 1278 1157
26629 1 2 952 952 1146 1267
26630 1 2 952 952 1146 1278
26631 1 2 952 952 1146 1157
26632 1 2 952 952 1146 1147
26633 1 2 952 952 1146 1268
26634 1 2 952 952 1146 1279
26635 1 2 952 952 1146 1158
26636 1 2 952 952 1267 1278
26637 1 2 952 952 1267 1157
26638 1 2 952 952 1267 1147
26639 1 2 952 952 1267 1268
26640 1 2 952 952 1267 1279
26641 1 2 952 952 1267 1158
26642 1 2 952 952 1278 1157
26643 1 2 952 952 1278 1147
26644 1 2 952 952 1278 1268
26645 1 2 952 952 1278 1279
26646 1 2 952 952 1278 1158
26647 1 2 952 952 1157 1147
26648 1 2 952 952 1157 1268
26649 1 2 952 952 1157 1279
26650 1 2 952 952 1157 1158
26651 1 2 952 952 1147 1268
26652 1 2 952 952 1147 1279
26653 1 2 952 952 1147 1158
26654 1 2 952 952 1268 1279
26655 1 2 952 952 1268 1158
26656 1 2 952 952 1279 1158
26657 1 2 953 953 1147 1268
26658 1 2 953 953 1147 1279
26659 1 2 953 953 1147 1158
26660 1 2 953 953 1147 1148
26661 1 2 953 953 1147 1269
26662 1 2 953 953 1147 1280
26663 1 2 953 953 1147 1159
26664 1 2 953 953 1268 1279
26665 1 2 953 953 1268 1158
26666 1 2 953 953 1268 1148
26667 1 2 953 953 1268 1269
26668 1 2 953 953 1268 1280
26669 1 2 953 953 1268 1159
26670 1 2 953 953 1279 1158
26671 1 2 953 953 1279 1148
26672 1 2 953 953 1279 1269
26673 1 2 953 953 1279 1280
26674 1 2 953 953 1279 1159
26675 1 2 953 953 1158 1148
26676 1 2 953 953 1158 1269
26677 1 2 953 953 1158 1280
26678 1 2 953 953 1158 1159
26679 1 2 953 953 1148 1269
26680 1 2 953 953 1148 1280
26681 1 2 953 953 1148 1159
26682 1 2 953 953 1269 1280
26683 1 2 953 953 1269 1159
26684 1 2 953 953 1280 1159
26685 1 2 954 954 1148 1269
26686 1 2 954 954 1148 1280
26687 1 2 954 954 1148 1159
26688 1 2 954 954 1148 1149
26689 1 2 954 954 1148 1270
26690 1 2 954 954 1148 1281
26691 1 2 954 954 1148 1160
26692 1 2 954 954 1269 1280
26693 1 2 954 954 1269 1159
26694 1 2 954 954 1269 1149
26695 1 2 954 954 1269 1270
26696 1 2 954 954 1269 1281
26697 1 2 954 954 1269 1160
26698 1 2 954 954 1280 1159
26699 1 2 954 954 1280 1149
26700 1 2 954 954 1280 1270
26701 1 2 954 954 1280 1281
26702 1 2 954 954 1280 1160
26703 1 2 954 954 1159 1149
26704 1 2 954 954 1159 1270
26705 1 2 954 954 1159 1281
26706 1 2 954 954 1159 1160
26707 1 2 954 954 1149 1270
26708 1 2 954 954 1149 1281
26709 1 2 954 954 1149 1160
26710 1 2 954 954 1270 1281
26711 1 2 954 954 1270 1160
26712 1 2 954 954 1281 1160
26713 1 2 955 955 1149 1270
26714 1 2 955 955 1149 1281
26715 1 2 955 955 1149 1160
26716 1 2 955 955 1149 1150
26717 1 2 955 955 1149 1271
26718 1 2 955 955 1149 1282
26719 1 2 955 955 1149 1161
26720 1 2 955 955 1270 1281
26721 1 2 955 955 1270 1160
26722 1 2 955 955 1270 1150
26723 1 2 955 955 1270 1271
26724 1 2 955 955 1270 1282
26725 1 2 955 955 1270 1161
26726 1 2 955 955 1281 1160
26727 1 2 955 955 1281 1150
26728 1 2 955 955 1281 1271
26729 1 2 955 955 1281 1282
26730 1 2 955 955 1281 1161
26731 1 2 955 955 1160 1150
26732 1 2 955 955 1160 1271
26733 1 2 955 955 1160 1282
26734 1 2 955 955 1160 1161
26735 1 2 955 955 1150 1271
26736 1 2 955 955 1150 1282
26737 1 2 955 955 1150 1161
26738 1 2 955 955 1271 1282
26739 1 2 955 955 1271 1161
26740 1 2 955 955 1282 1161
26741 1 2 956 956 1150 1271
26742 1 2 956 956 1150 1282
26743 1 2 956 956 1150 1161
26744 1 2 956 956 1150 1151
26745 1 2 956 956 1150 1272
26746 1 2 956 956 1150 1283
26747 1 2 956 956 1150 1162
26748 1 2 956 956 1271 1282
26749 1 2 956 956 1271 1161
26750 1 2 956 956 1271 1151
26751 1 2 956 956 1271 1272
26752 1 2 956 956 1271 1283
26753 1 2 956 956 1271 1162
26754 1 2 956 956 1282 1161
26755 1 2 956 956 1282 1151
26756 1 2 956 956 1282 1272
26757 1 2 956 956 1282 1283
26758 1 2 956 956 1282 1162
26759 1 2 956 956 1161 1151
26760 1 2 956 956 1161 1272
26761 1 2 956 956 1161 1283
26762 1 2 956 956 1161 1162
26763 1 2 956 956 1151 1272
26764 1 2 956 956 1151 1283
26765 1 2 956 956 1151 1162
26766 1 2 956 956 1272 1283
26767 1 2 956 956 1272 1162
26768 1 2 956 956 1283 1162
26769 1 2 957 957 1151 1272
26770 1 2 957 957 1151 1283
26771 1 2 957 957 1151 1162
26772 1 2 957 957 1151 1152
26773 1 2 957 957 1151 1273
26774 1 2 957 957 1151 1284
26775 1 2 957 957 1151 1163
26776 1 2 957 957 1272 1283
26777 1 2 957 957 1272 1162
26778 1 2 957 957 1272 1152
26779 1 2 957 957 1272 1273
26780 1 2 957 957 1272 1284
26781 1 2 957 957 1272 1163
26782 1 2 957 957 1283 1162
26783 1 2 957 957 1283 1152
26784 1 2 957 957 1283 1273
26785 1 2 957 957 1283 1284
26786 1 2 957 957 1283 1163
26787 1 2 957 957 1162 1152
26788 1 2 957 957 1162 1273
26789 1 2 957 957 1162 1284
26790 1 2 957 957 1162 1163
26791 1 2 957 957 1152 1273
26792 1 2 957 957 1152 1284
26793 1 2 957 957 1152 1163
26794 1 2 957 957 1273 1284
26795 1 2 957 957 1273 1163
26796 1 2 957 957 1284 1163
26797 1 2 958 958 1152 1273
26798 1 2 958 958 1152 1284
26799 1 2 958 958 1152 1163
26800 1 2 958 958 1152 1153
26801 1 2 958 958 1152 1274
26802 1 2 958 958 1152 1285
26803 1 2 958 958 1152 1164
26804 1 2 958 958 1273 1284
26805 1 2 958 958 1273 1163
26806 1 2 958 958 1273 1153
26807 1 2 958 958 1273 1274
26808 1 2 958 958 1273 1285
26809 1 2 958 958 1273 1164
26810 1 2 958 958 1284 1163
26811 1 2 958 958 1284 1153
26812 1 2 958 958 1284 1274
26813 1 2 958 958 1284 1285
26814 1 2 958 958 1284 1164
26815 1 2 958 958 1163 1153
26816 1 2 958 958 1163 1274
26817 1 2 958 958 1163 1285
26818 1 2 958 958 1163 1164
26819 1 2 958 958 1153 1274
26820 1 2 958 958 1153 1285
26821 1 2 958 958 1153 1164
26822 1 2 958 958 1274 1285
26823 1 2 958 958 1274 1164
26824 1 2 958 958 1285 1164
26825 1 2 959 959 1153 1274
26826 1 2 959 959 1153 1285
26827 1 2 959 959 1153 1164
26828 1 2 959 959 1153 1154
26829 1 2 959 959 1153 1275
26830 1 2 959 959 1153 1286
26831 1 2 959 959 1153 1165
26832 1 2 959 959 1274 1285
26833 1 2 959 959 1274 1164
26834 1 2 959 959 1274 1154
26835 1 2 959 959 1274 1275
26836 1 2 959 959 1274 1286
26837 1 2 959 959 1274 1165
26838 1 2 959 959 1285 1164
26839 1 2 959 959 1285 1154
26840 1 2 959 959 1285 1275
26841 1 2 959 959 1285 1286
26842 1 2 959 959 1285 1165
26843 1 2 959 959 1164 1154
26844 1 2 959 959 1164 1275
26845 1 2 959 959 1164 1286
26846 1 2 959 959 1164 1165
26847 1 2 959 959 1154 1275
26848 1 2 959 959 1154 1286
26849 1 2 959 959 1154 1165
26850 1 2 959 959 1275 1286
26851 1 2 959 959 1275 1165
26852 1 2 959 959 1286 1165
26853 1 2 960 960 1154 1275
26854 1 2 960 960 1154 1286
26855 1 2 960 960 1154 1165
26856 1 2 960 960 1154 1155
26857 1 2 960 960 1154 1276
26858 1 2 960 960 1154 1287
26859 1 2 960 960 1154 1166
26860 1 2 960 960 1275 1286
26861 1 2 960 960 1275 1165
26862 1 2 960 960 1275 1155
26863 1 2 960 960 1275 1276
26864 1 2 960 960 1275 1287
26865 1 2 960 960 1275 1166
26866 1 2 960 960 1286 1165
26867 1 2 960 960 1286 1155
26868 1 2 960 960 1286 1276
26869 1 2 960 960 1286 1287
26870 1 2 960 960 1286 1166
26871 1 2 960 960 1165 1155
26872 1 2 960 960 1165 1276
26873 1 2 960 960 1165 1287
26874 1 2 960 960 1165 1166
26875 1 2 960 960 1155 1276
26876 1 2 960 960 1155 1287
26877 1 2 960 960 1155 1166
26878 1 2 960 960 1276 1287
26879 1 2 960 960 1276 1166
26880 1 2 960 960 1287 1166
26881 1 2 961 961 1156 1277
26882 1 2 961 961 1156 1288
26883 1 2 961 961 1156 1167
26884 1 2 961 961 1156 1157
26885 1 2 961 961 1156 1278
26886 1 2 961 961 1156 1289
26887 1 2 961 961 1156 1168
26888 1 2 961 961 1277 1288
26889 1 2 961 961 1277 1167
26890 1 2 961 961 1277 1157
26891 1 2 961 961 1277 1278
26892 1 2 961 961 1277 1289
26893 1 2 961 961 1277 1168
26894 1 2 961 961 1288 1167
26895 1 2 961 961 1288 1157
26896 1 2 961 961 1288 1278
26897 1 2 961 961 1288 1289
26898 1 2 961 961 1288 1168
26899 1 2 961 961 1167 1157
26900 1 2 961 961 1167 1278
26901 1 2 961 961 1167 1289
26902 1 2 961 961 1167 1168
26903 1 2 961 961 1157 1278
26904 1 2 961 961 1157 1289
26905 1 2 961 961 1157 1168
26906 1 2 961 961 1278 1289
26907 1 2 961 961 1278 1168
26908 1 2 961 961 1289 1168
26909 1 2 962 962 1157 1278
26910 1 2 962 962 1157 1289
26911 1 2 962 962 1157 1168
26912 1 2 962 962 1157 1158
26913 1 2 962 962 1157 1279
26914 1 2 962 962 1157 1290
26915 1 2 962 962 1157 1169
26916 1 2 962 962 1278 1289
26917 1 2 962 962 1278 1168
26918 1 2 962 962 1278 1158
26919 1 2 962 962 1278 1279
26920 1 2 962 962 1278 1290
26921 1 2 962 962 1278 1169
26922 1 2 962 962 1289 1168
26923 1 2 962 962 1289 1158
26924 1 2 962 962 1289 1279
26925 1 2 962 962 1289 1290
26926 1 2 962 962 1289 1169
26927 1 2 962 962 1168 1158
26928 1 2 962 962 1168 1279
26929 1 2 962 962 1168 1290
26930 1 2 962 962 1168 1169
26931 1 2 962 962 1158 1279
26932 1 2 962 962 1158 1290
26933 1 2 962 962 1158 1169
26934 1 2 962 962 1279 1290
26935 1 2 962 962 1279 1169
26936 1 2 962 962 1290 1169
26937 1 2 963 963 1158 1279
26938 1 2 963 963 1158 1290
26939 1 2 963 963 1158 1169
26940 1 2 963 963 1158 1159
26941 1 2 963 963 1158 1280
26942 1 2 963 963 1158 1291
26943 1 2 963 963 1158 1170
26944 1 2 963 963 1279 1290
26945 1 2 963 963 1279 1169
26946 1 2 963 963 1279 1159
26947 1 2 963 963 1279 1280
26948 1 2 963 963 1279 1291
26949 1 2 963 963 1279 1170
26950 1 2 963 963 1290 1169
26951 1 2 963 963 1290 1159
26952 1 2 963 963 1290 1280
26953 1 2 963 963 1290 1291
26954 1 2 963 963 1290 1170
26955 1 2 963 963 1169 1159
26956 1 2 963 963 1169 1280
26957 1 2 963 963 1169 1291
26958 1 2 963 963 1169 1170
26959 1 2 963 963 1159 1280
26960 1 2 963 963 1159 1291
26961 1 2 963 963 1159 1170
26962 1 2 963 963 1280 1291
26963 1 2 963 963 1280 1170
26964 1 2 963 963 1291 1170
26965 1 2 964 964 1159 1280
26966 1 2 964 964 1159 1291
26967 1 2 964 964 1159 1170
26968 1 2 964 964 1159 1160
26969 1 2 964 964 1159 1281
26970 1 2 964 964 1159 1292
26971 1 2 964 964 1159 1171
26972 1 2 964 964 1280 1291
26973 1 2 964 964 1280 1170
26974 1 2 964 964 1280 1160
26975 1 2 964 964 1280 1281
26976 1 2 964 964 1280 1292
26977 1 2 964 964 1280 1171
26978 1 2 964 964 1291 1170
26979 1 2 964 964 1291 1160
26980 1 2 964 964 1291 1281
26981 1 2 964 964 1291 1292
26982 1 2 964 964 1291 1171
26983 1 2 964 964 1170 1160
26984 1 2 964 964 1170 1281
26985 1 2 964 964 1170 1292
26986 1 2 964 964 1170 1171
26987 1 2 964 964 1160 1281
26988 1 2 964 964 1160 1292
26989 1 2 964 964 1160 1171
26990 1 2 964 964 1281 1292
26991 1 2 964 964 1281 1171
26992 1 2 964 964 1292 1171
26993 1 2 965 965 1160 1281
26994 1 2 965 965 1160 1292
26995 1 2 965 965 1160 1171
26996 1 2 965 965 1160 1161
26997 1 2 965 965 1160 1282
26998 1 2 965 965 1160 1293
26999 1 2 965 965 1160 1172
27000 1 2 965 965 1281 1292
27001 1 2 965 965 1281 1171
27002 1 2 965 965 1281 1161
27003 1 2 965 965 1281 1282
27004 1 2 965 965 1281 1293
27005 1 2 965 965 1281 1172
27006 1 2 965 965 1292 1171
27007 1 2 965 965 1292 1161
27008 1 2 965 965 1292 1282
27009 1 2 965 965 1292 1293
27010 1 2 965 965 1292 1172
27011 1 2 965 965 1171 1161
27012 1 2 965 965 1171 1282
27013 1 2 965 965 1171 1293
27014 1 2 965 965 1171 1172
27015 1 2 965 965 1161 1282
27016 1 2 965 965 1161 1293
27017 1 2 965 965 1161 1172
27018 1 2 965 965 1282 1293
27019 1 2 965 965 1282 1172
27020 1 2 965 965 1293 1172
27021 1 2 966 966 1161 1282
27022 1 2 966 966 1161 1293
27023 1 2 966 966 1161 1172
27024 1 2 966 966 1161 1162
27025 1 2 966 966 1161 1283
27026 1 2 966 966 1161 1294
27027 1 2 966 966 1161 1173
27028 1 2 966 966 1282 1293
27029 1 2 966 966 1282 1172
27030 1 2 966 966 1282 1162
27031 1 2 966 966 1282 1283
27032 1 2 966 966 1282 1294
27033 1 2 966 966 1282 1173
27034 1 2 966 966 1293 1172
27035 1 2 966 966 1293 1162
27036 1 2 966 966 1293 1283
27037 1 2 966 966 1293 1294
27038 1 2 966 966 1293 1173
27039 1 2 966 966 1172 1162
27040 1 2 966 966 1172 1283
27041 1 2 966 966 1172 1294
27042 1 2 966 966 1172 1173
27043 1 2 966 966 1162 1283
27044 1 2 966 966 1162 1294
27045 1 2 966 966 1162 1173
27046 1 2 966 966 1283 1294
27047 1 2 966 966 1283 1173
27048 1 2 966 966 1294 1173
27049 1 2 967 967 1162 1283
27050 1 2 967 967 1162 1294
27051 1 2 967 967 1162 1173
27052 1 2 967 967 1162 1163
27053 1 2 967 967 1162 1284
27054 1 2 967 967 1162 1295
27055 1 2 967 967 1162 1174
27056 1 2 967 967 1283 1294
27057 1 2 967 967 1283 1173
27058 1 2 967 967 1283 1163
27059 1 2 967 967 1283 1284
27060 1 2 967 967 1283 1295
27061 1 2 967 967 1283 1174
27062 1 2 967 967 1294 1173
27063 1 2 967 967 1294 1163
27064 1 2 967 967 1294 1284
27065 1 2 967 967 1294 1295
27066 1 2 967 967 1294 1174
27067 1 2 967 967 1173 1163
27068 1 2 967 967 1173 1284
27069 1 2 967 967 1173 1295
27070 1 2 967 967 1173 1174
27071 1 2 967 967 1163 1284
27072 1 2 967 967 1163 1295
27073 1 2 967 967 1163 1174
27074 1 2 967 967 1284 1295
27075 1 2 967 967 1284 1174
27076 1 2 967 967 1295 1174
27077 1 2 968 968 1163 1284
27078 1 2 968 968 1163 1295
27079 1 2 968 968 1163 1174
27080 1 2 968 968 1163 1164
27081 1 2 968 968 1163 1285
27082 1 2 968 968 1163 1296
27083 1 2 968 968 1163 1175
27084 1 2 968 968 1284 1295
27085 1 2 968 968 1284 1174
27086 1 2 968 968 1284 1164
27087 1 2 968 968 1284 1285
27088 1 2 968 968 1284 1296
27089 1 2 968 968 1284 1175
27090 1 2 968 968 1295 1174
27091 1 2 968 968 1295 1164
27092 1 2 968 968 1295 1285
27093 1 2 968 968 1295 1296
27094 1 2 968 968 1295 1175
27095 1 2 968 968 1174 1164
27096 1 2 968 968 1174 1285
27097 1 2 968 968 1174 1296
27098 1 2 968 968 1174 1175
27099 1 2 968 968 1164 1285
27100 1 2 968 968 1164 1296
27101 1 2 968 968 1164 1175
27102 1 2 968 968 1285 1296
27103 1 2 968 968 1285 1175
27104 1 2 968 968 1296 1175
27105 1 2 969 969 1164 1285
27106 1 2 969 969 1164 1296
27107 1 2 969 969 1164 1175
27108 1 2 969 969 1164 1165
27109 1 2 969 969 1164 1286
27110 1 2 969 969 1164 1297
27111 1 2 969 969 1164 1176
27112 1 2 969 969 1285 1296
27113 1 2 969 969 1285 1175
27114 1 2 969 969 1285 1165
27115 1 2 969 969 1285 1286
27116 1 2 969 969 1285 1297
27117 1 2 969 969 1285 1176
27118 1 2 969 969 1296 1175
27119 1 2 969 969 1296 1165
27120 1 2 969 969 1296 1286
27121 1 2 969 969 1296 1297
27122 1 2 969 969 1296 1176
27123 1 2 969 969 1175 1165
27124 1 2 969 969 1175 1286
27125 1 2 969 969 1175 1297
27126 1 2 969 969 1175 1176
27127 1 2 969 969 1165 1286
27128 1 2 969 969 1165 1297
27129 1 2 969 969 1165 1176
27130 1 2 969 969 1286 1297
27131 1 2 969 969 1286 1176
27132 1 2 969 969 1297 1176
27133 1 2 970 970 1165 1286
27134 1 2 970 970 1165 1297
27135 1 2 970 970 1165 1176
27136 1 2 970 970 1165 1166
27137 1 2 970 970 1165 1287
27138 1 2 970 970 1165 1298
27139 1 2 970 970 1165 1177
27140 1 2 970 970 1286 1297
27141 1 2 970 970 1286 1176
27142 1 2 970 970 1286 1166
27143 1 2 970 970 1286 1287
27144 1 2 970 970 1286 1298
27145 1 2 970 970 1286 1177
27146 1 2 970 970 1297 1176
27147 1 2 970 970 1297 1166
27148 1 2 970 970 1297 1287
27149 1 2 970 970 1297 1298
27150 1 2 970 970 1297 1177
27151 1 2 970 970 1176 1166
27152 1 2 970 970 1176 1287
27153 1 2 970 970 1176 1298
27154 1 2 970 970 1176 1177
27155 1 2 970 970 1166 1287
27156 1 2 970 970 1166 1298
27157 1 2 970 970 1166 1177
27158 1 2 970 970 1287 1298
27159 1 2 970 970 1287 1177
27160 1 2 970 970 1298 1177
27161 1 2 971 971 1167 1288
27162 1 2 971 971 1167 1299
27163 1 2 971 971 1167 1178
27164 1 2 971 971 1167 1168
27165 1 2 971 971 1167 1289
27166 1 2 971 971 1167 1300
27167 1 2 971 971 1167 1179
27168 1 2 971 971 1288 1299
27169 1 2 971 971 1288 1178
27170 1 2 971 971 1288 1168
27171 1 2 971 971 1288 1289
27172 1 2 971 971 1288 1300
27173 1 2 971 971 1288 1179
27174 1 2 971 971 1299 1178
27175 1 2 971 971 1299 1168
27176 1 2 971 971 1299 1289
27177 1 2 971 971 1299 1300
27178 1 2 971 971 1299 1179
27179 1 2 971 971 1178 1168
27180 1 2 971 971 1178 1289
27181 1 2 971 971 1178 1300
27182 1 2 971 971 1178 1179
27183 1 2 971 971 1168 1289
27184 1 2 971 971 1168 1300
27185 1 2 971 971 1168 1179
27186 1 2 971 971 1289 1300
27187 1 2 971 971 1289 1179
27188 1 2 971 971 1300 1179
27189 1 2 972 972 1168 1289
27190 1 2 972 972 1168 1300
27191 1 2 972 972 1168 1179
27192 1 2 972 972 1168 1169
27193 1 2 972 972 1168 1290
27194 1 2 972 972 1168 1301
27195 1 2 972 972 1168 1180
27196 1 2 972 972 1289 1300
27197 1 2 972 972 1289 1179
27198 1 2 972 972 1289 1169
27199 1 2 972 972 1289 1290
27200 1 2 972 972 1289 1301
27201 1 2 972 972 1289 1180
27202 1 2 972 972 1300 1179
27203 1 2 972 972 1300 1169
27204 1 2 972 972 1300 1290
27205 1 2 972 972 1300 1301
27206 1 2 972 972 1300 1180
27207 1 2 972 972 1179 1169
27208 1 2 972 972 1179 1290
27209 1 2 972 972 1179 1301
27210 1 2 972 972 1179 1180
27211 1 2 972 972 1169 1290
27212 1 2 972 972 1169 1301
27213 1 2 972 972 1169 1180
27214 1 2 972 972 1290 1301
27215 1 2 972 972 1290 1180
27216 1 2 972 972 1301 1180
27217 1 2 973 973 1169 1290
27218 1 2 973 973 1169 1301
27219 1 2 973 973 1169 1180
27220 1 2 973 973 1169 1170
27221 1 2 973 973 1169 1291
27222 1 2 973 973 1169 1302
27223 1 2 973 973 1169 1181
27224 1 2 973 973 1290 1301
27225 1 2 973 973 1290 1180
27226 1 2 973 973 1290 1170
27227 1 2 973 973 1290 1291
27228 1 2 973 973 1290 1302
27229 1 2 973 973 1290 1181
27230 1 2 973 973 1301 1180
27231 1 2 973 973 1301 1170
27232 1 2 973 973 1301 1291
27233 1 2 973 973 1301 1302
27234 1 2 973 973 1301 1181
27235 1 2 973 973 1180 1170
27236 1 2 973 973 1180 1291
27237 1 2 973 973 1180 1302
27238 1 2 973 973 1180 1181
27239 1 2 973 973 1170 1291
27240 1 2 973 973 1170 1302
27241 1 2 973 973 1170 1181
27242 1 2 973 973 1291 1302
27243 1 2 973 973 1291 1181
27244 1 2 973 973 1302 1181
27245 1 2 974 974 1170 1291
27246 1 2 974 974 1170 1302
27247 1 2 974 974 1170 1181
27248 1 2 974 974 1170 1171
27249 1 2 974 974 1170 1292
27250 1 2 974 974 1170 1303
27251 1 2 974 974 1170 1182
27252 1 2 974 974 1291 1302
27253 1 2 974 974 1291 1181
27254 1 2 974 974 1291 1171
27255 1 2 974 974 1291 1292
27256 1 2 974 974 1291 1303
27257 1 2 974 974 1291 1182
27258 1 2 974 974 1302 1181
27259 1 2 974 974 1302 1171
27260 1 2 974 974 1302 1292
27261 1 2 974 974 1302 1303
27262 1 2 974 974 1302 1182
27263 1 2 974 974 1181 1171
27264 1 2 974 974 1181 1292
27265 1 2 974 974 1181 1303
27266 1 2 974 974 1181 1182
27267 1 2 974 974 1171 1292
27268 1 2 974 974 1171 1303
27269 1 2 974 974 1171 1182
27270 1 2 974 974 1292 1303
27271 1 2 974 974 1292 1182
27272 1 2 974 974 1303 1182
27273 1 2 975 975 1171 1292
27274 1 2 975 975 1171 1303
27275 1 2 975 975 1171 1182
27276 1 2 975 975 1171 1172
27277 1 2 975 975 1171 1293
27278 1 2 975 975 1171 1304
27279 1 2 975 975 1171 1183
27280 1 2 975 975 1292 1303
27281 1 2 975 975 1292 1182
27282 1 2 975 975 1292 1172
27283 1 2 975 975 1292 1293
27284 1 2 975 975 1292 1304
27285 1 2 975 975 1292 1183
27286 1 2 975 975 1303 1182
27287 1 2 975 975 1303 1172
27288 1 2 975 975 1303 1293
27289 1 2 975 975 1303 1304
27290 1 2 975 975 1303 1183
27291 1 2 975 975 1182 1172
27292 1 2 975 975 1182 1293
27293 1 2 975 975 1182 1304
27294 1 2 975 975 1182 1183
27295 1 2 975 975 1172 1293
27296 1 2 975 975 1172 1304
27297 1 2 975 975 1172 1183
27298 1 2 975 975 1293 1304
27299 1 2 975 975 1293 1183
27300 1 2 975 975 1304 1183
27301 1 2 976 976 1172 1293
27302 1 2 976 976 1172 1304
27303 1 2 976 976 1172 1183
27304 1 2 976 976 1172 1173
27305 1 2 976 976 1172 1294
27306 1 2 976 976 1172 1305
27307 1 2 976 976 1172 1184
27308 1 2 976 976 1293 1304
27309 1 2 976 976 1293 1183
27310 1 2 976 976 1293 1173
27311 1 2 976 976 1293 1294
27312 1 2 976 976 1293 1305
27313 1 2 976 976 1293 1184
27314 1 2 976 976 1304 1183
27315 1 2 976 976 1304 1173
27316 1 2 976 976 1304 1294
27317 1 2 976 976 1304 1305
27318 1 2 976 976 1304 1184
27319 1 2 976 976 1183 1173
27320 1 2 976 976 1183 1294
27321 1 2 976 976 1183 1305
27322 1 2 976 976 1183 1184
27323 1 2 976 976 1173 1294
27324 1 2 976 976 1173 1305
27325 1 2 976 976 1173 1184
27326 1 2 976 976 1294 1305
27327 1 2 976 976 1294 1184
27328 1 2 976 976 1305 1184
27329 1 2 977 977 1173 1294
27330 1 2 977 977 1173 1305
27331 1 2 977 977 1173 1184
27332 1 2 977 977 1173 1174
27333 1 2 977 977 1173 1295
27334 1 2 977 977 1173 1306
27335 1 2 977 977 1173 1185
27336 1 2 977 977 1294 1305
27337 1 2 977 977 1294 1184
27338 1 2 977 977 1294 1174
27339 1 2 977 977 1294 1295
27340 1 2 977 977 1294 1306
27341 1 2 977 977 1294 1185
27342 1 2 977 977 1305 1184
27343 1 2 977 977 1305 1174
27344 1 2 977 977 1305 1295
27345 1 2 977 977 1305 1306
27346 1 2 977 977 1305 1185
27347 1 2 977 977 1184 1174
27348 1 2 977 977 1184 1295
27349 1 2 977 977 1184 1306
27350 1 2 977 977 1184 1185
27351 1 2 977 977 1174 1295
27352 1 2 977 977 1174 1306
27353 1 2 977 977 1174 1185
27354 1 2 977 977 1295 1306
27355 1 2 977 977 1295 1185
27356 1 2 977 977 1306 1185
27357 1 2 978 978 1174 1295
27358 1 2 978 978 1174 1306
27359 1 2 978 978 1174 1185
27360 1 2 978 978 1174 1175
27361 1 2 978 978 1174 1296
27362 1 2 978 978 1174 1307
27363 1 2 978 978 1174 1186
27364 1 2 978 978 1295 1306
27365 1 2 978 978 1295 1185
27366 1 2 978 978 1295 1175
27367 1 2 978 978 1295 1296
27368 1 2 978 978 1295 1307
27369 1 2 978 978 1295 1186
27370 1 2 978 978 1306 1185
27371 1 2 978 978 1306 1175
27372 1 2 978 978 1306 1296
27373 1 2 978 978 1306 1307
27374 1 2 978 978 1306 1186
27375 1 2 978 978 1185 1175
27376 1 2 978 978 1185 1296
27377 1 2 978 978 1185 1307
27378 1 2 978 978 1185 1186
27379 1 2 978 978 1175 1296
27380 1 2 978 978 1175 1307
27381 1 2 978 978 1175 1186
27382 1 2 978 978 1296 1307
27383 1 2 978 978 1296 1186
27384 1 2 978 978 1307 1186
27385 1 2 979 979 1175 1296
27386 1 2 979 979 1175 1307
27387 1 2 979 979 1175 1186
27388 1 2 979 979 1175 1176
27389 1 2 979 979 1175 1297
27390 1 2 979 979 1175 1308
27391 1 2 979 979 1175 1187
27392 1 2 979 979 1296 1307
27393 1 2 979 979 1296 1186
27394 1 2 979 979 1296 1176
27395 1 2 979 979 1296 1297
27396 1 2 979 979 1296 1308
27397 1 2 979 979 1296 1187
27398 1 2 979 979 1307 1186
27399 1 2 979 979 1307 1176
27400 1 2 979 979 1307 1297
27401 1 2 979 979 1307 1308
27402 1 2 979 979 1307 1187
27403 1 2 979 979 1186 1176
27404 1 2 979 979 1186 1297
27405 1 2 979 979 1186 1308
27406 1 2 979 979 1186 1187
27407 1 2 979 979 1176 1297
27408 1 2 979 979 1176 1308
27409 1 2 979 979 1176 1187
27410 1 2 979 979 1297 1308
27411 1 2 979 979 1297 1187
27412 1 2 979 979 1308 1187
27413 1 2 980 980 1176 1297
27414 1 2 980 980 1176 1308
27415 1 2 980 980 1176 1187
27416 1 2 980 980 1176 1177
27417 1 2 980 980 1176 1298
27418 1 2 980 980 1176 1309
27419 1 2 980 980 1176 1188
27420 1 2 980 980 1297 1308
27421 1 2 980 980 1297 1187
27422 1 2 980 980 1297 1177
27423 1 2 980 980 1297 1298
27424 1 2 980 980 1297 1309
27425 1 2 980 980 1297 1188
27426 1 2 980 980 1308 1187
27427 1 2 980 980 1308 1177
27428 1 2 980 980 1308 1298
27429 1 2 980 980 1308 1309
27430 1 2 980 980 1308 1188
27431 1 2 980 980 1187 1177
27432 1 2 980 980 1187 1298
27433 1 2 980 980 1187 1309
27434 1 2 980 980 1187 1188
27435 1 2 980 980 1177 1298
27436 1 2 980 980 1177 1309
27437 1 2 980 980 1177 1188
27438 1 2 980 980 1298 1309
27439 1 2 980 980 1298 1188
27440 1 2 980 980 1309 1188
27441 1 2 981 981 1178 1299
27442 1 2 981 981 1178 1310
27443 1 2 981 981 1178 1189
27444 1 2 981 981 1178 1179
27445 1 2 981 981 1178 1300
27446 1 2 981 981 1178 1311
27447 1 2 981 981 1178 1190
27448 1 2 981 981 1299 1310
27449 1 2 981 981 1299 1189
27450 1 2 981 981 1299 1179
27451 1 2 981 981 1299 1300
27452 1 2 981 981 1299 1311
27453 1 2 981 981 1299 1190
27454 1 2 981 981 1310 1189
27455 1 2 981 981 1310 1179
27456 1 2 981 981 1310 1300
27457 1 2 981 981 1310 1311
27458 1 2 981 981 1310 1190
27459 1 2 981 981 1189 1179
27460 1 2 981 981 1189 1300
27461 1 2 981 981 1189 1311
27462 1 2 981 981 1189 1190
27463 1 2 981 981 1179 1300
27464 1 2 981 981 1179 1311
27465 1 2 981 981 1179 1190
27466 1 2 981 981 1300 1311
27467 1 2 981 981 1300 1190
27468 1 2 981 981 1311 1190
27469 1 2 982 982 1179 1300
27470 1 2 982 982 1179 1311
27471 1 2 982 982 1179 1190
27472 1 2 982 982 1179 1180
27473 1 2 982 982 1179 1301
27474 1 2 982 982 1179 1312
27475 1 2 982 982 1179 1191
27476 1 2 982 982 1300 1311
27477 1 2 982 982 1300 1190
27478 1 2 982 982 1300 1180
27479 1 2 982 982 1300 1301
27480 1 2 982 982 1300 1312
27481 1 2 982 982 1300 1191
27482 1 2 982 982 1311 1190
27483 1 2 982 982 1311 1180
27484 1 2 982 982 1311 1301
27485 1 2 982 982 1311 1312
27486 1 2 982 982 1311 1191
27487 1 2 982 982 1190 1180
27488 1 2 982 982 1190 1301
27489 1 2 982 982 1190 1312
27490 1 2 982 982 1190 1191
27491 1 2 982 982 1180 1301
27492 1 2 982 982 1180 1312
27493 1 2 982 982 1180 1191
27494 1 2 982 982 1301 1312
27495 1 2 982 982 1301 1191
27496 1 2 982 982 1312 1191
27497 1 2 983 983 1180 1301
27498 1 2 983 983 1180 1312
27499 1 2 983 983 1180 1191
27500 1 2 983 983 1180 1181
27501 1 2 983 983 1180 1302
27502 1 2 983 983 1180 1313
27503 1 2 983 983 1180 1192
27504 1 2 983 983 1301 1312
27505 1 2 983 983 1301 1191
27506 1 2 983 983 1301 1181
27507 1 2 983 983 1301 1302
27508 1 2 983 983 1301 1313
27509 1 2 983 983 1301 1192
27510 1 2 983 983 1312 1191
27511 1 2 983 983 1312 1181
27512 1 2 983 983 1312 1302
27513 1 2 983 983 1312 1313
27514 1 2 983 983 1312 1192
27515 1 2 983 983 1191 1181
27516 1 2 983 983 1191 1302
27517 1 2 983 983 1191 1313
27518 1 2 983 983 1191 1192
27519 1 2 983 983 1181 1302
27520 1 2 983 983 1181 1313
27521 1 2 983 983 1181 1192
27522 1 2 983 983 1302 1313
27523 1 2 983 983 1302 1192
27524 1 2 983 983 1313 1192
27525 1 2 984 984 1181 1302
27526 1 2 984 984 1181 1313
27527 1 2 984 984 1181 1192
27528 1 2 984 984 1181 1182
27529 1 2 984 984 1181 1303
27530 1 2 984 984 1181 1314
27531 1 2 984 984 1181 1193
27532 1 2 984 984 1302 1313
27533 1 2 984 984 1302 1192
27534 1 2 984 984 1302 1182
27535 1 2 984 984 1302 1303
27536 1 2 984 984 1302 1314
27537 1 2 984 984 1302 1193
27538 1 2 984 984 1313 1192
27539 1 2 984 984 1313 1182
27540 1 2 984 984 1313 1303
27541 1 2 984 984 1313 1314
27542 1 2 984 984 1313 1193
27543 1 2 984 984 1192 1182
27544 1 2 984 984 1192 1303
27545 1 2 984 984 1192 1314
27546 1 2 984 984 1192 1193
27547 1 2 984 984 1182 1303
27548 1 2 984 984 1182 1314
27549 1 2 984 984 1182 1193
27550 1 2 984 984 1303 1314
27551 1 2 984 984 1303 1193
27552 1 2 984 984 1314 1193
27553 1 2 985 985 1182 1303
27554 1 2 985 985 1182 1314
27555 1 2 985 985 1182 1193
27556 1 2 985 985 1182 1183
27557 1 2 985 985 1182 1304
27558 1 2 985 985 1182 1315
27559 1 2 985 985 1182 1194
27560 1 2 985 985 1303 1314
27561 1 2 985 985 1303 1193
27562 1 2 985 985 1303 1183
27563 1 2 985 985 1303 1304
27564 1 2 985 985 1303 1315
27565 1 2 985 985 1303 1194
27566 1 2 985 985 1314 1193
27567 1 2 985 985 1314 1183
27568 1 2 985 985 1314 1304
27569 1 2 985 985 1314 1315
27570 1 2 985 985 1314 1194
27571 1 2 985 985 1193 1183
27572 1 2 985 985 1193 1304
27573 1 2 985 985 1193 1315
27574 1 2 985 985 1193 1194
27575 1 2 985 985 1183 1304
27576 1 2 985 985 1183 1315
27577 1 2 985 985 1183 1194
27578 1 2 985 985 1304 1315
27579 1 2 985 985 1304 1194
27580 1 2 985 985 1315 1194
27581 1 2 986 986 1183 1304
27582 1 2 986 986 1183 1315
27583 1 2 986 986 1183 1194
27584 1 2 986 986 1183 1184
27585 1 2 986 986 1183 1305
27586 1 2 986 986 1183 1316
27587 1 2 986 986 1183 1195
27588 1 2 986 986 1304 1315
27589 1 2 986 986 1304 1194
27590 1 2 986 986 1304 1184
27591 1 2 986 986 1304 1305
27592 1 2 986 986 1304 1316
27593 1 2 986 986 1304 1195
27594 1 2 986 986 1315 1194
27595 1 2 986 986 1315 1184
27596 1 2 986 986 1315 1305
27597 1 2 986 986 1315 1316
27598 1 2 986 986 1315 1195
27599 1 2 986 986 1194 1184
27600 1 2 986 986 1194 1305
27601 1 2 986 986 1194 1316
27602 1 2 986 986 1194 1195
27603 1 2 986 986 1184 1305
27604 1 2 986 986 1184 1316
27605 1 2 986 986 1184 1195
27606 1 2 986 986 1305 1316
27607 1 2 986 986 1305 1195
27608 1 2 986 986 1316 1195
27609 1 2 987 987 1184 1305
27610 1 2 987 987 1184 1316
27611 1 2 987 987 1184 1195
27612 1 2 987 987 1184 1185
27613 1 2 987 987 1184 1306
27614 1 2 987 987 1184 1317
27615 1 2 987 987 1184 1196
27616 1 2 987 987 1305 1316
27617 1 2 987 987 1305 1195
27618 1 2 987 987 1305 1185
27619 1 2 987 987 1305 1306
27620 1 2 987 987 1305 1317
27621 1 2 987 987 1305 1196
27622 1 2 987 987 1316 1195
27623 1 2 987 987 1316 1185
27624 1 2 987 987 1316 1306
27625 1 2 987 987 1316 1317
27626 1 2 987 987 1316 1196
27627 1 2 987 987 1195 1185
27628 1 2 987 987 1195 1306
27629 1 2 987 987 1195 1317
27630 1 2 987 987 1195 1196
27631 1 2 987 987 1185 1306
27632 1 2 987 987 1185 1317
27633 1 2 987 987 1185 1196
27634 1 2 987 987 1306 1317
27635 1 2 987 987 1306 1196
27636 1 2 987 987 1317 1196
27637 1 2 988 988 1185 1306
27638 1 2 988 988 1185 1317
27639 1 2 988 988 1185 1196
27640 1 2 988 988 1185 1186
27641 1 2 988 988 1185 1307
27642 1 2 988 988 1185 1318
27643 1 2 988 988 1185 1197
27644 1 2 988 988 1306 1317
27645 1 2 988 988 1306 1196
27646 1 2 988 988 1306 1186
27647 1 2 988 988 1306 1307
27648 1 2 988 988 1306 1318
27649 1 2 988 988 1306 1197
27650 1 2 988 988 1317 1196
27651 1 2 988 988 1317 1186
27652 1 2 988 988 1317 1307
27653 1 2 988 988 1317 1318
27654 1 2 988 988 1317 1197
27655 1 2 988 988 1196 1186
27656 1 2 988 988 1196 1307
27657 1 2 988 988 1196 1318
27658 1 2 988 988 1196 1197
27659 1 2 988 988 1186 1307
27660 1 2 988 988 1186 1318
27661 1 2 988 988 1186 1197
27662 1 2 988 988 1307 1318
27663 1 2 988 988 1307 1197
27664 1 2 988 988 1318 1197
27665 1 2 989 989 1186 1307
27666 1 2 989 989 1186 1318
27667 1 2 989 989 1186 1197
27668 1 2 989 989 1186 1187
27669 1 2 989 989 1186 1308
27670 1 2 989 989 1186 1319
27671 1 2 989 989 1186 1198
27672 1 2 989 989 1307 1318
27673 1 2 989 989 1307 1197
27674 1 2 989 989 1307 1187
27675 1 2 989 989 1307 1308
27676 1 2 989 989 1307 1319
27677 1 2 989 989 1307 1198
27678 1 2 989 989 1318 1197
27679 1 2 989 989 1318 1187
27680 1 2 989 989 1318 1308
27681 1 2 989 989 1318 1319
27682 1 2 989 989 1318 1198
27683 1 2 989 989 1197 1187
27684 1 2 989 989 1197 1308
27685 1 2 989 989 1197 1319
27686 1 2 989 989 1197 1198
27687 1 2 989 989 1187 1308
27688 1 2 989 989 1187 1319
27689 1 2 989 989 1187 1198
27690 1 2 989 989 1308 1319
27691 1 2 989 989 1308 1198
27692 1 2 989 989 1319 1198
27693 1 2 990 990 1187 1308
27694 1 2 990 990 1187 1319
27695 1 2 990 990 1187 1198
27696 1 2 990 990 1187 1188
27697 1 2 990 990 1187 1309
27698 1 2 990 990 1187 1320
27699 1 2 990 990 1187 1199
27700 1 2 990 990 1308 1319
27701 1 2 990 990 1308 1198
27702 1 2 990 990 1308 1188
27703 1 2 990 990 1308 1309
27704 1 2 990 990 1308 1320
27705 1 2 990 990 1308 1199
27706 1 2 990 990 1319 1198
27707 1 2 990 990 1319 1188
27708 1 2 990 990 1319 1309
27709 1 2 990 990 1319 1320
27710 1 2 990 990 1319 1199
27711 1 2 990 990 1198 1188
27712 1 2 990 990 1198 1309
27713 1 2 990 990 1198 1320
27714 1 2 990 990 1198 1199
27715 1 2 990 990 1188 1309
27716 1 2 990 990 1188 1320
27717 1 2 990 990 1188 1199
27718 1 2 990 990 1309 1320
27719 1 2 990 990 1309 1199
27720 1 2 990 990 1320 1199
27721 1 2 991 991 1189 1310
27722 1 2 991 991 1189 1321
27723 1 2 991 991 1189 1200
27724 1 2 991 991 1189 1190
27725 1 2 991 991 1189 1311
27726 1 2 991 991 1189 1322
27727 1 2 991 991 1189 1201
27728 1 2 991 991 1310 1321
27729 1 2 991 991 1310 1200
27730 1 2 991 991 1310 1190
27731 1 2 991 991 1310 1311
27732 1 2 991 991 1310 1322
27733 1 2 991 991 1310 1201
27734 1 2 991 991 1321 1200
27735 1 2 991 991 1321 1190
27736 1 2 991 991 1321 1311
27737 1 2 991 991 1321 1322
27738 1 2 991 991 1321 1201
27739 1 2 991 991 1200 1190
27740 1 2 991 991 1200 1311
27741 1 2 991 991 1200 1322
27742 1 2 991 991 1200 1201
27743 1 2 991 991 1190 1311
27744 1 2 991 991 1190 1322
27745 1 2 991 991 1190 1201
27746 1 2 991 991 1311 1322
27747 1 2 991 991 1311 1201
27748 1 2 991 991 1322 1201
27749 1 2 992 992 1190 1311
27750 1 2 992 992 1190 1322
27751 1 2 992 992 1190 1201
27752 1 2 992 992 1190 1191
27753 1 2 992 992 1190 1312
27754 1 2 992 992 1190 1323
27755 1 2 992 992 1190 1202
27756 1 2 992 992 1311 1322
27757 1 2 992 992 1311 1201
27758 1 2 992 992 1311 1191
27759 1 2 992 992 1311 1312
27760 1 2 992 992 1311 1323
27761 1 2 992 992 1311 1202
27762 1 2 992 992 1322 1201
27763 1 2 992 992 1322 1191
27764 1 2 992 992 1322 1312
27765 1 2 992 992 1322 1323
27766 1 2 992 992 1322 1202
27767 1 2 992 992 1201 1191
27768 1 2 992 992 1201 1312
27769 1 2 992 992 1201 1323
27770 1 2 992 992 1201 1202
27771 1 2 992 992 1191 1312
27772 1 2 992 992 1191 1323
27773 1 2 992 992 1191 1202
27774 1 2 992 992 1312 1323
27775 1 2 992 992 1312 1202
27776 1 2 992 992 1323 1202
27777 1 2 993 993 1191 1312
27778 1 2 993 993 1191 1323
27779 1 2 993 993 1191 1202
27780 1 2 993 993 1191 1192
27781 1 2 993 993 1191 1313
27782 1 2 993 993 1191 1324
27783 1 2 993 993 1191 1203
27784 1 2 993 993 1312 1323
27785 1 2 993 993 1312 1202
27786 1 2 993 993 1312 1192
27787 1 2 993 993 1312 1313
27788 1 2 993 993 1312 1324
27789 1 2 993 993 1312 1203
27790 1 2 993 993 1323 1202
27791 1 2 993 993 1323 1192
27792 1 2 993 993 1323 1313
27793 1 2 993 993 1323 1324
27794 1 2 993 993 1323 1203
27795 1 2 993 993 1202 1192
27796 1 2 993 993 1202 1313
27797 1 2 993 993 1202 1324
27798 1 2 993 993 1202 1203
27799 1 2 993 993 1192 1313
27800 1 2 993 993 1192 1324
27801 1 2 993 993 1192 1203
27802 1 2 993 993 1313 1324
27803 1 2 993 993 1313 1203
27804 1 2 993 993 1324 1203
27805 1 2 994 994 1192 1313
27806 1 2 994 994 1192 1324
27807 1 2 994 994 1192 1203
27808 1 2 994 994 1192 1193
27809 1 2 994 994 1192 1314
27810 1 2 994 994 1192 1325
27811 1 2 994 994 1192 1204
27812 1 2 994 994 1313 1324
27813 1 2 994 994 1313 1203
27814 1 2 994 994 1313 1193
27815 1 2 994 994 1313 1314
27816 1 2 994 994 1313 1325
27817 1 2 994 994 1313 1204
27818 1 2 994 994 1324 1203
27819 1 2 994 994 1324 1193
27820 1 2 994 994 1324 1314
27821 1 2 994 994 1324 1325
27822 1 2 994 994 1324 1204
27823 1 2 994 994 1203 1193
27824 1 2 994 994 1203 1314
27825 1 2 994 994 1203 1325
27826 1 2 994 994 1203 1204
27827 1 2 994 994 1193 1314
27828 1 2 994 994 1193 1325
27829 1 2 994 994 1193 1204
27830 1 2 994 994 1314 1325
27831 1 2 994 994 1314 1204
27832 1 2 994 994 1325 1204
27833 1 2 995 995 1193 1314
27834 1 2 995 995 1193 1325
27835 1 2 995 995 1193 1204
27836 1 2 995 995 1193 1194
27837 1 2 995 995 1193 1315
27838 1 2 995 995 1193 1326
27839 1 2 995 995 1193 1205
27840 1 2 995 995 1314 1325
27841 1 2 995 995 1314 1204
27842 1 2 995 995 1314 1194
27843 1 2 995 995 1314 1315
27844 1 2 995 995 1314 1326
27845 1 2 995 995 1314 1205
27846 1 2 995 995 1325 1204
27847 1 2 995 995 1325 1194
27848 1 2 995 995 1325 1315
27849 1 2 995 995 1325 1326
27850 1 2 995 995 1325 1205
27851 1 2 995 995 1204 1194
27852 1 2 995 995 1204 1315
27853 1 2 995 995 1204 1326
27854 1 2 995 995 1204 1205
27855 1 2 995 995 1194 1315
27856 1 2 995 995 1194 1326
27857 1 2 995 995 1194 1205
27858 1 2 995 995 1315 1326
27859 1 2 995 995 1315 1205
27860 1 2 995 995 1326 1205
27861 1 2 996 996 1194 1315
27862 1 2 996 996 1194 1326
27863 1 2 996 996 1194 1205
27864 1 2 996 996 1194 1195
27865 1 2 996 996 1194 1316
27866 1 2 996 996 1194 1327
27867 1 2 996 996 1194 1206
27868 1 2 996 996 1315 1326
27869 1 2 996 996 1315 1205
27870 1 2 996 996 1315 1195
27871 1 2 996 996 1315 1316
27872 1 2 996 996 1315 1327
27873 1 2 996 996 1315 1206
27874 1 2 996 996 1326 1205
27875 1 2 996 996 1326 1195
27876 1 2 996 996 1326 1316
27877 1 2 996 996 1326 1327
27878 1 2 996 996 1326 1206
27879 1 2 996 996 1205 1195
27880 1 2 996 996 1205 1316
27881 1 2 996 996 1205 1327
27882 1 2 996 996 1205 1206
27883 1 2 996 996 1195 1316
27884 1 2 996 996 1195 1327
27885 1 2 996 996 1195 1206
27886 1 2 996 996 1316 1327
27887 1 2 996 996 1316 1206
27888 1 2 996 996 1327 1206
27889 1 2 997 997 1195 1316
27890 1 2 997 997 1195 1327
27891 1 2 997 997 1195 1206
27892 1 2 997 997 1195 1196
27893 1 2 997 997 1195 1317
27894 1 2 997 997 1195 1328
27895 1 2 997 997 1195 1207
27896 1 2 997 997 1316 1327
27897 1 2 997 997 1316 1206
27898 1 2 997 997 1316 1196
27899 1 2 997 997 1316 1317
27900 1 2 997 997 1316 1328
27901 1 2 997 997 1316 1207
27902 1 2 997 997 1327 1206
27903 1 2 997 997 1327 1196
27904 1 2 997 997 1327 1317
27905 1 2 997 997 1327 1328
27906 1 2 997 997 1327 1207
27907 1 2 997 997 1206 1196
27908 1 2 997 997 1206 1317
27909 1 2 997 997 1206 1328
27910 1 2 997 997 1206 1207
27911 1 2 997 997 1196 1317
27912 1 2 997 997 1196 1328
27913 1 2 997 997 1196 1207
27914 1 2 997 997 1317 1328
27915 1 2 997 997 1317 1207
27916 1 2 997 997 1328 1207
27917 1 2 998 998 1196 1317
27918 1 2 998 998 1196 1328
27919 1 2 998 998 1196 1207
27920 1 2 998 998 1196 1197
27921 1 2 998 998 1196 1318
27922 1 2 998 998 1196 1329
27923 1 2 998 998 1196 1208
27924 1 2 998 998 1317 1328
27925 1 2 998 998 1317 1207
27926 1 2 998 998 1317 1197
27927 1 2 998 998 1317 1318
27928 1 2 998 998 1317 1329
27929 1 2 998 998 1317 1208
27930 1 2 998 998 1328 1207
27931 1 2 998 998 1328 1197
27932 1 2 998 998 1328 1318
27933 1 2 998 998 1328 1329
27934 1 2 998 998 1328 1208
27935 1 2 998 998 1207 1197
27936 1 2 998 998 1207 1318
27937 1 2 998 998 1207 1329
27938 1 2 998 998 1207 1208
27939 1 2 998 998 1197 1318
27940 1 2 998 998 1197 1329
27941 1 2 998 998 1197 1208
27942 1 2 998 998 1318 1329
27943 1 2 998 998 1318 1208
27944 1 2 998 998 1329 1208
27945 1 2 999 999 1197 1318
27946 1 2 999 999 1197 1329
27947 1 2 999 999 1197 1208
27948 1 2 999 999 1197 1198
27949 1 2 999 999 1197 1319
27950 1 2 999 999 1197 1330
27951 1 2 999 999 1197 1209
27952 1 2 999 999 1318 1329
27953 1 2 999 999 1318 1208
27954 1 2 999 999 1318 1198
27955 1 2 999 999 1318 1319
27956 1 2 999 999 1318 1330
27957 1 2 999 999 1318 1209
27958 1 2 999 999 1329 1208
27959 1 2 999 999 1329 1198
27960 1 2 999 999 1329 1319
27961 1 2 999 999 1329 1330
27962 1 2 999 999 1329 1209
27963 1 2 999 999 1208 1198
27964 1 2 999 999 1208 1319
27965 1 2 999 999 1208 1330
27966 1 2 999 999 1208 1209
27967 1 2 999 999 1198 1319
27968 1 2 999 999 1198 1330
27969 1 2 999 999 1198 1209
27970 1 2 999 999 1319 1330
27971 1 2 999 999 1319 1209
27972 1 2 999 999 1330 1209
27973 1 2 1000 1000 1198 1319
27974 1 2 1000 1000 1198 1330
27975 1 2 1000 1000 1198 1209
27976 1 2 1000 1000 1198 1199
27977 1 2 1000 1000 1198 1320
27978 1 2 1000 1000 1198 1331
27979 1 2 1000 1000 1198 1210
27980 1 2 1000 1000 1319 1330
27981 1 2 1000 1000 1319 1209
27982 1 2 1000 1000 1319 1199
27983 1 2 1000 1000 1319 1320
27984 1 2 1000 1000 1319 1331
27985 1 2 1000 1000 1319 1210
27986 1 2 1000 1000 1330 1209
27987 1 2 1000 1000 1330 1199
27988 1 2 1000 1000 1330 1320
27989 1 2 1000 1000 1330 1331
27990 1 2 1000 1000 1330 1210
27991 1 2 1000 1000 1209 1199
27992 1 2 1000 1000 1209 1320
27993 1 2 1000 1000 1209 1331
27994 1 2 1000 1000 1209 1210
27995 1 2 1000 1000 1199 1320
27996 1 2 1000 1000 1199 1331
27997 1 2 1000 1000 1199 1210
27998 1 2 1000 1000 1320 1331
27999 1 2 1000 1000 1320 1210
28000 1 2 1000 1000 1331 1210
$EndElements
