13066.791098790907
11662.352383599158
13976.835898077828
14467.993835487287
12070.062036068079
10658.567934249366
12975.312586367692
13976.835898077823
12847.597447706345
12767.93953515656
14467.993835487292
12919.591882621124
11674.9283945081
13066.79109879091
11471.011223459784
12663.980040970071
13812.971085186055
12767.939535156562
12663.980040970082
11558.739625309865
12723.275524985027
14467.993835487288
13066.79109879091
12419.43185048746
13976.835898077825
13872.944389764205
12847.597447706345
14213.754214703446
11011.959791577812
12411.514069755758
15831.282236741597
15330.627533276884
13173.693649343937
12979.827669047017
15829.661637712126
16096.198924686429
12703.60152305949
11829.149106012524
15330.627533276882
13790.856195771365
11413.953927890714
12040.476078487904
9891.212704980413
12149.139508660131
13545.034824376999
12655.865868884868
12174.788049119921
11162.012943751906
11338.167961012667
15330.62753327688
11011.959791577798
11446.84666628918
15831.282236741597
12652.280304387987
12703.601523059484
13081.215381876042
11889.32928222086
13376.594093625106
17543.40139165142
13302.80267667021
14027.202573083174
15394.932436299045
15367.200341970463
15819.604116524808
11826.62956913486
8806.889381371171
13302.802676670211
12232.832660413624
9906.019453199662
14580.42372057663
9241.277024416035
12967.103168230276
13141.807749260448
11071.215012504554
11950.097902125854
10547.24652045745
13288.684653902794
13302.802676670213
11889.329282220846
14454.24931296855
17543.401391651445
12806.856025573183
11826.629569134862
11329.9626587272
14026.426299653142
12408.267275668957
15609.100532016448
13063.835272082368
13829.482848118241
12309.655272435322
13981.251159122383
12494.356932519077
12453.896351854359
11186.107362629136
13063.835272082371
13357.03108976677
10809.11328102368
12955.506677393543
11409.396410579131
12058.532532884554
13670.142226496568
11745.603886204106
12077.494977558843
10955.838855798433
13133.738558788866
13063.83527208237
14026.426299653129
14855.241855966155
15609.10053201645
15870.613632691588
12453.896351854357
14701.241655665011
13980.347665396053
14617.765274145953
16391.791559365993
11081.018672523149
11450.02992342068
12136.129726687175
14066.920249839119
15987.221928311828
12894.128288904274
11565.68788685945
11081.018672523167
12685.157832000532
12083.432372969533
14294.509606879952
9942.100280002018
12932.96315176542
15063.473177575295
12865.479409591915
11459.728287249753
11858.312446313304
12613.529667027855
11081.018672523165
13980.347665396053
14051.66206322841
16391.791559366004
15117.73477915183
12894.128288904274
14958.430771631265
12833.231199253658
10826.752105467931
12979.185770540844
16780.997280700503
13324.272873255326
9994.459035001852
12194.941069215785
11269.375724242662
12881.292255983877
13576.287914246137
16780.997280700507
12255.824705407485
11059.23963473321
13105.787232826491
12897.862939260245
12980.909523092227
12327.321941634917
11803.570880603766
14753.99400890293
11450.347459920235
13479.99935977394
16780.997280700503
12833.231199253663
11603.799103880963
12979.185770540844
15029.603585429875
12881.292255983873
13398.219921664151
13990.583035220954
12949.507415001048
12860.637550274485
15768.298614184334
15403.984810153232
14668.225339976474
15853.945658355213
15231.56731572825
13054.858387050874
12044.069044096488
15768.298614184348
13141.50464786342
11623.52004098687
14683.824212683357
8137.460878009226
11896.70513762677
12718.171348561084
12351.24876942397
10432.571219765532
11346.539256860888
12824.820316501125
15768.298614184345
13990.583035220949
10928.78248477776
12860.637550274478
12040.888339441626
13054.85838705087
13828.961414028756
15474.258981353123
13859.40403294214
13646.159019052287
13390.510249715278
14963.532374635444
13523.005427058915
13534.50179454477
12996.02812442602
12504.040675437653
10752.925884090371
13390.510249715297
13139.575985431406
10838.485984118317
13191.343986417223
10007.721230686713
12138.73221001004
13725.348493009154
11647.762542069195
11149.433937221731
11050.522943201826
13864.585935579511
13390.510249715297
15474.258981353127
12886.55525190349
13646.159019052287
14947.420271518446
12504.040675437649
14489.804718656971
12648.25732563698
14600.753118390356
16331.105909446756
13876.746510180199
12952.848553172444
14363.2317845454
17012.107811890834
15337.054240481179
12633.499625154183
12079.896122863489
13876.746510180199
14475.887280999868
11282.782535629998
11988.124851306966
9332.453845602393
11585.328135584032
14609.512153080268
12530.135045089391
9766.310304198822
10628.992869859303
12432.47411541
13876.7465101802
12648.25732563699
12101.334194114785
16331.10590944678
12420.366329524242
12633.499625154182
15305.732496632101
13141.019862317671
13386.086410251599
16841.28047029265
12006.345592579577
13513.116746923233
12050.15339384308
12787.313570944565
13970.746363396942
12705.528684452678
9503.930619627634
12006.345592579572
12787.313570944563
11158.522863783672
14309.785147198585
10614.495099884316
13191.525364450692
14468.90959040301
11418.877391913818
13671.823249049743
11962.254957552354
13513.116746923224
12006.345592579572
13141.01986231766
14771.735779643248
16841.28047029266
16841.280470292662
12705.52868445268
13141.01986231766
12316.230095514478
12679.896966082742
14312.145583828056
15536.608974301012
14144.577036839142
13586.837363453413
14611.711122657895
14312.145583828053
11666.280520245826
12129.638205629835
15951.869786530366
12337.871241885252
10643.669686822217
12316.230095514484
10603.119638666334
12477.260606763473
12199.71463307026
12129.638205629833
12477.505617413208
10210.958931168436
11574.660516388993
15536.608974301009
13488.887767476686
12301.568282544282
14312.145583828053
12731.660846259841
12116.062035082696
12815.027957069698
13724.52134520007
14561.78111919132
14651.310527743975
14219.137223846528
14095.767252410815
12386.162184598152
13369.277432484414
12322.239780904363
10518.099338692291
11596.74673691247
12106.298158068315
13490.285841736539
11309.702631344275
12464.767538832344
12044.831114670953
13281.825897985762
17688.160602160067
11993.590164102266
12763.4715565708
10640.82294819065
14408.598758759257
14219.137223846545
15313.132038572008
15673.526141840928
14651.310527743984
16627.559568504967
10960.690210342142
13085.290726945846
16172.566666053886
16321.589310028561
11042.754990591178
13786.31718863731
15299.427340632647
14106.111503903894
9592.081043373415
15131.731485427159
9790.27560168784
11380.165621256057
13905.048682758035
13048.234524671845
7347.685182691269
19643.296468156725
11819.040744093258
12187.034125735014
16396.726551027292
11912.163258046392
14796.131266031396
13082.05031767661
15838.473863907264
13786.317188637304
12127.869706805777
13582.618180991865
11042.754990591182
12919.94038185647
11829.465111987405
14896.970761842986
14176.217832784321
16292.647539058918
13434.72972017586
12884.25730471154
14809.784071434593
12471.656129921827
8930.174973539255
14347.660768595502
13331.712748000227
13832.768916021434
12367.738925826592
10558.016044585667
7094.33129031441
15271.285331141487
14205.377336092619
13710.306824831587
12512.017267608839
12048.011375729988
15196.822613440341
11144.055539961379
11197.1375782881
12884.257304711526
20429.40712377443
15494.415914318959
13434.72972017586
13144.13929590867
8619.10575891571
13035.971634337973
20351.89346794316
16783.77748893237
12190.390180675216
10509.690524089669
13580.32872115924
11316.839251923446
8434.394721971277
10444.766123052903
10624.477843057699
14130.218325539405
12979.191845288342
12341.22934958962
9537.253501966314
13661.969075866424
16115.93673970387
12495.463917817411
12245.442223524522
10331.206915929037
13072.171066933695
9071.186632909517
14008.630754954464
10509.69052408967
18366.86894909047
15021.293486934554
12190.390180675206
18251.183484097724
13627.523099648619
18013.446991307526
15751.964211531797
12920.92099446652
10350.683940198756
15800.00923208615
12192.574750807087
9615.166472367942
10306.819368459901
14070.874516883623
12300.746963960135
15838.393505101336
11471.765938827422
11559.70859803894
10457.33117366759
13819.768079709564
12563.691873875707
12406.459794390203
16208.117627827542
15361.928280392513
13832.905768453353
12291.040444940672
11788.030792632711
15800.009232086142
17781.941478591056
13396.569700563035
10350.68394019875
9755.949242667859
10088.71433228334
14303.4635922627
15011.75322713634
11095.422116624934
11890.202476970799
16558.576062544606
13884.99753819721
8224.351213325002
12030.456100364696
10423.616030340565
14252.565917649064
14245.567982851753
15689.732001013122
13015.817222058595
11502.144571948784
12887.53571572668
12537.906614599784
11936.244195791573
14557.968043428835
11394.150541176401
14973.361656977406
13753.91308941745
14916.545768306485
16558.576062544587
14748.383043669206
12206.251414780681
11890.202476970791
15987.95533303481
12909.23847620796
15839.315599808715
13829.542917152132
12364.133363516252
13842.94730848775
14558.054549846593
12317.157685369819
11564.482706954179
10771.345492314795
16225.160368675393
14770.639891356344
12678.635366801713
14527.517282630768
12551.421601082311
9626.138841562535
16248.481445120846
9890.8466882883
13599.032218900407
14584.309353802772
13140.615764166228
14910.447013781302
15114.465274938202
14860.37029164406
14558.054549846594
13934.799655191408
11510.95335421657
13842.947308487748
10874.994271896952
13381.950138913428
14651.860723258716
11509.38876821016
15225.874350500693
15984.672857967671
14050.43980446144
13973.220592134383
12958.559416046304
11668.184313557924
14246.75648633454
10282.710808562553
12196.975120945577
13869.202495938463
12284.69825513779
9891.50291828353
14405.400334832497
12879.47902184703
14099.80554869358
14045.781291477351
11489.482083222429
15238.626645202727
10121.215171937458
13849.464505027656
14050.439804461432
15762.385506267132
14824.048572725893
15984.672857967646
14235.775238793894
12178.931306554547
13167.510103062348
15498.560134432582
13848.855584406949
14787.72592759846
13324.7473501531
13515.137982639706
12076.17835741696
10191.984723843909
14641.901138066107
12602.896374958222
13493.33724445573
15892.503335054444
12191.216950116033
6875.045787360575
13253.99755650308
15069.924617718796
13778.94297774571
12541.532386347286
11010.243097346023
15467.670340584502
12267.433495062338
13515.137982639699
13324.747350153102
14845.903783867332
15304.16787454683
14787.725927598467
14787.725927598467
11173.433433029968
14845.903783867332
11285.608496248195
10389.511094551119
11444.385295760163
17721.01929694659
15020.629806391398
12003.753401860777
13386.404105601601
11444.38529576016
10711.47948195446
11454.680484386532
13103.112842624852
12209.651151662447
10257.898508394614
11285.608496248205
10225.328418988032
11688.07139605277
15222.296770596975
11454.680484386532
13320.25308451267
12299.084185160791
14636.84513139012
17721.01929694659
15288.72991321829
12654.164593478068
11444.385295760156
12932.85950533515
12407.83328540656
15134.649014317425
12990.97554922445
12047.073215047916
14155.810009746401
12775.074452499253
13324.182160508435
12920.070744045443
12755.763340387934
15502.706486000765
13542.847314884284
12107.92386555771
15773.444934554662
13195.950068144313
10519.306436440436
13976.515072119639
10326.024155308525
12695.372659212106
12434.926949203773
11734.5904617243
12436.476143590104
12474.033291804915
13745.919674170447
12775.074452499253
15170.298627971712
12505.500828222921
14155.810009746401
14587.44050848187
14551.718550925438
15335.638174401076
15805.09161015037
12370.287565923216
13882.869971491353
12796.243262432885
13910.18238656271
12697.780247524439
14553.092466212373
13157.193893079135
14412.057518851492
10471.528412622443
14602.76117296343
14393.825668351641
12505.727628381184
15453.858733845978
9101.6242768086
12223.984412167421
14420.233974281004
12323.204643557541
9506.56533829256
11893.52980004845
15610.935914462563
12796.243262432876
13857.201634458484
12642.155541481567
13882.869971491355
15508.303280209913
13733.473696752964
15020.920371791237
13450.696822152686
12077.262699157174
10187.611594695629
15725.429375666508
13005.22247873011
11866.502448939724
15816.444886157557
14219.684401578297
13714.266126296236
13710.765025381485
13839.757063595076
13244.010710724817
13289.773792478458
15549.98343333574
9862.510631768904
11665.569826226156
14201.981009934529
14662.81491118716
8831.755033165557
10867.55183697244
13450.147026942785
15725.42937566652
13310.125246065592
11316.458237459898
10187.611594695638
13890.738270854581
12913.651394554856
18735.542431842223
15325.315565421708
10305.36644998601
12016.760747768438
13686.50815403577
12861.992187874626
10894.16074305091
11605.725449615551
14388.833286128805
15510.198372889112
12098.970119311098
14565.223111039635
11470.430140011507
11662.376596893506
19704.323246877328
9018.193011074158
14029.226893162015
13745.053745234847
13273.057653879274
12727.924408063174
13995.353085017741
16005.999520348038
13686.508154035771
13459.573488952014
11488.957890398528
12016.760747768441
12859.928406851004
14978.547163356263
14239.595418508521
12370.32244879511
9103.176834750986
13655.658011922113
9624.841752877084
12587.898357870017
11344.614399060645
13350.007390050683
19006.32201507344
16139.468301182764
11032.937825438668
11616.24136668874
11433.332046849382
15318.659403045904
20235.03658301078
7353.2564405989115
14655.055256436151
11797.699451114202
14077.456220033531
4768.829144138324
11368.811878232736
13505.30369709778
9624.841752877088
17892.920563191397
15376.127908761802
13655.658011922096
7743.409006988623
15765.579864273608
21346.790668208978
10339.327575049268
11030.154729837013
16175.130768845635
16046.508994216267
9797.508588221484
10235.898243217109
16314.96146529255
14884.00196928942
13051.456119420962
13953.91035238839
13601.749581276546
12267.582526241042
13609.588346698987
9961.233200058521
11125.608634259614
11568.5057063231
11734.821852084102
14797.510891595948
11820.50537101147
9302.005608309155
9849.574740813256
16046.50899421627
13249.6265122892
11753.475116338363
16175.130768845653
10482.101647004114
13622.407132214408
14408.117521435719
13253.818721715423
13395.691767681266
15973.042945487074
13703.710201390088
14265.296966778742
10739.637793007045
14111.4124648624
10974.088775941123
12344.783326207506
10254.702054139552
13607.837997392286
14201.1697583275
14153.677816073798
14490.277919486061
10547.724801637021
13919.106381231366
15870.422208098982
11162.07372103398
12594.25556699295
11550.508763751055
14514.443303105088
13703.710201390102
11912.724733681738
13026.586408441104
15973.042945487072
20552.633039406403
15257.539657545778
12759.687216734821
16693.598320399837
14508.054673535618
9980.55602440781
15327.74196896622
14683.486525313634
14295.696933829426
12840.791440115607
12683.60492246856
11648.936614109924
13938.574387869025
16107.76460653578
12985.596264154736
10904.841975998577
18983.96338731739
10121.66026786043
13125.578579717147
14309.666386185574
13419.744897089151
9570.689934151716
10438.86521499336
13559.699493452757
15327.741968966222
14714.80180979109
10966.758190360362
9980.55602440782
12020.002609554871
11832.099979278544
12863.702183045123
13690.41269942173
12203.80930793735
11885.999077184857
13313.484500887314
11878.2833650212
10679.563490176228
11132.362117040797
13638.964114360506
12254.862283339384
15501.334317836689
12623.290669209935
12529.231556570381
10609.60678262606
13785.841808442061
13509.946692757512
12980.421128463802
15303.70602226689
13369.039521023296
11109.32829091682
10327.248101771995
11878.283365021192
13313.484500887329
17190.316357466178
15377.820625711276
11885.999077184857
11885.999077184857
10712.010863006843
17190.316357466178
15139.93694291373
14666.67732401919
13142.399838231995
13835.63192600282
14109.074774864375
11804.055421223313
10820.013518890508
13142.399838231997
11664.757332036426
11869.8340950904
11478.750461344884
11213.531737044974
9893.72121860722
15139.936942913735
10675.380586659327
12581.266212950412
15007.13126201008
11869.834095090398
14566.872201041031
12425.71272127618
13570.506621396275
13835.631926002825
14955.61597897503
12734.645649895643
13142.399838231995
14003.50869121024
11530.008361597218
12453.876886455146
14479.42090246536
12281.997670849472
14436.829931570208
14523.735196026339
11810.773350371943
7894.337712251266
10050.014527392883
12620.06093264858
12326.476676566293
15183.894989981181
14508.650319472928
12244.412497805944
10423.046795225308
11751.390263514952
14790.12352919684
13478.64025583093
14378.15413046694
12091.411856811674
16334.668961518764
12917.935682364947
12920.67877980866
14523.735196026331
15909.611447030577
14381.409455081146
14436.82993157021
15662.857722791678
13326.363274859948
15619.190806054774
13784.762383210862
11576.820200400987
15410.664243132207
16349.775011325137
13745.098244196137
13379.098399079909
13517.625914396596
16786.851453573185
13685.255948245242
10870.463306796484
16894.76164484339
12928.15095472955
9485.663237746772
11703.1603897101
10455.991599704945
13162.161982382131
11735.538985922607
13365.841558283037
14979.019829317216
12833.87019096157
12502.736426286141
16349.775011325142
12156.264134102239
11788.48781515346
15410.664243132209
12584.27710244342
12826.105877713644
10475.215611199978
9399.452728732394
12752.799395993032
17710.997134073816
13070.085799842811
12640.43076359745
10570.049457741257
12000.891132042969
14285.846965017534
11042.349399210307
10519.355172506423
12806.515683286068
13463.041809488595
11490.109595307407
14673.846041447556
13459.41234424319
12954.742026668413
15484.952153896393
13316.880524572287
15899.97435177813
10768.554333158903
12045.656784977407
13070.085799842795
14623.320365235333
16427.869308245834
17710.997134073816
16263.351923777724
12487.301410301805
11670.82017998643
12818.434333450792
11574.6853297735
14239.710092561381
19506.746692437973
14164.434047416204
13354.657076595657
13904.481976144476
14805.747088405436
12318.49741741937
10663.787203932936
14391.59737427124
10474.17174569839
7590.554920725173
9318.476592129318
10648.554997251947
12412.89677760576
10761.471326750947
11302.960347938917
16727.10805466301
13554.473170939282
14419.612114029494
19506.74669243798
12957.598650276546
12289.434322355395
14239.710092561385
11931.134516232405
10536.446923205429
11613.416078218363
14836.538726329092
11984.102226306299
16061.354161816264
8312.589541917556
10756.421107906324
11642.423107676557
12281.782281577827
12994.013368049016
14065.816637761858
8929.490827494736
14242.904620181802
12785.521767925815
10386.952097747022
13526.33210144937
10268.647664019209
11195.904316320552
8862.508411879315
11552.141851904138
10568.122715954385
12845.507143075592
16696.028385356505
8312.589541917563
17523.253025861555
14879.543897448377
16061.354161816249
15409.319484436679
15419.608986350711
19739.73060545235
10331.117818738745
11865.36528282766
13395.068390723538
17169.302465454806
11912.230517332973
11060.38639323684
14066.35006482886
12224.7657575295
10251.393687950353
13090.602352846317
12989.596242263986
11970.837525740513
12613.020414283104
11742.947846454574
11837.318964990662
13154.689457647679
15686.70859591781
13841.901540250494
13433.484553575609
9537.509087420603
12221.224519150896
17169.302465454803
14564.249350575747
13263.927589802575
13395.06839072355
14181.569934900037
12261.131476075963
13540.89092015719
14510.312316648287
13526.448020169519
17757.095128983718
11919.367328083235
14459.49601834595
14511.015972548568
12546.450318044472
17218.87101637725
12867.597393434919
11212.775869764342
16471.12370807083
12379.993115846357
7681.129294438187
13769.719550280928
11308.049962767618
13341.798099447136
12417.308529525213
9970.35398750722
15764.62223120919
13135.844805765395
12491.896979389792
11919.367328083237
12724.411510775677
14270.099500248596
17757.09512898373
13824.915081418798
13107.142631351711
11126.735574921577
15888.40458429784
11314.262311118255
14574.848722664841
14546.284625577482
13894.19142232849
11108.103658063035
15763.483809086252
10829.259625390096
13766.837594028402
11308.119268575203
13703.931623750032
13796.599595883532
12228.222307799084
13250.063053165683
9761.539341809164
11038.818882735592
13502.89545160613
11648.977103088779
10181.9235096051
11890.691155494927
15078.18899628056
14546.284625577482
12200.528689518798
12607.282816373663
14574.84872266486
14728.863491360393
13771.636950699147
15166.888464258263
13458.623804519679
12752.79734005907
12971.05759094999
12675.777324991723
12842.17479022256
11577.420198674645
11975.900763313713
15120.952110837241
12822.447004961961
12201.129280471225
12585.354363266515
12321.925354411502
13023.282035093298
16491.05751191979
9365.719132626882
12705.682739539045
14320.66577112474
13982.944765833687
11762.234428449014
11783.00091611701
12842.174790222554
12675.777324991728
16180.216783244101
12218.833596897133
12971.057590950008
12971.057590950008
14848.842044396584
16180.216783244101
18468.72825414002
12145.703598630556
10703.467765474867
12502.46640637591
14699.433760050862
12205.245257463379
11945.194014212842
10703.467765474892
14371.157682109082
11528.900669669367
15890.440568942244
11790.033575605154
10479.841769626568
18468.728254140024
10101.807443629865
12003.71134141749
13235.192039024709
11528.900669669374
10240.189434379086
12213.56110016046
16302.290985167183
12502.466406375905
16253.316299482301
11433.883084051751
10703.467765474892
13212.311692079651
12786.016243052705
12300.907826627843
14384.86894044115
13866.41187486778
12345.944931341483
8520.788859643928
9516.305308898909
7697.8119877920835
9971.046177122704
15700.978893827081
12949.960749197471
18983.424870434803
14858.53726490378
14254.49052027513
16469.62018567113
18363.816416648835
11375.231318810282
13097.682764884852
17441.03107993499
14924.332878078934
10155.472979160208
10591.72263861337
9443.060362507389
8520.788859643932
17578.50235231859
10701.62333783853
12345.944931341473
13112.564203225345
17418.117077148137
17079.154657396335
12832.382667816843
11742.040141470272
11756.153722060792
19883.90624990133
13443.758350337348
11439.93461805995
15888.008785403776
12474.795746061545
12375.816079777587
13559.44014506622
15403.584394377256
14268.231126102031
13641.173138522181
12950.35892514604
9844.224839915585
13509.219834175663
17314.202937737424
13057.352186501537
11527.065818984825
11267.66396108088
13785.988278385628
19883.906249901316
10595.056806595676
9762.434365531408
11756.153722060775
13728.650657306454
11738.877151133902
11038.136420467466
14216.956960191497
15677.097448264794
13163.304237481427
14208.565257745924
15503.720977642966
15777.414315881048
12913.473671273581
15356.067080443643
12547.990629880209
13000.845075134182
16820.40799534528
12772.970143397804
9306.716489142791
16036.483710623175
11419.38906417232
13264.473318557977
12109.602295316221
12858.686999918484
12399.136180713158
9660.94784323774
11255.990109783399
14208.565257745922
17202.142733510926
12025.01490436885
13163.304237481423
13216.669681140773
11562.322128889744
11400.794149387395
15588.076062714139
12940.72444750902
13444.090551180007
15685.445688721256
14172.564307473644
13103.593943327352
15500.957621571197
12195.71763152896
10629.935841213777
11770.275097517118
10738.506145796042
12853.726178021381
9843.504102004668
11625.884604554913
10319.82838597861
11120.176070175468
16106.43212582651
11351.313950311269
11026.737076286523
11126.818729903523
14664.04134624407
15685.445688721264
12852.934451009069
14903.993917583637
13444.090551180003
13164.230271676035
10623.585140087685
14129.767107968424
12806.059184878697
12820.28349749375
15674.602563110067
11127.364171448444
11560.473095595195
11445.719345673924
12771.83220752255
16033.879348458433
13956.531808908216
11502.332419178829
13172.783411979808
13556.574263121602
10949.381760753227
14090.708446581895
10834.006921416223
12862.590266878206
12942.702020761137
12168.068380349214
11556.023505273275
12653.480575893354
13301.33870908145
11127.364171448444
13095.714613555527
13195.515388122338
15674.60256311006
15498.50340935366
14051.588444088673
17091.567618496927
11437.488117351382
14966.20397729415
16912.29219501105
13031.919990187427
12572.662884217229
13360.666574087421
13970.568927492472
17105.66582359316
10892.996320372502
10964.745956520937
11951.800090133698
11455.06124967416
11197.262401930178
14810.242378888852
10134.666654335722
14174.338032420814
15939.915610329019
12454.596415391268
14290.374763755044
10956.591744773723
12887.364137803648
13031.919990187436
13270.109515669335
14214.347207141644
16912.29219501108
14129.53372227581
12643.13021458852
11656.973414120555
15039.4450891844
13882.05868249487
16491.55776068004
13776.246268927698
11478.393580770085
10875.022220050772
11633.160902262958
11998.715585044522
12276.154999022157
13049.920056745283
12832.725279048786
12436.626918561256
8268.481972106798
12267.053858381758
14499.99198102434
12572.973038356851
13587.963254559721
10917.634061492292
14838.090624186689
11468.446889849027
13493.972375384728
13776.246268927707
12456.835681513257
15171.763399793537
16491.55776068004
14918.321549085535
10388.503081265171
13976.6898896684
10920.634126111707
10430.719853711693
14238.80366475827
16562.031891392133
12903.70208744317
9769.639025499408
10956.550520050185
13417.615041579964
12862.779881866505
12204.19465153902
15955.958822724002
12357.107729707996
10428.534962335083
11436.390668545246
12329.912704049371
13286.982061245473
12493.839778205798
12267.696625073702
16338.779310965801
12642.620403809698
13082.330882388856
16562.031891392133
12758.43329292057
12123.9051131966
14238.803664758268
14388.103479096773
12877.186026333984
13768.32589994705
13577.55484789972
13078.60184959149
15792.024462454154
11627.02536751377
13864.035050402052
12748.92392807412
13696.807448730184
14069.87431581152
12801.945043899499
10992.632754338303
14236.58373485247
12647.29903368951
11285.568175025517
15236.504453305595
9296.331759349272
13109.395007302553
14979.861942909938
10740.443629135028
12351.367813891706
12884.462613346961
13864.035050402059
11627.025367513765
13377.291842274344
11887.970993203764
15792.024462454146
15792.024462454146
15077.686290707261
13377.291842274342
12941.67614750104
10691.045488933145
14427.032362562346
15064.04321547071
13325.627381429298
9774.80852294945
12878.962665125522
14427.032362562351
15151.737847083381
11761.478748691046
12875.354274362917
12291.730632478153
10207.111871930852
12941.676147501046
9859.3002528028
11481.797456628461
14821.227584504526
11761.478748691035
14552.899087839607
14810.355422336535
13223.88845641803
15064.043215470705
10368.327378025711
11209.807724852359
14427.03236256235
12558.407983619156
11844.067660027962
15271.60270383654
11077.137297390016
10643.224197206713
19995.1260895128
11208.737801309606
11413.336375597657
9371.733172066508
14386.737741760837
11195.416869213102
19657.909587590217
12209.897181469007
14888.632689780407
11567.591984633445
14598.917489052114
12224.125413921356
10525.97790002697
14106.134089272087
11206.079707389476
12878.855549314072
13877.857058583528
12209.364621614137
10222.399751248115
11208.737801309608
14446.183336218752
10289.526517078672
19995.12608951283
18293.41320494687
15734.628936805635
15124.618042185459
15368.473673892004
10038.296256648384
18508.72671806947
14354.630237983212
11693.98941213089
9868.670829468028
17101.173332334758
17248.346819298094
10677.088460457962
10369.415583202957
13634.840017827019
15522.763261331265
15393.532467383584
11242.538299157659
9221.988662097172
12961.899630912303
17378.257167107866
15191.16903454622
11919.966854657017
12739.201468151634
11865.521634937604
14354.630237983223
8283.803788657448
14476.400127377143
18508.726718069458
14015.22743347286
17190.142899779526
11427.600737152385
11541.78625504891
8797.594727148833
12189.629899562111
20214.181314387417
14927.255040087774
10537.728828196901
13444.569555256392
11277.64984412948
12921.180022562696
10755.802598933245
14434.153300147093
12640.654881141887
10463.588273568588
11586.501528826018
10698.063265520475
11702.099166058038
13901.150691842911
12599.702274725623
15752.531056019268
13380.007193246294
14608.686301970363
20214.181314387406
10595.858616374875
10630.069084756422
12189.629899562104
13658.063655122227
12647.621033253852
13469.409106291545
12532.705806853255
14512.637416467354
15753.445328552947
11545.449242962675
13195.7613134858
12178.190390522805
11406.09495241933
15602.103875801704
13615.38830228763
12088.707496469026
10807.334521334953
11672.006344495643
11068.117365547469
18232.63106104182
9524.830661611317
13970.625474951485
15675.792897832194
12914.881399890943
13760.822500807511
13644.04036464218
13314.758232822387
11545.449242962683
15323.83760650389
14211.223428830886
15753.445328552945
13458.888107821962
13101.655133630858
16161.582022549634
11613.038362471614
12265.237452444962
15838.253168141253
15790.588380142526
14358.37792117917
13317.625997054129
11700.258325798994
12986.571147691498
9979.437310766229
13815.23532984793
17667.33718566668
11883.957353025582
8817.610226820618
13057.753888128747
14445.957213346617
13280.082973511126
11211.384391033194
10928.764958812442
17176.069464819557
9023.046304450747
11855.462581923859
15790.588380142523
14587.749350083832
15118.158052584029
15838.25316814125
14083.454864145953
12536.334414097379
10848.199217535406
21028.058244522086
16152.829863734645
14113.118063409844
8413.043026932022
15248.649994071868
16427.50064849981
14095.733249983588
15906.09655993208
8782.202885839419
9649.116223904202
15457.485664730666
13782.833056779242
9098.491279670277
16083.778279336397
11383.59565425715
12228.012976076843
14804.568647729295
12368.976899210582
8145.997231796163
9694.982156545564
13902.822934358739
8413.043026932022
15107.084922023214
17844.22195882269
14113.118063409825
13395.687534451856
13076.486778670598
13413.230334881622
14616.581688240385
18169.164497677266
7953.993498701065
14991.004162512885
13124.689156409044
12291.46430823028
10604.892321260875
10079.31989425679
12323.272001671214
14132.162721678433
13906.732414253485
11356.359800933167
10503.067931277028
14031.568113044521
14843.747415641423
13142.161008260298
13008.67861995484
14650.24938289618
10789.230777455905
8100.419134067197
13981.214202943258
14991.004162512894
18995.291129441943
11679.450539140777
7953.993498701056
15501.698934023452
8319.976448426924
21498.36714767759
13948.280506457482
13557.753483813278
12028.366384871306
15996.054992900245
12634.554059714887
12250.651827668438
13475.041045386939
14902.6675783983
10915.490443655746
14303.987719323293
13119.605032955975
12844.894795815611
10615.593332071156
11712.894525425081
11554.261195238832
12327.46310607966
16171.969543784777
14231.776304520354
12019.375213227884
11074.328687542913
12237.063550018474
15996.054992900237
16191.97394484736
14236.100077598247
12028.366384871308
10803.954008839755
10455.230050497854
14069.381486872993
14064.254660344935
13092.001336996495
16107.075861614383
12325.829447686001
13444.575819150532
12279.730970547473
12830.273221484525
13896.75097605306
13214.48240301131
11124.772913659202
14295.349625987408
13490.412999398963
10016.296090375212
13132.190492038435
11395.648574212153
12742.693889167973
13156.310373680068
10685.201398614203
12856.977095792789
12150.795828613032
13444.57581915053
12325.82944768601
13393.820221041158
13516.289043685794
16107.075861614376
16107.075861614376
12734.840448630805
13393.820221041156
11837.053819913994
12074.131370451316
12775.827786453185
16429.755441238853
13960.924129885074
12981.419285265629
13693.672352307105
12775.827786453183
11134.625182018583
12047.237291806885
16594.411427669856
12192.042941379867
10697.202458988628
11837.053819913994
10835.844548308554
13167.341170652559
12872.730145741185
12047.237291806887
12762.975485334844
10576.940713060143
13229.765302115055
16429.75544123885
14215.465098917273
12395.11996910806
12775.827786453181
13804.011091480163
11845.515169101525
13247.648417922774
13127.741680800305
13362.672415607136
16298.358893157218
13928.250417502986
13983.776609416705
13992.144986088157
14529.234406420826
16051.799666010264
12272.003618789286
12900.937017318185
15201.28040971263
12405.225909337567
9571.106400286324
12057.255638471826
10284.46756630086
13867.833673181178
13729.939906219764
9635.171042413249
12725.354780958376
11920.053117171316
12714.999569267822
13928.250417502992
12994.713745845049
13277.582221916478
16298.358893157232
12896.200435669118
12038.23354392736
12263.774298707964
16824.49245773396
14705.31656119437
16573.45962822187
11964.009429591099
15918.322676891503
15435.166191409922
15867.377799611706
13964.441606120994
12335.812980464523
11599.076529344518
14957.639413645786
14381.488639051979
11726.633384684686
12825.597147828834
10768.37087798434
12350.141340614873
12303.764129921256
10213.756704967205
9731.036821574038
8005.834121438763
11844.462422544017
11964.0094295911
15646.20763672796
14245.992454801593
16573.459628221895
17126.864967529582
13363.320352956724
11721.25180805012
13861.483996157063
14002.908642017406
10480.508228701878
17224.0987540039
14819.048019286516
13581.34306983612
14428.73401359354
13458.879894960144
9575.281941120256
13290.938121029303
12098.71593681311
13132.514533585743
10390.798982831517
12052.61739414185
10392.053807470355
12789.98963480533
16724.163547043117
11924.633750904111
10660.715430198017
10367.435244300274
13913.824703795191
17224.098754003902
15584.377852484946
13798.70208740195
10480.508228701883
13056.126879536236
9302.38328003775
12159.232724411679
18159.571084428466
14963.302753920536
16195.01232631021
9697.508351522485
12884.463502975506
14191.702324690812
17883.235086397657
15875.896539467154
13544.436419212288
14030.010471551885
14737.752312178434
13452.101038917135
11412.812776835433
13546.902209494569
12238.064194538976
11493.119487270345
13574.015292795566
11839.327460915267
8194.083713902623
9182.436378050525
12439.428337791313
9697.508351522496
15470.263200365567
16792.885722353898
16195.012326310214
15011.396833304947
12504.446660611851
16820.108962040817
13420.901848837782
14467.936613983722
13845.798941090758
15657.645277459496
10256.151273618621
11264.53499545541
12645.24873449202
15542.660942084565
10513.494619626983
12774.096462797945
11067.692559894513
12366.302456522062
10205.030364943865
13541.597659885116
12059.496330584569
13200.822594271978
16928.341534152474
13590.005479696581
14084.896501115189
11539.665449556189
13692.812303453156
15657.645277459487
10612.693324241509
13883.78010648108
13845.798941090732
12997.63846532821
10402.761267010435
13431.922731388957
16362.908946320575
13117.9433014495
12934.673785077985
12377.059567753566
13440.199569356666
10500.386162285868
10250.129871893654
10619.892198103596
13326.780480185067
12332.4156633912
14373.207245064279
11808.460812600055
10052.332297623881
17640.979982396828
13558.485336746557
12600.684023092332
11570.634347395275
11824.510447708402
12886.100533627501
11497.366594935107
14923.425199416546
12377.059567753573
14321.023848678804
13406.770241211841
12934.673785077966
15508.429141614397
13489.657570067364
16830.233419155258
18949.35668393455
10448.530953987
8723.96082903642
15807.589774809581
13733.841927832114
10833.144511020064
9808.015193418985
12805.801469251042
11874.82870842299
13750.98422783869
12942.68388797253
10741.94975964138
10019.191417569147
18167.13244601714
10047.731104730188
12000.761771138525
12683.575970681004
12933.653430691189
12540.888506231493
13611.378690494226
14483.171215986451
15807.589774809578
13837.421674208312
11297.241272973111
8723.960829036423
9449.396490595771
14648.549327711946
15242.538779661176
14752.739798953793
12441.285541320554
13954.372109239946
12316.985268209535
13676.534683276917
13102.386864662072
14745.635294054826
12850.807077374451
12390.560699807073
12109.170346036439
10807.4649295085
10632.184979363583
12279.42629583077
15052.033017207967
9155.972012828095
10959.41313591974
13043.530701168916
12404.14343525805
10611.139675195069
10533.679743127232
12710.633711417675
12316.985268209544
18083.166323873564
13587.750882087705
13954.372109239966
13030.322361623646
14577.867468364451
16061.223348009478
14601.428244366814
13109.274450276469
14838.664298443324
12093.710414674073
12836.639388330428
11593.890572562877
11938.50004809378
13744.531971663911
12297.594496001373
11482.85557615879
12945.584251724042
12554.612973636451
10445.736245337202
13660.065979864861
11928.83689665527
11999.042839703092
13165.779543767016
12331.347097708156
13114.182791813944
11476.014617191573
12836.639388330419
12093.710414674071
14958.303539142362
14507.825016895977
14838.664298443324
14838.664298443324
12614.614999007415
14958.303539142362
13876.514514940924
12192.85604178143
13395.094159131888
14712.677092024795
11910.035141723198
9575.354382512132
11631.734310159274
13395.094159131892
12795.135102661738
12451.143257796353
12181.148473068297
12093.256758466381
10942.442784960964
13876.51451494093
11208.005523805457
12594.50862672606
15777.87110374185
12451.14325779635
14522.335089491355
13538.200086923629
14214.341623642915
14712.677092024795
12761.562538812781
12700.222707991568
13395.09415913189
14388.29519775756
12243.711900559216
14505.015831581472
13553.196849250813
12228.342966135962
14402.878024490437
13666.811312125901
11164.096328973199
8768.273048128713
10131.746676986175
14604.274208796798
13960.71133345507
12723.271946764691
13504.252677591747
11972.844204311348
10519.985689747593
14589.531675119899
11814.41521031649
13913.79354995877
14758.092560466004
12584.127204527158
15745.276403016676
14536.082421505918
14629.342075658711
13666.811312125888
13656.11357760293
12042.220726848649
14402.878024490456
14473.360194338251
14027.684110768821
15221.414428489405
13857.548237526851
10676.792325724724
13248.183591832418
15393.536494332926
14671.52059304651
12135.610784980132
11293.059608903946
12810.036344083588
14545.055834255963
10894.56487798136
15772.626350438133
11127.472500343838
8464.136581797844
15987.284109292987
9797.126871880804
12900.177930261627
9964.436559561
11016.410956635418
14210.368019133053
14028.934954920034
14957.93132015875
15393.536494332928
11927.40715453913
10857.866327456723
13248.183591832414
12539.46317506881
13080.238913852281
13761.821246929781
13102.620739930464
12020.293700686583
14486.8886996255
12134.388518036088
10313.690680771393
10629.754576556681
11728.123131443679
14358.938027501803
14585.128637336036
10792.755517729378
12441.78902223723
11605.995125767988
10465.114125813448
14309.66711676239
9301.186875102592
11456.759155997015
9033.095431667927
11064.841627226928
11971.781271787793
14171.478927686812
16354.330250430707
12134.388518036105
11656.580150380523
12873.590978161406
14486.888699625515
12992.225413580789
13682.352159464906
22151.6237764466
12112.995279736286
10570.840921990952
12971.545653930132
14406.083673440526
14970.39532358172
11388.450393403058
12881.057277633676
11293.379096308805
13203.866084675492
12545.12644790824
17110.631909303458
13193.838204239879
13188.742951364326
15725.648503764358
11515.740639849882
13018.844582571683
12065.236484217468
12449.971503042141
12153.83755884531
10088.189078492956
13997.939263047307
14406.083673440533
16457.610114480165
11978.537419337794
12971.545653930125
16580.988884745155
16208.717273929851
15571.48870675748
16419.300489827638
12827.863035074493
10307.90903351567
14379.417814510705
13191.358668860355
11057.174619749481
14324.029260711714
15201.903471194508
13436.706563717797
14543.612937819467
15211.724276020394
14404.428142906589
13951.742734976462
14925.100067534016
10451.537577556688
13298.4621855672
18251.5692145462
14203.853666935162
9573.95345417325
12217.46740180591
14725.022462486837
14379.4178145107
15781.974779553471
12215.28536695374
10307.909033515683
14868.004178425828
13215.647555749027
16528.874204260726
12359.809456191637
12373.143811825583
13268.402460531757
16951.73429126946
9486.956494828513
12328.529109165827
15300.39904298018
17603.503558969667
14210.320791035194
15028.689555180646
16847.58963410906
13385.946745779296
12096.7368045064
14166.346269413976
9673.737199202551
13377.717183055389
15731.384092399967
15162.022450029006
12079.864003944826
11828.973391664937
13401.164162327035
16951.734291269466
11432.155961248183
10550.814978537679
13268.402460531735
9768.156148995882
11703.498258401574
12472.833791498337
10166.878509293187
10070.610670092407
15595.487818913836
17829.073856612926
13889.35074842596
8191.203538557167
11779.065635065994
10852.894409174036
13135.506931132692
10437.714019105191
13254.679686401041
12685.964653046096
11573.235323705894
11614.040860829939
10825.030255506264
11814.940956972323
13804.839245211147
11857.16027167857
17047.77274754889
14310.853224528611
13904.428292918687
17829.07385661293
11130.678062330277
10562.131212567041
15595.48781891384
14708.36963774611
13994.070500839724
14052.185859089754
13731.021741578788
10930.981854705089
11151.220389322674
14021.290580532468
17359.898831065133
12938.848276882673
11940.399582396461
14661.239772061108
14390.828503978219
12036.173295757324
14371.752996559779
12356.023929806122
12013.942453300742
18059.740254244993
7860.95094177952
13780.844633260269
15035.544301003281
10475.99265760068
11069.975646815257
13066.636255749298
15142.711568423189
14021.290580532472
17579.022511681622
11309.464236014312
11151.220389322672
12516.435856838229
14837.154769577566
14316.9945839143
15868.616316462463
12954.231864495014
12288.743583048796
12245.315159477883
12783.621218101067
11846.503669390426
11376.294124915737
14645.42283801618
13103.11945935204
13610.677577639191
13536.886052934598
12502.088032014453
10657.5505929168
15248.263015060496
11469.722248451182
12399.035439660533
13499.853988775543
13254.304280842218
11171.130830936607
11766.328282142891
12783.621218101065
12245.315159477888
16828.882166860403
13774.297084789947
12288.743583048816
12288.743583048814
12807.617205160575
16828.882166860407
14081.41315432781
13111.706636114832
14105.156339927627
13716.10337030441
13533.60826897769
12743.806177369699
13204.962105745864
14105.156339927637
12549.198436752804
12562.272129541312
14806.897536052
12546.881571033397
11232.996402039153
14081.413154327833
11162.644485036835
12447.540124034818
12601.025063836576
12562.272129541312
12231.849833507029
10168.532965026789
11638.496998553012
13716.103370304414
14881.04398115895
12433.342850299734
14105.156339927637
13698.232843113305
12724.071046542436
12821.607715257782
13735.038675563756
15449.79538265644
17512.371414668632
11632.82645092507
10980.848926565273
12517.963563571151
15587.052010319343
14380.33484688064
11958.644692203023
13982.241874573334
12660.376635746232
12963.85237418268
12417.758587565335
13003.421565040178
11853.832478108303
12478.204869020694
14102.215172220567
12826.062197585748
10379.704367960467
8883.540581127605
10656.58185852613
11632.826450925086
14178.760489919841
13831.772694882684
17512.37141466862
13763.719416698912
12174.517030040115
14067.172745172571
11980.547802123938
11485.281509914967
12633.230667085152
19259.298863415854
14456.751948073892
12242.726177991808
14589.8622211694
10660.91702992143
10194.284632306793
12016.13887245441
11729.683530087574
11736.516811429983
9745.456217863588
11553.399460520832
10664.81737780307
11029.466908186276
14230.623817193904
10385.195647537299
14076.792424409841
11534.930197170022
14115.758409216534
19259.29886341584
12019.316445334982
12653.265757493038
12633.230667085154
13076.767857371375
10766.690753987164
12523.3277254251
12158.760439782667
12815.37647447423
14833.845868660674
12901.141633622063
12638.429240339452
12560.8438624592
13729.65327009766
15464.10271901535
12908.2615542512
11827.951546806122
14795.715299050362
14074.737840384909
10977.816930857503
12463.001848279018
10631.278949953077
12702.92455721857
13630.560903912925
12117.999345138858
11135.038596668872
11733.045633485082
13307.728891058863
12901.141633622065
13875.803217967368
12547.760859880327
14833.845868660665
14309.570059127986
13807.890369739047
16249.129879246651
12709.634732071854
14849.036275476254
15917.39060724923
15394.75071269547
14689.628283221035
12486.093527993526
10367.379795233868
14749.779157167543
13750.487254247146
9631.574349111843
12652.016219163412
11653.443065744277
9257.146294755496
14911.701787623962
8869.058652777423
14991.467104504545
14440.379189533285
11084.571715887403
17417.42492829835
15318.090855934242
16158.47858975187
15394.750712695475
14337.350823822344
12572.746742749461
15917.390607249221
15448.584630030384
11561.275010326708
10429.04216584821
15154.159995865657
14191.236186105081
19890.34915285222
9717.708760155007
9104.819097373056
10631.291112146568
13789.792743231648
19161.603801704852
14533.426455721226
15058.807111054308
12634.60985683298
13665.871339020125
11555.01590068537
10558.124123802007
13079.348485278331
13544.817606107363
11747.679369811542
11406.404197588054
13095.806250860518
10968.706033526101
9341.818664815655
9717.708760155014
14813.087380505938
13957.960601349107
19890.349152852214
14186.164076512414
14509.78704295905
12589.796090902499
8928.993223954314
12112.648267794262
16531.394161981127
16546.09999603067
14791.596506633683
11828.337736831509
14500.971492378567
11543.963233429748
12308.373931621561
12751.43175898214
15742.897730738981
13721.824286331772
12189.280240150885
13474.910388447222
13648.096502304934
13610.161350259605
16736.839272671157
11499.338195026694
14816.71163826013
8446.686471946572
10635.795586188418
16546.099996030658
11689.401032819726
14886.635089401236
16531.39416198114
17006.62623341825
10276.032173603035
9245.250401537218
14038.38460981737
12445.340453668621
13672.347503310455
17335.906905140382
13068.621177974414
9113.861862497948
9237.216217911424
15624.689747010645
12257.197735563062
14804.437112879788
13505.875499374248
12350.552674641964
9174.7778958185
12167.819097123269
14690.028841957967
14525.825587902005
16910.858971098027
14390.052954330466
18266.255071696687
13393.99696610334
11537.485528872192
17335.906905140386
13227.765472940877
14541.717969074198
13672.34750331046
13428.797148181015
10711.386848436014
12995.730523986138
13269.48414988884
8934.561275358137
15363.866463923609
17983.278598444558
14280.55113099967
10781.72956882889
14701.966425346067
14967.516640711663
14280.623766682702
12621.263423703067
15138.51518684911
14211.318420814727
10667.33895090397
10439.064475271893
9843.807687793895
13019.058724227183
13461.193228253285
11034.082551658561
13226.568750953169
14426.748933456764
12930.319110210621
17983.278598444547
10096.633561769313
11137.094295524275
15363.866463923609
12307.100401245552
14660.141261402214
13044.036347730591
12154.552809701618
12303.707885316464
15875.246039764406
12021.965610573914
13278.153280566008
11774.947119929298
13546.202043300143
13551.515127501483
13790.22162725183
11146.833705974805
13062.306237338613
11849.983995897715
12826.45651685786
15815.175083185492
8954.97719931015
13511.237935853229
13979.634307176211
11622.419021497453
12209.206671823047
12192.914997027126
13278.15328056601
12021.96561057392
14155.509309123121
11810.878524308151
15875.2460397644
15875.246039764399
15098.320011138665
14155.509309123114
14271.736979380948
12297.311805974648
12990.024114030308
14377.835747151188
12737.769357962687
10931.827453398617
12281.944699708942
12990.024114030326
12891.72893278086
12128.795085963273
13073.623456749065
12281.944699708942
10794.146716881698
14271.736979380948
10806.542973671025
12111.905827210205
14377.835747151186
12128.795085963273
12989.602778944625
12430.437360563392
13839.248092104805
14377.835747151186
13165.090016388895
12297.311805974663
12990.024114030328
13898.993680537018
12089.252080798351
14271.736979380948
14613.063648858279
12912.367359993434
13055.210146573294
12745.292686044555
13136.560848889654
11899.572544375524
12214.825160284985
13100.037497730835
12658.360627496982
12794.537625576253
14888.074637875929
12507.186615227842
11802.08595298782
15815.158381853284
11833.077625815817
12538.02857672635
12745.292686044546
13099.103015705869
11706.058848352704
10298.34523710555
12963.24185291453
12745.292686044546
15272.006243893225
12912.367359993425
13055.210146573289
14475.71611997847
13591.452263411757
15815.158381853284
13406.84927978733
12674.81781395121
11878.132074506868
16407.706083546662
12526.93466220756
10979.697024174882
11430.253124879353
13098.141995716449
11638.014251545857
12367.911132374553
11992.254268857412
12382.749286103071
10136.035627854735
14180.29766831369
11125.348404342554
11966.836499820825
16407.706083546665
13109.386313755924
14622.812967576374
12984.974551705556
14741.14247273315
16407.706083546665
13895.478092386395
12674.817813951217
11878.132074506877
12354.131123493591
11091.235310297321
14180.29766831369
12378.564416787382
13616.52374569542
14026.168943138426
14683.521142864762
13451.714081408429
12070.829107655902
11330.745427237312
14055.51229347077
11256.216605641364
12946.875267576082
15250.58739731166
12190.979424666877
10404.335773210556
13064.724889096104
12413.519113441513
14430.557213576873
14683.521142864782
11978.557696718686
15202.494619754549
11259.28791062576
13479.225690771324
14683.521142864782
15501.582922619056
13616.523745695402
14026.168943138433
15438.71074040969
12472.171377695367
13064.724889096105
16409.650795908492
12927.683185305461
15846.123613286605
11982.30095118185
13337.023070785488
11998.220525984538
11155.169034416254
15248.322675641952
14785.731644256166
11795.28854629119
16572.93071929679
13538.268970554369
7134.5028089829275
14715.85026009203
11548.628077150935
12261.601575181076
11982.300951181847
9877.659045411416
14365.463783358815
15091.675425394355
15253.416481104994
11982.300951181847
12076.983567678704
12927.683185305452
15846.123613286614
13609.297545228635
12934.25507451905
14715.850260092033
12799.410430318982
12947.13290784067
14996.83185114867
11738.997359282788
12428.284314031152
11725.565777621629
14188.572508462723
13099.265629608373
12891.317906988708
12879.864458439919
16810.776286320335
12923.51087917091
15387.690945656728
15991.55250420103
11859.688513251978
12716.48609447756
11738.997359282785
15755.379159493856
10414.896864185203
6894.386131494695
10150.141197216086
11738.997359282786
16233.205162090708
12947.132907840669
14996.831851148669
15240.397598131722
15019.292204325628
15991.55250420103
14571.255436660473
13453.031401141787
12496.235977008977
15846.301701168697
12668.63283736605
12028.177794172983
14495.959715786763
14976.676767007762
11850.991464853087
13269.622568809049
14629.15977792163
13535.117204098418
11260.70931423746
13460.004790930016
11914.927261768167
12388.582343043005
15846.301701168692
14557.405788344837
11924.658149467685
10708.25686150006
12470.212980834138
15846.301701168692
13015.968096861609
13453.031401141785
12496.235977008959
12694.387230754128
10367.550157160907
13460.004790930016
13328.08725134384
12372.37430879481
15484.879782978434
12814.715018977631
11649.520697560452
10722.262395791866
12901.167066280923
15682.258239314897
14322.514432153637
13319.961642940163
13777.182630356232
12641.13207632243
12432.084897878816
14130.438541041392
11260.604699679465
12669.212620336912
12814.715018977631
13925.208093665751
12861.019414334747
11009.58678605321
10323.884017108763
12814.715018977631
13722.73858330008
12372.374308794808
15484.879782978454
13018.588666577622
13127.205284999189
14130.438541041387
11615.902955010039
12531.524642710428
15424.625381050442
16476.584761602804
12393.082095773592
10888.108165342703
14915.775924655989
12989.970650238745
10677.007535735944
11661.988544443777
11786.595503469607
12775.370273339458
13083.731614031238
11020.119651845147
10908.172351046747
12719.065829670382
16476.584761602804
13446.449259957331
13578.796092117565
10409.967272067395
11901.078021086672
16476.584761602804
12559.797142782045
12531.524642710408
15424.62538105045
15150.332835138346
12323.29394067061
11020.119651845147
14960.970707318857
13139.62056723344
15335.537137568466
13556.197158500725
13404.187455989117
12295.000814862573
12695.088732310309
13905.898776513664
13133.140718910061
12187.907201092032
14609.394842936492
13307.171778441876
9440.66389655783
12833.685559191244
11891.567972806966
13078.135941133663
13556.197158500729
10660.861079186801
13078.135941133665
12209.560210842592
13404.187455989115
13556.19715850073
12833.685559191246
13139.620567233433
15335.537137568463
15335.537137568466
12078.757522181482
12833.685559191246
16237.627087892759
11437.124591212065
11420.244973181372
14721.260631892908
14262.39646255578
10288.165092657082
10422.327079330507
11420.244973181376
13623.26600800683
13628.430733686762
14721.260631892894
11860.960635113976
11985.779171041504
16237.627087892777
11504.90961384095
13043.746811843941
13328.422949030133
12784.689153620016
13043.746811843943
11761.993104810621
12929.568969668599
14488.5042688104
16237.627087892773
12604.356558708034
11784.363322334273
13554.52835702502
12629.129377447762
13091.018782294406
18174.807660270915
9817.573199191473
9607.464390640473
16943.070508027024
15003.389012201731
10769.9489080608
14841.799174756585
10599.810622445255
13334.727949622507
16020.692151109093
16943.070508027027
12168.847501074784
14575.767622345838
14375.357089126817
8728.166434673833
10719.064015816799
13997.88157186892
10226.605673008087
9271.746854841438
10509.104051308563
12917.218273168326
11899.250642586683
18174.80766027094
10008.355141669912
8862.533031700998
12229.344172821024
13910.154562904603
11300.916015378469
14483.532086964507
11543.276368199608
11235.294740783913
12495.412998261228
14196.603306166722
12751.404129088984
14351.18516530404
17721.27804499708
13537.052721191114
11393.900980845325
12495.412998261221
17360.995370977118
13801.337855393209
12059.848693567852
7150.998465779951
8551.473170258414
14559.587078552582
13168.372812245463
10164.651868332905
11207.914174843801
11065.206116444338
12821.947134164613
14483.532086964495
11873.21613882315
12039.806347468517
15196.589999499927
14387.108127976198
16129.354437229194
14539.755945457693
14027.551163023163
13735.416011268477
11498.485036723992
8743.580928796719
10736.746677141753
14788.9418468479
17073.35571238993
13568.954900465096
15272.921608505172
11498.485036723994
13440.55318080761
14290.174371440055
14210.471024834873
11150.942523803378
11886.779507026746
14654.151982340753
13737.173146928164
12189.768860805887
9955.791417962728
10821.862226534931
11447.902896266896
14539.755945457677
13834.42773288628
17324.576948013513
17303.397820012182
13601.264865939222
12980.600604697027
13837.931974743788
10491.129348074726
15070.383135838258
13452.338456379934
13219.393188210433
10678.333201266985
14069.432330750797
13657.328644999248
16995.208801934525
11374.12549823763
13452.338456379932
13465.258474959146
12617.17588638426
13300.059921505557
11494.898477474197
11822.02198097421
10508.976289216782
12090.49805771276
13629.120211903542
10909.21676935377
14434.149659486111
17313.534142293924
13837.931974743786
10598.185424466676
13155.644304090276
16897.095090685038
14895.51541823694
16002.30342031114
14002.218499725066
14169.639375331622
10410.259928381933
16925.559124439078
14837.11446028127
13820.958192641763
14266.45190953749
15546.136524795707
11865.590386966102
12832.669238570326
16925.55912443907
13793.521170124577
11294.513993510234
14237.369657294532
6739.9814373507
13760.154122623579
14917.007588959832
13555.393226325865
10542.328742185911
13167.22579429659
12284.942994207526
14347.959015500805
14002.218499725068
10949.83582752113
15207.38662476409
10834.760012362465
12894.048136228384
13702.974019124698
17444.533705036847
15472.059338638348
15619.76977345022
12339.990685308083
14263.022975304682
10867.435344864958
11114.773376506062
11216.283315628018
12666.467127953876
12940.488455329356
12339.990685308087
14078.596013624034
12764.521851017307
14873.485560207397
12396.286777346462
11683.293432197188
14564.977410995414
12500.232274324568
12229.789400680324
9499.757290934442
13594.816632309285
11961.605463498141
17444.533705036854
15862.973920155913
11856.726080735612
16264.260076448973
11371.171043818194
15950.377506528854
14472.708871323932
10754.706277315388
10754.912670204969
16903.081546828736
11306.393788407608
12457.503350880697
14261.590056998844
12563.596982205661
11294.33433498144
16871.652697759982
16903.081546828747
14119.040095310611
11610.891645887952
13055.99346896979
12274.147467529232
11699.893982099005
10755.95654745245
13544.71338755865
11087.798093444895
8699.694647089054
11945.459276847101
17938.823475451747
14472.708871323937
13159.003977152966
12226.237206466267
11787.291868272807
12631.769931504841
14344.89376269612
16653.282440618295
11833.02407082836
14322.9656262368
8886.033211089361
12888.615885010922
12913.50583661672
14251.64756106666
13691.803849274704
13790.283145848465
11967.2504327606
8886.033211089367
14607.230482552413
15665.953807060301
17275.71390907945
9253.262339465917
10441.074637630534
14383.653078048825
14082.996609777734
9118.264521570656
7773.589485428884
11234.66947625956
14461.680370655506
16653.282440618306
17471.656709630028
12246.860457960125
18871.15202767315
11572.64010974591
11915.11340155519
16579.76079938247
12185.52362465475
12865.595882400292
10597.185372120812
11080.450318121226
10272.851577863206
12314.011703044174
15336.449481782554
13107.793775061838
14176.442109829532
10597.185372120806
12314.011703044182
10809.890532789459
11686.689279043787
12681.053044695775
12427.87196854589
10390.465713215233
12379.817701593449
11162.407441267496
11379.927498265108
11435.156696071432
13257.628555718951
16579.76079938245
13981.799668220687
15723.866154581865
15723.866154581869
15123.146694576099
16579.760799382453
14793.108772107436
13156.543355984293
14730.016527698048
14220.24188208113
12896.841904486735
11111.409713126613
11690.931038180537
14730.016527698028
13090.222676041647
12593.12130077376
13964.802288442774
13129.355959007693
10979.136485982976
14793.108772107436
10484.531600269966
12209.052033483404
14000.110968304598
12150.859705092782
12319.76532496619
11661.425649024386
12234.704400631384
12298.963206343838
12362.224837911912
11931.794536064554
12498.496414436659
12134.235062566997
11620.521187119924
13005.55472223131
18892.322753738852
14421.91106990409
13486.646043870573
7716.925098310117
4222.561194262801
10710.661563799962
11057.639711564878
12657.604076847072
14537.08411095248
15506.024669838953
6676.501661922271
10165.419102133088
11932.651741401269
17197.03029462999
10430.170856865849
9614.502277233762
11218.86436557213
14827.200630108255
13040.2927886715
10436.439680445334
14388.540813297994
12304.731441319065
16124.305133713904
12251.466577773812
18159.181350274517
10279.076454763957
14610.546792316982
18906.809073562094
9989.42567052081
10268.656671630524
13752.464559010199
13101.991243816576
14239.729171592691
8847.339149974912
10638.304141750792
9619.778163035531
12663.175368360105
11901.002852549978
17314.510758501074
9517.211577797967
9471.59282119293
17883.51948696899
12420.765436173004
13132.406443776013
9537.094073992264
11438.300696043802
16233.462824467862
14627.705198317537
16573.68049263138
16729.471398997688
17420.87685293162
11283.73312572106
13594.602836345784
12964.884664436471
16818.30997707046
17460.85845428087
12816.536913030692
11227.272863328195
17691.175916415606
15856.7740179616
10070.517068093486
10150.331048501952
16610.256748299802
19046.636718396952
13635.10003733389
12947.918194610198
17821.416487064704
9674.066297849735
11192.116659113033
11495.969965772629
13967.424976116008
16505.627586835923
10829.610692166883
14792.671096470574
13067.812709760365
11374.682062451313
12964.44859082267
15804.641516133799
10997.620205880783
14269.041564532257
16671.031703974393
16720.454824764707
14721.948588882555
11578.409199787346
8861.490565675593
14808.00202121996
14900.993049190201
19732.947565431816
12883.018742348648
14357.520887998317
12018.245970299791
18622.674095367798
10083.513524107317
9881.15313845916
10218.130840657577
11503.587776766595
7112.5387909392175
14993.814091016846
10574.91498260367
15567.243074072236
13085.171140915421
13139.701204426126
19748.409429361902
15631.180496156796
12426.537582931225
12781.811691230654
11563.5094491678
19784.25846604789
23898.08919217157
14591.755270225127
11335.179946344884
12080.670113732862
15918.284142860492
17557.584448148613
16868.07177967343
13326.771696812013
15764.719353047194
14049.084637741973
10611.01732736123
9278.997597958503
9912.249937414781
10785.07940703533
15783.649717056715
13307.262339754743
7125.454339815289
14876.418677241412
16251.306137405263
16133.390280555692
17495.077384785203
10621.360212065423
13660.848398349253
8714.383777798626
17945.538312941422
17162.198017726903
12404.071911579109
13875.962783523792
10572.371246469189
14523.245701648128
9766.785378153623
14509.802583382496
13259.465979176899
10761.825347042111
13121.706300254553
14776.885401157951
12267.402359681455
9850.84304649729
10555.027060279468
15781.840124557631
13729.438575539742
19001.080519824864
17644.706186020525
11483.417978611968
7644.095320434351
18485.623095654664
15888.607511392553
16715.667921175285
13611.299750747205
15427.019670709436
14136.49711024498
12426.182824918058
12060.971671796824
13348.009624705877
16624.988903697275
15521.341738686657
13761.452773481908
7720.35878707011
12790.212470355564
18286.81361610458
12053.44532120924
9928.836565597667
14768.766995103155
16527.861018044678
13644.51901817322
5444.125514297871
11395.080833066284
8815.10283840003
12120.56449577101
10565.560275849535
12916.277776296009
13174.643260105275
16158.04061403166
17313.667370375944
10206.061962338898
15022.84838028161
16140.365301983738
15771.95468465997
13398.886612843706
14816.691375789535
15216.55688763272
21694.260277627513
16400.797683811725
9682.715883933326
10214.66943579115
13777.775642217772
17935.661317450264
11926.659055282265
17116.560690668826
10209.529698538994
11688.778372324525
8590.42703996571
10820.252879487616
7512.799353909475
12447.634264633327
18578.28736807353
16864.60767157521
13366.508116336863
16134.337047916046
12349.499938771474
12758.526745310277
15250.260735232632
10292.690356105111
12564.1016007577
12847.228044098953
14922.91324579403
14179.797274254403
17066.40768669984
13484.168346461032
13597.224360096217
11048.849821042675
9348.025625643568
13935.086053425188
16567.871365816653
19834.388832205863
19720.93320012865
9595.725534436833
13199.160373638006
14797.234798722726
16429.09068714936
12231.199035520181
7787.765010827861
9557.754821593137
15670.32492538425
13574.697876072663
14046.99639533307
15152.954612272075
8900.929462064287
12204.69344497408
17062.832287163634
11894.703708228928
15662.62062243655
14356.121967930594
14665.57274892862
18265.874320542967
13388.418068692321
12710.674359344091
13008.467662261366
14507.767709946605
8623.935482012219
12156.129204449351
12156.129204449355
14851.384308098852
14507.76770994661
14052.201867413823
10278.185553047042
10383.582460080997
14920.358459850868
15192.841986287043
12053.96101330171
13279.310414178091
10383.582460081005
12853.833066671812
12525.507433070308
18566.570787352193
13242.775385501223
10764.10239061936
14052.201867413814
9796.92134917848
10080.117940828062
15417.405681121452
13116.937112149979
13746.797778695181
11820.938430982163
12497.593620591193
17764.04689257722
10884.067498819844
10397.041934150222
11366.790860438345
11933.580874132693
11327.545706495292
13422.714992312603
19947.724759700348
15797.837490879487
17952.783320899223
6954.4824150047325
18903.96084179036
8559.192154855084
13350.619821577402
12000.411727304781
20241.10168291314
10703.034565939719
8562.293311962783
11584.420208283444
17175.736405317966
37337.46357296709
12814.204998851754
8786.701070527395
12529.987370087298
19973.149966326317
10676.989593700606
9131.594455302886
2680.2173653488935
8100.602026564068
16403.656230407745
13505.047300975606
12829.081912133086
14367.36001726435
10490.883867166447
5763.327573030692
13449.211149205503
10252.866832984248
12940.611062752929
14218.71313081733
11798.121503682109
12525.79673994209
15680.131847397153
12811.436445868241
12972.197529807934
13499.056514086726
16089.651241246951
11953.92702824863
13023.72461726632
13986.922394763733
8162.352586825097
10413.571877093671
11584.397598000487
14514.986014950931
12501.64853068783
11054.824686545782
12221.471499380918
17839.552180604736
12383.43891376818
12611.639991794722
15957.188331648022
9971.32411648224
14013.80000943908
16512.656444804918
13296.482790259894
9013.68238668966
15932.235112103877
17117.50560076768
14534.519344332984
9786.130380842891
14749.682393157944
12020.016027769934
14142.493146798346
13994.972686885008
14415.78460194939
16084.844938463153
18741.414390868562
9425.188978209568
8315.786648643325
12686.111741708517
18635.846517883263
12718.001354580054
13258.977822041263
11074.865012814933
12219.969406948294
16244.81562605934
14176.72192156339
11490.238191223449
11938.517898607814
19970.85608218302
16079.471834906068
13171.654924363902
17452.846169011405
13814.53906991364
16133.543301748565
16000.18208165506
15339.864765557257
12156.16910513369
13629.600304413612
17209.793650784646
13696.717874481086
11872.677934422898
16425.525187832434
13520.572486174453
9062.9874711734
13029.79190563177
9922.925535495106
15157.220866508263
14558.984517559591
9907.582508369062
14290.863468281188
15853.303854849339
16278.21644949021
13576.18544815616
13552.024867704891
10068.801684965447
15213.77283046118
13327.89436764261
15173.7893211132
10838.13734184434
13328.329986029947
11107.183027173924
16021.29029591551
13712.507048425061
12900.126056787654
10911.130401296185
15126.949791149578
12733.769295826616
14971.665040111322
12948.985488132948
15021.578958421434
15228.078651968299
11747.850224026373
11378.99726757094
13088.043270696442
10610.340526675931
14161.84023051368
11565.855776945657
13899.17779084643
10512.161890635625
14741.948014429909
16095.347077286231
12950.385227219966
14320.860037679195
15282.051428092884
18468.04604551634
13123.094147906268
16758.759524852947
9633.311777412011
12660.441038768033
16834.244284964934
15085.632482984793
10133.01938082391
11021.409003538487
14017.405981611093
19026.1986269967
13418.397024288108
17731.224940799093
15139.125197337195
18159.790977141867
17107.444806477306
14081.542362566777
8724.562782445864
12223.893192501357
20771.377905057507
13302.118380574397
9949.511898338169
7905.689678770994
8152.014998532279
10031.830837303787
9733.034443373943
10748.836915314974
11540.726812078521
14076.907840303244
11303.866263376045
11020.75855311696
11684.074649261956
13454.323512129064
13876.20279938182
8198.50270799263
11905.392793762803
11194.064350343484
11575.315570381694
14493.429194728336
15992.116606692402
13213.739971335322
10661.107377663995
11385.557992581047
10014.831580193206
12335.44063197158
10873.707039775723
11072.577122340275
12087.664181439808
12146.028365874063
16563.129934045977
14183.306775376504
10829.882222504119
16114.996479848296
17500.92191885
12138.177996146638
22566.236497511727
16205.4573687836
14919.805135451286
14753.67829652187
12946.65790402854
12426.124116920168
17522.74160056476
18872.457151885166
18143.16230060461
16537.267840985845
17114.844183719302
12815.201663054118
13305.644221748453
9497.126447708242
22986.995153556873
18446.276070248652
12406.970714562516
11607.098954367368
8381.74886528282
10791.783939593177
11337.616914062273
13129.094057995433
11764.287794785707
10290.956871779174
11310.939807997904
13096.738794692781
12496.267540587258
11161.06272821402
15996.375049490234
13546.674554198034
12664.24185586655
11577.354366417649
13532.907850041873
13781.40331496916
16737.04697500708
16302.647212496146
11644.316845775968
10413.92250293361
14611.762231782266
13469.808421895354
12371.782685629996
11152.241087170725
14363.12456906938
13563.175241245366
11833.070929028563
11358.719190961523
14080.46366633026
13525.232354745032
17869.570753191
15257.170492155754
14396.72940316274
9765.565517930232
12621.645120766723
15820.377282267764
10481.350383123829
13438.150759528555
15029.083541816894
15029.083541816894
9340.933256928154
10481.350383123829
9326.319197146157
10727.190871807543
12433.518419492058
17609.606052985742
16477.07577129268
11355.05228465847
11601.859046615185
12433.518419492073
9745.373841896739
10117.327338445906
16605.352013166554
16137.851631135
8485.586026570581
9326.319197146151
12527.422660535345
13373.889680615079
19507.58080938817
12084.4767465402
14655.575949094877
13458.737435840652
13613.623315087818
18622.43887928481
9045.10431374968
10874.25228764152
13321.955734336401
14167.334068319826
13811.328898684213
16494.341576285966
14926.657203452249
15229.667592093276
12196.434161040197
12162.413407780894
12429.713694149634
13009.66128935132
12146.979460502274
15928.976147977644
13976.577271034543
11959.229117697014
15964.775970407105
9821.827010845454
10213.90033709643
20674.105308289374
12735.603702262686
16862.25868177932
13135.105568965084
15493.288543043345
12480.25020995281
10699.501459532059
14437.929158200574
12073.893794637457
15940.520272189888
13853.281698214805
14641.013452276127
16953.976900245878
14117.10988265945
12721.812285077014
13537.262709407205
14696.346064748213
14836.907863957551
17973.93107566838
13985.545624359647
11499.166957574911
16101.005776935528
14072.03513442196
10738.764918571787
12282.196065784206
12829.500635223683
13471.620153359012
12859.599376468599
11109.22590251803
10326.79553090156
11875.195183172618
16868.02452692671
13556.273132260212
10538.35376488024
10334.088384356373
13113.41495433803
12116.820158817853
14372.701749255562
14758.83022581277
10837.565544089488
13491.68607345494
10476.603602357998
15777.760387213719
13961.7880648949
12761.796743457744
15824.117041696461
10146.343976600501
9939.145669485537
12616.635252503296
13609.325779506256
20487.228391872923
13674.69569577425
12077.256885679652
12945.76047219134
12541.172642512482
9809.084507983789
13018.616633159636
13219.682900007982
14775.12022538879
11678.500811595202
14632.596608093347
13810.943223128255
11109.560823499116
10462.329865510874
14102.305793147294
12058.171526972466
15468.167019874536
18702.34713634122
16970.46652390963
13918.75476973125
13110.88097578456
12063.048891186545
15931.05966937614
15408.009448000113
14118.50185301827
14893.747407288378
9739.22776015632
11931.429700094584
13516.763103264164
11302.907821276953
10402.339903603439
14271.701504655184
14271.26463728141
10747.7031107232
13445.229099123782
12960.84591450983
15870.760083106392
19300.024333632282
11207.019086164335
12370.028507256562
12331.799530978142
14356.708244468899
10743.80205504974
11759.209462989855
13375.634647555418
12221.781412572136
19365.707575596578
11162.083252502754
14251.925782997734
9279.332200424424
11169.168402709554
16217.984232437151
15769.997929789717
8403.933713436965
10190.24188185532
16223.920884519392
22744.63189499279
16728.04807525367
16086.606703362299
13859.98219669176
9437.615390958523
12269.011904012777
11553.687904999715
12001.68055299761
16611.524517061105
10484.051074871635
12653.629403672057
17209.43433344679
11498.56244801839
9478.344748925629
15944.885828117482
10449.787645680053
13125.230004622097
19633.304882026412
14227.24269749551
11823.52931467004
11228.447350404918
12746.170678759081
11109.67666984874
13012.985018888763
12659.624764629363
12321.091848878552
9355.814726810066
13729.799266855931
10712.040340295804
12680.83291243141
13337.418846822
19354.434784179346
16066.829763539952
14886.957169620047
12866.419498868907
12674.179243142955
14210.378258045968
18615.631309648914
13547.517575128451
11158.583105712003
8912.577771364678
11082.621890142871
16093.203709348658
9508.407836504948
11378.92242098222
15130.706265168728
17515.416699216043
13970.967827501308
9908.78478597928
12346.203701789054
16534.28428563525
15763.09389355895
14824.343181784954
12084.936906705614
10051.008895154693
9650.875763649181
20136.827956562407
12593.529662406827
13543.089136841852
14699.246415045314
10573.973795896905
9899.758092767148
14250.025631530189
14442.24652254345
17160.553532547434
8306.299750296392
13211.062710238526
12995.751166401042
11897.889300882194
9894.381179037764
8246.321909759448
17020.53435781447
16118.120283191682
16345.009143553416
12005.739952445949
12092.464440120377
15213.496042923745
10952.84281202679
12028.265434127505
12362.653378262663
16516.99241241679
12641.698306579863
17856.795910986388
19381.607716519884
12034.497395514076
11062.785399967674
12449.263268342229
15128.244443829199
15115.309271659598
11309.913648966167
9846.080973360273
7669.970276394459
10578.273541447996
13611.467232103389
10050.621300586734
11063.881868406774
7994.678060279454
13273.534822679505
21865.372438116996
11296.640069401352
13242.492450569682
18716.91690118943
15381.37104005525
10908.95357492025
8939.204862611772
18093.117360891334
15092.678077846438
15896.905109383664
12115.383208357618
10759.093428809052
10367.528744121935
12464.049072216923
13992.948617401502
13604.186223086312
14360.304438162571
11273.77131004984
12858.539850876485
11690.683645491188
14003.683746207169
13470.55222757777
12107.896944523296
13186.06665778744
12565.71818285088
11870.176314079976
11080.861078174501
13931.835467912413
10743.331494926855
16103.042533710472
13644.04486456018
14894.307527683468
14894.307527683468
13481.095758016976
16103.042533710472
7216.904004852376
12325.867620591547
13934.677809817898
19851.693187051314
12357.928606421727
12419.175951661335
13560.286454769834
13934.6778098179
8524.887838213703
11433.838311642652
20222.2456261204
16500.064302210012
10735.157383443608
7216.904004852361
9906.405083639354
14295.29962294374
22224.544489846325
12983.042221088941
15463.615339322363
13461.246806847117
14407.658486952769
15176.48371857208
13103.39166963221
12436.512536569615
15960.826322707655
13509.274152967972
11581.13830555316
10395.36825194438
15021.821417302104
14736.534721758937
20163.494851439933
13904.343179104706
11690.480399474549
12007.236090291994
13443.631709733863
15061.373262909152
15125.689138683425
12110.467090867078
13044.415777719469
13607.93842445274
10573.302382744829
15720.031950057575
13524.023358988288
14512.41394963586
14335.630972309484
11624.427757723399
15347.603931338876
11627.88752839436
14306.77760379365
16881.37050161285
9280.061234548928
12562.03080289606
17153.680565024984
15635.574001718784
12288.560322360105
11521.418285565176
13782.585526181845
12883.17221618518
9487.92169512808
11067.232758241144
18049.076318222076
18670.87665355002
13608.51248533861
4340.497274564444
10079.063113873215
8605.633142176703
27135.025979665843
14072.171286443985
10049.3485699981
15102.573887654971
8658.64852649368
7811.767798404041
19368.981692585457
13646.935381749663
15909.28561668911
10119.45340268781
19131.278244120847
15727.079960635268
15855.15034459419
10048.088112456091
8798.444409368725
16321.927310715098
13277.613976049292
14593.149650651503
13757.517705215425
16730.37585008476
16303.608393414397
19741.97715651455
13985.846350454183
14187.95206926902
17223.250049685095
17016.234379251175
10354.989026314965
14079.741260209004
15958.058113333977
17293.809147072003
11606.124718248951
11131.45259257399
11615.793143602326
12018.45191966503
17087.704785406255
13147.253493717355
10370.127939434962
10288.201436688403
13101.088914047103
12714.468655641003
11987.38327353034
15994.70732533898
12350.558018480277
13556.040529390706
10288.007579879473
16075.969212189833
8076.840160268434
9852.456541818807
13672.907450240604
12325.256888342003
10150.417192455785
11110.28943848622
10651.809684415512
18321.895927965073
13697.430783560016
13287.67100182832
18731.850431401373
15698.777442309922
12097.509670902282
13364.813672316122
15044.360106127615
17608.762209111577
18596.455205863178
13187.509517280852
15181.420363175086
9041.406694457328
12279.634717361487
11791.574050820554
12048.522071972018
16629.972090661195
19784.318628525492
19794.18287392778
11540.955747546961
10279.718434913368
15781.943273794852
12085.861529884649
14647.172323505361
18984.691660388224
11371.39151358843
7796.323275711419
13425.40902315109
15368.21506237631
15635.190873905965
16468.266259975026
12528.879202787863
13606.194404793747
17628.785869530453
14265.623626908748
12456.219158584761
14549.16983299493
15687.195866720043
16470.14915734995
13632.76927624917
8953.545437934114
7057.8261048651
13993.38971016419
11874.435982749748
10717.14356677917
14405.211446823077
15208.207215269973
12046.20019376546
8851.59105508423
16827.145977924545
14561.867047172847
16717.936111227846
12441.943101212546
12836.666071112462
13454.516676045032
15122.95242690633
19893.07942193104
13293.090229422427
10832.782188416524
12307.834112716491
13403.352647641259
8374.589834431445
11111.381715581643
10666.057669147676
12308.370412896862
12126.094113099014
12310.738800259285
12087.160668308554
13052.178028725004
12734.620952256279
14078.72727612003
12296.702660409996
11584.232781005867
15682.401892765698
13111.964445262885
13922.776679568078
12883.566002267258
12409.2302936218
13419.829073863511
14074.196049886115
11267.17378748277
10362.321932877878
8786.432278743312
11956.663346332334
16053.898583204054
13017.898495395899
12929.388285379107
10422.742944033576
11100.476046476928
11575.334904317066
12796.327602014822
14874.843330472033
13138.762956528282
15118.919701657323
12377.361147741016
17589.86811319814
10663.581110075596
11327.71442898679
11678.15675084045
14289.170117157886
14650.004896471848
16399.37091365471
22557.3958290294
13900.57972773557
13210.058304916285
16132.545101800992
13595.36237381932
11001.903834304276
16469.439066054074
11561.661746917982
7298.536181725592
11683.072584981948
11802.85587114969
10676.241523075878
15915.05640235345
16177.14434695111
11759.125011383127
11693.78055300156
13015.329580837262
13656.230278962345
14362.44763336873
21246.579237549646
16534.39563983949
14521.690039107454
12163.095240892571
10705.263078437289
13606.807922593445
9975.439202774727
11600.337698104515
11822.77034831316
12224.20582421835
10619.784900825365
13341.66575053445
15225.576260190664
13183.999013487388
15410.528165187812
11402.331249346316
13092.952591777968
10789.182817648907
10070.826528880392
11620.957009794343
13509.665645536303
13995.065244289768
13376.029082592218
10157.40063421772
9201.473886560188
16128.814470363151
14760.232560159202
11760.177699721957
10053.705445166217
13222.66866405776
15660.261378595635
11357.90954838
12111.007218530469
11277.78171492688
18613.266095349958
16140.304126423063
15177.186085981451
15177.186085981455
13903.047785362607
18613.266095349958
10603.75955068766
14818.822635218268
17099.070183513366
14654.6959464471
13207.926517934859
12959.78408250854
12523.049630607462
17099.07018351337
10679.511249235375
12276.558565955851
14561.102133182887
12320.823520262937
10873.501119622293
10603.759550687677
11504.873670521321
15643.056920543722
16963.762764660496
12304.453461458077
14499.684431323509
9220.336864036803
11251.106586737922
15079.200844242114
14491.338554300073
11932.836429731475
14155.740085226953
12971.92685615342
10879.687935165386
7809.1731275146185
16425.3578991312
14801.749456458652
20182.88599735007
13983.085114186342
9958.198282837155
10201.441876880326
15699.272501234083
14274.150489963273
10562.045438601255
14876.964920443152
9312.395206643654
10840.602062451324
9117.667242561609
8486.243490661427
15778.669759762337
11923.207169550407
9048.166459355998
9721.104097338626
13219.49243999277
9592.814055688203
8875.4688394948
9346.411502064984
14518.400813985498
20391.3398274972
22016.69424360991
18291.630216769005
10416.87753289822
11889.765359082941
15932.326182617142
11036.097073233577
16040.357693107451
8981.07854727615
16856.720047692983
12916.252471040329
11461.722790426089
16056.55909883805
15650.230162311142
6483.497014053528
8756.507543327907
13505.178513571824
8947.407543253012
14132.1335389114
10239.054387133687
10457.830530431538
10766.211340533366
12546.020385863094
12014.820422093639
12048.391507039883
13412.79011624779
11422.690425733965
14827.369004979948
19249.14352258195
18605.228000877458
17237.52016657772
10686.996239024755
17625.16117608401
11035.937221072289
9771.703115137949
10026.804406281519
17667.620465061296
16403.964435391546
12877.513955611168
10084.050038319918
8052.756185604954
10246.044761826228
14571.021240367456
24486.711484222116
11795.681302327039
10978.947091802906
11403.42762499477
10778.380708313143
15669.875125116068
14419.376333951775
10723.959549180187
14827.6525568647
8772.615327597065
12319.1891279068
14958.70692228545
17718.92649802849
10497.084510990064
12035.334421246705
13584.536505481905
13602.81164271706
9250.219699638623
18017.03974719184
14915.741728188601
18949.57228319684
10436.607444945827
10422.180965634272
8516.528074535427
14681.451525047643
22295.64177337031
17285.69669690376
17287.715988519234
11338.254147027556
15054.379757041397
11399.326581428959
10054.94833966184
16404.57203036158
12937.36104916075
13194.35222979351
14728.608125788032
11565.63740059877
11391.99732520091
9803.607211620521
13271.15061949822
12790.201886398401
13953.068970107446
16290.857344687991
13622.85201356915
12531.507057796716
17147.861062643868
12675.56612971274
12178.909755859328
14553.921856769006
14637.352819053418
10532.907672987083
9060.939561956464
14418.234023702884
17647.761312612784
9753.428947063954
12944.183967706229
14927.723321815962
11800.242295164686
11218.439042602486
10170.97083738391
11917.729907553092
15540.837793289602
17714.173836554477
13235.433540212998
13825.005014564393
11476.7378140574
10522.750261824895
13067.82573208631
7872.999329689341
16104.293023150025
17801.97910030983
14823.499758271108
11476.4753427256
11942.384836204237
20953.90200306844
15775.847913919737
17149.966029773357
15589.983754937954
10845.38322010822
16391.561656892107
15571.804686687361
11424.53193193317
10963.131695742244
10601.882837649513
12644.200920982676
12451.545342498599
10620.292217810427
16766.78276583501
8996.482977376867
9121.795920505614
8053.062538805912
9535.639351738699
10957.176945325722
9538.178095235278
21056.64824489777
11710.821206444416
12736.19240873182
14973.097257853562
13412.547550232108
13666.790509218978
13975.948934569695
17215.363595062525
14977.584194359597
15477.823621437223
10347.380778371753
14216.840193967462
12867.060521044521
12574.364825131339
12850.786641904959
10397.437464779512
10691.275520422223
16950.896286441803
15811.925800799341
11779.815955350477
10582.760614559153
18780.96164065641
13343.980950944924
13338.299098233972
17174.854663334045
15481.525381305099
11926.120068496733
10058.301880403777
11131.154581667455
13143.585042033896
18398.006738006727
13392.859472176075
14749.965991120866
11572.490051983834
11559.17605076776
12889.975785640303
18182.630852484894
10725.13280915605
15861.442844974958
22748.197095314088
10769.54002975692
13122.541365233428
17448.992508843687
10889.891033471642
8881.501420298322
14347.06531527429
17973.270501635616
13219.788242858398
12144.842614946327
13564.713039786799
16740.865230354368
10894.516317222235
13374.170526510052
18680.99190371653
10573.846454586488
4535.648746051831
12626.874447991866
15393.89037089384
11175.61249592367
17555.339167695376
5961.622242801748
13749.062988870715
11265.279924710738
12873.600532700402
14142.366940570686
14840.675049230224
13393.610878793075
13483.32661624199
12016.86906415693
12903.872250462553
11984.04734206002
16016.989329388001
12302.480853228615
11360.750260916526
9932.502548016593
12736.31348331876
10872.568402114684
16083.065868330661
11137.747011820202
13017.65783714279
13717.632438644867
14130.15564886993
12886.33273151344
11012.528618922603
13613.830398271588
12196.238821355393
16072.809332349847
16997.436730256966
15018.762140827215
15018.76214082721
10906.278849182763
16072.80933234985
17078.173597899535
13340.180235041698
9232.452116835902
15202.926664744751
13785.838562746765
10532.367082974943
11397.888568651037
9232.452116835908
11504.77660796679
13521.764606214674
15517.819765034277
13954.303367796507
11719.967670005339
17078.173597899528
12336.57862075291
12011.690494294782
17932.747678406755
13987.36243183628
9767.469477076009
10747.723686004636
15302.804393326172
14249.824353717926
12625.064471801044
12018.579510358513
9581.991570647539
12557.85855581929
11576.108685027528
16783.395740216813
12418.512827326942
14815.294842558018
10940.551120258999
15576.477416134905
9618.843830837852
10661.37390535862
10579.851393719548
10804.627453951545
11630.70358191936
12875.52169766905
13640.269516261456
10896.35856132647
11550.012297296484
20909.6648270031
14330.24166343328
12664.378303636451
13924.229128875699
21560.80939307027
12065.693174593493
8131.836491409773
12775.78464368169
14088.966202347634
15933.822281253353
15767.741259293056
9730.57638624606
10166.529115000518
8886.048880911587
19281.219733826525
14458.452280767528
20715.201536890883
14021.995923758675
13480.072873989753
10865.136241478524
16799.108866717655
15586.803227748394
27528.10376820776
12088.280038862546
12749.88923947758
11350.099108590779
17868.08797744529
9882.557953939222
12746.294827308746
13265.42641796227
7071.560420200054
11999.573368553345
17471.975624767587
12006.067613085233
7246.72307870198
9084.040806342091
6712.234402678839
13563.099545174724
18141.43262625675
12928.179300685008
16613.39030735057
9387.168066304515
19812.454421116487
7278.45491822697
12936.268157142265
14884.023627518485
16894.06665492874
12552.784379089902
13786.377180465815
12804.516330400938
14969.990689805343
9332.396134335737
9364.493756702552
16468.73866979636
18172.20141600462
9351.872520850799
11399.837723601002
12956.237713145458
11918.233900949212
21199.463783872707
14287.14799800438
14433.346759499274
7731.473484744743
13795.859406972873
21946.044391895382
5592.477223007988
10755.271589737858
10339.090381060982
12948.375838463708
6701.801663612479
11520.547052437152
11267.337648886098
14456.641334726875
17738.951085045952
12741.69484009613
12342.058856580192
12536.073824789688
11820.489228041672
14999.135070047132
14731.25515892145
13009.636860702974
13812.983573718544
15862.225473261791
18794.768738719747
20614.754063998953
11237.570088789515
12444.018066337694
3951.748944055942
15422.378116688495
12729.554298855708
7142.979574886216
11392.614249371703
13194.7224094781
19201.168058239986
17715.966942199695
15386.938034907163
24107.01993363728
15489.199408767638
15080.28213636901
13030.421114440609
10506.961966446099
12949.556530384776
14089.0657243942
12330.07866185322
11114.29552124587
13872.697407647454
15811.306152849984
13748.480500467811
12408.625164099336
17121.53462431476
14397.324924676444
10103.284237056587
10978.766133784018
11589.272189118796
14468.928672590539
19495.248998812025
13499.749401092116
13171.402296222479
13636.062173200597
15804.90570811906
21887.997488224475
10381.54543154238
9758.28819433632
10861.500855674274
12367.862660376124
12532.788630884299
12322.118450546333
10569.46479003176
10586.638278113147
11791.454034353505
18038.53294122545
15826.001946446324
7562.877898035346
9769.588444378462
12940.55854791263
14343.537678909037
12074.812490846465
14158.271052583264
10341.178726272678
10150.44904521716
15698.269653098487
10258.668576066808
14773.365488080317
15113.824573906086
13468.622827883883
18506.804751300377
19564.77083270759
12575.759078378649
14025.517026098683
15314.978514284436
10512.14130964076
17030.068568219114
14060.76612115765
16177.701469100657
15313.319936473388
11277.709765452784
9796.331334653732
10811.144899363246
13476.01482214519
16579.47271631346
9001.813382952509
13219.406726591014
15989.234671419701
14771.521004351616
14364.720279684805
26684.826104312862
9924.89118208977
12859.204646317396
14030.845032718122
11479.452058739123
14453.990748730937
18396.63931716142
14226.373424275955
15743.561052417204
14036.402999921047
13651.685782705064
17950.563250428597
18467.293931058506
7847.9223635382605
6092.077004407542
8169.60752527402
12506.924514797342
11865.622434829886
15562.964697267784
12162.434217459471
9516.063095601136
17349.843541501104
13037.621940324123
11042.796021596
18459.089237461983
12382.36118855471
12453.368830991481
18233.010941038527
13625.09980095019
11220.567378614074
15615.664210976882
16087.974190289453
11349.922886275655
13291.244722147792
18962.54528147225
15134.396495234196
9763.235177146196
8440.02085602075
11092.513436628462
19149.823266720057
13758.696170850208
11058.748405556335
9109.457439986496
11831.482700980894
10674.212438908484
13251.119667210503
16705.452736211893
14005.113817630285
12504.996022867983
12067.721438432185
12297.239511766891
12595.985700915764
11766.591576118784
17609.900259712314
14206.92165241451
13449.128736523147
13624.614249843953
13079.364682575237
10310.141875719499
15836.02666068467
11465.349921937024
12822.098931137667
12446.642070511223
14088.994163742793
11785.63442140018
12801.045251939935
13096.613985911303
11646.00925543285
17225.105881641517
14107.041712966638
13431.595633673793
13431.595633673793
13510.919707520552
17225.105881641517
13457.393544981325
12294.456362833516
17295.629887033552
11086.844382515237
11235.976391021517
10616.497023968097
12248.752824255238
17295.62988703355
14788.41655751698
12685.654976085374
13809.40956062564
11671.632336768402
10100.673939736229
13457.39354498131
11886.570120329485
13183.777246567066
12977.483071865827
13474.29047491603
14762.81869769448
12529.02678983484
11100.360308796406
14355.117378979607
13157.735267051718
11970.582248093771
15166.492629343591
11619.279332877779
12879.719824459487
12654.440091163513
15007.81161451743
10347.411608041883
13980.657842464163
12558.776458839136
14376.616432578421
7172.603198714222
10671.033286699016
11109.991948980018
15354.125021137272
12555.465400439898
12641.791869582
7579.482239368347
11197.86057786735
18901.35099667534
13762.454345339776
14743.804990897952
11623.174538028032
12880.641228555953
17302.00775180661
13068.658328698388
11441.937874465726
13920.385857055604
15704.433112364808
13691.964298173836
13386.108730781189
17015.919475753704
15007.854651383392
13075.34955338806
11748.7185291514
11848.327143627823
13758.154082259818
22379.45713268452
11011.066980757223
9272.856077001668
16075.731631543797
16222.214244900082
9804.728374112003
16129.833419511031
14990.935762595464
12464.191090269574
14537.384667369988
6747.699596098716
13172.053747351734
14063.41714721284
16123.788942989057
15929.202866154516
13368.153300145694
8663.55161946953
9172.582447191991
16869.816582556916
13175.57409959612
15318.661801823904
11733.910358475467
14501.733011601935
12039.698124683495
14657.469351318774
10517.353983680334
9943.122302825184
18090.18008185062
17433.5194364626
16791.410449255265
8635.470975541353
9433.1317523839
16593.983562352594
14582.083000464985
11695.20493602947
16729.324081847546
11609.242979172514
11200.501212683086
13076.652691701935
18122.589880548647
19927.842190373653
23896.147936812107
17220.794602556205
21273.228523553364
9740.915126873
6467.951276843038
15040.121900990507
7243.185402541021
15970.547068237745
16166.040520859704
17613.423242446886
8472.05271076404
7191.785176178893
18617.343971944512
14307.129619114727
11197.634877999422
17159.43944731036
9597.309604530466
9564.707932274418
13716.296131333771
18776.534000134423
13816.343039439367
21430.27728530401
18051.615025708765
14648.537768965838
12081.9217239072
14000.345502687713
14372.691087990273
12969.062919641043
14329.36987108572
16382.451646406367
13600.9643630597
11125.186049372363
8582.519247865122
11775.383094320943
15002.6711625663
12643.790400969954
16921.25686157601
11433.302201300521
13841.908776002881
11674.216463369703
18039.517709306467
12525.645386299293
15284.352664581957
15863.417004533332
15009.184392619636
15154.896464100204
13992.639406850465
7367.063403465051
12372.247335819684
14171.36344695436
11536.938125821669
13035.026884096216
12840.81721762215
14903.611886174978
12040.993833058392
9693.995016432173
12061.71557996068
16374.350348491753
12081.094438835715
7223.149187551244
11732.702697581564
20602.48982873514
20543.848733050327
13845.843510641684
12498.770037972146
10943.189232339573
11974.742867897243
13886.166436937307
15407.93712606548
13241.399241785592
19179.480219038163
14481.944139917136
14643.247579959905
11525.041075744231
13947.523282692695
12245.06954497094
13236.814791903695
12592.401694480117
15587.225328818215
13523.18045122359
11441.547218345102
11680.393392444823
11191.756018391698
11500.208275948398
14891.106253736336
11068.728521637659
11884.581639421516
10384.180931014911
13724.75256645013
14021.2431689082
15345.497263120333
11388.474965961615
11172.384882400118
9659.786874056312
12058.316454823034
11772.528020033238
14283.710304470305
11215.480326278179
13369.982002228813
10182.030040396978
11272.397402049311
8275.037397020418
9248.479538063639
16595.163682323175
12719.242337671945
11815.585806075485
11074.209102719207
11698.862710416222
10634.44065266962
11191.884742196138
9400.866218910174
14963.505539821976
16052.0976500857
11686.663865790728
15025.545427973435
15514.249281602615
12143.378843847971
13722.34314702501
12871.972936396163
9562.109250969943
16042.064827882503
15185.238298841272
16172.745522735982
9381.780223716814
16244.99665287817
10089.05560763675
13613.144137000028
15503.51209539798
13210.635742424265
8338.991670068566
13372.017411715879
11213.762096389293
12881.694350168962
14040.527506204926
12987.036950507863
12701.809988758352
12633.737265445861
13227.725227537068
10140.164843978637
10203.455192131707
14260.767314587356
14382.141924995878
13246.273023369493
14346.637275135146
12310.636715836175
15663.40059851182
13387.144140196866
11516.793374852843
13942.63267048685
11707.862914345968
16210.823576099701
17222.373457361537
15347.586177316334
12592.507167499898
16226.629881657029
12037.761052359905
12580.682040472208
10007.075895860295
13495.714130736314
13642.656982469793
15557.763316274775
11146.080557324161
14353.64630502239
11845.232506787488
14245.063468386224
13543.853189627667
12351.238444809196
11755.252700755535
11243.76093177122
16787.644620175462
13087.018681172272
9936.244588488807
11604.931844587778
14018.985760762194
16630.522628847757
12003.82210091165
13947.58482805433
13947.584828054325
14154.097004182404
16630.522628847768
13089.680811198112
15782.247078420354
15808.638116261365
14313.415926723266
11102.183504725474
11959.799546865954
15591.415951806037
15808.638116261358
10736.973844694536
13857.422756684122
13986.917240134597
15206.678704797843
12767.17534542218
13089.680811198097
12573.145177875358
11937.611671699413
14885.358548162953
13672.689503382993
11182.161016095897
9239.245797910638
11920.463152657665
12178.152918168442
12842.939148136225
14605.276244218716
14196.726055111601
16641.095674751927
12082.369554603463
15449.959416916496
15024.525077055257
14839.172050745117
16900.07941894407
11957.689091364824
12670.833213323225
13217.484807315715
11600.230535027706
15800.391023627268
15170.271186485626
11760.574263771736
13423.950985287545
11666.607153181061
9324.876641844801
18865.875779574435
11942.81047470289
11176.175147073536
11182.275129623677
11834.197417338954
15511.010211064022
10043.941663477392
13501.82264976242
12036.941942929832
12031.89149718038
14281.341281934067
14883.594563751503
14184.872014678882
10076.544684671833
13073.89284286693
10692.89048966753
11524.391115769002
11120.68270975382
13629.17742183739
10536.455091466252
11610.742270682902
12205.896823051402
10864.253249570977
8892.720614779377
14884.46767941866
15124.585561876489
15553.001875854705
14929.543028938308
11729.839289274734
11463.41148129436
12357.210832335024
18444.159775132102
15552.039703390972
10403.706913977898
5747.058731379459
10989.768495843791
14825.287924896336
17501.148265102707
13727.995194997264
12909.549267094473
14286.52038393563
13019.324609281513
14007.028031052592
17447.62827835856
11770.394210896178
13210.369828401892
16185.849785909197
9069.02833903173
7182.363041966061
11696.455022669665
15725.3171596202
15954.593761501781
21822.22632331423
16262.246743709326
13742.879184245807
14355.172637214357
14018.54999596982
15395.025674957307
12228.220988089955
13431.639984123418
16504.06843881676
14431.202102128342
8524.550404139769
7946.710433670673
13808.632564296166
15753.229953107626
13082.291000794834
12158.311818053307
13108.866135137603
10493.452330090115
13507.24681294998
14183.666622480281
13981.32068013429
14806.541584064145
12457.249144821211
9756.227681419496
9155.65069732356
18040.167632201847
15981.318999099845
9578.93865730088
13144.237528200465
13506.505017972238
13076.71904071026
11584.211662057518
12185.518705979117
14950.548191469317
14329.279883126963
16831.075184619054
18020.06762045192
9958.156118615336
9118.29925326737
11453.860560147912
16643.112831303628
10281.847255578088
13657.868342053338
17304.83984856131
17278.322712938923
16653.0920598457
17403.910357982415
12620.752464471718
17248.335592067713
12538.822881087128
16191.50432562853
10265.428455683788
13791.693093297135
11756.339601144526
19861.335948529508
12080.292127439881
12357.133888114507
10788.665628042894
15467.352072362339
10182.213839892902
16603.011749023073
13402.690710743333
14852.028222943538
9453.270931003455
13095.074085402939
13164.461353750914
7128.879926739633
10037.179511214152
16060.682265628428
10684.990350675525
13928.464638430669
12206.399947399574
17081.52388320672
7793.09109694417
9070.229337520075
12361.105696718243
15622.090289174746
9140.808356334801
13210.696092885046
16201.242384482875
15997.420212604145
11279.956837919748
9817.894587567462
10079.270517862922
12296.17099283127
7173.257439489421
10967.576657770504
8010.640274498941
10626.975266065794
8908.257115680757
13388.428780634738
16230.05561232246
9992.749447752714
10227.34105358367
12653.489247682008
14731.268038018972
13472.554096996084
21673.54424873931
16143.438505045122
16045.66803142225
14370.369975754742
11574.962309115179
22937.328926331014
16487.48133977917
13546.764908592202
14512.477992500088
10549.73253209586
12337.732502254086
7376.574937524538
8906.200148203508
13054.381604266355
13553.974152605095
14000.64685347691
13850.745195083577
8655.376984592833
6767.921779479677
16701.131262766772
18948.911613771583
16740.017878931092
14806.1875131224
14579.978012567379
14593.677551539315
14284.448100301444
13624.75703905249
14020.464998947227
12608.942705053032
14556.53251266746
12359.572613349541
12024.243454889025
12161.26189823143
20743.063946515624
9854.314466609781
11455.074730305641
14241.960764048561
17887.08932604738
13712.439990045736
12472.756760240292
14180.673529396703
14908.38124734308
13435.780959811584
13550.448367952722
17455.40081593848
12196.54315668413
13920.61100460088
14408.085122565735
7353.347524978952
12572.561485864437
13347.83844506399
12355.544949535451
13104.640469319585
10757.810372886624
11409.584610811416
12517.306774517292
13259.526497084378
11139.86626113285
13576.857253240765
11888.044780096225
11808.466375414486
11006.199988624197
14713.970550325483
12951.381305017472
16015.250571850771
12999.485163079133
12144.773607220228
10253.980743965192
13700.208293015194
12472.288562450925
12731.448140982484
12099.175105469829
11706.997667936408
14121.400119944756
13277.76565918289
12605.436965501749
10886.182184018418
12027.635727112307
9933.362794298399
11835.924312627532
11235.216513287518
11294.305634921566
11210.319225516716
11498.79485435527
14458.073464187506
12986.14652738073
18736.603405138776
18736.603405138776
16186.098697936344
14458.073464187506
12766.487931048103
13140.618237872695
13545.915052055876
14025.066930526047
12937.59208499054
12585.962603901853
13545.933987226173
13545.915052055869
11505.640706310247
13763.742449542313
15897.375271461873
13545.933987226172
12711.542294046678
12766.487931048114
12673.269342755191
13235.873278750976
15517.155719711218
13738.348931945819
12616.583341717906
8472.076713516308
11818.58084478628
15517.15571971122
16023.969047866345
12661.244774426572
13523.63953358166
15578.265706832204
13164.763682662455
12766.487931048114
17604.307020531774
13521.08134254565
12069.853584017757
16377.642449373026
12875.470567687747
10926.438206404971
14052.310980926835
15011.120272537628
14017.725244079185
14104.752096331878
14294.359120975774
13802.44790352525
11185.830984593713
14735.94531106203
10943.560428711278
11288.652016191743
14860.203029018774
14261.257447093769
12736.714370444657
13361.10950106673
13169.214429079828
14860.203029018774
12728.600150057937
12659.107246110241
13999.42001622093
11283.120853438653
11193.314079637054
14735.945311062034
11132.661178456796
12500.43028292268
11668.16941672853
11328.674681144003
12173.098131265251
9896.315862245276
11281.170570747006
13117.462654963058
13763.145926565929
12993.96654577904
16356.854071319725
12411.97938790072
13367.03182617826
17038.458463657294
11354.251512033446
13958.319507133596
14971.968596847024
15383.618595310993
11164.02198162535
10568.933252087627
12722.278394631712
14971.968596847024
15504.224285875103
8583.965289690077
11410.861717029955
12340.87741917906
15156.934968794363
17038.45846365729
13945.28795890741
13950.63879768028
13293.622963070007
14674.325802391133
10691.683805444698
7738.105662773152
12355.85454335925
13738.207232256953
13612.493642358606
13935.128466023101
12721.695696125917
10903.245933202428
12148.014214860741
16641.18260497164
14207.37728192536
13411.258070471922
14306.770755666295
18715.89386172327
13962.687087207829
11101.92655386201
9173.515294050023
14306.770755666294
13293.367708489815
11825.322168588245
14851.58340644383
11552.540740750397
12814.13269074658
16641.18260497163
10310.806684989284
15569.143189883085
18932.326232448144
14581.579207048098
13579.069920304524
12477.56817276688
13858.771229351792
15903.9203906527
12271.069496864002
12111.403551365116
13062.699889290227
11208.883900006418
13535.753405694593
12326.632341231354
12516.062519112174
15159.454782712986
11778.343143343323
11250.464702088415
14375.920393386732
8209.263730226729
11793.38013318846
11778.343143343323
18130.277261507574
14704.229644810814
16933.92060026654
19384.78135870602
14519.914174772122
12326.632341231354
16578.358456454316
14476.02044603906
11900.911496166998
17587.077522272666
12306.637584508026
12340.665655398443
18590.386726433582
14336.177433507655
11221.528056675832
13988.372500424712
12246.1454168749
15939.097863490895
12461.412839744879
11583.279676927259
10259.188594917685
11118.982126419007
18324.723739354664
14372.557480279836
10767.480111074088
10975.27610865237
12233.171959567986
18324.723739354664
9445.40030354159
14985.287673045983
15823.785004290663
13767.047703938371
9229.947847152664
11583.279676927257
14361.015053484478
11895.920063537473
12889.886484916058
12112.703706365024
14605.677308456889
14037.916564654699
10907.460498028982
12326.952314906117
13949.841058125747
12028.260418799739
16422.7758493273
13143.870878126298
9231.770396024755
17763.462658457185
10390.535540252755
12180.49467791839
13928.348344690437
10626.729567801178
12313.627128307264
12432.15580313166
17875.46460836195
13928.348344690437
16525.96572092836
13282.069368230039
11377.0606201154
11666.347809165183
13080.519178343313
17763.462658457196
11912.30818666839
14382.191956507704
17183.676813649978
13500.459038085195
11814.901742395803
11374.877320565722
12330.862624165156
17538.72535733631
13119.389240582525
12714.431702830962
13530.377257329865
12821.745411772776
12222.571973680222
12626.956498164887
12008.000509699705
13627.658696303284
12099.730151802163
12798.451623030525
13329.584772365608
9882.937352671297
10329.840029480012
12099.730151802163
14797.221115051283
12891.783001243122
14506.511279471633
14884.371598219874
12507.576178035804
12626.956498164885
13346.310481887867
12465.029220633456
12509.043462911754
13950.137543854877
11030.053249880591
13450.268362845465
15503.451681934133
11397.311959311579
11045.565199579572
11883.542820072273
12453.999754106375
14586.248711039658
10269.466795364748
10961.83227110604
12034.550728635655
11999.02185533826
18456.0194500634
12481.620985186908
10451.451252033108
8688.049043401837
14369.667179955382
18456.0194500634
10433.637873879345
14325.979423531298
13006.28946361726
16483.090690424277
8836.578066852175
10961.832271106037
13185.786812289649
13099.664326576953
13583.736457779174
14076.562719175769
12120.335181536815
12483.413448334455
11252.020331039961
14711.795443851708
12661.997377804893
12918.322857184694
13597.163662879057
10398.656286610752
9147.118134481423
16547.719050029868
12254.205003281893
13509.683731473819
11808.854780626945
12311.401099679983
13509.68373147382
12026.029641863017
14618.530315411881
11808.854780626945
16547.71905002987
15820.439504826827
13109.040052487542
13109.04005248754
11415.513283264707
16547.719050029864
12739.802083846695
11861.605177880287
12256.251276135918
17182.51757255444
12802.64984935658
10747.624941940798
13578.36399369447
12256.251276135923
11460.731402099109
14378.134130484254
17182.51757255444
11783.05916815259
10091.593492732447
12739.802083846706
12829.76214445232
13554.542777801435
15223.182518554155
13248.72356973846
13554.542777801435
12670.218305837985
13007.709569944062
14302.890282934213
12739.802083846704
12921.423386013717
14472.50600873516
13351.704343248068
12681.940481324307
15922.160101028461
10910.454908291927
11811.104724921715
10524.750888007058
19565.698524279604
13030.02518749803
11610.591993515232
11729.365553070005
9920.96054632277
8902.424600023329
15781.089171356787
19565.698524279618
17463.35407322069
13285.96338443193
13128.046283777452
11448.366351536957
11474.425668176655
20016.84838504618
13243.80197143414
14064.460260852755
10750.011142681502
14561.042405892522
16125.392238686823
10910.454908291924
12171.246800817176
15118.60904938702
10851.104640606227
11831.140876901038
14701.620983038847
14021.166542729476
10489.972346636292
15103.854782089491
20982.80777650099
15837.249042645311
15159.188958695837
21022.63236857994
7552.688536642273
13164.164170501852
12217.8809902942
20982.807776501
9644.289936605699
13965.719042889124
15150.078043582289
9659.8766089642
11549.368235443118
15456.287786139994
14188.700683880192
11209.925031683553
8374.263766155727
14178.703699186346
11326.893430287917
14021.166542729465
13803.76704369481
10535.835100907463
14746.389994281504
11407.42947689419
13935.846010225043
17545.044081191503
13010.21018525077
12779.479419047651
10280.938294642458
12771.305723890688
12472.126651221157
11738.480645958398
13884.891826208894
14287.310236565183
13248.191634488148
10280.938294642452
14316.261121688107
13220.977154731292
16388.1905377549
9937.525184175562
10818.439449742069
12923.031542064597
12893.751723438298
10445.050946938936
10535.373232083335
13057.872802810001
13297.348751321517
17545.044081191525
13496.374699733831
14152.153363959087
15082.022419209492
14204.657368803695
15345.717293580628
18794.76404035492
11919.347541458606
10024.35465719404
15021.436872826378
13793.466731966555
8334.393481662546
10536.348467782485
10224.397647396314
14294.427212221883
16224.32358137897
15021.436872826367
10362.419724545269
12413.239681930425
15643.91835633347
11845.407316298892
13736.429747112039
17244.944523514758
14027.492058786564
12802.557565961124
13454.781437035253
11805.723291833398
10188.21917373048
18794.764040354916
13516.529478927347
11825.50323511942
12302.252458412368
11148.111511204685
13973.62135022676
18357.917879272645
13835.09329024791
13641.11720715357
13732.50104552839
12190.477036187527
11717.028689744415
11863.654689416693
14565.062992195984
14500.787141873441
15702.140482088416
13732.501045528386
15077.149298323258
13725.333184505787
14604.074338367704
11094.503377099762
10015.041478795596
12540.185156257005
14149.277222545383
10546.03672138211
8871.903154915253
12635.74735412402
13365.147005302548
18357.917879272638
11969.712712963894
10145.904672945631
11548.38919978945
12941.624603908862
15179.988661046023
14261.289605880344
13960.094103564712
15222.40793944247
11929.006062368857
10972.659910940138
11370.291320753324
11898.556367232304
14495.46287080701
11936.545794312515
13517.200361927318
11929.006062368862
10932.912105597687
7001.498568396768
12106.618614472682
16103.29932686715
15085.14427893651
10210.679983359974
13371.592750550442
14069.692938026737
11792.089314921817
11706.028036328797
16579.596158359753
14261.289605880327
15148.972377843911
17731.516029533235
15728.525237893718
12967.58003156925
16174.211103494898
10458.787085433158
15739.124584608908
13843.104818508717
17632.927427026418
12668.62477934142
14289.410214971042
13545.308741382494
14363.929209940663
8879.095590520987
13198.617650741531
17632.927427026418
13595.225165862925
10356.670167334049
14689.233174466344
11581.511379921507
12949.586921378865
15723.7146998547
11617.254469206815
12550.239730624206
8232.163361368723
12985.917726558126
11486.98291809169
10458.787085433156
13807.084214014832
15152.255839452167
9813.400415406255
8380.346446256632
12148.072691373283
11207.391893836371
18997.404375589133
19648.089076875167
9723.09161189343
6225.426608745737
11567.567119991127
14421.405519669743
14567.049756182882
8760.944189722106
12613.985998157143
9723.09161189344
15030.438206280469
10285.899514978788
12092.489212438835
15337.738903307814
11052.43506124083
13563.858092554336
12647.028500125698
13197.525858584097
8838.807483245651
12834.805385537857
11319.424771747856
11207.391893836377
14862.511755604824
18217.312494386104
23925.22192640412
14554.172058767808
16402.67516819912
9643.955245841173
11188.890903369764
15010.372824835655
15741.113064165202
10682.004615769065
10931.308362608665
11917.925279132143
13695.856000460897
12479.81707002625
13096.812419663403
15741.113064165203
11917.925279132136
10857.004540890426
14440.808694795645
13687.6540257681
16099.625830915817
15050.980862237588
11677.324479187242
15864.337392042646
10025.043899465407
12516.860870513896
14285.077741104162
9643.955245841182
14514.032235321014
17304.82440451978
17304.824404519783
10910.346615467988
9643.955245841182
10281.695842095236
18077.996457678004
19513.340161946457
14572.604541548098
12581.068050740847
14601.833586956393
13776.002315830425
19513.34016194645
9165.045032685694
10680.242585035738
15098.019571424189
12468.02677787491
8610.660603367556
10281.695842095243
12105.794676598187
14963.371036055465
13168.538305773262
11082.254749900956
14183.412336683896
9910.208508892729
12152.699136840329
13275.797047841672
13001.501268176653
12041.054418620031
15703.269237143826
12278.52448839305
11333.794563957807
10768.684930255826
11934.394786848272
22181.006353993238
34572.55161564599
9966.038652318812
8328.194894862412
12318.293988180056
18235.941745467506
-1757.3316629493906
4423.181969710333
12058.24763025175
12570.357983349204
8592.066779193992
8046.975869017509
21670.04404845826
17161.88929155001
4836.368544064095
15428.555543328179
9442.834326398368
28260.612562230715
9491.194331441386
10130.515596862673
12009.544327599648
7169.890414230416
12560.39168625835
28496.764580812393
28698.04383056492
17487.84515143688
-8070.038038748295
7799.715642874643
11983.516070778052
11934.613451659487
20581.01907853501
13675.649513370128
7946.923201542946
11865.095216539894
17035.600997154823
8842.207956574479
12957.769103960354
14773.790552329667
11436.050163627935
9018.270020947486
9952.199529198846
11807.509850895587
16773.831536395926
16923.67007058248
10528.991794907819
19359.99312564641
17177.780482139944
11236.778484334704
15182.097917408266
9215.272901225442
11425.16161648634
19863.426168240225
15743.161233056653
15778.398734313947
10541.202946917685
17022.618991600873
11499.728461377192
16722.82326503308
10811.133981714287
12001.310320768862
10890.346429018005
13647.66188813414
19392.74902271708
19260.234978573975
13139.680921386362
10642.78511727898
10867.632996224489
16463.2736208862
21947.511652371315
7657.297232398395
12242.145864631962
11451.2323288608
11778.307266945343
10528.676638731911
11817.345351373
13428.412753538956
9709.218845045383
15861.757600848248
12013.476338599736
11798.795500912223
12063.519337682885
14607.792911218843
12746.81196095353
12434.628759207173
8353.417272836828
17119.867606136788
10257.067837147395
10479.148553502106
8083.853520801381
14967.568581212854
16292.703823524258
17522.164333706154
12054.990816563704
14594.529604307092
10913.06706278965
9931.707395187439
10962.21479554608
14717.16977002423
13667.01500902774
8754.453342175122
14063.41052837326
12348.884928340414
12075.606904011454
12472.394652533374
15040.511246405424
12165.807566418518
12161.680902412525
14438.761214509597
17308.012160919905
16920.12095670744
18706.09578518203
10472.756431870994
14253.407316163517
14874.57528280044
14948.139669535554
11512.272268806752
15924.033832472418
19543.220524934743
16507.009334865605
15414.447814538607
9346.877497891997
13646.699562466756
16696.81947402174
13176.228814043128
13196.929713759839
5464.408668387595
12635.553250761594
13848.050971036228
16054.033278415718
7024.163770057769
10463.46431339833
12684.070921617273
12760.861397254945
9903.897144424009
12519.703541888754
23541.7743683834
14819.5839236813
13257.012970993328
16616.11827278716
12159.750932649673
14347.420309542278
15963.136358132058
16654.636225050734
14468.5003628309
9597.335916644108
11706.434193037434
13074.543471665771
13395.414483770768
12774.187900026216
12274.189628394117
10531.659624184205
14563.640097824376
18324.336460094954
11294.213751230202
16318.482683930004
14923.178715368807
13442.796080322008
15366.960364888728
12049.270646797155
14141.989454210767
12589.158054392692
17779.851793675458
15021.787111487534
14194.273526529852
16992.416670523056
13067.42125501002
13332.104468006519
19303.299975255035
13281.116155947166
9263.09461370558
12229.334296979732
13888.339317911947
13880.581347655334
11978.7813169481
10591.826037505854
11909.343627853403
14197.793642500475
15848.24994342661
14108.123190413307
10342.684533480218
14706.975810279955
10490.946369302646
12022.39664852245
17540.39050525322
14724.40746434609
9544.793396327
10566.297203825492
15228.266915515615
20117.959829300427
14756.920811481454
9908.201014075614
9274.382726159558
9340.577432317874
11034.81832705126
12572.539150962992
17586.782261169184
14087.117175180902
12135.380973837302
9568.727165295963
12983.664213328833
11557.900760733275
9859.899971277397
12154.846015556393
13795.230110509223
21545.853568799368
15067.93536600632
8959.125306528842
12951.585261891272
16210.184787738539
15082.068974087359
15661.608746681866
10160.603042528468
10606.391864771838
11196.672165991673
8433.885405083889
12693.605969743414
12231.09540452484
28199.555440169963
17253.059528509257
10128.745747032523
13875.512755820322
13476.475828731433
18589.55428126514
16543.892671111327
12665.824932130497
12247.925326904695
20250.890445700144
14124.447118518763
9249.352331948196
10761.616905209421
12238.952733071988
11713.302286752081
14090.91559273384
14359.647600578977
15761.173531198705
9457.267531513135
9632.337531529356
13283.8164121341
14294.086419328023
20020.301010167754
16058.03514047257
11920.227384041638
13728.714890004067
11959.90886082617
18234.355035466655
13219.273407444383
11135.824952357187
9840.144728072404
9840.144728072408
10082.301015590521
13219.273407444383
15554.299844589137
11912.149292978189
12104.92013894182
15563.078087493357
14738.103476933635
12589.01223386316
12532.720734787708
12104.920138941801
11450.933370080376
11591.598018782397
14012.045585628015
15121.337929766398
11932.905819961148
15554.299844589148
9613.377878256908
13282.70621338296
18406.290227840083
11319.121554197442
10223.362654646851
11082.7685727481
15917.295124326967
15916.628833198121
12936.047836293474
12611.208970033724
11192.038243817753
13682.20665950479
12058.609180375484
10645.862533556696
15532.354499798934
12662.008071162643
13970.247564701787
12971.740589106852
10659.271245175707
12002.639762525756
13716.874296754797
18339.217284535316
14495.808698048962
15453.498597132573
11213.92518747182
14846.13825965414
14024.889412243014
12007.08264786415
10479.922277521326
10734.9009165521
10479.930266539774
13392.252395822448
12532.598553395012
10676.571160010617
10973.301869678358
14151.869951029661
17126.394425568862
13131.457921318226
16478.09033330587
14316.382665994832
16337.951592423762
17034.606199924347
12399.748855045926
13785.552072185244
17447.296179408055
13830.260055973482
11572.913655977582
10526.415555475858
10404.628325973756
16702.622285901376
16280.795242955921
10412.86443483432
15672.88005340337
12866.470355673959
9953.89771530179
10675.620600774837
8998.65213396558
16600.599840548504
15578.441739719501
10662.669494236266
15887.85856853921
14621.874576348702
14876.02995885287
13047.534750887644
12378.290134354475
8608.498063687139
14064.280573071208
16472.62237860301
8978.197375659673
6816.050251645966
21987.410999360072
11075.930776389592
11786.40734071348
9412.009677232492
9711.57378194327
6032.561334532761
10680.422061995445
12712.075781232379
17228.396312349596
17199.723944695
10929.647888098869
12751.539539384772
13721.968446279934
14055.141161456373
13316.630225821109
11070.315379319916
12125.485875258008
12608.293758463422
11799.606591996284
12603.557652998812
11511.734078570811
12161.756700426477
12740.554666125605
11608.820628064665
16949.305728491967
15782.19392103638
18158.346855986532
17119.551372438345
7619.528061735385
9536.14800433287
17296.240828232403
16277.38818811607
11701.244537530461
8649.91364030165
11989.61279577221
15426.543981423334
18052.47587215468
10037.6497645031
14495.429922938032
10351.73233555008
12807.645497246676
10439.502262362057
8101.44885776737
16255.53194734046
15378.021489981993
13042.646726329654
15258.522669675438
15570.952266648053
13863.930329811259
14986.89586969364
16241.966178720402
11482.135157810826
13467.322003264611
11473.097777463674
13497.97563971548
12916.640026616193
12224.28850117535
13471.899905328115
14005.003618722427
18333.008002056362
12627.183776091846
9220.1175573043
12694.645223302889
10626.34425087473
12691.365389413095
13090.903447122271
17304.051447565784
11193.123783546827
10638.961522261287
10810.399257603463
12629.241440689426
17622.138658995784
17492.308396032036
10550.421976766951
18150.08287655883
13986.116209882124
15230.569638257117
14352.488365487305
13054.402324041343
14245.116845837118
20774.683206962523
17402.704345643004
11908.62367212253
7627.746889379622
17221.143624173652
13826.391394813974
17888.68862587607
15047.527896721485
12245.881123162253
11923.64032976131
13215.111741799992
16417.29113535482
13562.734453338406
15121.495941044514
17201.313917373805
14040.575633274215
8561.756356338712
11388.973240841682
14797.356387946333
10218.94053421811
11531.299134656352
13013.588242176147
13303.237506586229
9429.651017112581
12494.58138505243
17063.30708833482
11525.285893245695
11154.032933562808
10597.407491005239
10210.887685692322
12113.812968048449
13245.07802982405
18078.43863753859
16903.583257991966
13804.092814397734
7789.4255468854635
9792.139348297153
12567.786019732523
10330.716996273315
15336.8726838983
13872.334356068726
7287.459945829482
8158.412667878918
11187.724828894818
8271.287341849671
16059.897246091674
11255.712096472118
16247.702921425316
11001.687418050315
13858.682505510904
7556.895350126596
11892.893754345798
15338.334622500543
8819.6830591323
16083.031917328617
15967.138374576032
17029.60985433614
18187.385411359304
11898.007277528717
14044.583194997278
14204.644448973146
15975.41821103693
18018.650177362495
11555.758395134813
11432.031615610698
12152.166471524646
11040.8996078948
16215.30232123155
13473.810616184708
10658.954041680563
8491.113503511104
16744.480216089876
11560.187194648317
14740.824253103216
11430.248579198807
9649.537685049603
9406.941993763694
14487.760976866855
8913.111039939613
9551.242908604472
13057.613597133011
9134.811150494474
14501.493677152466
18045.548521746277
11433.589862353014
14786.52374297461
10939.584041875933
23292.541476220344
8865.231397799873
10999.37317092633
12970.481306161335
13378.520518273745
10117.056938431442
11908.958928884942
11922.194505096511
13074.189796972665
11787.287232272029
11952.29978322496
13490.421685521987
12325.007567862664
11622.416583990293
14884.178493364094
10991.029021300948
13636.94973694448
14620.912856268194
13136.99303221031
13839.074599693357
9454.409984488968
13464.477915962638
16467.59806617332
12522.4655097279
12605.162712245672
15355.352882233132
15355.352882233135
12900.7876982982
12522.465509727903
16214.973555728264
11090.394961769227
11181.59356447092
12580.25062779669
12055.900014594914
9294.661133512753
10790.475932146923
11181.593564470933
14327.867793984662
14747.95442856423
14720.577863128246
11183.673561455435
12734.524911161494
16214.973555728277
11021.768559568301
14126.136810217478
17563.03169269043
13567.43459917634
11858.773087698075
11607.368725467051
12358.242099896055
11210.517664592919
15761.00711780587
12709.937351838329
12641.152944112604
12048.94121004065
11082.921412531537
12505.990172076268
19795.01431627107
14605.792359310297
8290.953456505666
18441.956626041763
12938.930256664311
9681.748888332868
12503.367718704618
8841.391324091046
11221.18614964144
16473.908153106513
12316.50567532363
12356.245421577627
14062.838207272749
13248.04242158538
13531.84655233615
12014.163415935911
11383.482572367278
15981.913053872337
10256.584050712443
9604.865417737361
12334.691190612419
13652.004033567126
22172.497010322448
14535.052243925518
12100.881287161968
13806.097627741154
12675.806044982408
18339.19966074767
22144.81240058255
13807.509441134876
9769.404879472493
8877.048425490373
12803.912536997355
13563.824602902652
8903.51554898072
16814.602876759847
13943.732611449474
15211.059201979795
12137.365204333382
14964.46284515675
10815.288552570137
21532.042033900674
11893.101200787458
9095.042351473285
13486.595483905658
14177.124546948882
9348.594614951991
9568.75993453017
13636.156524490263
12219.819889596136
19970.12246501012
14663.447015376112
6980.010566330631
9919.796034054429
12751.778986655641
17236.191831605134
14935.540721619245
9333.757438598092
16940.82725836203
8718.177557044326
7784.093238052045
10031.106746215888
9906.11937211151
17235.56847128964
15319.965799928308
11299.846335854982
18180.167840336097
9174.446068628286
15255.445555903249
8450.14438149898
12078.197836652791
15132.92430837121
6530.299126936938
20704.164692847167
7133.5078339716565
7126.012040487994
9696.06796480657
4547.6863938008455
18598.959705909823
16066.669827049533
11704.220640591075
5036.496696805882
14368.50114198329
28906.607840514313
17676.284443081593
10208.580079796018
13587.395245526515
12002.304444469717
14755.373124641912
15076.324997456197
14881.968266860993
9701.219400747112
12091.747117875031
11335.61482468418
11009.58225750864
12428.751877810886
12476.248632922337
11834.87585097829
8314.120714215987
10702.457580063287
9795.464468680639
11686.345531575866
9865.825318314712
9644.446261092042
12657.984438553296
10743.215281740167
20547.757037166863
15428.711827055868
20438.815464776122
16849.85970307218
17189.83938588634
12741.125762547203
17821.16671198223
13130.223641041128
15060.849449502708
14739.712622212986
14518.609753395329
8547.140371127949
14126.719090143737
14401.773913387757
13880.712405989501
12819.079128644154
17865.69452947067
12018.996617160416
11489.956635492226
12452.833108348434
13246.06869292119
13587.998263281497
13554.365044417149
14098.669992773142
10431.839064463993
11003.622837303134
11642.276928524849
13831.37062484529
12834.982604731282
11071.194924255657
9747.212522543177
12931.144233285753
12023.417499843097
13195.009011885242
13545.230376594543
12627.59310823161
9463.263191275804
15492.779298581387
14582.682134747887
14953.531665057048
15094.976329843905
10176.912443371884
9530.429931261855
10486.731965173276
10915.252830020021
13027.447989353777
10956.890691781495
14663.135838839029
8044.928864427213
10770.731854340307
16066.75999385788
14161.586140514291
10236.579527348442
10346.8005740207
13329.845760249495
15413.824624070665
16190.970281109385
14900.408499235884
15076.315064906561
13546.307566179006
12876.621346593365
16025.436631078386
18146.235865438823
16540.463259739736
17992.1220999636
11289.789699525643
13698.033576876498
12051.866810403908
10794.912597610639
17062.805375327793
12746.561813553053
11890.990214249881
14452.647559857785
11690.17447511715
8227.896296095598
15429.079878750119
13916.78675277251
15508.340833999295
8681.255677290741
10351.174576330275
9040.644664947282
12576.973815053283
16079.29073231156
10056.817811175259
12794.085569347317
17890.300416417744
11637.728186683918
11742.436084905516
11424.554957579592
22487.357383693103
8605.516670639128
10338.619318535391
12344.246338710831
16023.17095722393
11486.358144887054
11651.635940456614
10772.927558927338
17273.140231581816
10496.370966465045
14632.797974745987
16873.15081340671
16777.807009441047
12398.378557932743
11446.03970446881
10983.393650519658
13805.073519813071
16675.582972327964
11630.833521733846
13267.898737057702
9293.871094195727
11695.220363901037
12106.024427240554
12563.754441880628
16394.457589802227
15066.025794680296
17281.471233234177
11852.365647598028
12688.917490948612
13191.366148057192
13161.818872576121
14982.715028520384
14404.825010962326
10444.147687808243
9103.750887451255
11519.128673615302
15586.879428211334
14223.83278366651
15322.411682861642
15692.177352947605
12553.204626345949
11370.601080161541
16644.970411830553
14965.617615935373
15182.00188969235
14197.91478820819
14344.15499604998
15613.80613619909
10443.969761570452
9315.395246645272
16149.562651885148
9065.062760462315
10472.488799445393
15045.046643177893
15045.046643177897
12078.265626085637
9065.06276046232
15817.65624448318
10346.20148201559
12343.746994604557
12515.854997032824
11412.341022476696
9104.034699237327
13632.81475471249
12343.746994604553
15433.942051666203
14720.744832550552
18449.913823956456
13108.811547382464
13180.028394102494
15817.65624448319
12303.81144345322
11830.340264884519
12855.830705423119
15110.014270412541
10539.685563332636
9907.651294101646
12033.486896091608
13176.350916167195
11098.036586716502
10503.921601916798
11406.16178725242
13380.06296825951
13364.241253581837
15526.233483798042
17525.530562844055
15467.941893783405
-1018.1885821756629
9289.378601667528
12128.126186389802
6802.102783098974
5563.921917306901
20297.294479784825
17122.14263634647
17856.249981230852
8552.080905069039
14471.068511718844
16221.11396491288
21061.19056526675
8392.245757723302
14710.534954510797
15177.878851284919
13138.13841783238
9822.147466206045
14678.521213067062
10607.983762638987
12176.645747407683
17137.997797022144
5998.148931452877
12790.920732795867
20093.4044662127
17725.50913376556
17328.551420310036
19169.75714274194
9123.240334372058
11536.783461208846
12503.683562687156
13158.525577273322
8417.963832132747
9480.605322045763
12340.006301863832
12723.596513202243
13458.303479591195
14595.948321857213
13049.942528338806
14776.725212839501
21061.590093807077
11777.004398562587
11962.324455759917
13200.661510006814
20695.109014217134
9671.272257761328
11054.251363735702
10816.052668590062
11438.44681383858
14773.169892212818
14929.51530829758
8068.626703650664
10528.895991645475
18168.5350769079
21175.76752123051
12926.000008242536
10098.513007727517
1545.1283137390826
15818.68381119338
12451.89855266445
11777.09537526697
15830.727354098966
8905.264880061814
14322.694380186056
20114.903435415374
11797.500009300857
5214.339476462371
16451.199218213194
16710.87521745057
10148.652316981777
14244.699047653708
8363.981871108526
14848.793237377533
4664.104495238994
5789.5279948559455
10986.699627073176
17558.20862753228
27526.147159564876
12251.75764929836
7814.246659364192
10206.489459803033
12219.140591776792
25083.55739336495
25078.91755967402
10069.042346202972
12770.549164038723
11213.74553011902
22586.354453806274
11196.18358409774
9174.093320020338
15351.856205720951
15208.40455364107
11135.684639727913
1305.6870883031295
7072.99240061491
8857.213318323378
21636.229228815097
11964.09264345471
11664.721445669107
1820.872942383941
13046.362449818436
10164.152159197916
15326.906346026299
6846.333191578608
13246.072915484705
17832.752759901494
24690.314148811995
14950.350949642696
9678.765622695928
14395.361622046665
30154.7546368175
16686.7019349125
17379.12739722198
4894.479828682292
17260.99821312987
13534.016394415046
10947.430930960485
12753.641281218117
9646.115121302519
12627.85134382383
17227.22029649621
15877.680645244374
7206.745423784995
8459.837249264021
9581.254213901695
14642.424869692673
11696.071700451415
12675.345201835924
9981.852550574966
15110.111619974421
11109.371644016628
15249.880672593332
16704.82660193873
19580.955585136595
10552.328206258237
10602.322759008366
14309.63346015444
7525.203766250127
18297.042760129167
14025.958677779827
13944.528484094859
13132.525424836389
15274.08987339448
18229.521993346134
12034.08029861746
9225.486716091034
12026.352559637613
11366.428689300212
10871.501612998987
15719.34274089088
11488.173794530656
7426.7784294015055
16428.771412962156
12518.971232797769
13833.169185593522
13839.840383879937
9402.864603117685
15164.68298247952
13448.159340590286
18138.546482074067
14818.48218634116
15338.484973641178
14003.078585553143
8997.433464830496
13950.684034626118
12105.255327366234
17885.884810927917
18139.500200700917
14924.995913340084
10133.67834423712
10587.817260747246
12306.23296558526
12797.03460703737
10042.18847451549
16421.82168124615
12876.20614077395
14784.736700900117
12907.698442223314
12225.33007547292
10849.25978596152
20417.78658719827
12613.863135105608
13433.161531463902
11512.97349993651
12944.366852183914
12176.678915211332
10801.761061061175
13481.288495531699
11002.523095425508
18688.462159724128
15685.473761648984
12453.705763567285
16956.73907266521
13600.52656776761
15443.87793758246
15650.207280985065
8587.204461094327
8683.096826686826
15077.31782618013
17111.435227429207
13524.884024042978
15454.680066165494
10981.437573430478
13184.509634217733
15642.5164833277
23062.729182594347
12046.920811604397
10592.879074269562
12022.085093171829
11677.342728516818
14372.751876758353
14615.761943606773
14209.211476653227
11574.231605384268
9731.55908493419
12666.28006289728
22166.302565366183
15317.346712046608
9636.888703217977
8031.595289353359
10089.330865972603
12072.43619498485
12240.532539272583
16631.3509292265
13985.30897700788
13060.471196285656
16259.038808042184
13595.855892455806
7322.091571187172
13215.095010280298
15833.046312844328
12794.976822750921
15362.228172770538
11516.617212193847
11844.647160978066
12806.801067097938
14777.249218963023
11402.875141827635
15372.930385522679
17014.226812390873
15370.330692120951
10649.958200129819
14311.813593760835
10553.3273032211
11515.05754861769
15700.142858920313
13564.290694401434
13580.760764332548
13580.760764332548
13624.652051215035
15700.142858920315
9198.708020508639
13970.365970112907
18774.274518704053
13085.04686891728
10177.867566588353
10312.1847771801
15350.39079320804
18774.274518704056
11444.317141082778
12263.15720402114
12087.309678979876
14685.848496991935
11026.23433655343
9198.708020508631
12934.538694263558
12513.134923304093
16002.655619135629
12636.478885061875
13393.308621454324
10752.692116985967
10714.568781780015
17864.431102399856
8572.55535286008
12644.704588997305
14447.506818088326
15088.863939551777
11253.412177411752
12984.401997726385
9536.362722471455
9566.936668837836
12029.374736610707
9601.788303843949
9636.431674450409
10932.328590266286
8539.482123423411
17008.928309639705
13742.686143064984
10557.808730875398
12024.263034044538
13691.853441567324
10188.381827776677
16037.366933632447
15553.856257525846
16550.25740269545
12270.331139982454
11431.611277673392
15201.028688614682
8977.054760372517
10302.335629384546
7902.68394713286
10593.662054322598
21989.088936419445
26288.375357703877
23835.901743089962
11304.890346967366
9420.189740248577
14421.774197059554
14017.403566179644
19059.952726860836
6649.287986285399
9127.490095181356
11175.004342497465
13727.937620577582
18757.404511876604
14947.188357550831
13438.326393201294
8866.38952621003
12564.473494269347
11445.450778556293
13070.96561185508
12910.004134190405
12955.567868925065
10603.869760717864
11714.691320777292
10851.185125133099
8941.439787978365
11375.283891404895
11996.954070754937
13225.087012799764
14074.887297944606
22549.30892700511
16003.865749366194
15944.636680222899
14455.114227313778
12209.625165034526
12366.950563212835
11408.162512578852
19468.972890093268
9533.28689739054
5964.6636017752835
16898.3502749096
10711.623479610202
8586.00871745858
17006.20685925318
13048.748077288454
10483.964602946302
11424.971204750227
9594.249890583613
12930.723996903664
12496.589720445492
17408.981355586875
15929.055321898646
13428.173054899851
13081.86909230495
11479.297624251634
16789.264626491135
7074.637868745588
13964.404844723727
17484.484200934592
14055.740792555407
11162.250290952932
17123.891424139983
15106.6727739589
11540.846287653498
15979.909129642327
10287.140678099458
16605.486368692666
12211.770058337246
10163.802749077739
12000.275792096532
20131.203277914818
11330.765761441526
13662.29108225479
11661.128123535022
15365.019467194368
25001.124166464764
11865.171964403835
12819.651081140688
6385.855165232203
16730.889126351787
14403.430992973545
8147.6945645522455
13296.59542368323
14600.121933379396
16535.967908232244
13357.434556772192
10624.89232094466
18115.136995928184
13671.46633210346
17943.34041108474
10576.088176933165
10218.113835016891
11522.543493069048
15279.577180809007
12900.037481409388
12927.350011371062
16940.815961536922
18088.278564120756
14070.302103897375
10892.651687007008
15328.610486320966
17096.16710261147
12960.55661231252
11089.981023262317
6217.14681651366
10893.39643813111
15687.608762708078
13627.949202677275
7996.696081099306
12283.376636872566
12961.014116694752
15031.97572188839
12259.896816686181
11131.357276860606
12388.445464797169
12344.01514003597
13813.38129598285
16619.171132026597
7556.242936141007
13593.163432627509
15752.253028205976
16635.839660825204
15389.609028428
15357.764001510797
12797.31954409273
12530.250054177297
13702.391286984848
9624.96431304803
14797.586149505642
15733.554558073942
10513.387127591295
15779.270823503823
5845.3942951982
11784.180668970483
9331.61264207308
10531.292226419333
14745.999905693741
14767.48882549859
12502.06772731389
17687.477719677565
12167.61389823694
10494.121252110017
21412.427948232355
15398.208359363236
14079.366581414639
10213.848029943796
19661.42961685921
14773.540399341924
19772.330314380255
13184.20907299692
10695.179605259516
8984.686524198192
18587.760891309033
14092.492109772415
16822.287873485657
9304.51666958079
8512.573416660241
8811.498613936285
14663.274919016523
17932.893286080947
12306.45057987464
10472.59325929812
13003.140674054608
16627.155793900907
12065.153087116623
10212.91844075844
10971.016911125982
7410.197827487604
12176.361267159366
11466.163851208503
18029.85407365288
14460.869729840126
14515.512579747981
12223.822150260183
11149.520655838907
10231.901398125505
14926.012262180831
18911.784896460485
7575.874201394803
6594.528818640714
13573.122966278741
12544.522274859646
13271.438667080953
17559.68009126236
13386.999583008223
15663.022742671965
18036.96350479018
14497.147893191515
8184.964054999801
10229.364735738332
17966.24512172955
14268.14738911322
13616.159328702062
10769.857433233235
11752.975375867194
13214.876334733222
8997.87568510552
12411.065170037655
16771.75205336546
9461.916697806708
11111.445748721897
14931.481347520892
11648.3655947971
10947.489265983837
16251.344838818532
10750.813382742674
12083.551882156344
9545.644374661937
12457.716446565495
12328.878437289977
15091.861956563858
12697.499111354762
15490.18138637252
11237.575797523406
12077.267687359345
16007.88585467687
11499.247200927059
13169.6494825482
10268.167085931207
13593.320085634004
15320.437758236321
11824.56244448587
13847.735430395243
14774.042531202542
15937.687059124915
9683.827070174668
15463.255132330389
15463.255132330385
18764.162830751204
15937.687059124917
13956.934795687166
13747.300287245773
11032.445655858126
15210.713554389544
14594.00733550279
14863.682172694223
12171.47120581536
11032.445655858128
9703.656008367936
14352.683171317894
15618.325065124029
13022.373729747796
11770.273164587476
13956.93479568716
10787.395555437612
13964.20510080811
17498.133780553922
13606.690964827954
12924.679859364876
9835.9763222197
13727.161294654357
15763.832308374911
19257.66628650079
14251.43829893879
14466.373467178553
14421.726142822019
13007.664044815963
12228.140045143944
18731.840582995414
12568.932479186537
10843.148213652377
14918.139358553326
13085.407835106791
10319.734735344582
13481.013664247426
14540.928007174185
12128.05834505093
15246.516207909443
18791.29118136772
13803.348183369326
8884.897778357086
11081.039150309705
17395.71618726134
14529.812782068653
18660.27056630399
17737.41689443651
11223.931717273274
10432.327272298591
12372.889654126251
21812.48104963546
12787.54548076884
12694.791364610875
12343.137248155843
6547.223429966196
9005.528263238624
12335.285192150175
16420.057590667224
17112.136150462742
20092.42225944312
12967.542015168421
13810.428578680647
13348.46350920049
13258.86130839252
13125.447030725796
13327.687990737688
13268.03655973926
11216.305462435685
13749.170863651605
15891.330508271976
18699.71883715673
9425.327244587152
9257.85313119031
8139.841432345092
12312.712755301513
10664.199318126748
7341.008076711001
10964.462552508143
11223.70023304693
17839.931457535786
13584.027396633881
11303.259602268708
13400.66601609547
12564.924006717574
14968.168122000052
11918.448111555022
12796.924783526585
14545.562124489445
10761.757416696537
12718.20245262245
13792.296939354279
12298.507577164266
16174.625601872971
10917.55841801173
13331.706944912907
15654.863014175295
13748.010015189462
11492.955019483312
9437.21240673029
10009.249752089932
13444.673973457087
16010.725809743628
11221.162004297597
11486.693267242717
8346.798678956156
11475.546528198065
13432.159633701036
16747.079739970857
12272.711731153082
12205.148604775903
14233.21753159506
11806.071076666767
9313.276765160808
18709.738322708334
15391.580438660698
16055.618305609785
11847.880658967964
8691.454556775165
9895.9934925474
16107.341107603064
18233.57450856234
14241.071433348834
16752.086345008433
7426.087445452579
10664.06366343126
9900.884867640461
11353.869991806147
12807.281614229683
10051.171439931728
11205.413594160915
12588.332716759056
14233.911136842373
13049.171346407304
11582.340020226404
11952.461471611436
15653.74449390881
16296.071393825945
22800.490972898097
12261.347429190633
12476.68851481824
14617.363410522621
11426.43103405112
9016.98883441132
14383.2486709514
13011.416884978378
16979.731371430145
11165.966613960487
12076.866924963011
8429.272891462748
13736.082512643137
12145.46789000294
20489.784263054356
12696.618262546835
11958.604854871519
13025.50717586324
10008.860879497613
14270.015806853264
16309.494055339888
9610.612535983384
14607.443509972605
12304.237397105531
16750.604498656263
18254.825256198343
17181.083273533608
11593.478152764486
12396.661200928078
14366.84949091594
14139.233408700926
12536.756687534002
19208.138629194473
7116.247608451682
11502.686653186647
15174.769860270762
19531.392575690457
6715.610398171638
11627.518681998134
9135.47950592876
19162.39566056806
10273.14246431986
18476.874913571493
9447.241656551238
9097.681081149472
12021.781357211921
9692.636274989925
15435.083027623195
20744.11036426877
13357.791124880197
16268.388554389649
24056.93134964009
14853.301986317389
9016.85169182706
15873.64651754748
11979.156748374302
15165.58772828894
16452.86187720785
15022.623967276268
16196.35938431424
14957.708670724911
11512.92795365263
11304.643173920977
18368.999263208123
17469.33929805553
12365.463538219255
12712.927393214703
12027.84595411848
8759.266950638346
16075.280361454968
19762.835554612146
13240.338130459884
13100.736888885105
14721.68282123984
8962.176334779491
12675.36392293358
12251.662340464021
13074.533073600674
12881.809055098649
12259.405838289855
12488.811323443057
16931.54242567244
17648.907845166494
10006.163895737236
11798.854323805592
9197.739826504445
19054.2550270929
17988.39079403937
15798.341737974832
12557.588158444421
9705.318048904948
14193.560153005556
10429.728565026491
10192.517156997252
17380.610225702472
11183.662400457826
9968.921079197815
14241.110962795026
20915.028466730982
16035.085287930993
12988.525419076555
5783.135940178337
16387.21387332379
7858.527785083914
18731.403446346245
25058.206262832908
15059.716916687066
6926.665835354128
8072.220004281337
23824.992737185326
20636.717390858747
13654.291457556588
11705.187079944717
9901.023980567643
10436.762463562238
12458.19816365323
14582.625593910852
15255.450050122607
17067.85922111166
17230.219301781166
12402.789033166822
11402.630381130675
14834.079299280336
13215.914608131843
12274.560153683076
12510.855850911239
12235.665704876363
11892.63206157338
13121.555306338487
16261.988102592044
13382.999327305813
12669.481199676346
15339.29638341266
14694.519640077739
14195.807490791185
8845.14227867051
13475.089941677745
15542.576116032766
12917.28098354283
14677.995134745359
13604.457172986622
13604.45717298662
9906.885023252333
12917.280983542836
14291.130103397805
10211.780707630918
17964.097527217302
11413.003326075886
11979.35655899393
7877.706246411591
11973.039787414129
17964.097527217305
18068.070657045962
12126.608039971388
12542.991386741205
14408.01388265991
13643.3273683084
14291.130103397818
11594.365108032553
13664.180299330856
12875.048725518696
11567.967362627096
12343.521219894048
12910.488214534049
13528.023377761197
12137.987830639218
12680.231183485686
12145.038993212296
12062.715630987412
17550.965754523597
14607.839512857807
16194.053676117801
11218.450896778597
10114.263354776536
9114.984184721035
19684.136584644446
13667.895371545832
10253.74595221725
14446.778959607122
13263.773697489052
10822.855800613443
14708.4865844773
15905.519238514476
12595.729648271092
11185.175207638707
12490.559183014186
10228.88579303721
13778.670899623421
17064.52333712956
13535.595814671753
15332.969334214897
14037.586591926956
12309.206707373078
18354.323726146282
11447.838221858427
9290.603742721212
15349.241511345797
15298.16549309139
15819.124670312514
13578.426237164902
15425.415484651488
14290.55663240709
13681.357209618816
15275.476309131927
10434.066624576157
11386.33308984627
14058.38612687711
16523.062431942344
14741.533037012894
14530.795429536569
13504.706918966807
14679.790461970675
15180.491728636207
19264.29163217978
9881.373345886606
11474.967766999116
17383.042281988597
15353.5696278163
11213.249446442163
9967.373829213419
13899.193703615376
14715.927472731573
11266.181406608986
11538.954120245775
11436.37541191448
10247.835204384293
10110.484295633345
14164.141205601707
13478.677803049111
13342.005525082583
5651.652995627152
16006.120745072285
16896.76548209274
10133.459725523757
10507.556981956988
14852.873717218574
12836.619623637824
18400.77251409669
22121.89938964762
3554.8004893663456
5067.476717514359
24345.62262925398
13906.243704019878
16380.555241917415
13843.616610998191
7997.1551703435125
16159.555456316932
16844.146643949447
16757.821694755075
7453.0169773776115
17478.29965593637
10005.621918113742
12968.252574668184
4156.8750571006285
12793.94838066345
17135.51807601376
19185.964656726806
14118.588359419955
13240.595891804704
13964.99691173169
13768.996556443724
11669.366720435166
10228.502242367556
10935.556707473808
13742.74033855296
12664.765620982873
11804.711508635164
8981.038165253403
11084.753158374162
19180.76200302203
12976.793770997772
12458.92498954404
10257.746477450586
12991.9893294512
11733.564101461083
11186.357723509009
18969.329173522037
10343.424264314064
21057.84673983974
16769.92793859644
8331.200293292659
12011.191843277815
12181.715110404282
23696.362402206993
13306.34547688319
12295.50764295362
9982.417400736107
16313.100669298468
14151.674095003984
12733.400563187579
11798.179591007227
14948.42593605072
11483.923129744788
11993.829895929037
17307.40229767045
13961.821389872255
10617.476581776416
14244.952263393123
7901.217691833683
12635.518770739063
17358.640266188282
13600.957333031214
13012.359653117608
14181.743014401967
14800.435015541905
13897.733461498685
14301.336169769933
12229.397856219617
12591.969411102325
10818.500580600316
12837.612932631078
14172.457926361383
14177.99472613079
14404.029138951548
21860.644330839325
10334.564980765741
9955.039459438476
9829.937886806985
13110.930584209522
19451.2086790703
15791.981835378932
12666.040296665613
12262.944376556767
14053.575834836789
13220.211720312125
12628.03598490483
12892.67902886704
14071.421510190103
12457.021236496978
12180.215536698242
12771.520436702098
10493.039646285832
10403.207757431484
10099.729882352334
13152.279039759564
13258.39465577024
16335.117858503809
15995.272755756154
13488.298342185877
12088.354297949312
10580.549417237724
14172.301542317036
14889.125193858366
12408.858724369853
10394.46717589658
12089.773593929047
13326.22399903819
16039.49894989314
12791.815235110238
10140.349396166144
10921.138213096418
12491.817723156986
9260.848963048704
11377.337972273053
10625.457557760501
16078.27065682308
15055.729130102194
10756.029550931264
13934.633770298306
13218.600740736649
14763.94498425614
16328.495648749604
10679.431482566692
12554.281791325198
18137.429906448502
19962.727713218635
13051.843314400494
12053.959649602657
5665.912574847301
10758.340277682131
11265.07818995829
23540.20919492618
12585.078320985605
8982.013996674385
10688.678714626672
16550.409349981215
9534.538289952287
18936.268937665813
14253.250625419285
11829.7289017842
10014.903234000294
13439.459891890605
18512.610611867556
14578.962330272781
9321.431580550892
10488.723407045776
21185.198422611196
9197.249936006549
10288.259515052572
24358.747760443883
15249.538972518874
12994.966628157174
13433.16734835125
15735.212241235195
12855.64218665703
8837.7684505281
14496.566672908111
13618.886213039514
13399.909523965129
17327.160751774813
12587.656592828138
12820.77000601103
13861.76247122322
17857.696399020646
12813.721477082701
14322.59943753975
16306.497457575535
14488.83382444979
11032.365594152008
13473.059219093751
11031.926444470699
14059.905262286298
15314.190505816823
12883.720274347792
13232.060088912765
11904.209241469414
11518.906908435863
14703.791294636027
10808.290113428171
12744.654056545929
13944.7923731122
13944.7923731122
10892.790315470775
10808.29011342817
15584.407422129796
13555.573339759452
17513.57878225345
10290.87601501919
7293.476591313115
11657.702467919908
13677.014865955693
17513.578782253437
16324.59130157338
15663.889078327236
9707.92668661855
11868.6982902916
14041.405179200116
15584.407422129785
10404.32528634769
14118.754211654707
9871.534339563725
11811.630513085387
11105.585418081118
10195.2662730214
13195.00437314275
12287.236309936026
16654.908406931823
12712.89128054941
18603.17802633019
14352.808785662977
14118.262211403335
12005.550291589574
5849.624396181499
9379.219562109734
19059.656015045184
17456.278488348376
13811.226402078439
9352.157301969492
12358.631108598438
11923.189017092654
9277.668537031826
9661.754836107903
24603.26419047273
8872.33916555197
8182.089178736174
5799.432544146965
12827.789182902363
20397.878158734606
14424.64682260993
7950.064676478507
16242.553803507692
14450.119028837411
17491.07829137567
11452.942374591683
14720.183805687226
14342.841191759513
15016.366930740402
15888.817791254614
12644.61250686317
11891.83236145206
15465.66994907677
14120.025365533751
12715.10303178763
18977.133949942712
13728.743127670776
14201.743082548717
16868.61414252832
15483.330696084886
12407.750911997928
16359.629623043122
17193.011205076877
20001.886681625092
14176.985686532224
14617.333640265308
11837.831276721194
11243.844937826816
11829.842853969625
13025.689393267405
7479.6723458875895
7554.300132028913
8416.687328658252
7295.992751208662
12005.117576942923
17676.377185008037
18883.113424133382
19556.450863604114
12272.064718817346
14437.772805050183
10274.411728919104
13456.950096553628
12743.103947458452
21777.0424150407
17200.984454078767
13078.629539730771
14210.790032903675
14165.28311893948
10102.007690569402
12773.490791995975
16060.084175316935
11486.810980334267
7885.493302381872
11585.953832095647
12840.632894851715
10811.619230786864
18585.41424107525
12970.904113623761
19537.984705037892
11645.383400617455
13698.245951760502
22310.045124207838
10415.954365033182
11255.60085647145
10345.701997416327
9722.823597786391
9588.064499216445
13223.301842192916
15004.97886581083
16165.405960621269
14963.798305307932
11602.54557688716
19154.515769667512
20607.01857627004
12300.77891795432
13319.36145983337
15482.301978365322
9438.9622630919
10290.623953105935
16022.837186836372
10094.629083180178
20187.77937208732
6410.608065034106
11952.199595094975
14519.207629390896
10439.155277514703
10300.354024792927
9367.206656979564
12871.418834916982
12771.964228132232
18551.386182788046
13088.881740730003
18357.30288679622
12740.72681272955
11875.152486639934
8372.090464896495
15133.987997482003
11777.57735824088
16052.045039851773
10845.851796270836
13628.040079193233
9510.965814779356
12755.004819155924
5306.648885626296
12154.838414479073
11084.082291772327
13335.2293367647
12803.625383670207
12104.378531091712
12264.60987364649
8464.169711830104
11745.954912764868
16350.823785339533
11771.75398483821
10811.854548392288
14499.824609316694
14669.655526301582
9312.732093184892
17983.636506650346
11623.951254517617
13700.0125235707
13833.397905750664
16178.19031333823
18977.613561852995
15236.60224907592
13655.815276277426
13612.298550767946
13647.041733329397
12216.366999083102
12100.667411526481
15495.184183321937
15306.322091063534
12956.137884830421
14397.8705496951
16747.442429546245
12109.996567103868
12414.800802577116
12795.168451338555
13020.065575116842
12627.554853909976
10821.990066324106
15580.087897838
13232.351796062248
8160.541942291677
10152.763711689984
15819.90921415199
15442.043794464002
10451.33692413678
17911.939608309545
13450.29790239804
15388.733409978955
13387.025280271626
18290.28804140389
20040.66604156857
15474.014846505595
13156.368189937644
12300.242902469494
10619.161791039865
11029.233256431016
19458.267311324023
12876.442514843504
16152.335726862979
6930.498735774135
13256.586793124598
11393.696928177655
15991.645403451354
15255.142582196346
12832.696490929555
10666.420958260896
12110.114893220978
15049.035388542108
9344.08841339628
10927.1089483455
12331.63113133114
17688.457316945023
16621.635152464904
18311.089749422437
16216.221642890438
11461.567439718861
12788.106597352451
10539.070431042883
12534.999652086655
17486.64407759439
19616.90509178832
13726.604485680667
8649.697540513718
14482.925766996123
15504.904913804985
12147.967052187118
14923.289998380851
14105.0451369514
15169.470093788186
13086.998069332292
7438.532521226217
11181.352955049566
8144.341147423562
14063.58654773806
11780.744690681893
17496.05391987772
10493.648779500802
6366.975207317829
18134.01260772058
9633.374030705154
12028.431056137917
13745.545048991275
13472.651682468428
10261.073547501914
10084.346736420031
12359.379933516122
11539.323680515969
14185.37542840641
13651.113466967156
11434.52952704128
11907.994780817593
15264.094000809511
15329.791675236578
12110.906131048818
11293.194278245688
13175.195626468814
14390.717241669281
11307.222469400265
10272.585674167325
10412.639840062395
12059.849795758939
12860.029499101762
10512.81334565002
13216.204408812933
11667.35797252506
11425.686998701382
14007.17453410485
9900.352557123593
12994.40743707694
19710.259280097987
19710.259280097987
14511.938543735228
9900.352557123602
17516.21969891679
14393.751107468954
11819.41703946581
13809.102693119006
13585.369657287343
12928.523889321354
14142.179737971268
11819.417039465807
12790.675284882676
12994.291914719719
13559.084786922693
14142.179737971263
13019.435778466932
17516.219698916793
10958.63647414684
9177.403104609872
11852.64687510083
14896.124291237624
9752.247691490411
9262.484246358119
12031.068181145341
11852.646875100832
14517.962228646482
12868.02628322564
14212.079366343292
13175.03937933303
13494.501606688627
17516.219698916797
12220.07559393182
12206.903327764732
12342.745658225236
15140.23639644322
12399.849771249199
11253.143732824637
11521.400566980434
13352.076028879645
13323.095633330231
12955.83891472743
13202.280339417037
11662.8252509385
10507.68922622478
14387.667097845155
8996.305795934193
12827.816055379137
18410.616884936615
11191.647886809882
14613.042080680692
14177.671414635719
17080.656414398287
18410.616884936615
14083.827708546785
10143.356598130385
11622.98764052884
9564.449479137438
12066.361092319416
14387.667097845157
15691.596622731937
13820.514182117222
15412.62834151571
12164.576225614592
11953.830957696102
10705.71971545484
17813.146418278648
17259.081364565383
18399.015891359344
15120.304356794264
16042.19522888203
11435.201047987068
15518.46584125532
11071.597314020359
10113.610433880727
14834.544996336233
9793.855840586237
9686.628685161724
9125.75034159918
10111.995108463616
9925.184095175278
9793.855840586237
15271.754912899713
8851.104373553395
17902.169862554787
19809.551431940716
14470.80575660988
11071.597314020364
10685.442021075252
14881.22484580338
16378.237844282496
17380.99088804222
13807.750651593491
11153.158888468577
15150.041239878388
12986.598620617577
9172.705626086728
11872.366676553016
12768.173821664466
13427.325429722594
11748.708631005991
9505.62478025022
12930.183915869957
13278.310159447865
19711.8524136437
13414.506092947699
14740.82302324539
9774.25560330859
13018.872979878948
19711.8524136437
12859.954854907759
11752.541717753786
12171.4483958231
14124.150315431349
9654.492272936559
9505.624780250222
18236.6696306688
17162.193529826385
11856.085205381283
14625.574671495866
13036.016958492646
14429.809242202648
12109.92891287209
15413.376198751255
12101.667910608705
12078.401584175612
11529.68092938371
14622.869846038979
6274.205333261547
17892.40467378492
11294.863770785114
10790.225033431401
12797.226183220533
10935.4009147564
11905.515625234359
13708.620109580097
17106.633992881794
12797.226183220535
10925.187626994117
15861.364654554724
15448.139155111143
13310.506279818857
10682.263872052805
17892.404673784924
13304.837199055439
10923.262743605148
10963.015163495325
8261.647573527798
12364.225288374777
12838.330052738102
9533.184016375193
12949.822291490038
14588.356623333833
12729.0491952584
17186.677941867514
12433.941910392981
10775.209817272798
19771.971727201504
11384.369767934993
13641.117686055773
12505.322661221644
15049.783780065069
11482.207970708805
10452.04672389779
14164.115904951599
12505.322661221644
16957.72155088665
12654.053264839251
13091.370616152106
11047.090080440004
15298.401744028914
19771.9717272015
14570.060338304593
13376.393003917801
12764.351828967301
17462.23262300866
13983.458100230757
9537.170251387497
13170.217734590928
9257.553956262867
14365.028301078251
12636.812980838142
12362.994684707872
11811.419780921164
13445.485731104905
16390.644670660397
9986.760113942915
11352.746009079163
15040.060019337236
13300.474698725106
13765.89071477279
13305.312485551985
15369.53125408493
15040.060019337236
15415.456883371458
11486.303318669818
11648.948719091159
14516.876221383909
11676.195313375858
16390.644670660393
18146.173498230688
15842.171723630403
13616.531522795658
11120.603731534145
13191.584686228052
11236.277953926448
11318.742903880546
14590.09510938559
13801.434484745352
12466.919732452216
14276.610835489022
12430.310344778858
11948.07707227109
19374.490272646504
14033.746062425103
12434.209168698711
10564.855549812959
16258.471569325451
10404.621632614835
9278.120883669533
12077.201128452742
10564.855549812959
14457.750131375302
12262.035932304214
11313.851061264662
14557.603842290191
13980.736317115778
19374.490272646508
11041.619850038047
11882.410201822284
9577.299224296157
13504.92572694788
11305.291643240073
14403.18513091473
14838.707473082413
12595.976351044297
10814.024614879423
12889.691700179257
14909.336800608706
12319.825966785762
11465.270287022586
15015.18957164417
10957.500896850417
11374.99760075662
18414.36841070939
16914.19317878247
11867.045037006132
8630.880387698051
13896.481637195717
18414.368410709387
16521.888913767638
14374.337196424865
11192.434422494845
11201.500594797975
10151.543875194722
15015.189571644169
15172.773318424486
13317.83878968138
15233.281766076545
14314.717417018659
13373.121818338872
10490.071976865454
11896.69706123614
13276.954207632005
12643.520935165836
13052.677699514523
13480.517265971312
11562.464408688795
10690.203510892767
14458.841652258341
12514.078546519862
13505.148454322529
14986.865038869588
12851.804566441366
13505.14845432253
12392.079732375409
13341.41741618441
14986.865038869588
14458.84165225834
13067.608186847514
12236.37991991321
12236.379919913208
11847.633814495864
14458.841652258337
18364.62283779673
12992.499631514227
11088.000451659998
13366.232051427403
13709.6679795623
9606.751228655194
9348.773337611137
11088.000451660002
13943.953664965897
14832.026274785914
13366.232051427394
10070.537585876134
12098.871662728938
18364.62283779674
12225.92614971555
13682.434215818657
13600.120067651322
13037.400106310552
13682.43421581866
12082.999762357531
12927.945330471895
12534.832356613784
18364.62283779674
13663.473596804903
12045.258914679167
13930.706663441622
12415.831426321443
12589.943518350443
20709.940252684813
12243.359988671116
9146.675560197154
14711.981790871321
13630.763898753858
11590.091380387972
11338.711390005887
11038.820138306437
12298.055898122055
17390.303953290655
14711.98179087132
11265.36112121878
11240.263852109085
14531.327345176804
11696.947303810595
10682.225462001321
12216.373985322969
13044.036205484477
10820.875955487672
10473.73010658946
12157.491649794887
14327.043219458355
20709.94025268483
12423.999962749089
9435.633271014554
8805.599469191497
12470.841233999385
14251.378186337466
14053.83662592468
11987.992493373175
13557.78800175091
16609.80332773924
11735.692003006843
10531.069737364345
14324.602864280203
11766.090526472251
10403.575212118385
15861.269904361745
16609.80332773923
15646.418524099467
11333.382141276608
9594.976627713968
13096.333502151481
10609.134354520993
15796.933798563798
13720.407503505081
11808.734215278919
10371.958859749247
11813.199180282383
14087.277869189695
14053.8366259247
15395.82601355024
14568.788194401068
11243.131613337147
11418.692308391112
16802.17577245504
11751.973886941534
12723.563048642834
16083.068568690278
14455.929510072763
11373.562637247993
11336.126567857023
13680.930686310985
13066.304498623118
13567.43837258045
13983.958006987876
14455.929510072765
13551.88512817429
13262.164089777236
16036.695315804094
13223.296198089176
13103.325719173577
15538.723800932232
13254.558036034285
14508.123204236123
9628.141680237655
13836.944522612986
16872.808021007062
11751.97388694155
13266.287117754664
15468.736077687137
15917.157821783634
12560.758552595209
14318.67862172025
15131.141779948504
15045.413975482901
12816.34237106624
14788.359200282359
14617.092612319339
14765.432871774177
13532.065847696038
13521.782895871378
11789.81557623486
12362.063652930556
14788.359200282357
10159.6728826129
8567.078433987088
17669.352558848877
11587.195100532095
13296.980327563448
13880.282792269732
13791.767457655838
14522.020138884955
11767.871819212858
14010.814439794634
16981.852959481836
15131.14177994852
11716.215262877322
15344.317860351002
10890.337637905603
13103.510769560135
13037.709210433763
16286.81790133613
16555.92575689881
16217.133965593308
13186.414766014372
16333.509057600591
12865.878291148225
11713.513155165516
12424.892372123568
10888.131631760634
10578.807006469297
13186.414766014364
11592.128823993151
8437.82373235435
13702.580371016304
13525.716132798576
12866.460178142976
14827.681044682151
11378.996455415105
14022.80659729879
11067.494472529066
14447.541327490153
12227.828005409656
16286.817901336122
16172.832646488143
12399.297516755114
13340.288078046926
10221.91075239244
16244.41224638002
12968.017454406403
14818.571407578027
13636.028096773272
14456.85318569347
10815.787186404785
10081.264136277421
11022.344610991968
15540.546222183211
11741.079553035646
14761.432869683224
14456.853185693455
12845.33294778985
10249.872302975442
12705.0298786252
14153.956856238272
14627.873327073436
13292.484953112384
12405.92903917098
13629.641574060102
10645.492284685693
10937.558902366258
12956.281820624592
12968.017454406414
13450.146732642275
16234.732350776829
14572.867824413855
10981.247010046256
13099.005015521732
9935.997229383822
10325.55264313343
14806.64086346619
17030.977348110588
13735.414603885394
10320.03043077161
13699.339083028624
13827.341076708308
13533.15544933626
11020.706655331853
17030.977348110595
13891.060925887354
11050.731008339799
9914.575847070904
11954.002820092037
13406.991470002926
13758.269850631219
11139.56501734965
14155.878648567043
11682.505414461291
12774.914195869322
14544.605041850356
9935.99722938384
11836.67650496171
13880.317865337936
17686.93388085023
11917.121031430388
13213.160048383472
10268.396950856017
9918.134878822108
18211.69364268943
10953.083105961847
9987.726709060551
10080.271875989303
11846.01830441002
19733.27874642122
14566.59025372521
11469.161348835369
10953.08310596184
14903.10521643614
14155.92355051424
17002.11416720295
9604.600575713774
13234.444062566305
12703.10493514831
13422.615973518597
13696.089020938272
12302.838042698057
11806.876013042243
14233.486771626398
10268.396950856015
11964.37281003681
14195.96271439485
17411.92539063801
18213.335160898183
14077.260570367329
12663.766580088253
11863.72782631433
11473.585974264275
15277.464384994913
14141.09589310749
10435.81947829821
12056.110993523202
15046.320543445658
12460.840400925315
10884.964671298665
15277.464384994919
12056.110993523214
10590.79407522269
14591.575520849485
8906.068322960331
15316.273896659059
14413.779610428637
12345.049443967198
12492.28972806872
15302.546733793552
12519.106349037951
12201.75114865134
12663.766580088264
10505.279602977338
15492.413190415096
15492.4131904151
15164.73221709234
12663.766580088268
12728.080004876647
13410.406864716177
19946.602210522276
10211.540328185854
10075.566386334778
9345.410630124463
13242.37542866257
19946.602210522244
16253.30887089188
11256.536554943023
13279.903789302316
14721.723603352199
11563.605268933356
12728.080004876658
12399.442000638892
12158.840143638412
11551.638837748074
12932.607518569008
12406.922445824433
12102.643595254383
11880.60663035954
10605.857648215113
9513.957380863512
12262.875196422605
15148.908225153547
15216.719259309513
12881.002861605435
16572.23943576634
8103.249581763715
14225.94112176657
14401.437685691171
12159.012041843582
9327.052504312447
11232.492246242124
15416.64533350886
16841.604961824578
12328.547906673652
11510.817473140978
15485.990578870758
13782.979604140612
12752.039858491724
14009.122976670858
10151.834924702845
10805.744457994037
13179.944211078673
13725.07612430153
13193.353942343449
7916.991202431887
10840.89140271645
10289.506100879908
9454.014464620825
8831.441761784607
18777.80762493703
16729.723411867028
13947.276119513246
12798.845565454516
8776.324817499279
15083.221969786078
12281.118510524571
14389.22045609315
11372.349895336205
14304.294183224549
12491.315635973662
17943.807054924036
9555.372213522684
11031.246639674968
13745.542315122353
11411.956336297642
9549.218604996735
11185.300514743105
12674.920012243858
15710.756271574632
15684.604901659837
15340.919464057715
15166.270709974264
8221.937802171715
10844.331203923482
14871.304536602118
15896.727552808334
14378.981873663195
19276.215632014584
14038.708813236091
12353.67129747516
11859.44976088919
12739.673722399286
16820.517971951136
30987.523974012598
11884.295093214665
9460.784102684785
12366.99800717619
15450.553423994257
18629.186812789754
9501.657386470833
11521.162788184076
9920.314774614528
14838.391975043205
9963.112419598303
12829.241391291634
14844.46783381416
11291.264429964598
12999.315640282734
10649.861751658951
17098.013347713313
11398.285094629591
12310.931222313948
9089.745966049451
8956.33323033632
19558.354647569668
20519.811276353666
17578.001911462245
15131.424009755883
11981.274112621346
14784.663881484652
14215.748174995228
13469.038708545073
18272.149258744743
12219.338556100442
8785.257493124507
10917.783366092812
11021.497783200606
11592.504455746926
13428.135623285661
11702.423025803786
12069.02752707581
11497.401580380241
15228.4306410467
13192.716609495035
15161.779848983464
14412.784148577948
10554.043199955378
16113.403425123302
11570.125503729661
13409.217240040722
13450.718731776566
12496.709721862058
16130.67582637132
16361.334784967876
18508.60584617021
11786.666376980338
8726.87438954517
22292.220934467976
9327.279160072023
12906.833975095848
12687.421311007136
13522.75952977911
13463.578741821531
13985.17542029008
11810.504210533203
15310.683429941626
16239.806883044484
20371.963582461998
18911.952604255126
14702.031363585558
12032.541894471311
6905.041070896514
8297.458543274093
12628.331202558695
9198.03846006784
8064.015444021247
8959.933669338388
15174.318770208429
11505.11935527138
17153.446307229366
10817.52661605111
11815.78353777572
13202.320627910412
17317.132929762236
14314.715316501895
15347.399100688028
8992.759289591544
12761.54583604569
14338.440306627972
13551.16458033875
12220.868173281422
15751.592348568009
14357.946121616087
13847.483102327906
11498.02502949296
15726.753573180413
13476.607279547943
14372.975771915933
11670.439293534233
8903.95030954084
11986.919952718943
12799.361836367649
17075.0097612568
10196.244305649258
10254.115765187262
13372.240492020966
18265.40951393499
17015.04842628308
11942.070914439293
12510.560951913292
11685.998368165698
17225.233951996786
18664.4980772574
9593.131675001752
11862.897054610701
14539.484725368166
15848.023364996001
14729.189187255099
13132.6200161782
18275.111228228412
15414.957655216002
12210.41256200719
13193.429424033859
19144.94522407045
15568.384856586164
12141.00524594288
10837.292284750612
7944.133566197345
9623.267506727412
22626.75239306654
12319.587922814935
13663.382363225714
13130.178291342278
14027.765415558273
17523.746856627036
10510.007718234674
10679.37778506885
12819.583355080182
10159.186794486886
12857.113468955435
14379.826024781938
11849.748820194685
14097.453938040293
20746.81416259308
13310.248113826028
13611.196056151472
11939.280819246143
14810.0175233964
15946.1943352858
12808.458034413174
10068.734256364562
12787.533746590938
14122.539528155732
11166.726533637046
14607.351446456958
11189.250131201583
13058.54904039607
14366.985633808734
12736.341399370867
16123.099446884871
13532.851770270043
11668.319439243043
14270.480828306543
9611.164811009285
13931.164794238684
21924.85194129766
14197.86219484101
14042.322563834628
13384.53996298504
12912.236307321093
13541.131890793906
15427.563331303636
13561.862894032956
15536.230290745729
11922.546209899965
12612.307255060168
10276.55170820089
12170.71203605687
12238.739926262775
16380.735535187083
11865.738537417246
9740.126560084522
14462.850030924332
12927.688826959038
14697.930889988349
17621.912131149198
10044.927443042632
15003.608062449113
10934.72257191144
14935.924695748046
18172.315579659375
11699.153772591746
12759.01476602561
13362.79366030426
13362.793660304258
9245.068559914178
11699.153772591748
10589.326531940975
8984.02146754074
12411.526774044105
15120.065017500927
14489.853677467092
12923.90756724602
16344.381984122208
12411.526774044103
13658.154952347506
13352.782622073975
20128.66339065831
13611.06891979607
12590.12225365777
10589.326531940978
9743.23662603218
12774.639133686202
16978.683545410302
13057.592073844844
13209.562624015743
11595.63414988084
12698.904898387635
17602.434810928713
14331.022456598348
11637.424698105817
14063.21006094183
15674.83094723209
13747.02832789725
13682.11368316396
17824.154210772736
11428.59497293843
11137.313742959084
24479.68080312513
13395.604127902538
9556.885732600405
17915.157013393222
15656.61212555633
13387.643841242381
12081.64248152238
16471.83668201068
15110.637489028777
17892.164759429543
11218.916264699157
8948.056414899163
14954.552757210393
21868.688424359738
16877.93833321746
8908.529841779711
11291.541945294459
13385.71749275824
14599.071870458438
8045.803051601971
9807.107346858931
10260.131470973543
12537.995304975964
10752.564207414725
9998.428040479113
16223.068793450251
14906.551026656663
11433.710355428311
13692.046127578034
18980.6105187343
13591.744293009146
10608.7326798834
14702.716768909755
10415.63293784455
7938.1076668678625
15629.449808622361
12902.178377831018
7228.782313065426
14952.029344055707
11425.449674849784
14509.786771074641
14533.01678290247
11504.988131719429
14017.53872462915
13518.0182934386
16846.83672043921
16247.68520257214
14214.816656282503
12147.237080152612
9055.02064924838
15777.955688104748
12856.22690214484
15955.033541547527
15499.782208636632
14331.869888633359
10902.201666148501
11862.763300879791
11821.360597759134
15068.658021380545
10802.604063542716
18553.556061848576
13092.069330188599
15214.29412181951
12586.371430642208
12989.137830909736
9689.51564382768
19541.127743104083
12449.831167733237
15645.415518460255
13010.0127693238
13708.004505620233
11669.558775859085
11452.429999089172
15028.895124832537
9393.726435527265
22183.390641857033
20489.15898395811
16775.849019753616
16428.89006306889
13210.164034053138
16183.124424050577
19042.549310994604
12894.8306138576
14352.536209967357
16243.621942794307
16484.935318381402
8902.943313506765
12903.040616246575
13194.505596123712
13213.21771461753
11658.818930872954
17898.827533002117
11481.40345929467
8955.28331462696
14581.10817793892
12700.30537609955
15284.3441103639
12661.245653922457
14629.112455797844
11237.868761913527
12446.47228411234
10739.059811565428
19001.271691177364
11063.182929877057
10399.078949470784
8026.213578682695
9369.9161832652
11413.143830545741
11832.952702156217
13406.831067941468
14563.60050266712
11604.658957477326
8586.99461053002
11767.723945147012
12444.363816815718
12527.231884296349
15535.673547777727
11185.683647973701
12177.610740670189
7960.272700301737
10582.644817562112
9951.561994836817
15676.07569794504
9012.26848782965
11972.758211672566
13754.861548083993
13871.607018798513
11220.74659087896
12349.646235413262
11521.200438028181
10650.500340884873
18642.775090773146
16728.154851249248
18984.512207953157
13980.177160145826
14256.479737276162
18890.24155434362
11265.5546010247
15990.423937692452
17731.557113281982
17395.70236325911
13509.015442933645
7204.464698404341
8991.719742955442
13262.163206316867
12302.038004327618
11623.640995157104
12488.865222032093
10448.159577850322
9429.571087075885
14445.258371460743
14496.765731389727
16108.468033841986
14583.037517030005
10813.204435528984
16909.39393412341
12397.020919303648
13021.76147365041
11567.6498802102
15167.340457512477
12752.781955799488
15608.061630882206
13188.816999298382
9131.882389957584
8843.607880704836
10906.315076825367
12753.758926918934
17260.617446965658
11655.837583325902
12542.206469257359
15189.265689190917
12861.119685291002
18519.765607231446
10137.765925585829
10796.341613759705
12039.232623364134
13611.07037069792
9460.796620248877
9799.901795529913
9965.843969390537
12211.190971894
9879.29306552965
9778.343848450728
15456.435804783796
10169.392811136984
11232.509024551224
12906.029779546057
14582.659985686201
16265.219808321759
22661.806869351858
16917.144305285557
14268.82330514674
10541.964981141187
14752.609160730333
14684.364005515687
19496.616087730818
13928.510289141157
12684.840065744685
12057.048169882451
13435.962208312363
15558.291700573078
13765.244470145657
10359.244764172927
12998.614395851017
14750.977402273256
9856.133709031576
11125.440660814236
13304.555958070778
15376.236890315311
11297.487639802577
10753.408125699565
12283.757872330278
11742.892807546492
13313.8487282214
11647.503424714778
13268.486736887793
14477.379273884406
17533.510945893795
21515.523013837214
12540.711886855197
11143.21582246418
13725.82103190362
12191.709745440261
12119.885448203933
16511.377978381257
12349.30763571785
10853.253608890032
11466.253890967062
15106.26747217374
12413.227712775866
11779.92668066999
15628.182246283908
12964.108345885397
9343.978533972284
12220.252715460281
11354.30550660865
14995.367965799043
15631.366304563528
12805.972144082076
13551.804583748286
13652.20852795266
13268.141241838166
13801.721241196368
11431.901872844412
11780.180765382302
14455.249219515408
14455.249219515408
12024.296895602361
11431.901872844419
8459.106988781265
11683.503143336886
14515.64455197486
14936.849557528882
14401.571526293168
14474.396640652854
12601.585483411858
14515.644551974856
11742.532839265354
11262.656453859172
17270.4706050277
12405.291288055178
7747.377709914317
8459.106988781268
10145.125486787234
16000.642583560591
12552.25876898031
8496.279871550136
13704.494696108872
13232.252052279857
15614.299550206346
17053.53758779774
14673.006189404889
13086.778648132004
16247.135596382494
14410.343786399077
12691.911937719162
15685.664657369794
12465.494304109388
12900.577233813929
15024.213914711565
15816.989193408446
11740.701067592894
8377.859829640134
13439.128880897924
11988.548454661732
9977.876409431597
13599.37406690869
16592.019519059173
13912.523029832779
10824.030543485145
10422.570361813052
14489.56109068114
16165.749501841947
20952.418722117764
14387.869186257616
14564.266867229311
13715.669271460602
12912.09958639988
13096.290303283698
10214.946980704535
16083.212687078483
17331.01416788723
16047.195271775434
11108.358353373143
14777.5320870997
11927.795827206415
10030.524593355549
16416.70194987272
18071.625823917442
20464.670801142383
14368.76852721055
13130.131578414335
11945.06122935604
14485.982910575955
7176.990950411473
17087.114747971675
9872.711607244446
8232.248626476015
14303.738220677515
9016.146043787823
13358.32926843616
8875.83389084622
11277.71721743845
18735.67171592874
15454.122288393031
17523.111130675257
21404.48287192869
14072.093742457666
13453.80554724461
13194.304351458375
14435.985509526408
12610.082454738866
14016.46986081521
13882.770624917388
13743.464628740425
19980.58309487074
11275.321360791602
11658.364524770395
12008.077809845607
17203.11785809025
20408.52689580801
14878.183446016816
12075.455616190198
15903.316903036173
15491.616434227488
14031.86053010936
13487.343629014022
10637.975655276125
11317.121501030062
12689.212087247504
11550.697340846544
9398.294791840162
9609.03699846029
12371.936838674636
9080.445062875939
8287.733526841244
13585.697316746395
13356.46796584973
16070.893137187097
13201.868169069116
16389.012136899582
10673.699697324553
12592.622058834837
12503.38506529382
12429.131973206595
10521.699961475586
12046.34374072198
11104.182502366166
14865.490631581188
14471.869010431376
11308.630119607977
10011.892550289343
14670.589666958027
12013.096122443025
18942.60371574086
7659.809208931127
9950.88892606435
17145.156201799717
12150.93466264247
13724.196092532002
12514.839784423897
16199.130806300793
13773.35952748506
9942.651597363401
13846.031596624183
16873.41311260389
15129.606905903873
12324.50169802364
17814.879363912074
16430.257102526917
9907.502446763945
9906.739800772239
13781.821002708004
17173.92105263921
11567.680682997774
10807.83134034132
10060.22169317699
19960.060601064226
13171.256102595555
18105.50092138662
16161.790820487431
15317.953280279891
14928.913057614902
8556.27027931374
11195.685838029523
10360.769514210237
13342.983022710168
8553.32684029149
9823.500848891217
13959.080223368328
12943.61330427705
23587.061090581028
9447.100556290534
11043.076216637428
14852.157806165545
14301.05248207093
15260.312032254606
19432.125519674042
12737.34808306126
15518.493117040818
7638.437910754009
9479.124176989259
12784.548378955085
23399.834958394298
14961.535991855286
14879.395218885735
19334.073981488833
19933.473321643607
13179.748556297785
16994.3630001505
10181.287798906762
7891.761160664814
9443.872188025663
14952.223600860667
14402.711937086693
5931.59444892176
9300.555510534992
16793.1365177631
28659.267702277
14026.97214932757
5783.451616221786
-4622.1335955423465
13816.960324712925
12496.994946249704
16839.687666536294
16945.65053344846
14502.510685221496
10929.629216797995
13206.43368340662
12389.259664529294
11364.887839699784
12802.226334303545
13609.439693225599
17626.835951691493
13097.43473244176
10224.186445450176
14374.499682672542
14936.108166942016
17661.337253183843
7985.838018888009
11967.082459365516
14043.66404255625
13182.309065325353
10427.658295780982
12621.091394315736
16334.22095779793
15186.612578124787
18036.197891499593
8756.605859008334
13006.481526209334
15697.648392370122
14905.03086792466
17165.283253169666
16338.376303221545
11529.100734076215
12736.90922915368
13585.794546317447
16016.331774156848
9921.489524119921
10637.068367576945
14724.841698397118
13325.182846502114
12630.64957542527
12227.198975272839
11142.516127717307
11104.379775711537
16285.328657177648
10305.47336903106
15005.98174496059
14355.962638936178
12281.900050808461
13709.816992830998
15144.717273590184
12421.697784183058
14016.662044893197
16320.659347678607
12050.723208227644
12955.249551645868
14499.445398182821
16894.277746974723
15086.601522600284
15226.799838723307
13167.046417520673
12809.980552335786
12498.377846947318
15900.178411103781
11424.639793414959
12782.996872778787
12514.31106765473
14455.114758515952
11483.968197310074
15057.294279981508
10111.014515078094
9105.832129215298
15337.874421734861
10413.980113423628
15502.829420269409
21533.951015521565
12290.950379570244
11891.148922651388
14355.206284773063
13470.523750938082
14052.051224215862
12286.323290768636
10160.777993957774
11146.468679917954
11146.468679917953
9345.120950627632
12286.323290768643
16117.202146725247
11736.787329631159
10564.46304173367
18839.880526556062
15525.295123735055
11716.889489680068
11697.769226311508
10564.463041733672
12549.550417647159
12755.631014079583
12988.212332406763
12296.649352800194
12043.928162843844
16117.202146725243
7379.008256707039
12136.398496859514
14740.435747465137
9644.878111815608
13158.547490282823
13837.043420695205
16879.464057691614
15412.16874807167
17022.47154598059
12770.983791969185
11353.671588216068
12027.199015516166
11673.642023372468
11809.449282471605
18861.193052544233
13946.75447473464
16040.826731466328
6934.844649081564
12977.894138314452
14488.34192454319
13263.070357568055
19928.304150080512
15886.742620196823
15717.522348467663
13249.88951520313
11283.65064445077
9945.239863357294
12140.615827458098
11685.209578458567
14483.592452040197
9618.462250681145
11435.897814806522
10665.823922551068
10023.421238763627
11232.509244863646
12175.894228086045
21606.115366645143
12850.090524401054
15322.14566608093
13625.443463377436
15791.877339024508
11845.939204218052
15807.568671421595
10748.940962797802
16623.002669495014
21429.364363870205
16261.194453743448
8099.189090107995
12155.335035594077
11778.834927996397
13663.688201929117
12521.336080859839
9378.281123011438
12826.135000813878
8408.111374009215
8365.436577766239
10360.329051827657
15221.930174082487
16466.38682846288
8249.757440639887
17011.535355410506
20638.801600197614
17290.59350714916
14964.458738666877
12515.792636558246
15367.394405286332
18427.086320780272
17042.537763249864
12128.855079827737
13985.684741048515
10663.886762054612
9994.16338256425
12720.176460922907
15416.197785203678
12410.130402062365
10051.201355437724
13838.99863226707
12695.812569774786
14283.976167368573
16199.457073728463
22183.929317956274
13769.017468438587
14618.630231162886
12448.875656129969
9765.197076802353
15904.244024212783
21984.561770611876
12228.08821895328
14346.02235252196
12231.111864402348
13374.395208276163
14120.81728406618
12815.386383958408
9704.070516537398
11176.239713768513
14166.25372985876
11941.592395076
10314.117583491663
15364.365319528717
12038.66339711201
18245.179037502778
10983.225840128813
12361.022385613931
8679.327636258466
12926.243809898895
19525.385954369638
22646.78087948269
13305.139156836805
15618.179415147646
11449.322368252348
11415.334868229053
12815.814919984408
13726.372404429629
13335.861877031182
7991.880391334857
13515.943928358149
16105.103566134609
12475.074943192707
11181.53687791236
12677.199548886683
17314.650550984934
10267.29130881645
13419.552634717365
18631.654221876943
13237.782929632547
15122.176718967472
11493.844988997014
9878.976297445515
14496.526156277709
15716.473781260924
11864.247202705827
7734.484407307991
14928.857591441703
18449.9518287531
13144.399213458808
11756.504636663693
13149.649051697696
10631.04027879416
12087.187660919304
13408.260975914165
8847.449422806409
13167.759706335977
16771.495178016226
16062.60732518562
15246.46627557745
15411.152381675185
10096.002143856349
17926.450806304158
11522.679418087959
11082.372207196895
17099.070623535117
8329.3427398001
14813.217559878072
9402.928658313242
8217.468785637919
13408.093326220776
17342.892218085108
15369.390496600305
12333.772304428043
8362.724864913345
9470.888952240772
12605.263404328507
9521.057050073641
9555.915941450789
15587.711912065133
11186.049359783086
8329.799648773958
12796.684191763361
14218.999319101638
17108.59499211866
16928.217831736503
13766.110849862958
20364.576600957775
15416.305494758339
13608.999752392469
13006.583884163234
11059.607369335541
13931.344563157507
19871.517429187865
14726.61621577618
12709.205578009245
13446.041200771104
11794.730823127838
15787.46173652495
16707.12639210375
17726.892996549668
15647.726757928633
17336.47390818484
15691.068931650181
13714.851439764201
10924.00441949108
11090.123569116902
15904.439464517174
11223.107954345158
7771.489021105844
17980.932228237714
12491.253456756984
13124.12816762092
9734.761648604588
12377.06092092415
14152.474670645812
10020.145526780401
14301.421804354759
16862.911986634037
11244.123143630004
16434.28885105802
17257.759156123884
13307.018913793416
9928.195604460365
14324.458468110015
15762.611205855535
14252.734499354912
16054.18609338272
17766.762083859834
17993.80818070119
10895.643030433668
13415.094828504973
9960.17361867192
11732.502182259772
13062.891599159393
16384.348040091558
12746.819636925053
9393.73992033673
15279.328581849784
12310.394205402274
18103.40403335071
21674.36911039831
11476.27383762595
11812.973402119895
14342.7342481411
15375.850982988573
11853.080309897145
15269.098738096658
16489.809339071497
11052.19510566249
13131.46686389054
7104.658431139193
12364.298348324934
13516.861294388209
12472.657874531964
15943.748855153457
15291.81037804312
11959.189460463063
14109.239605342118
13399.996505731187
13220.406746228204
14613.529983810324
14494.4722529212
16779.258776262697
16357.817301292916
13565.68976424222
16035.233260818468
10558.577982234327
12664.733473626236
14186.329423919662
13892.635315410207
11380.669650602698
8602.140544553546
14593.393786087898
19415.4415300932
13423.213647772049
10378.695680035024
11614.225907660211
11614.225907660213
12606.741973768974
13423.213647772049
16188.051049838983
13087.350971042433
15576.797249916177
10536.291571072506
10998.215361251923
9807.18559575117
11283.029583564168
15576.79724991618
15201.822173814004
11705.953992055365
10660.568515865338
10809.40195200573
10674.397043856896
16188.051049838974
11061.423044735258
11866.6118597135
11897.187518446206
12150.047078031512
12178.673683694095
11067.90387642711
12037.678218523743
13171.369150833356
11707.447073104151
10335.995280807796
11657.130892276524
11966.768678341678
11042.562677932117
12258.144538408324
17263.69040594715
15981.489157995129
13526.482337076848
10245.172578330914
12913.282543838535
9592.435877301878
12672.68102805562
13259.789719362925
12503.19381941846
12708.52353825173
10132.16188150755
11439.919331511363
9132.065477022476
15118.127029880783
12216.782507938187
9596.44042718386
3453.4665791481766
6633.352507624553
9495.537099614365
13638.858762091317
17838.595896786537
9741.897200111534
17464.589308091414
13054.47736300866
9656.82768374331
21919.229435231584
15869.830604053477
21750.587566813607
10054.335262891935
11064.130723352173
15296.049376580455
11073.382298590515
12009.33069077642
13424.204833746362
10666.262236342232
21979.86825344435
17426.372611940864
11895.984825958652
13472.858863613172
16516.898828538768
13022.789620100471
15162.54539495749
7056.543384357811
13123.746947550217
13987.511890500458
10895.869617416036
12692.378983579652
12425.580042027697
14016.502702733182
12442.045869196174
15136.984020508811
13005.16039138514
13382.652713983296
15812.838010238998
13635.958238696487
13462.50864800471
13882.126246748317
9464.103607639197
12565.985517620607
9670.121797159123
10497.892539637418
8984.254531401055
13124.070637203034
16186.051563151748
13541.339016345317
12970.87413420077
14522.479094230175
14648.18093079394
15819.307989034765
13922.244320136977
7298.773932695404
13918.98416330161
15040.369102489498
11587.746348260804
10047.612851265541
11760.767780282278
11208.18633055119
13479.458642739117
10072.085306380628
7467.937301529261
16812.125758963848
17570.380128416222
21389.28271187468
8618.088988653762
17821.270972363687
5594.700009518085
13607.794395598137
22303.596603656068
14022.258852902412
6528.070194630058
12241.937786079478
8476.18244697289
12114.27784206147
13870.839398886194
11140.29519330239
9325.286337372021
13778.540192489289
17653.7199809615
7215.930017360626
10502.153041575324
12716.425702109564
18978.135204769667
15597.25620111474
18097.21527905584
10712.431971089263
10666.637944790691
15768.512271017024
15673.992786782415
13078.924770492109
7920.9706438400935
16762.554597474857
18933.896474691137
19453.476771861653
11239.015638778
13313.245893599189
17237.606581251286
15917.440689060619
12994.311886492653
11642.549094184385
7830.62897822014
14805.368375136632
15827.341751206004
15580.729789033516
16845.935294553103
17669.017953717404
15941.401244643415
8912.786170983798
11379.811885238001
15162.635477398488
11697.702832610204
9177.848255907773
7775.018534953489
17612.02227394948
14691.96347713076
23909.382588674885
9706.796816108443
8734.167761044668
11586.58807815262
16323.764159768238
12134.846721484537
14865.333942895328
13153.039765815767
11425.512312197536
13610.448504338472
14967.232832757198
13212.996554060996
12142.609979623629
17013.404127277256
10982.863460589553
12744.589060809714
16967.48003584789
15554.335088473861
9213.60913424213
9085.206046498115
11930.95238951725
13936.551737980848
15791.863170514554
11573.649540976425
11072.351752974377
11916.058601604187
14240.843661153976
14640.169119255977
16557.222411880608
13567.781053979157
10565.484565599645
15379.234379533038
12957.947712656996
15353.025967810565
11656.592845815183
13880.713911875551
11873.437746364954
18484.251001156037
14156.351179366638
16034.05529605678
18373.90574109612
16165.399657298056
11069.634137305256
12182.020608713836
9539.080718670202
16711.81756110885
10308.79538924655
8400.623095956673
9215.484123980179
10596.037393826851
13032.883487982335
9213.640670850515
13679.88876144289
11000.238368060312
13870.00328973153
20413.026011162427
13107.109453987341
12049.894266989768
13291.733530412412
18391.63900606039
10766.277656536902
11414.462102499041
12266.457703403239
14051.060670036597
17271.82317368791
7026.711947225839
11354.458810851342
10346.022099137723
8038.7054310561125
23444.9720632589
16394.20557113779
11962.61813207696
15769.102176745693
10770.361010844965
8189.6587897285945
13722.392252269921
11436.727317553801
17298.03319668343
15653.248261979797
11898.52782505041
19307.81943391271
16439.89117736566
11303.258932070003
11053.793979256412
15306.750172982749
11223.371266167695
10270.803430955877
17450.499317360314
12895.781457781382
10993.052707218956
16326.68059588865
13124.503913896704
14192.165465768814
16684.24840669585
13183.944086645175
7690.968978802468
13619.286961017453
15474.533658567192
11666.205994328102
14053.713373248349
16467.189292095292
13993.48909639483
12467.957004123478
9352.661230167396
11378.5394164763
13144.16012806506
12939.371084898246
12055.629802228366
12978.409178649617
13454.980416646267
9629.864140307616
13174.850476557005
11227.333721359879
10200.331262910877
15660.52672810084
15660.526728100842
14762.868040589201
11227.333721359879
14281.107249286346
11602.833923874343
11974.058562660044
15310.938090531294
14663.618513827007
14028.108640611437
17471.180262924707
11974.058562660055
12599.566012438101
10765.082366851046
14289.611448043634
13295.584916833504
9054.69834955222
14281.107249286359
10926.254484351539
9983.987389249096
13782.019816470238
14025.033269875503
10774.121181029941
11873.67952156152
14990.873426833288
17718.097976509136
10890.344009343513
13371.45652482136
13742.367040373416
13948.554784578657
12963.19714794293
18526.58221677346
8287.682031617544
11509.015715681999
16014.421503879257
12357.731614724258
14807.894146086905
9321.6156392311
9845.84256207485
13031.334749018302
13241.022667968524
10658.83858730013
16692.752376408702
13633.238510086181
12911.303951682632
16076.515065069028
9666.628591715946
17768.441345061918
20272.644639016962
13070.062923756972
15635.74562064256
15005.01650707226
15955.747659638075
20516.563830828884
13602.536200755483
12708.542126992717
11376.701565413623
16342.830960437648
11682.532077599615
11569.516709798798
10364.935042117564
13075.677935860062
14956.083319182397
18227.17618121804
13588.397202985692
15171.11818907455
17158.687470159915
19509.233254074486
17187.70293896396
10453.06072904154
19253.17077486077
18613.211981697903
13099.354608436874
12045.58050711769
6721.588870764032
10426.701724926079
11666.453533849122
13080.232664720716
12390.317379148255
11820.946346904735
12092.572534391522
13524.121543777215
11182.912712739006
7797.785333094766
17503.896642173942
16920.18353603177
12263.842754257465
8038.124806450949
16474.278553942517
12796.558765047419
14279.936293654875
14199.04803997527
15251.266324352617
12344.991943568364
15972.261803250703
13547.43398950266
13777.909866786831
11975.44663515179
15378.150152631086
16911.190294810527
13261.12729839844
13948.999800509237
11129.737288184355
8741.968042432201
10183.982870343414
12041.685898146485
10383.506555087864
9229.158195841908
12210.662871054968
13849.346336532648
11058.197106169595
12913.730405152797
15297.03010715509
15826.966148379683
14075.464804523717
16719.49366192675
11319.605997528613
12015.40469563123
14915.455182808033
9243.656473940737
10813.819326838595
10967.49998442216
11607.409343628611
17977.20240548346
15215.01815560703
10945.712236240839
10877.144978002587
13847.120628672503
12038.139644010736
15836.809643635092
9581.21746076053
13060.033702529254
14434.24157275753
13603.570167061382
10677.583258506904
11247.775342524965
13082.007219656563
15366.192542566116
12145.693444878465
11164.65868038249
11983.702953656206
14027.099774594006
13394.111840943064
15903.564600818601
13688.560817255695
12769.071394045692
11640.73075283287
11316.610964320344
8951.036605789253
10401.358331331252
13974.502817940149
15733.940604079322
14156.896068143718
11607.335106593464
11646.133056053375
11856.600088132136
11612.586515766377
16233.628242677252
8117.321484934208
11201.889968580372
12283.616966135489
15884.33778751157
12935.735043013505
13611.536322581518
10927.28515306964
11109.75904872027
10145.39556384955
12566.694019117544
20847.168602867343
11433.939270804964
14217.941963282643
16227.13263876283
11022.747362426142
9803.030498388092
19072.102951665074
12180.59639910687
12993.886231551476
10606.535196924544
10700.532696747823
9781.113897361563
15450.429508500722
10583.993607972607
10727.820233283299
8664.786718621966
10339.444308247395
17368.313220799464
9680.711540453865
10997.87340193003
10863.3396672935
13100.404731081984
18494.48423866244
13926.80512828955
14194.519938326823
13013.577991166627
19376.14936487376
12785.245000381483
16650.668063451358
12362.620109576488
16156.1037812522
15783.660750298226
13929.543535668126
14185.753986087679
18913.632758037274
22128.26297226888
17064.162794682372
11524.740932607418
17397.187320154568
11168.540764152105
12529.966649779211
9531.833815815662
14957.08974584867
14467.747675491066
12695.95628565424
10938.876078431358
7859.189627387652
11518.868928462656
14999.082510187436
10587.034156630469
13305.107309477595
14189.982334805616
16911.714957877382
12140.64445517427
13370.218131435293
11119.508856039942
13381.790158218188
15737.352329118195
12188.233134212143
11797.272123925832
18154.46812359275
13617.47108348635
17697.428619422826
10416.412203222257
9861.316240423781
12052.410234130848
18084.36739315328
21894.677490848717
18625.897230574858
13606.054133733825
10772.5847038924
12421.243550502215
12418.27304813758
13701.265123240308
11280.422328659755
10555.722075921354
11206.24326099444
12085.942278170563
10978.459758542913
9656.274221016713
11334.504212485575
11512.54465593676
11723.669101670786
13243.601125751142
17273.687942967736
13361.40604355221
11583.524039935266
14611.21529805921
11889.156692062688
12056.132109097467
15203.463699639655
11877.751335626235
11877.0020613603
12100.024006989719
13159.35776913627
10841.543491565539
11289.714920927332
9634.134612620246
12920.6050776112
13057.562891394802
11643.989688463473
13357.861593192925
8617.812429342088
11739.995070389785
15430.341071056933
11423.928782750743
12490.537617993929
11566.548460959937
15875.117163545427
15353.205400550803
13096.988382648047
10749.550387661926
14794.528090689371
14794.528090689371
14628.510013365289
13096.988382648047
14401.583412153612
13751.349721823928
13199.516155686968
16353.636299907828
15640.222482217132
13697.34390734727
11801.54920867116
13199.51615568697
11055.606799916579
12534.229155469833
12995.479304181663
10409.625867559647
10372.92510255292
14401.583412153606
8967.114309763569
13579.085847787677
13511.239720123645
10592.422211508228
15665.489371026373
12479.399265503609
14184.557010530483
15960.600305792543
17845.336358396446
12858.53767792485
13277.73850143633
14153.36565865713
12945.903451761733
9496.058011868721
18464.093343682714
8671.90592452202
13814.686524108076
14217.620851348816
15543.336869777153
8890.848632244135
12035.833777755304
11789.550529661412
14428.64368553862
15381.088067663286
15393.372826534183
12226.067183507426
10320.468866898434
10715.135242458919
12857.864562950826
16031.781554205612
15409.07332145504
13245.012214131308
12298.28718728154
14078.898327499883
10551.852766040833
13924.419325021538
17129.241606642812
13855.935553801375
15052.6674107175
12701.22997474602
14477.456638070566
14341.59251712742
17132.169346820287
8771.419271898412
13686.420216025688
15487.034215324915
17877.809292879138
11210.83177023124
18464.33357456744
8605.26072160812
19611.669485195136
12221.172594189627
13257.977744375376
8678.565069332404
13292.02307031863
15134.65815814104
7515.40871517535
10316.590459832823
11705.761328543
9839.216031119362
10921.032877577736
12197.063495803071
17038.419943155506
21804.85273282739
16449.550600686005
8070.784170914907
11060.535431900165
10187.132600445366
11623.526804680598
10713.902338589081
13746.560296475931
10299.302574517991
12223.613553735533
15926.974310579693
13634.709070161745
6510.250631520631
11084.966966959051
16628.533385790935
13790.097125615895
13167.102031952201
14144.171951059167
10460.148720246898
9689.16804354419
9787.680194226876
10089.192377786045
17472.912098898192
17494.42556558147
13180.341516843046
14505.820080491387
21435.14480094664
12686.18432023163
10954.20933438386
15088.4997710817
11890.840436293083
16734.20167964705
11174.409757277997
16529.860790140134
17623.57266763231
13474.367102607932
11824.063342040434
17294.43576023134
16469.629074100485
13605.549571242664
10252.909838525698
13980.79219663439
11403.743363358732
13707.618093672643
12541.513579428332
15419.03428438461
11336.00571509535
12339.000393427406
13372.876466373327
9996.42035709528
12080.590933639525
11475.559218865385
12217.385153706218
16529.70201829093
13833.125313185243
11883.431364232583
14677.337748091953
13440.615868002951
10018.506364229033
19024.574400222198
13752.375191416615
15902.442377793328
10802.576670496699
14641.69441968509
15616.469595213122
17449.31934600419
14743.04378729523
14911.849428490075
12763.336250403077
13559.14682101982
12181.947790044533
10555.413057825483
10621.740630590532
14608.130187859964
15249.710790001604
10365.419912124831
13027.44551835112
13103.340206059347
13622.011629617424
17147.906906672102
12228.564408379585
11893.057499565999
10029.929107542554
14938.846687903353
14184.789919163468
11860.833714888704
12547.953004577645
12708.106386410813
15320.688107343993
12685.213491489227
15317.324759304927
16699.220346270242
21135.418369135354
12622.75841984972
13676.577235636092
14493.571495197284
14083.625453003342
10369.971417194154
14621.345307410873
11463.358902380758
10879.731435329617
11531.186268861273
9754.97409401431
8391.184086539371
21344.748341157192
13361.069277124454
16633.006450915367
14520.2656885442
11392.40743155944
13397.928979245706
9798.631408469959
16016.258252665535
9969.99085198205
13669.64609496361
14205.683375773784
10597.399279426583
17960.834535035818
8562.146735818473
12717.16751034237
16246.045915353954
13198.752579239685
10905.438906558256
11276.475271920523
14679.634623750122
15661.63779457607
14720.66951202651
14358.376131746936
13960.406046337934
11945.275848652938
16264.738855328767
15616.170298396142
7246.282847988608
8716.159886703634
8993.159689681945
11656.263009878518
15320.19363883123
10851.645271388017
10075.1316813906
13857.772371133302
16689.13789702423
17074.453213761808
15694.306545916941
12428.752563264212
13501.66068287944
14511.342436322533
12471.0158813258
17297.93094182626
16574.61471027744
10679.739457981588
13488.662778141881
19373.79404531361
13180.39012335974
9197.14026367274
10291.905696978072
11898.683423754128
12452.8133466295
16755.706470372654
18006.192639427605
11524.872244150976
11485.69355074602
13372.960346839785
12892.482565173033
19347.528949516458
18770.929413090562
14604.404694032783
11650.863432771015
12377.839229148816
12027.859765382513
13888.802066334561
16013.589334144961
12512.556312904915
13277.568671808414
8942.440172593335
12966.700720654058
10681.202555599939
18480.407474090127
13589.634724679694
13701.472376164153
13837.133537354586
16990.327070912474
13522.770485145513
11946.009159542491
12648.515432335804
11634.743396619702
9645.059735372319
14561.190918413668
12584.076437012276
9593.889687142177
11645.743225162805
9600.046630265706
12198.168734027042
15418.10276304682
12666.498518225926
11672.652030257123
14095.80355180478
16937.504943400603
13901.560407033314
18098.039158209234
14048.463920715549
10710.555827516184
10710.555827516186
13012.822899304269
18098.039158209234
16618.16800873663
12431.477842200278
16226.065636262432
12656.67322143769
12054.989076002852
7645.928987745813
12382.766646681715
16226.065636262425
16826.936948971703
11135.900713320578
9799.548595766426
11991.39727066157
11165.917752027935
16618.168008736637
12951.317423203009
14733.295863101004
12953.884783402724
11827.62998492153
11616.583856326617
14378.81228495521
15430.830661658258
12029.141157507358
12099.950879793603
12721.814678116
10853.38025077408
17958.026079763036
13463.847798464669
17462.271246604665
9319.825906518254
12173.924538268235
10728.115359124993
13894.461615057066
11794.699079728276
10250.08474969685
9533.262886985109
15709.721908939917
11447.116636825811
14223.971254689155
16846.25314758297
10362.1128882144
9523.130471590572
16805.687408976202
11869.313323558627
17855.29403056045
16324.47621170844
14778.459829752484
13933.063742056067
12968.922737062963
11835.314050282093
9328.450155360997
12974.942424190693
11715.834032325029
14993.367776974235
14177.656370664925
14351.42119542289
15858.349338909362
20625.9160433392
16552.827466462033
15491.919437223214
13380.673520219134
11825.460347698636
16260.17115370652
18160.98993679698
7660.107404333128
9586.796836877384
12860.094581603838
7391.1956047529975
5761.457700073502
11599.803927594408
23028.510316184686
7876.025818362908
10144.200245983428
9356.33553549409
12994.231456292124
7836.815605685171
9206.973919526383
15032.57607621253
19760.632108894228
17035.70608598141
11374.651078111394
9825.374936317254
6566.286438192184
14560.529458739267
13767.811127393135
12803.318085381432
13010.60415483341
12945.872096032906
9457.623453933364
11958.66026421149
12260.37634803842
10452.110824067237
11544.362416642907
12745.217549934692
15676.691940837783
14931.27170037931
12187.99907169981
13360.787230548574
14285.683859596973
9574.55414794308
12409.178473777747
17059.63351611778
11455.037516230166
10460.428213239256
9292.751658395455
12467.597488506704
9021.268425808672
24205.15033828615
13867.596485876293
10114.005142591135
9592.599489604234
13535.124178941374
14976.472642523571
13720.148431570813
11247.031979133862
15435.14881470094
19204.712612900872
13680.955754620256
10621.356557338402
14123.50062418362
12564.530288092845
10571.630378292512
12396.04245335993
15274.989395460236
14560.985574613416
9015.481036084604
8748.04537596992
13691.741450300353
14232.555616719717
14513.227933216976
10958.461623097224
14213.785222921837
12428.179403210863
14609.448408819313
16885.986842791757
11238.308910476055
14655.56217257803
13135.895524332227
17918.230168592403
12460.305933442058
12203.185616072855
13460.564328647419
16551.509272555508
13920.8709120772
11566.695755352646
12265.068285928273
14039.636932339547
11597.377040794121
20980.624712068744
14835.483208100102
12161.418265015947
10842.178124740545
13335.567015929637
10668.005271595874
14733.164164427859
13015.480012155613
16435.217691417278
12780.458107034743
13498.970312312433
12096.446449656009
10418.09777094861
12124.57930037512
12632.892328590293
17226.882031805522
16248.22032131077
17567.672147657813
18176.583399023984
11348.387531497756
14469.488584724379
14968.369097411822
11878.461625768367
14223.259464284902
21046.181017702896
15251.170269371733
12333.486885226603
13193.414297302226
15588.145325524083
12290.80969642606
11810.052417172954
16700.930885448917
14099.199014059874
8000.667962625826
12846.825121136784
10577.345777005574
11135.371426929085
13360.893121776084
11712.23316936086
14176.843946787598
13893.324505440703
12939.405704679075
11979.896903325436
8220.970501681088
13664.089892550093
12602.25195007825
13375.651412389485
10845.001073425401
12272.873992010136
10582.00719843709
11546.848557166457
14315.875156199732
9372.214634779732
10690.219060993428
13233.38787015011
15935.563577582805
15288.883751423687
11829.382444742103
11194.775414234
11339.748211605622
12894.608102419963
13850.932559688319
15907.877048503122
10075.073672034383
10092.226588374027
10601.276755766365
11729.924229702923
13431.970550027228
9396.1338298359
13913.618142661737
12172.419305949606
15978.270569978233
15640.317463317733
17609.911431080116
22968.306945315533
18380.458208117238
16889.20341429383
13640.701110236883
13002.332190675974
12943.846333198046
17637.750974047845
12385.416265124404
11475.01323803939
12129.541788394416
17294.32866814235
11104.008932710978
9591.12444326954
14685.934508773391
9938.726956320133
8001.689611433075
10566.746345822003
11390.231202168816
13147.417548164054
16402.56974904315
12155.746200218793
19269.935594676743
13487.728296234709
15775.601832146585
18564.560171584504
11550.917805278115
11066.361511511393
9853.302434239149
12700.440738485066
9097.044461189085
7818.717743791582
12360.545759201308
12620.098624267514
12367.454905422746
12680.907415451886
13510.98096822538
14365.3590667381
12011.581542401313
13794.968916958187
12365.599581863717
10394.843490111076
13786.786083900217
13259.088122758221
8388.222713500152
12371.695392223746
10353.885505292868
10817.93467152698
8911.343451293034
10580.286156906252
12654.0186110756
12199.31888294478
13885.94087596269
11103.625087226503
17345.002553818365
15562.859084813796
17132.35450313089
17132.354503130886
13064.26295426906
17345.00255381837
13534.448387116334
12185.802521730286
16669.02474445095
15274.004177856197
11763.64994755917
12621.321976635954
13766.525161707765
16669.02474445095
14664.251986926247
13432.357792131603
13167.25325545675
13766.52516170777
13163.745001588746
13534.448387116345
9143.771657183943
13053.173308324927
11858.353920925822
13251.749896578678
11880.225198264952
11583.580404009723
11476.327105722994
11858.353920925822
15838.151920185453
13353.592064463242
16986.968626071313
12661.606595975272
13693.65745245772
13534.448387116345
13680.003720992087
9969.9228380016
20609.61121494493
12571.531133938162
14185.49909350877
10336.877417527647
14640.577028389142
16767.11555732176
13871.511817410244
11123.500487095087
15903.29964209798
14641.071044343147
12079.056938670094
9291.243833629938
11583.58531313211
14180.278286271763
15946.836180847364
10495.474503223104
12779.49645427171
11471.75794776991
12069.565311765517
15946.836180847364
9800.14030622575
11219.466890505839
12380.683686101926
14668.906776060481
14386.915535421904
9291.24383362994
15774.444857700433
14241.220153937451
15467.129007274245
14854.82016960661
11309.56076146958
9502.260655716582
14876.281511328763
14376.714511229435
12813.411008255278
11954.728706715765
8984.273932074408
14704.992234410654
13254.506080546304
14098.70805809109
9571.647827338375
9453.033685806271
11749.296414763423
12083.101099342713
12198.104455857598
12428.1301721826
11645.644146783958
11749.296414763423
9528.272171676907
12485.148994255467
16618.4658250847
17978.727223113765
14238.373550812035
14098.708058091093
14629.512650716288
13140.258446023574
10141.099663617428
8955.448622048963
11793.440624345323
12901.461504930896
11284.580833211257
9889.765457651476
12569.928012215558
12948.364829947346
17081.257336163355
13398.116683584562
11834.24958287254
19884.858885733283
12502.12845614045
11883.205951818753
13340.993737155628
16736.171086550406
9817.177523515022
8026.991738117582
13369.156328609333
13340.993737155628
15282.747195858896
11896.671140268701
13072.243262721953
12160.70798881171
14498.822270690536
19884.858885733272
11249.640454543583
11981.93383992566
13223.668076625556
16934.49192141553
12424.453345229951
9649.856453074122
8918.079876697475
10690.533389169526
11608.691227250634
13383.681937826497
10603.902757320215
11474.787493676135
10563.715244225725
14157.021893720152
11393.775503739327
17275.779992615197
19245.06452191846
13841.636270205301
15340.470148609471
14363.2083023246
15208.933651424464
19245.06452191846
15684.413167124594
12035.196102794816
13605.147840748392
10905.283176283669
12716.434651004161
14157.021893720152
18940.876724353446
13778.316618891324
16956.661202146723
13102.50873548008
13598.869748640698
8916.084434294686
13573.414451307734
18677.696150531094
16640.67319996607
11983.028925354378
12578.647506853817
12358.574453454225
13578.959177571167
12562.468209456301
12133.944876977632
13285.52033780659
8742.193510672145
12474.515797500135
12152.146555119898
12174.038396238751
8761.37759870011
8742.193510672145
13765.688586623246
12275.235941803363
17535.270800804734
19207.498832696365
15214.074158084608
12562.468209456301
11850.816124788002
9551.877244900083
13124.801193691957
13240.483978402453
11945.516591022006
11630.642918767557
14094.119137796446
13281.454882874536
12900.35528678379
12560.06095681076
15061.78965694396
14218.979545068783
12228.367553695169
11090.882514573734
8606.112850861424
11810.195799698675
20019.70438252193
12597.29349999191
13117.637314542764
12594.979062570234
15152.427214498344
20019.70438252193
12294.719002301938
10001.108335021694
12537.072528204806
11218.138760224176
12358.025662767415
11090.882514573736
15294.310134404479
12464.744817562889
16534.180000990753
15420.152719619116
13007.235751859076
9443.316979608477
13825.101991317868
14329.961983516187
15277.960196437978
13483.779609213276
13615.912327462405
12134.532543469782
14929.980143497825
14397.826842770344
10322.316500257524
12081.959927439952
10942.388443632333
14074.879314827689
13122.07885527409
12482.192304864113
10918.18839314634
10942.388443632335
17270.019773470864
11936.357811095306
16268.012554828341
14825.492436734257
15730.431484943207
14397.826842770339
15105.030324392943
11928.480274062276
14289.857991731182
15369.417883792006
13162.275445789157
11742.801966849676
12979.177698734564
10815.639566223692
13961.976052665812
11989.921419545337
14604.29321958115
15149.301225638668
11094.097007844146
14106.288437399417
10533.45232641428
11278.771166627008
17468.917976774275
12825.78922673478
11842.501585978418
12020.913963500814
15856.603883895266
17468.917976774275
11454.736309120508
10306.020068635575
11473.37261775637
11018.569126099866
11037.182428143544
14106.28843739941
13068.27647275632
12418.11809842979
13651.441117075938
13047.736441851355
12825.03551710784
11444.53588254359
11578.35049553842
12831.97817768306
12762.693167009149
12513.027219289723
13856.99615180419
11339.36392662693
11325.892365897615
15856.620556693124
11183.470709944391
12781.675104907885
13327.651417344932
12640.798524310383
12781.675104907885
11395.20144285532
13764.274082053309
13327.651417344932
15856.620556693126
12647.036436856702
12803.684950350309
12803.684950350313
13389.613982958705
15856.620556693126
15872.967866269664
13789.354597521866
10960.045626371895
15684.515812988415
16653.703826384437
12791.447278113164
10775.084131102289
10960.045626371904
11344.146437755204
11777.168820702896
15684.515812988415
11500.511230119457
7672.980839679056
15872.967866269653
12879.02269615384
14118.154381434495
12667.556085438759
12166.04516233185
14118.154381434488
13298.341717864101
14519.832574534497
16805.761650955676
15872.967866269653
12414.861383721844
14885.455789837733
12655.140394831345
13410.048243015637
14494.772059087089
12650.448338931654
15716.544100602841
15104.621973833522
16445.590202108586
13316.666231077306
14025.19271482423
14943.439126378586
15587.645659632853
10662.092158576037
12861.540101348839
16445.5902021086
15194.9642500436
11264.061619059867
12955.507004341876
10509.54783055281
11689.455541806454
16801.973171575522
13419.118309611316
11038.394397732814
10161.020524365253
13078.279383702398
12901.197445574757
12650.448338931652
13829.87847337257
12123.693980419157
11252.224163735833
9927.305370629067
15011.62814229805
11695.755223216063
11606.347205204263
16863.825416406737
15270.873984447913
10758.23506397097
10389.300477240458
12533.54760760658
14345.241432588313
13051.735629361534
13462.830254802522
15270.87398444792
12821.742506620256
12825.918818972554
13442.9830650224
12127.552299462903
13687.133056773146
12810.50253136479
12280.992759866123
14778.513361441383
9762.352817071862
11822.593007977528
14169.523962705249
11695.75522321606
12266.556481609608
14729.402949270763
15981.164915745569
13162.85439535927
10907.646218437156
15683.743280853007
13392.18739716486
14335.124709942846
10983.55067235308
12072.184972403302
10086.62447577918
10994.547914557437
16063.317032750414
14068.443156178559
12263.674412794751
10983.550672353083
12711.847187088882
11308.350737564373
14343.013165747647
10349.687376143265
13195.803874397918
13253.2415865848
13557.47409321294
12669.787951851358
14510.333661916535
12667.751951738514
13216.81349030747
15683.743280853016
11801.73210750031
16221.734127532101
12809.137320558651
15357.264319395139
16484.521520368275
10634.815936898407
11964.461504119106
16643.874898033486
18937.66462121723
16363.8370328911
13708.169406979785
15567.8782015613
13919.580800942185
11403.51117448543
9917.536244660898
18937.66462121722
14014.996245663422
10233.523869815932
11025.788947192172
10123.650204222615
11304.096585434838
11952.801281899036
11762.255765867358
13075.674485524227
10826.815696460439
11938.72494633619
14459.574141988373
10634.81593689843
11525.01761605301
12958.8422828037
12412.644667730649
11963.66637865901
12612.43254838472
8596.781231279228
15681.86848017115
16797.721680303275
11991.118313619463
10650.767606089314
13283.889025755985
12732.013525376098
17405.41236585108
11888.351202009684
8319.255631792212
11991.118313619461
16968.79776934779
9410.389288541732
11686.813939642541
12001.899127745897
15609.716143945894
13257.05687033055
12422.690349518374
11128.085695878894
11790.946739872219
12873.462411221975
12742.533608353075
8596.78123127922
14207.505196978975
17701.991350552562
25393.12156865752
12382.285541596937
15691.492732342285
11607.614226653797
14136.780440050694
17060.15495604754
13674.051415448657
13884.138390882314
14361.44211097528
13603.040924548466
17970.853138946182
12806.632873067203
9219.356531942442
13674.051415448648
11477.67642132828
10243.518438580757
15527.630449436083
10483.190918402057
15109.499795044503
13671.52755723818
10953.289711275951
14499.715852000048
10502.047772208532
13291.520134217188
13150.83382370636
11607.61422665379
14931.301698609126
16742.82832052921
15924.649735665256
10650.209708199407
8978.741717158646
12733.268378605906
11994.095165412931
12154.010448654286
16036.514010835564
12613.155846655534
11004.8567176529
13806.241777959567
12328.195076319133
10834.878309841728
13574.9650425495
16036.514010835566
12851.924360101038
10208.3174332271
10673.816543275216
11793.350691876072
12777.781075536477
14373.80121927422
12822.076374235121
12350.851838468041
11543.784412688437
11385.729321623263
13346.923534249907
12733.26837860591
13626.034950683978
16172.325738450632
14157.896687407914
12067.805627893165
14313.95671676465
17083.284950341393
14055.447658580444
14021.433082441983
11975.826783607708
15774.505542323168
12875.531310427661
10950.731227111333
11379.812182593125
13940.78310769228
11244.874523441387
11975.826783607714
12636.445923518342
12493.824899829087
17828.729163386783
10113.871031222081
12667.220628480547
14352.387576619956
12670.110865403087
12120.56949412649
10807.766754263379
13343.73651770262
12868.167015794295
17083.284950341404
13232.308049387904
13457.781553217348
14766.634343417312
13044.514085196019
13254.421499604989
16593.915735728922
12449.269232685947
12433.88456449416
13961.306278734568
13514.551891879544
11211.085556319145
12837.902371334272
12986.505015154085
12463.835115043594
14123.597153124581
13961.306278734566
12837.90237133427
11308.51145267187
12666.531827336159
11228.615392860333
11448.17609508073
12783.53084599705
12523.02805685591
10443.041915189913
11531.553105289462
12556.683730486231
13559.758021306283
16593.91573572893
12673.223582944092
11880.489370757994
11880.489370757994
13354.992041475525
16593.91573572893
12593.209941835703
10986.88840628961
18369.605389850854
14606.87642377276
14266.220868151318
11773.568215330317
13259.673911418098
18369.605389850858
15883.292654076646
10248.42520290919
11607.340154895825
10494.583083453856
9963.762104749934
12593.209941835696
8423.658805294519
14171.237484216976
9806.492530455818
8356.14913760181
13824.254590133185
14418.576498572575
13042.20565980873
13281.15976689621
13202.341552877313
12937.082294811378
13710.113447614222
14480.718109482521
12054.778737126444
11598.543418237929
14345.640862027909
11176.617586424181
12040.943953919446
11618.378913378336
15931.960187536486
13003.122082846923
11930.704182758183
12253.139616774513
14843.872162573389
10466.369800493812
16247.492059508679
17201.56946562044
15448.047021212922
12618.242923412876
7250.485054622202
13051.281193436185
12909.06960956663
9424.11592483908
8305.947489489878
8949.243527021606
12715.873386897096
10209.395506038541
16347.60890543264
13480.873292248016
12498.167396994057
24008.698466603117
13880.072269132826
10773.428238702814
17221.622116658826
13567.019718297022
9837.333101490023
14910.70811079724
10196.079873448898
8809.485645233197
12447.50366566379
16305.33305830913
13287.76200445297
18854.319360393853
15294.91582130666
15988.823484567589
12610.561925793956
12130.10942733468
13031.886744351106
12671.232273557369
13511.175607661215
15986.1931083934
10036.76146419387
9991.61442937982
9777.354271824164
16692.848740493446
14327.243202718775
11630.955218277006
11936.655422867123
11395.612943274451
11404.06732783957
14296.708675272414
14282.975294555084
17134.487999717807
17918.333669631786
7605.16812647054
11220.410434827978
12513.14464054197
12330.632057366542
20493.82674928721
14024.938291400023
11343.78589977644
10214.866263996506
13158.408798457773
10627.499144832078
13061.017757776317
14274.085427799744
13278.999178729531
8241.283661323489
10801.592492520842
12254.031998310878
9373.306400457524
11552.497366213192
10509.474291103914
16188.913993937695
13893.02015646137
16380.162063720645
20400.74942915832
14816.383600823418
16239.104385514092
2675.8903508122257
8177.479416480659
7236.796952295755
21186.89241893967
24674.74618576427
16009.151339554963
10983.44091476666
7689.293777334775
6012.631736882372
18754.097328559095
19050.384012715524
10122.289867768344
7048.570238564859
12227.827170990195
7621.464046874265
15871.96369162315
15780.575072593854
371.3552761486699
15075.410981311239
14183.498039725155
14745.854641254005
24159.085232990845
14017.420568120742
14602.279632708794
13751.586080028403
11929.80176224076
13703.371126152728
19822.408990988668
16052.959168136014
15785.360840330839
16032.833366008283
15298.891422184348
15486.03451594269
13814.618265910864
12483.201407259816
16467.648120395457
11868.337887349795
14795.945430515942
14376.354077421767
14074.43734940893
11773.563627547355
12951.228657410336
10629.78429666314
14012.685038308975
18587.13873141658
12416.876392096365
12286.317420216772
11612.184164349956
12442.30579528475
9994.50164345333
19258.674888648617
16717.807694679912
11656.619394101204
11957.881465928234
11097.105692337456
14370.993247818571
16869.176964334107
13729.420527071976
15180.550645311381
17052.842195436908
11061.512141734345
11983.527177839822
15718.903252787648
14240.925020103274
12699.756314622411
15483.591312959517
15877.658013476475
16998.607763828986
9914.832390602422
10856.33203269527
12593.654155762279
9579.245640714094
15570.611550781456
11359.759595947793
13552.368672737537
10838.596789163785
14496.463191127386
15260.579429025744
10493.313652235349
14082.319930685297
15984.499854816097
14751.443721165042
11678.377555916268
13288.979236457937
9007.586819934482
13480.242750328645
16149.243739369487
14747.476442017905
12685.934892011572
12215.370445320155
12032.155014316431
14172.425350675687
11776.425489929625
15468.326867493757
14648.711187061574
12777.959091686424
12036.105271765578
15945.155522108065
13961.335644494848
12418.7827222113
15730.19400646142
12310.296938660214
15289.134297325138
6290.882341294034
11274.196073285988
17876.943410108146
13827.775116673141
10809.982267191663
12517.467522767418
11516.651950629015
12155.163217134374
10173.121823789148
18250.715600869917
13881.426935462492
21574.948616694808
-1105.1200861124921
12569.529926548968
9019.547416749427
14631.347905063101
19726.43647540983
16351.990158095981
10667.937603485052
15378.958440959299
9153.65672202461
8899.526841033256
14144.043470760596
14099.730104466198
7661.2914323718405
12168.588311035715
9784.812000894997
17542.74117587584
15221.944902926845
12619.618362977686
4523.1591965810385
13303.538914665321
16671.59718219059
17807.303199660964
18092.486575041312
14718.262366279623
19621.137395317975
11152.297344940294
11066.929502699357
12209.065517005572
13686.815440734943
11723.818989647185
10468.736184636362
11752.26069078877
14091.640889240387
12533.652724388152
12554.996437100985
14262.195451047026
11530.28206480965
12015.47679762694
14395.195494701018
10296.335938200164
13839.244618849521
12144.05622365241
13676.804902937687
13051.689413582983
11690.229775825617
11744.42783719403
13270.375346481942
14589.61094921565
11495.818301731531
15055.86393869438
15055.86393869438
15309.365109971373
14589.610949215652
17463.545879321104
15697.192770498004
10758.585963412872
16254.129513174572
13889.337677998172
10654.574320068346
10206.922667652623
10758.585963412881
10678.022518445861
14385.487723678336
12377.17867760368
11546.746419404766
11137.993154796468
17463.54587932112
11198.938591387327
11492.52367239009
15871.40917860575
12814.152619027465
14501.301564582252
12014.64627618574
14097.169388381495
12482.482351957031
15947.597829240545
12998.430310102898
11484.53124208117
12857.088334088075
11375.94310436703
13504.172481786467
26508.693480409966
11299.427270639171
8261.091930977276
10170.431312729617
10054.742813437026
9918.976750563517
11854.24916777922
10450.304380726206
18128.975650407414
17821.314065941024
13910.68610936488
11374.793111907142
11055.820395459685
21236.38756839652
12682.706566694425
10827.319800983403
13149.689193871245
14271.999899114802
9900.031519270628
10997.944646579073
14085.737811635412
11931.455083245884
16259.070145966876
13246.633770906607
11042.267035990375
10299.911905255634
12593.971169600423
21301.337080913356
12068.33866563705
9230.447793325387
10327.180362340983
19001.234375540258
10218.612521818412
8188.818611750183
13887.65223687433
7370.942358453298
10944.221734947876
17875.948092484963
14113.015771352004
11963.010810138036
15060.309954307433
14204.163067464064
12994.847989589278
10494.28443022833
12553.027185919584
20149.231480909628
11584.516422211334
9525.45599370261
10950.274718481734
22012.37160538684
15475.386065292492
11205.083007407376
10855.778065683464
9327.986349892026
14421.670346227605
20930.83015712979
17432.348556520126
16831.243706522073
15538.68530642725
14660.978752698207
15040.263705595728
13214.657370399775
13172.42465270995
11131.813425983491
13653.493545018137
12875.007631598895
10857.990118363907
10293.814299087051
13400.789098871197
21037.81866220585
11614.282999025623
10754.908199417841
10601.777818637918
14915.501812697748
13664.303836074154
9464.250226818504
13032.804732728951
14590.974856677822
19746.647531704795
13175.218854467339
13184.67480612379
12857.714363016892
13415.338530904733
15652.514412629864
13228.808527273333
13617.475776898973
14657.649719327941
17754.118595494045
14559.56832922333
10774.016765026505
12954.751211615867
11517.613298636319
11120.231433444776
8580.636508310972
13102.379668001096
10209.070870225785
7350.244405568679
11717.217044349747
10146.307480171363
13330.265428350605
28661.04730910012
12295.450420606645
17221.07607872775
17127.837198449364
19959.15259193331
13164.88700650532
16590.71626770657
11617.857459718809
4695.061292304527
14256.481343404266
8850.467267498358
9184.537075690803
16403.42446339579
11784.357201572122
10248.115585721112
8045.316281470059
12242.48308750285
13054.86106869196
14586.537252467233
20394.096258665053
16030.789593377203
9624.024239468014
15798.853249392514
18670.018054406013
15190.397060909625
14636.634961565978
11989.03310788505
10986.030528566967
8790.527198117132
14130.788565850109
10742.77561363315
7125.589521924948
13131.164986572772
13764.755953910122
8729.833425810823
13441.35957987191
23756.350793411646
19649.75682533503
17630.419112359483
18956.586319319205
11190.03793468746
15702.177305274243
13893.271893886811
15931.84041880592
14859.440374339829
14807.436448461349
12928.749153459756
17611.42383262435
11122.276961740166
10591.008958061286
15929.569311098097
14274.320644526728
11213.626014456057
14916.646221619576
8877.411882999275
16807.649904185026
17341.5927160875
15540.273180052121
11044.434463104168
9229.335114748448
10991.314305843964
16590.701271823877
13616.850235917664
12008.806524684618
13378.33366944726
12880.097567222885
11393.58305230937
10556.898401519551
12944.540148679573
15465.087280338143
10005.614408813974
16906.695966043768
12607.202555781592
6764.379601829922
12204.267687008314
14518.25992528879
10113.996289883948
14081.531035220689
11309.214382252598
12293.370821935669
10051.520635135796
14473.471968154574
17590.49276998838
14474.29878005498
19436.816076553565
15579.287021995491
13348.66887723468
11670.8464628705
12183.647837184235
12560.28302497511
11853.01900271868
15904.815356959822
12893.02243654157
16593.954196187264
10216.747543526171
18547.645189394076
15497.119319208914
12144.718859143177
10659.756797841646
13761.559859753343
13796.097427771054
13060.098367165856
10617.058255517466
16782.810600757886
16834.202909140367
15924.641732664439
16432.74059439627
10342.508775645729
11309.169770798002
19400.130831252067
10218.38684906252
14653.890927600867
8685.391015158708
14040.140774382127
14362.768680976551
11724.964232467686
11779.650609764722
13338.739402044665
17148.092900216634
11806.657927383698
14412.744612420249
12623.4634781928
14596.781073853012
15084.152212376805
15591.810837802373
13263.043857723656
14453.648958303775
13557.920317953462
13228.097564545098
9728.270932398045
14053.831601927883
13916.858086253342
13019.915662924443
12909.72568472746
10877.013188430556
12301.115847877372
12817.440325036945
13027.281233740456
10586.516397183297
12519.601309951633
15528.2123224475
13022.14607942511
10839.85183655989
12456.983994859485
13015.54925749205
13543.6227656022
15559.050023833672
12076.79485249288
13700.728436455904
13700.728436455907
14061.503278938275
15559.050023833672
10578.443924694075
11719.916911897351
16239.968967903933
14592.05978397982
11446.85937491158
10774.017726929982
15255.420697441148
16239.968967903917
12567.912353446724
13080.951967884777
19396.609442360652
14834.424189389718
11069.030450865344
10578.443924694076
11877.397980352522
12323.735439983297
12516.01802582952
12805.78363989444
11713.222746881505
10698.708197890253
11538.89019882344
13568.440626269421
8654.01211081527
10964.539933064982
14222.538074326349
13178.468840652575
12324.639389527572
13725.565611108661
10092.682607592833
14401.911075634358
16363.728661024945
7410.216954114428
11105.780983024628
10975.898170107524
11829.488118372374
17314.024079427432
15479.993351987801
13668.994170649206
8823.631962448637
10587.088576722019
15531.49304848341
23047.611571712107
11868.448783693715
12696.856405689745
7845.563792878539
15216.524449479111
13410.951678699019
8378.431570922761
6826.188903520973
12607.839612001693
8568.288846342306
13762.247313089805
23100.81811034736
17569.775153614806
16402.009065733047
18812.48863693419
8954.334899393494
14818.552594123794
16374.280777061176
19161.658536861592
11699.498624979517
8807.998503072231
13837.686717970646
13967.49659258088
7631.361331528803
12368.832883849132
12504.295540716848
11180.457552441652
10608.791376889283
8273.723397307169
14321.318892434136
15657.838218625171
20005.772932701308
14878.641994537455
16568.788423556107
11204.020856251434
10668.789667866653
14856.435187098627
12244.585775931719
14517.243282953283
15877.089083476747
13434.81999906937
10931.150589606525
13638.033757625624
16047.194488095265
15259.104914741038
18217.825053663022
16372.487365326144
9959.99441307586
10872.47822929956
13824.905526052946
14226.1261007246
12531.339582603496
14572.248734263056
11361.128480247871
14956.344537190405
12706.829804202802
13516.14236407969
14712.170228595745
10825.68960441205
12273.737721545116
14003.018377750765
14398.38413166012
8291.111458820094
11067.887398171752
13410.972220292057
13336.621417455584
16639.87311518053
18696.125994082875
16464.54850099311
12059.877701878886
13222.462981196146
9305.585498024631
9066.350547927446
12804.677066755841
12016.433156873001
11153.272476231563
11581.287273705557
12652.252990788376
14777.961834839089
13172.934306396346
11787.218889932561
14940.861753623025
10139.997716790622
7417.788210848942
11426.972618855687
13444.581300974545
15298.038772877031
16753.05338792737
14258.439807263452
17030.869352866077
12875.301548452171
14090.714565524091
21218.70218262585
13615.130136952064
12201.431493523085
16485.528974316803
12158.542525014178
13960.794531229998
12861.27913943955
11878.849775907169
15065.150416872915
19303.65357027293
18728.788784221168
11244.031190409754
11356.605822417885
16433.36177508419
15469.619470377344
10827.136246521502
16085.912202587584
14615.245691234593
14148.038238506058
14144.483122626116
12603.231824239472
10344.11811735832
12432.24226650869
15786.302606991723
12815.662851405932
15115.559465979835
11281.176014174767
10663.79306601888
9477.837386784284
10694.40561319689
15971.356473206923
21206.451321850556
13088.309389400076
11732.091013590638
12618.908712572213
18678.9521464202
10732.135717828518
14846.77854912749
21570.176844845886
14708.78826127681
14666.041799315886
10713.18861721127
4024.2071448932056
13227.642080581825
13968.065816904103
14081.374331722891
22291.872550383334
13674.337029937353
14229.24629523356
9604.46889340189
9950.021567387916
24490.15988461235
13064.610212605028
10640.023031886534
8688.868659516156
17801.882633414352
20023.717962458373
12366.428645700555
9824.853842393564
12450.013138003475
8139.510320779709
12485.626329262115
12812.49587742637
21536.543305573054
10501.85549152959
12815.315920988613
10707.656711542975
12115.369551044121
10828.864883486507
11088.439521940854
13205.185091158271
12213.269214860149
18256.34329499153
16800.137084542035
12930.684592807562
16297.563913812046
18412.95286874109
8423.160942695877
10353.325090065342
13861.791370349349
13155.192760849655
12601.956075114913
11671.77118112059
15017.698785118759
14950.316026932052
17374.127096485085
8403.624344040718
13052.026905316603
7472.465394004135
25345.53126996389
16002.441535820875
17343.252303004934
11509.081696207722
14933.558057725471
15069.157218809589
12059.39474644296
7645.385970592735
16502.87735608436
14950.858684765202
15554.121856405172
12671.704932999495
12360.124880082583
13530.661197262403
14088.019346412377
12135.728590932124
9281.107079081761
11837.987865436466
15192.812247067612
16041.011923503978
11776.426901315046
15540.265959669276
13134.36902004175
17881.276496985152
10431.268202309238
10453.264769107878
17341.97229822425
10364.598396976882
15298.030974695868
16624.420286204368
10802.081555289544
12475.283088023847
17086.712699659023
12913.251471042202
13968.925278081353
10565.663719066482
10709.115996467828
12145.174672829306
13243.676521181113
11738.122668230684
15283.613153577751
10667.065256384853
10760.287224538848
17597.697907743204
12165.668498453617
14508.999274645643
11918.923584121845
11365.694609785758
16130.515764542459
12396.723255703857
14471.568022730018
13209.028194994306
14295.229879307037
12669.514335160176
14944.84350015865
14944.843500158646
14636.64225386878
14295.22987930703
9686.733738411966
9491.290769020634
10006.826778583261
19072.855707308918
14542.240555482653
9844.005303156138
13925.84376622161
10006.826778583274
7393.4259143805075
14073.736785244117
19798.688242299446
9751.938691524476
10753.562807328166
9686.73373841197
13926.392334067796
13975.201147679947
21489.497456186517
15198.002218076821
18603.469596353378
12000.653750823996
10973.697018207018
15633.18837260518
14082.546254853562
15765.320769359412
13343.494615484038
16440.20865725882
12114.69000134919
12689.130971641387
14941.878810590833
14567.026336329815
17470.67275631127
18044.448331595107
13150.003419641678
11684.431264484476
15254.12828654143
17357.268849260046
13611.916735745042
14759.634568376552
17339.219421666414
15524.794788399146
10986.935603638045
13214.170089235517
16657.956745233496
13620.46809622201
9583.630008049018
13419.24709900101
12992.95347226505
9141.766831963601
12190.836176681392
16099.483492417488
10068.764012914917
13946.5197036271
10451.916136083571
17953.88594576692
11812.252855396833
15068.569316580726
11507.172363644473
13971.301231504738
10103.720961306833
10003.657069891766
15380.794880484471
15623.601646494402
10590.830932058167
17317.633878803077
11573.424163289743
11337.39957330931
17875.104536567964
12057.726590998012
8777.93786557389
17353.274189037224
10931.920928606583
19481.1469963133
18008.648450687608
13032.924360355008
11223.424251290773
10639.326509708319
15745.988014312217
15946.957783950189
15539.826091152165
16288.136996427977
15360.349067040885
17369.712689190743
12531.178174704806
11651.679374686939
14639.381769135665
16557.78352648839
16937.810897967065
16490.226191617243
12245.022510714476
10504.360453858051
16422.203994482177
17475.439024096566
11684.38358964054
14052.358397045487
13774.101893210807
14600.085615617254
10384.61556962572
11573.869047065858
15531.237388572827
13794.647067824922
15643.048816826695
17713.15891623724
11983.236543808922
10342.405495412182
9754.282073795112
16067.74727598733
11821.565175362883
15655.346057581213
14934.174796843712
13536.692452850673
10825.495388312012
16346.153891830405
10496.362679786595
14183.17156530312
14828.151043623899
23288.879690524253
17660.42430463555
12976.323802001129
11185.704700106995
16625.674624528914
10603.046630531819
12534.78958930669
17898.031088310054
12788.061768771227
9786.47844740211
12286.893727151533
12338.422927735934
16610.839548444696
14171.430375384562
9863.353872343292
16720.190761637736
10855.364636661674
12156.908615809913
12566.701771128586
13951.07485333821
16221.422868379836
14501.98119756324
13725.512851597889
8138.105312496851
8346.603020019356
15277.16089931568
15964.576895142156
15108.393962271513
11099.853638406594
11798.408746945877
16631.46582591715
18282.624099844405
17421.844371776442
12171.43511111757
14665.245221252671
17290.198287730178
18881.653004330015
11788.037547067286
10530.32121964266
11159.47850556548
10038.14280430029
14968.21318415271
13213.689667431769
7930.029338139591
5346.498060709
11307.55353619247
16387.10318810751
13091.075757564082
11869.882710068485
14470.450698960247
14732.770517571082
9068.73265918413
9266.934624387473
15428.157453339825
13881.325513181568
11728.235996336733
12629.606911203788
12817.535268522857
10213.356121371358
11723.008008983266
17664.40650972946
13205.00120126778
13301.236297648777
8832.03688822808
10948.69783961065
8524.341784964045
14473.421112261534
12630.823485970928
14444.940380390746
11831.24939512004
12160.661373728064
13380.75496846364
12701.534458242222
10343.852730656314
13495.223412336498
13559.556254488514
14958.74752829313
14737.991997034747
16652.629878901345
12264.455913587375
14881.724627057312
13925.794303562043
14157.902190408211
16791.5266266468
11714.079224939933
11148.197515227645
8586.291556673656
12218.303110230954
17283.41290444048
13978.992632146535
11772.681959483116
10560.564644939614
13739.09257463006
12936.141405644903
14460.360387488225
10206.488477758621
11985.954735485784
13764.25646274365
13654.499495376476
12093.497047613691
13566.807626155001
11319.947264252141
6887.70369219737
14893.992609952955
14849.293887833863
16322.061340176659
15252.239092143935
13593.049208571329
17234.715049719947
13211.35189680165
14165.245569843224
11302.678424658969
15742.40554456515
14221.340851220832
13086.630599089336
12103.026524338124
11234.405630444915
12857.366464974375
15657.139780173124
16478.917501665772
9337.986809237955
10502.972889895424
18415.057805521556
15294.431090000755
14711.97317851749
10194.632146592632
13531.646736866378
15936.033029859322
7593.598495806928
12647.351654464883
16621.48659538068
19252.563317707172
14094.912337583937
16107.981020299962
15177.727252440629
13184.519778427031
11938.719827741721
17874.489933364122
14667.261215212427
11665.63698424107
14865.904109678419
16090.61867084868
14237.846628789917
14497.791199891366
15411.111806851564
11991.714257873413
14044.750960680387
14463.715324879508
14492.497094557828
9324.374182334312
12743.050511925623
11692.92590032823
10885.111748586338
17846.497983522084
13076.964576099756
10213.27986765821
11314.48696252691
14302.280911499876
13012.385612351027
17477.21632571309
17053.191549511554
10353.749608117632
10353.749608117632
8262.050322198324
17477.21632571309
10449.703660538597
10125.809003596209
16748.98649182743
13653.848750399467
12100.194932025142
9948.655538348501
13104.660348687281
16748.986491827425
15872.971322313118
10968.20236597174
16568.40843555408
13614.366291836131
12425.910861595341
10449.70366053859
12337.154177402512
15081.81091739506
13320.164469430618
12960.05678198229
13438.150991451965
11280.084781436126
12578.208305218357
14415.382642788705
13554.550568255981
12085.97088012363
12427.137918111626
18150.494495010837
13275.06189680536
13190.674664723265
12102.627762762075
13941.532122911318
9701.642238851815
17382.798000697658
12179.155027633702
11098.717076811934
14191.741731514541
20054.562065465056
11759.698150217726
13811.100745417696
12158.679110161469
17636.92110968546
16731.559804747256
13445.82702213645
6451.423920180616
16422.843574909995
21379.87691962322
18093.263629602938
11579.107153713388
13195.440392266482
9507.102815068865
19264.17580780364
10992.209658788017
10370.631581026735
17526.86213532287
13916.810396547107
13522.016083281414
7576.772808198448
18672.528645608418
12724.294275955268
21043.212361872727
10978.519017878212
14846.664259647172
7993.501117296454
11162.871598935939
15004.785074028508
18167.928912423286
13257.515128533927
14698.841629069611
14528.07317539639
10496.754647280677
15704.715799856554
13650.700028451894
13257.557874453154
9816.077641356416
9749.013572928423
13755.153229917894
15200.118168732259
13580.740278164398
11749.97990016654
13048.749147674449
11851.206960733696
15432.988731042069
15208.177914188373
16444.44774060077
17172.764543970137
10596.672075354341
10642.3953681434
12368.526433534944
14516.952636899054
12922.806400821406
11926.630987763137
13949.576778926723
13061.617802362938
14111.763763408997
10821.82477975876
15974.643411785044
16038.77538555535
14621.1244125493
12363.276659702171
8933.219204458022
12411.79697138233
14002.927187999137
11496.323257447857
11830.748111190516
11175.65597710034
16138.243508845557
15221.828776072196
14537.639339038076
11748.953913572514
13335.149013200353
20342.387107087077
15205.3563642552
15999.001685108355
10793.624150557973
8976.467038556693
9164.030554161594
28926.64532697294
15518.700093288937
11139.448331639991
13590.908551643386
16591.543092013657
8963.280436770101
14068.314427031259
5211.198196199842
11814.15978748202
7714.691316555447
10235.614924927275
11413.381859147707
11523.671971749705
29373.028583370615
11828.42917223898
22978.24227251754
17868.91986579707
13750.034091858663
25952.320777573244
3915.2672216595984
8437.8511882071
13626.355252491892
7712.793549358706
14291.469327042141
11607.544025778918
11785.358310969928
12439.330505980673
10361.679274564463
15053.656908353005
12402.13232131012
13636.227357930082
16227.843845101757
12045.218055802448
9055.3082623059
12137.983404567549
14237.446464215878
17990.490069805324
11984.444200073132
13381.970343427945
10304.382645781887
9866.282532190662
17790.924759642225
15329.58770859491
10998.170991369434
10385.941264703057
14828.413242403662
21980.36751574239
9680.331820667738
14076.775634404523
16635.033259247022
13903.233097266502
12187.07581921629
16330.366804858835
14260.241873873976
15881.651039005366
17318.027580105056
13745.380517267584
12083.5402271623
13261.310354879397
13457.188158324376
11453.962835164613
11595.506172811787
11934.498826778154
11707.599526581696
9366.809847456238
9772.5993334214
19667.744415233243
12295.747718652994
11889.162004925794
16711.825945290784
13131.702115520737
16804.223730980517
11202.33611564135
17540.402544414865
14181.784532437796
14430.041880012586
16476.755092385923
14438.959215379095
11231.688668702815
10100.70882879799
16898.29151384408
11565.317561400987
10332.218573950413
11340.376525071999
14238.246419371135
16300.691421316624
15625.41401062783
10780.600038451792
5190.6715427889885
12256.622482899309
15197.844101166282
26959.736394595704
16849.725835141406
13386.410049284847
16594.90065856804
11566.60743171087
11056.131900928838
18124.252758258466
14307.054191120535
14666.252887231734
7080.614526736773
14590.805906026557
15594.769565452572
16666.217636514742
10199.42183990439
9688.778297861923
13468.634114741622
14198.614035638788
12899.904144404585
20763.47076237085
16453.539270247064
13263.199255779433
12977.026268984411
9938.396447568895
8939.37580793593
12077.197244207533
19414.63779737947
11989.105622159672
15520.073818190765
3734.8728057616436
9702.025089518214
8690.74729889546
23350.60188575429
14957.813211679637
10608.034934685349
11810.21841254422
13574.83187059946
12405.575773559918
14563.039424795134
15015.944578430692
12268.54077374309
18874.320656391345
16989.41518552087
13388.80276944863
10476.782240928524
14983.32934628295
15959.234968389948
13313.139552436936
11760.332873955638
13294.615130666105
12650.664503498872
13054.058605939781
12263.248125564816
10259.905408007446
13516.123087705477
12634.259977556037
13219.025663624396
16457.829310884594
12366.87765710802
9179.274297623288
13349.72036534197
12975.811094423603
12635.687054427412
10809.590566043738
12115.48595874738
12829.73672051855
9668.997703078512
11881.895161928915
11391.443957495821
15792.658743079872
15293.712081644822
13739.685296446843
13739.685296446849
10838.862669192162
15792.65874307987
14688.87380546798
12361.30573958261
15369.962157521666
14083.746922049126
11896.918805153882
11433.845383886568
12760.467364039283
15369.962157521664
14189.107711979319
14864.77222188954
11719.086685803759
12146.197266653391
13188.87482108882
14688.87380546796
8678.257400408193
12931.75216139904
16516.442960709937
12492.484245011023
13954.471809435054
11905.689105291873
11671.664341124975
11252.973026718084
16151.817846673119
12978.359409483228
15804.102727676267
11688.320701429175
12429.88396143426
10645.661200718814
19915.77103576384
11055.507538353777
14161.716083342615
11458.457512266277
10262.787943910236
5626.981673747885
12465.753966018343
8208.786996599569
17752.08553093278
19313.73190247554
14654.505721435455
9159.041788177163
12821.017864266438
12210.553724089985
17039.669209835345
12218.56662697906
12013.330089403591
12849.662962755838
14679.790491762475
11147.297847388356
11924.044139866446
14705.97553001993
16271.3875340403
11552.783349838603
14398.091784367265
15300.595012972815
14956.646156571633
18301.125188896935
13459.870379493597
13567.329571321156
13921.73939075485
16543.937795348225
14144.476945288508
9805.8241617196
12761.44860933587
14475.403029130279
13462.263316344939
14930.315402485516
14537.27933143722
13550.407141077458
14498.237635491323
14694.988919553387
11201.199395748792
12346.169657358249
14728.869678918427
14141.266365412277
12872.75844077433
10806.876024044388
11347.277994640906
12146.421824785675
15432.64574050966
12142.145591781238
11099.77249746666
14126.902874365089
14086.403167058688
16953.638804314767
10891.883699001983
12431.857123001311
13031.978899938324
19009.294663503144
8827.26385222495
11788.107562609961
15247.494991256182
15500.141738470016
12715.249659959445
17995.97756689593
16705.958106049195
16749.015721852687
15005.98602384579
13167.201034581762
9739.07969599884
12902.190829118179
12591.399580604304
13029.496371049432
12414.68757017878
10240.53141672567
11466.252735841497
16393.470435323485
10946.851286386762
13006.733028753692
19455.76227691569
13847.163871662617
13069.574750254733
13817.043499404543
13018.066285661933
12770.676980100754
17634.476973964123
15923.769143095322
13778.978028699898
12188.50965723084
13677.850963198487
13859.346524625265
12867.529078315078
12711.601053255248
13598.835667004667
15587.273821619732
13180.438900740808
12918.47490148232
10738.908812197751
12618.337016361189
17562.508993697207
11888.615154804073
13969.229914916252
9897.399717777178
13559.527252667725
17995.790794521985
11630.376220259153
10518.629914493238
12863.211191076152
14668.997118174671
12635.712162905103
9336.064448109277
12328.995476807497
13933.334655786202
19355.452034287664
13340.776300516249
14560.778906900967
11282.10422973858
11302.192063460316
17078.914312250112
12324.757190128383
12291.166907313636
11638.890377599833
15039.216239474536
11760.1862752326
9880.971539321854
12268.318917076285
14525.671734277554
14854.530885699145
10233.313170985031
13637.020481985863
9541.693080207406
10815.187110558978
12825.107452695403
15585.79672140398
13859.962618217623
14080.62249296353
18896.305393762996
11813.85391469355
9049.920149034626
13802.309579510991
16224.962796993328
16804.97383121867
11477.550348964609
10301.71884366123
10702.574469648722
13171.536559479055
23940.910441548844
12855.3568212212
14937.465872940338
15098.557390723561
15192.16141391353
9616.706875267833
6668.001615571399
14567.915772234332
15709.946300923146
10048.295568321399
10735.138848754623
12944.907254249298
10829.262942200838
7452.604584734451
11011.708990750012
12578.095086764468
11783.855579148154
18611.434915084377
20648.328342055163
13811.376010414388
10461.144103730816
11104.124434183304
11956.962381201287
13334.6610902562
16437.80961121901
10162.644108931672
9248.17661871186
11480.324877240071
16047.01050757465
13536.258708278367
10675.060438634313
12462.044586594828
12144.13529426726
8368.21603823638
10189.164976325736
11489.592728368114
13585.642328290805
17154.42366172238
11490.831487196392
18126.832454199513
15240.238055645528
16442.74030477076
17557.72524314501
9742.625560005437
11508.106571366274
16024.100291830246
16109.8427689369
11590.623597062277
10900.683334524057
15839.311454963337
12418.612462019526
19406.13251820085
8766.796212205229
14323.003517619198
10018.93369762403
13248.29173442247
20390.14276877865
20490.581868837584
13318.01495035456
10406.269381238919
12045.253910096222
16003.046574700767
17578.472457686858
9475.048421435084
10770.701513269541
7558.410212336031
12870.29736563601
11263.604865460276
9798.611210782223
8570.084062639571
9632.196618892212
16458.575887756895
12567.75278146837
12166.428126702645
15694.45456822098
14997.824995628976
16951.110867307074
13386.243387514563
11797.894026240901
11425.642145312651
11222.694647490884
11329.689751793134
11546.971123422547
12914.982301250197
14982.201793676832
11772.392505823904
11450.926523185915
12126.270384350786
14028.873728428925
12279.59891197362
12912.776102543849
8640.674492742191
11858.533874470466
15419.154885349912
13843.678584911013
10534.505031995837
11716.897611684328
13232.456388051382
14159.391592774995
14825.208278865175
12039.793769633727
14359.13457476444
14359.134574764435
14802.583254701745
14825.208278865164
16455.760581847568
15381.20943514334
11698.098230806292
11542.815420939896
14014.938716693721
14626.015505773943
13744.545567214876
11698.098230806288
10109.58898442757
11860.62169570052
16677.09321578405
14444.268214059375
9681.230909001979
16455.76058184757
11595.590532031636
9784.860549621751
12782.639279626961
13096.775596333398
10825.803518483786
8696.044383748495
13556.200108649047
14461.449100428814
13378.826847170978
11144.35891146103
11481.170156998875
14771.985294100574
13390.631940606801
14903.559382499025
8608.494518824155
13209.309947858412
15287.548235398848
9523.438342956155
12169.600421436226
9376.697333592414
11425.64508651208
16014.259254249897
12228.988627939627
15152.255609984935
10187.638171732951
8437.234665434606
10209.418664553403
17914.778991445462
18831.084557895374
12966.317454730946
10877.533785705476
16244.414347143012
14025.888615821472
8370.947498414334
7831.3834567251215
11288.671639755275
16932.94678377211
20192.212360202397
14151.121781612794
14981.894564489858
11886.945681610403
24712.25082155998
11333.011428474987
12844.008707578374
15828.93556302508
12983.090760151617
15600.20943966062
15948.295067649653
15266.260384000601
14098.518231734008
11577.572746556063
10452.08761288843
17221.74256218877
17165.435043415517
10947.42391828368
15585.456076742743
6604.5517737858845
12607.027624178663
18605.517698053653
10483.447846739133
10479.429903211145
11770.488601517416
13011.710047203775
11765.253705411085
9795.39141465695
13801.09682215457
16523.532855174966
11733.520902319782
10404.035335486571
10846.177726428035
13221.908899015181
11061.464627190784
20817.770983551185
13752.586474731204
8008.07422987082
4607.998492955555
11464.911249245115
15454.101882085823
15752.12483092424
14617.982069972659
12477.5315913052
11516.551168755597
17441.427781580107
12156.831118171629
17693.307931848914
15564.907756972547
13432.075337043412
17879.188701832696
16600.405126058242
7656.766435796149
8216.924766790671
13408.322349081354
13397.447865264536
11820.63540677257
13748.462928580737
18492.70393514345
15466.279451027302
11712.926498076193
16448.481496816454
10741.721103110023
11326.101150360279
14514.34737995766
13025.97006065515
8146.6146816241735
11548.482090072448
14346.872658393888
14806.694517717739
13729.925453399448
15427.56320133217
13523.307496288688
12431.283607659396
13434.720913153551
10256.016693636322
12941.14919449359
12493.999796390743
11941.80850648288
11888.515596946414
13213.466124086712
10326.060989416388
13100.311718631061
11657.818764010512
9287.21307182416
12329.921663711377
15476.440688218358
14555.641585949274
11464.577077892278
13170.053209868709
14604.39833629955
13709.642676108291
22267.531806422816
-642.8473286188421
12936.170236815666
22769.579674940684
10690.657822620822
14445.61713793327
25789.162374185475
5553.332677186789
1005.3027607861546
16719.55091250839
30006.83714000769
7450.756473294941
13291.236484236935
-108.32934835766031
5357.900154675419
5194.467391515828
9113.107700848235
22159.4203839508
8350.443338863157
6627.7897274431525
11045.694019707269
22228.62431847366
7633.7508287059445
18191.205765513238
29788.64303824699
19945.337738755083
14940.510395668141
11543.501520303776
14591.595078818258
10971.368358691074
10968.314036148928
10440.511742792984
10226.176003375032
7410.445198944614
14913.210466459848
12297.268190504692
15250.977249446947
9201.51400415184
13576.729084343664
16119.540823669056
13828.963971706557
16486.61972657404
15937.22959040763
10308.894504366008
8585.232626731236
12901.544683857166
10974.96266375538
18345.70725185903
16531.441354950224
16819.266404936785
12591.739816063122
11977.467044173587
14724.996587907317
14815.603124143396
11504.915363271233
16396.076747533985
17639.792475762584
10374.548488993198
9428.901172088008
11075.570094412316
13486.37212021412
15228.761427092826
16296.726727068311
15313.372150095494
13960.05541308176
12191.670742282397
16630.22342808371
13900.835944157508
15253.067124767005
15522.425708154331
13814.574073473324
15918.431391608432
9132.787053294787
14817.737133168757
16855.09110752577
13416.488691088536
14576.318154386405
14455.476825092153
14049.666151443715
8882.738810645562
12171.951927127115
14121.65610926656
7046.553123554913
12471.477280993899
16808.98527109338
15041.517842767646
8939.101708593673
14169.436853230565
10009.193963911517
15202.906974931977
15468.689823453338
14407.069000257243
12777.211985594246
15062.59033427041
13524.242600992357
8519.073503019174
13092.47254650594
16892.22309734328
16320.103571738133
9942.559665860486
11331.332040415378
8761.966674824811
22894.602021830677
13050.816614069747
11965.869612019484
10606.724140938575
7347.3994166248785
12424.128268355398
16321.807693412302
15960.292364342447
13173.238160258785
14671.995163324122
12571.219238005755
14718.23556927447
12474.112001687316
12779.432993875398
12283.852463063991
13492.81375362643
9736.47275482737
10109.662239824038
10233.320183723217
10689.088623477768
16184.050295451752
11640.04344618208
9338.429408384593
7950.830154627373
14223.240301918373
12417.867326585138
11732.383594845129
14540.55864881062
13440.526653761306
20801.58183002552
16100.76741055805
12553.79614070061
12553.79614070061
13843.074223079791
20801.581830025512
16963.508348875574
11382.513467511802
11207.25559837482
13525.423292257428
12904.001041230973
10433.993940909604
11224.164414529561
11207.255598374819
14467.632358897245
12897.458760449952
13955.62643992712
9857.283231037096
10550.521625105715
16963.50834887557
11155.056288922804
13867.421955481921
15933.680106583548
13901.795066025019
13799.030758785217
13858.137360705303
15494.343466621813
13568.34174846406
16222.18974783883
13496.635124640266
13754.178529662362
12599.673645087154
13111.33951695996
14678.461487557082
15920.41474498178
15777.52270131201
14507.94689483506
16432.81022283446
15143.403251686857
7634.711439674633
8925.218386973356
13247.350344952449
12701.991322481073
12444.09093433625
13599.218474157957
9043.683735777711
8516.349304607653
13676.061953565346
15940.453186740373
15494.62582300113
12443.385636130924
14530.468875888302
17903.55138967376
14805.049240051261
12722.812294404932
12888.053281016873
19076.889118954212
14200.933099166974
13680.460069083016
13385.638158935304
12742.139405701568
16793.81389171227
15202.787818853365
10139.00733038009
13227.133319661465
12948.599671318876
25037.169079455558
18492.47717563061
10690.11185680883
7660.24043758586
10123.383849357015
11100.7255434033
24762.83067690836
27440.673901871545
8541.13792700938
9963.171509046066
9409.502416743198
6739.066856336732
21386.608939510344
11144.909828630225
14579.33292429893
9218.170092905526
6714.233459396478
17325.42902046766
3972.9278841256
11267.945188083677
13185.438877581246
17704.180768792758
11472.853784993606
11838.6414726922
10482.219498004331
14922.207547893348
21431.934744170107
13203.509885200949
10853.790201550859
8895.178412666137
12647.6445037982
18243.142185848203
15448.850206577285
11942.35933358204
11290.548278045786
15137.181635598545
16487.818774425654
19278.437227091275
14918.235656129395
12025.73349750449
8765.957553635457
17050.67073621171
15621.508810228424
8411.26914758534
8398.048993660035
12865.775446268017
11067.120653900893
15022.805206250141
18283.122715344365
17955.779374545597
15473.766025727025
17625.6010039584
9506.450123175942
11699.288368672831
11724.726753624895
19381.75297654199
17206.05763926416
11589.30536875498
14357.536378749226
11939.429036560108
10930.830307499373
12283.83465243207
15905.332218528081
10642.960061781896
9324.693538445566
14157.532545320526
8439.559366764488
13651.693344627434
16985.557426568626
12019.945164721941
14292.59244651176
14494.913552093483
9866.354351680191
17328.946991935227
9586.673464056788
10872.76659647089
15414.623455118348
9367.836492494733
10495.872453259966
11538.684074441662
17161.682752093457
11715.22140165409
13955.42918727292
10664.273488779592
14705.376385904765
9676.856937156044
12848.272468067964
8198.616005215006
16435.33017975867
12746.364616608362
10749.644933907748
12193.98972674106
13395.250961792983
21751.009935466092
13383.018714910513
10891.669083978231
9941.680729454505
13232.766523405546
10307.998135213671
11344.655074940643
15469.55611170441
12620.506145669897
16105.273177429111
14871.228083797288
13995.917794509529
16652.235083267256
16084.89550948859
24986.2872386715
12271.888740335431
11899.861267803091
12612.145996652607
18912.25398329996
17869.051101867262
15795.270029077014
12460.374906883262
9782.829897729871
12213.68949550356
10844.771042164855
17441.394736566628
10465.529377629358
10744.005507392923
17956.29588251942
7603.072054482969
15731.575553925992
19202.44954326247
12934.90218715916
11112.372425757858
11477.604897559933
18168.01761403582
14835.555362002311
16586.577806037985
14084.491598681903
8110.060783941187
12685.974939708578
11470.652687334787
15326.944898038237
17354.054718754665
15199.636818394836
10412.877388197185
14351.126938710517
12085.067765102021
12984.383603808048
15080.901422825527
13765.288956039778
13356.079369114226
19334.46145510775
13288.900288926174
13918.384215843034
12984.167969760721
18450.078698873614
12406.676835820934
11191.40073253536
11181.794226545126
15447.314020593698
10567.479938168075
7642.472762022568
9560.897159372607
15805.418796595815
14769.710030068563
14016.916192839191
14214.698536803027
12206.036516099068
12428.010053244554
18981.2906224693
18125.30789463598
13181.965968946883
9978.605485526437
16135.876926368694
17944.32799958043
11935.360375751174
13856.285542792526
9432.583712945112
10296.847208263403
11561.838827589207
11927.91695344694
11064.274930518131
9620.706540479607
15907.797601219887
9638.202177362295
11841.642442536217
19566.882809592946
11663.585186322534
9206.575919239309
13291.194562154256
17026.380411728223
15216.406413853121
14154.764070557561
13050.796808596748
8981.173220801744
9564.529222983918
11403.902661380844
17777.15098108061
14707.997546523704
13737.413334518562
13401.520397558548
8923.394705761251
12414.231361615666
12422.315123095155
10830.305032235701
15917.905427213502
13293.461904460284
13812.669450743255
11535.260503632946
11555.243493750355
10922.658477168783
18257.959687465212
12162.4650410752
12469.711025088758
10876.984257200254
12627.569888507944
11611.080812900338
10943.75616353622
11786.799836278202
9919.423834379713
18388.646553705028
17170.58514805908
14900.518123284533
14900.518123284533
13192.693122647745
18388.646553705028
15837.533400100041
15743.213986573493
15505.001412352922
12544.752841309368
12776.042637034656
11467.525523957534
12805.52942982045
15505.001412352914
12395.186959572171
11198.224691690428
12464.229256476303
12805.529429820446
11290.179783019472
15837.533400100037
13092.584829837459
11819.951788912991
11033.37901658789
13757.730764033837
11312.562218907362
9557.617919106771
11620.753721611341
11033.37901658789
13044.114414530704
13604.09523250002
12505.437709426054
15755.605453897155
12128.622862442417
15837.533400100036
13515.672553961504
15444.445996893075
12723.809746425612
14248.423779371671
10457.199354643928
14243.816868434684
10450.533623028436
18751.984588711446
11644.908406911394
11205.691363786134
9604.009991430768
16062.393701305922
10325.347571458386
13421.613062678602
9764.819511716481
11240.722045448443
11928.254619290492
11048.37609972516
12207.226816171113
10157.9498698041
13728.262665756172
11928.254619290492
13261.742376430862
13582.993156057652
14641.758122227531
16194.793443243143
12047.870459606756
13421.6130626786
9333.313552534004
10267.108972179572
11963.397125126985
13573.116612356565
11355.45468591583
12312.1558348317
13838.460648904187
12657.434254124148
9988.285405100649
11029.17490064446
14210.919044704575
14456.711826383875
12337.168792533854
9158.132566705795
9701.670598206123
13400.824478544802
19675.18031448643
12414.906351842343
12821.097688586788
10101.293348537238
14693.068779332994
19675.18031448643
12422.45686229724
11886.427702958732
14852.761044334868
15825.476001854344
11850.542982421804
9158.132566705799
16760.074642687854
13659.385687787988
13660.622901732495
15701.709416562318
12692.283315679306
11123.401223666493
13073.673300481894
16541.88392199792
14422.316259727591
14536.96061021536
14704.782679141825
13277.795680207493
10924.327425442114
13463.951608058587
12038.203800155909
12485.851179426316
11842.280868228778
13815.164596086599
14181.202142797238
13370.104740653373
10794.747877704567
11842.28086822878
15353.349000194017
14176.395023743167
17779.917523699176
14957.973046735353
13224.505538090501
13463.951608058585
13630.8682931721
12432.663354122364
12049.745411650754
13022.533588956876
12992.488429955074
10859.188101805592
12958.012114352618
10499.733358864672
11223.039348422188
11906.385619175806
16089.609241816548
11700.179747084221
9883.172390762065
12769.290509389399
12347.767079009674
13560.167756008026
19751.683749407322
11889.835850945601
14058.04013293577
12049.744019063386
17413.541975454093
19751.683749407326
12404.47340840434
10692.057223198522
10418.107614433238
13260.804969037177
11383.014733186623
12769.290509389395
13386.686029912287
14076.620236061666
14743.26425644039
11748.462410643557
12114.898353615275
11589.012427553367
11695.193847134846
18478.56102579693
12996.723088771338
14306.600676048276
14772.630039103002
10325.723031048246
9749.625845135097
14095.87310505309
11880.74510652258
14132.852480662514
9746.3535947715
11793.725499431492
16038.691276208096
12930.159550105545
10035.765440211295
9746.3535947715
15947.708989688443
16935.0211391798
21208.41632785338
14712.966043102291
13614.222565082804
14095.873105053088
13469.411017766648
10897.983231096441
15034.517953626297
12588.854033641293
12654.90982216024
12363.933293391092
14176.966219899758
13587.435218009776
12756.28779851412
10853.877353932707
13641.314102104587
13899.375958768627
9624.07687090412
11293.437231321344
9375.016586320531
12804.281483002002
17279.236394286843
8548.216195467292
13320.58548704446
13390.59846992452
16935.851203185295
17279.236394286843
10788.137746273542
11646.854298462147
15135.387142011668
15243.754097148309
13743.820161190686
11293.437231321344
15573.699711031557
11469.618611110636
15172.98313455155
13038.923698074053
12099.670210877597
8889.3552242989
10520.191305976792
14686.116857748357
14325.832459012436
11659.489211271324
12746.07339142069
11524.601841238857
10625.520255689738
16124.81562652679
10953.120676090077
13932.023208409197
11183.109482867858
13299.954226000278
12949.431308617735
14934.999856276536
12456.5714972711
11183.109482867858
12226.070059113763
13804.705213465808
17598.20543033364
11131.855686320583
14110.341755439224
16124.81562652679
11372.615284455342
10809.751648540812
14447.322253035074
11399.636112553964
12362.370799364093
11189.837100433451
10893.167631252954
12710.83431553288
14515.774266365153
10927.742046718418
13520.489668727538
11809.532854687828
10122.72308870054
16310.26823829893
9132.69139678788
12651.471164512011
12761.541701627495
10204.97077826843
13560.137170152326
14088.260183350796
16039.711652891954
12761.541701627495
14570.126592461633
11925.732452123098
14932.71148294088
13996.530439785494
14775.751645909357
16310.268238298928
14065.82434877745
12133.452856519187
15040.429737647513
12544.868314317111
12453.765018489588
10086.22718657941
11335.525411170584
13909.234228971953
13550.424602890156
12125.329039202306
13708.241584887646
12264.873705752727
12304.605524440381
15071.349464886853
11565.160984518838
13019.275053908714
11745.202600083872
13601.273414735004
13019.275053908714
11716.28785917777
11760.247427933704
11745.202600083872
15071.349464886851
12148.979111368848
14985.911942629444
14985.911942629444
15463.741609181536
15071.349464886845
14458.792925560656
13806.787538398698
10328.224451184342
18076.920544716046
14832.482393532418
12156.370375548704
12254.318931658754
10328.22445118434
10244.485229200936
13233.356350700022
18076.920544716053
11781.988324955242
9752.4399333212
14458.792925560656
12072.354294593486
12921.440138367747
14343.61086696373
12987.035151104912
12921.440138367743
11796.961177979818
13744.42231741842
14010.518226978167
14458.792925560654
11425.98926786819
12795.752056643856
12187.74316625618
12044.858295233036
14150.080770229897
15810.455566761271
11894.610582533198
13683.265201914443
15196.437592187327
15609.776812107604
14081.267673283945
16464.58306086823
13160.46030027563
14672.37053305361
13684.570260935288
15196.437592187322
13235.12819106227
13768.413810557264
15781.001470344556
9852.249907133557
10037.05280336919
13513.328545809263
12082.301681315204
10404.907878339813
8445.777051276278
13784.630364727944
15075.482063105781
15810.455566761262
12582.830207960826
9015.729632794542
12718.183774117242
11573.240210715938
15952.301508232718
16352.85980218926
12965.208019480466
12200.73715734016
12746.674296046525
13072.137242935281
11462.8220830254
12966.121585672936
15208.159706443657
13608.826553265702
13379.72593757018
12746.674296046509
13381.646915400675
13012.996078973316
13583.265193327095
8380.76956476636
12594.6783418826
14982.739025846102
12665.50577050195
9847.110578262173
12434.16420447332
11997.31860008196
10975.454658042172
16352.859802189256
12414.049154533282
13987.748408890064
13848.192295435496
13473.541391843866
14504.795002190176
15012.481057218836
11747.102422671422
14868.470674030252
10413.871032724412
10830.72145106106
11228.988496073003
13591.323628415172
16730.758382062202
14468.148315908318
12496.71432419994
10413.871032724426
13068.925582121232
12047.10192563539
13268.176880748357
11058.016614483833
10868.41641674173
11845.284405255687
12676.455073384182
12299.07477217168
11122.531397385581
12257.14298853689
13665.039891892467
15012.4810572188
12766.983102897739
17825.19927914655
13631.180575311639
15748.898438858516
14907.489317600392
10656.451958501606
12157.21527052846
15866.457512144205
16134.383477983854
12680.761072553623
6882.228807231678
12456.311288873925
13477.770220851096
17211.284862774366
11532.146765477124
16134.383477983854
14236.007856492934
13806.34120984285
9814.446644905162
10307.55315642633
14988.170576014803
16366.61094982012
12246.137112901552
13141.583021735858
14805.353626647055
12899.05927141555
11233.037642160842
10656.451958501602
10087.322595204869
15230.031130356945
17868.048079099623
10845.287681064305
15875.890568343035
15005.577619223981
10908.246629983303
12979.095078651522
13277.29673635098
10460.0347395497
10361.117849225964
11839.433962149085
15851.478846425063
16364.037687851463
14056.918649716841
13277.296736350982
13121.283536033598
14723.203398716272
15707.914737497598
9121.558656700283
13779.910993404408
11112.199012591775
13385.944438889725
12884.034973550028
11200.903285650427
12509.546915615547
15569.680432091354
15005.577619223981
9606.605496134242
12852.002697522932
16515.801016515186
15801.728430097442
11072.824344445107
14924.778602532175
13591.94624274566
11919.611383187877
12612.410136191625
14081.839964840785
12394.149925418491
12890.864568690859
16501.78399631293
12274.464585422747
11444.357157690141
12612.410136191627
13950.02087233828
10470.451626815886
12580.53883096177
10095.032640417854
11297.2104152814
13364.435681219285
12482.81898548706
11435.838505872929
11988.607398404822
11861.52590805248
12515.667679936836
14924.778602532155
12652.975252009164
13379.709858395303
14917.6160898019
13397.22129475343
15579.76778708287
13440.632938776798
14385.276408535967
14101.401187696181
14736.614360731535
10496.583711280964
12581.442542476794
14866.251743204795
15874.97524540232
12827.181080111295
15036.21430565743
14736.61436073153
13214.792366075237
12557.492616635498
13326.374345217504
10946.414305585093
10971.290254733554
12724.848952428705
12112.489914499594
11765.789718142203
7873.702971986431
10588.2770618255
12254.419480917308
13440.632938776813
12227.145532232884
14861.712166558204
12780.233285026574
10128.313342745332
10881.325321763808
17223.459368759777
15133.701793664433
12892.88474061195
9825.545022768101
15369.55149360229
12833.996900997518
11862.655690362126
12849.069554096095
11931.961432642525
10632.966731101571
9825.5450227681
11556.088851523737
9021.81491185436
13071.24795014036
12023.856877444161
11283.569329007732
12900.023576172458
11986.973569670832
12454.531070720446
11831.464865164815
12677.124211863966
13482.194178445454
17223.459368759806
14677.813715474962
15597.216630749792
15789.255654140685
13074.056631195685
16858.143649870268
14774.446006856197
12927.297530047792
13713.220411102584
15291.234905405565
13171.226909720952
12144.465043657825
13332.341739400747
14390.639281417383
12196.047747937066
15192.13481715048
15291.234905405567
13332.341739400748
12004.111220404675
14840.430470155767
12175.296739119101
11301.181366471426
13996.028815169671
12819.712095655295
11986.121394115193
9563.576392461537
11750.041975116499
13352.852136599606
14774.446006856197
14388.283281449792
11712.338910693828
11712.338910693825
11013.98740601031
14774.446006856197
12350.366033844144
12500.071235451498
16446.858941828596
13410.788221998022
11138.176286191645
8701.941489538805
10209.820326459369
16446.8589418286
13332.09943213184
12578.260997282332
13382.3974683779
12284.149173954978
11059.475208466542
12350.366033844155
11542.19440867708
14878.34667763398
16419.98267180853
11520.182767679968
14555.17495020137
13001.769617318823
12523.788564768547
12135.338028827824
12316.255332944464
12204.968440020395
12769.254809612275
13718.559288914865
11324.925116253513
11966.697487929601
12118.62068969093
9139.561027855081
12323.953039840115
14300.132714252133
11324.575011367166
10581.15146141297
16019.851691229222
12923.825207355792
14680.129747072104
12616.302803643137
12850.267975128072
12964.953688478907
9435.953129874013
10887.81002489839
10862.964745364274
11246.265509646502
11238.523533445226
12854.42028763613
13795.343596789793
14655.716837692555
13425.420719832517
19182.72972116792
11360.750960340845
12577.763033090556
21178.297143137715
14990.898856845226
15762.058006933361
17254.516363181297
12968.180391246851
15171.8313409787
17624.300154941866
10349.859910868283
15502.141179471953
13277.63007083892
10820.077038929056
13089.046747364866
13600.456755792567
10017.936019064691
14532.059581676907
12706.52116708905
12297.937340954919
20064.900073815694
8280.411599260475
14984.626129377757
17262.35871375185
10915.543962256124
12902.073692778864
11800.781003864347
15676.037206424604
10717.501066935953
14440.473063564872
11802.043916204655
12874.613378399572
13000.965383412124
12898.377582621479
14518.296587110624
17131.487038772444
17676.924346253116
9768.953868469674
12501.440156756102
7262.535246300253
9840.063368631585
9593.422700362224
9958.47912878571
9356.140016470014
13273.676132289747
11943.028944627244
10710.419015992424
11945.473970209167
15944.558373709539
15056.941264274003
16332.981281294324
9973.095868381444
15892.33870288001
8419.993364114183
9287.599654093772
17252.814646620413
12013.22382987644
22882.852876543096
15653.98925963345
9091.024833946629
19116.99255051656
12151.234495829402
18527.60177456151
9572.91164106562
9849.957298841196
7687.191022979969
19583.63916868119
11110.139958577729
12462.078144329516
16304.751635146265
14209.765979884287
9879.898443784674
19531.702273375544
18314.228964919443
9627.735957480672
7355.842608737444
9726.04284788607
15052.114776420376
14248.716902831153
20310.01725331892
15117.563661628274
14678.930749037234
10015.58095440751
9502.528296431195
16460.17941068573
16735.942788800414
14619.849522937846
13685.424279315856
7731.240461799459
11931.249173692237
16112.356765107175
18678.373865361693
13417.454411859639
18791.976067282958
14285.154462554006
13344.511183478797
10186.826580025769
14422.288494219945
11110.328146695643
15314.993758406103
12577.267372001668
10272.196976762663
12438.566545845422
12372.915323351936
16280.161988680391
13645.843551533415
10271.872403052075
8654.36481569073
12130.542658184984
13581.775822038297
8781.417455169798
12468.155702831831
17706.47018229253
12776.250802978442
12680.290247171186
13995.69993610741
13322.644744860998
12720.71126976172
14287.159163589158
17788.90448497028
11403.673793002177
9700.874161441112
11898.097624597905
16733.70579158826
8511.929202060706
9125.2363779491
10285.326808205955
20497.612085463246
11138.484082728435
12038.192241786926
10700.073202127669
13195.866073636365
15300.86460040441
7901.0226510205985
13692.535079008505
12610.265840792808
12142.093041918888
11623.344351760714
16172.94740079484
15079.630425493331
9938.4993442094
27490.799770701546
10213.00591845503
15005.072078786801
15145.889254642407
13395.422351852287
12258.746305882214
16693.22918251756
11094.596307145708
8781.52556241498
15447.482120298728
12963.400570685124
7567.168424810852
13698.408210543568
12728.125361466628
11514.19087975529
17509.64226106273
17275.200300675642
13675.808863198055
13896.808585411904
11257.424998546872
10409.423434119244
11852.380051159018
16123.340410065743
15492.52567173271
9820.37027879936
12082.516353739898
10348.227543772664
18670.10663586376
12750.28435639484
9099.146789388957
9138.31401313063
10220.835905349959
14030.644763053035
17182.729755178338
17405.58562869881
11816.26471967061
15780.107052911404
9240.520276472937
7375.084154787084
10834.146820389944
19328.92392699154
13853.950304487647
21247.698404068302
11064.81006881646
10269.636702538013
-3949.3069916228706
7649.364632009655
22686.77561306659
12008.27096802561
24986.664844270566
10398.884718235744
10755.790734681297
7626.590584011058
15832.314902308673
19303.63517993377
6959.221400408448
18773.33789734103
17148.119193458282
11622.888781526133
24554.096707206994
8626.328435656738
9322.735113807148
15195.54239601879
12613.899873752307
12732.120566825999
13288.153597746104
12581.404149061964
10399.596976159535
13112.622998433972
13619.403895475973
12180.577868667287
13554.90016154834
13807.54214532397
13564.014660080962
12820.922953132394
13530.540871127194
10762.767219310615
11275.900837839816
14479.189974632265
13177.314800578184
10958.445499396938
10850.327347884067
11030.612547569046
10918.321702256557
14984.304230473354
12630.147254867465
13860.508837222596
13860.5088372226
13599.975144088528
14984.304230473354
14125.954522621725
13675.158479393482
14409.738996048523
11928.860544151637
13683.173962813082
13470.599369320958
13985.521469880117
14409.73899604853
11977.688509948153
11687.177031290663
16204.92940298033
11857.481045674504
7806.128664033428
14125.95452262172
13167.516030904402
13476.57853851672
13195.70035556146
14324.403122577136
13074.485301718581
11177.161081354172
11984.276292615268
16235.379511456313
13103.226759903177
12598.355240626515
15243.316113624185
12965.834202336928
13101.417369573292
14803.397105451748
5705.547199969321
19269.68262771886
19107.84904039352
15507.000751054838
11881.699135721055
10493.206101473248
13214.23896748643
24046.041174897928
10526.517507752505
10862.040144768293
11260.4330300201
10014.475629995628
10013.270381793498
11601.413035298474
13168.844348056089
13878.254804023292
14790.696423075404
10965.730653101755
21299.431427361997
12656.766567103781
12114.082308636791
12781.085371406292
12781.805760155192
14359.750532246893
22836.124074794752
12211.47177892581
11780.664843459126
11703.394128572101
16590.82446855635
13869.111878564698
15105.785856636861
14867.329345121128
14542.335731641644
10118.118316741145
12070.979363873119
14459.716078042882
14916.431255208048
11888.367179513354
18235.260740873113
15339.895230104417
10679.842759831905
12049.614895275998
11462.205979082348
13847.97234135892
11707.665822957711
7046.871076294009
12671.244135395571
12477.405883253741
13513.607478638474
12408.941381289522
9535.145007695115
9876.308884855403
15199.248572093704
18253.590860864213
15191.893156490762
9821.105265301912
17612.070308398263
9789.096612407542
11330.628498280064
14636.445733312246
12852.443609100068
10183.737922494725
15557.671601745189
12083.5773996327
11689.300689201287
15658.62996640275
17216.709616462842
12401.733699487495
12891.240570629801
14755.537382389723
10037.378703006189
10400.659619763916
10244.786496351599
14683.326778516133
9334.053942284876
11787.11540362059
14013.355297504639
18650.450994643717
12682.72079133815
8856.116876253054
6047.050780276332
12000.145013773634
18876.64380939922
19388.86784172951
12219.687866500813
15123.81376086257
13835.674334548281
16357.097052226352
13699.441997333453
13739.1297673026
13532.5443248525
14826.898064259038
10410.790100818385
12566.135552843478
13444.482735918533
12467.298853295213
13490.559427817025
17869.29712556119
10241.577932997661
14654.353526130963
16310.604563032877
16258.072579944197
10733.490579248839
7408.250139782089
12485.928105764322
16229.469540140686
16181.900471385801
13934.014042853087
10858.78549623125
14323.416365069388
13169.368327337714
12813.711280893865
20506.779033234754
16248.720163159465
13408.985236010298
15839.572887081347
11736.591705240573
13192.193312655787
13846.159586625166
13792.130968322575
13726.354861207205
15674.699359562415
9011.446361607692
14256.33600300848
11892.24135041947
16133.1999308559
8279.867703951988
8281.908081169682
10269.071765971828
12617.751905914614
11776.481444567258
10951.986458202526
11681.252600658543
12525.824461377179
17583.59439998641
14129.012035042866
16291.030037862183
11048.122716964637
10984.875015910135
14772.123087738693
13262.857360382372
9440.044723252387
19368.02376045391
9553.577501422606
9671.756455149369
8604.804456278265
17525.2624324764
13392.737952753752
18119.03484635483
10777.191032348032
11379.499433698162
13132.710879705024
13361.583559846944
14475.075854555183
8256.921501251758
11692.743681628283
12803.534176238545
12089.076774295789
8975.020835159414
15394.560257921641
16557.056546591055
9997.047676874372
11365.63911252405
11852.394904634071
15148.695985022012
12947.572951351214
18638.49410533451
23237.24783144653
7739.396093038351
8020.504806682642
7930.166572888557
16530.162204909546
12846.930188467933
9978.799551204167
12075.777054129881
9150.48026308304
15700.08846241754
13521.201791301075
20404.48112634519
8684.503392270342
13117.351493767343
18118.039689147085
10721.284046137322
15350.35514374548
16055.310545343315
17233.066237147243
15927.31068111395
11344.80216740772
13725.021538111974
20551.447645018285
14671.824215748447
10065.22274080645
15282.999244283821
13010.052119682887
15979.671830433786
13269.845768210937
16943.360449309235
14688.36725013957
15000.989113699237
18776.05378180168
15381.860426288733
9057.630718344355
11269.461891541241
12669.92406995925
12612.41905133382
12862.193540262893
13839.512851074602
11410.344348674786
10890.850474094046
15602.720310001927
10982.703623075668
12286.00579914225
16574.633146328622
13438.38292175793
13221.89309440681
16012.248578278923
16506.680270786474
11941.854445391276
13885.085694032332
11194.29415095867
6668.033946669287
10121.805110031224
12520.388704708286
18735.092642510837
13483.531518360507
12221.876792712981
12379.827632844695
9962.288211517689
9751.128968708425
12996.854775910608
14093.599567166226
14992.111038774201
13019.363156344469
11910.402437208108
13610.117233134595
13198.503364658973
13656.228256703034
15678.526725155627
10325.05673008262
10549.164599382706
12054.636210938363
14343.702881751853
12838.708920045907
8666.392704035858
13361.142171662512
13966.497640860249
14697.147599894239
13007.883819793664
16812.43322824241
16812.433228242407
15645.900834980566
14697.147599894237
13424.559922601802
12416.882644725381
15518.390844857742
16632.339369557587
11778.444318379932
9222.95602846971
12455.768249193965
15518.390844857766
14161.101876150642
14494.906819200402
13632.63432418496
15018.772434286811
14991.036335623194
13424.5599226018
10077.902070985429
13357.786676258427
15542.994815704786
10480.236152831361
13153.652840936
11568.795934180973
13751.527639826127
11638.835969234817
14441.142814371087
13105.594284055996
12117.904876976414
16993.89378463266
12845.239885486542
13255.681269157089
13258.994693930526
12697.196019176612
12769.481751125899
11716.979302536041
10671.91723146886
12128.667679515298
13151.631739418292
22921.382700626273
16571.669340524728
11979.667277871014
12805.98853817305
16906.44519449578
14058.538578674683
11814.720113987874
10037.737380735647
12307.486942541253
10174.325007463705
12656.104379796947
12260.693502143424
10627.398854864892
11828.892091602655
12642.785376764223
14224.80718204509
11756.435822798965
15420.643958152972
21279.814604493306
15429.60480178169
13419.780012521176
12169.278667836212
11757.472186359606
14774.564682524051
12009.111302438756
13311.595270789565
12196.50311231605
15479.734128774184
19537.495835070786
17182.516947948658
10837.977426175134
15759.124795769734
14243.879395424217
9336.93582012328
11455.492769967417
10538.594434109873
12051.70090026677
11797.126132029522
12578.539904074521
14385.024423463603
12530.080934645772
10999.47980807719
16541.010910302433
9152.721714498748
9543.618044799334
16681.316194301755
15170.253148932632
12815.009611356125
12752.21471051512
10488.434675969338
12121.984873241694
15769.53905303181
12970.21991355649
15768.198524663869
11675.724465334786
13660.0219044386
13889.837875921723
9673.099586564353
12180.992495751803
11577.332098705014
9169.030634766585
10364.317599766118
15372.867952115119
5936.6831316313755
15844.92502661099
16862.789134477636
7909.770410882922
13517.726368271518
16489.862636311213
15330.71233866544
15541.791923622364
15270.006362069542
12906.171612983506
13892.972060307435
17562.520666612152
15903.723935848942
9511.608425478305
18621.297130182582
11923.18194592261
11899.081087810304
11802.24412264295
18089.606046621495
9251.574905845575
9112.381186879826
10110.195111627174
14697.686953971392
11383.121052864972
17787.733261265643
11893.17488423049
9912.402771623574
16189.525954471797
12640.865957051687
14373.01428008673
13858.75432918577
11191.664319338468
11948.338826012747
13100.336305801931
13465.450511683754
13118.083288878752
17112.62426420094
12205.822218245994
9696.177236232876
14336.84564161559
11940.35733264748
12223.354009569162
21458.29612711317
12859.430003617672
8358.333665537793
12472.316416531454
14804.086669656628
10464.37777487342
11028.40865062985
12993.875380882499
12930.514760446771
13108.313098438666
10588.418607833417
11411.299090393097
10363.747666745701
17450.865257446556
11047.867045537843
10632.285186699593
9621.720962228055
13535.99499002683
10438.309384206383
12458.8862364043
13290.491049791426
14373.220709606576
17714.428847386873
11696.527267446165
7743.942412407158
11821.653098212915
13367.703897808331
19764.837171587693
12480.455433760499
11255.099824480283
8974.710301527664
12477.38656566594
15485.815781356361
16282.77434174118
10154.919954899591
13625.84920490778
11646.147319651924
13975.055484268423
19549.038676808785
13105.567883647029
11056.6621301589
14744.004883489328
8039.817719178787
15303.103769551257
15917.043317689058
12980.054122855323
11964.886362395457
11298.421938267948
13410.621809789778
12096.17660651365
22425.39928326672
14115.89656835515
14493.768677893648
12876.183728903687
15648.297378456375
14308.904756891498
19669.04022114979
13086.090731581913
14390.18202227227
18510.005614857637
13143.896605520342
7630.017527254038
14025.900471604386
12331.552283135605
13886.820397544529
15418.01840979476
14886.045825110392
13757.078339766636
12970.835421730297
12440.54808874726
13799.762285349754
11291.281630442872
14774.834488460381
14728.995351679148
13437.753211054709
12703.154313227104
12897.20375776491
17242.460158893744
12385.045658129135
12360.524031195077
11065.409722871758
12229.078934726673
11142.897300287776
14367.691437208745
14245.894196640065
10243.833852075557
13373.639594554606
8549.367009908708
12763.148690035172
13734.962497919832
12656.673735388198
16049.461180883167
16154.22823293412
12534.688566710669
11922.002318048855
14827.21057958413
14455.901318563196
15496.905985912575
7183.525105786738
11568.036701147565
13523.632179824657
11252.004236315044
9817.057055376887
9612.708461424852
14296.569214141713
15758.221159045022
16952.030190114805
11501.84273800153
13847.024317582025
15314.683478327706
15069.68140017596
10609.403703591333
16186.932719926248
10604.273847100514
12537.712869456922
12835.254949408205
12238.81118421405
7899.756742967985
13897.34716531343
13109.107036870739
12500.601134565773
13065.274407265551
9003.243306162878
9322.989534753107
10686.57166842472
9909.57321240017
12537.672093508678
15172.539571059127
12537.14908907098
12275.424646337338
11080.341571106044
14402.797162206865
11081.368542838969
11984.562807125256
16426.99699905749
15135.104907159734
18687.778545620957
18687.77854562096
16479.98496413047
16426.996999057483
14811.501222094223
13104.742344219434
12914.404868794816
12346.911932541201
12109.768498038407
11851.878604378582
14288.377012392688
12914.40486879482
12554.864508423392
14336.657993589299
16084.151203174146
11388.712701828379
9556.336857938388
14811.501222094228
14627.586262654822
13817.937082181857
13120.337021556963
16338.174376400199
12428.331110342668
9794.118284388653
10785.715717571642
17008.908811235797
14059.280449365315
12191.339399310667
16881.929233998584
11896.812781543375
13843.124119913487
15155.458141310628
19176.225110094267
17281.103352165665
8479.877587245912
20585.134207842853
17705.624901137424
13783.975502177494
13870.405564289631
9400.48017694334
7969.93250032567
13781.263391820563
14937.38449305757
12572.329559912805
12825.239062900042
15284.550580728996
9503.94118441286
10239.921479504786
16822.835792387672
13262.186017217999
13088.395121805248
9556.2578328022
12419.311231631898
11386.2899964931
18527.756453611502
12718.64190663743
10999.45650364461
13489.933979982488
11772.890551339486
11509.48591039516
22027.950105882097
15919.745743760686
9979.938143828938
12850.757443769504
19050.98612619505
15417.536095245388
14689.821778008638
13294.30845913159
12273.40149572359
13206.720598778229
8827.074207238878
11799.441914978044
8741.363534340822
13635.916729886838
11111.819013344839
9654.863761752422
15157.633618296884
11787.044406836676
11067.126218892645
11258.377212551779
13146.617308276287
14475.261327213448
20216.159362787217
19928.14295628805
14701.357555927389
12776.576287871829
8868.828168343345
16240.947921001518
15291.103954545426
15384.803614872559
18420.61591573311
11467.773169752982
10708.63244390081
11881.038660391696
12470.959686343214
14321.144865804665
14969.495217268424
13646.540859294704
14643.632376716347
13106.406358476577
9436.251340317516
16081.70731364538
14706.605980289716
12709.387703900831
13750.547329983505
10116.638324640779
15427.912423998472
9260.361640023031
16106.35880314437
14139.223058878404
14357.177431356871
14971.832453439978
14493.307553106928
15870.61362211591
10406.559569327765
15064.118500159668
15036.792748550988
12089.220882586458
9922.088774147926
17972.583981720323
13744.792438773733
8375.464677774882
10567.84153501782
12399.10323629539
13145.634110982008
14889.055900629846
15915.423206821408
9174.796555255276
8128.40640071918
16703.569817743737
12434.510836087864
14444.044576261946
13139.935726573513
12474.494428789156
15671.720518976224
16072.100141392975
13441.153305525204
11848.606941895223
12056.19612875381
11808.423182989021
13530.742343249838
13250.015544078598
13896.668648127625
16223.83408308306
13921.000501178798
13244.587082854217
14207.651361170723
17013.60096423002
13092.21127587373
13792.453710921207
12789.824523529376
11184.907026886842
12207.976798328069
13794.932094074193
13879.902420167558
15178.8837438076
16450.078369262028
17569.742038929173
7873.8232768418175
9056.228241946683
9957.07188282452
14106.076241839757
9573.454520447358
7263.362286133977
12994.19678715715
13020.853261516324
18828.221689151796
12064.235499688335
12916.730475501025
8441.13593728587
13851.327267006543
16003.773702096878
14511.12903518764
13771.24431220509
17446.78280076579
9875.016120733479
10614.547166338476
11333.480791759157
13226.626261609163
13347.578378074557
12989.294423458732
12832.86262579317
13011.038464276464
12997.513479316704
9700.021358775555
13240.647021659433
12435.67273266967
12515.378958559006
12347.706321967205
11089.452643287923
12154.632754544347
10983.84397108238
13469.685519427363
12452.900292595486
13924.86292756637
13626.32743793709
16225.77156673658
13287.374302750595
13743.13258300663
16316.682014611717
11558.809985471948
14864.458229783573
26955.051650250578
7822.446898806777
7615.797513681709
8854.976778613842
11431.992480537889
22239.958369901913
15160.994025331489
11704.421642544654
13160.103865951289
9282.326903751622
11119.396570788096
13619.213092388452
14150.093769209172
9784.813465484694
8572.945773472811
12132.794319754346
19143.156300729985
10402.533640908361
11318.780811492235
7849.656791650543
14341.027651454224
13174.70008788555
14961.232062157364
10821.484182342925
15357.2129897928
14591.051088112954
13480.726930877077
12775.880217953403
13731.035775569284
16175.896323929937
12966.43077884047
10866.432329311008
15311.483713714642
11144.396153647587
9700.168232295371
13154.998548618605
15117.05675231487
14612.533190073013
9816.024532118228
12562.317334200437
10619.313185926429
9368.026449459492
12378.323066946967
13017.266890847979
10806.922193071763
12022.215692615258
11662.158267475646
9421.562798697949
9138.067740154787
15131.61782630993
17470.310701696493
14411.883124394239
12029.499654572024
16395.086847819868
11949.069410722323
13593.134061362296
16959.444190350605
11924.23202953857
12257.016177204832
12626.841940462915
11736.969292207823
11084.208791893367
12899.625964377241
12495.479878751417
13429.562470527786
10976.078077332335
12383.370970648808
18840.683948591708
13422.216657121468
12409.801960838522
13143.875871686141
13984.443968962269
14939.570079401225
7790.8535933430485
15190.374910865085
15667.832046951176
16801.28143414039
14832.986456455445
13022.001498899306
13022.001498899306
12498.59922142075
16801.281434140386
13654.184822237634
14868.602833958517
13223.560192984853
18124.815530814267
14316.804312064834
13959.785587969114
14260.01860497818
13223.560192984845
9407.38793341878
12812.581113074773
14405.862199780055
11623.02913542773
10201.612482020488
13654.184822237643
10861.948621402604
12427.805665339372
12588.89722971024
11854.367393400633
13345.318990740305
10446.989125275852
13132.507291581678
14995.664570348383
15632.395980136454
14060.68543564144
14078.25289058574
13002.769460057947
11433.10957215579
11992.277036279975
16291.615238011556
13051.71534930305
12661.4614405658
12031.555936244393
14304.005547947352
11014.639239318101
11364.022268898356
11343.959572367767
12640.257470817583
10204.828932271519
14635.86689779417
15140.764364210172
8146.659500048208
13545.300609359238
13603.463026313464
12986.301082112017
19104.046705452558
12021.681195942989
11886.837935309879
12578.181031025204
18965.008965811416
17847.082163365387
11192.457789872211
14055.217037451075
10821.115034679295
15492.82069018207
10986.785370039695
17667.301203206567
14286.577116715382
13215.604284465822
10622.974560149529
10513.582282764453
13614.41117164153
10893.20566300521
9350.364387477488
16533.723081634806
16518.363208124363
14327.122994188363
12761.473412934747
10726.92603428313
12348.676267136121
21574.0078003873
11175.917874917295
16695.309397420006
11718.931254233394
13632.896714301829
11405.610252657327
13252.06476378324
13506.507567465776
11192.087681997427
19517.951904107875
13420.468996655643
13205.673978706865
17127.386874369146
15533.203275207092
17856.09255458958
16376.529030556329
14358.898095559423
9513.603427760201
15559.994201030462
11582.583496199035
11434.82205388585
14309.419547968862
12507.334335162559
11243.433005599753
19116.302885718327
17573.570256753774
13396.69745717739
12938.175913452793
16116.384408935444
13171.445630155475
12037.617828500717
15586.135766419717
19014.600522310917
11749.241048968193
9229.025569989588
9332.030695469224
18062.518064076485
16384.641997310653
11976.513516902458
13270.742667167524
10139.55128236202
12823.74206979956
15207.672126451886
14605.160224810481
12395.986761313776
14624.072727587118
14168.43312060476
13558.453443030476
9869.580159851279
10559.363256222332
10434.111616011925
12341.196028606048
12757.814451953933
15918.244831926744
9729.135883241273
9242.44838455579
14821.45674315932
13130.183363954113
17533.664784786695
17473.099354372927
12124.660675735677
12648.665044499643
12082.215695968735
15463.695838710933
16055.66179247033
14286.58648811171
11991.714602077634
11018.473509972591
9327.79909870064
9283.97959335661
12104.602135349738
14607.12400560902
8857.105662093796
12984.203165874645
13051.892449093226
6185.050689297124
8245.35431466214
16439.794523433044
8980.614119423988
17782.88683565018
17992.33403004165
5110.610522424593
11276.53462760214
19697.84000933045
16007.650025965379
8769.043903462603
8963.620739973345
15332.148043660098
15096.798374117661
8144.08025110002
7570.0446730510375
12644.877946037206
16482.961845731297
19839.216707038722
12903.407551988115
14743.368807778344
9294.871804607646
10005.29526699756
14815.625385665286
17651.630280969548
10594.653607500804
14459.103645939133
9311.837500909856
12191.033627442946
8286.024832971125
9541.822855855538
11743.957105499756
9879.781937309466
18280.874054226984
15609.41630323503
8238.67621362235
11598.655225341268
14833.238705506237
14687.928881039752
13860.483420483324
9255.048967969302
11902.997967429961
13157.217446395794
11671.164851528258
14065.281487038636
11865.952488113588
26695.944149739844
13335.943353183906
11047.159134034804
10446.69939931521
21575.613810208328
19425.562644608064
18944.397920191892
17607.5184083845
9337.828517890866
14940.371484480307
13279.434755594813
13393.74012667026
17031.44935076684
15829.485297569616
11005.79004527903
18835.07062184864
13107.305887006261
12239.972768002695
10730.937480515906
19871.698235846565
11280.857099316927
11013.762823829367
15572.379942761063
13338.459876449862
9758.569526731979
10947.011260907946
11747.446737947335
10334.443372803918
18481.725081359284
16472.958126057318
15322.392645043803
10629.253544124314
11460.026400446563
16544.830319517405
12544.835915380081
13781.069575211572
16668.728119135816
13766.676132105758
15956.367672130562
16654.712317193455
15206.111967965098
10524.9247130242
11729.875304219566
10508.40786842892
16225.691700338693
10731.36875628613
8750.328564053278
13762.572693515656
16618.478522280326
14047.35212464929
17614.219602767615
13520.693440049914
15926.588493957888
5588.948136295726
18299.428675142306
23339.057114447274
15566.404772028896
13825.637592108262
6266.68618581499
14557.116695417992
9644.683116904313
13002.401671740841
15530.848468805927
15347.935009152323
12253.697495220138
17112.425136204358
12132.242872328308
10426.228342706954
12106.069058387766
17713.999205198448
11638.930175084024
15590.695760661978
13990.424923080702
13541.330668417042
10030.524985448941
14308.736563891915
13765.32736677182
15290.194492676597
15231.236857762307
15307.892336247423
12321.915949553182
12100.304586548167
10557.706438163776
11443.006037972447
14249.188588350962
15842.582762661204
14052.358220961101
14052.3582209611
10291.378912383616
14249.188588350955
11021.0829449072
11090.957872011517
13198.984687818695
18158.302342473282
17484.0188667978
11311.801701532166
11701.655717219599
13198.984687818696
10155.589118309117
8186.403405498561
14887.117077838508
14213.314805678181
8607.046460213212
11021.082944907204
12498.711492788674
13900.076629055984
14931.364472121983
11211.091516125956
14857.17708706018
12940.135087107814
15521.369107962397
16942.09834289297
12664.999280922004
12578.152451787315
8662.597558488342
17115.789184223882
14439.885227955005
16509.986843757055
10063.379648775413
14018.450769629322
14093.797957320625
11438.899662315791
9424.591505039694
12892.603960551578
10593.452121024346
25042.499315722336
13864.803475793808
14433.320811912778
14335.986801869618
12968.591855803763
10173.568221456095
17039.37869128096
9545.78349634188
17510.866887535816
12981.033532920163
14302.632064284198
16452.348018978606
15316.860977507522
11265.959599804366
11329.346449931612
17007.2684055928
16326.73072277529
20213.706695216908
12492.610878117202
15619.41237938715
11124.122233511285
14513.423899409787
12014.050961621659
17972.815723549353
14562.414271408355
15309.022813218926
9716.337799856059
13097.293056392136
10616.378885363578
12560.54325543682
12421.24704735274
17069.750439887266
12655.018311187032
10234.089298275712
13391.365588940469
14579.588075159008
13383.339796684313
12401.108342715457
11182.739024200067
15616.518566362514
12253.318951729514
12410.523366801799
13650.925367638427
12826.882135853384
14036.844725874402
15936.681145744458
16831.657683630645
14649.274113089097
13563.61249521565
16928.264574135384
15210.632021751895
11465.934366136795
17657.360837115906
11795.780361449983
12826.002400851248
12586.881406581553
12112.193322251329
9116.188724816071
14363.74691104026
12398.890195260567
14550.475063413089
13258.924333257812
17751.17153016413
12337.31089134221
13859.344863576896
18267.828943987544
15018.619132838623
8609.504605257576
7836.183511062412
14764.486329513951
14121.159893426418
12135.049736178018
14131.844854411996
9459.527744528763
12865.372953649461
11597.2099714953
15674.883733787636
13098.428745998513
12163.425324602453
10076.639094309166
15971.751054883856
15224.780928951697
14751.935114427135
14005.336065131836
14298.874071333183
11731.702915925158
12652.738232203083
17624.45002736116
13717.518384221938
7045.533700412701
13227.84631945682
13687.666481956881
12072.312788715031
16390.51436671818
15157.496215480003
11621.161145383554
10449.170550477738
12516.876608471877
17411.994933217215
10548.673137596154
13545.611047881903
10764.146292757989
9792.06435748356
9651.685674322775
19088.066448258218
12256.323669247124
14697.202102060757
13486.753625693107
12282.075495788655
10778.013510343382
10864.126509455426
14081.310648732358
11637.647003008278
10691.978511316349
12402.307426688276
12385.136303218358
10877.920125828805
10960.768498295622
18701.30177653036
14340.945946370059
12019.433870553032
14504.945104740267
17387.211786477237
12141.605983709811
9344.491888436307
12057.69953210978
14229.731107442085
11660.386689534116
14377.559841188418
15704.104224336204
13193.438768228185
12894.968544674204
19368.89680966054
16592.478837473496
16322.682341681051
14317.854220469308
14785.999683862241
13624.293641187925
11171.657890030192
9621.917479791391
13996.215847044043
15164.55729303271
12819.136868860902
10118.18380892172
9208.892032824879
12140.833118161408
23633.733467256596
10044.061085253756
12684.71981649526
12093.189887053544
12847.252568247628
15011.345461253277
12148.802230649935
15414.194249676182
9962.566276979036
15927.467968718047
12723.9933612953
11779.702827339344
11509.057965266671
10891.485427225773
15233.371328352208
13613.967909182651
12462.115337640367
11673.328217466253
10836.362552830153
14437.77384031228
11415.201590623958
10901.331192817674
11347.005888786687
8985.26320166257
12026.903050516137
15318.579231806423
10887.749637439314
8535.92030990447
12971.231250186376
13857.858116256275
15619.185397960422
14900.490124822603
12602.490116429031
11258.274778810568
9989.741672465818
14789.617721723254
14114.319707181401
18894.39231025031
15322.409662211097
12144.83501157016
15717.647096801833
14593.230922067829
17784.470420905505
15842.062388497292
13376.872391850578
10476.104136952848
20063.13770460722
14160.674932248487
10822.948136132418
13967.620326238943
14823.641286715369
13660.929004520578
16571.458178627316
14689.221298351973
12742.468908099821
11943.772170816574
16518.872443692624
9497.678590090629
10931.03536761746
15733.170310324887
12441.919685805557
14839.264104435431
12967.431542494764
13579.863602476355
12165.361487576496
16489.44402349292
14809.028659274336
13131.938021282596
11723.767082339795
8982.671513628968
14515.913090472171
15772.08594414535
11523.775652536635
13217.763754176403
11437.25031599646
11540.243738521034
10202.881627350753
13342.627513009813
14023.829552262838
13915.33213030957
14652.242102036436
14777.123753427692
13820.556442384175
13989.747433135999
12157.537249546855
10588.617695254236
11199.88026438151
13055.294682500247
14494.232000209995
11731.210666687937
10690.410194520831
12603.907715478446
15004.663451741595
16949.090273860413
9426.890560014503
13052.560048029207
13052.560048029207
17415.54554905656
16949.09027386041
10090.280430725594
12756.619363380494
19033.237165291484
16134.163970210586
10331.44891507121
12010.191198029805
14751.101212803385
19033.237165291488
14544.652213523714
11268.73203679373
10408.153967101045
14551.574957335717
11670.394746227856
10090.2804307256
7184.573980746874
12057.584943946478
16930.075204965422
10619.46266539851
15122.826063030921
14719.730297498987
14950.227090053286
12544.28183199172
13246.029737594212
13773.944532538702
16508.877416096922
15385.841851873249
11466.148673902513
11366.410338166035
15540.161074792355
15929.276885206498
19644.758964017965
10667.543467089572
10223.523208378097
9120.871390405171
15460.159363558907
12847.195195496291
17450.546159958514
13950.447566962948
14875.80172910618
12071.802097319933
13796.443433638211
14992.733511204733
16938.281783139566
15535.542945334535
11012.522354021019
13180.824040986314
12758.01386780418
6880.213127717781
11448.19652772454
11572.180248025947
15048.554357131585
13902.23073170238
19199.437879413097
18963.232337162863
11935.235881233628
10010.095523534343
12533.992300998505
12765.907097467723
17588.140544551865
15440.962013801807
12806.086262136132
12708.232756171785
14703.795235076732
15163.771316405124
10479.30783572762
13407.915532854338
17112.952016484694
15796.204611499506
8643.408544472488
7609.81027010638
12548.14720587336
11130.661405770066
15085.321866726548
9745.44864958265
13880.396857181328
10716.04379271715
12835.029251047252
14862.761003119473
11118.656632266911
13157.840975348092
12289.350566198984
17155.860635124045
14367.826114826523
13351.66125407153
13495.210562025659
13422.747435969235
14956.085607836498
9159.825959513417
9944.759172560885
10293.505218085907
11535.159928363142
17481.129024568716
15050.177544110116
10151.018841782696
10321.502809201758
11951.59428604997
13139.1945281796
16728.713685177314
10223.392028531953
13939.241528573386
13661.398961521292
12912.401338418353
14486.300958470676
12074.772642896569
12037.74109972818
13043.095005713649
10760.547156121
11544.393020263014
17215.75471370888
19365.711506990567
15931.213668037537
10583.049196016671
7370.060061141628
10972.760755743802
10047.963473303364
21045.076470948778
17543.363555962052
14552.22953016042
14702.293453986045
11553.727724433324
8376.963107960171
11804.602579962373
20261.898557695058
15628.635363958803
10381.711248296693
8712.083624629726
8968.180335595289
13902.690410759848
13918.324610170066
12387.947823419463
8820.499852598175
10184.123319381848
10175.661858973945
17971.010617389536
14226.991667235714
12971.910561985414
13585.038729215676
10150.415547536792
10700.483521343955
14390.389273571272
9492.636072163508
14738.990422518887
27615.7380510335
9712.661992246463
9604.465006734295
11428.288647086161
15495.974447177257
19331.12886990706
9796.924457022462
9976.890911672555
9871.086210069503
17987.185488162166
13799.129283551914
13329.620922141123
13994.301240283197
13984.839970151454
10374.731228116625
9912.569237405223
12393.980169281867
9255.021020358427
12873.343785001282
15426.804730546552
10324.655422130427
19665.242467145923
15797.954631176392
27287.926610912844
16354.245844642357
9704.55737604275
11278.976127357799
11316.630698592606
12713.706892869173
15730.767490605049
12655.829063707519
13558.40269157432
17042.737643421904
12591.045360793805
13726.989495353386
10889.621342666938
16089.077202721744
13355.955460921648
9400.894334425853
12706.637353829403
10598.440780070903
10953.955170114361
11471.614752389478
11758.65753378641
14703.761559624081
11063.542714243657
13727.318557209908
19826.024018492306
7790.604035811297
10162.559877893797
16373.710663922717
17747.7731106569
13591.344403581546
10602.355545568793
13986.37724031325
13746.146094091768
13693.726052307871
10554.287885983871
12286.666307802978
10384.775498703048
10862.301606555684
16444.175851225922
15255.490368463827
13570.176239052158
11122.542284284842
10780.44892114817
11887.8208818632
17445.446113533333
10028.459148322208
15425.214779279218
13475.919342261737
12642.336139227875
10373.910788469879
14089.547789175478
15007.77038916276
11377.311566079296
19941.961369242417
13503.96936219211
12413.524839651585
14360.12155724334
15976.379378302627
19179.90543987807
9892.331348009846
9230.616944315945
11413.273837277831
14410.66213751654
10875.37629875333
8517.204706816072
14410.263715211939
13070.91448592972
12216.767430349624
17462.930861635192
21871.508452937927
15518.337970408971
13903.741922738807
8855.774748334996
10023.181852184534
12897.894188119433
19112.73175469795
12190.064756034491
12028.903597552982
12705.270459561942
12879.233939249043
17755.51373175028
10281.653024774005
10173.058001792851
13622.694192728473
11292.413404010586
12668.071171221869
15477.751659957557
11065.034349785645
12509.006676935765
14908.170698110756
13315.04833765252
10543.32540466704
10083.894291802808
14052.657942080059
15292.42677885587
13696.222230319085
12883.192272366825
12719.100968232624
11791.629323800225
15396.703977045401
16125.639698414523
10880.420384705603
11710.555962853035
11939.634950108752
15494.38697345815
14227.211989414604
9664.127843458016
11556.466515461154
14638.705222002913
14935.65624008045
10673.71613691934
15497.841810627415
15497.841810627418
16581.661265753733
14935.656240080449
14282.369014645496
12835.800749785034
15214.541477137991
10219.52603898893
12011.712207730976
12305.323058459813
12758.556761604643
15214.54147713801
14089.818642227567
13597.983904560275
13331.37053378329
12649.134269613272
12571.244023483321
14282.369014645496
11076.29422165768
13347.206916734576
13957.178918622421
12682.00817776822
12612.609342928266
10649.495628917019
12176.172465623928
13130.22050221931
16478.48915697259
13166.308595676212
16553.703811041192
15005.966687242268
14351.556866169005
13598.183239595097
17611.66248711194
14876.203262150542
15193.643312651078
14518.843131078338
12365.55669359577
7589.424974234806
11127.333879845257
13388.326651619605
12003.843127308533
14642.882837550627
19806.49179839051
11683.472927352392
8057.954188075312
13679.387098009725
18711.186931356453
17105.617044096696
11999.22230332805
16525.78945936471
12404.965858211279
11286.884289187838
10429.985420565128
17214.772418628883
11238.795855991964
11076.635626600839
14870.252230322494
9060.28388564318
12224.78324201114
13612.556087584744
11583.151102155529
13581.734990506826
16121.54307369669
18250.84775035643
12679.276172949354
12270.791684665537
13807.103894761689
15346.294532278063
9800.589867845067
13408.123825811334
9646.390458204796
16110.977055208463
16449.773132494985
13854.608032031589
7371.806992198414
12206.312521349208
19324.58478770366
14500.202800208319
13658.659698381698
10037.89271381203
13146.686203852612
10976.663829204495
15941.044273825846
17231.778596929587
16319.852002738233
14094.495199561801
12695.743629747443
12635.619583571935
18547.881379233717
14198.888407054714
19660.56697945811
10584.695950525864
11362.379366095818
10594.91419873056
14689.85936979419
19703.688325821928
15661.321223378907
13112.727448739333
11749.352837639315
13405.285824079168
10275.091435649465
12229.027778674246
13185.316810847895
12430.469681374478
7552.368937048017
10889.696919436581
12319.093342106613
11819.743186045434
9630.43889652584
11656.827410574711
11600.092774658073
11490.55816694233
20479.549308787806
16071.765399597585
16226.430032416942
11297.55930216013
9257.31057056439
13876.786824806819
14453.492206949148
14762.526113320182
14184.042620597986
12233.957890218579
13207.705095497658
11632.391876023046
8439.996687747715
9519.991499343367
11313.471615017912
15435.471016522582
12421.386101960414
10621.064629958426
10418.56782421007
12051.061914600374
19515.68412882223
10602.712316269748
12234.030688826235
8209.079805311525
14676.187545036284
14533.010140546365
13784.687488054034
14991.76576252296
11813.009550881787
18498.24371377872
10220.243562852802
11490.704871133437
16075.141356212001
13652.8210063441
10881.192785535572
14933.42004537135
10801.709629869589
15586.687685967872
15355.241333845974
18873.46801389944
14136.1286892988
20066.63282092867
17722.127288125397
13996.291319069647
11300.734041114445
12563.702796631309
11703.178583069095
12954.314531228874
10606.087627880788
13495.277720445361
13517.615582849912
8580.092204612818
8957.352034451898
13353.944604070592
17748.131736699266
15134.059603582056
21623.199810813192
12038.481907166097
13827.959433457854
13205.016513574243
13109.392261216557
12526.52568940795
17524.891207959026
24240.166147524218
15855.186510658372
12418.022816394605
20149.652751802347
12005.736096129336
11819.358337326019
11024.587477316223
14123.045147170156
16327.038593603345
11406.34819833536
10731.111803767579
8814.24859743459
7320.2826425161165
22779.139751905408
12774.285983696103
14100.186875828364
13779.028885795773
17409.36609969821
14089.62344621304
9924.618228049203
12460.468034518886
14227.20340530298
8646.768053698153
10576.055416332296
13900.99275468574
8118.365741082715
19166.44818038794
22511.148791832155
10864.57117058977
8612.305961108532
13256.931065887728
17814.201651397114
17774.595487784136
12106.301675823752
11080.568660184405
13773.97337275105
14466.114913948642
13038.942797353697
15116.407671310333
12861.782699921403
12964.326951533123
12474.321084293997
14566.436767716417
12919.747918657482
8081.286102037078
12017.146742650864
9717.132430092084
10891.524730774294
12851.483443039284
18879.47384655669
16589.566270213505
11863.290477516015
15680.363310170625
7096.642763114388
9429.332221790086
15880.297122562251
13783.24358179373
12657.843196708294
16545.156901998114
15222.847245495941
15090.624425111828
9029.647245346101
10633.896443142243
16231.893244545245
15607.488481695153
9988.92439194051
14789.388931910395
14068.677986537748
12274.002496688165
19337.937316027896
13931.789251714816
15143.197527137669
5780.335273053476
12409.192441212934
18911.625537647178
9130.631411059745
18188.373385924257
19704.692505553958
11252.44716598096
10511.360389147292
8949.923232201272
16239.34466266746
13760.448929433333
17314.14184953976
14823.956999315767
10595.005373294562
9456.012268597335
15126.757227723996
14482.410513297555
12427.126574060829
15374.448709911614
10982.032255226482
12451.7310563024
13047.465287165998
12123.562485749495
15279.03760111347
11785.44642577213
12523.613709933805
13468.389227029447
13244.946964743329
8658.897273291523
10239.64049596159
13430.188630511864
13620.293273236415
16446.13137705042
16251.400345459186
16251.400345459184
11629.049025160954
13620.293273236413
16222.956783724096
13623.045461078967
14409.302227619992
13021.63241274988
13653.01722847796
12779.656201468608
13819.881438699646
14409.30222761999
13630.881283867839
13127.209727064352
14520.65691030081
13819.88143869965
12757.712075789022
16222.956783724096
10662.391267906956
10715.053852249424
11229.027732441373
12490.545205647302
10179.841273258182
9866.662410515983
12379.410088612423
11229.027732441373
14754.935402617788
13023.67198670985
13582.326219432207
13291.229747730662
13375.862330309024
16222.956783724094
11899.61935470484
12537.619067164196
12806.25465591198
16939.865193919828
12118.143243024855
11422.076247308385
12855.871503096927
13505.153826885915
10977.661436613103
11810.345678965872
11922.353070175961
12421.414448486017
11088.48757864494
13457.223218839592
10491.753163602387
12666.731583655755
17133.77398924993
12675.385636347237
13411.795856399343
11794.358176438976
15754.188388137434
17133.77398924993
13740.877417341813
13094.04051180693
10492.304890945963
11973.924133219696
10352.3180630971
13457.223218839594
15108.177030013234
12409.226514659407
11196.386488422895
10575.959933489328
12336.119114649075
12972.99912790925
11835.80890545865
14358.500210113349
14073.449586437831
13722.796056265392
17523.4035557344
14430.760660191962
9868.35626564229
15190.242264524566
12385.922640443676
13353.283745342487
13679.356625100905
13729.061156334405
11480.400932271594
10578.925974165377
12546.204273054322
13679.356625100905
13767.908480305301
12217.463829456457
15964.109504845334
13370.03950427351
13548.862534353446
15190.242264524568
15529.902598814939
13938.188196039308
13943.891130476182
15692.705454838822
13738.264201294649
9492.04906582041
12331.298590891327
10900.855941346646
10758.783240906889
13065.665591129087
12332.426490923548
10784.968687945806
12057.44831657622
17537.590708867043
13078.931094971169
11917.794695739021
13819.892662396776
14912.191417661237
13425.579720752956
11260.420780916374
12438.173424641893
13819.892662396776
14388.143406113772
14224.252671549855
11640.0587613559
12628.68180548103
12879.507959306187
17537.59070886704
14364.540305655853
10676.41376458935
10776.963791960992
13145.288037693605
12657.27569659656
11976.192227552865
11135.187304639909
12903.523820974266
13475.863916918544
13594.334709011451
16376.018129768758
12572.796894310992
10316.378398927749
15684.305473125958
11656.285838513797
14039.819925356545
15291.211982478544
14593.067780810648
12314.629562393086
11880.36534389128
13781.100190784755
15291.211982478544
15444.018529498815
12912.588034018552
13296.376710005161
11494.039416774976
12891.371395299517
15684.305473125956
14208.000028120243
16047.15338600309
14167.097301307549
16422.955166921154
12833.466915030876
7566.867163882261
11955.293708638697
12161.692833229185
9622.263250693286
11992.365619644392
13275.151224857305
10349.395558481998
11180.82135340364
16406.323276431176
16003.727414214474
14153.209913571687
14916.241294110714
16357.912346425775
14918.728684928983
10742.389818914227
12843.767372811508
14916.241294110714
14330.842014504664
12978.06782748025
9983.082569948887
14644.613317992947
12334.752287221298
16406.323276431176
11566.76675215301
12798.289799341866
10113.732081492364
15291.41226932734
13570.612345199348
14411.783791821705
10189.99134150505
15254.927189849242
10303.746177653366
12262.897844905256
15830.31385567834
12464.31204881385
8068.716854258253
13124.750572290326
12318.360522996016
15021.32815286971
15157.31448926602
11691.624094974495
15029.815427857568
10998.531212083728
15137.617140413306
15157.31448926602
16897.74756205632
16112.971199076786
13998.015610304908
15031.960464983305
10650.095458033504
13124.75057229033
13662.934912018016
14640.61515136154
15669.78548759803
13768.431589320247
13655.081221365841
11073.241204566928
11885.776769891521
15864.045626290508
10757.813419930322
13404.427628868394
18285.488917269504
12684.778834503031
10272.238597900287
9771.571674634228
16571.883950281972
16506.196067616635
15439.527797318273
14842.702642949607
14758.457026290724
8991.859483223718
9772.02200916141
15439.527797318273
16930.028466493382
12799.055411266938
13416.60156403742
16047.869776857387
12026.744954115467
9771.571674634237
15276.068448492286
13208.920084285557
12295.493401185311
16579.264150808493
12956.824136858002
10659.84097697013
12681.945989925245
17075.66948376644
12672.03090445668
13369.153644132575
14236.580970376157
14195.422695063513
9938.574325630583
12848.824176429243
12749.498931881093
14919.492120624083
15442.189187585174
14547.329081196818
13057.463215836471
12978.565013059477
11924.782468047648
15442.189187585174
12135.646897788822
13823.507104530483
13370.580533629212
14771.646067639018
10702.189726051576
12848.824176429247
13697.834926979698
12257.742199632463
12919.841083293772
14613.424050693695
11592.707529959447
9207.839458324706
12688.839945484673
15656.488811260337
13068.371288580935
13405.638737534346
13565.028980004538
11251.871434874205
13298.411402413962
15355.092764766603
11985.678040103383
13249.099057568437
12255.47015266665
16086.612110885617
13249.09905756844
11461.665623931736
10142.683957839336
12255.47015266665
15355.092764766607
13076.0598494324
14327.094035120746
14327.094035120746
14677.786258839304
15355.092764766609
14315.076528847907
13473.709466322216
10546.492183794719
17548.197857595307
14775.155178825318
12066.108843213202
12078.697372209424
10546.492183794719
10675.575482952827
12898.318324074107
17548.197857595314
12095.818657529744
10076.027510961741
14315.076528847907
11810.47941564511
12782.932836079604
14262.97222236561
12941.086427265518
12782.932836079603
11617.492594655378
13696.765253437208
14389.580628206919
14315.076528847905
11498.929591577631
12426.61386544721
12531.427193158775
11895.636339561775
14183.342957016834
16929.768191525287
15084.318542190078
13028.823335536517
14400.740798918536
15793.49776584426
15530.874608647457
13416.808552649514
13198.172396610122
10160.179149609225
15299.800112626597
14400.740798918525
16002.446963506893
11885.832607099337
16767.939417880494
10204.819084099803
9918.927486228618
16122.129481927925
13696.261354201377
9895.970054957268
8253.128514039054
9555.531487437678
12359.10118800324
16929.768191525276
16202.170147884892
11916.619494709692
10772.751367355626
10181.493740538932
12280.386301991768
16901.01491716306
14059.067950952507
15205.656010685454
13133.903535237303
13745.661892415505
14045.790121346594
14175.723033197155
12423.865638653491
12396.46966439015
13556.278285348933
13133.903535237301
13255.804178826798
10731.732648984473
11796.267392119345
13371.310178609376
9493.780309573078
10870.840741360853
11809.376823734772
12161.85387036188
7237.332702837732
12165.95730043111
15079.367413992706
16901.014917163055
15085.656964222359
13296.53174104762
14033.478250357592
10683.4566387685
14978.945273341626
16666.037536268203
12533.535659105597
15637.880168681635
10596.983276376253
10866.234968530527
7298.882968319899
10895.449410493517
15817.451497800424
16014.467573479371
15204.527329958346
10596.983276376259
14330.709519211197
15571.697740333562
16029.221335726075
11850.585043980787
12782.250618817661
15314.559114939431
12390.205590171136
11726.559870221223
11774.440926216452
12888.89586306727
10767.794109669923
16666.037536268203
13989.076854085084
12687.220082918417
17270.044851678533
13760.207428089896
15746.02457566895
17147.351840835498
10352.44172548574
9777.111779437266
16559.013749229605
14538.051833042498
9446.50039531358
12158.194708358064
12720.076633971783
18850.949464939476
14834.143187263053
16559.013749229605
10700.435509219486
11429.3735658226
12308.541538864023
10218.334551771384
12631.985694581173
10992.863105439481
13221.530970151716
14922.27999852592
14346.46895756929
11792.369035700793
17215.509123223594
17147.351840835516
7138.5625371851565
13266.763270607302
11725.880877111358
13627.115843079828
12640.706732938477
16319.551711574295
15271.691172537183
14786.032952700869
12477.095011686408
15900.811577521632
13350.115627713722
14353.477256019547
14775.752875971537
12446.42988279307
10709.33812810903
12477.095011686426
13862.565432742162
10883.05890159429
13726.43172804127
8434.67194371547
12244.827958546906
16930.614198122836
13031.564972261902
11036.202802358426
14024.63266639594
13413.863261006736
11610.756423360885
16319.551711574282
14223.654132698637
15597.726801329549
12056.495695425676
12742.4637644736
17092.944513161274
10846.919772219111
13292.281053587896
18164.509656771344
13986.83372986045
10923.637343161161
11377.728452606752
10890.82490266183
15391.017952562908
8916.645486815836
12260.880502972768
13986.833729860437
13596.140192587303
10004.217701831156
16999.760169706322
15312.771882348046
13379.74960285592
14619.341764733554
13008.735971358632
15358.67603563963
9312.912494514578
13185.825586902385
13489.432233923673
10846.919772219104
17122.36669770516
14368.981330558112
14430.36899505039
12556.065012412928
12592.15689574835
10332.666349633717
9983.080463235427
13684.066229770579
19110.741467219592
11316.916929248811
9894.164578353531
13987.57060782996
11951.964696705058
12192.279870724014
15654.881723181838
19110.741467219596
14099.829600472141
12551.083408015638
11290.583376620903
13295.521032196539
12926.088720514097
14356.638360148016
11110.66452843323
13643.974088656147
9311.149887439835
13017.08354977188
14713.512260700896
10332.666349633713
12268.122640801541
12503.872381547524
16024.69819841511
11257.8225312936
12861.737605360646
13469.784637336206
16123.590134847494
12780.556692962768
12339.980208956886
11418.410633539224
15211.909790778214
16786.911813982235
18911.028177285032
12408.888385154914
12909.273600359622
12339.980208956888
12713.08585809733
10415.810190678876
13576.004134980998
9286.838825300403
12085.554007521969
15718.03343601799
14164.312061863504
11923.739942302402
11026.511107312865
11617.828506670952
12794.21359602555
13469.784637336219
12599.573046938602
17719.314236201626
13821.106570920028
13019.736731863237
15438.596524818906
13054.704577039076
13151.900568500823
15793.023051478236
13775.498970364879
11648.037287163723
11579.063545060235
12695.854490916887
12267.465487179792
11878.599235777323
12665.22402088087
13775.498970364872
12695.854490916894
11114.051071577967
15208.18156381919
14144.107549329596
12287.69899804554
13776.937231336355
12793.732654695455
14236.536763792785
8722.715885645315
12894.502490324016
13925.382334134292
13054.704577039061
15836.024762705973
15423.986658767506
15423.986658767506
10429.376154321599
13054.704577039061
13580.886769085457
13592.25614684994
17307.011131738505
12961.258912301948
12044.009626536394
7496.675464780474
10011.72097103286
17307.011131738494
15798.117752454156
10753.683010067516
13099.384847067056
9988.094105663346
9625.403857168338
13580.886769085462
12809.033244691978
16290.330845184213
14584.867104545901
12651.364579717228
16157.60816512501
15643.956878594265
13503.80795171238
13070.800231867477
13375.807540991145
10565.468560354504
12129.098508167843
14815.015769626907
12169.734711443401
13001.008504073949
16802.393451299173
11843.21357622985
8995.662351769412
14707.94874568629
12662.338511852215
8576.734515381391
10092.29104572339
10850.365183237467
16674.03801434302
16827.208666854334
18149.774941175085
12254.901728952682
13525.778813619407
17280.167687891273
11792.548957443867
14736.3690976265
16191.087985949955
14657.80051240738
10630.90936167779
10834.523388461777
11209.961342220266
11536.507358225388
15639.125226796288
10384.134148749694
11869.875506669045
12718.750387212935
10943.677261631274
11605.209329065714
15194.70483181044
13887.822122058045
14731.726666241211
12960.796781959401
11552.33256532
9624.570923372552
13285.664275299168
16768.460299369144
14713.031698935398
12482.32198476285
9233.834895711621
11521.558061423473
9841.861239163436
12429.140832451307
14370.625653154419
10637.30758181498
10244.856902995003
14895.654456990684
12064.648296200026
12331.992707073328
12476.775262466053
14319.149172468873
16525.279183716448
15645.05293854961
12832.40803449396
10673.324795093007
13361.671437759356
22466.404244248915
9616.68350973404
12812.23176807056
18314.81132926914
10672.455037764448
11604.514875874691
13612.706611511587
11751.333546009115
17505.049742066964
7668.096238214369
15159.534938518887
16067.163792557212
10889.831608650305
7615.577411232684
17193.97774945454
15025.357537266593
14768.556761488033
12078.74485946901
11075.573608351662
19069.508544682896
9253.355712541685
12029.77888526341
13786.45753095767
11220.207937356625
18176.0992352534
20083.88602877139
13549.910446318438
15344.119581465633
11966.338899050603
9682.371526747598
21622.30775285849
18902.145847019146
16614.672642343812
12332.978904250751
10586.905779552548
13827.766555581045
15539.4256190957
11031.507698927777
7647.014497677737
7547.231580530248
9194.977772069173
9785.575537413657
18650.413471665113
14592.27894205297
12445.001491953552
14969.922035832253
12415.590439479663
16699.605312922806
8168.4013675118185
15930.311020793817
8693.571506507515
12991.120259312022
15556.995464961661
17291.48855706967
14149.359848285207
6609.902278018659
12442.63171462608
10946.066457611678
20073.861437814885
14098.354758109735
9243.122326969413
12654.825228666205
16644.425989367643
15041.031489275225
15969.642460584739
13474.86048929536
11056.38715208803
16261.526579990024
14764.865739834468
7652.718095391586
9262.58158958561
12297.966917009051
12887.041801602973
13435.404087568288
10034.79776188264
11176.104386777792
10617.881682615674
10528.794154164138
7174.501041582942
14957.924822237605
14122.070690593717
19152.332955696154
23015.893505078257
9004.986579894403
16046.419363965353
11837.94882050207
11499.919713793497
12556.901625784878
18326.312624363713
11421.04779043138
13735.958856764142
15372.895847434753
13063.513315826129
12000.30437642472
14543.545403607392
18524.24493823701
14322.779291063882
10140.016820705641
13720.316743789042
15004.12043279977
13927.978640401929
13149.299171595969
15251.991087596994
14514.275536246489
9267.105007393282
13701.041111618477
21169.773849997175
11547.263418242823
13860.641271920038
16377.934249713056
15135.365503270983
11454.691687934377
11356.361435128709
12596.243923053957
11268.092740095795
13741.30103205359
17455.438123275424
12509.29850250787
9056.871508353193
13575.135589311629
13522.053292531167
12941.116429007936
13661.162873382857
15510.574486041676
14666.740458187483
17336.47283485285
15577.52647944163
9499.313846167672
13766.98703851341
26496.20297420487
17170.949214862234
15009.31732689559
11998.943533802621
14569.99493234395
17357.477147711368
12158.350107512435
11356.129362820186
11263.254734205344
10085.07898099937
11352.386165699123
10072.627961304515
13623.96667457717
12114.744870629656
13305.9841100531
17637.51418967147
16602.873821397534
8769.537240064525
14642.050953315516
12886.581080792428
13056.80066803321
14270.59835461562
20356.1552942882
11728.613127389355
11294.595497854609
11983.685191313272
13321.642885229265
13470.12295490394
12100.341711322864
11257.45131647809
15251.75919592771
13231.346895816034
13741.940676603084
15964.19824811449
14894.960431787
10309.223744973166
12273.234560558776
16425.284507619577
15814.342510362823
15382.517699641214
15412.547446514773
14106.405298924517
12343.77005916269
14121.471217816204
11571.128026384406
13076.593247860581
13660.794018000117
17963.95192891787
12980.1688404851
14854.825637718279
14733.965967078771
14444.587330414848
12874.775297393087
15890.143425179911
10527.104123976962
13104.915114939346
16398.839890042615
15188.130784047575
11526.46572156731
10501.968444805032
11919.384150640191
14363.203804739158
13507.053332389869
13485.55758286672
12757.452305908664
12757.452305908668
11520.803522776621
13507.053332389869
11819.330595559744
11468.641855678863
16229.722881567788
15205.332729256308
12993.598044992186
11664.548537813484
13880.138920462585
16229.722881567814
16091.149998213668
12888.293082449487
15865.554983492346
14685.65678120726
12973.157381529705
11819.330595559755
9884.520564731623
11945.018973895461
11241.08554040868
11079.665509975195
12510.123984790076
11025.15460149392
11891.479782797403
12445.701196890148
14127.624161859363
11465.341681091817
14263.129710930501
15809.996567067112
12844.667505473813
13185.853180366166
16133.023965366569
12433.781531515531
16229.716161941471
6997.460450553047
9571.421201384854
7545.16775617101
12797.685989132902
15877.63068806574
14647.36483712205
11761.869976485827
9820.93822321257
15637.285800025336
16750.217707522654
17356.902140939823
10526.69098456014
12053.038705227471
14228.711849560072
14418.45555558987
9438.124434407997
10565.124385742303
11209.24180090554
12349.293595604704
7270.440981880916
10932.739235608733
19273.971560281007
19509.09940800911
19480.549154153014
15763.65859795461
10944.933664640499
11135.496479200854
9509.67867545302
20464.492565717723
15905.918366000213
12773.850173318051
14339.646838655515
13552.02841663696
11376.647831191605
12246.85119722005
14452.550640921108
13041.08154109947
12296.11783283218
13938.272797177444
8977.46393394041
12628.92940721768
10565.627223706702
12709.232531617745
12798.555049061428
11729.442041168635
13633.566328615294
14366.00080907536
18256.247984887836
11702.57620218984
14867.013984522433
15301.595152917882
16673.422667947605
16350.812707605073
8216.289592491266
11292.250534986772
6916.709219698749
31594.397533280964
19355.59153687895
11938.939505543132
18197.847777577335
15301.557653047123
9841.776586286302
15278.49780322434
12059.238089918426
17018.301250710745
14310.32841701639
18246.660324401822
7677.165804122563
14065.560662808804
29901.709849918567
10058.461589423341
11151.458202600757
15552.720316882813
18411.042591284866
19875.01517305637
14570.82553722355
10019.735054341312
12222.990557999916
4508.393544949961
9357.454665240215
4943.492515641983
14172.824495787389
11605.278811826254
14567.089332963003
13848.484479955137
12433.431638806247
13464.955998672902
14191.27594933777
17829.717308692798
16123.904962456085
13769.075775927131
19079.91148968509
19418.24478475823
14143.578254625681
14215.517008331768
8003.912301841282
10811.83230939864
13475.91973431517
13894.897471642846
10702.105640984477
11365.281068974498
14499.40239862386
15124.837578932307
11619.914837972168
10140.355835738159
14194.676135814212
13389.38230652456
15588.278130841261
15729.778656235098
7587.454147691812
8528.31553849484
16005.033315974122
17362.628721778587
11498.024262500081
10957.542720627627
15483.81251620447
13041.238426034577
13024.896885981785
12334.375949829193
21731.988318762553
15239.382054045507
15176.639409011406
11526.058273439863
11831.589359412408
15394.345219066932
16469.053736455124
13401.834804007945
12163.085164484995
8831.22934989586
15665.957750854732
17536.727886194218
11991.778997406873
11284.444309974442
11766.326742555597
17385.838290338448
14884.782389555878
11780.90919051865
8997.373399339462
11231.858102376798
16738.021017329615
12930.392325094597
9533.036549259212
10117.38966620386
12035.70120162321
26006.064075497274
16456.923118507613
11491.760836348283
7833.793686930412
17005.278875110376
14468.666413123872
14172.443116985754
9205.750511123402
14990.687740453954
14269.262845335285
14516.412083331265
13488.580052431984
13948.389336096203
10456.894542932767
14816.278670574125
12656.922465916756
13747.75532175519
13468.100875257122
18952.561798742197
14426.603181187953
11207.042728267485
14743.152699280769
11976.874623004136
12399.089026376958
12746.231953322036
13032.681620995607
12068.696245074045
14569.87359043965
15272.864286860431
14132.166441047666
11424.102932276775
16522.363787405186
14962.629621775017
9908.490197570882
11991.400430950373
9138.196272501671
13393.53393658727
14696.076053540854
11436.64924100164
12903.657034232965
15119.304889175564
11383.149717375207
10651.952428877827
10173.442200531548
11371.755986462415
22451.056066365476
14390.006355053554
15963.830319729495
11511.918443307912
11234.276471653446
10180.179189966148
18404.457908315202
20324.22373767346
9510.687216593287
7591.595949301707
15788.555791896026
11018.110472771661
13484.042756841722
13327.020068218468
13724.539792176449
8339.059198471865
14197.789283882483
10882.807055523685
12313.052081415626
13396.753849630571
14862.447480210043
14209.664825238877
18470.802178585567
11729.066872145591
13949.988401634575
21129.034609134644
9468.628550901662
11138.858870781636
12314.770447365649
14347.144385949945
12558.941723509872
12310.42668567386
13784.526104718276
13825.618351271842
15443.62342785705
13548.188701741947
12554.939996345713
11017.580917679716
14836.575197362838
17344.05309229742
14393.506669406637
12181.853339218129
15349.113042342195
13992.792343938712
12732.99143693287
12925.586448201058
10855.46439654258
12008.612072650836
11668.338911245459
11165.04703721925
14508.584589833703
11987.419872535142
11839.899602532309
13078.726242050585
10950.445040105269
9230.363615744507
18381.10161691192
18381.101616911918
16025.979943025302
10950.44504010527
12640.228848103741
9032.46561866768
15087.822638138048
15218.28547314161
11261.047916236002
8550.253207811718
11544.929661393026
15087.822638138043
15795.355026350664
12763.902682113627
11177.507493125237
11306.798319750591
11902.44956408084
12640.228848103745
10825.340765687102
13979.817562854525
15505.900182315347
14526.936059363423
15575.20327600215
14183.960449727238
12386.804236963693
15711.611512519195
15076.158526650059
12683.6209867262
15092.615908414182
12866.526542128791
12888.631166149502
13002.109918015545
17028.992292073683
11696.342412157435
18143.12364495068
11247.430449900461
13437.975981351066
8318.48328808265
14055.838556433337
15315.749678962913
21637.676153870903
14727.877255045401
13478.245058060162
12199.11796862426
13543.58273231367
10461.001803601232
10036.075017428748
11851.464496942166
9204.834425594609
9734.169396204961
13582.368903225555
13499.21307495522
7897.7248919729755
9611.92387252025
17754.81027588522
9056.671100798103
21410.333854237793
15939.659270690698
14438.131385638806
10432.959304199692
15741.115201805153
8690.861562031401
20413.802229718756
16281.071575085416
10364.414033540288
7712.957576363705
11555.578155412812
16784.50873963169
11829.76668738696
12128.656335694555
11761.66204801318
14413.405519080914
14518.290914472465
7004.811058355439
9487.061915207049
19045.590897241887
18664.43297254933
10052.299811091372
13398.20432133499
14031.42255915675
15113.307294805583
12488.222091298987
10252.835060335465
15702.12258360154
12344.261661875757
19645.735812472605
13819.138264060683
8024.78835395727
12232.716014474623
11439.32547373927
15651.159672660004
9845.076372157808
12748.153321647535
12122.69361699777
9966.74688199854
15532.877359022426
13702.425063513909
12739.584556033831
15607.54669471399
14364.933622142104
9075.48164795521
11407.024266556558
11972.54684599202
16036.599958870018
15489.78289541269
11750.248822533042
15284.053804982692
11991.33740664045
14063.428283299312
18036.817262996494
12709.341430258577
11916.866813290682
16030.839649732965
18360.0092988065
14167.541401659782
9615.364353235826
13749.544288349734
14110.881334897342
11958.061731006712
19606.79357360327
12179.728327178243
12696.313009715674
15369.103715378691
13031.658972499443
10334.393453250867
16682.318266531896
17814.022186811562
13075.576868010647
10075.303382053866
10353.541662538391
13167.867276704452
13407.03953685663
15050.161042419026
13998.319102913265
14263.521085500004
11158.138664324926
12172.929811653066
16889.763260415573
14532.451806863432
14255.469757828954
17094.123907314402
12761.116074193566
12113.60241289896
14153.133445230902
12025.199533729854
13457.142427740437
14471.284822288027
21976.765373374325
12690.17485970346
11801.253744678495
12002.534002710043
11912.055712352927
10656.186744651945
16254.021299494118
16883.062918171276
13132.586880817267
10140.582597389737
13845.938995240118
14155.275891595335
21450.61414229111
25257.154442206716
12340.07858963747
12589.317986168036
10768.249381392412
14417.269032331806
21113.07707917232
8960.847438823965
7965.644903398095
12697.8481294174
7308.120859652602
8450.687845721131
6362.328170762881
18079.837926583954
19497.328297644344
22598.935422324197
12101.45211869413
12503.82004625859
11963.20659359302
15312.856934557602
14498.305351588144
11258.876519201194
11257.799953102218
9725.916787159937
13587.185149692717
11448.115120042534
14497.785845684946
14467.856539119328
11108.446077340348
11714.940558901992
13511.961110564298
12957.073131750547
10466.401952180247
12866.814739398742
7824.233073714239
16637.063956632694
16957.396968651636
18643.508104508783
16356.572100464837
13334.109492851883
16480.862689074354
12667.690240974827
11144.279688102913
12143.924366658743
16695.642136784336
14206.876013867224
12704.128045958869
13039.742911002486
11810.170599485931
11469.940009112855
15765.327847185754
23442.135944257345
13175.711892420637
9407.77804503272
12820.56884403699
15898.933387252151
14893.805810614427
15659.749393332791
11402.307496363057
16138.37245578132
8956.23135764964
14592.461646149353
19867.520862403588
11557.429929761174
14010.295786353488
12674.53307705663
13792.62238548467
10434.686318235392
12831.423304316544
12057.527301025266
12102.026857077792
13929.613588344579
16167.252323206014
13772.180082955723
12070.622707444534
18262.713447876147
16109.880596197569
13606.275099836286
13557.135996781035
15700.128665551252
14484.35348438019
14777.214628966132
12108.797373715663
11276.379176093264
12062.980671533596
19450.130732655733
15225.545930218177
12920.622384754863
10016.411763278791
12178.07798043989
18686.390440723615
13757.724636651077
12496.434315786351
11308.850738117786
14928.967492751633
12209.375366197142
13725.682700378793
13066.977048235622
13729.114412320057
14251.254434735927
16137.265937078839
12396.291057512644
12767.773938788445
14902.12998452297
17042.05962820603
13107.271420856376
12887.677477710613
14399.803589167872
14532.062642787492
12231.171804714482
13856.547718147747
9914.526258318425
12895.662614789053
16359.522933345035
13195.689198910892
13385.585366393285
11848.090430938983
12229.025980432336
14953.86638804077
11187.849020039452
11762.696671169695
15067.34061099059
15067.34061099059
12188.50698927006
11187.849020039452
15071.393794823194
14426.224514024121
16598.165623812987
13230.757013786457
9369.411807299171
10766.366260459266
15017.574778338912
16598.165623812987
12964.9117942448
13601.824181709271
13704.722686129711
12408.47254824263
14602.75461747786
15071.393794823207
11705.404021617616
11160.043782366474
12207.723802722348
15394.294484112343
11426.136814674423
8581.001906741163
11024.08198535913
11202.28778575126
15302.192761687133
13072.038631010082
14588.029965832677
11809.146181654964
12145.877939876511
11584.914969926027
12569.694847304923
13236.663018482483
15780.036441552847
15604.484312665321
12229.303297327271
15987.537492597392
14067.322160256103
12544.065577157398
8719.3185122188
11517.883571235854
15006.084768686944
18660.588514115363
10408.720240314577
11356.259363247176
10820.919688353277
11029.761699507251
16086.382481838422
14063.822125607543
10120.408749821549
8328.288632919133
14238.812506188144
17366.91899906928
12733.0420858984
15154.751688279226
14617.256569008057
11705.960395467078
11132.763926709216
13500.80633163193
14659.53492806055
14956.55381120943
18159.780033473227
10059.084443824822
11990.227455989365
15359.871570267895
14179.84475147737
17228.816521120127
10182.988852598422
12039.75002587436
14654.848992861695
11985.343701355607
8388.736447620862
17190.777038641252
15489.22111790771
13097.000105819574
11235.649337199162
13535.737735459468
13475.406526227296
7274.16699691394
13083.003953914957
16269.82495622398
11903.395473801625
14972.09415639113
15302.668080569336
12359.557786188107
13633.238147966316
12104.469323210551
15335.180382177134
12999.383554786022
20095.06574983854
9692.19994699589
11083.146230651735
7661.588740461385
13509.00264600435
23620.227909041758
17505.81511990339
13288.243753954797
8440.038276938287
10148.55464097296
11867.75349911989
14375.570606502086
11371.023366240432
11182.880864046916
10828.556549285513
11014.50167152551
17668.335553805133
14247.191527693396
12232.873736616975
8777.434329327612
13940.111729497792
15526.50919465095
18951.735928169088
17245.051139597992
14606.498790333162
14760.712800146572
9962.711462195892
13929.202110346589
15318.32146615871
17723.791904274578
16436.47402679274
11142.228621206994
14104.148845437912
13397.371685525011
8619.604102231177
10462.438288177216
16980.508480588782
9438.884394944575
8648.84351473865
11147.047795560353
12057.863939871602
17780.480102722024
14681.384390785062
12339.507486480206
13910.464421938257
10976.483386996146
11634.59130468147
15624.618895338217
14768.61524332885
11652.2027020856
16792.947568660413
16993.363857939676
15176.117779945747
12631.584689125966
13818.807939304857
14041.605726244059
16004.789149258508
16390.777679282568
13215.485780110637
10029.598915237395
13187.71187348216
15497.72217571519
8326.89597761179
12102.279865575907
15113.74183827704
14941.198931646099
10278.34549927648
11320.906801611678
15559.64758978718
14814.40727610906
24077.730428656094
13053.795337710042
14921.173597656252
10606.463726679782
14353.949007467576
14202.085281396783
9609.27046922707
18319.200077266236
10325.143482014695
17531.707132986114
8866.606400044915
10087.12121202864
11194.360960221788
9585.440666651797
14098.286950072776
13618.10270217451
12272.024283888904
11038.678046171719
10809.979387801439
17525.083298164085
16727.13376703988
14087.56202079043
17891.196831906982
14453.475127861298
12534.947669920768
15211.770944381418
12705.645767614531
15839.259655364736
9579.917531999767
13119.755743304027
13526.701731788382
9780.276502144125
12451.19878649533
13956.723014361787
13411.774021512501
11804.309076325728
12090.819335949893
20198.628354745917
15265.543265790386
14010.523430086787
7304.8160179276665
14081.667934545563
15572.427296073713
15173.599731359434
10679.403348518763
11588.027298738247
12881.223437574588
21315.94375721491
13653.233734759808
10807.95124632395
10475.718710105224
16753.081598785564
10983.864704692583
14462.24671521675
8261.117387566243
14503.120739352267
15539.859944137635
14421.35366572228
12823.964499825332
13017.942490064852
11282.588867952581
16670.97601837879
10062.770683858616
10178.620896086775
16615.142862874796
14922.814867940286
13451.022278631783
13029.517400492998
8401.574372872408
12186.085468422832
18596.535623543146
11969.534607586624
12110.005294496708
12359.949780835657
11996.276145793609
21996.976182025763
14995.256549360245
10695.736155537601
11964.863931498454
15721.562938365798
10777.092685749436
7300.222965772573
8576.804940735976
15443.911802066132
11505.931133512157
8316.216601915788
14026.817916091859
13522.852801322955
10470.793962599433
9891.987431921809
14324.553647517976
13595.102309711707
18681.74693888633
24743.539151895682
13433.207769091243
10296.922293413729
15925.763614346435
12301.860012939724
15195.883615017654
11995.323279755734
13464.880867607339
9635.830347689047
15454.936838733274
15840.956404917764
12901.466271030342
11451.999246331905
13072.99745581044
13579.65558306373
12897.042601324802
11122.811917618357
10084.825987321736
13287.573920854933
13808.533805416004
11695.167100088962
11371.91457725685
13478.432687134622
11319.58049244722
12054.012867880996
12376.336096952611
11495.379071236624
18519.895785190034
18519.89578519003
17454.00224870383
12376.33609695261
10606.729217213264
12201.880276303884
12742.100013055864
14061.211866520469
9450.12232604206
11106.789354155873
14585.807774625428
12742.100013055851
9282.13169616615
17495.535738358885
17967.010918252952
16304.705306029433
13512.771805908975
10606.729217213277
12239.713143090758
10004.760413768025
13112.732252809896
12057.907386578776
12121.759028510072
8057.9680799156895
11500.72098988637
16482.961797495933
13356.542306917047
12941.500281285877
16361.547085788266
13369.769605057978
13106.74685440174
14209.78079296977
14668.179141928451
13533.587577257917
12112.063636252844
14358.126072488449
12304.272682410547
12334.651578700523
11262.08554489408
11595.512298596494
11649.377123376302
14231.232807646673
13857.911668194227
9526.77218316322
10749.429784960284
17663.29350897652
12367.441217391559
14945.585704889532
15539.713602829632
14065.582622238642
14739.142072549408
10596.127802771372
13708.46799682224
14909.62948409919
16362.306178275236
14383.790489146735
14948.741820987385
13360.651126240347
12843.618392858454
11378.669566646447
24232.64366441267
9088.148300522844
12833.657495222289
17377.580552913954
16689.871174822372
9211.09892299389
10408.571861006418
3925.6621175957293
14014.577214127798
15235.47580841363
10191.271761873391
10900.261062859026
11215.186284304324
22580.113257598685
11830.79532611419
9253.91120332918
11505.986779295079
13410.526563813517
14460.443189588932
16183.408347419761
15585.873410476563
15686.619968443989
19282.827369054678
16471.529048219432
10456.198702615184
12776.411958665036
15343.205621336518
18064.467466205948
17463.08187131747
12803.282525685863
13104.89470420336
14866.437269786698
17913.608631087503
13661.192079925415
12686.104379758022
13379.385912847727
12862.424842474029
15175.102414085262
18148.415538772846
12473.81840650458
12501.232521404112
18675.80690761348
8378.859496181902
10994.885272023845
10441.121365273999
10450.910475037232
10577.252772865275
11544.062144145006
13499.777847211193
12322.287412714362
18456.158077656662
8264.306078991045
9727.374856998144
8405.652336014373
18324.097426561108
15920.719965757276
9585.408198594954
12826.85050453442
14644.91341282334
13052.89767686428
18049.219072055002
12450.668437063578
13142.829663993985
11167.888544085205
10284.302248367767
9698.86312664037
15182.47871964412
14451.058335224065
7768.250684402578
9743.262034813119
9763.784010815622
14178.57088392565
22176.189966764836
7581.535791579387
12915.887328511759
15100.296220920736
16187.119262044973
14948.772948655582
12671.127336831232
12537.792363925415
13089.155181953369
17353.932992990387
12757.87957092248
14920.197540803398
12278.420666000613
13826.10982184
14995.150780835012
10374.5226415079
13376.041852236785
13945.776378671337
9915.955581995437
17581.834198903653
17189.112657453632
10737.235062240194
15546.241056623236
15592.782797066386
11632.013412973087
16373.000784822329
8063.814372126481
15527.676725363079
15615.893263706996
12058.920135478598
14810.053248872004
13079.700836348751
14412.0863584236
12943.275389692324
15205.279710330007
13632.548909822846
16882.064569918144
19335.15428510726
12512.372691384113
10834.94293461346
20170.521573977956
13724.498111120789
10281.290238538666
23878.134357122013
10928.702620333677
6380.29012184014
14127.75856502477
17020.921164295094
12985.275083473522
20199.877266978772
17883.544436766333
11495.437701840658
12549.02261033589
14803.985718041878
11981.358280196064
8526.188732057683
11945.504702309358
15310.428026784477
20880.20912036789
14471.402861679559
9000.535785188622
20726.17949888647
7051.31068339649
7097.321755246283
12914.928149163821
9497.101487882073
12587.626332197997
5260.802808357552
15413.887481417829
11267.84322672394
16897.04799833055
15832.889153393653
16465.326005533298
11618.617289502807
15715.559382023719
11010.8191389265
15524.202320215201
9677.313147338957
13698.986980335494
14714.465051853924
13620.536745985357
15690.35303438565
8594.07619555131
9500.121006780268
13221.896035582788
9878.669011019265
13568.213260785744
12795.946885382538
19078.58253439132
17355.956010602087
13183.755539196321
10843.376525874137
12011.15356805808
15934.585184369766
16188.36132842895
15620.255134905015
13785.045861125587
13308.548312138562
10544.100632383792
16754.387725091066
14412.795163168887
13885.744822634711
12386.214608481892
14070.654165981967
11424.464233955745
11132.160321188661
18534.276520199463
12789.741690493855
7871.056601336277
15990.916742912972
8328.643524680167
14201.438933546038
19439.456042159276
14093.513988535557
14660.80051770144
16464.612643779365
16722.366315339837
12787.09467314848
13389.18228743794
11167.510967433162
14580.265712011487
9500.48055818106
13234.130987117082
14586.579340702274
14131.138587823356
14571.267069120586
17023.297906162028
11350.556196710097
13138.307447516932
11079.54857614114
11299.777343937298
11267.929896436415
13422.541317080202
12722.861235260383
13624.375682325457
12137.137479441479
11541.44892553275
16927.673967612584
15052.71069808305
12579.708110974763
13187.875349821592
13142.495275482876
15406.969895851205
8884.077547396992
13198.049033097428
14643.216003201664
15371.241681396688
14715.90825381886
14882.309248672946
14882.309248672944
11215.349996850413
15371.241681396687
11932.997188407337
11910.481443308607
10857.289379274804
16601.80032667392
14295.522787767586
11682.43850591313
11822.742514261667
10857.289379274796
7615.417563943631
16618.556181146214
15159.934422412849
14087.002998862547
11920.134728852037
11932.997188407337
13179.406261604603
13595.483441466968
21660.925313504893
15894.258070326716
13373.816078155629
9029.242359088323
8858.67590422247
15083.836268427644
15937.346700320313
15141.517761181749
13597.767812108967
11746.959476824919
12139.551437267728
14155.009122406165
20278.40044117423
12072.960631087051
16243.065936797704
14331.18049309621
13780.770415112505
9304.070705398428
12793.577467663203
12454.769552518816
16086.878774534487
14046.410545157698
12434.258581148026
12067.438992326066
10851.333917354303
16232.696290289183
17238.529691158183
13017.553362291528
9075.591440659893
13662.87861914641
14360.79432774989
9368.902861643446
13745.944984557253
17530.92106037678
14178.749057706022
14901.01980169611
8886.212819829292
16316.66756591275
12086.068133902434
18626.9410064158
15482.081176195601
15804.802318834125
13199.072923868522
9705.256048733752
13697.297299961008
16307.530431696508
14855.268788860469
17640.792429173267
12514.637733164334
16661.99922058014
1545.8381960223007
10130.04038897558
8891.39074699692
16196.119068284634
6068.311397107774
14877.05374714998
16074.258739822899
9291.791150738967
11506.074747994287
15272.199981855576
10405.441125061097
10595.082456720918
21057.264764665662
19072.936520343384
23986.561303601055
14256.684301715168
14573.739719855857
16700.01523879692
15914.876462150185
12950.562209344906
13379.47980117652
15400.804896542593
13270.043057158544
16693.190714156695
14184.10513755165
7285.245195501328
8829.806179936508
11457.470808722708
10954.083681790313
14814.042308708911
7995.386423145103
11477.49004222585
11159.60519391554
8395.55954984057
16881.493451810515
11440.076336505928
12209.735474921423
8590.887189473353
17196.07169118869
19231.943874419983
13662.247806885554
15251.483601357135
15066.829591525642
11284.21869210965
10283.17745419539
15752.866448798883
9883.296276531451
13499.465029607192
13253.618750116108
15056.420714797458
12156.54788177501
11812.12489390176
12685.77511039107
15071.394605108539
10352.896743192505
12653.932766440832
18012.99452740498
8726.631783766883
9551.110739414968
14431.452949896759
12318.097941706039
18323.341059995702
18396.528809079475
11227.858384027142
16857.6109754628
12403.037506241133
19168.71604826526
21230.037200776616
15720.062034417611
14050.638857712216
8943.534848519992
14425.470122283597
11323.883550656676
11528.9654779915
16866.79160419091
10896.934427013417
16404.661759611976
10014.498928915127
11364.66244049379
10382.106918364678
12133.69535238473
20699.899790621617
19110.376689512676
13937.634236044358
16138.039242350595
16376.107244348415
11262.837779658385
15658.541608105288
10168.595560953194
11317.11986029578
10966.626893328463
10813.385717638856
13680.071541575493
14890.970112295607
13962.502045467338
11511.281445905935
13725.522420505911
10615.370595196142
18448.264597474194
12820.738479706819
18899.4565689075
15074.72284409523
12391.05958434639
13729.617183879898
16483.192856705307
16406.52231044169
12656.14266079855
9527.354763958596
13249.38500033445
12006.75789210668
13959.916228084116
10000.0994965675
13466.019411426896
12054.330222847419
12781.768490622546
13697.768664885238
9552.299524221984
16535.872632966133
16491.94863761616
14861.347619087537
13536.803283691957
12405.741002386538
14325.208978684059
15590.475713516327
14048.787363155812
10020.350323907554
15551.846981304267
15896.329840359786
13043.828496822807
11408.617482185251
12209.763647321635
12965.42801859224
15553.900539780887
19420.849819991356
10966.692654141429
13633.498180653023
15269.575053017372
14546.365592196782
11864.486995433825
14301.997930035268
12914.901453643999
14859.256104217911
8994.422210471466
9148.602456861328
11818.379275871246
10875.842495712704
12470.046740743677
12296.260845309731
15320.557302909881
11362.919428111949
10592.502939068529
15767.01428880911
7400.015741568008
14881.800074974377
21538.849623826005
14613.276328252745
11042.398765395254
15087.879737967192
12625.273480845846
17087.636040926744
16236.658746238865
11174.58403909612
22493.05856998891
13282.14972109566
11779.889907667575
10941.748038953787
13438.548492056632
11661.189486294592
17242.313921837384
14415.12257210503
9117.865696855954
18563.831626457973
10131.157507505064
15883.745192532257
20720.265988602896
6812.09231502982
15032.012527471396
14038.523489015308
12974.842821029084
19233.262938121716
4723.62535814972
7632.538940562741
14190.971149179633
15685.958628311326
10022.593618193085
11259.831047968668
15057.996253327165
14080.658052103347
14536.23568932575
14770.11271882025
11672.973611692696
10977.292183318446
11994.818918717001
15514.84840135382
12129.218277238275
15091.47258240539
15302.739351038006
13715.985896937913
11713.50500902156
13897.595551801656
13672.33428499665
14576.326866456278
17479.974665268586
14118.501727937477
13716.724244242218
10341.369389595873
11707.54587111326
13925.043985867418
12514.9873994567
14093.431502509007
13769.037654970833
13769.037654970833
11018.059423665807
12514.987399456702
16158.215718323187
13144.684724036983
13550.892066753797
11492.37204390219
15974.703009272476
12306.985298746671
12359.454338209263
13550.892066753802
13489.117768809185
10838.193147004575
15925.031077606549
12709.214189664108
10560.507195729178
16158.21571832318
13145.663668050312
14905.607165421956
11409.916605795188
12703.771075379507
11052.791019495227
8784.58867515413
13377.282386698353
16444.47149668611
14575.63945676804
11902.25044795657
9648.123982488456
16549.74277141172
13398.24995969085
13762.609005571041
18337.78850495073
21157.7167620966
14617.822313533188
15303.603188943396
14715.183654501769
16130.339399100712
11524.061159922981
18926.128839434918
11301.944882634654
10851.651521204805
3972.881123032068
15668.01206989408
8663.025960394654
15237.903235793614
7594.260660368598
12928.324383863079
14286.33635845244
14549.307593288519
13578.615719324816
13316.009450432248
9323.717689592766
10053.920732594872
17726.18922824433
16445.045009106278
18756.09040766039
12314.670602557408
11525.38707335935
15501.542969295111
17419.72252454223
12990.384613170827
14589.550891976905
12794.267563422702
15167.977967402065
10149.968015566768
12649.78106678324
8941.534158116448
13993.418588328224
13081.47866626679
17801.43701559528
14895.477365112929
10263.84769626459
14567.833278749853
14236.067992810029
14142.746129003468
15428.55106404555
8047.281696620899
10682.150923281546
9452.571706862353
16968.247353540646
11640.49713602641
13726.66933250451
16195.279321031263
11680.409969596212
18461.4014743786
12801.719268610208
15738.029374466812
13729.124447046914
14076.657147566206
8707.490841685194
15481.862505550836
14726.51581255246
15062.462192446375
13501.610940729126
13813.259995534812
11321.239096721383
11115.76792494398
12002.19550080484
13197.92321429299
9814.642867974457
17117.501230142614
10336.851200291907
12060.206314066381
14355.134706630359
14027.202956353076
12029.651284537882
11632.438088286664
15912.81137696758
17735.957780853918
16507.38911589825
13698.069405147206
11126.79257515424
13229.173251894916
11604.089310226294
18034.36651053865
12830.696488992262
11113.395658699112
11596.27689003931
16778.50147894827
14400.02152486757
13403.968298746342
12624.796800685786
13827.575537218048
11838.176287388884
14864.487052733164
24068.944660940124
16255.677735247562
11786.111805262519
12881.639003514865
10407.664649397575
12435.964070746373
19912.90450545451
12568.375778827152
12090.370105323307
9672.599153475827
12688.588740152867
13125.825819547283
11552.107403941396
11288.159043681106
9344.387791956557
11892.72911615359
9798.125040980667
10217.3691645966
16360.773951831632
13728.849009261336
14242.258068236362
10867.028781516057
11832.135634652073
12639.52324753443
11274.43633166603
18131.38080215236
13522.52765761785
14905.147393486672
9739.024330228523
14835.620984117233
12273.652979954357
14455.614254873612
10419.567922262182
11109.640737270347
7046.111395391428
10863.64592668166
12411.613014820823
10001.298842229891
9867.215225810596
12485.612106478058
16852.90632521285
12415.758023521164
18805.86994755216
14510.052225697524
18279.7213055105
16958.876799729194
15376.023163768097
11752.680682745595
7771.498022575409
16257.454492424327
17782.468181000004
12855.000230526997
14695.973540867803
9959.693422228587
11559.772160123743
11651.085192143157
15560.156701406853
16420.73722122241
11047.081290881833
9405.168463762844
8687.698706261213
10402.983593235826
19990.90016589144
11476.425749876404
9846.111955125178
13392.674766244752
15330.588103236745
12946.455247654354
16384.628284416067
12551.637519637166
13175.383825207275
16523.430572117173
13907.541649339135
17857.992641080826
14625.513833225405
15054.670241785789
11868.361971929984
17297.81647259298
14146.202349489866
15329.61797179377
17226.37941316891
12922.968734002532
12008.079083318113
13657.81802673714
11164.439288367697
11209.379912790842
14605.100850204344
18235.400222168773
8882.119145374532
12649.30964671917
13448.826077865744
15458.879911136308
10375.598844045295
8325.707192001055
13962.170551027944
20718.200416329735
17484.344893630776
11134.488154346376
9829.080954752832
12860.506970113658
12168.001607824459
11919.829307624177
17703.56694971715
13821.568207802957
12117.835361200669
12926.041141728396
17838.381077700702
15269.318696856722
11169.371030454526
15715.716583735591
10137.332511035322
10711.221861644888
14980.321314557736
13059.230442686045
7192.86940610122
12118.90597790825
11389.54281908054
14045.817563122375
15527.132021131098
10923.183701411206
10848.172839977768
11678.484614296467
14231.182699078763
13126.206128229336
17707.688203964564
16336.171448023535
10260.679828394948
13166.4540790554
9979.368076154726
12017.908175933797
16531.803222293398
13168.41937997342
13267.261355732
14228.58203471592
13085.043441858563
11761.118526016908
13031.61179850002
14070.183503051008
12162.333614480283
13912.647775082878
14411.53618077265
14502.58729700313
9938.982910751369
11180.048865546447
12384.386091768549
11970.321965395855
15151.478217655525
12295.110257516753
11525.525690357275
11350.374281565291
12414.208672008477
12936.653299388914
14238.43379842391
14095.798604168413
13960.152529712292
13960.152529712292
11491.368149424643
14238.43379842391
14209.731879469135
9993.48894352102
15705.111315453494
14471.50672397463
13772.342541897735
11437.254606002687
14445.533663420225
15705.111315453489
16483.81761208146
9977.334182168192
11113.026660396741
12149.499634177182
10038.526370281892
14209.731879469147
8321.508904226373
10685.339855772918
12566.379524618627
10501.83446513242
14266.043711317756
15570.29627580823
15489.937125413117
14858.774103354503
11421.796055876923
12390.084509598777
15182.86487734425
13953.560642674782
13708.167917366733
15719.399483096504
12535.403726986719
12138.719854464041
12761.695166930638
14659.376281843806
18076.54606421114
12893.022430387768
13328.81521463917
12113.08555987947
15489.351475713956
10022.590341887528
16447.694788264318
13618.411587490955
12329.636518138243
17735.147994435345
5773.157071769861
12230.320549708278
14602.573247912485
8139.167826335733
10315.828972291105
14190.344376914258
18137.289083129366
9505.648604944483
16311.071247443087
10695.922538846025
11699.77033860625
14826.633767434227
14349.5589336699
16196.70427696485
17644.795789982043
16935.571735524252
13716.848872401686
8512.050120506334
5563.616188752322
10191.362687650415
11966.485194338939
18331.92975425225
15955.881160549778
12736.909992224551
10914.734095144095
12722.216819983563
10853.770018352623
13471.719443270578
14286.8695239399
12422.979135434543
13257.383172437689
19281.211389777858
11872.766359394813
8753.929119524608
12183.73181145683
10927.995030761713
16638.33310196106
12861.966767391503
16895.177656053624
12558.05918599902
11808.99938425515
16126.471340824653
4969.212964318798
17104.901054302965
15036.027372203303
14704.585535570726
11413.276424438618
9762.284763437794
9453.591518839277
16824.76839483752
11496.00598040839
8941.453075814095
9598.450155621718
14557.906293102275
10528.78310367293
15850.46555016265
13302.73048004348
17064.08729833215
12415.126467958622
8771.72773593758
14798.394119349605
11465.067435500998
12110.650526186424
7535.1605630037275
14004.751629176873
14801.354403644704
28221.841435932194
24079.685730886325
12004.432915344993
5758.3502584415255
9736.372272024586
10355.561382745509
12500.990863668567
11056.850468154955
9963.630131252285
12586.75004753286
13345.932271638396
15973.587696947372
12737.402007078384
13353.613604804865
14789.43244340736
13894.099017708708
9279.26124540118
11261.004036479297
11401.202905851513
13161.582534406672
15752.046826403568
13317.15168556122
15247.161216279803
11646.78546947513
10120.329815731573
16910.84190416912
9786.955116688914
13472.29062049531
22111.113074233985
13998.265190660537
13133.53573743973
10679.96545490357
17037.9198543472
12227.840492017312
17485.94232626404
17402.543235534256
12456.604946450781
5249.574202239024
10378.891162386864
10739.811733350041
15095.18437891185
11641.579424838019
9865.650587973318
12068.179113476199
13615.183672002786
17039.06511959989
12901.516490815968
10306.90119679961
12191.666132712182
14808.060613333731
16016.330641008946
12941.35340150709
13735.323266128866
9517.831470583182
15418.929938056132
15113.603994891724
14903.665097338664
14892.674322293666
12596.862068605362
14655.319281155995
7236.574460987311
6571.117574526768
16746.8840346131
11243.524918630705
9185.815672748255
7881.096116453937
11916.636256928321
18016.97703128557
18050.591463375167
14270.872469022688
16345.14282207393
12096.606283325911
12457.093640330035
11970.978507459551
10937.56014650971
15077.046199185326
13468.987991145586
12971.776358424224
15269.35367809687
11727.578690821012
11831.032990493994
17322.139277677386
13073.702164551542
10731.202953458796
11710.3728119309
14874.103773411043
16067.33488656634
13075.649579967025
16958.91511303043
15500.178536400592
16191.504328260931
9385.02767201587
9213.484515493115
8701.97647464064
10662.314070055068
20448.264813633665
17184.53057362019
10341.877825283469
5648.535463166437
12535.056601079776
12059.001344337998
17862.009291165825
8486.762588633646
17395.159391762056
9006.700051918688
10027.215513046775
8899.700054563316
16772.699216174922
12795.080981630541
8632.083794095883
9965.788626595664
8140.29673072478
19582.573336575326
20454.429118675274
19671.648252363415
12734.29794393934
11912.421559565042
10470.938579264774
10974.558628799476
12893.729759176525
13294.476601326583
8288.465440747745
10662.239209329411
14412.546430138917
11549.537886948661
12446.574132314912
15215.60665391081
13491.967368773487
8639.040513803611
11670.575307797868
12790.188184429697
13119.930060268052
11467.405435786068
11873.68559774574
11374.868413653736
14305.469787739681
14295.104103218848
12264.911582936074
12294.248014730985
11853.937220249976
12432.830716776627
16269.505469821606
16597.140261029388
21005.642306334772
10003.00483185767
12245.963289263651
12304.839025014779
14038.122768906404
11097.756562938876
13118.183508755392
11657.038845953773
16084.996871174058
13111.82092145363
13213.971616149485
15760.460984441357
13276.855258484222
12297.963776596092
16934.88198964622
10088.313406946707
14400.127538401195
14522.129571786334
14476.75233932999
13763.603246336595
10341.849079685984
13046.104499215742
15483.146131141526
12880.053574631114
12246.82160190308
14476.774600648527
14476.774600648525
12856.441704613342
12880.053574631114
13481.793832953224
12645.798987234215
14074.19925046261
16253.343173887091
13593.900584805806
12551.066064486908
13462.657656077907
14074.199250462623
13057.682901566717
12825.317213395487
12775.629257810746
13462.657656077905
12248.25709398077
13481.793832953224
8538.731645535152
11743.80612243695
14023.953103585374
11408.166470340851
13374.95092204749
12834.622988400984
13627.180652052795
14023.953103585374
15640.683323959212
13442.667004877076
15816.153194403721
13738.689472016542
12605.417732451751
13481.793832953226
14903.876362317773
10741.488114603955
13186.598177151807
11545.208904921115
13103.583618234392
11054.413494964228
12889.33126337464
11515.677590179448
15402.710303504082
11760.213756662179
17159.032310765833
13081.544829035443
9627.409018203101
14064.908948315922
11068.560707570174
13666.982810271227
17229.048837623464
11503.786167468572
12383.277273537935
13489.43592219632
16717.786458703802
17229.048837623464
11593.409199976628
9698.949870391558
12597.232731389966
12461.226622533464
12496.834482162192
14064.908948315928
14293.884611066354
14039.10708902048
15310.64101512565
12780.72559615886
13621.599518826291
11268.476150286438
12449.785263390864
13562.31317820847
13741.040474464695
13044.363046537792
14351.139972268673
12120.490804910369
14621.371432509424
17829.8156383366
12055.879090211689
12367.306984059876
10026.237850396454
15642.532522415253
11131.9474761713
8929.27639618955
10127.718176509965
10026.237850396454
18138.42620474899
14306.751159497093
13683.429235894924
15255.314291529487
14441.913648487458
17829.8156383366
14482.914073955175
12225.932600281034
11391.590895050465
13724.763059846377
12824.976739411028
12804.222851361405
15596.531071958554
13624.876874656238
12000.434060197886
14083.540718644872
18632.99743265869
13051.281642704296
12210.035713738169
13256.318399164704
11556.781428904105
10857.345083809169
17450.732788598896
16011.058884978309
12953.233262901267
9887.947656037253
12318.220898870342
17450.732788598896
14384.707264879766
12157.62400300483
10687.91032616942
12026.677558764086
11160.139072068236
13256.318399164707
16031.293629760632
13074.04544180962
12949.342079312946
17139.842253165334
13694.841298187412
11313.309841670232
14655.731527040769
12624.675653328619
11765.646869809174
13537.420413330188
14338.195236820318
12746.202071750937
13460.905440347837
14250.255711900656
11850.076278453407
12743.624758203383
15199.696781451063
14309.908316891491
11333.796576877487
10109.612291740967
13135.709417496808
15199.696781451063
14730.522327658346
13218.180346604338
11679.658962941101
14013.955791860848
12597.529005282964
14250.255711900649
15107.237832702898
11385.614502031334
11544.794173556696
12657.738649174737
11616.024006492824
10405.596529211525
12661.258635876029
13562.100364097105
13817.474150489841
14107.31196184468
16976.66770299663
13285.767322898142
11452.58243034762
14070.348795893968
12678.689032241526
14163.911609470653
17275.922908924007
18670.1048158057
12408.604908300682
11024.287319681214
10735.035374663094
17275.922908924007
14382.31408950171
11787.063653473288
13621.101206517958
9971.142782466304
12311.830864635127
14070.348795893966
13414.107369855796
12126.271376187018
14800.63948814235
16778.47759157606
12103.067675969427
8645.2379769184
14092.228667143192
11136.629736089604
11968.014180481769
13407.135132581483
12921.704927341058
10293.05094027842
13725.706430040318
13511.628262023909
12757.784780068132
13327.436791575477
16051.93129384841
17033.757285826647
14245.317391764458
10587.909839246116
10558.42722664416
16051.93129384841
15367.674550647536
11926.925209329584
14724.601095995456
12176.736724499653
13473.964419175725
13511.628262023909
19738.52944917602
13296.803287506562
14698.12441824856
13226.72953571236
13020.575046322143
10883.791582027807
14145.195677683494
12186.779692879218
15479.493362039377
13705.594380307914
13799.123518832017
12340.919821431657
11781.079320093597
17324.567840183092
11043.897753561569
10006.952623384786
11097.204312413349
12791.372926636792
11456.8151036158
12795.653876388196
14206.753475950045
11097.20431241335
13360.920840058448
13148.852148038264
15591.230583817262
11721.907890405306
13338.684993935181
17324.5678401831
8886.427254186407
10692.72270366487
15218.562470529587
15512.688546878655
13862.679900934316
10806.5871855679
12637.574159354599
13066.416548923911
13037.42442362393
12983.518487792677
15984.35725678939
12628.945770205246
14612.599072145922
13071.376410293087
8918.38376377306
12979.294003013709
17175.215451013144
13651.032787499498
14525.840239343997
11432.37393292368
12633.960857435972
17175.215451013144
16800.69874880605
10809.180902998025
11931.65292125912
10886.087922764224
14224.209002319163
13071.376410293085
15144.449039018513
12486.248669894412
15215.814504820748
14595.961106475386
13101.013807001284
9528.603988023604
14462.627865950997
14614.985688537421
12723.430859013748
12616.267958413091
15374.554773570702
14605.557196046253
12612.659836818106
10865.865436962495
11776.776319038643
12867.82326122532
15449.601836091017
12434.754694910294
12867.82326122532
12092.154592983099
11595.454211630462
15449.601836091015
10865.865436962495
10588.452247618843
15578.086268211839
15578.086268211839
13943.156381235745
10865.865436962498
14567.635473523307
13320.41123231873
11933.68811575036
15377.007094455501
11576.022816568075
8935.758400036333
12548.446932872774
11933.688115750347
11167.87034316187
14954.143216354762
15377.007094455492
11031.314340759875
11326.472858015703
14567.635473523309
13449.031908278188
14019.22772006797
16860.097012358532
13792.218271649088
14019.227720067967
12803.483037812104
13311.143196216604
12273.002600636284
14567.635473523307
13831.928653726067
14039.451703567785
14811.557674836225
12730.65701765451
15420.422929209566
10524.069836711426
9545.683770866803
15655.497742787622
18694.790486251797
11775.966383138228
9968.658434319503
16033.63013201828
14135.592697031418
15056.599897585449
15095.115096949148
18694.790486251804
15262.623248452463
13824.31344810928
12342.611208561453
12963.085202915303
12980.754318588257
14941.48633278529
13069.736731882587
13225.547055959047
10179.174210305246
14184.6717528698
18616.257003564693
10524.069836711442
10810.773562157305
11169.95101652153
14812.401273073581
12807.279235741504
14611.350113439636
7923.783492852217
11439.152815868918
16030.594586667954
16651.203328466632
8686.967426921638
9688.005117383182
14580.231230331807
17396.688143918054
10722.822205018732
16256.597432396313
16651.203328466632
15176.954075201358
14646.622125586613
14364.893098209493
9775.567047896006
15599.492501170787
19213.22437672057
13069.16057078125
13991.351052915114
12631.482663328345
12246.410334623764
13068.315853114247
7923.783492852212
11522.562235946549
18090.080986494908
14629.904308010087
15049.369233293586
11568.912974729881
15587.237131531445
13520.371499529996
15627.9940337426
11591.869639187236
9941.437755657016
10782.214465111907
10088.207353879341
14002.66191518986
15835.358346098797
14473.10115795503
11591.86963918724
9678.695007193994
11093.874015932837
18463.74374663987
14181.598027518214
15944.921064951544
11831.257062156508
15378.88675734452
15846.333039904363
10376.659400992321
12194.792275482305
16402.859972701634
15587.237131531443
13074.327939562974
16376.698076936893
13886.876881626235
13586.529217124891
12799.02624237672
13525.463947901662
10713.643165263078
11114.085027697662
20659.373972283032
12875.866624192467
9818.592846807014
12822.299631396092
9378.547038248807
10762.898800856223
17501.390351496066
20659.373972283014
13252.39548585392
12219.018387706094
11125.190361749885
11702.642834365015
11490.376951379005
14446.097870085532
12347.526903614209
12332.704817960608
10634.478028005895
11709.778495153158
13677.566104863281
13525.463947901691
11353.270150611334
10538.026791260136
8945.39261783814
10625.10641399442
14546.403796753964
15165.457219623075
14071.594190138552
17301.731424149486
6294.773888561511
13997.202532507685
13602.27929275715
13655.133357641836
16246.316633060764
13995.973089546344
8928.723257827303
6294.773888561512
12825.523255290876
11713.764348600831
17100.907146965612
10209.614521638734
11264.139179332951
11201.03302906235
11637.209110076188
11250.620904311698
10916.597203742816
12323.734344457549
14000.960574716337
15165.457219623077
15519.335186598897
19936.156740485858
18990.616339250577
15765.128224516255
13851.180340828385
14391.405307168197
11513.996593330376
12507.641360358562
12648.400192111923
13070.4292863797
8079.186860558817
10880.851351346675
12073.945617848747
12064.420349216654
11200.304848829795
12648.40019211194
7968.457741322647
8296.769663780075
13071.761057855305
14931.466337604596
15327.08689976464
14336.006902263023
11801.51970320174
17003.23102951728
13734.299642620143
13720.650771856974
14606.374158461711
14391.405307168214
14187.741494201822
13423.2197321942
18643.860927063917
12933.924853044391
13084.412259578628
15408.092112815197
14471.147525658831
10566.689831529056
17128.23044800054
12610.676319105174
12147.58266321794
11962.34196916076
13575.65960347521
10158.290906416936
16884.170891596827
17128.230448000555
12627.154531173459
10693.21830696031
15679.555299052601
11079.607050204862
13749.286478309705
17150.209545269874
13463.904499356278
12109.548176499344
10842.501682658363
11780.612246027416
11214.266832398282
15408.092112815193
12615.732156473372
12630.278721199193
9529.866384661169
11516.644806492846
12267.160773869778
13214.686149680365
14265.33400221153
18780.516055467993
11533.883535939663
9364.878732273994
11825.619365190321
13676.71311736366
15244.703924214411
10621.054283780135
12403.101124323102
11533.883535939667
16446.11519780089
11930.714731481345
10589.030005798344
13640.8727884501
10205.438987322937
12169.925015974522
11714.64694072676
11680.747674700202
7809.4850542740605
14212.24233587562
16177.07588747371
13214.686149680365
14026.939021238948
14340.366023042037
16003.50023540669
14517.455048119882
14840.66213024072
11614.81336112509
12532.320547338939
14513.761302231977
10912.240437756722
10203.56536017897
10555.366063926966
11744.907878640188
15426.979663114891
12178.967941023717
10428.200079115526
10912.240437756724
11744.907878640191
10620.95016849016
13228.17593460805
11628.054051557381
14903.014849854779
14687.994941583065
12758.498129077634
14127.185654800209
12178.995174390355
12805.660784034515
15638.535408607471
11614.813361125096
12895.594185349672
17323.0593584821
17323.059358482096
13591.700410926429
11614.813361125094
15409.052255435905
17831.477772476173
19751.822201289924
9698.531385702794
12182.1323262349
11485.339865353462
8556.5605232932
19751.822201289957
13791.126851819652
13834.259484614515
12759.183039377738
11657.001498974612
9177.301819646334
15409.05225543591
13808.3949057563
13546.644007264695
7935.128375787547
12899.085167352987
18084.780396738013
11573.308350459083
9090.884443533529
12663.410854875478
16791.182272492697
11426.84650357103
14125.542570330881
14255.560856259479
13957.780612257138
12930.773055336504
11505.227832066905
10573.821106061274
16246.881508884928
19118.587215127147
11948.451068011687
9938.12472593955
13820.472682688423
12913.302876137624
12778.250127286772
14181.66906985911
12318.385439546237
12672.97771776399
12037.55292952665
7005.289573430236
11493.800886963609
13830.900283652421
14720.609152662486
13602.85832897362
16691.016618796024
12161.546840129287
9699.801791512125
16696.828557766137
14969.752936335733
13718.129802183808
19592.60558201702
14714.88339348949
11426.30337404482
10497.928160843905
13080.94945493273
9631.946965407755
18815.01317727239
13632.130466595241
13611.8185380831
8627.797992034697
12907.31858098006
17104.544476131447
14707.552325068418
10208.794464656648
23424.723338046508
16934.75819945882
13665.352361812882
7647.795450409654
15212.771408153852
17190.48884139915
14577.826425779638
16405.64295323572
14152.578400700611
9837.678575906357
10696.337243507858
17696.53780504157
11810.32579148013
9416.604413023013
11679.785500964372
17967.185909945787
14853.386119014722
7074.40688390363
12146.003788078935
13956.405112061337
16819.49522984162
13884.902176579753
10421.18613101581
5133.528892632681
13618.432979896075
26363.990039266148
15501.693045120262
12041.431031429756
14198.694199771784
18135.48360059196
14928.374624295144
10579.767365002852
12476.389816535535
13469.308805885772
12834.425953247923
14413.820201745528
12120.154189608505
14107.914644237153
11817.345277199514
10743.024841257706
4626.58003774182
13152.0761471362
17959.911178848648
17731.597469532684
13691.416696455359
18607.008738279255
6777.98610229384
8660.710920531434
6925.0585479399215
16739.92323403528
11857.452411058519
14469.005614994745
13678.653908722716
15603.521351336161
10749.99776559668
13350.95432355947
14130.9343405835
15249.482313984146
11239.742057724901
14493.981161470994
12426.277766993691
15314.999279984551
20901.554411925314
14718.069432401931
14855.683592263753
6737.525271871413
11437.009779176922
24912.80439417505
10276.823636273357
9266.767893689814
12556.630150684345
15072.521246231798
11767.891504485371
4781.465931913164
18622.073017156814
12915.55596822717
14813.978377278772
12508.023216934489
12535.647958982423
12540.98424770261
11055.866575195216
17874.914860780656
17060.86972103663
13061.118409077999
10893.208218372623
18372.342920788884
12399.534802839042
18151.259729055877
9909.332255767644
11752.042883592294
9735.400553500864
12220.256364714915
10012.601800994158
13102.208315908265
16682.141676415988
9391.221269000345
16445.916307144973
17298.928111288216
15312.92596474337
18975.348874497606
14214.601804877922
20424.642704769103
20404.149284505926
7418.297607180408
8512.458899244912
20655.991543633332
15600.618863911961
10572.107733106288
11763.125561008479
16356.612357231605
15455.912759039897
12624.635171459997
18088.23875847371
9467.744346160127
12964.656047068103
14678.711023072488
6163.221533946763
14364.897401234148
13182.663862299458
15613.533149580533
14011.551866574166
17029.24970309039
13676.46882320784
16203.029389764217
13069.720430442896
11447.861709825946
10965.220145368785
4000.215559034837
14056.703504150391
15057.397424479965
21859.254653310727
15373.883191340254
14522.068349536721
11099.991642708592
12267.455429325195
13402.62658837212
15575.391904313317
12382.07611978775
10764.819551105094
14929.074828807994
10415.502500286659
13930.368171591044
11329.4672099769
15955.294321794036
11684.057837729335
10649.121564499981
14099.45712785783
13870.153691660484
7570.15547836572
8131.283563523673
14705.641061249557
14996.277711746188
13817.682053256503
12049.923018934232
12310.09049281224
12352.467441576906
15489.136020781018
19030.525769443448
11568.743945670809
15604.05691006122
9056.309061450955
21526.133572065948
11583.441957100267
9213.941334162648
10761.676575935735
8441.519706908675
9850.642951679512
20399.32754902376
16274.241568403395
11172.83622214904
12758.180752770893
14623.062424720105
14786.000085150206
13502.023335777854
19374.313547261227
16457.369883980282
14684.250221515902
9858.766127350202
12978.566086189205
13948.308187647881
21743.618156810822
15135.979405365131
11558.062197126912
12272.133821862215
9496.522432705751
17270.423344947827
17197.39707736578
12557.236259632708
12686.257729963214
15876.383195219463
13860.728344185933
10685.227413217113
12629.01565352999
12258.26339327879
14071.626481630668
16804.17883756962
17136.572236790664
12792.86941647011
11326.214657087316
15870.081792912208
13707.480506089836
10804.11364513245
13705.696808228258
14231.405191879632
13728.773215337063
11008.028082832016
13350.998346064
19278.047432505296
15395.703377991847
10081.307504325627
9396.904166143871
9396.904166143871
12902.918755081553
15395.703377991851
17249.111282642447
14520.226018109031
14275.320190781298
14512.582561222074
13367.168205112557
11313.136763921419
13897.829422837225
14275.320190781324
12712.931551360929
13124.099328849792
13083.337439762521
13893.605207588687
12505.876513285117
17249.11128264246
12242.424126104077
11005.524736576383
12566.477670083006
14397.24208126176
10351.855998002913
9962.610998137694
11810.140021457197
9992.48939330852
12924.467969098278
14773.07176128679
13197.917849819001
14819.441823673986
12575.560457158823
16032.604555229342
13565.675050448725
15036.564085263119
12170.671430975299
10949.863876545816
12305.492191308018
19650.288552585178
12968.451532329733
14875.093349423594
12013.501656996676
14807.062268434596
9873.709932718948
15840.813266150588
12344.396496686963
17739.36754372609
8709.41669505754
9148.910143041025
10374.973116387226
12825.598333964335
11260.216037152206
7184.538565139486
13111.517781593497
16173.561062229262
22125.37340302928
14042.194946135318
18808.564225563787
12042.444599884358
16192.114448424816
14836.13797986628
17548.232016970767
10041.86198254142
7830.25102443737
17422.568867369228
16144.737361245112
11154.806699578614
16065.639498039907
7224.639773905365
11293.55336869887
14087.805110514357
16538.792266913468
12786.995384964732
13149.074959603966
14759.39967567348
8194.20441289014
7698.251766361891
21376.700464448
15683.118174865363
11989.65229999925
11667.348805450973
12748.117417500143
14675.74654446486
15268.718623120423
12317.405279357728
11706.832608577732
8412.30569950603
11330.798650278273
14410.986419339848
15495.040213316666
11665.053090955276
14253.896820781973
9095.942192021246
13099.913968713805
13504.210183749607
11952.33341328424
9895.170042361096
13641.607022954995
16548.124339125177
18469.3705624257
14949.078742618625
15676.16390058988
17009.6995095987
7307.646756017185
9657.211198815801
15105.22238564625
14021.533009775758
13283.491414005794
9863.199548058019
13368.47028757214
14527.602457711058
18507.05806420269
7617.502944114216
13621.395144212025
6559.763956012139
18050.872333948002
17123.370108041534
18239.101598757472
9646.861185905225
16828.93187996095
18775.08589119114
13854.796700817073
5955.149866223525
14709.417953811253
13008.965323451761
15290.299068595179
11900.948254750696
13273.181447351257
16425.54206891046
15734.341747400324
8083.535162219816
9860.677622524829
10993.393087916224
15244.919007238483
13585.968405429847
13436.54973078616
14484.997518904322
14091.940883056612
20019.201094590288
10452.300504674628
9616.053047561374
12105.85657834777
13758.102104225476
13508.691383505375
11556.2646343082
17699.198551129422
10012.513766032323
14498.981948706749
13196.70832044105
12801.343764389481
9906.324387175664
13299.250342259791
14692.897468081253
16614.22677909096
13663.971632385212
14839.388607147963
12067.306977646756
15173.930842582671
16999.043102537264
8837.99236058807
12555.159086297195
12711.3609351842
15871.439750098983
13535.388970818603
13319.032144869318
11274.995345705416
9220.108512487985
17122.437820887993
13013.965020523112
18185.19337644172
13089.310134667063
18429.344259027817
14868.827616703256
18785.285046162735
12594.244504488044
14748.63174970194
8714.644347032485
13335.419786809141
9973.015888982682
12530.91906458474
10865.576883455327
18140.3163917598
13396.91246633678
12095.246163435544
11774.550142808974
12503.024126746435
19567.52211734448
11193.293932630393
9980.471576776388
14168.177108583806
12782.377187920763
10956.895115358617
9708.836779550586
14233.565869523743
13979.79931081757
15531.733976356241
9401.443351303735
11202.116174417431
10582.606202172388
11089.31390646579
14385.821538495353
14769.457326884713
10974.202094796849
13850.420068982468
9032.41248036931
13186.44007212675
8127.569155831542
10719.622390401413
13690.925084953333
13234.621644352866
12471.003889966936
11723.555688027065
13278.761052335405
13411.147224969585
11332.959467987514
13812.357711168414
12075.865892518757
10952.90996034549
12507.16910243021
10668.84676746752
10515.021284371025
11269.479117102595
7755.672988925535
20574.750995431285
15582.417657076687
12758.482997407555
19784.05269930105
17287.690208575146
21589.325989199628
14626.066630846066
10903.363438234453
9823.634931245322
14345.04009852355
12577.259707911086
9864.314058527538
7347.309941843092
15230.207529348052
14958.260362847523
13801.12192159424
16987.50142581015
12009.49007395955
9982.273127402346
16434.063984642933
12183.09250740734
19139.780355603798
17276.358213634514
17569.637646623
13487.11965903777
11334.953684189026
9867.354613678584
16958.96783971645
13859.858520210433
10184.19360025077
11498.76425073518
11087.47144258345
12264.202827369512
9495.960094112066
16314.899734290517
12054.01504601766
13056.189978462602
14970.15368993383
12762.29246549795
10483.846433197165
14046.729701488786
12873.690859343478
11719.950547866163
13635.33999098198
11126.999781355727
14427.740331118572
13890.276721938684
12713.654523826914
9677.778984306666
10411.353871554367
12770.408209581323
14047.48105420075
9542.72616288657
10563.859073359105
10771.262882995306
12028.209853650016
16585.54783637084
14171.089461587342
13593.538027229486
13593.538027229484
14037.28969731221
16585.54783637084
12557.74453192733
13895.805864050439
17009.28946720051
11338.465141787448
10655.810113176918
10916.342520347464
13614.622644177518
17009.28946720049
13279.687398294698
12571.778374063071
14311.118029794387
11342.80417270237
11004.66389066962
12557.744531927323
13806.349294694377
14825.63368595837
13225.347675270388
14905.198168155059
12594.629059013254
9249.92468935312
10656.967195842724
15144.256752922583
13315.717147393116
11589.049702456423
14761.096531578543
13828.906723283522
12805.200064825107
12130.559152945601
22294.836428919647
18690.28589342878
13504.929086884948
11053.545716105362
14987.552667340196
10312.89708406353
10731.321026116055
15634.309346813458
12702.247465619997
10369.89080823723
6031.229084912764
10907.98475985713
10310.155585501578
18998.970742329813
11960.171580439035
14013.424078631524
11492.264092828696
10054.400084338964
10606.867113824299
12525.831515584006
13028.04691100269
6508.741155010785
14307.62830496253
18145.39328387899
15415.625044642124
18307.35438008998
11226.732215773482
14099.828687931935
12128.851751095995
9669.036883540532
6459.730313781206
9945.016640918688
8439.898543211608
9532.247605943043
8390.971958033104
15230.899268179825
14669.520972120576
11965.014401537008
10925.236017937335
8573.107792473249
5132.3564467252045
19390.54810334812
16411.6737976754
14027.58566564611
13665.339361516657
17266.66660935728
13121.257361634132
12545.232257672544
14657.591926498782
13125.955608338305
21311.244969774838
17590.16332044467
11990.332934360367
9222.38350214948
9239.739994858512
17983.452135861102
17832.123771977625
18239.96155967653
10501.579823681748
12063.723704556385
14069.995681492626
14077.8359955166
12665.288422389924
8122.980083305692
7277.626539897134
12903.256576894064
12440.123472616591
8216.85392319951
4921.662065546153
15863.430928488868
14897.541958917813
12670.01870886934
10639.538855420868
8612.667760743743
13446.480039736138
11190.832109851941
17500.163576826424
14228.80891540616
15888.720233858885
15721.955518141505
18748.34530419888
15306.578885841142
11531.05572802541
16584.80235028144
11944.275362910337
11648.105667079974
12383.294622396137
17145.17966978057
14059.39180243394
12638.355647688519
13570.508354295642
11725.853587384534
12569.801791151853
13572.845078265278
16153.231050819933
12685.1836465192
12042.61754106792
16376.277593443188
12373.65898446121
13133.5112689503
16300.70151441304
15200.30264955244
13804.679578497846
8904.562007407598
15058.532933873748
15832.621010015113
16261.84424310747
15490.733966772736
11345.81199975857
13156.685060182754
9955.868447858344
16606.811676419253
13989.710331870552
11178.027480656943
12838.712230000812
13293.29397828713
14089.020899567075
9485.848070447397
11809.798773478477
15297.924002111007
13766.158579121859
11872.591259802637
18418.320920840386
12979.09020908232
11505.099585857859
13322.865465793915
10179.413033006576
15311.364602027972
15773.415089914468
12848.161737390139
10443.54729364048
13911.423684025052
13430.256186057508
11992.455158627705
12833.985805016782
9979.102396334452
11246.633377189853
14315.580630102757
15022.891900682884
15342.32962252763
15236.671777068124
13849.014750728653
14531.333745887656
9612.985058124355
12364.459515990755
10586.638140025852
8689.130867593893
15281.729796105574
16686.61511492329
12637.01325535891
6079.379220152882
20537.18371000721
15989.290310366057
18465.27398057569
10472.418097473788
9358.193755964514
11318.564948645258
15451.788232084495
10106.195279426625
10072.77181237492
8153.27335961206
7916.877037783113
12280.532467342258
12953.645059919174
21190.154527083992
18714.445695678656
17634.49226260132
24347.160884250687
8638.483882471164
11107.35649634261
9521.60106896592
20340.09533236434
10740.151148460378
10836.836454797143
14005.192584689856
13080.15114136937
10742.22689560843
15713.158583178478
15675.284513641796
10831.572744146766
14176.268740168633
13908.285136353954
9618.318994041114
13829.510149489508
14138.759661337011
16507.58490654813
14316.265614862155
10582.49103009938
11158.752715052877
15082.548230431888
14570.980108080466
12161.330473786707
17023.23198480626
12761.16181382254
14488.496694805832
14020.863971601637
17257.27261034829
12070.9712632718
13453.361783244563
15980.88308348971
14279.877471893878
10719.220640218597
14444.506705117947
9551.412446655524
14229.678657826063
11355.358006883673
13899.987923884339
12262.50423865985
11035.37494164579
16484.032239422773
10996.949457595478
11208.102595878596
15930.580409399374
13149.494675879461
12398.878597624034
12586.84434104693
15752.484868540569
17909.64167371574
10134.516807509739
10968.047346080524
12688.18470324616
10766.346019381388
11191.19289633126
14190.587556762404
12850.003958095334
11835.789499190221
14232.41640691781
14267.372796241707
14494.732128413934
14113.517872447108
14548.261800432057
11551.992171566502
12979.452079197657
11301.30678005935
9646.722104289402
12328.760819507346
13998.23248863577
16398.142926343065
7891.383497569195
9459.332546804406
13973.247147911976
12208.103846309963
10252.348729483407
9781.327669458075
15040.886463745128
12987.326055993412
18699.229869904986
13509.698485731713
11961.870805799626
11961.870805799626
14506.758611311405
18699.229869904986
15540.431393693036
12698.422560320825
10846.59958428008
17089.148835624437
14328.769138643653
12037.629443669946
14688.918009367611
10846.599584280098
11670.854460265942
12692.974984103887
13759.731514508729
12711.351347153419
12668.299253828598
15540.431393693047
11757.864395277456
11705.008036039957
13190.400486032273
13033.716678937726
11112.589974521983
9476.146867179164
14472.120759054738
15963.26150617104
14328.646302961944
12499.323599678386
10387.468397116436
15319.724561904804
12851.136256736467
15952.206924391887
17910.5203652999
13315.561820617208
11786.8811266896
7428.615550071294
11123.786413172596
15086.851107699102
12085.429777676487
16786.350651006807
13955.326578465585
11667.64823610813
12791.521079076998
14233.092687944354
9196.1203919744
16608.8248400772
7927.724421421487
11963.827814269453
13831.897059442863
12966.684267147626
6633.161290123142
13424.346461661662
16686.102791687423
8803.853452522511
17894.143750973846
16973.675035120115
12378.208012933459
11164.174012114272
13642.823672404518
24514.699725619692
12425.60932147956
15926.70311998047
16349.594831614933
14771.753217396801
10680.05688022721
10562.778868486299
13305.360828512763
12698.24291583037
9814.666829018473
11845.01882335104
10462.386040404439
11747.532159493629
12591.173173554482
16047.6066323376
13370.981187270176
12152.898899653748
11197.351285626222
15876.028322903523
11094.419231532123
7285.516530916648
10733.72908513582
10492.983431126826
14107.2403566133
16555.879416611726
14448.818344635125
14224.971630531221
10622.516934754181
15849.403264996698
10237.042294445815
10657.449592487748
15414.212270770222
13460.465713755948
10038.559315652064
12143.359145703678
14837.605430538368
14952.036660481104
14740.671042846776
11516.79009657316
12081.707765972946
13170.681391295404
10362.51053117113
11245.56307932361
12538.90024817472
16185.852131454581
12422.012746553195
9277.913931204052
13681.834816919538
9300.28484538757
15388.78885695334
18751.607995065046
13099.1445865379
13695.500776521485
14420.730244121218
21536.386088961477
11447.886172983817
11437.61517787862
13141.835435551697
13095.798655452316
12617.744209369172
16958.208500553697
14069.997921564722
13484.496133050945
11698.122898432737
17791.256353324974
14868.141653400773
10232.043938499055
15052.129219778999
16696.902677258033
10824.914623910525
13749.953759823109
6080.439368698136
13972.007089405151
17000.915740013752
12716.013430459368
14171.377355929288
15344.846449794699
14449.061147908706
12604.517448070703
12311.139279425184
12830.636006856774
17283.610735873724
16427.403514388396
13353.902374470275
10151.463509821953
12119.664655065062
8496.07008488648
15891.689431947809
12975.63364806077
11322.179063614723
9997.457224411222
13586.566121774122
14885.17491468691
15995.239025145387
13334.333529060614
17450.27756421763
10744.790758910745
9111.830798047122
11399.65301560568
12543.284755192957
15266.885993551334
12515.45046972144
13687.8067548677
16225.454192394973
13921.641836916075
14222.916748651453
19635.041256449644
13548.16926274883
10740.614871864307
16586.818877276888
12407.551702443645
16102.707661385837
13125.464298516847
17384.611770582946
15799.472685393092
15656.985983616298
15330.301600767749
17253.778271071744
12752.247078321416
14392.2122273898
13566.527067067393
12661.57716147486
12728.783547924331
12187.286491021327
12804.142099582834
13891.980667238226
16035.195852268982
8100.761072243833
12484.594809480615
16299.393540821751
12320.04731592691
12229.410300958129
11404.942288903347
11636.095236990328
8773.400740894689
18652.538952779887
13567.522446911218
18893.883988076803
10606.915317707553
14871.541361096124
15733.35374616766
19532.560521866293
18069.61451157299
13844.635612586266
13027.569922412642
13921.047144451099
10859.383134328926
9851.182142831029
12172.402469517725
11079.734578911728
14638.711774362104
13412.754519504548
16211.86294859175
10957.866420684448
9650.38045608761
16192.366292429877
11351.050370720794
20669.927599143346
15231.014981193925
11730.76036500096
7387.684198657992
13661.022033025067
14091.836371036114
14381.627876612696
14621.847656291904
8425.968501587637
13815.304657589762
7711.051233812541
17388.72108024153
15669.30428561457
18447.68334234022
12671.768504984555
13908.370653854485
9289.073774608527
11897.421592204022
10871.632521708023
19639.85417329708
10445.99339571245
16073.874739632876
12373.563508151932
11881.58825568031
5715.305988512439
12938.787864877171
17033.240800938464
15362.357581648612
11250.07163850532
13009.089196752378
14347.36103762777
9850.864347047092
10390.278166665063
13303.678043359574
14476.539875132317
15683.031710675577
15249.119069034366
13398.42655995533
8980.07850147704
13081.219918449384
16274.33421555525
13057.32659905919
11686.133053889667
11691.055615371146
12523.345605283766
13509.40906758878
13083.033134331525
16498.38027003469
13390.230535187591
14167.997335565644
12263.935993287567
13971.92524370348
10669.645713705027
11155.560730146699
12491.649465312585
9944.229580919195
9248.036785461984
9562.32430809226
13172.4746364586
8677.481363033525
10708.295870954065
11602.511921249692
14981.788311677017
16895.86777553603
18890.492308630113
18890.49230863012
11554.882286607273
14981.788311677017
15531.094584650822
12482.021101984756
15085.53308432825
13973.324609995634
11802.981572191597
9304.40899187473
10559.000689875924
15085.53308432824
14909.847186102117
13716.443952882024
11048.169182627575
12810.38899332401
12973.213047228903
15531.09458465082
9907.430551869762
11633.426132197468
14852.210324887901
12615.033518650176
14704.729548646977
12842.164009370881
12929.765051494673
12540.269208768563
14932.42907612949
12592.669612649679
14273.560861984453
12965.821517844099
12516.33593998001
12640.604489004481
15528.498292591881
13372.15313365197
14093.123033702688
9572.323157515075
14483.63063682367
13853.988218458993
13936.449045099273
13879.858895388921
13881.454801305863
12454.153071846067
13924.590917272128
12765.150822345413
10637.141891759213
15452.357150911104
10038.741638299025
11595.768436829967
10094.175262520384
10873.435749550634
10548.353710846424
11122.8527595195
13159.35672356156
10991.310802014448
18503.388380878892
12197.405867793275
16254.007070915435
14474.64978888403
16774.954279055746
18091.07322642641
14786.415271589447
8908.084542840545
9585.460419560544
18935.400248678754
11052.042665867086
6956.1356291460015
11578.714874385081
6901.143853826843
12714.122781830025
20611.132903856567
21846.139542846322
9141.116787856585
11950.992292423618
14779.353410705584
17462.263770235746
18442.70755535864
14265.768219996817
16885.273579035464
11633.236922178156
10755.195548928907
11149.544724390076
14079.75338827955
15606.785262459076
14307.70707881718
15703.389386460247
11655.674444943344
13126.057720232788
17098.499638178593
12735.092911669388
13761.281769574678
13214.892935430817
28194.024041753284
15835.939011468523
8367.095965085757
14837.698243366835
12524.13639561815
11152.893129437443
17813.04840167524
15206.771199863091
12778.714706728158
14504.673452059249
13541.667785560878
10434.88664966239
11400.38122716255
16090.799093102574
13279.341085970456
16561.166645793273
12303.354153163293
11632.022884750199
17653.128317607214
12832.031478673462
10244.621414890838
9078.289044925004
9516.605188963127
11298.12991402039
11480.721050583714
16171.142973162716
9382.326965061002
14644.903113231923
10468.367824570894
9349.319818818689
9235.335403773894
15049.72165458196
18021.411203730688
17741.729279826348
14407.702114190104
15755.309280157171
14579.417884498649
12875.135822084612
14743.078214592155
9968.816663347658
12655.163073596626
13846.161920519899
11103.469428171895
11438.369324706262
12755.308793331906
14207.803443268876
10310.00938984216
14322.439065898634
13761.260179054316
16904.387364800514
14488.883213109537
16154.626680390667
15331.994789830704
12731.50501067992
13913.919366563307
18199.5057435792
15344.331700545043
14271.081557462558
10667.031956076953
15551.006604243701
14582.312767871772
15516.927910375476
9361.566998565027
10107.37743811544
10353.870722559812
8913.040269113255
12590.085506569156
11804.180263684408
14562.263109036698
11036.505166769097
12574.97817960233
14968.844394139565
14365.813514908285
12883.046261617754
16087.755349756788
15306.417756157856
12436.234587474662
20656.37945778409
15783.079330072045
14621.794151944656
15272.246615437947
13557.637217414402
13610.736996914187
15608.417974204494
15091.220836055343
17497.01679788291
12773.346483629757
12488.829448922865
12453.579198117814
12128.158315551502
10198.394245722804
16985.13283263767
13762.97498764325
7940.423556765242
13981.189022650982
12732.669029973218
15718.356846661814
17648.88199515802
8693.579202885656
14366.641466200983
10970.942650966674
14050.811754910896
17400.028600730795
6868.722171081018
12326.375380092613
12561.39678652004
16699.67911516737
9591.710069834951
10035.978094838287
21605.903280843086
9123.027261263938
9001.4289278605
8466.032281101388
13293.533768427957
9459.7822237021
9160.5723012163
13749.129240593795
16567.0593602307
14123.883797769395
13021.16963078761
11948.480792076782
14047.231314986595
24248.194899022023
9677.060261579456
11523.123099935905
11705.694357554074
17069.00644321496
12328.730371236286
12666.454961537494
9939.629024047976
9835.323489613851
13549.950858038917
13853.011251902615
14356.803389017157
11938.232614323737
17793.212055000044
20486.82866548647
13249.535212099647
11139.804029811756
15465.383285811862
14071.644712823809
11780.199541580092
7363.0904822035345
14534.616026923715
10819.342447395738
13558.81538112621
13390.46754619759
13955.176175160725
12147.521647301908
17511.08118632526
16896.023267381614
10667.941183498551
11006.781907242841
13903.255665591201
15773.683535088301
10682.958182356837
10003.764470300037
12302.78273731248
12824.858376945553
14408.432793899492
11089.8441940666
12020.52364015126
13409.354099991022
17046.51191835726
19602.646829981906
11813.678684139686
11492.208277497579
11712.9817772883
14326.821183400856
10166.064467217271
8835.199885846398
11477.101717306932
14968.290050612299
12138.645811699891
14833.958836533277
12469.038331636093
10517.94537550438
11740.586740181692
13788.505199510495
13668.791755689947
14388.964136849714
11703.393143340858
15274.832737921815
13564.095480365206
10478.318876439907
9181.431756000264
13268.124153006735
15059.522764634401
13977.208471615355
15084.586828181567
15084.58682818157
13330.875285346086
15059.522764634405
15078.432592527319
10796.057797493675
14576.447996629558
12574.491697147523
12496.345753496698
11348.299847808139
14673.67748118481
14576.447996629546
15709.028144524527
12262.688091003381
15396.352801767454
14182.503374420481
12011.624284665148
15078.432592527317
11078.111784212615
11651.81322232519
11672.175185089192
14181.582223733412
11545.591373052936
11499.408781731563
13195.636104053227
15031.42068448811
12267.588881124946
11921.493522648478
15018.308287833133
13655.466053040798
14605.066703672337
16085.034718821098
12938.108455483423
9798.445104315273
5369.783041983643
20069.47057416778
16761.050306626228
9735.27255564571
13460.366074947164
9052.020802686102
17365.430395325522
13240.480924782014
15847.811681776417
11890.605949814248
15666.041267992865
17523.528612252474
7928.624088597094
13346.743294465241
19614.513157562058
15936.916295304285
9953.600943495609
13952.517245445697
15719.204326095063
15043.608886003965
17628.504749119
10747.24664438338
11435.203787433215
12788.512702421136
11148.617938935135
16207.934184733245
16579.826260599686
15377.030058077282
14809.740784403752
11234.954589005038
11488.284841721781
11019.308940986148
10130.023584366101
16273.780436538007
16327.665117081257
10659.019871770124
13199.948350969173
16723.804160317057
16767.905099689408
17370.24140685724
9006.399413713145
12068.89583843669
11271.323830199082
17521.505444142345
10079.030788094673
9831.62966749454
15622.869722867086
12737.753167876375
18705.61643830583
11109.767812319786
10030.880426613416
15582.514673561836
17420.29773485416
20297.933530001115
9143.550894886119
9209.326719804114
10616.30342845789
17194.640303579166
10620.165514396373
10700.314706711188
17380.658985330254
19105.091834440434
12120.515254979162
12568.054034885266
16980.535657086206
15319.124916594865
12072.534824011973
9363.069033676844
7532.928450995239
13741.534600829693
20012.83337948509
14492.311590806385
12298.17896372272
14339.054624326058
12588.081448801939
20496.780094095127
8599.772696375016
11443.4032967132
15441.462310374549
11708.38597382881
11921.730828859017
9807.257337659119
12263.984400244399
12245.972682911495
18170.466443012952
12450.45189891728
11728.252945146836
7027.557864401518
6731.7967434965
15664.474847034982
12364.57952333507
10543.031283120057
10537.43339556531
12917.219564759307
11326.501962043454
17408.19320744749
15996.295596368724
15186.517281744558
12229.61370014868
17880.44680605529
18671.71684045298
11421.313339855878
9346.562786771234
14305.658531478204
14415.050300915495
12263.065971828586
13049.468633506442
18722.674322867468
18469.876606679685
15614.295540561798
22237.868762761333
16635.897134204068
13613.269351523928
17024.437171940364
17108.07108410509
12922.624894979019
9353.128850468958
14111.795878101166
11886.0077646396
10206.213794747408
8544.641297024908
10180.869446219544
10598.39678558742
17599.208189747904
10255.880952641093
15085.771583979358
11710.542804763327
11094.707451218419
14619.146983039247
12452.640150863428
15339.041505152567
8173.863091402084
18435.850395625817
17000.918960451923
12328.999585780868
17335.66956760785
11949.272090126622
13076.25924290935
16875.320116521834
14075.272808996211
14130.808616204742
14335.895771763988
12546.792653554128
13129.116375637132
14907.393151993887
16509.672272330023
11325.073260144212
12477.106693475691
15603.871291315443
14921.134949744715
6697.391046249123
8035.173110092568
12408.97931945696
11810.1365903279
16186.573909452516
13145.639396097285
11374.769946465105
12683.567536700828
15002.842508411144
16006.402762367119
11680.302767572357
11985.317336271852
11912.373364928451
12345.219646789252
12147.809182881532
14302.888448695832
12519.492981265961
14390.131661623294
15697.359856327123
10915.757941092224
11259.452155586763
9335.618455834729
8907.499902955675
17803.677961776306
13224.090848241069
12281.353118427593
13559.531267389828
12384.094646620177
10335.136351171746
14934.774321125482
13129.829744710076
12299.191138072572
11454.575093796071
9847.282986069125
17769.076000570603
10973.111477346825
9761.087399375654
7055.453882512173
11422.223616617299
13074.498321207073
18269.713631573857
18209.192694465393
12505.598026032314
10717.588986161096
17698.518930601753
8907.009031448302
11441.053602014612
10825.498367154589
10085.78655781081
9820.942729823637
12089.536750784164
11710.418994154912
15428.678708396978
13406.176554793077
12211.928485754046
10979.459908522904
14284.412271768417
15349.853692357854
9162.409129065643
11248.149977073477
8081.110789023163
11972.128999621165
10725.602026804427
11501.844122386763
13413.487253900685
10426.13002319583
19485.385954854173
14482.41766333546
16731.04845764894
15948.27251366151
15932.528059442811
13018.45074932955
15863.851319410614
11302.743850519197
10923.67672114108
15032.144913718013
11344.285652295604
7816.466618868349
12161.63767887349
12828.982749474026
12244.462453582884
16431.22139208362
14495.446239226585
10894.494013966936
12536.113639534056
12893.81956825342
13507.927312056425
9914.44634463323
14374.410055789887
16304.032766641129
15471.243783157654
11275.716181078038
10920.347495333799
17117.32084078226
15900.182752709195
11106.078326887744
10526.349799993684
10526.349799993683
13846.168148716228
15900.182752709205
13543.363687457673
14773.936359163868
11047.992766747808
19668.59565286219
14959.411160459473
14581.622170146426
13000.067295445338
11047.992766747799
9496.703883417858
13032.22658577536
16588.46353111929
13649.78055119433
10294.814859625714
13543.363687457688
9549.625208216714
12088.990837781133
15927.257291864631
12806.01531045226
13661.887007319445
11858.181621722139
14838.52273486702
15280.244718098866
16639.92508103975
13258.49486875828
14953.560041363638
11477.624264816835
10876.065083358568
11515.273213132064
15933.134238833516
19428.750458450224
21122.786114368588
7154.480856876908
11726.561160693776
12196.815799331313
12895.30952997
16590.191480973655
10844.228331561906
10992.47897365192
10952.469858329985
12654.851782892594
7917.406032069695
13091.112809386195
16541.411448783892
11743.428595681537
15317.62930323746
13617.184180468346
12857.359491250247
8915.435501425336
13444.483194387749
15021.984132061287
13398.273305809693
13625.482947442897
11468.103093544594
13392.564764007455
10919.643421125846
14342.319875113237
14236.348383995599
9334.603569176928
13692.414086583558
13347.49625980739
12723.397951585106
11705.236717220076
12303.574234308044
14559.310441715088
13678.224718336525
18305.170995496115
12722.237311341121
12030.769955430113
11555.180828031564
14727.280372365842
7462.20227671089
11790.688601442358
8920.760773640744
9553.137848504113
14671.292686042641
11825.102780217794
9933.813126635807
11696.513531189783
18763.910329471866
16563.27275535358
19774.461370303812
15322.054719369646
17393.08984394738
15382.909466460615
16694.023447926746
13595.310519321429
14196.89690175298
17815.036771141644
13916.899759757052
14098.280927941474
11924.678971269597
11078.311140519714
11386.246130884418
13574.695095231486
15336.279286236995
20227.111543117015
15153.825820817796
16175.344618183291
8217.851185395812
10314.342497388057
14820.83815507104
16308.480804642066
9960.614050685364
9199.895275167717
15489.073095379084
17826.07515315675
18106.68886861155
8046.799042362971
11356.13793347614
8120.201966020909
14500.121943972968
13839.017156734708
15271.248536877036
15023.068500158603
16827.822651238417
16504.414114027404
13705.78574008031
11355.681413592856
13898.085305921404
11357.662747297754
10922.297433106525
14051.461368471957
13998.7660065489
11774.1608796339
8886.305904654702
12126.295392396209
15654.067313626314
12311.024570172336
15571.202455579878
12469.574481036898
13640.365153588154
9917.706605403491
11974.575587920188
13674.87408826565
12995.039013005784
15275.369142949587
13539.33381867692
12073.071397255973
9210.26418312372
14909.709606000953
16036.876028581584
19410.050474754993
17127.372377487267
10714.783713254172
12185.035083632536
14973.067845609146
14825.020110215813
14021.652700044193
12047.274312434349
12587.818639247931
10441.291745283024
11604.80851405399
9717.866452714412
17236.12848947447
10369.608360630546
12176.592886778344
11673.014264775304
9992.703833265816
9119.453445127325
9203.7946334476
14701.04645128097
11817.254931782161
12294.135150162372
12553.834263300243
13677.63389154738
12893.133153995772
8979.59809276884
16012.468279751847
15475.03386456323
14062.500979020893
12515.244766311816
14321.486932366915
12247.986535682985
16983.835073257418
14508.965504002075
10856.633951380392
10560.549511963125
15796.94916482701
8179.801407769548
10521.40859164202
14465.0358202563
20954.543496835686
7661.730268917235
8596.846834972632
11629.295477207083
13757.319216713036
11528.633149288342
6502.866622120337
12523.801531445992
9237.544456160174
22761.518673621627
20037.94223400828
15522.659800828349
13066.505264662688
13001.91293325276
16592.852275971494
18765.458750625945
14886.06377228722
10297.677394762315
13791.975011336828
14577.139920803987
12822.845773690477
12654.048223496524
7919.818327161723
11763.941774871531
16426.40678183174
21477.487743390793
16958.477147603982
10095.42385822712
9944.988831391529
15565.853978908326
9146.495684334372
17892.734267798398
15684.996076489573
11921.974531228005
8081.571498625979
13330.623056329961
17536.92571887603
14641.251757890688
10464.018214306816
11492.785576200169
9939.512553008683
10789.623875918769
17647.423139925217
15118.845822485446
12799.193299098632
14543.676875081099
14127.966830203799
13735.002280512083
13063.031322653567
14256.038533966335
12944.49080465635
14208.88831722758
13194.870518438887
14249.398011769365
11792.073049426028
11758.565749486834
18353.5809585483
11748.301437178177
11135.631801466358
11481.093694435878
14523.815018650077
11517.513159381071
9769.186407669995
14069.769728584806
14169.043296661835
14024.546255673526
14183.711991720735
12320.07250933319
10764.669784061669
11536.831609095429
18999.632856416538
10854.600504772243
13673.932983514584
13823.46950934867
13471.239184651611
11599.522656881423
10690.598987769867
14027.005902957126
14574.864453900256
12454.91265543796
12641.309046781338
11024.123365446554
11916.539280631578
15316.04407968384
17505.77214451008
9776.761542422388
12402.652526249043
15187.044548201637
15553.530497472784
11518.915968222957
10044.036839083337
11969.980182730984
13882.390003428252
15646.665101626859
12458.125928033423
13972.162471792497
13972.162471792497
14024.164312104203
15646.665101626855
13862.663716166913
6952.800332648294
11317.49608602707
11532.459054418148
14081.99490936169
6460.423856743805
11249.178566932389
11317.49608602707
14769.659601590503
12552.250649396374
18624.752260423487
11470.687851617662
12026.452930429807
13862.663716166911
12594.502322557415
14823.941538476427
14627.583249776138
13859.072890430176
15067.87799208597
14474.388594594719
12605.852407473083
18974.706429016675
12244.302215288511
13465.68775608523
11481.224783711314
17976.6804378909
13107.627296349174
14116.729127426212
19150.783960162462
9707.766729320116
12750.772446060693
12176.508633490175
13900.441138941203
11275.132353514511
11849.90189443476
17744.97646487871
14975.508251866206
13055.57489476412
13355.044622430405
14116.11322217273
15580.79408044194
17090.772839516187
8271.603931343652
12038.03187650154
11418.498606848827
15888.675542533592
11489.3039786554
12484.731462221942
11295.290041495613
11147.02662102996
16957.12112769419
13300.77480914852
14439.668426049966
13793.92744246811
20381.059770037195
17549.54280947546
13487.20388892872
12295.541345759848
16924.148726441144
13201.856513270073
8539.712222253813
5993.697813969932
11806.487784595864
16101.874093561002
15231.897558703502
14229.487641720896
10093.977417566755
9985.271588606241
13878.35474207886
12841.395218331303
15575.368377660927
12841.350049588349
12020.26891826733
17289.64968777769
14032.202840518574
8533.473170767853
8994.185419463196
16304.045160635189
14235.3813654443
10685.106289618825
10458.86930500549
11642.5146285473
12539.067178684476
14795.642132110008
12074.469109677668
16980.157600021543
14243.629852304315
9109.07113028934
11345.047687007358
12652.917049912978
10458.883950805255
16104.944501339083
10987.185935706524
9711.397437587737
9242.213635563905
12143.673554874907
8680.913952895087
10358.515652611797
12050.426069178788
15930.665118121597
10470.91403224136
10477.262200645293
9074.162556899424
10761.023383828831
13173.883247300531
8360.107372140688
19741.522248370035
16413.29298151569
18001.331210034994
20232.62052338833
12649.750331528998
17003.08773807912
13060.748129019716
12606.902179450051
11156.258520408172
15977.571464798113
13817.52927517141
10364.656232053456
10693.837136034399
12828.869328688432
9365.321770231214
11805.822790851864
14314.666855903668
10056.153981187357
8622.692562808103
12501.722699208296
16584.565018403562
15185.003603745725
12936.032998614126
13351.295548735747
16185.27983223696
8493.047653278143
12393.05340378093
16762.751138843458
15740.185142550727
15550.51428264366
9516.034880175333
16550.524499828167
9806.399047342533
12138.146261975024
17981.1041345926
14202.64677953739
9827.371504379793
12279.202737716194
12753.941509529743
10646.143265429535
10088.512334350782
17678.69097979615
11161.917876788333
13327.934658250568
13168.623390404226
10759.512471463326
6858.258365953461
17941.296393782723
13163.645518778341
16645.737603766862
16024.108929687
14332.520172572556
12123.57044293795
15692.741614329185
13978.473935466429
11685.058179374288
15748.336081471043
15913.555730037264
13760.473595833148
12446.683119277352
13564.384787525032
14786.37841596833
21707.35681320771
14628.074611905351
9377.136697279142
16770.343188242186
17012.774853010873
7356.771516956688
9783.490343198913
8448.557278375183
15532.479548610385
13829.849438923813
12579.875829217186
7715.7797352925245
11124.530235761187
25081.46758060504
18814.829810464904
11865.757512051656
6320.862005702958
20718.62338271129
13771.796743741048
8723.519986705767
5364.000255019764
14731.170588348486
10905.48464296628
13016.558818330594
7811.119120703314
12749.449263013059
9316.692750794256
21791.96092946567
13130.42589508901
11702.542153898736
9837.771789257707
14099.83547433767
13643.562504936024
12841.89932284644
11541.424150698025
14556.55533933213
12223.155293092677
11321.630532599529
10659.288393839539
12401.39913960486
8512.729282316688
13286.80630512483
11400.747152333044
12196.059608918893
13953.248154217526
14851.911415855298
11931.283750560708
12702.212954016164
13419.673380847176
16717.911447934897
19132.63520322475
14976.838212516126
12099.831505895627
9802.2315941789
13176.426992569528
19151.75088429317
11753.08669229011
11112.746487883851
15720.459276034691
21621.23775962426
13835.48143552985
6330.928669282693
9243.71718792715
11224.776656939683
12774.492703310265
16653.05029941993
15838.79528568099
11057.653275625658
12401.748196262579
13449.356868002593
12799.758016603448
18710.586787600987
14816.654483794618
12149.743707601932
17456.858423531372
15625.075033297846
11902.097406261833
16039.733531171294
14460.41431879575
12353.6823166598
12685.719653346701
15775.128912699096
13023.766384935043
12112.304604055833
15248.8233760025
11348.957329464974
14762.517870402577
15153.055513820405
14590.272726545223
10368.07909934443
12763.448701001937
15021.959886701106
14295.360551570258
13566.0939368496
17567.193484801202
12702.393869318863
12335.01391085988
14471.332470054265
10371.668364491608
13128.333807506251
13558.201934334837
12872.866523008463
13445.031958574991
13594.57930776079
13580.605038271637
14632.81560770102
14679.066731750125
9240.942063151091
11721.894075521937
11721.894075521937
16521.298049056153
14679.066731750123
12471.459418396278
12810.310298782017
16166.669640921282
12074.653262155189
11354.211356837413
10315.712359205949
12127.439739045518
16166.669640921285
12903.82447513497
13044.878734962434
14193.009806787151
12127.439739045512
11061.856019420495
12471.459418396309
13310.506762323346
13417.952470000004
14094.486067710448
14483.430089699956
14795.60187842741
10634.813743540735
9666.068776164699
14094.486067710448
14156.562983343783
12433.529675279335
15131.519462934299
13435.930132625195
13154.628903707224
12471.459418396307
14583.293287500217
11232.551335160802
19223.361839855574
12799.750875629883
12717.737437049722
11373.229724842393
15235.80322415576
15861.209093109019
14283.071835975567
12178.131371680356
13590.867293666526
13206.040398629988
12887.981728174384
12720.714040510777
9765.534891659416
13188.382068376328
11800.52247685831
10640.628524803542
11500.210429251403
11977.251064516557
12969.488464195783
11800.52247685831
13317.745831569115
13418.87780878927
17462.833083357717
15230.295981424384
15879.712051644223
12720.714040510778
15951.302727155078
11325.174713799337
13502.481928087467
15004.2146420978
12173.14289898009
9965.288933755643
16165.19887349563
13195.281427247348
12724.162324177578
13844.078738376134
11358.362260143565
13585.233441222845
16803.991189429635
16300.532199232612
9228.614200354383
9929.052128933565
14364.398881670291
16818.617048615186
10688.227396416127
10110.459725210178
10235.224569292961
14364.398881670291
13825.21885879289
13587.837981232178
14312.880267309558
13217.829324187
15282.065776392716
16300.532199232613
17164.51426648989
12359.04596358323
12659.291642766544
17077.334132692136
13668.320851591838
13729.623786912343
11230.38581417822
8841.195933252335
11391.943463073772
13383.543651821015
12393.845731131618
16576.04036498182
12845.689688223474
18268.745401006534
10210.490174412487
11582.739111062632
14413.02313764399
12549.91796477693
8259.851636044767
9590.204377456983
17019.28090295325
14413.023137643992
14814.67591376062
13010.323280183355
10726.891351668377
12042.718337636841
14584.954805464604
18268.745401006534
15936.065902405508
11045.283175066914
10001.40231238166
13731.276706239734
12696.500389090952
12167.234045654945
13438.217289024264
13405.694297947692
11741.51185085532
14019.257054449086
17241.254018061307
12159.5176196966
12252.926528123304
16845.834442293373
8689.340576440896
9519.225599706639
16381.333408508573
15016.613381005089
13138.60092618012
12164.319539620996
14441.732385071484
16381.333408508573
12791.211456994777
12334.174518013513
11123.274343632942
8013.387029730393
13454.343426983127
16845.834442293373
15921.125751485957
12984.804505190485
16248.223716966446
11874.157706549371
14025.37771617725
11294.29211479849
14315.196200106537
12380.37516613053
13963.122750292254
11850.408028312235
14097.126869875668
12227.47307294585
13399.730540746346
17024.15623459182
10999.677103851594
11708.302757939788
11834.659605277384
11910.636318264607
10453.869305168917
9807.30404556024
14243.414317379826
11834.65960527738
14597.872839957381
12094.350579861886
11955.326736271107
14402.274131988437
15072.022842920507
17024.156234591825
14062.482177904943
13405.975229057942
12280.826222950036
12143.228472390358
10726.114160915762
11684.435904133263
12448.295974440696
15413.964503855846
12607.358073187994
11983.0821165789
12679.98836167828
14062.212309628363
11200.4698048863
16013.06053549819
11112.320037683623
10795.258501847078
13771.37596189549
15711.757943650024
11051.359268977725
9714.886710275274
11232.218036841554
13771.37596189549
11039.14049764075
12693.688519735211
13014.216361103488
12093.66022185685
11445.883316575038
16013.060535498194
12377.861814220965
14573.526958122282
15723.758393132504
15160.218291681018
13010.371835300126
13889.774172015485
15219.076497299015
12721.887240963251
11626.12925112734
11651.698898216746
12930.203267636569
12403.553093876517
13574.978430471998
15792.131354803383
8202.21274438025
8969.58615931667
10752.419451427226
10238.50328519668
13707.369055754833
9890.853917153672
15293.50175752437
10752.419451427226
15970.8111370785
13795.354286383354
12952.310745451423
18281.558365540142
14242.796789197919
15792.131354803381
13563.425694288964
13189.736822571183
15667.5447007116
12285.419093273431
11362.515064286436
11826.375234663015
12759.206609751644
18531.2880215555
12665.462152242977
13544.837516514232
15040.877195887322
14664.756224659946
10863.745667058654
11850.932762616123
12849.713556426232
13528.658615486696
15343.863437340748
14310.355498958015
13069.167377425381
10228.98023011065
10319.407244385031
15343.863437340748
12074.147833525172
12591.403631058261
14678.908259614194
13102.58054406751
12737.584742040865
11850.93276261612
12447.628661253073
12424.185423292918
14513.264454920525
14283.53750492607
12789.314255184012
13047.211213942355
15156.4693545469
12062.291953652126
11618.03859405532
12078.382734912768
13827.303967949894
13832.439084300273
11546.307505486226
12239.948142916692
10131.100180011608
11663.109596590486
13868.121308588468
10612.316593599076
11663.10959659049
10224.349359624182
12689.322439957969
13868.121308588468
12239.948142916694
13891.306099802365
16765.132080127736
16765.132080127736
12040.872239487306
12239.948142916692
16227.201989591966
11155.981179709685
11169.416703710853
14774.169519781379
15096.230837849458
11079.350970894631
10258.37626612643
11169.41670371086
13950.817122154052
12355.649574569046
14774.169519781386
11315.20105249455
9515.511149772661
16227.201989591982
12535.712307669366
13972.233591408736
11816.368740989106
13329.076175621918
13972.233591408734
13163.67695981518
13605.63453771297
16145.777195083068
16227.201989591982
12699.254251160899
14412.484254694373
12949.72185342463
13783.329292788023
14691.172368129883
20848.247572409287
14015.77775237686
10493.897687286415
13851.765584461926
16847.893675166255
11425.012161466955
10482.437898708356
9748.045983616634
13818.520368534426
14144.8036425219
13851.76558446193
9933.89440341508
12084.66739626625
19266.154172732207
9872.502932239744
14384.380800645667
17993.548460407193
13453.246123731615
10985.768121201547
13536.266699493837
14475.170661650382
11181.219885639402
20848.247572409287
13288.98852717806
10767.48755351386
8727.26259834452
11103.533321156114
14282.381907317445
21616.0817654639
12335.400740815712
10574.137696907192
13041.788195329098
16733.98664473575
11967.771092535068
11775.134948281537
10588.250608211874
13405.109097144983
14413.841905020176
13041.788195329107
10109.505936186803
10138.18066650032
14234.774435081006
11768.534910178192
9764.699927256017
9915.111277051308
11802.878662664436
11083.514210984738
10909.22109301223
12187.06471878124
15142.172385966227
21616.08176546388
12125.961677125459
8997.410394655877
9509.923002781981
12961.274184035903
14748.777694886609
15015.67767229163
12160.64716202701
14122.033655067615
15596.897673836771
16744.320872739525
11318.642843009206
13896.225344834611
11977.272547786
12012.21884052714
10513.966739178568
15596.897673836773
13214.64968461397
8292.21126110261
9816.89081122758
11496.427601337564
13330.964954014697
14042.588110780922
12300.515287971151
11802.021786316636
14625.906455684695
14057.782135870872
15138.996563261493
15015.677672291617
12353.183398552459
13264.178918465741
14764.869377380242
15361.06008095622
17578.133502586366
12423.502886057062
13237.72635952667
18292.54978081264
14189.401147790579
12527.542196334083
11321.181746069566
13296.961480005364
16780.032260052856
13280.738834471693
12069.536368778254
14189.40114779057
15061.35328938556
14963.34283754118
15418.62754618384
7655.497092687532
12745.40586303802
17514.63492381513
12655.31456769818
13230.114143853682
12216.910962947528
12276.201159873088
9998.600131012296
12423.502886057071
12904.38351700507
14345.281096020068
13648.991481975085
12396.743682493387
10961.916462970721
15514.831241700318
12387.006726024934
15113.226112208931
11868.435953308663
16490.55885254445
11368.139738132219
13365.938987546357
12732.70304012712
15722.947394241528
9395.574958601037
11868.435953308677
10811.434283077691
9745.66761513871
15208.454835773338
11104.109643840997
13480.783684200516
11669.432072092499
10591.363650523497
14464.908326288509
13261.128333561126
14300.346147514774
14614.199882251918
15514.831241700305
12334.64122828676
12570.221130522285
20377.075393299358
15111.81246809029
13138.479088483913
15463.813977212274
12155.321992197496
9879.890686576337
18317.02539338651
16694.50486665073
12623.58715163709
11797.531425003193
12068.532506019828
11253.651622247276
12929.850269164415
18317.02539338649
11995.72078491682
8410.7151094788
15239.877819764137
11398.843745768922
14886.484583175368
16383.368842736892
13999.907839711163
12425.697834313178
13716.752388603085
13714.070351739358
13420.563601092117
15463.813977212281
12545.68160425683
13451.011294045195
10460.5379058075
13442.316999234685
15235.37439736796
12035.371505696805
15599.040312362027
17850.844607071787
15333.939132830583
15754.731410181354
15907.661719130274
17034.58730797889
15885.22636399983
11899.675142698306
10671.473757120724
15333.939132830585
16447.012778624234
11290.947961228121
13081.696833932248
8586.757725554236
11098.646892876279
15871.168361874752
11623.969157484882
9259.597264177177
10126.718271544993
13627.597106670875
14166.288808869582
12035.371505696836
12068.411783775011
12097.93443753721
12047.57886840148
11695.669252375621
14944.696510047816
12627.393516138247
14602.075161603374
15076.55918915639
11552.664243028357
12330.724604467161
11315.438219541551
11383.160306721957
17071.950204270353
12862.406557311697
10181.028413732136
11552.664243028363
12202.701089413595
11886.278565866996
15124.362667610067
10268.908947169599
14092.311379322795
14834.214477229192
10652.034309249028
14906.713315757866
11861.443822693518
13161.956319700199
10745.120703412724
12627.393516138272
13505.427980280936
15911.82127729314
19407.87451498384
12991.730415562004
10704.322752720926
15327.903695833664
12053.130811451803
11978.193382880905
13109.224327429654
12065.516329668479
10388.096775437847
12230.12174313552
14822.553728627818
12492.439933069916
13856.965527129132
13109.224327429649
12230.121743135518
10741.620264402554
12467.609019711683
11803.015691674756
12675.921022055813
12662.320445822512
12732.274645279093
11875.341625317067
12046.755832474773
11663.577296352258
13151.914924092058
15327.903695833658
12925.45898030858
14048.308882269706
14048.308882269703
13916.248663072101
15327.903695833658
15211.431711192146
14211.690077343992
17702.642413892914
13647.605626480916
15856.897469650818
12337.686067277038
13899.705805727592
17702.642413892892
14247.593151967108
9830.139499117793
10834.47586936021
9861.140607907828
8499.311181277615
15211.43171119214
10604.671311187656
14294.348648082536
10516.232614831091
8538.315194744953
13893.076177619894
13975.931334846355
13226.333351709869
12053.422224946524
12619.54840491468
13901.88793631938
13380.012590146056
16492.53634103425
12202.411491180566
12441.226334120121
15706.7460970554
16282.862555250555
14632.317155721137
5135.56033272151
9031.447591903561
12552.820566272907
9505.792108163547
18082.977591643048
12861.482516886816
8835.922700794352
12016.414679765354
13820.991941869155
8334.044809220439
15578.217739481182
10522.13867177509
13468.988703465635
10277.149554798789
10820.863087755624
8928.722566494966
12611.32912846875
16293.113923167683
7889.819215710372
16077.08876122783
15272.808468717703
13151.953341536315
18886.894280853052
14141.73589826979
18582.411173200402
12153.428904312232
12187.686229877625
10014.634021651613
14276.312334890243
11526.15247565158
10078.398739014385
11681.50286029768
11821.61341632332
10630.11399183005
12695.665488286877
9859.227828584724
12320.81846977945
11926.682438929172
19181.844453833546
10384.769152203975
9863.446840870349
14221.207954745358
16475.438461087164
11131.554030083904
11067.451792050653
12494.160639211508
11250.01491275842
16826.9239456965
16630.530490605997
13506.40135476932
10347.656308467735
11311.796041029345
18948.445091142297
9490.375802606399
13111.046280080896
17989.136117107733
14072.722482812756
11226.493767037175
12254.263720599145
11377.675971509401
15048.78071955367
13884.454255352319
13985.479312137822
11691.601766684344
11493.992177164097
10795.194685361186
14830.602863041784
10545.989981838771
13377.0613494567
12474.361494547216
11357.599933480342
17355.319908468005
11464.035032912878
13427.527506135662
15993.322386739856
16939.82522949801
13815.928232463033
17924.041875906227
11500.829909286393
14243.473597160137
14438.116297978786
16144.395344158927
13201.692008161284
13426.138048946576
14172.825121758584
16089.714006098873
12269.341854033217
11842.964061342354
9451.450675779108
11228.182220042901
11856.479235179468
24046.830064300208
15099.4934436339
8893.526045361878
13363.638783180188
14434.888665215589
15018.928985936791
16299.507318832182
11506.200984790015
12811.080451484815
9857.888145317655
15475.656764855004
11285.974130838396
11898.086079353125
13787.65352487252
12621.045287378489
14743.931661791421
11951.695484479422
11657.218449067032
20373.42139601865
10288.2886807432
8828.934502707327
16825.59808589987
13025.546708753687
11310.103616726708
13621.983009154874
9330.499053745158
19101.036759244784
18357.277748423352
12311.797963121702
9342.0399598185
12244.283050142163
18728.177160110743
8831.214464374187
10665.023073233478
11469.212392779496
11985.990577714016
15620.775419026497
12075.979502730936
15543.610893142111
20100.619879159312
16436.510814104207
12751.33848801826
14270.659885353063
11069.003103108096
10551.829438430626
20559.7185451904
13422.493540209243
11336.789440358523
15446.095305158811
13508.599839192986
15834.66356454541
8696.872647576987
14264.475002826272
11621.760951506407
13423.638649117202
9938.379041992315
15015.55259193704
11378.192529929924
11615.103393351897
13908.341386566522
7229.9950518241385
13796.27251397257
20401.863331986977
11268.670208717922
14273.84860780713
19150.208213895476
19676.550338270794
12810.893543041893
14805.502431790317
10166.206220368156
11755.894866550823
13214.633843663105
16207.058399575482
17594.22287291791
11017.917199865966
11543.0275864637
15744.100576166305
13547.326906535596
10149.103819842398
15389.261892736702
15938.336571430507
15186.632464097655
14005.445906616564
11424.666265193207
15938.657611751178
18684.254215318895
13354.548256549253
11038.564854216895
8595.960343165145
11650.785945494656
13518.46173899361
11299.640819326523
10828.298668945357
9486.619658409669
17544.284742328608
18050.605439482602
13278.829667631324
12122.81934131744
14708.878974892164
19004.761745785
14473.908079533827
13899.55993345612
17376.5696522878
13589.174574715318
13342.860709934275
9121.971362690598
14356.849737071043
11395.093305735378
9134.972281089698
14392.956251567159
14592.682135621964
12041.800745371112
17983.034361194026
12082.906544206362
6323.477264017588
16739.43579723147
11926.831055533135
16077.102746845954
14262.984401936772
13193.962987051727
14854.179099224886
17585.780975105445
14079.665196557122
13967.751222597284
14295.520523951749
11658.932585342975
16135.447499546295
11310.13764938906
14439.209023305966
15741.100017901781
12966.549385791834
12567.180957600292
14606.425447031934
15563.776007718714
13773.329947233453
9643.982072846682
11652.3292938418
9189.107551925516
11123.696312373695
13327.406963809313
15896.603421477794
9918.884942042283
11533.28419371839
15147.251344854518
13246.79871782721
14051.083564324987
14275.406989901438
13116.821392687594
13100.214239836987
10619.63976455188
14222.219846034035
14355.93389061423
16410.07876600077
13421.197548666172
10665.611431040343
10665.611431040339
11535.788169140551
16410.07876600077
13969.96929883305
11123.672499891138
16704.98397929402
15431.395759797522
12400.030455497814
12069.21117654038
14392.600338482504
16704.98397929402
15849.416670151588
12521.238460824141
11479.406026305433
13134.165120511245
12042.110334789235
13969.969298833055
7028.1426049375295
10941.689181343761
13018.582175010159
10366.965909868402
14029.435326371718
14806.570810605102
14432.338925073433
13731.918050335651
14036.368592416047
12749.588140579337
16691.778820624244
11962.897925531108
13572.533717411729
13984.410732454166
13447.299531349589
11137.836183185216
20322.000415175757
11139.84134848442
14894.05057478771
10913.504633060715
21055.713376781692
16400.170519759587
23250.049685995375
10954.58625991659
16282.12569318297
13665.345410541477
13339.235182384142
8842.19145183538
7489.92835128851
10234.553757454367
9868.010820099365
7819.544932799951
9976.673464413694
12755.8179336291
13499.340265932966
12226.992892181956
11090.776494530197
7828.122490799454
20104.375268792908
12459.372808948388
12263.379148275457
15684.729578993461
9903.040569587289
14323.992469878285
13434.509231398652
11589.364175982313
9837.508847708352
13966.003856808238
17590.173330973183
18323.063746220672
12903.544960228453
11581.873740848208
13656.632798009783
15049.148273676228
15404.310756873352
12768.364154166009
7861.451262230505
12579.142136334463
16980.781793027196
16078.389043289415
8916.15046506022
7594.756597401136
10425.28590417992
12952.531205433874
13079.44922788785
13138.901855083917
18690.433263125582
14031.557294822887
11605.597602577653
13548.690019152396
15241.138268355187
22319.04594767891
19603.915680114635
10163.240032595797
8604.4438624026
14739.761114430054
16359.737781961438
15960.197914276512
5384.972085899321
12013.549885283412
12232.240153215853
15055.647091511459
10868.499331993513
13123.33414411218
15365.455691427143
5909.251844498384
7593.716511376099
15470.10208016765
13403.39175831577
4813.619642867045
13024.431165450316
12304.959689291445
18785.886946316336
18998.280209831126
13240.559733255413
18706.140417922532
11463.515568409763
14831.832587765079
13535.78091649313
10771.98860867467
11911.086857739087
12577.26707018628
11225.925399768643
10006.715186998803
8522.005005879424
15077.99925835666
12136.264582032549
14918.78963100905
17474.823859607724
13438.616656806522
7032.305657917943
13678.65860147621
17006.153145393917
16946.547180483467
14680.076694620164
14079.243009035612
13016.498746039764
9643.129278180204
13910.379210967634
15044.603696890588
16582.767574101534
16454.4186811553
12035.671557434915
14225.457833890567
9799.333250796375
15104.38195498052
14702.053355732087
16001.560339250063
12633.143123255444
14599.606744016004
9413.112313385416
7704.08761994797
12760.943751020368
16933.10575550222
13559.65779005567
13075.012856027175
8375.936751717547
10392.906730799234
12077.425007617861
16354.480740101453
13199.39609104439
14102.200011330473
10629.521323942166
16845.480761558683
11823.88161798837
12506.260616886226
12024.556631199548
10967.61353600646
21169.53828086845
13574.649123097706
16791.155399416428
13351.32647987798
14047.11050967209
16552.76790666917
10881.743288167263
13482.567962378664
17619.217081072064
11096.898659237799
17916.402488307394
15457.37429851193
12793.25730233559
13057.135447304976
12451.046479230596
10009.360487205178
18948.433635620197
14554.018483655891
6888.507396116424
11234.708311572047
11619.239437065462
12880.91237545605
11650.075978448867
8590.257591413581
15611.575685626694
11654.374158581306
12773.28868699231
14670.937274800759
11724.451574363486
11198.280358536502
15933.515420149799
20324.128630263116
14705.6523060717
13354.875445627107
13446.26579810984
11924.43107456396
14111.178312251319
16767.294453031656
12670.351055917125
11231.100916465608
16584.59212565043
13847.458999784603
12671.275408914335
13025.87096958927
12569.594540794242
13881.54096586037
15790.194257600906
14496.500167809158
7217.118519817581
12432.415268335155
16030.926290343004
14690.058072804655
12569.507275322667
12771.599589383868
12266.424115128284
14783.090927349962
14072.68954962391
11794.440849866278
17635.15240218387
16121.761936990333
17148.727197315206
11152.04881020884
16637.26102237536
14103.650298285756
13265.504111208664
19997.23702121188
21635.303733192453
13881.755689166059
15183.56006481625
11870.279935540726
10235.736876694456
10136.116392212369
18526.03519332732
13367.798453752428
8668.642365795025
13574.592547825663
8993.31313928589
13211.125399153207
15295.848320421084
10242.679996193867
10617.69747428829
14086.874390312272
16612.608427365692
14038.237667868661
13565.228646245105
11356.123962279331
11642.7855443074
11739.044042413598
13738.111053021852
16651.52423381547
12333.939123271604
13916.263552564436
13742.155428608454
12257.858754715031
12382.54891299409
15018.46407138759
13073.862446333353
14499.948163759218
11362.920004502923
11610.89134081821
14544.201505763458
15786.93920044306
11548.350782676489
15395.201491608885
10929.453424782714
11519.23775999172
18276.914657315476
13767.180562080683
12147.506056471611
8311.899217532047
14328.055701585283
14571.493639325494
13726.12701507725
16130.595593075486
13916.124141857903
13916.124141857903
9583.11017618867
13726.127015077249
14990.931209164553
14082.52743198727
14346.96914164508
13898.921821686055
12102.428087131997
11471.583304797814
12484.36576570909
14346.969141645082
12815.047350036379
13329.891616765823
13117.120831242783
14276.78801849803
13954.258639163858
14990.93120916454
11051.09578126775
11873.797460854606
13458.232380666668
12623.194991284052
11315.4542445463
8924.996117841081
12420.764300014256
12656.258390471794
15055.649927118706
12702.702568968803
11504.247340081454
15857.758786653134
11908.086851758022
12594.924786130996
10123.94187365802
9826.89885611071
11465.521487456966
15468.472322282787
13637.723464606059
13128.63744080274
12363.82530042451
15232.725402521171
11088.934474847925
12092.227457422121
17011.991385449266
14054.147889806161
6412.26779654469
6940.362720253314
11269.71876751831
15982.912939476388
19242.187368885097
10114.01131840017
15089.821831717563
15942.504299827833
15784.091109367877
18915.122613293202
12278.227116791306
12707.45373248548
16655.310134013598
14462.793420547538
14883.943222899346
16293.09114538659
13861.554815835321
15173.352721963623
16079.992772149277
13722.215372669705
15663.036101370884
8807.217215864928
10961.776098955786
15419.868740733114
14529.052045694063
10994.459396525226
17065.05308535905
12267.813884103261
11006.70505147421
16416.821082146147
13136.01391191213
19466.290125029907
19038.55413631028
11910.54381081605
14204.984518489242
14586.580185292163
14482.722384110297
13799.704877199048
10565.53591835187
10852.079796080074
11532.765480849446
18792.865206045142
12285.755987900775
12028.374185984603
14638.126668717296
10222.636109464242
8689.538713518907
19922.792040359825
12832.738702143859
9687.69034020228
13080.139747347648
13376.265808184993
12788.670019358748
16481.45444170014
17305.910385748408
13582.32036848454
12590.207164827429
13929.240662030219
11415.86985050793
13203.11995690313
13061.00570538807
14199.913351057412
11584.712640907866
12425.541594473005
13095.811859247911
14435.908439338438
12890.495797828757
10722.998207018914
9895.136414213548
13694.05781252174
13063.296037180084
15810.59395278671
16085.840984665896
13778.908740849998
10964.223180967956
13945.75890474131
9230.506068237926
9594.49413695639
10120.512220988141
16704.580649123443
13991.092580914281
14867.798428484763
14526.612819275464
11190.25334844753
12945.268260595543
19707.080932176385
11114.89129272371
14548.170430385677
15476.065308047018
19762.15593171959
13933.8478621195
11601.527232889042
11232.14351640479
14183.383713596486
11817.560488874715
10384.869523216554
12312.93488339826
8758.361466102899
13200.867139946482
15829.495254190799
14188.390338299423
11132.455657035338
15049.40060024227
14631.121451610907
14098.110182977764
11461.397654333656
14704.757839147922
10230.749621098019
13069.31654537141
13604.60833837319
14361.304389724148
12274.224086831588
13933.532964875085
14895.689728330351
11494.28891170314
9818.01847879335
10306.791703671975
13660.70225544853
11203.957258632527
8853.176186563185
12154.382015434305
12947.761082995008
16239.995513320082
14324.016043369254
13662.969197773968
13293.64062787757
14081.272090627444
19382.446457202408
16613.38150454076
12188.39244076141
14541.828096850322
13829.721769498343
16043.704455796786
14632.220316811985
13612.108964819776
14883.608955482126
15390.345688117384
11078.05011313358
8307.432189410078
14324.003931591958
15333.799995713633
18348.944697387662
5413.158492913015
9537.13201481581
16102.096635378903
12541.316080403767
11953.415604695681
11480.174506272364
14720.547893903873
14495.447686653642
16201.288930840094
13150.311993984513
14545.95327718892
13207.42812949389
14044.42380808896
12172.260815641512
19295.05470883934
11626.370644074304
15720.660323789332
12971.610540719888
14627.329902933425
8482.632670084904
11770.725438062213
13405.006842411047
14325.02180349781
14315.695422342282
14196.357274721297
12616.671576709827
11327.059334769663
12397.523023912876
11258.787040120382
11080.560381987303
12608.343357946656
10233.467045789268
13437.584607724579
13233.005413370363
11747.484947280556
11222.368178585139
16224.031187898261
11590.368351592224
12319.179559406675
14174.584725339777
15005.503857200465
12050.556629944063
14581.709000033581
10420.649508664894
8850.91642765614
14102.68855595847
15997.529511176084
13005.485305644941
11406.815659524425
10551.047169456722
10524.89796226639
11176.993918167176
19476.636786048166
13011.798982672886
8338.942780891288
10062.264117665303
9484.862147330077
13017.914844969322
17426.137802678466
8178.349379362196
14180.132359484234
13878.374405254726
20715.8615362438
18244.842328231047
17637.37385728573
12489.401566754761
10165.415455831393
13386.640768103482
12265.994391034132
13760.402694859864
18905.6128393424
13372.44157175014
13343.787697579828
11856.67080393219
14103.198582277197
14482.364135311349
12834.661546268195
17682.438068053598
13484.46154694349
12823.926041240285
11913.458030008404
16563.21889180248
11048.571566977545
14267.22466288186
10013.089914128333
10945.012663130237
14325.58579214804
13374.712453928347
10216.86235645066
11463.05812673976
12257.967501718447
13428.044434203013
15264.563971017746
14833.206533880066
13832.148158384896
13832.1481583849
13887.250185776582
15264.563971017746
18613.054068519443
13809.515334921205
8896.957966367765
14217.86996569336
13052.693047464521
12002.175954408782
11137.913607150766
8896.957966367767
11936.504450597033
15155.702555373786
16154.43411391797
13111.369112664683
11905.220750748189
18613.054068519436
11187.523510993393
10680.369036028076
16304.183073504382
15954.70962106583
11250.891310198725
10481.044048336875
12726.714905776602
13561.993268091885
15371.852023057269
12071.490278106088
12400.522093884018
9401.004400964317
11501.363192725159
14413.664705282834
14582.271474246587
12808.491153252071
16304.421679090938
17945.105581489748
17689.29685788122
11660.389090267363
13883.071638382464
12034.708847875958
13288.284239714125
11116.683389019387
10038.27708880664
10493.95913118663
12153.460435153427
15340.597936120765
10650.867699780561
10645.436275795251
12077.480171659075
9766.032057331144
15153.715315229278
11698.877905181213
16009.864448438391
16101.239916637514
20462.068726241574
14440.258347480623
10262.447636773135
12749.580362677772
14747.573659238615
15690.579799418003
15153.888217933696
14489.26293789949
17719.701287096585
14242.359379770362
11441.47990140746
15264.623731118321
17603.78518907691
24252.179830114976
15553.150774898433
11572.562297195478
15931.87800742357
16284.839937409199
9220.047335685973
9258.187015070518
9350.01712273255
14129.352811400871
14644.988413644782
10964.82185568766
11468.558807450858
13608.286984074504
11805.552901428428
12298.408024563578
7306.263844035233
10617.47036937048
18161.283832787678
15042.520213879312
12602.008676252028
9720.438504079139
9878.790096794268
10780.337158687973
13225.114563602987
19701.37823500718
12384.410993859958
10997.067925689864
12891.488732628155
11523.844058623376
9959.825233871428
12671.29268562753
18219.778779495777
12099.513695612928
11660.10464825813
9823.059767295521
11176.927618978125
15527.972336451281
19380.642674395494
13595.581114974277
15636.288439858117
9878.095107326244
10501.187852941563
14799.373456499845
11037.765224075672
11123.964657330685
16554.38520084164
12471.402614033103
10670.956132431886
6242.982045476803
17428.378638775983
16764.06473851498
20310.448846525385
11753.86324724065
13654.940620575524
12131.059174261494
17276.720495742105
15194.206333344624
11845.277681468835
12831.723326500929
12662.108559072256
13846.812046119567
8474.487562633643
9437.418321083082
16285.69300930682
12018.207155827713
13398.666125612765
11905.106302171464
10679.810725015755
9796.84978012781
12354.699255024592
12061.853012908234
11194.342837649723
15093.038662744502
16650.135566647597
17792.13347971133
13938.648243779779
18404.2683069617
11533.183227710819
15858.124110278513
13904.215675189427
18155.04708539737
10978.926509186038
13924.278049281122
11975.374537069536
18421.36713367634
10220.993060656992
12592.83471462857
10757.743335865593
13045.768942665647
10479.274604839879
14058.11264531098
11513.41864005217
17754.02209858179
17402.092381911607
13242.111028459078
12524.30774978325
8596.410431676766
11473.067707162169
13230.765765190506
10577.07562030301
16025.229357047087
20098.178817566823
10069.46287124263
7839.694541648593
8610.93299798815
20944.843420053556
19331.737677601122
23174.662348784612
12534.772935086832
18144.194511058417
16747.418012588772
13738.26170152696
21277.963152499524
13791.705585471569
17181.18071109467
11283.461233634942
16971.039959999205
8972.277380816906
14740.47733164219
10533.588986170045
18059.14335067601
-8521.561787215142
2771.5982041735933
-791.7412781815693
10202.271182554305
7964.2895467247945
13637.314877580702
14518.21360678954
17271.045225692586
12657.085973857425
15591.711948024544
11883.063841437672
20001.666742413534
16152.106782254874
15421.049940055622
14497.55580266277
10662.230044838423
15079.177127246925
16382.969450495999
13775.098470381978
8689.562488924907
8063.364512379977
14569.954872988777
12979.632866280352
9705.86029858847
5961.528343751898
19131.356012881246
13877.750736033773
9597.687834915625
11033.71015467539
13821.602228283975
13104.046500329247
8403.978930207122
9720.149335413895
15524.110337189557
17235.74341068812
16651.366595138235
17629.57184921536
8060.435943200935
11672.183146833977
15610.400967563648
8159.064301801498
20942.488970692066
17384.72889444092
13486.96239543119
12495.389619302117
11521.948772416827
10743.125947191642
15693.58707031282
7138.695284772592
8919.713378519862
11705.805348253214
11069.037565631701
7450.200515341844
14714.219440954877
14204.823649264663
14053.821128226322
17168.259290668917
10768.078516003317
16945.824110588266
9969.278508149975
15789.350038487224
12255.780855819141
11413.5839853535
13836.681138300279
12836.16469101644
14450.504324960291
9492.455557256015
14253.141310878449
11586.867986543059
12596.885524253783
14954.673370606559
11356.559020210003
11210.384076059883
11835.553508587773
11987.252002316496
14641.57141894356
12538.4594342677
10910.71855346574
12117.521967859975
12391.932627334949
10358.813533807426
13959.041601496518
12153.29253735492
13519.60080470508
10852.855847507673
10593.499611446097
13783.973045510067
10834.413668848698
11595.551021007454
10008.221481245722
12213.842284985512
16313.098515517459
20446.41080096643
20446.41080096643
12829.855882221573
12213.842284985514
16302.445573232839
12693.471858468547
13082.5978059249
10727.659430982287
14104.63442111282
10211.397380550427
10425.611220506871
13082.597805924886
14052.482174193243
10618.303266047504
14426.28892779242
10915.911440070866
8740.474622173484
16302.44557323283
13623.150635586086
15589.661276619148
12994.20362993508
13393.307276080328
11996.430339424815
12705.474999646158
13995.548205528059
15348.918519798153
14374.14001912289
12381.256722772625
11794.329012158089
14725.520463376559
12728.156336380925
14659.958395038404
15788.668063033363
14613.362148919681
15427.619588743615
15134.646342848157
12562.991833931535
12390.549010827608
12745.570517957447
17863.219820220926
15074.254955422082
12369.409444419793
7424.212707327923
13130.639892291527
12782.43135853154
14758.276141389546
7475.51714689111
11413.274495619358
11503.988827580735
11655.333648816908
13445.001588658375
13819.04646986415
13453.483286234095
10890.239954904879
15562.879643769631
13935.729417147588
15850.497293562052
14229.467081509194
13739.301167533846
17370.08529996997
13443.031935477515
10321.55827611535
13743.648595877838
15315.303490243028
12581.143103701175
11073.8541924626
15048.360996286601
11761.597193593898
15195.41063258143
14568.39168222404
16379.09998725786
13006.458638430127
14085.729900706821
13286.63694343542
9857.054548260538
13793.378653884793
14139.869253102881
13324.623340803799
12625.642134700502
11697.482414371761
13730.787293974405
17715.888014112657
15208.126551052217
11109.557073807497
16605.104439646093
15001.078954462153
16778.742930228018
13414.307423989227
14932.58711450956
14416.908250961445
12483.968542990264
23176.106656047057
14532.140918265091
11271.827442694426
15803.181978982071
7960.262151020828
10425.816068414651
5510.090323758075
19156.641266364084
9184.909485098187
7724.6058409828875
15183.234307087485
9977.89584290756
16149.43400412725
22877.32301693664
15284.803088068795
10929.423049261408
13665.241592377477
20463.310107127887
15216.89008129174
7776.969332102133
8653.217185780213
8515.964201507753
8119.162650448594
7744.329243237485
11094.766292501554
12352.822343718715
13408.502683303901
14333.80765158041
10916.20889463579
10499.187919636499
13196.97822341283
12930.99932697372
15624.27930321986
13557.629193135974
12080.820785805672
8000.17408074763
6679.190759510698
11101.065956778946
17504.91951539246
12801.113229338149
13634.009667724536
13013.732232004972
12272.623159466752
16359.952333553407
8622.22018381552
15536.529846616984
9099.323947690707
21667.533561993067
19619.75253451045
17576.170570138354
18337.28736737377
11520.872436932503
13757.055164010391
21069.969438067423
15001.795170091253
12737.776930852344
11197.247090043358
14769.083317862522
10770.665554275278
11688.24062314419
13456.317448422633
12370.235652772786
11061.586999004281
12351.205639256805
12546.706884491656
8395.511545930687
13586.48776665309
11660.83359618728
12263.39056112851
16048.547366923232
12210.233424348387
10488.431282942185
13193.55230480165
13737.786414642
13007.613528316828
11941.163084836266
12108.113356785689
10514.059313383856
13590.521957142571
10730.941071649664
12382.603981893995
14574.034780964179
11656.068140424795
9571.660195563118
13367.366503501962
13167.130369989169
11272.193368605467
9774.197301214495
12295.05469023614
14583.720455587636
14423.50434060647
13932.179674977588
11542.880683421441
9809.173169395819
14073.028440078924
10325.621414507239
12052.648020163895
10004.547521358643
10894.46750590917
12859.627904650915
13261.644751128713
13454.773519125456
11241.659988424877
18536.65687830146
13370.559713660059
15125.5524490427
14002.591140704306
13766.485965298229
19467.89124156521
17732.767397185344
16665.537757969054
15381.5053514938
13436.858366234554
18757.270770308798
13565.143098776172
13550.578319661578
14152.555822043401
12520.120985612251
10766.552333838941
10057.123006347345
10949.430616017282
10099.228383619087
18090.151766694747
9332.101680328951
11710.041210171103
13094.29109699064
10574.36774016169
13753.885159959565
13266.247493771934
13647.12333962156
13732.280059923422
16161.510169438594
11907.250356390283
13670.1703235422
14088.449931160747
13945.750799640253
14728.780573791357
16446.79445780352
10567.375135921327
11774.136015274256
13789.541894729588
16488.22836970792
15567.40224873957
13666.967388694824
11822.795235074784
12722.396291793413
12574.536519265243
21947.318396893683
15390.554856345172
8988.900112181065
10875.937974792265
11175.753472183409
12957.383033995895
19069.99064624166
10767.479699250045
12055.454293890958
10873.84951680306
17231.710132650438
13886.187760689727
13024.940814643109
13652.660498149802
11462.076428187156
14808.184934795196
11847.165886623608
16479.80770730781
14813.126857362195
13794.425968700518
12667.981351881494
14786.468268965213
13459.94004212494
11530.765746966932
13005.012275690915
16498.06551035948
13110.88457030986
13235.860132522095
15664.083962492588
13779.743798829344
11932.546030646461
15013.403006370627
9583.425639969522
13972.060777681929
17221.06888965037
13292.754631783975
11812.936829295213
13305.394795187724
12794.722721007052
13856.887515515935
12756.528704522727
11117.118018497826
12782.75764399192
12782.75764399192
12276.240487337407
12756.528704522727
14695.998408744419
10860.114359571671
14798.46589431048
14745.785675245274
11836.597242553142
8440.398111298433
11466.523825823235
14798.465894310477
15528.765696379338
14412.123105587287
12862.587610114246
13345.21794294602
13390.164379571474
14695.99840874443
10168.506407432962
12566.460419633977
15108.66696908722
12262.174769779831
14132.421202876301
13775.60254720015
12679.638145858422
12370.331289087124
14960.551672727086
12674.197969424142
15036.39239552341
13783.865598640828
13221.487017095315
13353.913523951538
15369.310007868462
11006.060826789486
11667.662545926529
13353.69282955935
12886.962050690707
14727.28860527136
14871.99014484169
11959.447178755217
17025.437888362972
12524.22359668253
15896.590498743008
16484.484528585457
15002.544342047902
15545.792669432563
5867.486160411289
9323.093782322374
11961.76198827979
16169.743405229738
10164.889422068221
10725.98170658667
13910.76506656906
16085.722718565139
14650.582071846951
10271.72622111209
17280.956013812094
8807.916829211206
13985.798079579235
19726.427700726643
19732.81476629865
16292.56861115183
17533.57120211747
15025.723682253672
12072.2942343577
10269.179270542842
15826.5337104826
11462.10543859586
11921.966298457439
13544.341907406482
11025.53973483076
13755.17605960619
11896.083581047891
10226.432562559014
15919.022976340064
10107.839040479173
14444.080587687145
16236.871472709638
11943.879333020908
8621.400256686702
12803.624908520007
13039.362951848443
17559.859372484032
15424.860950261747
16527.6407349466
12154.710258548055
12093.020281799983
17455.0755947508
14402.549066018735
10994.471187548326
12898.636415422501
14612.47067206577
18102.60385632659
14938.25617918108
16389.912157374936
6326.044731036072
11963.483353175665
12482.370357037067
20040.298708779872
9315.025200051441
7962.378836041311
12505.00097277927
11117.301685995804
12502.097152774957
20634.331741938513
7506.48251041405
16856.902998134432
9857.040528083713
21567.770045653553
28920.703401686944
10883.983190123041
9818.669628735573
4125.21691046205
13638.109706268602
10089.477118125613
13330.84315079105
22523.000695235613
17044.95494890753
9854.809553919886
9940.858292373492
16049.50681898532
12020.479482253353
11738.460774030214
18053.80931364293
15027.905557637194
12952.351098151525
9802.623111086219
12821.805434712334
9680.788827786273
17661.421338483375
8992.106906852496
11953.744813591142
11781.982222747001
14358.754402155546
10481.86021889704
14832.38781124356
9735.535353068499
13029.668541908522
19042.32538405748
10680.517619560243
13433.122617498188
11256.54131718915
14787.080771363106
17368.974847994974
17409.364185545204
14945.742366973187
11995.239099829792
7155.203252745453
9876.149135512267
15120.332646488028
13476.819593120455
10690.667248386153
7526.147477439592
9573.227191825781
11718.453311965513
9144.30753983474
6901.7942625454925
9773.76528813922
11185.52142598407
9772.189198758315
9560.608435244669
11463.436023072423
11785.941133211962
12062.030515997685
21234.480666390857
14114.29227002457
27375.563665987705
17978.30361692146
16415.017093293565
11133.126569393464
15583.04270227984
21013.08784393814
13663.071210292965
11748.571175132784
12276.142508496529
20015.820517085922
12403.869792328245
11261.858918677946
12867.755122995923
8561.78641206863
11510.017842231726
12464.329160444919
15751.93927606773
10791.74662592306
12261.66692139951
14571.631576157986
13943.815391892016
13849.345696640336
15518.956401219353
16998.63687490242
13046.827643003311
8036.885615653817
15657.901183040565
20315.410376656768
14968.29647745005
12879.10727978139
8145.852864874006
10148.672617116932
9524.209448737085
14964.84411964393
17947.68403278845
15192.396883055997
15453.979389122444
9952.728892013723
11067.585792819968
11180.561856190965
12260.10629043723
19032.68238011812
15508.12921174639
10190.032997658062
11033.347458087059
13610.820004828036
10346.516757012289
14428.514518910613
10282.13401149012
12958.35041798659
11802.218616128644
12639.31094317375
11570.668605849143
15385.775996435099
16138.930017694713
8860.587831546673
13858.314841336723
15603.614996353166
13569.910860904785
19616.134939469503
13681.666074877085
20041.030472682534
6041.614538712367
8865.94112535879
12278.528492965184
18625.205622060224
14443.282819647022
11347.390092817526
10868.032099532165
12633.389803373631
14320.575367369585
6359.516660959731
20696.622060712492
12802.522630122176
7649.615276027167
6933.612201021557
9160.314265389638
14233.125353506439
14835.911942954303
14035.053436947544
18666.567592464886
17663.21380110634
15571.412231071547
16937.5456517049
13709.416112090166
11717.815474999486
18189.55276143778
14259.935339057381
12321.486690563655
14976.238848553638
13764.62853117284
13173.279676358376
17088.984657217046
13921.469847774328
15223.278290766319
12615.84821266553
13662.700224972548
13659.253885282324
13739.033882938427
9941.373171362093
17716.95294945129
14263.556218050755
12051.83025741809
15429.959283220694
9256.298784593213
13679.499285690492
15618.420663962592
11166.864726729265
13680.381632646082
12390.978522271564
13716.466566054893
13882.483129530749
9867.817249912503
10281.139565051097
14626.066943460884
14626.066943460884
12869.690089384803
9867.817249912507
10307.038102177086
15548.61836686085
18008.087515121904
12602.6936724483
11028.87526757065
12686.985335616408
14874.139095868279
18008.087515121882
9058.097872911725
13581.901732384693
14988.71987712509
13658.780436606405
9287.926656250409
10307.03810217708
13717.07944023979
13678.882816732468
15474.29666659748
13613.752713038048
13239.447122281277
9611.28013337062
9948.430937010948
16188.466054443654
11331.350695709347
12843.76084775267
15333.978871664032
12038.128059439372
12295.124325465662
13512.852235618651
13110.432994486502
15085.010720331964
14720.082649718555
13561.787788722257
14918.338684344846
12524.987701809298
13427.364283671639
11850.007127041108
11611.222938192755
9465.812589824434
11308.138352413796
11169.877840458585
8283.837152545695
16129.620256542596
18014.525095123474
17248.535634383094
12437.320625191043
11163.339703756092
13000.027779958556
8159.807199622526
14896.670783104322
17177.6758023921
10889.325716628835
18229.91138970526
10428.009618920685
24059.17519933485
10298.371092350166
14819.760971266223
12040.652780697781
17340.980297606024
10323.929518064948
20058.96854052526
11820.183794155286
15808.866314955427
11672.092690419624
16562.39830891559
9324.85765404834
15777.821951212794
15700.339224923371
14229.44655016091
10959.802195621209
18210.050267888466
12378.915176125307
14031.254902845409
15263.486767274024
15495.3356033105
11060.391055361279
7431.96071240641
14321.681878619394
8697.506938096616
18079.384767988755
17163.70060947707
11438.482224693182
13201.466686012165
9815.056550720492
14698.043807483407
17612.678847136733
13355.907323398184
16976.877605440786
13224.289991769165
10881.969946643889
13277.605568714656
16433.586777451612
17482.936803110737
13047.074833169989
12936.239576728594
12326.684947025136
17615.4147041044
10166.131587257778
12959.012892584811
10322.54818334754
8007.961354953614
17924.690874331383
13904.219553220915
11479.853201267691
10551.865430480855
14940.371759166785
16326.146925144789
8273.401746278587
15752.076039095065
12990.504618334138
12566.558866160587
10363.493041996328
14458.655705113235
11288.755727359106
10369.430527285207
15659.535119069764
13145.84156818621
15711.672547596514
10657.591450554835
12552.632410544797
11235.25037510652
14255.004553692293
8653.751106914207
14517.02546331235
11503.22469279662
11549.58261874202
16073.095616261968
8214.829145800055
12283.60037654601
10694.539586801893
10365.669026611835
14323.641281615304
13659.714858905352
15397.465170488682
14284.306616612539
13043.631684295999
10875.825400322785
13610.659984042037
17147.90888303731
16106.84460914157
13151.313306065542
10265.82474297515
8806.682678206584
15028.740535246247
12894.643303126464
13538.016079238176
10826.095414182279
13756.004255271122
17065.657905551558
15378.445340617536
10000.344503517714
14737.009086423352
13630.083286352497
9076.24208825988
11429.788312577708
8598.29326369519
14742.81309509177
11830.198449649928
8141.0103471629445
10192.154650431594
17158.759995963832
17375.757209256273
11708.801110074795
13092.871215406449
11381.471371676069
15052.627538372953
18262.07109220824
18128.197575335005
17617.90652431918
8236.198324077866
13587.607107281365
18426.206672350574
12183.135794924525
10135.55799515632
12725.307334453146
13823.301908410209
18943.517714173908
17741.544913480902
8716.018550490608
9027.987642367454
16132.59859574485
13419.129877492898
13932.55648572276
6063.887770003924
11864.730049839316
16521.790593021484
12981.308432564176
16185.483924895429
13610.083310809277
12809.720415773336
14397.580386770347
10149.766796344587
10980.511751204214
23709.278516842845
19213.907798334254
12594.848882594291
10088.994206307678
9520.115738887718
12802.196165162866
17248.798997560632
13662.608397989768
11423.08407513081
10487.500347065321
14225.989067558985
13906.128811175824
12847.428582884482
13386.558707943099
17315.94239790794
13286.470208164912
11681.204229544252
11132.993239853036
13527.751727717276
14055.661828633287
11018.169237174478
11980.602454904481
13774.760026734151
10391.06190512589
10066.613519351922
10621.316063389773
11320.777601158406
13019.101619043613
20639.310950145362
18846.41754211908
14048.788235278556
13510.861164953567
6193.7568447747
11168.75454665631
17369.946912117848
18712.77000897197
10510.700971507527
13583.144472345299
15028.024764609367
15707.71592672663
10522.041758147367
10211.263102386003
17589.822782107603
15272.773748296393
12006.045287934196
7673.849591579143
8558.386149958096
13851.246847898828
17473.262298691665
11360.13301430022
16005.810288663228
12386.779878333531
17624.677869201216
20707.581416021905
16053.641873255168
13458.100701010224
17114.290459841115
12690.155843068218
10853.583056174137
5437.1392522107235
14398.15847228364
12238.516579494171
14529.734864912629
10768.39891750174
12007.837840078508
13234.634688822296
16483.424524474565
17123.938894280916
14177.203072470194
11668.347235712861
14685.037558348706
15497.84559118005
11789.065349635026
11862.633121700812
10924.868424539094
11473.097657869326
13330.87780276981
10468.452171109371
12341.17894348968
10423.66581129678
13429.22690347936
14732.976613233794
11101.963969656073
12576.001595036418
18881.63300088443
18881.63300088443
14631.929390447893
11101.963969656072
13754.891186282062
9555.004945615314
9597.7686441478
16018.155940685621
14831.520844839097
8729.80701728262
11057.390274898622
9597.768644147794
13672.071721677225
15092.048779501887
20034.051855041595
10904.665087815349
12627.64220654884
13754.891186282079
13123.479848819581
14862.382222623271
15825.760784450473
14115.984862270652
15638.926045462622
12715.932518723173
13113.85028170449
15460.485290769722
17552.275538977425
13157.398520186956
13714.155367926269
15858.015051808015
13806.753380357812
14407.42025184292
16622.01015887872
13042.820913003445
14088.372557349607
20712.385506763632
16300.427501868346
11747.883295688047
13570.70507183697
17398.22910329326
15484.458808927095
11620.870229249684
14708.26180152234
11627.381304469398
9201.988088701886
14122.764417804865
8091.679014495176
13093.128307332974
13596.625999925172
12060.021255244596
16251.417851108932
19748.872426283946
16823.397068746577
15555.059769613046
14590.077271094697
11205.27642769364
13948.489226225425
9565.536061681225
13890.25871191859
14666.734522674913
11444.274447779144
11581.67459775263
15734.036587155473
12983.974991929195
13544.49010991411
9122.857408214746
12476.33966428549
11788.980398537373
12839.776438266033
11926.096924661284
19634.725669364107
12121.017754622379
10787.013831123362
12892.00429566057
14686.580044727049
15882.449447877392
15583.101153964171
11864.323658947129
14095.342080720351
10528.609162605844
13405.761492321362
17962.310629361484
11747.04011495108
10788.751258696946
11409.206702341802
15141.030924381204
11606.58965033909
9823.814108333707
13777.51716722046
14986.052339616253
16427.881411382117
15205.11578268366
12496.885360291699
15357.098272399402
11430.480476323322
19470.669746733613
12752.333868801537
10542.985321529082
9641.823169078913
19279.98508853046
11423.87773944479
11656.400303857961
9003.468971167416
11303.447084464759
10358.996286369254
12008.1651163698
11272.916575707352
11051.583081275465
12170.618660300759
11829.934298195563
16175.899404219106
14338.649273089522
19151.67267858059
14343.201671891802
14824.634707269117
14332.920799339156
12323.745893752368
12375.500142229248
12008.293787608014
29698.1415600073
16364.558483827479
8526.94331552149
12583.657015241823
4510.006788283114
9602.100927991747
15674.004959118854
19801.98999624302
7726.878497935173
9132.817845358677
16425.868616618274
12309.655567471586
19330.630614365928
14970.65561256467
10281.027174877889
15242.318162891135
16541.84105769224
13920.210355300265
12035.327672791478
11730.686379594852
12564.278216318664
10983.794088743507
17541.63586995087
10980.514780147398
9014.599394296412
11891.559421457006
12013.472547944119
15252.817256565153
14311.792868559403
16692.627686647793
14091.777916987056
11540.899844363235
14258.411602878092
13761.046863925047
11622.196403304442
16899.16950286919
10715.672863977245
9291.62288678236
12961.350306608014
10458.820942888751
15131.561689730504
14359.183969875385
10750.587554268892
16347.228710174993
13352.693092042053
16626.853855006993
20533.705125370114
18300.57621905862
12552.936760949988
11113.060276177954
11427.548245965845
12676.993926603369
12344.89996414573
17928.99506389241
14843.552345555014
14758.728765823276
13399.479687919367
15210.568821431203
13375.758600675472
14598.153593652598
12254.908442061384
13145.834641669198
12024.81640268844
15161.885574662852
14589.708862575566
9477.482755687714
11673.330477452791
11085.872023064783
13207.276967906679
14149.615972331645
11469.813388694727
12699.613902579093
14224.160756658452
13387.251548015378
11704.723055997243
14830.308972776527
14344.262254828971
21263.321534901348
15205.210086575275
14366.83043149059
14989.798928806671
13314.9437694005
12286.756015647166
11619.410494169262
22047.99839634216
18007.484567269803
11381.468930104234
12539.958536349111
8546.295242884302
11208.681596657081
12842.409202866578
19823.34328608326
13240.894986884241
11969.683330531738
11811.573471694965
14940.900953992492
13578.28806082601
20683.49434959768
16507.367336060495
16024.44736511518
8283.594843448263
11503.6481986436
24985.051328903908
14829.95423021587
10001.111878907135
7566.208927150593
11051.388290975752
9350.906194005936
7718.328844237423
17203.310153254442
10539.785827184875
9428.116637287874
16773.9192496116
15747.01973779604
10310.505077718493
8848.6400126693
11632.920336133722
11312.244797653544
15740.109310583608
15624.088926066932
14506.322847975898
9099.123337076655
14619.541099841064
13530.462049567162
16716.412131645673
20030.14992490857
15614.042223360593
12196.727826180844
13760.981262688942
12198.42187707089
15388.619376780207
15061.848067312985
13673.645930221317
14041.20124253476
11110.816795040482
14472.929380126854
13900.241263057093
19065.980224056977
14259.340022491604
14092.501703616657
14313.500037680811
15537.495854848637
11397.41282628429
12949.357063321215
14185.540655277728
12639.258819021805
12706.477493899598
13812.839018496657
12933.748350823824
11854.828501260949
12992.995082786056
9824.266472040421
12028.830055303017
14360.476547778493
12827.435145104027
11052.824461970653
13595.291813722226
13280.538000409522
12086.962280361264
16950.075438543005
12522.220648412545
11788.534207042212
11788.53420704221
14198.19337881849
16950.075438543005
12885.624342021643
15383.985102487684
18301.894536200616
13700.15003985864
11491.616460397641
10640.658765632963
12037.713341547169
18301.89453620061
10966.10518280794
13258.244068609893
14389.311885033787
12037.713341547158
11123.40872803675
12885.624342021636
13852.064154464813
13233.86080849074
9154.73667042076
12018.693449890674
14172.832060385535
9770.212349830235
8980.797976608234
9154.73667042076
13268.823402144779
13542.341845536866
15603.47977830386
15834.517323077782
13979.11148058612
12885.624342021638
12209.387023878102
14028.081196818945
18134.50677074036
14920.293699851629
18641.12393337917
16083.879245358636
15935.05016131413
14790.03161530865
12053.131851204955
13126.916278372906
18968.761568742255
17554.09668513867
11757.965266938401
11932.566247236999
7155.327364677031
5690.048066983158
8541.891467363499
4798.299395653982
15439.8871934812
10169.07588025813
9998.287692826128
8541.891467363499
13109.892545603516
13691.049938604785
14300.361264435134
22104.4143765044
13757.876659964617
11932.566247237004
14001.764830001252
11211.275622595917
13748.159304276438
13080.597279544934
12052.679814822972
10766.327417113382
13548.307625910378
14381.254072551983
14390.979745017803
12684.449332704902
14897.760271721849
14695.562544155606
12797.361604229698
13194.229290554375
9196.146675096665
10696.747430566827
15965.930212991312
13640.324342638622
12685.591882687919
12328.704010068373
12625.45904371364
15965.930212991312
11683.607467051435
10596.495079327025
14711.499872761036
11610.115604592895
12931.7083398506
13194.22929055438
13216.983315252708
11417.847356702623
13010.342884679523
15744.467643149252
14717.08149236197
13373.092872008529
13995.109274873785
11199.228897404922
12694.074363864751
12326.237399436006
13855.54999237993
14646.901895251456
14245.906761598037
15237.938816206179
7764.058501862237
10598.060725703086
14665.698657034854
12163.206397023774
11923.74973912849
11410.063124778379
15009.989499795589
14665.698657034854
17039.999772988616
12824.048355243442
15152.81953916631
13957.099934714644
14966.138220389746
15237.938816206177
14017.811612196068
11527.664295001632
16160.89286947903
12425.785954886862
13361.133361576773
10571.986831975017
11659.992032217457
15368.407847814033
15205.023874914945
12256.509773257314
16969.522057525162
12443.977597226516
9400.212395232531
12588.316925971543
11853.57089015552
14352.014773811037
15822.71712097321
11955.297421985986
14048.467393029134
13698.031427326321
14056.149217665901
15822.71712097321
13059.547987802514
10011.705070611646
12060.29717281741
11312.3689637463
12522.495828153955
12588.316925971541
15195.697759480065
13077.06480244956
15262.445778094676
15654.428728127854
12561.032273590443
11276.465936639817
15189.988586501904
13734.534422695917
12400.904747261968
12755.662307859891
11681.984384740688
14372.374304137189
13694.74458043247
13701.994932888547
7371.015752543327
8919.245931066325
11728.669032553371
9791.510863616226
12321.525488057656
12801.607614316656
13327.27405942042
11728.669032553371
11994.440484651685
10989.177350449401
15619.06651902881
16580.96691549673
16063.37016898135
13701.99493288853
15009.40901363598
12103.969390442413
14869.43577734384
11505.845882623591
14174.666671751593
12409.012134436793
13564.54899675613
13814.913717121699
14029.72445287582
11688.770230242351
16308.031260769047
13814.630690758435
12897.201597640642
15411.885725161377
10798.271111968972
12628.754742544354
13047.365680483283
11795.317138632414
10967.043676544363
9789.794195573048
14595.930133480817
13047.365680483284
14825.136873226611
12017.540137741284
11643.323859014266
15924.771513393887
15021.590880477119
15411.885725161386
14772.878628615743
10957.431818511504
11035.56191858772
14482.399505388375
11122.609971857406
11368.737779298635
14270.423001047866
15060.135953058032
13819.586263455634
13315.198239109077
13427.681672854469
13347.507294007653
11185.137856870699
13828.936803301656
8618.300429466119
10121.243952210305
17430.504307422183
14057.95370752674
13646.759099679317
13220.847824741235
14163.304776083573
17430.504307422183
11422.996406237566
12318.341239388177
13936.682767761637
9998.977460393298
11056.42714613848
13828.936803301654
14108.348484042703
13737.52407224966
20103.463774759413
12854.341668865178
13485.259647384908
8765.024985997654
10651.435602946232
12722.891957616897
14531.583940615848
11249.15760635601
11133.399049166888
11718.980182151654
11464.019138216368
15318.335033427189
12031.062288206267
14011.906836673104
10748.156067215252
11617.834125713727
14110.053820146999
13026.860899346815
12051.321934381225
10748.156067215252
13508.269475877822
11751.615547094132
16792.84608562249
14134.711921765158
14602.11067277786
15318.335033427189
13065.994560487521
11873.513299186088
12904.05736803036
11061.662402272674
12614.163942565672
14420.682861629399
14318.00515154432
15648.570596616244
12516.005629245425
11235.049684873873
14823.859519847723
12921.946944295541
10229.016112807427
13592.595606340748
9787.446385665147
11621.174037594275
11461.998845973621
9668.56906602922
11621.174037594275
10258.459180135338
13600.769159088442
11461.998845973621
13592.595606340743
14511.697202731562
16735.069331949002
16735.06933194901
13190.124425519823
13592.595606340741
14693.193171643265
13010.049772377672
11820.940378701445
15341.166628071145
12564.364394608587
11493.969299537654
12399.09461998643
11820.940378701447
10980.702731568941
14619.843110884414
15341.16662807115
11828.259763261636
10816.612101397353
14693.193171643261
11847.700311713825
12886.336705017799
15341.166628071149
13363.808126287498
12886.336705017799
11357.149401971765
12564.36439460858
13738.465662106313
14693.193171643261
13010.04977237767
14085.668602959988
11820.940378701445
12252.652211893153
13944.530865483446
15247.315453474303
14253.438498848074
15380.939191491681
13551.529763615481
14977.758155818268
13880.390771288286
14237.134386010423
12802.634212641535
12803.901833633836
11151.32957657229
13551.529763615486
12264.237303549864
8846.032929041608
13403.129320882847
13164.683184075897
11410.484265722234
13551.529763615483
12777.939599190237
13242.985162906776
10985.932655041539
14434.495421567266
16144.370499637274
15247.315453474303
14253.438498848083
14357.0380199062
12802.634212641527
11717.173296732457
17208.392154894984
10196.912521852188
13672.540620902015
13430.910974310864
17851.944364943938
13708.64967136228
12319.886679313968
12615.635786934088
14714.538693208722
9329.866009585196
12274.315010313783
17851.944364943938
14715.75021118743
10696.723633748312
13589.650261504563
12134.218237043635
14896.015018506903
17851.944364943938
12698.713360884716
12605.559419094065
10743.349597360153
13288.199694521069
13578.07025535575
10196.91252185219
13672.540620902011
11859.249988438141
14714.538693208713
9981.387499539998
12077.42964963174
13906.914194936999
12974.46106203102
13293.33438682844
15578.508669915936
10287.698638156082
11087.81197292076
11770.04181660077
12803.600342568106
12910.522894905589
16517.78962598522
15578.508669915927
14475.542211555794
14254.046207369936
16192.093100230517
11673.497496618313
12649.580424531629
15578.508669915931
14048.404902280643
12859.066072532652
8582.648493584633
11535.684249115075
13619.067276741078
13906.91419493698
12974.461062031036
14615.084636168574
12803.600342568105
11291.01155277991
11150.075954511416
17655.699877976334
11955.901876122334
14835.820824881795
9994.179496072362
12629.987541350472
11189.861436170582
11986.55538242704
14803.893388254384
14653.668196669374
12696.970573356199
9994.179496072358
14180.545191351623
13149.725199735562
14878.915661521462
10507.529381306658
9307.301135227779
9994.179496072362
11702.996363942551
11635.644340990972
10592.937118677135
13058.65738525757
14182.230401471066
17655.699877976345
11955.901876122329
13798.209990121837
14803.89338825439
16925.429140019096
14603.983009250333
13217.365153336368
13076.413445709411
11488.061474897939
16191.315189468662
14200.797141518673
11407.56997288809
12491.549249215703
13507.20802892144
9607.18303689626
12360.693301428786
16191.315189468658
12486.677294602607
8476.705517536615
11654.108692126718
11526.768696137911
14699.43465769781
16191.315189468658
13104.792314484952
12811.730282561519
14131.074026291746
12577.090631002653
12910.370216586763
13217.365153336355
13076.4134457094
15737.351970606634
13507.208028921441
13324.252660189635
15458.287989347262
13074.406933687344
14160.306218175356
14178.116710677634
17440.989879589102
12011.373997564559
12829.062211942337
12408.340908948525
10573.163007375419
9150.420234505122
17039.73948384798
17440.9898795891
15486.206806237513
12201.348909198601
13956.81857150365
12884.721680171842
11617.644683774646
17440.989879589095
12423.780939961172
13245.113121759277
8391.203331791603
12783.691221211084
13680.904583351221
13074.406933687365
14160.306218175358
14222.602329474827
10573.16300737542
10428.353385484932
14285.634830412642
14283.67312082238
13029.384850059534
15820.282233200527
14226.584411424552
11272.83862513541
11711.204541754621
13715.542253423991
14611.811443994719
14117.421353144658
14651.463907765426
14226.584411424548
16211.667831264756
15452.66241175515
14955.02446488065
11327.624724277888
9925.18680499227
14226.58441142455
13144.500531558206
11662.356972526706
7369.545510988968
12675.31618374745
14636.930409395494
14283.67312082238
13029.384850059503
11540.449500970959
14611.811443994728
11493.761560662533
13517.715118989621
13454.4077636034
12957.445952723348
13980.757658908722
12073.840242580512
12076.546476121024
11866.354162775002
13300.26214417304
16116.826352335835
12749.824835901109
12033.409821919702
12073.84024258051
12835.814152244335
9891.739992655226
13085.516445980007
11902.686453715853
13332.75992468678
12073.840242580512
12814.945093541088
12591.9138453039
12330.388648039674
12186.953967462663
15244.800054765452
13454.407763603394
12957.445952723345
16591.538661398186
16116.826352335836
14559.441171613496
15270.725962332599
12647.986457196708
13071.437067031176
13971.782710193087
14941.623075261341
11874.156047958842
11762.476336429461
12778.467834299776
14091.532450950246
12322.11905799768
12927.211007772006
14941.623075261345
12778.46783429978
11596.186823496902
14463.837828373325
11941.437112740727
13281.760279182456
14941.623075261343
12927.211007772006
13163.95784914418
10262.062005429198
12847.425904372445
13861.550984266025
12647.986457196715
13071.437067031165
14091.532450950244
14091.532450950244
11140.163635609963
12647.98645719671
11847.497333931935
14987.257938130344
14634.96095008717
14232.181102460561
12449.054782315932
11187.44132443895
12576.80994880336
14634.960950087176
9847.516744231949
12665.438061290466
16049.996188629513
12434.109159697791
9352.7509840054
11847.497333931951
14177.522443186632
14847.630661067851
16049.996188629515
12900.649841449253
13020.33992181027
10668.548995315514
12449.054782315921
14435.108077706853
12224.455861985236
12619.751562026968
12591.73049754875
14634.960950087177
11329.573666658402
14173.54380753432
16171.233083584095
17891.595893920225
7661.700709605209
12006.275597837499
13211.433687686616
15733.924402944436
13390.1528924255
20821.814172626455
11293.465002579647
11170.583789834283
11171.303995757882
14407.453604396433
9728.140784790685
13191.014844757954
11590.969139521276
14063.98284467268
11171.303995757871
10074.779879554724
12966.436720244945
10290.28245229543
12100.589347331788
13903.695466457168
13021.424343560528
14795.648481730474
22574.300851742955
20821.814172626502
12742.074757397328
11150.930022227913
10921.165665721137
11686.05379591044
15301.082411684169
13348.31608793669
13202.957151560806
12570.877530980184
13386.421501707038
15972.441121670256
12866.539056250103
12941.216601617709
17347.843045261216
14406.957017957411
10737.285708831358
10876.47500504391
11246.515594070246
15991.036435480757
17347.84304526122
10813.90735169786
13510.256402083392
11657.293502607441
13408.08811334676
19391.76398239145
9709.723130601098
10671.014857699236
13489.90866537168
15972.44112167026
11989.224896881213
10115.053761115309
16672.68598378887
12700.680225123113
14997.895484635366
13031.155510652932
12264.20315131862
6935.797660056844
11940.891629669795
15819.60685271578
15478.558033071695
13724.609063554426
13310.653058203518
11521.983052812233
12435.115646556404
15246.950744578458
13204.730370123903
15013.2704615309
13310.653058203521
13730.849649548576
12270.774073454439
11873.118331496808
9384.702170224755
13403.05293277853
11157.354384288989
10631.224013616753
11633.674707179094
15819.60685271578
12783.662195085653
11873.690118507311
23206.832190050798
16313.707459079793
10792.26958682451
13861.5475622401
12199.521609431686
11465.288427650556
12193.332156715614
13430.335330502143
11953.89029980118
13231.549114041294
8635.845569843916
9287.959555714342
7531.451220918752
14668.171630107212
10381.961944047036
12135.882555452446
8635.845569843912
11521.199148475696
12749.098636856239
16707.358833512473
15827.233520215294
13210.082176502228
16819.18483083372
13424.315538520139
17369.445011628573
13430.33533050215
15351.484462752382
18371.591856262618
11637.362337479884
12237.634081334829
13511.796596401085
15457.409728240944
14919.589754039727
11750.417968850048
11509.67534273809
10636.295339282346
10921.421003057883
13551.800616732378
20744.692442973334
10836.937647763436
10266.790504237008
13662.41780888119
12287.391706727776
17203.238574985728
20744.692442973337
11854.144626204914
13786.91257290721
11169.36926435064
15343.284254086528
14730.70802246489
15014.514714566907
13279.455584913816
10395.458023571953
10636.295339282346
10040.681972317541
11611.330320236279
15193.20223758451
13583.272720583751
16345.621194304946
12098.465711095305
11541.66741401645
11564.754885693741
13427.48642646926
14809.554445700784
11382.243199320268
13472.861655066123
13297.14875099562
12408.421709328506
9471.251084081206
11460.6404877101
15123.154927397589
13503.7671572927
13297.14875099562
13393.485747079356
13511.724437019175
10165.007505536849
12280.702478958063
16369.912982812684
12961.190841515945
13562.172892981533
15920.700037594599
14809.554445700782
13682.25924483914
13994.65200235641
15512.38163262996
13583.685725990523
12519.128025411303
15576.117054817289
11847.746843881025
10628.387684527981
13481.692662058782
12560.79548397013
12411.744192299635
14458.695511696968
16199.326023668309
13554.433812465932
12244.094364433608
13103.049594511904
12562.695682021149
12912.40678734817
16199.326023668305
16215.102805463617
12569.745944480665
10590.843110896076
11627.71991196381
13742.88899669786
14678.562348502806
13317.394529305446
14546.438728160843
12560.795483970129
11325.0138284381
14218.028136756122
13419.53429445228
12623.57631867109
17843.289405647214
14651.506451231207
13824.393268005155
10064.76754169748
12871.854019101671
15968.061802685668
14807.647140464796
11007.006050283431
11900.377825294752
10870.611065903315
11958.092527359011
13338.382851834285
11307.366206877103
14376.416361433068
11900.377825294754
11084.148032946232
14044.205162780592
13108.063305176076
13539.082266031834
13183.276974167182
15040.655155853146
12986.091596046015
13147.89414597893
15968.061802685665
13952.04000260282
14293.537054818311
12506.675934443287
12409.680730836204
12972.167717593158
13467.43168472809
11521.513161546247
10434.811420298664
12274.897957456236
15859.134061749768
11745.684008864147
12776.31264744612
15589.064327277374
13770.725009360673
11392.138797541436
12003.187068500423
11311.636944410504
14607.973667542628
15589.06432727738
12776.312647446126
12848.850821031145
12195.637175910731
11244.86366631408
13842.989036260902
11343.979362237224
11493.820060260201
15859.134061749766
15859.134061749766
13705.558085332668
11343.979362237225
12141.763413613211
11762.634009142086
15809.488896604322
13029.900545559512
12261.944078113655
10334.84415695623
11774.294723538358
15809.488896604335
13966.182103924355
11896.290499000632
14623.71369990388
13199.777627976258
12580.958100353739
12141.763413613207
11358.967296512674
14351.60363363123
14623.713699903881
12389.452109735596
13149.389790399633
10774.419528342834
12261.944078113656
14183.68944801604
14334.834415535315
11712.426264236487
12280.834143815193
15809.488896604335
12516.541822219146
10940.029543984221
13676.826091892179
12727.904966687012
13688.514827820052
15138.47378992864
11708.861221446517
10016.067134186083
12534.960901424718
19437.22202566905
13275.730281453998
13620.453899446411
11678.849346206956
15446.584415036703
13985.787573036387
11848.809052881557
8849.993828306831
13322.14376975613
11678.849346206955
10325.67175290105
11468.266702715588
12302.651415066262
10326.789353478254
10128.338481025592
14033.61275444158
12815.750400965595
14983.13847414808
19437.222025669045
14337.713156889195
11478.253692966864
14633.427873068686
12433.513481772163
13771.569588380758
11901.504917094218
12977.391894078057
13040.08945570462
14324.428237448627
19365.837178293343
15201.923172074079
11279.597446303113
11880.811565775532
18622.279957434243
12718.616013592724
11823.692211322588
9082.806365739154
9192.104017024749
11880.811565775526
11310.793852017938
11525.821373483252
11054.624690687404
12952.191435320969
14464.365410884035
12348.761627284843
12332.351703352137
15859.1030130418
19365.837178293343
15182.018182351892
13836.802720110616
12553.865108425083
11766.381070331692
12808.323189271312
13399.449028983168
12296.886140988896
12633.896104616246
13586.492916249148
15184.430829310419
13033.362466395618
11227.364526634528
14276.294431829077
15811.380281504315
11092.447200834475
14126.348741975948
9668.643113596014
10911.615020487932
14276.294431829076
12567.77517835344
11793.085008465347
11806.553241008114
13875.612026552439
14374.667276852211
10571.220800659097
12401.009687541806
15523.469523091338
15184.430829310419
13453.023217719452
15060.074830054293
11960.94574829758
13954.624343910677
14352.667857201666
14022.732059564896
14248.616832997624
12940.07785852477
11303.963781289658
13720.115647235756
11194.351606483267
12051.425898261738
15031.734748112009
10481.223028854492
8696.940946298018
16689.338315416146
11042.277430857197
16468.914820174603
15031.734748112007
11453.356642971463
15509.347853025403
13623.564514375768
16057.008307034961
15360.408121435206
15136.598863045812
14726.090991984449
15130.23031958038
13720.115647235749
13413.677160449275
14060.795513279112
14375.420742444232
14368.470374288416
16562.403445408523
12791.664010220884
11880.965801608181
13658.671392125601
13208.015645712623
15263.899354278736
9452.14214552674
11692.144369115565
15076.17706692075
13867.974404146882
8314.772753822886
13878.601698594077
14598.015888175894
14523.309615019361
15076.177066920753
12023.358389446435
11630.102762917708
9565.55317673385
15517.599514889627
17388.81963185029
9765.084116236985
13257.140653171698
10759.098157496022
15263.899354278727
13054.374198825502
13188.402756111758
13446.645420590154
17218.914261838094
12322.057972923332
16980.79273552601
13976.446048079171
12465.212913684025
11246.390380158444
17474.80241362819
11435.108985596631
13287.893932117853
13314.144907009955
14101.139705912079
10208.057588093745
12311.13318503198
11357.823005692813
13968.54713167868
13314.144907009959
10860.664954421827
12416.037478129938
10874.860496863761
11044.905027620767
8785.961847966133
14260.91337592811
15144.990615974853
14014.86637669714
17474.80241362819
8355.653547755195
12689.756486563823
14108.816395539026
12518.718313291465
12253.348155538639
12152.057979490544
11008.09857139906
13225.411760771416
12969.821219324896
13854.344576036543
12804.239199459858
14881.178286512715
14739.092441418601
15569.745463469628
12731.081876092241
14843.227950195103
11113.868236114085
10416.909468906766
14739.092441418601
13781.135429214046
11631.951633956114
8264.337289017807
11973.84551262329
15228.180422370207
14434.846802635473
13276.526485997205
14579.916363373766
13854.34457603654
12128.598291796723
13268.651583891995
14814.747212874956
11336.897474167126
14474.653128944301
15416.809037367662
13030.231461468546
11413.86580531333
13628.438158903193
12956.136098813384
12967.298079510421
14284.902091150389
14322.216494181144
15560.817022417627
14958.592376534754
14249.33764470616
8528.628990580219
9511.623188711776
14322.216494181148
12050.347243204234
11847.276129226731
10879.00580171576
12815.294868173753
12689.511704120474
15008.731339797567
12559.389192032482
14121.185599534565
12956.136098813393
14550.844196016471
14454.413513510686
15124.584898945854
11981.798787915257
14624.438259798135
12235.895437583831
12260.354889323069
10490.673706438092
13185.724370747466
14608.207165328206
14264.318542987856
13357.593906582155
13267.312943014527
13126.897033255082
12412.96454112168
14207.53817788789
11725.056457015344
12506.763403324709
13267.312943014525
13357.593906582155
12783.40793181088
11426.072066633344
12173.151760379707
15863.058522786623
13743.173876725485
11012.48027980112
14608.207165328202
14608.207165328206
15092.651910586243
13743.173876725485
14526.24472023287
12495.247689753429
13093.254671298386
13435.370642089085
12701.327831991797
11562.412516884822
13165.439097507575
13093.25467129839
12737.874297874141
12665.366357354427
14127.771116388421
13144.819494947355
11223.47380719264
14526.244720232882
11432.234355515699
11801.37249516027
14127.771116388423
13631.073805419375
12082.188175947262
11377.083522678498
12701.3278319918
14744.582860296905
13334.980360271577
12607.031012789099
14241.84170135352
13093.254671298391
12826.042281596827
15236.669499226886
13980.709556584921
11937.137488268425
11254.057868620379
13958.531836173379
11222.344644547078
9162.932045704178
11082.419724188258
11216.870535249816
14018.047168146253
15252.898109203981
16328.733357010984
11226.131499027242
12998.314301926479
16895.09515291513
12160.121696555298
14209.773172280993
16328.73335701099
14993.696602234784
11791.926638791707
10239.67222097814
11917.886665230155
13190.530935604305
14142.83556152815
11069.455993373733
11807.4676748456
11216.870535249816
10592.124887611855
13359.338924550379
18476.77905246422
11863.00799167242
12723.817049845056
11521.26454465308
13474.463749566607
11267.835178942138
12311.653442490924
10747.404042568272
16227.718560123547
11485.080486211977
9916.352898027568
9209.008583568477
11688.017293850804
17862.150521820215
9858.797314954103
9418.233883719064
9916.352898027579
15333.707224951071
14324.756547680283
13564.49568267446
12869.796041193964
13498.747447023417
16711.214638916103
12741.84992819
17941.25566213711
10747.404042568274
15609.388682804914
21652.558634997404
13884.25499414345
10161.361896797032
11910.591104559533
17074.39627993595
14160.938953907182
9870.911794964772
13468.134278581016
6958.868480793209
15333.675246087334
13976.22872975722
17407.89841605767
10973.026027678483
13596.023224846993
17776.54387852417
8455.034623937889
11946.635864769512
17407.898416057666
13438.164743597681
13546.953957418187
14202.830489499425
15635.331371979322
14779.749274489981
14896.127720574892
9415.740613754266
14986.655718829856
6958.8684807932095
11980.76036280172
15620.993655883953
16858.86176132644
12653.574760459058
17258.355502089827
12901.99084535231
15550.774654652618
9158.893616415011
13300.776402697451
14251.886122921731
15049.523101240233
11325.56423536045
13247.059396047418
12421.631976606539
11718.445734128043
12621.168640703261
12045.82660896246
12545.399519961278
13247.05939604739
11452.573106176404
12674.198689113757
12933.174656355299
14070.157477739442
15055.883525393423
15383.158360944453
10618.856402679772
11036.039378606265
14251.886122921733
14726.223175078074
14452.51030193005
14462.171887122611
13085.85222129387
11862.339493612475
16256.293796695236
13058.782433582288
13032.14259603354
13329.271425722707
14783.740667577302
11935.395113341701
14006.751986415416
14432.846133410194
14213.952892835265
11614.770059334283
13075.964225831582
8727.857228609651
12015.083837601762
14432.846133410194
11236.489423600195
12199.531905956394
11912.687558897036
12015.879881043435
11285.234738923185
14552.652350510245
14339.166646392885
16153.1968723884
14783.740667577302
11830.011615726497
12000.192856752263
14608.260340654479
13055.137731277435
15685.279642635223
11067.839688180178
12968.752967473089
13663.18628883333
13852.65471143506
13975.216600582928
13316.609243709838
11270.873391981468
15821.012914291783
15084.286422336718
9335.141251098283
11129.383185650267
12681.68425143737
11784.866608869432
15821.01291429178
13002.338856633458
12252.601167183904
10212.29212753248
15609.38488240616
17533.664787003312
12808.94415662782
11198.567764942893
12415.509320773828
13975.216600582928
12980.656050177968
15243.051840931525
13876.585650999672
14688.926727103972
13549.57923201844
14606.07025565402
11383.079960253102
10313.073059184104
12088.118568087464
15206.744420037197
11539.03192126124
12744.538927731703
14024.028680364576
10927.005686006298
9801.646787173884
14790.93964638979
14670.634475624967
15680.1948090893
14024.028680364572
14807.866981502251
13096.20604436646
10764.02678232378
11516.244547253067
13044.267960285042
12310.294114445674
14674.64959410179
14623.78807398709
15206.744420037196
10765.380953916425
13588.770658017358
13360.261515153521
12416.330419637532
10983.6282159999
16971.080199033506
11305.864968189102
11219.493596358887
12195.619107204779
10040.013063594683
9012.778916699855
16426.27641169548
17690.237575663392
11963.44434400496
11301.825895014455
13527.713394084054
12480.475587381672
13403.186391425563
17690.23757566339
14805.175731237174
12846.402579193335
10424.816704386318
12892.211961055567
13485.98089552633
16946.1420999383
13418.837087552856
12853.006956528194
10040.013063594677
11906.444290419273
13498.98071407733
14399.622114242413
12996.815254264686
16198.175281776686
13761.289913189508
12493.86668338355
10524.002939218277
13117.60398502115
12656.497993092913
12648.183427299367
13775.356299882
11826.820023884862
11656.82602307514
13143.627165452996
14097.622811559335
13097.433715249237
10882.372997882418
11826.820023884875
13775.35629988199
12811.776668947969
9686.376771962141
12565.58995156575
14017.64209623212
18354.023537093257
14507.92716549517
12656.497993092906
12656.497993092906
13901.054442046974
18354.023537093246
12367.742830253654
12499.768271881978
14280.764562611945
14531.175739319837
13368.361485950556
12422.024816325826
12971.436799331826
14280.764562611952
11629.903765341816
11032.34042956566
14830.58184437586
13632.17367421548
10173.239262245952
12367.74283025367
10986.844415085001
12751.99262353387
14830.58184437586
12570.828813135578
12969.023673971693
12259.130988727109
13368.361485950556
13728.271157513831
13244.042550857266
13226.451687315037
14933.330825764515
14280.76456261195
12960.800541411107
14631.539253307039
14203.203613597467
13838.971811278527
11840.638042939265
13047.893852665527
11037.307128726661
10747.882032483094
12720.160551296609
10644.084993552762
9735.820772464887
15408.124800811616
18750.468775080182
11406.113673834585
10188.257891881229
14985.664805848692
14582.22409734353
15451.990527975522
18750.46877508018
15232.630872844245
11819.603994289942
10039.347138655605
12352.022236242894
14823.83524256706
12560.995844499857
11987.35727931234
14126.106396739318
10644.084993552766
11421.984496427092
12698.45079502857
15611.068062967544
15678.832014342493
17500.619040307687
13249.903959410462
12861.164788230493
12156.873544622616
12245.990293534845
14542.172236756056
13590.251610663965
11705.454469582468
10217.09508506306
12283.593888814525
12654.004988734478
17676.256270497568
11768.552275725475
10960.761761286882
10217.095085063056
11541.78797927474
12179.636980006131
9188.084091309885
14527.178286283477
10844.502381636186
15596.173556212147
15363.124315645351
10994.584871203644
14542.172236756052
11401.523222607944
17831.15536479759
11056.393870762655
12801.662058236085
12008.82175333146
12771.470283204975
11621.40634610577
11685.213508680205
12109.282692751729
16354.265910991353
10325.189243479796
11600.784774497413
15759.991338924105
14677.414695531403
9760.596066329646
11874.49095500841
11750.22617233019
13238.281081728855
15759.991338924106
12624.230158794959
11423.340982313948
10621.75752435365
12065.3965944078
12529.218843225834
10383.328075366557
12823.007627157274
12744.330814462544
16354.265910991362
11725.143397857666
14083.281878737107
12758.092680400317
13210.091873795565
13678.745269111496
12087.88190631304
11152.918059108555
12823.351519731836
11847.296646512259
16683.56720966272
13447.899347313003
14038.227792460517
11110.76342616024
14333.664813306876
13904.891383563707
16637.038256177773
10219.043358237293
10111.711971179871
11110.763426160236
13486.58020556255
13672.980583891773
8549.593814371747
10984.666870264235
13798.793908148824
16890.942003087188
15247.297063611175
14625.36028796081
16683.567209662713
12661.244889047366
13482.202668456652
12440.87029172351
13067.343228968108
14201.34560273859
11987.978730309773
12173.625352860194
10538.189272041433
12889.744124039978
14741.581472013471
12370.339963292277
11947.943349728286
15217.34840433698
14384.986748830386
10833.21780287545
12161.940550956173
12761.74592062146
13047.328131753622
15217.348404336979
13190.088391071815
11254.194859820815
10268.535805869546
12356.69550606879
15086.800153131164
10700.241338036192
11613.071141551365
12796.281478197878
14741.581472013468
12132.353783881948
15469.124530733927
11928.531390922137
15179.986679400026
12339.768663411012
13833.069034438127
11364.989402267236
13762.821339763774
12202.692972060322
21003.78837424542
11796.138339184083
11568.13319001138
10912.384027774206
16229.37676184044
11136.438745008236
11789.71758700464
11037.39693205008
13164.864987721347
10912.38402777421
10577.145337226317
13258.74333872897
10542.927471998024
11688.909326940648
12489.557685164076
12857.886273571636
15140.617081805596
17900.446251400022
21003.78837424543
12722.51133581122
12949.92512607581
9511.00141619095
12750.578673995624
16553.555210207687
14915.823965036534
11096.765579103172
11777.924318748486
14180.248067072464
18625.725643944003
12529.531303767186
13527.124965373103
16276.20099000614
17460.86316968948
13101.664550557905
10866.616369338557
11482.659333754635
12886.194758630354
16276.200990006138
10435.275110943478
12785.431278450318
9638.090785657116
11826.184687304245
14250.858803848854
8784.566303423484
12327.73526521111
13330.187985826167
18625.725643944003
11252.525560702954
10814.087474824277
9342.766347293125
12194.876736257327
14205.239812778591
10526.780844924722
10274.526736898059
10653.900138025056
11895.47251367081
19395.753446047467
13627.650163346972
10834.110033360135
14539.280490379706
14026.78946035385
11702.946294822621
12431.409877382617
13399.660497411951
16215.278971275715
14539.280490379708
14435.502070850907
11936.401745777252
9168.122070307916
9959.373242348665
13983.64946625272
12618.748066552622
12603.015230903242
14400.121959013295
19395.75344604747
12184.15228525325
9812.73706837057
13101.715054090651
12987.021753058027
12575.686867268058
13377.011204706398
11291.774750740324
11171.83370783079
12364.095984130741
17214.483458349936
12650.888912800723
13063.355219785846
11350.408956576264
12737.659432505161
11317.350880077132
13926.166791638168
11547.179390125613
13502.347132890503
11350.408956576268
13063.355219785843
12657.88182744289
11450.776251418638
9903.930690372308
11605.281287140713
13919.58265245167
14943.566062593007
17214.483458349925
17214.483458349925
13178.175052286822
13919.582652451667
12141.03266238215
12788.664445917886
13679.717415833453
13846.571530401201
13411.39139764394
12452.204702055426
12766.500715258353
13679.717415833458
11605.215050273226
12566.259783905649
16268.761660768629
12673.620295863058
10321.042984434458
12141.03266238216
10899.439197165355
14166.819601045852
16268.761660768627
11776.38517784427
13265.172415473162
12414.804969494904
13411.391397643925
14000.181050176494
14721.57456689399
12985.334574038123
15459.203916650245
13679.71741583346
12470.60451203663
13356.372737911599
11795.510542749736
14813.98250918457
19035.57660568046
14366.900716864075
11521.76999527661
11932.470869732084
14119.474594048972
15945.276247635653
10309.942617732353
11914.800929378818
14848.759838006508
13841.061350453887
10466.183809416041
12583.706285225391
14105.751430641281
14052.868436247381
14848.759838006508
12135.884664425172
13342.708208696024
10225.08272083351
14131.592496107676
16348.13262773756
12246.371453848242
12126.25358841476
11747.469526005676
15945.27624763566
13489.48667321843
11536.497371587671
12814.978527557589
12828.403482669164
13130.354247355102
14889.36033315594
11363.909606773455
12052.61980642652
13041.396709992427
14882.639622994877
13833.8881093527
14822.636231714934
14649.90052277398
15162.085631768521
14047.196668117114
15485.084487920898
9171.100877289715
11031.558727659001
14649.900522773982
13337.864061585435
12699.122518023736
10267.919724288722
11741.288512875333
12573.312520635638
14452.681388496987
12867.409575435166
15049.160892105452
14882.63962299487
12149.542096116445
12331.949988170483
11489.325454022674
8366.378100744143
13968.075424535878
14749.340276235967
13646.326947411955
9419.96029434939
13093.196652239
14207.53014852715
15509.066316023602
11621.00975295399
16751.908334032378
14214.49188485023
12693.601276292915
9770.810432780023
9819.546416689242
14151.512764834293
16751.90833403238
11938.932823305504
11694.275104900707
13117.991138559986
12897.61693596619
15188.45302493051
12615.994890699852
11085.31548890307
12486.149924559226
14207.530148527152
13102.471621238248
13624.068011496302
14708.298540174164
12932.868821714794
13172.167564409967
12938.177853699624
9425.8832632805
8467.542572005019
12641.870364426828
14813.763037368768
13317.08176762078
15625.426269074262
14706.670264677436
12102.053877210243
12634.606490572005
14359.826655059926
14014.56787081189
14912.08768473878
14706.670264677436
16314.999403721267
12928.131983331219
10769.433306932662
9340.758751089958
14765.761827809367
11374.187134807598
11874.88777087516
16448.713023552507
14813.76303736877
13513.40806456131
12712.478915748912
11663.385145968392
12179.496267103066
15341.415767789149
13213.440028378802
13536.397912090872
12108.945014141715
12857.433203542068
13993.479976696583
12670.775415385073
11305.344146868485
14317.89970162439
12286.350344607356
10339.603672409197
13494.519982789214
12075.693734400818
13530.944130666372
14317.899701624388
12766.497023849835
14140.331461009655
11860.69035420502
14036.980019998175
16687.105903359803
14593.219716512272
12799.641341502727
14237.58427888164
13993.47997669658
13925.334924827115
15236.717079649612
12140.267870282989
10832.682924081462
15927.716598487985
19061.927044554854
12463.825539208032
9077.54802214523
12202.139615667491
16539.217849134155
11742.634824069068
14266.126998092153
16412.429552047277
13492.24711219185
14503.709503210674
11725.767807681857
10689.816574095146
15763.03587291779
16412.429552047277
12753.794040616765
15217.755641758165
12608.238760420554
11159.171725284166
12368.949370379949
12195.043717902403
12518.985662285539
12910.547172591174
16539.21784913416
14466.050802652684
9918.38134488888
11303.459971714105
11962.447415513096
12520.579076635422
12972.062688856691
12496.61662907497
10440.16791739163
15096.425882304467
16111.651859232285
16784.94374878612
12534.169982482426
17141.037038369977
15407.635447536199
13126.739729789975
9328.088889902408
10607.662205687415
12663.846263278978
17141.037038369977
13592.016975105484
13676.740968537342
12747.137720089217
11917.198196115936
18094.567616187847
12752.678375036014
8756.097159866877
16718.20776431229
16111.651859232285
12238.742311515387
12217.34044050346
14234.224082687415
12960.096857115721
11903.112099027607
17368.398079212573
9197.457797217785
8768.59983026769
11339.665470795795
12325.214769110393
11785.057116580256
18376.789521900333
18247.566929764187
14956.2103385508
14323.971870804604
12950.766269613989
12381.308483395882
15437.5528758431
18247.56692976418
14326.748152504144
13093.79219373508
11478.157498504403
12334.615650034953
12485.740511649234
10478.44923261094
11424.617999504491
17100.333801624893
12325.214769110387
12805.832921159705
14831.869757938572
15943.699598950061
13072.051285096837
15800.834507959386
13430.4716147794
12014.144073031353
11374.352748163712
13586.852113423263
12763.127017041816
13571.627887920391
13618.912378966497
12919.634608839988
12758.142828484275
12997.19207805496
14511.07563217759
12574.209007654812
10843.130988066821
12919.63460883998
13618.912378966501
12593.261209852117
9424.347270773682
13544.314790620845
15396.23091041714
15798.69206587649
12508.31292722838
12763.127017041817
12763.127017041816
13522.59851276057
15798.692065876492
14351.471919021968
13217.103474247706
14219.179986369898
13775.3200421183
12749.988839958476
11000.98359429365
11453.579036437617
14219.179986369902
13104.833583723492
12707.537446305902
13497.866151909697
10840.823006319735
10703.143315275242
14351.471919021984
12345.093863699974
14836.897015763478
13497.866151909695
12870.972875145031
13582.657630814278
11562.025384262832
12749.98883995847
13932.897767076687
15764.134666705779
12685.979681021581
13831.794483083451
14219.179986369896
12646.998574402369
12482.45576650402
13426.806226961593
12129.423485462656
16525.029564280136
15387.414704020173
14383.161455840282
12226.28808384056
13189.696218120862
16355.875161359163
14011.377241149108
11324.621402698507
13687.595070207653
17022.93651037146
12546.117061026316
10880.208988555083
9038.360814034182
11612.65947196263
13687.595070207659
10646.195443198001
11685.419905549077
11882.707992942476
12738.365506929578
12891.760034762472
13900.619718317648
13130.601547304157
13149.145365423647
16355.875161359167
12724.701438556443
12837.702648987544
15427.318651495261
12322.948401698428
13127.719461520815
11446.900257499581
9881.385609281368
9635.55373291935
12024.81723469719
16299.496195250153
15585.336209910463
13458.23758136193
11864.071475852521
13357.06242504061
13221.35571828906
14761.566327596493
10641.436979338681
12099.067303774389
11864.071475852525
13378.282119596191
12732.531218705193
11173.798795670355
11302.412861272405
14622.53967095175
11646.8993285821
9228.13297580758
14616.713649219932
16299.496195250158
15412.258083325329
12511.987513147868
12490.986189962498
10232.135422187486
8964.549685655371
16784.92159224639
14763.510884670952
10425.542584796875
10864.84577162253
9740.528146759165
10437.447249996789
13740.23669866113
19039.55583054649
11800.899939402927
10102.518219114176
11381.654917896189
9387.132954580939
15426.813216929133
19039.555830546506
14225.238004382618
12523.777728765566
15144.266258480773
12548.059099736183
12479.698797870813
15956.162107251974
11190.526126343997
14102.861692741486
9740.528146759165
13735.93452705695
17046.198883889923
14748.108861185437
13990.789408604258
18356.0575533734
14420.536796236074
14192.15039984995
8494.632542562545
14543.658190144104
13213.109993648128
14385.926544769321
17648.569098926644
16645.57662777909
15464.189872128774
15365.7882640484
13492.249840736074
14310.93510829592
11863.5257804818
16645.57662777909
11338.766833760834
12685.580122658086
8989.858269659006
10239.507459899298
16324.357047154388
10634.09706847799
11448.791683393934
11266.923788486514
13213.109993648131
11284.639195939479
15081.784096276802
10804.294712286037
12739.760241351163
15298.62592597486
13881.026568553318
11002.28380538503
13221.37277005106
14099.828296496586
18449.391356700846
12664.409293452964
11940.476945654496
11905.026259190729
14534.765044638683
11346.049505182407
12458.191447177362
10401.371401429082
12819.810766115786
11905.026259190729
11550.116719945676
14236.99066679671
12157.19829947786
12383.047911811927
14036.355935535667
13323.674617604032
14255.181551154084
19205.547562324296
18449.391356700842
14841.438657385981
13080.662859390372
10158.728105016708
11184.867179864603
12212.557433990114
13359.086828228812
11766.230394579203
10586.619292375639
12257.824525516655
11539.702309497228
9761.996694241425
16947.149641062213
21977.403505327147
15879.324057037866
12342.907812218189
11347.952086258334
12906.18194114342
15159.855194264474
21977.403505327147
13576.328454574501
11897.63888938757
10119.758797571058
11229.842172072855
14989.65222973391
11141.5394018051
12097.784848720663
13538.92874072087
11539.70230949724
11212.336226076142
13602.017933307967
14343.30814442997
12219.484529668443
15443.13420083519
12267.085670880173
12176.25900244178
12118.498529708357
13029.141015308513
13898.848057326715
15941.620017560455
14306.289717409216
11842.09079454306
12009.777808868083
14079.616360475637
17300.404686694117
10967.317619786068
11638.364915961769
11842.090794543064
12692.34371659385
14520.795142252071
9782.223548545564
13961.828250518593
16404.53452851627
17657.935753168123
12367.668449525616
16467.32159769805
13898.848057326713
15033.65893847152
13842.149043577321
14651.661856449928
11409.301227026903
13373.339132107918
13474.45481178869
13275.441123259436
7008.37167699751
11759.44532799704
12331.88468658294
11757.557158167734
14036.55199187282
19812.682054486286
11207.384495400245
11711.410163960338
10032.62565912794
13626.644383352848
17273.27717014574
19812.682054486293
15196.628360687679
12324.081499684069
12792.415982122802
10282.659460926967
13347.880129515614
13646.153708836871
9966.808133255912
12381.943660504247
12331.884686582936
13130.233314963883
11992.295369472162
14129.403973587549
13329.69874768229
15053.64593063451
13940.690881706398
11551.328571451264
11318.867004771182
12294.792465954779
14888.733419662622
12409.566337132777
13339.405237056008
10819.658240152607
13958.12752992023
12329.361383073625
13351.58480015961
12080.426493546134
11020.36178862564
10819.658240152607
13339.405237056
11893.751979728604
10354.063926067176
11589.781758366953
11565.11232832368
17428.86536299232
15085.014381253068
14888.733419662622
14888.733419662616
14061.825893108191
17428.86536299233
14193.959030741149
14140.068915449287
16293.991524713678
12935.51980104148
12249.664046655778
10586.076167782141
12371.140289830539
16293.99152471368
13513.686034359644
11293.678046061477
12272.078922433233
14006.808498272274
12143.743739885778
14193.95903074116
11911.80664701057
12203.19920609418
12272.078922433233
12220.369581928611
11710.626864027352
10298.463817352978
12249.664046655776
12015.60572698558
12235.987851472399
12490.69008162809
11676.659773883703
16293.991524713689
12111.025318766644
14374.004839712885
12299.169766931022
11197.554114783306
8945.41054008966
14575.653156420696
12357.01715423547
13708.888177422357
12273.439239727948
12673.365369653335
10930.471488883635
13854.321858085978
16748.85754203082
13708.874686589072
9691.413811264481
13882.82371483534
9448.433948083379
13156.455596885018
16748.857542030815
13740.833190754453
12848.630156536514
12730.31534712057
13196.688059942113
14381.229656721376
14728.422297603247
14324.925746908571
17361.4935772707
12673.365369653347
13170.472190765195
14678.03813856406
18022.491487599844
13976.414678590801
13395.871185406253
17418.425386727842
13934.647365661764
10941.30217694153
12917.14714294811
9210.856300746027
12547.563526144097
15061.097983508394
15689.272461054674
15938.371611340892
14527.897032045272
17283.248791063226
12048.088064503983
8167.13497567379
15689.272461054672
16572.83890219341
12335.263547635468
9300.826202915885
12225.529239148233
13189.974288151909
14384.274331989864
12572.193527669553
13366.025768989773
9210.856300746033
11362.681635949966
16446.4221799334
12044.509965772735
12932.507523454282
16356.911789729922
10624.842137623282
12397.335577268486
11197.019018075092
11462.629037190554
13427.667758416572
14562.646173427518
12075.600517825143
14689.250949697662
11498.888722299116
11753.312607599062
16170.118284172742
13109.781073977096
14503.37260749785
14689.250949697658
13630.168454179235
13003.380078149861
9054.085090056613
14786.58989378573
16086.923939140906
17307.383999624224
11973.47122538213
9184.367488793368
13427.667758416574
12685.984932747568
13363.109528281626
12932.854264844907
11572.172444345022
9919.122509661553
15008.561528580554
11117.775520784176
9794.841831502095
12268.555841427891
15717.935207526376
12242.629839322079
13820.447248210396
14913.34593552261
14567.507542260317
13203.646080123053
9575.645755572012
10022.943052820308
12943.960208246941
14913.345935522604
15068.01849906426
12586.317700754642
12095.507058177873
9942.594907304387
13798.801531752255
15285.42799415968
11505.448332292659
15969.238731934753
15717.935207526376
14364.882553331317
12908.414572564641
14967.901038733893
11781.30143442349
14584.16028958069
16211.886614003883
11640.221700063947
8543.290775541223
12667.857678067985
12828.9774008896
15953.326072779399
16783.209714754412
12961.036754936338
11617.91021431845
15665.579964082592
13942.602438734566
10543.169136443777
13540.218046191054
12961.036754936336
12739.113377606796
13685.97184738729
11873.695068355297
11382.979588361392
13619.31632014555
18409.041866886248
11429.85416335633
16543.26888101064
12828.977400889595
13883.985891990507
12671.52021788188
15588.465232416875
12383.249576013666
16406.90400042894
10207.13248499595
12675.26186408217
10454.623254171436
13575.962885639217
17323.253549965153
15562.959956313176
11009.16130862221
13011.781753940015
14866.177845445483
11361.071159715519
10182.106667237349
12530.818206980492
12790.517348284198
13011.78175394001
12413.250977440297
12083.592918002727
11383.392475691368
14130.695377380513
16602.53297282972
12864.758584177944
10520.236692482547
13788.695697666686
17323.25354996515
15425.926412702978
14351.032527204567
13854.003069308521
14142.906255301154
12759.122262150066
14562.046265348317
11291.184553251178
9888.289449843847
11964.138080742941
17568.491425882497
13649.926067984206
13714.058361067497
10793.623515551299
13300.608317416394
13054.421042652219
16556.565360506283
10025.7086322427
12551.30663569326
10793.623515551302
12662.331571992188
12563.247195294918
12368.845330374708
10043.933326884573
9286.917519991492
13892.262716351279
13500.007538831047
16325.14300769031
17568.491425882494
13773.376511310298
13049.694910859642
13950.097830018753
11784.787548759967
12099.327411525848
10978.587890062689
12695.25374653912
10496.151295517733
11476.406226746176
13051.949015149861
12008.95978690024
11963.189800864824
15311.438017887085
12172.628355069506
10295.00294388864
13614.962266794719
11847.67398319944
13341.219744983988
15311.438017887089
13183.561690764445
11288.004337501337
11358.224895665884
13038.33700108552
14137.088899147497
13938.93242054433
11465.56594722083
11659.35051468884
13051.94901514986
13302.96880434008
15283.833216549914
13653.844635592392
13185.26957627901
13343.43773571073
12581.049649444245
11989.652948657402
11835.813661557597
11789.294219596984
15415.555892146353
12473.48453922874
12755.4058879292
11238.219679979953
12634.565614544963
11318.88144969747
14747.594709755125
11458.648296714067
12098.242896801925
11238.219679979959
12755.405887929199
12444.865606600211
10765.080797625551
11295.32436061526
12041.261501450803
15670.874045280128
14887.442374353512
15415.555892146347
15415.555892146343
13070.638910779267
15670.874045280134
17598.88198435201
11334.172126848709
10320.658804285238
13957.178165427953
12994.459359214365
11654.52678933146
12020.066542644363
10320.658804285245
14854.848913101323
15745.145874965587
13897.592647859306
9708.727723774307
11407.478928104398
17598.881984352025
10719.68742321592
12694.1597778091
13897.592647859303
14489.346387452402
13264.411570105864
12466.734239190871
12994.459359214361
15532.68328218743
16684.23632208343
12572.340231247108
15134.424791269865
10320.658804285242
13162.821248551823
15692.793518913066
14242.11107121771
13167.497880896532
16519.66203056088
14119.650008755341
17400.785986197647
9874.640572146303
12415.960537020295
11813.443647141417
12563.862159591661
10484.260486143963
17346.128917835045
11087.164320250156
9537.24230481748
11937.488463296851
12835.699923430133
15355.089322931384
17346.128917835038
11243.115099234612
12715.801388724456
13540.701403684488
15819.913296765475
14950.41346240829
15138.378092682877
11940.595659800681
9541.430092553548
11813.443647141414
13101.5879560051
16236.082401592292
13682.896591802048
11682.640574345169
12674.416484155881
15415.650870009587
10467.809620549358
11420.9684224951
12934.486684198333
15635.241191595444
10733.737400396427
13291.164728599202
16830.872927745848
13532.985501986677
10030.489296892058
8696.102361469662
13255.055225211137
16191.49704007322
16830.872927745855
14339.195339800102
12162.532786275564
11034.29657987071
11685.156397836841
13350.08683811117
11534.800632027749
15877.816169179605
16050.457579472351
15635.24119159544
10707.387151738018
12292.084890436283
14596.958434219308
13445.57331674565
15132.054854432901
15244.517029216904
12449.15109665557
10880.882137480898
13573.492697468599
13794.326361376712
13918.398645488485
13076.474123948483
11809.23346211483
13789.917882410575
14288.569682132973
16491.18010043327
11670.777011590908
9567.918556600749
11809.233462114831
15288.655186448106
12598.171280501863
8944.48641246928
10675.29188939347
13225.641446786522
15062.663881558145
13919.495561685038
13197.202259800786
13794.326361376712
11432.91474215052
14936.336770315931
13834.484405133768
11394.670380554402
11030.886989579612
12742.408235003795
12827.290144842313
11256.354234421398
11748.527094916277
11695.117711666428
12095.793802575265
12687.813825730316
14996.49885733058
9274.633892131931
8248.392017013804
15448.158336494693
12872.948867963265
14720.656678149444
14996.498857330582
14745.008548305888
13298.992611151803
12959.781915662938
13650.665871462186
15323.389383258473
16762.141769583985
12933.87720461386
14666.67871317923
11695.117711666428
14041.51347215382
15750.53244416497
15742.173190084524
16089.899163352668
13914.324107177017
14985.069438712157
12839.072890183632
9833.990275992875
13610.444117748639
12491.09660315861
11060.803532598577
13693.127097183611
16124.100400631276
10934.352485511594
10079.348784079357
12545.500195611801
16182.862357554442
13309.086687293777
16124.100400631278
14898.086143825705
13605.43706193058
9798.515178495827
12398.81496563525
14109.250131566074
12230.75378776424
13572.959075859968
12699.599617848526
12491.096603158607
9536.639981271655
16979.915503488133
12544.314082492387
14338.816114222478
16658.297495344952
14233.80863471736
11197.265417129729
14432.626572018165
12003.736941505427
16980.973443000494
14357.121160241584
11266.075637578879
9386.873669890076
14733.034026792346
12134.452555725826
17237.16563367782
9418.954091453526
11366.031130735548
9386.873669890076
11328.734101079654
13661.672508675358
10752.056011815257
14989.558612603032
12094.671617231781
15521.204809074748
15743.167641306247
16956.827589364228
16980.973443000486
12912.9752789692
15524.828963027872
12642.951700125686
12359.579522350148
11118.351171042797
17369.933213923305
13376.881127948875
10913.472155535532
12854.018638830032
11172.662474550383
9720.204185829476
13956.916190697915
20311.140519536635
14242.549900842541
10098.391062670755
12657.163067336716
11764.533344813944
14385.839867470413
20311.14051953663
14513.400749570903
12563.237764455667
12916.136911596786
13309.946927452143
14070.255177066618
10213.559682687319
11493.510511916087
12944.69198968254
11172.662474550383
11155.170843456706
14202.737126781201
15384.37095941669
12435.09971649159
14761.012269945926
15729.626154301963
11861.45350379841
12685.35190245046
12542.848597571077
9354.220954680866
10132.244961512039
16679.02673584529
16425.196168024864
11709.729967749092
12117.081972845688
17423.986697760298
13938.95161167936
12161.126312658029
16425.196168024868
14943.088899250875
13712.205217213053
7696.376913538712
13249.380062321261
15510.591987743745
16446.620995273297
15509.67047228378
11244.088168394379
9354.22095468087
11262.063942458244
13782.214513249544
15247.714928096771
13139.855995195532
15121.730747447304
13467.466637530544
12731.710458640384
11767.421353453645
13060.352930128054
12612.366163168837
12768.633264874037
13197.348427366676
12795.244516799641
12637.025394678209
12371.794431674796
13866.58097789908
12196.711035800614
10787.001624188177
12795.244516799643
13197.348427366669
12141.789325329193
9617.13569411208
13258.817806333613
14001.177007896315
16886.564742375864
13952.47458428429
12612.366163168837
12612.366163168834
12653.485953604375
16886.564742375864
15296.624908503103
15828.922408547587
15499.33903039413
14126.390701524831
12349.050194687785
10862.139673579575
12307.428915893695
15499.339030394127
11851.54122029481
11345.575874923394
11328.886623775392
12307.428915893694
10536.022073489712
15296.62490850309
13123.8951518462
13284.687766155754
11328.886623775386
13034.631574520281
11358.859850911906
10568.278188406855
12349.050194687792
11328.886623775386
12872.91971696209
13676.902097230413
12666.12133504817
15499.339030394121
11851.541220294801
15296.62490850309
11308.149328390498
11753.540345820089
11477.578336144292
14465.278316279986
12698.23564981125
15649.386114998098
12240.424418851082
15869.47826128699
12241.21403301502
11613.108339421895
13290.923545122323
15207.186956392836
10567.236974632575
14165.013474907884
8317.887458872232
11227.051686500368
13290.923545122327
10551.248739388397
12566.160617842104
10745.793484865759
14785.413465178002
13290.923545122327
15143.347795056088
15311.66378593089
15806.149846237615
15869.478261286995
12241.21403301503
14165.013474907893
13119.247558413997
11631.376152881654
14556.059625546111
13371.985769091465
12646.725384539644
10903.402319688184
12646.920879819967
15360.302340569937
12798.022999258215
11866.025579414163
15588.298292312944
13656.646288504811
11301.64788219457
11631.671559188833
11722.444846514005
14182.678466333255
15588.298292312948
12283.25247353067
12797.617775157752
11473.953170794666
12767.41222179974
15588.298292312948
11733.351636776493
11448.401169908038
13017.5903631006
15360.30234056993
12798.022999258219
11631.671559188831
14850.184595785235
12649.471526364265
12186.892795837382
14298.773634684796
11930.519956587752
11273.733939903923
13315.446565500348
13665.607197082556
12860.688709972093
13846.882152430177
14224.182389406575
13853.597202289522
11901.853712468976
13941.143666713784
11329.575124459587
11777.954614499147
14224.182389406573
14360.099693112883
12187.845510251696
11129.615985756674
11204.50902499225
14224.182389406573
13173.630145351279
12677.359548946126
15725.719031391185
13665.607197082552
12860.688709972088
13941.143666713786
13880.549980604374
13930.943738243339
16127.548339340528
14804.34983890463
13717.231474153266
10471.713936021637
11743.289681859122
14344.596129997683
12654.001944849522
11993.876698616123
12786.182055575558
10992.670515595135
10947.133756938574
14595.595701324977
12338.617258793514
14650.529369531743
12786.182055575564
11264.98742359659
13009.294341942996
11788.271023126077
13624.184095975561
12786.182055575562
14679.221785721238
13233.928777037516
12301.079248489883
14344.59612999768
12654.001944849526
14595.595701324983
12087.492949965655
11271.679013807705
13124.568338701245
12952.143233163335
11878.684337924566
12654.3183636712
12834.298190275924
15728.110040567508
12506.03017569218
12563.293241418336
15140.971059030642
14456.789234442122
11102.240880373736
11456.336950482437
10510.569738142418
13398.74594498621
15140.971059030644
11790.187562064993
12646.185975947323
11027.501177069886
12508.003799749371
15140.971059030646
12833.668442463768
12918.788276310284
15641.083165103035
15728.110040567513
12506.030175692173
11456.336950482437
15369.25775450448
12763.682375792843
13792.899004736697
15794.099252536997
13165.134811773098
11166.675908915757
14063.648988531046
14657.709478601731
13855.375705787374
13850.720549471102
13250.726190627525
14195.82026603089
13296.559333601375
13451.465558861933
9333.232221209613
11204.865610907762
13250.726190627527
12281.580919069835
12719.157760485301
12758.06235425927
11805.235735288526
13250.726190627527
14305.099065608985
12235.958409410887
16346.85469160428
14657.709478601728
13855.375705787375
13451.465558861939
11991.19281846785
10654.27675722458
15879.439854445558
12254.169555447776
13407.800539070759
10631.332645638975
12502.308859136792
14076.234073040554
13139.258429299847
11612.93666392446
17739.900012386202
12951.00481497885
11130.792468816393
11188.065587767407
12222.98272832619
15720.312427418137
17739.900012386202
12648.540617193146
13341.220130003872
11709.495158313195
14060.196218475925
17739.900012386202
12723.355683437008
10736.106476653917
11038.346504376103
14076.234073040552
13139.25842929985
11188.065587767407
14444.59891736575
13437.230886671467
16236.225530123866
13264.23774830649
11198.403611557567
9136.846482765031
13807.412967275008
17970.246955755265
12123.055092541346
13355.323177781725
13195.301443709857
11506.086718701112
11125.43357911538
10981.626160937598
14665.778006090783
15441.145517502013
13195.301443709866
13083.106858901272
12525.020296465278
10533.70190074259
9193.192632122333
13195.301443709866
12315.367033189317
14044.527240748383
13561.545898915903
17970.24695575527
12123.055092541344
10981.626160937598
14042.742010528207
13136.884570040958
13187.871357779435
13895.669937516006
11859.854465389471
12039.530397956336
12119.295554779286
15779.3507504413
12194.713109241533
12779.681530628885
11996.878279294897
13489.557872267927
11119.281511358551
13953.19639406605
11302.613311331907
12425.430647356972
11996.878279294895
12779.681530628885
12425.430647356972
10783.601583128224
11099.516044742686
11996.878279294897
13953.196394066048
15061.982920765848
15779.350750441296
15779.350750441296
12194.713109241527
13953.19639406605
