26836.406991419222
26555.309495903435
24943.695767913952
18423.718413931492
21869.87542915889
20404.131177385774
19187.913992120026
24943.695767913916
20200.760049338147
20897.806500825904
18423.7184139315
19341.382068744693
17948.758486778715
26836.40699141921
18907.755310021337
21299.752770091985
23219.119970033225
20897.80650082591
21299.752770091993
18330.129598876876
19384.828752427304
18423.718413931503
26836.40699141921
23049.69380373998
24943.695767913923
23002.89610962461
20200.760049338147
21486.16533217857
24212.604808105698
17829.781274366935
23932.887159989004
24733.198705534327
16955.79889163744
11303.188289076947
18474.90246428537
20855.562543020093
21594.986318127365
27853.16432579704
24733.198705534323
21107.330311959682
19025.753056867463
17561.9373408745
27334.369528873107
21566.286784491094
23553.56155831401
22132.20996032633
25747.932732894067
18491.72099321232
19170.33862072449
24733.198705534334
24212.604808105723
24253.097940335647
23932.88715998901
26243.47722295211
21594.98631812736
26714.941543318826
20887.519976710686
21679.949692367663
23160.184540704235
27940.916624473884
23580.850955101894
22654.45624102642
23538.093978038723
25305.2255509021
21350.305502980063
21315.504472831693
27940.916624473888
20392.851520352862
18253.406468683712
24756.296765340914
16152.45719652892
22185.10439622286
19948.89236882595
20636.135840062692
22395.614957884096
18495.621891871633
20590.90099158604
27940.91662447389
20887.519976710704
16118.407973790812
23160.18454070425
19797.086214210245
21350.305502980067
18297.476602011837
23885.233512997795
25395.518231646653
27733.344403991105
18260.5404447688
18399.128084086584
18636.322892990156
21037.72533153158
22264.33942241792
19775.594771166216
21599.977549427447
18260.54044476881
21221.593086095338
18038.363835025444
23168.387392220517
21056.86270099885
19087.65602399545
23136.50644190723
19701.302166657304
21464.302883522425
17643.045845295506
20099.920632404177
18260.540444768812
23885.23351299783
24634.148348884693
27733.34440399114
25149.744422476077
19775.5947711662
24870.1969658808
23137.84557121312
20320.554928624697
21447.34094826586
26320.013916736003
24460.928905305664
20194.077142795966
21351.377581376764
19018.798772988604
20552.900948227765
20280.92918460427
26320.013916735992
19610.30206142207
17329.821489896676
23135.560940658313
19585.239117723308
20885.639542079534
20592.2379595091
19651.0705128762
22813.231296036807
18037.98086156243
21855.241963629098
26320.013916735996
23137.845571213096
19997.521988027336
21447.340948265868
24316.78651900239
20552.90094822777
21209.21178570556
26309.45802768671
22212.28818819602
22593.687015249576
20849.483492816773
21507.139468678586
20089.460037938545
22161.702130915957
23631.244015641423
21356.93251507044
20960.540715715917
20849.48349281678
22161.702130915946
19907.618645569324
23275.630615929473
17089.538289690245
19797.027679980605
24152.79904215279
21947.581844908156
17465.361304963815
19153.811493277368
21507.139468678586
20849.483492816773
26309.4580276867
22703.34240261619
22593.687015249605
22593.6870152496
21356.932515070443
26309.458027686684
28114.866345521557
20610.556802288498
23182.64174974201
19066.222666647765
22038.044895622836
17416.118237565865
22312.564993009582
23182.641749742008
26356.440351141635
22194.795979633873
22888.839758427668
22436.291783785702
21042.418974594537
28114.866345521565
19728.01917795305
19859.705226270635
21427.165168786585
22194.7959796339
16442.758782938083
18728.69794202928
20325.88548847726
19066.222666647773
21425.557223618678
21766.24648017024
23182.64174974201
24335.616468837074
21889.696754902194
29249.6384930671
18250.18099228821
17656.619645034807
21745.447313769226
31671.218902857396
16311.707914779643
14697.130684457874
24354.90426883858
25179.341260624882
21347.013465500346
28133.2937410727
19427.316710923635
18877.831103398814
25604.68009483387
21600.33776492841
21052.028288527017
22908.769659189995
26722.043293824398
27984.921722528372
24928.56694503896
15942.045010491496
17318.48644884595
31671.21890285739
24323.511454331216
18528.252341080024
21745.44731376925
22467.505706188036
24644.79426387011
21094.29749711439
22665.956489785654
17757.223126825076
20597.65001818266
31695.403009454294
22305.914573459817
15974.843970030126
25802.175464527834
20168.516078965094
21283.331658369058
19514.55463749673
24732.90180316792
25020.69160421953
22697.372482608374
21327.08612656105
16011.53280208447
20591.735961067414
32239.103846940685
22199.276456218773
22447.323314092533
23358.039289802036
26469.168549494865
31695.40300945429
14753.907195329348
17963.09176326674
20597.65001818266
25347.233055579127
21928.31670716707
21408.30709422127
25239.976230626107
17757.680823442846
16209.320286555108
25727.18276493022
26412.609310979915
20063.580090830124
17073.494479215544
23628.622194159303
22052.86142233712
24365.271359299102
29499.10165247101
20741.552723547968
20679.876370051534
30252.226512755453
17864.355984407593
24305.17905084095
23318.474690810388
23111.778840920706
21332.315185185784
19293.392534017934
22637.608471493884
25727.18276493023
29958.170114077322
18316.61968785282
16209.320286555087
20122.501992024372
26389.04993206776
23369.329933840985
29569.958750787064
21991.945606485388
16989.122628700396
27362.16722691325
25575.018799680987
21604.67457769753
21094.12265611939
21640.902550889754
21029.510450288606
20756.239687355344
20796.04010582842
19252.572288580915
16907.16292647033
26587.970327055944
14002.87965898173
19248.14188342447
25829.10720415082
20765.05635651868
20241.869710659495
22911.612457317668
24996.909199412865
27362.16722691325
25094.668385357185
18677.954121549905
16989.122628700406
15799.190675572036
18099.567727783324
22826.17482968464
26791.59256096803
22159.653628279702
23798.94459422153
16936.547119756335
20703.37772441265
18888.36013569968
20734.9266024622
22287.209171073213
22560.334360575936
21934.14986404681
21030.94495595285
19881.991077920407
19111.175468164434
23971.093023660116
19138.771907928756
19594.59838204703
20369.566999733615
19634.030883495743
17974.883526230584
18521.169528070204
20703.37772441265
16936.54711975633
28752.63419493005
22530.076896905648
23798.9445942215
23798.94459422149
23462.65492770941
28752.63419493005
21497.395469375035
18212.009684798977
21650.39334638841
26201.560164552873
21588.232715811577
18582.83637958659
23151.38038001451
21650.39334638841
22550.91661464799
21996.76335141883
28252.58940633309
21936.096943010743
20726.569635674234
21497.39546937503
19661.10466897967
21650.38714922746
21526.293340143915
21996.763351418835
20621.44925790468
17698.601937781386
22072.64170006182
26201.560164552873
24118.740480107408
19129.411006648697
21650.393346388413
25001.457838929276
22834.385768666398
23209.191129148847
19035.080571905026
23208.380879015604
25715.451124160605
25743.564715920504
21762.628798758968
22902.5846953061
26513.96672967437
27351.544158278313
21264.027420691764
21778.44968227221
24547.05205465218
23803.95626325487
21646.13882108471
23975.66323005951
13948.971292420663
22519.459707661434
26411.063847568133
21408.078069576906
18298.298053144263
19039.123404655806
20812.790760729396
25743.564715920482
22760.15706499314
19856.644274750866
25715.4511241606
22604.113061770968
20909.632844383235
19136.749421581848
17244.50905052232
23524.39405015041
33584.93114140473
24135.808770582466
18632.961503232924
21447.726603447463
29311.85873251691
25990.558382084502
20565.225593497446
19586.64765873294
24482.89142993246
22756.524552829
18770.363895114013
15163.853994234381
19010.680633022115
21133.26722187858
22669.210300978702
19614.024952766817
21528.162645734563
17204.918106777644
18186.7173224208
24135.8087705825
16969.628482150136
19658.18005121854
33584.93114140473
23420.4493397925
20344.110841717655
18793.676482698007
21990.885543499553
22789.400623450754
28015.162247282668
25685.264470496906
24868.959785171566
20118.738300221114
22676.842764475063
21615.51817605949
22096.052297503666
16518.84131234656
19825.193881401865
19968.420214743575
16504.44804563888
20960.314787578238
15265.089776139257
20096.94331516253
20875.638563080334
14362.342778296712
26176.619547931143
23083.195347009205
24018.340261084624
25685.264470496913
19629.4845706571
19328.1735930471
28015.162247282646
27499.78398045084
21132.238746866595
17088.23529032412
30761.99943968792
20794.029492545204
24406.534097316326
15842.76217138513
21136.906134227913
21086.22248319745
24577.32058640815
22315.933309615637
23960.890071435515
13004.56962674207
27946.42580842447
19565.711084763516
18153.978765194006
23442.637646709198
14474.962654001069
17238.085271949574
15779.730774612392
24586.957920626275
16323.147206971884
20369.534172288106
25065.63787902679
15842.76217138517
22640.99720870211
23270.326300522815
24406.53409731634
20682.702533663003
22155.784981312478
31190.52333263253
24039.843026948904
20862.138936186573
25038.575949572463
17137.009011790564
19852.043604944105
16924.848538154904
17402.50845979563
20031.668744612565
21330.78548833384
18981.857799429235
22611.6302819509
19705.043713729207
18925.992479467892
24370.045512839082
21348.2471568266
20408.650248708243
19790.24365682339
22862.944053491017
21713.25447691409
17528.48001220764
19852.043604944098
17137.009011790582
27018.68737745747
23531.587064019193
25038.57594957245
25038.57594957244
22939.77278471275
27018.687377457467
16277.29595229337
17352.775380009727
25672.229256793828
27283.476800116838
19583.849249292984
17286.98973010565
21945.332505720842
25672.229256793857
22244.491118279595
20425.29624718784
23255.324394635703
21124.35045665029
18173.43455851687
16277.29595229342
17786.352830522985
22125.21173560062
26270.96069993762
20425.296247187838
25068.50494391787
21819.4614648906
20412.099432707953
27283.476800116823
20909.08793484883
20056.96029405645
25672.22925679385
20601.030795172595
19422.9596000945
20210.47726637392
22034.14256424718
22635.112731016197
29842.977011185772
17476.06571315434
22863.520239502395
20151.547297213092
22355.587343236635
24326.767698794338
21480.819660831905
17116.747882458276
20746.612270375204
21606.029701776355
18942.855337912624
24021.067921246213
15905.108213945363
22706.71656671386
23713.261037747354
15669.373946668751
21481.817253918434
22111.351146207566
23036.97981947838
17476.065713154338
20601.29177871472
22306.203268023753
29842.977011185765
28863.115612849444
25296.387665614
24002.17715123808
18873.999026136215
23671.03861353743
24129.889589299542
27835.065850330335
21639.457058350374
21123.778404706893
21030.706081785273
22802.84246380256
16107.408292665596
22917.72754820639
24666.86756340761
21162.064791233694
16852.930791585037
20354.838555911403
22060.381832515828
21810.000718114654
22978.130160689652
20068.489880976533
24509.057704624378
15847.115965577988
20575.673263904726
27835.065850330313
23668.627611820135
21526.259331466063
24129.88958929954
20979.158858739655
19434.186698752448
21112.592103417097
26009.028384741767
26301.126169236348
26816.46010125438
16215.833471412234
23901.599727261753
24018.18929511068
17800.735206934438
27046.579801937318
21190.412428369855
15994.90505395675
24699.138016875157
20743.617136603
10016.04006607325
26723.808349045587
17918.209535669062
24005.25707437864
24434.32923481338
16603.584070409343
20910.811652958953
22745.544373376353
24043.744302325667
16215.833471412232
19466.84902204691
23657.21903463624
26816.460101254368
20036.80881748832
16215.863922925966
22351.764906140226
18894.949557290198
21121.711314329732
27044.26081533751
19609.83480198494
21236.342365120894
19571.98443678332
26329.685899709
20037.089094671523
20336.685301493988
20434.57624722627
23612.614801531676
21926.422800452125
18717.207387348186
20304.14084615973
19653.14018709478
17843.025719200697
20101.72780766146
19418.19081831108
17529.763107979306
16014.443573186214
19723.716560832898
19609.834801984955
21186.42185656761
22952.811427267025
27044.26081533752
26123.604264380247
22256.54268717968
30420.0950845573
20807.271518412017
22775.376924776734
25834.121851675765
20737.45145085528
23073.841788227342
20318.331011786555
19123.178305122743
25556.35095221832
21986.046886569842
17631.487797459955
20677.1110206925
20117.698853394173
18161.306695912997
26127.879183387147
17605.90229351345
23740.409124245412
26633.401645967224
20062.893724866306
24915.07298681358
20953.85972844979
23073.841788227342
20737.451450855304
23678.540279726476
23676.560613196016
25834.12185167579
25834.12185167579
21251.762969164847
23678.540279726476
19048.542387178524
20996.270410216224
21534.70659922265
28197.70676403579
23103.356476724344
22756.622755127664
23305.794734159663
21534.70659922262
17600.621135645906
19856.10766113192
28245.037842302045
20247.452729493685
17378.56382888281
19048.542387178513
17875.01642951012
22119.284459981733
20959.672382856435
19856.10766113193
21490.949046551905
17010.761637903986
22457.212734154033
28197.706764035815
24127.420085167218
20645.967767718335
21534.70659922262
22816.606286527556
19072.47446876604
20646.60198086187
29131.638279099603
21120.121057516357
21707.606825824674
21350.621517146326
25349.52440687485
22607.00920454308
23654.779572081185
23432.219192411314
21805.43073429116
19228.4265027957
26439.81183076662
24442.98450731897
17364.973105039182
22257.911178867966
19128.713729129307
19704.072183756398
22916.735588010713
19142.62651057642
17872.40304710791
18951.076255374384
26125.853777192726
21350.621517146315
25978.052639993242
23777.569984000063
21707.60682582468
27600.69679495612
23252.298682644752
26596.402017252818
22077.542809071856
22259.29034648076
20016.10636118847
28128.34289342894
20205.72299269256
20326.123203454317
28364.026362866305
27096.009965152905
20461.21539550403
22507.00754650589
22365.78846376111
24099.313355072696
22985.743621918722
22178.6582134538
15396.53636073753
20500.828127357756
28109.91144476918
24986.66810453972
15280.375537861277
18723.154989243223
22967.439065843544
28128.342893428955
22343.25062499355
20925.005195796686
20016.10636118848
21025.9955916531
20240.498137091217
26617.67010714362
22933.68568648745
19390.89400417554
19705.73996153491
26729.371454819473
24776.225533499575
18850.7257190003
19757.88841119984
21366.853872047403
22228.81525038515
17982.216200143088
24269.859234471594
22280.95307368607
17792.23673604287
26561.00821110859
18494.60725693842
21545.098616583895
25932.33286244779
21589.895700585388
22448.308141583628
21661.68354368603
25197.25220549269
26729.371454819473
19353.667770328793
19854.794048061485
19705.73996153488
24680.106811989688
20456.881325651964
24554.419762439506
19124.1450472565
29078.002937738056
20404.388487071894
26896.045187021202
25035.661068263013
25640.919494360624
19612.596630921704
21750.158205130465
17963.639387978692
20427.106746997873
22685.80774025817
19989.79244987503
17168.04073488593
30110.89888394846
17094.558904583195
23227.713792644277
28185.88489731817
24520.04944937308
24729.5256828791
15608.51114800714
22522.7588999992
26896.045187021216
27736.098689335013
20993.200153230166
20404.388487071887
23696.206977484842
16446.02517086813
18543.32962960132
27594.285567318442
23541.61342103807
25256.689373487978
20851.15188465067
22468.23128048426
20099.255880664008
17731.60317329533
24839.781631401664
19269.507052208195
23205.209905385833
26011.472156258384
21327.668391305582
10148.725472464894
18411.514464407064
26867.93798443231
21277.272525146098
22234.981568040028
17425.616511560656
25849.88155253393
19693.851284087676
22468.231280484266
20851.151884650677
26012.048029485406
29075.63918671599
25256.68937348799
25256.68937348799
17400.918680422066
26012.048029485402
23207.882745068633
20501.81606752373
20680.69864878903
25748.841174460627
21096.195803392595
17813.41169558104
20049.889732690786
20680.698648789046
20834.147296069656
19786.154711023293
20288.761495838295
20049.889732690768
17336.22202715152
23207.88274506864
17652.535301007705
19897.736300204975
25748.841174460624
19786.15471102328
23428.376125725787
21936.67832435966
25098.342150340086
25748.841174460624
22398.314734596544
20501.81606752373
20680.69864878904
23446.899848687885
19325.478928031862
23207.882745068637
21203.174690315882
20548.68956035738
26747.97215340003
21733.246154449575
21558.70168704171
17443.445184613196
16210.141476344306
23694.050808017986
24534.12227639254
20594.954058122872
23386.08729365949
19372.85717531956
15809.698896241078
23665.405234533388
18280.73259820628
22723.084493994753
21733.24615444955
19344.78323227798
26523.240152456572
24200.49873056625
21819.663025583322
21733.24615444955
24928.56028531279
20548.689560357365
26747.972153400053
20899.076255478416
21581.643990845478
23665.405234533406
20550.39608457814
22239.30110111882
27658.41281697141
21529.415912841334
21780.83609636126
20695.101454344105
22192.812877662647
23039.797942974794
20327.964735305894
19734.49179893369
25905.789249170797
22104.968988182332
19609.375870848176
20864.400065972164
20374.309748892138
22346.638471838833
21529.41591284134
19794.023313493442
22210.648157235562
16355.57378617446
21001.093761501157
21529.41591284134
25788.97460609083
22239.301101118832
27658.41281697141
27092.039880321623
22664.258879513836
20864.40006597217
24601.417372348984
22519.872689568263
26701.29640904138
25961.663712368463
21028.167418443692
20760.934974271273
22095.075404555708
22615.170203341382
18779.451099245183
21585.67155878743
22733.941065232488
21659.42323397202
16016.820105060195
18750.46253108827
20880.347184445545
21948.097954650228
25961.663712368463
20025.87549719275
23717.11242464961
18907.70209007129
20972.27283842617
25961.663712368463
20220.435303907892
22519.872689568263
26701.296409041337
22165.974586786124
18602.42604168297
18750.462531088262
28313.741893694256
21586.522531946903
20612.078452689482
23882.495458481095
22754.16070604275
20168.603210225345
23035.394257625027
19998.627682233684
21686.92682340212
19910.14460104662
24520.736455747334
23349.13031231619
17969.682327595343
25250.22252177701
18319.013253719306
19652.955689911047
23882.495458481113
19342.00580958975
17213.965007467526
19525.857720731838
26527.73094858238
23882.495458481113
20265.944773974632
21586.522531946906
20612.078452689482
24423.968233155603
20774.414772718766
25250.222521777017
22289.402859606027
20968.82908277941
19094.986676557262
23496.239986982888
20521.66177002492
18103.97417627128
17200.455173779545
23298.14333383676
20388.682142857797
22165.45631635188
23596.56672411958
19618.22955921792
19359.436221081494
27144.22276153837
19273.233961693324
21736.974488306718
23496.239986982873
26020.73633423118
21736.974488306718
18889.653880184836
20521.66177002492
23496.239986982873
27144.222761538364
20968.82908277943
19094.98667655727
19094.98667655727
22177.182987229506
27144.222761538364
21242.272147840635
23998.294462408317
29825.737669438175
19147.26798406509
21517.18180091453
21264.921887023982
22400.055813945302
29825.73766943815
20770.44674057691
16129.545256467858
19147.267984065085
22135.73443939457
15281.787040803043
21242.272147840624
19544.88806577582
21524.87233734333
20493.56310438444
19114.448096957498
21524.87233734334
20444.57034972485
21824.66648840024
24179.795916240026
21242.27214784062
22107.17917121342
24378.997830857723
27180.888666778388
22725.057213910608
23687.820690571956
20877.99322475695
20148.073933796884
21797.90165208688
24208.522730273722
18555.184751203913
15493.402721928482
17921.20616175722
24392.37279302573
20233.064848280745
22637.83369864424
24208.522730273722
16071.509917208497
16954.274054966074
25302.06771810047
22475.443272623328
27823.19250511448
24686.38482732247
22750.54218873063
27989.03653460363
20831.77017149864
20248.427141827524
24676.046934596776
20877.99322475693
22344.018734604248
25893.022791858337
26782.880728080083
22773.413102657607
18395.020895671718
21324.54873796776
22603.891756769503
25952.34136958679
28219.986989663896
27025.772436533553
21658.092044481393
23910.275427069715
23851.678006525217
20413.05365308424
17493.15930146606
28219.9869896639
24079.38621053248
17479.058138390963
18387.46513797917
14765.420016706306
20071.968400270074
24658.458149042446
18385.359777458194
18739.702003025228
19918.887896635646
20770.045690029558
19553.853913001712
21324.54873796781
18797.20762045429
20429.28352695212
20017.52711506337
18684.73926870082
22157.966982922986
23304.04282485898
21608.392612873344
29050.535694752394
15637.186127788249
15006.435226957447
13445.523623816756
20380.742333980244
27039.258076263995
24496.75446877886
21814.118072692978
15637.18612778827
17822.997169952443
21081.2760868839
23702.463846099676
23779.200661025265
23678.109141754154
26659.72883296661
20153.0038247248
24423.48483530636
18539.78831399698
22809.125800407717
20297.976189998506
23304.04282485898
23279.42761850552
24315.513371916724
31561.170655967566
23019.44397113655
24811.379135509345
17281.770419737444
15733.837891416348
16866.621717431877
35527.77214771762
23768.91007377195
19239.823129911336
25282.280509780263
22091.1575483821
17954.31960435433
24986.752005252605
35527.7721477176
24343.029926669093
19367.8822016331
17852.91903769666
16613.436650839867
23041.43045031386
23790.253463762125
22228.71965341116
19260.64245588877
20918.36796061805
19571.095825481254
29048.906285713016
17281.770419737462
17215.928058923666
22552.58020741386
19338.756361122487
22320.1940304217
21994.056062011387
21955.52553023257
22225.36634355718
26779.779738858895
19687.01207274329
20384.329373575823
22824.461672189802
23570.673562447177
21692.959259390052
22096.988322928046
17958.59765725597
19687.012072743284
23570.673562447155
22257.047177918863
27159.60668877532
16183.47296410477
21816.59623984354
24606.054326128968
21440.46662220251
18997.875534751725
16765.675662699687
23277.11040753164
24490.089067125562
21955.525530232542
23551.868456372278
28646.902101395626
28646.902101395623
22087.025269714122
21955.525530232553
23722.653062890335
21425.60053932939
27166.931007368694
23699.508967005953
18887.561543295575
20480.764553673915
26467.628705460276
27166.93100736872
24869.123714585035
22802.957378082025
19517.946442247467
19980.69613214486
22981.292793522072
23722.653062890342
14925.904932369442
19172.063645622577
21530.432740076656
19636.289794358712
22793.421871299186
20834.429264131308
22268.53288581757
17675.885917785952
26863.65840052461
23761.730474340227
28621.999021384254
28546.068536523268
25294.131850150505
26101.428692362417
25112.98124322798
23926.790597371146
28496.136188648306
23701.340488405553
18862.932683002018
14519.413856002517
21534.866580004327
23261.262467780212
20700.76996651164
25815.066738790723
26172.251121071597
20548.29599570749
18755.355521048074
22746.271749070682
24627.70718984184
22755.56981719567
26704.405135715213
22827.38157345385
25657.86199067651
18192.571897416106
19484.53025736583
24503.202339001517
19301.691344856677
17392.14679780967
24431.963414875703
19657.179861432913
20757.062098663337
20190.016409602908
22174.291536170524
22121.50843945815
18467.425313761818
26255.771096803343
32410.97286290141
25730.796601979328
14497.906096942164
15164.072104475032
13698.804305879003
22193.418151639315
24820.310876362077
19071.97019902065
15148.55466916921
27391.11094789879
16118.917836609013
20209.171295983433
28597.17925494672
17455.144489329887
22744.59568675008
16975.429394548144
22838.469614587768
19651.502652575564
36392.24150012067
23956.07545718148
13994.283885989631
23232.150218378312
23426.511905728315
21997.193729315295
30135.835130409272
20337.501585990845
22653.801783010746
31186.418495283946
20735.291013072347
15071.957261088011
21538.742299435402
21932.10031953827
22389.209228364893
31992.582796115596
25237.105976213334
15573.71043230801
15458.040143888726
17642.135407488084
24732.533380535875
21904.65609427612
19495.733311100303
23442.180681634483
21975.672790732402
20510.886886563996
17599.58495552206
23114.318090549332
30836.100681046446
22362.2947721715
21943.657373857153
9895.637017740548
19688.06323803288
29781.059680042665
10011.204579663534
28116.19584132076
37024.85306664394
21507.43609549619
19288.79294462828
23841.39641768857
26911.327098923088
19611.546709051254
12097.008727067658
13853.235865620245
20511.99584041601
22342.44355353277
17047.563886937518
20107.812107450118
21185.606588977927
21234.242163912342
35883.47698135877
20824.810366570935
25935.198367648634
14569.095187807507
27399.482581961616
27860.132519485567
19574.236601453777
22885.522715785104
26438.610254442792
20361.165973634288
18052.959324157193
19161.769156014692
25172.6003553843
22278.41118431404
30150.395006719136
22609.29103585181
17734.252388730194
19027.564466818145
21752.07896524721
22875.166462555437
21989.883010410595
24407.457715053086
24172.92771170361
21623.85432238337
15132.836713160917
21143.449735227096
28191.670411398532
22710.473061380777
18226.40721132277
18463.5401083319
26495.04091566099
15925.834698084613
18211.946895648776
21477.515523949776
19368.341845072136
30083.118953619625
33399.42339121247
33399.42339121246
17798.455554668653
19368.34184507213
29809.77037463627
24961.07381453876
15718.86215165379
26369.865775388207
21290.662917751233
20973.096801315838
19958.706108999406
15718.862151653793
16669.655831980723
24957.350666761795
26371.47334863934
23477.56239326837
22074.91579292304
29809.770374636304
21453.01013325206
19915.19090428637
22373.889013153566
26424.091458991556
16489.791042855122
12793.58145332905
20558.69388820171
22576.68759662837
26921.01073667304
22778.058378596208
21462.872600055467
24840.848427158082
21124.80301135766
22579.256208893858
25378.541329284155
18715.289393925894
18067.985913910274
37149.8156195958
24273.83640635663
29350.916777386577
40203.415531145925
23396.47923334962
21312.495447712594
24519.280550259817
30336.576613024263
18833.392688960528
19086.537929712955
23722.176250467248
20442.261457798202
18792.131222106607
20472.611478553554
24957.699367198038
8397.856897118925
8857.852604991174
20667.00565547052
23792.838535904164
16336.973428046716
30048.141480234517
13401.691480678423
21522.382474743736
11477.95998083835
33117.24978950167
24463.260699708644
25170.738517913545
22716.23870427622
18627.496679783217
18330.2783263443
17000.1738791263
19843.386639829838
28502.510504812864
22992.274040507917
23006.68348398957
16535.44199911952
27316.989185765386
23325.677332804546
36853.06579867588
19455.885779056982
17233.130028168645
25809.683021810895
23595.41869424303
16875.070057722718
15427.039500817882
21814.096646465212
17389.27049713076
17998.539136257652
24689.960621309358
19106.88188658384
26849.242035999312
18008.940115635833
30581.465621366777
13013.886412446405
17496.200425322095
14421.317957566001
29822.938107015816
18238.52094490764
15797.35148172363
21349.757814319917
22124.93087696159
14532.392662455193
20162.693124256326
22004.369031303308
21807.197037100632
18080.1734363587
20766.311756499286
20862.713903211003
22963.913901701402
31645.160805584877
26101.82506045608
26668.752382458748
19801.945601362393
23966.78974097036
32985.23647038511
20418.5673925172
20099.970528427904
18503.379422789305
25440.026717329012
21168.51090507349
27406.550432401466
23932.593327862123
21525.131917904742
22382.686393445685
23541.28536732644
24950.05360220154
29971.644445156926
26523.986983935563
33834.27025247297
23384.688379351053
23040.438504452635
33118.277291285616
26400.511784240192
16961.378700203262
21925.66687951533
18495.411083099567
23473.56286234273
18590.522851251837
18706.396833049504
19917.536314529607
14598.3196335536
20016.60591450261
28069.360367282457
18912.223205361042
21890.88229549781
21891.290277841443
28670.70116808104
18380.83971567296
17963.672031099566
22476.224330964895
22085.135679689876
21116.520601041797
23842.9678446823
17227.566530414057
15313.526548870053
22333.5531165322
29392.24070875
20837.01280999042
25364.36844795547
19320.527068947416
20251.682822243627
21278.22093546125
23413.542529022136
21386.654151697854
23457.77170449102
23485.93624000371
25305.71354748489
21366.22567851454
18473.896259127454
15484.932983975898
22402.106051440776
22708.924273156103
23582.743399825944
25906.507710816804
25906.5077108168
21309.145570081782
22708.9242731561
22254.13730587429
19324.17693173782
23436.309897610823
21211.08776355697
17914.33241905242
15511.984757919465
18618.508471648824
23436.30989761084
22032.778909026376
20607.407780462443
27200.098291756254
20142.400979529004
18696.199925706547
22254.137305874297
20797.619461503342
23997.50761491335
24817.786889670617
23706.376865363352
20123.06310358515
17725.016654040686
20258.577391841114
23923.88616476024
20377.507514781468
17909.291772180022
19527.2618598271
19898.983322993532
18869.141005479192
19596.983474287576
25430.02675035468
23028.518297130926
19878.52128583088
21743.815073078993
26378.405709783077
22805.624003804463
19895.23047445042
20788.309309341963
22094.966309960084
14655.954093991157
15204.907223134163
21323.29596449353
18082.81808873671
25159.476198830263
14870.995421767555
20139.005568423167
17729.28639698685
18497.230628719342
20485.652754490955
19749.715578104107
22792.7000734383
24048.411495203203
29049.492606629396
21036.29147214091
24537.621453270902
31173.131142014434
24184.792308256845
23537.94383400813
27604.219271977443
19726.36052467271
20872.298253704615
20057.082300131766
21895.071748337436
17170.140795039333
19286.83983622069
26686.81899215368
24358.532454266402
23353.88383983503
30262.906264494723
23201.93360613263
19210.254576038864
22423.59603455383
20143.915368068785
23681.60020754416
24363.08356432028
24403.259722661976
20766.589300484015
21050.936804212703
18504.30342712008
19119.63715778511
25860.300539994292
20486.44304921897
22647.22562015614
24421.721731647736
25355.381535254972
25763.929258977718
15120.760855147764
18624.748767583413
38060.32725877233
22735.158531774185
17244.352000812214
15264.825946183222
27887.960891997223
39060.111332275636
25835.291663709268
16465.326636456983
20788.19951706328
21918.98918548024
23854.343268699336
15195.261342878322
19656.83218134561
28604.18580391743
27065.965164354915
22615.642614954606
19823.427854399833
20519.246979698844
17821.004371306473
22632.95101020018
15366.018434758054
25485.317117499835
25223.296241936467
31067.735388290203
22655.302175023102
18552.24139785841
13093.670945156171
16002.445964335006
25997.671354943788
29876.371193997642
5542.089772056303
12566.093395290778
29811.21752721134
29888.99902647342
8969.275665790647
24678.639684253776
37436.08202722289
31115.249716637827
30513.195671531947
21686.49620376736
12032.152888751649
28392.959151291972
28529.92976678792
19116.32556094008
14688.726968029901
21278.643956602893
23284.6229040595
26441.219033443496
7762.614380437199
13904.302630762053
29002.8926847733
24992.87885743883
41089.5155056591
10938.867364708763
25906.47154650012
21316.317603592455
29917.767481106697
18854.89725253337
23910.796269133694
15671.527555684475
16175.656917809043
24492.132765787803
28146.081638421194
18141.077356116457
15523.99221815984
23504.490555542154
19540.438280479164
25761.120828849478
16197.866889616775
27694.934921863773
18593.8270454125
21458.951671879357
18395.42812479629
26116.848596356285
20115.0333887089
24542.86654220568
25644.620048873137
14794.703200209216
27816.29723003681
27816.297230036824
30764.130402134044
25644.620048873163
20614.2042706527
21016.745009578925
20257.004497510374
29662.320850051972
24343.261858003887
22473.48767863647
20280.52704914038
20257.004497510377
13432.368126789883
22833.4422189785
31780.13818107828
26860.363435068113
16549.54682916125
20614.204270652674
18599.847197699626
19849.0303118638
20946.54381901141
20703.472867797336
19206.203542083138
15804.90173143238
17640.955861517607
28389.43007919369
17892.14874138172
21454.43669518868
21353.578476987364
18346.86332886764
18426.370220899415
20999.689922788697
26442.519894734018
20649.723765723596
24224.713075893746
24615.887056591284
20171.476245619644
20444.89423814817
21287.543818837497
20960.054559394437
21022.957917190954
24465.408969409178
18532.847600085246
19739.396567294767
18336.963869163366
26964.96418098937
16191.991562075615
17734.68350486647
20208.66607597911
17477.559560413465
23316.778678680046
20819.82135858266
25726.099704819164
20020.590643189524
29413.959156298763
28892.3211243386
26357.49833680193
23283.70976580659
21562.66713430269
30230.816648951983
26347.5198201966
18455.847388924623
26466.230579228926
14227.301752939546
15603.96279470081
19729.525185921164
26670.590877322662
26466.716625097713
30138.31995072022
22616.861893109017
17321.199656028948
20145.291693017185
26583.57210929734
30446.058309899086
13035.654496483758
17013.442377744195
23453.84813334187
22068.645606064656
18893.206396695892
16837.318069410965
23730.949945445023
21347.863916642993
25791.032139501083
18044.356621569386
27877.866800348587
19486.962462399173
27708.517410194596
26257.038001762754
27036.93001524729
17176.507599951132
30387.344264718937
16401.64940745566
18615.089891592208
17696.223535324018
20352.973410205308
18696.54616193665
24653.176318873546
22783.910320985375
25665.935051020042
19942.91116177059
22996.288549080764
19414.10742544851
16820.168780531698
23919.18903286543
16877.9705852902
20502.709885593362
24450.63544779894
18052.467169985768
18230.932085782926
18750.782147949318
29764.616606590513
17171.04122949125
33349.82953464195
28122.26654169644
29819.42446323338
16147.10692020844
22774.527591408023
23086.938514105655
27138.90459960023
24591.650686393143
19562.544569169902
11968.776313092478
26086.7598771407
19776.334933918388
18726.593700335994
22998.722400821716
24396.273348293897
24604.725948559826
18975.19775963292
11723.363516062855
28642.371916703716
19821.64950571565
33170.72093166425
27327.17379202739
25174.94295273664
17040.720271875918
18532.809850207814
38479.89530245704
15938.245006563247
20309.05384513633
25390.15859102338
23583.029423231834
17150.374913683718
20351.316197697386
19555.107027413367
21451.358749262334
25115.936478459957
26853.527442379684
21837.700362562333
16369.362802584039
15801.516397856907
22305.654239614123
20802.52012605132
22153.365963937616
25373.170743767485
15150.102280374205
12989.50525855168
24330.257155765456
26096.583104147983
31180.7542969315
19201.739081699452
18533.308883856153
30835.27882463582
20989.93315587814
20335.837924760373
23665.16642324849
19885.30335538517
25460.57297797774
29809.586849948777
29809.586849948773
19168.127176365855
19885.30335538518
22233.102788673565
17187.95416471176
14858.680425117534
23577.894211046874
23012.691791317542
17502.52928297663
19659.366905699542
14858.68042511751
18532.96798193772
22257.470464183592
27175.4119306026
19659.366905699542
17557.784660328816
22233.10278867356
18821.78604131802
21128.942044925283
29768.516290509928
19312.01597498409
23885.721816707224
21352.6229014067
24847.12860040387
29768.51629050993
21874.13592058675
19806.686798562558
22249.456292828643
24433.718315487895
21117.79193844279
22233.102788673557
21176.129504933862
22495.556347250516
24368.238872211987
25144.536939603695
22211.363960450046
12752.193714631112
17862.165851393092
27905.633126395347
23520.45541912861
27360.922764473693
26719.622878064863
11579.933571992824
14233.506514289209
22754.50612830147
26273.41098191908
29118.34683974832
18891.116530939245
19067.101824596804
28291.471248104535
22303.052400840374
14005.656425800758
18891.11653093925
24386.36447033582
20265.864783945144
21794.929081795894
25320.1561077972
20097.173811310375
22754.506128301473
27898.4796195929
26998.4258121538
23972.759150536967
22705.11498846812
22590.712881728272
21270.72939303162
22509.416591967587
24556.83426199552
20889.33115439799
21340.488892058132
23318.45652740896
23597.908701156473
19218.666132479757
27771.150558463753
23000.248275563114
18106.915656533503
14498.30816137829
23922.63678594597
16437.39868940468
13364.051211673433
14949.073140716002
14498.30816137829
21214.439742695788
25633.069457062807
27386.137985431218
26635.643657226923
20482.85790044996
27771.150558463756
25783.70913836447
20541.46719541542
20960.628022659508
25583.180056083722
20847.01775566594
22557.519228365607
24614.5620594262
21787.04913619076
14789.006940019419
21010.231354922627
23137.241336648378
16351.953832171266
17220.47717810619
35389.47579234329
22434.49209073473
18482.993420982526
23374.593015023944
25942.66703111105
18395.66171635596
15556.943040602106
26459.586747517566
23374.593015023944
17071.155269658128
29285.389827646213
16905.980597437152
14544.782070499194
21363.153029199806
35389.47579234328
23833.826376230587
19303.300408247975
13536.981979937518
24439.38652731816
21986.867519307456
24478.5617204813
26056.33448097531
22861.78870060653
19046.67480112273
25329.345626064456
28447.12335834002
20016.450044430865
23375.580357949002
25125.826202840162
15663.359908365366
18059.694356890966
27390.931895624617
26515.523707961678
22317.888902376853
15777.127237592638
22175.268510255035
27390.931895624617
31432.225772608108
23464.19937274733
22815.033789581117
20477.730775854645
23409.553187568217
25125.826202840166
26611.24836757716
20856.588093431943
23267.716365656488
27427.98455050842
21842.911071729137
14453.976951113626
22843.474903860624
20998.86430124836
20936.973768137184
22327.492386878905
25871.976159699134
21726.6437955416
21213.81705838777
20035.275758130658
20803.722738339125
22101.97710605931
31159.8487806326
27106.06704891096
22101.97710605931
20676.901245007048
19828.287032556633
31159.8487806326
20035.275758130658
17419.482108030592
18787.384821951844
18787.384821951844
18760.74883795619
20035.275758130658
25090.92233947531
22005.69976147283
25403.593096915487
19960.755340724412
20868.49024467544
16708.36994105845
18920.630765264996
25403.59309691548
22984.44492049046
20546.36266616333
19960.75534072442
19896.22086247363
19590.477244722577
25090.922339475303
19849.74871113321
22009.783212199574
24429.97501702471
20425.393807285098
22009.783212199567
20153.571297463146
21829.46856176694
19806.61447904462
25090.922339475306
21516.404535601203
22068.57447541646
24437.43385511167
21983.340072231098
23688.46832980088
27680.558697916822
21691.2768272885
19951.52548382888
22118.647236966648
18528.126997306656
15491.84098894457
17107.41288023045
23697.120379107902
22389.144114981013
25027.19317511164
22118.647236966666
17482.623497859273
18542.721612225247
25444.127115929852
20867.324715422506
23757.61629898984
22967.06144318808
22174.49414473494
23312.48541492222
20791.88170744435
20734.349487224117
21788.844594512393
27680.55869791683
20264.511226000417
21821.436296743916
22422.33925845545
21605.770768907147
20948.26387270984
25662.33130833435
23619.648674570373
23691.861667672172
22810.64220329861
20626.539616502207
17515.049865121968
17950.825138699012
24762.66532098226
21187.23209396936
22356.975384123598
22810.64220329859
22025.435880860125
17933.709464064752
21240.930661313363
20938.465643568
21035.762264207282
22081.256738648426
21136.54290964043
20982.20708706374
18153.769848504366
20120.475857665508
19869.271163957736
25662.331308334356
21605.95827201495
21155.004202005934
22897.521396711
19454.634028326414
23489.564908240056
25039.311464716244
17805.43502036734
21171.616643462243
23573.023109256643
14726.660064195315
12016.628137143947
16909.553124682636
21297.805131913145
20311.001023513385
29904.806659193873
23573.023109256654
16814.15879968976
16153.597739826157
22547.242645940427
28642.035034324446
26239.59883935869
20510.97297956623
24101.574417889744
26480.111513821503
19839.350443122952
19294.619045783482
26698.199201765925
25039.311464716237
24946.588083273637
27001.62168591581
24019.47999718987
24734.767270005905
26939.614188772757
26047.733775329914
16341.402176442003
18375.772023443482
30442.332628256758
23166.03042032351
16848.645884631354
20334.485985046686
21352.78558005356
22485.489903127094
28747.74365903853
30442.332628256765
20097.506317581916
24595.42315676615
31625.554101221966
17202.501879505457
22251.774176111667
29853.311298853285
19974.879225275734
20820.48431807431
18903.51122407781
23478.41894778348
24013.872057604545
26047.733775329885
20652.630055014004
15280.798859524419
13638.126393627874
19231.129494453893
16334.642162241818
28551.161572447047
20513.571255568284
21655.124335128185
20917.95419821222
21708.856849546548
18700.06568729216
22052.609478041086
23299.137157214518
22923.390053797302
23970.72037789527
20917.95419821222
22052.609478041082
19835.390797392567
21543.52745542111
18748.41781927506
18064.895866274626
18329.926753808457
21886.823859052303
18446.75235955907
18884.64982819694
20419.559530290695
25729.860797940804
28551.161572447047
19319.30899506513
21115.9052131876
21115.905213187598
25634.235063776327
28551.161572447054
24416.457034631894
16680.117037012533
29378.04109809229
20255.548504397848
21511.5620609503
18796.14789233951
23658.259390259533
29378.041098092315
31626.600169221652
21007.892514139156
21450.249383863862
24315.523488410658
22572.213587777795
24416.45703463189
15494.199007131816
19530.1150165591
16229.21402244759
20022.032331706287
20378.948332124342
19892.00350145797
20905.75406246314
23282.522247668825
23136.005481573888
19092.800169257633
27151.15301650592
22655.62289497815
25590.911050807583
25917.084677755665
30659.17591113778
16644.237546302436
26492.779600694546
18087.68641283684
27309.438076934945
15486.551143636063
20960.01880482908
22870.73205005152
30991.441178207155
13661.871565416075
20760.24722645583
23834.961483737818
23622.594171237677
27139.625681126538
10258.023550380947
22989.348782308625
21676.080187817548
19580.024055473637
15462.092547818786
25262.03494687485
23106.41537178022
19145.532124266425
28703.119373473808
17362.567613194602
23116.96099844008
28819.362413626146
30919.812913152524
21449.458517222993
27077.714333815693
18528.204285066386
17965.767252076414
21360.014895032982
27890.094088063008
21393.1082518284
25542.32903562883
24455.118041597605
24531.466233667452
15914.526120355285
23765.691285600653
24722.979016903293
18192.10673580557
17067.30734303588
11395.494362424746
19468.25401078816
23862.397209726736
22295.34418096264
14738.577357548425
23835.242572033676
23541.930877939547
25536.151370237865
27867.58200610981
16541.862812749154
20606.771501659074
25986.81651899253
29661.72694106429
32987.8686601675
19241.90373971094
21555.349861979965
29305.312139959264
31977.12410671024
15719.540746600544
10384.903967630948
21169.04464731678
36976.725685066616
26674.946046412606
27672.126865408656
20092.2645381535
19638.67784920099
28757.670992682502
22726.21522290473
20591.71633753826
26336.817802467376
23546.712153633063
25595.64610311765
24385.896699064964
17246.794270630642
12600.390440196956
10260.302478482943
18391.874067340832
24494.601440611543
26701.283483046496
26135.91054224421
18024.703960108018
22563.831451587772
21976.40357109462
17057.074149075983
22489.863279040852
19153.999274641967
19475.015712065022
24655.508108466813
25285.013549504118
28709.757832890064
22508.753437716645
16297.232391323776
22362.120731899235
23894.442506006944
13142.015596045429
17992.96848414476
18989.435617912924
20850.954575497442
14103.603116663375
20316.046872447958
21862.924985416517
15925.940227583655
20195.31757321708
30794.196820817247
13287.120353339804
21396.92984973681
29416.213912538762
30480.632548395963
24109.07554161444
19652.63444062105
21605.965128342672
23792.817761944898
23290.55454671743
21324.074402529917
20189.906170036746
17966.335214128423
21776.750568959797
24400.05350034157
20599.34872311612
21815.604285754893
16693.524534861917
18005.255073940527
20433.62475914586
26802.686096945734
17515.66692483184
23139.32131326334
21719.240104683355
21777.850631799476
18282.977155688033
19229.570283897836
21105.794035250416
15743.06071747758
28591.41249545331
27448.95494988039
27559.628776473946
27559.628776473946
22519.625161381377
28591.412495453314
21885.826536239794
22147.0142084205
19806.104265742157
31226.208153634387
22278.432277183907
21860.418360111827
24464.54025745288
19806.104265742153
16843.064460142126
22584.71472649429
23742.912545076713
23527.61548073837
18770.94464541581
21885.826536239787
17261.89409024746
19211.947124714632
25585.992205806917
23450.82096801273
21326.36332494915
19496.458795517305
22355.551755592438
28130.225482670103
24033.548918044835
24647.971368551414
27988.77976114603
18952.799643038987
18980.359723884496
24201.331656213886
27473.523090289134
25292.810934805748
25009.753702536476
20477.264761592145
31468.92460379616
25991.589336407673
24278.7829652482
23786.63242787937
24405.63472179594
22060.60173155406
21899.44858951375
21220.53868148966
17364.480270899323
30796.987881604076
12128.988324238979
17846.294243441494
28799.015431758606
11897.624453583725
20440.14978392394
18730.00796124296
25602.610829025158
17840.66238518067
29628.224124831857
22840.416945011573
16488.50970306249
21388.289842985738
17556.470216027927
28433.567999915038
23314.91096474181
16735.354947531145
24969.11202835061
24701.757249241695
26515.445975309427
20180.607688592587
20252.866794941467
14392.864093103519
30295.174470394053
19657.154178481996
19138.293629991465
18705.829753092785
19620.078661820044
30840.595517403144
13552.740499629248
16257.167058913037
14074.364013272618
18496.73476692317
24862.83332656086
20923.157006475274
25200.090972245773
27254.177527799842
35553.23640673397
18777.102813373822
25061.623197410747
21497.607962243208
26309.617685310586
27127.98492649283
38127.85318236928
17506.041246993627
24741.100505995615
16377.591662322086
24325.292083938184
17760.660821851834
20616.512209689507
15928.887684783886
23849.377073408894
22526.18650807512
28307.69624826691
19699.346599777997
21020.79518758492
31875.05306206031
19647.737473142814
19463.753537510685
26752.680165339643
24683.1492483229
21081.288927993734
18784.21032311264
22626.252751887998
20745.622727895832
26172.140716874903
19549.554802760013
19417.760301218575
12106.727546063896
27239.21552313488
24420.081138286074
24338.813555283876
22311.960404394587
22201.227976318212
39247.62289623081
21706.10807129448
15554.495828161396
23715.131640477
17137.57084047088
19801.121138737893
24593.154068655906
19468.174687962975
22565.381420044647
20132.218814781638
20394.0851798147
15815.403731221633
17720.80707029444
28451.651327318577
19160.532116381313
21437.611546260257
24416.13113059607
28214.755366956113
22446.492075849717
23385.285011051295
20861.90741028134
20843.963282694232
14047.943370636416
18516.320062378418
30975.07973921177
19442.4814673557
19064.17056625658
28178.99201763237
19009.460188804725
19005.921916706127
16168.37073565296
20555.109526952012
22076.963635106586
24616.961412661916
21972.130559391193
27250.183568141845
18559.63078771674
19843.97842379556
26267.035178390386
22681.469320771408
23270.767915815577
18495.250980995246
21790.953969519738
26849.482121337467
17479.86563524555
21716.902302516988
24394.362253237872
22657.676935398667
19272.971903493763
26785.688006406508
26785.68800640651
26239.92073819506
22657.676935398675
22067.95122210442
21978.754370036826
23046.341816907843
23845.945138680796
22418.789483364228
15927.592826289701
18468.604215781677
23046.34181690785
18868.98636608002
22986.22787863828
23393.207606147873
19153.613502435608
19774.95499732522
22067.95122210443
20923.211359171106
23241.14264489227
28926.4515829258
20738.020553240884
26159.126366415272
19365.06626193261
20164.4224206542
22478.514020832943
25946.062893407834
23119.822143350317
21067.952890984518
25179.050296248723
19468.061999456004
19827.33305711958
28858.31724649576
19299.755506046
19035.40939822655
24061.583812651945
20647.32798023331
20250.25427580923
25414.279122707227
23968.35677080168
20608.10450431175
27780.423990771516
32118.424925791347
28193.607491776835
17701.668554592605
20514.195515499676
23678.667875780735
18371.219752362995
21962.15508268673
26909.37006546953
17757.68004411044
15768.620346170628
17955.903871664006
27921.317413992838
15851.478222717833
21978.93107290286
26388.141172964173
17893.745792412323
23134.864364422872
28270.516768567803
25185.930124527767
37042.31542932027
25116.621727870985
23614.099564900964
21768.029925716342
16640.98913633587
16909.972012657512
21135.67587074358
21196.36395900394
18421.237322590507
14109.781412811608
15715.103996976191
20028.765344646887
39171.50090521919
23739.97210015983
21149.480877548292
20408.998781217735
29311.953955923174
25018.801200366022
15408.360602676203
20348.639313630152
17220.58756871285
32344.952082213807
22086.05989422014
28978.72483369719
15854.469547062752
16526.00591360578
25582.364539532526
34397.2166978614
19678.72550114205
24462.48436371885
15387.622559962436
20641.982138114872
23993.607806184307
20538.11609852059
24618.893426410366
26591.817812056117
23403.82647445716
20499.03103128829
21115.176310274146
15571.094008181211
29497.52491772087
21981.311969276492
16032.522893109675
11830.357131071974
19787.367076324612
17322.425278832947
13742.726920889676
24898.684417333865
20156.821336705805
29878.23549515093
27949.345412614468
19863.23377873153
19409.908851095108
21639.419384184457
37246.5277942493
21141.21649494542
21784.445940063917
10112.953286107397
20164.821713486577
23990.395939855563
25097.96566183456
26516.2140484225
25084.412600256896
17908.138457854373
22400.715978081957
25496.316788270815
21151.865131827086
27496.287408520308
27914.913627042835
9471.774440362311
13399.064470362997
32048.26304770458
20233.152435669934
20273.045124608037
12944.288201938387
22628.021528711204
23491.152878658853
30766.454964839828
18699.974043978844
15457.255594362823
24511.57246489013
22928.53235991004
20510.268779700476
28702.518431961525
22577.233408195665
20807.119015693064
23584.7794489838
19997.77464155325
15805.65279714123
21672.597863395666
25673.492391933898
21341.249504839427
25565.418252608168
17776.485957404046
21144.339493144627
18283.2045566829
19699.642740345753
21701.821410215853
20507.22348860594
23083.358348968806
22031.151407552403
18884.674430715593
20955.48863036384
20015.194778742934
21677.541171130822
27647.10450003833
23045.23275197723
22851.18474879093
22851.18474879093
21984.10474038058
27647.10450003834
19472.107919197406
20610.66623896701
27310.233450775413
19249.329394174183
17516.945939353205
17543.796179585595
22484.48850160345
27310.233450775413
22352.50158520174
21961.191464185726
26398.29614503906
24496.667810334224
20345.565434705477
19472.107919197395
19304.857904233264
21647.225918639004
24084.474527671486
21488.403236405782
18082.025079017552
17089.50164774264
18474.218500660805
20155.971912533067
19664.5565387511
20451.03193984973
23514.45412692063
22569.904217481075
20158.10206376939
23825.32093988302
18008.184125022246
27753.476057446445
21884.807924634246
29016.50719513238
19097.37054344536
19425.121444306616
23553.81343154219
25723.879678425867
18937.538060866664
22352.971695916072
17938.957207088777
17223.841169126634
21236.636827772272
21643.94490511332
23350.053802455917
23451.06362516019
28980.23800313601
28413.183490372987
25034.531994888115
10409.83089264893
14918.946862864583
23325.01025509197
25451.43374651626
20613.885960977655
32413.690636095762
20301.742095020192
16807.399154355866
16925.36265538141
33588.19060679087
28395.121096905743
41312.13418597364
14072.326934982182
18890.406227534615
19971.326209540697
22837.334490279183
28019.800517053296
25884.242085475234
22159.130191946482
14576.675109632024
24909.464623348875
14195.31553815173
21735.07470436379
25141.029544095978
17330.98306878572
11863.137601994275
16528.266154705852
19215.98968677777
15537.778712303952
19135.336500644742
17263.610431186666
20239.59144812367
26933.19142151861
27603.279333124116
29239.089030736028
17596.945360705824
24189.390610266866
24350.59903251087
24761.26035220278
29216.369484033345
18118.008854913962
21079.966192413824
18606.44676809556
21122.408986123635
28515.877484325367
22439.81636599766
14321.994646579082
7934.862145091752
23502.214150309388
19254.55140563098
19517.786731802506
13950.776989530568
21095.35945004511
17477.695424554684
17270.123476958284
21750.076094743832
22061.168818555856
17960.570055194643
17566.2703664677
19036.76571561131
26508.58776272775
34352.64062332519
38880.178675356525
23608.532173697968
26718.175326126653
19268.683462066067
22425.26351090896
26802.979402037632
10974.76807407941
18659.254958068694
18177.108459034134
11705.254647295951
25098.065666705872
22836.193091768273
14145.737384841284
21570.053615767996
20393.491062268888
13072.592756981054
29497.598808400544
17941.350092918947
24870.975504341972
24599.78777485546
19160.685230445168
20215.73097728075
23092.248898974176
26570.63858978457
16380.337984795935
24684.451553915093
22634.930636186196
20805.27492732385
23067.23755462929
20855.88649900453
27967.18383270578
20225.013905379903
20419.54992799065
22103.074062435375
25194.981078578607
22287.205750390294
14406.009590500596
14251.734629554521
22605.570645739605
20365.634784206115
22752.859118740853
25383.578885558483
13673.739324327535
14667.064711236293
24069.72635066401
21633.52108957323
24481.73421865692
19028.98425433854
20336.138966355884
25539.72585536065
22269.19289398113
19962.076314260932
16780.666077492984
27836.650557118686
20937.880450033426
18496.338317237867
18496.338317237864
21111.47934297171
27836.650557118683
22354.859098173252
17002.89870137733
20213.07397833001
21944.224007003082
21553.279652157442
18987.079257952882
21528.885193396207
20213.073978329998
22720.85098449059
21589.019620718773
28325.71193843781
21528.885193396192
20172.3364166677
22354.85909817323
18476.471113133757
21824.16790238431
27311.90938926812
24379.821288889623
22012.67242710929
18816.206969243714
21161.325600523112
27311.90938926812
23708.090831708894
19161.330819731444
23390.548348491102
21783.02096596873
22163.823223015417
22354.859098173234
25633.665685055446
23726.06456954895
25013.823822693168
22495.068444011587
25133.362552712406
12297.710091702791
19555.947751588446
15798.962628593876
23172.48068194472
22391.264926263728
24906.19007449326
19398.316625042346
19561.884409738606
28899.842119716406
24487.699047656442
20986.145584167818
26684.32296785297
25729.353993990684
23929.341800911112
20688.463052665855
19481.820339215526
26684.322967852968
23560.526562357576
18552.325801346375
16628.75839210262
23081.147119422098
19874.086830697277
28899.842119716417
22900.422391816726
25192.065103701214
14855.967906370535
25770.125439461302
21485.135271036903
21307.885446423905
20787.831314868134
18962.650742890615
19190.193964623086
23925.58095597423
18967.513236066272
18075.414997271007
19514.715573189285
34308.86095599534
17723.776855434866
18669.18244770012
22133.19858364947
24980.02801977574
19763.849419009977
19036.27941872133
24790.893468496135
22133.19858364947
30563.777959144187
24906.277150909096
21718.304239814333
19464.41759053239
20219.357960966
34308.86095599533
26084.959157747075
21283.617298365178
17510.010678162824
24553.498212617927
25192.69705025068
23544.633744676546
19104.03811999741
21365.68107285478
22784.46568105374
22230.638618047054
27721.475687680355
20633.75806879788
16710.38867747061
29950.123386170628
15836.31727977902
19518.045558749192
24782.009444184034
18378.27647072536
23307.495293942335
22781.31020281875
30224.454197415496
24782.009444184034
28418.68826006746
20131.31419146306
20688.46587208743
17971.50834647395
23405.232334900316
29950.123386170635
25429.12535197514
17760.923652649188
24590.799529613043
23124.133994815995
22888.45879746437
20203.022266969732
21705.880885156672
15339.404926890278
26774.428324980872
21071.48030205425
26262.560288671208
25730.773772201712
21731.86715219561
31989.811234431723
16465.898057483726
17229.661734391648
21622.719521538635
23238.723791795303
16517.869585473723
19410.94303316844
25096.06611903088
21622.719521538635
22351.742445970853
21007.747984698617
18238.918959577295
23605.556871649682
22364.09034004843
31989.811234431734
20761.089855182337
20052.460415659938
22441.698925945155
27227.776278109763
21862.39194946924
18765.273039635118
20470.3903508367
20570.927949651796
20644.53502522324
21442.478026272383
24803.474600326903
22082.74766440088
21259.929741487267
24106.37895507772
17210.339246217816
19698.992326441472
28179.928581862303
23570.856975379298
19698.992326441476
17523.7883603776
23086.262523168247
28179.928581862303
24106.378955077707
16976.93400810977
14728.258434660609
14728.258434660605
19165.546571490646
24106.37895507772
23283.18524418514
25736.407643994826
26038.895800857063
20932.81699482352
21169.72165496772
23006.583976278685
23219.816832702913
26038.895800857055
20541.430618198166
18624.895804777818
20932.816994823505
18806.145930693532
14530.17899988597
23283.185244185155
19399.546028263274
21442.4971940043
20237.25913046923
21691.169919281663
21442.49719400429
19072.320913748903
21086.184561018737
24581.417297127296
23283.18524418516
21108.229912017097
27185.195397087766
21057.095012965143
20351.2771539667
24249.730125899296
19514.827478151812
19550.221253967917
26634.36088650699
24324.009637621675
25140.471496268023
17860.875106018982
20111.78634394646
20993.669026489195
19278.416999226745
17073.670813180717
24324.00963762168
20618.486969107442
14485.916248779124
23997.488507820246
23609.02134516367
24349.395313581117
25070.329429582718
20074.162405929226
26565.97298388358
21444.55459879749
23173.193829635165
25030.66567658505
19514.827478151834
26190.061087018155
23914.534606825437
29944.59556452389
20798.665609642998
24229.603413739656
16605.635169669476
20860.94555204216
25727.468335726968
28257.016998665742
30054.14413445189
21236.364822852087
20816.692928957826
25520.370809491513
20953.82717136978
14469.586575808962
28257.016998665746
23231.315406141635
16060.030569740396
23497.781664755013
17085.527734211468
25827.612645495457
25207.16568801141
20188.390384875198
24043.397902648925
23336.67783092045
20902.35334742823
26541.646314967325
16605.6351696695
20141.410917216876
23164.46720498495
25281.359539539568
20322.716725865223
23110.03109711212
22448.945347314806
20108.258252333064
21443.818827159546
24613.27445246303
22295.333272303436
15031.701241762332
17015.0181652489
21690.289019616073
22191.567418042232
24580.205359712418
24613.274452463054
17384.665387991125
19109.60528248013
29803.639029572652
20312.3672881513
28604.44466469199
27925.9023912963
22382.244365661056
24730.568400874232
23239.50855179393
20450.519222106865
22771.560509641564
22448.9453473148
21767.157642826063
23920.033073719213
24567.14415425449
22713.991036884574
21420.10585069024
21578.63279716454
19197.46764074985
21331.351820897522
30501.818014930996
26115.032489425765
20461.075744480564
24366.052456989917
21949.257707778
19976.48833668268
20741.905580043807
30501.818014931006
20815.404977461447
16029.672557097669
20455.74402889435
17912.36454600619
21648.25448822502
26032.555084927993
22572.03911358051
20813.369186237593
22412.791506378962
21791.766617216075
26966.417261130377
21578.632797164515
19405.91047994121
21992.384158945304
15829.464372557923
20956.945608804705
25449.23899903567
20027.242087374176
22080.62059216232
27119.311488528354
25317.474234133784
23969.04862504695
20247.022043177527
21453.78381219853
21665.4700141801
20218.005008213047
17537.233671374415
25317.474234133802
21453.783812198544
18705.693105760805
25299.876718720003
18904.228439805058
23023.539369610502
25098.71308827437
19976.307036929007
23706.57184600374
18656.718775459613
22965.242487297393
23811.314314092982
20027.242087374194
23170.957102192682
24288.958007834626
24288.958007834626
18352.129974451724
20027.2420873742
23993.87387107329
16580.84188497001
18305.64597958709
32845.88597470385
24484.951342841458
19092.647718924054
24553.11992559948
18305.64597958707
20666.156590058075
24463.232109011547
23872.611465010257
23820.193242013487
24544.526045684284
23993.87387107329
16004.125809642423
21195.957964405523
25383.799901930543
18689.51548424807
16617.7934658153
16726.88924229603
23363.766610004106
25395.91461804869
25232.625516081305
22897.303196187477
18165.248756917033
24670.49431900974
21280.534255032693
22824.128082079056
25213.42304894183
23572.4093369881
19810.676314779663
22601.84839208272
28534.650564031443
27125.027830675277
20557.162825204996
27856.44752022684
22266.791804178763
21490.74454698476
23296.79700873723
25993.947582897177
18277.69888611126
24920.388539099993
12352.450349678604
20731.87669530556
26287.748064053612
20083.34813742619
20429.425686143633
22981.620949457327
24397.524136890534
24971.879469685675
31219.72636947786
22884.652791430228
24592.81111554547
21676.280188578377
24163.394948637317
25846.59550005835
20237.86598023562
17485.65777972713
26444.464524342773
27476.079916798873
21994.330316778818
18834.329738515018
26327.818218953817
28380.636588382
24888.960814985734
24506.077461278604
27439.602461836013
30747.007922617602
24340.325340440642
19465.550547678016
14804.371508989581
16879.9250992299
27821.029622251393
19675.460549985582
22760.199512008316
20006.233338833255
22296.675451258816
26373.61736700352
19771.86683752482
23769.31206217798
25169.262334841736
27815.477310563492
21900.782423889854
26274.1770821856
27025.990622054822
23260.58596192581
32326.178835854964
20216.283029919643
23667.311864658026
19773.8326677704
26835.62066145934
33016.17561894387
28718.329031735677
18792.34234434695
24029.199037413386
21258.2131081862
18853.68139399343
23242.43527146111
19420.421571284594
19817.23085188653
12320.684119360594
21357.984622643213
23642.879423266477
15936.540152313459
17118.99139729841
27226.577836474873
20052.050259157062
12117.277744431296
28993.72825014307
24164.322649100955
24991.96262175383
14963.690040212565
16699.478465283933
23496.980996774844
23063.060347744748
26682.158054860975
23725.31990869148
12991.416527415953
19480.47515386892
16873.407677721883
11984.350997921687
16941.295261215175
19584.619382366593
27847.987088024896
20445.14127512199
10964.398010600817
20920.87169674779
22340.571835846735
37065.15171407168
20968.32860039345
24392.710952504684
18716.792744470447
21743.581810986627
19448.28935137903
23302.090965391806
30884.98178379592
25897.91881744332
37420.9536876986
17777.72062565747
25632.19772738155
20992.645938900263
20811.75426905509
21884.114844435437
25630.714688787735
17346.963422366247
24856.583327143664
23439.02699439258
29786.58411889914
24712.25989801077
27538.125532364444
32725.080954174322
26535.588617911548
17005.806998278415
24629.66179238122
20111.691961501678
24950.013058929548
23671.7978927111
22211.241121061288
22876.44657976679
16278.715814121922
21620.09838750332
33417.191629029934
17586.604127169463
18257.403360302622
23201.063334642822
23201.063334642826
18897.3499102008
17586.604127169463
25065.719433528608
19097.05601603545
15369.901447861383
26667.263996905876
21417.28121749017
14649.63775682031
16484.275283024723
15369.901447861377
17033.065188546287
23449.21565893041
21646.918076895206
17523.554198872036
17896.453123242005
25065.71943352861
23425.451441984624
25779.25829245746
27081.009459908288
25694.58881320501
23284.152343747584
18674.17331290874
19264.24407388044
29556.248422691737
23392.078456355186
24211.118393347708
18910.741201162222
27639.438644439302
19834.345581422087
20561.247963694244
23217.913091860093
20924.94099167612
27801.501266509506
22542.536049985367
22186.35303634481
18870.503408450655
22159.96282161403
25279.65144290159
25501.887023481617
18135.897450680928
23077.728803756487
18331.948583647256
11959.873614030357
21840.359212935484
22072.72976136273
25178.179925266766
13371.105143648405
16197.611626125994
20634.809566040094
24296.163149081745
27789.060212137352
22796.55855512519
25693.239411886356
20920.964308504677
19836.237502808384
33028.67858590235
25776.61120713698
27481.763196633074
21161.487957412108
23893.3692513477
21909.394770902305
21795.159238979897
19162.784429682295
22874.194504231175
23555.336120886866
34014.553095920564
21748.096867576256
22248.614330163695
24949.358276812352
24043.85764587365
24507.86527679274
24116.96425235805
15213.086635479845
25079.239123497136
27228.237653649034
24750.76110686431
18663.824775497444
14200.154862348762
15970.421902387036
16562.21793594655
25334.021507142927
24286.876964395844
32192.457584970125
25191.408421612236
22310.731632693838
17949.340456899918
40994.65706339974
29988.42304150753
18340.645815877055
24495.34425806644
21037.54719293081
21651.483150789616
24446.71097039913
20507.19886163927
15096.65479578203
24623.977834551
9896.451553984585
20113.80995963339
13923.244471183092
26725.317110572352
21119.2522899103
14183.385871036837
19590.77321163782
19261.96110781661
17984.363555404292
19786.98877378274
25833.409195828543
23572.99423738294
22228.613456869345
28172.84965361538
23611.56349624786
20281.440927743974
22673.180203597643
32472.201818722067
16337.937146377843
21072.24538195104
26556.77231672798
17193.581521573906
19315.709167900837
19722.710965791513
13355.540765648131
29297.954319375334
23106.063728986785
23749.783918270397
29687.472813034394
18217.643898788192
15724.51419240193
23700.00287803674
22702.853373857433
28769.691206362724
24539.484278345422
24506.051454347933
29332.374325798995
16122.626298544805
18277.30221639537
24479.72248915574
32039.804566708866
19766.030340804078
20660.418444639996
18135.38199262766
26703.26149400763
18522.203831888757
25975.05268203021
22224.32313396767
25646.00092651059
27832.015343441264
20690.10150223988
12292.801249049764
25296.367486810625
25268.732655820622
17972.55689190638
20564.561180303626
22467.600536498045
24327.265690714252
21657.048919419387
14371.37949770049
19766.815702114007
23752.569988958836
23692.636490541343
22726.37896657686
20611.417571459056
21754.403888870824
15049.769576047713
20899.44682636211
16743.862800783387
21080.378347701513
32253.2464337368
32253.2464337368
25132.40559944564
16743.862800783387
27369.11464498079
24524.753059998373
25923.642306965805
14242.889841270475
21501.761968303723
18808.85469288086
18144.37220280038
25923.64230696578
23613.097218694515
18264.24258613117
22055.353818713662
18528.47598969342
13837.324497846252
27369.114644980793
21687.465403412403
20199.462602909032
19933.63491656098
23680.906942265254
24374.082080679123
21765.30495106789
19957.622152046224
22204.90450457065
25927.62594482705
21280.92309570242
24318.985587412444
20672.4575557073
21179.78490320398
24978.54670193595
17063.496597656267
20775.531110651355
29417.525974739212
29500.334468518562
21225.84884963498
17799.642496616274
20495.398340919706
22408.71910269515
21394.45810960922
22814.816082451158
20986.81486214373
18874.88797393294
24686.898180311633
23348.502724716454
11964.267799640897
20780.576073470464
23072.071048119262
17900.76578032069
26976.278078351366
18893.891056293098
22024.385029417088
22446.137446554945
28751.297854552715
21714.646738536427
25605.79599146708
20433.629422399197
20341.976754502888
16484.083334538715
27415.803507887456
21974.03716028147
34387.50810595283
16789.156243920384
28024.73583289962
21280.28058072298
24336.785475514807
21309.240913603342
25388.38348127183
16322.960513536595
21062.735700956182
23759.240426006956
9054.960196553766
19586.13279105316
20102.986522360967
22032.17039003313
17266.3040847922
18854.08007024992
19122.78852771166
24923.39404231547
23156.728325609503
28800.712609686067
22132.825532536765
17528.543302657054
25854.982254713377
30547.375004270067
27415.497758943697
26405.499543028134
21972.058635970938
22417.71939342955
26648.299359208064
20531.695426869268
22740.502089559624
15468.555065231647
18163.962370011188
22529.346204294026
19244.187250295832
23672.161063342173
18496.459251120337
19064.907333998926
22351.44333117488
32809.8810615121
19765.836076133484
19902.576066704474
25612.5695565007
21763.960334256408
25789.40924005409
18532.315469794925
20635.581390320374
15278.636002124587
30880.080924487927
30129.04633352161
24586.29032878866
24152.909956662086
21982.058053314897
26671.749672278616
25720.968635073943
15082.891558047413
27084.682215137964
20475.44409865307
19648.447786445773
19880.22116321301
25156.319050212263
13962.190448805793
22028.201507301736
24675.920233803387
34323.36448401624
31821.546705376546
24373.599013095718
20710.79445219884
14530.334211957666
20795.414616763184
23819.294647840103
24452.378159341082
11332.375488278705
17524.546920840105
24254.721827028596
31599.702216321977
19495.068506719388
20096.813479159297
22812.258882891154
18698.189798563446
25243.15160786132
28895.55416461436
20273.434534217573
20895.214093166767
24956.18986528528
21463.322928547575
20396.46377416112
19929.377716216954
20424.014990677468
22136.980163488483
22632.775546520177
20093.87703780234
24934.92246521518
21090.5848243001
21288.727864449073
27859.468739773638
17459.915808286794
22388.502832279657
25118.67290664573
22969.324428544307
22434.099881573868
18203.75131707127
24217.141523859427
26934.003729643326
23275.898173643433
18475.205042688744
21862.989983299696
21862.989983299693
22894.221182345223
23275.898173643425
27560.246598958092
24973.23178911672
25389.68069743451
21468.738295028594
20566.691302965613
21223.19493680004
19655.32884334885
25389.680697434498
22229.990332511912
18781.364906031053
23305.79585217859
23897.64884309169
18857.058907560826
27560.24659895809
17153.804695740764
19237.289330400163
18443.05710084722
16715.67959728683
19308.457662663415
19002.014071774713
27724.538197110378
18869.875800963735
23572.72632881815
18872.607299279145
20320.96239527436
25897.20860719388
23080.509133805157
21972.565409853734
18811.30469667281
18262.168637692594
20256.776634263537
18289.462329457365
16664.754467308165
16599.384945831946
30581.159591950716
27331.08297387739
21000.78420541294
22349.64049103218
31014.942550614018
27120.436624682607
22329.334861823565
17766.793204900812
17200.832309221423
16453.576943209544
30971.773259525962
24067.909716636663
17138.267957957632
18425.897995998646
22876.95293164874
28631.35419774731
15677.752647339275
18235.097433532326
19919.646603102658
22666.881721574002
21086.914789404906
28035.96217307609
12269.173597649477
16996.696274457398
33407.38738459649
26760.93366295214
23969.7049181064
20474.580160923415
24888.983521584865
30784.652029104112
21923.19865451504
19115.326062955486
23274.715050451294
23662.760233940506
24779.832380176864
24403.561651051587
11490.140990367152
23211.958793623744
21408.203239809125
20381.699569192508
24140.47887378415
19314.168415998865
19201.58163806634
25589.66691883332
19845.294962599928
21808.849720051658
22052.23124023111
27759.130432738635
24446.556422650887
17989.263553017496
26226.212605852226
23816.159045778055
31632.381594133163
8978.416339877946
18145.723001302296
16169.912335215635
14971.883496895896
30216.47676422649
28236.681217555182
18753.797471436832
21211.691867352478
21093.85291090632
19279.6999441437
26343.09012874448
21266.7922677307
23125.465469264087
23962.98725148677
23216.791533815318
28255.417708108464
20163.574240778027
19871.781974745107
18654.90478545382
21654.785093505405
18439.70607559342
25613.011651694185
34747.383945441565
28322.512513768695
20663.272150098655
20286.726425227684
22526.46421954797
24312.682038814357
21786.613820232065
20930.57460825798
22565.242189201475
22660.722812849195
25568.527263601853
17166.354382606023
21706.343524650994
19466.004817811652
19729.458671792843
16798.765648692057
23231.172176980515
17053.261755336414
21404.263957531093
24045.063698990394
20572.68816765252
22174.69788861947
18439.871742759864
19825.207765657797
23679.88623089329
28432.64749562509
23402.27229283561
28351.79484111825
23619.463169465373
24772.071828455923
19079.995562252545
24178.08860311062
21616.92562347553
24487.81366764952
25435.582815033405
21798.403741216323
14622.334360317871
20020.70361802367
20093.20857349781
19181.504878061744
21760.09735657656
24121.6410583406
19132.64543726898
15664.55179435871
18905.31351723281
25278.132084245834
22957.176648320306
24708.563545082427
19298.807434023798
26863.568244190352
20245.199272029146
18500.080179438322
19369.363620306845
20325.396249758545
25758.40255911992
28675.91046409354
28675.910464093533
18534.309582248097
20325.396249758538
24201.61983076746
19772.13542494773
22624.45317808866
24119.122948946562
21152.200350466486
18686.547786022707
20987.505262245704
22624.453178088654
22789.132246716927
20608.567513929014
21795.462813534024
20987.5052622457
18701.772274087114
24201.61983076746
16552.254300580884
19646.040252602354
23152.07775959893
20114.423783535378
21759.301612642503
21660.627116579995
22893.970019292326
23152.07775959893
22034.11474046448
20671.56744772866
24003.850811009397
21763.211507471657
21076.668998665864
24201.619830767464
18702.48608090131
15954.536549917262
24114.45606851156
23777.304289302418
21266.369821034084
19599.50811669302
21761.704826477337
21151.288446128645
22980.708512424186
23247.319238709737
29107.16109145697
22121.942693941062
22714.406370047385
19044.751876080714
15803.335215349101
24118.737936217836
27245.502120178786
21932.55785212974
23327.0847908603
19197.864585549578
20621.11260788319
27245.502120178786
27094.040221052364
18723.780678330008
25186.45779931213
23982.10505691583
24523.856812356305
19044.751876080714
24738.768480101186
17861.82531585252
20546.06327368508
27034.89856880038
24299.83375447902
15588.425636376158
25059.113667871698
14758.94855713071
19162.160356602304
23637.064004061966
35113.75873408081
21168.865579510042
20813.38113658756
18269.511871825984
22804.080874385396
24366.273628678806
33060.426477315734
26060.941505858085
22009.422890894195
19721.520104760926
20294.625682444355
33060.426477315734
20436.882922435798
18599.809065710237
23075.65900908822
20938.692408130064
20342.68596834941
18269.511871825984
30155.98252881216
21969.536438864583
24815.13279890946
22450.603587828577
21613.596789935593
15929.890789286896
17614.506660186264
25728.367247970946
25983.409684571627
23803.012013745712
25741.953977571684
16766.34497873699
15056.171428897474
27154.181166304053
21937.878886381375
21358.96645655595
18126.31036101045
21172.798035183212
26504.212484468837
25102.168211759268
21874.144263604147
18126.310361010455
24728.254167379506
21749.914973479204
24138.60169600912
20203.21625133238
22264.041354797522
27154.181166304053
25079.00310633374
21638.02619125336
21953.539413414455
26949.44305026025
22529.46194617158
18807.275178823144
26969.253552556904
16941.682103314626
26057.66436135448
19953.137987256257
20793.38987722606
21010.81680720993
25442.349778616794
29140.293819424725
13326.897265348185
15652.318521027644
20864.05994196552
19502.21463711377
17911.78994334694
19135.4542277141
27351.369506444855
20864.05994196552
23942.994350630946
18884.672504948066
20466.065131799958
27056.427014646488
22579.602635719206
29140.29381942474
23267.90993134711
19188.381654122975
18692.09772638061
22298.600842589654
21188.17806321795
18799.727361244197
18369.053188797352
22759.637200475987
20689.168936176357
22783.390085819505
26260.33556020014
21644.100670752265
19318.766479058835
25032.40851949434
18749.041881287918
21460.291630666714
27827.381287767177
24877.09351415904
21460.291630666718
19255.004533507774
22460.737247964804
27827.381287767177
25032.408519494355
18565.29447688374
18411.071283663674
18411.071283663674
23197.56005779688
25032.408519494355
23546.020831316957
23837.028900152858
28250.28843496245
15795.405513745442
19865.800887284935
21131.992816149697
22878.30159781115
28250.288434962487
20379.97932714514
17883.25680034171
15795.405513745442
21088.589502543964
19629.219883691665
23546.02083131697
16930.792863559618
19443.627358235546
24416.998346735054
19966.844884514907
19443.627358235557
16990.96967626078
20720.78593613466
22666.950656432364
23546.02083131697
22700.17486789175
21958.525772613135
25461.619513822145
21025.272708541284
20650.24016469867
26458.881050535223
22165.40592858674
24530.371139760784
17436.229130194613
14867.373912429199
15147.286698257645
15248.874991246887
22164.199784393488
20472.581556361845
25950.58446848707
17436.229130194606
20414.338464640816
17381.56334861273
21392.222315460604
24176.884294867
25271.02060463113
20394.008987421777
21128.369517436717
21872.282183955733
17890.16559841655
17943.675032733314
23198.841872252426
26458.88105053521
24429.23077047025
31709.00020354964
23396.392985448165
22113.72235545402
21096.63549584703
22018.942612640345
16291.726133288568
21876.54137690378
29321.342229179703
23191.546406718822
15811.51772391319
20943.61460485001
18858.112520756673
20822.609624049786
23402.107283368652
29321.34222917971
22742.31507919815
19385.923732383086
20534.03169010331
21018.489073087327
19763.384628673848
21014.785186850633
21287.495989623218
23334.406854293033
20022.202214703444
21480.373640598624
28270.27669535473
22018.94261264035
19975.023012169684
20541.90537601454
22581.397241858485
22918.870957982937
25224.100109661533
22898.578260057602
21330.532861925763
23091.19404031014
23858.6272956373
23290.928724254645
22577.92776356505
24711.429380127633
25032.54555143535
23885.89243217689
20054.119711040337
23858.627295637278
19997.947133602105
19166.753678749443
26763.987200922147
15307.878003249323
21549.068343554754
22327.048779053202
22906.740732948718
20740.994837990613
20953.82130199078
22726.85824925335
28632.410515417203
22898.57826005757
18474.086700504835
24713.88296241402
20593.831432446063
23446.415947627705
25028.385359585904
26117.286212895113
19570.061313484548
22028.73009082862
27928.150113155018
29955.075618855433
19337.900312244903
22018.49043397299
17955.408670995508
23976.43237156752
18953.67426681449
27928.150113154996
22157.647904334113
21462.37652125564
26288.93953856413
14777.799719711087
20490.29650782714
24998.169086010024
18615.708839854757
20069.097641599048
19491.75275601372
23345.77442368392
22108.570603189328
26117.286212895113
19030.525402506173
16744.820153703786
22685.84395980568
20018.58772029032
20327.83515111702
28554.927297596198
20537.68233816864
20225.04741867051
18935.669418661524
23864.79669403886
19545.923810172222
22184.01982701269
25430.13397709905
22425.93461242415
19699.97527417136
18935.669418661524
22184.019827012693
19929.53817677067
20859.150806414847
14635.81135152359
18858.901998967318
23301.492446739176
22627.61455625371
17209.00056268431
22264.048421822037
19430.907816792067
19748.401580923542
28554.927297596194
21347.791274646792
24138.710006835965
24138.710006835965
25941.260657930252
28554.92729759621
25314.475700164818
18933.116884816845
16476.54038335642
24338.15709445599
19571.633328647124
19920.2546153792
20692.35488730999
16476.540383356427
21361.67219269949
25243.880582575013
28847.952095553705
32217.799605769003
24429.941986346577
25314.47570016479
15079.913940679218
14707.073369700527
23080.024334790927
26770.969639787858
17569.139017854126
16270.795945957998
20512.604958801774
27475.387106187485
21305.292796017122
20580.07915933561
26213.75326711541
19742.04210290458
21269.81561441596
26940.695508268356
25876.55456756682
24863.755874303286
26045.147733215774
23534.973128736994
24101.61525540714
19092.249489747635
26383.723724756568
17220.373363792405
22552.709380117238
20956.199712108086
22469.271764159
17619.388266373993
18847.78854125858
26935.84769162011
24144.666549877827
19597.3206236737
22020.395346216468
25706.812545582652
20892.186720203717
15303.313836339159
20604.948817190445
29047.23669146296
24520.772762266486
20731.36760312954
22419.0346768579
20997.935425173077
20232.932785837867
30329.646979257963
20250.550645795443
27477.68541416718
27865.418688342164
22172.936019057186
23236.74935469457
27090.294573157946
21174.052517726657
28257.22929468473
18922.91387984516
17438.116029241944
16497.31563503453
18246.055981759517
15863.70223592055
27039.371027549565
18174.923712550288
23866.98751012245
22893.388312306914
22374.088099908604
24828.932690216698
15304.740443213064
21164.866107957987
27854.244094434973
26492.491803658188
25612.45411210481
30637.57365997427
18446.61538361425
18405.177750130475
16502.92880489263
22286.51827734429
21631.157227006057
28763.047136990157
32285.408985743237
30086.806133387865
16715.884674010576
21917.01310841787
20618.708327764787
17979.012146836325
16885.845102211246
25063.45613681169
28029.3015823786
18087.259729028367
13726.904577669186
21151.2952363989
23455.22423623053
29960.548532083936
15304.66515190107
22329.135267571604
20615.416006339416
23555.57343479372
13398.76070341637
18921.790338908024
28590.571988147967
19109.32616144881
38291.32849449462
19662.455519664934
23858.1241974339
26277.43525754596
23815.02059568632
19148.583505789324
15395.817997455288
17017.591309662344
21752.176905312757
14093.1890955577
27813.893850699515
29640.128638843602
23125.857848121035
19515.855119392807
17014.432253227325
14812.283274972888
41639.86277968664
16254.033311101864
24627.49115448512
25830.200944777225
26146.312207095987
27488.11303135822
23541.368855932953
23590.481476366956
25274.021604499743
24706.66323451045
20209.419613440114
26351.3978396794
18091.02721815173
22352.91089897683
19901.627987728636
24981.25785546378
19491.97458859785
21783.360094446823
23054.025414842683
26465.802659981953
17755.197862604888
18978.25293030165
15877.380669046832
20004.798850182553
22965.388284030647
27267.07888989507
15418.368711605453
17845.12547145077
23983.03738165625
18866.924424767236
19118.224126909634
18976.28964664464
17081.376283257254
20340.34972436132
20688.202590408233
26779.03863062721
21001.783136229995
34289.032676499846
20761.405568320253
14907.542671042334
14907.54267104233
25053.518712839737
34289.032676499846
19166.11747447971
20687.101518791198
19088.308231485506
20546.859871106084
22717.416747290627
17759.051532355104
23812.008617354204
19088.308231485506
15178.413491173671
21294.775547664914
32819.043632552064
18366.079725961394
14963.41890663758
19166.117474479714
29651.249960696277
24926.993009243648
27550.420378302362
27697.49674421737
23645.704031892386
15560.202059919999
18349.097870731748
33259.12621195617
23906.10143318587
25327.714245556515
24313.72107101715
26508.97775510907
19727.91720981682
24960.850350848363
16967.253353046995
27407.93600832323
21954.272018977757
41017.17727038138
30036.781959611857
24728.826681971008
16580.167646892183
22586.028390429045
15146.725812883276
22098.22093807391
30039.582447232766
22041.492137346002
14562.91357899183
26190.431800896524
21176.31707069827
23871.650526492856
25492.250237096847
21011.179680783407
30764.918370284882
17538.725797255658
21200.986551630795
29484.911727130784
23205.89896858837
22177.49753236995
14619.213391624246
19442.15334632931
13126.091239557036
17490.624741646323
36477.09473953157
36393.093741412915
20214.70806628739
16593.498019370385
32430.10733843729
29294.82709660139
20647.65949782356
26249.788301911572
20041.935238487524
18573.806591099816
17736.11088054266
26915.04476271043
13304.84878428835
29634.696721244265
18110.162060329574
14503.738458412641
21186.25426117946
18482.699760097013
17113.236011900157
18480.236566199204
24049.96344944155
21096.151047242845
17817.078448485776
24889.157643570557
20637.344034015692
27441.87273726755
17474.71259246477
38656.09602346043
11557.880308493011
14288.903543260385
15678.205283849471
30837.718920034335
16154.122946757783
19505.45093822389
17493.935829478425
26879.873142181015
20777.04004060836
23160.350426200042
29683.14918309259
23402.020834927444
14870.325006165516
18862.499477364672
20630.811429295485
27600.93735482926
28999.63600130347
25690.901758845906
28961.71996090397
19581.89484028745
23511.510491519053
39505.021178572504
21410.79600332868
20843.503722410424
27912.55735718088
18409.279627683907
22433.161713695717
21624.29495292155
27216.497724985988
26118.984261743433
38931.2632548081
24985.732483771102
20010.138713028802
11837.404887654831
22624.080977151636
33413.132113925814
21767.755377958496
19675.567692852233
18319.084855429282
25310.323498900772
23284.792268521618
21883.285454988774
21216.394966361284
26629.77007756257
14574.742626177736
16153.129674181046
21153.188086683174
22339.31434793889
19310.24920989966
13998.226569303379
11579.158685956343
19804.05870626843
39493.167523790326
32759.807258067227
30077.628901297183
21176.61573500554
13951.55274237769
18692.022502118823
21322.032114855738
21696.855293448392
17413.839880609023
23473.382109606904
22441.10143162859
21358.678206520202
18129.880409097692
18073.28794597937
22741.580965651687
24003.600812280285
20452.338368862856
24170.4677612258
15430.317859480738
19689.9927608318
25625.845420712976
21192.78527008757
20902.927510018733
14224.758310792446
23274.379920026455
26673.525450512683
20189.00429881819
22983.185191854616
27361.949185561465
27361.94918556147
20639.33462839254
20189.00429881819
18758.46866146528
28627.392305639645
33632.65394291454
18855.508539832583
21597.632201144115
25204.24268847132
24115.22571698555
33632.6539429145
19269.319253752146
16786.296844279823
21261.989841265487
20373.14956646981
16286.402387623168
18758.468661465256
18586.619282517582
23350.05986021605
20554.385303539104
17802.74123600969
22885.874338874666
16477.5729820474
19775.606693323756
22034.23023571078
24267.36498294183
21892.53274249549
28268.973934930484
24104.112668327998
20167.234102009752
17857.434220823816
17174.063786611354
16961.16922368236
25704.53311945553
32931.20398594123
24369.099591192262
16683.611636372225
21782.025916874034
19693.33635381557
17126.983129214714
20028.409634480806
21169.478339388956
21957.262369912558
12538.81898991775
14806.91438644216
26390.76590999169
27302.01346984067
31375.82471657948
16182.570155813166
26205.313573835345
19509.416888011972
19705.101039437635
31033.187143266492
11811.065561523557
25612.934266262928
21372.66161263105
34390.114194749636
15704.95128498249
15790.798070070126
18500.55750719272
25816.56926279505
39904.741733981
20981.920690158415
15859.483297049188
25271.54529997507
26054.21060910639
41049.39849848836
31289.009405330402
15882.553733936811
13304.324369602651
26640.671829881823
19151.450494538327
20077.039270913938
11015.538981622996
22004.788755332895
29624.01762075944
20930.4734160579
15591.967077438923
22468.55695824592
22952.343008495798
9044.11939533667
21500.385230981534
20827.053459839604
24317.91253369546
23638.254370765346
18153.515571788852
25572.282273942947
17639.791743574868
18868.62729599193
24318.935656276342
25599.452397982936
19995.861878986107
17483.46105305872
21111.876634013777
21480.567602289273
21056.556833043167
19847.369000972445
21962.53396991304
17686.45632388596
19378.887327131255
20290.350447034627
19712.349851789902
25876.73854634355
22226.808497977014
22874.39755280299
28637.346224476398
20176.13630215364
20184.063000837217
30847.446572265504
23032.158503256123
19608.359797690802
28779.138678665535
31629.549651494155
25623.49367399072
17905.92796841283
22545.25001276993
19474.01934857352
18205.99978913948
33273.930535361345
25420.217963390245
20131.756692770585
24667.52712579906
25925.209655755523
18536.517793812895
24440.071947367116
33009.26686698023
30820.906516175637
23020.978604139582
17473.932601707576
17127.434257217214
17562.7181294849
29748.64674212161
19563.415670138005
23123.178665486208
18870.646511657033
20006.405347288255
23787.348099814513
20410.143630152
18683.69799263277
21474.17951118635
27125.347399159808
23558.8696369232
19324.74987033198
23895.36531507976
21582.51655955412
24744.49925592724
26631.745305687014
21495.928406328527
20297.953810542276
24141.016031001993
25728.330701535484
22228.867456645905
19075.695008313283
22214.998148696104
23147.990895916933
19174.392208955596
22825.629312350145
16050.19568753069
21147.664793412805
24815.508595858784
20279.015261514152
21284.21260893702
21914.5326166502
24040.717331505177
25601.669145907348
20056.918467888372
19179.423139040286
24419.613880350884
24419.613880350873
21877.60685112546
20056.918467888372
24049.575073942353
20768.12127893293
20200.69011876374
27048.475067198626
23256.164146149782
20029.614511507476
22895.43721731774
20200.69011876373
20849.657487105924
21082.29023069849
22660.56095588561
25067.61217127934
20231.34356903272
24049.575073942397
16776.79257964202
19421.85123943979
27017.822882469685
20543.31181252906
18772.457152490206
20605.939129254628
25489.24555733847
23567.036654366973
23736.644258140594
22922.74156472565
22566.559734770315
24736.2864736152
21075.535192213036
27363.912188536942
26073.481523195554
17083.719157298154
18410.880950875093
28271.236353079927
21569.125620310497
16483.86967389975
14692.3579714984
23353.213929927453
24933.16631716947
25934.313368784493
19383.906671999255
18343.32413458347
19905.43711746924
31065.700076361245
17418.465502468298
22456.44627504417
29635.871093746056
24117.6015594642
30781.165546928998
23167.97897193506
24757.610452348934
32270.258061463646
26513.891625093922
19854.13467088392
20729.882477630472
18735.566654083384
23887.395621334625
18004.87707038546
26307.624680945162
14943.43979704073
20925.730271021795
23990.17106657785
26068.787163393074
12427.038468302293
20433.06013681672
19344.96143664427
26843.88500209776
26754.829329078344
31864.561207719915
25845.758881379978
28158.27728778743
18454.21622533386
16549.405176916112
17670.96103885895
23966.791188335414
19155.510591839342
22258.56350044127
20279.88082645553
18798.661990698412
24875.738139196153
33207.84697813976
16133.616873442983
18149.36249911263
26545.714348398225
28347.624725430367
21745.201832945288
27658.027237052604
22484.417828804813
20281.5684516761
28914.730437875805
23865.252733334713
18545.767432449677
21508.242478142656
31910.842979417215
25665.727035638905
19013.804781979306
20654.018684070765
16137.075961444953
10485.377198163827
26046.038641270723
17916.280144121523
26281.53903318141
16402.955772715286
22312.322661506743
27189.01427953195
30519.84855834925
20745.53684026434
27380.189294345746
23912.447420254328
18664.02976550856
28504.126812030154
18372.424051903417
23207.676038794973
19193.662536514
18280.536322698965
22989.942824078025
38619.31933762534
16995.428038284746
21299.670902100854
21279.410529353303
21613.21263102761
25944.329372203138
11919.405493064663
14667.2041766365
21634.074735498394
25454.401296216944
16054.143403251855
23369.96247116939
23686.138471503484
22849.790107087323
23432.646706799653
17240.873785908996
22987.48540532448
13255.156520573453
23763.60709229101
19604.988503352793
21339.68645103177
37423.91140218207
24574.102842133696
30404.024532549374
21336.05585379931
17822.177301530784
21740.831918688775
21698.79148749287
23187.17209734337
25215.48927513265
18413.889239150598
18543.57455575371
19963.962476362878
25048.521806956323
20414.344108893012
24337.986770616455
25963.805555799074
20001.942091736295
13890.334862730942
20368.180962308652
24994.00144032293
26790.286403561728
19973.106808718272
17934.21502637559
25401.859103011044
18530.764087468953
19477.710557004255
23784.601599447287
19433.509556088524
25090.31587884009
29924.71976532136
29924.719765321363
19502.830345115686
19433.50955608853
20539.549634251074
21230.500290833603
24693.011401472453
23101.60149385836
20935.63921925134
19204.669129044603
21114.950285339983
24693.011401472424
20376.242663770478
20960.495816400973
24680.143292957004
21114.950285339994
19381.14859877096
20539.549634251085
20092.824494878605
22903.724019291425
23905.044371425265
21379.09293136109
22229.240827376954
17427.87867374898
19702.757021437006
23905.044371425265
24498.392561363296
20595.03197949939
23628.101305117023
24716.40990976017
21617.923215107192
20539.54963425108
27616.52627741325
23887.805267905336
24681.698480643598
21955.39492570042
19522.36070401989
16711.640099728837
22520.40320671359
27106.190188350065
23978.558487513248
21581.467656845514
20752.984139656524
22103.02500799543
18177.301130001793
24969.61632698836
20995.44950407761
18752.668907790045
20467.13296799276
23605.40276353242
20924.90007282222
19884.107789599217
17856.840146726285
20467.13296799276
18058.516095719664
20963.619864626933
26647.432305930768
22337.171156224165
20308.4298169897
24969.616326988365
19312.954088090104
19032.859699507884
22814.197297746054
19527.33883502854
18738.273854589417
18021.907290206334
21726.250440187385
18548.086522045374
21332.285218620545
21427.830351608005
23996.309749984535
20082.262344672057
22428.63666409971
27663.011627640426
17868.446721600278
19826.008867863176
22426.538638535938
27927.466841660455
20330.807691163034
15941.317772995064
16755.633079062693
22426.538638535938
24596.460067008542
20676.337716962436
27294.530725152883
19152.617869169015
23909.91440813084
27663.011627640415
23990.579631912908
25295.37746160764
26641.036056017598
27490.32627150485
26155.42185706781
17190.9945170519
23911.142544324404
18240.474105587324
20143.42330017515
19082.220306663352
19306.60813221265
17858.761094514917
18970.32317097389
25459.103969935797
18660.437382311622
22282.568831406603
25488.97619434952
16564.573748656527
24437.420213220365
20743.63453552673
28622.08565898155
25488.976194349525
24513.050608806876
23392.43794082637
18450.00158026066
27654.69079833819
20791.104593053733
25459.10396993581
27785.92854956498
16713.66353349635
17675.036577457722
18871.482812385773
22615.714343768483
23598.320682511225
19668.500985171955
25762.760273503405
26320.251093050523
24238.67277553117
30274.854484728414
26459.113474943933
17633.172939664844
25966.436415987057
15700.285954030518
20138.516347172725
22636.56353974516
21429.37065505594
19761.861029773227
20383.46427171737
22446.202088708545
22636.56353974516
26276.275114950367
21799.48251492381
25975.039065009496
22089.5987444929
24711.782880069586
25966.436415987053
24833.517559488108
19696.88830407978
25041.378200739975
25869.1478751376
22203.927309481754
12956.590283239671
23331.073182937773
22287.26825518298
21053.836803091388
22747.01747049611
21997.183542378432
19796.72072014173
24571.998471985287
22779.565939158892
19419.424898310845
21554.894499669317
30069.655922701364
27383.547088096842
21554.894499669317
19911.021582754674
17773.710967458443
30069.655922701364
22779.565939158878
16564.421665782982
17631.91335254017
17631.913352540163
23395.871675684073
22779.56593915887
20387.96663666912
21286.39546158038
27146.246764194046
22262.219194171703
22213.99297301628
19906.149635879763
22135.8944623606
27146.24676419409
22065.31440288684
16745.639096170577
22262.21919417171
23939.98876277669
17814.080571219925
20387.966636669105
18718.43053396532
21131.24422170594
22262.219194171703
19442.679990126042
21131.24422170595
19739.53414389865
22213.99297301625
23645.381621865778
20387.96663666911
21286.3954615804
23257.63504540395
27146.246764194068
21832.252278810476
23973.290894493985
18370.603554347497
20790.71614772822
25633.69126151021
22082.110034089976
18775.726914908446
18440.947827160046
21781.991234414458
28904.584081698456
20804.88042647551
19247.801703104393
22082.110034089965
18549.340426010713
17998.47593332799
24201.63353639518
18914.588877908496
25643.601106478884
22082.110034089972
20329.247057079596
23236.1513730895
20595.633926522103
20781.68341504394
23985.28862926386
18370.603554347465
20790.716147728224
24236.9859227006
28904.58408169845
23221.56623653288
20066.091141555495
24833.59490479096
20165.19300481824
18112.39277079851
25831.06859572498
21508.397855817428
16777.28835720144
18974.34392848527
20521.98370473823
21806.36621486541
24754.007268188372
25831.068595724966
19250.677429922296
19803.73691543061
25019.152694390268
17726.719243411102
23577.58801817515
25831.068595724966
21644.59035532456
21128.852805689756
20672.11031594252
19462.773124115913
20698.474249917046
24833.594904790956
20165.193004818244
23837.022704938387
20521.98370473823
20026.09891683912
20288.81535987593
28167.782289093797
19962.238604617523
24205.654377055624
21631.554252292794
21119.51348469155
18113.67415537511
21746.236374599874
20740.712314898505
21691.193192889106
23228.55607000547
21631.554252292804
22827.512946714927
23062.08490156055
24619.743805230508
17072.36539162005
15990.709974529362
21631.554252292804
20537.50751831427
18673.504404343803
17060.98352736648
22074.950926744896
22711.072906294477
28167.782289093786
19962.23860461753
19261.684925196216
20740.712314898512
24413.231492329454
23594.879305329952
24434.76190137224
21573.554586476515
20197.355853337478
24676.869207312273
20519.006895905528
18919.485526412947
21583.048860421353
21428.250145653798
18444.661698448996
24045.665111527924
24676.869207312255
22606.191051212732
18829.028600244263
21643.508323813923
19033.107248109744
20127.928151567237
24676.869207312262
22915.061270013408
20517.010584207033
19290.704541283092
20514.469269319685
23332.250383157076
24434.761901372243
21573.554586476537
24745.423968684176
21428.2501456538
22225.296795291026
25768.826655609046
25187.823358821952
22376.589708713334
25472.01822985348
21683.868069558757
19758.397059006977
20988.34169487306
22807.381488687995
22564.394146759987
22023.25144357356
22454.02603365592
21683.868069558735
22807.381488688003
21098.480752621814
23993.963594912108
20559.677522210604
17530.152637755622
21683.86806955874
22454.026033655926
20750.75133202223
14271.280104703537
21772.24453163459
25939.568041188995
25187.82335882195
22376.58970871334
22564.394146759983
22564.39414675998
20462.360156598268
25187.823358821952
23828.502488659364
17275.745310652273
25404.994510474957
25233.975006100223
21878.966888240175
19001.53384714459
21270.824476489768
25404.994510474946
27376.199372568364
22770.033216481832
22508.203714630854
25659.07781830423
25839.352464375377
23828.502488659396
12172.36324072076
18867.332405081568
22508.203714630847
18138.0854600863
20864.94395600939
19449.896042784683
21878.966888240186
22392.298120892796
26510.641961343612
19467.280577388425
22879.492397717928
25404.994510474953
22827.22284813653
18985.76839521953
27652.71668288408
16351.131464495236
24872.294875771026
23785.082689717685
23030.343958324855
14087.17312654124
22761.562448712335
22743.567765885226
26254.490552514653
24088.033680038523
23594.328433733484
24007.45362011883
24802.282679707176
19259.358369016132
13939.37556002151
18919.496098684922
23594.32843373349
19607.797333305396
20022.43799367828
23002.210892174226
18829.115573997853
21998.10576292923
24525.188106064656
16250.188395746065
24149.676916392786
22743.567765885233
27437.623173565356
22704.06114608421
22586.816657127652
21909.76579696618
23930.149300765843
18584.389193299754
20299.645138214633
16793.45465328263
22040.552289561987
25206.42959144713
22852.61595785931
19691.395347865957
24455.974921596593
24963.855233452738
19669.88169356707
21193.043822430067
20504.754881281588
20300.773485723574
24455.974921596586
22702.44712618477
18295.371868457663
16965.771861211506
20744.634686448695
25089.734523405135
17384.559481091554
17703.39371905184
21359.602377546827
25206.429591447122
21435.7809489814
26766.324575759107
23099.205997368317
22234.619182003706
15759.047750488051
20606.42436552032
22557.83848556397
19761.4197039351
18140.328916577357
20698.989277238004
18926.007962871106
29989.42950455377
21116.179313723984
17696.092374052667
18653.637350001685
32718.268169942465
21560.879982955954
18797.94248644441
21116.179313724002
25293.26557471152
25195.522594219332
15335.792721751492
12269.540035585476
24926.097800720825
26760.521995389234
24743.81959929633
26980.916258594214
20698.989277238004
22180.458427959486
25062.432381511837
25587.50873603955
22056.542703773623
26822.26857392859
20098.201833847943
25584.08310526421
19445.95923661981
20782.36564162278
20822.54900556498
21236.036694745253
18137.502788006404
22421.522011727895
16344.113524193981
14002.437424231048
22597.450313578327
25469.1534383408
23026.887127404472
22421.5220117279
21815.443638136217
22677.72282821949
18312.54437252323
23527.035353302977
27541.020687278713
27658.205568370206
25460.120732611926
18937.995433225562
20822.549005564975
19979.631290598227
29300.010063434314
24235.208571135125
22958.113851536968
23863.487355600486
27824.635251767468
19361.731157476785
18862.878140118515
21404.038159441006
25816.022545686854
19608.12872261719
22434.17333717755
23341.517588684263
21959.44691001153
19265.742497393974
23307.762563101824
20599.589655633717
23830.775650356292
23341.51758868426
22434.173337177548
21555.129235714325
17957.912228152247
19945.211176501733
19369.758525599253
20305.961319066257
26294.953218227834
25816.022545686854
25816.022545686854
17553.19203953645
20305.961319066246
30028.64083990287
19711.1564752704
18027.197942556733
23581.053846533305
19902.242796416973
17894.429989984077
21711.688513013643
18027.197942556733
23826.091618329458
26201.04105620566
19943.31145710966
17298.08127582876
20932.005887128154
30028.640839902884
18491.043705105058
16856.80258478347
19943.311457109663
24191.928766855206
21162.75642489893
18136.81396446297
19902.242796416955
27243.753707757052
22524.59574637395
20344.64452629447
22167.202033959336
18027.197942556733
21133.752034476693
27406.57454145743
26253.626996291558
19255.721205868947
17837.81359150813
25356.674126392405
23454.698250735986
16204.515622650231
20473.467847686006
14240.027191909563
18026.635266162895
24349.633837395355
28372.039435869032
17866.259463502276
18405.50674650796
23823.149756638497
20235.08106991833
21791.578382341977
28372.03943586903
24105.41556181813
18161.357012983313
20526.389309427876
22627.08034457831
22659.852391914214
27113.76343443824
20486.750728002255
17436.02303052051
14240.027191909554
20390.419681937674
30471.13751401125
20710.439494063106
20042.68816796357
24508.88324754562
23194.068855680223
20723.663793989945
20776.265523082377
22487.147235966575
21564.999400499448
21361.51183757769
21119.565586629345
22637.666196307386
20357.268746105663
18663.252323428278
24701.75676221441
20760.750124805287
20706.52498352093
22637.66619630739
23524.639964303376
23349.08061780709
18025.277344938575
23180.24041895042
28947.03456221533
25377.3387073312
22419.303481850406
25677.436658630817
21564.999400499444
23130.56177675163
27218.539475910937
23730.808570107296
25386.624442396555
25033.689221319673
26981.726193216527
18644.11340608879
11685.975626587473
18263.24456097843
24057.756036077946
21755.20044998296
25254.0483033514
25743.59466104787
17895.52978894937
20546.79409844512
26509.758014282896
26262.27652232839
28953.049395456543
25743.59466104787
24384.33868552841
21682.505768096664
16830.94748257893
17861.696962108246
20871.04233400143
20212.99077913761
18596.147340138617
20014.377533094932
24057.756036077935
17739.91634794914
19390.613645227768
27912.757689546175
24566.533045398406
24600.316391501725
23967.35966635235
21430.329519212653
22083.006637306866
19365.510250413845
29348.3081858554
23793.76780870878
17547.164330299544
13525.58661660979
22573.51608258344
20107.50285298589
26447.590860773977
14741.31095259395
17444.495328922178
13525.586616609791
17945.23651492635
21590.19401562688
18558.38616611758
20766.075107364253
15444.611216640273
25930.27886118841
23623.093921943822
25032.081068387117
29348.308185855396
21394.734258514487
22633.916769208947
24607.57248571234
19276.78468800016
21413.493307968733
21682.228490026922
20416.629029630996
19411.30115699807
21928.96389814057
24833.201406410313
20681.229272702763
20074.991571360897
25292.849848453807
24278.28911898837
17723.387536386934
18128.194375522868
16894.115729007255
21200.229144286255
25292.849848453803
20074.9915713609
19366.962816433188
20847.45878875607
22133.467106392334
23776.08675729127
20538.53212463527
19265.506211024076
24833.201406410313
24833.201406410313
22956.70313798722
20538.532124635254
21924.72196901657
23645.356898275015
26916.519961274593
21758.294637525865
21132.094768974555
18674.24486631706
22543.40232176053
26916.51996127459
21777.479265245
19099.7348864331
21845.74016167798
25001.80860077288
19170.994239975294
21924.72196901659
19782.688071835684
19472.958187206783
21845.74016167798
20077.970064173234
19395.34137657906
17662.55850177561
21132.094768974566
22346.386974935063
18029.605060512607
21137.764299105307
21253.52592192388
26916.519961274593
20003.557747307583
26199.04112072815
15801.568936674119
20234.54528776715
17054.152224857746
25639.038850599176
16122.990021828173
18608.857692863596
18874.519694358354
23418.20861396423
17908.237059058283
23679.265405319038
30050.364367830945
20102.69801881141
16971.53500799566
21852.663653981563
21333.16798730495
28158.67235529594
30050.364367830953
23923.37763776691
21832.966613231492
17237.280418867707
21248.594838071615
21977.77533259121
21703.88714824176
22109.259510823766
25529.339433682933
23418.20861396423
19379.93735612936
20245.802339538233
23829.83529957079
21868.18803783282
30768.87446455256
22940.758471042856
19667.449951727194
18759.7290740032
20948.365472754056
27952.844600688066
24753.070111357458
22902.286573944682
18010.915367181617
27438.00357170388
25948.59550531217
22774.383836155932
17083.311859318303
17247.061066644157
18010.915367181624
18652.325392672894
21688.667105738677
15893.086635392956
19790.139422466622
23430.260781826677
27521.350847498183
22562.182004070408
22914.57995552038
27952.84460068808
23178.656937571483
20369.240159136625
25539.183663649485
20798.7356818766
20431.894160998014
22301.349589384317
19863.11926484302
16051.950947208208
22211.538413917042
22957.001881546534
19398.663048929797
24658.145147232848
27916.13531096776
21965.385144393
17770.508155401352
19110.99817318477
22010.839042476284
22864.430458105355
27916.13531096775
25096.11430084269
20646.19750288921
19337.729853445322
17409.65006102502
24797.758502637076
18962.03823608799
19854.522096743156
24233.80692147269
22957.001881546534
21956.492122756288
23225.23013797404
28747.02998413854
21346.78518376872
22909.106697200285
17533.05364639385
23137.194266525243
20396.96919481946
20439.888401581025
17448.495002714382
21899.325629746778
25091.56807468754
19268.880748126663
20220.549721109775
23711.345209049545
28454.490098234393
18950.683453668982
12892.516711416052
19268.880748126663
26439.228504199382
21743.67549482424
13259.574275857984
16860.791688019908
27876.911488293907
37850.60309269269
26188.775981467094
21382.975446612745
17448.495002714397
19746.438992494674
25431.439548645234
23856.58480100593
20582.727991122883
23121.61091367509
21356.937258091184
25864.390695972474
19631.683690176964
20433.330016353622
20025.524009947923
21383.28277287666
19858.301198800043
19304.840523155282
20062.501619290935
18151.635881878337
25918.021837281456
17470.18296387794
16941.067510479872
19304.840523155282
19858.30119880002
20193.925055061398
19975.462541870646
21480.425396728453
25194.907891274965
28824.915478985364
20327.8467092985
20025.52400994793
20025.524009947923
24158.071338052
28824.91547898537
23780.350986293004
16709.032327816676
21345.088448848415
22949.118459004916
22085.985407045067
19722.358572698537
21902.733609285347
21345.08844884841
24524.379441204062
22404.43025373884
24710.33119561688
20883.572662965533
21317.139363219296
23780.350986292982
14872.083535198532
20280.05099114549
24710.331195616865
21552.570528959688
22628.96461194358
20867.978642509905
22085.98540704508
26095.188339063516
25709.306798668506
19865.523691180562
25635.341805214302
21345.088448848415
23229.0251403926
22256.17907406987
25140.45044069568
22514.560840494712
25388.82756224468
22449.97991630608
23859.534224395615
14271.853266252387
21376.398142266786
22198.159547245927
19708.364089082606
19751.293839683924
30125.990625839677
16444.08116847968
14024.721658321545
20464.787414107126
25692.335329424233
29521.326480378943
30125.990625839673
23823.283992056895
23252.247527004303
23092.088611652645
22933.954753639424
27654.30278909954
19083.673448797672
17264.008693894168
22598.171113115775
22198.15954724592
23240.39387487911
24412.851088463787
24500.33400186362
26895.205341875568
21214.457534472764
27085.357702614518
20940.44727514972
20366.49878195836
20776.12965622641
19168.795515323058
18576.336756643406
27916.211321292667
22910.280823563855
18668.282468177626
18462.840580365533
30496.316120944393
21134.62309273707
20772.202030762957
22910.280823563866
24585.797343345053
23259.836419407202
17615.23484509056
19498.36794166974
22852.46221166921
30162.24159816188
23154.320422602592
25378.064405495486
19168.795515323058
20536.09285899347
23307.160435906924
21133.644279156117
21276.81942276907
27143.91617381514
25236.133816238194
24554.143527777695
15478.228885612614
20489.02685537184
19907.014831992736
20515.802320774626
19965.37705550267
29265.30172313181
21115.665368734037
20310.93878879904
19168.04040584488
20280.804837924257
23429.475430408685
29265.301723131815
20250.036126974162
20123.84113851503
18726.301053773503
23543.951284620704
23500.335308167345
23768.615300833408
19327.008394205695
13831.202386529338
19907.014831992743
19905.10861904518
24601.191803037058
22019.84335266528
23856.73347719542
23047.393767028618
17923.272216373203
16071.442214331726
18694.70245145706
21153.214718899522
33054.39126487863
21370.66232557337
17967.46063225283
16558.568679731514
20667.21359067123
14640.355525855497
23226.734734460355
24342.984384386884
24505.416897183717
16558.56867973151
25032.995133518158
20913.518113360005
18415.23102155719
16797.95592553269
22226.139277914164
17883.35025798586
24681.304957501663
27719.62581723453
33054.39126487862
23778.244515253216
28124.826310404667
18652.44224032341
22176.975278788726
24028.24547954437
25752.773839573554
22451.36787138665
19996.433845628802
18659.05709062083
23279.559817478454
18791.5870851473
20377.412723142337
23732.610092499366
18567.238840956405
16683.763454868233
26303.439968667277
18496.681877193114
25445.338283863857
23732.610092499366
20377.41272314234
22375.107929505433
19770.830914699374
22415.080557583628
19340.594160112127
23136.64683637921
25113.680556575528
23279.55981747846
23279.55981747846
18469.302396300583
23136.64683637921
24359.45206101758
22237.009979911047
22798.154685589994
23160.871757379464
20881.166382887634
18977.021193616907
21143.06926375121
22798.154685589998
20766.13101030195
20979.418853239167
21911.455504694608
21143.06926375122
18865.869489040047
24359.452061017575
18893.62375844726
19528.898975591
21911.45550469461
21300.205409423525
20466.893752489363
18602.064711260755
20881.16638288762
21911.45550469461
22897.657396734285
21216.092606051578
23077.26633282383
22798.15468559
20766.13101030195
24359.452061017575
20267.360998652406
22247.3712043969
26000.950746868373
23534.909044043052
22295.58260608966
21033.908696715233
20831.390129779124
25789.095041335884
20947.83527327175
19085.47058139917
22455.547553687604
21192.49799476204
18102.62732648539
21979.609622069813
17460.585657205418
22641.271919624425
22455.5475536876
17059.55924058193
22070.10680315802
19332.04865016164
23701.638333284915
22455.5475536876
24410.527026753254
22039.619091414424
22547.087984945127
25789.095041335873
20947.83527327177
21979.609622069816
25256.569354850657
22437.220026934214
26902.780160993305
22115.501875379367
20290.044957246897
19924.984889851858
22682.388314530286
28829.16835027275
19932.36643708067
19924.55464516074
21467.529100381325
24106.09752762034
17830.75125647826
19383.90204360206
20213.500674117284
19756.013295721885
21467.52910038134
19957.308310035194
20485.073234406904
17332.17118033777
18760.609365246797
21467.52910038134
20654.24693348871
23912.67323370881
20829.776628836546
28829.16835027276
19932.366437080665
19383.902043602055
19956.03423880084
16909.63156846026
18168.625615056342
20181.14986162266
20086.584126974278
22764.085437050464
20768.528825163292
21335.55757701825
21233.47370367668
22602.723031390004
27487.747221292266
24019.155209599885
18536.294710123468
23005.087555209117
16106.543219479954
21113.522481852142
27487.74722129225
22025.960659440716
20155.236802475945
18100.26035753576
23096.42453744112
27487.747221292248
24929.52840527341
21623.08853983094
25335.680105509793
21335.55757701825
21233.473703676715
23005.08755520913
25000.76155380345
21228.78223840811
27598.356345897984
27656.038001655885
23710.89999240632
15788.311321599253
22105.842075864082
23282.597898155604
23842.748729671013
21917.23401013326
21085.561452474823
18968.211009706214
22378.32116840202
23965.764659472614
16825.251595905902
21442.997846750644
21085.56145247482
19175.113609792515
23512.25213611465
23240.886704591736
22013.985652937296
21085.56145247482
27006.959295415545
20545.706498158906
23728.36134444209
23282.597898155607
23842.74872967101
23965.764659472614
23485.454488272633
19691.290592236386
23452.233383761406
22723.09332491368
21110.19115167561
19183.855633013303
21635.29417609308
22340.873899549064
21698.249189869388
20857.59364197131
26680.67898483027
24508.5354940167
19222.91467437875
20479.940127664162
18212.762955884027
20667.63038471972
26680.67898483027
20857.59364197131
20667.63038471972
19058.370326204422
22720.697848415286
26680.67898483027
20479.940127664162
17406.720317480107
22340.87389954906
22340.87389954906
21698.24918986938
20479.940127664162
