$MeshFormat
2.2 0 8
$EndMeshFormat
$PhysicalNames
180
1 1 "cell_0"
1 2 "cell_1"
1 3 "cell_2"
1 4 "cell_3"
1 5 "cell_4"
1 6 "cell_5"
1 7 "cell_6"
1 8 "cell_7"
1 9 "cell_8"
1 10 "cell_9"
1 11 "cell_10"
1 12 "cell_11"
1 13 "cell_12"
1 14 "cell_13"
1 15 "cell_14"
1 16 "cell_15"
1 17 "cell_16"
1 18 "cell_17"
1 19 "cell_18"
1 20 "cell_19"
1 21 "cell_20"
1 22 "cell_21"
1 23 "cell_22"
1 24 "cell_23"
1 25 "cell_24"
1 26 "cell_25"
1 27 "cell_26"
1 28 "cell_27"
1 29 "cell_28"
1 30 "cell_29"
1 31 "cell_30"
1 32 "cell_31"
1 33 "cell_32"
1 34 "cell_33"
1 35 "cell_34"
1 36 "cell_35"
1 37 "cell_36"
1 38 "cell_37"
1 39 "cell_38"
1 40 "cell_39"
1 41 "cell_40"
1 42 "cell_41"
1 43 "cell_42"
1 44 "cell_43"
1 45 "cell_44"
1 46 "cell_45"
1 47 "cell_46"
1 48 "cell_47"
1 49 "cell_48"
1 50 "cell_49"
1 51 "cell_50"
1 52 "cell_51"
1 53 "cell_52"
1 54 "cell_53"
1 55 "cell_54"
1 56 "cell_55"
1 57 "cell_56"
1 58 "cell_57"
1 59 "cell_58"
1 60 "cell_59"
1 61 "cell_60"
1 62 "cell_61"
1 63 "cell_62"
1 64 "cell_63"
1 65 "cell_64"
1 66 "cell_65"
1 67 "cell_66"
1 68 "cell_67"
1 69 "cell_68"
1 70 "cell_69"
1 71 "cell_70"
1 72 "cell_71"
1 73 "cell_72"
1 74 "cell_73"
1 75 "cell_74"
1 76 "cell_75"
1 77 "cell_76"
1 78 "cell_77"
1 79 "cell_78"
1 80 "cell_79"
1 81 "cell_80"
1 82 "cell_81"
1 83 "cell_82"
1 84 "cell_83"
1 85 "cell_84"
1 86 "cell_85"
1 87 "cell_86"
1 88 "cell_87"
1 89 "cell_88"
1 90 "cell_89"
1 91 "cell_90"
1 92 "cell_91"
1 93 "cell_92"
1 94 "cell_93"
1 95 "cell_94"
1 96 "cell_95"
1 97 "cell_96"
1 98 "cell_97"
1 99 "cell_98"
1 100 "cell_99"
1 101 "cell_100"
1 102 "cell_101"
1 103 "cell_102"
1 104 "cell_103"
1 105 "cell_104"
1 106 "cell_105"
1 107 "cell_106"
1 108 "cell_107"
1 109 "cell_108"
1 110 "cell_109"
1 111 "cell_110"
1 112 "cell_111"
1 113 "cell_112"
1 114 "cell_113"
1 115 "cell_114"
1 116 "cell_115"
1 117 "cell_116"
1 118 "cell_117"
1 119 "cell_118"
1 120 "cell_119"
1 121 "cell_120"
1 122 "cell_121"
1 123 "cell_122"
1 124 "cell_123"
1 125 "cell_124"
1 126 "cell_125"
1 127 "cell_126"
1 128 "cell_127"
1 129 "cell_128"
1 130 "cell_129"
1 131 "cell_130"
1 132 "cell_131"
1 133 "cell_132"
1 134 "cell_133"
1 135 "cell_134"
1 136 "cell_135"
1 137 "cell_136"
1 138 "cell_137"
1 139 "cell_138"
1 140 "cell_139"
1 141 "cell_140"
1 142 "cell_141"
1 143 "cell_142"
1 144 "cell_143"
1 145 "cell_144"
1 146 "cell_145"
1 147 "cell_146"
1 148 "cell_147"
1 149 "cell_148"
1 150 "cell_149"
1 151 "cell_150"
1 152 "cell_151"
1 153 "cell_152"
1 154 "cell_153"
1 155 "cell_154"
1 156 "cell_155"
1 157 "cell_156"
1 158 "cell_157"
1 159 "cell_158"
1 160 "cell_159"
1 161 "cell_160"
1 162 "cell_161"
1 163 "cell_162"
1 164 "cell_163"
1 165 "cell_164"
1 166 "cell_165"
1 167 "cell_166"
1 168 "cell_167"
1 169 "cell_168"
1 170 "cell_169"
1 171 "cell_170"
1 172 "cell_171"
1 173 "cell_172"
1 174 "cell_173"
1 175 "cell_174"
1 176 "cell_175"
1 177 "cell_176"
1 178 "cell_177"
1 179 "cell_178"
1 180 "cell_179"
$EndPhysicalNames
$Nodes
336
1 0 0 0
2 20 0 0
3 20 3 0
4 0 3 0
5 0 0 3
6 20 0 3
7 20 3 3
8 0 3 3
9 1 0 0
10 2 0 0
11 3 0 0
12 4 0 0
13 5 0 0
14 6 0 0
15 7 0 0
16 8 0 0
17 9 0 0
18 10 0 0
19 11 0 0
20 12 0 0
21 13 0 0
22 14 0 0
23 15 0 0
24 16 0 0
25 17 0 0
26 18 0 0
27 19 0 0
28 20 1 0
29 20 2 0
30 19 3 0
31 18 3 0
32 17 3 0
33 16 3 0
34 15 3 0
35 14 3 0
36 13 3 0
37 12 3 0
38 11 3 0
39 10 3 0
40 9 3 0
41 8 3 0
42 7 3 0
43 6 3 0
44 5 3 0
45 4 3 0
46 3 3 0
47 2 3 0
48 1 3 0
49 0 2 0
50 0 1 0
51 1 0 3
52 2 0 3
53 3 0 3
54 4 0 3
55 5 0 3
56 6 0 3
57 7 0 3
58 8 0 3
59 9 0 3
60 10 0 3
61 11 0 3
62 12 0 3
63 13 0 3
64 14 0 3
65 15 0 3
66 16 0 3
67 17 0 3
68 18 0 3
69 19 0 3
70 20 1 3
71 20 2 3
72 19 3 3
73 18 3 3
74 17 3 3
75 16 3 3
76 15 3 3
77 14 3 3
78 13 3 3
79 12 3 3
80 11 3 3
81 10 3 3
82 9 3 3
83 8 3 3
84 7 3 3
85 6 3 3
86 5 3 3
87 4 3 3
88 3 3 3
89 2 3 3
90 1 3 3
91 0 2 3
92 0 1 3
93 0 0 1
94 0 0 2
95 20 0 1
96 20 0 2
97 20 3 1
98 20 3 2
99 0 3 1
100 0 3 2
101 1 1 0
102 1 2 0
103 2 1 0
104 2 2 0
105 3 1 0
106 3 2 0
107 4 1 0
108 4 2 0
109 5 1 0
110 5 2 0
111 6 1 0
112 6 2 0
113 7 1 0
114 7 2 0
115 8 1 0
116 8 2 0
117 9 1 0
118 9 2 0
119 10 1 0
120 10 2 0
121 11 1 0
122 11 2 0
123 12 1 0
124 12 2 0
125 13 1 0
126 13 2 0
127 14 1 0
128 14 2 0
129 15 1 0
130 15 2 0
131 16 1 0
132 16 2 0
133 17 1 0
134 17 2 0
135 18 1 0
136 18 2 0
137 19 1 0
138 19 2 0
139 1 0 1
140 1 0 2
141 2 0 1
142 2 0 2
143 3 0 1
144 3 0 2
145 4 0 1
146 4 0 2
147 5 0 1
148 5 0 2
149 6 0 1
150 6 0 2
151 7 0 1
152 7 0 2
153 8 0 1
154 8 0 2
155 9 0 1
156 9 0 2
157 10 0 1
158 10 0 2
159 11 0 1
160 11 0 2
161 12 0 1
162 12 0 2
163 13 0 1
164 13 0 2
165 14 0 1
166 14 0 2
167 15 0 1
168 15 0 2
169 16 0 1
170 16 0 2
171 17 0 1
172 17 0 2
173 18 0 1
174 18 0 2
175 19 0 1
176 19 0 2
177 20 1 1
178 20 1 2
179 20 2 1
180 20 2 2
181 19 3 1
182 19 3 2
183 18 3 1
184 18 3 2
185 17 3 1
186 17 3 2
187 16 3 1
188 16 3 2
189 15 3 1
190 15 3 2
191 14 3 1
192 14 3 2
193 13 3 1
194 13 3 2
195 12 3 1
196 12 3 2
197 11 3 1
198 11 3 2
199 10 3 1
200 10 3 2
201 9 3 1
202 9 3 2
203 8 3 1
204 8 3 2
205 7 3 1
206 7 3 2
207 6 3 1
208 6 3 2
209 5 3 1
210 5 3 2
211 4 3 1
212 4 3 2
213 3 3 1
214 3 3 2
215 2 3 1
216 2 3 2
217 1 3 1
218 1 3 2
219 0 2 1
220 0 2 2
221 0 1 1
222 0 1 2
223 1 1 3
224 1 2 3
225 2 1 3
226 2 2 3
227 3 1 3
228 3 2 3
229 4 1 3
230 4 2 3
231 5 1 3
232 5 2 3
233 6 1 3
234 6 2 3
235 7 1 3
236 7 2 3
237 8 1 3
238 8 2 3
239 9 1 3
240 9 2 3
241 10 1 3
242 10 2 3
243 11 1 3
244 11 2 3
245 12 1 3
246 12 2 3
247 13 1 3
248 13 2 3
249 14 1 3
250 14 2 3
251 15 1 3
252 15 2 3
253 16 1 3
254 16 2 3
255 17 1 3
256 17 2 3
257 18 1 3
258 18 2 3
259 19 1 3
260 19 2 3
261 1 1 1
262 1 1 2
263 1 2 1
264 1 2 2
265 2 1 1
266 2 1 2
267 2 2 1
268 2 2 2
269 3 1 1
270 3 1 2
271 3 2 1
272 3 2 2
273 4 1 1
274 4 1 2
275 4 2 1
276 4 2 2
277 5 1 1
278 5 1 2
279 5 2 1
280 5 2 2
281 6 1 1
282 6 1 2
283 6 2 1
284 6 2 2
285 7 1 1
286 7 1 2
287 7 2 1
288 7 2 2
289 8 1 1
290 8 1 2
291 8 2 1
292 8 2 2
293 9 1 1
294 9 1 2
295 9 2 1
296 9 2 2
297 10 1 1
298 10 1 2
299 10 2 1
300 10 2 2
301 11 1 1
302 11 1 2
303 11 2 1
304 11 2 2
305 12 1 1
306 12 1 2
307 12 2 1
308 12 2 2
309 13 1 1
310 13 1 2
311 13 2 1
312 13 2 2
313 14 1 1
314 14 1 2
315 14 2 1
316 14 2 2
317 15 1 1
318 15 1 2
319 15 2 1
320 15 2 2
321 16 1 1
322 16 1 2
323 16 2 1
324 16 2 2
325 17 1 1
326 17 1 2
327 17 2 1
328 17 2 2
329 18 1 1
330 18 1 2
331 18 2 1
332 18 2 2
333 19 1 1
334 19 1 2
335 19 2 1
336 19 2 2
$EndNodes
$Elements
5040
1 1 2 1 1 1 9
2 1 2 1 1 1 101
3 1 2 1 1 1 50
4 1 2 1 1 1 93
5 1 2 1 1 1 139
6 1 2 1 1 1 261
7 1 2 1 1 1 221
8 1 2 1 1 9 101
9 1 2 1 1 9 50
10 1 2 1 1 9 93
11 1 2 1 1 9 139
12 1 2 1 1 9 261
13 1 2 1 1 9 221
14 1 2 1 1 50 101
15 1 2 1 1 93 101
16 1 2 1 1 101 139
17 1 2 1 1 101 261
18 1 2 1 1 101 221
19 1 2 1 1 50 93
20 1 2 1 1 50 139
21 1 2 1 1 50 261
22 1 2 1 1 50 221
23 1 2 1 1 93 139
24 1 2 1 1 93 261
25 1 2 1 1 93 221
26 1 2 1 1 139 261
27 1 2 1 1 139 221
28 1 2 1 1 221 261
29 1 2 2 2 93 139
30 1 2 2 2 93 261
31 1 2 2 2 93 221
32 1 2 2 2 93 94
33 1 2 2 2 93 140
34 1 2 2 2 93 262
35 1 2 2 2 93 222
36 1 2 2 2 139 261
37 1 2 2 2 139 221
38 1 2 2 2 94 139
39 1 2 2 2 139 140
40 1 2 2 2 139 262
41 1 2 2 2 139 222
42 1 2 2 2 221 261
43 1 2 2 2 94 261
44 1 2 2 2 140 261
45 1 2 2 2 261 262
46 1 2 2 2 222 261
47 1 2 2 2 94 221
48 1 2 2 2 140 221
49 1 2 2 2 221 262
50 1 2 2 2 221 222
51 1 2 2 2 94 140
52 1 2 2 2 94 262
53 1 2 2 2 94 222
54 1 2 2 2 140 262
55 1 2 2 2 140 222
56 1 2 2 2 222 262
57 1 2 3 3 94 140
58 1 2 3 3 94 262
59 1 2 3 3 94 222
60 1 2 3 3 5 94
61 1 2 3 3 51 94
62 1 2 3 3 94 223
63 1 2 3 3 92 94
64 1 2 3 3 140 262
65 1 2 3 3 140 222
66 1 2 3 3 5 140
67 1 2 3 3 51 140
68 1 2 3 3 140 223
69 1 2 3 3 92 140
70 1 2 3 3 222 262
71 1 2 3 3 5 262
72 1 2 3 3 51 262
73 1 2 3 3 223 262
74 1 2 3 3 92 262
75 1 2 3 3 5 222
76 1 2 3 3 51 222
77 1 2 3 3 222 223
78 1 2 3 3 92 222
79 1 2 3 3 5 51
80 1 2 3 3 5 223
81 1 2 3 3 5 92
82 1 2 3 3 51 223
83 1 2 3 3 51 92
84 1 2 3 3 92 223
85 1 2 4 4 50 101
86 1 2 4 4 50 102
87 1 2 4 4 49 50
88 1 2 4 4 50 221
89 1 2 4 4 50 261
90 1 2 4 4 50 263
91 1 2 4 4 50 219
92 1 2 4 4 101 102
93 1 2 4 4 49 101
94 1 2 4 4 101 221
95 1 2 4 4 101 261
96 1 2 4 4 101 263
97 1 2 4 4 101 219
98 1 2 4 4 49 102
99 1 2 4 4 102 221
100 1 2 4 4 102 261
101 1 2 4 4 102 263
102 1 2 4 4 102 219
103 1 2 4 4 49 221
104 1 2 4 4 49 261
105 1 2 4 4 49 263
106 1 2 4 4 49 219
107 1 2 4 4 221 261
108 1 2 4 4 221 263
109 1 2 4 4 219 221
110 1 2 4 4 261 263
111 1 2 4 4 219 261
112 1 2 4 4 219 263
113 1 2 5 5 221 261
114 1 2 5 5 221 263
115 1 2 5 5 219 221
116 1 2 5 5 221 222
117 1 2 5 5 221 262
118 1 2 5 5 221 264
119 1 2 5 5 220 221
120 1 2 5 5 261 263
121 1 2 5 5 219 261
122 1 2 5 5 222 261
123 1 2 5 5 261 262
124 1 2 5 5 261 264
125 1 2 5 5 220 261
126 1 2 5 5 219 263
127 1 2 5 5 222 263
128 1 2 5 5 262 263
129 1 2 5 5 263 264
130 1 2 5 5 220 263
131 1 2 5 5 219 222
132 1 2 5 5 219 262
133 1 2 5 5 219 264
134 1 2 5 5 219 220
135 1 2 5 5 222 262
136 1 2 5 5 222 264
137 1 2 5 5 220 222
138 1 2 5 5 262 264
139 1 2 5 5 220 262
140 1 2 5 5 220 264
141 1 2 6 6 222 262
142 1 2 6 6 222 264
143 1 2 6 6 220 222
144 1 2 6 6 92 222
145 1 2 6 6 222 223
146 1 2 6 6 222 224
147 1 2 6 6 91 222
148 1 2 6 6 262 264
149 1 2 6 6 220 262
150 1 2 6 6 92 262
151 1 2 6 6 223 262
152 1 2 6 6 224 262
153 1 2 6 6 91 262
154 1 2 6 6 220 264
155 1 2 6 6 92 264
156 1 2 6 6 223 264
157 1 2 6 6 224 264
158 1 2 6 6 91 264
159 1 2 6 6 92 220
160 1 2 6 6 220 223
161 1 2 6 6 220 224
162 1 2 6 6 91 220
163 1 2 6 6 92 223
164 1 2 6 6 92 224
165 1 2 6 6 91 92
166 1 2 6 6 223 224
167 1 2 6 6 91 223
168 1 2 6 6 91 224
169 1 2 7 7 49 102
170 1 2 7 7 48 49
171 1 2 7 7 4 49
172 1 2 7 7 49 219
173 1 2 7 7 49 263
174 1 2 7 7 49 217
175 1 2 7 7 49 99
176 1 2 7 7 48 102
177 1 2 7 7 4 102
178 1 2 7 7 102 219
179 1 2 7 7 102 263
180 1 2 7 7 102 217
181 1 2 7 7 99 102
182 1 2 7 7 4 48
183 1 2 7 7 48 219
184 1 2 7 7 48 263
185 1 2 7 7 48 217
186 1 2 7 7 48 99
187 1 2 7 7 4 219
188 1 2 7 7 4 263
189 1 2 7 7 4 217
190 1 2 7 7 4 99
191 1 2 7 7 219 263
192 1 2 7 7 217 219
193 1 2 7 7 99 219
194 1 2 7 7 217 263
195 1 2 7 7 99 263
196 1 2 7 7 99 217
197 1 2 8 8 219 263
198 1 2 8 8 217 219
199 1 2 8 8 99 219
200 1 2 8 8 219 220
201 1 2 8 8 219 264
202 1 2 8 8 218 219
203 1 2 8 8 100 219
204 1 2 8 8 217 263
205 1 2 8 8 99 263
206 1 2 8 8 220 263
207 1 2 8 8 263 264
208 1 2 8 8 218 263
209 1 2 8 8 100 263
210 1 2 8 8 99 217
211 1 2 8 8 217 220
212 1 2 8 8 217 264
213 1 2 8 8 217 218
214 1 2 8 8 100 217
215 1 2 8 8 99 220
216 1 2 8 8 99 264
217 1 2 8 8 99 218
218 1 2 8 8 99 100
219 1 2 8 8 220 264
220 1 2 8 8 218 220
221 1 2 8 8 100 220
222 1 2 8 8 218 264
223 1 2 8 8 100 264
224 1 2 8 8 100 218
225 1 2 9 9 220 264
226 1 2 9 9 218 220
227 1 2 9 9 100 220
228 1 2 9 9 91 220
229 1 2 9 9 220 224
230 1 2 9 9 90 220
231 1 2 9 9 8 220
232 1 2 9 9 218 264
233 1 2 9 9 100 264
234 1 2 9 9 91 264
235 1 2 9 9 224 264
236 1 2 9 9 90 264
237 1 2 9 9 8 264
238 1 2 9 9 100 218
239 1 2 9 9 91 218
240 1 2 9 9 218 224
241 1 2 9 9 90 218
242 1 2 9 9 8 218
243 1 2 9 9 91 100
244 1 2 9 9 100 224
245 1 2 9 9 90 100
246 1 2 9 9 8 100
247 1 2 9 9 91 224
248 1 2 9 9 90 91
249 1 2 9 9 8 91
250 1 2 9 9 90 224
251 1 2 9 9 8 224
252 1 2 9 9 8 90
253 1 2 10 10 9 10
254 1 2 10 10 9 103
255 1 2 10 10 9 101
256 1 2 10 10 9 139
257 1 2 10 10 9 141
258 1 2 10 10 9 265
259 1 2 10 10 9 261
260 1 2 10 10 10 103
261 1 2 10 10 10 101
262 1 2 10 10 10 139
263 1 2 10 10 10 141
264 1 2 10 10 10 265
265 1 2 10 10 10 261
266 1 2 10 10 101 103
267 1 2 10 10 103 139
268 1 2 10 10 103 141
269 1 2 10 10 103 265
270 1 2 10 10 103 261
271 1 2 10 10 101 139
272 1 2 10 10 101 141
273 1 2 10 10 101 265
274 1 2 10 10 101 261
275 1 2 10 10 139 141
276 1 2 10 10 139 265
277 1 2 10 10 139 261
278 1 2 10 10 141 265
279 1 2 10 10 141 261
280 1 2 10 10 261 265
281 1 2 11 11 139 141
282 1 2 11 11 139 265
283 1 2 11 11 139 261
284 1 2 11 11 139 140
285 1 2 11 11 139 142
286 1 2 11 11 139 266
287 1 2 11 11 139 262
288 1 2 11 11 141 265
289 1 2 11 11 141 261
290 1 2 11 11 140 141
291 1 2 11 11 141 142
292 1 2 11 11 141 266
293 1 2 11 11 141 262
294 1 2 11 11 261 265
295 1 2 11 11 140 265
296 1 2 11 11 142 265
297 1 2 11 11 265 266
298 1 2 11 11 262 265
299 1 2 11 11 140 261
300 1 2 11 11 142 261
301 1 2 11 11 261 266
302 1 2 11 11 261 262
303 1 2 11 11 140 142
304 1 2 11 11 140 266
305 1 2 11 11 140 262
306 1 2 11 11 142 266
307 1 2 11 11 142 262
308 1 2 11 11 262 266
309 1 2 12 12 140 142
310 1 2 12 12 140 266
311 1 2 12 12 140 262
312 1 2 12 12 51 140
313 1 2 12 12 52 140
314 1 2 12 12 140 225
315 1 2 12 12 140 223
316 1 2 12 12 142 266
317 1 2 12 12 142 262
318 1 2 12 12 51 142
319 1 2 12 12 52 142
320 1 2 12 12 142 225
321 1 2 12 12 142 223
322 1 2 12 12 262 266
323 1 2 12 12 51 266
324 1 2 12 12 52 266
325 1 2 12 12 225 266
326 1 2 12 12 223 266
327 1 2 12 12 51 262
328 1 2 12 12 52 262
329 1 2 12 12 225 262
330 1 2 12 12 223 262
331 1 2 12 12 51 52
332 1 2 12 12 51 225
333 1 2 12 12 51 223
334 1 2 12 12 52 225
335 1 2 12 12 52 223
336 1 2 12 12 223 225
337 1 2 13 13 101 103
338 1 2 13 13 101 104
339 1 2 13 13 101 102
340 1 2 13 13 101 261
341 1 2 13 13 101 265
342 1 2 13 13 101 267
343 1 2 13 13 101 263
344 1 2 13 13 103 104
345 1 2 13 13 102 103
346 1 2 13 13 103 261
347 1 2 13 13 103 265
348 1 2 13 13 103 267
349 1 2 13 13 103 263
350 1 2 13 13 102 104
351 1 2 13 13 104 261
352 1 2 13 13 104 265
353 1 2 13 13 104 267
354 1 2 13 13 104 263
355 1 2 13 13 102 261
356 1 2 13 13 102 265
357 1 2 13 13 102 267
358 1 2 13 13 102 263
359 1 2 13 13 261 265
360 1 2 13 13 261 267
361 1 2 13 13 261 263
362 1 2 13 13 265 267
363 1 2 13 13 263 265
364 1 2 13 13 263 267
365 1 2 14 14 261 265
366 1 2 14 14 261 267
367 1 2 14 14 261 263
368 1 2 14 14 261 262
369 1 2 14 14 261 266
370 1 2 14 14 261 268
371 1 2 14 14 261 264
372 1 2 14 14 265 267
373 1 2 14 14 263 265
374 1 2 14 14 262 265
375 1 2 14 14 265 266
376 1 2 14 14 265 268
377 1 2 14 14 264 265
378 1 2 14 14 263 267
379 1 2 14 14 262 267
380 1 2 14 14 266 267
381 1 2 14 14 267 268
382 1 2 14 14 264 267
383 1 2 14 14 262 263
384 1 2 14 14 263 266
385 1 2 14 14 263 268
386 1 2 14 14 263 264
387 1 2 14 14 262 266
388 1 2 14 14 262 268
389 1 2 14 14 262 264
390 1 2 14 14 266 268
391 1 2 14 14 264 266
392 1 2 14 14 264 268
393 1 2 15 15 262 266
394 1 2 15 15 262 268
395 1 2 15 15 262 264
396 1 2 15 15 223 262
397 1 2 15 15 225 262
398 1 2 15 15 226 262
399 1 2 15 15 224 262
400 1 2 15 15 266 268
401 1 2 15 15 264 266
402 1 2 15 15 223 266
403 1 2 15 15 225 266
404 1 2 15 15 226 266
405 1 2 15 15 224 266
406 1 2 15 15 264 268
407 1 2 15 15 223 268
408 1 2 15 15 225 268
409 1 2 15 15 226 268
410 1 2 15 15 224 268
411 1 2 15 15 223 264
412 1 2 15 15 225 264
413 1 2 15 15 226 264
414 1 2 15 15 224 264
415 1 2 15 15 223 225
416 1 2 15 15 223 226
417 1 2 15 15 223 224
418 1 2 15 15 225 226
419 1 2 15 15 224 225
420 1 2 15 15 224 226
421 1 2 16 16 102 104
422 1 2 16 16 47 102
423 1 2 16 16 48 102
424 1 2 16 16 102 263
425 1 2 16 16 102 267
426 1 2 16 16 102 215
427 1 2 16 16 102 217
428 1 2 16 16 47 104
429 1 2 16 16 48 104
430 1 2 16 16 104 263
431 1 2 16 16 104 267
432 1 2 16 16 104 215
433 1 2 16 16 104 217
434 1 2 16 16 47 48
435 1 2 16 16 47 263
436 1 2 16 16 47 267
437 1 2 16 16 47 215
438 1 2 16 16 47 217
439 1 2 16 16 48 263
440 1 2 16 16 48 267
441 1 2 16 16 48 215
442 1 2 16 16 48 217
443 1 2 16 16 263 267
444 1 2 16 16 215 263
445 1 2 16 16 217 263
446 1 2 16 16 215 267
447 1 2 16 16 217 267
448 1 2 16 16 215 217
449 1 2 17 17 263 267
450 1 2 17 17 215 263
451 1 2 17 17 217 263
452 1 2 17 17 263 264
453 1 2 17 17 263 268
454 1 2 17 17 216 263
455 1 2 17 17 218 263
456 1 2 17 17 215 267
457 1 2 17 17 217 267
458 1 2 17 17 264 267
459 1 2 17 17 267 268
460 1 2 17 17 216 267
461 1 2 17 17 218 267
462 1 2 17 17 215 217
463 1 2 17 17 215 264
464 1 2 17 17 215 268
465 1 2 17 17 215 216
466 1 2 17 17 215 218
467 1 2 17 17 217 264
468 1 2 17 17 217 268
469 1 2 17 17 216 217
470 1 2 17 17 217 218
471 1 2 17 17 264 268
472 1 2 17 17 216 264
473 1 2 17 17 218 264
474 1 2 17 17 216 268
475 1 2 17 17 218 268
476 1 2 17 17 216 218
477 1 2 18 18 264 268
478 1 2 18 18 216 264
479 1 2 18 18 218 264
480 1 2 18 18 224 264
481 1 2 18 18 226 264
482 1 2 18 18 89 264
483 1 2 18 18 90 264
484 1 2 18 18 216 268
485 1 2 18 18 218 268
486 1 2 18 18 224 268
487 1 2 18 18 226 268
488 1 2 18 18 89 268
489 1 2 18 18 90 268
490 1 2 18 18 216 218
491 1 2 18 18 216 224
492 1 2 18 18 216 226
493 1 2 18 18 89 216
494 1 2 18 18 90 216
495 1 2 18 18 218 224
496 1 2 18 18 218 226
497 1 2 18 18 89 218
498 1 2 18 18 90 218
499 1 2 18 18 224 226
500 1 2 18 18 89 224
501 1 2 18 18 90 224
502 1 2 18 18 89 226
503 1 2 18 18 90 226
504 1 2 18 18 89 90
505 1 2 19 19 10 11
506 1 2 19 19 10 105
507 1 2 19 19 10 103
508 1 2 19 19 10 141
509 1 2 19 19 10 143
510 1 2 19 19 10 269
511 1 2 19 19 10 265
512 1 2 19 19 11 105
513 1 2 19 19 11 103
514 1 2 19 19 11 141
515 1 2 19 19 11 143
516 1 2 19 19 11 269
517 1 2 19 19 11 265
518 1 2 19 19 103 105
519 1 2 19 19 105 141
520 1 2 19 19 105 143
521 1 2 19 19 105 269
522 1 2 19 19 105 265
523 1 2 19 19 103 141
524 1 2 19 19 103 143
525 1 2 19 19 103 269
526 1 2 19 19 103 265
527 1 2 19 19 141 143
528 1 2 19 19 141 269
529 1 2 19 19 141 265
530 1 2 19 19 143 269
531 1 2 19 19 143 265
532 1 2 19 19 265 269
533 1 2 20 20 141 143
534 1 2 20 20 141 269
535 1 2 20 20 141 265
536 1 2 20 20 141 142
537 1 2 20 20 141 144
538 1 2 20 20 141 270
539 1 2 20 20 141 266
540 1 2 20 20 143 269
541 1 2 20 20 143 265
542 1 2 20 20 142 143
543 1 2 20 20 143 144
544 1 2 20 20 143 270
545 1 2 20 20 143 266
546 1 2 20 20 265 269
547 1 2 20 20 142 269
548 1 2 20 20 144 269
549 1 2 20 20 269 270
550 1 2 20 20 266 269
551 1 2 20 20 142 265
552 1 2 20 20 144 265
553 1 2 20 20 265 270
554 1 2 20 20 265 266
555 1 2 20 20 142 144
556 1 2 20 20 142 270
557 1 2 20 20 142 266
558 1 2 20 20 144 270
559 1 2 20 20 144 266
560 1 2 20 20 266 270
561 1 2 21 21 142 144
562 1 2 21 21 142 270
563 1 2 21 21 142 266
564 1 2 21 21 52 142
565 1 2 21 21 53 142
566 1 2 21 21 142 227
567 1 2 21 21 142 225
568 1 2 21 21 144 270
569 1 2 21 21 144 266
570 1 2 21 21 52 144
571 1 2 21 21 53 144
572 1 2 21 21 144 227
573 1 2 21 21 144 225
574 1 2 21 21 266 270
575 1 2 21 21 52 270
576 1 2 21 21 53 270
577 1 2 21 21 227 270
578 1 2 21 21 225 270
579 1 2 21 21 52 266
580 1 2 21 21 53 266
581 1 2 21 21 227 266
582 1 2 21 21 225 266
583 1 2 21 21 52 53
584 1 2 21 21 52 227
585 1 2 21 21 52 225
586 1 2 21 21 53 227
587 1 2 21 21 53 225
588 1 2 21 21 225 227
589 1 2 22 22 103 105
590 1 2 22 22 103 106
591 1 2 22 22 103 104
592 1 2 22 22 103 265
593 1 2 22 22 103 269
594 1 2 22 22 103 271
595 1 2 22 22 103 267
596 1 2 22 22 105 106
597 1 2 22 22 104 105
598 1 2 22 22 105 265
599 1 2 22 22 105 269
600 1 2 22 22 105 271
601 1 2 22 22 105 267
602 1 2 22 22 104 106
603 1 2 22 22 106 265
604 1 2 22 22 106 269
605 1 2 22 22 106 271
606 1 2 22 22 106 267
607 1 2 22 22 104 265
608 1 2 22 22 104 269
609 1 2 22 22 104 271
610 1 2 22 22 104 267
611 1 2 22 22 265 269
612 1 2 22 22 265 271
613 1 2 22 22 265 267
614 1 2 22 22 269 271
615 1 2 22 22 267 269
616 1 2 22 22 267 271
617 1 2 23 23 265 269
618 1 2 23 23 265 271
619 1 2 23 23 265 267
620 1 2 23 23 265 266
621 1 2 23 23 265 270
622 1 2 23 23 265 272
623 1 2 23 23 265 268
624 1 2 23 23 269 271
625 1 2 23 23 267 269
626 1 2 23 23 266 269
627 1 2 23 23 269 270
628 1 2 23 23 269 272
629 1 2 23 23 268 269
630 1 2 23 23 267 271
631 1 2 23 23 266 271
632 1 2 23 23 270 271
633 1 2 23 23 271 272
634 1 2 23 23 268 271
635 1 2 23 23 266 267
636 1 2 23 23 267 270
637 1 2 23 23 267 272
638 1 2 23 23 267 268
639 1 2 23 23 266 270
640 1 2 23 23 266 272
641 1 2 23 23 266 268
642 1 2 23 23 270 272
643 1 2 23 23 268 270
644 1 2 23 23 268 272
645 1 2 24 24 266 270
646 1 2 24 24 266 272
647 1 2 24 24 266 268
648 1 2 24 24 225 266
649 1 2 24 24 227 266
650 1 2 24 24 228 266
651 1 2 24 24 226 266
652 1 2 24 24 270 272
653 1 2 24 24 268 270
654 1 2 24 24 225 270
655 1 2 24 24 227 270
656 1 2 24 24 228 270
657 1 2 24 24 226 270
658 1 2 24 24 268 272
659 1 2 24 24 225 272
660 1 2 24 24 227 272
661 1 2 24 24 228 272
662 1 2 24 24 226 272
663 1 2 24 24 225 268
664 1 2 24 24 227 268
665 1 2 24 24 228 268
666 1 2 24 24 226 268
667 1 2 24 24 225 227
668 1 2 24 24 225 228
669 1 2 24 24 225 226
670 1 2 24 24 227 228
671 1 2 24 24 226 227
672 1 2 24 24 226 228
673 1 2 25 25 104 106
674 1 2 25 25 46 104
675 1 2 25 25 47 104
676 1 2 25 25 104 267
677 1 2 25 25 104 271
678 1 2 25 25 104 213
679 1 2 25 25 104 215
680 1 2 25 25 46 106
681 1 2 25 25 47 106
682 1 2 25 25 106 267
683 1 2 25 25 106 271
684 1 2 25 25 106 213
685 1 2 25 25 106 215
686 1 2 25 25 46 47
687 1 2 25 25 46 267
688 1 2 25 25 46 271
689 1 2 25 25 46 213
690 1 2 25 25 46 215
691 1 2 25 25 47 267
692 1 2 25 25 47 271
693 1 2 25 25 47 213
694 1 2 25 25 47 215
695 1 2 25 25 267 271
696 1 2 25 25 213 267
697 1 2 25 25 215 267
698 1 2 25 25 213 271
699 1 2 25 25 215 271
700 1 2 25 25 213 215
701 1 2 26 26 267 271
702 1 2 26 26 213 267
703 1 2 26 26 215 267
704 1 2 26 26 267 268
705 1 2 26 26 267 272
706 1 2 26 26 214 267
707 1 2 26 26 216 267
708 1 2 26 26 213 271
709 1 2 26 26 215 271
710 1 2 26 26 268 271
711 1 2 26 26 271 272
712 1 2 26 26 214 271
713 1 2 26 26 216 271
714 1 2 26 26 213 215
715 1 2 26 26 213 268
716 1 2 26 26 213 272
717 1 2 26 26 213 214
718 1 2 26 26 213 216
719 1 2 26 26 215 268
720 1 2 26 26 215 272
721 1 2 26 26 214 215
722 1 2 26 26 215 216
723 1 2 26 26 268 272
724 1 2 26 26 214 268
725 1 2 26 26 216 268
726 1 2 26 26 214 272
727 1 2 26 26 216 272
728 1 2 26 26 214 216
729 1 2 27 27 268 272
730 1 2 27 27 214 268
731 1 2 27 27 216 268
732 1 2 27 27 226 268
733 1 2 27 27 228 268
734 1 2 27 27 88 268
735 1 2 27 27 89 268
736 1 2 27 27 214 272
737 1 2 27 27 216 272
738 1 2 27 27 226 272
739 1 2 27 27 228 272
740 1 2 27 27 88 272
741 1 2 27 27 89 272
742 1 2 27 27 214 216
743 1 2 27 27 214 226
744 1 2 27 27 214 228
745 1 2 27 27 88 214
746 1 2 27 27 89 214
747 1 2 27 27 216 226
748 1 2 27 27 216 228
749 1 2 27 27 88 216
750 1 2 27 27 89 216
751 1 2 27 27 226 228
752 1 2 27 27 88 226
753 1 2 27 27 89 226
754 1 2 27 27 88 228
755 1 2 27 27 89 228
756 1 2 27 27 88 89
757 1 2 28 28 11 12
758 1 2 28 28 11 107
759 1 2 28 28 11 105
760 1 2 28 28 11 143
761 1 2 28 28 11 145
762 1 2 28 28 11 273
763 1 2 28 28 11 269
764 1 2 28 28 12 107
765 1 2 28 28 12 105
766 1 2 28 28 12 143
767 1 2 28 28 12 145
768 1 2 28 28 12 273
769 1 2 28 28 12 269
770 1 2 28 28 105 107
771 1 2 28 28 107 143
772 1 2 28 28 107 145
773 1 2 28 28 107 273
774 1 2 28 28 107 269
775 1 2 28 28 105 143
776 1 2 28 28 105 145
777 1 2 28 28 105 273
778 1 2 28 28 105 269
779 1 2 28 28 143 145
780 1 2 28 28 143 273
781 1 2 28 28 143 269
782 1 2 28 28 145 273
783 1 2 28 28 145 269
784 1 2 28 28 269 273
785 1 2 29 29 143 145
786 1 2 29 29 143 273
787 1 2 29 29 143 269
788 1 2 29 29 143 144
789 1 2 29 29 143 146
790 1 2 29 29 143 274
791 1 2 29 29 143 270
792 1 2 29 29 145 273
793 1 2 29 29 145 269
794 1 2 29 29 144 145
795 1 2 29 29 145 146
796 1 2 29 29 145 274
797 1 2 29 29 145 270
798 1 2 29 29 269 273
799 1 2 29 29 144 273
800 1 2 29 29 146 273
801 1 2 29 29 273 274
802 1 2 29 29 270 273
803 1 2 29 29 144 269
804 1 2 29 29 146 269
805 1 2 29 29 269 274
806 1 2 29 29 269 270
807 1 2 29 29 144 146
808 1 2 29 29 144 274
809 1 2 29 29 144 270
810 1 2 29 29 146 274
811 1 2 29 29 146 270
812 1 2 29 29 270 274
813 1 2 30 30 144 146
814 1 2 30 30 144 274
815 1 2 30 30 144 270
816 1 2 30 30 53 144
817 1 2 30 30 54 144
818 1 2 30 30 144 229
819 1 2 30 30 144 227
820 1 2 30 30 146 274
821 1 2 30 30 146 270
822 1 2 30 30 53 146
823 1 2 30 30 54 146
824 1 2 30 30 146 229
825 1 2 30 30 146 227
826 1 2 30 30 270 274
827 1 2 30 30 53 274
828 1 2 30 30 54 274
829 1 2 30 30 229 274
830 1 2 30 30 227 274
831 1 2 30 30 53 270
832 1 2 30 30 54 270
833 1 2 30 30 229 270
834 1 2 30 30 227 270
835 1 2 30 30 53 54
836 1 2 30 30 53 229
837 1 2 30 30 53 227
838 1 2 30 30 54 229
839 1 2 30 30 54 227
840 1 2 30 30 227 229
841 1 2 31 31 105 107
842 1 2 31 31 105 108
843 1 2 31 31 105 106
844 1 2 31 31 105 269
845 1 2 31 31 105 273
846 1 2 31 31 105 275
847 1 2 31 31 105 271
848 1 2 31 31 107 108
849 1 2 31 31 106 107
850 1 2 31 31 107 269
851 1 2 31 31 107 273
852 1 2 31 31 107 275
853 1 2 31 31 107 271
854 1 2 31 31 106 108
855 1 2 31 31 108 269
856 1 2 31 31 108 273
857 1 2 31 31 108 275
858 1 2 31 31 108 271
859 1 2 31 31 106 269
860 1 2 31 31 106 273
861 1 2 31 31 106 275
862 1 2 31 31 106 271
863 1 2 31 31 269 273
864 1 2 31 31 269 275
865 1 2 31 31 269 271
866 1 2 31 31 273 275
867 1 2 31 31 271 273
868 1 2 31 31 271 275
869 1 2 32 32 269 273
870 1 2 32 32 269 275
871 1 2 32 32 269 271
872 1 2 32 32 269 270
873 1 2 32 32 269 274
874 1 2 32 32 269 276
875 1 2 32 32 269 272
876 1 2 32 32 273 275
877 1 2 32 32 271 273
878 1 2 32 32 270 273
879 1 2 32 32 273 274
880 1 2 32 32 273 276
881 1 2 32 32 272 273
882 1 2 32 32 271 275
883 1 2 32 32 270 275
884 1 2 32 32 274 275
885 1 2 32 32 275 276
886 1 2 32 32 272 275
887 1 2 32 32 270 271
888 1 2 32 32 271 274
889 1 2 32 32 271 276
890 1 2 32 32 271 272
891 1 2 32 32 270 274
892 1 2 32 32 270 276
893 1 2 32 32 270 272
894 1 2 32 32 274 276
895 1 2 32 32 272 274
896 1 2 32 32 272 276
897 1 2 33 33 270 274
898 1 2 33 33 270 276
899 1 2 33 33 270 272
900 1 2 33 33 227 270
901 1 2 33 33 229 270
902 1 2 33 33 230 270
903 1 2 33 33 228 270
904 1 2 33 33 274 276
905 1 2 33 33 272 274
906 1 2 33 33 227 274
907 1 2 33 33 229 274
908 1 2 33 33 230 274
909 1 2 33 33 228 274
910 1 2 33 33 272 276
911 1 2 33 33 227 276
912 1 2 33 33 229 276
913 1 2 33 33 230 276
914 1 2 33 33 228 276
915 1 2 33 33 227 272
916 1 2 33 33 229 272
917 1 2 33 33 230 272
918 1 2 33 33 228 272
919 1 2 33 33 227 229
920 1 2 33 33 227 230
921 1 2 33 33 227 228
922 1 2 33 33 229 230
923 1 2 33 33 228 229
924 1 2 33 33 228 230
925 1 2 34 34 106 108
926 1 2 34 34 45 106
927 1 2 34 34 46 106
928 1 2 34 34 106 271
929 1 2 34 34 106 275
930 1 2 34 34 106 211
931 1 2 34 34 106 213
932 1 2 34 34 45 108
933 1 2 34 34 46 108
934 1 2 34 34 108 271
935 1 2 34 34 108 275
936 1 2 34 34 108 211
937 1 2 34 34 108 213
938 1 2 34 34 45 46
939 1 2 34 34 45 271
940 1 2 34 34 45 275
941 1 2 34 34 45 211
942 1 2 34 34 45 213
943 1 2 34 34 46 271
944 1 2 34 34 46 275
945 1 2 34 34 46 211
946 1 2 34 34 46 213
947 1 2 34 34 271 275
948 1 2 34 34 211 271
949 1 2 34 34 213 271
950 1 2 34 34 211 275
951 1 2 34 34 213 275
952 1 2 34 34 211 213
953 1 2 35 35 271 275
954 1 2 35 35 211 271
955 1 2 35 35 213 271
956 1 2 35 35 271 272
957 1 2 35 35 271 276
958 1 2 35 35 212 271
959 1 2 35 35 214 271
960 1 2 35 35 211 275
961 1 2 35 35 213 275
962 1 2 35 35 272 275
963 1 2 35 35 275 276
964 1 2 35 35 212 275
965 1 2 35 35 214 275
966 1 2 35 35 211 213
967 1 2 35 35 211 272
968 1 2 35 35 211 276
969 1 2 35 35 211 212
970 1 2 35 35 211 214
971 1 2 35 35 213 272
972 1 2 35 35 213 276
973 1 2 35 35 212 213
974 1 2 35 35 213 214
975 1 2 35 35 272 276
976 1 2 35 35 212 272
977 1 2 35 35 214 272
978 1 2 35 35 212 276
979 1 2 35 35 214 276
980 1 2 35 35 212 214
981 1 2 36 36 272 276
982 1 2 36 36 212 272
983 1 2 36 36 214 272
984 1 2 36 36 228 272
985 1 2 36 36 230 272
986 1 2 36 36 87 272
987 1 2 36 36 88 272
988 1 2 36 36 212 276
989 1 2 36 36 214 276
990 1 2 36 36 228 276
991 1 2 36 36 230 276
992 1 2 36 36 87 276
993 1 2 36 36 88 276
994 1 2 36 36 212 214
995 1 2 36 36 212 228
996 1 2 36 36 212 230
997 1 2 36 36 87 212
998 1 2 36 36 88 212
999 1 2 36 36 214 228
1000 1 2 36 36 214 230
1001 1 2 36 36 87 214
1002 1 2 36 36 88 214
1003 1 2 36 36 228 230
1004 1 2 36 36 87 228
1005 1 2 36 36 88 228
1006 1 2 36 36 87 230
1007 1 2 36 36 88 230
1008 1 2 36 36 87 88
1009 1 2 37 37 12 13
1010 1 2 37 37 12 109
1011 1 2 37 37 12 107
1012 1 2 37 37 12 145
1013 1 2 37 37 12 147
1014 1 2 37 37 12 277
1015 1 2 37 37 12 273
1016 1 2 37 37 13 109
1017 1 2 37 37 13 107
1018 1 2 37 37 13 145
1019 1 2 37 37 13 147
1020 1 2 37 37 13 277
1021 1 2 37 37 13 273
1022 1 2 37 37 107 109
1023 1 2 37 37 109 145
1024 1 2 37 37 109 147
1025 1 2 37 37 109 277
1026 1 2 37 37 109 273
1027 1 2 37 37 107 145
1028 1 2 37 37 107 147
1029 1 2 37 37 107 277
1030 1 2 37 37 107 273
1031 1 2 37 37 145 147
1032 1 2 37 37 145 277
1033 1 2 37 37 145 273
1034 1 2 37 37 147 277
1035 1 2 37 37 147 273
1036 1 2 37 37 273 277
1037 1 2 38 38 145 147
1038 1 2 38 38 145 277
1039 1 2 38 38 145 273
1040 1 2 38 38 145 146
1041 1 2 38 38 145 148
1042 1 2 38 38 145 278
1043 1 2 38 38 145 274
1044 1 2 38 38 147 277
1045 1 2 38 38 147 273
1046 1 2 38 38 146 147
1047 1 2 38 38 147 148
1048 1 2 38 38 147 278
1049 1 2 38 38 147 274
1050 1 2 38 38 273 277
1051 1 2 38 38 146 277
1052 1 2 38 38 148 277
1053 1 2 38 38 277 278
1054 1 2 38 38 274 277
1055 1 2 38 38 146 273
1056 1 2 38 38 148 273
1057 1 2 38 38 273 278
1058 1 2 38 38 273 274
1059 1 2 38 38 146 148
1060 1 2 38 38 146 278
1061 1 2 38 38 146 274
1062 1 2 38 38 148 278
1063 1 2 38 38 148 274
1064 1 2 38 38 274 278
1065 1 2 39 39 146 148
1066 1 2 39 39 146 278
1067 1 2 39 39 146 274
1068 1 2 39 39 54 146
1069 1 2 39 39 55 146
1070 1 2 39 39 146 231
1071 1 2 39 39 146 229
1072 1 2 39 39 148 278
1073 1 2 39 39 148 274
1074 1 2 39 39 54 148
1075 1 2 39 39 55 148
1076 1 2 39 39 148 231
1077 1 2 39 39 148 229
1078 1 2 39 39 274 278
1079 1 2 39 39 54 278
1080 1 2 39 39 55 278
1081 1 2 39 39 231 278
1082 1 2 39 39 229 278
1083 1 2 39 39 54 274
1084 1 2 39 39 55 274
1085 1 2 39 39 231 274
1086 1 2 39 39 229 274
1087 1 2 39 39 54 55
1088 1 2 39 39 54 231
1089 1 2 39 39 54 229
1090 1 2 39 39 55 231
1091 1 2 39 39 55 229
1092 1 2 39 39 229 231
1093 1 2 40 40 107 109
1094 1 2 40 40 107 110
1095 1 2 40 40 107 108
1096 1 2 40 40 107 273
1097 1 2 40 40 107 277
1098 1 2 40 40 107 279
1099 1 2 40 40 107 275
1100 1 2 40 40 109 110
1101 1 2 40 40 108 109
1102 1 2 40 40 109 273
1103 1 2 40 40 109 277
1104 1 2 40 40 109 279
1105 1 2 40 40 109 275
1106 1 2 40 40 108 110
1107 1 2 40 40 110 273
1108 1 2 40 40 110 277
1109 1 2 40 40 110 279
1110 1 2 40 40 110 275
1111 1 2 40 40 108 273
1112 1 2 40 40 108 277
1113 1 2 40 40 108 279
1114 1 2 40 40 108 275
1115 1 2 40 40 273 277
1116 1 2 40 40 273 279
1117 1 2 40 40 273 275
1118 1 2 40 40 277 279
1119 1 2 40 40 275 277
1120 1 2 40 40 275 279
1121 1 2 41 41 273 277
1122 1 2 41 41 273 279
1123 1 2 41 41 273 275
1124 1 2 41 41 273 274
1125 1 2 41 41 273 278
1126 1 2 41 41 273 280
1127 1 2 41 41 273 276
1128 1 2 41 41 277 279
1129 1 2 41 41 275 277
1130 1 2 41 41 274 277
1131 1 2 41 41 277 278
1132 1 2 41 41 277 280
1133 1 2 41 41 276 277
1134 1 2 41 41 275 279
1135 1 2 41 41 274 279
1136 1 2 41 41 278 279
1137 1 2 41 41 279 280
1138 1 2 41 41 276 279
1139 1 2 41 41 274 275
1140 1 2 41 41 275 278
1141 1 2 41 41 275 280
1142 1 2 41 41 275 276
1143 1 2 41 41 274 278
1144 1 2 41 41 274 280
1145 1 2 41 41 274 276
1146 1 2 41 41 278 280
1147 1 2 41 41 276 278
1148 1 2 41 41 276 280
1149 1 2 42 42 274 278
1150 1 2 42 42 274 280
1151 1 2 42 42 274 276
1152 1 2 42 42 229 274
1153 1 2 42 42 231 274
1154 1 2 42 42 232 274
1155 1 2 42 42 230 274
1156 1 2 42 42 278 280
1157 1 2 42 42 276 278
1158 1 2 42 42 229 278
1159 1 2 42 42 231 278
1160 1 2 42 42 232 278
1161 1 2 42 42 230 278
1162 1 2 42 42 276 280
1163 1 2 42 42 229 280
1164 1 2 42 42 231 280
1165 1 2 42 42 232 280
1166 1 2 42 42 230 280
1167 1 2 42 42 229 276
1168 1 2 42 42 231 276
1169 1 2 42 42 232 276
1170 1 2 42 42 230 276
1171 1 2 42 42 229 231
1172 1 2 42 42 229 232
1173 1 2 42 42 229 230
1174 1 2 42 42 231 232
1175 1 2 42 42 230 231
1176 1 2 42 42 230 232
1177 1 2 43 43 108 110
1178 1 2 43 43 44 108
1179 1 2 43 43 45 108
1180 1 2 43 43 108 275
1181 1 2 43 43 108 279
1182 1 2 43 43 108 209
1183 1 2 43 43 108 211
1184 1 2 43 43 44 110
1185 1 2 43 43 45 110
1186 1 2 43 43 110 275
1187 1 2 43 43 110 279
1188 1 2 43 43 110 209
1189 1 2 43 43 110 211
1190 1 2 43 43 44 45
1191 1 2 43 43 44 275
1192 1 2 43 43 44 279
1193 1 2 43 43 44 209
1194 1 2 43 43 44 211
1195 1 2 43 43 45 275
1196 1 2 43 43 45 279
1197 1 2 43 43 45 209
1198 1 2 43 43 45 211
1199 1 2 43 43 275 279
1200 1 2 43 43 209 275
1201 1 2 43 43 211 275
1202 1 2 43 43 209 279
1203 1 2 43 43 211 279
1204 1 2 43 43 209 211
1205 1 2 44 44 275 279
1206 1 2 44 44 209 275
1207 1 2 44 44 211 275
1208 1 2 44 44 275 276
1209 1 2 44 44 275 280
1210 1 2 44 44 210 275
1211 1 2 44 44 212 275
1212 1 2 44 44 209 279
1213 1 2 44 44 211 279
1214 1 2 44 44 276 279
1215 1 2 44 44 279 280
1216 1 2 44 44 210 279
1217 1 2 44 44 212 279
1218 1 2 44 44 209 211
1219 1 2 44 44 209 276
1220 1 2 44 44 209 280
1221 1 2 44 44 209 210
1222 1 2 44 44 209 212
1223 1 2 44 44 211 276
1224 1 2 44 44 211 280
1225 1 2 44 44 210 211
1226 1 2 44 44 211 212
1227 1 2 44 44 276 280
1228 1 2 44 44 210 276
1229 1 2 44 44 212 276
1230 1 2 44 44 210 280
1231 1 2 44 44 212 280
1232 1 2 44 44 210 212
1233 1 2 45 45 276 280
1234 1 2 45 45 210 276
1235 1 2 45 45 212 276
1236 1 2 45 45 230 276
1237 1 2 45 45 232 276
1238 1 2 45 45 86 276
1239 1 2 45 45 87 276
1240 1 2 45 45 210 280
1241 1 2 45 45 212 280
1242 1 2 45 45 230 280
1243 1 2 45 45 232 280
1244 1 2 45 45 86 280
1245 1 2 45 45 87 280
1246 1 2 45 45 210 212
1247 1 2 45 45 210 230
1248 1 2 45 45 210 232
1249 1 2 45 45 86 210
1250 1 2 45 45 87 210
1251 1 2 45 45 212 230
1252 1 2 45 45 212 232
1253 1 2 45 45 86 212
1254 1 2 45 45 87 212
1255 1 2 45 45 230 232
1256 1 2 45 45 86 230
1257 1 2 45 45 87 230
1258 1 2 45 45 86 232
1259 1 2 45 45 87 232
1260 1 2 45 45 86 87
1261 1 2 46 46 13 14
1262 1 2 46 46 13 111
1263 1 2 46 46 13 109
1264 1 2 46 46 13 147
1265 1 2 46 46 13 149
1266 1 2 46 46 13 281
1267 1 2 46 46 13 277
1268 1 2 46 46 14 111
1269 1 2 46 46 14 109
1270 1 2 46 46 14 147
1271 1 2 46 46 14 149
1272 1 2 46 46 14 281
1273 1 2 46 46 14 277
1274 1 2 46 46 109 111
1275 1 2 46 46 111 147
1276 1 2 46 46 111 149
1277 1 2 46 46 111 281
1278 1 2 46 46 111 277
1279 1 2 46 46 109 147
1280 1 2 46 46 109 149
1281 1 2 46 46 109 281
1282 1 2 46 46 109 277
1283 1 2 46 46 147 149
1284 1 2 46 46 147 281
1285 1 2 46 46 147 277
1286 1 2 46 46 149 281
1287 1 2 46 46 149 277
1288 1 2 46 46 277 281
1289 1 2 47 47 147 149
1290 1 2 47 47 147 281
1291 1 2 47 47 147 277
1292 1 2 47 47 147 148
1293 1 2 47 47 147 150
1294 1 2 47 47 147 282
1295 1 2 47 47 147 278
1296 1 2 47 47 149 281
1297 1 2 47 47 149 277
1298 1 2 47 47 148 149
1299 1 2 47 47 149 150
1300 1 2 47 47 149 282
1301 1 2 47 47 149 278
1302 1 2 47 47 277 281
1303 1 2 47 47 148 281
1304 1 2 47 47 150 281
1305 1 2 47 47 281 282
1306 1 2 47 47 278 281
1307 1 2 47 47 148 277
1308 1 2 47 47 150 277
1309 1 2 47 47 277 282
1310 1 2 47 47 277 278
1311 1 2 47 47 148 150
1312 1 2 47 47 148 282
1313 1 2 47 47 148 278
1314 1 2 47 47 150 282
1315 1 2 47 47 150 278
1316 1 2 47 47 278 282
1317 1 2 48 48 148 150
1318 1 2 48 48 148 282
1319 1 2 48 48 148 278
1320 1 2 48 48 55 148
1321 1 2 48 48 56 148
1322 1 2 48 48 148 233
1323 1 2 48 48 148 231
1324 1 2 48 48 150 282
1325 1 2 48 48 150 278
1326 1 2 48 48 55 150
1327 1 2 48 48 56 150
1328 1 2 48 48 150 233
1329 1 2 48 48 150 231
1330 1 2 48 48 278 282
1331 1 2 48 48 55 282
1332 1 2 48 48 56 282
1333 1 2 48 48 233 282
1334 1 2 48 48 231 282
1335 1 2 48 48 55 278
1336 1 2 48 48 56 278
1337 1 2 48 48 233 278
1338 1 2 48 48 231 278
1339 1 2 48 48 55 56
1340 1 2 48 48 55 233
1341 1 2 48 48 55 231
1342 1 2 48 48 56 233
1343 1 2 48 48 56 231
1344 1 2 48 48 231 233
1345 1 2 49 49 109 111
1346 1 2 49 49 109 112
1347 1 2 49 49 109 110
1348 1 2 49 49 109 277
1349 1 2 49 49 109 281
1350 1 2 49 49 109 283
1351 1 2 49 49 109 279
1352 1 2 49 49 111 112
1353 1 2 49 49 110 111
1354 1 2 49 49 111 277
1355 1 2 49 49 111 281
1356 1 2 49 49 111 283
1357 1 2 49 49 111 279
1358 1 2 49 49 110 112
1359 1 2 49 49 112 277
1360 1 2 49 49 112 281
1361 1 2 49 49 112 283
1362 1 2 49 49 112 279
1363 1 2 49 49 110 277
1364 1 2 49 49 110 281
1365 1 2 49 49 110 283
1366 1 2 49 49 110 279
1367 1 2 49 49 277 281
1368 1 2 49 49 277 283
1369 1 2 49 49 277 279
1370 1 2 49 49 281 283
1371 1 2 49 49 279 281
1372 1 2 49 49 279 283
1373 1 2 50 50 277 281
1374 1 2 50 50 277 283
1375 1 2 50 50 277 279
1376 1 2 50 50 277 278
1377 1 2 50 50 277 282
1378 1 2 50 50 277 284
1379 1 2 50 50 277 280
1380 1 2 50 50 281 283
1381 1 2 50 50 279 281
1382 1 2 50 50 278 281
1383 1 2 50 50 281 282
1384 1 2 50 50 281 284
1385 1 2 50 50 280 281
1386 1 2 50 50 279 283
1387 1 2 50 50 278 283
1388 1 2 50 50 282 283
1389 1 2 50 50 283 284
1390 1 2 50 50 280 283
1391 1 2 50 50 278 279
1392 1 2 50 50 279 282
1393 1 2 50 50 279 284
1394 1 2 50 50 279 280
1395 1 2 50 50 278 282
1396 1 2 50 50 278 284
1397 1 2 50 50 278 280
1398 1 2 50 50 282 284
1399 1 2 50 50 280 282
1400 1 2 50 50 280 284
1401 1 2 51 51 278 282
1402 1 2 51 51 278 284
1403 1 2 51 51 278 280
1404 1 2 51 51 231 278
1405 1 2 51 51 233 278
1406 1 2 51 51 234 278
1407 1 2 51 51 232 278
1408 1 2 51 51 282 284
1409 1 2 51 51 280 282
1410 1 2 51 51 231 282
1411 1 2 51 51 233 282
1412 1 2 51 51 234 282
1413 1 2 51 51 232 282
1414 1 2 51 51 280 284
1415 1 2 51 51 231 284
1416 1 2 51 51 233 284
1417 1 2 51 51 234 284
1418 1 2 51 51 232 284
1419 1 2 51 51 231 280
1420 1 2 51 51 233 280
1421 1 2 51 51 234 280
1422 1 2 51 51 232 280
1423 1 2 51 51 231 233
1424 1 2 51 51 231 234
1425 1 2 51 51 231 232
1426 1 2 51 51 233 234
1427 1 2 51 51 232 233
1428 1 2 51 51 232 234
1429 1 2 52 52 110 112
1430 1 2 52 52 43 110
1431 1 2 52 52 44 110
1432 1 2 52 52 110 279
1433 1 2 52 52 110 283
1434 1 2 52 52 110 207
1435 1 2 52 52 110 209
1436 1 2 52 52 43 112
1437 1 2 52 52 44 112
1438 1 2 52 52 112 279
1439 1 2 52 52 112 283
1440 1 2 52 52 112 207
1441 1 2 52 52 112 209
1442 1 2 52 52 43 44
1443 1 2 52 52 43 279
1444 1 2 52 52 43 283
1445 1 2 52 52 43 207
1446 1 2 52 52 43 209
1447 1 2 52 52 44 279
1448 1 2 52 52 44 283
1449 1 2 52 52 44 207
1450 1 2 52 52 44 209
1451 1 2 52 52 279 283
1452 1 2 52 52 207 279
1453 1 2 52 52 209 279
1454 1 2 52 52 207 283
1455 1 2 52 52 209 283
1456 1 2 52 52 207 209
1457 1 2 53 53 279 283
1458 1 2 53 53 207 279
1459 1 2 53 53 209 279
1460 1 2 53 53 279 280
1461 1 2 53 53 279 284
1462 1 2 53 53 208 279
1463 1 2 53 53 210 279
1464 1 2 53 53 207 283
1465 1 2 53 53 209 283
1466 1 2 53 53 280 283
1467 1 2 53 53 283 284
1468 1 2 53 53 208 283
1469 1 2 53 53 210 283
1470 1 2 53 53 207 209
1471 1 2 53 53 207 280
1472 1 2 53 53 207 284
1473 1 2 53 53 207 208
1474 1 2 53 53 207 210
1475 1 2 53 53 209 280
1476 1 2 53 53 209 284
1477 1 2 53 53 208 209
1478 1 2 53 53 209 210
1479 1 2 53 53 280 284
1480 1 2 53 53 208 280
1481 1 2 53 53 210 280
1482 1 2 53 53 208 284
1483 1 2 53 53 210 284
1484 1 2 53 53 208 210
1485 1 2 54 54 280 284
1486 1 2 54 54 208 280
1487 1 2 54 54 210 280
1488 1 2 54 54 232 280
1489 1 2 54 54 234 280
1490 1 2 54 54 85 280
1491 1 2 54 54 86 280
1492 1 2 54 54 208 284
1493 1 2 54 54 210 284
1494 1 2 54 54 232 284
1495 1 2 54 54 234 284
1496 1 2 54 54 85 284
1497 1 2 54 54 86 284
1498 1 2 54 54 208 210
1499 1 2 54 54 208 232
1500 1 2 54 54 208 234
1501 1 2 54 54 85 208
1502 1 2 54 54 86 208
1503 1 2 54 54 210 232
1504 1 2 54 54 210 234
1505 1 2 54 54 85 210
1506 1 2 54 54 86 210
1507 1 2 54 54 232 234
1508 1 2 54 54 85 232
1509 1 2 54 54 86 232
1510 1 2 54 54 85 234
1511 1 2 54 54 86 234
1512 1 2 54 54 85 86
1513 1 2 55 55 14 15
1514 1 2 55 55 14 113
1515 1 2 55 55 14 111
1516 1 2 55 55 14 149
1517 1 2 55 55 14 151
1518 1 2 55 55 14 285
1519 1 2 55 55 14 281
1520 1 2 55 55 15 113
1521 1 2 55 55 15 111
1522 1 2 55 55 15 149
1523 1 2 55 55 15 151
1524 1 2 55 55 15 285
1525 1 2 55 55 15 281
1526 1 2 55 55 111 113
1527 1 2 55 55 113 149
1528 1 2 55 55 113 151
1529 1 2 55 55 113 285
1530 1 2 55 55 113 281
1531 1 2 55 55 111 149
1532 1 2 55 55 111 151
1533 1 2 55 55 111 285
1534 1 2 55 55 111 281
1535 1 2 55 55 149 151
1536 1 2 55 55 149 285
1537 1 2 55 55 149 281
1538 1 2 55 55 151 285
1539 1 2 55 55 151 281
1540 1 2 55 55 281 285
1541 1 2 56 56 149 151
1542 1 2 56 56 149 285
1543 1 2 56 56 149 281
1544 1 2 56 56 149 150
1545 1 2 56 56 149 152
1546 1 2 56 56 149 286
1547 1 2 56 56 149 282
1548 1 2 56 56 151 285
1549 1 2 56 56 151 281
1550 1 2 56 56 150 151
1551 1 2 56 56 151 152
1552 1 2 56 56 151 286
1553 1 2 56 56 151 282
1554 1 2 56 56 281 285
1555 1 2 56 56 150 285
1556 1 2 56 56 152 285
1557 1 2 56 56 285 286
1558 1 2 56 56 282 285
1559 1 2 56 56 150 281
1560 1 2 56 56 152 281
1561 1 2 56 56 281 286
1562 1 2 56 56 281 282
1563 1 2 56 56 150 152
1564 1 2 56 56 150 286
1565 1 2 56 56 150 282
1566 1 2 56 56 152 286
1567 1 2 56 56 152 282
1568 1 2 56 56 282 286
1569 1 2 57 57 150 152
1570 1 2 57 57 150 286
1571 1 2 57 57 150 282
1572 1 2 57 57 56 150
1573 1 2 57 57 57 150
1574 1 2 57 57 150 235
1575 1 2 57 57 150 233
1576 1 2 57 57 152 286
1577 1 2 57 57 152 282
1578 1 2 57 57 56 152
1579 1 2 57 57 57 152
1580 1 2 57 57 152 235
1581 1 2 57 57 152 233
1582 1 2 57 57 282 286
1583 1 2 57 57 56 286
1584 1 2 57 57 57 286
1585 1 2 57 57 235 286
1586 1 2 57 57 233 286
1587 1 2 57 57 56 282
1588 1 2 57 57 57 282
1589 1 2 57 57 235 282
1590 1 2 57 57 233 282
1591 1 2 57 57 56 57
1592 1 2 57 57 56 235
1593 1 2 57 57 56 233
1594 1 2 57 57 57 235
1595 1 2 57 57 57 233
1596 1 2 57 57 233 235
1597 1 2 58 58 111 113
1598 1 2 58 58 111 114
1599 1 2 58 58 111 112
1600 1 2 58 58 111 281
1601 1 2 58 58 111 285
1602 1 2 58 58 111 287
1603 1 2 58 58 111 283
1604 1 2 58 58 113 114
1605 1 2 58 58 112 113
1606 1 2 58 58 113 281
1607 1 2 58 58 113 285
1608 1 2 58 58 113 287
1609 1 2 58 58 113 283
1610 1 2 58 58 112 114
1611 1 2 58 58 114 281
1612 1 2 58 58 114 285
1613 1 2 58 58 114 287
1614 1 2 58 58 114 283
1615 1 2 58 58 112 281
1616 1 2 58 58 112 285
1617 1 2 58 58 112 287
1618 1 2 58 58 112 283
1619 1 2 58 58 281 285
1620 1 2 58 58 281 287
1621 1 2 58 58 281 283
1622 1 2 58 58 285 287
1623 1 2 58 58 283 285
1624 1 2 58 58 283 287
1625 1 2 59 59 281 285
1626 1 2 59 59 281 287
1627 1 2 59 59 281 283
1628 1 2 59 59 281 282
1629 1 2 59 59 281 286
1630 1 2 59 59 281 288
1631 1 2 59 59 281 284
1632 1 2 59 59 285 287
1633 1 2 59 59 283 285
1634 1 2 59 59 282 285
1635 1 2 59 59 285 286
1636 1 2 59 59 285 288
1637 1 2 59 59 284 285
1638 1 2 59 59 283 287
1639 1 2 59 59 282 287
1640 1 2 59 59 286 287
1641 1 2 59 59 287 288
1642 1 2 59 59 284 287
1643 1 2 59 59 282 283
1644 1 2 59 59 283 286
1645 1 2 59 59 283 288
1646 1 2 59 59 283 284
1647 1 2 59 59 282 286
1648 1 2 59 59 282 288
1649 1 2 59 59 282 284
1650 1 2 59 59 286 288
1651 1 2 59 59 284 286
1652 1 2 59 59 284 288
1653 1 2 60 60 282 286
1654 1 2 60 60 282 288
1655 1 2 60 60 282 284
1656 1 2 60 60 233 282
1657 1 2 60 60 235 282
1658 1 2 60 60 236 282
1659 1 2 60 60 234 282
1660 1 2 60 60 286 288
1661 1 2 60 60 284 286
1662 1 2 60 60 233 286
1663 1 2 60 60 235 286
1664 1 2 60 60 236 286
1665 1 2 60 60 234 286
1666 1 2 60 60 284 288
1667 1 2 60 60 233 288
1668 1 2 60 60 235 288
1669 1 2 60 60 236 288
1670 1 2 60 60 234 288
1671 1 2 60 60 233 284
1672 1 2 60 60 235 284
1673 1 2 60 60 236 284
1674 1 2 60 60 234 284
1675 1 2 60 60 233 235
1676 1 2 60 60 233 236
1677 1 2 60 60 233 234
1678 1 2 60 60 235 236
1679 1 2 60 60 234 235
1680 1 2 60 60 234 236
1681 1 2 61 61 112 114
1682 1 2 61 61 42 112
1683 1 2 61 61 43 112
1684 1 2 61 61 112 283
1685 1 2 61 61 112 287
1686 1 2 61 61 112 205
1687 1 2 61 61 112 207
1688 1 2 61 61 42 114
1689 1 2 61 61 43 114
1690 1 2 61 61 114 283
1691 1 2 61 61 114 287
1692 1 2 61 61 114 205
1693 1 2 61 61 114 207
1694 1 2 61 61 42 43
1695 1 2 61 61 42 283
1696 1 2 61 61 42 287
1697 1 2 61 61 42 205
1698 1 2 61 61 42 207
1699 1 2 61 61 43 283
1700 1 2 61 61 43 287
1701 1 2 61 61 43 205
1702 1 2 61 61 43 207
1703 1 2 61 61 283 287
1704 1 2 61 61 205 283
1705 1 2 61 61 207 283
1706 1 2 61 61 205 287
1707 1 2 61 61 207 287
1708 1 2 61 61 205 207
1709 1 2 62 62 283 287
1710 1 2 62 62 205 283
1711 1 2 62 62 207 283
1712 1 2 62 62 283 284
1713 1 2 62 62 283 288
1714 1 2 62 62 206 283
1715 1 2 62 62 208 283
1716 1 2 62 62 205 287
1717 1 2 62 62 207 287
1718 1 2 62 62 284 287
1719 1 2 62 62 287 288
1720 1 2 62 62 206 287
1721 1 2 62 62 208 287
1722 1 2 62 62 205 207
1723 1 2 62 62 205 284
1724 1 2 62 62 205 288
1725 1 2 62 62 205 206
1726 1 2 62 62 205 208
1727 1 2 62 62 207 284
1728 1 2 62 62 207 288
1729 1 2 62 62 206 207
1730 1 2 62 62 207 208
1731 1 2 62 62 284 288
1732 1 2 62 62 206 284
1733 1 2 62 62 208 284
1734 1 2 62 62 206 288
1735 1 2 62 62 208 288
1736 1 2 62 62 206 208
1737 1 2 63 63 284 288
1738 1 2 63 63 206 284
1739 1 2 63 63 208 284
1740 1 2 63 63 234 284
1741 1 2 63 63 236 284
1742 1 2 63 63 84 284
1743 1 2 63 63 85 284
1744 1 2 63 63 206 288
1745 1 2 63 63 208 288
1746 1 2 63 63 234 288
1747 1 2 63 63 236 288
1748 1 2 63 63 84 288
1749 1 2 63 63 85 288
1750 1 2 63 63 206 208
1751 1 2 63 63 206 234
1752 1 2 63 63 206 236
1753 1 2 63 63 84 206
1754 1 2 63 63 85 206
1755 1 2 63 63 208 234
1756 1 2 63 63 208 236
1757 1 2 63 63 84 208
1758 1 2 63 63 85 208
1759 1 2 63 63 234 236
1760 1 2 63 63 84 234
1761 1 2 63 63 85 234
1762 1 2 63 63 84 236
1763 1 2 63 63 85 236
1764 1 2 63 63 84 85
1765 1 2 64 64 15 16
1766 1 2 64 64 15 115
1767 1 2 64 64 15 113
1768 1 2 64 64 15 151
1769 1 2 64 64 15 153
1770 1 2 64 64 15 289
1771 1 2 64 64 15 285
1772 1 2 64 64 16 115
1773 1 2 64 64 16 113
1774 1 2 64 64 16 151
1775 1 2 64 64 16 153
1776 1 2 64 64 16 289
1777 1 2 64 64 16 285
1778 1 2 64 64 113 115
1779 1 2 64 64 115 151
1780 1 2 64 64 115 153
1781 1 2 64 64 115 289
1782 1 2 64 64 115 285
1783 1 2 64 64 113 151
1784 1 2 64 64 113 153
1785 1 2 64 64 113 289
1786 1 2 64 64 113 285
1787 1 2 64 64 151 153
1788 1 2 64 64 151 289
1789 1 2 64 64 151 285
1790 1 2 64 64 153 289
1791 1 2 64 64 153 285
1792 1 2 64 64 285 289
1793 1 2 65 65 151 153
1794 1 2 65 65 151 289
1795 1 2 65 65 151 285
1796 1 2 65 65 151 152
1797 1 2 65 65 151 154
1798 1 2 65 65 151 290
1799 1 2 65 65 151 286
1800 1 2 65 65 153 289
1801 1 2 65 65 153 285
1802 1 2 65 65 152 153
1803 1 2 65 65 153 154
1804 1 2 65 65 153 290
1805 1 2 65 65 153 286
1806 1 2 65 65 285 289
1807 1 2 65 65 152 289
1808 1 2 65 65 154 289
1809 1 2 65 65 289 290
1810 1 2 65 65 286 289
1811 1 2 65 65 152 285
1812 1 2 65 65 154 285
1813 1 2 65 65 285 290
1814 1 2 65 65 285 286
1815 1 2 65 65 152 154
1816 1 2 65 65 152 290
1817 1 2 65 65 152 286
1818 1 2 65 65 154 290
1819 1 2 65 65 154 286
1820 1 2 65 65 286 290
1821 1 2 66 66 152 154
1822 1 2 66 66 152 290
1823 1 2 66 66 152 286
1824 1 2 66 66 57 152
1825 1 2 66 66 58 152
1826 1 2 66 66 152 237
1827 1 2 66 66 152 235
1828 1 2 66 66 154 290
1829 1 2 66 66 154 286
1830 1 2 66 66 57 154
1831 1 2 66 66 58 154
1832 1 2 66 66 154 237
1833 1 2 66 66 154 235
1834 1 2 66 66 286 290
1835 1 2 66 66 57 290
1836 1 2 66 66 58 290
1837 1 2 66 66 237 290
1838 1 2 66 66 235 290
1839 1 2 66 66 57 286
1840 1 2 66 66 58 286
1841 1 2 66 66 237 286
1842 1 2 66 66 235 286
1843 1 2 66 66 57 58
1844 1 2 66 66 57 237
1845 1 2 66 66 57 235
1846 1 2 66 66 58 237
1847 1 2 66 66 58 235
1848 1 2 66 66 235 237
1849 1 2 67 67 113 115
1850 1 2 67 67 113 116
1851 1 2 67 67 113 114
1852 1 2 67 67 113 285
1853 1 2 67 67 113 289
1854 1 2 67 67 113 291
1855 1 2 67 67 113 287
1856 1 2 67 67 115 116
1857 1 2 67 67 114 115
1858 1 2 67 67 115 285
1859 1 2 67 67 115 289
1860 1 2 67 67 115 291
1861 1 2 67 67 115 287
1862 1 2 67 67 114 116
1863 1 2 67 67 116 285
1864 1 2 67 67 116 289
1865 1 2 67 67 116 291
1866 1 2 67 67 116 287
1867 1 2 67 67 114 285
1868 1 2 67 67 114 289
1869 1 2 67 67 114 291
1870 1 2 67 67 114 287
1871 1 2 67 67 285 289
1872 1 2 67 67 285 291
1873 1 2 67 67 285 287
1874 1 2 67 67 289 291
1875 1 2 67 67 287 289
1876 1 2 67 67 287 291
1877 1 2 68 68 285 289
1878 1 2 68 68 285 291
1879 1 2 68 68 285 287
1880 1 2 68 68 285 286
1881 1 2 68 68 285 290
1882 1 2 68 68 285 292
1883 1 2 68 68 285 288
1884 1 2 68 68 289 291
1885 1 2 68 68 287 289
1886 1 2 68 68 286 289
1887 1 2 68 68 289 290
1888 1 2 68 68 289 292
1889 1 2 68 68 288 289
1890 1 2 68 68 287 291
1891 1 2 68 68 286 291
1892 1 2 68 68 290 291
1893 1 2 68 68 291 292
1894 1 2 68 68 288 291
1895 1 2 68 68 286 287
1896 1 2 68 68 287 290
1897 1 2 68 68 287 292
1898 1 2 68 68 287 288
1899 1 2 68 68 286 290
1900 1 2 68 68 286 292
1901 1 2 68 68 286 288
1902 1 2 68 68 290 292
1903 1 2 68 68 288 290
1904 1 2 68 68 288 292
1905 1 2 69 69 286 290
1906 1 2 69 69 286 292
1907 1 2 69 69 286 288
1908 1 2 69 69 235 286
1909 1 2 69 69 237 286
1910 1 2 69 69 238 286
1911 1 2 69 69 236 286
1912 1 2 69 69 290 292
1913 1 2 69 69 288 290
1914 1 2 69 69 235 290
1915 1 2 69 69 237 290
1916 1 2 69 69 238 290
1917 1 2 69 69 236 290
1918 1 2 69 69 288 292
1919 1 2 69 69 235 292
1920 1 2 69 69 237 292
1921 1 2 69 69 238 292
1922 1 2 69 69 236 292
1923 1 2 69 69 235 288
1924 1 2 69 69 237 288
1925 1 2 69 69 238 288
1926 1 2 69 69 236 288
1927 1 2 69 69 235 237
1928 1 2 69 69 235 238
1929 1 2 69 69 235 236
1930 1 2 69 69 237 238
1931 1 2 69 69 236 237
1932 1 2 69 69 236 238
1933 1 2 70 70 114 116
1934 1 2 70 70 41 114
1935 1 2 70 70 42 114
1936 1 2 70 70 114 287
1937 1 2 70 70 114 291
1938 1 2 70 70 114 203
1939 1 2 70 70 114 205
1940 1 2 70 70 41 116
1941 1 2 70 70 42 116
1942 1 2 70 70 116 287
1943 1 2 70 70 116 291
1944 1 2 70 70 116 203
1945 1 2 70 70 116 205
1946 1 2 70 70 41 42
1947 1 2 70 70 41 287
1948 1 2 70 70 41 291
1949 1 2 70 70 41 203
1950 1 2 70 70 41 205
1951 1 2 70 70 42 287
1952 1 2 70 70 42 291
1953 1 2 70 70 42 203
1954 1 2 70 70 42 205
1955 1 2 70 70 287 291
1956 1 2 70 70 203 287
1957 1 2 70 70 205 287
1958 1 2 70 70 203 291
1959 1 2 70 70 205 291
1960 1 2 70 70 203 205
1961 1 2 71 71 287 291
1962 1 2 71 71 203 287
1963 1 2 71 71 205 287
1964 1 2 71 71 287 288
1965 1 2 71 71 287 292
1966 1 2 71 71 204 287
1967 1 2 71 71 206 287
1968 1 2 71 71 203 291
1969 1 2 71 71 205 291
1970 1 2 71 71 288 291
1971 1 2 71 71 291 292
1972 1 2 71 71 204 291
1973 1 2 71 71 206 291
1974 1 2 71 71 203 205
1975 1 2 71 71 203 288
1976 1 2 71 71 203 292
1977 1 2 71 71 203 204
1978 1 2 71 71 203 206
1979 1 2 71 71 205 288
1980 1 2 71 71 205 292
1981 1 2 71 71 204 205
1982 1 2 71 71 205 206
1983 1 2 71 71 288 292
1984 1 2 71 71 204 288
1985 1 2 71 71 206 288
1986 1 2 71 71 204 292
1987 1 2 71 71 206 292
1988 1 2 71 71 204 206
1989 1 2 72 72 288 292
1990 1 2 72 72 204 288
1991 1 2 72 72 206 288
1992 1 2 72 72 236 288
1993 1 2 72 72 238 288
1994 1 2 72 72 83 288
1995 1 2 72 72 84 288
1996 1 2 72 72 204 292
1997 1 2 72 72 206 292
1998 1 2 72 72 236 292
1999 1 2 72 72 238 292
2000 1 2 72 72 83 292
2001 1 2 72 72 84 292
2002 1 2 72 72 204 206
2003 1 2 72 72 204 236
2004 1 2 72 72 204 238
2005 1 2 72 72 83 204
2006 1 2 72 72 84 204
2007 1 2 72 72 206 236
2008 1 2 72 72 206 238
2009 1 2 72 72 83 206
2010 1 2 72 72 84 206
2011 1 2 72 72 236 238
2012 1 2 72 72 83 236
2013 1 2 72 72 84 236
2014 1 2 72 72 83 238
2015 1 2 72 72 84 238
2016 1 2 72 72 83 84
2017 1 2 73 73 16 17
2018 1 2 73 73 16 117
2019 1 2 73 73 16 115
2020 1 2 73 73 16 153
2021 1 2 73 73 16 155
2022 1 2 73 73 16 293
2023 1 2 73 73 16 289
2024 1 2 73 73 17 117
2025 1 2 73 73 17 115
2026 1 2 73 73 17 153
2027 1 2 73 73 17 155
2028 1 2 73 73 17 293
2029 1 2 73 73 17 289
2030 1 2 73 73 115 117
2031 1 2 73 73 117 153
2032 1 2 73 73 117 155
2033 1 2 73 73 117 293
2034 1 2 73 73 117 289
2035 1 2 73 73 115 153
2036 1 2 73 73 115 155
2037 1 2 73 73 115 293
2038 1 2 73 73 115 289
2039 1 2 73 73 153 155
2040 1 2 73 73 153 293
2041 1 2 73 73 153 289
2042 1 2 73 73 155 293
2043 1 2 73 73 155 289
2044 1 2 73 73 289 293
2045 1 2 74 74 153 155
2046 1 2 74 74 153 293
2047 1 2 74 74 153 289
2048 1 2 74 74 153 154
2049 1 2 74 74 153 156
2050 1 2 74 74 153 294
2051 1 2 74 74 153 290
2052 1 2 74 74 155 293
2053 1 2 74 74 155 289
2054 1 2 74 74 154 155
2055 1 2 74 74 155 156
2056 1 2 74 74 155 294
2057 1 2 74 74 155 290
2058 1 2 74 74 289 293
2059 1 2 74 74 154 293
2060 1 2 74 74 156 293
2061 1 2 74 74 293 294
2062 1 2 74 74 290 293
2063 1 2 74 74 154 289
2064 1 2 74 74 156 289
2065 1 2 74 74 289 294
2066 1 2 74 74 289 290
2067 1 2 74 74 154 156
2068 1 2 74 74 154 294
2069 1 2 74 74 154 290
2070 1 2 74 74 156 294
2071 1 2 74 74 156 290
2072 1 2 74 74 290 294
2073 1 2 75 75 154 156
2074 1 2 75 75 154 294
2075 1 2 75 75 154 290
2076 1 2 75 75 58 154
2077 1 2 75 75 59 154
2078 1 2 75 75 154 239
2079 1 2 75 75 154 237
2080 1 2 75 75 156 294
2081 1 2 75 75 156 290
2082 1 2 75 75 58 156
2083 1 2 75 75 59 156
2084 1 2 75 75 156 239
2085 1 2 75 75 156 237
2086 1 2 75 75 290 294
2087 1 2 75 75 58 294
2088 1 2 75 75 59 294
2089 1 2 75 75 239 294
2090 1 2 75 75 237 294
2091 1 2 75 75 58 290
2092 1 2 75 75 59 290
2093 1 2 75 75 239 290
2094 1 2 75 75 237 290
2095 1 2 75 75 58 59
2096 1 2 75 75 58 239
2097 1 2 75 75 58 237
2098 1 2 75 75 59 239
2099 1 2 75 75 59 237
2100 1 2 75 75 237 239
2101 1 2 76 76 115 117
2102 1 2 76 76 115 118
2103 1 2 76 76 115 116
2104 1 2 76 76 115 289
2105 1 2 76 76 115 293
2106 1 2 76 76 115 295
2107 1 2 76 76 115 291
2108 1 2 76 76 117 118
2109 1 2 76 76 116 117
2110 1 2 76 76 117 289
2111 1 2 76 76 117 293
2112 1 2 76 76 117 295
2113 1 2 76 76 117 291
2114 1 2 76 76 116 118
2115 1 2 76 76 118 289
2116 1 2 76 76 118 293
2117 1 2 76 76 118 295
2118 1 2 76 76 118 291
2119 1 2 76 76 116 289
2120 1 2 76 76 116 293
2121 1 2 76 76 116 295
2122 1 2 76 76 116 291
2123 1 2 76 76 289 293
2124 1 2 76 76 289 295
2125 1 2 76 76 289 291
2126 1 2 76 76 293 295
2127 1 2 76 76 291 293
2128 1 2 76 76 291 295
2129 1 2 77 77 289 293
2130 1 2 77 77 289 295
2131 1 2 77 77 289 291
2132 1 2 77 77 289 290
2133 1 2 77 77 289 294
2134 1 2 77 77 289 296
2135 1 2 77 77 289 292
2136 1 2 77 77 293 295
2137 1 2 77 77 291 293
2138 1 2 77 77 290 293
2139 1 2 77 77 293 294
2140 1 2 77 77 293 296
2141 1 2 77 77 292 293
2142 1 2 77 77 291 295
2143 1 2 77 77 290 295
2144 1 2 77 77 294 295
2145 1 2 77 77 295 296
2146 1 2 77 77 292 295
2147 1 2 77 77 290 291
2148 1 2 77 77 291 294
2149 1 2 77 77 291 296
2150 1 2 77 77 291 292
2151 1 2 77 77 290 294
2152 1 2 77 77 290 296
2153 1 2 77 77 290 292
2154 1 2 77 77 294 296
2155 1 2 77 77 292 294
2156 1 2 77 77 292 296
2157 1 2 78 78 290 294
2158 1 2 78 78 290 296
2159 1 2 78 78 290 292
2160 1 2 78 78 237 290
2161 1 2 78 78 239 290
2162 1 2 78 78 240 290
2163 1 2 78 78 238 290
2164 1 2 78 78 294 296
2165 1 2 78 78 292 294
2166 1 2 78 78 237 294
2167 1 2 78 78 239 294
2168 1 2 78 78 240 294
2169 1 2 78 78 238 294
2170 1 2 78 78 292 296
2171 1 2 78 78 237 296
2172 1 2 78 78 239 296
2173 1 2 78 78 240 296
2174 1 2 78 78 238 296
2175 1 2 78 78 237 292
2176 1 2 78 78 239 292
2177 1 2 78 78 240 292
2178 1 2 78 78 238 292
2179 1 2 78 78 237 239
2180 1 2 78 78 237 240
2181 1 2 78 78 237 238
2182 1 2 78 78 239 240
2183 1 2 78 78 238 239
2184 1 2 78 78 238 240
2185 1 2 79 79 116 118
2186 1 2 79 79 40 116
2187 1 2 79 79 41 116
2188 1 2 79 79 116 291
2189 1 2 79 79 116 295
2190 1 2 79 79 116 201
2191 1 2 79 79 116 203
2192 1 2 79 79 40 118
2193 1 2 79 79 41 118
2194 1 2 79 79 118 291
2195 1 2 79 79 118 295
2196 1 2 79 79 118 201
2197 1 2 79 79 118 203
2198 1 2 79 79 40 41
2199 1 2 79 79 40 291
2200 1 2 79 79 40 295
2201 1 2 79 79 40 201
2202 1 2 79 79 40 203
2203 1 2 79 79 41 291
2204 1 2 79 79 41 295
2205 1 2 79 79 41 201
2206 1 2 79 79 41 203
2207 1 2 79 79 291 295
2208 1 2 79 79 201 291
2209 1 2 79 79 203 291
2210 1 2 79 79 201 295
2211 1 2 79 79 203 295
2212 1 2 79 79 201 203
2213 1 2 80 80 291 295
2214 1 2 80 80 201 291
2215 1 2 80 80 203 291
2216 1 2 80 80 291 292
2217 1 2 80 80 291 296
2218 1 2 80 80 202 291
2219 1 2 80 80 204 291
2220 1 2 80 80 201 295
2221 1 2 80 80 203 295
2222 1 2 80 80 292 295
2223 1 2 80 80 295 296
2224 1 2 80 80 202 295
2225 1 2 80 80 204 295
2226 1 2 80 80 201 203
2227 1 2 80 80 201 292
2228 1 2 80 80 201 296
2229 1 2 80 80 201 202
2230 1 2 80 80 201 204
2231 1 2 80 80 203 292
2232 1 2 80 80 203 296
2233 1 2 80 80 202 203
2234 1 2 80 80 203 204
2235 1 2 80 80 292 296
2236 1 2 80 80 202 292
2237 1 2 80 80 204 292
2238 1 2 80 80 202 296
2239 1 2 80 80 204 296
2240 1 2 80 80 202 204
2241 1 2 81 81 292 296
2242 1 2 81 81 202 292
2243 1 2 81 81 204 292
2244 1 2 81 81 238 292
2245 1 2 81 81 240 292
2246 1 2 81 81 82 292
2247 1 2 81 81 83 292
2248 1 2 81 81 202 296
2249 1 2 81 81 204 296
2250 1 2 81 81 238 296
2251 1 2 81 81 240 296
2252 1 2 81 81 82 296
2253 1 2 81 81 83 296
2254 1 2 81 81 202 204
2255 1 2 81 81 202 238
2256 1 2 81 81 202 240
2257 1 2 81 81 82 202
2258 1 2 81 81 83 202
2259 1 2 81 81 204 238
2260 1 2 81 81 204 240
2261 1 2 81 81 82 204
2262 1 2 81 81 83 204
2263 1 2 81 81 238 240
2264 1 2 81 81 82 238
2265 1 2 81 81 83 238
2266 1 2 81 81 82 240
2267 1 2 81 81 83 240
2268 1 2 81 81 82 83
2269 1 2 82 82 17 18
2270 1 2 82 82 17 119
2271 1 2 82 82 17 117
2272 1 2 82 82 17 155
2273 1 2 82 82 17 157
2274 1 2 82 82 17 297
2275 1 2 82 82 17 293
2276 1 2 82 82 18 119
2277 1 2 82 82 18 117
2278 1 2 82 82 18 155
2279 1 2 82 82 18 157
2280 1 2 82 82 18 297
2281 1 2 82 82 18 293
2282 1 2 82 82 117 119
2283 1 2 82 82 119 155
2284 1 2 82 82 119 157
2285 1 2 82 82 119 297
2286 1 2 82 82 119 293
2287 1 2 82 82 117 155
2288 1 2 82 82 117 157
2289 1 2 82 82 117 297
2290 1 2 82 82 117 293
2291 1 2 82 82 155 157
2292 1 2 82 82 155 297
2293 1 2 82 82 155 293
2294 1 2 82 82 157 297
2295 1 2 82 82 157 293
2296 1 2 82 82 293 297
2297 1 2 83 83 155 157
2298 1 2 83 83 155 297
2299 1 2 83 83 155 293
2300 1 2 83 83 155 156
2301 1 2 83 83 155 158
2302 1 2 83 83 155 298
2303 1 2 83 83 155 294
2304 1 2 83 83 157 297
2305 1 2 83 83 157 293
2306 1 2 83 83 156 157
2307 1 2 83 83 157 158
2308 1 2 83 83 157 298
2309 1 2 83 83 157 294
2310 1 2 83 83 293 297
2311 1 2 83 83 156 297
2312 1 2 83 83 158 297
2313 1 2 83 83 297 298
2314 1 2 83 83 294 297
2315 1 2 83 83 156 293
2316 1 2 83 83 158 293
2317 1 2 83 83 293 298
2318 1 2 83 83 293 294
2319 1 2 83 83 156 158
2320 1 2 83 83 156 298
2321 1 2 83 83 156 294
2322 1 2 83 83 158 298
2323 1 2 83 83 158 294
2324 1 2 83 83 294 298
2325 1 2 84 84 156 158
2326 1 2 84 84 156 298
2327 1 2 84 84 156 294
2328 1 2 84 84 59 156
2329 1 2 84 84 60 156
2330 1 2 84 84 156 241
2331 1 2 84 84 156 239
2332 1 2 84 84 158 298
2333 1 2 84 84 158 294
2334 1 2 84 84 59 158
2335 1 2 84 84 60 158
2336 1 2 84 84 158 241
2337 1 2 84 84 158 239
2338 1 2 84 84 294 298
2339 1 2 84 84 59 298
2340 1 2 84 84 60 298
2341 1 2 84 84 241 298
2342 1 2 84 84 239 298
2343 1 2 84 84 59 294
2344 1 2 84 84 60 294
2345 1 2 84 84 241 294
2346 1 2 84 84 239 294
2347 1 2 84 84 59 60
2348 1 2 84 84 59 241
2349 1 2 84 84 59 239
2350 1 2 84 84 60 241
2351 1 2 84 84 60 239
2352 1 2 84 84 239 241
2353 1 2 85 85 117 119
2354 1 2 85 85 117 120
2355 1 2 85 85 117 118
2356 1 2 85 85 117 293
2357 1 2 85 85 117 297
2358 1 2 85 85 117 299
2359 1 2 85 85 117 295
2360 1 2 85 85 119 120
2361 1 2 85 85 118 119
2362 1 2 85 85 119 293
2363 1 2 85 85 119 297
2364 1 2 85 85 119 299
2365 1 2 85 85 119 295
2366 1 2 85 85 118 120
2367 1 2 85 85 120 293
2368 1 2 85 85 120 297
2369 1 2 85 85 120 299
2370 1 2 85 85 120 295
2371 1 2 85 85 118 293
2372 1 2 85 85 118 297
2373 1 2 85 85 118 299
2374 1 2 85 85 118 295
2375 1 2 85 85 293 297
2376 1 2 85 85 293 299
2377 1 2 85 85 293 295
2378 1 2 85 85 297 299
2379 1 2 85 85 295 297
2380 1 2 85 85 295 299
2381 1 2 86 86 293 297
2382 1 2 86 86 293 299
2383 1 2 86 86 293 295
2384 1 2 86 86 293 294
2385 1 2 86 86 293 298
2386 1 2 86 86 293 300
2387 1 2 86 86 293 296
2388 1 2 86 86 297 299
2389 1 2 86 86 295 297
2390 1 2 86 86 294 297
2391 1 2 86 86 297 298
2392 1 2 86 86 297 300
2393 1 2 86 86 296 297
2394 1 2 86 86 295 299
2395 1 2 86 86 294 299
2396 1 2 86 86 298 299
2397 1 2 86 86 299 300
2398 1 2 86 86 296 299
2399 1 2 86 86 294 295
2400 1 2 86 86 295 298
2401 1 2 86 86 295 300
2402 1 2 86 86 295 296
2403 1 2 86 86 294 298
2404 1 2 86 86 294 300
2405 1 2 86 86 294 296
2406 1 2 86 86 298 300
2407 1 2 86 86 296 298
2408 1 2 86 86 296 300
2409 1 2 87 87 294 298
2410 1 2 87 87 294 300
2411 1 2 87 87 294 296
2412 1 2 87 87 239 294
2413 1 2 87 87 241 294
2414 1 2 87 87 242 294
2415 1 2 87 87 240 294
2416 1 2 87 87 298 300
2417 1 2 87 87 296 298
2418 1 2 87 87 239 298
2419 1 2 87 87 241 298
2420 1 2 87 87 242 298
2421 1 2 87 87 240 298
2422 1 2 87 87 296 300
2423 1 2 87 87 239 300
2424 1 2 87 87 241 300
2425 1 2 87 87 242 300
2426 1 2 87 87 240 300
2427 1 2 87 87 239 296
2428 1 2 87 87 241 296
2429 1 2 87 87 242 296
2430 1 2 87 87 240 296
2431 1 2 87 87 239 241
2432 1 2 87 87 239 242
2433 1 2 87 87 239 240
2434 1 2 87 87 241 242
2435 1 2 87 87 240 241
2436 1 2 87 87 240 242
2437 1 2 88 88 118 120
2438 1 2 88 88 39 118
2439 1 2 88 88 40 118
2440 1 2 88 88 118 295
2441 1 2 88 88 118 299
2442 1 2 88 88 118 199
2443 1 2 88 88 118 201
2444 1 2 88 88 39 120
2445 1 2 88 88 40 120
2446 1 2 88 88 120 295
2447 1 2 88 88 120 299
2448 1 2 88 88 120 199
2449 1 2 88 88 120 201
2450 1 2 88 88 39 40
2451 1 2 88 88 39 295
2452 1 2 88 88 39 299
2453 1 2 88 88 39 199
2454 1 2 88 88 39 201
2455 1 2 88 88 40 295
2456 1 2 88 88 40 299
2457 1 2 88 88 40 199
2458 1 2 88 88 40 201
2459 1 2 88 88 295 299
2460 1 2 88 88 199 295
2461 1 2 88 88 201 295
2462 1 2 88 88 199 299
2463 1 2 88 88 201 299
2464 1 2 88 88 199 201
2465 1 2 89 89 295 299
2466 1 2 89 89 199 295
2467 1 2 89 89 201 295
2468 1 2 89 89 295 296
2469 1 2 89 89 295 300
2470 1 2 89 89 200 295
2471 1 2 89 89 202 295
2472 1 2 89 89 199 299
2473 1 2 89 89 201 299
2474 1 2 89 89 296 299
2475 1 2 89 89 299 300
2476 1 2 89 89 200 299
2477 1 2 89 89 202 299
2478 1 2 89 89 199 201
2479 1 2 89 89 199 296
2480 1 2 89 89 199 300
2481 1 2 89 89 199 200
2482 1 2 89 89 199 202
2483 1 2 89 89 201 296
2484 1 2 89 89 201 300
2485 1 2 89 89 200 201
2486 1 2 89 89 201 202
2487 1 2 89 89 296 300
2488 1 2 89 89 200 296
2489 1 2 89 89 202 296
2490 1 2 89 89 200 300
2491 1 2 89 89 202 300
2492 1 2 89 89 200 202
2493 1 2 90 90 296 300
2494 1 2 90 90 200 296
2495 1 2 90 90 202 296
2496 1 2 90 90 240 296
2497 1 2 90 90 242 296
2498 1 2 90 90 81 296
2499 1 2 90 90 82 296
2500 1 2 90 90 200 300
2501 1 2 90 90 202 300
2502 1 2 90 90 240 300
2503 1 2 90 90 242 300
2504 1 2 90 90 81 300
2505 1 2 90 90 82 300
2506 1 2 90 90 200 202
2507 1 2 90 90 200 240
2508 1 2 90 90 200 242
2509 1 2 90 90 81 200
2510 1 2 90 90 82 200
2511 1 2 90 90 202 240
2512 1 2 90 90 202 242
2513 1 2 90 90 81 202
2514 1 2 90 90 82 202
2515 1 2 90 90 240 242
2516 1 2 90 90 81 240
2517 1 2 90 90 82 240
2518 1 2 90 90 81 242
2519 1 2 90 90 82 242
2520 1 2 90 90 81 82
2521 1 2 91 91 18 19
2522 1 2 91 91 18 121
2523 1 2 91 91 18 119
2524 1 2 91 91 18 157
2525 1 2 91 91 18 159
2526 1 2 91 91 18 301
2527 1 2 91 91 18 297
2528 1 2 91 91 19 121
2529 1 2 91 91 19 119
2530 1 2 91 91 19 157
2531 1 2 91 91 19 159
2532 1 2 91 91 19 301
2533 1 2 91 91 19 297
2534 1 2 91 91 119 121
2535 1 2 91 91 121 157
2536 1 2 91 91 121 159
2537 1 2 91 91 121 301
2538 1 2 91 91 121 297
2539 1 2 91 91 119 157
2540 1 2 91 91 119 159
2541 1 2 91 91 119 301
2542 1 2 91 91 119 297
2543 1 2 91 91 157 159
2544 1 2 91 91 157 301
2545 1 2 91 91 157 297
2546 1 2 91 91 159 301
2547 1 2 91 91 159 297
2548 1 2 91 91 297 301
2549 1 2 92 92 157 159
2550 1 2 92 92 157 301
2551 1 2 92 92 157 297
2552 1 2 92 92 157 158
2553 1 2 92 92 157 160
2554 1 2 92 92 157 302
2555 1 2 92 92 157 298
2556 1 2 92 92 159 301
2557 1 2 92 92 159 297
2558 1 2 92 92 158 159
2559 1 2 92 92 159 160
2560 1 2 92 92 159 302
2561 1 2 92 92 159 298
2562 1 2 92 92 297 301
2563 1 2 92 92 158 301
2564 1 2 92 92 160 301
2565 1 2 92 92 301 302
2566 1 2 92 92 298 301
2567 1 2 92 92 158 297
2568 1 2 92 92 160 297
2569 1 2 92 92 297 302
2570 1 2 92 92 297 298
2571 1 2 92 92 158 160
2572 1 2 92 92 158 302
2573 1 2 92 92 158 298
2574 1 2 92 92 160 302
2575 1 2 92 92 160 298
2576 1 2 92 92 298 302
2577 1 2 93 93 158 160
2578 1 2 93 93 158 302
2579 1 2 93 93 158 298
2580 1 2 93 93 60 158
2581 1 2 93 93 61 158
2582 1 2 93 93 158 243
2583 1 2 93 93 158 241
2584 1 2 93 93 160 302
2585 1 2 93 93 160 298
2586 1 2 93 93 60 160
2587 1 2 93 93 61 160
2588 1 2 93 93 160 243
2589 1 2 93 93 160 241
2590 1 2 93 93 298 302
2591 1 2 93 93 60 302
2592 1 2 93 93 61 302
2593 1 2 93 93 243 302
2594 1 2 93 93 241 302
2595 1 2 93 93 60 298
2596 1 2 93 93 61 298
2597 1 2 93 93 243 298
2598 1 2 93 93 241 298
2599 1 2 93 93 60 61
2600 1 2 93 93 60 243
2601 1 2 93 93 60 241
2602 1 2 93 93 61 243
2603 1 2 93 93 61 241
2604 1 2 93 93 241 243
2605 1 2 94 94 119 121
2606 1 2 94 94 119 122
2607 1 2 94 94 119 120
2608 1 2 94 94 119 297
2609 1 2 94 94 119 301
2610 1 2 94 94 119 303
2611 1 2 94 94 119 299
2612 1 2 94 94 121 122
2613 1 2 94 94 120 121
2614 1 2 94 94 121 297
2615 1 2 94 94 121 301
2616 1 2 94 94 121 303
2617 1 2 94 94 121 299
2618 1 2 94 94 120 122
2619 1 2 94 94 122 297
2620 1 2 94 94 122 301
2621 1 2 94 94 122 303
2622 1 2 94 94 122 299
2623 1 2 94 94 120 297
2624 1 2 94 94 120 301
2625 1 2 94 94 120 303
2626 1 2 94 94 120 299
2627 1 2 94 94 297 301
2628 1 2 94 94 297 303
2629 1 2 94 94 297 299
2630 1 2 94 94 301 303
2631 1 2 94 94 299 301
2632 1 2 94 94 299 303
2633 1 2 95 95 297 301
2634 1 2 95 95 297 303
2635 1 2 95 95 297 299
2636 1 2 95 95 297 298
2637 1 2 95 95 297 302
2638 1 2 95 95 297 304
2639 1 2 95 95 297 300
2640 1 2 95 95 301 303
2641 1 2 95 95 299 301
2642 1 2 95 95 298 301
2643 1 2 95 95 301 302
2644 1 2 95 95 301 304
2645 1 2 95 95 300 301
2646 1 2 95 95 299 303
2647 1 2 95 95 298 303
2648 1 2 95 95 302 303
2649 1 2 95 95 303 304
2650 1 2 95 95 300 303
2651 1 2 95 95 298 299
2652 1 2 95 95 299 302
2653 1 2 95 95 299 304
2654 1 2 95 95 299 300
2655 1 2 95 95 298 302
2656 1 2 95 95 298 304
2657 1 2 95 95 298 300
2658 1 2 95 95 302 304
2659 1 2 95 95 300 302
2660 1 2 95 95 300 304
2661 1 2 96 96 298 302
2662 1 2 96 96 298 304
2663 1 2 96 96 298 300
2664 1 2 96 96 241 298
2665 1 2 96 96 243 298
2666 1 2 96 96 244 298
2667 1 2 96 96 242 298
2668 1 2 96 96 302 304
2669 1 2 96 96 300 302
2670 1 2 96 96 241 302
2671 1 2 96 96 243 302
2672 1 2 96 96 244 302
2673 1 2 96 96 242 302
2674 1 2 96 96 300 304
2675 1 2 96 96 241 304
2676 1 2 96 96 243 304
2677 1 2 96 96 244 304
2678 1 2 96 96 242 304
2679 1 2 96 96 241 300
2680 1 2 96 96 243 300
2681 1 2 96 96 244 300
2682 1 2 96 96 242 300
2683 1 2 96 96 241 243
2684 1 2 96 96 241 244
2685 1 2 96 96 241 242
2686 1 2 96 96 243 244
2687 1 2 96 96 242 243
2688 1 2 96 96 242 244
2689 1 2 97 97 120 122
2690 1 2 97 97 38 120
2691 1 2 97 97 39 120
2692 1 2 97 97 120 299
2693 1 2 97 97 120 303
2694 1 2 97 97 120 197
2695 1 2 97 97 120 199
2696 1 2 97 97 38 122
2697 1 2 97 97 39 122
2698 1 2 97 97 122 299
2699 1 2 97 97 122 303
2700 1 2 97 97 122 197
2701 1 2 97 97 122 199
2702 1 2 97 97 38 39
2703 1 2 97 97 38 299
2704 1 2 97 97 38 303
2705 1 2 97 97 38 197
2706 1 2 97 97 38 199
2707 1 2 97 97 39 299
2708 1 2 97 97 39 303
2709 1 2 97 97 39 197
2710 1 2 97 97 39 199
2711 1 2 97 97 299 303
2712 1 2 97 97 197 299
2713 1 2 97 97 199 299
2714 1 2 97 97 197 303
2715 1 2 97 97 199 303
2716 1 2 97 97 197 199
2717 1 2 98 98 299 303
2718 1 2 98 98 197 299
2719 1 2 98 98 199 299
2720 1 2 98 98 299 300
2721 1 2 98 98 299 304
2722 1 2 98 98 198 299
2723 1 2 98 98 200 299
2724 1 2 98 98 197 303
2725 1 2 98 98 199 303
2726 1 2 98 98 300 303
2727 1 2 98 98 303 304
2728 1 2 98 98 198 303
2729 1 2 98 98 200 303
2730 1 2 98 98 197 199
2731 1 2 98 98 197 300
2732 1 2 98 98 197 304
2733 1 2 98 98 197 198
2734 1 2 98 98 197 200
2735 1 2 98 98 199 300
2736 1 2 98 98 199 304
2737 1 2 98 98 198 199
2738 1 2 98 98 199 200
2739 1 2 98 98 300 304
2740 1 2 98 98 198 300
2741 1 2 98 98 200 300
2742 1 2 98 98 198 304
2743 1 2 98 98 200 304
2744 1 2 98 98 198 200
2745 1 2 99 99 300 304
2746 1 2 99 99 198 300
2747 1 2 99 99 200 300
2748 1 2 99 99 242 300
2749 1 2 99 99 244 300
2750 1 2 99 99 80 300
2751 1 2 99 99 81 300
2752 1 2 99 99 198 304
2753 1 2 99 99 200 304
2754 1 2 99 99 242 304
2755 1 2 99 99 244 304
2756 1 2 99 99 80 304
2757 1 2 99 99 81 304
2758 1 2 99 99 198 200
2759 1 2 99 99 198 242
2760 1 2 99 99 198 244
2761 1 2 99 99 80 198
2762 1 2 99 99 81 198
2763 1 2 99 99 200 242
2764 1 2 99 99 200 244
2765 1 2 99 99 80 200
2766 1 2 99 99 81 200
2767 1 2 99 99 242 244
2768 1 2 99 99 80 242
2769 1 2 99 99 81 242
2770 1 2 99 99 80 244
2771 1 2 99 99 81 244
2772 1 2 99 99 80 81
2773 1 2 100 100 19 20
2774 1 2 100 100 19 123
2775 1 2 100 100 19 121
2776 1 2 100 100 19 159
2777 1 2 100 100 19 161
2778 1 2 100 100 19 305
2779 1 2 100 100 19 301
2780 1 2 100 100 20 123
2781 1 2 100 100 20 121
2782 1 2 100 100 20 159
2783 1 2 100 100 20 161
2784 1 2 100 100 20 305
2785 1 2 100 100 20 301
2786 1 2 100 100 121 123
2787 1 2 100 100 123 159
2788 1 2 100 100 123 161
2789 1 2 100 100 123 305
2790 1 2 100 100 123 301
2791 1 2 100 100 121 159
2792 1 2 100 100 121 161
2793 1 2 100 100 121 305
2794 1 2 100 100 121 301
2795 1 2 100 100 159 161
2796 1 2 100 100 159 305
2797 1 2 100 100 159 301
2798 1 2 100 100 161 305
2799 1 2 100 100 161 301
2800 1 2 100 100 301 305
2801 1 2 101 101 159 161
2802 1 2 101 101 159 305
2803 1 2 101 101 159 301
2804 1 2 101 101 159 160
2805 1 2 101 101 159 162
2806 1 2 101 101 159 306
2807 1 2 101 101 159 302
2808 1 2 101 101 161 305
2809 1 2 101 101 161 301
2810 1 2 101 101 160 161
2811 1 2 101 101 161 162
2812 1 2 101 101 161 306
2813 1 2 101 101 161 302
2814 1 2 101 101 301 305
2815 1 2 101 101 160 305
2816 1 2 101 101 162 305
2817 1 2 101 101 305 306
2818 1 2 101 101 302 305
2819 1 2 101 101 160 301
2820 1 2 101 101 162 301
2821 1 2 101 101 301 306
2822 1 2 101 101 301 302
2823 1 2 101 101 160 162
2824 1 2 101 101 160 306
2825 1 2 101 101 160 302
2826 1 2 101 101 162 306
2827 1 2 101 101 162 302
2828 1 2 101 101 302 306
2829 1 2 102 102 160 162
2830 1 2 102 102 160 306
2831 1 2 102 102 160 302
2832 1 2 102 102 61 160
2833 1 2 102 102 62 160
2834 1 2 102 102 160 245
2835 1 2 102 102 160 243
2836 1 2 102 102 162 306
2837 1 2 102 102 162 302
2838 1 2 102 102 61 162
2839 1 2 102 102 62 162
2840 1 2 102 102 162 245
2841 1 2 102 102 162 243
2842 1 2 102 102 302 306
2843 1 2 102 102 61 306
2844 1 2 102 102 62 306
2845 1 2 102 102 245 306
2846 1 2 102 102 243 306
2847 1 2 102 102 61 302
2848 1 2 102 102 62 302
2849 1 2 102 102 245 302
2850 1 2 102 102 243 302
2851 1 2 102 102 61 62
2852 1 2 102 102 61 245
2853 1 2 102 102 61 243
2854 1 2 102 102 62 245
2855 1 2 102 102 62 243
2856 1 2 102 102 243 245
2857 1 2 103 103 121 123
2858 1 2 103 103 121 124
2859 1 2 103 103 121 122
2860 1 2 103 103 121 301
2861 1 2 103 103 121 305
2862 1 2 103 103 121 307
2863 1 2 103 103 121 303
2864 1 2 103 103 123 124
2865 1 2 103 103 122 123
2866 1 2 103 103 123 301
2867 1 2 103 103 123 305
2868 1 2 103 103 123 307
2869 1 2 103 103 123 303
2870 1 2 103 103 122 124
2871 1 2 103 103 124 301
2872 1 2 103 103 124 305
2873 1 2 103 103 124 307
2874 1 2 103 103 124 303
2875 1 2 103 103 122 301
2876 1 2 103 103 122 305
2877 1 2 103 103 122 307
2878 1 2 103 103 122 303
2879 1 2 103 103 301 305
2880 1 2 103 103 301 307
2881 1 2 103 103 301 303
2882 1 2 103 103 305 307
2883 1 2 103 103 303 305
2884 1 2 103 103 303 307
2885 1 2 104 104 301 305
2886 1 2 104 104 301 307
2887 1 2 104 104 301 303
2888 1 2 104 104 301 302
2889 1 2 104 104 301 306
2890 1 2 104 104 301 308
2891 1 2 104 104 301 304
2892 1 2 104 104 305 307
2893 1 2 104 104 303 305
2894 1 2 104 104 302 305
2895 1 2 104 104 305 306
2896 1 2 104 104 305 308
2897 1 2 104 104 304 305
2898 1 2 104 104 303 307
2899 1 2 104 104 302 307
2900 1 2 104 104 306 307
2901 1 2 104 104 307 308
2902 1 2 104 104 304 307
2903 1 2 104 104 302 303
2904 1 2 104 104 303 306
2905 1 2 104 104 303 308
2906 1 2 104 104 303 304
2907 1 2 104 104 302 306
2908 1 2 104 104 302 308
2909 1 2 104 104 302 304
2910 1 2 104 104 306 308
2911 1 2 104 104 304 306
2912 1 2 104 104 304 308
2913 1 2 105 105 302 306
2914 1 2 105 105 302 308
2915 1 2 105 105 302 304
2916 1 2 105 105 243 302
2917 1 2 105 105 245 302
2918 1 2 105 105 246 302
2919 1 2 105 105 244 302
2920 1 2 105 105 306 308
2921 1 2 105 105 304 306
2922 1 2 105 105 243 306
2923 1 2 105 105 245 306
2924 1 2 105 105 246 306
2925 1 2 105 105 244 306
2926 1 2 105 105 304 308
2927 1 2 105 105 243 308
2928 1 2 105 105 245 308
2929 1 2 105 105 246 308
2930 1 2 105 105 244 308
2931 1 2 105 105 243 304
2932 1 2 105 105 245 304
2933 1 2 105 105 246 304
2934 1 2 105 105 244 304
2935 1 2 105 105 243 245
2936 1 2 105 105 243 246
2937 1 2 105 105 243 244
2938 1 2 105 105 245 246
2939 1 2 105 105 244 245
2940 1 2 105 105 244 246
2941 1 2 106 106 122 124
2942 1 2 106 106 37 122
2943 1 2 106 106 38 122
2944 1 2 106 106 122 303
2945 1 2 106 106 122 307
2946 1 2 106 106 122 195
2947 1 2 106 106 122 197
2948 1 2 106 106 37 124
2949 1 2 106 106 38 124
2950 1 2 106 106 124 303
2951 1 2 106 106 124 307
2952 1 2 106 106 124 195
2953 1 2 106 106 124 197
2954 1 2 106 106 37 38
2955 1 2 106 106 37 303
2956 1 2 106 106 37 307
2957 1 2 106 106 37 195
2958 1 2 106 106 37 197
2959 1 2 106 106 38 303
2960 1 2 106 106 38 307
2961 1 2 106 106 38 195
2962 1 2 106 106 38 197
2963 1 2 106 106 303 307
2964 1 2 106 106 195 303
2965 1 2 106 106 197 303
2966 1 2 106 106 195 307
2967 1 2 106 106 197 307
2968 1 2 106 106 195 197
2969 1 2 107 107 303 307
2970 1 2 107 107 195 303
2971 1 2 107 107 197 303
2972 1 2 107 107 303 304
2973 1 2 107 107 303 308
2974 1 2 107 107 196 303
2975 1 2 107 107 198 303
2976 1 2 107 107 195 307
2977 1 2 107 107 197 307
2978 1 2 107 107 304 307
2979 1 2 107 107 307 308
2980 1 2 107 107 196 307
2981 1 2 107 107 198 307
2982 1 2 107 107 195 197
2983 1 2 107 107 195 304
2984 1 2 107 107 195 308
2985 1 2 107 107 195 196
2986 1 2 107 107 195 198
2987 1 2 107 107 197 304
2988 1 2 107 107 197 308
2989 1 2 107 107 196 197
2990 1 2 107 107 197 198
2991 1 2 107 107 304 308
2992 1 2 107 107 196 304
2993 1 2 107 107 198 304
2994 1 2 107 107 196 308
2995 1 2 107 107 198 308
2996 1 2 107 107 196 198
2997 1 2 108 108 304 308
2998 1 2 108 108 196 304
2999 1 2 108 108 198 304
3000 1 2 108 108 244 304
3001 1 2 108 108 246 304
3002 1 2 108 108 79 304
3003 1 2 108 108 80 304
3004 1 2 108 108 196 308
3005 1 2 108 108 198 308
3006 1 2 108 108 244 308
3007 1 2 108 108 246 308
3008 1 2 108 108 79 308
3009 1 2 108 108 80 308
3010 1 2 108 108 196 198
3011 1 2 108 108 196 244
3012 1 2 108 108 196 246
3013 1 2 108 108 79 196
3014 1 2 108 108 80 196
3015 1 2 108 108 198 244
3016 1 2 108 108 198 246
3017 1 2 108 108 79 198
3018 1 2 108 108 80 198
3019 1 2 108 108 244 246
3020 1 2 108 108 79 244
3021 1 2 108 108 80 244
3022 1 2 108 108 79 246
3023 1 2 108 108 80 246
3024 1 2 108 108 79 80
3025 1 2 109 109 20 21
3026 1 2 109 109 20 125
3027 1 2 109 109 20 123
3028 1 2 109 109 20 161
3029 1 2 109 109 20 163
3030 1 2 109 109 20 309
3031 1 2 109 109 20 305
3032 1 2 109 109 21 125
3033 1 2 109 109 21 123
3034 1 2 109 109 21 161
3035 1 2 109 109 21 163
3036 1 2 109 109 21 309
3037 1 2 109 109 21 305
3038 1 2 109 109 123 125
3039 1 2 109 109 125 161
3040 1 2 109 109 125 163
3041 1 2 109 109 125 309
3042 1 2 109 109 125 305
3043 1 2 109 109 123 161
3044 1 2 109 109 123 163
3045 1 2 109 109 123 309
3046 1 2 109 109 123 305
3047 1 2 109 109 161 163
3048 1 2 109 109 161 309
3049 1 2 109 109 161 305
3050 1 2 109 109 163 309
3051 1 2 109 109 163 305
3052 1 2 109 109 305 309
3053 1 2 110 110 161 163
3054 1 2 110 110 161 309
3055 1 2 110 110 161 305
3056 1 2 110 110 161 162
3057 1 2 110 110 161 164
3058 1 2 110 110 161 310
3059 1 2 110 110 161 306
3060 1 2 110 110 163 309
3061 1 2 110 110 163 305
3062 1 2 110 110 162 163
3063 1 2 110 110 163 164
3064 1 2 110 110 163 310
3065 1 2 110 110 163 306
3066 1 2 110 110 305 309
3067 1 2 110 110 162 309
3068 1 2 110 110 164 309
3069 1 2 110 110 309 310
3070 1 2 110 110 306 309
3071 1 2 110 110 162 305
3072 1 2 110 110 164 305
3073 1 2 110 110 305 310
3074 1 2 110 110 305 306
3075 1 2 110 110 162 164
3076 1 2 110 110 162 310
3077 1 2 110 110 162 306
3078 1 2 110 110 164 310
3079 1 2 110 110 164 306
3080 1 2 110 110 306 310
3081 1 2 111 111 162 164
3082 1 2 111 111 162 310
3083 1 2 111 111 162 306
3084 1 2 111 111 62 162
3085 1 2 111 111 63 162
3086 1 2 111 111 162 247
3087 1 2 111 111 162 245
3088 1 2 111 111 164 310
3089 1 2 111 111 164 306
3090 1 2 111 111 62 164
3091 1 2 111 111 63 164
3092 1 2 111 111 164 247
3093 1 2 111 111 164 245
3094 1 2 111 111 306 310
3095 1 2 111 111 62 310
3096 1 2 111 111 63 310
3097 1 2 111 111 247 310
3098 1 2 111 111 245 310
3099 1 2 111 111 62 306
3100 1 2 111 111 63 306
3101 1 2 111 111 247 306
3102 1 2 111 111 245 306
3103 1 2 111 111 62 63
3104 1 2 111 111 62 247
3105 1 2 111 111 62 245
3106 1 2 111 111 63 247
3107 1 2 111 111 63 245
3108 1 2 111 111 245 247
3109 1 2 112 112 123 125
3110 1 2 112 112 123 126
3111 1 2 112 112 123 124
3112 1 2 112 112 123 305
3113 1 2 112 112 123 309
3114 1 2 112 112 123 311
3115 1 2 112 112 123 307
3116 1 2 112 112 125 126
3117 1 2 112 112 124 125
3118 1 2 112 112 125 305
3119 1 2 112 112 125 309
3120 1 2 112 112 125 311
3121 1 2 112 112 125 307
3122 1 2 112 112 124 126
3123 1 2 112 112 126 305
3124 1 2 112 112 126 309
3125 1 2 112 112 126 311
3126 1 2 112 112 126 307
3127 1 2 112 112 124 305
3128 1 2 112 112 124 309
3129 1 2 112 112 124 311
3130 1 2 112 112 124 307
3131 1 2 112 112 305 309
3132 1 2 112 112 305 311
3133 1 2 112 112 305 307
3134 1 2 112 112 309 311
3135 1 2 112 112 307 309
3136 1 2 112 112 307 311
3137 1 2 113 113 305 309
3138 1 2 113 113 305 311
3139 1 2 113 113 305 307
3140 1 2 113 113 305 306
3141 1 2 113 113 305 310
3142 1 2 113 113 305 312
3143 1 2 113 113 305 308
3144 1 2 113 113 309 311
3145 1 2 113 113 307 309
3146 1 2 113 113 306 309
3147 1 2 113 113 309 310
3148 1 2 113 113 309 312
3149 1 2 113 113 308 309
3150 1 2 113 113 307 311
3151 1 2 113 113 306 311
3152 1 2 113 113 310 311
3153 1 2 113 113 311 312
3154 1 2 113 113 308 311
3155 1 2 113 113 306 307
3156 1 2 113 113 307 310
3157 1 2 113 113 307 312
3158 1 2 113 113 307 308
3159 1 2 113 113 306 310
3160 1 2 113 113 306 312
3161 1 2 113 113 306 308
3162 1 2 113 113 310 312
3163 1 2 113 113 308 310
3164 1 2 113 113 308 312
3165 1 2 114 114 306 310
3166 1 2 114 114 306 312
3167 1 2 114 114 306 308
3168 1 2 114 114 245 306
3169 1 2 114 114 247 306
3170 1 2 114 114 248 306
3171 1 2 114 114 246 306
3172 1 2 114 114 310 312
3173 1 2 114 114 308 310
3174 1 2 114 114 245 310
3175 1 2 114 114 247 310
3176 1 2 114 114 248 310
3177 1 2 114 114 246 310
3178 1 2 114 114 308 312
3179 1 2 114 114 245 312
3180 1 2 114 114 247 312
3181 1 2 114 114 248 312
3182 1 2 114 114 246 312
3183 1 2 114 114 245 308
3184 1 2 114 114 247 308
3185 1 2 114 114 248 308
3186 1 2 114 114 246 308
3187 1 2 114 114 245 247
3188 1 2 114 114 245 248
3189 1 2 114 114 245 246
3190 1 2 114 114 247 248
3191 1 2 114 114 246 247
3192 1 2 114 114 246 248
3193 1 2 115 115 124 126
3194 1 2 115 115 36 124
3195 1 2 115 115 37 124
3196 1 2 115 115 124 307
3197 1 2 115 115 124 311
3198 1 2 115 115 124 193
3199 1 2 115 115 124 195
3200 1 2 115 115 36 126
3201 1 2 115 115 37 126
3202 1 2 115 115 126 307
3203 1 2 115 115 126 311
3204 1 2 115 115 126 193
3205 1 2 115 115 126 195
3206 1 2 115 115 36 37
3207 1 2 115 115 36 307
3208 1 2 115 115 36 311
3209 1 2 115 115 36 193
3210 1 2 115 115 36 195
3211 1 2 115 115 37 307
3212 1 2 115 115 37 311
3213 1 2 115 115 37 193
3214 1 2 115 115 37 195
3215 1 2 115 115 307 311
3216 1 2 115 115 193 307
3217 1 2 115 115 195 307
3218 1 2 115 115 193 311
3219 1 2 115 115 195 311
3220 1 2 115 115 193 195
3221 1 2 116 116 307 311
3222 1 2 116 116 193 307
3223 1 2 116 116 195 307
3224 1 2 116 116 307 308
3225 1 2 116 116 307 312
3226 1 2 116 116 194 307
3227 1 2 116 116 196 307
3228 1 2 116 116 193 311
3229 1 2 116 116 195 311
3230 1 2 116 116 308 311
3231 1 2 116 116 311 312
3232 1 2 116 116 194 311
3233 1 2 116 116 196 311
3234 1 2 116 116 193 195
3235 1 2 116 116 193 308
3236 1 2 116 116 193 312
3237 1 2 116 116 193 194
3238 1 2 116 116 193 196
3239 1 2 116 116 195 308
3240 1 2 116 116 195 312
3241 1 2 116 116 194 195
3242 1 2 116 116 195 196
3243 1 2 116 116 308 312
3244 1 2 116 116 194 308
3245 1 2 116 116 196 308
3246 1 2 116 116 194 312
3247 1 2 116 116 196 312
3248 1 2 116 116 194 196
3249 1 2 117 117 308 312
3250 1 2 117 117 194 308
3251 1 2 117 117 196 308
3252 1 2 117 117 246 308
3253 1 2 117 117 248 308
3254 1 2 117 117 78 308
3255 1 2 117 117 79 308
3256 1 2 117 117 194 312
3257 1 2 117 117 196 312
3258 1 2 117 117 246 312
3259 1 2 117 117 248 312
3260 1 2 117 117 78 312
3261 1 2 117 117 79 312
3262 1 2 117 117 194 196
3263 1 2 117 117 194 246
3264 1 2 117 117 194 248
3265 1 2 117 117 78 194
3266 1 2 117 117 79 194
3267 1 2 117 117 196 246
3268 1 2 117 117 196 248
3269 1 2 117 117 78 196
3270 1 2 117 117 79 196
3271 1 2 117 117 246 248
3272 1 2 117 117 78 246
3273 1 2 117 117 79 246
3274 1 2 117 117 78 248
3275 1 2 117 117 79 248
3276 1 2 117 117 78 79
3277 1 2 118 118 21 22
3278 1 2 118 118 21 127
3279 1 2 118 118 21 125
3280 1 2 118 118 21 163
3281 1 2 118 118 21 165
3282 1 2 118 118 21 313
3283 1 2 118 118 21 309
3284 1 2 118 118 22 127
3285 1 2 118 118 22 125
3286 1 2 118 118 22 163
3287 1 2 118 118 22 165
3288 1 2 118 118 22 313
3289 1 2 118 118 22 309
3290 1 2 118 118 125 127
3291 1 2 118 118 127 163
3292 1 2 118 118 127 165
3293 1 2 118 118 127 313
3294 1 2 118 118 127 309
3295 1 2 118 118 125 163
3296 1 2 118 118 125 165
3297 1 2 118 118 125 313
3298 1 2 118 118 125 309
3299 1 2 118 118 163 165
3300 1 2 118 118 163 313
3301 1 2 118 118 163 309
3302 1 2 118 118 165 313
3303 1 2 118 118 165 309
3304 1 2 118 118 309 313
3305 1 2 119 119 163 165
3306 1 2 119 119 163 313
3307 1 2 119 119 163 309
3308 1 2 119 119 163 164
3309 1 2 119 119 163 166
3310 1 2 119 119 163 314
3311 1 2 119 119 163 310
3312 1 2 119 119 165 313
3313 1 2 119 119 165 309
3314 1 2 119 119 164 165
3315 1 2 119 119 165 166
3316 1 2 119 119 165 314
3317 1 2 119 119 165 310
3318 1 2 119 119 309 313
3319 1 2 119 119 164 313
3320 1 2 119 119 166 313
3321 1 2 119 119 313 314
3322 1 2 119 119 310 313
3323 1 2 119 119 164 309
3324 1 2 119 119 166 309
3325 1 2 119 119 309 314
3326 1 2 119 119 309 310
3327 1 2 119 119 164 166
3328 1 2 119 119 164 314
3329 1 2 119 119 164 310
3330 1 2 119 119 166 314
3331 1 2 119 119 166 310
3332 1 2 119 119 310 314
3333 1 2 120 120 164 166
3334 1 2 120 120 164 314
3335 1 2 120 120 164 310
3336 1 2 120 120 63 164
3337 1 2 120 120 64 164
3338 1 2 120 120 164 249
3339 1 2 120 120 164 247
3340 1 2 120 120 166 314
3341 1 2 120 120 166 310
3342 1 2 120 120 63 166
3343 1 2 120 120 64 166
3344 1 2 120 120 166 249
3345 1 2 120 120 166 247
3346 1 2 120 120 310 314
3347 1 2 120 120 63 314
3348 1 2 120 120 64 314
3349 1 2 120 120 249 314
3350 1 2 120 120 247 314
3351 1 2 120 120 63 310
3352 1 2 120 120 64 310
3353 1 2 120 120 249 310
3354 1 2 120 120 247 310
3355 1 2 120 120 63 64
3356 1 2 120 120 63 249
3357 1 2 120 120 63 247
3358 1 2 120 120 64 249
3359 1 2 120 120 64 247
3360 1 2 120 120 247 249
3361 1 2 121 121 125 127
3362 1 2 121 121 125 128
3363 1 2 121 121 125 126
3364 1 2 121 121 125 309
3365 1 2 121 121 125 313
3366 1 2 121 121 125 315
3367 1 2 121 121 125 311
3368 1 2 121 121 127 128
3369 1 2 121 121 126 127
3370 1 2 121 121 127 309
3371 1 2 121 121 127 313
3372 1 2 121 121 127 315
3373 1 2 121 121 127 311
3374 1 2 121 121 126 128
3375 1 2 121 121 128 309
3376 1 2 121 121 128 313
3377 1 2 121 121 128 315
3378 1 2 121 121 128 311
3379 1 2 121 121 126 309
3380 1 2 121 121 126 313
3381 1 2 121 121 126 315
3382 1 2 121 121 126 311
3383 1 2 121 121 309 313
3384 1 2 121 121 309 315
3385 1 2 121 121 309 311
3386 1 2 121 121 313 315
3387 1 2 121 121 311 313
3388 1 2 121 121 311 315
3389 1 2 122 122 309 313
3390 1 2 122 122 309 315
3391 1 2 122 122 309 311
3392 1 2 122 122 309 310
3393 1 2 122 122 309 314
3394 1 2 122 122 309 316
3395 1 2 122 122 309 312
3396 1 2 122 122 313 315
3397 1 2 122 122 311 313
3398 1 2 122 122 310 313
3399 1 2 122 122 313 314
3400 1 2 122 122 313 316
3401 1 2 122 122 312 313
3402 1 2 122 122 311 315
3403 1 2 122 122 310 315
3404 1 2 122 122 314 315
3405 1 2 122 122 315 316
3406 1 2 122 122 312 315
3407 1 2 122 122 310 311
3408 1 2 122 122 311 314
3409 1 2 122 122 311 316
3410 1 2 122 122 311 312
3411 1 2 122 122 310 314
3412 1 2 122 122 310 316
3413 1 2 122 122 310 312
3414 1 2 122 122 314 316
3415 1 2 122 122 312 314
3416 1 2 122 122 312 316
3417 1 2 123 123 310 314
3418 1 2 123 123 310 316
3419 1 2 123 123 310 312
3420 1 2 123 123 247 310
3421 1 2 123 123 249 310
3422 1 2 123 123 250 310
3423 1 2 123 123 248 310
3424 1 2 123 123 314 316
3425 1 2 123 123 312 314
3426 1 2 123 123 247 314
3427 1 2 123 123 249 314
3428 1 2 123 123 250 314
3429 1 2 123 123 248 314
3430 1 2 123 123 312 316
3431 1 2 123 123 247 316
3432 1 2 123 123 249 316
3433 1 2 123 123 250 316
3434 1 2 123 123 248 316
3435 1 2 123 123 247 312
3436 1 2 123 123 249 312
3437 1 2 123 123 250 312
3438 1 2 123 123 248 312
3439 1 2 123 123 247 249
3440 1 2 123 123 247 250
3441 1 2 123 123 247 248
3442 1 2 123 123 249 250
3443 1 2 123 123 248 249
3444 1 2 123 123 248 250
3445 1 2 124 124 126 128
3446 1 2 124 124 35 126
3447 1 2 124 124 36 126
3448 1 2 124 124 126 311
3449 1 2 124 124 126 315
3450 1 2 124 124 126 191
3451 1 2 124 124 126 193
3452 1 2 124 124 35 128
3453 1 2 124 124 36 128
3454 1 2 124 124 128 311
3455 1 2 124 124 128 315
3456 1 2 124 124 128 191
3457 1 2 124 124 128 193
3458 1 2 124 124 35 36
3459 1 2 124 124 35 311
3460 1 2 124 124 35 315
3461 1 2 124 124 35 191
3462 1 2 124 124 35 193
3463 1 2 124 124 36 311
3464 1 2 124 124 36 315
3465 1 2 124 124 36 191
3466 1 2 124 124 36 193
3467 1 2 124 124 311 315
3468 1 2 124 124 191 311
3469 1 2 124 124 193 311
3470 1 2 124 124 191 315
3471 1 2 124 124 193 315
3472 1 2 124 124 191 193
3473 1 2 125 125 311 315
3474 1 2 125 125 191 311
3475 1 2 125 125 193 311
3476 1 2 125 125 311 312
3477 1 2 125 125 311 316
3478 1 2 125 125 192 311
3479 1 2 125 125 194 311
3480 1 2 125 125 191 315
3481 1 2 125 125 193 315
3482 1 2 125 125 312 315
3483 1 2 125 125 315 316
3484 1 2 125 125 192 315
3485 1 2 125 125 194 315
3486 1 2 125 125 191 193
3487 1 2 125 125 191 312
3488 1 2 125 125 191 316
3489 1 2 125 125 191 192
3490 1 2 125 125 191 194
3491 1 2 125 125 193 312
3492 1 2 125 125 193 316
3493 1 2 125 125 192 193
3494 1 2 125 125 193 194
3495 1 2 125 125 312 316
3496 1 2 125 125 192 312
3497 1 2 125 125 194 312
3498 1 2 125 125 192 316
3499 1 2 125 125 194 316
3500 1 2 125 125 192 194
3501 1 2 126 126 312 316
3502 1 2 126 126 192 312
3503 1 2 126 126 194 312
3504 1 2 126 126 248 312
3505 1 2 126 126 250 312
3506 1 2 126 126 77 312
3507 1 2 126 126 78 312
3508 1 2 126 126 192 316
3509 1 2 126 126 194 316
3510 1 2 126 126 248 316
3511 1 2 126 126 250 316
3512 1 2 126 126 77 316
3513 1 2 126 126 78 316
3514 1 2 126 126 192 194
3515 1 2 126 126 192 248
3516 1 2 126 126 192 250
3517 1 2 126 126 77 192
3518 1 2 126 126 78 192
3519 1 2 126 126 194 248
3520 1 2 126 126 194 250
3521 1 2 126 126 77 194
3522 1 2 126 126 78 194
3523 1 2 126 126 248 250
3524 1 2 126 126 77 248
3525 1 2 126 126 78 248
3526 1 2 126 126 77 250
3527 1 2 126 126 78 250
3528 1 2 126 126 77 78
3529 1 2 127 127 22 23
3530 1 2 127 127 22 129
3531 1 2 127 127 22 127
3532 1 2 127 127 22 165
3533 1 2 127 127 22 167
3534 1 2 127 127 22 317
3535 1 2 127 127 22 313
3536 1 2 127 127 23 129
3537 1 2 127 127 23 127
3538 1 2 127 127 23 165
3539 1 2 127 127 23 167
3540 1 2 127 127 23 317
3541 1 2 127 127 23 313
3542 1 2 127 127 127 129
3543 1 2 127 127 129 165
3544 1 2 127 127 129 167
3545 1 2 127 127 129 317
3546 1 2 127 127 129 313
3547 1 2 127 127 127 165
3548 1 2 127 127 127 167
3549 1 2 127 127 127 317
3550 1 2 127 127 127 313
3551 1 2 127 127 165 167
3552 1 2 127 127 165 317
3553 1 2 127 127 165 313
3554 1 2 127 127 167 317
3555 1 2 127 127 167 313
3556 1 2 127 127 313 317
3557 1 2 128 128 165 167
3558 1 2 128 128 165 317
3559 1 2 128 128 165 313
3560 1 2 128 128 165 166
3561 1 2 128 128 165 168
3562 1 2 128 128 165 318
3563 1 2 128 128 165 314
3564 1 2 128 128 167 317
3565 1 2 128 128 167 313
3566 1 2 128 128 166 167
3567 1 2 128 128 167 168
3568 1 2 128 128 167 318
3569 1 2 128 128 167 314
3570 1 2 128 128 313 317
3571 1 2 128 128 166 317
3572 1 2 128 128 168 317
3573 1 2 128 128 317 318
3574 1 2 128 128 314 317
3575 1 2 128 128 166 313
3576 1 2 128 128 168 313
3577 1 2 128 128 313 318
3578 1 2 128 128 313 314
3579 1 2 128 128 166 168
3580 1 2 128 128 166 318
3581 1 2 128 128 166 314
3582 1 2 128 128 168 318
3583 1 2 128 128 168 314
3584 1 2 128 128 314 318
3585 1 2 129 129 166 168
3586 1 2 129 129 166 318
3587 1 2 129 129 166 314
3588 1 2 129 129 64 166
3589 1 2 129 129 65 166
3590 1 2 129 129 166 251
3591 1 2 129 129 166 249
3592 1 2 129 129 168 318
3593 1 2 129 129 168 314
3594 1 2 129 129 64 168
3595 1 2 129 129 65 168
3596 1 2 129 129 168 251
3597 1 2 129 129 168 249
3598 1 2 129 129 314 318
3599 1 2 129 129 64 318
3600 1 2 129 129 65 318
3601 1 2 129 129 251 318
3602 1 2 129 129 249 318
3603 1 2 129 129 64 314
3604 1 2 129 129 65 314
3605 1 2 129 129 251 314
3606 1 2 129 129 249 314
3607 1 2 129 129 64 65
3608 1 2 129 129 64 251
3609 1 2 129 129 64 249
3610 1 2 129 129 65 251
3611 1 2 129 129 65 249
3612 1 2 129 129 249 251
3613 1 2 130 130 127 129
3614 1 2 130 130 127 130
3615 1 2 130 130 127 128
3616 1 2 130 130 127 313
3617 1 2 130 130 127 317
3618 1 2 130 130 127 319
3619 1 2 130 130 127 315
3620 1 2 130 130 129 130
3621 1 2 130 130 128 129
3622 1 2 130 130 129 313
3623 1 2 130 130 129 317
3624 1 2 130 130 129 319
3625 1 2 130 130 129 315
3626 1 2 130 130 128 130
3627 1 2 130 130 130 313
3628 1 2 130 130 130 317
3629 1 2 130 130 130 319
3630 1 2 130 130 130 315
3631 1 2 130 130 128 313
3632 1 2 130 130 128 317
3633 1 2 130 130 128 319
3634 1 2 130 130 128 315
3635 1 2 130 130 313 317
3636 1 2 130 130 313 319
3637 1 2 130 130 313 315
3638 1 2 130 130 317 319
3639 1 2 130 130 315 317
3640 1 2 130 130 315 319
3641 1 2 131 131 313 317
3642 1 2 131 131 313 319
3643 1 2 131 131 313 315
3644 1 2 131 131 313 314
3645 1 2 131 131 313 318
3646 1 2 131 131 313 320
3647 1 2 131 131 313 316
3648 1 2 131 131 317 319
3649 1 2 131 131 315 317
3650 1 2 131 131 314 317
3651 1 2 131 131 317 318
3652 1 2 131 131 317 320
3653 1 2 131 131 316 317
3654 1 2 131 131 315 319
3655 1 2 131 131 314 319
3656 1 2 131 131 318 319
3657 1 2 131 131 319 320
3658 1 2 131 131 316 319
3659 1 2 131 131 314 315
3660 1 2 131 131 315 318
3661 1 2 131 131 315 320
3662 1 2 131 131 315 316
3663 1 2 131 131 314 318
3664 1 2 131 131 314 320
3665 1 2 131 131 314 316
3666 1 2 131 131 318 320
3667 1 2 131 131 316 318
3668 1 2 131 131 316 320
3669 1 2 132 132 314 318
3670 1 2 132 132 314 320
3671 1 2 132 132 314 316
3672 1 2 132 132 249 314
3673 1 2 132 132 251 314
3674 1 2 132 132 252 314
3675 1 2 132 132 250 314
3676 1 2 132 132 318 320
3677 1 2 132 132 316 318
3678 1 2 132 132 249 318
3679 1 2 132 132 251 318
3680 1 2 132 132 252 318
3681 1 2 132 132 250 318
3682 1 2 132 132 316 320
3683 1 2 132 132 249 320
3684 1 2 132 132 251 320
3685 1 2 132 132 252 320
3686 1 2 132 132 250 320
3687 1 2 132 132 249 316
3688 1 2 132 132 251 316
3689 1 2 132 132 252 316
3690 1 2 132 132 250 316
3691 1 2 132 132 249 251
3692 1 2 132 132 249 252
3693 1 2 132 132 249 250
3694 1 2 132 132 251 252
3695 1 2 132 132 250 251
3696 1 2 132 132 250 252
3697 1 2 133 133 128 130
3698 1 2 133 133 34 128
3699 1 2 133 133 35 128
3700 1 2 133 133 128 315
3701 1 2 133 133 128 319
3702 1 2 133 133 128 189
3703 1 2 133 133 128 191
3704 1 2 133 133 34 130
3705 1 2 133 133 35 130
3706 1 2 133 133 130 315
3707 1 2 133 133 130 319
3708 1 2 133 133 130 189
3709 1 2 133 133 130 191
3710 1 2 133 133 34 35
3711 1 2 133 133 34 315
3712 1 2 133 133 34 319
3713 1 2 133 133 34 189
3714 1 2 133 133 34 191
3715 1 2 133 133 35 315
3716 1 2 133 133 35 319
3717 1 2 133 133 35 189
3718 1 2 133 133 35 191
3719 1 2 133 133 315 319
3720 1 2 133 133 189 315
3721 1 2 133 133 191 315
3722 1 2 133 133 189 319
3723 1 2 133 133 191 319
3724 1 2 133 133 189 191
3725 1 2 134 134 315 319
3726 1 2 134 134 189 315
3727 1 2 134 134 191 315
3728 1 2 134 134 315 316
3729 1 2 134 134 315 320
3730 1 2 134 134 190 315
3731 1 2 134 134 192 315
3732 1 2 134 134 189 319
3733 1 2 134 134 191 319
3734 1 2 134 134 316 319
3735 1 2 134 134 319 320
3736 1 2 134 134 190 319
3737 1 2 134 134 192 319
3738 1 2 134 134 189 191
3739 1 2 134 134 189 316
3740 1 2 134 134 189 320
3741 1 2 134 134 189 190
3742 1 2 134 134 189 192
3743 1 2 134 134 191 316
3744 1 2 134 134 191 320
3745 1 2 134 134 190 191
3746 1 2 134 134 191 192
3747 1 2 134 134 316 320
3748 1 2 134 134 190 316
3749 1 2 134 134 192 316
3750 1 2 134 134 190 320
3751 1 2 134 134 192 320
3752 1 2 134 134 190 192
3753 1 2 135 135 316 320
3754 1 2 135 135 190 316
3755 1 2 135 135 192 316
3756 1 2 135 135 250 316
3757 1 2 135 135 252 316
3758 1 2 135 135 76 316
3759 1 2 135 135 77 316
3760 1 2 135 135 190 320
3761 1 2 135 135 192 320
3762 1 2 135 135 250 320
3763 1 2 135 135 252 320
3764 1 2 135 135 76 320
3765 1 2 135 135 77 320
3766 1 2 135 135 190 192
3767 1 2 135 135 190 250
3768 1 2 135 135 190 252
3769 1 2 135 135 76 190
3770 1 2 135 135 77 190
3771 1 2 135 135 192 250
3772 1 2 135 135 192 252
3773 1 2 135 135 76 192
3774 1 2 135 135 77 192
3775 1 2 135 135 250 252
3776 1 2 135 135 76 250
3777 1 2 135 135 77 250
3778 1 2 135 135 76 252
3779 1 2 135 135 77 252
3780 1 2 135 135 76 77
3781 1 2 136 136 23 24
3782 1 2 136 136 23 131
3783 1 2 136 136 23 129
3784 1 2 136 136 23 167
3785 1 2 136 136 23 169
3786 1 2 136 136 23 321
3787 1 2 136 136 23 317
3788 1 2 136 136 24 131
3789 1 2 136 136 24 129
3790 1 2 136 136 24 167
3791 1 2 136 136 24 169
3792 1 2 136 136 24 321
3793 1 2 136 136 24 317
3794 1 2 136 136 129 131
3795 1 2 136 136 131 167
3796 1 2 136 136 131 169
3797 1 2 136 136 131 321
3798 1 2 136 136 131 317
3799 1 2 136 136 129 167
3800 1 2 136 136 129 169
3801 1 2 136 136 129 321
3802 1 2 136 136 129 317
3803 1 2 136 136 167 169
3804 1 2 136 136 167 321
3805 1 2 136 136 167 317
3806 1 2 136 136 169 321
3807 1 2 136 136 169 317
3808 1 2 136 136 317 321
3809 1 2 137 137 167 169
3810 1 2 137 137 167 321
3811 1 2 137 137 167 317
3812 1 2 137 137 167 168
3813 1 2 137 137 167 170
3814 1 2 137 137 167 322
3815 1 2 137 137 167 318
3816 1 2 137 137 169 321
3817 1 2 137 137 169 317
3818 1 2 137 137 168 169
3819 1 2 137 137 169 170
3820 1 2 137 137 169 322
3821 1 2 137 137 169 318
3822 1 2 137 137 317 321
3823 1 2 137 137 168 321
3824 1 2 137 137 170 321
3825 1 2 137 137 321 322
3826 1 2 137 137 318 321
3827 1 2 137 137 168 317
3828 1 2 137 137 170 317
3829 1 2 137 137 317 322
3830 1 2 137 137 317 318
3831 1 2 137 137 168 170
3832 1 2 137 137 168 322
3833 1 2 137 137 168 318
3834 1 2 137 137 170 322
3835 1 2 137 137 170 318
3836 1 2 137 137 318 322
3837 1 2 138 138 168 170
3838 1 2 138 138 168 322
3839 1 2 138 138 168 318
3840 1 2 138 138 65 168
3841 1 2 138 138 66 168
3842 1 2 138 138 168 253
3843 1 2 138 138 168 251
3844 1 2 138 138 170 322
3845 1 2 138 138 170 318
3846 1 2 138 138 65 170
3847 1 2 138 138 66 170
3848 1 2 138 138 170 253
3849 1 2 138 138 170 251
3850 1 2 138 138 318 322
3851 1 2 138 138 65 322
3852 1 2 138 138 66 322
3853 1 2 138 138 253 322
3854 1 2 138 138 251 322
3855 1 2 138 138 65 318
3856 1 2 138 138 66 318
3857 1 2 138 138 253 318
3858 1 2 138 138 251 318
3859 1 2 138 138 65 66
3860 1 2 138 138 65 253
3861 1 2 138 138 65 251
3862 1 2 138 138 66 253
3863 1 2 138 138 66 251
3864 1 2 138 138 251 253
3865 1 2 139 139 129 131
3866 1 2 139 139 129 132
3867 1 2 139 139 129 130
3868 1 2 139 139 129 317
3869 1 2 139 139 129 321
3870 1 2 139 139 129 323
3871 1 2 139 139 129 319
3872 1 2 139 139 131 132
3873 1 2 139 139 130 131
3874 1 2 139 139 131 317
3875 1 2 139 139 131 321
3876 1 2 139 139 131 323
3877 1 2 139 139 131 319
3878 1 2 139 139 130 132
3879 1 2 139 139 132 317
3880 1 2 139 139 132 321
3881 1 2 139 139 132 323
3882 1 2 139 139 132 319
3883 1 2 139 139 130 317
3884 1 2 139 139 130 321
3885 1 2 139 139 130 323
3886 1 2 139 139 130 319
3887 1 2 139 139 317 321
3888 1 2 139 139 317 323
3889 1 2 139 139 317 319
3890 1 2 139 139 321 323
3891 1 2 139 139 319 321
3892 1 2 139 139 319 323
3893 1 2 140 140 317 321
3894 1 2 140 140 317 323
3895 1 2 140 140 317 319
3896 1 2 140 140 317 318
3897 1 2 140 140 317 322
3898 1 2 140 140 317 324
3899 1 2 140 140 317 320
3900 1 2 140 140 321 323
3901 1 2 140 140 319 321
3902 1 2 140 140 318 321
3903 1 2 140 140 321 322
3904 1 2 140 140 321 324
3905 1 2 140 140 320 321
3906 1 2 140 140 319 323
3907 1 2 140 140 318 323
3908 1 2 140 140 322 323
3909 1 2 140 140 323 324
3910 1 2 140 140 320 323
3911 1 2 140 140 318 319
3912 1 2 140 140 319 322
3913 1 2 140 140 319 324
3914 1 2 140 140 319 320
3915 1 2 140 140 318 322
3916 1 2 140 140 318 324
3917 1 2 140 140 318 320
3918 1 2 140 140 322 324
3919 1 2 140 140 320 322
3920 1 2 140 140 320 324
3921 1 2 141 141 318 322
3922 1 2 141 141 318 324
3923 1 2 141 141 318 320
3924 1 2 141 141 251 318
3925 1 2 141 141 253 318
3926 1 2 141 141 254 318
3927 1 2 141 141 252 318
3928 1 2 141 141 322 324
3929 1 2 141 141 320 322
3930 1 2 141 141 251 322
3931 1 2 141 141 253 322
3932 1 2 141 141 254 322
3933 1 2 141 141 252 322
3934 1 2 141 141 320 324
3935 1 2 141 141 251 324
3936 1 2 141 141 253 324
3937 1 2 141 141 254 324
3938 1 2 141 141 252 324
3939 1 2 141 141 251 320
3940 1 2 141 141 253 320
3941 1 2 141 141 254 320
3942 1 2 141 141 252 320
3943 1 2 141 141 251 253
3944 1 2 141 141 251 254
3945 1 2 141 141 251 252
3946 1 2 141 141 253 254
3947 1 2 141 141 252 253
3948 1 2 141 141 252 254
3949 1 2 142 142 130 132
3950 1 2 142 142 33 130
3951 1 2 142 142 34 130
3952 1 2 142 142 130 319
3953 1 2 142 142 130 323
3954 1 2 142 142 130 187
3955 1 2 142 142 130 189
3956 1 2 142 142 33 132
3957 1 2 142 142 34 132
3958 1 2 142 142 132 319
3959 1 2 142 142 132 323
3960 1 2 142 142 132 187
3961 1 2 142 142 132 189
3962 1 2 142 142 33 34
3963 1 2 142 142 33 319
3964 1 2 142 142 33 323
3965 1 2 142 142 33 187
3966 1 2 142 142 33 189
3967 1 2 142 142 34 319
3968 1 2 142 142 34 323
3969 1 2 142 142 34 187
3970 1 2 142 142 34 189
3971 1 2 142 142 319 323
3972 1 2 142 142 187 319
3973 1 2 142 142 189 319
3974 1 2 142 142 187 323
3975 1 2 142 142 189 323
3976 1 2 142 142 187 189
3977 1 2 143 143 319 323
3978 1 2 143 143 187 319
3979 1 2 143 143 189 319
3980 1 2 143 143 319 320
3981 1 2 143 143 319 324
3982 1 2 143 143 188 319
3983 1 2 143 143 190 319
3984 1 2 143 143 187 323
3985 1 2 143 143 189 323
3986 1 2 143 143 320 323
3987 1 2 143 143 323 324
3988 1 2 143 143 188 323
3989 1 2 143 143 190 323
3990 1 2 143 143 187 189
3991 1 2 143 143 187 320
3992 1 2 143 143 187 324
3993 1 2 143 143 187 188
3994 1 2 143 143 187 190
3995 1 2 143 143 189 320
3996 1 2 143 143 189 324
3997 1 2 143 143 188 189
3998 1 2 143 143 189 190
3999 1 2 143 143 320 324
4000 1 2 143 143 188 320
4001 1 2 143 143 190 320
4002 1 2 143 143 188 324
4003 1 2 143 143 190 324
4004 1 2 143 143 188 190
4005 1 2 144 144 320 324
4006 1 2 144 144 188 320
4007 1 2 144 144 190 320
4008 1 2 144 144 252 320
4009 1 2 144 144 254 320
4010 1 2 144 144 75 320
4011 1 2 144 144 76 320
4012 1 2 144 144 188 324
4013 1 2 144 144 190 324
4014 1 2 144 144 252 324
4015 1 2 144 144 254 324
4016 1 2 144 144 75 324
4017 1 2 144 144 76 324
4018 1 2 144 144 188 190
4019 1 2 144 144 188 252
4020 1 2 144 144 188 254
4021 1 2 144 144 75 188
4022 1 2 144 144 76 188
4023 1 2 144 144 190 252
4024 1 2 144 144 190 254
4025 1 2 144 144 75 190
4026 1 2 144 144 76 190
4027 1 2 144 144 252 254
4028 1 2 144 144 75 252
4029 1 2 144 144 76 252
4030 1 2 144 144 75 254
4031 1 2 144 144 76 254
4032 1 2 144 144 75 76
4033 1 2 145 145 24 25
4034 1 2 145 145 24 133
4035 1 2 145 145 24 131
4036 1 2 145 145 24 169
4037 1 2 145 145 24 171
4038 1 2 145 145 24 325
4039 1 2 145 145 24 321
4040 1 2 145 145 25 133
4041 1 2 145 145 25 131
4042 1 2 145 145 25 169
4043 1 2 145 145 25 171
4044 1 2 145 145 25 325
4045 1 2 145 145 25 321
4046 1 2 145 145 131 133
4047 1 2 145 145 133 169
4048 1 2 145 145 133 171
4049 1 2 145 145 133 325
4050 1 2 145 145 133 321
4051 1 2 145 145 131 169
4052 1 2 145 145 131 171
4053 1 2 145 145 131 325
4054 1 2 145 145 131 321
4055 1 2 145 145 169 171
4056 1 2 145 145 169 325
4057 1 2 145 145 169 321
4058 1 2 145 145 171 325
4059 1 2 145 145 171 321
4060 1 2 145 145 321 325
4061 1 2 146 146 169 171
4062 1 2 146 146 169 325
4063 1 2 146 146 169 321
4064 1 2 146 146 169 170
4065 1 2 146 146 169 172
4066 1 2 146 146 169 326
4067 1 2 146 146 169 322
4068 1 2 146 146 171 325
4069 1 2 146 146 171 321
4070 1 2 146 146 170 171
4071 1 2 146 146 171 172
4072 1 2 146 146 171 326
4073 1 2 146 146 171 322
4074 1 2 146 146 321 325
4075 1 2 146 146 170 325
4076 1 2 146 146 172 325
4077 1 2 146 146 325 326
4078 1 2 146 146 322 325
4079 1 2 146 146 170 321
4080 1 2 146 146 172 321
4081 1 2 146 146 321 326
4082 1 2 146 146 321 322
4083 1 2 146 146 170 172
4084 1 2 146 146 170 326
4085 1 2 146 146 170 322
4086 1 2 146 146 172 326
4087 1 2 146 146 172 322
4088 1 2 146 146 322 326
4089 1 2 147 147 170 172
4090 1 2 147 147 170 326
4091 1 2 147 147 170 322
4092 1 2 147 147 66 170
4093 1 2 147 147 67 170
4094 1 2 147 147 170 255
4095 1 2 147 147 170 253
4096 1 2 147 147 172 326
4097 1 2 147 147 172 322
4098 1 2 147 147 66 172
4099 1 2 147 147 67 172
4100 1 2 147 147 172 255
4101 1 2 147 147 172 253
4102 1 2 147 147 322 326
4103 1 2 147 147 66 326
4104 1 2 147 147 67 326
4105 1 2 147 147 255 326
4106 1 2 147 147 253 326
4107 1 2 147 147 66 322
4108 1 2 147 147 67 322
4109 1 2 147 147 255 322
4110 1 2 147 147 253 322
4111 1 2 147 147 66 67
4112 1 2 147 147 66 255
4113 1 2 147 147 66 253
4114 1 2 147 147 67 255
4115 1 2 147 147 67 253
4116 1 2 147 147 253 255
4117 1 2 148 148 131 133
4118 1 2 148 148 131 134
4119 1 2 148 148 131 132
4120 1 2 148 148 131 321
4121 1 2 148 148 131 325
4122 1 2 148 148 131 327
4123 1 2 148 148 131 323
4124 1 2 148 148 133 134
4125 1 2 148 148 132 133
4126 1 2 148 148 133 321
4127 1 2 148 148 133 325
4128 1 2 148 148 133 327
4129 1 2 148 148 133 323
4130 1 2 148 148 132 134
4131 1 2 148 148 134 321
4132 1 2 148 148 134 325
4133 1 2 148 148 134 327
4134 1 2 148 148 134 323
4135 1 2 148 148 132 321
4136 1 2 148 148 132 325
4137 1 2 148 148 132 327
4138 1 2 148 148 132 323
4139 1 2 148 148 321 325
4140 1 2 148 148 321 327
4141 1 2 148 148 321 323
4142 1 2 148 148 325 327
4143 1 2 148 148 323 325
4144 1 2 148 148 323 327
4145 1 2 149 149 321 325
4146 1 2 149 149 321 327
4147 1 2 149 149 321 323
4148 1 2 149 149 321 322
4149 1 2 149 149 321 326
4150 1 2 149 149 321 328
4151 1 2 149 149 321 324
4152 1 2 149 149 325 327
4153 1 2 149 149 323 325
4154 1 2 149 149 322 325
4155 1 2 149 149 325 326
4156 1 2 149 149 325 328
4157 1 2 149 149 324 325
4158 1 2 149 149 323 327
4159 1 2 149 149 322 327
4160 1 2 149 149 326 327
4161 1 2 149 149 327 328
4162 1 2 149 149 324 327
4163 1 2 149 149 322 323
4164 1 2 149 149 323 326
4165 1 2 149 149 323 328
4166 1 2 149 149 323 324
4167 1 2 149 149 322 326
4168 1 2 149 149 322 328
4169 1 2 149 149 322 324
4170 1 2 149 149 326 328
4171 1 2 149 149 324 326
4172 1 2 149 149 324 328
4173 1 2 150 150 322 326
4174 1 2 150 150 322 328
4175 1 2 150 150 322 324
4176 1 2 150 150 253 322
4177 1 2 150 150 255 322
4178 1 2 150 150 256 322
4179 1 2 150 150 254 322
4180 1 2 150 150 326 328
4181 1 2 150 150 324 326
4182 1 2 150 150 253 326
4183 1 2 150 150 255 326
4184 1 2 150 150 256 326
4185 1 2 150 150 254 326
4186 1 2 150 150 324 328
4187 1 2 150 150 253 328
4188 1 2 150 150 255 328
4189 1 2 150 150 256 328
4190 1 2 150 150 254 328
4191 1 2 150 150 253 324
4192 1 2 150 150 255 324
4193 1 2 150 150 256 324
4194 1 2 150 150 254 324
4195 1 2 150 150 253 255
4196 1 2 150 150 253 256
4197 1 2 150 150 253 254
4198 1 2 150 150 255 256
4199 1 2 150 150 254 255
4200 1 2 150 150 254 256
4201 1 2 151 151 132 134
4202 1 2 151 151 32 132
4203 1 2 151 151 33 132
4204 1 2 151 151 132 323
4205 1 2 151 151 132 327
4206 1 2 151 151 132 185
4207 1 2 151 151 132 187
4208 1 2 151 151 32 134
4209 1 2 151 151 33 134
4210 1 2 151 151 134 323
4211 1 2 151 151 134 327
4212 1 2 151 151 134 185
4213 1 2 151 151 134 187
4214 1 2 151 151 32 33
4215 1 2 151 151 32 323
4216 1 2 151 151 32 327
4217 1 2 151 151 32 185
4218 1 2 151 151 32 187
4219 1 2 151 151 33 323
4220 1 2 151 151 33 327
4221 1 2 151 151 33 185
4222 1 2 151 151 33 187
4223 1 2 151 151 323 327
4224 1 2 151 151 185 323
4225 1 2 151 151 187 323
4226 1 2 151 151 185 327
4227 1 2 151 151 187 327
4228 1 2 151 151 185 187
4229 1 2 152 152 323 327
4230 1 2 152 152 185 323
4231 1 2 152 152 187 323
4232 1 2 152 152 323 324
4233 1 2 152 152 323 328
4234 1 2 152 152 186 323
4235 1 2 152 152 188 323
4236 1 2 152 152 185 327
4237 1 2 152 152 187 327
4238 1 2 152 152 324 327
4239 1 2 152 152 327 328
4240 1 2 152 152 186 327
4241 1 2 152 152 188 327
4242 1 2 152 152 185 187
4243 1 2 152 152 185 324
4244 1 2 152 152 185 328
4245 1 2 152 152 185 186
4246 1 2 152 152 185 188
4247 1 2 152 152 187 324
4248 1 2 152 152 187 328
4249 1 2 152 152 186 187
4250 1 2 152 152 187 188
4251 1 2 152 152 324 328
4252 1 2 152 152 186 324
4253 1 2 152 152 188 324
4254 1 2 152 152 186 328
4255 1 2 152 152 188 328
4256 1 2 152 152 186 188
4257 1 2 153 153 324 328
4258 1 2 153 153 186 324
4259 1 2 153 153 188 324
4260 1 2 153 153 254 324
4261 1 2 153 153 256 324
4262 1 2 153 153 74 324
4263 1 2 153 153 75 324
4264 1 2 153 153 186 328
4265 1 2 153 153 188 328
4266 1 2 153 153 254 328
4267 1 2 153 153 256 328
4268 1 2 153 153 74 328
4269 1 2 153 153 75 328
4270 1 2 153 153 186 188
4271 1 2 153 153 186 254
4272 1 2 153 153 186 256
4273 1 2 153 153 74 186
4274 1 2 153 153 75 186
4275 1 2 153 153 188 254
4276 1 2 153 153 188 256
4277 1 2 153 153 74 188
4278 1 2 153 153 75 188
4279 1 2 153 153 254 256
4280 1 2 153 153 74 254
4281 1 2 153 153 75 254
4282 1 2 153 153 74 256
4283 1 2 153 153 75 256
4284 1 2 153 153 74 75
4285 1 2 154 154 25 26
4286 1 2 154 154 25 135
4287 1 2 154 154 25 133
4288 1 2 154 154 25 171
4289 1 2 154 154 25 173
4290 1 2 154 154 25 329
4291 1 2 154 154 25 325
4292 1 2 154 154 26 135
4293 1 2 154 154 26 133
4294 1 2 154 154 26 171
4295 1 2 154 154 26 173
4296 1 2 154 154 26 329
4297 1 2 154 154 26 325
4298 1 2 154 154 133 135
4299 1 2 154 154 135 171
4300 1 2 154 154 135 173
4301 1 2 154 154 135 329
4302 1 2 154 154 135 325
4303 1 2 154 154 133 171
4304 1 2 154 154 133 173
4305 1 2 154 154 133 329
4306 1 2 154 154 133 325
4307 1 2 154 154 171 173
4308 1 2 154 154 171 329
4309 1 2 154 154 171 325
4310 1 2 154 154 173 329
4311 1 2 154 154 173 325
4312 1 2 154 154 325 329
4313 1 2 155 155 171 173
4314 1 2 155 155 171 329
4315 1 2 155 155 171 325
4316 1 2 155 155 171 172
4317 1 2 155 155 171 174
4318 1 2 155 155 171 330
4319 1 2 155 155 171 326
4320 1 2 155 155 173 329
4321 1 2 155 155 173 325
4322 1 2 155 155 172 173
4323 1 2 155 155 173 174
4324 1 2 155 155 173 330
4325 1 2 155 155 173 326
4326 1 2 155 155 325 329
4327 1 2 155 155 172 329
4328 1 2 155 155 174 329
4329 1 2 155 155 329 330
4330 1 2 155 155 326 329
4331 1 2 155 155 172 325
4332 1 2 155 155 174 325
4333 1 2 155 155 325 330
4334 1 2 155 155 325 326
4335 1 2 155 155 172 174
4336 1 2 155 155 172 330
4337 1 2 155 155 172 326
4338 1 2 155 155 174 330
4339 1 2 155 155 174 326
4340 1 2 155 155 326 330
4341 1 2 156 156 172 174
4342 1 2 156 156 172 330
4343 1 2 156 156 172 326
4344 1 2 156 156 67 172
4345 1 2 156 156 68 172
4346 1 2 156 156 172 257
4347 1 2 156 156 172 255
4348 1 2 156 156 174 330
4349 1 2 156 156 174 326
4350 1 2 156 156 67 174
4351 1 2 156 156 68 174
4352 1 2 156 156 174 257
4353 1 2 156 156 174 255
4354 1 2 156 156 326 330
4355 1 2 156 156 67 330
4356 1 2 156 156 68 330
4357 1 2 156 156 257 330
4358 1 2 156 156 255 330
4359 1 2 156 156 67 326
4360 1 2 156 156 68 326
4361 1 2 156 156 257 326
4362 1 2 156 156 255 326
4363 1 2 156 156 67 68
4364 1 2 156 156 67 257
4365 1 2 156 156 67 255
4366 1 2 156 156 68 257
4367 1 2 156 156 68 255
4368 1 2 156 156 255 257
4369 1 2 157 157 133 135
4370 1 2 157 157 133 136
4371 1 2 157 157 133 134
4372 1 2 157 157 133 325
4373 1 2 157 157 133 329
4374 1 2 157 157 133 331
4375 1 2 157 157 133 327
4376 1 2 157 157 135 136
4377 1 2 157 157 134 135
4378 1 2 157 157 135 325
4379 1 2 157 157 135 329
4380 1 2 157 157 135 331
4381 1 2 157 157 135 327
4382 1 2 157 157 134 136
4383 1 2 157 157 136 325
4384 1 2 157 157 136 329
4385 1 2 157 157 136 331
4386 1 2 157 157 136 327
4387 1 2 157 157 134 325
4388 1 2 157 157 134 329
4389 1 2 157 157 134 331
4390 1 2 157 157 134 327
4391 1 2 157 157 325 329
4392 1 2 157 157 325 331
4393 1 2 157 157 325 327
4394 1 2 157 157 329 331
4395 1 2 157 157 327 329
4396 1 2 157 157 327 331
4397 1 2 158 158 325 329
4398 1 2 158 158 325 331
4399 1 2 158 158 325 327
4400 1 2 158 158 325 326
4401 1 2 158 158 325 330
4402 1 2 158 158 325 332
4403 1 2 158 158 325 328
4404 1 2 158 158 329 331
4405 1 2 158 158 327 329
4406 1 2 158 158 326 329
4407 1 2 158 158 329 330
4408 1 2 158 158 329 332
4409 1 2 158 158 328 329
4410 1 2 158 158 327 331
4411 1 2 158 158 326 331
4412 1 2 158 158 330 331
4413 1 2 158 158 331 332
4414 1 2 158 158 328 331
4415 1 2 158 158 326 327
4416 1 2 158 158 327 330
4417 1 2 158 158 327 332
4418 1 2 158 158 327 328
4419 1 2 158 158 326 330
4420 1 2 158 158 326 332
4421 1 2 158 158 326 328
4422 1 2 158 158 330 332
4423 1 2 158 158 328 330
4424 1 2 158 158 328 332
4425 1 2 159 159 326 330
4426 1 2 159 159 326 332
4427 1 2 159 159 326 328
4428 1 2 159 159 255 326
4429 1 2 159 159 257 326
4430 1 2 159 159 258 326
4431 1 2 159 159 256 326
4432 1 2 159 159 330 332
4433 1 2 159 159 328 330
4434 1 2 159 159 255 330
4435 1 2 159 159 257 330
4436 1 2 159 159 258 330
4437 1 2 159 159 256 330
4438 1 2 159 159 328 332
4439 1 2 159 159 255 332
4440 1 2 159 159 257 332
4441 1 2 159 159 258 332
4442 1 2 159 159 256 332
4443 1 2 159 159 255 328
4444 1 2 159 159 257 328
4445 1 2 159 159 258 328
4446 1 2 159 159 256 328
4447 1 2 159 159 255 257
4448 1 2 159 159 255 258
4449 1 2 159 159 255 256
4450 1 2 159 159 257 258
4451 1 2 159 159 256 257
4452 1 2 159 159 256 258
4453 1 2 160 160 134 136
4454 1 2 160 160 31 134
4455 1 2 160 160 32 134
4456 1 2 160 160 134 327
4457 1 2 160 160 134 331
4458 1 2 160 160 134 183
4459 1 2 160 160 134 185
4460 1 2 160 160 31 136
4461 1 2 160 160 32 136
4462 1 2 160 160 136 327
4463 1 2 160 160 136 331
4464 1 2 160 160 136 183
4465 1 2 160 160 136 185
4466 1 2 160 160 31 32
4467 1 2 160 160 31 327
4468 1 2 160 160 31 331
4469 1 2 160 160 31 183
4470 1 2 160 160 31 185
4471 1 2 160 160 32 327
4472 1 2 160 160 32 331
4473 1 2 160 160 32 183
4474 1 2 160 160 32 185
4475 1 2 160 160 327 331
4476 1 2 160 160 183 327
4477 1 2 160 160 185 327
4478 1 2 160 160 183 331
4479 1 2 160 160 185 331
4480 1 2 160 160 183 185
4481 1 2 161 161 327 331
4482 1 2 161 161 183 327
4483 1 2 161 161 185 327
4484 1 2 161 161 327 328
4485 1 2 161 161 327 332
4486 1 2 161 161 184 327
4487 1 2 161 161 186 327
4488 1 2 161 161 183 331
4489 1 2 161 161 185 331
4490 1 2 161 161 328 331
4491 1 2 161 161 331 332
4492 1 2 161 161 184 331
4493 1 2 161 161 186 331
4494 1 2 161 161 183 185
4495 1 2 161 161 183 328
4496 1 2 161 161 183 332
4497 1 2 161 161 183 184
4498 1 2 161 161 183 186
4499 1 2 161 161 185 328
4500 1 2 161 161 185 332
4501 1 2 161 161 184 185
4502 1 2 161 161 185 186
4503 1 2 161 161 328 332
4504 1 2 161 161 184 328
4505 1 2 161 161 186 328
4506 1 2 161 161 184 332
4507 1 2 161 161 186 332
4508 1 2 161 161 184 186
4509 1 2 162 162 328 332
4510 1 2 162 162 184 328
4511 1 2 162 162 186 328
4512 1 2 162 162 256 328
4513 1 2 162 162 258 328
4514 1 2 162 162 73 328
4515 1 2 162 162 74 328
4516 1 2 162 162 184 332
4517 1 2 162 162 186 332
4518 1 2 162 162 256 332
4519 1 2 162 162 258 332
4520 1 2 162 162 73 332
4521 1 2 162 162 74 332
4522 1 2 162 162 184 186
4523 1 2 162 162 184 256
4524 1 2 162 162 184 258
4525 1 2 162 162 73 184
4526 1 2 162 162 74 184
4527 1 2 162 162 186 256
4528 1 2 162 162 186 258
4529 1 2 162 162 73 186
4530 1 2 162 162 74 186
4531 1 2 162 162 256 258
4532 1 2 162 162 73 256
4533 1 2 162 162 74 256
4534 1 2 162 162 73 258
4535 1 2 162 162 74 258
4536 1 2 162 162 73 74
4537 1 2 163 163 26 27
4538 1 2 163 163 26 137
4539 1 2 163 163 26 135
4540 1 2 163 163 26 173
4541 1 2 163 163 26 175
4542 1 2 163 163 26 333
4543 1 2 163 163 26 329
4544 1 2 163 163 27 137
4545 1 2 163 163 27 135
4546 1 2 163 163 27 173
4547 1 2 163 163 27 175
4548 1 2 163 163 27 333
4549 1 2 163 163 27 329
4550 1 2 163 163 135 137
4551 1 2 163 163 137 173
4552 1 2 163 163 137 175
4553 1 2 163 163 137 333
4554 1 2 163 163 137 329
4555 1 2 163 163 135 173
4556 1 2 163 163 135 175
4557 1 2 163 163 135 333
4558 1 2 163 163 135 329
4559 1 2 163 163 173 175
4560 1 2 163 163 173 333
4561 1 2 163 163 173 329
4562 1 2 163 163 175 333
4563 1 2 163 163 175 329
4564 1 2 163 163 329 333
4565 1 2 164 164 173 175
4566 1 2 164 164 173 333
4567 1 2 164 164 173 329
4568 1 2 164 164 173 174
4569 1 2 164 164 173 176
4570 1 2 164 164 173 334
4571 1 2 164 164 173 330
4572 1 2 164 164 175 333
4573 1 2 164 164 175 329
4574 1 2 164 164 174 175
4575 1 2 164 164 175 176
4576 1 2 164 164 175 334
4577 1 2 164 164 175 330
4578 1 2 164 164 329 333
4579 1 2 164 164 174 333
4580 1 2 164 164 176 333
4581 1 2 164 164 333 334
4582 1 2 164 164 330 333
4583 1 2 164 164 174 329
4584 1 2 164 164 176 329
4585 1 2 164 164 329 334
4586 1 2 164 164 329 330
4587 1 2 164 164 174 176
4588 1 2 164 164 174 334
4589 1 2 164 164 174 330
4590 1 2 164 164 176 334
4591 1 2 164 164 176 330
4592 1 2 164 164 330 334
4593 1 2 165 165 174 176
4594 1 2 165 165 174 334
4595 1 2 165 165 174 330
4596 1 2 165 165 68 174
4597 1 2 165 165 69 174
4598 1 2 165 165 174 259
4599 1 2 165 165 174 257
4600 1 2 165 165 176 334
4601 1 2 165 165 176 330
4602 1 2 165 165 68 176
4603 1 2 165 165 69 176
4604 1 2 165 165 176 259
4605 1 2 165 165 176 257
4606 1 2 165 165 330 334
4607 1 2 165 165 68 334
4608 1 2 165 165 69 334
4609 1 2 165 165 259 334
4610 1 2 165 165 257 334
4611 1 2 165 165 68 330
4612 1 2 165 165 69 330
4613 1 2 165 165 259 330
4614 1 2 165 165 257 330
4615 1 2 165 165 68 69
4616 1 2 165 165 68 259
4617 1 2 165 165 68 257
4618 1 2 165 165 69 259
4619 1 2 165 165 69 257
4620 1 2 165 165 257 259
4621 1 2 166 166 135 137
4622 1 2 166 166 135 138
4623 1 2 166 166 135 136
4624 1 2 166 166 135 329
4625 1 2 166 166 135 333
4626 1 2 166 166 135 335
4627 1 2 166 166 135 331
4628 1 2 166 166 137 138
4629 1 2 166 166 136 137
4630 1 2 166 166 137 329
4631 1 2 166 166 137 333
4632 1 2 166 166 137 335
4633 1 2 166 166 137 331
4634 1 2 166 166 136 138
4635 1 2 166 166 138 329
4636 1 2 166 166 138 333
4637 1 2 166 166 138 335
4638 1 2 166 166 138 331
4639 1 2 166 166 136 329
4640 1 2 166 166 136 333
4641 1 2 166 166 136 335
4642 1 2 166 166 136 331
4643 1 2 166 166 329 333
4644 1 2 166 166 329 335
4645 1 2 166 166 329 331
4646 1 2 166 166 333 335
4647 1 2 166 166 331 333
4648 1 2 166 166 331 335
4649 1 2 167 167 329 333
4650 1 2 167 167 329 335
4651 1 2 167 167 329 331
4652 1 2 167 167 329 330
4653 1 2 167 167 329 334
4654 1 2 167 167 329 336
4655 1 2 167 167 329 332
4656 1 2 167 167 333 335
4657 1 2 167 167 331 333
4658 1 2 167 167 330 333
4659 1 2 167 167 333 334
4660 1 2 167 167 333 336
4661 1 2 167 167 332 333
4662 1 2 167 167 331 335
4663 1 2 167 167 330 335
4664 1 2 167 167 334 335
4665 1 2 167 167 335 336
4666 1 2 167 167 332 335
4667 1 2 167 167 330 331
4668 1 2 167 167 331 334
4669 1 2 167 167 331 336
4670 1 2 167 167 331 332
4671 1 2 167 167 330 334
4672 1 2 167 167 330 336
4673 1 2 167 167 330 332
4674 1 2 167 167 334 336
4675 1 2 167 167 332 334
4676 1 2 167 167 332 336
4677 1 2 168 168 330 334
4678 1 2 168 168 330 336
4679 1 2 168 168 330 332
4680 1 2 168 168 257 330
4681 1 2 168 168 259 330
4682 1 2 168 168 260 330
4683 1 2 168 168 258 330
4684 1 2 168 168 334 336
4685 1 2 168 168 332 334
4686 1 2 168 168 257 334
4687 1 2 168 168 259 334
4688 1 2 168 168 260 334
4689 1 2 168 168 258 334
4690 1 2 168 168 332 336
4691 1 2 168 168 257 336
4692 1 2 168 168 259 336
4693 1 2 168 168 260 336
4694 1 2 168 168 258 336
4695 1 2 168 168 257 332
4696 1 2 168 168 259 332
4697 1 2 168 168 260 332
4698 1 2 168 168 258 332
4699 1 2 168 168 257 259
4700 1 2 168 168 257 260
4701 1 2 168 168 257 258
4702 1 2 168 168 259 260
4703 1 2 168 168 258 259
4704 1 2 168 168 258 260
4705 1 2 169 169 136 138
4706 1 2 169 169 30 136
4707 1 2 169 169 31 136
4708 1 2 169 169 136 331
4709 1 2 169 169 136 335
4710 1 2 169 169 136 181
4711 1 2 169 169 136 183
4712 1 2 169 169 30 138
4713 1 2 169 169 31 138
4714 1 2 169 169 138 331
4715 1 2 169 169 138 335
4716 1 2 169 169 138 181
4717 1 2 169 169 138 183
4718 1 2 169 169 30 31
4719 1 2 169 169 30 331
4720 1 2 169 169 30 335
4721 1 2 169 169 30 181
4722 1 2 169 169 30 183
4723 1 2 169 169 31 331
4724 1 2 169 169 31 335
4725 1 2 169 169 31 181
4726 1 2 169 169 31 183
4727 1 2 169 169 331 335
4728 1 2 169 169 181 331
4729 1 2 169 169 183 331
4730 1 2 169 169 181 335
4731 1 2 169 169 183 335
4732 1 2 169 169 181 183
4733 1 2 170 170 331 335
4734 1 2 170 170 181 331
4735 1 2 170 170 183 331
4736 1 2 170 170 331 332
4737 1 2 170 170 331 336
4738 1 2 170 170 182 331
4739 1 2 170 170 184 331
4740 1 2 170 170 181 335
4741 1 2 170 170 183 335
4742 1 2 170 170 332 335
4743 1 2 170 170 335 336
4744 1 2 170 170 182 335
4745 1 2 170 170 184 335
4746 1 2 170 170 181 183
4747 1 2 170 170 181 332
4748 1 2 170 170 181 336
4749 1 2 170 170 181 182
4750 1 2 170 170 181 184
4751 1 2 170 170 183 332
4752 1 2 170 170 183 336
4753 1 2 170 170 182 183
4754 1 2 170 170 183 184
4755 1 2 170 170 332 336
4756 1 2 170 170 182 332
4757 1 2 170 170 184 332
4758 1 2 170 170 182 336
4759 1 2 170 170 184 336
4760 1 2 170 170 182 184
4761 1 2 171 171 332 336
4762 1 2 171 171 182 332
4763 1 2 171 171 184 332
4764 1 2 171 171 258 332
4765 1 2 171 171 260 332
4766 1 2 171 171 72 332
4767 1 2 171 171 73 332
4768 1 2 171 171 182 336
4769 1 2 171 171 184 336
4770 1 2 171 171 258 336
4771 1 2 171 171 260 336
4772 1 2 171 171 72 336
4773 1 2 171 171 73 336
4774 1 2 171 171 182 184
4775 1 2 171 171 182 258
4776 1 2 171 171 182 260
4777 1 2 171 171 72 182
4778 1 2 171 171 73 182
4779 1 2 171 171 184 258
4780 1 2 171 171 184 260
4781 1 2 171 171 72 184
4782 1 2 171 171 73 184
4783 1 2 171 171 258 260
4784 1 2 171 171 72 258
4785 1 2 171 171 73 258
4786 1 2 171 171 72 260
4787 1 2 171 171 73 260
4788 1 2 171 171 72 73
4789 1 2 172 172 2 27
4790 1 2 172 172 27 28
4791 1 2 172 172 27 137
4792 1 2 172 172 27 175
4793 1 2 172 172 27 95
4794 1 2 172 172 27 177
4795 1 2 172 172 27 333
4796 1 2 172 172 2 28
4797 1 2 172 172 2 137
4798 1 2 172 172 2 175
4799 1 2 172 172 2 95
4800 1 2 172 172 2 177
4801 1 2 172 172 2 333
4802 1 2 172 172 28 137
4803 1 2 172 172 28 175
4804 1 2 172 172 28 95
4805 1 2 172 172 28 177
4806 1 2 172 172 28 333
4807 1 2 172 172 137 175
4808 1 2 172 172 95 137
4809 1 2 172 172 137 177
4810 1 2 172 172 137 333
4811 1 2 172 172 95 175
4812 1 2 172 172 175 177
4813 1 2 172 172 175 333
4814 1 2 172 172 95 177
4815 1 2 172 172 95 333
4816 1 2 172 172 177 333
4817 1 2 173 173 95 175
4818 1 2 173 173 175 177
4819 1 2 173 173 175 333
4820 1 2 173 173 175 176
4821 1 2 173 173 96 175
4822 1 2 173 173 175 178
4823 1 2 173 173 175 334
4824 1 2 173 173 95 177
4825 1 2 173 173 95 333
4826 1 2 173 173 95 176
4827 1 2 173 173 95 96
4828 1 2 173 173 95 178
4829 1 2 173 173 95 334
4830 1 2 173 173 177 333
4831 1 2 173 173 176 177
4832 1 2 173 173 96 177
4833 1 2 173 173 177 178
4834 1 2 173 173 177 334
4835 1 2 173 173 176 333
4836 1 2 173 173 96 333
4837 1 2 173 173 178 333
4838 1 2 173 173 333 334
4839 1 2 173 173 96 176
4840 1 2 173 173 176 178
4841 1 2 173 173 176 334
4842 1 2 173 173 96 178
4843 1 2 173 173 96 334
4844 1 2 173 173 178 334
4845 1 2 174 174 96 176
4846 1 2 174 174 176 178
4847 1 2 174 174 176 334
4848 1 2 174 174 69 176
4849 1 2 174 174 6 176
4850 1 2 174 174 70 176
4851 1 2 174 174 176 259
4852 1 2 174 174 96 178
4853 1 2 174 174 96 334
4854 1 2 174 174 69 96
4855 1 2 174 174 6 96
4856 1 2 174 174 70 96
4857 1 2 174 174 96 259
4858 1 2 174 174 178 334
4859 1 2 174 174 69 178
4860 1 2 174 174 6 178
4861 1 2 174 174 70 178
4862 1 2 174 174 178 259
4863 1 2 174 174 69 334
4864 1 2 174 174 6 334
4865 1 2 174 174 70 334
4866 1 2 174 174 259 334
4867 1 2 174 174 6 69
4868 1 2 174 174 69 70
4869 1 2 174 174 69 259
4870 1 2 174 174 6 70
4871 1 2 174 174 6 259
4872 1 2 174 174 70 259
4873 1 2 175 175 28 137
4874 1 2 175 175 29 137
4875 1 2 175 175 137 138
4876 1 2 175 175 137 333
4877 1 2 175 175 137 177
4878 1 2 175 175 137 179
4879 1 2 175 175 137 335
4880 1 2 175 175 28 29
4881 1 2 175 175 28 138
4882 1 2 175 175 28 333
4883 1 2 175 175 28 177
4884 1 2 175 175 28 179
4885 1 2 175 175 28 335
4886 1 2 175 175 29 138
4887 1 2 175 175 29 333
4888 1 2 175 175 29 177
4889 1 2 175 175 29 179
4890 1 2 175 175 29 335
4891 1 2 175 175 138 333
4892 1 2 175 175 138 177
4893 1 2 175 175 138 179
4894 1 2 175 175 138 335
4895 1 2 175 175 177 333
4896 1 2 175 175 179 333
4897 1 2 175 175 333 335
4898 1 2 175 175 177 179
4899 1 2 175 175 177 335
4900 1 2 175 175 179 335
4901 1 2 176 176 177 333
4902 1 2 176 176 179 333
4903 1 2 176 176 333 335
4904 1 2 176 176 333 334
4905 1 2 176 176 178 333
4906 1 2 176 176 180 333
4907 1 2 176 176 333 336
4908 1 2 176 176 177 179
4909 1 2 176 176 177 335
4910 1 2 176 176 177 334
4911 1 2 176 176 177 178
4912 1 2 176 176 177 180
4913 1 2 176 176 177 336
4914 1 2 176 176 179 335
4915 1 2 176 176 179 334
4916 1 2 176 176 178 179
4917 1 2 176 176 179 180
4918 1 2 176 176 179 336
4919 1 2 176 176 334 335
4920 1 2 176 176 178 335
4921 1 2 176 176 180 335
4922 1 2 176 176 335 336
4923 1 2 176 176 178 334
4924 1 2 176 176 180 334
4925 1 2 176 176 334 336
4926 1 2 176 176 178 180
4927 1 2 176 176 178 336
4928 1 2 176 176 180 336
4929 1 2 177 177 178 334
4930 1 2 177 177 180 334
4931 1 2 177 177 334 336
4932 1 2 177 177 259 334
4933 1 2 177 177 70 334
4934 1 2 177 177 71 334
4935 1 2 177 177 260 334
4936 1 2 177 177 178 180
4937 1 2 177 177 178 336
4938 1 2 177 177 178 259
4939 1 2 177 177 70 178
4940 1 2 177 177 71 178
4941 1 2 177 177 178 260
4942 1 2 177 177 180 336
4943 1 2 177 177 180 259
4944 1 2 177 177 70 180
4945 1 2 177 177 71 180
4946 1 2 177 177 180 260
4947 1 2 177 177 259 336
4948 1 2 177 177 70 336
4949 1 2 177 177 71 336
4950 1 2 177 177 260 336
4951 1 2 177 177 70 259
4952 1 2 177 177 71 259
4953 1 2 177 177 259 260
4954 1 2 177 177 70 71
4955 1 2 177 177 70 260
4956 1 2 177 177 71 260
4957 1 2 178 178 29 138
4958 1 2 178 178 3 138
4959 1 2 178 178 30 138
4960 1 2 178 178 138 335
4961 1 2 178 178 138 179
4962 1 2 178 178 97 138
4963 1 2 178 178 138 181
4964 1 2 178 178 3 29
4965 1 2 178 178 29 30
4966 1 2 178 178 29 335
4967 1 2 178 178 29 179
4968 1 2 178 178 29 97
4969 1 2 178 178 29 181
4970 1 2 178 178 3 30
4971 1 2 178 178 3 335
4972 1 2 178 178 3 179
4973 1 2 178 178 3 97
4974 1 2 178 178 3 181
4975 1 2 178 178 30 335
4976 1 2 178 178 30 179
4977 1 2 178 178 30 97
4978 1 2 178 178 30 181
4979 1 2 178 178 179 335
4980 1 2 178 178 97 335
4981 1 2 178 178 181 335
4982 1 2 178 178 97 179
4983 1 2 178 178 179 181
4984 1 2 178 178 97 181
4985 1 2 179 179 179 335
4986 1 2 179 179 97 335
4987 1 2 179 179 181 335
4988 1 2 179 179 335 336
4989 1 2 179 179 180 335
4990 1 2 179 179 98 335
4991 1 2 179 179 182 335
4992 1 2 179 179 97 179
4993 1 2 179 179 179 181
4994 1 2 179 179 179 336
4995 1 2 179 179 179 180
4996 1 2 179 179 98 179
4997 1 2 179 179 179 182
4998 1 2 179 179 97 181
4999 1 2 179 179 97 336
5000 1 2 179 179 97 180
5001 1 2 179 179 97 98
5002 1 2 179 179 97 182
5003 1 2 179 179 181 336
5004 1 2 179 179 180 181
5005 1 2 179 179 98 181
5006 1 2 179 179 181 182
5007 1 2 179 179 180 336
5008 1 2 179 179 98 336
5009 1 2 179 179 182 336
5010 1 2 179 179 98 180
5011 1 2 179 179 180 182
5012 1 2 179 179 98 182
5013 1 2 180 180 180 336
5014 1 2 180 180 98 336
5015 1 2 180 180 182 336
5016 1 2 180 180 260 336
5017 1 2 180 180 71 336
5018 1 2 180 180 7 336
5019 1 2 180 180 72 336
5020 1 2 180 180 98 180
5021 1 2 180 180 180 182
5022 1 2 180 180 180 260
5023 1 2 180 180 71 180
5024 1 2 180 180 7 180
5025 1 2 180 180 72 180
5026 1 2 180 180 98 182
5027 1 2 180 180 98 260
5028 1 2 180 180 71 98
5029 1 2 180 180 7 98
5030 1 2 180 180 72 98
5031 1 2 180 180 182 260
5032 1 2 180 180 71 182
5033 1 2 180 180 7 182
5034 1 2 180 180 72 182
5035 1 2 180 180 71 260
5036 1 2 180 180 7 260
5037 1 2 180 180 72 260
5038 1 2 180 180 7 71
5039 1 2 180 180 71 72
5040 1 2 180 180 7 72
$EndElements
