$MeshFormat
2.2 0 8
$EndMeshFormat
$PhysicalNames
7
2 1 "z_min"
2 2 "z_max"
2 3 "y_min"
2 4 "x_max"
2 5 "y_max"
2 6 "x_min"
3 7 "solid"
$EndPhysicalNames
$Nodes
3264
1 0 0 0
2 20 0 0
3 20 3 0
4 0 3 0
5 0 0 3
6 20 0 3
7 20 3 3
8 0 3 3
9 0.399999999999712 0 0
10 0.7999999999993355 0 0
11 1.199999999998936 0 0
12 1.599999999998657 0 0
13 1.999999999998378 0 0
14 2.399999999998067 0 0
15 2.799999999997153 0 0
16 3.199999999995984 0 0
17 3.599999999994816 0 0
18 3.999999999993648 0 0
19 4.399999999992479 0 0
20 4.799999999991311 0 0
21 5.199999999990144 0 0
22 5.599999999988975 0 0
23 5.999999999987806 0 0
24 6.399999999986638 0 0
25 6.79999999998547 0 0
26 7.199999999984302 0 0
27 7.599999999983132 0 0
28 7.999999999982034 0 0
29 8.399999999982366 0 0
30 8.799999999982973 0 0
31 9.19999999998358 0 0
32 9.599999999984188 0 0
33 9.999999999984798 0 0
34 10.39999999998541 0 0
35 10.79999999998601 0 0
36 11.19999999998662 0 0
37 11.59999999998723 0 0
38 11.99999999998784 0 0
39 12.39999999998845 0 0
40 12.79999999998905 0 0
41 13.19999999998966 0 0
42 13.59999999999027 0 0
43 13.99999999999088 0 0
44 14.39999999999149 0 0
45 14.7999999999921 0 0
46 15.1999999999927 0 0
47 15.59999999999331 0 0
48 15.99999999999392 0 0
49 16.39999999999453 0 0
50 16.79999999999514 0 0
51 17.19999999999574 0 0
52 17.59999999999635 0 0
53 17.99999999999696 0 0
54 18.39999999999756 0 0
55 18.79999999999817 0 0
56 19.19999999999878 0 0
57 19.59999999999939 0 0
58 20 0.4285714285696308 0
59 20 0.8571428571393918 0
60 20 1.285714285709292 0
61 20 1.714285714280779 0
62 20 2.142857142853853 0
63 20 2.571428571426927 0
64 19.6 3 0
65 19.2 3 0
66 18.8 3 0
67 18.4 3 0
68 18 3 0
69 17.6 3 0
70 17.2 3 0
71 16.8 3 0
72 16.4 3 0
73 15.99999999999999 3 0
74 15.59999999999999 3 0
75 15.19999999999999 3 0
76 14.79999999999999 3 0
77 14.39999999999999 3 0
78 13.99999999999999 3 0
79 13.59999999999999 3 0
80 13.19999999999999 3 0
81 12.79999999999999 3 0
82 12.39999999999999 3 0
83 11.99999999999999 3 0
84 11.59999999999999 3 0
85 11.19999999999999 3 0
86 10.79999999999999 3 0
87 10.39999999999999 3 0
88 9.999999999999993 3 0
89 9.599999999999993 3 0
90 9.199999999999996 3 0
91 8.799999999999994 3 0
92 8.399999999999995 3 0
93 7.999999999999993 3 0
94 7.599999999999996 3 0
95 7.199999999999996 3 0
96 6.799999999999995 3 0
97 6.399999999999997 3 0
98 5.999999999999996 3 0
99 5.599999999999996 3 0
100 5.199999999999996 3 0
101 4.799999999999997 3 0
102 4.399999999999997 3 0
103 3.999999999999996 3 0
104 3.599999999999998 3 0
105 3.199999999999999 3 0
106 2.799999999999997 3 0
107 2.399999999999999 3 0
108 2 3 0
109 1.599999999999998 3 0
110 1.199999999999999 3 0
111 0.8000000000000007 3 0
112 0.3999999999999986 3 0
113 0 2.571428571430938 0
114 0 2.142857142859423 0
115 0 1.714285714288935 0
116 0 1.28571428571789 0
117 0 0.8571428571452602 0
118 0 0.4285714285726301 0
119 0.399999999999712 0 3
120 0.7999999999993355 0 3
121 1.199999999998936 0 3
122 1.599999999998657 0 3
123 1.999999999998378 0 3
124 2.399999999998067 0 3
125 2.799999999997153 0 3
126 3.199999999995984 0 3
127 3.599999999994816 0 3
128 3.999999999993648 0 3
129 4.399999999992479 0 3
130 4.799999999991311 0 3
131 5.199999999990144 0 3
132 5.599999999988975 0 3
133 5.999999999987806 0 3
134 6.399999999986638 0 3
135 6.79999999998547 0 3
136 7.199999999984302 0 3
137 7.599999999983132 0 3
138 7.999999999982034 0 3
139 8.399999999982366 0 3
140 8.799999999982973 0 3
141 9.19999999998358 0 3
142 9.599999999984188 0 3
143 9.999999999984798 0 3
144 10.39999999998541 0 3
145 10.79999999998601 0 3
146 11.19999999998662 0 3
147 11.59999999998723 0 3
148 11.99999999998784 0 3
149 12.39999999998845 0 3
150 12.79999999998905 0 3
151 13.19999999998966 0 3
152 13.59999999999027 0 3
153 13.99999999999088 0 3
154 14.39999999999149 0 3
155 14.7999999999921 0 3
156 15.1999999999927 0 3
157 15.59999999999331 0 3
158 15.99999999999392 0 3
159 16.39999999999453 0 3
160 16.79999999999514 0 3
161 17.19999999999574 0 3
162 17.59999999999635 0 3
163 17.99999999999696 0 3
164 18.39999999999756 0 3
165 18.79999999999817 0 3
166 19.19999999999878 0 3
167 19.59999999999939 0 3
168 20 0.4285714285696308 3
169 20 0.8571428571393918 3
170 20 1.285714285709292 3
171 20 1.714285714280779 3
172 20 2.142857142853853 3
173 20 2.571428571426927 3
174 19.6 3 3
175 19.2 3 3
176 18.8 3 3
177 18.4 3 3
178 18 3 3
179 17.6 3 3
180 17.2 3 3
181 16.8 3 3
182 16.4 3 3
183 15.99999999999999 3 3
184 15.59999999999999 3 3
185 15.19999999999999 3 3
186 14.79999999999999 3 3
187 14.39999999999999 3 3
188 13.99999999999999 3 3
189 13.59999999999999 3 3
190 13.19999999999999 3 3
191 12.79999999999999 3 3
192 12.39999999999999 3 3
193 11.99999999999999 3 3
194 11.59999999999999 3 3
195 11.19999999999999 3 3
196 10.79999999999999 3 3
197 10.39999999999999 3 3
198 9.999999999999993 3 3
199 9.599999999999993 3 3
200 9.199999999999996 3 3
201 8.799999999999994 3 3
202 8.399999999999995 3 3
203 7.999999999999993 3 3
204 7.599999999999996 3 3
205 7.199999999999996 3 3
206 6.799999999999995 3 3
207 6.399999999999997 3 3
208 5.999999999999996 3 3
209 5.599999999999996 3 3
210 5.199999999999996 3 3
211 4.799999999999997 3 3
212 4.399999999999997 3 3
213 3.999999999999996 3 3
214 3.599999999999998 3 3
215 3.199999999999999 3 3
216 2.799999999999997 3 3
217 2.399999999999999 3 3
218 2 3 3
219 1.599999999999998 3 3
220 1.199999999999999 3 3
221 0.8000000000000007 3 3
222 0.3999999999999986 3 3
223 0 2.571428571430938 3
224 0 2.142857142859423 3
225 0 1.714285714288935 3
226 0 1.28571428571789 3
227 0 0.8571428571452602 3
228 0 0.4285714285726301 3
229 0 0 0.4285714285714285
230 0 0 0.8571428571428571
231 0 0 1.285714285714286
232 0 0 1.714285714285714
233 0 0 2.142857142857143
234 0 0 2.571428571428571
235 20 0 0.4285714285714285
236 20 0 0.8571428571428571
237 20 0 1.285714285714286
238 20 0 1.714285714285714
239 20 0 2.142857142857143
240 20 0 2.571428571428571
241 20 3 0.4285714285714285
242 20 3 0.8571428571428571
243 20 3 1.285714285714286
244 20 3 1.714285714285714
245 20 3 2.142857142857143
246 20 3 2.571428571428571
247 0 3 0.4285714285714285
248 0 3 0.8571428571428571
249 0 3 1.285714285714286
250 0 3 1.714285714285714
251 0 3 2.142857142857143
252 0 3 2.571428571428571
253 0.399999999999753 0.4285714285725701 0
254 0.3999999999997938 0.8571428571451425 0
255 0.3999999999998348 1.285714285717718 0
256 0.3999999999998757 1.714285714288772 0
257 0.3999999999999167 2.14285714285931 0
258 0.3999999999999577 2.571428571430857 0
259 0.7999999999994305 0.4285714285725101 0
260 0.7999999999995258 0.8571428571450251 0
261 0.7999999999996207 1.285714285717546 0
262 0.7999999999997156 1.714285714288609 0
263 0.7999999999998108 2.1428571428592 0
264 0.7999999999999058 2.571428571430777 0
265 1.199999999999088 0.4285714285724501 0
266 1.19999999999924 0.8571428571449079 0
267 1.199999999999392 1.285714285717374 0
268 1.199999999999544 1.714285714288446 0
269 1.199999999999695 2.142857142859088 0
270 1.199999999999847 2.571428571430697 0
271 1.599999999998848 0.4285714285723901 0
272 1.59999999999904 0.8571428571447905 0
273 1.599999999999231 1.285714285717202 0
274 1.599999999999423 1.714285714288282 0
275 1.599999999999615 2.142857142858976 0
276 1.599999999999806 2.571428571430616 0
277 1.99999999999861 0.4285714285723301 0
278 1.999999999998841 0.8571428571446731 0
279 1.999999999999073 1.28571428571703 0
280 1.999999999999305 1.714285714288119 0
281 1.999999999999536 2.142857142858865 0
282 1.999999999999768 2.571428571430535 0
283 2.399999999998343 0.42857142857227 0
284 2.399999999998619 0.8571428571445557 0
285 2.399999999998895 1.285714285716858 0
286 2.399999999999171 1.714285714287956 0
287 2.399999999999446 2.142857142858754 0
288 2.399999999999722 2.571428571430456 0
289 2.79999999999756 0.4285714285722101 0
290 2.799999999997966 0.8571428571444385 0
291 2.799999999998372 1.285714285716686 0
292 2.799999999998779 1.714285714287793 0
293 2.799999999999184 2.142857142858643 0
294 2.79999999999959 2.571428571430376 0
295 3.199999999996558 0.4285714285721501 0
296 3.199999999997131 0.8571428571443209 0
297 3.199999999997705 1.285714285716514 0
298 3.199999999998278 1.71428571428763 0
299 3.199999999998852 2.142857142858531 0
300 3.199999999999426 2.571428571430296 0
301 3.599999999995556 0.4285714285720902 0
302 3.599999999996296 0.8571428571442036 0
303 3.599999999997038 1.285714285716342 0
304 3.599999999997777 1.714285714287467 0
305 3.599999999998519 2.142857142858419 0
306 3.599999999999258 2.571428571430215 0
307 3.999999999994555 0.4285714285720301 0
308 3.999999999995462 0.8571428571440863 0
309 3.999999999996369 1.28571428571617 0
310 3.999999999997275 1.714285714287304 0
311 3.999999999998182 2.142857142858308 0
312 3.999999999999089 2.571428571430134 0
313 4.399999999993554 0.42857142857197 0
314 4.399999999994626 0.8571428571439689 0
315 4.399999999995702 1.285714285715998 0
316 4.399999999996774 1.714285714287141 0
317 4.399999999997847 2.142857142858197 0
318 4.399999999998924 2.571428571430054 0
319 4.799999999992551 0.4285714285719102 0
320 4.799999999993792 0.8571428571438514 0
321 4.799999999995034 1.285714285715826 0
322 4.799999999996274 1.714285714286978 0
323 4.799999999997516 2.142857142858085 0
324 4.799999999998757 2.571428571429974 0
325 5.199999999991554 0.4285714285718502 0
326 5.19999999999296 0.8571428571437342 0
327 5.199999999994367 1.285714285715654 0
328 5.199999999995773 1.714285714286814 0
329 5.199999999997182 2.142857142857974 0
330 5.199999999998589 2.571428571429894 0
331 5.599999999990548 0.4285714285717902 0
332 5.599999999992123 0.8571428571436168 0
333 5.599999999993699 1.285714285715482 0
334 5.599999999995272 1.714285714286652 0
335 5.599999999996847 2.142857142857863 0
336 5.599999999998422 2.571428571429814 0
337 5.999999999989547 0.4285714285717303 0
338 5.99999999999129 0.8571428571434994 0
339 5.99999999999303 1.285714285715311 0
340 5.999999999994771 1.714285714286488 0
341 5.999999999996514 2.142857142857751 0
342 5.999999999998255 2.571428571429734 0
343 6.399999999988547 0.4285714285716701 0
344 6.399999999990453 0.857142857143382 0
345 6.399999999992364 1.285714285715138 0
346 6.399999999994273 1.714285714286325 0
347 6.399999999996179 2.142857142857639 0
348 6.399999999998088 2.571428571429653 0
349 6.799999999987546 0.4285714285716102 0
350 6.799999999989621 0.8571428571432645 0
351 6.799999999991694 1.285714285714966 0
352 6.799999999993769 1.714285714286162 0
353 6.799999999995846 2.142857142857528 0
354 6.799999999997919 2.571428571429573 0
355 7.199999999986546 0.4285714285715501 0
356 7.199999999988785 0.8571428571431473 0
357 7.19999999999103 1.285714285714795 0
358 7.19999999999327 1.714285714285999 0
359 7.199999999995511 2.142857142857417 0
360 7.199999999997756 2.571428571429493 0
361 7.599999999985541 0.4285714285714902 0
362 7.599999999987951 0.8571428571430297 0
363 7.599999999990359 1.285714285714622 0
364 7.599999999992768 1.714285714285836 0
365 7.599999999995178 2.142857142857305 0
366 7.599999999997586 2.571428571429413 0
367 7.999999999984602 0.4285714285714303 0
368 7.999999999987166 0.8571428571429126 0
369 7.999999999989731 1.285714285714451 0
370 7.999999999992294 1.714285714285672 0
371 7.999999999994863 2.142857142857194 0
372 7.999999999997429 2.571428571429333 0
373 8.399999999984885 0.4285714285713703 0
374 8.399999999987404 0.8571428571427951 0
375 8.399999999989921 1.285714285714278 0
376 8.399999999992442 1.714285714285509 0
377 8.399999999994957 2.142857142857083 0
378 8.399999999997476 2.571428571429252 0
379 8.799999999985406 0.4285714285713104 0
380 8.799999999987834 0.8571428571426779 0
381 8.799999999990266 1.285714285714107 0
382 8.7999999999927 1.714285714285346 0
383 8.79999999999513 2.142857142856971 0
384 8.79999999999756 2.571428571429172 0
385 9.199999999985925 0.4285714285712502 0
386 9.199999999988268 0.8571428571425604 0
387 9.199999999990617 1.285714285713935 0
388 9.199999999992963 1.714285714285183 0
389 9.199999999995306 2.142857142856859 0
390 9.199999999997653 2.571428571429091 0
391 9.599999999986448 0.4285714285711902 0
392 9.599999999988704 0.8571428571424432 0
393 9.599999999990962 1.285714285713762 0
394 9.599999999993219 1.71428571428502 0
395 9.599999999995479 2.142857142856748 0
396 9.599999999997735 2.571428571429011 0
397 9.999999999986965 0.4285714285711303 0
398 9.999999999989139 0.8571428571423257 0
399 9.999999999991312 1.285714285713591 0
400 9.999999999993481 1.714285714284857 0
401 9.999999999995651 2.142857142856637 0
402 9.999999999997822 2.571428571428931 0
403 10.39999999998749 0.4285714285710704 0
404 10.39999999998957 0.8571428571422083 0
405 10.39999999999166 1.285714285713419 0
406 10.39999999999374 1.714285714284694 0
407 10.39999999999583 2.142857142856526 0
408 10.39999999999791 2.571428571428851 0
409 10.79999999998801 0.4285714285710104 0
410 10.79999999999001 0.857142857142091 0
411 10.799999999992 1.285714285713247 0
412 10.799999999994 1.714285714284531 0
413 10.799999999996 2.142857142856414 0
414 10.799999999998 2.571428571428771 0
415 11.19999999998853 0.4285714285709505 0
416 11.19999999999044 0.8571428571419736 0
417 11.19999999999235 1.285714285713075 0
418 11.19999999999426 1.714285714284368 0
419 11.19999999999617 2.142857142856303 0
420 11.19999999999808 2.571428571428691 0
421 11.59999999998906 0.4285714285708905 0
422 11.59999999999087 0.8571428571418563 0
423 11.5999999999927 1.285714285712902 0
424 11.59999999999452 1.714285714284205 0
425 11.59999999999634 2.142857142856192 0
426 11.59999999999817 2.571428571428611 0
427 11.99999999998958 0.4285714285708304 0
428 11.99999999999131 0.8571428571417388 0
429 11.99999999999305 1.285714285712731 0
430 11.99999999999478 1.714285714284041 0
431 11.99999999999652 2.14285714285608 0
432 11.99999999999826 2.57142857142853 0
433 12.3999999999901 0.4285714285707704 0
434 12.39999999999174 0.8571428571416215 0
435 12.3999999999934 1.285714285712559 0
436 12.39999999999504 1.714285714283878 0
437 12.39999999999669 2.142857142855969 0
438 12.39999999999834 2.57142857142845 0
439 12.79999999999061 0.4285714285707104 0
440 12.79999999999218 0.8571428571415041 0
441 12.79999999999374 1.285714285712387 0
442 12.7999999999953 1.714285714283715 0
443 12.79999999999687 2.142857142855858 0
444 12.79999999999843 2.57142857142837 0
445 13.19999999999114 0.4285714285706505 0
446 13.19999999999261 0.8571428571413867 0
447 13.19999999999409 1.285714285712215 0
448 13.19999999999556 1.714285714283552 0
449 13.19999999999704 2.142857142855746 0
450 13.19999999999852 2.57142857142829 0
451 13.59999999999166 0.4285714285705905 0
452 13.59999999999305 0.8571428571412695 0
453 13.59999999999443 1.285714285712043 0
454 13.59999999999582 1.714285714283389 0
455 13.59999999999721 2.142857142855635 0
456 13.5999999999986 2.57142857142821 0
457 13.99999999999218 0.4285714285705306 0
458 13.99999999999348 0.8571428571411522 0
459 13.99999999999478 1.285714285711871 0
460 13.99999999999608 1.714285714283226 0
461 13.99999999999738 2.142857142855524 0
462 13.99999999999869 2.571428571428129 0
463 14.3999999999927 0.4285714285704706 0
464 14.39999999999392 0.8571428571410346 0
465 14.39999999999513 1.285714285711699 0
466 14.39999999999635 1.714285714283063 0
467 14.39999999999756 2.142857142855412 0
468 14.39999999999878 2.571428571428048 0
469 14.79999999999322 0.4285714285704105 0
470 14.79999999999435 0.8571428571409173 0
471 14.79999999999548 1.285714285711527 0
472 14.79999999999661 1.7142857142829 0
473 14.79999999999774 2.1428571428553 0
474 14.79999999999886 2.571428571427969 0
475 15.19999999999374 0.4285714285703505 0
476 15.19999999999478 0.8571428571407999 0
477 15.19999999999582 1.285714285711355 0
478 15.19999999999687 1.714285714282737 0
479 15.19999999999791 2.142857142855189 0
480 15.19999999999895 2.571428571427889 0
481 15.59999999999426 0.4285714285702905 0
482 15.59999999999522 0.8571428571406825 0
483 15.59999999999617 1.285714285711183 0
484 15.59999999999713 1.714285714282573 0
485 15.59999999999808 2.142857142855078 0
486 15.59999999999904 2.571428571427809 0
487 15.99999999999479 0.4285714285702306 0
488 15.99999999999566 0.857142857140565 0
489 15.99999999999653 1.285714285711011 0
490 15.99999999999739 1.71428571428241 0
491 15.99999999999826 2.142857142854966 0
492 15.99999999999913 2.571428571427728 0
493 16.39999999999531 0.4285714285701706 0
494 16.39999999999609 0.8571428571404479 0
495 16.39999999999687 1.285714285710839 0
496 16.39999999999765 1.714285714282247 0
497 16.39999999999844 2.142857142854855 0
498 16.39999999999922 2.571428571427648 0
499 16.79999999999583 0.4285714285701107 0
500 16.79999999999653 0.8571428571403303 0
501 16.79999999999722 1.285714285710667 0
502 16.79999999999792 1.714285714282084 0
503 16.79999999999861 2.142857142854744 0
504 16.7999999999993 2.571428571427567 0
505 17.19999999999635 0.4285714285700506 0
506 17.19999999999695 0.857142857140213 0
507 17.19999999999756 1.285714285710496 0
508 17.19999999999817 1.714285714281921 0
509 17.19999999999878 2.142857142854632 0
510 17.19999999999939 2.571428571427487 0
511 17.59999999999687 0.4285714285699906 0
512 17.59999999999739 0.8571428571400957 0
513 17.59999999999791 1.285714285710323 0
514 17.59999999999844 1.714285714281758 0
515 17.59999999999896 2.14285714285452 0
516 17.59999999999948 2.571428571427407 0
517 17.99999999999739 0.4285714285699306 0
518 17.99999999999783 0.8571428571399786 0
519 17.99999999999826 1.285714285710151 0
520 17.99999999999869 1.714285714281595 0
521 17.99999999999913 2.142857142854409 0
522 17.99999999999956 2.571428571427327 0
523 18.39999999999791 0.4285714285698706 0
524 18.39999999999826 0.857142857139861 0
525 18.39999999999861 1.28571428570998 0
526 18.39999999999895 1.714285714281431 0
527 18.39999999999931 2.142857142854298 0
528 18.39999999999965 2.571428571427247 0
529 18.79999999999844 0.4285714285698107 0
530 18.79999999999869 0.8571428571397436 0
531 18.79999999999896 1.285714285709807 0
532 18.79999999999922 1.714285714281268 0
533 18.79999999999948 2.142857142854186 0
534 18.79999999999974 2.571428571427167 0
535 19.19999999999895 0.4285714285697507 0
536 19.19999999999913 0.8571428571396262 0
537 19.19999999999931 1.285714285709636 0
538 19.19999999999948 1.714285714281105 0
539 19.19999999999965 2.142857142854074 0
540 19.19999999999983 2.571428571427086 0
541 19.59999999999948 0.4285714285696908 0
542 19.59999999999956 0.8571428571395088 0
543 19.59999999999965 1.285714285709463 0
544 19.59999999999974 1.714285714280942 0
545 19.59999999999982 2.142857142853964 0
546 19.59999999999991 2.571428571427006 0
547 0.399999999999712 0 0.4285714285714285
548 0.399999999999712 0 0.8571428571428571
549 0.399999999999712 0 1.285714285714286
550 0.399999999999712 0 1.714285714285714
551 0.399999999999712 0 2.142857142857143
552 0.399999999999712 0 2.571428571428571
553 0.7999999999993355 0 0.4285714285714285
554 0.7999999999993355 0 0.8571428571428571
555 0.7999999999993355 0 1.285714285714286
556 0.7999999999993355 0 1.714285714285714
557 0.7999999999993355 0 2.142857142857143
558 0.7999999999993355 0 2.571428571428571
559 1.199999999998936 0 0.4285714285714285
560 1.199999999998936 0 0.8571428571428571
561 1.199999999998936 0 1.285714285714286
562 1.199999999998936 0 1.714285714285714
563 1.199999999998936 0 2.142857142857143
564 1.199999999998936 0 2.571428571428571
565 1.599999999998657 0 0.4285714285714285
566 1.599999999998657 0 0.8571428571428571
567 1.599999999998657 0 1.285714285714286
568 1.599999999998657 0 1.714285714285714
569 1.599999999998657 0 2.142857142857143
570 1.599999999998657 0 2.571428571428571
571 1.999999999998378 0 0.4285714285714285
572 1.999999999998378 0 0.8571428571428571
573 1.999999999998378 0 1.285714285714286
574 1.999999999998378 0 1.714285714285714
575 1.999999999998378 0 2.142857142857143
576 1.999999999998378 0 2.571428571428571
577 2.399999999998067 0 0.4285714285714285
578 2.399999999998067 0 0.8571428571428571
579 2.399999999998067 0 1.285714285714286
580 2.399999999998067 0 1.714285714285714
581 2.399999999998067 0 2.142857142857143
582 2.399999999998067 0 2.571428571428571
583 2.799999999997153 0 0.4285714285714285
584 2.799999999997153 0 0.8571428571428571
585 2.799999999997153 0 1.285714285714286
586 2.799999999997153 0 1.714285714285714
587 2.799999999997153 0 2.142857142857143
588 2.799999999997153 0 2.571428571428571
589 3.199999999995984 0 0.4285714285714285
590 3.199999999995984 0 0.8571428571428571
591 3.199999999995984 0 1.285714285714286
592 3.199999999995984 0 1.714285714285714
593 3.199999999995984 0 2.142857142857143
594 3.199999999995984 0 2.571428571428571
595 3.599999999994816 0 0.4285714285714285
596 3.599999999994816 0 0.8571428571428571
597 3.599999999994816 0 1.285714285714286
598 3.599999999994816 0 1.714285714285714
599 3.599999999994816 0 2.142857142857143
600 3.599999999994816 0 2.571428571428571
601 3.999999999993648 0 0.4285714285714285
602 3.999999999993648 0 0.8571428571428571
603 3.999999999993648 0 1.285714285714286
604 3.999999999993648 0 1.714285714285714
605 3.999999999993648 0 2.142857142857143
606 3.999999999993648 0 2.571428571428571
607 4.399999999992479 0 0.4285714285714285
608 4.399999999992479 0 0.8571428571428571
609 4.399999999992479 0 1.285714285714286
610 4.399999999992479 0 1.714285714285714
611 4.399999999992479 0 2.142857142857143
612 4.399999999992479 0 2.571428571428571
613 4.799999999991311 0 0.4285714285714285
614 4.799999999991311 0 0.8571428571428571
615 4.799999999991311 0 1.285714285714286
616 4.799999999991311 0 1.714285714285714
617 4.799999999991311 0 2.142857142857143
618 4.799999999991311 0 2.571428571428571
619 5.199999999990144 0 0.4285714285714285
620 5.199999999990144 0 0.8571428571428571
621 5.199999999990144 0 1.285714285714286
622 5.199999999990144 0 1.714285714285714
623 5.199999999990144 0 2.142857142857143
624 5.199999999990144 0 2.571428571428571
625 5.599999999988975 0 0.4285714285714285
626 5.599999999988975 0 0.8571428571428571
627 5.599999999988975 0 1.285714285714286
628 5.599999999988975 0 1.714285714285714
629 5.599999999988975 0 2.142857142857143
630 5.599999999988975 0 2.571428571428571
631 5.999999999987806 0 0.4285714285714285
632 5.999999999987806 0 0.8571428571428571
633 5.999999999987806 0 1.285714285714286
634 5.999999999987806 0 1.714285714285714
635 5.999999999987806 0 2.142857142857143
636 5.999999999987806 0 2.571428571428571
637 6.399999999986638 0 0.4285714285714285
638 6.399999999986638 0 0.8571428571428571
639 6.399999999986638 0 1.285714285714286
640 6.399999999986638 0 1.714285714285714
641 6.399999999986638 0 2.142857142857143
642 6.399999999986638 0 2.571428571428571
643 6.79999999998547 0 0.4285714285714285
644 6.79999999998547 0 0.8571428571428571
645 6.79999999998547 0 1.285714285714286
646 6.79999999998547 0 1.714285714285714
647 6.79999999998547 0 2.142857142857143
648 6.79999999998547 0 2.571428571428571
649 7.199999999984302 0 0.4285714285714285
650 7.199999999984302 0 0.8571428571428571
651 7.199999999984302 0 1.285714285714286
652 7.199999999984302 0 1.714285714285714
653 7.199999999984302 0 2.142857142857143
654 7.199999999984302 0 2.571428571428571
655 7.599999999983132 0 0.4285714285714285
656 7.599999999983132 0 0.8571428571428571
657 7.599999999983132 0 1.285714285714286
658 7.599999999983132 0 1.714285714285714
659 7.599999999983132 0 2.142857142857143
660 7.599999999983132 0 2.571428571428571
661 7.999999999982034 0 0.4285714285714285
662 7.999999999982034 0 0.8571428571428571
663 7.999999999982034 0 1.285714285714286
664 7.999999999982034 0 1.714285714285714
665 7.999999999982034 0 2.142857142857143
666 7.999999999982034 0 2.571428571428571
667 8.399999999982366 0 0.4285714285714285
668 8.399999999982366 0 0.8571428571428571
669 8.399999999982366 0 1.285714285714286
670 8.399999999982366 0 1.714285714285714
671 8.399999999982366 0 2.142857142857143
672 8.399999999982366 0 2.571428571428571
673 8.799999999982973 0 0.4285714285714285
674 8.799999999982973 0 0.8571428571428571
675 8.799999999982973 0 1.285714285714286
676 8.799999999982973 0 1.714285714285714
677 8.799999999982973 0 2.142857142857143
678 8.799999999982973 0 2.571428571428571
679 9.19999999998358 0 0.4285714285714285
680 9.19999999998358 0 0.8571428571428571
681 9.19999999998358 0 1.285714285714286
682 9.19999999998358 0 1.714285714285714
683 9.19999999998358 0 2.142857142857143
684 9.19999999998358 0 2.571428571428571
685 9.599999999984188 0 0.4285714285714285
686 9.599999999984188 0 0.8571428571428571
687 9.599999999984188 0 1.285714285714286
688 9.599999999984188 0 1.714285714285714
689 9.599999999984188 0 2.142857142857143
690 9.599999999984188 0 2.571428571428571
691 9.999999999984798 0 0.4285714285714285
692 9.999999999984798 0 0.8571428571428571
693 9.999999999984798 0 1.285714285714286
694 9.999999999984798 0 1.714285714285714
695 9.999999999984798 0 2.142857142857143
696 9.999999999984798 0 2.571428571428571
697 10.39999999998541 0 0.4285714285714285
698 10.39999999998541 0 0.8571428571428571
699 10.39999999998541 0 1.285714285714286
700 10.39999999998541 0 1.714285714285714
701 10.39999999998541 0 2.142857142857143
702 10.39999999998541 0 2.571428571428571
703 10.79999999998601 0 0.4285714285714285
704 10.79999999998601 0 0.8571428571428571
705 10.79999999998601 0 1.285714285714286
706 10.79999999998601 0 1.714285714285714
707 10.79999999998601 0 2.142857142857143
708 10.79999999998601 0 2.571428571428571
709 11.19999999998662 0 0.4285714285714285
710 11.19999999998662 0 0.8571428571428571
711 11.19999999998662 0 1.285714285714286
712 11.19999999998662 0 1.714285714285714
713 11.19999999998662 0 2.142857142857143
714 11.19999999998662 0 2.571428571428571
715 11.59999999998723 0 0.4285714285714285
716 11.59999999998723 0 0.8571428571428571
717 11.59999999998723 0 1.285714285714286
718 11.59999999998723 0 1.714285714285714
719 11.59999999998723 0 2.142857142857143
720 11.59999999998723 0 2.571428571428571
721 11.99999999998784 0 0.4285714285714285
722 11.99999999998784 0 0.8571428571428571
723 11.99999999998784 0 1.285714285714286
724 11.99999999998784 0 1.714285714285714
725 11.99999999998784 0 2.142857142857143
726 11.99999999998784 0 2.571428571428571
727 12.39999999998845 0 0.4285714285714285
728 12.39999999998845 0 0.8571428571428571
729 12.39999999998845 0 1.285714285714286
730 12.39999999998845 0 1.714285714285714
731 12.39999999998845 0 2.142857142857143
732 12.39999999998845 0 2.571428571428571
733 12.79999999998905 0 0.4285714285714285
734 12.79999999998905 0 0.8571428571428571
735 12.79999999998905 0 1.285714285714286
736 12.79999999998905 0 1.714285714285714
737 12.79999999998905 0 2.142857142857143
738 12.79999999998905 0 2.571428571428571
739 13.19999999998966 0 0.4285714285714285
740 13.19999999998966 0 0.8571428571428571
741 13.19999999998966 0 1.285714285714286
742 13.19999999998966 0 1.714285714285714
743 13.19999999998966 0 2.142857142857143
744 13.19999999998966 0 2.571428571428571
745 13.59999999999027 0 0.4285714285714285
746 13.59999999999027 0 0.8571428571428571
747 13.59999999999027 0 1.285714285714286
748 13.59999999999027 0 1.714285714285714
749 13.59999999999027 0 2.142857142857143
750 13.59999999999027 0 2.571428571428571
751 13.99999999999088 0 0.4285714285714285
752 13.99999999999088 0 0.8571428571428571
753 13.99999999999088 0 1.285714285714286
754 13.99999999999088 0 1.714285714285714
755 13.99999999999088 0 2.142857142857143
756 13.99999999999088 0 2.571428571428571
757 14.39999999999149 0 0.4285714285714285
758 14.39999999999149 0 0.8571428571428571
759 14.39999999999149 0 1.285714285714286
760 14.39999999999149 0 1.714285714285714
761 14.39999999999149 0 2.142857142857143
762 14.39999999999149 0 2.571428571428571
763 14.7999999999921 0 0.4285714285714285
764 14.7999999999921 0 0.8571428571428571
765 14.7999999999921 0 1.285714285714286
766 14.7999999999921 0 1.714285714285714
767 14.7999999999921 0 2.142857142857143
768 14.7999999999921 0 2.571428571428571
769 15.1999999999927 0 0.4285714285714285
770 15.1999999999927 0 0.8571428571428571
771 15.1999999999927 0 1.285714285714286
772 15.1999999999927 0 1.714285714285714
773 15.1999999999927 0 2.142857142857143
774 15.1999999999927 0 2.571428571428571
775 15.59999999999331 0 0.4285714285714285
776 15.59999999999331 0 0.8571428571428571
777 15.59999999999331 0 1.285714285714286
778 15.59999999999331 0 1.714285714285714
779 15.59999999999331 0 2.142857142857143
780 15.59999999999331 0 2.571428571428571
781 15.99999999999392 0 0.4285714285714285
782 15.99999999999392 0 0.8571428571428571
783 15.99999999999392 0 1.285714285714286
784 15.99999999999392 0 1.714285714285714
785 15.99999999999392 0 2.142857142857143
786 15.99999999999392 0 2.571428571428571
787 16.39999999999453 0 0.4285714285714285
788 16.39999999999453 0 0.8571428571428571
789 16.39999999999453 0 1.285714285714286
790 16.39999999999453 0 1.714285714285714
791 16.39999999999453 0 2.142857142857143
792 16.39999999999453 0 2.571428571428571
793 16.79999999999514 0 0.4285714285714285
794 16.79999999999514 0 0.8571428571428571
795 16.79999999999514 0 1.285714285714286
796 16.79999999999514 0 1.714285714285714
797 16.79999999999514 0 2.142857142857143
798 16.79999999999514 0 2.571428571428571
799 17.19999999999574 0 0.4285714285714285
800 17.19999999999574 0 0.8571428571428571
801 17.19999999999574 0 1.285714285714286
802 17.19999999999574 0 1.714285714285714
803 17.19999999999574 0 2.142857142857143
804 17.19999999999574 0 2.571428571428571
805 17.59999999999635 0 0.4285714285714285
806 17.59999999999635 0 0.8571428571428571
807 17.59999999999635 0 1.285714285714286
808 17.59999999999635 0 1.714285714285714
809 17.59999999999635 0 2.142857142857143
810 17.59999999999635 0 2.571428571428571
811 17.99999999999696 0 0.4285714285714285
812 17.99999999999696 0 0.8571428571428571
813 17.99999999999696 0 1.285714285714286
814 17.99999999999696 0 1.714285714285714
815 17.99999999999696 0 2.142857142857143
816 17.99999999999696 0 2.571428571428571
817 18.39999999999756 0 0.4285714285714285
818 18.39999999999756 0 0.8571428571428571
819 18.39999999999756 0 1.285714285714286
820 18.39999999999756 0 1.714285714285714
821 18.39999999999756 0 2.142857142857143
822 18.39999999999756 0 2.571428571428571
823 18.79999999999817 0 0.4285714285714285
824 18.79999999999817 0 0.8571428571428571
825 18.79999999999817 0 1.285714285714286
826 18.79999999999817 0 1.714285714285714
827 18.79999999999817 0 2.142857142857143
828 18.79999999999817 0 2.571428571428571
829 19.19999999999878 0 0.4285714285714285
830 19.19999999999878 0 0.8571428571428571
831 19.19999999999878 0 1.285714285714286
832 19.19999999999878 0 1.714285714285714
833 19.19999999999878 0 2.142857142857143
834 19.19999999999878 0 2.571428571428571
835 19.59999999999939 0 0.4285714285714285
836 19.59999999999939 0 0.8571428571428571
837 19.59999999999939 0 1.285714285714286
838 19.59999999999939 0 1.714285714285714
839 19.59999999999939 0 2.142857142857143
840 19.59999999999939 0 2.571428571428571
841 20 0.4285714285696308 0.4285714285714285
842 20 0.4285714285696308 0.8571428571428571
843 20 0.4285714285696308 1.285714285714286
844 20 0.4285714285696308 1.714285714285714
845 20 0.4285714285696308 2.142857142857143
846 20 0.4285714285696308 2.571428571428571
847 20 0.8571428571393918 0.4285714285714285
848 20 0.8571428571393918 0.8571428571428571
849 20 0.8571428571393918 1.285714285714286
850 20 0.8571428571393918 1.714285714285714
851 20 0.8571428571393918 2.142857142857143
852 20 0.8571428571393918 2.571428571428571
853 20 1.285714285709292 0.4285714285714285
854 20 1.285714285709292 0.8571428571428571
855 20 1.285714285709292 1.285714285714286
856 20 1.285714285709292 1.714285714285714
857 20 1.285714285709292 2.142857142857143
858 20 1.285714285709292 2.571428571428571
859 20 1.714285714280779 0.4285714285714285
860 20 1.714285714280779 0.8571428571428571
861 20 1.714285714280779 1.285714285714286
862 20 1.714285714280779 1.714285714285714
863 20 1.714285714280779 2.142857142857143
864 20 1.714285714280779 2.571428571428571
865 20 2.142857142853853 0.4285714285714285
866 20 2.142857142853853 0.8571428571428571
867 20 2.142857142853853 1.285714285714286
868 20 2.142857142853853 1.714285714285714
869 20 2.142857142853853 2.142857142857143
870 20 2.142857142853853 2.571428571428571
871 20 2.571428571426927 0.4285714285714285
872 20 2.571428571426927 0.8571428571428571
873 20 2.571428571426927 1.285714285714286
874 20 2.571428571426927 1.714285714285714
875 20 2.571428571426927 2.142857142857143
876 20 2.571428571426927 2.571428571428571
877 19.6 3 0.4285714285714285
878 19.6 3 0.8571428571428571
879 19.6 3 1.285714285714286
880 19.6 3 1.714285714285714
881 19.6 3 2.142857142857143
882 19.6 3 2.571428571428571
883 19.2 3 0.4285714285714285
884 19.2 3 0.8571428571428571
885 19.2 3 1.285714285714286
886 19.2 3 1.714285714285714
887 19.2 3 2.142857142857143
888 19.2 3 2.571428571428571
889 18.8 3 0.4285714285714285
890 18.8 3 0.8571428571428571
891 18.8 3 1.285714285714286
892 18.8 3 1.714285714285714
893 18.8 3 2.142857142857143
894 18.8 3 2.571428571428571
895 18.4 3 0.4285714285714285
896 18.4 3 0.8571428571428571
897 18.4 3 1.285714285714286
898 18.4 3 1.714285714285714
899 18.4 3 2.142857142857143
900 18.4 3 2.571428571428571
901 18 3 0.4285714285714285
902 18 3 0.8571428571428571
903 18 3 1.285714285714286
904 18 3 1.714285714285714
905 18 3 2.142857142857143
906 18 3 2.571428571428571
907 17.6 3 0.4285714285714285
908 17.6 3 0.8571428571428571
909 17.6 3 1.285714285714286
910 17.6 3 1.714285714285714
911 17.6 3 2.142857142857143
912 17.6 3 2.571428571428571
913 17.2 3 0.4285714285714285
914 17.2 3 0.8571428571428571
915 17.2 3 1.285714285714286
916 17.2 3 1.714285714285714
917 17.2 3 2.142857142857143
918 17.2 3 2.571428571428571
919 16.8 3 0.4285714285714285
920 16.8 3 0.8571428571428571
921 16.8 3 1.285714285714286
922 16.8 3 1.714285714285714
923 16.8 3 2.142857142857143
924 16.8 3 2.571428571428571
925 16.4 3 0.4285714285714285
926 16.4 3 0.8571428571428571
927 16.4 3 1.285714285714286
928 16.4 3 1.714285714285714
929 16.4 3 2.142857142857143
930 16.4 3 2.571428571428571
931 15.99999999999999 3 0.4285714285714285
932 15.99999999999999 3 0.8571428571428571
933 15.99999999999999 3 1.285714285714286
934 15.99999999999999 3 1.714285714285714
935 15.99999999999999 3 2.142857142857143
936 15.99999999999999 3 2.571428571428571
937 15.59999999999999 3 0.4285714285714285
938 15.59999999999999 3 0.8571428571428571
939 15.59999999999999 3 1.285714285714286
940 15.59999999999999 3 1.714285714285714
941 15.59999999999999 3 2.142857142857143
942 15.59999999999999 3 2.571428571428571
943 15.19999999999999 3 0.4285714285714285
944 15.19999999999999 3 0.8571428571428571
945 15.19999999999999 3 1.285714285714286
946 15.19999999999999 3 1.714285714285714
947 15.19999999999999 3 2.142857142857143
948 15.19999999999999 3 2.571428571428571
949 14.79999999999999 3 0.4285714285714285
950 14.79999999999999 3 0.8571428571428571
951 14.79999999999999 3 1.285714285714286
952 14.79999999999999 3 1.714285714285714
953 14.79999999999999 3 2.142857142857143
954 14.79999999999999 3 2.571428571428571
955 14.39999999999999 3 0.4285714285714285
956 14.39999999999999 3 0.8571428571428571
957 14.39999999999999 3 1.285714285714286
958 14.39999999999999 3 1.714285714285714
959 14.39999999999999 3 2.142857142857143
960 14.39999999999999 3 2.571428571428571
961 13.99999999999999 3 0.4285714285714285
962 13.99999999999999 3 0.8571428571428571
963 13.99999999999999 3 1.285714285714286
964 13.99999999999999 3 1.714285714285714
965 13.99999999999999 3 2.142857142857143
966 13.99999999999999 3 2.571428571428571
967 13.59999999999999 3 0.4285714285714285
968 13.59999999999999 3 0.8571428571428571
969 13.59999999999999 3 1.285714285714286
970 13.59999999999999 3 1.714285714285714
971 13.59999999999999 3 2.142857142857143
972 13.59999999999999 3 2.571428571428571
973 13.19999999999999 3 0.4285714285714285
974 13.19999999999999 3 0.8571428571428571
975 13.19999999999999 3 1.285714285714286
976 13.19999999999999 3 1.714285714285714
977 13.19999999999999 3 2.142857142857143
978 13.19999999999999 3 2.571428571428571
979 12.79999999999999 3 0.4285714285714285
980 12.79999999999999 3 0.8571428571428571
981 12.79999999999999 3 1.285714285714286
982 12.79999999999999 3 1.714285714285714
983 12.79999999999999 3 2.142857142857143
984 12.79999999999999 3 2.571428571428571
985 12.39999999999999 3 0.4285714285714285
986 12.39999999999999 3 0.8571428571428571
987 12.39999999999999 3 1.285714285714286
988 12.39999999999999 3 1.714285714285714
989 12.39999999999999 3 2.142857142857143
990 12.39999999999999 3 2.571428571428571
991 11.99999999999999 3 0.4285714285714285
992 11.99999999999999 3 0.8571428571428571
993 11.99999999999999 3 1.285714285714286
994 11.99999999999999 3 1.714285714285714
995 11.99999999999999 3 2.142857142857143
996 11.99999999999999 3 2.571428571428571
997 11.59999999999999 3 0.4285714285714285
998 11.59999999999999 3 0.8571428571428571
999 11.59999999999999 3 1.285714285714286
1000 11.59999999999999 3 1.714285714285714
1001 11.59999999999999 3 2.142857142857143
1002 11.59999999999999 3 2.571428571428571
1003 11.19999999999999 3 0.4285714285714285
1004 11.19999999999999 3 0.8571428571428571
1005 11.19999999999999 3 1.285714285714286
1006 11.19999999999999 3 1.714285714285714
1007 11.19999999999999 3 2.142857142857143
1008 11.19999999999999 3 2.571428571428571
1009 10.79999999999999 3 0.4285714285714285
1010 10.79999999999999 3 0.8571428571428571
1011 10.79999999999999 3 1.285714285714286
1012 10.79999999999999 3 1.714285714285714
1013 10.79999999999999 3 2.142857142857143
1014 10.79999999999999 3 2.571428571428571
1015 10.39999999999999 3 0.4285714285714285
1016 10.39999999999999 3 0.8571428571428571
1017 10.39999999999999 3 1.285714285714286
1018 10.39999999999999 3 1.714285714285714
1019 10.39999999999999 3 2.142857142857143
1020 10.39999999999999 3 2.571428571428571
1021 9.999999999999993 3 0.4285714285714285
1022 9.999999999999993 3 0.8571428571428571
1023 9.999999999999993 3 1.285714285714286
1024 9.999999999999993 3 1.714285714285714
1025 9.999999999999993 3 2.142857142857143
1026 9.999999999999993 3 2.571428571428571
1027 9.599999999999993 3 0.4285714285714285
1028 9.599999999999993 3 0.8571428571428571
1029 9.599999999999993 3 1.285714285714286
1030 9.599999999999993 3 1.714285714285714
1031 9.599999999999993 3 2.142857142857143
1032 9.599999999999993 3 2.571428571428571
1033 9.199999999999996 3 0.4285714285714285
1034 9.199999999999996 3 0.8571428571428571
1035 9.199999999999996 3 1.285714285714286
1036 9.199999999999996 3 1.714285714285714
1037 9.199999999999996 3 2.142857142857143
1038 9.199999999999996 3 2.571428571428571
1039 8.799999999999994 3 0.4285714285714285
1040 8.799999999999994 3 0.8571428571428571
1041 8.799999999999994 3 1.285714285714286
1042 8.799999999999994 3 1.714285714285714
1043 8.799999999999994 3 2.142857142857143
1044 8.799999999999994 3 2.571428571428571
1045 8.399999999999995 3 0.4285714285714285
1046 8.399999999999995 3 0.8571428571428571
1047 8.399999999999995 3 1.285714285714286
1048 8.399999999999995 3 1.714285714285714
1049 8.399999999999995 3 2.142857142857143
1050 8.399999999999995 3 2.571428571428571
1051 7.999999999999993 3 0.4285714285714285
1052 7.999999999999993 3 0.8571428571428571
1053 7.999999999999993 3 1.285714285714286
1054 7.999999999999993 3 1.714285714285714
1055 7.999999999999993 3 2.142857142857143
1056 7.999999999999993 3 2.571428571428571
1057 7.599999999999996 3 0.4285714285714285
1058 7.599999999999996 3 0.8571428571428571
1059 7.599999999999996 3 1.285714285714286
1060 7.599999999999996 3 1.714285714285714
1061 7.599999999999996 3 2.142857142857143
1062 7.599999999999996 3 2.571428571428571
1063 7.199999999999996 3 0.4285714285714285
1064 7.199999999999996 3 0.8571428571428571
1065 7.199999999999996 3 1.285714285714286
1066 7.199999999999996 3 1.714285714285714
1067 7.199999999999996 3 2.142857142857143
1068 7.199999999999996 3 2.571428571428571
1069 6.799999999999995 3 0.4285714285714285
1070 6.799999999999995 3 0.8571428571428571
1071 6.799999999999995 3 1.285714285714286
1072 6.799999999999995 3 1.714285714285714
1073 6.799999999999995 3 2.142857142857143
1074 6.799999999999995 3 2.571428571428571
1075 6.399999999999997 3 0.4285714285714285
1076 6.399999999999997 3 0.8571428571428571
1077 6.399999999999997 3 1.285714285714286
1078 6.399999999999997 3 1.714285714285714
1079 6.399999999999997 3 2.142857142857143
1080 6.399999999999997 3 2.571428571428571
1081 5.999999999999996 3 0.4285714285714285
1082 5.999999999999996 3 0.8571428571428571
1083 5.999999999999996 3 1.285714285714286
1084 5.999999999999996 3 1.714285714285714
1085 5.999999999999996 3 2.142857142857143
1086 5.999999999999996 3 2.571428571428571
1087 5.599999999999996 3 0.4285714285714285
1088 5.599999999999996 3 0.8571428571428571
1089 5.599999999999996 3 1.285714285714286
1090 5.599999999999996 3 1.714285714285714
1091 5.599999999999996 3 2.142857142857143
1092 5.599999999999996 3 2.571428571428571
1093 5.199999999999996 3 0.4285714285714285
1094 5.199999999999996 3 0.8571428571428571
1095 5.199999999999996 3 1.285714285714286
1096 5.199999999999996 3 1.714285714285714
1097 5.199999999999996 3 2.142857142857143
1098 5.199999999999996 3 2.571428571428571
1099 4.799999999999997 3 0.4285714285714285
1100 4.799999999999997 3 0.8571428571428571
1101 4.799999999999997 3 1.285714285714286
1102 4.799999999999997 3 1.714285714285714
1103 4.799999999999997 3 2.142857142857143
1104 4.799999999999997 3 2.571428571428571
1105 4.399999999999997 3 0.4285714285714285
1106 4.399999999999997 3 0.8571428571428571
1107 4.399999999999997 3 1.285714285714286
1108 4.399999999999997 3 1.714285714285714
1109 4.399999999999997 3 2.142857142857143
1110 4.399999999999997 3 2.571428571428571
1111 3.999999999999996 3 0.4285714285714285
1112 3.999999999999996 3 0.8571428571428571
1113 3.999999999999996 3 1.285714285714286
1114 3.999999999999996 3 1.714285714285714
1115 3.999999999999996 3 2.142857142857143
1116 3.999999999999996 3 2.571428571428571
1117 3.599999999999998 3 0.4285714285714285
1118 3.599999999999998 3 0.8571428571428571
1119 3.599999999999998 3 1.285714285714286
1120 3.599999999999998 3 1.714285714285714
1121 3.599999999999998 3 2.142857142857143
1122 3.599999999999998 3 2.571428571428571
1123 3.199999999999999 3 0.4285714285714285
1124 3.199999999999999 3 0.8571428571428571
1125 3.199999999999999 3 1.285714285714286
1126 3.199999999999999 3 1.714285714285714
1127 3.199999999999999 3 2.142857142857143
1128 3.199999999999999 3 2.571428571428571
1129 2.799999999999997 3 0.4285714285714285
1130 2.799999999999997 3 0.8571428571428571
1131 2.799999999999997 3 1.285714285714286
1132 2.799999999999997 3 1.714285714285714
1133 2.799999999999997 3 2.142857142857143
1134 2.799999999999997 3 2.571428571428571
1135 2.399999999999999 3 0.4285714285714285
1136 2.399999999999999 3 0.8571428571428571
1137 2.399999999999999 3 1.285714285714286
1138 2.399999999999999 3 1.714285714285714
1139 2.399999999999999 3 2.142857142857143
1140 2.399999999999999 3 2.571428571428571
1141 2 3 0.4285714285714285
1142 2 3 0.8571428571428571
1143 2 3 1.285714285714286
1144 2 3 1.714285714285714
1145 2 3 2.142857142857143
1146 2 3 2.571428571428571
1147 1.599999999999998 3 0.4285714285714285
1148 1.599999999999998 3 0.8571428571428571
1149 1.599999999999998 3 1.285714285714286
1150 1.599999999999998 3 1.714285714285714
1151 1.599999999999998 3 2.142857142857143
1152 1.599999999999998 3 2.571428571428571
1153 1.199999999999999 3 0.4285714285714285
1154 1.199999999999999 3 0.8571428571428571
1155 1.199999999999999 3 1.285714285714286
1156 1.199999999999999 3 1.714285714285714
1157 1.199999999999999 3 2.142857142857143
1158 1.199999999999999 3 2.571428571428571
1159 0.8000000000000007 3 0.4285714285714285
1160 0.8000000000000007 3 0.8571428571428571
1161 0.8000000000000007 3 1.285714285714286
1162 0.8000000000000007 3 1.714285714285714
1163 0.8000000000000007 3 2.142857142857143
1164 0.8000000000000007 3 2.571428571428571
1165 0.3999999999999986 3 0.4285714285714285
1166 0.3999999999999986 3 0.8571428571428571
1167 0.3999999999999986 3 1.285714285714286
1168 0.3999999999999986 3 1.714285714285714
1169 0.3999999999999986 3 2.142857142857143
1170 0.3999999999999986 3 2.571428571428571
1171 0 2.571428571430938 0.4285714285714285
1172 0 2.571428571430938 0.8571428571428571
1173 0 2.571428571430938 1.285714285714286
1174 0 2.571428571430938 1.714285714285714
1175 0 2.571428571430938 2.142857142857143
1176 0 2.571428571430938 2.571428571428571
1177 0 2.142857142859423 0.4285714285714285
1178 0 2.142857142859423 0.8571428571428571
1179 0 2.142857142859423 1.285714285714286
1180 0 2.142857142859423 1.714285714285714
1181 0 2.142857142859423 2.142857142857143
1182 0 2.142857142859423 2.571428571428571
1183 0 1.714285714288935 0.4285714285714285
1184 0 1.714285714288935 0.8571428571428571
1185 0 1.714285714288935 1.285714285714286
1186 0 1.714285714288935 1.714285714285714
1187 0 1.714285714288935 2.142857142857143
1188 0 1.714285714288935 2.571428571428571
1189 0 1.28571428571789 0.4285714285714285
1190 0 1.28571428571789 0.8571428571428571
1191 0 1.28571428571789 1.285714285714286
1192 0 1.28571428571789 1.714285714285714
1193 0 1.28571428571789 2.142857142857143
1194 0 1.28571428571789 2.571428571428571
1195 0 0.8571428571452602 0.4285714285714285
1196 0 0.8571428571452602 0.8571428571428571
1197 0 0.8571428571452602 1.285714285714286
1198 0 0.8571428571452602 1.714285714285714
1199 0 0.8571428571452602 2.142857142857143
1200 0 0.8571428571452602 2.571428571428571
1201 0 0.4285714285726301 0.4285714285714285
1202 0 0.4285714285726301 0.8571428571428571
1203 0 0.4285714285726301 1.285714285714286
1204 0 0.4285714285726301 1.714285714285714
1205 0 0.4285714285726301 2.142857142857143
1206 0 0.4285714285726301 2.571428571428571
1207 0.399999999999753 0.4285714285725701 3
1208 0.3999999999997938 0.8571428571451425 3
1209 0.3999999999998348 1.285714285717718 3
1210 0.3999999999998757 1.714285714288772 3
1211 0.3999999999999167 2.14285714285931 3
1212 0.3999999999999577 2.571428571430857 3
1213 0.7999999999994305 0.4285714285725101 3
1214 0.7999999999995258 0.8571428571450251 3
1215 0.7999999999996207 1.285714285717546 3
1216 0.7999999999997156 1.714285714288609 3
1217 0.7999999999998108 2.1428571428592 3
1218 0.7999999999999058 2.571428571430777 3
1219 1.199999999999088 0.4285714285724501 3
1220 1.19999999999924 0.8571428571449079 3
1221 1.199999999999392 1.285714285717374 3
1222 1.199999999999544 1.714285714288446 3
1223 1.199999999999695 2.142857142859088 3
1224 1.199999999999847 2.571428571430697 3
1225 1.599999999998848 0.4285714285723901 3
1226 1.59999999999904 0.8571428571447905 3
1227 1.599999999999231 1.285714285717202 3
1228 1.599999999999423 1.714285714288282 3
1229 1.599999999999615 2.142857142858976 3
1230 1.599999999999806 2.571428571430616 3
1231 1.99999999999861 0.4285714285723301 3
1232 1.999999999998841 0.8571428571446731 3
1233 1.999999999999073 1.28571428571703 3
1234 1.999999999999305 1.714285714288119 3
1235 1.999999999999536 2.142857142858865 3
1236 1.999999999999768 2.571428571430535 3
1237 2.399999999998343 0.42857142857227 3
1238 2.399999999998619 0.8571428571445557 3
1239 2.399999999998895 1.285714285716858 3
1240 2.399999999999171 1.714285714287956 3
1241 2.399999999999446 2.142857142858754 3
1242 2.399999999999722 2.571428571430456 3
1243 2.79999999999756 0.4285714285722101 3
1244 2.799999999997966 0.8571428571444385 3
1245 2.799999999998372 1.285714285716686 3
1246 2.799999999998779 1.714285714287793 3
1247 2.799999999999184 2.142857142858643 3
1248 2.79999999999959 2.571428571430376 3
1249 3.199999999996558 0.4285714285721501 3
1250 3.199999999997131 0.8571428571443209 3
1251 3.199999999997705 1.285714285716514 3
1252 3.199999999998278 1.71428571428763 3
1253 3.199999999998852 2.142857142858531 3
1254 3.199999999999426 2.571428571430296 3
1255 3.599999999995556 0.4285714285720902 3
1256 3.599999999996296 0.8571428571442036 3
1257 3.599999999997038 1.285714285716342 3
1258 3.599999999997777 1.714285714287467 3
1259 3.599999999998519 2.142857142858419 3
1260 3.599999999999258 2.571428571430215 3
1261 3.999999999994555 0.4285714285720301 3
1262 3.999999999995462 0.8571428571440863 3
1263 3.999999999996369 1.28571428571617 3
1264 3.999999999997275 1.714285714287304 3
1265 3.999999999998182 2.142857142858308 3
1266 3.999999999999089 2.571428571430134 3
1267 4.399999999993554 0.42857142857197 3
1268 4.399999999994626 0.8571428571439689 3
1269 4.399999999995702 1.285714285715998 3
1270 4.399999999996774 1.714285714287141 3
1271 4.399999999997847 2.142857142858197 3
1272 4.399999999998924 2.571428571430054 3
1273 4.799999999992551 0.4285714285719102 3
1274 4.799999999993792 0.8571428571438514 3
1275 4.799999999995034 1.285714285715826 3
1276 4.799999999996274 1.714285714286978 3
1277 4.799999999997516 2.142857142858085 3
1278 4.799999999998757 2.571428571429974 3
1279 5.199999999991554 0.4285714285718502 3
1280 5.19999999999296 0.8571428571437342 3
1281 5.199999999994367 1.285714285715654 3
1282 5.199999999995773 1.714285714286814 3
1283 5.199999999997182 2.142857142857974 3
1284 5.199999999998589 2.571428571429894 3
1285 5.599999999990548 0.4285714285717902 3
1286 5.599999999992123 0.8571428571436168 3
1287 5.599999999993699 1.285714285715482 3
1288 5.599999999995272 1.714285714286652 3
1289 5.599999999996847 2.142857142857863 3
1290 5.599999999998422 2.571428571429814 3
1291 5.999999999989547 0.4285714285717303 3
1292 5.99999999999129 0.8571428571434994 3
1293 5.99999999999303 1.285714285715311 3
1294 5.999999999994771 1.714285714286488 3
1295 5.999999999996514 2.142857142857751 3
1296 5.999999999998255 2.571428571429734 3
1297 6.399999999988547 0.4285714285716701 3
1298 6.399999999990453 0.857142857143382 3
1299 6.399999999992364 1.285714285715138 3
1300 6.399999999994273 1.714285714286325 3
1301 6.399999999996179 2.142857142857639 3
1302 6.399999999998088 2.571428571429653 3
1303 6.799999999987546 0.4285714285716102 3
1304 6.799999999989621 0.8571428571432645 3
1305 6.799999999991694 1.285714285714966 3
1306 6.799999999993769 1.714285714286162 3
1307 6.799999999995846 2.142857142857528 3
1308 6.799999999997919 2.571428571429573 3
1309 7.199999999986546 0.4285714285715501 3
1310 7.199999999988785 0.8571428571431473 3
1311 7.19999999999103 1.285714285714795 3
1312 7.19999999999327 1.714285714285999 3
1313 7.199999999995511 2.142857142857417 3
1314 7.199999999997756 2.571428571429493 3
1315 7.599999999985541 0.4285714285714902 3
1316 7.599999999987951 0.8571428571430297 3
1317 7.599999999990359 1.285714285714622 3
1318 7.599999999992768 1.714285714285836 3
1319 7.599999999995178 2.142857142857305 3
1320 7.599999999997586 2.571428571429413 3
1321 7.999999999984602 0.4285714285714303 3
1322 7.999999999987166 0.8571428571429126 3
1323 7.999999999989731 1.285714285714451 3
1324 7.999999999992294 1.714285714285672 3
1325 7.999999999994863 2.142857142857194 3
1326 7.999999999997429 2.571428571429333 3
1327 8.399999999984885 0.4285714285713703 3
1328 8.399999999987404 0.8571428571427951 3
1329 8.399999999989921 1.285714285714278 3
1330 8.399999999992442 1.714285714285509 3
1331 8.399999999994957 2.142857142857083 3
1332 8.399999999997476 2.571428571429252 3
1333 8.799999999985406 0.4285714285713104 3
1334 8.799999999987834 0.8571428571426779 3
1335 8.799999999990266 1.285714285714107 3
1336 8.7999999999927 1.714285714285346 3
1337 8.79999999999513 2.142857142856971 3
1338 8.79999999999756 2.571428571429172 3
1339 9.199999999985925 0.4285714285712502 3
1340 9.199999999988268 0.8571428571425604 3
1341 9.199999999990617 1.285714285713935 3
1342 9.199999999992963 1.714285714285183 3
1343 9.199999999995306 2.142857142856859 3
1344 9.199999999997653 2.571428571429091 3
1345 9.599999999986448 0.4285714285711902 3
1346 9.599999999988704 0.8571428571424432 3
1347 9.599999999990962 1.285714285713762 3
1348 9.599999999993219 1.71428571428502 3
1349 9.599999999995479 2.142857142856748 3
1350 9.599999999997735 2.571428571429011 3
1351 9.999999999986965 0.4285714285711303 3
1352 9.999999999989139 0.8571428571423257 3
1353 9.999999999991312 1.285714285713591 3
1354 9.999999999993481 1.714285714284857 3
1355 9.999999999995651 2.142857142856637 3
1356 9.999999999997822 2.571428571428931 3
1357 10.39999999998749 0.4285714285710704 3
1358 10.39999999998957 0.8571428571422083 3
1359 10.39999999999166 1.285714285713419 3
1360 10.39999999999374 1.714285714284694 3
1361 10.39999999999583 2.142857142856526 3
1362 10.39999999999791 2.571428571428851 3
1363 10.79999999998801 0.4285714285710104 3
1364 10.79999999999001 0.857142857142091 3
1365 10.799999999992 1.285714285713247 3
1366 10.799999999994 1.714285714284531 3
1367 10.799999999996 2.142857142856414 3
1368 10.799999999998 2.571428571428771 3
1369 11.19999999998853 0.4285714285709505 3
1370 11.19999999999044 0.8571428571419736 3
1371 11.19999999999235 1.285714285713075 3
1372 11.19999999999426 1.714285714284368 3
1373 11.19999999999617 2.142857142856303 3
1374 11.19999999999808 2.571428571428691 3
1375 11.59999999998906 0.4285714285708905 3
1376 11.59999999999087 0.8571428571418563 3
1377 11.5999999999927 1.285714285712902 3
1378 11.59999999999452 1.714285714284205 3
1379 11.59999999999634 2.142857142856192 3
1380 11.59999999999817 2.571428571428611 3
1381 11.99999999998958 0.4285714285708304 3
1382 11.99999999999131 0.8571428571417388 3
1383 11.99999999999305 1.285714285712731 3
1384 11.99999999999478 1.714285714284041 3
1385 11.99999999999652 2.14285714285608 3
1386 11.99999999999826 2.57142857142853 3
1387 12.3999999999901 0.4285714285707704 3
1388 12.39999999999174 0.8571428571416215 3
1389 12.3999999999934 1.285714285712559 3
1390 12.39999999999504 1.714285714283878 3
1391 12.39999999999669 2.142857142855969 3
1392 12.39999999999834 2.57142857142845 3
1393 12.79999999999061 0.4285714285707104 3
1394 12.79999999999218 0.8571428571415041 3
1395 12.79999999999374 1.285714285712387 3
1396 12.7999999999953 1.714285714283715 3
1397 12.79999999999687 2.142857142855858 3
1398 12.79999999999843 2.57142857142837 3
1399 13.19999999999114 0.4285714285706505 3
1400 13.19999999999261 0.8571428571413867 3
1401 13.19999999999409 1.285714285712215 3
1402 13.19999999999556 1.714285714283552 3
1403 13.19999999999704 2.142857142855746 3
1404 13.19999999999852 2.57142857142829 3
1405 13.59999999999166 0.4285714285705905 3
1406 13.59999999999305 0.8571428571412695 3
1407 13.59999999999443 1.285714285712043 3
1408 13.59999999999582 1.714285714283389 3
1409 13.59999999999721 2.142857142855635 3
1410 13.5999999999986 2.57142857142821 3
1411 13.99999999999218 0.4285714285705306 3
1412 13.99999999999348 0.8571428571411522 3
1413 13.99999999999478 1.285714285711871 3
1414 13.99999999999608 1.714285714283226 3
1415 13.99999999999738 2.142857142855524 3
1416 13.99999999999869 2.571428571428129 3
1417 14.3999999999927 0.4285714285704706 3
1418 14.39999999999392 0.8571428571410346 3
1419 14.39999999999513 1.285714285711699 3
1420 14.39999999999635 1.714285714283063 3
1421 14.39999999999756 2.142857142855412 3
1422 14.39999999999878 2.571428571428048 3
1423 14.79999999999322 0.4285714285704105 3
1424 14.79999999999435 0.8571428571409173 3
1425 14.79999999999548 1.285714285711527 3
1426 14.79999999999661 1.7142857142829 3
1427 14.79999999999774 2.1428571428553 3
1428 14.79999999999886 2.571428571427969 3
1429 15.19999999999374 0.4285714285703505 3
1430 15.19999999999478 0.8571428571407999 3
1431 15.19999999999582 1.285714285711355 3
1432 15.19999999999687 1.714285714282737 3
1433 15.19999999999791 2.142857142855189 3
1434 15.19999999999895 2.571428571427889 3
1435 15.59999999999426 0.4285714285702905 3
1436 15.59999999999522 0.8571428571406825 3
1437 15.59999999999617 1.285714285711183 3
1438 15.59999999999713 1.714285714282573 3
1439 15.59999999999808 2.142857142855078 3
1440 15.59999999999904 2.571428571427809 3
1441 15.99999999999479 0.4285714285702306 3
1442 15.99999999999566 0.857142857140565 3
1443 15.99999999999653 1.285714285711011 3
1444 15.99999999999739 1.71428571428241 3
1445 15.99999999999826 2.142857142854966 3
1446 15.99999999999913 2.571428571427728 3
1447 16.39999999999531 0.4285714285701706 3
1448 16.39999999999609 0.8571428571404479 3
1449 16.39999999999687 1.285714285710839 3
1450 16.39999999999765 1.714285714282247 3
1451 16.39999999999844 2.142857142854855 3
1452 16.39999999999922 2.571428571427648 3
1453 16.79999999999583 0.4285714285701107 3
1454 16.79999999999653 0.8571428571403303 3
1455 16.79999999999722 1.285714285710667 3
1456 16.79999999999792 1.714285714282084 3
1457 16.79999999999861 2.142857142854744 3
1458 16.7999999999993 2.571428571427567 3
1459 17.19999999999635 0.4285714285700506 3
1460 17.19999999999695 0.857142857140213 3
1461 17.19999999999756 1.285714285710496 3
1462 17.19999999999817 1.714285714281921 3
1463 17.19999999999878 2.142857142854632 3
1464 17.19999999999939 2.571428571427487 3
1465 17.59999999999687 0.4285714285699906 3
1466 17.59999999999739 0.8571428571400957 3
1467 17.59999999999791 1.285714285710323 3
1468 17.59999999999844 1.714285714281758 3
1469 17.59999999999896 2.14285714285452 3
1470 17.59999999999948 2.571428571427407 3
1471 17.99999999999739 0.4285714285699306 3
1472 17.99999999999783 0.8571428571399786 3
1473 17.99999999999826 1.285714285710151 3
1474 17.99999999999869 1.714285714281595 3
1475 17.99999999999913 2.142857142854409 3
1476 17.99999999999956 2.571428571427327 3
1477 18.39999999999791 0.4285714285698706 3
1478 18.39999999999826 0.857142857139861 3
1479 18.39999999999861 1.28571428570998 3
1480 18.39999999999895 1.714285714281431 3
1481 18.39999999999931 2.142857142854298 3
1482 18.39999999999965 2.571428571427247 3
1483 18.79999999999844 0.4285714285698107 3
1484 18.79999999999869 0.8571428571397436 3
1485 18.79999999999896 1.285714285709807 3
1486 18.79999999999922 1.714285714281268 3
1487 18.79999999999948 2.142857142854186 3
1488 18.79999999999974 2.571428571427167 3
1489 19.19999999999895 0.4285714285697507 3
1490 19.19999999999913 0.8571428571396262 3
1491 19.19999999999931 1.285714285709636 3
1492 19.19999999999948 1.714285714281105 3
1493 19.19999999999965 2.142857142854074 3
1494 19.19999999999983 2.571428571427086 3
1495 19.59999999999948 0.4285714285696908 3
1496 19.59999999999956 0.8571428571395088 3
1497 19.59999999999965 1.285714285709463 3
1498 19.59999999999974 1.714285714280942 3
1499 19.59999999999982 2.142857142853964 3
1500 19.59999999999991 2.571428571427006 3
1501 0.399999999999753 0.4285714285725701 0.4285714285714285
1502 0.399999999999753 0.4285714285725701 0.8571428571428571
1503 0.399999999999753 0.4285714285725701 1.285714285714286
1504 0.399999999999753 0.4285714285725701 1.714285714285714
1505 0.399999999999753 0.4285714285725701 2.142857142857143
1506 0.399999999999753 0.4285714285725701 2.571428571428571
1507 0.3999999999997938 0.8571428571451425 0.4285714285714285
1508 0.3999999999997938 0.8571428571451425 0.8571428571428571
1509 0.3999999999997938 0.8571428571451425 1.285714285714286
1510 0.3999999999997938 0.8571428571451425 1.714285714285714
1511 0.3999999999997938 0.8571428571451425 2.142857142857143
1512 0.3999999999997938 0.8571428571451425 2.571428571428571
1513 0.3999999999998348 1.285714285717718 0.4285714285714285
1514 0.3999999999998348 1.285714285717718 0.8571428571428571
1515 0.3999999999998348 1.285714285717718 1.285714285714286
1516 0.3999999999998348 1.285714285717718 1.714285714285714
1517 0.3999999999998348 1.285714285717718 2.142857142857143
1518 0.3999999999998348 1.285714285717718 2.571428571428571
1519 0.3999999999998757 1.714285714288772 0.4285714285714285
1520 0.3999999999998757 1.714285714288772 0.8571428571428571
1521 0.3999999999998757 1.714285714288772 1.285714285714286
1522 0.3999999999998757 1.714285714288772 1.714285714285714
1523 0.3999999999998757 1.714285714288772 2.142857142857143
1524 0.3999999999998757 1.714285714288772 2.571428571428571
1525 0.3999999999999167 2.14285714285931 0.4285714285714285
1526 0.3999999999999167 2.14285714285931 0.8571428571428571
1527 0.3999999999999167 2.14285714285931 1.285714285714286
1528 0.3999999999999167 2.14285714285931 1.714285714285714
1529 0.3999999999999167 2.14285714285931 2.142857142857143
1530 0.3999999999999167 2.14285714285931 2.571428571428571
1531 0.3999999999999577 2.571428571430857 0.4285714285714285
1532 0.3999999999999577 2.571428571430857 0.8571428571428571
1533 0.3999999999999577 2.571428571430857 1.285714285714286
1534 0.3999999999999577 2.571428571430857 1.714285714285714
1535 0.3999999999999577 2.571428571430857 2.142857142857143
1536 0.3999999999999577 2.571428571430857 2.571428571428571
1537 0.7999999999994305 0.4285714285725101 0.4285714285714285
1538 0.7999999999994305 0.4285714285725101 0.8571428571428571
1539 0.7999999999994305 0.4285714285725101 1.285714285714286
1540 0.7999999999994305 0.4285714285725101 1.714285714285714
1541 0.7999999999994305 0.4285714285725101 2.142857142857143
1542 0.7999999999994305 0.4285714285725101 2.571428571428571
1543 0.7999999999995258 0.8571428571450251 0.4285714285714285
1544 0.7999999999995258 0.8571428571450251 0.8571428571428571
1545 0.7999999999995258 0.8571428571450251 1.285714285714286
1546 0.7999999999995258 0.8571428571450251 1.714285714285714
1547 0.7999999999995258 0.8571428571450251 2.142857142857143
1548 0.7999999999995258 0.8571428571450251 2.571428571428571
1549 0.7999999999996207 1.285714285717546 0.4285714285714285
1550 0.7999999999996207 1.285714285717546 0.8571428571428571
1551 0.7999999999996207 1.285714285717546 1.285714285714286
1552 0.7999999999996207 1.285714285717546 1.714285714285714
1553 0.7999999999996207 1.285714285717546 2.142857142857143
1554 0.7999999999996207 1.285714285717546 2.571428571428571
1555 0.7999999999997156 1.714285714288609 0.4285714285714285
1556 0.7999999999997156 1.714285714288609 0.8571428571428571
1557 0.7999999999997156 1.714285714288609 1.285714285714286
1558 0.7999999999997156 1.714285714288609 1.714285714285714
1559 0.7999999999997156 1.714285714288609 2.142857142857143
1560 0.7999999999997156 1.714285714288609 2.571428571428571
1561 0.7999999999998108 2.1428571428592 0.4285714285714285
1562 0.7999999999998108 2.1428571428592 0.8571428571428571
1563 0.7999999999998108 2.1428571428592 1.285714285714286
1564 0.7999999999998108 2.1428571428592 1.714285714285714
1565 0.7999999999998108 2.1428571428592 2.142857142857143
1566 0.7999999999998108 2.1428571428592 2.571428571428571
1567 0.7999999999999058 2.571428571430777 0.4285714285714285
1568 0.7999999999999058 2.571428571430777 0.8571428571428571
1569 0.7999999999999058 2.571428571430777 1.285714285714286
1570 0.7999999999999058 2.571428571430777 1.714285714285714
1571 0.7999999999999058 2.571428571430777 2.142857142857143
1572 0.7999999999999058 2.571428571430777 2.571428571428571
1573 1.199999999999088 0.4285714285724501 0.4285714285714285
1574 1.199999999999088 0.4285714285724501 0.8571428571428571
1575 1.199999999999088 0.4285714285724501 1.285714285714286
1576 1.199999999999088 0.4285714285724501 1.714285714285714
1577 1.199999999999088 0.4285714285724501 2.142857142857143
1578 1.199999999999088 0.4285714285724501 2.571428571428571
1579 1.19999999999924 0.8571428571449079 0.4285714285714285
1580 1.19999999999924 0.8571428571449079 0.8571428571428571
1581 1.19999999999924 0.8571428571449079 1.285714285714286
1582 1.19999999999924 0.8571428571449079 1.714285714285714
1583 1.19999999999924 0.8571428571449079 2.142857142857143
1584 1.19999999999924 0.8571428571449079 2.571428571428571
1585 1.199999999999392 1.285714285717374 0.4285714285714285
1586 1.199999999999392 1.285714285717374 0.8571428571428571
1587 1.199999999999392 1.285714285717374 1.285714285714286
1588 1.199999999999392 1.285714285717374 1.714285714285714
1589 1.199999999999392 1.285714285717374 2.142857142857143
1590 1.199999999999392 1.285714285717374 2.571428571428571
1591 1.199999999999544 1.714285714288446 0.4285714285714285
1592 1.199999999999544 1.714285714288446 0.8571428571428571
1593 1.199999999999544 1.714285714288446 1.285714285714286
1594 1.199999999999544 1.714285714288446 1.714285714285714
1595 1.199999999999544 1.714285714288446 2.142857142857143
1596 1.199999999999544 1.714285714288446 2.571428571428571
1597 1.199999999999695 2.142857142859088 0.4285714285714285
1598 1.199999999999695 2.142857142859088 0.8571428571428571
1599 1.199999999999695 2.142857142859088 1.285714285714286
1600 1.199999999999695 2.142857142859088 1.714285714285714
1601 1.199999999999695 2.142857142859088 2.142857142857143
1602 1.199999999999695 2.142857142859088 2.571428571428571
1603 1.199999999999847 2.571428571430697 0.4285714285714285
1604 1.199999999999847 2.571428571430697 0.8571428571428571
1605 1.199999999999847 2.571428571430697 1.285714285714286
1606 1.199999999999847 2.571428571430697 1.714285714285714
1607 1.199999999999847 2.571428571430697 2.142857142857143
1608 1.199999999999847 2.571428571430697 2.571428571428571
1609 1.599999999998848 0.4285714285723901 0.4285714285714285
1610 1.599999999998848 0.4285714285723901 0.8571428571428571
1611 1.599999999998848 0.4285714285723901 1.285714285714286
1612 1.599999999998848 0.4285714285723901 1.714285714285714
1613 1.599999999998848 0.4285714285723901 2.142857142857143
1614 1.599999999998848 0.4285714285723901 2.571428571428571
1615 1.59999999999904 0.8571428571447905 0.4285714285714285
1616 1.59999999999904 0.8571428571447905 0.8571428571428571
1617 1.59999999999904 0.8571428571447905 1.285714285714286
1618 1.59999999999904 0.8571428571447905 1.714285714285714
1619 1.59999999999904 0.8571428571447905 2.142857142857143
1620 1.59999999999904 0.8571428571447905 2.571428571428571
1621 1.599999999999231 1.285714285717202 0.4285714285714285
1622 1.599999999999231 1.285714285717202 0.8571428571428571
1623 1.599999999999231 1.285714285717202 1.285714285714286
1624 1.599999999999231 1.285714285717202 1.714285714285714
1625 1.599999999999231 1.285714285717202 2.142857142857143
1626 1.599999999999231 1.285714285717202 2.571428571428571
1627 1.599999999999423 1.714285714288282 0.4285714285714285
1628 1.599999999999423 1.714285714288282 0.8571428571428571
1629 1.599999999999423 1.714285714288282 1.285714285714286
1630 1.599999999999423 1.714285714288282 1.714285714285714
1631 1.599999999999423 1.714285714288282 2.142857142857143
1632 1.599999999999423 1.714285714288282 2.571428571428571
1633 1.599999999999615 2.142857142858976 0.4285714285714285
1634 1.599999999999615 2.142857142858976 0.8571428571428571
1635 1.599999999999615 2.142857142858976 1.285714285714286
1636 1.599999999999615 2.142857142858976 1.714285714285714
1637 1.599999999999615 2.142857142858976 2.142857142857143
1638 1.599999999999615 2.142857142858976 2.571428571428571
1639 1.599999999999806 2.571428571430616 0.4285714285714285
1640 1.599999999999806 2.571428571430616 0.8571428571428571
1641 1.599999999999806 2.571428571430616 1.285714285714286
1642 1.599999999999806 2.571428571430616 1.714285714285714
1643 1.599999999999806 2.571428571430616 2.142857142857143
1644 1.599999999999806 2.571428571430616 2.571428571428571
1645 1.99999999999861 0.4285714285723301 0.4285714285714285
1646 1.99999999999861 0.4285714285723301 0.8571428571428571
1647 1.99999999999861 0.4285714285723301 1.285714285714286
1648 1.99999999999861 0.4285714285723301 1.714285714285714
1649 1.99999999999861 0.4285714285723301 2.142857142857143
1650 1.99999999999861 0.4285714285723301 2.571428571428571
1651 1.999999999998841 0.8571428571446731 0.4285714285714285
1652 1.999999999998841 0.8571428571446731 0.8571428571428571
1653 1.999999999998841 0.8571428571446731 1.285714285714286
1654 1.999999999998841 0.8571428571446731 1.714285714285714
1655 1.999999999998841 0.8571428571446731 2.142857142857143
1656 1.999999999998841 0.8571428571446731 2.571428571428571
1657 1.999999999999073 1.28571428571703 0.4285714285714285
1658 1.999999999999073 1.28571428571703 0.8571428571428571
1659 1.999999999999073 1.28571428571703 1.285714285714286
1660 1.999999999999073 1.28571428571703 1.714285714285714
1661 1.999999999999073 1.28571428571703 2.142857142857143
1662 1.999999999999073 1.28571428571703 2.571428571428571
1663 1.999999999999305 1.714285714288119 0.4285714285714285
1664 1.999999999999305 1.714285714288119 0.8571428571428571
1665 1.999999999999305 1.714285714288119 1.285714285714286
1666 1.999999999999305 1.714285714288119 1.714285714285714
1667 1.999999999999305 1.714285714288119 2.142857142857143
1668 1.999999999999305 1.714285714288119 2.571428571428571
1669 1.999999999999536 2.142857142858865 0.4285714285714285
1670 1.999999999999536 2.142857142858865 0.8571428571428571
1671 1.999999999999536 2.142857142858865 1.285714285714286
1672 1.999999999999536 2.142857142858865 1.714285714285714
1673 1.999999999999536 2.142857142858865 2.142857142857143
1674 1.999999999999536 2.142857142858865 2.571428571428571
1675 1.999999999999768 2.571428571430535 0.4285714285714285
1676 1.999999999999768 2.571428571430535 0.8571428571428571
1677 1.999999999999768 2.571428571430535 1.285714285714286
1678 1.999999999999768 2.571428571430535 1.714285714285714
1679 1.999999999999768 2.571428571430535 2.142857142857143
1680 1.999999999999768 2.571428571430535 2.571428571428571
1681 2.399999999998343 0.42857142857227 0.4285714285714285
1682 2.399999999998343 0.42857142857227 0.8571428571428571
1683 2.399999999998343 0.42857142857227 1.285714285714286
1684 2.399999999998343 0.42857142857227 1.714285714285714
1685 2.399999999998343 0.42857142857227 2.142857142857143
1686 2.399999999998343 0.42857142857227 2.571428571428571
1687 2.399999999998619 0.8571428571445557 0.4285714285714285
1688 2.399999999998619 0.8571428571445557 0.8571428571428571
1689 2.399999999998619 0.8571428571445557 1.285714285714286
1690 2.399999999998619 0.8571428571445557 1.714285714285714
1691 2.399999999998619 0.8571428571445557 2.142857142857143
1692 2.399999999998619 0.8571428571445557 2.571428571428571
1693 2.399999999998895 1.285714285716858 0.4285714285714285
1694 2.399999999998895 1.285714285716858 0.8571428571428571
1695 2.399999999998895 1.285714285716858 1.285714285714286
1696 2.399999999998895 1.285714285716858 1.714285714285714
1697 2.399999999998895 1.285714285716858 2.142857142857143
1698 2.399999999998895 1.285714285716858 2.571428571428571
1699 2.399999999999171 1.714285714287956 0.4285714285714285
1700 2.399999999999171 1.714285714287956 0.8571428571428571
1701 2.399999999999171 1.714285714287956 1.285714285714286
1702 2.399999999999171 1.714285714287956 1.714285714285714
1703 2.399999999999171 1.714285714287956 2.142857142857143
1704 2.399999999999171 1.714285714287956 2.571428571428571
1705 2.399999999999446 2.142857142858754 0.4285714285714285
1706 2.399999999999446 2.142857142858754 0.8571428571428571
1707 2.399999999999446 2.142857142858754 1.285714285714286
1708 2.399999999999446 2.142857142858754 1.714285714285714
1709 2.399999999999446 2.142857142858754 2.142857142857143
1710 2.399999999999446 2.142857142858754 2.571428571428571
1711 2.399999999999722 2.571428571430456 0.4285714285714285
1712 2.399999999999722 2.571428571430456 0.8571428571428571
1713 2.399999999999722 2.571428571430456 1.285714285714286
1714 2.399999999999722 2.571428571430456 1.714285714285714
1715 2.399999999999722 2.571428571430456 2.142857142857143
1716 2.399999999999722 2.571428571430456 2.571428571428571
1717 2.79999999999756 0.4285714285722101 0.4285714285714285
1718 2.79999999999756 0.4285714285722101 0.8571428571428571
1719 2.79999999999756 0.4285714285722101 1.285714285714286
1720 2.79999999999756 0.4285714285722101 1.714285714285714
1721 2.79999999999756 0.4285714285722101 2.142857142857143
1722 2.79999999999756 0.4285714285722101 2.571428571428571
1723 2.799999999997966 0.8571428571444385 0.4285714285714285
1724 2.799999999997966 0.8571428571444385 0.8571428571428571
1725 2.799999999997966 0.8571428571444385 1.285714285714286
1726 2.799999999997966 0.8571428571444385 1.714285714285714
1727 2.799999999997966 0.8571428571444385 2.142857142857143
1728 2.799999999997966 0.8571428571444385 2.571428571428571
1729 2.799999999998372 1.285714285716686 0.4285714285714285
1730 2.799999999998372 1.285714285716686 0.8571428571428571
1731 2.799999999998372 1.285714285716686 1.285714285714286
1732 2.799999999998372 1.285714285716686 1.714285714285714
1733 2.799999999998372 1.285714285716686 2.142857142857143
1734 2.799999999998372 1.285714285716686 2.571428571428571
1735 2.799999999998779 1.714285714287793 0.4285714285714285
1736 2.799999999998779 1.714285714287793 0.8571428571428571
1737 2.799999999998779 1.714285714287793 1.285714285714286
1738 2.799999999998779 1.714285714287793 1.714285714285714
1739 2.799999999998779 1.714285714287793 2.142857142857143
1740 2.799999999998779 1.714285714287793 2.571428571428571
1741 2.799999999999184 2.142857142858643 0.4285714285714285
1742 2.799999999999184 2.142857142858643 0.8571428571428571
1743 2.799999999999184 2.142857142858643 1.285714285714286
1744 2.799999999999184 2.142857142858643 1.714285714285714
1745 2.799999999999184 2.142857142858643 2.142857142857143
1746 2.799999999999184 2.142857142858643 2.571428571428571
1747 2.79999999999959 2.571428571430376 0.4285714285714285
1748 2.79999999999959 2.571428571430376 0.8571428571428571
1749 2.79999999999959 2.571428571430376 1.285714285714286
1750 2.79999999999959 2.571428571430376 1.714285714285714
1751 2.79999999999959 2.571428571430376 2.142857142857143
1752 2.79999999999959 2.571428571430376 2.571428571428571
1753 3.199999999996558 0.4285714285721501 0.4285714285714285
1754 3.199999999996558 0.4285714285721501 0.8571428571428571
1755 3.199999999996558 0.4285714285721501 1.285714285714286
1756 3.199999999996558 0.4285714285721501 1.714285714285714
1757 3.199999999996558 0.4285714285721501 2.142857142857143
1758 3.199999999996558 0.4285714285721501 2.571428571428571
1759 3.199999999997131 0.8571428571443209 0.4285714285714285
1760 3.199999999997131 0.8571428571443209 0.8571428571428571
1761 3.199999999997131 0.8571428571443209 1.285714285714286
1762 3.199999999997131 0.8571428571443209 1.714285714285714
1763 3.199999999997131 0.8571428571443209 2.142857142857143
1764 3.199999999997131 0.8571428571443209 2.571428571428571
1765 3.199999999997705 1.285714285716514 0.4285714285714285
1766 3.199999999997705 1.285714285716514 0.8571428571428571
1767 3.199999999997705 1.285714285716514 1.285714285714286
1768 3.199999999997705 1.285714285716514 1.714285714285714
1769 3.199999999997705 1.285714285716514 2.142857142857143
1770 3.199999999997705 1.285714285716514 2.571428571428571
1771 3.199999999998278 1.71428571428763 0.4285714285714285
1772 3.199999999998278 1.71428571428763 0.8571428571428571
1773 3.199999999998278 1.71428571428763 1.285714285714286
1774 3.199999999998278 1.71428571428763 1.714285714285714
1775 3.199999999998278 1.71428571428763 2.142857142857143
1776 3.199999999998278 1.71428571428763 2.571428571428571
1777 3.199999999998852 2.142857142858531 0.4285714285714285
1778 3.199999999998852 2.142857142858531 0.8571428571428571
1779 3.199999999998852 2.142857142858531 1.285714285714286
1780 3.199999999998852 2.142857142858531 1.714285714285714
1781 3.199999999998852 2.142857142858531 2.142857142857143
1782 3.199999999998852 2.142857142858531 2.571428571428571
1783 3.199999999999426 2.571428571430296 0.4285714285714285
1784 3.199999999999426 2.571428571430296 0.8571428571428571
1785 3.199999999999426 2.571428571430296 1.285714285714286
1786 3.199999999999426 2.571428571430296 1.714285714285714
1787 3.199999999999426 2.571428571430296 2.142857142857143
1788 3.199999999999426 2.571428571430296 2.571428571428571
1789 3.599999999995556 0.4285714285720902 0.4285714285714285
1790 3.599999999995556 0.4285714285720902 0.8571428571428571
1791 3.599999999995556 0.4285714285720902 1.285714285714286
1792 3.599999999995556 0.4285714285720902 1.714285714285714
1793 3.599999999995556 0.4285714285720902 2.142857142857143
1794 3.599999999995556 0.4285714285720902 2.571428571428571
1795 3.599999999996296 0.8571428571442036 0.4285714285714285
1796 3.599999999996296 0.8571428571442036 0.8571428571428571
1797 3.599999999996296 0.8571428571442036 1.285714285714286
1798 3.599999999996296 0.8571428571442036 1.714285714285714
1799 3.599999999996296 0.8571428571442036 2.142857142857143
1800 3.599999999996296 0.8571428571442036 2.571428571428571
1801 3.599999999997038 1.285714285716342 0.4285714285714285
1802 3.599999999997038 1.285714285716342 0.8571428571428571
1803 3.599999999997038 1.285714285716342 1.285714285714286
1804 3.599999999997038 1.285714285716342 1.714285714285714
1805 3.599999999997038 1.285714285716342 2.142857142857143
1806 3.599999999997038 1.285714285716342 2.571428571428571
1807 3.599999999997777 1.714285714287467 0.4285714285714285
1808 3.599999999997777 1.714285714287467 0.8571428571428571
1809 3.599999999997777 1.714285714287467 1.285714285714286
1810 3.599999999997777 1.714285714287467 1.714285714285714
1811 3.599999999997777 1.714285714287467 2.142857142857143
1812 3.599999999997777 1.714285714287467 2.571428571428571
1813 3.599999999998519 2.142857142858419 0.4285714285714285
1814 3.599999999998519 2.142857142858419 0.8571428571428571
1815 3.599999999998519 2.142857142858419 1.285714285714286
1816 3.599999999998519 2.142857142858419 1.714285714285714
1817 3.599999999998519 2.142857142858419 2.142857142857143
1818 3.599999999998519 2.142857142858419 2.571428571428571
1819 3.599999999999258 2.571428571430215 0.4285714285714285
1820 3.599999999999258 2.571428571430215 0.8571428571428571
1821 3.599999999999258 2.571428571430215 1.285714285714286
1822 3.599999999999258 2.571428571430215 1.714285714285714
1823 3.599999999999258 2.571428571430215 2.142857142857143
1824 3.599999999999258 2.571428571430215 2.571428571428571
1825 3.999999999994555 0.4285714285720301 0.4285714285714285
1826 3.999999999994555 0.4285714285720301 0.8571428571428571
1827 3.999999999994555 0.4285714285720301 1.285714285714286
1828 3.999999999994555 0.4285714285720301 1.714285714285714
1829 3.999999999994555 0.4285714285720301 2.142857142857143
1830 3.999999999994555 0.4285714285720301 2.571428571428571
1831 3.999999999995462 0.8571428571440863 0.4285714285714285
1832 3.999999999995462 0.8571428571440863 0.8571428571428571
1833 3.999999999995462 0.8571428571440863 1.285714285714286
1834 3.999999999995462 0.8571428571440863 1.714285714285714
1835 3.999999999995462 0.8571428571440863 2.142857142857143
1836 3.999999999995462 0.8571428571440863 2.571428571428571
1837 3.999999999996369 1.28571428571617 0.4285714285714285
1838 3.999999999996369 1.28571428571617 0.8571428571428571
1839 3.999999999996369 1.28571428571617 1.285714285714286
1840 3.999999999996369 1.28571428571617 1.714285714285714
1841 3.999999999996369 1.28571428571617 2.142857142857143
1842 3.999999999996369 1.28571428571617 2.571428571428571
1843 3.999999999997275 1.714285714287304 0.4285714285714285
1844 3.999999999997275 1.714285714287304 0.8571428571428571
1845 3.999999999997275 1.714285714287304 1.285714285714286
1846 3.999999999997275 1.714285714287304 1.714285714285714
1847 3.999999999997275 1.714285714287304 2.142857142857143
1848 3.999999999997275 1.714285714287304 2.571428571428571
1849 3.999999999998182 2.142857142858308 0.4285714285714285
1850 3.999999999998182 2.142857142858308 0.8571428571428571
1851 3.999999999998182 2.142857142858308 1.285714285714286
1852 3.999999999998182 2.142857142858308 1.714285714285714
1853 3.999999999998182 2.142857142858308 2.142857142857143
1854 3.999999999998182 2.142857142858308 2.571428571428571
1855 3.999999999999089 2.571428571430134 0.4285714285714285
1856 3.999999999999089 2.571428571430134 0.8571428571428571
1857 3.999999999999089 2.571428571430134 1.285714285714286
1858 3.999999999999089 2.571428571430134 1.714285714285714
1859 3.999999999999089 2.571428571430134 2.142857142857143
1860 3.999999999999089 2.571428571430134 2.571428571428571
1861 4.399999999993554 0.42857142857197 0.4285714285714285
1862 4.399999999993554 0.42857142857197 0.8571428571428571
1863 4.399999999993554 0.42857142857197 1.285714285714286
1864 4.399999999993554 0.42857142857197 1.714285714285714
1865 4.399999999993554 0.42857142857197 2.142857142857143
1866 4.399999999993554 0.42857142857197 2.571428571428571
1867 4.399999999994626 0.8571428571439689 0.4285714285714285
1868 4.399999999994626 0.8571428571439689 0.8571428571428571
1869 4.399999999994626 0.8571428571439689 1.285714285714286
1870 4.399999999994626 0.8571428571439689 1.714285714285714
1871 4.399999999994626 0.8571428571439689 2.142857142857143
1872 4.399999999994626 0.8571428571439689 2.571428571428571
1873 4.399999999995702 1.285714285715998 0.4285714285714285
1874 4.399999999995702 1.285714285715998 0.8571428571428571
1875 4.399999999995702 1.285714285715998 1.285714285714286
1876 4.399999999995702 1.285714285715998 1.714285714285714
1877 4.399999999995702 1.285714285715998 2.142857142857143
1878 4.399999999995702 1.285714285715998 2.571428571428571
1879 4.399999999996774 1.714285714287141 0.4285714285714285
1880 4.399999999996774 1.714285714287141 0.8571428571428571
1881 4.399999999996774 1.714285714287141 1.285714285714286
1882 4.399999999996774 1.714285714287141 1.714285714285714
1883 4.399999999996774 1.714285714287141 2.142857142857143
1884 4.399999999996774 1.714285714287141 2.571428571428571
1885 4.399999999997847 2.142857142858197 0.4285714285714285
1886 4.399999999997847 2.142857142858197 0.8571428571428571
1887 4.399999999997847 2.142857142858197 1.285714285714286
1888 4.399999999997847 2.142857142858197 1.714285714285714
1889 4.399999999997847 2.142857142858197 2.142857142857143
1890 4.399999999997847 2.142857142858197 2.571428571428571
1891 4.399999999998924 2.571428571430054 0.4285714285714285
1892 4.399999999998924 2.571428571430054 0.8571428571428571
1893 4.399999999998924 2.571428571430054 1.285714285714286
1894 4.399999999998924 2.571428571430054 1.714285714285714
1895 4.399999999998924 2.571428571430054 2.142857142857143
1896 4.399999999998924 2.571428571430054 2.571428571428571
1897 4.799999999992551 0.4285714285719102 0.4285714285714285
1898 4.799999999992551 0.4285714285719102 0.8571428571428571
1899 4.799999999992551 0.4285714285719102 1.285714285714286
1900 4.799999999992551 0.4285714285719102 1.714285714285714
1901 4.799999999992551 0.4285714285719102 2.142857142857143
1902 4.799999999992551 0.4285714285719102 2.571428571428571
1903 4.799999999993792 0.8571428571438514 0.4285714285714285
1904 4.799999999993792 0.8571428571438514 0.8571428571428571
1905 4.799999999993792 0.8571428571438514 1.285714285714286
1906 4.799999999993792 0.8571428571438514 1.714285714285714
1907 4.799999999993792 0.8571428571438514 2.142857142857143
1908 4.799999999993792 0.8571428571438514 2.571428571428571
1909 4.799999999995034 1.285714285715826 0.4285714285714285
1910 4.799999999995034 1.285714285715826 0.8571428571428571
1911 4.799999999995034 1.285714285715826 1.285714285714286
1912 4.799999999995034 1.285714285715826 1.714285714285714
1913 4.799999999995034 1.285714285715826 2.142857142857143
1914 4.799999999995034 1.285714285715826 2.571428571428571
1915 4.799999999996274 1.714285714286978 0.4285714285714285
1916 4.799999999996274 1.714285714286978 0.8571428571428571
1917 4.799999999996274 1.714285714286978 1.285714285714286
1918 4.799999999996274 1.714285714286978 1.714285714285714
1919 4.799999999996274 1.714285714286978 2.142857142857143
1920 4.799999999996274 1.714285714286978 2.571428571428571
1921 4.799999999997516 2.142857142858085 0.4285714285714285
1922 4.799999999997516 2.142857142858085 0.8571428571428571
1923 4.799999999997516 2.142857142858085 1.285714285714286
1924 4.799999999997516 2.142857142858085 1.714285714285714
1925 4.799999999997516 2.142857142858085 2.142857142857143
1926 4.799999999997516 2.142857142858085 2.571428571428571
1927 4.799999999998757 2.571428571429974 0.4285714285714285
1928 4.799999999998757 2.571428571429974 0.8571428571428571
1929 4.799999999998757 2.571428571429974 1.285714285714286
1930 4.799999999998757 2.571428571429974 1.714285714285714
1931 4.799999999998757 2.571428571429974 2.142857142857143
1932 4.799999999998757 2.571428571429974 2.571428571428571
1933 5.199999999991554 0.4285714285718502 0.4285714285714285
1934 5.199999999991554 0.4285714285718502 0.8571428571428571
1935 5.199999999991554 0.4285714285718502 1.285714285714286
1936 5.199999999991554 0.4285714285718502 1.714285714285714
1937 5.199999999991554 0.4285714285718502 2.142857142857143
1938 5.199999999991554 0.4285714285718502 2.571428571428571
1939 5.19999999999296 0.8571428571437342 0.4285714285714285
1940 5.19999999999296 0.8571428571437342 0.8571428571428571
1941 5.19999999999296 0.8571428571437342 1.285714285714286
1942 5.19999999999296 0.8571428571437342 1.714285714285714
1943 5.19999999999296 0.8571428571437342 2.142857142857143
1944 5.19999999999296 0.8571428571437342 2.571428571428571
1945 5.199999999994367 1.285714285715654 0.4285714285714285
1946 5.199999999994367 1.285714285715654 0.8571428571428571
1947 5.199999999994367 1.285714285715654 1.285714285714286
1948 5.199999999994367 1.285714285715654 1.714285714285714
1949 5.199999999994367 1.285714285715654 2.142857142857143
1950 5.199999999994367 1.285714285715654 2.571428571428571
1951 5.199999999995773 1.714285714286814 0.4285714285714285
1952 5.199999999995773 1.714285714286814 0.8571428571428571
1953 5.199999999995773 1.714285714286814 1.285714285714286
1954 5.199999999995773 1.714285714286814 1.714285714285714
1955 5.199999999995773 1.714285714286814 2.142857142857143
1956 5.199999999995773 1.714285714286814 2.571428571428571
1957 5.199999999997182 2.142857142857974 0.4285714285714285
1958 5.199999999997182 2.142857142857974 0.8571428571428571
1959 5.199999999997182 2.142857142857974 1.285714285714286
1960 5.199999999997182 2.142857142857974 1.714285714285714
1961 5.199999999997182 2.142857142857974 2.142857142857143
1962 5.199999999997182 2.142857142857974 2.571428571428571
1963 5.199999999998589 2.571428571429894 0.4285714285714285
1964 5.199999999998589 2.571428571429894 0.8571428571428571
1965 5.199999999998589 2.571428571429894 1.285714285714286
1966 5.199999999998589 2.571428571429894 1.714285714285714
1967 5.199999999998589 2.571428571429894 2.142857142857143
1968 5.199999999998589 2.571428571429894 2.571428571428571
1969 5.599999999990548 0.4285714285717902 0.4285714285714285
1970 5.599999999990548 0.4285714285717902 0.8571428571428571
1971 5.599999999990548 0.4285714285717902 1.285714285714286
1972 5.599999999990548 0.4285714285717902 1.714285714285714
1973 5.599999999990548 0.4285714285717902 2.142857142857143
1974 5.599999999990548 0.4285714285717902 2.571428571428571
1975 5.599999999992123 0.8571428571436168 0.4285714285714285
1976 5.599999999992123 0.8571428571436168 0.8571428571428571
1977 5.599999999992123 0.8571428571436168 1.285714285714286
1978 5.599999999992123 0.8571428571436168 1.714285714285714
1979 5.599999999992123 0.8571428571436168 2.142857142857143
1980 5.599999999992123 0.8571428571436168 2.571428571428571
1981 5.599999999993699 1.285714285715482 0.4285714285714285
1982 5.599999999993699 1.285714285715482 0.8571428571428571
1983 5.599999999993699 1.285714285715482 1.285714285714286
1984 5.599999999993699 1.285714285715482 1.714285714285714
1985 5.599999999993699 1.285714285715482 2.142857142857143
1986 5.599999999993699 1.285714285715482 2.571428571428571
1987 5.599999999995272 1.714285714286652 0.4285714285714285
1988 5.599999999995272 1.714285714286652 0.8571428571428571
1989 5.599999999995272 1.714285714286652 1.285714285714286
1990 5.599999999995272 1.714285714286652 1.714285714285714
1991 5.599999999995272 1.714285714286652 2.142857142857143
1992 5.599999999995272 1.714285714286652 2.571428571428571
1993 5.599999999996847 2.142857142857863 0.4285714285714285
1994 5.599999999996847 2.142857142857863 0.8571428571428571
1995 5.599999999996847 2.142857142857863 1.285714285714286
1996 5.599999999996847 2.142857142857863 1.714285714285714
1997 5.599999999996847 2.142857142857863 2.142857142857143
1998 5.599999999996847 2.142857142857863 2.571428571428571
1999 5.599999999998422 2.571428571429814 0.4285714285714285
2000 5.599999999998422 2.571428571429814 0.8571428571428571
2001 5.599999999998422 2.571428571429814 1.285714285714286
2002 5.599999999998422 2.571428571429814 1.714285714285714
2003 5.599999999998422 2.571428571429814 2.142857142857143
2004 5.599999999998422 2.571428571429814 2.571428571428571
2005 5.999999999989547 0.4285714285717303 0.4285714285714285
2006 5.999999999989547 0.4285714285717303 0.8571428571428571
2007 5.999999999989547 0.4285714285717303 1.285714285714286
2008 5.999999999989547 0.4285714285717303 1.714285714285714
2009 5.999999999989547 0.4285714285717303 2.142857142857143
2010 5.999999999989547 0.4285714285717303 2.571428571428571
2011 5.99999999999129 0.8571428571434994 0.4285714285714285
2012 5.99999999999129 0.8571428571434994 0.8571428571428571
2013 5.99999999999129 0.8571428571434994 1.285714285714286
2014 5.99999999999129 0.8571428571434994 1.714285714285714
2015 5.99999999999129 0.8571428571434994 2.142857142857143
2016 5.99999999999129 0.8571428571434994 2.571428571428571
2017 5.99999999999303 1.285714285715311 0.4285714285714285
2018 5.99999999999303 1.285714285715311 0.8571428571428571
2019 5.99999999999303 1.285714285715311 1.285714285714286
2020 5.99999999999303 1.285714285715311 1.714285714285714
2021 5.99999999999303 1.285714285715311 2.142857142857143
2022 5.99999999999303 1.285714285715311 2.571428571428571
2023 5.999999999994771 1.714285714286488 0.4285714285714285
2024 5.999999999994771 1.714285714286488 0.8571428571428571
2025 5.999999999994771 1.714285714286488 1.285714285714286
2026 5.999999999994771 1.714285714286488 1.714285714285714
2027 5.999999999994771 1.714285714286488 2.142857142857143
2028 5.999999999994771 1.714285714286488 2.571428571428571
2029 5.999999999996514 2.142857142857751 0.4285714285714285
2030 5.999999999996514 2.142857142857751 0.8571428571428571
2031 5.999999999996514 2.142857142857751 1.285714285714286
2032 5.999999999996514 2.142857142857751 1.714285714285714
2033 5.999999999996514 2.142857142857751 2.142857142857143
2034 5.999999999996514 2.142857142857751 2.571428571428571
2035 5.999999999998255 2.571428571429734 0.4285714285714285
2036 5.999999999998255 2.571428571429734 0.8571428571428571
2037 5.999999999998255 2.571428571429734 1.285714285714286
2038 5.999999999998255 2.571428571429734 1.714285714285714
2039 5.999999999998255 2.571428571429734 2.142857142857143
2040 5.999999999998255 2.571428571429734 2.571428571428571
2041 6.399999999988547 0.4285714285716701 0.4285714285714285
2042 6.399999999988547 0.4285714285716701 0.8571428571428571
2043 6.399999999988547 0.4285714285716701 1.285714285714286
2044 6.399999999988547 0.4285714285716701 1.714285714285714
2045 6.399999999988547 0.4285714285716701 2.142857142857143
2046 6.399999999988547 0.4285714285716701 2.571428571428571
2047 6.399999999990453 0.857142857143382 0.4285714285714285
2048 6.399999999990453 0.857142857143382 0.8571428571428571
2049 6.399999999990453 0.857142857143382 1.285714285714286
2050 6.399999999990453 0.857142857143382 1.714285714285714
2051 6.399999999990453 0.857142857143382 2.142857142857143
2052 6.399999999990453 0.857142857143382 2.571428571428571
2053 6.399999999992364 1.285714285715138 0.4285714285714285
2054 6.399999999992364 1.285714285715138 0.8571428571428571
2055 6.399999999992364 1.285714285715138 1.285714285714286
2056 6.399999999992364 1.285714285715138 1.714285714285714
2057 6.399999999992364 1.285714285715138 2.142857142857143
2058 6.399999999992364 1.285714285715138 2.571428571428571
2059 6.399999999994273 1.714285714286325 0.4285714285714285
2060 6.399999999994273 1.714285714286325 0.8571428571428571
2061 6.399999999994273 1.714285714286325 1.285714285714286
2062 6.399999999994273 1.714285714286325 1.714285714285714
2063 6.399999999994273 1.714285714286325 2.142857142857143
2064 6.399999999994273 1.714285714286325 2.571428571428571
2065 6.399999999996179 2.142857142857639 0.4285714285714285
2066 6.399999999996179 2.142857142857639 0.8571428571428571
2067 6.399999999996179 2.142857142857639 1.285714285714286
2068 6.399999999996179 2.142857142857639 1.714285714285714
2069 6.399999999996179 2.142857142857639 2.142857142857143
2070 6.399999999996179 2.142857142857639 2.571428571428571
2071 6.399999999998088 2.571428571429653 0.4285714285714285
2072 6.399999999998088 2.571428571429653 0.8571428571428571
2073 6.399999999998088 2.571428571429653 1.285714285714286
2074 6.399999999998088 2.571428571429653 1.714285714285714
2075 6.399999999998088 2.571428571429653 2.142857142857143
2076 6.399999999998088 2.571428571429653 2.571428571428571
2077 6.799999999987546 0.4285714285716102 0.4285714285714285
2078 6.799999999987546 0.4285714285716102 0.8571428571428571
2079 6.799999999987546 0.4285714285716102 1.285714285714286
2080 6.799999999987546 0.4285714285716102 1.714285714285714
2081 6.799999999987546 0.4285714285716102 2.142857142857143
2082 6.799999999987546 0.4285714285716102 2.571428571428571
2083 6.799999999989621 0.8571428571432645 0.4285714285714285
2084 6.799999999989621 0.8571428571432645 0.8571428571428571
2085 6.799999999989621 0.8571428571432645 1.285714285714286
2086 6.799999999989621 0.8571428571432645 1.714285714285714
2087 6.799999999989621 0.8571428571432645 2.142857142857143
2088 6.799999999989621 0.8571428571432645 2.571428571428571
2089 6.799999999991694 1.285714285714966 0.4285714285714285
2090 6.799999999991694 1.285714285714966 0.8571428571428571
2091 6.799999999991694 1.285714285714966 1.285714285714286
2092 6.799999999991694 1.285714285714966 1.714285714285714
2093 6.799999999991694 1.285714285714966 2.142857142857143
2094 6.799999999991694 1.285714285714966 2.571428571428571
2095 6.799999999993769 1.714285714286162 0.4285714285714285
2096 6.799999999993769 1.714285714286162 0.8571428571428571
2097 6.799999999993769 1.714285714286162 1.285714285714286
2098 6.799999999993769 1.714285714286162 1.714285714285714
2099 6.799999999993769 1.714285714286162 2.142857142857143
2100 6.799999999993769 1.714285714286162 2.571428571428571
2101 6.799999999995846 2.142857142857528 0.4285714285714285
2102 6.799999999995846 2.142857142857528 0.8571428571428571
2103 6.799999999995846 2.142857142857528 1.285714285714286
2104 6.799999999995846 2.142857142857528 1.714285714285714
2105 6.799999999995846 2.142857142857528 2.142857142857143
2106 6.799999999995846 2.142857142857528 2.571428571428571
2107 6.799999999997919 2.571428571429573 0.4285714285714285
2108 6.799999999997919 2.571428571429573 0.8571428571428571
2109 6.799999999997919 2.571428571429573 1.285714285714286
2110 6.799999999997919 2.571428571429573 1.714285714285714
2111 6.799999999997919 2.571428571429573 2.142857142857143
2112 6.799999999997919 2.571428571429573 2.571428571428571
2113 7.199999999986546 0.4285714285715501 0.4285714285714285
2114 7.199999999986546 0.4285714285715501 0.8571428571428571
2115 7.199999999986546 0.4285714285715501 1.285714285714286
2116 7.199999999986546 0.4285714285715501 1.714285714285714
2117 7.199999999986546 0.4285714285715501 2.142857142857143
2118 7.199999999986546 0.4285714285715501 2.571428571428571
2119 7.199999999988785 0.8571428571431473 0.4285714285714285
2120 7.199999999988785 0.8571428571431473 0.8571428571428571
2121 7.199999999988785 0.8571428571431473 1.285714285714286
2122 7.199999999988785 0.8571428571431473 1.714285714285714
2123 7.199999999988785 0.8571428571431473 2.142857142857143
2124 7.199999999988785 0.8571428571431473 2.571428571428571
2125 7.19999999999103 1.285714285714795 0.4285714285714285
2126 7.19999999999103 1.285714285714795 0.8571428571428571
2127 7.19999999999103 1.285714285714795 1.285714285714286
2128 7.19999999999103 1.285714285714795 1.714285714285714
2129 7.19999999999103 1.285714285714795 2.142857142857143
2130 7.19999999999103 1.285714285714795 2.571428571428571
2131 7.19999999999327 1.714285714285999 0.4285714285714285
2132 7.19999999999327 1.714285714285999 0.8571428571428571
2133 7.19999999999327 1.714285714285999 1.285714285714286
2134 7.19999999999327 1.714285714285999 1.714285714285714
2135 7.19999999999327 1.714285714285999 2.142857142857143
2136 7.19999999999327 1.714285714285999 2.571428571428571
2137 7.199999999995511 2.142857142857417 0.4285714285714285
2138 7.199999999995511 2.142857142857417 0.8571428571428571
2139 7.199999999995511 2.142857142857417 1.285714285714286
2140 7.199999999995511 2.142857142857417 1.714285714285714
2141 7.199999999995511 2.142857142857417 2.142857142857143
2142 7.199999999995511 2.142857142857417 2.571428571428571
2143 7.199999999997756 2.571428571429493 0.4285714285714285
2144 7.199999999997756 2.571428571429493 0.8571428571428571
2145 7.199999999997756 2.571428571429493 1.285714285714286
2146 7.199999999997756 2.571428571429493 1.714285714285714
2147 7.199999999997756 2.571428571429493 2.142857142857143
2148 7.199999999997756 2.571428571429493 2.571428571428571
2149 7.599999999985541 0.4285714285714902 0.4285714285714285
2150 7.599999999985541 0.4285714285714902 0.8571428571428571
2151 7.599999999985541 0.4285714285714902 1.285714285714286
2152 7.599999999985541 0.4285714285714902 1.714285714285714
2153 7.599999999985541 0.4285714285714902 2.142857142857143
2154 7.599999999985541 0.4285714285714902 2.571428571428571
2155 7.599999999987951 0.8571428571430297 0.4285714285714285
2156 7.599999999987951 0.8571428571430297 0.8571428571428571
2157 7.599999999987951 0.8571428571430297 1.285714285714286
2158 7.599999999987951 0.8571428571430297 1.714285714285714
2159 7.599999999987951 0.8571428571430297 2.142857142857143
2160 7.599999999987951 0.8571428571430297 2.571428571428571
2161 7.599999999990359 1.285714285714622 0.4285714285714285
2162 7.599999999990359 1.285714285714622 0.8571428571428571
2163 7.599999999990359 1.285714285714622 1.285714285714286
2164 7.599999999990359 1.285714285714622 1.714285714285714
2165 7.599999999990359 1.285714285714622 2.142857142857143
2166 7.599999999990359 1.285714285714622 2.571428571428571
2167 7.599999999992768 1.714285714285836 0.4285714285714285
2168 7.599999999992768 1.714285714285836 0.8571428571428571
2169 7.599999999992768 1.714285714285836 1.285714285714286
2170 7.599999999992768 1.714285714285836 1.714285714285714
2171 7.599999999992768 1.714285714285836 2.142857142857143
2172 7.599999999992768 1.714285714285836 2.571428571428571
2173 7.599999999995178 2.142857142857305 0.4285714285714285
2174 7.599999999995178 2.142857142857305 0.8571428571428571
2175 7.599999999995178 2.142857142857305 1.285714285714286
2176 7.599999999995178 2.142857142857305 1.714285714285714
2177 7.599999999995178 2.142857142857305 2.142857142857143
2178 7.599999999995178 2.142857142857305 2.571428571428571
2179 7.599999999997586 2.571428571429413 0.4285714285714285
2180 7.599999999997586 2.571428571429413 0.8571428571428571
2181 7.599999999997586 2.571428571429413 1.285714285714286
2182 7.599999999997586 2.571428571429413 1.714285714285714
2183 7.599999999997586 2.571428571429413 2.142857142857143
2184 7.599999999997586 2.571428571429413 2.571428571428571
2185 7.999999999984602 0.4285714285714303 0.4285714285714285
2186 7.999999999984602 0.4285714285714303 0.8571428571428571
2187 7.999999999984602 0.4285714285714303 1.285714285714286
2188 7.999999999984602 0.4285714285714303 1.714285714285714
2189 7.999999999984602 0.4285714285714303 2.142857142857143
2190 7.999999999984602 0.4285714285714303 2.571428571428571
2191 7.999999999987166 0.8571428571429126 0.4285714285714285
2192 7.999999999987166 0.8571428571429126 0.8571428571428571
2193 7.999999999987166 0.8571428571429126 1.285714285714286
2194 7.999999999987166 0.8571428571429126 1.714285714285714
2195 7.999999999987166 0.8571428571429126 2.142857142857143
2196 7.999999999987166 0.8571428571429126 2.571428571428571
2197 7.999999999989731 1.285714285714451 0.4285714285714285
2198 7.999999999989731 1.285714285714451 0.8571428571428571
2199 7.999999999989731 1.285714285714451 1.285714285714286
2200 7.999999999989731 1.285714285714451 1.714285714285714
2201 7.999999999989731 1.285714285714451 2.142857142857143
2202 7.999999999989731 1.285714285714451 2.571428571428571
2203 7.999999999992294 1.714285714285672 0.4285714285714285
2204 7.999999999992294 1.714285714285672 0.8571428571428571
2205 7.999999999992294 1.714285714285672 1.285714285714286
2206 7.999999999992294 1.714285714285672 1.714285714285714
2207 7.999999999992294 1.714285714285672 2.142857142857143
2208 7.999999999992294 1.714285714285672 2.571428571428571
2209 7.999999999994863 2.142857142857194 0.4285714285714285
2210 7.999999999994863 2.142857142857194 0.8571428571428571
2211 7.999999999994863 2.142857142857194 1.285714285714286
2212 7.999999999994863 2.142857142857194 1.714285714285714
2213 7.999999999994863 2.142857142857194 2.142857142857143
2214 7.999999999994863 2.142857142857194 2.571428571428571
2215 7.999999999997429 2.571428571429333 0.4285714285714285
2216 7.999999999997429 2.571428571429333 0.8571428571428571
2217 7.999999999997429 2.571428571429333 1.285714285714286
2218 7.999999999997429 2.571428571429333 1.714285714285714
2219 7.999999999997429 2.571428571429333 2.142857142857143
2220 7.999999999997429 2.571428571429333 2.571428571428571
2221 8.399999999984885 0.4285714285713703 0.4285714285714285
2222 8.399999999984885 0.4285714285713703 0.8571428571428571
2223 8.399999999984885 0.4285714285713703 1.285714285714286
2224 8.399999999984885 0.4285714285713703 1.714285714285714
2225 8.399999999984885 0.4285714285713703 2.142857142857143
2226 8.399999999984885 0.4285714285713703 2.571428571428571
2227 8.399999999987404 0.8571428571427951 0.4285714285714285
2228 8.399999999987404 0.8571428571427951 0.8571428571428571
2229 8.399999999987404 0.8571428571427951 1.285714285714286
2230 8.399999999987404 0.8571428571427951 1.714285714285714
2231 8.399999999987404 0.8571428571427951 2.142857142857143
2232 8.399999999987404 0.8571428571427951 2.571428571428571
2233 8.399999999989921 1.285714285714278 0.4285714285714285
2234 8.399999999989921 1.285714285714278 0.8571428571428571
2235 8.399999999989921 1.285714285714278 1.285714285714286
2236 8.399999999989921 1.285714285714278 1.714285714285714
2237 8.399999999989921 1.285714285714278 2.142857142857143
2238 8.399999999989921 1.285714285714278 2.571428571428571
2239 8.399999999992442 1.714285714285509 0.4285714285714285
2240 8.399999999992442 1.714285714285509 0.8571428571428571
2241 8.399999999992442 1.714285714285509 1.285714285714286
2242 8.399999999992442 1.714285714285509 1.714285714285714
2243 8.399999999992442 1.714285714285509 2.142857142857143
2244 8.399999999992442 1.714285714285509 2.571428571428571
2245 8.399999999994957 2.142857142857083 0.4285714285714285
2246 8.399999999994957 2.142857142857083 0.8571428571428571
2247 8.399999999994957 2.142857142857083 1.285714285714286
2248 8.399999999994957 2.142857142857083 1.714285714285714
2249 8.399999999994957 2.142857142857083 2.142857142857143
2250 8.399999999994957 2.142857142857083 2.571428571428571
2251 8.399999999997476 2.571428571429252 0.4285714285714285
2252 8.399999999997476 2.571428571429252 0.8571428571428571
2253 8.399999999997476 2.571428571429252 1.285714285714286
2254 8.399999999997476 2.571428571429252 1.714285714285714
2255 8.399999999997476 2.571428571429252 2.142857142857143
2256 8.399999999997476 2.571428571429252 2.571428571428571
2257 8.799999999985406 0.4285714285713104 0.4285714285714285
2258 8.799999999985406 0.4285714285713104 0.8571428571428571
2259 8.799999999985406 0.4285714285713104 1.285714285714286
2260 8.799999999985406 0.4285714285713104 1.714285714285714
2261 8.799999999985406 0.4285714285713104 2.142857142857143
2262 8.799999999985406 0.4285714285713104 2.571428571428571
2263 8.799999999987834 0.8571428571426779 0.4285714285714285
2264 8.799999999987834 0.8571428571426779 0.8571428571428571
2265 8.799999999987834 0.8571428571426779 1.285714285714286
2266 8.799999999987834 0.8571428571426779 1.714285714285714
2267 8.799999999987834 0.8571428571426779 2.142857142857143
2268 8.799999999987834 0.8571428571426779 2.571428571428571
2269 8.799999999990266 1.285714285714107 0.4285714285714285
2270 8.799999999990266 1.285714285714107 0.8571428571428571
2271 8.799999999990266 1.285714285714107 1.285714285714286
2272 8.799999999990266 1.285714285714107 1.714285714285714
2273 8.799999999990266 1.285714285714107 2.142857142857143
2274 8.799999999990266 1.285714285714107 2.571428571428571
2275 8.7999999999927 1.714285714285346 0.4285714285714285
2276 8.7999999999927 1.714285714285346 0.8571428571428571
2277 8.7999999999927 1.714285714285346 1.285714285714286
2278 8.7999999999927 1.714285714285346 1.714285714285714
2279 8.7999999999927 1.714285714285346 2.142857142857143
2280 8.7999999999927 1.714285714285346 2.571428571428571
2281 8.79999999999513 2.142857142856971 0.4285714285714285
2282 8.79999999999513 2.142857142856971 0.8571428571428571
2283 8.79999999999513 2.142857142856971 1.285714285714286
2284 8.79999999999513 2.142857142856971 1.714285714285714
2285 8.79999999999513 2.142857142856971 2.142857142857143
2286 8.79999999999513 2.142857142856971 2.571428571428571
2287 8.79999999999756 2.571428571429172 0.4285714285714285
2288 8.79999999999756 2.571428571429172 0.8571428571428571
2289 8.79999999999756 2.571428571429172 1.285714285714286
2290 8.79999999999756 2.571428571429172 1.714285714285714
2291 8.79999999999756 2.571428571429172 2.142857142857143
2292 8.79999999999756 2.571428571429172 2.571428571428571
2293 9.199999999985925 0.4285714285712502 0.4285714285714285
2294 9.199999999985925 0.4285714285712502 0.8571428571428571
2295 9.199999999985925 0.4285714285712502 1.285714285714286
2296 9.199999999985925 0.4285714285712502 1.714285714285714
2297 9.199999999985925 0.4285714285712502 2.142857142857143
2298 9.199999999985925 0.4285714285712502 2.571428571428571
2299 9.199999999988268 0.8571428571425604 0.4285714285714285
2300 9.199999999988268 0.8571428571425604 0.8571428571428571
2301 9.199999999988268 0.8571428571425604 1.285714285714286
2302 9.199999999988268 0.8571428571425604 1.714285714285714
2303 9.199999999988268 0.8571428571425604 2.142857142857143
2304 9.199999999988268 0.8571428571425604 2.571428571428571
2305 9.199999999990617 1.285714285713935 0.4285714285714285
2306 9.199999999990617 1.285714285713935 0.8571428571428571
2307 9.199999999990617 1.285714285713935 1.285714285714286
2308 9.199999999990617 1.285714285713935 1.714285714285714
2309 9.199999999990617 1.285714285713935 2.142857142857143
2310 9.199999999990617 1.285714285713935 2.571428571428571
2311 9.199999999992963 1.714285714285183 0.4285714285714285
2312 9.199999999992963 1.714285714285183 0.8571428571428571
2313 9.199999999992963 1.714285714285183 1.285714285714286
2314 9.199999999992963 1.714285714285183 1.714285714285714
2315 9.199999999992963 1.714285714285183 2.142857142857143
2316 9.199999999992963 1.714285714285183 2.571428571428571
2317 9.199999999995306 2.142857142856859 0.4285714285714285
2318 9.199999999995306 2.142857142856859 0.8571428571428571
2319 9.199999999995306 2.142857142856859 1.285714285714286
2320 9.199999999995306 2.142857142856859 1.714285714285714
2321 9.199999999995306 2.142857142856859 2.142857142857143
2322 9.199999999995306 2.142857142856859 2.571428571428571
2323 9.199999999997653 2.571428571429091 0.4285714285714285
2324 9.199999999997653 2.571428571429091 0.8571428571428571
2325 9.199999999997653 2.571428571429091 1.285714285714286
2326 9.199999999997653 2.571428571429091 1.714285714285714
2327 9.199999999997653 2.571428571429091 2.142857142857143
2328 9.199999999997653 2.571428571429091 2.571428571428571
2329 9.599999999986448 0.4285714285711902 0.4285714285714285
2330 9.599999999986448 0.4285714285711902 0.8571428571428571
2331 9.599999999986448 0.4285714285711902 1.285714285714286
2332 9.599999999986448 0.4285714285711902 1.714285714285714
2333 9.599999999986448 0.4285714285711902 2.142857142857143
2334 9.599999999986448 0.4285714285711902 2.571428571428571
2335 9.599999999988704 0.8571428571424432 0.4285714285714285
2336 9.599999999988704 0.8571428571424432 0.8571428571428571
2337 9.599999999988704 0.8571428571424432 1.285714285714286
2338 9.599999999988704 0.8571428571424432 1.714285714285714
2339 9.599999999988704 0.8571428571424432 2.142857142857143
2340 9.599999999988704 0.8571428571424432 2.571428571428571
2341 9.599999999990962 1.285714285713762 0.4285714285714285
2342 9.599999999990962 1.285714285713762 0.8571428571428571
2343 9.599999999990962 1.285714285713762 1.285714285714286
2344 9.599999999990962 1.285714285713762 1.714285714285714
2345 9.599999999990962 1.285714285713762 2.142857142857143
2346 9.599999999990962 1.285714285713762 2.571428571428571
2347 9.599999999993219 1.71428571428502 0.4285714285714285
2348 9.599999999993219 1.71428571428502 0.8571428571428571
2349 9.599999999993219 1.71428571428502 1.285714285714286
2350 9.599999999993219 1.71428571428502 1.714285714285714
2351 9.599999999993219 1.71428571428502 2.142857142857143
2352 9.599999999993219 1.71428571428502 2.571428571428571
2353 9.599999999995479 2.142857142856748 0.4285714285714285
2354 9.599999999995479 2.142857142856748 0.8571428571428571
2355 9.599999999995479 2.142857142856748 1.285714285714286
2356 9.599999999995479 2.142857142856748 1.714285714285714
2357 9.599999999995479 2.142857142856748 2.142857142857143
2358 9.599999999995479 2.142857142856748 2.571428571428571
2359 9.599999999997735 2.571428571429011 0.4285714285714285
2360 9.599999999997735 2.571428571429011 0.8571428571428571
2361 9.599999999997735 2.571428571429011 1.285714285714286
2362 9.599999999997735 2.571428571429011 1.714285714285714
2363 9.599999999997735 2.571428571429011 2.142857142857143
2364 9.599999999997735 2.571428571429011 2.571428571428571
2365 9.999999999986965 0.4285714285711303 0.4285714285714285
2366 9.999999999986965 0.4285714285711303 0.8571428571428571
2367 9.999999999986965 0.4285714285711303 1.285714285714286
2368 9.999999999986965 0.4285714285711303 1.714285714285714
2369 9.999999999986965 0.4285714285711303 2.142857142857143
2370 9.999999999986965 0.4285714285711303 2.571428571428571
2371 9.999999999989139 0.8571428571423257 0.4285714285714285
2372 9.999999999989139 0.8571428571423257 0.8571428571428571
2373 9.999999999989139 0.8571428571423257 1.285714285714286
2374 9.999999999989139 0.8571428571423257 1.714285714285714
2375 9.999999999989139 0.8571428571423257 2.142857142857143
2376 9.999999999989139 0.8571428571423257 2.571428571428571
2377 9.999999999991312 1.285714285713591 0.4285714285714285
2378 9.999999999991312 1.285714285713591 0.8571428571428571
2379 9.999999999991312 1.285714285713591 1.285714285714286
2380 9.999999999991312 1.285714285713591 1.714285714285714
2381 9.999999999991312 1.285714285713591 2.142857142857143
2382 9.999999999991312 1.285714285713591 2.571428571428571
2383 9.999999999993481 1.714285714284857 0.4285714285714285
2384 9.999999999993481 1.714285714284857 0.8571428571428571
2385 9.999999999993481 1.714285714284857 1.285714285714286
2386 9.999999999993481 1.714285714284857 1.714285714285714
2387 9.999999999993481 1.714285714284857 2.142857142857143
2388 9.999999999993481 1.714285714284857 2.571428571428571
2389 9.999999999995651 2.142857142856637 0.4285714285714285
2390 9.999999999995651 2.142857142856637 0.8571428571428571
2391 9.999999999995651 2.142857142856637 1.285714285714286
2392 9.999999999995651 2.142857142856637 1.714285714285714
2393 9.999999999995651 2.142857142856637 2.142857142857143
2394 9.999999999995651 2.142857142856637 2.571428571428571
2395 9.999999999997822 2.571428571428931 0.4285714285714285
2396 9.999999999997822 2.571428571428931 0.8571428571428571
2397 9.999999999997822 2.571428571428931 1.285714285714286
2398 9.999999999997822 2.571428571428931 1.714285714285714
2399 9.999999999997822 2.571428571428931 2.142857142857143
2400 9.999999999997822 2.571428571428931 2.571428571428571
2401 10.39999999998749 0.4285714285710704 0.4285714285714285
2402 10.39999999998749 0.4285714285710704 0.8571428571428571
2403 10.39999999998749 0.4285714285710704 1.285714285714286
2404 10.39999999998749 0.4285714285710704 1.714285714285714
2405 10.39999999998749 0.4285714285710704 2.142857142857143
2406 10.39999999998749 0.4285714285710704 2.571428571428571
2407 10.39999999998957 0.8571428571422083 0.4285714285714285
2408 10.39999999998957 0.8571428571422083 0.8571428571428571
2409 10.39999999998957 0.8571428571422083 1.285714285714286
2410 10.39999999998957 0.8571428571422083 1.714285714285714
2411 10.39999999998957 0.8571428571422083 2.142857142857143
2412 10.39999999998957 0.8571428571422083 2.571428571428571
2413 10.39999999999166 1.285714285713419 0.4285714285714285
2414 10.39999999999166 1.285714285713419 0.8571428571428571
2415 10.39999999999166 1.285714285713419 1.285714285714286
2416 10.39999999999166 1.285714285713419 1.714285714285714
2417 10.39999999999166 1.285714285713419 2.142857142857143
2418 10.39999999999166 1.285714285713419 2.571428571428571
2419 10.39999999999374 1.714285714284694 0.4285714285714285
2420 10.39999999999374 1.714285714284694 0.8571428571428571
2421 10.39999999999374 1.714285714284694 1.285714285714286
2422 10.39999999999374 1.714285714284694 1.714285714285714
2423 10.39999999999374 1.714285714284694 2.142857142857143
2424 10.39999999999374 1.714285714284694 2.571428571428571
2425 10.39999999999583 2.142857142856526 0.4285714285714285
2426 10.39999999999583 2.142857142856526 0.8571428571428571
2427 10.39999999999583 2.142857142856526 1.285714285714286
2428 10.39999999999583 2.142857142856526 1.714285714285714
2429 10.39999999999583 2.142857142856526 2.142857142857143
2430 10.39999999999583 2.142857142856526 2.571428571428571
2431 10.39999999999791 2.571428571428851 0.4285714285714285
2432 10.39999999999791 2.571428571428851 0.8571428571428571
2433 10.39999999999791 2.571428571428851 1.285714285714286
2434 10.39999999999791 2.571428571428851 1.714285714285714
2435 10.39999999999791 2.571428571428851 2.142857142857143
2436 10.39999999999791 2.571428571428851 2.571428571428571
2437 10.79999999998801 0.4285714285710104 0.4285714285714285
2438 10.79999999998801 0.4285714285710104 0.8571428571428571
2439 10.79999999998801 0.4285714285710104 1.285714285714286
2440 10.79999999998801 0.4285714285710104 1.714285714285714
2441 10.79999999998801 0.4285714285710104 2.142857142857143
2442 10.79999999998801 0.4285714285710104 2.571428571428571
2443 10.79999999999001 0.857142857142091 0.4285714285714285
2444 10.79999999999001 0.857142857142091 0.8571428571428571
2445 10.79999999999001 0.857142857142091 1.285714285714286
2446 10.79999999999001 0.857142857142091 1.714285714285714
2447 10.79999999999001 0.857142857142091 2.142857142857143
2448 10.79999999999001 0.857142857142091 2.571428571428571
2449 10.799999999992 1.285714285713247 0.4285714285714285
2450 10.799999999992 1.285714285713247 0.8571428571428571
2451 10.799999999992 1.285714285713247 1.285714285714286
2452 10.799999999992 1.285714285713247 1.714285714285714
2453 10.799999999992 1.285714285713247 2.142857142857143
2454 10.799999999992 1.285714285713247 2.571428571428571
2455 10.799999999994 1.714285714284531 0.4285714285714285
2456 10.799999999994 1.714285714284531 0.8571428571428571
2457 10.799999999994 1.714285714284531 1.285714285714286
2458 10.799999999994 1.714285714284531 1.714285714285714
2459 10.799999999994 1.714285714284531 2.142857142857143
2460 10.799999999994 1.714285714284531 2.571428571428571
2461 10.799999999996 2.142857142856414 0.4285714285714285
2462 10.799999999996 2.142857142856414 0.8571428571428571
2463 10.799999999996 2.142857142856414 1.285714285714286
2464 10.799999999996 2.142857142856414 1.714285714285714
2465 10.799999999996 2.142857142856414 2.142857142857143
2466 10.799999999996 2.142857142856414 2.571428571428571
2467 10.799999999998 2.571428571428771 0.4285714285714285
2468 10.799999999998 2.571428571428771 0.8571428571428571
2469 10.799999999998 2.571428571428771 1.285714285714286
2470 10.799999999998 2.571428571428771 1.714285714285714
2471 10.799999999998 2.571428571428771 2.142857142857143
2472 10.799999999998 2.571428571428771 2.571428571428571
2473 11.19999999998853 0.4285714285709505 0.4285714285714285
2474 11.19999999998853 0.4285714285709505 0.8571428571428571
2475 11.19999999998853 0.4285714285709505 1.285714285714286
2476 11.19999999998853 0.4285714285709505 1.714285714285714
2477 11.19999999998853 0.4285714285709505 2.142857142857143
2478 11.19999999998853 0.4285714285709505 2.571428571428571
2479 11.19999999999044 0.8571428571419736 0.4285714285714285
2480 11.19999999999044 0.8571428571419736 0.8571428571428571
2481 11.19999999999044 0.8571428571419736 1.285714285714286
2482 11.19999999999044 0.8571428571419736 1.714285714285714
2483 11.19999999999044 0.8571428571419736 2.142857142857143
2484 11.19999999999044 0.8571428571419736 2.571428571428571
2485 11.19999999999235 1.285714285713075 0.4285714285714285
2486 11.19999999999235 1.285714285713075 0.8571428571428571
2487 11.19999999999235 1.285714285713075 1.285714285714286
2488 11.19999999999235 1.285714285713075 1.714285714285714
2489 11.19999999999235 1.285714285713075 2.142857142857143
2490 11.19999999999235 1.285714285713075 2.571428571428571
2491 11.19999999999426 1.714285714284368 0.4285714285714285
2492 11.19999999999426 1.714285714284368 0.8571428571428571
2493 11.19999999999426 1.714285714284368 1.285714285714286
2494 11.19999999999426 1.714285714284368 1.714285714285714
2495 11.19999999999426 1.714285714284368 2.142857142857143
2496 11.19999999999426 1.714285714284368 2.571428571428571
2497 11.19999999999617 2.142857142856303 0.4285714285714285
2498 11.19999999999617 2.142857142856303 0.8571428571428571
2499 11.19999999999617 2.142857142856303 1.285714285714286
2500 11.19999999999617 2.142857142856303 1.714285714285714
2501 11.19999999999617 2.142857142856303 2.142857142857143
2502 11.19999999999617 2.142857142856303 2.571428571428571
2503 11.19999999999808 2.571428571428691 0.4285714285714285
2504 11.19999999999808 2.571428571428691 0.8571428571428571
2505 11.19999999999808 2.571428571428691 1.285714285714286
2506 11.19999999999808 2.571428571428691 1.714285714285714
2507 11.19999999999808 2.571428571428691 2.142857142857143
2508 11.19999999999808 2.571428571428691 2.571428571428571
2509 11.59999999998906 0.4285714285708905 0.4285714285714285
2510 11.59999999998906 0.4285714285708905 0.8571428571428571
2511 11.59999999998906 0.4285714285708905 1.285714285714286
2512 11.59999999998906 0.4285714285708905 1.714285714285714
2513 11.59999999998906 0.4285714285708905 2.142857142857143
2514 11.59999999998906 0.4285714285708905 2.571428571428571
2515 11.59999999999087 0.8571428571418563 0.4285714285714285
2516 11.59999999999087 0.8571428571418563 0.8571428571428571
2517 11.59999999999087 0.8571428571418563 1.285714285714286
2518 11.59999999999087 0.8571428571418563 1.714285714285714
2519 11.59999999999087 0.8571428571418563 2.142857142857143
2520 11.59999999999087 0.8571428571418563 2.571428571428571
2521 11.5999999999927 1.285714285712902 0.4285714285714285
2522 11.5999999999927 1.285714285712902 0.8571428571428571
2523 11.5999999999927 1.285714285712902 1.285714285714286
2524 11.5999999999927 1.285714285712902 1.714285714285714
2525 11.5999999999927 1.285714285712902 2.142857142857143
2526 11.5999999999927 1.285714285712902 2.571428571428571
2527 11.59999999999452 1.714285714284205 0.4285714285714285
2528 11.59999999999452 1.714285714284205 0.8571428571428571
2529 11.59999999999452 1.714285714284205 1.285714285714286
2530 11.59999999999452 1.714285714284205 1.714285714285714
2531 11.59999999999452 1.714285714284205 2.142857142857143
2532 11.59999999999452 1.714285714284205 2.571428571428571
2533 11.59999999999634 2.142857142856192 0.4285714285714285
2534 11.59999999999634 2.142857142856192 0.8571428571428571
2535 11.59999999999634 2.142857142856192 1.285714285714286
2536 11.59999999999634 2.142857142856192 1.714285714285714
2537 11.59999999999634 2.142857142856192 2.142857142857143
2538 11.59999999999634 2.142857142856192 2.571428571428571
2539 11.59999999999817 2.571428571428611 0.4285714285714285
2540 11.59999999999817 2.571428571428611 0.8571428571428571
2541 11.59999999999817 2.571428571428611 1.285714285714286
2542 11.59999999999817 2.571428571428611 1.714285714285714
2543 11.59999999999817 2.571428571428611 2.142857142857143
2544 11.59999999999817 2.571428571428611 2.571428571428571
2545 11.99999999998958 0.4285714285708304 0.4285714285714285
2546 11.99999999998958 0.4285714285708304 0.8571428571428571
2547 11.99999999998958 0.4285714285708304 1.285714285714286
2548 11.99999999998958 0.4285714285708304 1.714285714285714
2549 11.99999999998958 0.4285714285708304 2.142857142857143
2550 11.99999999998958 0.4285714285708304 2.571428571428571
2551 11.99999999999131 0.8571428571417388 0.4285714285714285
2552 11.99999999999131 0.8571428571417388 0.8571428571428571
2553 11.99999999999131 0.8571428571417388 1.285714285714286
2554 11.99999999999131 0.8571428571417388 1.714285714285714
2555 11.99999999999131 0.8571428571417388 2.142857142857143
2556 11.99999999999131 0.8571428571417388 2.571428571428571
2557 11.99999999999305 1.285714285712731 0.4285714285714285
2558 11.99999999999305 1.285714285712731 0.8571428571428571
2559 11.99999999999305 1.285714285712731 1.285714285714286
2560 11.99999999999305 1.285714285712731 1.714285714285714
2561 11.99999999999305 1.285714285712731 2.142857142857143
2562 11.99999999999305 1.285714285712731 2.571428571428571
2563 11.99999999999478 1.714285714284041 0.4285714285714285
2564 11.99999999999478 1.714285714284041 0.8571428571428571
2565 11.99999999999478 1.714285714284041 1.285714285714286
2566 11.99999999999478 1.714285714284041 1.714285714285714
2567 11.99999999999478 1.714285714284041 2.142857142857143
2568 11.99999999999478 1.714285714284041 2.571428571428571
2569 11.99999999999652 2.14285714285608 0.4285714285714285
2570 11.99999999999652 2.14285714285608 0.8571428571428571
2571 11.99999999999652 2.14285714285608 1.285714285714286
2572 11.99999999999652 2.14285714285608 1.714285714285714
2573 11.99999999999652 2.14285714285608 2.142857142857143
2574 11.99999999999652 2.14285714285608 2.571428571428571
2575 11.99999999999826 2.57142857142853 0.4285714285714285
2576 11.99999999999826 2.57142857142853 0.8571428571428571
2577 11.99999999999826 2.57142857142853 1.285714285714286
2578 11.99999999999826 2.57142857142853 1.714285714285714
2579 11.99999999999826 2.57142857142853 2.142857142857143
2580 11.99999999999826 2.57142857142853 2.571428571428571
2581 12.3999999999901 0.4285714285707704 0.4285714285714285
2582 12.3999999999901 0.4285714285707704 0.8571428571428571
2583 12.3999999999901 0.4285714285707704 1.285714285714286
2584 12.3999999999901 0.4285714285707704 1.714285714285714
2585 12.3999999999901 0.4285714285707704 2.142857142857143
2586 12.3999999999901 0.4285714285707704 2.571428571428571
2587 12.39999999999174 0.8571428571416215 0.4285714285714285
2588 12.39999999999174 0.8571428571416215 0.8571428571428571
2589 12.39999999999174 0.8571428571416215 1.285714285714286
2590 12.39999999999174 0.8571428571416215 1.714285714285714
2591 12.39999999999174 0.8571428571416215 2.142857142857143
2592 12.39999999999174 0.8571428571416215 2.571428571428571
2593 12.3999999999934 1.285714285712559 0.4285714285714285
2594 12.3999999999934 1.285714285712559 0.8571428571428571
2595 12.3999999999934 1.285714285712559 1.285714285714286
2596 12.3999999999934 1.285714285712559 1.714285714285714
2597 12.3999999999934 1.285714285712559 2.142857142857143
2598 12.3999999999934 1.285714285712559 2.571428571428571
2599 12.39999999999504 1.714285714283878 0.4285714285714285
2600 12.39999999999504 1.714285714283878 0.8571428571428571
2601 12.39999999999504 1.714285714283878 1.285714285714286
2602 12.39999999999504 1.714285714283878 1.714285714285714
2603 12.39999999999504 1.714285714283878 2.142857142857143
2604 12.39999999999504 1.714285714283878 2.571428571428571
2605 12.39999999999669 2.142857142855969 0.4285714285714285
2606 12.39999999999669 2.142857142855969 0.8571428571428571
2607 12.39999999999669 2.142857142855969 1.285714285714286
2608 12.39999999999669 2.142857142855969 1.714285714285714
2609 12.39999999999669 2.142857142855969 2.142857142857143
2610 12.39999999999669 2.142857142855969 2.571428571428571
2611 12.39999999999834 2.57142857142845 0.4285714285714285
2612 12.39999999999834 2.57142857142845 0.8571428571428571
2613 12.39999999999834 2.57142857142845 1.285714285714286
2614 12.39999999999834 2.57142857142845 1.714285714285714
2615 12.39999999999834 2.57142857142845 2.142857142857143
2616 12.39999999999834 2.57142857142845 2.571428571428571
2617 12.79999999999061 0.4285714285707104 0.4285714285714285
2618 12.79999999999061 0.4285714285707104 0.8571428571428571
2619 12.79999999999061 0.4285714285707104 1.285714285714286
2620 12.79999999999061 0.4285714285707104 1.714285714285714
2621 12.79999999999061 0.4285714285707104 2.142857142857143
2622 12.79999999999061 0.4285714285707104 2.571428571428571
2623 12.79999999999218 0.8571428571415041 0.4285714285714285
2624 12.79999999999218 0.8571428571415041 0.8571428571428571
2625 12.79999999999218 0.8571428571415041 1.285714285714286
2626 12.79999999999218 0.8571428571415041 1.714285714285714
2627 12.79999999999218 0.8571428571415041 2.142857142857143
2628 12.79999999999218 0.8571428571415041 2.571428571428571
2629 12.79999999999374 1.285714285712387 0.4285714285714285
2630 12.79999999999374 1.285714285712387 0.8571428571428571
2631 12.79999999999374 1.285714285712387 1.285714285714286
2632 12.79999999999374 1.285714285712387 1.714285714285714
2633 12.79999999999374 1.285714285712387 2.142857142857143
2634 12.79999999999374 1.285714285712387 2.571428571428571
2635 12.7999999999953 1.714285714283715 0.4285714285714285
2636 12.7999999999953 1.714285714283715 0.8571428571428571
2637 12.7999999999953 1.714285714283715 1.285714285714286
2638 12.7999999999953 1.714285714283715 1.714285714285714
2639 12.7999999999953 1.714285714283715 2.142857142857143
2640 12.7999999999953 1.714285714283715 2.571428571428571
2641 12.79999999999687 2.142857142855858 0.4285714285714285
2642 12.79999999999687 2.142857142855858 0.8571428571428571
2643 12.79999999999687 2.142857142855858 1.285714285714286
2644 12.79999999999687 2.142857142855858 1.714285714285714
2645 12.79999999999687 2.142857142855858 2.142857142857143
2646 12.79999999999687 2.142857142855858 2.571428571428571
2647 12.79999999999843 2.57142857142837 0.4285714285714285
2648 12.79999999999843 2.57142857142837 0.8571428571428571
2649 12.79999999999843 2.57142857142837 1.285714285714286
2650 12.79999999999843 2.57142857142837 1.714285714285714
2651 12.79999999999843 2.57142857142837 2.142857142857143
2652 12.79999999999843 2.57142857142837 2.571428571428571
2653 13.19999999999114 0.4285714285706505 0.4285714285714285
2654 13.19999999999114 0.4285714285706505 0.8571428571428571
2655 13.19999999999114 0.4285714285706505 1.285714285714286
2656 13.19999999999114 0.4285714285706505 1.714285714285714
2657 13.19999999999114 0.4285714285706505 2.142857142857143
2658 13.19999999999114 0.4285714285706505 2.571428571428571
2659 13.19999999999261 0.8571428571413867 0.4285714285714285
2660 13.19999999999261 0.8571428571413867 0.8571428571428571
2661 13.19999999999261 0.8571428571413867 1.285714285714286
2662 13.19999999999261 0.8571428571413867 1.714285714285714
2663 13.19999999999261 0.8571428571413867 2.142857142857143
2664 13.19999999999261 0.8571428571413867 2.571428571428571
2665 13.19999999999409 1.285714285712215 0.4285714285714285
2666 13.19999999999409 1.285714285712215 0.8571428571428571
2667 13.19999999999409 1.285714285712215 1.285714285714286
2668 13.19999999999409 1.285714285712215 1.714285714285714
2669 13.19999999999409 1.285714285712215 2.142857142857143
2670 13.19999999999409 1.285714285712215 2.571428571428571
2671 13.19999999999556 1.714285714283552 0.4285714285714285
2672 13.19999999999556 1.714285714283552 0.8571428571428571
2673 13.19999999999556 1.714285714283552 1.285714285714286
2674 13.19999999999556 1.714285714283552 1.714285714285714
2675 13.19999999999556 1.714285714283552 2.142857142857143
2676 13.19999999999556 1.714285714283552 2.571428571428571
2677 13.19999999999704 2.142857142855746 0.4285714285714285
2678 13.19999999999704 2.142857142855746 0.8571428571428571
2679 13.19999999999704 2.142857142855746 1.285714285714286
2680 13.19999999999704 2.142857142855746 1.714285714285714
2681 13.19999999999704 2.142857142855746 2.142857142857143
2682 13.19999999999704 2.142857142855746 2.571428571428571
2683 13.19999999999852 2.57142857142829 0.4285714285714285
2684 13.19999999999852 2.57142857142829 0.8571428571428571
2685 13.19999999999852 2.57142857142829 1.285714285714286
2686 13.19999999999852 2.57142857142829 1.714285714285714
2687 13.19999999999852 2.57142857142829 2.142857142857143
2688 13.19999999999852 2.57142857142829 2.571428571428571
2689 13.59999999999166 0.4285714285705905 0.4285714285714285
2690 13.59999999999166 0.4285714285705905 0.8571428571428571
2691 13.59999999999166 0.4285714285705905 1.285714285714286
2692 13.59999999999166 0.4285714285705905 1.714285714285714
2693 13.59999999999166 0.4285714285705905 2.142857142857143
2694 13.59999999999166 0.4285714285705905 2.571428571428571
2695 13.59999999999305 0.8571428571412695 0.4285714285714285
2696 13.59999999999305 0.8571428571412695 0.8571428571428571
2697 13.59999999999305 0.8571428571412695 1.285714285714286
2698 13.59999999999305 0.8571428571412695 1.714285714285714
2699 13.59999999999305 0.8571428571412695 2.142857142857143
2700 13.59999999999305 0.8571428571412695 2.571428571428571
2701 13.59999999999443 1.285714285712043 0.4285714285714285
2702 13.59999999999443 1.285714285712043 0.8571428571428571
2703 13.59999999999443 1.285714285712043 1.285714285714286
2704 13.59999999999443 1.285714285712043 1.714285714285714
2705 13.59999999999443 1.285714285712043 2.142857142857143
2706 13.59999999999443 1.285714285712043 2.571428571428571
2707 13.59999999999582 1.714285714283389 0.4285714285714285
2708 13.59999999999582 1.714285714283389 0.8571428571428571
2709 13.59999999999582 1.714285714283389 1.285714285714286
2710 13.59999999999582 1.714285714283389 1.714285714285714
2711 13.59999999999582 1.714285714283389 2.142857142857143
2712 13.59999999999582 1.714285714283389 2.571428571428571
2713 13.59999999999721 2.142857142855635 0.4285714285714285
2714 13.59999999999721 2.142857142855635 0.8571428571428571
2715 13.59999999999721 2.142857142855635 1.285714285714286
2716 13.59999999999721 2.142857142855635 1.714285714285714
2717 13.59999999999721 2.142857142855635 2.142857142857143
2718 13.59999999999721 2.142857142855635 2.571428571428571
2719 13.5999999999986 2.57142857142821 0.4285714285714285
2720 13.5999999999986 2.57142857142821 0.8571428571428571
2721 13.5999999999986 2.57142857142821 1.285714285714286
2722 13.5999999999986 2.57142857142821 1.714285714285714
2723 13.5999999999986 2.57142857142821 2.142857142857143
2724 13.5999999999986 2.57142857142821 2.571428571428571
2725 13.99999999999218 0.4285714285705306 0.4285714285714285
2726 13.99999999999218 0.4285714285705306 0.8571428571428571
2727 13.99999999999218 0.4285714285705306 1.285714285714286
2728 13.99999999999218 0.4285714285705306 1.714285714285714
2729 13.99999999999218 0.4285714285705306 2.142857142857143
2730 13.99999999999218 0.4285714285705306 2.571428571428571
2731 13.99999999999348 0.8571428571411522 0.4285714285714285
2732 13.99999999999348 0.8571428571411522 0.8571428571428571
2733 13.99999999999348 0.8571428571411522 1.285714285714286
2734 13.99999999999348 0.8571428571411522 1.714285714285714
2735 13.99999999999348 0.8571428571411522 2.142857142857143
2736 13.99999999999348 0.8571428571411522 2.571428571428571
2737 13.99999999999478 1.285714285711871 0.4285714285714285
2738 13.99999999999478 1.285714285711871 0.8571428571428571
2739 13.99999999999478 1.285714285711871 1.285714285714286
2740 13.99999999999478 1.285714285711871 1.714285714285714
2741 13.99999999999478 1.285714285711871 2.142857142857143
2742 13.99999999999478 1.285714285711871 2.571428571428571
2743 13.99999999999608 1.714285714283226 0.4285714285714285
2744 13.99999999999608 1.714285714283226 0.8571428571428571
2745 13.99999999999608 1.714285714283226 1.285714285714286
2746 13.99999999999608 1.714285714283226 1.714285714285714
2747 13.99999999999608 1.714285714283226 2.142857142857143
2748 13.99999999999608 1.714285714283226 2.571428571428571
2749 13.99999999999738 2.142857142855524 0.4285714285714285
2750 13.99999999999738 2.142857142855524 0.8571428571428571
2751 13.99999999999738 2.142857142855524 1.285714285714286
2752 13.99999999999738 2.142857142855524 1.714285714285714
2753 13.99999999999738 2.142857142855524 2.142857142857143
2754 13.99999999999738 2.142857142855524 2.571428571428571
2755 13.99999999999869 2.571428571428129 0.4285714285714285
2756 13.99999999999869 2.571428571428129 0.8571428571428571
2757 13.99999999999869 2.571428571428129 1.285714285714286
2758 13.99999999999869 2.571428571428129 1.714285714285714
2759 13.99999999999869 2.571428571428129 2.142857142857143
2760 13.99999999999869 2.571428571428129 2.571428571428571
2761 14.3999999999927 0.4285714285704706 0.4285714285714285
2762 14.3999999999927 0.4285714285704706 0.8571428571428571
2763 14.3999999999927 0.4285714285704706 1.285714285714286
2764 14.3999999999927 0.4285714285704706 1.714285714285714
2765 14.3999999999927 0.4285714285704706 2.142857142857143
2766 14.3999999999927 0.4285714285704706 2.571428571428571
2767 14.39999999999392 0.8571428571410346 0.4285714285714285
2768 14.39999999999392 0.8571428571410346 0.8571428571428571
2769 14.39999999999392 0.8571428571410346 1.285714285714286
2770 14.39999999999392 0.8571428571410346 1.714285714285714
2771 14.39999999999392 0.8571428571410346 2.142857142857143
2772 14.39999999999392 0.8571428571410346 2.571428571428571
2773 14.39999999999513 1.285714285711699 0.4285714285714285
2774 14.39999999999513 1.285714285711699 0.8571428571428571
2775 14.39999999999513 1.285714285711699 1.285714285714286
2776 14.39999999999513 1.285714285711699 1.714285714285714
2777 14.39999999999513 1.285714285711699 2.142857142857143
2778 14.39999999999513 1.285714285711699 2.571428571428571
2779 14.39999999999635 1.714285714283063 0.4285714285714285
2780 14.39999999999635 1.714285714283063 0.8571428571428571
2781 14.39999999999635 1.714285714283063 1.285714285714286
2782 14.39999999999635 1.714285714283063 1.714285714285714
2783 14.39999999999635 1.714285714283063 2.142857142857143
2784 14.39999999999635 1.714285714283063 2.571428571428571
2785 14.39999999999756 2.142857142855412 0.4285714285714285
2786 14.39999999999756 2.142857142855412 0.8571428571428571
2787 14.39999999999756 2.142857142855412 1.285714285714286
2788 14.39999999999756 2.142857142855412 1.714285714285714
2789 14.39999999999756 2.142857142855412 2.142857142857143
2790 14.39999999999756 2.142857142855412 2.571428571428571
2791 14.39999999999878 2.571428571428048 0.4285714285714285
2792 14.39999999999878 2.571428571428048 0.8571428571428571
2793 14.39999999999878 2.571428571428048 1.285714285714286
2794 14.39999999999878 2.571428571428048 1.714285714285714
2795 14.39999999999878 2.571428571428048 2.142857142857143
2796 14.39999999999878 2.571428571428048 2.571428571428571
2797 14.79999999999322 0.4285714285704105 0.4285714285714285
2798 14.79999999999322 0.4285714285704105 0.8571428571428571
2799 14.79999999999322 0.4285714285704105 1.285714285714286
2800 14.79999999999322 0.4285714285704105 1.714285714285714
2801 14.79999999999322 0.4285714285704105 2.142857142857143
2802 14.79999999999322 0.4285714285704105 2.571428571428571
2803 14.79999999999435 0.8571428571409173 0.4285714285714285
2804 14.79999999999435 0.8571428571409173 0.8571428571428571
2805 14.79999999999435 0.8571428571409173 1.285714285714286
2806 14.79999999999435 0.8571428571409173 1.714285714285714
2807 14.79999999999435 0.8571428571409173 2.142857142857143
2808 14.79999999999435 0.8571428571409173 2.571428571428571
2809 14.79999999999548 1.285714285711527 0.4285714285714285
2810 14.79999999999548 1.285714285711527 0.8571428571428571
2811 14.79999999999548 1.285714285711527 1.285714285714286
2812 14.79999999999548 1.285714285711527 1.714285714285714
2813 14.79999999999548 1.285714285711527 2.142857142857143
2814 14.79999999999548 1.285714285711527 2.571428571428571
2815 14.79999999999661 1.7142857142829 0.4285714285714285
2816 14.79999999999661 1.7142857142829 0.8571428571428571
2817 14.79999999999661 1.7142857142829 1.285714285714286
2818 14.79999999999661 1.7142857142829 1.714285714285714
2819 14.79999999999661 1.7142857142829 2.142857142857143
2820 14.79999999999661 1.7142857142829 2.571428571428571
2821 14.79999999999774 2.1428571428553 0.4285714285714285
2822 14.79999999999774 2.1428571428553 0.8571428571428571
2823 14.79999999999774 2.1428571428553 1.285714285714286
2824 14.79999999999774 2.1428571428553 1.714285714285714
2825 14.79999999999774 2.1428571428553 2.142857142857143
2826 14.79999999999774 2.1428571428553 2.571428571428571
2827 14.79999999999886 2.571428571427969 0.4285714285714285
2828 14.79999999999886 2.571428571427969 0.8571428571428571
2829 14.79999999999886 2.571428571427969 1.285714285714286
2830 14.79999999999886 2.571428571427969 1.714285714285714
2831 14.79999999999886 2.571428571427969 2.142857142857143
2832 14.79999999999886 2.571428571427969 2.571428571428571
2833 15.19999999999374 0.4285714285703505 0.4285714285714285
2834 15.19999999999374 0.4285714285703505 0.8571428571428571
2835 15.19999999999374 0.4285714285703505 1.285714285714286
2836 15.19999999999374 0.4285714285703505 1.714285714285714
2837 15.19999999999374 0.4285714285703505 2.142857142857143
2838 15.19999999999374 0.4285714285703505 2.571428571428571
2839 15.19999999999478 0.8571428571407999 0.4285714285714285
2840 15.19999999999478 0.8571428571407999 0.8571428571428571
2841 15.19999999999478 0.8571428571407999 1.285714285714286
2842 15.19999999999478 0.8571428571407999 1.714285714285714
2843 15.19999999999478 0.8571428571407999 2.142857142857143
2844 15.19999999999478 0.8571428571407999 2.571428571428571
2845 15.19999999999582 1.285714285711355 0.4285714285714285
2846 15.19999999999582 1.285714285711355 0.8571428571428571
2847 15.19999999999582 1.285714285711355 1.285714285714286
2848 15.19999999999582 1.285714285711355 1.714285714285714
2849 15.19999999999582 1.285714285711355 2.142857142857143
2850 15.19999999999582 1.285714285711355 2.571428571428571
2851 15.19999999999687 1.714285714282737 0.4285714285714285
2852 15.19999999999687 1.714285714282737 0.8571428571428571
2853 15.19999999999687 1.714285714282737 1.285714285714286
2854 15.19999999999687 1.714285714282737 1.714285714285714
2855 15.19999999999687 1.714285714282737 2.142857142857143
2856 15.19999999999687 1.714285714282737 2.571428571428571
2857 15.19999999999791 2.142857142855189 0.4285714285714285
2858 15.19999999999791 2.142857142855189 0.8571428571428571
2859 15.19999999999791 2.142857142855189 1.285714285714286
2860 15.19999999999791 2.142857142855189 1.714285714285714
2861 15.19999999999791 2.142857142855189 2.142857142857143
2862 15.19999999999791 2.142857142855189 2.571428571428571
2863 15.19999999999895 2.571428571427889 0.4285714285714285
2864 15.19999999999895 2.571428571427889 0.8571428571428571
2865 15.19999999999895 2.571428571427889 1.285714285714286
2866 15.19999999999895 2.571428571427889 1.714285714285714
2867 15.19999999999895 2.571428571427889 2.142857142857143
2868 15.19999999999895 2.571428571427889 2.571428571428571
2869 15.59999999999426 0.4285714285702905 0.4285714285714285
2870 15.59999999999426 0.4285714285702905 0.8571428571428571
2871 15.59999999999426 0.4285714285702905 1.285714285714286
2872 15.59999999999426 0.4285714285702905 1.714285714285714
2873 15.59999999999426 0.4285714285702905 2.142857142857143
2874 15.59999999999426 0.4285714285702905 2.571428571428571
2875 15.59999999999522 0.8571428571406825 0.4285714285714285
2876 15.59999999999522 0.8571428571406825 0.8571428571428571
2877 15.59999999999522 0.8571428571406825 1.285714285714286
2878 15.59999999999522 0.8571428571406825 1.714285714285714
2879 15.59999999999522 0.8571428571406825 2.142857142857143
2880 15.59999999999522 0.8571428571406825 2.571428571428571
2881 15.59999999999617 1.285714285711183 0.4285714285714285
2882 15.59999999999617 1.285714285711183 0.8571428571428571
2883 15.59999999999617 1.285714285711183 1.285714285714286
2884 15.59999999999617 1.285714285711183 1.714285714285714
2885 15.59999999999617 1.285714285711183 2.142857142857143
2886 15.59999999999617 1.285714285711183 2.571428571428571
2887 15.59999999999713 1.714285714282573 0.4285714285714285
2888 15.59999999999713 1.714285714282573 0.8571428571428571
2889 15.59999999999713 1.714285714282573 1.285714285714286
2890 15.59999999999713 1.714285714282573 1.714285714285714
2891 15.59999999999713 1.714285714282573 2.142857142857143
2892 15.59999999999713 1.714285714282573 2.571428571428571
2893 15.59999999999808 2.142857142855078 0.4285714285714285
2894 15.59999999999808 2.142857142855078 0.8571428571428571
2895 15.59999999999808 2.142857142855078 1.285714285714286
2896 15.59999999999808 2.142857142855078 1.714285714285714
2897 15.59999999999808 2.142857142855078 2.142857142857143
2898 15.59999999999808 2.142857142855078 2.571428571428571
2899 15.59999999999904 2.571428571427809 0.4285714285714285
2900 15.59999999999904 2.571428571427809 0.8571428571428571
2901 15.59999999999904 2.571428571427809 1.285714285714286
2902 15.59999999999904 2.571428571427809 1.714285714285714
2903 15.59999999999904 2.571428571427809 2.142857142857143
2904 15.59999999999904 2.571428571427809 2.571428571428571
2905 15.99999999999479 0.4285714285702306 0.4285714285714285
2906 15.99999999999479 0.4285714285702306 0.8571428571428571
2907 15.99999999999479 0.4285714285702306 1.285714285714286
2908 15.99999999999479 0.4285714285702306 1.714285714285714
2909 15.99999999999479 0.4285714285702306 2.142857142857143
2910 15.99999999999479 0.4285714285702306 2.571428571428571
2911 15.99999999999566 0.857142857140565 0.4285714285714285
2912 15.99999999999566 0.857142857140565 0.8571428571428571
2913 15.99999999999566 0.857142857140565 1.285714285714286
2914 15.99999999999566 0.857142857140565 1.714285714285714
2915 15.99999999999566 0.857142857140565 2.142857142857143
2916 15.99999999999566 0.857142857140565 2.571428571428571
2917 15.99999999999653 1.285714285711011 0.4285714285714285
2918 15.99999999999653 1.285714285711011 0.8571428571428571
2919 15.99999999999653 1.285714285711011 1.285714285714286
2920 15.99999999999653 1.285714285711011 1.714285714285714
2921 15.99999999999653 1.285714285711011 2.142857142857143
2922 15.99999999999653 1.285714285711011 2.571428571428571
2923 15.99999999999739 1.71428571428241 0.4285714285714285
2924 15.99999999999739 1.71428571428241 0.8571428571428571
2925 15.99999999999739 1.71428571428241 1.285714285714286
2926 15.99999999999739 1.71428571428241 1.714285714285714
2927 15.99999999999739 1.71428571428241 2.142857142857143
2928 15.99999999999739 1.71428571428241 2.571428571428571
2929 15.99999999999826 2.142857142854966 0.4285714285714285
2930 15.99999999999826 2.142857142854966 0.8571428571428571
2931 15.99999999999826 2.142857142854966 1.285714285714286
2932 15.99999999999826 2.142857142854966 1.714285714285714
2933 15.99999999999826 2.142857142854966 2.142857142857143
2934 15.99999999999826 2.142857142854966 2.571428571428571
2935 15.99999999999913 2.571428571427728 0.4285714285714285
2936 15.99999999999913 2.571428571427728 0.8571428571428571
2937 15.99999999999913 2.571428571427728 1.285714285714286
2938 15.99999999999913 2.571428571427728 1.714285714285714
2939 15.99999999999913 2.571428571427728 2.142857142857143
2940 15.99999999999913 2.571428571427728 2.571428571428571
2941 16.39999999999531 0.4285714285701706 0.4285714285714285
2942 16.39999999999531 0.4285714285701706 0.8571428571428571
2943 16.39999999999531 0.4285714285701706 1.285714285714286
2944 16.39999999999531 0.4285714285701706 1.714285714285714
2945 16.39999999999531 0.4285714285701706 2.142857142857143
2946 16.39999999999531 0.4285714285701706 2.571428571428571
2947 16.39999999999609 0.8571428571404479 0.4285714285714285
2948 16.39999999999609 0.8571428571404479 0.8571428571428571
2949 16.39999999999609 0.8571428571404479 1.285714285714286
2950 16.39999999999609 0.8571428571404479 1.714285714285714
2951 16.39999999999609 0.8571428571404479 2.142857142857143
2952 16.39999999999609 0.8571428571404479 2.571428571428571
2953 16.39999999999687 1.285714285710839 0.4285714285714285
2954 16.39999999999687 1.285714285710839 0.8571428571428571
2955 16.39999999999687 1.285714285710839 1.285714285714286
2956 16.39999999999687 1.285714285710839 1.714285714285714
2957 16.39999999999687 1.285714285710839 2.142857142857143
2958 16.39999999999687 1.285714285710839 2.571428571428571
2959 16.39999999999765 1.714285714282247 0.4285714285714285
2960 16.39999999999765 1.714285714282247 0.8571428571428571
2961 16.39999999999765 1.714285714282247 1.285714285714286
2962 16.39999999999765 1.714285714282247 1.714285714285714
2963 16.39999999999765 1.714285714282247 2.142857142857143
2964 16.39999999999765 1.714285714282247 2.571428571428571
2965 16.39999999999844 2.142857142854855 0.4285714285714285
2966 16.39999999999844 2.142857142854855 0.8571428571428571
2967 16.39999999999844 2.142857142854855 1.285714285714286
2968 16.39999999999844 2.142857142854855 1.714285714285714
2969 16.39999999999844 2.142857142854855 2.142857142857143
2970 16.39999999999844 2.142857142854855 2.571428571428571
2971 16.39999999999922 2.571428571427648 0.4285714285714285
2972 16.39999999999922 2.571428571427648 0.8571428571428571
2973 16.39999999999922 2.571428571427648 1.285714285714286
2974 16.39999999999922 2.571428571427648 1.714285714285714
2975 16.39999999999922 2.571428571427648 2.142857142857143
2976 16.39999999999922 2.571428571427648 2.571428571428571
2977 16.79999999999583 0.4285714285701107 0.4285714285714285
2978 16.79999999999583 0.4285714285701107 0.8571428571428571
2979 16.79999999999583 0.4285714285701107 1.285714285714286
2980 16.79999999999583 0.4285714285701107 1.714285714285714
2981 16.79999999999583 0.4285714285701107 2.142857142857143
2982 16.79999999999583 0.4285714285701107 2.571428571428571
2983 16.79999999999653 0.8571428571403303 0.4285714285714285
2984 16.79999999999653 0.8571428571403303 0.8571428571428571
2985 16.79999999999653 0.8571428571403303 1.285714285714286
2986 16.79999999999653 0.8571428571403303 1.714285714285714
2987 16.79999999999653 0.8571428571403303 2.142857142857143
2988 16.79999999999653 0.8571428571403303 2.571428571428571
2989 16.79999999999722 1.285714285710667 0.4285714285714285
2990 16.79999999999722 1.285714285710667 0.8571428571428571
2991 16.79999999999722 1.285714285710667 1.285714285714286
2992 16.79999999999722 1.285714285710667 1.714285714285714
2993 16.79999999999722 1.285714285710667 2.142857142857143
2994 16.79999999999722 1.285714285710667 2.571428571428571
2995 16.79999999999792 1.714285714282084 0.4285714285714285
2996 16.79999999999792 1.714285714282084 0.8571428571428571
2997 16.79999999999792 1.714285714282084 1.285714285714286
2998 16.79999999999792 1.714285714282084 1.714285714285714
2999 16.79999999999792 1.714285714282084 2.142857142857143
3000 16.79999999999792 1.714285714282084 2.571428571428571
3001 16.79999999999861 2.142857142854744 0.4285714285714285
3002 16.79999999999861 2.142857142854744 0.8571428571428571
3003 16.79999999999861 2.142857142854744 1.285714285714286
3004 16.79999999999861 2.142857142854744 1.714285714285714
3005 16.79999999999861 2.142857142854744 2.142857142857143
3006 16.79999999999861 2.142857142854744 2.571428571428571
3007 16.7999999999993 2.571428571427567 0.4285714285714285
3008 16.7999999999993 2.571428571427567 0.8571428571428571
3009 16.7999999999993 2.571428571427567 1.285714285714286
3010 16.7999999999993 2.571428571427567 1.714285714285714
3011 16.7999999999993 2.571428571427567 2.142857142857143
3012 16.7999999999993 2.571428571427567 2.571428571428571
3013 17.19999999999635 0.4285714285700506 0.4285714285714285
3014 17.19999999999635 0.4285714285700506 0.8571428571428571
3015 17.19999999999635 0.4285714285700506 1.285714285714286
3016 17.19999999999635 0.4285714285700506 1.714285714285714
3017 17.19999999999635 0.4285714285700506 2.142857142857143
3018 17.19999999999635 0.4285714285700506 2.571428571428571
3019 17.19999999999695 0.857142857140213 0.4285714285714285
3020 17.19999999999695 0.857142857140213 0.8571428571428571
3021 17.19999999999695 0.857142857140213 1.285714285714286
3022 17.19999999999695 0.857142857140213 1.714285714285714
3023 17.19999999999695 0.857142857140213 2.142857142857143
3024 17.19999999999695 0.857142857140213 2.571428571428571
3025 17.19999999999756 1.285714285710496 0.4285714285714285
3026 17.19999999999756 1.285714285710496 0.8571428571428571
3027 17.19999999999756 1.285714285710496 1.285714285714286
3028 17.19999999999756 1.285714285710496 1.714285714285714
3029 17.19999999999756 1.285714285710496 2.142857142857143
3030 17.19999999999756 1.285714285710496 2.571428571428571
3031 17.19999999999817 1.714285714281921 0.4285714285714285
3032 17.19999999999817 1.714285714281921 0.8571428571428571
3033 17.19999999999817 1.714285714281921 1.285714285714286
3034 17.19999999999817 1.714285714281921 1.714285714285714
3035 17.19999999999817 1.714285714281921 2.142857142857143
3036 17.19999999999817 1.714285714281921 2.571428571428571
3037 17.19999999999878 2.142857142854632 0.4285714285714285
3038 17.19999999999878 2.142857142854632 0.8571428571428571
3039 17.19999999999878 2.142857142854632 1.285714285714286
3040 17.19999999999878 2.142857142854632 1.714285714285714
3041 17.19999999999878 2.142857142854632 2.142857142857143
3042 17.19999999999878 2.142857142854632 2.571428571428571
3043 17.19999999999939 2.571428571427487 0.4285714285714285
3044 17.19999999999939 2.571428571427487 0.8571428571428571
3045 17.19999999999939 2.571428571427487 1.285714285714286
3046 17.19999999999939 2.571428571427487 1.714285714285714
3047 17.19999999999939 2.571428571427487 2.142857142857143
3048 17.19999999999939 2.571428571427487 2.571428571428571
3049 17.59999999999687 0.4285714285699906 0.4285714285714285
3050 17.59999999999687 0.4285714285699906 0.8571428571428571
3051 17.59999999999687 0.4285714285699906 1.285714285714286
3052 17.59999999999687 0.4285714285699906 1.714285714285714
3053 17.59999999999687 0.4285714285699906 2.142857142857143
3054 17.59999999999687 0.4285714285699906 2.571428571428571
3055 17.59999999999739 0.8571428571400957 0.4285714285714285
3056 17.59999999999739 0.8571428571400957 0.8571428571428571
3057 17.59999999999739 0.8571428571400957 1.285714285714286
3058 17.59999999999739 0.8571428571400957 1.714285714285714
3059 17.59999999999739 0.8571428571400957 2.142857142857143
3060 17.59999999999739 0.8571428571400957 2.571428571428571
3061 17.59999999999791 1.285714285710323 0.4285714285714285
3062 17.59999999999791 1.285714285710323 0.8571428571428571
3063 17.59999999999791 1.285714285710323 1.285714285714286
3064 17.59999999999791 1.285714285710323 1.714285714285714
3065 17.59999999999791 1.285714285710323 2.142857142857143
3066 17.59999999999791 1.285714285710323 2.571428571428571
3067 17.59999999999844 1.714285714281758 0.4285714285714285
3068 17.59999999999844 1.714285714281758 0.8571428571428571
3069 17.59999999999844 1.714285714281758 1.285714285714286
3070 17.59999999999844 1.714285714281758 1.714285714285714
3071 17.59999999999844 1.714285714281758 2.142857142857143
3072 17.59999999999844 1.714285714281758 2.571428571428571
3073 17.59999999999896 2.14285714285452 0.4285714285714285
3074 17.59999999999896 2.14285714285452 0.8571428571428571
3075 17.59999999999896 2.14285714285452 1.285714285714286
3076 17.59999999999896 2.14285714285452 1.714285714285714
3077 17.59999999999896 2.14285714285452 2.142857142857143
3078 17.59999999999896 2.14285714285452 2.571428571428571
3079 17.59999999999948 2.571428571427407 0.4285714285714285
3080 17.59999999999948 2.571428571427407 0.8571428571428571
3081 17.59999999999948 2.571428571427407 1.285714285714286
3082 17.59999999999948 2.571428571427407 1.714285714285714
3083 17.59999999999948 2.571428571427407 2.142857142857143
3084 17.59999999999948 2.571428571427407 2.571428571428571
3085 17.99999999999739 0.4285714285699306 0.4285714285714285
3086 17.99999999999739 0.4285714285699306 0.8571428571428571
3087 17.99999999999739 0.4285714285699306 1.285714285714286
3088 17.99999999999739 0.4285714285699306 1.714285714285714
3089 17.99999999999739 0.4285714285699306 2.142857142857143
3090 17.99999999999739 0.4285714285699306 2.571428571428571
3091 17.99999999999783 0.8571428571399786 0.4285714285714285
3092 17.99999999999783 0.8571428571399786 0.8571428571428571
3093 17.99999999999783 0.8571428571399786 1.285714285714286
3094 17.99999999999783 0.8571428571399786 1.714285714285714
3095 17.99999999999783 0.8571428571399786 2.142857142857143
3096 17.99999999999783 0.8571428571399786 2.571428571428571
3097 17.99999999999826 1.285714285710151 0.4285714285714285
3098 17.99999999999826 1.285714285710151 0.8571428571428571
3099 17.99999999999826 1.285714285710151 1.285714285714286
3100 17.99999999999826 1.285714285710151 1.714285714285714
3101 17.99999999999826 1.285714285710151 2.142857142857143
3102 17.99999999999826 1.285714285710151 2.571428571428571
3103 17.99999999999869 1.714285714281595 0.4285714285714285
3104 17.99999999999869 1.714285714281595 0.8571428571428571
3105 17.99999999999869 1.714285714281595 1.285714285714286
3106 17.99999999999869 1.714285714281595 1.714285714285714
3107 17.99999999999869 1.714285714281595 2.142857142857143
3108 17.99999999999869 1.714285714281595 2.571428571428571
3109 17.99999999999913 2.142857142854409 0.4285714285714285
3110 17.99999999999913 2.142857142854409 0.8571428571428571
3111 17.99999999999913 2.142857142854409 1.285714285714286
3112 17.99999999999913 2.142857142854409 1.714285714285714
3113 17.99999999999913 2.142857142854409 2.142857142857143
3114 17.99999999999913 2.142857142854409 2.571428571428571
3115 17.99999999999956 2.571428571427327 0.4285714285714285
3116 17.99999999999956 2.571428571427327 0.8571428571428571
3117 17.99999999999956 2.571428571427327 1.285714285714286
3118 17.99999999999956 2.571428571427327 1.714285714285714
3119 17.99999999999956 2.571428571427327 2.142857142857143
3120 17.99999999999956 2.571428571427327 2.571428571428571
3121 18.39999999999791 0.4285714285698706 0.4285714285714285
3122 18.39999999999791 0.4285714285698706 0.8571428571428571
3123 18.39999999999791 0.4285714285698706 1.285714285714286
3124 18.39999999999791 0.4285714285698706 1.714285714285714
3125 18.39999999999791 0.4285714285698706 2.142857142857143
3126 18.39999999999791 0.4285714285698706 2.571428571428571
3127 18.39999999999826 0.857142857139861 0.4285714285714285
3128 18.39999999999826 0.857142857139861 0.8571428571428571
3129 18.39999999999826 0.857142857139861 1.285714285714286
3130 18.39999999999826 0.857142857139861 1.714285714285714
3131 18.39999999999826 0.857142857139861 2.142857142857143
3132 18.39999999999826 0.857142857139861 2.571428571428571
3133 18.39999999999861 1.28571428570998 0.4285714285714285
3134 18.39999999999861 1.28571428570998 0.8571428571428571
3135 18.39999999999861 1.28571428570998 1.285714285714286
3136 18.39999999999861 1.28571428570998 1.714285714285714
3137 18.39999999999861 1.28571428570998 2.142857142857143
3138 18.39999999999861 1.28571428570998 2.571428571428571
3139 18.39999999999895 1.714285714281431 0.4285714285714285
3140 18.39999999999895 1.714285714281431 0.8571428571428571
3141 18.39999999999895 1.714285714281431 1.285714285714286
3142 18.39999999999895 1.714285714281431 1.714285714285714
3143 18.39999999999895 1.714285714281431 2.142857142857143
3144 18.39999999999895 1.714285714281431 2.571428571428571
3145 18.39999999999931 2.142857142854298 0.4285714285714285
3146 18.39999999999931 2.142857142854298 0.8571428571428571
3147 18.39999999999931 2.142857142854298 1.285714285714286
3148 18.39999999999931 2.142857142854298 1.714285714285714
3149 18.39999999999931 2.142857142854298 2.142857142857143
3150 18.39999999999931 2.142857142854298 2.571428571428571
3151 18.39999999999965 2.571428571427247 0.4285714285714285
3152 18.39999999999965 2.571428571427247 0.8571428571428571
3153 18.39999999999965 2.571428571427247 1.285714285714286
3154 18.39999999999965 2.571428571427247 1.714285714285714
3155 18.39999999999965 2.571428571427247 2.142857142857143
3156 18.39999999999965 2.571428571427247 2.571428571428571
3157 18.79999999999844 0.4285714285698107 0.4285714285714285
3158 18.79999999999844 0.4285714285698107 0.8571428571428571
3159 18.79999999999844 0.4285714285698107 1.285714285714286
3160 18.79999999999844 0.4285714285698107 1.714285714285714
3161 18.79999999999844 0.4285714285698107 2.142857142857143
3162 18.79999999999844 0.4285714285698107 2.571428571428571
3163 18.79999999999869 0.8571428571397436 0.4285714285714285
3164 18.79999999999869 0.8571428571397436 0.8571428571428571
3165 18.79999999999869 0.8571428571397436 1.285714285714286
3166 18.79999999999869 0.8571428571397436 1.714285714285714
3167 18.79999999999869 0.8571428571397436 2.142857142857143
3168 18.79999999999869 0.8571428571397436 2.571428571428571
3169 18.79999999999896 1.285714285709807 0.4285714285714285
3170 18.79999999999896 1.285714285709807 0.8571428571428571
3171 18.79999999999896 1.285714285709807 1.285714285714286
3172 18.79999999999896 1.285714285709807 1.714285714285714
3173 18.79999999999896 1.285714285709807 2.142857142857143
3174 18.79999999999896 1.285714285709807 2.571428571428571
3175 18.79999999999922 1.714285714281268 0.4285714285714285
3176 18.79999999999922 1.714285714281268 0.8571428571428571
3177 18.79999999999922 1.714285714281268 1.285714285714286
3178 18.79999999999922 1.714285714281268 1.714285714285714
3179 18.79999999999922 1.714285714281268 2.142857142857143
3180 18.79999999999922 1.714285714281268 2.571428571428571
3181 18.79999999999948 2.142857142854186 0.4285714285714285
3182 18.79999999999948 2.142857142854186 0.8571428571428571
3183 18.79999999999948 2.142857142854186 1.285714285714286
3184 18.79999999999948 2.142857142854186 1.714285714285714
3185 18.79999999999948 2.142857142854186 2.142857142857143
3186 18.79999999999948 2.142857142854186 2.571428571428571
3187 18.79999999999974 2.571428571427167 0.4285714285714285
3188 18.79999999999974 2.571428571427167 0.8571428571428571
3189 18.79999999999974 2.571428571427167 1.285714285714286
3190 18.79999999999974 2.571428571427167 1.714285714285714
3191 18.79999999999974 2.571428571427167 2.142857142857143
3192 18.79999999999974 2.571428571427167 2.571428571428571
3193 19.19999999999895 0.4285714285697507 0.4285714285714285
3194 19.19999999999895 0.4285714285697507 0.8571428571428571
3195 19.19999999999895 0.4285714285697507 1.285714285714286
3196 19.19999999999895 0.4285714285697507 1.714285714285714
3197 19.19999999999895 0.4285714285697507 2.142857142857143
3198 19.19999999999895 0.4285714285697507 2.571428571428571
3199 19.19999999999913 0.8571428571396262 0.4285714285714285
3200 19.19999999999913 0.8571428571396262 0.8571428571428571
3201 19.19999999999913 0.8571428571396262 1.285714285714286
3202 19.19999999999913 0.8571428571396262 1.714285714285714
3203 19.19999999999913 0.8571428571396262 2.142857142857143
3204 19.19999999999913 0.8571428571396262 2.571428571428571
3205 19.19999999999931 1.285714285709636 0.4285714285714285
3206 19.19999999999931 1.285714285709636 0.8571428571428571
3207 19.19999999999931 1.285714285709636 1.285714285714286
3208 19.19999999999931 1.285714285709636 1.714285714285714
3209 19.19999999999931 1.285714285709636 2.142857142857143
3210 19.19999999999931 1.285714285709636 2.571428571428571
3211 19.19999999999948 1.714285714281105 0.4285714285714285
3212 19.19999999999948 1.714285714281105 0.8571428571428571
3213 19.19999999999948 1.714285714281105 1.285714285714286
3214 19.19999999999948 1.714285714281105 1.714285714285714
3215 19.19999999999948 1.714285714281105 2.142857142857143
3216 19.19999999999948 1.714285714281105 2.571428571428571
3217 19.19999999999965 2.142857142854074 0.4285714285714285
3218 19.19999999999965 2.142857142854074 0.8571428571428571
3219 19.19999999999965 2.142857142854074 1.285714285714286
3220 19.19999999999965 2.142857142854074 1.714285714285714
3221 19.19999999999965 2.142857142854074 2.142857142857143
3222 19.19999999999965 2.142857142854074 2.571428571428571
3223 19.19999999999983 2.571428571427086 0.4285714285714285
3224 19.19999999999983 2.571428571427086 0.8571428571428571
3225 19.19999999999983 2.571428571427086 1.285714285714286
3226 19.19999999999983 2.571428571427086 1.714285714285714
3227 19.19999999999983 2.571428571427086 2.142857142857143
3228 19.19999999999983 2.571428571427086 2.571428571428571
3229 19.59999999999948 0.4285714285696908 0.4285714285714285
3230 19.59999999999948 0.4285714285696908 0.8571428571428571
3231 19.59999999999948 0.4285714285696908 1.285714285714286
3232 19.59999999999948 0.4285714285696908 1.714285714285714
3233 19.59999999999948 0.4285714285696908 2.142857142857143
3234 19.59999999999948 0.4285714285696908 2.571428571428571
3235 19.59999999999956 0.8571428571395088 0.4285714285714285
3236 19.59999999999956 0.8571428571395088 0.8571428571428571
3237 19.59999999999956 0.8571428571395088 1.285714285714286
3238 19.59999999999956 0.8571428571395088 1.714285714285714
3239 19.59999999999956 0.8571428571395088 2.142857142857143
3240 19.59999999999956 0.8571428571395088 2.571428571428571
3241 19.59999999999965 1.285714285709463 0.4285714285714285
3242 19.59999999999965 1.285714285709463 0.8571428571428571
3243 19.59999999999965 1.285714285709463 1.285714285714286
3244 19.59999999999965 1.285714285709463 1.714285714285714
3245 19.59999999999965 1.285714285709463 2.142857142857143
3246 19.59999999999965 1.285714285709463 2.571428571428571
3247 19.59999999999974 1.714285714280942 0.4285714285714285
3248 19.59999999999974 1.714285714280942 0.8571428571428571
3249 19.59999999999974 1.714285714280942 1.285714285714286
3250 19.59999999999974 1.714285714280942 1.714285714285714
3251 19.59999999999974 1.714285714280942 2.142857142857143
3252 19.59999999999974 1.714285714280942 2.571428571428571
3253 19.59999999999982 2.142857142853964 0.4285714285714285
3254 19.59999999999982 2.142857142853964 0.8571428571428571
3255 19.59999999999982 2.142857142853964 1.285714285714286
3256 19.59999999999982 2.142857142853964 1.714285714285714
3257 19.59999999999982 2.142857142853964 2.142857142857143
3258 19.59999999999982 2.142857142853964 2.571428571428571
3259 19.59999999999991 2.571428571427006 0.4285714285714285
3260 19.59999999999991 2.571428571427006 0.8571428571428571
3261 19.59999999999991 2.571428571427006 1.285714285714286
3262 19.59999999999991 2.571428571427006 1.714285714285714
3263 19.59999999999991 2.571428571427006 2.142857142857143
3264 19.59999999999991 2.571428571427006 2.571428571428571
$EndNodes
$Elements
3948
1 3 2 1 1 1 9 253 118
2 3 2 1 1 118 253 254 117
3 3 2 1 1 117 254 255 116
4 3 2 1 1 116 255 256 115
5 3 2 1 1 115 256 257 114
6 3 2 1 1 114 257 258 113
7 3 2 1 1 113 258 112 4
8 3 2 1 1 9 10 259 253
9 3 2 1 1 253 259 260 254
10 3 2 1 1 254 260 261 255
11 3 2 1 1 255 261 262 256
12 3 2 1 1 256 262 263 257
13 3 2 1 1 257 263 264 258
14 3 2 1 1 258 264 111 112
15 3 2 1 1 10 11 265 259
16 3 2 1 1 259 265 266 260
17 3 2 1 1 260 266 267 261
18 3 2 1 1 261 267 268 262
19 3 2 1 1 262 268 269 263
20 3 2 1 1 263 269 270 264
21 3 2 1 1 264 270 110 111
22 3 2 1 1 11 12 271 265
23 3 2 1 1 265 271 272 266
24 3 2 1 1 266 272 273 267
25 3 2 1 1 267 273 274 268
26 3 2 1 1 268 274 275 269
27 3 2 1 1 269 275 276 270
28 3 2 1 1 270 276 109 110
29 3 2 1 1 12 13 277 271
30 3 2 1 1 271 277 278 272
31 3 2 1 1 272 278 279 273
32 3 2 1 1 273 279 280 274
33 3 2 1 1 274 280 281 275
34 3 2 1 1 275 281 282 276
35 3 2 1 1 276 282 108 109
36 3 2 1 1 13 14 283 277
37 3 2 1 1 277 283 284 278
38 3 2 1 1 278 284 285 279
39 3 2 1 1 279 285 286 280
40 3 2 1 1 280 286 287 281
41 3 2 1 1 281 287 288 282
42 3 2 1 1 282 288 107 108
43 3 2 1 1 14 15 289 283
44 3 2 1 1 283 289 290 284
45 3 2 1 1 284 290 291 285
46 3 2 1 1 285 291 292 286
47 3 2 1 1 286 292 293 287
48 3 2 1 1 287 293 294 288
49 3 2 1 1 288 294 106 107
50 3 2 1 1 15 16 295 289
51 3 2 1 1 289 295 296 290
52 3 2 1 1 290 296 297 291
53 3 2 1 1 291 297 298 292
54 3 2 1 1 292 298 299 293
55 3 2 1 1 293 299 300 294
56 3 2 1 1 294 300 105 106
57 3 2 1 1 16 17 301 295
58 3 2 1 1 295 301 302 296
59 3 2 1 1 296 302 303 297
60 3 2 1 1 297 303 304 298
61 3 2 1 1 298 304 305 299
62 3 2 1 1 299 305 306 300
63 3 2 1 1 300 306 104 105
64 3 2 1 1 17 18 307 301
65 3 2 1 1 301 307 308 302
66 3 2 1 1 302 308 309 303
67 3 2 1 1 303 309 310 304
68 3 2 1 1 304 310 311 305
69 3 2 1 1 305 311 312 306
70 3 2 1 1 306 312 103 104
71 3 2 1 1 18 19 313 307
72 3 2 1 1 307 313 314 308
73 3 2 1 1 308 314 315 309
74 3 2 1 1 309 315 316 310
75 3 2 1 1 310 316 317 311
76 3 2 1 1 311 317 318 312
77 3 2 1 1 312 318 102 103
78 3 2 1 1 19 20 319 313
79 3 2 1 1 313 319 320 314
80 3 2 1 1 314 320 321 315
81 3 2 1 1 315 321 322 316
82 3 2 1 1 316 322 323 317
83 3 2 1 1 317 323 324 318
84 3 2 1 1 318 324 101 102
85 3 2 1 1 20 21 325 319
86 3 2 1 1 319 325 326 320
87 3 2 1 1 320 326 327 321
88 3 2 1 1 321 327 328 322
89 3 2 1 1 322 328 329 323
90 3 2 1 1 323 329 330 324
91 3 2 1 1 324 330 100 101
92 3 2 1 1 21 22 331 325
93 3 2 1 1 325 331 332 326
94 3 2 1 1 326 332 333 327
95 3 2 1 1 327 333 334 328
96 3 2 1 1 328 334 335 329
97 3 2 1 1 329 335 336 330
98 3 2 1 1 330 336 99 100
99 3 2 1 1 22 23 337 331
100 3 2 1 1 331 337 338 332
101 3 2 1 1 332 338 339 333
102 3 2 1 1 333 339 340 334
103 3 2 1 1 334 340 341 335
104 3 2 1 1 335 341 342 336
105 3 2 1 1 336 342 98 99
106 3 2 1 1 23 24 343 337
107 3 2 1 1 337 343 344 338
108 3 2 1 1 338 344 345 339
109 3 2 1 1 339 345 346 340
110 3 2 1 1 340 346 347 341
111 3 2 1 1 341 347 348 342
112 3 2 1 1 342 348 97 98
113 3 2 1 1 24 25 349 343
114 3 2 1 1 343 349 350 344
115 3 2 1 1 344 350 351 345
116 3 2 1 1 345 351 352 346
117 3 2 1 1 346 352 353 347
118 3 2 1 1 347 353 354 348
119 3 2 1 1 348 354 96 97
120 3 2 1 1 25 26 355 349
121 3 2 1 1 349 355 356 350
122 3 2 1 1 350 356 357 351
123 3 2 1 1 351 357 358 352
124 3 2 1 1 352 358 359 353
125 3 2 1 1 353 359 360 354
126 3 2 1 1 354 360 95 96
127 3 2 1 1 26 27 361 355
128 3 2 1 1 355 361 362 356
129 3 2 1 1 356 362 363 357
130 3 2 1 1 357 363 364 358
131 3 2 1 1 358 364 365 359
132 3 2 1 1 359 365 366 360
133 3 2 1 1 360 366 94 95
134 3 2 1 1 27 28 367 361
135 3 2 1 1 361 367 368 362
136 3 2 1 1 362 368 369 363
137 3 2 1 1 363 369 370 364
138 3 2 1 1 364 370 371 365
139 3 2 1 1 365 371 372 366
140 3 2 1 1 366 372 93 94
141 3 2 1 1 28 29 373 367
142 3 2 1 1 367 373 374 368
143 3 2 1 1 368 374 375 369
144 3 2 1 1 369 375 376 370
145 3 2 1 1 370 376 377 371
146 3 2 1 1 371 377 378 372
147 3 2 1 1 372 378 92 93
148 3 2 1 1 29 30 379 373
149 3 2 1 1 373 379 380 374
150 3 2 1 1 374 380 381 375
151 3 2 1 1 375 381 382 376
152 3 2 1 1 376 382 383 377
153 3 2 1 1 377 383 384 378
154 3 2 1 1 378 384 91 92
155 3 2 1 1 30 31 385 379
156 3 2 1 1 379 385 386 380
157 3 2 1 1 380 386 387 381
158 3 2 1 1 381 387 388 382
159 3 2 1 1 382 388 389 383
160 3 2 1 1 383 389 390 384
161 3 2 1 1 384 390 90 91
162 3 2 1 1 31 32 391 385
163 3 2 1 1 385 391 392 386
164 3 2 1 1 386 392 393 387
165 3 2 1 1 387 393 394 388
166 3 2 1 1 388 394 395 389
167 3 2 1 1 389 395 396 390
168 3 2 1 1 390 396 89 90
169 3 2 1 1 32 33 397 391
170 3 2 1 1 391 397 398 392
171 3 2 1 1 392 398 399 393
172 3 2 1 1 393 399 400 394
173 3 2 1 1 394 400 401 395
174 3 2 1 1 395 401 402 396
175 3 2 1 1 396 402 88 89
176 3 2 1 1 33 34 403 397
177 3 2 1 1 397 403 404 398
178 3 2 1 1 398 404 405 399
179 3 2 1 1 399 405 406 400
180 3 2 1 1 400 406 407 401
181 3 2 1 1 401 407 408 402
182 3 2 1 1 402 408 87 88
183 3 2 1 1 34 35 409 403
184 3 2 1 1 403 409 410 404
185 3 2 1 1 404 410 411 405
186 3 2 1 1 405 411 412 406
187 3 2 1 1 406 412 413 407
188 3 2 1 1 407 413 414 408
189 3 2 1 1 408 414 86 87
190 3 2 1 1 35 36 415 409
191 3 2 1 1 409 415 416 410
192 3 2 1 1 410 416 417 411
193 3 2 1 1 411 417 418 412
194 3 2 1 1 412 418 419 413
195 3 2 1 1 413 419 420 414
196 3 2 1 1 414 420 85 86
197 3 2 1 1 36 37 421 415
198 3 2 1 1 415 421 422 416
199 3 2 1 1 416 422 423 417
200 3 2 1 1 417 423 424 418
201 3 2 1 1 418 424 425 419
202 3 2 1 1 419 425 426 420
203 3 2 1 1 420 426 84 85
204 3 2 1 1 37 38 427 421
205 3 2 1 1 421 427 428 422
206 3 2 1 1 422 428 429 423
207 3 2 1 1 423 429 430 424
208 3 2 1 1 424 430 431 425
209 3 2 1 1 425 431 432 426
210 3 2 1 1 426 432 83 84
211 3 2 1 1 38 39 433 427
212 3 2 1 1 427 433 434 428
213 3 2 1 1 428 434 435 429
214 3 2 1 1 429 435 436 430
215 3 2 1 1 430 436 437 431
216 3 2 1 1 431 437 438 432
217 3 2 1 1 432 438 82 83
218 3 2 1 1 39 40 439 433
219 3 2 1 1 433 439 440 434
220 3 2 1 1 434 440 441 435
221 3 2 1 1 435 441 442 436
222 3 2 1 1 436 442 443 437
223 3 2 1 1 437 443 444 438
224 3 2 1 1 438 444 81 82
225 3 2 1 1 40 41 445 439
226 3 2 1 1 439 445 446 440
227 3 2 1 1 440 446 447 441
228 3 2 1 1 441 447 448 442
229 3 2 1 1 442 448 449 443
230 3 2 1 1 443 449 450 444
231 3 2 1 1 444 450 80 81
232 3 2 1 1 41 42 451 445
233 3 2 1 1 445 451 452 446
234 3 2 1 1 446 452 453 447
235 3 2 1 1 447 453 454 448
236 3 2 1 1 448 454 455 449
237 3 2 1 1 449 455 456 450
238 3 2 1 1 450 456 79 80
239 3 2 1 1 42 43 457 451
240 3 2 1 1 451 457 458 452
241 3 2 1 1 452 458 459 453
242 3 2 1 1 453 459 460 454
243 3 2 1 1 454 460 461 455
244 3 2 1 1 455 461 462 456
245 3 2 1 1 456 462 78 79
246 3 2 1 1 43 44 463 457
247 3 2 1 1 457 463 464 458
248 3 2 1 1 458 464 465 459
249 3 2 1 1 459 465 466 460
250 3 2 1 1 460 466 467 461
251 3 2 1 1 461 467 468 462
252 3 2 1 1 462 468 77 78
253 3 2 1 1 44 45 469 463
254 3 2 1 1 463 469 470 464
255 3 2 1 1 464 470 471 465
256 3 2 1 1 465 471 472 466
257 3 2 1 1 466 472 473 467
258 3 2 1 1 467 473 474 468
259 3 2 1 1 468 474 76 77
260 3 2 1 1 45 46 475 469
261 3 2 1 1 469 475 476 470
262 3 2 1 1 470 476 477 471
263 3 2 1 1 471 477 478 472
264 3 2 1 1 472 478 479 473
265 3 2 1 1 473 479 480 474
266 3 2 1 1 474 480 75 76
267 3 2 1 1 46 47 481 475
268 3 2 1 1 475 481 482 476
269 3 2 1 1 476 482 483 477
270 3 2 1 1 477 483 484 478
271 3 2 1 1 478 484 485 479
272 3 2 1 1 479 485 486 480
273 3 2 1 1 480 486 74 75
274 3 2 1 1 47 48 487 481
275 3 2 1 1 481 487 488 482
276 3 2 1 1 482 488 489 483
277 3 2 1 1 483 489 490 484
278 3 2 1 1 484 490 491 485
279 3 2 1 1 485 491 492 486
280 3 2 1 1 486 492 73 74
281 3 2 1 1 48 49 493 487
282 3 2 1 1 487 493 494 488
283 3 2 1 1 488 494 495 489
284 3 2 1 1 489 495 496 490
285 3 2 1 1 490 496 497 491
286 3 2 1 1 491 497 498 492
287 3 2 1 1 492 498 72 73
288 3 2 1 1 49 50 499 493
289 3 2 1 1 493 499 500 494
290 3 2 1 1 494 500 501 495
291 3 2 1 1 495 501 502 496
292 3 2 1 1 496 502 503 497
293 3 2 1 1 497 503 504 498
294 3 2 1 1 498 504 71 72
295 3 2 1 1 50 51 505 499
296 3 2 1 1 499 505 506 500
297 3 2 1 1 500 506 507 501
298 3 2 1 1 501 507 508 502
299 3 2 1 1 502 508 509 503
300 3 2 1 1 503 509 510 504
301 3 2 1 1 504 510 70 71
302 3 2 1 1 51 52 511 505
303 3 2 1 1 505 511 512 506
304 3 2 1 1 506 512 513 507
305 3 2 1 1 507 513 514 508
306 3 2 1 1 508 514 515 509
307 3 2 1 1 509 515 516 510
308 3 2 1 1 510 516 69 70
309 3 2 1 1 52 53 517 511
310 3 2 1 1 511 517 518 512
311 3 2 1 1 512 518 519 513
312 3 2 1 1 513 519 520 514
313 3 2 1 1 514 520 521 515
314 3 2 1 1 515 521 522 516
315 3 2 1 1 516 522 68 69
316 3 2 1 1 53 54 523 517
317 3 2 1 1 517 523 524 518
318 3 2 1 1 518 524 525 519
319 3 2 1 1 519 525 526 520
320 3 2 1 1 520 526 527 521
321 3 2 1 1 521 527 528 522
322 3 2 1 1 522 528 67 68
323 3 2 1 1 54 55 529 523
324 3 2 1 1 523 529 530 524
325 3 2 1 1 524 530 531 525
326 3 2 1 1 525 531 532 526
327 3 2 1 1 526 532 533 527
328 3 2 1 1 527 533 534 528
329 3 2 1 1 528 534 66 67
330 3 2 1 1 55 56 535 529
331 3 2 1 1 529 535 536 530
332 3 2 1 1 530 536 537 531
333 3 2 1 1 531 537 538 532
334 3 2 1 1 532 538 539 533
335 3 2 1 1 533 539 540 534
336 3 2 1 1 534 540 65 66
337 3 2 1 1 56 57 541 535
338 3 2 1 1 535 541 542 536
339 3 2 1 1 536 542 543 537
340 3 2 1 1 537 543 544 538
341 3 2 1 1 538 544 545 539
342 3 2 1 1 539 545 546 540
343 3 2 1 1 540 546 64 65
344 3 2 1 1 57 2 58 541
345 3 2 1 1 541 58 59 542
346 3 2 1 1 542 59 60 543
347 3 2 1 1 543 60 61 544
348 3 2 1 1 544 61 62 545
349 3 2 1 1 545 62 63 546
350 3 2 1 1 546 63 3 64
351 3 2 3 13 1 9 547 229
352 3 2 3 13 229 547 548 230
353 3 2 3 13 230 548 549 231
354 3 2 3 13 231 549 550 232
355 3 2 3 13 232 550 551 233
356 3 2 3 13 233 551 552 234
357 3 2 3 13 234 552 119 5
358 3 2 3 13 9 10 553 547
359 3 2 3 13 547 553 554 548
360 3 2 3 13 548 554 555 549
361 3 2 3 13 549 555 556 550
362 3 2 3 13 550 556 557 551
363 3 2 3 13 551 557 558 552
364 3 2 3 13 552 558 120 119
365 3 2 3 13 10 11 559 553
366 3 2 3 13 553 559 560 554
367 3 2 3 13 554 560 561 555
368 3 2 3 13 555 561 562 556
369 3 2 3 13 556 562 563 557
370 3 2 3 13 557 563 564 558
371 3 2 3 13 558 564 121 120
372 3 2 3 13 11 12 565 559
373 3 2 3 13 559 565 566 560
374 3 2 3 13 560 566 567 561
375 3 2 3 13 561 567 568 562
376 3 2 3 13 562 568 569 563
377 3 2 3 13 563 569 570 564
378 3 2 3 13 564 570 122 121
379 3 2 3 13 12 13 571 565
380 3 2 3 13 565 571 572 566
381 3 2 3 13 566 572 573 567
382 3 2 3 13 567 573 574 568
383 3 2 3 13 568 574 575 569
384 3 2 3 13 569 575 576 570
385 3 2 3 13 570 576 123 122
386 3 2 3 13 13 14 577 571
387 3 2 3 13 571 577 578 572
388 3 2 3 13 572 578 579 573
389 3 2 3 13 573 579 580 574
390 3 2 3 13 574 580 581 575
391 3 2 3 13 575 581 582 576
392 3 2 3 13 576 582 124 123
393 3 2 3 13 14 15 583 577
394 3 2 3 13 577 583 584 578
395 3 2 3 13 578 584 585 579
396 3 2 3 13 579 585 586 580
397 3 2 3 13 580 586 587 581
398 3 2 3 13 581 587 588 582
399 3 2 3 13 582 588 125 124
400 3 2 3 13 15 16 589 583
401 3 2 3 13 583 589 590 584
402 3 2 3 13 584 590 591 585
403 3 2 3 13 585 591 592 586
404 3 2 3 13 586 592 593 587
405 3 2 3 13 587 593 594 588
406 3 2 3 13 588 594 126 125
407 3 2 3 13 16 17 595 589
408 3 2 3 13 589 595 596 590
409 3 2 3 13 590 596 597 591
410 3 2 3 13 591 597 598 592
411 3 2 3 13 592 598 599 593
412 3 2 3 13 593 599 600 594
413 3 2 3 13 594 600 127 126
414 3 2 3 13 17 18 601 595
415 3 2 3 13 595 601 602 596
416 3 2 3 13 596 602 603 597
417 3 2 3 13 597 603 604 598
418 3 2 3 13 598 604 605 599
419 3 2 3 13 599 605 606 600
420 3 2 3 13 600 606 128 127
421 3 2 3 13 18 19 607 601
422 3 2 3 13 601 607 608 602
423 3 2 3 13 602 608 609 603
424 3 2 3 13 603 609 610 604
425 3 2 3 13 604 610 611 605
426 3 2 3 13 605 611 612 606
427 3 2 3 13 606 612 129 128
428 3 2 3 13 19 20 613 607
429 3 2 3 13 607 613 614 608
430 3 2 3 13 608 614 615 609
431 3 2 3 13 609 615 616 610
432 3 2 3 13 610 616 617 611
433 3 2 3 13 611 617 618 612
434 3 2 3 13 612 618 130 129
435 3 2 3 13 20 21 619 613
436 3 2 3 13 613 619 620 614
437 3 2 3 13 614 620 621 615
438 3 2 3 13 615 621 622 616
439 3 2 3 13 616 622 623 617
440 3 2 3 13 617 623 624 618
441 3 2 3 13 618 624 131 130
442 3 2 3 13 21 22 625 619
443 3 2 3 13 619 625 626 620
444 3 2 3 13 620 626 627 621
445 3 2 3 13 621 627 628 622
446 3 2 3 13 622 628 629 623
447 3 2 3 13 623 629 630 624
448 3 2 3 13 624 630 132 131
449 3 2 3 13 22 23 631 625
450 3 2 3 13 625 631 632 626
451 3 2 3 13 626 632 633 627
452 3 2 3 13 627 633 634 628
453 3 2 3 13 628 634 635 629
454 3 2 3 13 629 635 636 630
455 3 2 3 13 630 636 133 132
456 3 2 3 13 23 24 637 631
457 3 2 3 13 631 637 638 632
458 3 2 3 13 632 638 639 633
459 3 2 3 13 633 639 640 634
460 3 2 3 13 634 640 641 635
461 3 2 3 13 635 641 642 636
462 3 2 3 13 636 642 134 133
463 3 2 3 13 24 25 643 637
464 3 2 3 13 637 643 644 638
465 3 2 3 13 638 644 645 639
466 3 2 3 13 639 645 646 640
467 3 2 3 13 640 646 647 641
468 3 2 3 13 641 647 648 642
469 3 2 3 13 642 648 135 134
470 3 2 3 13 25 26 649 643
471 3 2 3 13 643 649 650 644
472 3 2 3 13 644 650 651 645
473 3 2 3 13 645 651 652 646
474 3 2 3 13 646 652 653 647
475 3 2 3 13 647 653 654 648
476 3 2 3 13 648 654 136 135
477 3 2 3 13 26 27 655 649
478 3 2 3 13 649 655 656 650
479 3 2 3 13 650 656 657 651
480 3 2 3 13 651 657 658 652
481 3 2 3 13 652 658 659 653
482 3 2 3 13 653 659 660 654
483 3 2 3 13 654 660 137 136
484 3 2 3 13 27 28 661 655
485 3 2 3 13 655 661 662 656
486 3 2 3 13 656 662 663 657
487 3 2 3 13 657 663 664 658
488 3 2 3 13 658 664 665 659
489 3 2 3 13 659 665 666 660
490 3 2 3 13 660 666 138 137
491 3 2 3 13 28 29 667 661
492 3 2 3 13 661 667 668 662
493 3 2 3 13 662 668 669 663
494 3 2 3 13 663 669 670 664
495 3 2 3 13 664 670 671 665
496 3 2 3 13 665 671 672 666
497 3 2 3 13 666 672 139 138
498 3 2 3 13 29 30 673 667
499 3 2 3 13 667 673 674 668
500 3 2 3 13 668 674 675 669
501 3 2 3 13 669 675 676 670
502 3 2 3 13 670 676 677 671
503 3 2 3 13 671 677 678 672
504 3 2 3 13 672 678 140 139
505 3 2 3 13 30 31 679 673
506 3 2 3 13 673 679 680 674
507 3 2 3 13 674 680 681 675
508 3 2 3 13 675 681 682 676
509 3 2 3 13 676 682 683 677
510 3 2 3 13 677 683 684 678
511 3 2 3 13 678 684 141 140
512 3 2 3 13 31 32 685 679
513 3 2 3 13 679 685 686 680
514 3 2 3 13 680 686 687 681
515 3 2 3 13 681 687 688 682
516 3 2 3 13 682 688 689 683
517 3 2 3 13 683 689 690 684
518 3 2 3 13 684 690 142 141
519 3 2 3 13 32 33 691 685
520 3 2 3 13 685 691 692 686
521 3 2 3 13 686 692 693 687
522 3 2 3 13 687 693 694 688
523 3 2 3 13 688 694 695 689
524 3 2 3 13 689 695 696 690
525 3 2 3 13 690 696 143 142
526 3 2 3 13 33 34 697 691
527 3 2 3 13 691 697 698 692
528 3 2 3 13 692 698 699 693
529 3 2 3 13 693 699 700 694
530 3 2 3 13 694 700 701 695
531 3 2 3 13 695 701 702 696
532 3 2 3 13 696 702 144 143
533 3 2 3 13 34 35 703 697
534 3 2 3 13 697 703 704 698
535 3 2 3 13 698 704 705 699
536 3 2 3 13 699 705 706 700
537 3 2 3 13 700 706 707 701
538 3 2 3 13 701 707 708 702
539 3 2 3 13 702 708 145 144
540 3 2 3 13 35 36 709 703
541 3 2 3 13 703 709 710 704
542 3 2 3 13 704 710 711 705
543 3 2 3 13 705 711 712 706
544 3 2 3 13 706 712 713 707
545 3 2 3 13 707 713 714 708
546 3 2 3 13 708 714 146 145
547 3 2 3 13 36 37 715 709
548 3 2 3 13 709 715 716 710
549 3 2 3 13 710 716 717 711
550 3 2 3 13 711 717 718 712
551 3 2 3 13 712 718 719 713
552 3 2 3 13 713 719 720 714
553 3 2 3 13 714 720 147 146
554 3 2 3 13 37 38 721 715
555 3 2 3 13 715 721 722 716
556 3 2 3 13 716 722 723 717
557 3 2 3 13 717 723 724 718
558 3 2 3 13 718 724 725 719
559 3 2 3 13 719 725 726 720
560 3 2 3 13 720 726 148 147
561 3 2 3 13 38 39 727 721
562 3 2 3 13 721 727 728 722
563 3 2 3 13 722 728 729 723
564 3 2 3 13 723 729 730 724
565 3 2 3 13 724 730 731 725
566 3 2 3 13 725 731 732 726
567 3 2 3 13 726 732 149 148
568 3 2 3 13 39 40 733 727
569 3 2 3 13 727 733 734 728
570 3 2 3 13 728 734 735 729
571 3 2 3 13 729 735 736 730
572 3 2 3 13 730 736 737 731
573 3 2 3 13 731 737 738 732
574 3 2 3 13 732 738 150 149
575 3 2 3 13 40 41 739 733
576 3 2 3 13 733 739 740 734
577 3 2 3 13 734 740 741 735
578 3 2 3 13 735 741 742 736
579 3 2 3 13 736 742 743 737
580 3 2 3 13 737 743 744 738
581 3 2 3 13 738 744 151 150
582 3 2 3 13 41 42 745 739
583 3 2 3 13 739 745 746 740
584 3 2 3 13 740 746 747 741
585 3 2 3 13 741 747 748 742
586 3 2 3 13 742 748 749 743
587 3 2 3 13 743 749 750 744
588 3 2 3 13 744 750 152 151
589 3 2 3 13 42 43 751 745
590 3 2 3 13 745 751 752 746
591 3 2 3 13 746 752 753 747
592 3 2 3 13 747 753 754 748
593 3 2 3 13 748 754 755 749
594 3 2 3 13 749 755 756 750
595 3 2 3 13 750 756 153 152
596 3 2 3 13 43 44 757 751
597 3 2 3 13 751 757 758 752
598 3 2 3 13 752 758 759 753
599 3 2 3 13 753 759 760 754
600 3 2 3 13 754 760 761 755
601 3 2 3 13 755 761 762 756
602 3 2 3 13 756 762 154 153
603 3 2 3 13 44 45 763 757
604 3 2 3 13 757 763 764 758
605 3 2 3 13 758 764 765 759
606 3 2 3 13 759 765 766 760
607 3 2 3 13 760 766 767 761
608 3 2 3 13 761 767 768 762
609 3 2 3 13 762 768 155 154
610 3 2 3 13 45 46 769 763
611 3 2 3 13 763 769 770 764
612 3 2 3 13 764 770 771 765
613 3 2 3 13 765 771 772 766
614 3 2 3 13 766 772 773 767
615 3 2 3 13 767 773 774 768
616 3 2 3 13 768 774 156 155
617 3 2 3 13 46 47 775 769
618 3 2 3 13 769 775 776 770
619 3 2 3 13 770 776 777 771
620 3 2 3 13 771 777 778 772
621 3 2 3 13 772 778 779 773
622 3 2 3 13 773 779 780 774
623 3 2 3 13 774 780 157 156
624 3 2 3 13 47 48 781 775
625 3 2 3 13 775 781 782 776
626 3 2 3 13 776 782 783 777
627 3 2 3 13 777 783 784 778
628 3 2 3 13 778 784 785 779
629 3 2 3 13 779 785 786 780
630 3 2 3 13 780 786 158 157
631 3 2 3 13 48 49 787 781
632 3 2 3 13 781 787 788 782
633 3 2 3 13 782 788 789 783
634 3 2 3 13 783 789 790 784
635 3 2 3 13 784 790 791 785
636 3 2 3 13 785 791 792 786
637 3 2 3 13 786 792 159 158
638 3 2 3 13 49 50 793 787
639 3 2 3 13 787 793 794 788
640 3 2 3 13 788 794 795 789
641 3 2 3 13 789 795 796 790
642 3 2 3 13 790 796 797 791
643 3 2 3 13 791 797 798 792
644 3 2 3 13 792 798 160 159
645 3 2 3 13 50 51 799 793
646 3 2 3 13 793 799 800 794
647 3 2 3 13 794 800 801 795
648 3 2 3 13 795 801 802 796
649 3 2 3 13 796 802 803 797
650 3 2 3 13 797 803 804 798
651 3 2 3 13 798 804 161 160
652 3 2 3 13 51 52 805 799
653 3 2 3 13 799 805 806 800
654 3 2 3 13 800 806 807 801
655 3 2 3 13 801 807 808 802
656 3 2 3 13 802 808 809 803
657 3 2 3 13 803 809 810 804
658 3 2 3 13 804 810 162 161
659 3 2 3 13 52 53 811 805
660 3 2 3 13 805 811 812 806
661 3 2 3 13 806 812 813 807
662 3 2 3 13 807 813 814 808
663 3 2 3 13 808 814 815 809
664 3 2 3 13 809 815 816 810
665 3 2 3 13 810 816 163 162
666 3 2 3 13 53 54 817 811
667 3 2 3 13 811 817 818 812
668 3 2 3 13 812 818 819 813
669 3 2 3 13 813 819 820 814
670 3 2 3 13 814 820 821 815
671 3 2 3 13 815 821 822 816
672 3 2 3 13 816 822 164 163
673 3 2 3 13 54 55 823 817
674 3 2 3 13 817 823 824 818
675 3 2 3 13 818 824 825 819
676 3 2 3 13 819 825 826 820
677 3 2 3 13 820 826 827 821
678 3 2 3 13 821 827 828 822
679 3 2 3 13 822 828 165 164
680 3 2 3 13 55 56 829 823
681 3 2 3 13 823 829 830 824
682 3 2 3 13 824 830 831 825
683 3 2 3 13 825 831 832 826
684 3 2 3 13 826 832 833 827
685 3 2 3 13 827 833 834 828
686 3 2 3 13 828 834 166 165
687 3 2 3 13 56 57 835 829
688 3 2 3 13 829 835 836 830
689 3 2 3 13 830 836 837 831
690 3 2 3 13 831 837 838 832
691 3 2 3 13 832 838 839 833
692 3 2 3 13 833 839 840 834
693 3 2 3 13 834 840 167 166
694 3 2 3 13 57 2 235 835
695 3 2 3 13 835 235 236 836
696 3 2 3 13 836 236 237 837
697 3 2 3 13 837 237 238 838
698 3 2 3 13 838 238 239 839
699 3 2 3 13 839 239 240 840
700 3 2 3 13 840 240 6 167
701 3 2 4 17 2 58 841 235
702 3 2 4 17 235 841 842 236
703 3 2 4 17 236 842 843 237
704 3 2 4 17 237 843 844 238
705 3 2 4 17 238 844 845 239
706 3 2 4 17 239 845 846 240
707 3 2 4 17 240 846 168 6
708 3 2 4 17 58 59 847 841
709 3 2 4 17 841 847 848 842
710 3 2 4 17 842 848 849 843
711 3 2 4 17 843 849 850 844
712 3 2 4 17 844 850 851 845
713 3 2 4 17 845 851 852 846
714 3 2 4 17 846 852 169 168
715 3 2 4 17 59 60 853 847
716 3 2 4 17 847 853 854 848
717 3 2 4 17 848 854 855 849
718 3 2 4 17 849 855 856 850
719 3 2 4 17 850 856 857 851
720 3 2 4 17 851 857 858 852
721 3 2 4 17 852 858 170 169
722 3 2 4 17 60 61 859 853
723 3 2 4 17 853 859 860 854
724 3 2 4 17 854 860 861 855
725 3 2 4 17 855 861 862 856
726 3 2 4 17 856 862 863 857
727 3 2 4 17 857 863 864 858
728 3 2 4 17 858 864 171 170
729 3 2 4 17 61 62 865 859
730 3 2 4 17 859 865 866 860
731 3 2 4 17 860 866 867 861
732 3 2 4 17 861 867 868 862
733 3 2 4 17 862 868 869 863
734 3 2 4 17 863 869 870 864
735 3 2 4 17 864 870 172 171
736 3 2 4 17 62 63 871 865
737 3 2 4 17 865 871 872 866
738 3 2 4 17 866 872 873 867
739 3 2 4 17 867 873 874 868
740 3 2 4 17 868 874 875 869
741 3 2 4 17 869 875 876 870
742 3 2 4 17 870 876 173 172
743 3 2 4 17 63 3 241 871
744 3 2 4 17 871 241 242 872
745 3 2 4 17 872 242 243 873
746 3 2 4 17 873 243 244 874
747 3 2 4 17 874 244 245 875
748 3 2 4 17 875 245 246 876
749 3 2 4 17 876 246 7 173
750 3 2 5 21 3 64 877 241
751 3 2 5 21 241 877 878 242
752 3 2 5 21 242 878 879 243
753 3 2 5 21 243 879 880 244
754 3 2 5 21 244 880 881 245
755 3 2 5 21 245 881 882 246
756 3 2 5 21 246 882 174 7
757 3 2 5 21 64 65 883 877
758 3 2 5 21 877 883 884 878
759 3 2 5 21 878 884 885 879
760 3 2 5 21 879 885 886 880
761 3 2 5 21 880 886 887 881
762 3 2 5 21 881 887 888 882
763 3 2 5 21 882 888 175 174
764 3 2 5 21 65 66 889 883
765 3 2 5 21 883 889 890 884
766 3 2 5 21 884 890 891 885
767 3 2 5 21 885 891 892 886
768 3 2 5 21 886 892 893 887
769 3 2 5 21 887 893 894 888
770 3 2 5 21 888 894 176 175
771 3 2 5 21 66 67 895 889
772 3 2 5 21 889 895 896 890
773 3 2 5 21 890 896 897 891
774 3 2 5 21 891 897 898 892
775 3 2 5 21 892 898 899 893
776 3 2 5 21 893 899 900 894
777 3 2 5 21 894 900 177 176
778 3 2 5 21 67 68 901 895
779 3 2 5 21 895 901 902 896
780 3 2 5 21 896 902 903 897
781 3 2 5 21 897 903 904 898
782 3 2 5 21 898 904 905 899
783 3 2 5 21 899 905 906 900
784 3 2 5 21 900 906 178 177
785 3 2 5 21 68 69 907 901
786 3 2 5 21 901 907 908 902
787 3 2 5 21 902 908 909 903
788 3 2 5 21 903 909 910 904
789 3 2 5 21 904 910 911 905
790 3 2 5 21 905 911 912 906
791 3 2 5 21 906 912 179 178
792 3 2 5 21 69 70 913 907
793 3 2 5 21 907 913 914 908
794 3 2 5 21 908 914 915 909
795 3 2 5 21 909 915 916 910
796 3 2 5 21 910 916 917 911
797 3 2 5 21 911 917 918 912
798 3 2 5 21 912 918 180 179
799 3 2 5 21 70 71 919 913
800 3 2 5 21 913 919 920 914
801 3 2 5 21 914 920 921 915
802 3 2 5 21 915 921 922 916
803 3 2 5 21 916 922 923 917
804 3 2 5 21 917 923 924 918
805 3 2 5 21 918 924 181 180
806 3 2 5 21 71 72 925 919
807 3 2 5 21 919 925 926 920
808 3 2 5 21 920 926 927 921
809 3 2 5 21 921 927 928 922
810 3 2 5 21 922 928 929 923
811 3 2 5 21 923 929 930 924
812 3 2 5 21 924 930 182 181
813 3 2 5 21 72 73 931 925
814 3 2 5 21 925 931 932 926
815 3 2 5 21 926 932 933 927
816 3 2 5 21 927 933 934 928
817 3 2 5 21 928 934 935 929
818 3 2 5 21 929 935 936 930
819 3 2 5 21 930 936 183 182
820 3 2 5 21 73 74 937 931
821 3 2 5 21 931 937 938 932
822 3 2 5 21 932 938 939 933
823 3 2 5 21 933 939 940 934
824 3 2 5 21 934 940 941 935
825 3 2 5 21 935 941 942 936
826 3 2 5 21 936 942 184 183
827 3 2 5 21 74 75 943 937
828 3 2 5 21 937 943 944 938
829 3 2 5 21 938 944 945 939
830 3 2 5 21 939 945 946 940
831 3 2 5 21 940 946 947 941
832 3 2 5 21 941 947 948 942
833 3 2 5 21 942 948 185 184
834 3 2 5 21 75 76 949 943
835 3 2 5 21 943 949 950 944
836 3 2 5 21 944 950 951 945
837 3 2 5 21 945 951 952 946
838 3 2 5 21 946 952 953 947
839 3 2 5 21 947 953 954 948
840 3 2 5 21 948 954 186 185
841 3 2 5 21 76 77 955 949
842 3 2 5 21 949 955 956 950
843 3 2 5 21 950 956 957 951
844 3 2 5 21 951 957 958 952
845 3 2 5 21 952 958 959 953
846 3 2 5 21 953 959 960 954
847 3 2 5 21 954 960 187 186
848 3 2 5 21 77 78 961 955
849 3 2 5 21 955 961 962 956
850 3 2 5 21 956 962 963 957
851 3 2 5 21 957 963 964 958
852 3 2 5 21 958 964 965 959
853 3 2 5 21 959 965 966 960
854 3 2 5 21 960 966 188 187
855 3 2 5 21 78 79 967 961
856 3 2 5 21 961 967 968 962
857 3 2 5 21 962 968 969 963
858 3 2 5 21 963 969 970 964
859 3 2 5 21 964 970 971 965
860 3 2 5 21 965 971 972 966
861 3 2 5 21 966 972 189 188
862 3 2 5 21 79 80 973 967
863 3 2 5 21 967 973 974 968
864 3 2 5 21 968 974 975 969
865 3 2 5 21 969 975 976 970
866 3 2 5 21 970 976 977 971
867 3 2 5 21 971 977 978 972
868 3 2 5 21 972 978 190 189
869 3 2 5 21 80 81 979 973
870 3 2 5 21 973 979 980 974
871 3 2 5 21 974 980 981 975
872 3 2 5 21 975 981 982 976
873 3 2 5 21 976 982 983 977
874 3 2 5 21 977 983 984 978
875 3 2 5 21 978 984 191 190
876 3 2 5 21 81 82 985 979
877 3 2 5 21 979 985 986 980
878 3 2 5 21 980 986 987 981
879 3 2 5 21 981 987 988 982
880 3 2 5 21 982 988 989 983
881 3 2 5 21 983 989 990 984
882 3 2 5 21 984 990 192 191
883 3 2 5 21 82 83 991 985
884 3 2 5 21 985 991 992 986
885 3 2 5 21 986 992 993 987
886 3 2 5 21 987 993 994 988
887 3 2 5 21 988 994 995 989
888 3 2 5 21 989 995 996 990
889 3 2 5 21 990 996 193 192
890 3 2 5 21 83 84 997 991
891 3 2 5 21 991 997 998 992
892 3 2 5 21 992 998 999 993
893 3 2 5 21 993 999 1000 994
894 3 2 5 21 994 1000 1001 995
895 3 2 5 21 995 1001 1002 996
896 3 2 5 21 996 1002 194 193
897 3 2 5 21 84 85 1003 997
898 3 2 5 21 997 1003 1004 998
899 3 2 5 21 998 1004 1005 999
900 3 2 5 21 999 1005 1006 1000
901 3 2 5 21 1000 1006 1007 1001
902 3 2 5 21 1001 1007 1008 1002
903 3 2 5 21 1002 1008 195 194
904 3 2 5 21 85 86 1009 1003
905 3 2 5 21 1003 1009 1010 1004
906 3 2 5 21 1004 1010 1011 1005
907 3 2 5 21 1005 1011 1012 1006
908 3 2 5 21 1006 1012 1013 1007
909 3 2 5 21 1007 1013 1014 1008
910 3 2 5 21 1008 1014 196 195
911 3 2 5 21 86 87 1015 1009
912 3 2 5 21 1009 1015 1016 1010
913 3 2 5 21 1010 1016 1017 1011
914 3 2 5 21 1011 1017 1018 1012
915 3 2 5 21 1012 1018 1019 1013
916 3 2 5 21 1013 1019 1020 1014
917 3 2 5 21 1014 1020 197 196
918 3 2 5 21 87 88 1021 1015
919 3 2 5 21 1015 1021 1022 1016
920 3 2 5 21 1016 1022 1023 1017
921 3 2 5 21 1017 1023 1024 1018
922 3 2 5 21 1018 1024 1025 1019
923 3 2 5 21 1019 1025 1026 1020
924 3 2 5 21 1020 1026 198 197
925 3 2 5 21 88 89 1027 1021
926 3 2 5 21 1021 1027 1028 1022
927 3 2 5 21 1022 1028 1029 1023
928 3 2 5 21 1023 1029 1030 1024
929 3 2 5 21 1024 1030 1031 1025
930 3 2 5 21 1025 1031 1032 1026
931 3 2 5 21 1026 1032 199 198
932 3 2 5 21 89 90 1033 1027
933 3 2 5 21 1027 1033 1034 1028
934 3 2 5 21 1028 1034 1035 1029
935 3 2 5 21 1029 1035 1036 1030
936 3 2 5 21 1030 1036 1037 1031
937 3 2 5 21 1031 1037 1038 1032
938 3 2 5 21 1032 1038 200 199
939 3 2 5 21 90 91 1039 1033
940 3 2 5 21 1033 1039 1040 1034
941 3 2 5 21 1034 1040 1041 1035
942 3 2 5 21 1035 1041 1042 1036
943 3 2 5 21 1036 1042 1043 1037
944 3 2 5 21 1037 1043 1044 1038
945 3 2 5 21 1038 1044 201 200
946 3 2 5 21 91 92 1045 1039
947 3 2 5 21 1039 1045 1046 1040
948 3 2 5 21 1040 1046 1047 1041
949 3 2 5 21 1041 1047 1048 1042
950 3 2 5 21 1042 1048 1049 1043
951 3 2 5 21 1043 1049 1050 1044
952 3 2 5 21 1044 1050 202 201
953 3 2 5 21 92 93 1051 1045
954 3 2 5 21 1045 1051 1052 1046
955 3 2 5 21 1046 1052 1053 1047
956 3 2 5 21 1047 1053 1054 1048
957 3 2 5 21 1048 1054 1055 1049
958 3 2 5 21 1049 1055 1056 1050
959 3 2 5 21 1050 1056 203 202
960 3 2 5 21 93 94 1057 1051
961 3 2 5 21 1051 1057 1058 1052
962 3 2 5 21 1052 1058 1059 1053
963 3 2 5 21 1053 1059 1060 1054
964 3 2 5 21 1054 1060 1061 1055
965 3 2 5 21 1055 1061 1062 1056
966 3 2 5 21 1056 1062 204 203
967 3 2 5 21 94 95 1063 1057
968 3 2 5 21 1057 1063 1064 1058
969 3 2 5 21 1058 1064 1065 1059
970 3 2 5 21 1059 1065 1066 1060
971 3 2 5 21 1060 1066 1067 1061
972 3 2 5 21 1061 1067 1068 1062
973 3 2 5 21 1062 1068 205 204
974 3 2 5 21 95 96 1069 1063
975 3 2 5 21 1063 1069 1070 1064
976 3 2 5 21 1064 1070 1071 1065
977 3 2 5 21 1065 1071 1072 1066
978 3 2 5 21 1066 1072 1073 1067
979 3 2 5 21 1067 1073 1074 1068
980 3 2 5 21 1068 1074 206 205
981 3 2 5 21 96 97 1075 1069
982 3 2 5 21 1069 1075 1076 1070
983 3 2 5 21 1070 1076 1077 1071
984 3 2 5 21 1071 1077 1078 1072
985 3 2 5 21 1072 1078 1079 1073
986 3 2 5 21 1073 1079 1080 1074
987 3 2 5 21 1074 1080 207 206
988 3 2 5 21 97 98 1081 1075
989 3 2 5 21 1075 1081 1082 1076
990 3 2 5 21 1076 1082 1083 1077
991 3 2 5 21 1077 1083 1084 1078
992 3 2 5 21 1078 1084 1085 1079
993 3 2 5 21 1079 1085 1086 1080
994 3 2 5 21 1080 1086 208 207
995 3 2 5 21 98 99 1087 1081
996 3 2 5 21 1081 1087 1088 1082
997 3 2 5 21 1082 1088 1089 1083
998 3 2 5 21 1083 1089 1090 1084
999 3 2 5 21 1084 1090 1091 1085
1000 3 2 5 21 1085 1091 1092 1086
1001 3 2 5 21 1086 1092 209 208
1002 3 2 5 21 99 100 1093 1087
1003 3 2 5 21 1087 1093 1094 1088
1004 3 2 5 21 1088 1094 1095 1089
1005 3 2 5 21 1089 1095 1096 1090
1006 3 2 5 21 1090 1096 1097 1091
1007 3 2 5 21 1091 1097 1098 1092
1008 3 2 5 21 1092 1098 210 209
1009 3 2 5 21 100 101 1099 1093
1010 3 2 5 21 1093 1099 1100 1094
1011 3 2 5 21 1094 1100 1101 1095
1012 3 2 5 21 1095 1101 1102 1096
1013 3 2 5 21 1096 1102 1103 1097
1014 3 2 5 21 1097 1103 1104 1098
1015 3 2 5 21 1098 1104 211 210
1016 3 2 5 21 101 102 1105 1099
1017 3 2 5 21 1099 1105 1106 1100
1018 3 2 5 21 1100 1106 1107 1101
1019 3 2 5 21 1101 1107 1108 1102
1020 3 2 5 21 1102 1108 1109 1103
1021 3 2 5 21 1103 1109 1110 1104
1022 3 2 5 21 1104 1110 212 211
1023 3 2 5 21 102 103 1111 1105
1024 3 2 5 21 1105 1111 1112 1106
1025 3 2 5 21 1106 1112 1113 1107
1026 3 2 5 21 1107 1113 1114 1108
1027 3 2 5 21 1108 1114 1115 1109
1028 3 2 5 21 1109 1115 1116 1110
1029 3 2 5 21 1110 1116 213 212
1030 3 2 5 21 103 104 1117 1111
1031 3 2 5 21 1111 1117 1118 1112
1032 3 2 5 21 1112 1118 1119 1113
1033 3 2 5 21 1113 1119 1120 1114
1034 3 2 5 21 1114 1120 1121 1115
1035 3 2 5 21 1115 1121 1122 1116
1036 3 2 5 21 1116 1122 214 213
1037 3 2 5 21 104 105 1123 1117
1038 3 2 5 21 1117 1123 1124 1118
1039 3 2 5 21 1118 1124 1125 1119
1040 3 2 5 21 1119 1125 1126 1120
1041 3 2 5 21 1120 1126 1127 1121
1042 3 2 5 21 1121 1127 1128 1122
1043 3 2 5 21 1122 1128 215 214
1044 3 2 5 21 105 106 1129 1123
1045 3 2 5 21 1123 1129 1130 1124
1046 3 2 5 21 1124 1130 1131 1125
1047 3 2 5 21 1125 1131 1132 1126
1048 3 2 5 21 1126 1132 1133 1127
1049 3 2 5 21 1127 1133 1134 1128
1050 3 2 5 21 1128 1134 216 215
1051 3 2 5 21 106 107 1135 1129
1052 3 2 5 21 1129 1135 1136 1130
1053 3 2 5 21 1130 1136 1137 1131
1054 3 2 5 21 1131 1137 1138 1132
1055 3 2 5 21 1132 1138 1139 1133
1056 3 2 5 21 1133 1139 1140 1134
1057 3 2 5 21 1134 1140 217 216
1058 3 2 5 21 107 108 1141 1135
1059 3 2 5 21 1135 1141 1142 1136
1060 3 2 5 21 1136 1142 1143 1137
1061 3 2 5 21 1137 1143 1144 1138
1062 3 2 5 21 1138 1144 1145 1139
1063 3 2 5 21 1139 1145 1146 1140
1064 3 2 5 21 1140 1146 218 217
1065 3 2 5 21 108 109 1147 1141
1066 3 2 5 21 1141 1147 1148 1142
1067 3 2 5 21 1142 1148 1149 1143
1068 3 2 5 21 1143 1149 1150 1144
1069 3 2 5 21 1144 1150 1151 1145
1070 3 2 5 21 1145 1151 1152 1146
1071 3 2 5 21 1146 1152 219 218
1072 3 2 5 21 109 110 1153 1147
1073 3 2 5 21 1147 1153 1154 1148
1074 3 2 5 21 1148 1154 1155 1149
1075 3 2 5 21 1149 1155 1156 1150
1076 3 2 5 21 1150 1156 1157 1151
1077 3 2 5 21 1151 1157 1158 1152
1078 3 2 5 21 1152 1158 220 219
1079 3 2 5 21 110 111 1159 1153
1080 3 2 5 21 1153 1159 1160 1154
1081 3 2 5 21 1154 1160 1161 1155
1082 3 2 5 21 1155 1161 1162 1156
1083 3 2 5 21 1156 1162 1163 1157
1084 3 2 5 21 1157 1163 1164 1158
1085 3 2 5 21 1158 1164 221 220
1086 3 2 5 21 111 112 1165 1159
1087 3 2 5 21 1159 1165 1166 1160
1088 3 2 5 21 1160 1166 1167 1161
1089 3 2 5 21 1161 1167 1168 1162
1090 3 2 5 21 1162 1168 1169 1163
1091 3 2 5 21 1163 1169 1170 1164
1092 3 2 5 21 1164 1170 222 221
1093 3 2 5 21 112 4 247 1165
1094 3 2 5 21 1165 247 248 1166
1095 3 2 5 21 1166 248 249 1167
1096 3 2 5 21 1167 249 250 1168
1097 3 2 5 21 1168 250 251 1169
1098 3 2 5 21 1169 251 252 1170
1099 3 2 5 21 1170 252 8 222
1100 3 2 6 25 4 113 1171 247
1101 3 2 6 25 247 1171 1172 248
1102 3 2 6 25 248 1172 1173 249
1103 3 2 6 25 249 1173 1174 250
1104 3 2 6 25 250 1174 1175 251
1105 3 2 6 25 251 1175 1176 252
1106 3 2 6 25 252 1176 223 8
1107 3 2 6 25 113 114 1177 1171
1108 3 2 6 25 1171 1177 1178 1172
1109 3 2 6 25 1172 1178 1179 1173
1110 3 2 6 25 1173 1179 1180 1174
1111 3 2 6 25 1174 1180 1181 1175
1112 3 2 6 25 1175 1181 1182 1176
1113 3 2 6 25 1176 1182 224 223
1114 3 2 6 25 114 115 1183 1177
1115 3 2 6 25 1177 1183 1184 1178
1116 3 2 6 25 1178 1184 1185 1179
1117 3 2 6 25 1179 1185 1186 1180
1118 3 2 6 25 1180 1186 1187 1181
1119 3 2 6 25 1181 1187 1188 1182
1120 3 2 6 25 1182 1188 225 224
1121 3 2 6 25 115 116 1189 1183
1122 3 2 6 25 1183 1189 1190 1184
1123 3 2 6 25 1184 1190 1191 1185
1124 3 2 6 25 1185 1191 1192 1186
1125 3 2 6 25 1186 1192 1193 1187
1126 3 2 6 25 1187 1193 1194 1188
1127 3 2 6 25 1188 1194 226 225
1128 3 2 6 25 116 117 1195 1189
1129 3 2 6 25 1189 1195 1196 1190
1130 3 2 6 25 1190 1196 1197 1191
1131 3 2 6 25 1191 1197 1198 1192
1132 3 2 6 25 1192 1198 1199 1193
1133 3 2 6 25 1193 1199 1200 1194
1134 3 2 6 25 1194 1200 227 226
1135 3 2 6 25 117 118 1201 1195
1136 3 2 6 25 1195 1201 1202 1196
1137 3 2 6 25 1196 1202 1203 1197
1138 3 2 6 25 1197 1203 1204 1198
1139 3 2 6 25 1198 1204 1205 1199
1140 3 2 6 25 1199 1205 1206 1200
1141 3 2 6 25 1200 1206 228 227
1142 3 2 6 25 118 1 229 1201
1143 3 2 6 25 1201 229 230 1202
1144 3 2 6 25 1202 230 231 1203
1145 3 2 6 25 1203 231 232 1204
1146 3 2 6 25 1204 232 233 1205
1147 3 2 6 25 1205 233 234 1206
1148 3 2 6 25 1206 234 5 228
1149 3 2 2 26 5 119 1207 228
1150 3 2 2 26 228 1207 1208 227
1151 3 2 2 26 227 1208 1209 226
1152 3 2 2 26 226 1209 1210 225
1153 3 2 2 26 225 1210 1211 224
1154 3 2 2 26 224 1211 1212 223
1155 3 2 2 26 223 1212 222 8
1156 3 2 2 26 119 120 1213 1207
1157 3 2 2 26 1207 1213 1214 1208
1158 3 2 2 26 1208 1214 1215 1209
1159 3 2 2 26 1209 1215 1216 1210
1160 3 2 2 26 1210 1216 1217 1211
1161 3 2 2 26 1211 1217 1218 1212
1162 3 2 2 26 1212 1218 221 222
1163 3 2 2 26 120 121 1219 1213
1164 3 2 2 26 1213 1219 1220 1214
1165 3 2 2 26 1214 1220 1221 1215
1166 3 2 2 26 1215 1221 1222 1216
1167 3 2 2 26 1216 1222 1223 1217
1168 3 2 2 26 1217 1223 1224 1218
1169 3 2 2 26 1218 1224 220 221
1170 3 2 2 26 121 122 1225 1219
1171 3 2 2 26 1219 1225 1226 1220
1172 3 2 2 26 1220 1226 1227 1221
1173 3 2 2 26 1221 1227 1228 1222
1174 3 2 2 26 1222 1228 1229 1223
1175 3 2 2 26 1223 1229 1230 1224
1176 3 2 2 26 1224 1230 219 220
1177 3 2 2 26 122 123 1231 1225
1178 3 2 2 26 1225 1231 1232 1226
1179 3 2 2 26 1226 1232 1233 1227
1180 3 2 2 26 1227 1233 1234 1228
1181 3 2 2 26 1228 1234 1235 1229
1182 3 2 2 26 1229 1235 1236 1230
1183 3 2 2 26 1230 1236 218 219
1184 3 2 2 26 123 124 1237 1231
1185 3 2 2 26 1231 1237 1238 1232
1186 3 2 2 26 1232 1238 1239 1233
1187 3 2 2 26 1233 1239 1240 1234
1188 3 2 2 26 1234 1240 1241 1235
1189 3 2 2 26 1235 1241 1242 1236
1190 3 2 2 26 1236 1242 217 218
1191 3 2 2 26 124 125 1243 1237
1192 3 2 2 26 1237 1243 1244 1238
1193 3 2 2 26 1238 1244 1245 1239
1194 3 2 2 26 1239 1245 1246 1240
1195 3 2 2 26 1240 1246 1247 1241
1196 3 2 2 26 1241 1247 1248 1242
1197 3 2 2 26 1242 1248 216 217
1198 3 2 2 26 125 126 1249 1243
1199 3 2 2 26 1243 1249 1250 1244
1200 3 2 2 26 1244 1250 1251 1245
1201 3 2 2 26 1245 1251 1252 1246
1202 3 2 2 26 1246 1252 1253 1247
1203 3 2 2 26 1247 1253 1254 1248
1204 3 2 2 26 1248 1254 215 216
1205 3 2 2 26 126 127 1255 1249
1206 3 2 2 26 1249 1255 1256 1250
1207 3 2 2 26 1250 1256 1257 1251
1208 3 2 2 26 1251 1257 1258 1252
1209 3 2 2 26 1252 1258 1259 1253
1210 3 2 2 26 1253 1259 1260 1254
1211 3 2 2 26 1254 1260 214 215
1212 3 2 2 26 127 128 1261 1255
1213 3 2 2 26 1255 1261 1262 1256
1214 3 2 2 26 1256 1262 1263 1257
1215 3 2 2 26 1257 1263 1264 1258
1216 3 2 2 26 1258 1264 1265 1259
1217 3 2 2 26 1259 1265 1266 1260
1218 3 2 2 26 1260 1266 213 214
1219 3 2 2 26 128 129 1267 1261
1220 3 2 2 26 1261 1267 1268 1262
1221 3 2 2 26 1262 1268 1269 1263
1222 3 2 2 26 1263 1269 1270 1264
1223 3 2 2 26 1264 1270 1271 1265
1224 3 2 2 26 1265 1271 1272 1266
1225 3 2 2 26 1266 1272 212 213
1226 3 2 2 26 129 130 1273 1267
1227 3 2 2 26 1267 1273 1274 1268
1228 3 2 2 26 1268 1274 1275 1269
1229 3 2 2 26 1269 1275 1276 1270
1230 3 2 2 26 1270 1276 1277 1271
1231 3 2 2 26 1271 1277 1278 1272
1232 3 2 2 26 1272 1278 211 212
1233 3 2 2 26 130 131 1279 1273
1234 3 2 2 26 1273 1279 1280 1274
1235 3 2 2 26 1274 1280 1281 1275
1236 3 2 2 26 1275 1281 1282 1276
1237 3 2 2 26 1276 1282 1283 1277
1238 3 2 2 26 1277 1283 1284 1278
1239 3 2 2 26 1278 1284 210 211
1240 3 2 2 26 131 132 1285 1279
1241 3 2 2 26 1279 1285 1286 1280
1242 3 2 2 26 1280 1286 1287 1281
1243 3 2 2 26 1281 1287 1288 1282
1244 3 2 2 26 1282 1288 1289 1283
1245 3 2 2 26 1283 1289 1290 1284
1246 3 2 2 26 1284 1290 209 210
1247 3 2 2 26 132 133 1291 1285
1248 3 2 2 26 1285 1291 1292 1286
1249 3 2 2 26 1286 1292 1293 1287
1250 3 2 2 26 1287 1293 1294 1288
1251 3 2 2 26 1288 1294 1295 1289
1252 3 2 2 26 1289 1295 1296 1290
1253 3 2 2 26 1290 1296 208 209
1254 3 2 2 26 133 134 1297 1291
1255 3 2 2 26 1291 1297 1298 1292
1256 3 2 2 26 1292 1298 1299 1293
1257 3 2 2 26 1293 1299 1300 1294
1258 3 2 2 26 1294 1300 1301 1295
1259 3 2 2 26 1295 1301 1302 1296
1260 3 2 2 26 1296 1302 207 208
1261 3 2 2 26 134 135 1303 1297
1262 3 2 2 26 1297 1303 1304 1298
1263 3 2 2 26 1298 1304 1305 1299
1264 3 2 2 26 1299 1305 1306 1300
1265 3 2 2 26 1300 1306 1307 1301
1266 3 2 2 26 1301 1307 1308 1302
1267 3 2 2 26 1302 1308 206 207
1268 3 2 2 26 135 136 1309 1303
1269 3 2 2 26 1303 1309 1310 1304
1270 3 2 2 26 1304 1310 1311 1305
1271 3 2 2 26 1305 1311 1312 1306
1272 3 2 2 26 1306 1312 1313 1307
1273 3 2 2 26 1307 1313 1314 1308
1274 3 2 2 26 1308 1314 205 206
1275 3 2 2 26 136 137 1315 1309
1276 3 2 2 26 1309 1315 1316 1310
1277 3 2 2 26 1310 1316 1317 1311
1278 3 2 2 26 1311 1317 1318 1312
1279 3 2 2 26 1312 1318 1319 1313
1280 3 2 2 26 1313 1319 1320 1314
1281 3 2 2 26 1314 1320 204 205
1282 3 2 2 26 137 138 1321 1315
1283 3 2 2 26 1315 1321 1322 1316
1284 3 2 2 26 1316 1322 1323 1317
1285 3 2 2 26 1317 1323 1324 1318
1286 3 2 2 26 1318 1324 1325 1319
1287 3 2 2 26 1319 1325 1326 1320
1288 3 2 2 26 1320 1326 203 204
1289 3 2 2 26 138 139 1327 1321
1290 3 2 2 26 1321 1327 1328 1322
1291 3 2 2 26 1322 1328 1329 1323
1292 3 2 2 26 1323 1329 1330 1324
1293 3 2 2 26 1324 1330 1331 1325
1294 3 2 2 26 1325 1331 1332 1326
1295 3 2 2 26 1326 1332 202 203
1296 3 2 2 26 139 140 1333 1327
1297 3 2 2 26 1327 1333 1334 1328
1298 3 2 2 26 1328 1334 1335 1329
1299 3 2 2 26 1329 1335 1336 1330
1300 3 2 2 26 1330 1336 1337 1331
1301 3 2 2 26 1331 1337 1338 1332
1302 3 2 2 26 1332 1338 201 202
1303 3 2 2 26 140 141 1339 1333
1304 3 2 2 26 1333 1339 1340 1334
1305 3 2 2 26 1334 1340 1341 1335
1306 3 2 2 26 1335 1341 1342 1336
1307 3 2 2 26 1336 1342 1343 1337
1308 3 2 2 26 1337 1343 1344 1338
1309 3 2 2 26 1338 1344 200 201
1310 3 2 2 26 141 142 1345 1339
1311 3 2 2 26 1339 1345 1346 1340
1312 3 2 2 26 1340 1346 1347 1341
1313 3 2 2 26 1341 1347 1348 1342
1314 3 2 2 26 1342 1348 1349 1343
1315 3 2 2 26 1343 1349 1350 1344
1316 3 2 2 26 1344 1350 199 200
1317 3 2 2 26 142 143 1351 1345
1318 3 2 2 26 1345 1351 1352 1346
1319 3 2 2 26 1346 1352 1353 1347
1320 3 2 2 26 1347 1353 1354 1348
1321 3 2 2 26 1348 1354 1355 1349
1322 3 2 2 26 1349 1355 1356 1350
1323 3 2 2 26 1350 1356 198 199
1324 3 2 2 26 143 144 1357 1351
1325 3 2 2 26 1351 1357 1358 1352
1326 3 2 2 26 1352 1358 1359 1353
1327 3 2 2 26 1353 1359 1360 1354
1328 3 2 2 26 1354 1360 1361 1355
1329 3 2 2 26 1355 1361 1362 1356
1330 3 2 2 26 1356 1362 197 198
1331 3 2 2 26 144 145 1363 1357
1332 3 2 2 26 1357 1363 1364 1358
1333 3 2 2 26 1358 1364 1365 1359
1334 3 2 2 26 1359 1365 1366 1360
1335 3 2 2 26 1360 1366 1367 1361
1336 3 2 2 26 1361 1367 1368 1362
1337 3 2 2 26 1362 1368 196 197
1338 3 2 2 26 145 146 1369 1363
1339 3 2 2 26 1363 1369 1370 1364
1340 3 2 2 26 1364 1370 1371 1365
1341 3 2 2 26 1365 1371 1372 1366
1342 3 2 2 26 1366 1372 1373 1367
1343 3 2 2 26 1367 1373 1374 1368
1344 3 2 2 26 1368 1374 195 196
1345 3 2 2 26 146 147 1375 1369
1346 3 2 2 26 1369 1375 1376 1370
1347 3 2 2 26 1370 1376 1377 1371
1348 3 2 2 26 1371 1377 1378 1372
1349 3 2 2 26 1372 1378 1379 1373
1350 3 2 2 26 1373 1379 1380 1374
1351 3 2 2 26 1374 1380 194 195
1352 3 2 2 26 147 148 1381 1375
1353 3 2 2 26 1375 1381 1382 1376
1354 3 2 2 26 1376 1382 1383 1377
1355 3 2 2 26 1377 1383 1384 1378
1356 3 2 2 26 1378 1384 1385 1379
1357 3 2 2 26 1379 1385 1386 1380
1358 3 2 2 26 1380 1386 193 194
1359 3 2 2 26 148 149 1387 1381
1360 3 2 2 26 1381 1387 1388 1382
1361 3 2 2 26 1382 1388 1389 1383
1362 3 2 2 26 1383 1389 1390 1384
1363 3 2 2 26 1384 1390 1391 1385
1364 3 2 2 26 1385 1391 1392 1386
1365 3 2 2 26 1386 1392 192 193
1366 3 2 2 26 149 150 1393 1387
1367 3 2 2 26 1387 1393 1394 1388
1368 3 2 2 26 1388 1394 1395 1389
1369 3 2 2 26 1389 1395 1396 1390
1370 3 2 2 26 1390 1396 1397 1391
1371 3 2 2 26 1391 1397 1398 1392
1372 3 2 2 26 1392 1398 191 192
1373 3 2 2 26 150 151 1399 1393
1374 3 2 2 26 1393 1399 1400 1394
1375 3 2 2 26 1394 1400 1401 1395
1376 3 2 2 26 1395 1401 1402 1396
1377 3 2 2 26 1396 1402 1403 1397
1378 3 2 2 26 1397 1403 1404 1398
1379 3 2 2 26 1398 1404 190 191
1380 3 2 2 26 151 152 1405 1399
1381 3 2 2 26 1399 1405 1406 1400
1382 3 2 2 26 1400 1406 1407 1401
1383 3 2 2 26 1401 1407 1408 1402
1384 3 2 2 26 1402 1408 1409 1403
1385 3 2 2 26 1403 1409 1410 1404
1386 3 2 2 26 1404 1410 189 190
1387 3 2 2 26 152 153 1411 1405
1388 3 2 2 26 1405 1411 1412 1406
1389 3 2 2 26 1406 1412 1413 1407
1390 3 2 2 26 1407 1413 1414 1408
1391 3 2 2 26 1408 1414 1415 1409
1392 3 2 2 26 1409 1415 1416 1410
1393 3 2 2 26 1410 1416 188 189
1394 3 2 2 26 153 154 1417 1411
1395 3 2 2 26 1411 1417 1418 1412
1396 3 2 2 26 1412 1418 1419 1413
1397 3 2 2 26 1413 1419 1420 1414
1398 3 2 2 26 1414 1420 1421 1415
1399 3 2 2 26 1415 1421 1422 1416
1400 3 2 2 26 1416 1422 187 188
1401 3 2 2 26 154 155 1423 1417
1402 3 2 2 26 1417 1423 1424 1418
1403 3 2 2 26 1418 1424 1425 1419
1404 3 2 2 26 1419 1425 1426 1420
1405 3 2 2 26 1420 1426 1427 1421
1406 3 2 2 26 1421 1427 1428 1422
1407 3 2 2 26 1422 1428 186 187
1408 3 2 2 26 155 156 1429 1423
1409 3 2 2 26 1423 1429 1430 1424
1410 3 2 2 26 1424 1430 1431 1425
1411 3 2 2 26 1425 1431 1432 1426
1412 3 2 2 26 1426 1432 1433 1427
1413 3 2 2 26 1427 1433 1434 1428
1414 3 2 2 26 1428 1434 185 186
1415 3 2 2 26 156 157 1435 1429
1416 3 2 2 26 1429 1435 1436 1430
1417 3 2 2 26 1430 1436 1437 1431
1418 3 2 2 26 1431 1437 1438 1432
1419 3 2 2 26 1432 1438 1439 1433
1420 3 2 2 26 1433 1439 1440 1434
1421 3 2 2 26 1434 1440 184 185
1422 3 2 2 26 157 158 1441 1435
1423 3 2 2 26 1435 1441 1442 1436
1424 3 2 2 26 1436 1442 1443 1437
1425 3 2 2 26 1437 1443 1444 1438
1426 3 2 2 26 1438 1444 1445 1439
1427 3 2 2 26 1439 1445 1446 1440
1428 3 2 2 26 1440 1446 183 184
1429 3 2 2 26 158 159 1447 1441
1430 3 2 2 26 1441 1447 1448 1442
1431 3 2 2 26 1442 1448 1449 1443
1432 3 2 2 26 1443 1449 1450 1444
1433 3 2 2 26 1444 1450 1451 1445
1434 3 2 2 26 1445 1451 1452 1446
1435 3 2 2 26 1446 1452 182 183
1436 3 2 2 26 159 160 1453 1447
1437 3 2 2 26 1447 1453 1454 1448
1438 3 2 2 26 1448 1454 1455 1449
1439 3 2 2 26 1449 1455 1456 1450
1440 3 2 2 26 1450 1456 1457 1451
1441 3 2 2 26 1451 1457 1458 1452
1442 3 2 2 26 1452 1458 181 182
1443 3 2 2 26 160 161 1459 1453
1444 3 2 2 26 1453 1459 1460 1454
1445 3 2 2 26 1454 1460 1461 1455
1446 3 2 2 26 1455 1461 1462 1456
1447 3 2 2 26 1456 1462 1463 1457
1448 3 2 2 26 1457 1463 1464 1458
1449 3 2 2 26 1458 1464 180 181
1450 3 2 2 26 161 162 1465 1459
1451 3 2 2 26 1459 1465 1466 1460
1452 3 2 2 26 1460 1466 1467 1461
1453 3 2 2 26 1461 1467 1468 1462
1454 3 2 2 26 1462 1468 1469 1463
1455 3 2 2 26 1463 1469 1470 1464
1456 3 2 2 26 1464 1470 179 180
1457 3 2 2 26 162 163 1471 1465
1458 3 2 2 26 1465 1471 1472 1466
1459 3 2 2 26 1466 1472 1473 1467
1460 3 2 2 26 1467 1473 1474 1468
1461 3 2 2 26 1468 1474 1475 1469
1462 3 2 2 26 1469 1475 1476 1470
1463 3 2 2 26 1470 1476 178 179
1464 3 2 2 26 163 164 1477 1471
1465 3 2 2 26 1471 1477 1478 1472
1466 3 2 2 26 1472 1478 1479 1473
1467 3 2 2 26 1473 1479 1480 1474
1468 3 2 2 26 1474 1480 1481 1475
1469 3 2 2 26 1475 1481 1482 1476
1470 3 2 2 26 1476 1482 177 178
1471 3 2 2 26 164 165 1483 1477
1472 3 2 2 26 1477 1483 1484 1478
1473 3 2 2 26 1478 1484 1485 1479
1474 3 2 2 26 1479 1485 1486 1480
1475 3 2 2 26 1480 1486 1487 1481
1476 3 2 2 26 1481 1487 1488 1482
1477 3 2 2 26 1482 1488 176 177
1478 3 2 2 26 165 166 1489 1483
1479 3 2 2 26 1483 1489 1490 1484
1480 3 2 2 26 1484 1490 1491 1485
1481 3 2 2 26 1485 1491 1492 1486
1482 3 2 2 26 1486 1492 1493 1487
1483 3 2 2 26 1487 1493 1494 1488
1484 3 2 2 26 1488 1494 175 176
1485 3 2 2 26 166 167 1495 1489
1486 3 2 2 26 1489 1495 1496 1490
1487 3 2 2 26 1490 1496 1497 1491
1488 3 2 2 26 1491 1497 1498 1492
1489 3 2 2 26 1492 1498 1499 1493
1490 3 2 2 26 1493 1499 1500 1494
1491 3 2 2 26 1494 1500 174 175
1492 3 2 2 26 167 6 168 1495
1493 3 2 2 26 1495 168 169 1496
1494 3 2 2 26 1496 169 170 1497
1495 3 2 2 26 1497 170 171 1498
1496 3 2 2 26 1498 171 172 1499
1497 3 2 2 26 1499 172 173 1500
1498 3 2 2 26 1500 173 7 174
1499 5 2 7 1 1 9 253 118 229 547 1501 1201
1500 5 2 7 1 229 547 1501 1201 230 548 1502 1202
1501 5 2 7 1 230 548 1502 1202 231 549 1503 1203
1502 5 2 7 1 231 549 1503 1203 232 550 1504 1204
1503 5 2 7 1 232 550 1504 1204 233 551 1505 1205
1504 5 2 7 1 233 551 1505 1205 234 552 1506 1206
1505 5 2 7 1 234 552 1506 1206 5 119 1207 228
1506 5 2 7 1 118 253 254 117 1201 1501 1507 1195
1507 5 2 7 1 1201 1501 1507 1195 1202 1502 1508 1196
1508 5 2 7 1 1202 1502 1508 1196 1203 1503 1509 1197
1509 5 2 7 1 1203 1503 1509 1197 1204 1504 1510 1198
1510 5 2 7 1 1204 1504 1510 1198 1205 1505 1511 1199
1511 5 2 7 1 1205 1505 1511 1199 1206 1506 1512 1200
1512 5 2 7 1 1206 1506 1512 1200 228 1207 1208 227
1513 5 2 7 1 117 254 255 116 1195 1507 1513 1189
1514 5 2 7 1 1195 1507 1513 1189 1196 1508 1514 1190
1515 5 2 7 1 1196 1508 1514 1190 1197 1509 1515 1191
1516 5 2 7 1 1197 1509 1515 1191 1198 1510 1516 1192
1517 5 2 7 1 1198 1510 1516 1192 1199 1511 1517 1193
1518 5 2 7 1 1199 1511 1517 1193 1200 1512 1518 1194
1519 5 2 7 1 1200 1512 1518 1194 227 1208 1209 226
1520 5 2 7 1 116 255 256 115 1189 1513 1519 1183
1521 5 2 7 1 1189 1513 1519 1183 1190 1514 1520 1184
1522 5 2 7 1 1190 1514 1520 1184 1191 1515 1521 1185
1523 5 2 7 1 1191 1515 1521 1185 1192 1516 1522 1186
1524 5 2 7 1 1192 1516 1522 1186 1193 1517 1523 1187
1525 5 2 7 1 1193 1517 1523 1187 1194 1518 1524 1188
1526 5 2 7 1 1194 1518 1524 1188 226 1209 1210 225
1527 5 2 7 1 115 256 257 114 1183 1519 1525 1177
1528 5 2 7 1 1183 1519 1525 1177 1184 1520 1526 1178
1529 5 2 7 1 1184 1520 1526 1178 1185 1521 1527 1179
1530 5 2 7 1 1185 1521 1527 1179 1186 1522 1528 1180
1531 5 2 7 1 1186 1522 1528 1180 1187 1523 1529 1181
1532 5 2 7 1 1187 1523 1529 1181 1188 1524 1530 1182
1533 5 2 7 1 1188 1524 1530 1182 225 1210 1211 224
1534 5 2 7 1 114 257 258 113 1177 1525 1531 1171
1535 5 2 7 1 1177 1525 1531 1171 1178 1526 1532 1172
1536 5 2 7 1 1178 1526 1532 1172 1179 1527 1533 1173
1537 5 2 7 1 1179 1527 1533 1173 1180 1528 1534 1174
1538 5 2 7 1 1180 1528 1534 1174 1181 1529 1535 1175
1539 5 2 7 1 1181 1529 1535 1175 1182 1530 1536 1176
1540 5 2 7 1 1182 1530 1536 1176 224 1211 1212 223
1541 5 2 7 1 113 258 112 4 1171 1531 1165 247
1542 5 2 7 1 1171 1531 1165 247 1172 1532 1166 248
1543 5 2 7 1 1172 1532 1166 248 1173 1533 1167 249
1544 5 2 7 1 1173 1533 1167 249 1174 1534 1168 250
1545 5 2 7 1 1174 1534 1168 250 1175 1535 1169 251
1546 5 2 7 1 1175 1535 1169 251 1176 1536 1170 252
1547 5 2 7 1 1176 1536 1170 252 223 1212 222 8
1548 5 2 7 1 9 10 259 253 547 553 1537 1501
1549 5 2 7 1 547 553 1537 1501 548 554 1538 1502
1550 5 2 7 1 548 554 1538 1502 549 555 1539 1503
1551 5 2 7 1 549 555 1539 1503 550 556 1540 1504
1552 5 2 7 1 550 556 1540 1504 551 557 1541 1505
1553 5 2 7 1 551 557 1541 1505 552 558 1542 1506
1554 5 2 7 1 552 558 1542 1506 119 120 1213 1207
1555 5 2 7 1 253 259 260 254 1501 1537 1543 1507
1556 5 2 7 1 1501 1537 1543 1507 1502 1538 1544 1508
1557 5 2 7 1 1502 1538 1544 1508 1503 1539 1545 1509
1558 5 2 7 1 1503 1539 1545 1509 1504 1540 1546 1510
1559 5 2 7 1 1504 1540 1546 1510 1505 1541 1547 1511
1560 5 2 7 1 1505 1541 1547 1511 1506 1542 1548 1512
1561 5 2 7 1 1506 1542 1548 1512 1207 1213 1214 1208
1562 5 2 7 1 254 260 261 255 1507 1543 1549 1513
1563 5 2 7 1 1507 1543 1549 1513 1508 1544 1550 1514
1564 5 2 7 1 1508 1544 1550 1514 1509 1545 1551 1515
1565 5 2 7 1 1509 1545 1551 1515 1510 1546 1552 1516
1566 5 2 7 1 1510 1546 1552 1516 1511 1547 1553 1517
1567 5 2 7 1 1511 1547 1553 1517 1512 1548 1554 1518
1568 5 2 7 1 1512 1548 1554 1518 1208 1214 1215 1209
1569 5 2 7 1 255 261 262 256 1513 1549 1555 1519
1570 5 2 7 1 1513 1549 1555 1519 1514 1550 1556 1520
1571 5 2 7 1 1514 1550 1556 1520 1515 1551 1557 1521
1572 5 2 7 1 1515 1551 1557 1521 1516 1552 1558 1522
1573 5 2 7 1 1516 1552 1558 1522 1517 1553 1559 1523
1574 5 2 7 1 1517 1553 1559 1523 1518 1554 1560 1524
1575 5 2 7 1 1518 1554 1560 1524 1209 1215 1216 1210
1576 5 2 7 1 256 262 263 257 1519 1555 1561 1525
1577 5 2 7 1 1519 1555 1561 1525 1520 1556 1562 1526
1578 5 2 7 1 1520 1556 1562 1526 1521 1557 1563 1527
1579 5 2 7 1 1521 1557 1563 1527 1522 1558 1564 1528
1580 5 2 7 1 1522 1558 1564 1528 1523 1559 1565 1529
1581 5 2 7 1 1523 1559 1565 1529 1524 1560 1566 1530
1582 5 2 7 1 1524 1560 1566 1530 1210 1216 1217 1211
1583 5 2 7 1 257 263 264 258 1525 1561 1567 1531
1584 5 2 7 1 1525 1561 1567 1531 1526 1562 1568 1532
1585 5 2 7 1 1526 1562 1568 1532 1527 1563 1569 1533
1586 5 2 7 1 1527 1563 1569 1533 1528 1564 1570 1534
1587 5 2 7 1 1528 1564 1570 1534 1529 1565 1571 1535
1588 5 2 7 1 1529 1565 1571 1535 1530 1566 1572 1536
1589 5 2 7 1 1530 1566 1572 1536 1211 1217 1218 1212
1590 5 2 7 1 258 264 111 112 1531 1567 1159 1165
1591 5 2 7 1 1531 1567 1159 1165 1532 1568 1160 1166
1592 5 2 7 1 1532 1568 1160 1166 1533 1569 1161 1167
1593 5 2 7 1 1533 1569 1161 1167 1534 1570 1162 1168
1594 5 2 7 1 1534 1570 1162 1168 1535 1571 1163 1169
1595 5 2 7 1 1535 1571 1163 1169 1536 1572 1164 1170
1596 5 2 7 1 1536 1572 1164 1170 1212 1218 221 222
1597 5 2 7 1 10 11 265 259 553 559 1573 1537
1598 5 2 7 1 553 559 1573 1537 554 560 1574 1538
1599 5 2 7 1 554 560 1574 1538 555 561 1575 1539
1600 5 2 7 1 555 561 1575 1539 556 562 1576 1540
1601 5 2 7 1 556 562 1576 1540 557 563 1577 1541
1602 5 2 7 1 557 563 1577 1541 558 564 1578 1542
1603 5 2 7 1 558 564 1578 1542 120 121 1219 1213
1604 5 2 7 1 259 265 266 260 1537 1573 1579 1543
1605 5 2 7 1 1537 1573 1579 1543 1538 1574 1580 1544
1606 5 2 7 1 1538 1574 1580 1544 1539 1575 1581 1545
1607 5 2 7 1 1539 1575 1581 1545 1540 1576 1582 1546
1608 5 2 7 1 1540 1576 1582 1546 1541 1577 1583 1547
1609 5 2 7 1 1541 1577 1583 1547 1542 1578 1584 1548
1610 5 2 7 1 1542 1578 1584 1548 1213 1219 1220 1214
1611 5 2 7 1 260 266 267 261 1543 1579 1585 1549
1612 5 2 7 1 1543 1579 1585 1549 1544 1580 1586 1550
1613 5 2 7 1 1544 1580 1586 1550 1545 1581 1587 1551
1614 5 2 7 1 1545 1581 1587 1551 1546 1582 1588 1552
1615 5 2 7 1 1546 1582 1588 1552 1547 1583 1589 1553
1616 5 2 7 1 1547 1583 1589 1553 1548 1584 1590 1554
1617 5 2 7 1 1548 1584 1590 1554 1214 1220 1221 1215
1618 5 2 7 1 261 267 268 262 1549 1585 1591 1555
1619 5 2 7 1 1549 1585 1591 1555 1550 1586 1592 1556
1620 5 2 7 1 1550 1586 1592 1556 1551 1587 1593 1557
1621 5 2 7 1 1551 1587 1593 1557 1552 1588 1594 1558
1622 5 2 7 1 1552 1588 1594 1558 1553 1589 1595 1559
1623 5 2 7 1 1553 1589 1595 1559 1554 1590 1596 1560
1624 5 2 7 1 1554 1590 1596 1560 1215 1221 1222 1216
1625 5 2 7 1 262 268 269 263 1555 1591 1597 1561
1626 5 2 7 1 1555 1591 1597 1561 1556 1592 1598 1562
1627 5 2 7 1 1556 1592 1598 1562 1557 1593 1599 1563
1628 5 2 7 1 1557 1593 1599 1563 1558 1594 1600 1564
1629 5 2 7 1 1558 1594 1600 1564 1559 1595 1601 1565
1630 5 2 7 1 1559 1595 1601 1565 1560 1596 1602 1566
1631 5 2 7 1 1560 1596 1602 1566 1216 1222 1223 1217
1632 5 2 7 1 263 269 270 264 1561 1597 1603 1567
1633 5 2 7 1 1561 1597 1603 1567 1562 1598 1604 1568
1634 5 2 7 1 1562 1598 1604 1568 1563 1599 1605 1569
1635 5 2 7 1 1563 1599 1605 1569 1564 1600 1606 1570
1636 5 2 7 1 1564 1600 1606 1570 1565 1601 1607 1571
1637 5 2 7 1 1565 1601 1607 1571 1566 1602 1608 1572
1638 5 2 7 1 1566 1602 1608 1572 1217 1223 1224 1218
1639 5 2 7 1 264 270 110 111 1567 1603 1153 1159
1640 5 2 7 1 1567 1603 1153 1159 1568 1604 1154 1160
1641 5 2 7 1 1568 1604 1154 1160 1569 1605 1155 1161
1642 5 2 7 1 1569 1605 1155 1161 1570 1606 1156 1162
1643 5 2 7 1 1570 1606 1156 1162 1571 1607 1157 1163
1644 5 2 7 1 1571 1607 1157 1163 1572 1608 1158 1164
1645 5 2 7 1 1572 1608 1158 1164 1218 1224 220 221
1646 5 2 7 1 11 12 271 265 559 565 1609 1573
1647 5 2 7 1 559 565 1609 1573 560 566 1610 1574
1648 5 2 7 1 560 566 1610 1574 561 567 1611 1575
1649 5 2 7 1 561 567 1611 1575 562 568 1612 1576
1650 5 2 7 1 562 568 1612 1576 563 569 1613 1577
1651 5 2 7 1 563 569 1613 1577 564 570 1614 1578
1652 5 2 7 1 564 570 1614 1578 121 122 1225 1219
1653 5 2 7 1 265 271 272 266 1573 1609 1615 1579
1654 5 2 7 1 1573 1609 1615 1579 1574 1610 1616 1580
1655 5 2 7 1 1574 1610 1616 1580 1575 1611 1617 1581
1656 5 2 7 1 1575 1611 1617 1581 1576 1612 1618 1582
1657 5 2 7 1 1576 1612 1618 1582 1577 1613 1619 1583
1658 5 2 7 1 1577 1613 1619 1583 1578 1614 1620 1584
1659 5 2 7 1 1578 1614 1620 1584 1219 1225 1226 1220
1660 5 2 7 1 266 272 273 267 1579 1615 1621 1585
1661 5 2 7 1 1579 1615 1621 1585 1580 1616 1622 1586
1662 5 2 7 1 1580 1616 1622 1586 1581 1617 1623 1587
1663 5 2 7 1 1581 1617 1623 1587 1582 1618 1624 1588
1664 5 2 7 1 1582 1618 1624 1588 1583 1619 1625 1589
1665 5 2 7 1 1583 1619 1625 1589 1584 1620 1626 1590
1666 5 2 7 1 1584 1620 1626 1590 1220 1226 1227 1221
1667 5 2 7 1 267 273 274 268 1585 1621 1627 1591
1668 5 2 7 1 1585 1621 1627 1591 1586 1622 1628 1592
1669 5 2 7 1 1586 1622 1628 1592 1587 1623 1629 1593
1670 5 2 7 1 1587 1623 1629 1593 1588 1624 1630 1594
1671 5 2 7 1 1588 1624 1630 1594 1589 1625 1631 1595
1672 5 2 7 1 1589 1625 1631 1595 1590 1626 1632 1596
1673 5 2 7 1 1590 1626 1632 1596 1221 1227 1228 1222
1674 5 2 7 1 268 274 275 269 1591 1627 1633 1597
1675 5 2 7 1 1591 1627 1633 1597 1592 1628 1634 1598
1676 5 2 7 1 1592 1628 1634 1598 1593 1629 1635 1599
1677 5 2 7 1 1593 1629 1635 1599 1594 1630 1636 1600
1678 5 2 7 1 1594 1630 1636 1600 1595 1631 1637 1601
1679 5 2 7 1 1595 1631 1637 1601 1596 1632 1638 1602
1680 5 2 7 1 1596 1632 1638 1602 1222 1228 1229 1223
1681 5 2 7 1 269 275 276 270 1597 1633 1639 1603
1682 5 2 7 1 1597 1633 1639 1603 1598 1634 1640 1604
1683 5 2 7 1 1598 1634 1640 1604 1599 1635 1641 1605
1684 5 2 7 1 1599 1635 1641 1605 1600 1636 1642 1606
1685 5 2 7 1 1600 1636 1642 1606 1601 1637 1643 1607
1686 5 2 7 1 1601 1637 1643 1607 1602 1638 1644 1608
1687 5 2 7 1 1602 1638 1644 1608 1223 1229 1230 1224
1688 5 2 7 1 270 276 109 110 1603 1639 1147 1153
1689 5 2 7 1 1603 1639 1147 1153 1604 1640 1148 1154
1690 5 2 7 1 1604 1640 1148 1154 1605 1641 1149 1155
1691 5 2 7 1 1605 1641 1149 1155 1606 1642 1150 1156
1692 5 2 7 1 1606 1642 1150 1156 1607 1643 1151 1157
1693 5 2 7 1 1607 1643 1151 1157 1608 1644 1152 1158
1694 5 2 7 1 1608 1644 1152 1158 1224 1230 219 220
1695 5 2 7 1 12 13 277 271 565 571 1645 1609
1696 5 2 7 1 565 571 1645 1609 566 572 1646 1610
1697 5 2 7 1 566 572 1646 1610 567 573 1647 1611
1698 5 2 7 1 567 573 1647 1611 568 574 1648 1612
1699 5 2 7 1 568 574 1648 1612 569 575 1649 1613
1700 5 2 7 1 569 575 1649 1613 570 576 1650 1614
1701 5 2 7 1 570 576 1650 1614 122 123 1231 1225
1702 5 2 7 1 271 277 278 272 1609 1645 1651 1615
1703 5 2 7 1 1609 1645 1651 1615 1610 1646 1652 1616
1704 5 2 7 1 1610 1646 1652 1616 1611 1647 1653 1617
1705 5 2 7 1 1611 1647 1653 1617 1612 1648 1654 1618
1706 5 2 7 1 1612 1648 1654 1618 1613 1649 1655 1619
1707 5 2 7 1 1613 1649 1655 1619 1614 1650 1656 1620
1708 5 2 7 1 1614 1650 1656 1620 1225 1231 1232 1226
1709 5 2 7 1 272 278 279 273 1615 1651 1657 1621
1710 5 2 7 1 1615 1651 1657 1621 1616 1652 1658 1622
1711 5 2 7 1 1616 1652 1658 1622 1617 1653 1659 1623
1712 5 2 7 1 1617 1653 1659 1623 1618 1654 1660 1624
1713 5 2 7 1 1618 1654 1660 1624 1619 1655 1661 1625
1714 5 2 7 1 1619 1655 1661 1625 1620 1656 1662 1626
1715 5 2 7 1 1620 1656 1662 1626 1226 1232 1233 1227
1716 5 2 7 1 273 279 280 274 1621 1657 1663 1627
1717 5 2 7 1 1621 1657 1663 1627 1622 1658 1664 1628
1718 5 2 7 1 1622 1658 1664 1628 1623 1659 1665 1629
1719 5 2 7 1 1623 1659 1665 1629 1624 1660 1666 1630
1720 5 2 7 1 1624 1660 1666 1630 1625 1661 1667 1631
1721 5 2 7 1 1625 1661 1667 1631 1626 1662 1668 1632
1722 5 2 7 1 1626 1662 1668 1632 1227 1233 1234 1228
1723 5 2 7 1 274 280 281 275 1627 1663 1669 1633
1724 5 2 7 1 1627 1663 1669 1633 1628 1664 1670 1634
1725 5 2 7 1 1628 1664 1670 1634 1629 1665 1671 1635
1726 5 2 7 1 1629 1665 1671 1635 1630 1666 1672 1636
1727 5 2 7 1 1630 1666 1672 1636 1631 1667 1673 1637
1728 5 2 7 1 1631 1667 1673 1637 1632 1668 1674 1638
1729 5 2 7 1 1632 1668 1674 1638 1228 1234 1235 1229
1730 5 2 7 1 275 281 282 276 1633 1669 1675 1639
1731 5 2 7 1 1633 1669 1675 1639 1634 1670 1676 1640
1732 5 2 7 1 1634 1670 1676 1640 1635 1671 1677 1641
1733 5 2 7 1 1635 1671 1677 1641 1636 1672 1678 1642
1734 5 2 7 1 1636 1672 1678 1642 1637 1673 1679 1643
1735 5 2 7 1 1637 1673 1679 1643 1638 1674 1680 1644
1736 5 2 7 1 1638 1674 1680 1644 1229 1235 1236 1230
1737 5 2 7 1 276 282 108 109 1639 1675 1141 1147
1738 5 2 7 1 1639 1675 1141 1147 1640 1676 1142 1148
1739 5 2 7 1 1640 1676 1142 1148 1641 1677 1143 1149
1740 5 2 7 1 1641 1677 1143 1149 1642 1678 1144 1150
1741 5 2 7 1 1642 1678 1144 1150 1643 1679 1145 1151
1742 5 2 7 1 1643 1679 1145 1151 1644 1680 1146 1152
1743 5 2 7 1 1644 1680 1146 1152 1230 1236 218 219
1744 5 2 7 1 13 14 283 277 571 577 1681 1645
1745 5 2 7 1 571 577 1681 1645 572 578 1682 1646
1746 5 2 7 1 572 578 1682 1646 573 579 1683 1647
1747 5 2 7 1 573 579 1683 1647 574 580 1684 1648
1748 5 2 7 1 574 580 1684 1648 575 581 1685 1649
1749 5 2 7 1 575 581 1685 1649 576 582 1686 1650
1750 5 2 7 1 576 582 1686 1650 123 124 1237 1231
1751 5 2 7 1 277 283 284 278 1645 1681 1687 1651
1752 5 2 7 1 1645 1681 1687 1651 1646 1682 1688 1652
1753 5 2 7 1 1646 1682 1688 1652 1647 1683 1689 1653
1754 5 2 7 1 1647 1683 1689 1653 1648 1684 1690 1654
1755 5 2 7 1 1648 1684 1690 1654 1649 1685 1691 1655
1756 5 2 7 1 1649 1685 1691 1655 1650 1686 1692 1656
1757 5 2 7 1 1650 1686 1692 1656 1231 1237 1238 1232
1758 5 2 7 1 278 284 285 279 1651 1687 1693 1657
1759 5 2 7 1 1651 1687 1693 1657 1652 1688 1694 1658
1760 5 2 7 1 1652 1688 1694 1658 1653 1689 1695 1659
1761 5 2 7 1 1653 1689 1695 1659 1654 1690 1696 1660
1762 5 2 7 1 1654 1690 1696 1660 1655 1691 1697 1661
1763 5 2 7 1 1655 1691 1697 1661 1656 1692 1698 1662
1764 5 2 7 1 1656 1692 1698 1662 1232 1238 1239 1233
1765 5 2 7 1 279 285 286 280 1657 1693 1699 1663
1766 5 2 7 1 1657 1693 1699 1663 1658 1694 1700 1664
1767 5 2 7 1 1658 1694 1700 1664 1659 1695 1701 1665
1768 5 2 7 1 1659 1695 1701 1665 1660 1696 1702 1666
1769 5 2 7 1 1660 1696 1702 1666 1661 1697 1703 1667
1770 5 2 7 1 1661 1697 1703 1667 1662 1698 1704 1668
1771 5 2 7 1 1662 1698 1704 1668 1233 1239 1240 1234
1772 5 2 7 1 280 286 287 281 1663 1699 1705 1669
1773 5 2 7 1 1663 1699 1705 1669 1664 1700 1706 1670
1774 5 2 7 1 1664 1700 1706 1670 1665 1701 1707 1671
1775 5 2 7 1 1665 1701 1707 1671 1666 1702 1708 1672
1776 5 2 7 1 1666 1702 1708 1672 1667 1703 1709 1673
1777 5 2 7 1 1667 1703 1709 1673 1668 1704 1710 1674
1778 5 2 7 1 1668 1704 1710 1674 1234 1240 1241 1235
1779 5 2 7 1 281 287 288 282 1669 1705 1711 1675
1780 5 2 7 1 1669 1705 1711 1675 1670 1706 1712 1676
1781 5 2 7 1 1670 1706 1712 1676 1671 1707 1713 1677
1782 5 2 7 1 1671 1707 1713 1677 1672 1708 1714 1678
1783 5 2 7 1 1672 1708 1714 1678 1673 1709 1715 1679
1784 5 2 7 1 1673 1709 1715 1679 1674 1710 1716 1680
1785 5 2 7 1 1674 1710 1716 1680 1235 1241 1242 1236
1786 5 2 7 1 282 288 107 108 1675 1711 1135 1141
1787 5 2 7 1 1675 1711 1135 1141 1676 1712 1136 1142
1788 5 2 7 1 1676 1712 1136 1142 1677 1713 1137 1143
1789 5 2 7 1 1677 1713 1137 1143 1678 1714 1138 1144
1790 5 2 7 1 1678 1714 1138 1144 1679 1715 1139 1145
1791 5 2 7 1 1679 1715 1139 1145 1680 1716 1140 1146
1792 5 2 7 1 1680 1716 1140 1146 1236 1242 217 218
1793 5 2 7 1 14 15 289 283 577 583 1717 1681
1794 5 2 7 1 577 583 1717 1681 578 584 1718 1682
1795 5 2 7 1 578 584 1718 1682 579 585 1719 1683
1796 5 2 7 1 579 585 1719 1683 580 586 1720 1684
1797 5 2 7 1 580 586 1720 1684 581 587 1721 1685
1798 5 2 7 1 581 587 1721 1685 582 588 1722 1686
1799 5 2 7 1 582 588 1722 1686 124 125 1243 1237
1800 5 2 7 1 283 289 290 284 1681 1717 1723 1687
1801 5 2 7 1 1681 1717 1723 1687 1682 1718 1724 1688
1802 5 2 7 1 1682 1718 1724 1688 1683 1719 1725 1689
1803 5 2 7 1 1683 1719 1725 1689 1684 1720 1726 1690
1804 5 2 7 1 1684 1720 1726 1690 1685 1721 1727 1691
1805 5 2 7 1 1685 1721 1727 1691 1686 1722 1728 1692
1806 5 2 7 1 1686 1722 1728 1692 1237 1243 1244 1238
1807 5 2 7 1 284 290 291 285 1687 1723 1729 1693
1808 5 2 7 1 1687 1723 1729 1693 1688 1724 1730 1694
1809 5 2 7 1 1688 1724 1730 1694 1689 1725 1731 1695
1810 5 2 7 1 1689 1725 1731 1695 1690 1726 1732 1696
1811 5 2 7 1 1690 1726 1732 1696 1691 1727 1733 1697
1812 5 2 7 1 1691 1727 1733 1697 1692 1728 1734 1698
1813 5 2 7 1 1692 1728 1734 1698 1238 1244 1245 1239
1814 5 2 7 1 285 291 292 286 1693 1729 1735 1699
1815 5 2 7 1 1693 1729 1735 1699 1694 1730 1736 1700
1816 5 2 7 1 1694 1730 1736 1700 1695 1731 1737 1701
1817 5 2 7 1 1695 1731 1737 1701 1696 1732 1738 1702
1818 5 2 7 1 1696 1732 1738 1702 1697 1733 1739 1703
1819 5 2 7 1 1697 1733 1739 1703 1698 1734 1740 1704
1820 5 2 7 1 1698 1734 1740 1704 1239 1245 1246 1240
1821 5 2 7 1 286 292 293 287 1699 1735 1741 1705
1822 5 2 7 1 1699 1735 1741 1705 1700 1736 1742 1706
1823 5 2 7 1 1700 1736 1742 1706 1701 1737 1743 1707
1824 5 2 7 1 1701 1737 1743 1707 1702 1738 1744 1708
1825 5 2 7 1 1702 1738 1744 1708 1703 1739 1745 1709
1826 5 2 7 1 1703 1739 1745 1709 1704 1740 1746 1710
1827 5 2 7 1 1704 1740 1746 1710 1240 1246 1247 1241
1828 5 2 7 1 287 293 294 288 1705 1741 1747 1711
1829 5 2 7 1 1705 1741 1747 1711 1706 1742 1748 1712
1830 5 2 7 1 1706 1742 1748 1712 1707 1743 1749 1713
1831 5 2 7 1 1707 1743 1749 1713 1708 1744 1750 1714
1832 5 2 7 1 1708 1744 1750 1714 1709 1745 1751 1715
1833 5 2 7 1 1709 1745 1751 1715 1710 1746 1752 1716
1834 5 2 7 1 1710 1746 1752 1716 1241 1247 1248 1242
1835 5 2 7 1 288 294 106 107 1711 1747 1129 1135
1836 5 2 7 1 1711 1747 1129 1135 1712 1748 1130 1136
1837 5 2 7 1 1712 1748 1130 1136 1713 1749 1131 1137
1838 5 2 7 1 1713 1749 1131 1137 1714 1750 1132 1138
1839 5 2 7 1 1714 1750 1132 1138 1715 1751 1133 1139
1840 5 2 7 1 1715 1751 1133 1139 1716 1752 1134 1140
1841 5 2 7 1 1716 1752 1134 1140 1242 1248 216 217
1842 5 2 7 1 15 16 295 289 583 589 1753 1717
1843 5 2 7 1 583 589 1753 1717 584 590 1754 1718
1844 5 2 7 1 584 590 1754 1718 585 591 1755 1719
1845 5 2 7 1 585 591 1755 1719 586 592 1756 1720
1846 5 2 7 1 586 592 1756 1720 587 593 1757 1721
1847 5 2 7 1 587 593 1757 1721 588 594 1758 1722
1848 5 2 7 1 588 594 1758 1722 125 126 1249 1243
1849 5 2 7 1 289 295 296 290 1717 1753 1759 1723
1850 5 2 7 1 1717 1753 1759 1723 1718 1754 1760 1724
1851 5 2 7 1 1718 1754 1760 1724 1719 1755 1761 1725
1852 5 2 7 1 1719 1755 1761 1725 1720 1756 1762 1726
1853 5 2 7 1 1720 1756 1762 1726 1721 1757 1763 1727
1854 5 2 7 1 1721 1757 1763 1727 1722 1758 1764 1728
1855 5 2 7 1 1722 1758 1764 1728 1243 1249 1250 1244
1856 5 2 7 1 290 296 297 291 1723 1759 1765 1729
1857 5 2 7 1 1723 1759 1765 1729 1724 1760 1766 1730
1858 5 2 7 1 1724 1760 1766 1730 1725 1761 1767 1731
1859 5 2 7 1 1725 1761 1767 1731 1726 1762 1768 1732
1860 5 2 7 1 1726 1762 1768 1732 1727 1763 1769 1733
1861 5 2 7 1 1727 1763 1769 1733 1728 1764 1770 1734
1862 5 2 7 1 1728 1764 1770 1734 1244 1250 1251 1245
1863 5 2 7 1 291 297 298 292 1729 1765 1771 1735
1864 5 2 7 1 1729 1765 1771 1735 1730 1766 1772 1736
1865 5 2 7 1 1730 1766 1772 1736 1731 1767 1773 1737
1866 5 2 7 1 1731 1767 1773 1737 1732 1768 1774 1738
1867 5 2 7 1 1732 1768 1774 1738 1733 1769 1775 1739
1868 5 2 7 1 1733 1769 1775 1739 1734 1770 1776 1740
1869 5 2 7 1 1734 1770 1776 1740 1245 1251 1252 1246
1870 5 2 7 1 292 298 299 293 1735 1771 1777 1741
1871 5 2 7 1 1735 1771 1777 1741 1736 1772 1778 1742
1872 5 2 7 1 1736 1772 1778 1742 1737 1773 1779 1743
1873 5 2 7 1 1737 1773 1779 1743 1738 1774 1780 1744
1874 5 2 7 1 1738 1774 1780 1744 1739 1775 1781 1745
1875 5 2 7 1 1739 1775 1781 1745 1740 1776 1782 1746
1876 5 2 7 1 1740 1776 1782 1746 1246 1252 1253 1247
1877 5 2 7 1 293 299 300 294 1741 1777 1783 1747
1878 5 2 7 1 1741 1777 1783 1747 1742 1778 1784 1748
1879 5 2 7 1 1742 1778 1784 1748 1743 1779 1785 1749
1880 5 2 7 1 1743 1779 1785 1749 1744 1780 1786 1750
1881 5 2 7 1 1744 1780 1786 1750 1745 1781 1787 1751
1882 5 2 7 1 1745 1781 1787 1751 1746 1782 1788 1752
1883 5 2 7 1 1746 1782 1788 1752 1247 1253 1254 1248
1884 5 2 7 1 294 300 105 106 1747 1783 1123 1129
1885 5 2 7 1 1747 1783 1123 1129 1748 1784 1124 1130
1886 5 2 7 1 1748 1784 1124 1130 1749 1785 1125 1131
1887 5 2 7 1 1749 1785 1125 1131 1750 1786 1126 1132
1888 5 2 7 1 1750 1786 1126 1132 1751 1787 1127 1133
1889 5 2 7 1 1751 1787 1127 1133 1752 1788 1128 1134
1890 5 2 7 1 1752 1788 1128 1134 1248 1254 215 216
1891 5 2 7 1 16 17 301 295 589 595 1789 1753
1892 5 2 7 1 589 595 1789 1753 590 596 1790 1754
1893 5 2 7 1 590 596 1790 1754 591 597 1791 1755
1894 5 2 7 1 591 597 1791 1755 592 598 1792 1756
1895 5 2 7 1 592 598 1792 1756 593 599 1793 1757
1896 5 2 7 1 593 599 1793 1757 594 600 1794 1758
1897 5 2 7 1 594 600 1794 1758 126 127 1255 1249
1898 5 2 7 1 295 301 302 296 1753 1789 1795 1759
1899 5 2 7 1 1753 1789 1795 1759 1754 1790 1796 1760
1900 5 2 7 1 1754 1790 1796 1760 1755 1791 1797 1761
1901 5 2 7 1 1755 1791 1797 1761 1756 1792 1798 1762
1902 5 2 7 1 1756 1792 1798 1762 1757 1793 1799 1763
1903 5 2 7 1 1757 1793 1799 1763 1758 1794 1800 1764
1904 5 2 7 1 1758 1794 1800 1764 1249 1255 1256 1250
1905 5 2 7 1 296 302 303 297 1759 1795 1801 1765
1906 5 2 7 1 1759 1795 1801 1765 1760 1796 1802 1766
1907 5 2 7 1 1760 1796 1802 1766 1761 1797 1803 1767
1908 5 2 7 1 1761 1797 1803 1767 1762 1798 1804 1768
1909 5 2 7 1 1762 1798 1804 1768 1763 1799 1805 1769
1910 5 2 7 1 1763 1799 1805 1769 1764 1800 1806 1770
1911 5 2 7 1 1764 1800 1806 1770 1250 1256 1257 1251
1912 5 2 7 1 297 303 304 298 1765 1801 1807 1771
1913 5 2 7 1 1765 1801 1807 1771 1766 1802 1808 1772
1914 5 2 7 1 1766 1802 1808 1772 1767 1803 1809 1773
1915 5 2 7 1 1767 1803 1809 1773 1768 1804 1810 1774
1916 5 2 7 1 1768 1804 1810 1774 1769 1805 1811 1775
1917 5 2 7 1 1769 1805 1811 1775 1770 1806 1812 1776
1918 5 2 7 1 1770 1806 1812 1776 1251 1257 1258 1252
1919 5 2 7 1 298 304 305 299 1771 1807 1813 1777
1920 5 2 7 1 1771 1807 1813 1777 1772 1808 1814 1778
1921 5 2 7 1 1772 1808 1814 1778 1773 1809 1815 1779
1922 5 2 7 1 1773 1809 1815 1779 1774 1810 1816 1780
1923 5 2 7 1 1774 1810 1816 1780 1775 1811 1817 1781
1924 5 2 7 1 1775 1811 1817 1781 1776 1812 1818 1782
1925 5 2 7 1 1776 1812 1818 1782 1252 1258 1259 1253
1926 5 2 7 1 299 305 306 300 1777 1813 1819 1783
1927 5 2 7 1 1777 1813 1819 1783 1778 1814 1820 1784
1928 5 2 7 1 1778 1814 1820 1784 1779 1815 1821 1785
1929 5 2 7 1 1779 1815 1821 1785 1780 1816 1822 1786
1930 5 2 7 1 1780 1816 1822 1786 1781 1817 1823 1787
1931 5 2 7 1 1781 1817 1823 1787 1782 1818 1824 1788
1932 5 2 7 1 1782 1818 1824 1788 1253 1259 1260 1254
1933 5 2 7 1 300 306 104 105 1783 1819 1117 1123
1934 5 2 7 1 1783 1819 1117 1123 1784 1820 1118 1124
1935 5 2 7 1 1784 1820 1118 1124 1785 1821 1119 1125
1936 5 2 7 1 1785 1821 1119 1125 1786 1822 1120 1126
1937 5 2 7 1 1786 1822 1120 1126 1787 1823 1121 1127
1938 5 2 7 1 1787 1823 1121 1127 1788 1824 1122 1128
1939 5 2 7 1 1788 1824 1122 1128 1254 1260 214 215
1940 5 2 7 1 17 18 307 301 595 601 1825 1789
1941 5 2 7 1 595 601 1825 1789 596 602 1826 1790
1942 5 2 7 1 596 602 1826 1790 597 603 1827 1791
1943 5 2 7 1 597 603 1827 1791 598 604 1828 1792
1944 5 2 7 1 598 604 1828 1792 599 605 1829 1793
1945 5 2 7 1 599 605 1829 1793 600 606 1830 1794
1946 5 2 7 1 600 606 1830 1794 127 128 1261 1255
1947 5 2 7 1 301 307 308 302 1789 1825 1831 1795
1948 5 2 7 1 1789 1825 1831 1795 1790 1826 1832 1796
1949 5 2 7 1 1790 1826 1832 1796 1791 1827 1833 1797
1950 5 2 7 1 1791 1827 1833 1797 1792 1828 1834 1798
1951 5 2 7 1 1792 1828 1834 1798 1793 1829 1835 1799
1952 5 2 7 1 1793 1829 1835 1799 1794 1830 1836 1800
1953 5 2 7 1 1794 1830 1836 1800 1255 1261 1262 1256
1954 5 2 7 1 302 308 309 303 1795 1831 1837 1801
1955 5 2 7 1 1795 1831 1837 1801 1796 1832 1838 1802
1956 5 2 7 1 1796 1832 1838 1802 1797 1833 1839 1803
1957 5 2 7 1 1797 1833 1839 1803 1798 1834 1840 1804
1958 5 2 7 1 1798 1834 1840 1804 1799 1835 1841 1805
1959 5 2 7 1 1799 1835 1841 1805 1800 1836 1842 1806
1960 5 2 7 1 1800 1836 1842 1806 1256 1262 1263 1257
1961 5 2 7 1 303 309 310 304 1801 1837 1843 1807
1962 5 2 7 1 1801 1837 1843 1807 1802 1838 1844 1808
1963 5 2 7 1 1802 1838 1844 1808 1803 1839 1845 1809
1964 5 2 7 1 1803 1839 1845 1809 1804 1840 1846 1810
1965 5 2 7 1 1804 1840 1846 1810 1805 1841 1847 1811
1966 5 2 7 1 1805 1841 1847 1811 1806 1842 1848 1812
1967 5 2 7 1 1806 1842 1848 1812 1257 1263 1264 1258
1968 5 2 7 1 304 310 311 305 1807 1843 1849 1813
1969 5 2 7 1 1807 1843 1849 1813 1808 1844 1850 1814
1970 5 2 7 1 1808 1844 1850 1814 1809 1845 1851 1815
1971 5 2 7 1 1809 1845 1851 1815 1810 1846 1852 1816
1972 5 2 7 1 1810 1846 1852 1816 1811 1847 1853 1817
1973 5 2 7 1 1811 1847 1853 1817 1812 1848 1854 1818
1974 5 2 7 1 1812 1848 1854 1818 1258 1264 1265 1259
1975 5 2 7 1 305 311 312 306 1813 1849 1855 1819
1976 5 2 7 1 1813 1849 1855 1819 1814 1850 1856 1820
1977 5 2 7 1 1814 1850 1856 1820 1815 1851 1857 1821
1978 5 2 7 1 1815 1851 1857 1821 1816 1852 1858 1822
1979 5 2 7 1 1816 1852 1858 1822 1817 1853 1859 1823
1980 5 2 7 1 1817 1853 1859 1823 1818 1854 1860 1824
1981 5 2 7 1 1818 1854 1860 1824 1259 1265 1266 1260
1982 5 2 7 1 306 312 103 104 1819 1855 1111 1117
1983 5 2 7 1 1819 1855 1111 1117 1820 1856 1112 1118
1984 5 2 7 1 1820 1856 1112 1118 1821 1857 1113 1119
1985 5 2 7 1 1821 1857 1113 1119 1822 1858 1114 1120
1986 5 2 7 1 1822 1858 1114 1120 1823 1859 1115 1121
1987 5 2 7 1 1823 1859 1115 1121 1824 1860 1116 1122
1988 5 2 7 1 1824 1860 1116 1122 1260 1266 213 214
1989 5 2 7 1 18 19 313 307 601 607 1861 1825
1990 5 2 7 1 601 607 1861 1825 602 608 1862 1826
1991 5 2 7 1 602 608 1862 1826 603 609 1863 1827
1992 5 2 7 1 603 609 1863 1827 604 610 1864 1828
1993 5 2 7 1 604 610 1864 1828 605 611 1865 1829
1994 5 2 7 1 605 611 1865 1829 606 612 1866 1830
1995 5 2 7 1 606 612 1866 1830 128 129 1267 1261
1996 5 2 7 1 307 313 314 308 1825 1861 1867 1831
1997 5 2 7 1 1825 1861 1867 1831 1826 1862 1868 1832
1998 5 2 7 1 1826 1862 1868 1832 1827 1863 1869 1833
1999 5 2 7 1 1827 1863 1869 1833 1828 1864 1870 1834
2000 5 2 7 1 1828 1864 1870 1834 1829 1865 1871 1835
2001 5 2 7 1 1829 1865 1871 1835 1830 1866 1872 1836
2002 5 2 7 1 1830 1866 1872 1836 1261 1267 1268 1262
2003 5 2 7 1 308 314 315 309 1831 1867 1873 1837
2004 5 2 7 1 1831 1867 1873 1837 1832 1868 1874 1838
2005 5 2 7 1 1832 1868 1874 1838 1833 1869 1875 1839
2006 5 2 7 1 1833 1869 1875 1839 1834 1870 1876 1840
2007 5 2 7 1 1834 1870 1876 1840 1835 1871 1877 1841
2008 5 2 7 1 1835 1871 1877 1841 1836 1872 1878 1842
2009 5 2 7 1 1836 1872 1878 1842 1262 1268 1269 1263
2010 5 2 7 1 309 315 316 310 1837 1873 1879 1843
2011 5 2 7 1 1837 1873 1879 1843 1838 1874 1880 1844
2012 5 2 7 1 1838 1874 1880 1844 1839 1875 1881 1845
2013 5 2 7 1 1839 1875 1881 1845 1840 1876 1882 1846
2014 5 2 7 1 1840 1876 1882 1846 1841 1877 1883 1847
2015 5 2 7 1 1841 1877 1883 1847 1842 1878 1884 1848
2016 5 2 7 1 1842 1878 1884 1848 1263 1269 1270 1264
2017 5 2 7 1 310 316 317 311 1843 1879 1885 1849
2018 5 2 7 1 1843 1879 1885 1849 1844 1880 1886 1850
2019 5 2 7 1 1844 1880 1886 1850 1845 1881 1887 1851
2020 5 2 7 1 1845 1881 1887 1851 1846 1882 1888 1852
2021 5 2 7 1 1846 1882 1888 1852 1847 1883 1889 1853
2022 5 2 7 1 1847 1883 1889 1853 1848 1884 1890 1854
2023 5 2 7 1 1848 1884 1890 1854 1264 1270 1271 1265
2024 5 2 7 1 311 317 318 312 1849 1885 1891 1855
2025 5 2 7 1 1849 1885 1891 1855 1850 1886 1892 1856
2026 5 2 7 1 1850 1886 1892 1856 1851 1887 1893 1857
2027 5 2 7 1 1851 1887 1893 1857 1852 1888 1894 1858
2028 5 2 7 1 1852 1888 1894 1858 1853 1889 1895 1859
2029 5 2 7 1 1853 1889 1895 1859 1854 1890 1896 1860
2030 5 2 7 1 1854 1890 1896 1860 1265 1271 1272 1266
2031 5 2 7 1 312 318 102 103 1855 1891 1105 1111
2032 5 2 7 1 1855 1891 1105 1111 1856 1892 1106 1112
2033 5 2 7 1 1856 1892 1106 1112 1857 1893 1107 1113
2034 5 2 7 1 1857 1893 1107 1113 1858 1894 1108 1114
2035 5 2 7 1 1858 1894 1108 1114 1859 1895 1109 1115
2036 5 2 7 1 1859 1895 1109 1115 1860 1896 1110 1116
2037 5 2 7 1 1860 1896 1110 1116 1266 1272 212 213
2038 5 2 7 1 19 20 319 313 607 613 1897 1861
2039 5 2 7 1 607 613 1897 1861 608 614 1898 1862
2040 5 2 7 1 608 614 1898 1862 609 615 1899 1863
2041 5 2 7 1 609 615 1899 1863 610 616 1900 1864
2042 5 2 7 1 610 616 1900 1864 611 617 1901 1865
2043 5 2 7 1 611 617 1901 1865 612 618 1902 1866
2044 5 2 7 1 612 618 1902 1866 129 130 1273 1267
2045 5 2 7 1 313 319 320 314 1861 1897 1903 1867
2046 5 2 7 1 1861 1897 1903 1867 1862 1898 1904 1868
2047 5 2 7 1 1862 1898 1904 1868 1863 1899 1905 1869
2048 5 2 7 1 1863 1899 1905 1869 1864 1900 1906 1870
2049 5 2 7 1 1864 1900 1906 1870 1865 1901 1907 1871
2050 5 2 7 1 1865 1901 1907 1871 1866 1902 1908 1872
2051 5 2 7 1 1866 1902 1908 1872 1267 1273 1274 1268
2052 5 2 7 1 314 320 321 315 1867 1903 1909 1873
2053 5 2 7 1 1867 1903 1909 1873 1868 1904 1910 1874
2054 5 2 7 1 1868 1904 1910 1874 1869 1905 1911 1875
2055 5 2 7 1 1869 1905 1911 1875 1870 1906 1912 1876
2056 5 2 7 1 1870 1906 1912 1876 1871 1907 1913 1877
2057 5 2 7 1 1871 1907 1913 1877 1872 1908 1914 1878
2058 5 2 7 1 1872 1908 1914 1878 1268 1274 1275 1269
2059 5 2 7 1 315 321 322 316 1873 1909 1915 1879
2060 5 2 7 1 1873 1909 1915 1879 1874 1910 1916 1880
2061 5 2 7 1 1874 1910 1916 1880 1875 1911 1917 1881
2062 5 2 7 1 1875 1911 1917 1881 1876 1912 1918 1882
2063 5 2 7 1 1876 1912 1918 1882 1877 1913 1919 1883
2064 5 2 7 1 1877 1913 1919 1883 1878 1914 1920 1884
2065 5 2 7 1 1878 1914 1920 1884 1269 1275 1276 1270
2066 5 2 7 1 316 322 323 317 1879 1915 1921 1885
2067 5 2 7 1 1879 1915 1921 1885 1880 1916 1922 1886
2068 5 2 7 1 1880 1916 1922 1886 1881 1917 1923 1887
2069 5 2 7 1 1881 1917 1923 1887 1882 1918 1924 1888
2070 5 2 7 1 1882 1918 1924 1888 1883 1919 1925 1889
2071 5 2 7 1 1883 1919 1925 1889 1884 1920 1926 1890
2072 5 2 7 1 1884 1920 1926 1890 1270 1276 1277 1271
2073 5 2 7 1 317 323 324 318 1885 1921 1927 1891
2074 5 2 7 1 1885 1921 1927 1891 1886 1922 1928 1892
2075 5 2 7 1 1886 1922 1928 1892 1887 1923 1929 1893
2076 5 2 7 1 1887 1923 1929 1893 1888 1924 1930 1894
2077 5 2 7 1 1888 1924 1930 1894 1889 1925 1931 1895
2078 5 2 7 1 1889 1925 1931 1895 1890 1926 1932 1896
2079 5 2 7 1 1890 1926 1932 1896 1271 1277 1278 1272
2080 5 2 7 1 318 324 101 102 1891 1927 1099 1105
2081 5 2 7 1 1891 1927 1099 1105 1892 1928 1100 1106
2082 5 2 7 1 1892 1928 1100 1106 1893 1929 1101 1107
2083 5 2 7 1 1893 1929 1101 1107 1894 1930 1102 1108
2084 5 2 7 1 1894 1930 1102 1108 1895 1931 1103 1109
2085 5 2 7 1 1895 1931 1103 1109 1896 1932 1104 1110
2086 5 2 7 1 1896 1932 1104 1110 1272 1278 211 212
2087 5 2 7 1 20 21 325 319 613 619 1933 1897
2088 5 2 7 1 613 619 1933 1897 614 620 1934 1898
2089 5 2 7 1 614 620 1934 1898 615 621 1935 1899
2090 5 2 7 1 615 621 1935 1899 616 622 1936 1900
2091 5 2 7 1 616 622 1936 1900 617 623 1937 1901
2092 5 2 7 1 617 623 1937 1901 618 624 1938 1902
2093 5 2 7 1 618 624 1938 1902 130 131 1279 1273
2094 5 2 7 1 319 325 326 320 1897 1933 1939 1903
2095 5 2 7 1 1897 1933 1939 1903 1898 1934 1940 1904
2096 5 2 7 1 1898 1934 1940 1904 1899 1935 1941 1905
2097 5 2 7 1 1899 1935 1941 1905 1900 1936 1942 1906
2098 5 2 7 1 1900 1936 1942 1906 1901 1937 1943 1907
2099 5 2 7 1 1901 1937 1943 1907 1902 1938 1944 1908
2100 5 2 7 1 1902 1938 1944 1908 1273 1279 1280 1274
2101 5 2 7 1 320 326 327 321 1903 1939 1945 1909
2102 5 2 7 1 1903 1939 1945 1909 1904 1940 1946 1910
2103 5 2 7 1 1904 1940 1946 1910 1905 1941 1947 1911
2104 5 2 7 1 1905 1941 1947 1911 1906 1942 1948 1912
2105 5 2 7 1 1906 1942 1948 1912 1907 1943 1949 1913
2106 5 2 7 1 1907 1943 1949 1913 1908 1944 1950 1914
2107 5 2 7 1 1908 1944 1950 1914 1274 1280 1281 1275
2108 5 2 7 1 321 327 328 322 1909 1945 1951 1915
2109 5 2 7 1 1909 1945 1951 1915 1910 1946 1952 1916
2110 5 2 7 1 1910 1946 1952 1916 1911 1947 1953 1917
2111 5 2 7 1 1911 1947 1953 1917 1912 1948 1954 1918
2112 5 2 7 1 1912 1948 1954 1918 1913 1949 1955 1919
2113 5 2 7 1 1913 1949 1955 1919 1914 1950 1956 1920
2114 5 2 7 1 1914 1950 1956 1920 1275 1281 1282 1276
2115 5 2 7 1 322 328 329 323 1915 1951 1957 1921
2116 5 2 7 1 1915 1951 1957 1921 1916 1952 1958 1922
2117 5 2 7 1 1916 1952 1958 1922 1917 1953 1959 1923
2118 5 2 7 1 1917 1953 1959 1923 1918 1954 1960 1924
2119 5 2 7 1 1918 1954 1960 1924 1919 1955 1961 1925
2120 5 2 7 1 1919 1955 1961 1925 1920 1956 1962 1926
2121 5 2 7 1 1920 1956 1962 1926 1276 1282 1283 1277
2122 5 2 7 1 323 329 330 324 1921 1957 1963 1927
2123 5 2 7 1 1921 1957 1963 1927 1922 1958 1964 1928
2124 5 2 7 1 1922 1958 1964 1928 1923 1959 1965 1929
2125 5 2 7 1 1923 1959 1965 1929 1924 1960 1966 1930
2126 5 2 7 1 1924 1960 1966 1930 1925 1961 1967 1931
2127 5 2 7 1 1925 1961 1967 1931 1926 1962 1968 1932
2128 5 2 7 1 1926 1962 1968 1932 1277 1283 1284 1278
2129 5 2 7 1 324 330 100 101 1927 1963 1093 1099
2130 5 2 7 1 1927 1963 1093 1099 1928 1964 1094 1100
2131 5 2 7 1 1928 1964 1094 1100 1929 1965 1095 1101
2132 5 2 7 1 1929 1965 1095 1101 1930 1966 1096 1102
2133 5 2 7 1 1930 1966 1096 1102 1931 1967 1097 1103
2134 5 2 7 1 1931 1967 1097 1103 1932 1968 1098 1104
2135 5 2 7 1 1932 1968 1098 1104 1278 1284 210 211
2136 5 2 7 1 21 22 331 325 619 625 1969 1933
2137 5 2 7 1 619 625 1969 1933 620 626 1970 1934
2138 5 2 7 1 620 626 1970 1934 621 627 1971 1935
2139 5 2 7 1 621 627 1971 1935 622 628 1972 1936
2140 5 2 7 1 622 628 1972 1936 623 629 1973 1937
2141 5 2 7 1 623 629 1973 1937 624 630 1974 1938
2142 5 2 7 1 624 630 1974 1938 131 132 1285 1279
2143 5 2 7 1 325 331 332 326 1933 1969 1975 1939
2144 5 2 7 1 1933 1969 1975 1939 1934 1970 1976 1940
2145 5 2 7 1 1934 1970 1976 1940 1935 1971 1977 1941
2146 5 2 7 1 1935 1971 1977 1941 1936 1972 1978 1942
2147 5 2 7 1 1936 1972 1978 1942 1937 1973 1979 1943
2148 5 2 7 1 1937 1973 1979 1943 1938 1974 1980 1944
2149 5 2 7 1 1938 1974 1980 1944 1279 1285 1286 1280
2150 5 2 7 1 326 332 333 327 1939 1975 1981 1945
2151 5 2 7 1 1939 1975 1981 1945 1940 1976 1982 1946
2152 5 2 7 1 1940 1976 1982 1946 1941 1977 1983 1947
2153 5 2 7 1 1941 1977 1983 1947 1942 1978 1984 1948
2154 5 2 7 1 1942 1978 1984 1948 1943 1979 1985 1949
2155 5 2 7 1 1943 1979 1985 1949 1944 1980 1986 1950
2156 5 2 7 1 1944 1980 1986 1950 1280 1286 1287 1281
2157 5 2 7 1 327 333 334 328 1945 1981 1987 1951
2158 5 2 7 1 1945 1981 1987 1951 1946 1982 1988 1952
2159 5 2 7 1 1946 1982 1988 1952 1947 1983 1989 1953
2160 5 2 7 1 1947 1983 1989 1953 1948 1984 1990 1954
2161 5 2 7 1 1948 1984 1990 1954 1949 1985 1991 1955
2162 5 2 7 1 1949 1985 1991 1955 1950 1986 1992 1956
2163 5 2 7 1 1950 1986 1992 1956 1281 1287 1288 1282
2164 5 2 7 1 328 334 335 329 1951 1987 1993 1957
2165 5 2 7 1 1951 1987 1993 1957 1952 1988 1994 1958
2166 5 2 7 1 1952 1988 1994 1958 1953 1989 1995 1959
2167 5 2 7 1 1953 1989 1995 1959 1954 1990 1996 1960
2168 5 2 7 1 1954 1990 1996 1960 1955 1991 1997 1961
2169 5 2 7 1 1955 1991 1997 1961 1956 1992 1998 1962
2170 5 2 7 1 1956 1992 1998 1962 1282 1288 1289 1283
2171 5 2 7 1 329 335 336 330 1957 1993 1999 1963
2172 5 2 7 1 1957 1993 1999 1963 1958 1994 2000 1964
2173 5 2 7 1 1958 1994 2000 1964 1959 1995 2001 1965
2174 5 2 7 1 1959 1995 2001 1965 1960 1996 2002 1966
2175 5 2 7 1 1960 1996 2002 1966 1961 1997 2003 1967
2176 5 2 7 1 1961 1997 2003 1967 1962 1998 2004 1968
2177 5 2 7 1 1962 1998 2004 1968 1283 1289 1290 1284
2178 5 2 7 1 330 336 99 100 1963 1999 1087 1093
2179 5 2 7 1 1963 1999 1087 1093 1964 2000 1088 1094
2180 5 2 7 1 1964 2000 1088 1094 1965 2001 1089 1095
2181 5 2 7 1 1965 2001 1089 1095 1966 2002 1090 1096
2182 5 2 7 1 1966 2002 1090 1096 1967 2003 1091 1097
2183 5 2 7 1 1967 2003 1091 1097 1968 2004 1092 1098
2184 5 2 7 1 1968 2004 1092 1098 1284 1290 209 210
2185 5 2 7 1 22 23 337 331 625 631 2005 1969
2186 5 2 7 1 625 631 2005 1969 626 632 2006 1970
2187 5 2 7 1 626 632 2006 1970 627 633 2007 1971
2188 5 2 7 1 627 633 2007 1971 628 634 2008 1972
2189 5 2 7 1 628 634 2008 1972 629 635 2009 1973
2190 5 2 7 1 629 635 2009 1973 630 636 2010 1974
2191 5 2 7 1 630 636 2010 1974 132 133 1291 1285
2192 5 2 7 1 331 337 338 332 1969 2005 2011 1975
2193 5 2 7 1 1969 2005 2011 1975 1970 2006 2012 1976
2194 5 2 7 1 1970 2006 2012 1976 1971 2007 2013 1977
2195 5 2 7 1 1971 2007 2013 1977 1972 2008 2014 1978
2196 5 2 7 1 1972 2008 2014 1978 1973 2009 2015 1979
2197 5 2 7 1 1973 2009 2015 1979 1974 2010 2016 1980
2198 5 2 7 1 1974 2010 2016 1980 1285 1291 1292 1286
2199 5 2 7 1 332 338 339 333 1975 2011 2017 1981
2200 5 2 7 1 1975 2011 2017 1981 1976 2012 2018 1982
2201 5 2 7 1 1976 2012 2018 1982 1977 2013 2019 1983
2202 5 2 7 1 1977 2013 2019 1983 1978 2014 2020 1984
2203 5 2 7 1 1978 2014 2020 1984 1979 2015 2021 1985
2204 5 2 7 1 1979 2015 2021 1985 1980 2016 2022 1986
2205 5 2 7 1 1980 2016 2022 1986 1286 1292 1293 1287
2206 5 2 7 1 333 339 340 334 1981 2017 2023 1987
2207 5 2 7 1 1981 2017 2023 1987 1982 2018 2024 1988
2208 5 2 7 1 1982 2018 2024 1988 1983 2019 2025 1989
2209 5 2 7 1 1983 2019 2025 1989 1984 2020 2026 1990
2210 5 2 7 1 1984 2020 2026 1990 1985 2021 2027 1991
2211 5 2 7 1 1985 2021 2027 1991 1986 2022 2028 1992
2212 5 2 7 1 1986 2022 2028 1992 1287 1293 1294 1288
2213 5 2 7 1 334 340 341 335 1987 2023 2029 1993
2214 5 2 7 1 1987 2023 2029 1993 1988 2024 2030 1994
2215 5 2 7 1 1988 2024 2030 1994 1989 2025 2031 1995
2216 5 2 7 1 1989 2025 2031 1995 1990 2026 2032 1996
2217 5 2 7 1 1990 2026 2032 1996 1991 2027 2033 1997
2218 5 2 7 1 1991 2027 2033 1997 1992 2028 2034 1998
2219 5 2 7 1 1992 2028 2034 1998 1288 1294 1295 1289
2220 5 2 7 1 335 341 342 336 1993 2029 2035 1999
2221 5 2 7 1 1993 2029 2035 1999 1994 2030 2036 2000
2222 5 2 7 1 1994 2030 2036 2000 1995 2031 2037 2001
2223 5 2 7 1 1995 2031 2037 2001 1996 2032 2038 2002
2224 5 2 7 1 1996 2032 2038 2002 1997 2033 2039 2003
2225 5 2 7 1 1997 2033 2039 2003 1998 2034 2040 2004
2226 5 2 7 1 1998 2034 2040 2004 1289 1295 1296 1290
2227 5 2 7 1 336 342 98 99 1999 2035 1081 1087
2228 5 2 7 1 1999 2035 1081 1087 2000 2036 1082 1088
2229 5 2 7 1 2000 2036 1082 1088 2001 2037 1083 1089
2230 5 2 7 1 2001 2037 1083 1089 2002 2038 1084 1090
2231 5 2 7 1 2002 2038 1084 1090 2003 2039 1085 1091
2232 5 2 7 1 2003 2039 1085 1091 2004 2040 1086 1092
2233 5 2 7 1 2004 2040 1086 1092 1290 1296 208 209
2234 5 2 7 1 23 24 343 337 631 637 2041 2005
2235 5 2 7 1 631 637 2041 2005 632 638 2042 2006
2236 5 2 7 1 632 638 2042 2006 633 639 2043 2007
2237 5 2 7 1 633 639 2043 2007 634 640 2044 2008
2238 5 2 7 1 634 640 2044 2008 635 641 2045 2009
2239 5 2 7 1 635 641 2045 2009 636 642 2046 2010
2240 5 2 7 1 636 642 2046 2010 133 134 1297 1291
2241 5 2 7 1 337 343 344 338 2005 2041 2047 2011
2242 5 2 7 1 2005 2041 2047 2011 2006 2042 2048 2012
2243 5 2 7 1 2006 2042 2048 2012 2007 2043 2049 2013
2244 5 2 7 1 2007 2043 2049 2013 2008 2044 2050 2014
2245 5 2 7 1 2008 2044 2050 2014 2009 2045 2051 2015
2246 5 2 7 1 2009 2045 2051 2015 2010 2046 2052 2016
2247 5 2 7 1 2010 2046 2052 2016 1291 1297 1298 1292
2248 5 2 7 1 338 344 345 339 2011 2047 2053 2017
2249 5 2 7 1 2011 2047 2053 2017 2012 2048 2054 2018
2250 5 2 7 1 2012 2048 2054 2018 2013 2049 2055 2019
2251 5 2 7 1 2013 2049 2055 2019 2014 2050 2056 2020
2252 5 2 7 1 2014 2050 2056 2020 2015 2051 2057 2021
2253 5 2 7 1 2015 2051 2057 2021 2016 2052 2058 2022
2254 5 2 7 1 2016 2052 2058 2022 1292 1298 1299 1293
2255 5 2 7 1 339 345 346 340 2017 2053 2059 2023
2256 5 2 7 1 2017 2053 2059 2023 2018 2054 2060 2024
2257 5 2 7 1 2018 2054 2060 2024 2019 2055 2061 2025
2258 5 2 7 1 2019 2055 2061 2025 2020 2056 2062 2026
2259 5 2 7 1 2020 2056 2062 2026 2021 2057 2063 2027
2260 5 2 7 1 2021 2057 2063 2027 2022 2058 2064 2028
2261 5 2 7 1 2022 2058 2064 2028 1293 1299 1300 1294
2262 5 2 7 1 340 346 347 341 2023 2059 2065 2029
2263 5 2 7 1 2023 2059 2065 2029 2024 2060 2066 2030
2264 5 2 7 1 2024 2060 2066 2030 2025 2061 2067 2031
2265 5 2 7 1 2025 2061 2067 2031 2026 2062 2068 2032
2266 5 2 7 1 2026 2062 2068 2032 2027 2063 2069 2033
2267 5 2 7 1 2027 2063 2069 2033 2028 2064 2070 2034
2268 5 2 7 1 2028 2064 2070 2034 1294 1300 1301 1295
2269 5 2 7 1 341 347 348 342 2029 2065 2071 2035
2270 5 2 7 1 2029 2065 2071 2035 2030 2066 2072 2036
2271 5 2 7 1 2030 2066 2072 2036 2031 2067 2073 2037
2272 5 2 7 1 2031 2067 2073 2037 2032 2068 2074 2038
2273 5 2 7 1 2032 2068 2074 2038 2033 2069 2075 2039
2274 5 2 7 1 2033 2069 2075 2039 2034 2070 2076 2040
2275 5 2 7 1 2034 2070 2076 2040 1295 1301 1302 1296
2276 5 2 7 1 342 348 97 98 2035 2071 1075 1081
2277 5 2 7 1 2035 2071 1075 1081 2036 2072 1076 1082
2278 5 2 7 1 2036 2072 1076 1082 2037 2073 1077 1083
2279 5 2 7 1 2037 2073 1077 1083 2038 2074 1078 1084
2280 5 2 7 1 2038 2074 1078 1084 2039 2075 1079 1085
2281 5 2 7 1 2039 2075 1079 1085 2040 2076 1080 1086
2282 5 2 7 1 2040 2076 1080 1086 1296 1302 207 208
2283 5 2 7 1 24 25 349 343 637 643 2077 2041
2284 5 2 7 1 637 643 2077 2041 638 644 2078 2042
2285 5 2 7 1 638 644 2078 2042 639 645 2079 2043
2286 5 2 7 1 639 645 2079 2043 640 646 2080 2044
2287 5 2 7 1 640 646 2080 2044 641 647 2081 2045
2288 5 2 7 1 641 647 2081 2045 642 648 2082 2046
2289 5 2 7 1 642 648 2082 2046 134 135 1303 1297
2290 5 2 7 1 343 349 350 344 2041 2077 2083 2047
2291 5 2 7 1 2041 2077 2083 2047 2042 2078 2084 2048
2292 5 2 7 1 2042 2078 2084 2048 2043 2079 2085 2049
2293 5 2 7 1 2043 2079 2085 2049 2044 2080 2086 2050
2294 5 2 7 1 2044 2080 2086 2050 2045 2081 2087 2051
2295 5 2 7 1 2045 2081 2087 2051 2046 2082 2088 2052
2296 5 2 7 1 2046 2082 2088 2052 1297 1303 1304 1298
2297 5 2 7 1 344 350 351 345 2047 2083 2089 2053
2298 5 2 7 1 2047 2083 2089 2053 2048 2084 2090 2054
2299 5 2 7 1 2048 2084 2090 2054 2049 2085 2091 2055
2300 5 2 7 1 2049 2085 2091 2055 2050 2086 2092 2056
2301 5 2 7 1 2050 2086 2092 2056 2051 2087 2093 2057
2302 5 2 7 1 2051 2087 2093 2057 2052 2088 2094 2058
2303 5 2 7 1 2052 2088 2094 2058 1298 1304 1305 1299
2304 5 2 7 1 345 351 352 346 2053 2089 2095 2059
2305 5 2 7 1 2053 2089 2095 2059 2054 2090 2096 2060
2306 5 2 7 1 2054 2090 2096 2060 2055 2091 2097 2061
2307 5 2 7 1 2055 2091 2097 2061 2056 2092 2098 2062
2308 5 2 7 1 2056 2092 2098 2062 2057 2093 2099 2063
2309 5 2 7 1 2057 2093 2099 2063 2058 2094 2100 2064
2310 5 2 7 1 2058 2094 2100 2064 1299 1305 1306 1300
2311 5 2 7 1 346 352 353 347 2059 2095 2101 2065
2312 5 2 7 1 2059 2095 2101 2065 2060 2096 2102 2066
2313 5 2 7 1 2060 2096 2102 2066 2061 2097 2103 2067
2314 5 2 7 1 2061 2097 2103 2067 2062 2098 2104 2068
2315 5 2 7 1 2062 2098 2104 2068 2063 2099 2105 2069
2316 5 2 7 1 2063 2099 2105 2069 2064 2100 2106 2070
2317 5 2 7 1 2064 2100 2106 2070 1300 1306 1307 1301
2318 5 2 7 1 347 353 354 348 2065 2101 2107 2071
2319 5 2 7 1 2065 2101 2107 2071 2066 2102 2108 2072
2320 5 2 7 1 2066 2102 2108 2072 2067 2103 2109 2073
2321 5 2 7 1 2067 2103 2109 2073 2068 2104 2110 2074
2322 5 2 7 1 2068 2104 2110 2074 2069 2105 2111 2075
2323 5 2 7 1 2069 2105 2111 2075 2070 2106 2112 2076
2324 5 2 7 1 2070 2106 2112 2076 1301 1307 1308 1302
2325 5 2 7 1 348 354 96 97 2071 2107 1069 1075
2326 5 2 7 1 2071 2107 1069 1075 2072 2108 1070 1076
2327 5 2 7 1 2072 2108 1070 1076 2073 2109 1071 1077
2328 5 2 7 1 2073 2109 1071 1077 2074 2110 1072 1078
2329 5 2 7 1 2074 2110 1072 1078 2075 2111 1073 1079
2330 5 2 7 1 2075 2111 1073 1079 2076 2112 1074 1080
2331 5 2 7 1 2076 2112 1074 1080 1302 1308 206 207
2332 5 2 7 1 25 26 355 349 643 649 2113 2077
2333 5 2 7 1 643 649 2113 2077 644 650 2114 2078
2334 5 2 7 1 644 650 2114 2078 645 651 2115 2079
2335 5 2 7 1 645 651 2115 2079 646 652 2116 2080
2336 5 2 7 1 646 652 2116 2080 647 653 2117 2081
2337 5 2 7 1 647 653 2117 2081 648 654 2118 2082
2338 5 2 7 1 648 654 2118 2082 135 136 1309 1303
2339 5 2 7 1 349 355 356 350 2077 2113 2119 2083
2340 5 2 7 1 2077 2113 2119 2083 2078 2114 2120 2084
2341 5 2 7 1 2078 2114 2120 2084 2079 2115 2121 2085
2342 5 2 7 1 2079 2115 2121 2085 2080 2116 2122 2086
2343 5 2 7 1 2080 2116 2122 2086 2081 2117 2123 2087
2344 5 2 7 1 2081 2117 2123 2087 2082 2118 2124 2088
2345 5 2 7 1 2082 2118 2124 2088 1303 1309 1310 1304
2346 5 2 7 1 350 356 357 351 2083 2119 2125 2089
2347 5 2 7 1 2083 2119 2125 2089 2084 2120 2126 2090
2348 5 2 7 1 2084 2120 2126 2090 2085 2121 2127 2091
2349 5 2 7 1 2085 2121 2127 2091 2086 2122 2128 2092
2350 5 2 7 1 2086 2122 2128 2092 2087 2123 2129 2093
2351 5 2 7 1 2087 2123 2129 2093 2088 2124 2130 2094
2352 5 2 7 1 2088 2124 2130 2094 1304 1310 1311 1305
2353 5 2 7 1 351 357 358 352 2089 2125 2131 2095
2354 5 2 7 1 2089 2125 2131 2095 2090 2126 2132 2096
2355 5 2 7 1 2090 2126 2132 2096 2091 2127 2133 2097
2356 5 2 7 1 2091 2127 2133 2097 2092 2128 2134 2098
2357 5 2 7 1 2092 2128 2134 2098 2093 2129 2135 2099
2358 5 2 7 1 2093 2129 2135 2099 2094 2130 2136 2100
2359 5 2 7 1 2094 2130 2136 2100 1305 1311 1312 1306
2360 5 2 7 1 352 358 359 353 2095 2131 2137 2101
2361 5 2 7 1 2095 2131 2137 2101 2096 2132 2138 2102
2362 5 2 7 1 2096 2132 2138 2102 2097 2133 2139 2103
2363 5 2 7 1 2097 2133 2139 2103 2098 2134 2140 2104
2364 5 2 7 1 2098 2134 2140 2104 2099 2135 2141 2105
2365 5 2 7 1 2099 2135 2141 2105 2100 2136 2142 2106
2366 5 2 7 1 2100 2136 2142 2106 1306 1312 1313 1307
2367 5 2 7 1 353 359 360 354 2101 2137 2143 2107
2368 5 2 7 1 2101 2137 2143 2107 2102 2138 2144 2108
2369 5 2 7 1 2102 2138 2144 2108 2103 2139 2145 2109
2370 5 2 7 1 2103 2139 2145 2109 2104 2140 2146 2110
2371 5 2 7 1 2104 2140 2146 2110 2105 2141 2147 2111
2372 5 2 7 1 2105 2141 2147 2111 2106 2142 2148 2112
2373 5 2 7 1 2106 2142 2148 2112 1307 1313 1314 1308
2374 5 2 7 1 354 360 95 96 2107 2143 1063 1069
2375 5 2 7 1 2107 2143 1063 1069 2108 2144 1064 1070
2376 5 2 7 1 2108 2144 1064 1070 2109 2145 1065 1071
2377 5 2 7 1 2109 2145 1065 1071 2110 2146 1066 1072
2378 5 2 7 1 2110 2146 1066 1072 2111 2147 1067 1073
2379 5 2 7 1 2111 2147 1067 1073 2112 2148 1068 1074
2380 5 2 7 1 2112 2148 1068 1074 1308 1314 205 206
2381 5 2 7 1 26 27 361 355 649 655 2149 2113
2382 5 2 7 1 649 655 2149 2113 650 656 2150 2114
2383 5 2 7 1 650 656 2150 2114 651 657 2151 2115
2384 5 2 7 1 651 657 2151 2115 652 658 2152 2116
2385 5 2 7 1 652 658 2152 2116 653 659 2153 2117
2386 5 2 7 1 653 659 2153 2117 654 660 2154 2118
2387 5 2 7 1 654 660 2154 2118 136 137 1315 1309
2388 5 2 7 1 355 361 362 356 2113 2149 2155 2119
2389 5 2 7 1 2113 2149 2155 2119 2114 2150 2156 2120
2390 5 2 7 1 2114 2150 2156 2120 2115 2151 2157 2121
2391 5 2 7 1 2115 2151 2157 2121 2116 2152 2158 2122
2392 5 2 7 1 2116 2152 2158 2122 2117 2153 2159 2123
2393 5 2 7 1 2117 2153 2159 2123 2118 2154 2160 2124
2394 5 2 7 1 2118 2154 2160 2124 1309 1315 1316 1310
2395 5 2 7 1 356 362 363 357 2119 2155 2161 2125
2396 5 2 7 1 2119 2155 2161 2125 2120 2156 2162 2126
2397 5 2 7 1 2120 2156 2162 2126 2121 2157 2163 2127
2398 5 2 7 1 2121 2157 2163 2127 2122 2158 2164 2128
2399 5 2 7 1 2122 2158 2164 2128 2123 2159 2165 2129
2400 5 2 7 1 2123 2159 2165 2129 2124 2160 2166 2130
2401 5 2 7 1 2124 2160 2166 2130 1310 1316 1317 1311
2402 5 2 7 1 357 363 364 358 2125 2161 2167 2131
2403 5 2 7 1 2125 2161 2167 2131 2126 2162 2168 2132
2404 5 2 7 1 2126 2162 2168 2132 2127 2163 2169 2133
2405 5 2 7 1 2127 2163 2169 2133 2128 2164 2170 2134
2406 5 2 7 1 2128 2164 2170 2134 2129 2165 2171 2135
2407 5 2 7 1 2129 2165 2171 2135 2130 2166 2172 2136
2408 5 2 7 1 2130 2166 2172 2136 1311 1317 1318 1312
2409 5 2 7 1 358 364 365 359 2131 2167 2173 2137
2410 5 2 7 1 2131 2167 2173 2137 2132 2168 2174 2138
2411 5 2 7 1 2132 2168 2174 2138 2133 2169 2175 2139
2412 5 2 7 1 2133 2169 2175 2139 2134 2170 2176 2140
2413 5 2 7 1 2134 2170 2176 2140 2135 2171 2177 2141
2414 5 2 7 1 2135 2171 2177 2141 2136 2172 2178 2142
2415 5 2 7 1 2136 2172 2178 2142 1312 1318 1319 1313
2416 5 2 7 1 359 365 366 360 2137 2173 2179 2143
2417 5 2 7 1 2137 2173 2179 2143 2138 2174 2180 2144
2418 5 2 7 1 2138 2174 2180 2144 2139 2175 2181 2145
2419 5 2 7 1 2139 2175 2181 2145 2140 2176 2182 2146
2420 5 2 7 1 2140 2176 2182 2146 2141 2177 2183 2147
2421 5 2 7 1 2141 2177 2183 2147 2142 2178 2184 2148
2422 5 2 7 1 2142 2178 2184 2148 1313 1319 1320 1314
2423 5 2 7 1 360 366 94 95 2143 2179 1057 1063
2424 5 2 7 1 2143 2179 1057 1063 2144 2180 1058 1064
2425 5 2 7 1 2144 2180 1058 1064 2145 2181 1059 1065
2426 5 2 7 1 2145 2181 1059 1065 2146 2182 1060 1066
2427 5 2 7 1 2146 2182 1060 1066 2147 2183 1061 1067
2428 5 2 7 1 2147 2183 1061 1067 2148 2184 1062 1068
2429 5 2 7 1 2148 2184 1062 1068 1314 1320 204 205
2430 5 2 7 1 27 28 367 361 655 661 2185 2149
2431 5 2 7 1 655 661 2185 2149 656 662 2186 2150
2432 5 2 7 1 656 662 2186 2150 657 663 2187 2151
2433 5 2 7 1 657 663 2187 2151 658 664 2188 2152
2434 5 2 7 1 658 664 2188 2152 659 665 2189 2153
2435 5 2 7 1 659 665 2189 2153 660 666 2190 2154
2436 5 2 7 1 660 666 2190 2154 137 138 1321 1315
2437 5 2 7 1 361 367 368 362 2149 2185 2191 2155
2438 5 2 7 1 2149 2185 2191 2155 2150 2186 2192 2156
2439 5 2 7 1 2150 2186 2192 2156 2151 2187 2193 2157
2440 5 2 7 1 2151 2187 2193 2157 2152 2188 2194 2158
2441 5 2 7 1 2152 2188 2194 2158 2153 2189 2195 2159
2442 5 2 7 1 2153 2189 2195 2159 2154 2190 2196 2160
2443 5 2 7 1 2154 2190 2196 2160 1315 1321 1322 1316
2444 5 2 7 1 362 368 369 363 2155 2191 2197 2161
2445 5 2 7 1 2155 2191 2197 2161 2156 2192 2198 2162
2446 5 2 7 1 2156 2192 2198 2162 2157 2193 2199 2163
2447 5 2 7 1 2157 2193 2199 2163 2158 2194 2200 2164
2448 5 2 7 1 2158 2194 2200 2164 2159 2195 2201 2165
2449 5 2 7 1 2159 2195 2201 2165 2160 2196 2202 2166
2450 5 2 7 1 2160 2196 2202 2166 1316 1322 1323 1317
2451 5 2 7 1 363 369 370 364 2161 2197 2203 2167
2452 5 2 7 1 2161 2197 2203 2167 2162 2198 2204 2168
2453 5 2 7 1 2162 2198 2204 2168 2163 2199 2205 2169
2454 5 2 7 1 2163 2199 2205 2169 2164 2200 2206 2170
2455 5 2 7 1 2164 2200 2206 2170 2165 2201 2207 2171
2456 5 2 7 1 2165 2201 2207 2171 2166 2202 2208 2172
2457 5 2 7 1 2166 2202 2208 2172 1317 1323 1324 1318
2458 5 2 7 1 364 370 371 365 2167 2203 2209 2173
2459 5 2 7 1 2167 2203 2209 2173 2168 2204 2210 2174
2460 5 2 7 1 2168 2204 2210 2174 2169 2205 2211 2175
2461 5 2 7 1 2169 2205 2211 2175 2170 2206 2212 2176
2462 5 2 7 1 2170 2206 2212 2176 2171 2207 2213 2177
2463 5 2 7 1 2171 2207 2213 2177 2172 2208 2214 2178
2464 5 2 7 1 2172 2208 2214 2178 1318 1324 1325 1319
2465 5 2 7 1 365 371 372 366 2173 2209 2215 2179
2466 5 2 7 1 2173 2209 2215 2179 2174 2210 2216 2180
2467 5 2 7 1 2174 2210 2216 2180 2175 2211 2217 2181
2468 5 2 7 1 2175 2211 2217 2181 2176 2212 2218 2182
2469 5 2 7 1 2176 2212 2218 2182 2177 2213 2219 2183
2470 5 2 7 1 2177 2213 2219 2183 2178 2214 2220 2184
2471 5 2 7 1 2178 2214 2220 2184 1319 1325 1326 1320
2472 5 2 7 1 366 372 93 94 2179 2215 1051 1057
2473 5 2 7 1 2179 2215 1051 1057 2180 2216 1052 1058
2474 5 2 7 1 2180 2216 1052 1058 2181 2217 1053 1059
2475 5 2 7 1 2181 2217 1053 1059 2182 2218 1054 1060
2476 5 2 7 1 2182 2218 1054 1060 2183 2219 1055 1061
2477 5 2 7 1 2183 2219 1055 1061 2184 2220 1056 1062
2478 5 2 7 1 2184 2220 1056 1062 1320 1326 203 204
2479 5 2 7 1 28 29 373 367 661 667 2221 2185
2480 5 2 7 1 661 667 2221 2185 662 668 2222 2186
2481 5 2 7 1 662 668 2222 2186 663 669 2223 2187
2482 5 2 7 1 663 669 2223 2187 664 670 2224 2188
2483 5 2 7 1 664 670 2224 2188 665 671 2225 2189
2484 5 2 7 1 665 671 2225 2189 666 672 2226 2190
2485 5 2 7 1 666 672 2226 2190 138 139 1327 1321
2486 5 2 7 1 367 373 374 368 2185 2221 2227 2191
2487 5 2 7 1 2185 2221 2227 2191 2186 2222 2228 2192
2488 5 2 7 1 2186 2222 2228 2192 2187 2223 2229 2193
2489 5 2 7 1 2187 2223 2229 2193 2188 2224 2230 2194
2490 5 2 7 1 2188 2224 2230 2194 2189 2225 2231 2195
2491 5 2 7 1 2189 2225 2231 2195 2190 2226 2232 2196
2492 5 2 7 1 2190 2226 2232 2196 1321 1327 1328 1322
2493 5 2 7 1 368 374 375 369 2191 2227 2233 2197
2494 5 2 7 1 2191 2227 2233 2197 2192 2228 2234 2198
2495 5 2 7 1 2192 2228 2234 2198 2193 2229 2235 2199
2496 5 2 7 1 2193 2229 2235 2199 2194 2230 2236 2200
2497 5 2 7 1 2194 2230 2236 2200 2195 2231 2237 2201
2498 5 2 7 1 2195 2231 2237 2201 2196 2232 2238 2202
2499 5 2 7 1 2196 2232 2238 2202 1322 1328 1329 1323
2500 5 2 7 1 369 375 376 370 2197 2233 2239 2203
2501 5 2 7 1 2197 2233 2239 2203 2198 2234 2240 2204
2502 5 2 7 1 2198 2234 2240 2204 2199 2235 2241 2205
2503 5 2 7 1 2199 2235 2241 2205 2200 2236 2242 2206
2504 5 2 7 1 2200 2236 2242 2206 2201 2237 2243 2207
2505 5 2 7 1 2201 2237 2243 2207 2202 2238 2244 2208
2506 5 2 7 1 2202 2238 2244 2208 1323 1329 1330 1324
2507 5 2 7 1 370 376 377 371 2203 2239 2245 2209
2508 5 2 7 1 2203 2239 2245 2209 2204 2240 2246 2210
2509 5 2 7 1 2204 2240 2246 2210 2205 2241 2247 2211
2510 5 2 7 1 2205 2241 2247 2211 2206 2242 2248 2212
2511 5 2 7 1 2206 2242 2248 2212 2207 2243 2249 2213
2512 5 2 7 1 2207 2243 2249 2213 2208 2244 2250 2214
2513 5 2 7 1 2208 2244 2250 2214 1324 1330 1331 1325
2514 5 2 7 1 371 377 378 372 2209 2245 2251 2215
2515 5 2 7 1 2209 2245 2251 2215 2210 2246 2252 2216
2516 5 2 7 1 2210 2246 2252 2216 2211 2247 2253 2217
2517 5 2 7 1 2211 2247 2253 2217 2212 2248 2254 2218
2518 5 2 7 1 2212 2248 2254 2218 2213 2249 2255 2219
2519 5 2 7 1 2213 2249 2255 2219 2214 2250 2256 2220
2520 5 2 7 1 2214 2250 2256 2220 1325 1331 1332 1326
2521 5 2 7 1 372 378 92 93 2215 2251 1045 1051
2522 5 2 7 1 2215 2251 1045 1051 2216 2252 1046 1052
2523 5 2 7 1 2216 2252 1046 1052 2217 2253 1047 1053
2524 5 2 7 1 2217 2253 1047 1053 2218 2254 1048 1054
2525 5 2 7 1 2218 2254 1048 1054 2219 2255 1049 1055
2526 5 2 7 1 2219 2255 1049 1055 2220 2256 1050 1056
2527 5 2 7 1 2220 2256 1050 1056 1326 1332 202 203
2528 5 2 7 1 29 30 379 373 667 673 2257 2221
2529 5 2 7 1 667 673 2257 2221 668 674 2258 2222
2530 5 2 7 1 668 674 2258 2222 669 675 2259 2223
2531 5 2 7 1 669 675 2259 2223 670 676 2260 2224
2532 5 2 7 1 670 676 2260 2224 671 677 2261 2225
2533 5 2 7 1 671 677 2261 2225 672 678 2262 2226
2534 5 2 7 1 672 678 2262 2226 139 140 1333 1327
2535 5 2 7 1 373 379 380 374 2221 2257 2263 2227
2536 5 2 7 1 2221 2257 2263 2227 2222 2258 2264 2228
2537 5 2 7 1 2222 2258 2264 2228 2223 2259 2265 2229
2538 5 2 7 1 2223 2259 2265 2229 2224 2260 2266 2230
2539 5 2 7 1 2224 2260 2266 2230 2225 2261 2267 2231
2540 5 2 7 1 2225 2261 2267 2231 2226 2262 2268 2232
2541 5 2 7 1 2226 2262 2268 2232 1327 1333 1334 1328
2542 5 2 7 1 374 380 381 375 2227 2263 2269 2233
2543 5 2 7 1 2227 2263 2269 2233 2228 2264 2270 2234
2544 5 2 7 1 2228 2264 2270 2234 2229 2265 2271 2235
2545 5 2 7 1 2229 2265 2271 2235 2230 2266 2272 2236
2546 5 2 7 1 2230 2266 2272 2236 2231 2267 2273 2237
2547 5 2 7 1 2231 2267 2273 2237 2232 2268 2274 2238
2548 5 2 7 1 2232 2268 2274 2238 1328 1334 1335 1329
2549 5 2 7 1 375 381 382 376 2233 2269 2275 2239
2550 5 2 7 1 2233 2269 2275 2239 2234 2270 2276 2240
2551 5 2 7 1 2234 2270 2276 2240 2235 2271 2277 2241
2552 5 2 7 1 2235 2271 2277 2241 2236 2272 2278 2242
2553 5 2 7 1 2236 2272 2278 2242 2237 2273 2279 2243
2554 5 2 7 1 2237 2273 2279 2243 2238 2274 2280 2244
2555 5 2 7 1 2238 2274 2280 2244 1329 1335 1336 1330
2556 5 2 7 1 376 382 383 377 2239 2275 2281 2245
2557 5 2 7 1 2239 2275 2281 2245 2240 2276 2282 2246
2558 5 2 7 1 2240 2276 2282 2246 2241 2277 2283 2247
2559 5 2 7 1 2241 2277 2283 2247 2242 2278 2284 2248
2560 5 2 7 1 2242 2278 2284 2248 2243 2279 2285 2249
2561 5 2 7 1 2243 2279 2285 2249 2244 2280 2286 2250
2562 5 2 7 1 2244 2280 2286 2250 1330 1336 1337 1331
2563 5 2 7 1 377 383 384 378 2245 2281 2287 2251
2564 5 2 7 1 2245 2281 2287 2251 2246 2282 2288 2252
2565 5 2 7 1 2246 2282 2288 2252 2247 2283 2289 2253
2566 5 2 7 1 2247 2283 2289 2253 2248 2284 2290 2254
2567 5 2 7 1 2248 2284 2290 2254 2249 2285 2291 2255
2568 5 2 7 1 2249 2285 2291 2255 2250 2286 2292 2256
2569 5 2 7 1 2250 2286 2292 2256 1331 1337 1338 1332
2570 5 2 7 1 378 384 91 92 2251 2287 1039 1045
2571 5 2 7 1 2251 2287 1039 1045 2252 2288 1040 1046
2572 5 2 7 1 2252 2288 1040 1046 2253 2289 1041 1047
2573 5 2 7 1 2253 2289 1041 1047 2254 2290 1042 1048
2574 5 2 7 1 2254 2290 1042 1048 2255 2291 1043 1049
2575 5 2 7 1 2255 2291 1043 1049 2256 2292 1044 1050
2576 5 2 7 1 2256 2292 1044 1050 1332 1338 201 202
2577 5 2 7 1 30 31 385 379 673 679 2293 2257
2578 5 2 7 1 673 679 2293 2257 674 680 2294 2258
2579 5 2 7 1 674 680 2294 2258 675 681 2295 2259
2580 5 2 7 1 675 681 2295 2259 676 682 2296 2260
2581 5 2 7 1 676 682 2296 2260 677 683 2297 2261
2582 5 2 7 1 677 683 2297 2261 678 684 2298 2262
2583 5 2 7 1 678 684 2298 2262 140 141 1339 1333
2584 5 2 7 1 379 385 386 380 2257 2293 2299 2263
2585 5 2 7 1 2257 2293 2299 2263 2258 2294 2300 2264
2586 5 2 7 1 2258 2294 2300 2264 2259 2295 2301 2265
2587 5 2 7 1 2259 2295 2301 2265 2260 2296 2302 2266
2588 5 2 7 1 2260 2296 2302 2266 2261 2297 2303 2267
2589 5 2 7 1 2261 2297 2303 2267 2262 2298 2304 2268
2590 5 2 7 1 2262 2298 2304 2268 1333 1339 1340 1334
2591 5 2 7 1 380 386 387 381 2263 2299 2305 2269
2592 5 2 7 1 2263 2299 2305 2269 2264 2300 2306 2270
2593 5 2 7 1 2264 2300 2306 2270 2265 2301 2307 2271
2594 5 2 7 1 2265 2301 2307 2271 2266 2302 2308 2272
2595 5 2 7 1 2266 2302 2308 2272 2267 2303 2309 2273
2596 5 2 7 1 2267 2303 2309 2273 2268 2304 2310 2274
2597 5 2 7 1 2268 2304 2310 2274 1334 1340 1341 1335
2598 5 2 7 1 381 387 388 382 2269 2305 2311 2275
2599 5 2 7 1 2269 2305 2311 2275 2270 2306 2312 2276
2600 5 2 7 1 2270 2306 2312 2276 2271 2307 2313 2277
2601 5 2 7 1 2271 2307 2313 2277 2272 2308 2314 2278
2602 5 2 7 1 2272 2308 2314 2278 2273 2309 2315 2279
2603 5 2 7 1 2273 2309 2315 2279 2274 2310 2316 2280
2604 5 2 7 1 2274 2310 2316 2280 1335 1341 1342 1336
2605 5 2 7 1 382 388 389 383 2275 2311 2317 2281
2606 5 2 7 1 2275 2311 2317 2281 2276 2312 2318 2282
2607 5 2 7 1 2276 2312 2318 2282 2277 2313 2319 2283
2608 5 2 7 1 2277 2313 2319 2283 2278 2314 2320 2284
2609 5 2 7 1 2278 2314 2320 2284 2279 2315 2321 2285
2610 5 2 7 1 2279 2315 2321 2285 2280 2316 2322 2286
2611 5 2 7 1 2280 2316 2322 2286 1336 1342 1343 1337
2612 5 2 7 1 383 389 390 384 2281 2317 2323 2287
2613 5 2 7 1 2281 2317 2323 2287 2282 2318 2324 2288
2614 5 2 7 1 2282 2318 2324 2288 2283 2319 2325 2289
2615 5 2 7 1 2283 2319 2325 2289 2284 2320 2326 2290
2616 5 2 7 1 2284 2320 2326 2290 2285 2321 2327 2291
2617 5 2 7 1 2285 2321 2327 2291 2286 2322 2328 2292
2618 5 2 7 1 2286 2322 2328 2292 1337 1343 1344 1338
2619 5 2 7 1 384 390 90 91 2287 2323 1033 1039
2620 5 2 7 1 2287 2323 1033 1039 2288 2324 1034 1040
2621 5 2 7 1 2288 2324 1034 1040 2289 2325 1035 1041
2622 5 2 7 1 2289 2325 1035 1041 2290 2326 1036 1042
2623 5 2 7 1 2290 2326 1036 1042 2291 2327 1037 1043
2624 5 2 7 1 2291 2327 1037 1043 2292 2328 1038 1044
2625 5 2 7 1 2292 2328 1038 1044 1338 1344 200 201
2626 5 2 7 1 31 32 391 385 679 685 2329 2293
2627 5 2 7 1 679 685 2329 2293 680 686 2330 2294
2628 5 2 7 1 680 686 2330 2294 681 687 2331 2295
2629 5 2 7 1 681 687 2331 2295 682 688 2332 2296
2630 5 2 7 1 682 688 2332 2296 683 689 2333 2297
2631 5 2 7 1 683 689 2333 2297 684 690 2334 2298
2632 5 2 7 1 684 690 2334 2298 141 142 1345 1339
2633 5 2 7 1 385 391 392 386 2293 2329 2335 2299
2634 5 2 7 1 2293 2329 2335 2299 2294 2330 2336 2300
2635 5 2 7 1 2294 2330 2336 2300 2295 2331 2337 2301
2636 5 2 7 1 2295 2331 2337 2301 2296 2332 2338 2302
2637 5 2 7 1 2296 2332 2338 2302 2297 2333 2339 2303
2638 5 2 7 1 2297 2333 2339 2303 2298 2334 2340 2304
2639 5 2 7 1 2298 2334 2340 2304 1339 1345 1346 1340
2640 5 2 7 1 386 392 393 387 2299 2335 2341 2305
2641 5 2 7 1 2299 2335 2341 2305 2300 2336 2342 2306
2642 5 2 7 1 2300 2336 2342 2306 2301 2337 2343 2307
2643 5 2 7 1 2301 2337 2343 2307 2302 2338 2344 2308
2644 5 2 7 1 2302 2338 2344 2308 2303 2339 2345 2309
2645 5 2 7 1 2303 2339 2345 2309 2304 2340 2346 2310
2646 5 2 7 1 2304 2340 2346 2310 1340 1346 1347 1341
2647 5 2 7 1 387 393 394 388 2305 2341 2347 2311
2648 5 2 7 1 2305 2341 2347 2311 2306 2342 2348 2312
2649 5 2 7 1 2306 2342 2348 2312 2307 2343 2349 2313
2650 5 2 7 1 2307 2343 2349 2313 2308 2344 2350 2314
2651 5 2 7 1 2308 2344 2350 2314 2309 2345 2351 2315
2652 5 2 7 1 2309 2345 2351 2315 2310 2346 2352 2316
2653 5 2 7 1 2310 2346 2352 2316 1341 1347 1348 1342
2654 5 2 7 1 388 394 395 389 2311 2347 2353 2317
2655 5 2 7 1 2311 2347 2353 2317 2312 2348 2354 2318
2656 5 2 7 1 2312 2348 2354 2318 2313 2349 2355 2319
2657 5 2 7 1 2313 2349 2355 2319 2314 2350 2356 2320
2658 5 2 7 1 2314 2350 2356 2320 2315 2351 2357 2321
2659 5 2 7 1 2315 2351 2357 2321 2316 2352 2358 2322
2660 5 2 7 1 2316 2352 2358 2322 1342 1348 1349 1343
2661 5 2 7 1 389 395 396 390 2317 2353 2359 2323
2662 5 2 7 1 2317 2353 2359 2323 2318 2354 2360 2324
2663 5 2 7 1 2318 2354 2360 2324 2319 2355 2361 2325
2664 5 2 7 1 2319 2355 2361 2325 2320 2356 2362 2326
2665 5 2 7 1 2320 2356 2362 2326 2321 2357 2363 2327
2666 5 2 7 1 2321 2357 2363 2327 2322 2358 2364 2328
2667 5 2 7 1 2322 2358 2364 2328 1343 1349 1350 1344
2668 5 2 7 1 390 396 89 90 2323 2359 1027 1033
2669 5 2 7 1 2323 2359 1027 1033 2324 2360 1028 1034
2670 5 2 7 1 2324 2360 1028 1034 2325 2361 1029 1035
2671 5 2 7 1 2325 2361 1029 1035 2326 2362 1030 1036
2672 5 2 7 1 2326 2362 1030 1036 2327 2363 1031 1037
2673 5 2 7 1 2327 2363 1031 1037 2328 2364 1032 1038
2674 5 2 7 1 2328 2364 1032 1038 1344 1350 199 200
2675 5 2 7 1 32 33 397 391 685 691 2365 2329
2676 5 2 7 1 685 691 2365 2329 686 692 2366 2330
2677 5 2 7 1 686 692 2366 2330 687 693 2367 2331
2678 5 2 7 1 687 693 2367 2331 688 694 2368 2332
2679 5 2 7 1 688 694 2368 2332 689 695 2369 2333
2680 5 2 7 1 689 695 2369 2333 690 696 2370 2334
2681 5 2 7 1 690 696 2370 2334 142 143 1351 1345
2682 5 2 7 1 391 397 398 392 2329 2365 2371 2335
2683 5 2 7 1 2329 2365 2371 2335 2330 2366 2372 2336
2684 5 2 7 1 2330 2366 2372 2336 2331 2367 2373 2337
2685 5 2 7 1 2331 2367 2373 2337 2332 2368 2374 2338
2686 5 2 7 1 2332 2368 2374 2338 2333 2369 2375 2339
2687 5 2 7 1 2333 2369 2375 2339 2334 2370 2376 2340
2688 5 2 7 1 2334 2370 2376 2340 1345 1351 1352 1346
2689 5 2 7 1 392 398 399 393 2335 2371 2377 2341
2690 5 2 7 1 2335 2371 2377 2341 2336 2372 2378 2342
2691 5 2 7 1 2336 2372 2378 2342 2337 2373 2379 2343
2692 5 2 7 1 2337 2373 2379 2343 2338 2374 2380 2344
2693 5 2 7 1 2338 2374 2380 2344 2339 2375 2381 2345
2694 5 2 7 1 2339 2375 2381 2345 2340 2376 2382 2346
2695 5 2 7 1 2340 2376 2382 2346 1346 1352 1353 1347
2696 5 2 7 1 393 399 400 394 2341 2377 2383 2347
2697 5 2 7 1 2341 2377 2383 2347 2342 2378 2384 2348
2698 5 2 7 1 2342 2378 2384 2348 2343 2379 2385 2349
2699 5 2 7 1 2343 2379 2385 2349 2344 2380 2386 2350
2700 5 2 7 1 2344 2380 2386 2350 2345 2381 2387 2351
2701 5 2 7 1 2345 2381 2387 2351 2346 2382 2388 2352
2702 5 2 7 1 2346 2382 2388 2352 1347 1353 1354 1348
2703 5 2 7 1 394 400 401 395 2347 2383 2389 2353
2704 5 2 7 1 2347 2383 2389 2353 2348 2384 2390 2354
2705 5 2 7 1 2348 2384 2390 2354 2349 2385 2391 2355
2706 5 2 7 1 2349 2385 2391 2355 2350 2386 2392 2356
2707 5 2 7 1 2350 2386 2392 2356 2351 2387 2393 2357
2708 5 2 7 1 2351 2387 2393 2357 2352 2388 2394 2358
2709 5 2 7 1 2352 2388 2394 2358 1348 1354 1355 1349
2710 5 2 7 1 395 401 402 396 2353 2389 2395 2359
2711 5 2 7 1 2353 2389 2395 2359 2354 2390 2396 2360
2712 5 2 7 1 2354 2390 2396 2360 2355 2391 2397 2361
2713 5 2 7 1 2355 2391 2397 2361 2356 2392 2398 2362
2714 5 2 7 1 2356 2392 2398 2362 2357 2393 2399 2363
2715 5 2 7 1 2357 2393 2399 2363 2358 2394 2400 2364
2716 5 2 7 1 2358 2394 2400 2364 1349 1355 1356 1350
2717 5 2 7 1 396 402 88 89 2359 2395 1021 1027
2718 5 2 7 1 2359 2395 1021 1027 2360 2396 1022 1028
2719 5 2 7 1 2360 2396 1022 1028 2361 2397 1023 1029
2720 5 2 7 1 2361 2397 1023 1029 2362 2398 1024 1030
2721 5 2 7 1 2362 2398 1024 1030 2363 2399 1025 1031
2722 5 2 7 1 2363 2399 1025 1031 2364 2400 1026 1032
2723 5 2 7 1 2364 2400 1026 1032 1350 1356 198 199
2724 5 2 7 1 33 34 403 397 691 697 2401 2365
2725 5 2 7 1 691 697 2401 2365 692 698 2402 2366
2726 5 2 7 1 692 698 2402 2366 693 699 2403 2367
2727 5 2 7 1 693 699 2403 2367 694 700 2404 2368
2728 5 2 7 1 694 700 2404 2368 695 701 2405 2369
2729 5 2 7 1 695 701 2405 2369 696 702 2406 2370
2730 5 2 7 1 696 702 2406 2370 143 144 1357 1351
2731 5 2 7 1 397 403 404 398 2365 2401 2407 2371
2732 5 2 7 1 2365 2401 2407 2371 2366 2402 2408 2372
2733 5 2 7 1 2366 2402 2408 2372 2367 2403 2409 2373
2734 5 2 7 1 2367 2403 2409 2373 2368 2404 2410 2374
2735 5 2 7 1 2368 2404 2410 2374 2369 2405 2411 2375
2736 5 2 7 1 2369 2405 2411 2375 2370 2406 2412 2376
2737 5 2 7 1 2370 2406 2412 2376 1351 1357 1358 1352
2738 5 2 7 1 398 404 405 399 2371 2407 2413 2377
2739 5 2 7 1 2371 2407 2413 2377 2372 2408 2414 2378
2740 5 2 7 1 2372 2408 2414 2378 2373 2409 2415 2379
2741 5 2 7 1 2373 2409 2415 2379 2374 2410 2416 2380
2742 5 2 7 1 2374 2410 2416 2380 2375 2411 2417 2381
2743 5 2 7 1 2375 2411 2417 2381 2376 2412 2418 2382
2744 5 2 7 1 2376 2412 2418 2382 1352 1358 1359 1353
2745 5 2 7 1 399 405 406 400 2377 2413 2419 2383
2746 5 2 7 1 2377 2413 2419 2383 2378 2414 2420 2384
2747 5 2 7 1 2378 2414 2420 2384 2379 2415 2421 2385
2748 5 2 7 1 2379 2415 2421 2385 2380 2416 2422 2386
2749 5 2 7 1 2380 2416 2422 2386 2381 2417 2423 2387
2750 5 2 7 1 2381 2417 2423 2387 2382 2418 2424 2388
2751 5 2 7 1 2382 2418 2424 2388 1353 1359 1360 1354
2752 5 2 7 1 400 406 407 401 2383 2419 2425 2389
2753 5 2 7 1 2383 2419 2425 2389 2384 2420 2426 2390
2754 5 2 7 1 2384 2420 2426 2390 2385 2421 2427 2391
2755 5 2 7 1 2385 2421 2427 2391 2386 2422 2428 2392
2756 5 2 7 1 2386 2422 2428 2392 2387 2423 2429 2393
2757 5 2 7 1 2387 2423 2429 2393 2388 2424 2430 2394
2758 5 2 7 1 2388 2424 2430 2394 1354 1360 1361 1355
2759 5 2 7 1 401 407 408 402 2389 2425 2431 2395
2760 5 2 7 1 2389 2425 2431 2395 2390 2426 2432 2396
2761 5 2 7 1 2390 2426 2432 2396 2391 2427 2433 2397
2762 5 2 7 1 2391 2427 2433 2397 2392 2428 2434 2398
2763 5 2 7 1 2392 2428 2434 2398 2393 2429 2435 2399
2764 5 2 7 1 2393 2429 2435 2399 2394 2430 2436 2400
2765 5 2 7 1 2394 2430 2436 2400 1355 1361 1362 1356
2766 5 2 7 1 402 408 87 88 2395 2431 1015 1021
2767 5 2 7 1 2395 2431 1015 1021 2396 2432 1016 1022
2768 5 2 7 1 2396 2432 1016 1022 2397 2433 1017 1023
2769 5 2 7 1 2397 2433 1017 1023 2398 2434 1018 1024
2770 5 2 7 1 2398 2434 1018 1024 2399 2435 1019 1025
2771 5 2 7 1 2399 2435 1019 1025 2400 2436 1020 1026
2772 5 2 7 1 2400 2436 1020 1026 1356 1362 197 198
2773 5 2 7 1 34 35 409 403 697 703 2437 2401
2774 5 2 7 1 697 703 2437 2401 698 704 2438 2402
2775 5 2 7 1 698 704 2438 2402 699 705 2439 2403
2776 5 2 7 1 699 705 2439 2403 700 706 2440 2404
2777 5 2 7 1 700 706 2440 2404 701 707 2441 2405
2778 5 2 7 1 701 707 2441 2405 702 708 2442 2406
2779 5 2 7 1 702 708 2442 2406 144 145 1363 1357
2780 5 2 7 1 403 409 410 404 2401 2437 2443 2407
2781 5 2 7 1 2401 2437 2443 2407 2402 2438 2444 2408
2782 5 2 7 1 2402 2438 2444 2408 2403 2439 2445 2409
2783 5 2 7 1 2403 2439 2445 2409 2404 2440 2446 2410
2784 5 2 7 1 2404 2440 2446 2410 2405 2441 2447 2411
2785 5 2 7 1 2405 2441 2447 2411 2406 2442 2448 2412
2786 5 2 7 1 2406 2442 2448 2412 1357 1363 1364 1358
2787 5 2 7 1 404 410 411 405 2407 2443 2449 2413
2788 5 2 7 1 2407 2443 2449 2413 2408 2444 2450 2414
2789 5 2 7 1 2408 2444 2450 2414 2409 2445 2451 2415
2790 5 2 7 1 2409 2445 2451 2415 2410 2446 2452 2416
2791 5 2 7 1 2410 2446 2452 2416 2411 2447 2453 2417
2792 5 2 7 1 2411 2447 2453 2417 2412 2448 2454 2418
2793 5 2 7 1 2412 2448 2454 2418 1358 1364 1365 1359
2794 5 2 7 1 405 411 412 406 2413 2449 2455 2419
2795 5 2 7 1 2413 2449 2455 2419 2414 2450 2456 2420
2796 5 2 7 1 2414 2450 2456 2420 2415 2451 2457 2421
2797 5 2 7 1 2415 2451 2457 2421 2416 2452 2458 2422
2798 5 2 7 1 2416 2452 2458 2422 2417 2453 2459 2423
2799 5 2 7 1 2417 2453 2459 2423 2418 2454 2460 2424
2800 5 2 7 1 2418 2454 2460 2424 1359 1365 1366 1360
2801 5 2 7 1 406 412 413 407 2419 2455 2461 2425
2802 5 2 7 1 2419 2455 2461 2425 2420 2456 2462 2426
2803 5 2 7 1 2420 2456 2462 2426 2421 2457 2463 2427
2804 5 2 7 1 2421 2457 2463 2427 2422 2458 2464 2428
2805 5 2 7 1 2422 2458 2464 2428 2423 2459 2465 2429
2806 5 2 7 1 2423 2459 2465 2429 2424 2460 2466 2430
2807 5 2 7 1 2424 2460 2466 2430 1360 1366 1367 1361
2808 5 2 7 1 407 413 414 408 2425 2461 2467 2431
2809 5 2 7 1 2425 2461 2467 2431 2426 2462 2468 2432
2810 5 2 7 1 2426 2462 2468 2432 2427 2463 2469 2433
2811 5 2 7 1 2427 2463 2469 2433 2428 2464 2470 2434
2812 5 2 7 1 2428 2464 2470 2434 2429 2465 2471 2435
2813 5 2 7 1 2429 2465 2471 2435 2430 2466 2472 2436
2814 5 2 7 1 2430 2466 2472 2436 1361 1367 1368 1362
2815 5 2 7 1 408 414 86 87 2431 2467 1009 1015
2816 5 2 7 1 2431 2467 1009 1015 2432 2468 1010 1016
2817 5 2 7 1 2432 2468 1010 1016 2433 2469 1011 1017
2818 5 2 7 1 2433 2469 1011 1017 2434 2470 1012 1018
2819 5 2 7 1 2434 2470 1012 1018 2435 2471 1013 1019
2820 5 2 7 1 2435 2471 1013 1019 2436 2472 1014 1020
2821 5 2 7 1 2436 2472 1014 1020 1362 1368 196 197
2822 5 2 7 1 35 36 415 409 703 709 2473 2437
2823 5 2 7 1 703 709 2473 2437 704 710 2474 2438
2824 5 2 7 1 704 710 2474 2438 705 711 2475 2439
2825 5 2 7 1 705 711 2475 2439 706 712 2476 2440
2826 5 2 7 1 706 712 2476 2440 707 713 2477 2441
2827 5 2 7 1 707 713 2477 2441 708 714 2478 2442
2828 5 2 7 1 708 714 2478 2442 145 146 1369 1363
2829 5 2 7 1 409 415 416 410 2437 2473 2479 2443
2830 5 2 7 1 2437 2473 2479 2443 2438 2474 2480 2444
2831 5 2 7 1 2438 2474 2480 2444 2439 2475 2481 2445
2832 5 2 7 1 2439 2475 2481 2445 2440 2476 2482 2446
2833 5 2 7 1 2440 2476 2482 2446 2441 2477 2483 2447
2834 5 2 7 1 2441 2477 2483 2447 2442 2478 2484 2448
2835 5 2 7 1 2442 2478 2484 2448 1363 1369 1370 1364
2836 5 2 7 1 410 416 417 411 2443 2479 2485 2449
2837 5 2 7 1 2443 2479 2485 2449 2444 2480 2486 2450
2838 5 2 7 1 2444 2480 2486 2450 2445 2481 2487 2451
2839 5 2 7 1 2445 2481 2487 2451 2446 2482 2488 2452
2840 5 2 7 1 2446 2482 2488 2452 2447 2483 2489 2453
2841 5 2 7 1 2447 2483 2489 2453 2448 2484 2490 2454
2842 5 2 7 1 2448 2484 2490 2454 1364 1370 1371 1365
2843 5 2 7 1 411 417 418 412 2449 2485 2491 2455
2844 5 2 7 1 2449 2485 2491 2455 2450 2486 2492 2456
2845 5 2 7 1 2450 2486 2492 2456 2451 2487 2493 2457
2846 5 2 7 1 2451 2487 2493 2457 2452 2488 2494 2458
2847 5 2 7 1 2452 2488 2494 2458 2453 2489 2495 2459
2848 5 2 7 1 2453 2489 2495 2459 2454 2490 2496 2460
2849 5 2 7 1 2454 2490 2496 2460 1365 1371 1372 1366
2850 5 2 7 1 412 418 419 413 2455 2491 2497 2461
2851 5 2 7 1 2455 2491 2497 2461 2456 2492 2498 2462
2852 5 2 7 1 2456 2492 2498 2462 2457 2493 2499 2463
2853 5 2 7 1 2457 2493 2499 2463 2458 2494 2500 2464
2854 5 2 7 1 2458 2494 2500 2464 2459 2495 2501 2465
2855 5 2 7 1 2459 2495 2501 2465 2460 2496 2502 2466
2856 5 2 7 1 2460 2496 2502 2466 1366 1372 1373 1367
2857 5 2 7 1 413 419 420 414 2461 2497 2503 2467
2858 5 2 7 1 2461 2497 2503 2467 2462 2498 2504 2468
2859 5 2 7 1 2462 2498 2504 2468 2463 2499 2505 2469
2860 5 2 7 1 2463 2499 2505 2469 2464 2500 2506 2470
2861 5 2 7 1 2464 2500 2506 2470 2465 2501 2507 2471
2862 5 2 7 1 2465 2501 2507 2471 2466 2502 2508 2472
2863 5 2 7 1 2466 2502 2508 2472 1367 1373 1374 1368
2864 5 2 7 1 414 420 85 86 2467 2503 1003 1009
2865 5 2 7 1 2467 2503 1003 1009 2468 2504 1004 1010
2866 5 2 7 1 2468 2504 1004 1010 2469 2505 1005 1011
2867 5 2 7 1 2469 2505 1005 1011 2470 2506 1006 1012
2868 5 2 7 1 2470 2506 1006 1012 2471 2507 1007 1013
2869 5 2 7 1 2471 2507 1007 1013 2472 2508 1008 1014
2870 5 2 7 1 2472 2508 1008 1014 1368 1374 195 196
2871 5 2 7 1 36 37 421 415 709 715 2509 2473
2872 5 2 7 1 709 715 2509 2473 710 716 2510 2474
2873 5 2 7 1 710 716 2510 2474 711 717 2511 2475
2874 5 2 7 1 711 717 2511 2475 712 718 2512 2476
2875 5 2 7 1 712 718 2512 2476 713 719 2513 2477
2876 5 2 7 1 713 719 2513 2477 714 720 2514 2478
2877 5 2 7 1 714 720 2514 2478 146 147 1375 1369
2878 5 2 7 1 415 421 422 416 2473 2509 2515 2479
2879 5 2 7 1 2473 2509 2515 2479 2474 2510 2516 2480
2880 5 2 7 1 2474 2510 2516 2480 2475 2511 2517 2481
2881 5 2 7 1 2475 2511 2517 2481 2476 2512 2518 2482
2882 5 2 7 1 2476 2512 2518 2482 2477 2513 2519 2483
2883 5 2 7 1 2477 2513 2519 2483 2478 2514 2520 2484
2884 5 2 7 1 2478 2514 2520 2484 1369 1375 1376 1370
2885 5 2 7 1 416 422 423 417 2479 2515 2521 2485
2886 5 2 7 1 2479 2515 2521 2485 2480 2516 2522 2486
2887 5 2 7 1 2480 2516 2522 2486 2481 2517 2523 2487
2888 5 2 7 1 2481 2517 2523 2487 2482 2518 2524 2488
2889 5 2 7 1 2482 2518 2524 2488 2483 2519 2525 2489
2890 5 2 7 1 2483 2519 2525 2489 2484 2520 2526 2490
2891 5 2 7 1 2484 2520 2526 2490 1370 1376 1377 1371
2892 5 2 7 1 417 423 424 418 2485 2521 2527 2491
2893 5 2 7 1 2485 2521 2527 2491 2486 2522 2528 2492
2894 5 2 7 1 2486 2522 2528 2492 2487 2523 2529 2493
2895 5 2 7 1 2487 2523 2529 2493 2488 2524 2530 2494
2896 5 2 7 1 2488 2524 2530 2494 2489 2525 2531 2495
2897 5 2 7 1 2489 2525 2531 2495 2490 2526 2532 2496
2898 5 2 7 1 2490 2526 2532 2496 1371 1377 1378 1372
2899 5 2 7 1 418 424 425 419 2491 2527 2533 2497
2900 5 2 7 1 2491 2527 2533 2497 2492 2528 2534 2498
2901 5 2 7 1 2492 2528 2534 2498 2493 2529 2535 2499
2902 5 2 7 1 2493 2529 2535 2499 2494 2530 2536 2500
2903 5 2 7 1 2494 2530 2536 2500 2495 2531 2537 2501
2904 5 2 7 1 2495 2531 2537 2501 2496 2532 2538 2502
2905 5 2 7 1 2496 2532 2538 2502 1372 1378 1379 1373
2906 5 2 7 1 419 425 426 420 2497 2533 2539 2503
2907 5 2 7 1 2497 2533 2539 2503 2498 2534 2540 2504
2908 5 2 7 1 2498 2534 2540 2504 2499 2535 2541 2505
2909 5 2 7 1 2499 2535 2541 2505 2500 2536 2542 2506
2910 5 2 7 1 2500 2536 2542 2506 2501 2537 2543 2507
2911 5 2 7 1 2501 2537 2543 2507 2502 2538 2544 2508
2912 5 2 7 1 2502 2538 2544 2508 1373 1379 1380 1374
2913 5 2 7 1 420 426 84 85 2503 2539 997 1003
2914 5 2 7 1 2503 2539 997 1003 2504 2540 998 1004
2915 5 2 7 1 2504 2540 998 1004 2505 2541 999 1005
2916 5 2 7 1 2505 2541 999 1005 2506 2542 1000 1006
2917 5 2 7 1 2506 2542 1000 1006 2507 2543 1001 1007
2918 5 2 7 1 2507 2543 1001 1007 2508 2544 1002 1008
2919 5 2 7 1 2508 2544 1002 1008 1374 1380 194 195
2920 5 2 7 1 37 38 427 421 715 721 2545 2509
2921 5 2 7 1 715 721 2545 2509 716 722 2546 2510
2922 5 2 7 1 716 722 2546 2510 717 723 2547 2511
2923 5 2 7 1 717 723 2547 2511 718 724 2548 2512
2924 5 2 7 1 718 724 2548 2512 719 725 2549 2513
2925 5 2 7 1 719 725 2549 2513 720 726 2550 2514
2926 5 2 7 1 720 726 2550 2514 147 148 1381 1375
2927 5 2 7 1 421 427 428 422 2509 2545 2551 2515
2928 5 2 7 1 2509 2545 2551 2515 2510 2546 2552 2516
2929 5 2 7 1 2510 2546 2552 2516 2511 2547 2553 2517
2930 5 2 7 1 2511 2547 2553 2517 2512 2548 2554 2518
2931 5 2 7 1 2512 2548 2554 2518 2513 2549 2555 2519
2932 5 2 7 1 2513 2549 2555 2519 2514 2550 2556 2520
2933 5 2 7 1 2514 2550 2556 2520 1375 1381 1382 1376
2934 5 2 7 1 422 428 429 423 2515 2551 2557 2521
2935 5 2 7 1 2515 2551 2557 2521 2516 2552 2558 2522
2936 5 2 7 1 2516 2552 2558 2522 2517 2553 2559 2523
2937 5 2 7 1 2517 2553 2559 2523 2518 2554 2560 2524
2938 5 2 7 1 2518 2554 2560 2524 2519 2555 2561 2525
2939 5 2 7 1 2519 2555 2561 2525 2520 2556 2562 2526
2940 5 2 7 1 2520 2556 2562 2526 1376 1382 1383 1377
2941 5 2 7 1 423 429 430 424 2521 2557 2563 2527
2942 5 2 7 1 2521 2557 2563 2527 2522 2558 2564 2528
2943 5 2 7 1 2522 2558 2564 2528 2523 2559 2565 2529
2944 5 2 7 1 2523 2559 2565 2529 2524 2560 2566 2530
2945 5 2 7 1 2524 2560 2566 2530 2525 2561 2567 2531
2946 5 2 7 1 2525 2561 2567 2531 2526 2562 2568 2532
2947 5 2 7 1 2526 2562 2568 2532 1377 1383 1384 1378
2948 5 2 7 1 424 430 431 425 2527 2563 2569 2533
2949 5 2 7 1 2527 2563 2569 2533 2528 2564 2570 2534
2950 5 2 7 1 2528 2564 2570 2534 2529 2565 2571 2535
2951 5 2 7 1 2529 2565 2571 2535 2530 2566 2572 2536
2952 5 2 7 1 2530 2566 2572 2536 2531 2567 2573 2537
2953 5 2 7 1 2531 2567 2573 2537 2532 2568 2574 2538
2954 5 2 7 1 2532 2568 2574 2538 1378 1384 1385 1379
2955 5 2 7 1 425 431 432 426 2533 2569 2575 2539
2956 5 2 7 1 2533 2569 2575 2539 2534 2570 2576 2540
2957 5 2 7 1 2534 2570 2576 2540 2535 2571 2577 2541
2958 5 2 7 1 2535 2571 2577 2541 2536 2572 2578 2542
2959 5 2 7 1 2536 2572 2578 2542 2537 2573 2579 2543
2960 5 2 7 1 2537 2573 2579 2543 2538 2574 2580 2544
2961 5 2 7 1 2538 2574 2580 2544 1379 1385 1386 1380
2962 5 2 7 1 426 432 83 84 2539 2575 991 997
2963 5 2 7 1 2539 2575 991 997 2540 2576 992 998
2964 5 2 7 1 2540 2576 992 998 2541 2577 993 999
2965 5 2 7 1 2541 2577 993 999 2542 2578 994 1000
2966 5 2 7 1 2542 2578 994 1000 2543 2579 995 1001
2967 5 2 7 1 2543 2579 995 1001 2544 2580 996 1002
2968 5 2 7 1 2544 2580 996 1002 1380 1386 193 194
2969 5 2 7 1 38 39 433 427 721 727 2581 2545
2970 5 2 7 1 721 727 2581 2545 722 728 2582 2546
2971 5 2 7 1 722 728 2582 2546 723 729 2583 2547
2972 5 2 7 1 723 729 2583 2547 724 730 2584 2548
2973 5 2 7 1 724 730 2584 2548 725 731 2585 2549
2974 5 2 7 1 725 731 2585 2549 726 732 2586 2550
2975 5 2 7 1 726 732 2586 2550 148 149 1387 1381
2976 5 2 7 1 427 433 434 428 2545 2581 2587 2551
2977 5 2 7 1 2545 2581 2587 2551 2546 2582 2588 2552
2978 5 2 7 1 2546 2582 2588 2552 2547 2583 2589 2553
2979 5 2 7 1 2547 2583 2589 2553 2548 2584 2590 2554
2980 5 2 7 1 2548 2584 2590 2554 2549 2585 2591 2555
2981 5 2 7 1 2549 2585 2591 2555 2550 2586 2592 2556
2982 5 2 7 1 2550 2586 2592 2556 1381 1387 1388 1382
2983 5 2 7 1 428 434 435 429 2551 2587 2593 2557
2984 5 2 7 1 2551 2587 2593 2557 2552 2588 2594 2558
2985 5 2 7 1 2552 2588 2594 2558 2553 2589 2595 2559
2986 5 2 7 1 2553 2589 2595 2559 2554 2590 2596 2560
2987 5 2 7 1 2554 2590 2596 2560 2555 2591 2597 2561
2988 5 2 7 1 2555 2591 2597 2561 2556 2592 2598 2562
2989 5 2 7 1 2556 2592 2598 2562 1382 1388 1389 1383
2990 5 2 7 1 429 435 436 430 2557 2593 2599 2563
2991 5 2 7 1 2557 2593 2599 2563 2558 2594 2600 2564
2992 5 2 7 1 2558 2594 2600 2564 2559 2595 2601 2565
2993 5 2 7 1 2559 2595 2601 2565 2560 2596 2602 2566
2994 5 2 7 1 2560 2596 2602 2566 2561 2597 2603 2567
2995 5 2 7 1 2561 2597 2603 2567 2562 2598 2604 2568
2996 5 2 7 1 2562 2598 2604 2568 1383 1389 1390 1384
2997 5 2 7 1 430 436 437 431 2563 2599 2605 2569
2998 5 2 7 1 2563 2599 2605 2569 2564 2600 2606 2570
2999 5 2 7 1 2564 2600 2606 2570 2565 2601 2607 2571
3000 5 2 7 1 2565 2601 2607 2571 2566 2602 2608 2572
3001 5 2 7 1 2566 2602 2608 2572 2567 2603 2609 2573
3002 5 2 7 1 2567 2603 2609 2573 2568 2604 2610 2574
3003 5 2 7 1 2568 2604 2610 2574 1384 1390 1391 1385
3004 5 2 7 1 431 437 438 432 2569 2605 2611 2575
3005 5 2 7 1 2569 2605 2611 2575 2570 2606 2612 2576
3006 5 2 7 1 2570 2606 2612 2576 2571 2607 2613 2577
3007 5 2 7 1 2571 2607 2613 2577 2572 2608 2614 2578
3008 5 2 7 1 2572 2608 2614 2578 2573 2609 2615 2579
3009 5 2 7 1 2573 2609 2615 2579 2574 2610 2616 2580
3010 5 2 7 1 2574 2610 2616 2580 1385 1391 1392 1386
3011 5 2 7 1 432 438 82 83 2575 2611 985 991
3012 5 2 7 1 2575 2611 985 991 2576 2612 986 992
3013 5 2 7 1 2576 2612 986 992 2577 2613 987 993
3014 5 2 7 1 2577 2613 987 993 2578 2614 988 994
3015 5 2 7 1 2578 2614 988 994 2579 2615 989 995
3016 5 2 7 1 2579 2615 989 995 2580 2616 990 996
3017 5 2 7 1 2580 2616 990 996 1386 1392 192 193
3018 5 2 7 1 39 40 439 433 727 733 2617 2581
3019 5 2 7 1 727 733 2617 2581 728 734 2618 2582
3020 5 2 7 1 728 734 2618 2582 729 735 2619 2583
3021 5 2 7 1 729 735 2619 2583 730 736 2620 2584
3022 5 2 7 1 730 736 2620 2584 731 737 2621 2585
3023 5 2 7 1 731 737 2621 2585 732 738 2622 2586
3024 5 2 7 1 732 738 2622 2586 149 150 1393 1387
3025 5 2 7 1 433 439 440 434 2581 2617 2623 2587
3026 5 2 7 1 2581 2617 2623 2587 2582 2618 2624 2588
3027 5 2 7 1 2582 2618 2624 2588 2583 2619 2625 2589
3028 5 2 7 1 2583 2619 2625 2589 2584 2620 2626 2590
3029 5 2 7 1 2584 2620 2626 2590 2585 2621 2627 2591
3030 5 2 7 1 2585 2621 2627 2591 2586 2622 2628 2592
3031 5 2 7 1 2586 2622 2628 2592 1387 1393 1394 1388
3032 5 2 7 1 434 440 441 435 2587 2623 2629 2593
3033 5 2 7 1 2587 2623 2629 2593 2588 2624 2630 2594
3034 5 2 7 1 2588 2624 2630 2594 2589 2625 2631 2595
3035 5 2 7 1 2589 2625 2631 2595 2590 2626 2632 2596
3036 5 2 7 1 2590 2626 2632 2596 2591 2627 2633 2597
3037 5 2 7 1 2591 2627 2633 2597 2592 2628 2634 2598
3038 5 2 7 1 2592 2628 2634 2598 1388 1394 1395 1389
3039 5 2 7 1 435 441 442 436 2593 2629 2635 2599
3040 5 2 7 1 2593 2629 2635 2599 2594 2630 2636 2600
3041 5 2 7 1 2594 2630 2636 2600 2595 2631 2637 2601
3042 5 2 7 1 2595 2631 2637 2601 2596 2632 2638 2602
3043 5 2 7 1 2596 2632 2638 2602 2597 2633 2639 2603
3044 5 2 7 1 2597 2633 2639 2603 2598 2634 2640 2604
3045 5 2 7 1 2598 2634 2640 2604 1389 1395 1396 1390
3046 5 2 7 1 436 442 443 437 2599 2635 2641 2605
3047 5 2 7 1 2599 2635 2641 2605 2600 2636 2642 2606
3048 5 2 7 1 2600 2636 2642 2606 2601 2637 2643 2607
3049 5 2 7 1 2601 2637 2643 2607 2602 2638 2644 2608
3050 5 2 7 1 2602 2638 2644 2608 2603 2639 2645 2609
3051 5 2 7 1 2603 2639 2645 2609 2604 2640 2646 2610
3052 5 2 7 1 2604 2640 2646 2610 1390 1396 1397 1391
3053 5 2 7 1 437 443 444 438 2605 2641 2647 2611
3054 5 2 7 1 2605 2641 2647 2611 2606 2642 2648 2612
3055 5 2 7 1 2606 2642 2648 2612 2607 2643 2649 2613
3056 5 2 7 1 2607 2643 2649 2613 2608 2644 2650 2614
3057 5 2 7 1 2608 2644 2650 2614 2609 2645 2651 2615
3058 5 2 7 1 2609 2645 2651 2615 2610 2646 2652 2616
3059 5 2 7 1 2610 2646 2652 2616 1391 1397 1398 1392
3060 5 2 7 1 438 444 81 82 2611 2647 979 985
3061 5 2 7 1 2611 2647 979 985 2612 2648 980 986
3062 5 2 7 1 2612 2648 980 986 2613 2649 981 987
3063 5 2 7 1 2613 2649 981 987 2614 2650 982 988
3064 5 2 7 1 2614 2650 982 988 2615 2651 983 989
3065 5 2 7 1 2615 2651 983 989 2616 2652 984 990
3066 5 2 7 1 2616 2652 984 990 1392 1398 191 192
3067 5 2 7 1 40 41 445 439 733 739 2653 2617
3068 5 2 7 1 733 739 2653 2617 734 740 2654 2618
3069 5 2 7 1 734 740 2654 2618 735 741 2655 2619
3070 5 2 7 1 735 741 2655 2619 736 742 2656 2620
3071 5 2 7 1 736 742 2656 2620 737 743 2657 2621
3072 5 2 7 1 737 743 2657 2621 738 744 2658 2622
3073 5 2 7 1 738 744 2658 2622 150 151 1399 1393
3074 5 2 7 1 439 445 446 440 2617 2653 2659 2623
3075 5 2 7 1 2617 2653 2659 2623 2618 2654 2660 2624
3076 5 2 7 1 2618 2654 2660 2624 2619 2655 2661 2625
3077 5 2 7 1 2619 2655 2661 2625 2620 2656 2662 2626
3078 5 2 7 1 2620 2656 2662 2626 2621 2657 2663 2627
3079 5 2 7 1 2621 2657 2663 2627 2622 2658 2664 2628
3080 5 2 7 1 2622 2658 2664 2628 1393 1399 1400 1394
3081 5 2 7 1 440 446 447 441 2623 2659 2665 2629
3082 5 2 7 1 2623 2659 2665 2629 2624 2660 2666 2630
3083 5 2 7 1 2624 2660 2666 2630 2625 2661 2667 2631
3084 5 2 7 1 2625 2661 2667 2631 2626 2662 2668 2632
3085 5 2 7 1 2626 2662 2668 2632 2627 2663 2669 2633
3086 5 2 7 1 2627 2663 2669 2633 2628 2664 2670 2634
3087 5 2 7 1 2628 2664 2670 2634 1394 1400 1401 1395
3088 5 2 7 1 441 447 448 442 2629 2665 2671 2635
3089 5 2 7 1 2629 2665 2671 2635 2630 2666 2672 2636
3090 5 2 7 1 2630 2666 2672 2636 2631 2667 2673 2637
3091 5 2 7 1 2631 2667 2673 2637 2632 2668 2674 2638
3092 5 2 7 1 2632 2668 2674 2638 2633 2669 2675 2639
3093 5 2 7 1 2633 2669 2675 2639 2634 2670 2676 2640
3094 5 2 7 1 2634 2670 2676 2640 1395 1401 1402 1396
3095 5 2 7 1 442 448 449 443 2635 2671 2677 2641
3096 5 2 7 1 2635 2671 2677 2641 2636 2672 2678 2642
3097 5 2 7 1 2636 2672 2678 2642 2637 2673 2679 2643
3098 5 2 7 1 2637 2673 2679 2643 2638 2674 2680 2644
3099 5 2 7 1 2638 2674 2680 2644 2639 2675 2681 2645
3100 5 2 7 1 2639 2675 2681 2645 2640 2676 2682 2646
3101 5 2 7 1 2640 2676 2682 2646 1396 1402 1403 1397
3102 5 2 7 1 443 449 450 444 2641 2677 2683 2647
3103 5 2 7 1 2641 2677 2683 2647 2642 2678 2684 2648
3104 5 2 7 1 2642 2678 2684 2648 2643 2679 2685 2649
3105 5 2 7 1 2643 2679 2685 2649 2644 2680 2686 2650
3106 5 2 7 1 2644 2680 2686 2650 2645 2681 2687 2651
3107 5 2 7 1 2645 2681 2687 2651 2646 2682 2688 2652
3108 5 2 7 1 2646 2682 2688 2652 1397 1403 1404 1398
3109 5 2 7 1 444 450 80 81 2647 2683 973 979
3110 5 2 7 1 2647 2683 973 979 2648 2684 974 980
3111 5 2 7 1 2648 2684 974 980 2649 2685 975 981
3112 5 2 7 1 2649 2685 975 981 2650 2686 976 982
3113 5 2 7 1 2650 2686 976 982 2651 2687 977 983
3114 5 2 7 1 2651 2687 977 983 2652 2688 978 984
3115 5 2 7 1 2652 2688 978 984 1398 1404 190 191
3116 5 2 7 1 41 42 451 445 739 745 2689 2653
3117 5 2 7 1 739 745 2689 2653 740 746 2690 2654
3118 5 2 7 1 740 746 2690 2654 741 747 2691 2655
3119 5 2 7 1 741 747 2691 2655 742 748 2692 2656
3120 5 2 7 1 742 748 2692 2656 743 749 2693 2657
3121 5 2 7 1 743 749 2693 2657 744 750 2694 2658
3122 5 2 7 1 744 750 2694 2658 151 152 1405 1399
3123 5 2 7 1 445 451 452 446 2653 2689 2695 2659
3124 5 2 7 1 2653 2689 2695 2659 2654 2690 2696 2660
3125 5 2 7 1 2654 2690 2696 2660 2655 2691 2697 2661
3126 5 2 7 1 2655 2691 2697 2661 2656 2692 2698 2662
3127 5 2 7 1 2656 2692 2698 2662 2657 2693 2699 2663
3128 5 2 7 1 2657 2693 2699 2663 2658 2694 2700 2664
3129 5 2 7 1 2658 2694 2700 2664 1399 1405 1406 1400
3130 5 2 7 1 446 452 453 447 2659 2695 2701 2665
3131 5 2 7 1 2659 2695 2701 2665 2660 2696 2702 2666
3132 5 2 7 1 2660 2696 2702 2666 2661 2697 2703 2667
3133 5 2 7 1 2661 2697 2703 2667 2662 2698 2704 2668
3134 5 2 7 1 2662 2698 2704 2668 2663 2699 2705 2669
3135 5 2 7 1 2663 2699 2705 2669 2664 2700 2706 2670
3136 5 2 7 1 2664 2700 2706 2670 1400 1406 1407 1401
3137 5 2 7 1 447 453 454 448 2665 2701 2707 2671
3138 5 2 7 1 2665 2701 2707 2671 2666 2702 2708 2672
3139 5 2 7 1 2666 2702 2708 2672 2667 2703 2709 2673
3140 5 2 7 1 2667 2703 2709 2673 2668 2704 2710 2674
3141 5 2 7 1 2668 2704 2710 2674 2669 2705 2711 2675
3142 5 2 7 1 2669 2705 2711 2675 2670 2706 2712 2676
3143 5 2 7 1 2670 2706 2712 2676 1401 1407 1408 1402
3144 5 2 7 1 448 454 455 449 2671 2707 2713 2677
3145 5 2 7 1 2671 2707 2713 2677 2672 2708 2714 2678
3146 5 2 7 1 2672 2708 2714 2678 2673 2709 2715 2679
3147 5 2 7 1 2673 2709 2715 2679 2674 2710 2716 2680
3148 5 2 7 1 2674 2710 2716 2680 2675 2711 2717 2681
3149 5 2 7 1 2675 2711 2717 2681 2676 2712 2718 2682
3150 5 2 7 1 2676 2712 2718 2682 1402 1408 1409 1403
3151 5 2 7 1 449 455 456 450 2677 2713 2719 2683
3152 5 2 7 1 2677 2713 2719 2683 2678 2714 2720 2684
3153 5 2 7 1 2678 2714 2720 2684 2679 2715 2721 2685
3154 5 2 7 1 2679 2715 2721 2685 2680 2716 2722 2686
3155 5 2 7 1 2680 2716 2722 2686 2681 2717 2723 2687
3156 5 2 7 1 2681 2717 2723 2687 2682 2718 2724 2688
3157 5 2 7 1 2682 2718 2724 2688 1403 1409 1410 1404
3158 5 2 7 1 450 456 79 80 2683 2719 967 973
3159 5 2 7 1 2683 2719 967 973 2684 2720 968 974
3160 5 2 7 1 2684 2720 968 974 2685 2721 969 975
3161 5 2 7 1 2685 2721 969 975 2686 2722 970 976
3162 5 2 7 1 2686 2722 970 976 2687 2723 971 977
3163 5 2 7 1 2687 2723 971 977 2688 2724 972 978
3164 5 2 7 1 2688 2724 972 978 1404 1410 189 190
3165 5 2 7 1 42 43 457 451 745 751 2725 2689
3166 5 2 7 1 745 751 2725 2689 746 752 2726 2690
3167 5 2 7 1 746 752 2726 2690 747 753 2727 2691
3168 5 2 7 1 747 753 2727 2691 748 754 2728 2692
3169 5 2 7 1 748 754 2728 2692 749 755 2729 2693
3170 5 2 7 1 749 755 2729 2693 750 756 2730 2694
3171 5 2 7 1 750 756 2730 2694 152 153 1411 1405
3172 5 2 7 1 451 457 458 452 2689 2725 2731 2695
3173 5 2 7 1 2689 2725 2731 2695 2690 2726 2732 2696
3174 5 2 7 1 2690 2726 2732 2696 2691 2727 2733 2697
3175 5 2 7 1 2691 2727 2733 2697 2692 2728 2734 2698
3176 5 2 7 1 2692 2728 2734 2698 2693 2729 2735 2699
3177 5 2 7 1 2693 2729 2735 2699 2694 2730 2736 2700
3178 5 2 7 1 2694 2730 2736 2700 1405 1411 1412 1406
3179 5 2 7 1 452 458 459 453 2695 2731 2737 2701
3180 5 2 7 1 2695 2731 2737 2701 2696 2732 2738 2702
3181 5 2 7 1 2696 2732 2738 2702 2697 2733 2739 2703
3182 5 2 7 1 2697 2733 2739 2703 2698 2734 2740 2704
3183 5 2 7 1 2698 2734 2740 2704 2699 2735 2741 2705
3184 5 2 7 1 2699 2735 2741 2705 2700 2736 2742 2706
3185 5 2 7 1 2700 2736 2742 2706 1406 1412 1413 1407
3186 5 2 7 1 453 459 460 454 2701 2737 2743 2707
3187 5 2 7 1 2701 2737 2743 2707 2702 2738 2744 2708
3188 5 2 7 1 2702 2738 2744 2708 2703 2739 2745 2709
3189 5 2 7 1 2703 2739 2745 2709 2704 2740 2746 2710
3190 5 2 7 1 2704 2740 2746 2710 2705 2741 2747 2711
3191 5 2 7 1 2705 2741 2747 2711 2706 2742 2748 2712
3192 5 2 7 1 2706 2742 2748 2712 1407 1413 1414 1408
3193 5 2 7 1 454 460 461 455 2707 2743 2749 2713
3194 5 2 7 1 2707 2743 2749 2713 2708 2744 2750 2714
3195 5 2 7 1 2708 2744 2750 2714 2709 2745 2751 2715
3196 5 2 7 1 2709 2745 2751 2715 2710 2746 2752 2716
3197 5 2 7 1 2710 2746 2752 2716 2711 2747 2753 2717
3198 5 2 7 1 2711 2747 2753 2717 2712 2748 2754 2718
3199 5 2 7 1 2712 2748 2754 2718 1408 1414 1415 1409
3200 5 2 7 1 455 461 462 456 2713 2749 2755 2719
3201 5 2 7 1 2713 2749 2755 2719 2714 2750 2756 2720
3202 5 2 7 1 2714 2750 2756 2720 2715 2751 2757 2721
3203 5 2 7 1 2715 2751 2757 2721 2716 2752 2758 2722
3204 5 2 7 1 2716 2752 2758 2722 2717 2753 2759 2723
3205 5 2 7 1 2717 2753 2759 2723 2718 2754 2760 2724
3206 5 2 7 1 2718 2754 2760 2724 1409 1415 1416 1410
3207 5 2 7 1 456 462 78 79 2719 2755 961 967
3208 5 2 7 1 2719 2755 961 967 2720 2756 962 968
3209 5 2 7 1 2720 2756 962 968 2721 2757 963 969
3210 5 2 7 1 2721 2757 963 969 2722 2758 964 970
3211 5 2 7 1 2722 2758 964 970 2723 2759 965 971
3212 5 2 7 1 2723 2759 965 971 2724 2760 966 972
3213 5 2 7 1 2724 2760 966 972 1410 1416 188 189
3214 5 2 7 1 43 44 463 457 751 757 2761 2725
3215 5 2 7 1 751 757 2761 2725 752 758 2762 2726
3216 5 2 7 1 752 758 2762 2726 753 759 2763 2727
3217 5 2 7 1 753 759 2763 2727 754 760 2764 2728
3218 5 2 7 1 754 760 2764 2728 755 761 2765 2729
3219 5 2 7 1 755 761 2765 2729 756 762 2766 2730
3220 5 2 7 1 756 762 2766 2730 153 154 1417 1411
3221 5 2 7 1 457 463 464 458 2725 2761 2767 2731
3222 5 2 7 1 2725 2761 2767 2731 2726 2762 2768 2732
3223 5 2 7 1 2726 2762 2768 2732 2727 2763 2769 2733
3224 5 2 7 1 2727 2763 2769 2733 2728 2764 2770 2734
3225 5 2 7 1 2728 2764 2770 2734 2729 2765 2771 2735
3226 5 2 7 1 2729 2765 2771 2735 2730 2766 2772 2736
3227 5 2 7 1 2730 2766 2772 2736 1411 1417 1418 1412
3228 5 2 7 1 458 464 465 459 2731 2767 2773 2737
3229 5 2 7 1 2731 2767 2773 2737 2732 2768 2774 2738
3230 5 2 7 1 2732 2768 2774 2738 2733 2769 2775 2739
3231 5 2 7 1 2733 2769 2775 2739 2734 2770 2776 2740
3232 5 2 7 1 2734 2770 2776 2740 2735 2771 2777 2741
3233 5 2 7 1 2735 2771 2777 2741 2736 2772 2778 2742
3234 5 2 7 1 2736 2772 2778 2742 1412 1418 1419 1413
3235 5 2 7 1 459 465 466 460 2737 2773 2779 2743
3236 5 2 7 1 2737 2773 2779 2743 2738 2774 2780 2744
3237 5 2 7 1 2738 2774 2780 2744 2739 2775 2781 2745
3238 5 2 7 1 2739 2775 2781 2745 2740 2776 2782 2746
3239 5 2 7 1 2740 2776 2782 2746 2741 2777 2783 2747
3240 5 2 7 1 2741 2777 2783 2747 2742 2778 2784 2748
3241 5 2 7 1 2742 2778 2784 2748 1413 1419 1420 1414
3242 5 2 7 1 460 466 467 461 2743 2779 2785 2749
3243 5 2 7 1 2743 2779 2785 2749 2744 2780 2786 2750
3244 5 2 7 1 2744 2780 2786 2750 2745 2781 2787 2751
3245 5 2 7 1 2745 2781 2787 2751 2746 2782 2788 2752
3246 5 2 7 1 2746 2782 2788 2752 2747 2783 2789 2753
3247 5 2 7 1 2747 2783 2789 2753 2748 2784 2790 2754
3248 5 2 7 1 2748 2784 2790 2754 1414 1420 1421 1415
3249 5 2 7 1 461 467 468 462 2749 2785 2791 2755
3250 5 2 7 1 2749 2785 2791 2755 2750 2786 2792 2756
3251 5 2 7 1 2750 2786 2792 2756 2751 2787 2793 2757
3252 5 2 7 1 2751 2787 2793 2757 2752 2788 2794 2758
3253 5 2 7 1 2752 2788 2794 2758 2753 2789 2795 2759
3254 5 2 7 1 2753 2789 2795 2759 2754 2790 2796 2760
3255 5 2 7 1 2754 2790 2796 2760 1415 1421 1422 1416
3256 5 2 7 1 462 468 77 78 2755 2791 955 961
3257 5 2 7 1 2755 2791 955 961 2756 2792 956 962
3258 5 2 7 1 2756 2792 956 962 2757 2793 957 963
3259 5 2 7 1 2757 2793 957 963 2758 2794 958 964
3260 5 2 7 1 2758 2794 958 964 2759 2795 959 965
3261 5 2 7 1 2759 2795 959 965 2760 2796 960 966
3262 5 2 7 1 2760 2796 960 966 1416 1422 187 188
3263 5 2 7 1 44 45 469 463 757 763 2797 2761
3264 5 2 7 1 757 763 2797 2761 758 764 2798 2762
3265 5 2 7 1 758 764 2798 2762 759 765 2799 2763
3266 5 2 7 1 759 765 2799 2763 760 766 2800 2764
3267 5 2 7 1 760 766 2800 2764 761 767 2801 2765
3268 5 2 7 1 761 767 2801 2765 762 768 2802 2766
3269 5 2 7 1 762 768 2802 2766 154 155 1423 1417
3270 5 2 7 1 463 469 470 464 2761 2797 2803 2767
3271 5 2 7 1 2761 2797 2803 2767 2762 2798 2804 2768
3272 5 2 7 1 2762 2798 2804 2768 2763 2799 2805 2769
3273 5 2 7 1 2763 2799 2805 2769 2764 2800 2806 2770
3274 5 2 7 1 2764 2800 2806 2770 2765 2801 2807 2771
3275 5 2 7 1 2765 2801 2807 2771 2766 2802 2808 2772
3276 5 2 7 1 2766 2802 2808 2772 1417 1423 1424 1418
3277 5 2 7 1 464 470 471 465 2767 2803 2809 2773
3278 5 2 7 1 2767 2803 2809 2773 2768 2804 2810 2774
3279 5 2 7 1 2768 2804 2810 2774 2769 2805 2811 2775
3280 5 2 7 1 2769 2805 2811 2775 2770 2806 2812 2776
3281 5 2 7 1 2770 2806 2812 2776 2771 2807 2813 2777
3282 5 2 7 1 2771 2807 2813 2777 2772 2808 2814 2778
3283 5 2 7 1 2772 2808 2814 2778 1418 1424 1425 1419
3284 5 2 7 1 465 471 472 466 2773 2809 2815 2779
3285 5 2 7 1 2773 2809 2815 2779 2774 2810 2816 2780
3286 5 2 7 1 2774 2810 2816 2780 2775 2811 2817 2781
3287 5 2 7 1 2775 2811 2817 2781 2776 2812 2818 2782
3288 5 2 7 1 2776 2812 2818 2782 2777 2813 2819 2783
3289 5 2 7 1 2777 2813 2819 2783 2778 2814 2820 2784
3290 5 2 7 1 2778 2814 2820 2784 1419 1425 1426 1420
3291 5 2 7 1 466 472 473 467 2779 2815 2821 2785
3292 5 2 7 1 2779 2815 2821 2785 2780 2816 2822 2786
3293 5 2 7 1 2780 2816 2822 2786 2781 2817 2823 2787
3294 5 2 7 1 2781 2817 2823 2787 2782 2818 2824 2788
3295 5 2 7 1 2782 2818 2824 2788 2783 2819 2825 2789
3296 5 2 7 1 2783 2819 2825 2789 2784 2820 2826 2790
3297 5 2 7 1 2784 2820 2826 2790 1420 1426 1427 1421
3298 5 2 7 1 467 473 474 468 2785 2821 2827 2791
3299 5 2 7 1 2785 2821 2827 2791 2786 2822 2828 2792
3300 5 2 7 1 2786 2822 2828 2792 2787 2823 2829 2793
3301 5 2 7 1 2787 2823 2829 2793 2788 2824 2830 2794
3302 5 2 7 1 2788 2824 2830 2794 2789 2825 2831 2795
3303 5 2 7 1 2789 2825 2831 2795 2790 2826 2832 2796
3304 5 2 7 1 2790 2826 2832 2796 1421 1427 1428 1422
3305 5 2 7 1 468 474 76 77 2791 2827 949 955
3306 5 2 7 1 2791 2827 949 955 2792 2828 950 956
3307 5 2 7 1 2792 2828 950 956 2793 2829 951 957
3308 5 2 7 1 2793 2829 951 957 2794 2830 952 958
3309 5 2 7 1 2794 2830 952 958 2795 2831 953 959
3310 5 2 7 1 2795 2831 953 959 2796 2832 954 960
3311 5 2 7 1 2796 2832 954 960 1422 1428 186 187
3312 5 2 7 1 45 46 475 469 763 769 2833 2797
3313 5 2 7 1 763 769 2833 2797 764 770 2834 2798
3314 5 2 7 1 764 770 2834 2798 765 771 2835 2799
3315 5 2 7 1 765 771 2835 2799 766 772 2836 2800
3316 5 2 7 1 766 772 2836 2800 767 773 2837 2801
3317 5 2 7 1 767 773 2837 2801 768 774 2838 2802
3318 5 2 7 1 768 774 2838 2802 155 156 1429 1423
3319 5 2 7 1 469 475 476 470 2797 2833 2839 2803
3320 5 2 7 1 2797 2833 2839 2803 2798 2834 2840 2804
3321 5 2 7 1 2798 2834 2840 2804 2799 2835 2841 2805
3322 5 2 7 1 2799 2835 2841 2805 2800 2836 2842 2806
3323 5 2 7 1 2800 2836 2842 2806 2801 2837 2843 2807
3324 5 2 7 1 2801 2837 2843 2807 2802 2838 2844 2808
3325 5 2 7 1 2802 2838 2844 2808 1423 1429 1430 1424
3326 5 2 7 1 470 476 477 471 2803 2839 2845 2809
3327 5 2 7 1 2803 2839 2845 2809 2804 2840 2846 2810
3328 5 2 7 1 2804 2840 2846 2810 2805 2841 2847 2811
3329 5 2 7 1 2805 2841 2847 2811 2806 2842 2848 2812
3330 5 2 7 1 2806 2842 2848 2812 2807 2843 2849 2813
3331 5 2 7 1 2807 2843 2849 2813 2808 2844 2850 2814
3332 5 2 7 1 2808 2844 2850 2814 1424 1430 1431 1425
3333 5 2 7 1 471 477 478 472 2809 2845 2851 2815
3334 5 2 7 1 2809 2845 2851 2815 2810 2846 2852 2816
3335 5 2 7 1 2810 2846 2852 2816 2811 2847 2853 2817
3336 5 2 7 1 2811 2847 2853 2817 2812 2848 2854 2818
3337 5 2 7 1 2812 2848 2854 2818 2813 2849 2855 2819
3338 5 2 7 1 2813 2849 2855 2819 2814 2850 2856 2820
3339 5 2 7 1 2814 2850 2856 2820 1425 1431 1432 1426
3340 5 2 7 1 472 478 479 473 2815 2851 2857 2821
3341 5 2 7 1 2815 2851 2857 2821 2816 2852 2858 2822
3342 5 2 7 1 2816 2852 2858 2822 2817 2853 2859 2823
3343 5 2 7 1 2817 2853 2859 2823 2818 2854 2860 2824
3344 5 2 7 1 2818 2854 2860 2824 2819 2855 2861 2825
3345 5 2 7 1 2819 2855 2861 2825 2820 2856 2862 2826
3346 5 2 7 1 2820 2856 2862 2826 1426 1432 1433 1427
3347 5 2 7 1 473 479 480 474 2821 2857 2863 2827
3348 5 2 7 1 2821 2857 2863 2827 2822 2858 2864 2828
3349 5 2 7 1 2822 2858 2864 2828 2823 2859 2865 2829
3350 5 2 7 1 2823 2859 2865 2829 2824 2860 2866 2830
3351 5 2 7 1 2824 2860 2866 2830 2825 2861 2867 2831
3352 5 2 7 1 2825 2861 2867 2831 2826 2862 2868 2832
3353 5 2 7 1 2826 2862 2868 2832 1427 1433 1434 1428
3354 5 2 7 1 474 480 75 76 2827 2863 943 949
3355 5 2 7 1 2827 2863 943 949 2828 2864 944 950
3356 5 2 7 1 2828 2864 944 950 2829 2865 945 951
3357 5 2 7 1 2829 2865 945 951 2830 2866 946 952
3358 5 2 7 1 2830 2866 946 952 2831 2867 947 953
3359 5 2 7 1 2831 2867 947 953 2832 2868 948 954
3360 5 2 7 1 2832 2868 948 954 1428 1434 185 186
3361 5 2 7 1 46 47 481 475 769 775 2869 2833
3362 5 2 7 1 769 775 2869 2833 770 776 2870 2834
3363 5 2 7 1 770 776 2870 2834 771 777 2871 2835
3364 5 2 7 1 771 777 2871 2835 772 778 2872 2836
3365 5 2 7 1 772 778 2872 2836 773 779 2873 2837
3366 5 2 7 1 773 779 2873 2837 774 780 2874 2838
3367 5 2 7 1 774 780 2874 2838 156 157 1435 1429
3368 5 2 7 1 475 481 482 476 2833 2869 2875 2839
3369 5 2 7 1 2833 2869 2875 2839 2834 2870 2876 2840
3370 5 2 7 1 2834 2870 2876 2840 2835 2871 2877 2841
3371 5 2 7 1 2835 2871 2877 2841 2836 2872 2878 2842
3372 5 2 7 1 2836 2872 2878 2842 2837 2873 2879 2843
3373 5 2 7 1 2837 2873 2879 2843 2838 2874 2880 2844
3374 5 2 7 1 2838 2874 2880 2844 1429 1435 1436 1430
3375 5 2 7 1 476 482 483 477 2839 2875 2881 2845
3376 5 2 7 1 2839 2875 2881 2845 2840 2876 2882 2846
3377 5 2 7 1 2840 2876 2882 2846 2841 2877 2883 2847
3378 5 2 7 1 2841 2877 2883 2847 2842 2878 2884 2848
3379 5 2 7 1 2842 2878 2884 2848 2843 2879 2885 2849
3380 5 2 7 1 2843 2879 2885 2849 2844 2880 2886 2850
3381 5 2 7 1 2844 2880 2886 2850 1430 1436 1437 1431
3382 5 2 7 1 477 483 484 478 2845 2881 2887 2851
3383 5 2 7 1 2845 2881 2887 2851 2846 2882 2888 2852
3384 5 2 7 1 2846 2882 2888 2852 2847 2883 2889 2853
3385 5 2 7 1 2847 2883 2889 2853 2848 2884 2890 2854
3386 5 2 7 1 2848 2884 2890 2854 2849 2885 2891 2855
3387 5 2 7 1 2849 2885 2891 2855 2850 2886 2892 2856
3388 5 2 7 1 2850 2886 2892 2856 1431 1437 1438 1432
3389 5 2 7 1 478 484 485 479 2851 2887 2893 2857
3390 5 2 7 1 2851 2887 2893 2857 2852 2888 2894 2858
3391 5 2 7 1 2852 2888 2894 2858 2853 2889 2895 2859
3392 5 2 7 1 2853 2889 2895 2859 2854 2890 2896 2860
3393 5 2 7 1 2854 2890 2896 2860 2855 2891 2897 2861
3394 5 2 7 1 2855 2891 2897 2861 2856 2892 2898 2862
3395 5 2 7 1 2856 2892 2898 2862 1432 1438 1439 1433
3396 5 2 7 1 479 485 486 480 2857 2893 2899 2863
3397 5 2 7 1 2857 2893 2899 2863 2858 2894 2900 2864
3398 5 2 7 1 2858 2894 2900 2864 2859 2895 2901 2865
3399 5 2 7 1 2859 2895 2901 2865 2860 2896 2902 2866
3400 5 2 7 1 2860 2896 2902 2866 2861 2897 2903 2867
3401 5 2 7 1 2861 2897 2903 2867 2862 2898 2904 2868
3402 5 2 7 1 2862 2898 2904 2868 1433 1439 1440 1434
3403 5 2 7 1 480 486 74 75 2863 2899 937 943
3404 5 2 7 1 2863 2899 937 943 2864 2900 938 944
3405 5 2 7 1 2864 2900 938 944 2865 2901 939 945
3406 5 2 7 1 2865 2901 939 945 2866 2902 940 946
3407 5 2 7 1 2866 2902 940 946 2867 2903 941 947
3408 5 2 7 1 2867 2903 941 947 2868 2904 942 948
3409 5 2 7 1 2868 2904 942 948 1434 1440 184 185
3410 5 2 7 1 47 48 487 481 775 781 2905 2869
3411 5 2 7 1 775 781 2905 2869 776 782 2906 2870
3412 5 2 7 1 776 782 2906 2870 777 783 2907 2871
3413 5 2 7 1 777 783 2907 2871 778 784 2908 2872
3414 5 2 7 1 778 784 2908 2872 779 785 2909 2873
3415 5 2 7 1 779 785 2909 2873 780 786 2910 2874
3416 5 2 7 1 780 786 2910 2874 157 158 1441 1435
3417 5 2 7 1 481 487 488 482 2869 2905 2911 2875
3418 5 2 7 1 2869 2905 2911 2875 2870 2906 2912 2876
3419 5 2 7 1 2870 2906 2912 2876 2871 2907 2913 2877
3420 5 2 7 1 2871 2907 2913 2877 2872 2908 2914 2878
3421 5 2 7 1 2872 2908 2914 2878 2873 2909 2915 2879
3422 5 2 7 1 2873 2909 2915 2879 2874 2910 2916 2880
3423 5 2 7 1 2874 2910 2916 2880 1435 1441 1442 1436
3424 5 2 7 1 482 488 489 483 2875 2911 2917 2881
3425 5 2 7 1 2875 2911 2917 2881 2876 2912 2918 2882
3426 5 2 7 1 2876 2912 2918 2882 2877 2913 2919 2883
3427 5 2 7 1 2877 2913 2919 2883 2878 2914 2920 2884
3428 5 2 7 1 2878 2914 2920 2884 2879 2915 2921 2885
3429 5 2 7 1 2879 2915 2921 2885 2880 2916 2922 2886
3430 5 2 7 1 2880 2916 2922 2886 1436 1442 1443 1437
3431 5 2 7 1 483 489 490 484 2881 2917 2923 2887
3432 5 2 7 1 2881 2917 2923 2887 2882 2918 2924 2888
3433 5 2 7 1 2882 2918 2924 2888 2883 2919 2925 2889
3434 5 2 7 1 2883 2919 2925 2889 2884 2920 2926 2890
3435 5 2 7 1 2884 2920 2926 2890 2885 2921 2927 2891
3436 5 2 7 1 2885 2921 2927 2891 2886 2922 2928 2892
3437 5 2 7 1 2886 2922 2928 2892 1437 1443 1444 1438
3438 5 2 7 1 484 490 491 485 2887 2923 2929 2893
3439 5 2 7 1 2887 2923 2929 2893 2888 2924 2930 2894
3440 5 2 7 1 2888 2924 2930 2894 2889 2925 2931 2895
3441 5 2 7 1 2889 2925 2931 2895 2890 2926 2932 2896
3442 5 2 7 1 2890 2926 2932 2896 2891 2927 2933 2897
3443 5 2 7 1 2891 2927 2933 2897 2892 2928 2934 2898
3444 5 2 7 1 2892 2928 2934 2898 1438 1444 1445 1439
3445 5 2 7 1 485 491 492 486 2893 2929 2935 2899
3446 5 2 7 1 2893 2929 2935 2899 2894 2930 2936 2900
3447 5 2 7 1 2894 2930 2936 2900 2895 2931 2937 2901
3448 5 2 7 1 2895 2931 2937 2901 2896 2932 2938 2902
3449 5 2 7 1 2896 2932 2938 2902 2897 2933 2939 2903
3450 5 2 7 1 2897 2933 2939 2903 2898 2934 2940 2904
3451 5 2 7 1 2898 2934 2940 2904 1439 1445 1446 1440
3452 5 2 7 1 486 492 73 74 2899 2935 931 937
3453 5 2 7 1 2899 2935 931 937 2900 2936 932 938
3454 5 2 7 1 2900 2936 932 938 2901 2937 933 939
3455 5 2 7 1 2901 2937 933 939 2902 2938 934 940
3456 5 2 7 1 2902 2938 934 940 2903 2939 935 941
3457 5 2 7 1 2903 2939 935 941 2904 2940 936 942
3458 5 2 7 1 2904 2940 936 942 1440 1446 183 184
3459 5 2 7 1 48 49 493 487 781 787 2941 2905
3460 5 2 7 1 781 787 2941 2905 782 788 2942 2906
3461 5 2 7 1 782 788 2942 2906 783 789 2943 2907
3462 5 2 7 1 783 789 2943 2907 784 790 2944 2908
3463 5 2 7 1 784 790 2944 2908 785 791 2945 2909
3464 5 2 7 1 785 791 2945 2909 786 792 2946 2910
3465 5 2 7 1 786 792 2946 2910 158 159 1447 1441
3466 5 2 7 1 487 493 494 488 2905 2941 2947 2911
3467 5 2 7 1 2905 2941 2947 2911 2906 2942 2948 2912
3468 5 2 7 1 2906 2942 2948 2912 2907 2943 2949 2913
3469 5 2 7 1 2907 2943 2949 2913 2908 2944 2950 2914
3470 5 2 7 1 2908 2944 2950 2914 2909 2945 2951 2915
3471 5 2 7 1 2909 2945 2951 2915 2910 2946 2952 2916
3472 5 2 7 1 2910 2946 2952 2916 1441 1447 1448 1442
3473 5 2 7 1 488 494 495 489 2911 2947 2953 2917
3474 5 2 7 1 2911 2947 2953 2917 2912 2948 2954 2918
3475 5 2 7 1 2912 2948 2954 2918 2913 2949 2955 2919
3476 5 2 7 1 2913 2949 2955 2919 2914 2950 2956 2920
3477 5 2 7 1 2914 2950 2956 2920 2915 2951 2957 2921
3478 5 2 7 1 2915 2951 2957 2921 2916 2952 2958 2922
3479 5 2 7 1 2916 2952 2958 2922 1442 1448 1449 1443
3480 5 2 7 1 489 495 496 490 2917 2953 2959 2923
3481 5 2 7 1 2917 2953 2959 2923 2918 2954 2960 2924
3482 5 2 7 1 2918 2954 2960 2924 2919 2955 2961 2925
3483 5 2 7 1 2919 2955 2961 2925 2920 2956 2962 2926
3484 5 2 7 1 2920 2956 2962 2926 2921 2957 2963 2927
3485 5 2 7 1 2921 2957 2963 2927 2922 2958 2964 2928
3486 5 2 7 1 2922 2958 2964 2928 1443 1449 1450 1444
3487 5 2 7 1 490 496 497 491 2923 2959 2965 2929
3488 5 2 7 1 2923 2959 2965 2929 2924 2960 2966 2930
3489 5 2 7 1 2924 2960 2966 2930 2925 2961 2967 2931
3490 5 2 7 1 2925 2961 2967 2931 2926 2962 2968 2932
3491 5 2 7 1 2926 2962 2968 2932 2927 2963 2969 2933
3492 5 2 7 1 2927 2963 2969 2933 2928 2964 2970 2934
3493 5 2 7 1 2928 2964 2970 2934 1444 1450 1451 1445
3494 5 2 7 1 491 497 498 492 2929 2965 2971 2935
3495 5 2 7 1 2929 2965 2971 2935 2930 2966 2972 2936
3496 5 2 7 1 2930 2966 2972 2936 2931 2967 2973 2937
3497 5 2 7 1 2931 2967 2973 2937 2932 2968 2974 2938
3498 5 2 7 1 2932 2968 2974 2938 2933 2969 2975 2939
3499 5 2 7 1 2933 2969 2975 2939 2934 2970 2976 2940
3500 5 2 7 1 2934 2970 2976 2940 1445 1451 1452 1446
3501 5 2 7 1 492 498 72 73 2935 2971 925 931
3502 5 2 7 1 2935 2971 925 931 2936 2972 926 932
3503 5 2 7 1 2936 2972 926 932 2937 2973 927 933
3504 5 2 7 1 2937 2973 927 933 2938 2974 928 934
3505 5 2 7 1 2938 2974 928 934 2939 2975 929 935
3506 5 2 7 1 2939 2975 929 935 2940 2976 930 936
3507 5 2 7 1 2940 2976 930 936 1446 1452 182 183
3508 5 2 7 1 49 50 499 493 787 793 2977 2941
3509 5 2 7 1 787 793 2977 2941 788 794 2978 2942
3510 5 2 7 1 788 794 2978 2942 789 795 2979 2943
3511 5 2 7 1 789 795 2979 2943 790 796 2980 2944
3512 5 2 7 1 790 796 2980 2944 791 797 2981 2945
3513 5 2 7 1 791 797 2981 2945 792 798 2982 2946
3514 5 2 7 1 792 798 2982 2946 159 160 1453 1447
3515 5 2 7 1 493 499 500 494 2941 2977 2983 2947
3516 5 2 7 1 2941 2977 2983 2947 2942 2978 2984 2948
3517 5 2 7 1 2942 2978 2984 2948 2943 2979 2985 2949
3518 5 2 7 1 2943 2979 2985 2949 2944 2980 2986 2950
3519 5 2 7 1 2944 2980 2986 2950 2945 2981 2987 2951
3520 5 2 7 1 2945 2981 2987 2951 2946 2982 2988 2952
3521 5 2 7 1 2946 2982 2988 2952 1447 1453 1454 1448
3522 5 2 7 1 494 500 501 495 2947 2983 2989 2953
3523 5 2 7 1 2947 2983 2989 2953 2948 2984 2990 2954
3524 5 2 7 1 2948 2984 2990 2954 2949 2985 2991 2955
3525 5 2 7 1 2949 2985 2991 2955 2950 2986 2992 2956
3526 5 2 7 1 2950 2986 2992 2956 2951 2987 2993 2957
3527 5 2 7 1 2951 2987 2993 2957 2952 2988 2994 2958
3528 5 2 7 1 2952 2988 2994 2958 1448 1454 1455 1449
3529 5 2 7 1 495 501 502 496 2953 2989 2995 2959
3530 5 2 7 1 2953 2989 2995 2959 2954 2990 2996 2960
3531 5 2 7 1 2954 2990 2996 2960 2955 2991 2997 2961
3532 5 2 7 1 2955 2991 2997 2961 2956 2992 2998 2962
3533 5 2 7 1 2956 2992 2998 2962 2957 2993 2999 2963
3534 5 2 7 1 2957 2993 2999 2963 2958 2994 3000 2964
3535 5 2 7 1 2958 2994 3000 2964 1449 1455 1456 1450
3536 5 2 7 1 496 502 503 497 2959 2995 3001 2965
3537 5 2 7 1 2959 2995 3001 2965 2960 2996 3002 2966
3538 5 2 7 1 2960 2996 3002 2966 2961 2997 3003 2967
3539 5 2 7 1 2961 2997 3003 2967 2962 2998 3004 2968
3540 5 2 7 1 2962 2998 3004 2968 2963 2999 3005 2969
3541 5 2 7 1 2963 2999 3005 2969 2964 3000 3006 2970
3542 5 2 7 1 2964 3000 3006 2970 1450 1456 1457 1451
3543 5 2 7 1 497 503 504 498 2965 3001 3007 2971
3544 5 2 7 1 2965 3001 3007 2971 2966 3002 3008 2972
3545 5 2 7 1 2966 3002 3008 2972 2967 3003 3009 2973
3546 5 2 7 1 2967 3003 3009 2973 2968 3004 3010 2974
3547 5 2 7 1 2968 3004 3010 2974 2969 3005 3011 2975
3548 5 2 7 1 2969 3005 3011 2975 2970 3006 3012 2976
3549 5 2 7 1 2970 3006 3012 2976 1451 1457 1458 1452
3550 5 2 7 1 498 504 71 72 2971 3007 919 925
3551 5 2 7 1 2971 3007 919 925 2972 3008 920 926
3552 5 2 7 1 2972 3008 920 926 2973 3009 921 927
3553 5 2 7 1 2973 3009 921 927 2974 3010 922 928
3554 5 2 7 1 2974 3010 922 928 2975 3011 923 929
3555 5 2 7 1 2975 3011 923 929 2976 3012 924 930
3556 5 2 7 1 2976 3012 924 930 1452 1458 181 182
3557 5 2 7 1 50 51 505 499 793 799 3013 2977
3558 5 2 7 1 793 799 3013 2977 794 800 3014 2978
3559 5 2 7 1 794 800 3014 2978 795 801 3015 2979
3560 5 2 7 1 795 801 3015 2979 796 802 3016 2980
3561 5 2 7 1 796 802 3016 2980 797 803 3017 2981
3562 5 2 7 1 797 803 3017 2981 798 804 3018 2982
3563 5 2 7 1 798 804 3018 2982 160 161 1459 1453
3564 5 2 7 1 499 505 506 500 2977 3013 3019 2983
3565 5 2 7 1 2977 3013 3019 2983 2978 3014 3020 2984
3566 5 2 7 1 2978 3014 3020 2984 2979 3015 3021 2985
3567 5 2 7 1 2979 3015 3021 2985 2980 3016 3022 2986
3568 5 2 7 1 2980 3016 3022 2986 2981 3017 3023 2987
3569 5 2 7 1 2981 3017 3023 2987 2982 3018 3024 2988
3570 5 2 7 1 2982 3018 3024 2988 1453 1459 1460 1454
3571 5 2 7 1 500 506 507 501 2983 3019 3025 2989
3572 5 2 7 1 2983 3019 3025 2989 2984 3020 3026 2990
3573 5 2 7 1 2984 3020 3026 2990 2985 3021 3027 2991
3574 5 2 7 1 2985 3021 3027 2991 2986 3022 3028 2992
3575 5 2 7 1 2986 3022 3028 2992 2987 3023 3029 2993
3576 5 2 7 1 2987 3023 3029 2993 2988 3024 3030 2994
3577 5 2 7 1 2988 3024 3030 2994 1454 1460 1461 1455
3578 5 2 7 1 501 507 508 502 2989 3025 3031 2995
3579 5 2 7 1 2989 3025 3031 2995 2990 3026 3032 2996
3580 5 2 7 1 2990 3026 3032 2996 2991 3027 3033 2997
3581 5 2 7 1 2991 3027 3033 2997 2992 3028 3034 2998
3582 5 2 7 1 2992 3028 3034 2998 2993 3029 3035 2999
3583 5 2 7 1 2993 3029 3035 2999 2994 3030 3036 3000
3584 5 2 7 1 2994 3030 3036 3000 1455 1461 1462 1456
3585 5 2 7 1 502 508 509 503 2995 3031 3037 3001
3586 5 2 7 1 2995 3031 3037 3001 2996 3032 3038 3002
3587 5 2 7 1 2996 3032 3038 3002 2997 3033 3039 3003
3588 5 2 7 1 2997 3033 3039 3003 2998 3034 3040 3004
3589 5 2 7 1 2998 3034 3040 3004 2999 3035 3041 3005
3590 5 2 7 1 2999 3035 3041 3005 3000 3036 3042 3006
3591 5 2 7 1 3000 3036 3042 3006 1456 1462 1463 1457
3592 5 2 7 1 503 509 510 504 3001 3037 3043 3007
3593 5 2 7 1 3001 3037 3043 3007 3002 3038 3044 3008
3594 5 2 7 1 3002 3038 3044 3008 3003 3039 3045 3009
3595 5 2 7 1 3003 3039 3045 3009 3004 3040 3046 3010
3596 5 2 7 1 3004 3040 3046 3010 3005 3041 3047 3011
3597 5 2 7 1 3005 3041 3047 3011 3006 3042 3048 3012
3598 5 2 7 1 3006 3042 3048 3012 1457 1463 1464 1458
3599 5 2 7 1 504 510 70 71 3007 3043 913 919
3600 5 2 7 1 3007 3043 913 919 3008 3044 914 920
3601 5 2 7 1 3008 3044 914 920 3009 3045 915 921
3602 5 2 7 1 3009 3045 915 921 3010 3046 916 922
3603 5 2 7 1 3010 3046 916 922 3011 3047 917 923
3604 5 2 7 1 3011 3047 917 923 3012 3048 918 924
3605 5 2 7 1 3012 3048 918 924 1458 1464 180 181
3606 5 2 7 1 51 52 511 505 799 805 3049 3013
3607 5 2 7 1 799 805 3049 3013 800 806 3050 3014
3608 5 2 7 1 800 806 3050 3014 801 807 3051 3015
3609 5 2 7 1 801 807 3051 3015 802 808 3052 3016
3610 5 2 7 1 802 808 3052 3016 803 809 3053 3017
3611 5 2 7 1 803 809 3053 3017 804 810 3054 3018
3612 5 2 7 1 804 810 3054 3018 161 162 1465 1459
3613 5 2 7 1 505 511 512 506 3013 3049 3055 3019
3614 5 2 7 1 3013 3049 3055 3019 3014 3050 3056 3020
3615 5 2 7 1 3014 3050 3056 3020 3015 3051 3057 3021
3616 5 2 7 1 3015 3051 3057 3021 3016 3052 3058 3022
3617 5 2 7 1 3016 3052 3058 3022 3017 3053 3059 3023
3618 5 2 7 1 3017 3053 3059 3023 3018 3054 3060 3024
3619 5 2 7 1 3018 3054 3060 3024 1459 1465 1466 1460
3620 5 2 7 1 506 512 513 507 3019 3055 3061 3025
3621 5 2 7 1 3019 3055 3061 3025 3020 3056 3062 3026
3622 5 2 7 1 3020 3056 3062 3026 3021 3057 3063 3027
3623 5 2 7 1 3021 3057 3063 3027 3022 3058 3064 3028
3624 5 2 7 1 3022 3058 3064 3028 3023 3059 3065 3029
3625 5 2 7 1 3023 3059 3065 3029 3024 3060 3066 3030
3626 5 2 7 1 3024 3060 3066 3030 1460 1466 1467 1461
3627 5 2 7 1 507 513 514 508 3025 3061 3067 3031
3628 5 2 7 1 3025 3061 3067 3031 3026 3062 3068 3032
3629 5 2 7 1 3026 3062 3068 3032 3027 3063 3069 3033
3630 5 2 7 1 3027 3063 3069 3033 3028 3064 3070 3034
3631 5 2 7 1 3028 3064 3070 3034 3029 3065 3071 3035
3632 5 2 7 1 3029 3065 3071 3035 3030 3066 3072 3036
3633 5 2 7 1 3030 3066 3072 3036 1461 1467 1468 1462
3634 5 2 7 1 508 514 515 509 3031 3067 3073 3037
3635 5 2 7 1 3031 3067 3073 3037 3032 3068 3074 3038
3636 5 2 7 1 3032 3068 3074 3038 3033 3069 3075 3039
3637 5 2 7 1 3033 3069 3075 3039 3034 3070 3076 3040
3638 5 2 7 1 3034 3070 3076 3040 3035 3071 3077 3041
3639 5 2 7 1 3035 3071 3077 3041 3036 3072 3078 3042
3640 5 2 7 1 3036 3072 3078 3042 1462 1468 1469 1463
3641 5 2 7 1 509 515 516 510 3037 3073 3079 3043
3642 5 2 7 1 3037 3073 3079 3043 3038 3074 3080 3044
3643 5 2 7 1 3038 3074 3080 3044 3039 3075 3081 3045
3644 5 2 7 1 3039 3075 3081 3045 3040 3076 3082 3046
3645 5 2 7 1 3040 3076 3082 3046 3041 3077 3083 3047
3646 5 2 7 1 3041 3077 3083 3047 3042 3078 3084 3048
3647 5 2 7 1 3042 3078 3084 3048 1463 1469 1470 1464
3648 5 2 7 1 510 516 69 70 3043 3079 907 913
3649 5 2 7 1 3043 3079 907 913 3044 3080 908 914
3650 5 2 7 1 3044 3080 908 914 3045 3081 909 915
3651 5 2 7 1 3045 3081 909 915 3046 3082 910 916
3652 5 2 7 1 3046 3082 910 916 3047 3083 911 917
3653 5 2 7 1 3047 3083 911 917 3048 3084 912 918
3654 5 2 7 1 3048 3084 912 918 1464 1470 179 180
3655 5 2 7 1 52 53 517 511 805 811 3085 3049
3656 5 2 7 1 805 811 3085 3049 806 812 3086 3050
3657 5 2 7 1 806 812 3086 3050 807 813 3087 3051
3658 5 2 7 1 807 813 3087 3051 808 814 3088 3052
3659 5 2 7 1 808 814 3088 3052 809 815 3089 3053
3660 5 2 7 1 809 815 3089 3053 810 816 3090 3054
3661 5 2 7 1 810 816 3090 3054 162 163 1471 1465
3662 5 2 7 1 511 517 518 512 3049 3085 3091 3055
3663 5 2 7 1 3049 3085 3091 3055 3050 3086 3092 3056
3664 5 2 7 1 3050 3086 3092 3056 3051 3087 3093 3057
3665 5 2 7 1 3051 3087 3093 3057 3052 3088 3094 3058
3666 5 2 7 1 3052 3088 3094 3058 3053 3089 3095 3059
3667 5 2 7 1 3053 3089 3095 3059 3054 3090 3096 3060
3668 5 2 7 1 3054 3090 3096 3060 1465 1471 1472 1466
3669 5 2 7 1 512 518 519 513 3055 3091 3097 3061
3670 5 2 7 1 3055 3091 3097 3061 3056 3092 3098 3062
3671 5 2 7 1 3056 3092 3098 3062 3057 3093 3099 3063
3672 5 2 7 1 3057 3093 3099 3063 3058 3094 3100 3064
3673 5 2 7 1 3058 3094 3100 3064 3059 3095 3101 3065
3674 5 2 7 1 3059 3095 3101 3065 3060 3096 3102 3066
3675 5 2 7 1 3060 3096 3102 3066 1466 1472 1473 1467
3676 5 2 7 1 513 519 520 514 3061 3097 3103 3067
3677 5 2 7 1 3061 3097 3103 3067 3062 3098 3104 3068
3678 5 2 7 1 3062 3098 3104 3068 3063 3099 3105 3069
3679 5 2 7 1 3063 3099 3105 3069 3064 3100 3106 3070
3680 5 2 7 1 3064 3100 3106 3070 3065 3101 3107 3071
3681 5 2 7 1 3065 3101 3107 3071 3066 3102 3108 3072
3682 5 2 7 1 3066 3102 3108 3072 1467 1473 1474 1468
3683 5 2 7 1 514 520 521 515 3067 3103 3109 3073
3684 5 2 7 1 3067 3103 3109 3073 3068 3104 3110 3074
3685 5 2 7 1 3068 3104 3110 3074 3069 3105 3111 3075
3686 5 2 7 1 3069 3105 3111 3075 3070 3106 3112 3076
3687 5 2 7 1 3070 3106 3112 3076 3071 3107 3113 3077
3688 5 2 7 1 3071 3107 3113 3077 3072 3108 3114 3078
3689 5 2 7 1 3072 3108 3114 3078 1468 1474 1475 1469
3690 5 2 7 1 515 521 522 516 3073 3109 3115 3079
3691 5 2 7 1 3073 3109 3115 3079 3074 3110 3116 3080
3692 5 2 7 1 3074 3110 3116 3080 3075 3111 3117 3081
3693 5 2 7 1 3075 3111 3117 3081 3076 3112 3118 3082
3694 5 2 7 1 3076 3112 3118 3082 3077 3113 3119 3083
3695 5 2 7 1 3077 3113 3119 3083 3078 3114 3120 3084
3696 5 2 7 1 3078 3114 3120 3084 1469 1475 1476 1470
3697 5 2 7 1 516 522 68 69 3079 3115 901 907
3698 5 2 7 1 3079 3115 901 907 3080 3116 902 908
3699 5 2 7 1 3080 3116 902 908 3081 3117 903 909
3700 5 2 7 1 3081 3117 903 909 3082 3118 904 910
3701 5 2 7 1 3082 3118 904 910 3083 3119 905 911
3702 5 2 7 1 3083 3119 905 911 3084 3120 906 912
3703 5 2 7 1 3084 3120 906 912 1470 1476 178 179
3704 5 2 7 1 53 54 523 517 811 817 3121 3085
3705 5 2 7 1 811 817 3121 3085 812 818 3122 3086
3706 5 2 7 1 812 818 3122 3086 813 819 3123 3087
3707 5 2 7 1 813 819 3123 3087 814 820 3124 3088
3708 5 2 7 1 814 820 3124 3088 815 821 3125 3089
3709 5 2 7 1 815 821 3125 3089 816 822 3126 3090
3710 5 2 7 1 816 822 3126 3090 163 164 1477 1471
3711 5 2 7 1 517 523 524 518 3085 3121 3127 3091
3712 5 2 7 1 3085 3121 3127 3091 3086 3122 3128 3092
3713 5 2 7 1 3086 3122 3128 3092 3087 3123 3129 3093
3714 5 2 7 1 3087 3123 3129 3093 3088 3124 3130 3094
3715 5 2 7 1 3088 3124 3130 3094 3089 3125 3131 3095
3716 5 2 7 1 3089 3125 3131 3095 3090 3126 3132 3096
3717 5 2 7 1 3090 3126 3132 3096 1471 1477 1478 1472
3718 5 2 7 1 518 524 525 519 3091 3127 3133 3097
3719 5 2 7 1 3091 3127 3133 3097 3092 3128 3134 3098
3720 5 2 7 1 3092 3128 3134 3098 3093 3129 3135 3099
3721 5 2 7 1 3093 3129 3135 3099 3094 3130 3136 3100
3722 5 2 7 1 3094 3130 3136 3100 3095 3131 3137 3101
3723 5 2 7 1 3095 3131 3137 3101 3096 3132 3138 3102
3724 5 2 7 1 3096 3132 3138 3102 1472 1478 1479 1473
3725 5 2 7 1 519 525 526 520 3097 3133 3139 3103
3726 5 2 7 1 3097 3133 3139 3103 3098 3134 3140 3104
3727 5 2 7 1 3098 3134 3140 3104 3099 3135 3141 3105
3728 5 2 7 1 3099 3135 3141 3105 3100 3136 3142 3106
3729 5 2 7 1 3100 3136 3142 3106 3101 3137 3143 3107
3730 5 2 7 1 3101 3137 3143 3107 3102 3138 3144 3108
3731 5 2 7 1 3102 3138 3144 3108 1473 1479 1480 1474
3732 5 2 7 1 520 526 527 521 3103 3139 3145 3109
3733 5 2 7 1 3103 3139 3145 3109 3104 3140 3146 3110
3734 5 2 7 1 3104 3140 3146 3110 3105 3141 3147 3111
3735 5 2 7 1 3105 3141 3147 3111 3106 3142 3148 3112
3736 5 2 7 1 3106 3142 3148 3112 3107 3143 3149 3113
3737 5 2 7 1 3107 3143 3149 3113 3108 3144 3150 3114
3738 5 2 7 1 3108 3144 3150 3114 1474 1480 1481 1475
3739 5 2 7 1 521 527 528 522 3109 3145 3151 3115
3740 5 2 7 1 3109 3145 3151 3115 3110 3146 3152 3116
3741 5 2 7 1 3110 3146 3152 3116 3111 3147 3153 3117
3742 5 2 7 1 3111 3147 3153 3117 3112 3148 3154 3118
3743 5 2 7 1 3112 3148 3154 3118 3113 3149 3155 3119
3744 5 2 7 1 3113 3149 3155 3119 3114 3150 3156 3120
3745 5 2 7 1 3114 3150 3156 3120 1475 1481 1482 1476
3746 5 2 7 1 522 528 67 68 3115 3151 895 901
3747 5 2 7 1 3115 3151 895 901 3116 3152 896 902
3748 5 2 7 1 3116 3152 896 902 3117 3153 897 903
3749 5 2 7 1 3117 3153 897 903 3118 3154 898 904
3750 5 2 7 1 3118 3154 898 904 3119 3155 899 905
3751 5 2 7 1 3119 3155 899 905 3120 3156 900 906
3752 5 2 7 1 3120 3156 900 906 1476 1482 177 178
3753 5 2 7 1 54 55 529 523 817 823 3157 3121
3754 5 2 7 1 817 823 3157 3121 818 824 3158 3122
3755 5 2 7 1 818 824 3158 3122 819 825 3159 3123
3756 5 2 7 1 819 825 3159 3123 820 826 3160 3124
3757 5 2 7 1 820 826 3160 3124 821 827 3161 3125
3758 5 2 7 1 821 827 3161 3125 822 828 3162 3126
3759 5 2 7 1 822 828 3162 3126 164 165 1483 1477
3760 5 2 7 1 523 529 530 524 3121 3157 3163 3127
3761 5 2 7 1 3121 3157 3163 3127 3122 3158 3164 3128
3762 5 2 7 1 3122 3158 3164 3128 3123 3159 3165 3129
3763 5 2 7 1 3123 3159 3165 3129 3124 3160 3166 3130
3764 5 2 7 1 3124 3160 3166 3130 3125 3161 3167 3131
3765 5 2 7 1 3125 3161 3167 3131 3126 3162 3168 3132
3766 5 2 7 1 3126 3162 3168 3132 1477 1483 1484 1478
3767 5 2 7 1 524 530 531 525 3127 3163 3169 3133
3768 5 2 7 1 3127 3163 3169 3133 3128 3164 3170 3134
3769 5 2 7 1 3128 3164 3170 3134 3129 3165 3171 3135
3770 5 2 7 1 3129 3165 3171 3135 3130 3166 3172 3136
3771 5 2 7 1 3130 3166 3172 3136 3131 3167 3173 3137
3772 5 2 7 1 3131 3167 3173 3137 3132 3168 3174 3138
3773 5 2 7 1 3132 3168 3174 3138 1478 1484 1485 1479
3774 5 2 7 1 525 531 532 526 3133 3169 3175 3139
3775 5 2 7 1 3133 3169 3175 3139 3134 3170 3176 3140
3776 5 2 7 1 3134 3170 3176 3140 3135 3171 3177 3141
3777 5 2 7 1 3135 3171 3177 3141 3136 3172 3178 3142
3778 5 2 7 1 3136 3172 3178 3142 3137 3173 3179 3143
3779 5 2 7 1 3137 3173 3179 3143 3138 3174 3180 3144
3780 5 2 7 1 3138 3174 3180 3144 1479 1485 1486 1480
3781 5 2 7 1 526 532 533 527 3139 3175 3181 3145
3782 5 2 7 1 3139 3175 3181 3145 3140 3176 3182 3146
3783 5 2 7 1 3140 3176 3182 3146 3141 3177 3183 3147
3784 5 2 7 1 3141 3177 3183 3147 3142 3178 3184 3148
3785 5 2 7 1 3142 3178 3184 3148 3143 3179 3185 3149
3786 5 2 7 1 3143 3179 3185 3149 3144 3180 3186 3150
3787 5 2 7 1 3144 3180 3186 3150 1480 1486 1487 1481
3788 5 2 7 1 527 533 534 528 3145 3181 3187 3151
3789 5 2 7 1 3145 3181 3187 3151 3146 3182 3188 3152
3790 5 2 7 1 3146 3182 3188 3152 3147 3183 3189 3153
3791 5 2 7 1 3147 3183 3189 3153 3148 3184 3190 3154
3792 5 2 7 1 3148 3184 3190 3154 3149 3185 3191 3155
3793 5 2 7 1 3149 3185 3191 3155 3150 3186 3192 3156
3794 5 2 7 1 3150 3186 3192 3156 1481 1487 1488 1482
3795 5 2 7 1 528 534 66 67 3151 3187 889 895
3796 5 2 7 1 3151 3187 889 895 3152 3188 890 896
3797 5 2 7 1 3152 3188 890 896 3153 3189 891 897
3798 5 2 7 1 3153 3189 891 897 3154 3190 892 898
3799 5 2 7 1 3154 3190 892 898 3155 3191 893 899
3800 5 2 7 1 3155 3191 893 899 3156 3192 894 900
3801 5 2 7 1 3156 3192 894 900 1482 1488 176 177
3802 5 2 7 1 55 56 535 529 823 829 3193 3157
3803 5 2 7 1 823 829 3193 3157 824 830 3194 3158
3804 5 2 7 1 824 830 3194 3158 825 831 3195 3159
3805 5 2 7 1 825 831 3195 3159 826 832 3196 3160
3806 5 2 7 1 826 832 3196 3160 827 833 3197 3161
3807 5 2 7 1 827 833 3197 3161 828 834 3198 3162
3808 5 2 7 1 828 834 3198 3162 165 166 1489 1483
3809 5 2 7 1 529 535 536 530 3157 3193 3199 3163
3810 5 2 7 1 3157 3193 3199 3163 3158 3194 3200 3164
3811 5 2 7 1 3158 3194 3200 3164 3159 3195 3201 3165
3812 5 2 7 1 3159 3195 3201 3165 3160 3196 3202 3166
3813 5 2 7 1 3160 3196 3202 3166 3161 3197 3203 3167
3814 5 2 7 1 3161 3197 3203 3167 3162 3198 3204 3168
3815 5 2 7 1 3162 3198 3204 3168 1483 1489 1490 1484
3816 5 2 7 1 530 536 537 531 3163 3199 3205 3169
3817 5 2 7 1 3163 3199 3205 3169 3164 3200 3206 3170
3818 5 2 7 1 3164 3200 3206 3170 3165 3201 3207 3171
3819 5 2 7 1 3165 3201 3207 3171 3166 3202 3208 3172
3820 5 2 7 1 3166 3202 3208 3172 3167 3203 3209 3173
3821 5 2 7 1 3167 3203 3209 3173 3168 3204 3210 3174
3822 5 2 7 1 3168 3204 3210 3174 1484 1490 1491 1485
3823 5 2 7 1 531 537 538 532 3169 3205 3211 3175
3824 5 2 7 1 3169 3205 3211 3175 3170 3206 3212 3176
3825 5 2 7 1 3170 3206 3212 3176 3171 3207 3213 3177
3826 5 2 7 1 3171 3207 3213 3177 3172 3208 3214 3178
3827 5 2 7 1 3172 3208 3214 3178 3173 3209 3215 3179
3828 5 2 7 1 3173 3209 3215 3179 3174 3210 3216 3180
3829 5 2 7 1 3174 3210 3216 3180 1485 1491 1492 1486
3830 5 2 7 1 532 538 539 533 3175 3211 3217 3181
3831 5 2 7 1 3175 3211 3217 3181 3176 3212 3218 3182
3832 5 2 7 1 3176 3212 3218 3182 3177 3213 3219 3183
3833 5 2 7 1 3177 3213 3219 3183 3178 3214 3220 3184
3834 5 2 7 1 3178 3214 3220 3184 3179 3215 3221 3185
3835 5 2 7 1 3179 3215 3221 3185 3180 3216 3222 3186
3836 5 2 7 1 3180 3216 3222 3186 1486 1492 1493 1487
3837 5 2 7 1 533 539 540 534 3181 3217 3223 3187
3838 5 2 7 1 3181 3217 3223 3187 3182 3218 3224 3188
3839 5 2 7 1 3182 3218 3224 3188 3183 3219 3225 3189
3840 5 2 7 1 3183 3219 3225 3189 3184 3220 3226 3190
3841 5 2 7 1 3184 3220 3226 3190 3185 3221 3227 3191
3842 5 2 7 1 3185 3221 3227 3191 3186 3222 3228 3192
3843 5 2 7 1 3186 3222 3228 3192 1487 1493 1494 1488
3844 5 2 7 1 534 540 65 66 3187 3223 883 889
3845 5 2 7 1 3187 3223 883 889 3188 3224 884 890
3846 5 2 7 1 3188 3224 884 890 3189 3225 885 891
3847 5 2 7 1 3189 3225 885 891 3190 3226 886 892
3848 5 2 7 1 3190 3226 886 892 3191 3227 887 893
3849 5 2 7 1 3191 3227 887 893 3192 3228 888 894
3850 5 2 7 1 3192 3228 888 894 1488 1494 175 176
3851 5 2 7 1 56 57 541 535 829 835 3229 3193
3852 5 2 7 1 829 835 3229 3193 830 836 3230 3194
3853 5 2 7 1 830 836 3230 3194 831 837 3231 3195
3854 5 2 7 1 831 837 3231 3195 832 838 3232 3196
3855 5 2 7 1 832 838 3232 3196 833 839 3233 3197
3856 5 2 7 1 833 839 3233 3197 834 840 3234 3198
3857 5 2 7 1 834 840 3234 3198 166 167 1495 1489
3858 5 2 7 1 535 541 542 536 3193 3229 3235 3199
3859 5 2 7 1 3193 3229 3235 3199 3194 3230 3236 3200
3860 5 2 7 1 3194 3230 3236 3200 3195 3231 3237 3201
3861 5 2 7 1 3195 3231 3237 3201 3196 3232 3238 3202
3862 5 2 7 1 3196 3232 3238 3202 3197 3233 3239 3203
3863 5 2 7 1 3197 3233 3239 3203 3198 3234 3240 3204
3864 5 2 7 1 3198 3234 3240 3204 1489 1495 1496 1490
3865 5 2 7 1 536 542 543 537 3199 3235 3241 3205
3866 5 2 7 1 3199 3235 3241 3205 3200 3236 3242 3206
3867 5 2 7 1 3200 3236 3242 3206 3201 3237 3243 3207
3868 5 2 7 1 3201 3237 3243 3207 3202 3238 3244 3208
3869 5 2 7 1 3202 3238 3244 3208 3203 3239 3245 3209
3870 5 2 7 1 3203 3239 3245 3209 3204 3240 3246 3210
3871 5 2 7 1 3204 3240 3246 3210 1490 1496 1497 1491
3872 5 2 7 1 537 543 544 538 3205 3241 3247 3211
3873 5 2 7 1 3205 3241 3247 3211 3206 3242 3248 3212
3874 5 2 7 1 3206 3242 3248 3212 3207 3243 3249 3213
3875 5 2 7 1 3207 3243 3249 3213 3208 3244 3250 3214
3876 5 2 7 1 3208 3244 3250 3214 3209 3245 3251 3215
3877 5 2 7 1 3209 3245 3251 3215 3210 3246 3252 3216
3878 5 2 7 1 3210 3246 3252 3216 1491 1497 1498 1492
3879 5 2 7 1 538 544 545 539 3211 3247 3253 3217
3880 5 2 7 1 3211 3247 3253 3217 3212 3248 3254 3218
3881 5 2 7 1 3212 3248 3254 3218 3213 3249 3255 3219
3882 5 2 7 1 3213 3249 3255 3219 3214 3250 3256 3220
3883 5 2 7 1 3214 3250 3256 3220 3215 3251 3257 3221
3884 5 2 7 1 3215 3251 3257 3221 3216 3252 3258 3222
3885 5 2 7 1 3216 3252 3258 3222 1492 1498 1499 1493
3886 5 2 7 1 539 545 546 540 3217 3253 3259 3223
3887 5 2 7 1 3217 3253 3259 3223 3218 3254 3260 3224
3888 5 2 7 1 3218 3254 3260 3224 3219 3255 3261 3225
3889 5 2 7 1 3219 3255 3261 3225 3220 3256 3262 3226
3890 5 2 7 1 3220 3256 3262 3226 3221 3257 3263 3227
3891 5 2 7 1 3221 3257 3263 3227 3222 3258 3264 3228
3892 5 2 7 1 3222 3258 3264 3228 1493 1499 1500 1494
3893 5 2 7 1 540 546 64 65 3223 3259 877 883
3894 5 2 7 1 3223 3259 877 883 3224 3260 878 884
3895 5 2 7 1 3224 3260 878 884 3225 3261 879 885
3896 5 2 7 1 3225 3261 879 885 3226 3262 880 886
3897 5 2 7 1 3226 3262 880 886 3227 3263 881 887
3898 5 2 7 1 3227 3263 881 887 3228 3264 882 888
3899 5 2 7 1 3228 3264 882 888 1494 1500 174 175
3900 5 2 7 1 57 2 58 541 835 235 841 3229
3901 5 2 7 1 835 235 841 3229 836 236 842 3230
3902 5 2 7 1 836 236 842 3230 837 237 843 3231
3903 5 2 7 1 837 237 843 3231 838 238 844 3232
3904 5 2 7 1 838 238 844 3232 839 239 845 3233
3905 5 2 7 1 839 239 845 3233 840 240 846 3234
3906 5 2 7 1 840 240 846 3234 167 6 168 1495
3907 5 2 7 1 541 58 59 542 3229 841 847 3235
3908 5 2 7 1 3229 841 847 3235 3230 842 848 3236
3909 5 2 7 1 3230 842 848 3236 3231 843 849 3237
3910 5 2 7 1 3231 843 849 3237 3232 844 850 3238
3911 5 2 7 1 3232 844 850 3238 3233 845 851 3239
3912 5 2 7 1 3233 845 851 3239 3234 846 852 3240
3913 5 2 7 1 3234 846 852 3240 1495 168 169 1496
3914 5 2 7 1 542 59 60 543 3235 847 853 3241
3915 5 2 7 1 3235 847 853 3241 3236 848 854 3242
3916 5 2 7 1 3236 848 854 3242 3237 849 855 3243
3917 5 2 7 1 3237 849 855 3243 3238 850 856 3244
3918 5 2 7 1 3238 850 856 3244 3239 851 857 3245
3919 5 2 7 1 3239 851 857 3245 3240 852 858 3246
3920 5 2 7 1 3240 852 858 3246 1496 169 170 1497
3921 5 2 7 1 543 60 61 544 3241 853 859 3247
3922 5 2 7 1 3241 853 859 3247 3242 854 860 3248
3923 5 2 7 1 3242 854 860 3248 3243 855 861 3249
3924 5 2 7 1 3243 855 861 3249 3244 856 862 3250
3925 5 2 7 1 3244 856 862 3250 3245 857 863 3251
3926 5 2 7 1 3245 857 863 3251 3246 858 864 3252
3927 5 2 7 1 3246 858 864 3252 1497 170 171 1498
3928 5 2 7 1 544 61 62 545 3247 859 865 3253
3929 5 2 7 1 3247 859 865 3253 3248 860 866 3254
3930 5 2 7 1 3248 860 866 3254 3249 861 867 3255
3931 5 2 7 1 3249 861 867 3255 3250 862 868 3256
3932 5 2 7 1 3250 862 868 3256 3251 863 869 3257
3933 5 2 7 1 3251 863 869 3257 3252 864 870 3258
3934 5 2 7 1 3252 864 870 3258 1498 171 172 1499
3935 5 2 7 1 545 62 63 546 3253 865 871 3259
3936 5 2 7 1 3253 865 871 3259 3254 866 872 3260
3937 5 2 7 1 3254 866 872 3260 3255 867 873 3261
3938 5 2 7 1 3255 867 873 3261 3256 868 874 3262
3939 5 2 7 1 3256 868 874 3262 3257 869 875 3263
3940 5 2 7 1 3257 869 875 3263 3258 870 876 3264
3941 5 2 7 1 3258 870 876 3264 1499 172 173 1500
3942 5 2 7 1 546 63 3 64 3259 871 241 877
3943 5 2 7 1 3259 871 241 877 3260 872 242 878
3944 5 2 7 1 3260 872 242 878 3261 873 243 879
3945 5 2 7 1 3261 873 243 879 3262 874 244 880
3946 5 2 7 1 3262 874 244 880 3263 875 245 881
3947 5 2 7 1 3263 875 245 881 3264 876 246 882
3948 5 2 7 1 3264 876 246 882 1500 173 7 174
$EndElements
