39922.90982119242
32205.751953976112
16879.03166031742
19192.517620678635
33818.602109236555
4585.078812153916
3057.0531373587114
16879.03166031742
24448.718913158707
24542.15482011858
19192.517620678642
10417.9055852059
19468.842539445504
39922.909821192436
26017.47046998043
29412.18408579801
27704.356111606892
24542.15482011859
29412.184085798013
26041.660823355185
24036.61142788926
19192.517620678642
39922.90982119244
23129.722917343955
16879.03166031743
27621.502902250624
24448.71891315872
26859.64262166628
50330.003368968384
21496.568545833507
-50.02975481813701
32670.065764355357
32355.43413142026
9012.735774767947
8624.458830940115
7148.417837261191
19463.43584344686
39837.98877262037
32670.065764355313
16408.34841493211
15485.284699735157
39682.04920952648
24448.385544052333
12167.436937888659
18515.678545136187
35415.642871034084
33700.67890592671
23330.17204382251
20885.460900375798
32670.065764355324
50330.00336896836
3880.0426087084484
-50.029754818151105
13437.98346682527
19463.435843446874
23917.189798100586
61944.87979001517
6515.167551367907
297.05596576654716
18542.009944750538
11804.223717125647
-13288.376387255408
13984.878966070819
25095.09813992907
25156.396248996683
61021.27375671329
18542.00994475052
27187.503010370154
20230.769011072014
26082.52923030161
35645.10885300828
12525.393469827097
44996.96091472184
41044.75485642848
16051.302460448374
30022.501034388533
15515.783425057767
18542.009944750534
61944.87979001516
37018.778436901426
297.05596576656467
11255.978959111679
25156.396248996713
41497.548409516465
31115.85652644168
9154.465616351168
6480.885435787459
36076.50186458825
28513.70520790527
14375.565620900168
23032.82442466457
20826.801116799994
26400.17272100461
46940.44685776514
36076.50186458828
19461.064146129916
13161.352018838195
31773.145572572692
20093.915014386217
15687.228897304058
13031.960496413927
20988.363473438614
39392.660313023356
18040.59204355527
17135.536611322223
36076.50186458828
31115.856526441705
1529.1409078312709
6480.8854357874625
5151.735486998455
26400.1727210046
16145.280558724025
43138.05330194734
51364.78067219454
29355.25319263438
3245.7751883393894
27273.460624103234
18200.18754878538
37331.249484049826
31116.674042939743
17454.868264550132
24324.01945938381
3245.7751883393857
6901.020488551477
15545.701395633738
25807.115021284557
18023.963762181353
14511.233549512592
19384.74166035582
17711.045712331907
8041.175342238186
17103.88495780319
6049.072496528395
3245.7751883393885
43138.053301947344
47613.341124741084
29355.253192634376
11586.391713630135
17454.868264550147
3488.848772988653
22716.534909562466
5637.725476705586
24654.996681257308
24483.88718615623
18974.52022992926
11174.317660926718
19066.939647719842
949.8473347218875
18717.121162678115
35940.06479317659
24483.88718615625
19066.93964771982
11404.225210627048
14787.57249025107
33795.087736268324
-119.20385564174339
2972.404304005219
6980.62892515568
42013.85821708294
8816.937922480492
18974.52022992925
24483.88718615625
22716.534909562455
37217.54232664018
24654.99668125731
24654.996681257308
18717.121162678108
22716.534909562462
47428.702340086646
19709.500839271597
16411.365257121237
7266.80343063818
24241.90219888745
9414.766980966457
18590.58747004427
16411.365257121255
41850.1218208898
24567.55226015677
34408.128635745205
25293.7563506895
14028.336046576002
47428.702340086646
14499.671550233381
10325.680977046282
6638.215530984122
24567.55226015677
20304.52634583498
28483.06821701833
34625.35462287938
7266.803430638178
34774.168912159555
11572.195482108902
16411.365257121237
26109.691683371173
44034.31928540203
11501.377043403796
27772.685977165922
6275.235553306324
41493.81890162772
20803.31235126096
18066.415428027438
6775.875738627133
39953.770617473965
24568.577185366783
55804.54930602807
16165.351082483981
12800.12270299557
1819.4582218599312
62908.83307052822
20915.932240330905
-7084.928638640654
3413.756862049318
11571.515608864744
20583.63698698895
14084.491761954005
7701.117246642834
32901.7472268315
20803.312351260938
14274.2158887393
22038.494788723285
41493.81890162775
1136.6073156183757
50788.25318087156
55726.50037352691
15121.950652346311
23111.90525471842
51752.06658175009
-6005.56435561021
15117.057945162554
5489.724123873225
28166.748342117513
-7917.575897868892
98482.23927889732
-1495.9399881031622
25608.809050181
1952.060321237806
64984.4506130503
73921.5205767347
15281.843475179701
28616.736620814907
-6472.738694522334
21882.140630827467
20670.722104006887
983.9313962328663
-2295.9127371104096
-6005.56435561025
21598.1316361474
11520.492041142963
51752.066581750216
20980.028933088553
44109.57751817966
-9284.66571176958
9099.75935935429
10826.277049280005
28483.29451020581
48516.25770545913
382.51603739475354
4200.438810910153
39769.41025630325
6087.6743877403715
13740.543446821868
28073.175214939543
12591.24482322285
12426.599315047893
33691.77913638
14424.544621968706
18585.603467391942
-2370.720291469977
-3846.1950195248965
44529.54968638862
28413.298098100615
19235.77566260722
28535.451119857305
48516.25770545914
-7972.2236668209425
-1123.1016399360033
28483.294510205822
10570.647378854392
26717.39758326042
-16799.565610879778
26804.584763911076
-1253.7915032827295
11675.239434556046
5532.303357531893
23145.18302866828
2674.139059389571
33239.49427391456
27260.792398662703
82541.78330234616
14749.945714288313
29427.568113473826
35564.02759243044
48858.751046262034
47000.03991623434
3710.489287291726
17748.712551989825
19807.23233899173
37244.66758107928
-2587.209470686246
18407.504476548205
14897.415629317657
5532.303357531881
42324.77287744774
3730.407535903063
11675.239434556053
62160.642976525094
34336.88854770912
62098.649767968906
21964.128099263235
5314.492888341381
3994.1119208340933
62528.554787448
12226.836027431005
21706.462377560518
27721.09334102107
15940.426812477295
15081.826752750892
63635.00444043775
-1603.589126449647
17731.90302866796
18063.117157065943
37800.52550242459
16738.6326814611
38080.4415399002
79647.92238829061
30261.778558884886
33260.63625972694
16965.317216249256
12226.83602743088
62528.55478744803
-8052.976307594788
-9240.933186589316
3994.1119208340842
3994.111920834088
24873.031086442104
-8052.976307594789
-16254.972530894871
16010.964854008766
28944.658874670415
45732.58327234433
62800.789690710386
1668.8912281105613
38553.38634114164
28944.658874670404
23989.861597153344
8343.719265881473
3000.5907153431863
277.6931717796678
8140.839229078216
-16254.97253089483
10679.231747893486
-686.8487452781497
47244.08279825501
8343.719265881407
38008.47698091194
51945.090928536316
17147.791433318584
45732.58327234428
2808.2827101888624
12390.380244958598
28944.658874670396
-3224.407589126287
23062.139344582298
29309.28555881919
1434.525237392218
31939.887077313204
40686.27830174313
10783.15293506301
61099.10609636682
43470.74061690308
26059.537032016968
14496.992939999218
12409.449477275823
12830.177900328585
13221.44139702784
15390.688404576358
20977.847705241107
25095.850097784612
-10715.573760328578
23493.224238982137
6636.037139959094
-2159.1541517758887
23087.13690223456
21354.815550116316
14720.655576001162
10783.152935063
25698.65914788866
26764.275896907224
40686.27830174313
27823.60614380874
40265.4459864022
2285.6132935624564
93529.76236045141
50726.81964232813
9283.580668440016
1657.2977177150722
17737.319183955555
12702.058757354349
12036.718386347715
44655.67893015422
20778.790748869902
34226.783432070915
4788.674128588708
24541.701300657678
16488.158570313775
10952.721298507302
31900.26094838493
17198.54412861551
6598.744415085774
-7330.4533565737875
1738.0029509773458
2581.4537933632964
9978.442446735606
1657.2977177150758
49633.66996663654
61293.08825484525
9283.580668440052
51822.472098013124
15650.985382239593
25062.66636487004
6833.176038106196
37288.307304305956
21800.30867297598
22537.729969053795
23163.071951439386
11648.024759348495
27089.842232168565
26616.131751381276
19231.620596369572
25631.863757825653
3098.498622786359
20609.87020411453
22243.647951431027
3838.8194546863756
37297.05340928135
11900.41712218087
30517.003803949367
31946.2038030576
11335.988649132632
7001.612059632018
11396.39003635101
22537.729969053806
24658.944925088428
18802.976894790467
21800.308672976007
11395.428564894451
-2948.739749434617
2459.500849110009
67348.41202576495
-33945.96607993008
82427.10114582487
8346.97293926761
25805.205161316917
17587.484209580394
100124.77106743265
-32441.854866901507
24283.948153324363
32252.37365480488
50465.70819359487
-16167.770094661635
18836.46121761678
23112.338328099933
24664.476514937374
-85.5140669948906
41574.60071032442
48837.76408633251
75631.67805987618
-3844.5149486202586
18792.70358015561
8346.972939267383
-15771.569437910824
42313.177563635676
82427.10114582496
15347.976468266694
52376.799896822115
-48075.598403464064
10363.62602409348
26653.034404183687
34664.32061679767
46678.228778520715
27395.92574140093
21854.71479234844
56685.042284698706
35747.33348215631
12323.299649329636
7862.53976698915
6376.689485910987
28262.166647757163
25804.4210597399
9441.370791044115
1901.5653513672278
17721.3914438018
43179.94674815353
20243.663505348006
25117.775646470745
23836.214928894304
27395.92574140093
46678.22877852074
4399.614766954059
22995.655457137218
34664.3206167977
34664.32061679768
17301.39714576708
4399.614766954055
4316.0083686323
45831.32744795333
44737.12225956571
23318.14638797318
11394.66563170481
10900.477121263226
50399.33564187397
44737.122259565745
11855.51240617874
33619.23292709346
316.6488371248909
7935.3861171587505
14180.909155390804
4316.008368632303
25971.68850922456
16970.687821299474
44579.82737047354
33619.23292709347
48414.280141299685
25271.633832904925
4697.682203285196
23318.14638797316
9680.958178625271
30537.870497403146
44737.122259565724
26426.170564688837
16547.47384554291
17389.75250979955
-14690.209947372236
24847.784293592435
49679.669267182864
39093.09754407649
85261.46368705753
16458.23675119896
56092.93938004846
26728.30061741207
36313.53432058477
31281.25220499201
6122.124226481825
-5700.234910629778
-13525.382567405175
-12790.392863087729
10477.489034528035
56582.49055346699
1109.7843767262734
10354.122869657087
47677.1474329724
20470.210375756556
36034.5394731377
39093.097544076496
1290.8997767533142
-18758.474183362483
49679.6692671829
29481.332111616124
4102.07720460975
14417.205352013929
2111.5148571658015
15123.916208074726
17721.0020624735
-6755.493792417679
17322.21375877952
-21249.007770487144
14174.696507333902
22225.86500355978
27835.53600603673
169.57396527352964
-17733.262489945355
3880.174113154671
31302.622681199588
95753.3282909439
28004.005502173753
37726.881346700895
38870.60685528392
-25061.777293474588
34569.778488969336
34982.97020031966
55275.53936503586
-6755.493792417634
49117.663002104804
34685.9367734866
17721.002062473504
61610.90898736306
74154.86751964473
45777.263547487506
59118.72791893445
-91.15433534802287
-15531.136010582935
46010.62576882795
31456.85175610492
33604.860103034545
24100.099591456226
33612.33502037482
74521.49738084352
52474.72547780721
22681.66421789067
-13391.862250281803
64954.480876848225
34502.494133077395
-29255.28834328057
40252.77943758452
-5742.504666763362
62060.650079144856
3192.2895402738072
-17354.73797490963
1170.6828890357174
46010.62576882798
97135.9294016936
13334.264261005806
-15531.136010582926
2030.2090836815187
-9355.934582436934
67929.11485891714
405.7518580308655
31228.92556958313
3009.811066468225
32447.042141964368
20199.744658613345
4350.866273625012
14730.884117543783
6638.7253702738035
-6868.4723119987
55738.44658299626
2873.6066896738685
7581.308459081349
40128.06830316273
26559.658225036394
19827.684621082462
59303.99299954914
40803.32343969841
59871.11561427607
11317.595812840525
7640.745353253456
64803.73009737917
32447.042141964357
56702.640749087586
26485.816157734007
3009.811066468238
7423.302583250648
18202.376593503977
13791.309831237246
39486.95178673915
26440.06091308125
13696.525273289413
40161.80189353878
30402.01298182775
29789.33719284715
38036.05649248658
34815.099679246916
19083.297767953794
22277.439665887756
37283.95048699665
34497.768613208624
1936.9341394881455
13956.47761194803
17453.860051544987
14324.827810537761
30259.442726110297
22385.692364156217
18638.578638047078
23148.83657276253
30402.012981827735
40161.80189353879
17845.885950664757
24967.111136413125
13696.525273289417
13696.525273289417
15410.089918182372
17845.88595066476
50292.394953712435
65535.45903515768
40539.806809907015
6361.858706865894
34407.624563111356
34938.4620141927
44747.40628102286
40539.806809907
31838.713466948004
26204.245294248638
2445.770189539992
14788.2338967901
19089.294356812654
50292.39495371243
18877.672446700828
43440.695566730086
29203.223932211495
26204.245294248623
-19.02818843350451
-14027.141565271457
-2454.925394955392
6361.858706865878
10734.852602508632
33629.99925010808
40539.80680990699
33506.286863976165
8659.75006071815
-8488.372984373149
-88312.59937694852
35838.64709390831
4943.56454981204
66926.57118312598
95437.62229548946
3952.7002583459366
46445.23092292358
-37791.19484194637
-29325.402148079884
62493.07527377077
330.4499715106694
18925.851592544528
27772.63494973933
69283.947530689
70475.03730291573
-19175.29546074917
-22009.237622716915
6064.633206183671
26808.255077391535
46470.85355452846
66810.97766315848
66926.57118312617
-11666.262280299008
14501.432792581023
4943.564549812241
12766.858511300674
-6979.658462109048
3855.7130478004674
40679.267926737564
27108.724034808038
13371.278009349171
3642.1263503087566
9033.472722557794
46323.51536417278
15690.004948552794
56443.939960176096
42714.374422712084
33134.0488901522
44840.912932253326
19500.49385356109
-18173.005832627598
38535.147833496136
1675.6461627240678
31771.05639904901
6494.847556504872
22319.73776599192
42764.41020569451
46463.783427316564
9649.646994480543
3642.1263503087525
29706.382476647384
36174.360908408074
13371.27800934917
9759.696178338443
57217.76376894369
34082.38584686356
5702.163009942345
25236.468016695864
42104.46354352701
39151.15935759688
15198.052252714066
16216.59066940443
41356.19789678929
10420.798794837918
19311.538489230144
-653.1494588688233
1948.882324122939
8198.665622445827
22627.30780101883
-1539.7021715592139
15032.014421509255
8523.187505307993
2686.9611803869902
25478.302879750496
25054.155050428544
21234.660376211355
6951.130789128418
39151.15935759689
-549.0953215081527
6935.126319057848
42104.463543526996
3702.361409169818
30909.76948883289
6706.272118949501
3542.4267150727464
21027.0984926222
41172.093750511136
8225.457405937883
18752.883732646686
22325.58616748732
16765.073218877966
6373.2661052892545
34331.974689951065
14039.815748334326
12967.194855056192
7248.88566453583
17465.23761552979
24647.96502792399
7270.4327349405
16429.13331322218
6042.343877454441
-2968.100726917817
32546.46030023018
28678.375703883936
24631.304547571883
8225.457405937883
11242.968163898335
19699.07959072062
41172.093750511136
4107.586109486701
22414.653023931474
-1499.142624649361
28020.16345106093
21907.077910206193
31321.09300534636
2211.999188686069
18976.40019632033
13466.384002444725
33833.83893457767
1329.1769845496447
2460.6681962373527
22587.487964703472
9614.049834665399
14262.093948625725
32117.87808881502
28495.02745033513
7676.435076090643
17308.4929084404
17281.528014241845
14281.157885040191
17223.52140049992
11145.582762595157
18976.400196320315
2211.9991886860835
34865.44744767237
21364.086747180732
31321.093005346363
31321.09300534637
42806.23878188207
34865.44744767235
40099.701780534655
22140.6955599769
14379.206519704348
16543.725195993095
22392.483253525057
21398.07938203922
30386.423742849074
14379.20651970432
43825.60652902271
22262.970921744833
27537.48384479458
30386.423742849052
21623.573206278117
40099.701780534626
13822.582798194922
5734.638005916804
16543.725195993098
22262.970921744833
-796.3511141812114
14238.583659683842
44947.23716825692
16543.725195993098
22387.913872828205
22140.695559976888
14379.206519704325
27144.304496811103
21352.865662978467
40099.701780534626
10834.868558747768
14608.592034966234
4494.349097964474
34486.44566019738
8985.037781756482
15190.445145474303
27971.486595898717
14178.529272886552
28730.695044344833
19268.56524908979
6559.034574437588
8427.760144521983
22177.5216314316
10392.958044535442
13447.832500628876
16803.327196516097
34486.4456601974
30044.612549322286
34292.11157456318
30548.97377960336
29614.489016265292
34486.445660197394
17362.68432145189
14608.59203496627
4494.349097964459
7157.748598749817
31437.339961004902
10392.958044535448
28368.545254182314
24192.903556660298
38626.93190190972
12184.064549465513
31163.47517755774
22979.212447568796
48795.96871457386
18621.142136052058
26428.126950190213
5678.855100986785
28792.890135015394
19435.646752960547
19771.867958528812
15999.654363340313
16919.702682982348
21337.50514190394
12184.064549465533
2567.5648889158256
18693.254112234987
11858.305250094727
27871.03187622454
12184.064549465531
18649.739799571853
24192.903556660305
38626.93190190972
45823.85827505776
39765.14211438648
15999.654363340313
21336.170793871333
29827.460492103914
18156.470347657927
42400.295318217606
26257.742052935726
29091.94070254879
27474.691635171377
17799.885918208452
4759.709008488018
24626.67726552829
24198.235427072093
25391.195476479934
18457.98148509989
17206.399357448554
28338.84221421354
23571.033043011434
42400.295318217606
25623.38805629113
28029.812773785405
4164.158917348945
30048.263953882415
42400.295318217606
24416.157990092823
29827.460492103914
18156.470347657938
25022.228843630073
8050.752875047649
17206.399357448558
30535.212511024158
28288.49436602385
11436.479433333516
41204.754981801176
29001.20598205967
23526.314595585933
16574.255412410654
22035.87123549984
11616.318441042045
16971.840589295552
17297.364019787223
26740.67288299978
-2550.179953957076
29576.83950399726
23462.038474535413
16246.786105271858
41204.754981801154
27516.062260748986
38669.55244060001
33351.371605573775
43918.38324786913
41204.754981801154
5015.95433948901
28288.494366023828
11436.47943333353
14651.1390410091
3070.1679880470383
29576.839503997242
24394.617422369447
22642.707816112248
23221.3703990084
14281.110691229773
22611.612374942695
18286.268126828294
8017.5160784849495
25722.253775524285
24275.613737909094
21287.545729411446
25147.80575937352
14789.322313013854
12767.276935551527
35149.265073114875
22489.624000613174
25955.65230943143
14281.110691229767
26149.30446219302
25955.65230943143
22685.72801167334
22611.61237494271
14281.110691229767
35149.26507311488
22642.707816112226
23221.370399008396
23221.370399008396
33099.99788270797
35149.26507311488
44556.90421372524
52761.77065945772
7305.429401091489
22667.901685905905
58354.812007260225
27690.137889979378
-2328.810062905566
7305.429401091512
18266.000278532694
21025.494382770732
22667.901685905887
1391.1676758344936
-1311.3233103624154
44556.90421372522
26949.41504108585
34555.46528434189
22148.14742073849
22030.172806746246
34555.46528434187
25161.758982720814
19748.26901275639
24529.982409863787
44556.90421372522
18548.197898233484
18448.33679304211
24598.30782986598
23252.061457692966
13813.22579817961
58693.546628024385
9626.436006333897
3248.6223803291427
39367.7416856396
42632.536103182996
32724.618029777095
30044.643803085888
13067.119146268607
16603.999901893727
41918.4602525699
39367.741685639616
8787.227834919706
-5171.644224161971
15634.13959167135
43280.638501513495
15372.859373437821
56156.946971549485
28852.846298173954
-9302.199399678284
13165.08854726367
13807.437355824368
32000.432616990092
58693.546628024385
80242.29013705936
2750.719750466753
3962.94313309081
7479.41119013085
-1096.2452973980908
54495.90996108261
56120.56058153558
19751.476651254823
15815.580724830823
27836.500169042185
17287.054918434227
2924.073158521453
4204.649927841491
14268.634146901042
39119.939011270246
15815.580724830845
10493.848950185631
8311.880425619593
38854.629351531185
65367.3770496055
16649.745696139707
21651.428220420807
22623.62934990183
39986.23506594708
-5512.688513947483
18809.02265411198
24241.822706436265
54495.909961082565
51377.12332601838
38198.37773263151
3073.1378873003387
-2094.3039845181556
8182.631615118871
28893.808656775902
41155.897437726446
23866.044111198975
37119.86497629142
35163.22599631057
13902.997595256336
18152.662848884233
3290.566981236407
-322.0319632043442
17587.74700804247
37119.864976291436
10705.242473943603
9851.612804406072
2742.703987020571
32880.87902879736
40738.99895052871
13574.616451347372
8512.3451587661
12154.743581503442
10593.565745868205
10935.566700423977
11819.595563985435
28893.80865677588
15475.34083017789
-4893.596151521011
-1106.2215395001713
14080.775780369284
9552.710144059158
3002.0992023428516
57896.69620289857
100378.87254892895
5688.409338744392
17727.478389206604
18795.770370479335
15064.648409554471
15657.675017715621
18275.51882521792
1757.4939405996254
5688.409338744435
99172.02222434482
16015.298301107563
4416.963434898382
22776.918851563
19033.438523679415
9025.58744456428
-377.48006394072854
5439.114703055335
4654.810227220267
25104.530519646498
32966.93378424525
3002.0992023428116
36013.78834493927
49565.445286303024
55383.45387981716
25284.293949849474
13744.543935694128
1662.0719947930138
30034.103386760406
-1061.5582694649988
12849.471963321805
39391.69078140458
20369.498269286138
18006.73029917956
55679.57515231317
5304.399758392191
-2182.1971944317543
12849.471963321785
18006.73029917954
16782.960881619314
26613.094772546458
177.5441462436744
45208.59566926189
31884.882977881512
12673.361953653066
62804.87084251916
24693.043907489053
6770.017052810599
15740.320922570456
1662.0719947930156
16898.97254478141
47753.99559911305
47753.995599113034
39855.90454320554
1662.071994793012
11882.689738229255
66167.73366513712
32729.106046246416
20928.917945729187
22808.131195701706
13278.520197908207
35898.104344697276
32729.106046246383
11545.290256997332
18977.712172398362
11128.702495693524
34826.63928385551
13356.935652444741
11882.689738229286
18152.483497233112
16657.798920718833
13747.144655652002
32131.443214172526
15136.068906948844
15476.720421800357
13735.87846508147
5386.4889919706375
8185.828258362821
22730.574293115023
55588.58156207799
8178.351598295607
12641.954943239238
30153.67021052732
3569.137965314456
22792.556938986556
35866.65749026703
16069.575096769302
5506.350646302169
33355.35767000249
20118.67225879444
19593.704095124525
9800.404291923243
16265.051516992897
-3127.226017962716
35163.96544954866
14327.882135429705
32496.949370385486
1919.0945278653228
46225.71281470225
51546.82505366649
23938.18820493849
7363.813689625681
-5623.085027481919
31128.51100151769
12339.916904513255
25312.789704779058
67918.54966266917
42731.75334287158
72434.05839678233
26922.93774975769
2909.7863986035277
76194.58722228251
-1274.4033302674288
582.070815955003
7058.7188705975195
22018.824940554932
21901.81325605255
15693.364710733269
23115.594817065914
9793.614054882462
30162.144466971364
9189.835386670395
31508.1150780278
20336.67754124575
5340.6998977525045
18161.65164161808
27011.09225751994
7024.139004108258
23409.050075667685
17532.08756360324
4176.823178161258
24936.630803339413
18270.79211256369
23206.89231075556
15950.764251336435
4513.29812066864
33578.97968324614
11458.993527285402
74042.2602068659
14653.169045517854
26574.534084027968
-11647.95102936117
-60568.495326213546
-7473.818081670188
-32867.483807226636
171928.71126965416
49384.41440004889
-43511.44715261118
38420.131666453766
113938.65498487522
-33543.514774941665
81611.35438552056
-51610.61126578854
12115.34847169919
-18650.489771963956
197387.6850355126
28095.80174559087
17547.57340197047
101619.11862801723
64410.5561336528
186052.8179007847
79442.10273695912
107.50319939557747
-32301.197330218187
36647.21238089747
-97793.47844063587
4924.574542426157
85780.10530947651
7112.271116267511
10746.572800697824
17812.467151328605
91297.74629088599
34045.97453273725
44712.598857108766
23407.623558491658
12099.176295971056
10247.456432886805
-9129.632965013201
-14449.343121905249
4545.438280153237
50952.36075877402
-13811.4442253501
9177.686489810047
31361.82151587484
19541.792808164253
28768.297447716326
56343.5970661801
9317.769308956144
33187.573268143446
86309.8793059224
28185.19689806904
14032.391489619511
15938.77547265685
108177.10461500126
-2187.7443441142404
36564.98818907749
13662.199581209337
18870.218759904055
50661.365454537765
58382.585801241046
-3163.0455401719205
41304.50759939905
-3197.2334057312755
6110.752324432046
9822.512014663847
52392.31676653493
15330.013440577612
7543.266581227358
2952.9589731585493
20912.524228501676
12598.954776514905
106798.36946267293
12554.15738971197
4671.58022970365
43074.51691748231
115377.16166301371
696.5513237655923
10473.726258441335
-24233.120241614837
-2920.884011699899
-2920.884011699891
61160.92500246099
10473.726258441357
-17403.762055058625
32366.039701519614
38376.25379213377
66509.73592244329
4474.947107877196
44970.09427882978
-18675.1886017878
38376.2537921338
-10239.18956320373
36607.936536076035
57817.86800807332
76314.73153614465
3372.1061103997217
-17403.762055058633
21776.59334373002
4570.082951762185
56610.56120397254
91027.30674759738
42582.08722380198
-39692.03174635922
3335.9216878221087
-5476.65536764464
49467.81428127468
6192.730387103627
1677.6537814983194
34490.856086967855
42464.20669290152
5044.2522648978265
10971.210519588838
75190.37357059767
70181.93557033585
-641.6455933484885
42186.235318191786
-8041.4034171181875
15410.736167954024
34925.13035326082
32883.61097565791
25314.466700252
6152.793688905143
11616.47128672923
24904.42298222266
467.62584745388574
78019.69861033626
-38473.03300466971
37287.08732789538
14943.25336021886
63110.889403215115
839.0567822888079
29487.37043741492
-22388.076086038396
13375.7391794307
51168.04767119782
12418.3349337963
75087.88524750226
8966.902521491917
80585.9305563762
3596.694859681264
38302.31864754807
48402.048021287774
28735.007452769634
23765.793441489313
4646.256484372556
25195.971619382926
24097.202558613048
19087.05066004121
2141.10845210431
8763.60182843084
24489.24784391513
25889.53530941352
49918.80889427745
23587.941267026166
13978.938539950464
20109.591099672034
38844.618717908794
15101.543659112314
17669.12872000225
-4429.98092150085
17596.002142135334
56151.847961676314
31255.379129379096
49967.70221606319
38869.54245089155
29866.427126955132
32144.94478028631
-27779.72822566696
77524.79514981344
40357.51767968229
132389.27091903155
14219.059498350845
19082.792210221727
13729.638129833053
119599.87534708234
-45835.908501345315
2133.0213353543895
52274.102460835755
124331.70503494749
-28316.132467296702
-7559.223217509004
10186.780502912343
-19516.19373733299
13868.259595948875
46812.991964322384
60892.07943703615
-7154.993410511379
43202.952048869956
51293.45369360018
-42498.707078138534
-67990.07828981706
24991.15697754631
14490.092575224064
42459.28322554219
30008.949662934014
2167.15906420534
-6309.883260333576
24024.750548155942
63225.435776228
37808.14387208999
9945.830639325779
141515.5365990578
70473.15066747855
24831.1103849203
31208.654824738616
-3525.3180157220636
-47635.333718806636
58219.692130048
8183.831882550039
-16335.774151899357
21481.59640391269
-81091.63381412062
-61669.07109405261
-22157.608235336025
60403.7675021479
5648.543386448139
10832.374365351958
-7299.421130103789
26977.431294620597
38246.20747483249
101776.04009018696
186010.44856302944
11638.838646260574
722.1587179222892
1811.4809341826876
23974.943008823335
9858.439853256388
56964.74571416256
42478.66438101201
22293.579301728296
2500.249094032912
26161.036919339003
16139.376562024083
-20601.71482474032
37619.030250640724
26187.407707528677
47353.219439843466
5711.704672448107
8529.687012519777
22990.218110177164
-3931.479943338705
4773.8556102153825
18279.041876691437
50387.016643749805
27981.456060725217
28083.924806952546
24383.120538662748
20978.915455336148
20978.91545533617
27763.091901885913
28083.924806952553
28271.39548706278
-210.99551584509027
1204.4726055047977
7619.498913644865
17380.628955418415
19059.342866074767
13461.630019799972
1204.4726055047686
45895.56182828589
21618.378962687853
14969.653706709423
44291.4715695833
15454.189305592014
28271.395487062768
14006.988108207895
38328.83840589667
8721.572793476602
9381.503840377129
4551.1573985856185
7063.612955377042
17235.083284873694
46357.252276109124
5602.507503134765
2852.958131760375
8873.363262646635
21396.131255303066
41816.92522390816
55847.12157429171
581563.1982205556
-193931.9993886372
-261424.81502223364
62950.15867082516
-47590.97492675658
-82451.7851444095
-19438.470245018812
175573.06964024052
124799.23589239575
-487.235664843389
54475.18298212714
178051.39970898774
-9176.037548617625
-4810.460739970567
55132.35697035846
-63769.06347313575
60949.09774403794
749.521701995594
-24617.097249469585
178996.7764544794
124076.85899454111
62854.3602775157
213489.7410436513
53890.65280064744
8001.500337363444
-136895.34908491097
-62787.10153410239
-205494.86680677033
-7888.525036805726
-37088.73688971089
60933.904285277145
-74694.29623638216
-947.9716369756272
50109.950602502
20630.840459782125
18937.060779241587
-17418.0855317828
22574.537633804866
55222.49789664023
19450.099494832484
-121247.62186252771
133372.51871261527
-6524.653422864663
-5435.758919644369
47055.783532938345
50172.27862798306
-5204.532580236518
63193.96756389814
-83062.89671116948
107198.03338161537
97663.4221491554
55121.525829220554
43720.03799495545
27037.12365170353
91999.81055074181
7371.11371165171
-48387.37617246864
62344.05529401377
-19055.188833671862
18424.36755762298
38895.01180152692
113597.31119359971
22004.457654236463
-52532.55041978776
6610.510870849917
56677.61214634607
30685.78138811326
33487.39584092395
56464.77897874404
12665.25165767289
-16662.695966539497
12133.318001079042
136271.14600352358
-26463.912736995586
57214.075056249036
-51000.40325053151
239991.08465318644
-4618.283036293361
29136.489536445595
-34579.84274899991
35725.67963497858
50914.74315185612
23415.470468147276
4504.751539992783
56177.54591265942
42310.43920652331
5878.445040475619
8943.746979627416
47994.07996576952
19274.653596505053
41934.90467863966
24968.049302028066
17799.0289640156
56542.05412979237
25997.713955916126
3027.181271308272
-5915.160130951773
8455.879515104538
146417.63089755515
28591.90155451527
54055.30036019793
8453.932181296808
24844.912553825157
16536.345327579416
30933.727738041358
33307.93478736839
10172.036427968715
10728.704309629142
17357.679772203595
18539.50222501439
14473.126071600425
18447.416709524983
35121.25592132809
19189.96314958256
34242.32905547534
49394.922395088615
44443.44041725457
53931.28973997358
11486.318368092023
22709.98276320175
7766.727419975475
19592.346662691794
42688.937151061444
10127.629928613316
7272.860528483083
29797.589381962443
22068.910574073
16511.646535563847
11857.037415274266
10880.472123800673
38807.779014170395
-11875.891700992644
36495.36211099323
32767.35832893468
28133.223012176433
57585.93922061811
3902.0024256085626
3902.00242560856
7127.2622867257915
28133.223012176426
7649.903912601526
51919.87295852369
67317.37750449748
39310.65540377655
17997.64569880539
39982.54726989491
45133.84576406
67317.37750449745
31566.308160000146
3255.2015820251836
7395.8447553680135
79900.65155256288
6036.7122168613505
7649.903912601519
17189.056006852832
2211.809504070227
13959.302291720573
14897.786953146271
19481.311732401635
11196.141610717654
25399.25786110267
9590.984948027713
8187.040297514968
21775.060515025707
20635.425222434213
65358.65103812298
11253.907172493557
21898.102543997553
5040.943768975279
30708.022782478045
5740.127497272624
1048.6647709019285
-8993.494958639058
14135.140483203428
14793.33555817448
4798.87543898797
4198.047854008151
13766.931517879451
15253.266377750368
30927.175809253647
26155.257352448938
61987.95066965184
39157.646441654164
39650.62587285155
23193.410326776502
4739.679053019491
6362.729934808726
13856.156766111173
31609.64309826275
68397.02227611245
41849.88481598494
48763.05298211821
18147.38284240212
6298.744782395923
17112.60860986037
-18730.06424864568
149715.39009563258
34255.61928177695
-34887.25014480637
21841.29101754994
-128594.1497573201
-8074.076391818638
55792.2594275138
16281.404455346228
-3195.328872813385
-21735.51153062367
98165.7918400265
-2940.3225183922755
49427.59169376545
-69669.85407346742
124862.52283131475
8349.941349542127
-57042.13524610577
137126.52536050547
-3965.551300200317
86253.83286129864
84842.4954994823
-17201.12450407327
-121686.08916209194
235980.77800656116
3526.6689374711405
26791.319352755298
3089.2347656745246
118001.6436426744
706.0300119470547
50001.124596914175
1106.4939238910868
7562.484565188717
11605.2618729473
51853.88476162809
32070.253218780817
20270.604096343726
21522.721994653417
39084.361756912025
28674.588471480034
52292.044543093
-57055.91953594675
54274.510840559684
11777.5730235694
6882.999402126186
5859.980604786818
5037.440066691135
16317.575876187579
17005.42852458739
14552.244851178059
14481.146422657788
40369.300303685406
15644.87185398239
23221.63409271038
9268.060760294453
15843.570346744704
3533.3959904789426
24817.536303241697
41779.663321726155
52348.66113526049
-8996.13690027237
9689.27654122975
16964.27200365012
7591.775418988301
154881.1141863846
-17492.22046916501
1615.8328309135936
-8533.992274976023
21428.51558984271
54158.65446382641
-6681.060502406318
42552.578602503745
35723.514128432966
-11339.871284896582
-21738.58368028661
8218.963607936534
-6455.265277014409
21194.220878520253
-12546.828303840812
26517.851019790185
45451.62030971721
56995.390678731426
78117.65532407037
42126.534350971924
-51119.491824644865
20498.419987148194
28928.587796022326
3625.916605846359
3602.8451028341065
21163.0655565699
19530.6015930911
28265.21003195265
20257.12054927935
18380.281572205393
25710.242571911986
3025.9461595396137
45891.20953879659
45833.18274637305
25469.120764107436
21532.159199388196
10869.666798151577
-873.5233664692183
53451.72016523327
23801.545278689886
-4821.308237486977
-25807.763891930288
46857.79005824261
-1984.0909580364887
9235.90616009299
30687.696410305114
30687.696410305118
8216.949811851067
-1984.0909580364741
19520.90843072414
17145.762422757893
17123.205488482286
43885.248186316174
33182.07071939549
36297.9445069815
33020.036796476255
17123.20548848234
14976.615822802907
13312.89495856079
24841.96250486051
33020.036796476285
32087.885402461932
19520.908430724132
-9262.644886898162
25635.89323669288
46679.60567435998
17734.853103234924
17754.392719592564
20868.944340771694
45834.19806407133
46679.60567435997
36282.58394116492
27684.66573565842
29965.601468322333
26216.538378629353
23737.008693316006
19520.908430724132
55921.591293964586
19061.316527532734
42803.04148699118
2752.198323023419
45932.388067474756
17651.990633071877
39975.06260374973
-29147.004322809662
39877.09281168013
19047.698567373536
54258.30154540429
59991.39378148589
4916.925625210559
9545.492900005656
29637.329868292203
32271.76826585628
31259.352358518547
47243.76846119203
-1992.0768522292226
-3806.7798701045554
44398.99204635089
31259.352358518547
4711.93916825236
8906.515604891041
-2104.100704964461
29734.173807620315
42676.13984352122
9545.492900005685
25829.6961989575
24495.046864370837
1803.6133219801907
18396.047814484322
-3372.208885377313
29576.848367033042
31661.865514310968
12303.378573485965
24462.794532208944
53582.655501842186
15041.417734661269
48886.706641780445
11880.64337968665
56840.77500170891
12712.02315340061
23933.22232003948
4643.438317155018
21056.50187934598
9464.857453388464
1688.1193038879865
33299.1563254993
4643.438317155018
10247.966343815304
53482.3503627537
-5257.252240567292
17893.815481989273
7478.031596378966
56840.77500170893
13657.027533153989
22920.505044792393
-9689.412943993548
25860.03077894815
22420.23974309131
25364.799511139667
26882.21744121016
-4706.060108998511
9323.053699724733
27120.570887568425
4840.950460135999
-3423.334801878308
22579.328391056624
51320.84222946857
24442.811219562154
-349.48802277328906
40353.614474363465
44652.706528556315
-546.0963725439418
18576.468121534697
24457.37419561678
40353.614474363465
3827.520055082243
9337.267054884793
4524.50834585894
5853.943694877064
27437.119487841766
51320.842229468566
10180.048702361002
24027.693696068935
4377.32328039522
11859.38409903618
11557.083542764563
13521.448487806088
-207.13162201972568
12744.989070549078
36513.42065486369
35279.57421152245
31329.377001743782
10093.543084160821
10510.544350681494
59326.6326352078
25871.63304308509
39466.448501931874
15653.62615284024
29746.799116583676
20778.81490471615
22924.361050154486
36687.98093710061
15653.62615284024
36720.37505845733
15621.629544655905
9320.067062991762
11410.531855703093
49890.63133667595
59326.63263520778
32319.48540661435
28140.66054220902
28299.375592497483
26432.641173183398
12166.698937465622
-6811.391256874594
28345.503837210465
21943.31795562826
22088.074086646437
16393.281260056097
1477.0803066954525
10853.368936790712
38736.5195533813
28521.00276091818
19337.45133974886
24033.06708300515
28452.76609254731
45555.22439445487
24033.06708300515
16923.903936997605
17832.74958097768
28452.766092547306
28521.00276091818
15185.375208759833
24980.610609976568
24980.610609976568
31400.581339747998
28521.00276091818
29467.93508157224
43992.42150040835
15418.18638802932
23900.40469742572
35003.55543249362
19802.857395635336
14407.026041655456
15418.186388029337
11544.63151377262
26604.421584675285
23900.404697425725
5761.610065483907
-727.7636712691217
29467.93508157221
34099.653664037854
34881.75291482981
34415.48907149754
18928.613162523205
34881.75291482982
32619.692546695806
29940.215029754545
27275.98075989403
29467.93508157221
31406.99053258561
39825.60479120906
23916.673652455724
13806.53548608267
39334.465790577335
20667.013106473067
43474.27093975115
10100.006715249421
55598.058754154124
53230.849711495444
32786.03832962178
42090.781990866984
-7102.715183405268
24671.08557367514
29350.537370472823
55598.0587541541
12813.344779362547
5328.289138388761
25828.89113034589
32272.472245359662
26457.21221625737
6434.008399832444
29093.44542222654
26263.04157949356
-5220.88000141906
38107.19108257164
36665.47096418823
20667.013106473085
-14812.74657798717
3470.247361751543
13109.930948775258
1156.8677420324675
16714.51856940849
41892.68441811613
8717.16544038053
9487.196602302341
19866.142834322163
43329.8468528191
26919.211499313053
32657.554020345648
19838.828775736565
25569.659269488795
24446.410145708458
19866.142834322163
30592.537264997583
15638.305630854325
32744.67732089526
7423.308727189304
21977.694020715993
28528.203721005983
13857.406030616617
10146.154545941701
15918.930806827935
45766.61051072708
30760.241492322697
41892.684418116114
16542.53982237753
8753.214165891239
20586.94680629026
23852.06020643729
40808.3968575202
19382.742176471176
45005.15173530989
68745.32957830932
10103.080130653681
17394.439242470064
62942.207080268
41089.179952436185
34534.42471876354
16705.19909760113
12796.868299293952
10103.080130653694
33679.955380464955
3948.5324233659194
9206.405617525072
-29531.358923467826
6995.695290270684
65831.0335729846
33094.80465263003
4044.018245808571
18954.43678473885
14790.725842294201
10306.127459936863
19382.74217647118
46062.968242131086
13039.467179986324
21932.106987199055
12342.313919345448
28380.51637820357
15104.520649885117
6860.08561470484
31386.842035685815
29873.86192061472
8722.802352307704
-6120.492105324649
30844.34818540681
22981.323221261282
15171.041497027745
33266.1924318525
29873.86192061471
29977.30450586546
35802.98774939629
12408.959114005791
24762.76667319629
24159.020589154276
35294.63694130024
14102.145979121138
27969.134839693113
-4192.778823425604
19707.41068760838
14827.412472573807
15104.520649885126
28238.395282896257
14866.934904549667
45146.220041043656
35324.595419708196
18593.936716543096
35535.7170383793
17165.88454694733
5726.191887504904
10002.703581936143
29397.91684222561
21391.042055585174
24941.57270768421
35694.915868258
27710.21170096747
18181.637915302876
10002.703581936144
24941.572707684212
22072.511368135365
24859.67900970971
7185.521191184881
17244.18029930571
15749.394530391457
25552.275375915615
11664.925357308042
26490.5448224549
14547.006817339847
17528.113240773473
35535.71703837928
21836.900977043988
31118.388188926438
31118.388188926438
42193.37391409507
35535.71703837928
22849.7561944171
33465.33329815946
37813.239863446855
14189.486043519311
45815.18607566413
7068.6117897722725
21599.104230637346
37813.23986344689
38613.15313503394
12509.089442364624
-11170.642283436571
3849.440486302932
32404.54982082167
22849.756194417107
14354.343360899888
47880.852341965074
19169.258833550073
-2215.8091984740254
36236.57793265489
43805.91454280941
23024.332915795745
-34370.30258537479
57841.64502545702
37749.59241806887
6056.153426131974
48464.7773038286
13657.906875509521
18546.957369175696
58414.270112894184
19920.89328168906
-3790.7509207223507
67312.99210653511
63598.92126473481
5028.054141036979
43377.537489101116
61562.571997747305
76762.40907745858
17104.094366331832
2432.350085178796
12756.019834309815
4291.026599701025
-4667.86085973733
-1807.7039420565502
24317.299274130673
59225.36591618867
37369.051923988314
17047.436533854096
41601.86484577922
31492.680583396777
17885.437156582047
11556.001900533673
27408.357445575723
569.9927225902762
3725.5991007145017
28737.566267402406
-10512.402099595427
16599.496562183227
18391.80934138973
41343.17410882867
48392.54876560597
17269.298185429634
-7634.611056450933
17068.043219350377
3398.6295832114834
67905.5098592733
25711.045563330743
39332.52396738591
40379.37659346754
16437.75034922336
-1948.1178476920647
-14102.782406090946
-5851.699350893904
60529.65151534615
47677.526599987104
51608.21733498748
17983.581345955263
46524.04883043538
59226.420998802925
25787.787904979778
32464.899779049647
7858.362113996208
-404.0402607039564
-6526.512243883048
-21257.909131458986
5598.4590719947955
7050.730635759239
4038.2898854996943
482.7696842377414
75869.32091975234
59835.55161088792
21923.541132808146
-316.16280527411885
42485.976064727176
7776.764082261789
12271.028293724623
56314.8117601262
39477.25094366497
67246.94147708359
18947.21311228805
-1868.3162274964654
5526.928074927339
21296.27346419273
-542.51607383193
10215.542480300635
37402.781617575216
21228.82108422099
58724.88576331454
132.16542104418977
1505.505706548146
16471.151676956735
23169.366948087234
3687.105114018835
33118.68953729205
14541.78863490984
29193.39359163638
16681.254171834746
46762.1340706237
-12784.719704328816
62672.60944896755
-3213.066170175202
22279.132828621852
35828.93419361864
13361.819200331052
-29914.198111917078
-667.000455600789
6646.6029366139865
58855.47418356266
21267.460772540187
2834.9447198238013
-15320.753783789802
-3990.7283084965006
56537.025550706894
42605.4951573102
91933.10420498028
18106.484725300023
45692.38002545522
27926.764976515275
-26328.95619815918
70280.13306021094
69548.39095035222
46413.79637921152
22964.447685939507
41566.657387501175
28767.919203923295
46716.59842316541
29539.98972211875
14415.746196541495
10962.425213255277
24568.12143308692
12559.956823707478
17728.60318491286
13282.530945880064
25049.052195295044
32586.763416722977
341.0402775103314
25814.60510455561
31593.464422573903
13411.810388740867
29660.297835202888
21678.092706551604
59741.907010709845
2420.965300322856
52084.624614438755
42322.957995426106
14800.871478395366
14800.871478395344
22836.4704870366
52084.62461443877
22641.630554822434
33815.44472252832
40242.11832710229
2562.375890273774
10159.954656923468
29603.751224660904
44692.07052292593
40242.118327102304
32361.41514310452
13153.62022772027
13071.472206752469
29115.96875968577
23439.77422285246
22641.630554822434
5380.734319379365
17193.972201526733
8164.873422914024
25990.460328911333
12736.328534414522
14485.920429509684
19784.237555296433
4682.676521281095
19641.94276499696
4485.463723870983
6821.281297743191
3383.914123791965
7420.070070480258
22551.96362074468
27775.57227237436
80932.98272895481
71661.46958920186
8184.006585040915
19376.822425493418
64460.37740118258
2698.3659244165
-2512.596752619915
30303.737300685945
11088.082816758752
-10884.491309724657
-18366.28611914244
17783.665533617386
55757.03909639558
4854.9419384956645
2096.630584784941
-35634.399080105846
11761.76087240713
54755.00225523965
30508.855295805493
11605.639319405635
20483.814451482674
13498.51018349263
56301.43621484487
69163.84804753437
5769.201416592029
14454.789235357934
27599.002185684683
-66903.18577747008
101183.64909310112
101478.8870509308
-12802.799439269109
28852.02968702012
8066.7058995134375
58621.222914169855
12052.532846857337
-6710.891405056879
8174.710095493942
5288.742743114933
38631.73761069181
47641.14491306403
70271.86966092364
112698.43689929094
27261.571054572174
-6925.295142858084
-4346.805934392454
-5369.560270612323
-3397.625592229091
14478.34930395666
108623.24798620296
21372.97679376015
28023.008685370703
-18637.87906482411
8711.923914361078
-3382.8267300910775
-33441.75604638973
-2946.8020276105626
-2739.1289288801127
10976.537300199623
19224.40587167576
35432.34016050273
23648.120921879665
7101.703565142042
13100.655231497287
22235.964267527135
2577.3448253658776
52769.708731254876
10364.877964973504
3773.9962106347234
16421.54205171779
48578.96269334459
38996.02881521508
-8835.687380062947
40517.79485044756
6111.4511431311585
28780.161994235677
32043.888073654172
-9426.793471742883
3261.6089208443705
-30845.26135560904
5918.026381068251
38206.06123860408
18286.836013927797
-4840.189920533225
17875.45086360782
2903.6644069882022
3601.8856565355827
15919.606487940622
34244.605909208745
8840.801208847486
31538.099429740618
12466.9965635775
65749.82600524483
6887.090981436583
27299.05540948314
3222.68706614984
12873.077868516544
3090.953107406582
26629.923883936728
32673.560594775252
11908.119576313438
-24737.56677775993
34341.73651929903
33372.82243109529
-10607.877245133497
-21515.717775499415
-5957.057452293341
13302.9154506421
27851.448575828814
-1433.6502905297043
49530.01622722818
98171.54390193756
22496.139052628518
10710.394923055217
15525.015446340734
20425.038033156234
43402.71741920588
35916.167155209616
57178.832505299455
45860.794967123955
36043.48816650065
5254.754118900925
25021.651093166638
30216.013379685275
6483.951083233654
16207.070501217351
6187.369707563386
21769.19068589255
-3316.4856859441443
2141.7559646683567
8886.535451913698
27418.603025003595
21002.102888511716
1611.1241921201076
15775.119679413601
36310.837326113055
59659.963403098816
59659.96340309882
38379.360672580464
15775.119679413587
15904.987171030532
-4709.027493487316
-4126.616474239763
35474.695315826044
21842.08167691094
-11822.357976403593
-13893.868494376271
-4126.616474239766
32788.5369006398
58450.023335716214
64175.16670758568
8453.078394656344
72374.49262559727
15904.987171030583
-14657.8058841344
14169.235083841251
103597.21312026819
103773.9555154082
17580.164444104215
14243.15674489699
32074.076553029205
-923.3684328983823
52529.646232751315
34418.83258023666
25879.843304937905
1468.354363288227
-4248.926099159748
10518.544004275598
69348.19487510099
29380.162610651387
4281.473692462837
31963.16606290296
58364.05139374323
28463.785329630035
-22712.0427080438
28845.0334325119
58614.495816908406
12067.548380080963
-1842.1080955786902
15167.852994612458
46995.70791228792
22389.48560299311
23995.430060528724
5040.378144262476
707.8754463818835
17404.046537604856
26449.656805796934
30131.362893078476
18339.578371623997
-4569.888722303008
82643.26037700048
45095.817158778664
37036.25157143781
4715.15877932278
32824.99709643383
1730.1240976886747
-4398.57343787111
4651.594602108278
11112.292093218051
-44138.69361417641
-27789.315809626314
90343.00737182592
78195.91860726234
-76764.97997379958
-40315.30621239196
64669.94993851258
150368.32687467837
96320.02760509672
-45056.94101244129
-4763.964344517477
-4120.275398550993
26207.010100829415
97405.2898057282
-42346.55106356744
10160.846555778522
-32423.010948212446
102401.31202428308
-6356.33876474478
63880.389756108714
56232.3688835345
58624.15454618849
6685.584391911637
77319.31054395033
2869.339845234388
55992.06213229818
61007.807513742584
-27952.48744890136
-7585.901994087826
7495.653411963992
42934.32576307248
7211.072803778001
43522.870520773635
-3305.1126538360104
62478.11867910212
55714.32609184027
26494.444752690775
29772.138262036344
37529.783519150944
12314.305724762013
-20794.462173092597
4047.532969915916
59307.617689321625
20509.0785895069
43932.04498912079
7362.252787216938
36295.98126377313
-5913.686350766626
35694.5111638568
4491.098173517784
10958.894996789597
-24584.45571526957
38993.939857469755
2380.167530800244
33707.40634729966
37417.08483780632
19884.548633436345
14251.36142728373
6513.490925410823
2575.8778957844474
4449.667251114361
2360.277709734854
51499.5276178823
4128.810748589945
1631.0823646014805
-14409.093925775329
31369.901334431164
86265.29752929065
12950.47510511602
17554.956728934747
56014.87042535915
37084.19639700823
6651.564065968659
16940.995223216723
40057.85792930588
18260.032378103093
87500.56110246619
26946.600545169546
13208.246438426293
13062.496225419587
39404.473422999385
10460.19271785317
39997.79376595278
40673.01166513508
27228.776517449773
76872.04904442145
46012.12069958703
8622.555450461412
25368.66666791045
3744.5597499012692
9517.663499482018
26168.69717115205
13858.807313758882
-668.5117032502388
15944.837696950684
341.0437519915024
49001.71460243027
11453.057581684992
9975.404047699656
35837.691348069435
27474.83706681312
37684.46427139695
30513.88250434799
26623.085587621623
36330.33533763577
17406.24558098226
17406.24558098225
-1633.2208198565932
26623.08558762162
32872.912887272425
29146.35947968578
27261.968603172616
2244.3473583571526
13607.656800658024
8028.022443461608
6607.429606885579
27261.96860317259
22836.42528703702
14692.665135056248
-806.7800132983726
11810.089706199831
26874.03201312986
32872.91288727243
26808.56157428094
31499.03835735626
21021.658136118927
40111.38105486562
27236.191658870262
10171.995325642143
13258.844183340305
16669.487067214803
8392.31053519948
21002.840631262985
18152.243888820296
9190.192109541542
19047.53486216918
3880.6699635603754
20935.62663351044
45651.751060183975
41636.15741152656
1281.73037725998
67.1527147927905
7056.70666382767
21138.466600429594
14539.440618064851
31260.96095314836
20797.534821554753
-2866.944926991244
1162.9783595691797
13144.718114398705
11417.968541718277
28141.679426260183
37898.88477953049
3546.7998034200227
19999.29280341039
-5779.806514390298
24745.2374193933
28823.672322634244
7895.2323230424845
16758.975784406284
67338.41432784256
75901.39448223377
34862.40435956241
27827.985828911627
69101.72237174274
250316.82387938598
-1212680.0504144586
-1562793.5003727926
-26098.86258153303
-5163.715382836251
-59333.69312865311
1111786.2538498044
-27195.874779385653
-29769.863448914373
-595037.0697871746
-511286.8567239449
-943316.0349526411
-1088982.0077331641
-1160214.2298182496
300961.5286754337
-387673.48928298894
-422528.13895025064
454471.8900548765
1632077.0414757777
1661474.611664602
120197.29691707439
1530347.4399471073
239606.36437516625
612104.3988669623
181363.8674289541
69930.65082402733
565134.2419571321
1034023.4638766726
-59.10121628471778
34709.87861828571
48434.25374628096
27300.188564605152
15979.190314284384
5833.981629919682
3384.5673122755525
27665.26272058665
41074.20994380087
26262.731392809743
27255.899897080562
15086.685192413672
12146.255594910699
55825.72141216446
16462.1005448697
11015.198847412388
7188.78193920934
12751.266413099635
60662.51910426573
28554.11038868038
27141.876651016762
6127.160062007128
5327.671491661539
568.2126359662507
20500.177744832847
21232.601034093543
15994.47305661527
7330.526117037873
4064.021322436696
30933.628513213655
55168.971415224056
3193.3497789824137
31382.990248484315
6540.559858623801
69753.03701741132
75711.36152263139
-2829.9923266389
14833.160646669821
13857.972754555307
18754.918335329636
2840.91093639019
4383.049823662647
7595.2334674757
37897.96472538794
13694.474862100122
29917.848438336598
55861.00303381251
13455.632360510097
11596.900313282484
-15611.511984690287
15619.116942345901
-1851.1191207021038
105468.41146210583
73991.29279882969
25373.865131934992
5434.518569371854
14770.863123516849
13824.077180154
21076.51977914027
19803.656904276744
18531.19523526059
33523.859371655584
37719.4824381352
8571.897637242793
12324.001633925163
19375.423955638107
19435.72404226437
29296.353113296576
-1171.2621000095778
7488.531894587145
30288.194773189596
37381.9203718069
77457.21897632809
5096.090357573477
18048.183059321545
12982.13937900515
32143.602072790196
38670.658340160815
-3454.0652128384263
29439.278086598697
35658.093837549626
35658.09383754962
4869.093884381897
-3454.0652128384227
41807.621062951046
25266.560251140472
12674.070142268538
3745.912305149869
17436.225386175738
19432.321990464712
24564.54927633679
12674.070142268545
32256.591611528405
23119.189144294192
32657.15102786594
24564.549276336784
23221.678274788203
41807.6210629511
20561.70228481543
10266.992233910802
15230.704529818742
31429.699396658714
12183.58206089545
16674.193631159505
34026.03428929984
15230.704529818742
10210.711729292663
18296.875207617133
22854.88440576605
10559.229456926543
27488.40411103197
41807.62106295109
26935.21173775264
39266.16998416747
-182.34121063121705
44919.140814351456
28454.54899011715
33237.65703752468
40241.81136325845
3010.2313980497634
18008.2575105866
29145.47704215486
-8830.668015539091
-12296.248190428683
60799.986955938184
38180.339487784724
1929.5732264363671
16065.988502365877
14457.86223170997
52385.70571887958
11314.928922259724
4141.437427432262
36421.694353789935
14457.862231709969
65199.33747492512
38255.68029027085
16774.135645765517
25961.510299239864
23299.945235175328
38180.33948778471
16843.004352566357
3857.1073770488147
37183.610892676974
102374.04142766343
21306.507944163706
46139.64784991914
8969.42416377435
9288.915115704198
42185.04893999706
18969.994999227994
30707.39108702505
32070.293230252963
-24048.310716340682
5046.403479970666
33200.405717220056
54039.998978506075
67301.80504730334
-35826.478611148064
7545.103075111995
-4212.773399393613
74461.7690367513
67301.80504730334
32033.174080234305
-2850.898231682193
9975.64005082566
-27764.073166804337
5804.113704582039
5046.403479970599
3096.7541282842963
3943.36215587848
-2144.5505132695903
6610.894062737062
13476.837830554607
28711.212862066954
29658.743189550274
23801.703410210983
31534.084351886286
46097.450582528334
43607.59613676947
46232.11070194214
32722.489456451673
4135.024006968277
13027.432099798478
48047.99915353797
33469.914796877034
21811.558962714174
21753.740815885267
5648.670490470006
11946.890275276646
33469.914796877034
15043.828004162006
6186.532777277567
59787.64529918369
29543.637293435364
33352.7831954157
4135.024006968273
40618.48499654462
29097.14670283519
43895.32475304703
39643.610574643215
38618.861775432604
-571.3765767867187
28567.64661652741
15695.4822366736
33333.252519702946
20184.773581075093
13266.465294459163
20283.742494414066
23590.682663476142
20901.62480558116
17414.035740611722
21060.81905469529
25475.601307514793
10541.865026637894
37068.344419877365
38847.197227741664
39770.27713143347
25475.601307514793
15152.852158755395
20128.02050253975
12663.312305831409
31741.168765332153
25316.14495577124
20901.62480558114
26355.896671372622
17408.695249217984
14814.846223234343
15933.704800584901
21093.255240157006
21816.821591709417
15666.830927305915
26835.050145246856
21973.017323556367
24994.6168364921
36487.503451751705
28123.89012998736
15244.783925222815
20345.66203144692
17957.48707853018
22630.281905159733
34370.837121995595
26445.969213046403
22630.281905159733
19467.39764825353
26260.54907429146
34370.837121995595
20345.66203144692
17453.92239167241
17641.918636372528
17641.918636372528
23823.536210622173
20345.66203144692
16573.052656706608
50889.12246123476
37182.88776305615
16552.253632157608
11356.576449053713
29753.92374566159
28390.55014938667
37182.88776305619
13500.366846797247
22973.06138471159
16552.253632157608
27854.50526700635
-3229.0878743478142
16573.052656706615
24065.770518980622
26174.4607494379
23347.501365049087
29243.428486559926
26174.460749437916
21059.35570865958
14266.1917767176
20915.92513922351
16573.052656706615
21864.58831262469
42178.32748878171
16466.87898990783
15236.39542679935
35741.841221058996
5504.99902754821
2900.722514297362
-39670.62871179004
69863.30406342234
51591.06282820649
23657.051727158967
29980.999040318125
-8841.974088900623
-11672.774125222133
30111.304201561852
69863.30406342231
31505.968467669198
14568.352697246188
7927.512316313758
30417.694020603853
15785.278046098469
49827.836301967836
7496.50553821412
56352.90527154964
9376.003808582791
23279.676817103104
13690.985889880576
5504.9990275482
22682.69771188398
7622.9658090070225
17196.983361096456
14398.468651333216
13013.669904682749
16961.597184239876
9983.258049855678
5803.551153358184
24003.51886060428
-15738.285905830842
60651.19861804836
137016.2210201199
-92222.6420031388
-1.6853219993869508
55110.75588125306
24003.518860604316
-92185.13370896007
23685.452179089123
50932.84200972707
2972.481287511845
30908.985173488436
40216.21835836561
28773.943892473162
-3303.25113632581
7031.5371918781875
78762.35785231486
165898.76689369068
16961.597184239865
61219.05922993721
-48291.51616209654
151418.16964026657
21264.504131474492
-27804.594112712166
34657.113202600856
54064.01762631323
85645.08017523761
-55939.93254146485
2014.5519566307246
90304.48133355462
77162.22949489157
-993.031918398486
1425.7232249920794
-4912.527170531832
-55939.93254146481
40390.779143871885
15441.265564839961
20297.704766497096
-30016.97914527869
775.1967090568227
65112.139610184946
40383.52051353506
-46060.399290546804
1399.9549151810534
43027.91834107566
52306.13096557979
34657.113202600856
80966.63866783722
38594.70525090579
35699.76780455301
28393.99639531145
35676.63838591666
32292.227237617964
46004.97171839435
1547.311206937736
20143.27571869497
15275.29078231832
-266.21216809593795
-3037.6034031781787
728.7154693935322
4935.551189236555
28256.500467759124
20143.275718695
12269.840920706383
8008.868920104722
22527.535156332673
36094.46492043988
26007.511855368084
36831.436146507855
9983.056988786757
27929.709369967786
5922.2011916883275
26425.943516241365
33777.57513230672
32292.22723761799
38728.860928788854
17217.966559939014
10904.291449763186
23532.67907696327
2516.328040631316
39914.77826862339
17449.652539944625
12455.852330262333
17820.515883489243
19983.921754432944
19862.168922066765
28512.522289303968
21982.29546481004
21966.7963377591
46579.17919734068
17820.51588348924
28512.522289303957
19155.56534532337
5978.0446656117265
26054.909267320425
3678.4821071512324
16257.157677919213
20342.64938996172
4227.735231494409
7836.442507004684
24321.994500000266
20652.34309461382
39914.778268623406
43865.41996183429
10124.765481062901
10124.7654810629
21068.51317392432
39914.77826862341
-447.6920671099701
-147.06896738255455
8495.370313711219
83434.9590985316
72518.24162073391
64450.14849266148
37191.87859509856
8495.370313711224
7372.750515772571
-5907.663548640725
45031.64061360616
38539.810737188986
-12373.9560651899
-447.6920671099226
28093.561478584896
29954.312037938373
51431.41512159708
10560.80703914236
13391.521059379364
-13079.33611631391
32983.901176048385
30619.866320526762
18812.488958829308
37472.65662715877
10857.240868242501
47637.33592948932
25100.787492208015
48408.47663029192
-9861.665756976805
33291.47459533906
12096.406931921556
2189.1342959148187
4610.735021814661
47358.529701252744
50555.885609495635
48851.84720694633
7021.9928985590095
8242.696396162657
10274.011309185804
3453.947946007797
13797.403089323396
29637.716693536826
15174.372495201476
37548.103543103316
68098.4405101529
-3993.6028287169293
29590.101675781676
22432.001897403607
65903.3313044181
111310.81998553738
8694.78884486061
27688.9065153695
7983.486135531659
-2806.6999439435303
1256.447258160173
8978.508952056645
17719.797321070924
21866.063939388725
52823.3165214617
38654.399075012014
10370.849590235577
-3403.50371515006
-5926.961233051861
51628.122856021684
17404.946724743186
17529.934541693114
64392.67613209625
20021.542239895905
9891.577993017258
-390.67576187489425
20005.937967775306
51914.524123666946
50298.02381700235
44464.95671270816
44853.54497057407
28703.758045887116
16386.343806776993
11499.51399042208
4317.642592792163
10529.052565663813
53.498046392775905
20324.548158753914
7616.4869363044545
8609.124538827538
30097.86960526864
24118.599970153737
707.5851049696886
21918.298295730998
56603.06904005232
16969.822097327527
-2740.1080055011184
100457.88877294041
28197.392922787887
1522.2112130351588
23986.505397045847
81084.05987282083
41412.52834917028
29109.05388252415
12087.465575810895
-3169.618668947324
-3190.252865604982
3635.08804354498
27299.858497743742
-29507.099668181425
1648.6149119265583
-33481.37805149624
38427.374769430215
15647.92408107495
119199.49474774723
18373.293987370726
44821.802681642876
17604.49187177608
47223.03036637918
23824.638357131058
7842.237675942655
-6716.530837261943
21225.557253259776
2874.337843881806
9760.923616478818
25159.84987029277
29643.949947193672
45829.9002607948
12626.426682266274
1156.6183631549668
8892.062968290906
65012.05258413737
33205.75095200019
30744.102912269653
17623.508571801245
33175.79973246756
29647.371644975043
45044.57207907492
7576.8441518502805
28860.905004412976
12528.900845527176
9221.934008696673
5752.13328566012
-2856.648063714999
30724.937940590065
5056.0371542235835
5323.21539907069
12309.8882054953
1529.0948441645032
-10556.612613304964
16778.627927328096
16364.02227868474
4321.239413327071
28634.097061355456
13741.436408618463
38214.41731719674
9736.378600827748
2851.5762347817276
45673.88958079422
3783.069036379226
13201.22316450625
8541.598479818791
3548.4369346754843
59510.56835192096
10003.189294173913
4676.184768274896
17640.677544221933
3666.003949445465
48647.48841521467
33964.27585982077
27120.447323983713
27120.447323983695
44313.41587705822
48647.48841521466
-11888.68003045965
40138.583882486855
35871.98807012305
14178.352618402409
11557.810436135842
16822.078133006613
45804.13564951831
35871.98807012311
28533.77205093806
-11908.005715017258
42669.350336561685
25857.89815373044
17492.362271230297
-11888.680030459604
4588.932490845642
53428.213940549125
17772.716279332526
8613.581131856652
19545.492695773304
1351.4294823990604
62428.49213575066
39396.282521305206
17995.105443133692
14586.470953453532
-1272.4822595873757
13799.061909507893
17802.729118169576
-236.41368443630745
-81110.09076437712
65763.75847977534
5574.669748464901
-101431.41716765749
43549.50081704314
-54735.47105383196
-141734.01879616355
250577.8994163161
66255.7896033352
148794.5280939469
47013.24208508346
-27122.805835231433
-48749.56203011399
12575.84598178503
-94921.12945211149
349802.6393100694
232575.1287498532
-58455.22667338612
-240668.00097342065
83294.04106068636
67061.92827885786
-165227.8566948268
569.6325075810728
52041.15936167706
100141.78557927458
56420.64506643329
128945.36223035437
19186.044470660752
68382.96460841737
7488.238058437972
4554.174413751602
19717.451944422435
35606.05837708741
1847.5374982087408
6013.142553687412
8567.0073869957
34363.079740629284
17271.3243412539
39746.54330458962
11031.540915419608
16935.9630551751
42944.170902577214
12280.212510479225
30853.081542530595
43824.30498468716
28819.85211604825
33256.26663597672
606.3777148502959
28913.89288731792
9153.550217526265
-7800.451146180461
23435.15915013791
1231.8253581761585
21772.544532666016
57105.55348081518
3972.460626520865
148532.57794678112
28142.601918545894
22662.490631453962
18884.513849671195
67312.82364106055
-27736.589229820012
36635.18683134174
25453.7895657357
77274.78497989006
29474.893111905814
24718.095651765234
12785.919789683892
2842.936347229829
-3470.1672326894145
17342.057323336867
-8155.268219104928
62264.30246776254
14223.105536408308
20811.288984738057
123199.44054005443
62103.040110018585
1098.3534257538174
-5046.317448866012
2366.8163815937805
12535.343629475172
13396.141397668638
-56027.01393508945
102080.59216219539
69127.22436562648
17423.193688920837
47749.14781579197
2225.2510539806576
22753.74056851572
28546.663971566773
-46583.565947153256
-5368.863797610389
-2556.9979506749783
37479.62749015939
18384.320798033856
-6479.521049122609
19911.12326477287
79918.83474657813
45896.94965834193
69275.54139194913
-9882.216140291937
21729.027652460223
22566.740145018135
-21069.412389900903
75104.05521560696
19089.734499459817
-57675.518971633166
-1709.3858905512448
1102.1369648973778
27859.577980450154
-2477.6767085944707
18466.54319557398
-33333.015964102415
47276.88318939564
12560.382485946417
-9716.791151048157
6625.080715258569
10552.551972205883
10936.84167851317
798.740537958658
3588.8759959557074
2920.7051467694737
37659.42043293296
33015.39547972288
24042.7382710769
28086.057569461063
24973.838862938155
-22619.57454792983
-22858.82103207976
14412.868072153693
22659.592685102645
28157.32982366073
16839.630327994313
38292.676160467774
42214.440479792145
25977.529532520413
28308.23226080724
28308.232260807243
23506.100000851104
42214.440479792196
48279.797258440354
38857.08743238836
1281.5657645473148
22324.055017345407
61340.31471957851
45779.07966398605
6570.372579851333
1281.565764547303
33480.70277774537
22737.789788715854
12427.432252065539
6987.195106976581
15389.238700704771
48279.79725844033
1256.8922400741192
16829.47618927487
40818.69077087593
36136.856590342635
24876.399051144315
16413.169588764613
29545.776044882976
7431.434466913633
30923.9431544827
31793.018798027795
9304.086425895905
1972.5468684555626
12283.387920803207
1846.0203305571567
65045.38541092505
11664.897598188982
30575.435573176463
19138.43700094576
38495.633740449026
-2714.9980606316094
12983.894334162893
15012.81868285947
11969.107973438562
25985.59151582343
13496.2352484401
-5209.21593678945
29807.270249493777
-12006.908340081018
19115.845074499513
36782.58842043628
13505.014552616945
572.4907443760324
8289.714490815142
10670.416282523485
2997.994852024334
25951.113681172053
43167.45121261837
3031.0947685646315
5558.320141302038
2226.0197525789054
95329.25488273265
58208.147747289106
61128.961821182
21414.936257290276
36598.56124585685
14914.825539689458
26989.12636353419
21263.316534649475
45125.582400976455
3208.303971100686
12287.209675266657
44926.60987005154
3282.2796868756736
33291.55625227458
-4597.261172660441
39522.95741990417
-2005.6994631072364
-7001.601445563135
36731.632208012394
49859.40961864128
26086.99409302961
9124.992502360601
-2045.8090255273305
-9305.168387598536
3563.2639932448683
8127.4651297117025
9840.634541620131
765.2573468749556
3712.662050884818
53354.995533364694
9053.686572295144
30332.70396090651
41678.289558715864
9741.073839144274
10013.933633914512
32436.19181406585
30751.57708722368
6339.457433226237
-24221.119461709626
-3920.8612859722425
5512.5219017027175
31566.592474056386
2900.8568449317468
23638.77133037958
39986.55926175833
19700.101590283994
11996.706293898584
57352.61346611939
10361.06812097564
-10914.669358445537
17586.78395016302
15101.166423940484
2334.223045100875
114353.82582335194
15971.649026368847
7779.007433797364
17421.19949710011
94102.49063619605
-9169.709802703203
17562.535081054884
17202.450212700704
-5537.121145388529
-23074.36332852115
7402.064257445061
103706.57133284249
-9596.186925791319
1836.5800046115116
89405.07488424277
79990.38236188354
16913.166554636122
37960.65927231153
5132.225920312275
33187.71184062436
1568.5713573927112
3391.666773394831
50512.98355588023
17243.719634556324
-814.8827229287635
13676.532582993179
61433.46286870948
-5988.442571653291
15739.487291331212
-26811.874331950046
3286.8433667324052
31131.416807722053
31157.158423106754
25639.41920671274
-15967.69061298469
12455.6135514016
9906.576891385885
20800.821130912558
29541.458350262663
10632.790053994207
29770.435290587022
22182.508116304747
17942.839192409454
-25948.641673313225
17910.061982512776
9938.120902759609
-43050.04255236905
3267.3731213037745
13058.711977012643
9141.512214565932
24784.300238878663
32945.59108231841
43771.99819003574
75053.83968515646
17246.97710721682
92897.10715208542
56700.90899112284
18056.768400187888
18056.76840018788
51018.87856770336
92897.10715208546
16112.455817916387
20952.323845358056
38381.73125365787
20878.628076705452
41314.87896303975
13190.881357234666
30525.89272439894
38381.73125365786
43579.609964588526
5054.654760731697
15254.244397871726
54925.88976438073
9259.974953334362
16112.45581791638
5593.339363318996
13536.904380481625
16867.724142957984
17001.098609756333
12699.726936703611
25658.036586925537
48047.33604497684
24317.499203942374
9476.766962283273
-5592.644621876909
3532.3480922211706
38270.349993279335
33842.26962294135
30982.667003334427
-5430.997468126731
-35776.83816357677
29564.077488431576
10415.652512076784
31589.079893586066
27354.31170568734
33267.86420942699
14825.18348994726
30622.98657546337
18002.17162399802
16434.859316587004
11235.226571540628
44766.513159038615
54716.251192784985
-2214.4947893001163
41788.15137288138
19165.05113386504
28084.777071349403
-15542.050750996863
37423.77351848065
44754.06923719817
70650.67779661217
34765.306186747235
3141.3397600546527
2133.5489835216836
19851.511710171577
40617.35549946662
-14702.123368039322
19568.3547237214
-17427.46976660299
12667.999071037086
-490.26619535151787
42906.03241005422
27822.4996863277
5560.597073588482
13585.849297604875
13396.831232593275
31884.423565912664
60405.099239483294
5592.466057440372
11750.291048548675
-27853.861152022284
9073.16191221957
33578.400785672195
7785.209362965701
25835.29950760187
37044.88363386745
-6489.353718031732
2637.7586872229463
-2767.664934931945
58568.74900894929
92571.37048596349
23894.795490433895
25189.084494930554
31892.726640686426
11656.10651481451
21232.574615788886
22481.46548740541
78923.44003923096
21766.801756419485
10867.311138537976
9377.554644337764
27984.197385360483
61122.807087715126
22651.09255237245
43354.173955020255
24037.914610228185
18876.87263529136
73251.02378087734
6233.3441554799165
16633.772782033473
-251.01123875223408
4467.605910689666
30736.114312080856
36516.37449406515
-5264.364044227299
23197.5462039939
7024.91467735052
21109.896200499352
32677.46034952686
73902.29806136459
7645.374658441287
27125.074149024236
28299.733504614713
19983.275108245096
20889.11828485535
106157.69574947486
3243.0506589742545
25365.39254308519
18341.137880326572
6085.519695291004
7871.142796542696
68270.19844190136
4525.124537801912
-9085.422011261762
18946.406366771702
-20529.676880725314
12461.647823611482
21885.297471688322
7625.705180524116
36200.52323429182
10363.30315342149
56592.74562545364
-10621.882847615207
57256.72746321904
12603.185244424756
25973.353879650407
60249.80264711202
65089.17306115806
70428.66489034636
15466.156536958068
14551.53228813201
6867.2505883815265
24220.440920897236
21681.389898633734
34067.32717713315
28414.541191149714
18974.31292271601
12796.48403947457
38890.287506100736
28958.54002413082
21330.066661065328
30782.610815085958
1003.975119646259
-18636.03691779014
27829.580522128625
46883.59028834198
37526.57519133527
3732.0581094163686
8959.667518774288
74990.99244263493
14815.70434744951
31398.949708523774
26188.18716049652
14371.21972403341
27488.05377988168
45710.078379419094
45710.07837941911
16963.42416727657
14371.219724033406
7027.6784624705
28483.647737165084
39606.552707486124
37646.1191542601
18174.453933802313
29027.58819918541
27557.817268452814
39606.55270748612
15231.301644583707
14925.339910599296
25536.004051669617
27557.817268452807
22071.561602653117
7027.678462470492
-1023.413883123696
34653.73800569134
29357.03061310241
9937.375776467348
33017.357637657246
22188.41620119624
38901.36038479324
29357.03061310241
30977.61384444071
28327.993131212286
33053.211294683286
34036.82235272914
14654.667685971694
7027.678462470494
30756.41105131909
16810.499197060024
19625.954697611476
45788.3294298811
13438.479051024922
36358.24860622842
57092.46757681812
40177.490305105785
34958.48249856295
32332.92748840004
34151.594361389325
42632.071609856604
-1660.6688757744087
8948.31109480985
9460.898129499621
9200.252163693243
42270.691360018594
6645.801074455343
20178.27248479342
17205.253961860097
48765.307220167386
42270.691360018594
10289.730222875212
29956.540971373302
46627.78784997169
13421.293197825074
20006.489344795624
8948.311094809867
7654.903382709987
2720.4454966820485
20323.540630361887
4347.7505923347735
2222.1028711592635
24751.850741285944
16304.340305785694
5415.9488690722155
36814.960244380876
1032.8269268752065
19872.8909336129
31647.94704522675
1322.581332222932
21390.850781540572
15347.047360760856
11686.379416049234
31395.522210975843
6535.382731210619
27768.303065892076
36008.75291067474
51165.03609020007
31395.522210975843
2086.4099450611984
28814.32970388059
1798.3972419305805
11870.108074510585
14925.272986064976
21390.850781540572
9284.447364282278
45974.1037414231
19239.29535609438
28928.57661111636
25473.353525118633
9711.774141999405
16140.29482021905
28274.71355288383
7063.409677171833
22595.563003755848
16783.621094443784
19864.298291287316
14998.746868109427
40509.462314896584
47548.17186685431
38334.28164608408
14609.99392685304
43845.75075222169
23431.67412917365
-7284.608027737297
22763.073604464727
14609.99392685304
36344.78838932231
45753.90060151281
13609.00523144819
31247.397235812292
6073.8541474866215
40509.46231489659
25495.829939328247
18351.086432941484
16981.748623716572
6404.973440901851
33614.38547915942
65044.909901671366
10788.99139451846
38244.30846817253
30667.852117045575
35118.71292790738
36454.16460598155
29874.56811667616
-20910.58929575599
40062.670019101824
28393.14976765331
31504.539931321066
17846.0163073269
13608.172734411586
23862.54941466282
10740.348485601837
35203.135584406766
17846.0163073269
56660.87325543858
47696.89393207096
33310.80092617347
28063.161385850115
19552.00695900904
40062.67001910183
31111.86758023315
25863.76340555832
16204.964020856505
40664.16360474467
20530.763947226533
5434.358544797799
34286.266453666605
23637.910054363212
15400.684869177747
20501.50544962226
22411.16084553632
20452.266815209186
28967.182574895578
15433.98326043368
19955.0265164623
22706.678633335574
41813.36356920414
47029.68449479795
22706.678633335574
19186.869383205085
16576.052397131127
41813.36356920414
15433.98326043368
19291.8041538574
12126.885967481536
12126.885967481536
7181.212231118008
15433.983260433688
10534.39253439912
18309.55199617464
59688.812672489585
-30223.51562327848
-23121.31997952154
7727.569906899872
51377.201301989175
59688.81267248951
39635.70306961757
-6651.629155210348
-30223.515623278457
35862.095610021854
52849.53448715233
10534.392534399116
11889.099180807792
8455.36269823105
35899.55349859787
45288.800770137044
8455.362698230989
1008.0585267167853
19967.78711467313
46120.956201433044
10534.392534399105
22087.026645316004
48255.52893709213
28511.388670362354
25055.642142618
17445.872237629745
11472.88267254986
8942.104215153697
-19665.66910796257
46074.22145647653
25534.74805131789
7792.491426828099
-24531.64006284598
-12751.098108986036
-2060.380746782062
12883.897185744549
46074.22145647652
36057.31918390019
-22720.870054334053
19047.003079522234
13105.85203946345
29375.398298808243
70058.10316564364
22611.996333188767
34456.18602335461
37211.77540080152
47272.91048611997
48789.63273287999
11472.882672549857
21281.695636438613
42805.21996971863
-599.5788435215893
31133.271355700235
10127.406515742847
34335.190218415686
49084.08761674218
12726.493152471203
25144.013562751636
18982.478309834005
55952.09759741599
59504.97373332658
10749.845182430898
-4582.3578330763885
43300.931279222736
25144.013562751607
54616.57262634452
16948.05751221348
28013.251202241612
625.6204276343732
8598.880944483039
30562.38491645072
30487.604726198435
13768.938602132876
5223.760223133564
4842.170295439415
29132.473431173188
34335.190218415664
34705.911054600845
-4961.569228747153
4144.081824287984
16132.86267664938
34312.42965743218
7554.69179604068
27773.760312378814
62800.27137912872
12393.160530871908
11500.229137344426
-54297.56598115932
45593.79874616334
20281.729087916152
58777.885080239466
4447.130336286839
12393.16053087193
55629.698100336216
50380.43435365457
6955.448504224515
72520.69215775654
9620.425091271007
20412.719484094665
8225.307463881205
33026.760941313834
-30346.130307399024
46911.48358048508
36433.004262875365
7554.691796040683
47332.04048051925
26703.16925903006
57920.685766263
33126.98646944988
33264.47566404287
-5052.235933999435
-16731.75887722826
3459.125198879207
48250.54537399761
47134.59467017572
48889.11879882613
35954.16317903225
-4057.6465876969505
4207.873390610408
69048.14459544832
48250.545373997586
53371.6480943462
-10885.504936164209
-2687.717192633899
7487.412968304857
46343.8089659546
1350.1281847618438
18205.05624459772
78132.286640269
-2623.8898100339134
15077.23153530257
47853.16144576702
-5052.235933999426
3971.6512485886997
15926.191103426194
30907.203820806037
42014.565131497264
3406.1199502254176
10175.601804088441
32594.42394356824
44130.456461331116
25272.036132122033
27214.134527585895
40551.02636900575
35099.79672214715
36786.60084662228
14449.759486308058
9312.671483043578
25272.03613212207
35099.796722147155
31038.0854002175
34721.7092319206
3330.872854776433
27182.67539418453
40447.54294226648
17523.476019944785
25535.47907006057
2376.2417671753974
30016.370396192728
32204.85627923968
10175.601804088452
40834.68600476977
42832.55531025634
42832.555310256335
11409.226798894579
10175.601804088448
34725.48175531135
52961.47523138863
1221.2948189517647
35064.437662017
21324.726878124064
21317.547878058922
-8965.72111735494
1221.2948189517506
20374.826192216464
67474.83495012818
30059.914411835667
16475.09989095595
46913.47841070632
34725.48175531133
9888.474607182989
14100.866167378057
74345.60380898851
63925.03658937465
11598.503760892476
300.7108267265721
42172.11148332856
12950.439695695
57365.3371523487
25575.141441190215
10350.172345045985
10257.65560522631
10125.603906038443
14477.457567532216
89547.89818766866
19214.421814773094
5906.334847992066
3387.441146295067
38484.29970022018
37250.597101436964
9528.111997898523
18130.691541819306
22369.23715444451
-666.6337611853301
7143.518649640542
28981.32063866014
4504.662160420014
24089.65151787617
82509.5612039568
5145.627420659474
12071.248471401952
48380.26189698505
16231.340420639941
8048.735286318826
42247.22987195994
52241.82338383255
35358.77647636889
44330.00768553451
3705.1583082361094
6858.859301115914
2118.561238788254
10228.747864804882
-90432.56781676225
-9524.540109406356
2747.6264986199494
77973.7607556072
14501.25815605651
28570.402315589552
5580.40720840274
-4632.758050240689
-5276.9656587899135
17815.72276219027
550.6951961366947
-1579.370679999759
22723.5344347216
8584.622478335246
35991.325528530855
56260.274431824946
1286.5513582575657
10434.671793434845
67758.87193999326
-50063.75048371627
48094.83228987796
48653.30497826621
81544.75336942301
110223.23564999341
113713.82688779208
14209.911338304346
53782.68557856339
4300.498889872483
-5267.371540105282
24599.663312284625
57173.420603568076
-785.0450141367377
-16159.667039910804
-7959.7730553866695
-17790.222734412735
2870.055703203497
54360.67102613194
80333.26567981116
30344.592209745228
64388.80414457306
32163.905665446946
-2056.521317176863
16906.778467368284
49813.96644658734
18285.730870058902
22103.22064465166
39220.88759418075
5439.323307970488
18750.868828047172
8031.956186629523
16064.731542573278
68709.61053736882
79747.73652786319
11072.747288611823
61286.03690020097
14562.880335413383
-26426.57094076232
6750.478599633265
122519.08363677963
6797.919299695368
-30718.80641318754
8952.799959533577
28824.251212386283
4965.560641654506
2171.3814736525023
-5544.193924235216
13682.77571187791
6257.504394764098
1914.071110952842
-1011.0316011505962
67700.80740211622
33304.97326919745
11793.388247757419
2478.399896461888
107650.96757253363
48872.626562034915
43900.97623781969
38055.95612701569
-24946.073830973255
37892.536135483446
2881.3993880325975
18117.770327204733
40660.98794497579
21512.642349037556
11703.6227625799
25379.938890602833
30763.75715222131
71269.1912088612
26264.7727700604
25097.86962993034
40710.77909428203
68213.92983227312
25721.833816136525
8121.866698861522
53016.82331694253
31931.54069495625
4700.2450734393005
17123.74430306799
8301.844101135368
46047.62583560461
32005.29251230064
10154.164808229805
43252.378925598015
30496.45059533019
-7424.467368384114
16992.024544913613
552.1837689652893
20368.513973319554
30003.61373927024
30003.613739270237
22296.042408207788
552.1837689652893
15235.044267762827
3923.8200265708074
33256.034107723644
8671.881210979313
19156.829501899927
833.1850992143218
15932.39642193475
33256.03410772363
38069.602233721635
20460.265915277767
55396.25689343014
21637.14286773249
19092.994177827804
15235.044267762887
18889.749376684584
39221.879721950296
9907.017032151689
32953.4482149364
36673.23470204457
28421.466621603548
21450.998743901768
18633.99760742782
4559.141840710557
4952.915060281242
10698.673398231364
25500.019889030777
24746.826538404654
14266.525868397766
24668.364356282284
50513.181582391015
20894.407220531488
-31038.834251358985
21107.84923019082
28086.857449169496
61363.23449717324
8611.641258622009
38284.367650126165
54488.212870404815
9451.418855307827
-19256.740452345966
13783.590915493942
49391.8635602643
-23555.95322294875
38472.73720357123
10853.852441514688
60270.53816192459
6552.901351469741
-6269.208149090366
33759.778611421716
-6768.044870987011
80431.1687405921
55795.4393181182
80282.19491336228
62319.11242623712
40948.5444241574
6838.316191599271
-3413.8813893926153
28224.016824376973
11518.65159166225
78186.8872629187
-23635.98558751151
-2876.3474860747183
24800.402330490368
1969.643367085109
24952.320975995364
18170.386788683718
1952.987601786491
9738.481293449466
-8820.432228654414
-4398.94858235504
136115.55548731823
2853.0918620780462
43248.32868892479
25716.846227979157
38483.41903559943
14921.083447399888
30935.870434215023
57717.325537317665
8186.134895935023
73563.49733266853
15308.257136695527
-1334.2796991980413
2860.9007830756564
70903.13772862517
4716.434187228181
28795.689737617584
24444.724323866798
19547.818329001555
27464.799276837683
31316.72500383531
1822.6862883842678
49649.90650339435
31331.73730126955
46658.230763104984
53078.26418472916
24818.328593891074
13645.549462337069
14702.091056420564
30469.175209193316
49990.41500283267
4006.0027531790447
45236.96780140228
33214.28124992465
7061.980061868613
34172.86476140218
26264.735467313043
21734.982603337285
16772.73466168596
22004.642548125714
24387.226538580613
7849.025868807851
16458.030509359498
68947.17544517777
-5079.582068760177
8264.744081426501
-3927.145543919417
38775.89922360248
5815.912007214055
58493.79585770274
81341.81785157454
78385.06060943416
75710.5305713852
5494.765655727286
72576.82689636007
-31474.40374237824
-24251.42581086487
-75021.23432043665
18798.516830027467
21124.84683214815
81506.86661875286
139545.20376904323
21110.98037021521
-40164.57099817657
39329.69308866055
74864.65328298777
27540.107956404663
35576.90199876035
115223.1157540647
-58311.75605333303
43884.8515269185
11682.548779047027
17030.27180900637
2969.5424880327746
28541.02188201158
4941.0288828456005
906.6982794852457
49222.190968676055
23106.266951301663
4163.894900325519
5342.602846288095
12188.048323519573
40518.750466071055
24025.376480671264
6050.681447816111
9762.543989894668
27565.462890883602
56208.662712527024
-5430.975207011501
31889.086776619766
32426.09129358276
30348.602371728193
49092.07637027103
-2726.4643148121186
13457.316174216638
53224.110500401606
53224.1105004016
37498.148870249046
-2726.4643148121213
1942.3476774622486
18739.62674781363
45951.661483934746
29635.98344560786
-8074.643062727378
5714.491813640934
22585.655849877934
45951.66148393475
42249.038472982706
4075.185749661306
7930.273016228517
41864.747699813204
10021.935103216772
1942.347677462252
14270.23339117888
49394.234906198006
56290.85963525894
11157.263776907103
52485.978617300214
26886.598234080557
21500.019988537613
50321.654092126686
8302.193743530373
22448.661501105697
47941.58794308938
19903.45704341374
12194.071485947821
11180.32731249199
-9671.655797375026
50182.80147789222
82164.33813894825
6267.898006489562
36723.47568193162
15848.901414584463
48369.80015852391
35190.07765003078
67611.90878299314
-106.68207479171865
28187.652491826208
32209.561092120075
-11329.71674721613
6958.112517171231
38617.55886585993
12537.58175368198
11732.58435243295
-22096.175887942583
-4191.531302256018
18614.92638697032
27302.96284245237
3438.195008917761
36025.93254267271
41442.524984245174
-8743.466839114091
83242.31354880128
19408.180108167864
-3752.1600191469643
4797.626112076067
1418.6880919444666
3562.461739148631
14268.341222865109
5064.909885050469
8428.72467032421
40317.38033434517
17739.070203979914
16276.708975029262
15437.815232909885
26853.289307079558
27958.16334311329
28196.53354818724
8169.725585813945
41974.427558436444
44465.966191070926
5971.582368689768
7855.412873520168
24440.78581679836
9673.112515504094
23110.948434102196
22776.362631251177
35546.68946672919
16410.63235816269
4295.634845003494
43497.082932850084
20619.695254265167
8973.042327324192
778.7143458487628
10871.16760054
4374.657893262643
76827.4032843482
33106.219979211215
25185.242219134023
55580.71731887217
11427.51742094711
-12448.548430817424
18217.15070336004
30077.463253851452
49241.770297782685
34388.06555015241
7309.06738804473
98.01138346830953
4370.893556542954
25484.832168410583
23522.618025046497
33011.46245846795
12290.142330145092
56102.5104127024
74820.23700658983
18989.34532613417
39284.57741332726
41858.45942288502
27125.428728803767
2221.819569610205
7604.72788598425
83562.15078760718
-592.6412394481686
41335.501257039534
161122.5799054078
176034.90854602485
-147464.36186937863
185218.6000333595
-19744.181984262606
73663.98923130399
-12843.997732940594
135760.8666535707
75702.11331670449
-117705.44255827783
42334.77060606823
-22330.234601766115
34006.894107857646
42812.284260153894
-30645.572452614007
11817.385290291912
32139.757509219467
-148484.46396658805
-6939.614312120102
-32016.10100409605
88780.73929099145
21296.237156681822
-4650.559775147085
25630.453519918334
-38377.0254394603
20202.896998463446
6661.7795619129465
56336.2425984038
16064.441667739406
46146.521597322775
9831.134015920132
20011.971779659878
41387.488376750116
52431.157785286756
15284.557470561143
-18561.767150220898
31798.142880459127
3293.79213849612
16117.221432173712
-2421.1982482929157
18587.65290030014
4715.9743867312845
28978.42948195203
-326.13272857540915
53292.53900573173
10332.45796862848
12562.410594258827
42491.85142445354
-8380.602313310988
50158.53380839868
50158.533808398664
67746.87199143383
42491.851424453555
8625.43603481239
-6795.5389563040735
22475.990264266387
42756.41524714667
16380.528305051885
21950.85340653305
50009.00794610936
22475.99026426644
3621.0592414898756
25772.92264402795
83016.36408858697
43688.091703671606
69644.02749212582
8625.436034812385
-29613.381692757404
9744.25028096989
-19951.67835397431
53145.06854807397
27604.94953972392
3575.6527739358826
281.4420952309865
28583.547441100793
32554.96959442465
4207.023695146554
75021.32130623345
42890.742413623695
67203.98840138374
-6195.909830440412
33731.11702519204
9452.541969243342
2645.267155684052
15058.886429854583
63944.28678106491
-23158.828065833153
56236.16217397448
3660.39937812263
52630.58973114449
12222.388390431652
6477.592429024668
5033.260877498743
27667.068517287433
14143.810063330637
9574.861049313387
14007.53023842227
9674.991303093419
22390.863705794058
17856.373167711878
23143.742829144965
25067.101697496757
117946.62363625203
-833.9878910839498
-13733.406059623092
9937.93634220556
2786.0875788397434
22164.174914135532
6761.439557892272
981.7818468541375
16258.193384924532
33149.50944391074
77919.95199703687
26252.85906118436
18122.746551678036
61776.05228040916
4021.4465333220087
26690.138072402053
15793.959347942298
15565.285695408162
7930.776448013731
28126.156170554976
6872.962930926696
18163.683275245992
20165.47676874505
6309.751880474699
34264.52251201728
13286.74332517382
24090.97890171034
14589.204922104758
10803.779755975953
6064.078628260666
18010.94560703363
18075.20490791727
1074.335782593567
21513.980150674037
14463.404605782454
-1424.3541818450283
53421.0329549991
98709.08027878602
2706.0732863661588
20128.07170283485
-3046.146628991676
59347.54403134784
-16935.182697665125
125402.93837686577
25180.205814274286
11308.026292305929
73632.00048792518
87710.7817649019
-32402.8575671024
-4175.02092054098
18938.495237736395
-5777.778146220288
21748.118158224475
66993.58920000472
-25189.682335179863
59849.95943769428
-38913.890207560966
-6345.218031970913
50022.76852602575
-22787.37528414825
108962.02500543545
6680.036712265657
-68416.16756677789
-16736.430265208102
25603.894504756987
16034.351547981525
-186869.16360511072
94367.45439658279
16956.565384209105
170326.40971709226
-40708.183102054405
230660.89374564242
16440.74359135724
-132977.66574614673
-41586.933988102886
36123.23711108641
32593.86972124616
-10503.687297278237
14124.104824122212
2552.588841204942
38518.57175701123
352.368067900225
63636.44550219234
-112482.90364906327
4313.742396728813
126720.59085654345
-5456.21543170846
19197.86660212529
56956.79704680375
11522.134292578028
19734.291039213404
31015.328617375308
21940.04847261464
8136.040082855266
-10281.491040863399
50145.7035457943
17718.092547608005
953.01776723572
18716.19142144036
11123.206046204403
43647.41361496241
-4036.272539498279
4581.900721681807
5830.037269416966
24416.55505177314
19421.096648166116
10820.365044939923
41918.96882706953
22740.594070921485
-4094.320401376848
63446.253816451186
56132.804452372024
-1826.7290103648065
69845.84126188867
66197.21946515133
4698.6931175216505
4698.693117521649
30520.90818522485
69845.84126188867
26748.24135105112
32575.24118687652
4878.053405561255
24437.72700135666
18608.467398184206
17560.009620556764
16373.396126462541
4878.053405561286
2724.0358542076815
19710.401027276064
26801.37311783521
16373.39612646252
6930.211964000333
26748.241351051107
42944.447639413724
11507.071842179017
46191.30018724824
39486.97187610738
40754.46848359618
5464.280760563026
26410.31276915728
46191.30018724824
14545.382730094741
19175.22430608135
7925.629718952505
24572.0599543616
14818.049747029278
26748.241351051118
14185.344900556976
45621.191246187234
3446.902356351485
14042.218377278632
33691.710435190646
8649.08934774745
9915.127423007138
1083.9466181118942
18940.522783800137
-1459.5831417833103
14538.750393823357
11816.76962670685
579.6017894837939
51513.578586596486
53914.58339331728
26107.332641115903
28098.306959629263
28306.26506972207
25613.290689693247
29192.678773998738
43786.16168926949
28098.306959629263
2910.387869718894
43649.444263767575
1848.580117798805
12221.555183984381
9388.241963164599
51513.57858659647
-5622.496833433335
14655.306776975922
4948.317357072663
47606.047874925
60923.6747988398
-1689.7212424097847
-23357.823342752454
20829.472600775756
-612.7821551381097
18379.94791101349
31740.98118993382
31104.24912572316
20965.36709304427
4336.321802022214
3119.6907269308203
76683.83444413138
89266.15849494367
13942.148191881126
73870.12011493306
-23323.65282232965
22571.58076700933
89266.15849494365
26082.199331894848
38690.7425070988
23910.314815875226
14375.922385058513
25548.99237261297
4336.321802022213
31971.347192461417
60458.76883785048
6589.98736356218
36474.58349895184
10522.07085760225
464.37890207789474
30493.444958064818
20510.898198011422
38947.86467042209
64586.65226360435
12092.606823904032
33635.737666871064
-17501.438613856564
11521.41070953802
72360.99895378799
49515.92268155875
7525.152044520003
42548.75805399321
39561.96354264712
39371.82577292235
7867.596128126076
7525.152044520003
17604.358937551795
7109.63118221639
22949.38660203924
18572.531623229264
29161.4523843601
11521.410709538031
25340.369364772672
-30328.0986972652
64589.745310612016
53371.89516217704
-49313.12454947993
43842.6528559573
-17075.358024278896
-15892.24641764824
34733.42021891129
22183.182220773375
3795.0835743185253
1358.0324460359618
21249.985893576588
48051.28306310005
-18414.274555359974
-1326.2762058600806
-31285.68981288708
30100.2900074921
42208.2892347344
13023.684917523276
42072.68613054424
-31285.68981288708
-3973.716508444669
75358.13315124829
2735.5177798879618
67772.45854838303
36798.041923089935
48051.28306310005
3120.6712621472993
6642.603647024487
22764.634516655053
2977.3236927724774
22500.972956530135
20986.870869762555
40695.51849098945
3827.243818323102
22943.312855314773
3829.62982763849
22424.224954222485
30306.329744584666
25651.34609717711
30180.845437069158
17958.754337234102
13916.223445012161
7599.723196535485
30422.719254974756
13916.223445012161
13266.933345920252
26498.30321773991
7599.723196535484
30180.845437069158
25698.622326968594
14302.191407422139
14302.191407422135
39796.655490597324
30180.84543706914
27711.20134362723
19111.97095127008
27094.488633517452
9467.771775540436
17808.741457244792
12106.82073362407
8217.546079354866
27094.488633517456
48650.583827082846
36958.549643955506
9467.771775540421
34544.010370035816
28849.579494523026
27711.201343627246
13354.919058500778
18813.460993359953
9467.771775540437
8082.859263269536
18813.460993359953
3706.6906498816534
17808.741457244803
27527.67394619133
27711.20134362725
19111.970951270112
12803.656889492811
27094.488633517463
15209.07712066146
-2229.4193414840465
27727.44385492319
23908.18255603689
5218.329417074099
28064.124892265914
38804.55372052728
13215.314629635144
12446.972207262284
9827.640666343434
-1798.2331283320732
32416.58083009301
28064.124892265903
32966.76849979891
5755.30430261077
4915.608344443988
12974.07319343861
35510.774598154814
28064.12489226591
22097.66046313653
10571.316977055021
24967.576119347643
8341.1340640808
17305.620109014955
27727.443854923156
23908.182556036903
28629.632751776386
9827.640666343432
26219.490282041574
35463.91272701339
23063.65975431199
23948.409636991593
30653.130205756737
18560.65901279818
24644.711314906108
20775.91834228743
19256.127835531377
29105.454421444178
35134.094033784684
13608.028273208694
18560.659012798165
52414.00310919127
35285.2339881615
21882.567566469676
12255.560318386206
9952.943732688353
18560.659012798187
17498.25913001821
8578.773588093898
-3695.442737032221
32484.7489633986
38288.26061775801
23063.65975431199
23948.409636991622
13102.514689421812
29105.45442144419
23777.591592389326
27935.987084926204
22671.35796358722
24526.200393761217
10632.45080664345
11125.195737746199
10251.841617324417
7516.029850480809
3038.7745438088314
35943.35998390071
52274.21489409928
41698.63746217559
11125.195737746162
-6072.801237875672
1291.8226425550815
28196.73530832957
13871.081215278855
55928.43536112106
11125.19573774617
28103.33739633537
18296.115847401765
43627.00481394961
5843.345830433154
36987.4060653515
22671.357963587223
24526.200393761184
3480.4011482614137
35943.35998390072
44522.663930505994
17382.727700914955
44582.88687405
9697.46622732337
19605.01085753828
32207.377897024206
28898.436277904075
13251.31945345926
13186.672445312392
-8172.489527355322
5283.084701912941
26350.159307289043
32207.37789702419
15983.520824040193
36973.57168650916
28130.35991251718
14365.79980452382
16962.52647636442
32207.37789702419
15603.773559166732
17464.417727569315
7541.405933842241
26657.179502056457
1168.8868799702764
44582.88687405003
9697.466227323383
9618.905499945555
-8172.489527355313
40166.579412323794
13295.418886948662
36393.16808163882
21783.07951442062
28449.316312846935
8782.828166108618
32667.22240924701
20215.920576624885
25848.949399534835
26604.374456307534
24749.333992329437
21497.907281084168
8782.828166108642
25848.949399534846
19331.782500661382
19125.247975013426
15115.113068259388
7997.69971216529
8782.828166108633
21497.907281084175
11397.989994786343
17242.16891540657
14779.229447237065
23311.56548931919
36393.168081638825
21783.07951442061
26604.374456307545
26604.374456307545
42628.87471566658
36393.168081638825
46156.383496902876
67742.86462142476
1100.1271069819522
40851.09856489548
27757.79023462754
22115.575873693993
31196.89504647401
1100.12710698193
7406.950443023819
37099.52105477838
26589.87794200012
30555.33449172172
-16826.2720361442
46156.38349690294
34280.56967432833
-1934.3754639450478
26589.877942000134
55721.105574270645
4937.239790491356
15353.595411669645
27757.790234627537
22602.9585530803
29333.7364082351
4301.014502306451
34120.151445073934
1100.12710698196
15807.933641987092
39241.55115960684
9279.008709998376
28800.338748183873
20159.299094621325
2585.323245289474
65622.21372289582
16045.137828449782
11905.721287458204
7367.002078590739
11441.885881411066
11049.69292494819
44828.78558928388
19459.03322958583
19433.941058473574
21526.8519398093
23436.23775757538
26260.30361557988
44828.78558928389
16188.513541424063
19665.200958262074
-1858.404946552015
53039.00381779177
28813.632644615536
21189.84984791711
52434.89233673585
7630.200321555663
7367.002078590731
13198.272221927638
31677.044504824637
-21992.082023490024
35199.078663415145
9021.298149995195
30562.08603019199
21993.274835073855
10033.349205215605
34658.63278714045
46745.225116302696
25934.274557468947
45207.21732145118
40784.217312073626
56914.924322128914
42471.900752322836
11783.89118928381
3177.7992269586857
-262.64888469382356
40784.217312073626
-8274.814881529901
-3476.821043602693
18172.47864562422
18394.759487317722
3599.7839313481945
20693.448166651513
13903.529709496725
47805.322112950074
46745.22511630268
22409.495622499766
11603.120367311152
74440.72228646744
24001.79770598194
109458.06422004981
-36613.388815361686
61855.47741071735
13301.178273914677
50434.749970609286
40297.065306192664
53050.88319351491
-11954.647473163803
2845.782955389865
51395.792362118664
16266.974983208673
-15566.441152999183
52464.759937833034
-24463.18566776971
2845.782955389846
13692.554716619241
21233.448217652363
1987.9187878705407
9976.8536584485
19516.295257135367
40314.48613977396
27949.088870732827
-12075.792767589159
40297.0653061925
71298.28265063552
26207.553288481984
15595.079209717485
11099.900443529405
-5126.573386857439
2903.141879820198
34262.94106546013
19384.938376183647
-1386.0984522120602
16263.181560537329
25113.196042360712
22375.565443016927
36636.21002553723
14699.210183988542
4626.20545414173
33042.73798238959
22729.839357056677
24196.631589665023
36636.210025537235
16739.155852449258
2765.65340184666
19959.2341811646
22320.72128642638
17921.20567469032
16334.857939653717
7232.914218922392
8124.899576756012
16263.181560537332
14946.83219072352
-5196.8435371519445
70971.88618309305
35641.44354247248
20777.36238343276
23031.7897124234
25167.85392109364
17135.64399633981
19534.245265064957
11664.966922935653
21577.488907214214
17257.268237410597
-6215.826950518244
3417.2277265156317
19987.853369756718
19788.101399308372
16436.87427952143
1848.3987097361542
-6215.826950518244
17257.268237410604
20116.026974715358
19568.138132637792
32210.63850802792
23246.06303208272
57539.292132339484
35975.69603634806
11664.966922935655
11664.966922935653
30331.87885928605
57539.292132339484
26031.782911628587
28338.716552839003
17752.330421280887
35811.37007972172
27951.605572323348
17096.70002362406
17865.882875148243
17752.330421280883
21028.328031180758
24850.915433161434
27205.945431083957
19105.326009138826
16014.133411966477
26031.7829116286
17539.385269822473
32702.77016558128
27205.945431083957
11220.806736404062
30892.25036262546
18325.326131004396
27951.605572323344
10219.977106841998
36395.52615905389
26110.455023945637
32173.061127386412
17752.330421280883
22150.3078178009
8459.566474776715
48639.95471818361
17701.256057645995
9698.716970090545
9924.700907356835
40382.43813240991
59484.58107873879
32737.056274917104
31120.815390191474
45794.58657342567
5395.314322486638
18148.470725603882
81559.78070492571
17870.637960690492
14080.521660220511
469.2339490137437
2827.069572389736
18148.47072560389
7108.492863214178
2527.342096258992
12521.688213889785
29337.39855158677
22319.4032490509
13847.886624349218
39326.9777565723
36299.335435558205
31120.815390191474
48123.340822581275
13802.232320913014
7260.763439246947
4868.707158298188
33923.90027514322
2135.2436095379267
73931.69400244385
19962.915209337018
-427.03711248297867
35075.3317066439
-8351.645576263098
36574.52633121032
54967.7111358305
-12218.721801638298
24668.131203329704
33659.88832429901
8269.231899327402
67219.59721737033
54967.71113583047
9176.852427889231
17381.362948186325
74030.48181380457
-9148.89854893056
39863.25036849818
-30168.22324830038
-2092.519536668122
11933.907918766181
35075.33170664395
33063.93961505964
9813.459987441274
46938.733409176064
12722.345896593994
52708.57840142531
39184.282962381236
14973.781023539845
-4970.414731897394
3999.0443089769333
19302.90357165971
56957.17219209145
37828.13341796464
13069.178173415099
20499.392469287428
40706.36970233934
80859.92040802201
-10412.3453965519
14683.768157658904
13069.1781734151
2147.9055267465615
41827.10919715476
47134.60541420542
48911.88190284434
9274.58462445889
25918.233570944973
28295.456987960548
21823.175302763895
19302.9035716597
17019.420129960465
-1630.9619279423428
25133.17944914293
15448.327331990404
20279.315965574046
6826.905427760217
36422.2839034336
913.6728922271218
24995.101680892294
15691.486274484
13670.183688595684
21542.6522311694
18839.341018898504
18319.893602867447
8693.424963932974
-1833.1870055040963
11270.354846879676
28296.464828484688
18839.341018898514
37571.47596642701
13709.073489926985
34237.69819252415
32944.49342779424
15036.002720737042
26246.021938501137
-1387.0769904598892
2573.4914762033613
15691.486274484007
37884.28141806907
56471.483660441656
6206.214766074714
20205.040621130982
11321.821972169926
26578.4953005297
5825.415665348753
32637.264108421812
11496.782932037422
27442.00654852463
20152.177903999833
18733.371844944657
8131.116407141624
31421.302168639315
16372.700135122066
34536.34672819003
8588.631744270704
14074.837206228996
8131.116407141617
18733.371844944657
19000.764153382588
9993.944813834132
33481.82630555318
14852.790340966734
33445.45757811253
44105.51295787399
27442.00654852464
27442.00654852464
17842.661032722222
33445.457578112546
37490.58426756825
32586.019491115643
23752.160833521535
-798.4882372086878
11518.453759494989
8009.371184573733
19513.60134266272
23752.160833521502
31467.5699348073
37434.82577232215
2812.9502512775543
6019.413986617956
10499.930081758106
37490.58426756821
43150.911786814395
24551.037339177135
2812.9502512775625
31148.10880104616
20424.45529640771
8487.42955362704
11518.453759494989
35301.57412541919
2529.530557806942
3907.8970729266866
13030.314615229374
23752.160833521506
5732.0717762586455
27021.95734169872
81152.76749017551
109351.71456618802
19782.073200769366
54732.93537562319
16237.318996450962
31221.844893147776
44296.55410769853
28418.269865180835
23800.241796544407
9694.077247175022
-46796.25377891411
34922.69673019497
7108.0424905834525
32197.298394911802
-16033.376747278187
-17264.763332444418
-46796.253778914106
-33197.16860271949
8991.623893163713
39852.032568433235
108357.39529841718
33558.167539604576
19022.089159677373
27237.623905234435
38847.006972420946
28418.269865180813
25143.117981989853
87090.30118937106
30465.093030915465
18164.87575841273
20370.21192735671
56659.84059603422
18277.65766094612
8065.150987901929
23028.497381846228
10732.696865255204
31781.343271792288
24923.727728565806
50392.50283283402
17023.35374916962
22919.099864549342
23851.16581331117
12240.254512985272
15695.809628429452
50392.50283283404
18007.214083065464
54948.93863032022
22146.32550223055
54160.59441659976
59157.45046999399
26251.647788928603
12021.135446972105
8662.463694662276
10732.696865255211
17504.6808370146
-890.0636680644132
35324.38285068551
46956.363963154625
4667.312433536879
4271.3253729404705
44557.34634089327
50616.398879053086
17143.26050907375
4036.24990769466
10108.049578915723
18289.213037505804
44938.91793457879
46638.54061710402
3395.4490752156617
15126.755077965297
14976.035216612308
10416.0338554839
44938.91793457883
26976.269283927562
13166.234301269817
7641.876964700746
46929.90505027145
29645.251811005306
16038.898374144479
1222.1866924265662
20092.43473771462
4036.249907694676
8751.673952956982
50190.91792806559
13353.976154534228
15897.749559637858
19513.782867299906
25529.288974814062
23252.221677684738
11923.67222923957
18027.010649793177
5607.880516591379
8161.597118030564
39304.467091489685
45269.7220406256
14563.964966017282
23057.056953648236
36431.25660197496
22112.609107028464
34720.08137365415
45269.7220406256
27155.053568732485
16542.986800401006
6901.494626158929
32726.25894179805
5373.81855618156
24532.40241198878
37860.910768432645
1378.5605265657246
5607.880516591383
80.05855796789473
24364.63245558922
26041.24705247517
23235.739260134767
9091.127110069865
5966.940137877498
9795.016511374644
13701.535155003025
20696.288154812326
37216.81336234016
24127.320808451008
23962.796237293067
4608.803443248922
21056.964664366948
17028.61747445267
29962.8149474116
20886.98811210448
33234.83628968589
4608.803443248921
23962.796237293027
11245.471344681848
19756.598632482714
9152.460835449854
16607.341302105753
35315.592272016416
24689.066374483853
37216.81336234017
37216.813362340166
44390.942008469254
35315.59227201642
32570.333050450412
23305.82046773973
20406.362329392006
22550.48239668
13907.55525202097
11588.489185330789
-2104.2399261110745
20406.36232939203
27091.43280444418
36551.09929792585
14538.642226761902
36489.42731200174
37134.57636765389
32570.33305045042
8455.10434127322
15685.250914995748
14538.642226761873
38102.42563829241
9045.058706913514
8292.13499766684
13907.55525202099
-9262.521336066358
19013.362409576628
17580.310484025616
23851.236328016053
20406.36232939201
9386.155139415092
10112.922329055296
180.64493504154393
6517.249835399489
24268.458695003505
17808.80767943619
5942.251452935745
16545.167481721743
45715.294845330915
59007.11995608052
42966.252755639136
7645.275214055711
13746.420353618518
39742.42943333859
23168.765655006908
18063.47860334358
2987.987837249637
25177.96015983909
13746.420353618525
11135.721585456242
11997.62777057176
11922.891926161585
28857.12576240565
15362.094612722856
-1493.5854196295768
35692.17768522882
15892.110106243546
59007.11995608054
29652.137588750327
36127.10206548646
28212.31110744019
19785.078297248
12590.34244956337
9812.606574030728
-14363.460302818023
17447.722121332376
2775.0148442892782
50102.46721795094
41544.46772331884
38799.45325990367
25599.507962771077
31861.041638447223
49557.9252912513
9086.369493183027
27275.746347393677
21667.907664811613
25599.507962771062
12817.766972231762
22482.797326847423
-3499.0382755306337
18641.592359014285
808.3404671141348
11301.199726348077
2816.517962772228
2619.7790324184807
50102.46721795096
37988.21743812745
5258.648148205886
41325.94401818417
45007.84561885639
13324.799072960084
5254.363219007096
67397.43703390667
48354.04440943291
1738.810243734826
46982.07029363138
40459.05338146639
-11398.394340466983
-7992.402697883704
3917.888415492105
-8281.834577479993
21615.373133212113
26415.221175105602
52598.937134424465
-7992.402697883713
12336.356342843852
16285.093371381616
3302.012368855061
3934.159677833505
30757.788103364495
62043.94122444099
39882.24863987145
38178.53692437205
46982.070293631376
24255.038016674196
22902.177722669992
-34542.28810095739
17977.87861456658
1523.4174639098
-5450.472529198456
7963.119994763985
22286.116695705656
22642.11020950741
641.8198008110239
-19277.82734421411
73695.6492750373
74217.44353934594
35251.55652183397
19722.482681230365
-16585.749485662764
24605.442127261234
51540.63363659574
74217.44353934594
67577.681349241
12729.869387036537
19494.8818828588
45807.07485706446
20617.887973972833
44792.460138630064
10780.999738793958
13768.062822931459
641.8198008109805
-5957.150433309758
23885.265119428488
32867.34924321584
31779.741942905384
36826.58360373817
33541.118193365175
27942.038258210578
9497.775939462645
16116.3321023353
12768.373615452956
13032.22453501429
35864.03231219057
17347.195366809716
5446.210419116101
33842.72766640765
50602.62388522509
40676.3815347111
21196.819651696038
17347.19536680971
35864.03231219055
33800.85405311872
-5530.285578786121
22307.21726415106
27042.19883620919
53593.79311649866
55148.39907081725
12768.373615452974
12768.37361545298
15133.632806420492
53593.79311649868
29466.606736983493
24581.58097967143
6417.951499017756
2823.277310251837
19263.177010643794
14099.564160938162
18291.353164238226
6417.951499017735
21245.476939165812
24797.657676195588
33434.23298949887
18291.353164238226
13234.641642588742
29466.606736983496
24449.172025879525
36783.717883206045
33434.232989498865
45152.82534121993
10622.570610903367
17594.743172408693
19263.177010643787
33434.232989498865
22873.390452084157
9326.537677334794
24971.140881598923
6417.951499017738
21245.476939165812
29466.6067369835
7790.828363382815
21133.685645894446
22819.679127351177
38214.19325465022
21640.408755946923
9168.30766583267
11849.903896641312
7782.307851689938
33001.36625153014
25956.052873225264
32674.5743486076
8423.675855975702
22930.50173387373
33516.740991249884
19306.702621320386
53206.36358014125
32674.574348607614
33540.735988796114
28748.752596727645
28600.65632736616
34884.336926510936
32674.574348607614
39138.78335483215
4395.127969020701
28438.991067060942
7782.307851689939
33001.36625153015
33516.74099124988
4918.851360336783
38264.9679925629
5231.927602150982
23789.026986511108
22111.034212596784
-11594.010601075777
34598.83417866423
4725.121061815594
24885.91286343254
39579.936459752
34846.91377391152
5492.514758764102
9619.534339859309
51940.834761553095
37349.66226320792
47306.384104251774
34846.91377391152
66207.09120129702
8614.940794798993
20395.330507740455
12666.644326718033
34846.91377391152
-3714.4708715077095
208.1084291425259
32700.622162612523
4725.121061815592
24885.912863432553
51940.83476155309
37812.40556723768
68352.07314957233
6582.813013656539
36273.1922206635
16446.54661679345
7879.3489408583455
-6149.336340864615
32637.200403849085
33420.155303920976
375.5114423709599
355.4867985840274
-18976.11744746575
22427.336516389747
40663.92376492269
16511.91992356822
67760.11655973778
355.48679858404194
-17031.347899427037
12974.885139463318
13037.243841248262
64968.420835597586
355.48679858404284
2680.1727362863076
77332.25950809603
26884.18434757091
32637.200403849063
33420.15530392101
40663.92376492271
14100.656777670902
43036.64815188423
51450.69156782467
-38.27597336878769
27502.39212773805
38320.89900023397
36796.25118249813
49205.32351047562
4070.133400362961
25832.62472596561
34020.50344405341
24722.081418809954
11854.369357507348
-45782.96159189338
14043.888192199438
26760.67096489792
34020.503444053444
456.3618301941751
8745.851528452866
9753.904572585492
7463.755427947381
34020.50344405344
26096.553269082382
15876.046389801983
35290.700877053336
49205.32351047562
4070.133400362927
-45782.96159189334
26723.49632814774
21325.713259024516
20085.4380606975
26825.13128711986
6553.812858340279
18069.843086420027
21540.472114344604
38620.300755296754
21180.788763733643
29497.35841654619
15481.959392712932
44875.3295287931
19763.37263150359
15043.53355872133
19819.98608936209
21200.591681311176
15481.959392712935
29497.358416546187
21200.59168131118
12492.140685314418
503.5711574590259
15481.959392712937
15043.533558721327
44657.13883338887
38620.30075529675
38620.30075529677
21180.788763733617
15043.533558721316
