$MeshFormat
2.2 0 8
$EndMeshFormat
$PhysicalNames
216
1 1 "cell_0"
1 2 "cell_1"
1 3 "cell_2"
1 4 "cell_3"
1 5 "cell_4"
1 6 "cell_5"
1 7 "cell_6"
1 8 "cell_7"
1 9 "cell_8"
1 10 "cell_9"
1 11 "cell_10"
1 12 "cell_11"
1 13 "cell_12"
1 14 "cell_13"
1 15 "cell_14"
1 16 "cell_15"
1 17 "cell_16"
1 18 "cell_17"
1 19 "cell_18"
1 20 "cell_19"
1 21 "cell_20"
1 22 "cell_21"
1 23 "cell_22"
1 24 "cell_23"
1 25 "cell_24"
1 26 "cell_25"
1 27 "cell_26"
1 28 "cell_27"
1 29 "cell_28"
1 30 "cell_29"
1 31 "cell_30"
1 32 "cell_31"
1 33 "cell_32"
1 34 "cell_33"
1 35 "cell_34"
1 36 "cell_35"
1 37 "cell_36"
1 38 "cell_37"
1 39 "cell_38"
1 40 "cell_39"
1 41 "cell_40"
1 42 "cell_41"
1 43 "cell_42"
1 44 "cell_43"
1 45 "cell_44"
1 46 "cell_45"
1 47 "cell_46"
1 48 "cell_47"
1 49 "cell_48"
1 50 "cell_49"
1 51 "cell_50"
1 52 "cell_51"
1 53 "cell_52"
1 54 "cell_53"
1 55 "cell_54"
1 56 "cell_55"
1 57 "cell_56"
1 58 "cell_57"
1 59 "cell_58"
1 60 "cell_59"
1 61 "cell_60"
1 62 "cell_61"
1 63 "cell_62"
1 64 "cell_63"
1 65 "cell_64"
1 66 "cell_65"
1 67 "cell_66"
1 68 "cell_67"
1 69 "cell_68"
1 70 "cell_69"
1 71 "cell_70"
1 72 "cell_71"
1 73 "cell_72"
1 74 "cell_73"
1 75 "cell_74"
1 76 "cell_75"
1 77 "cell_76"
1 78 "cell_77"
1 79 "cell_78"
1 80 "cell_79"
1 81 "cell_80"
1 82 "cell_81"
1 83 "cell_82"
1 84 "cell_83"
1 85 "cell_84"
1 86 "cell_85"
1 87 "cell_86"
1 88 "cell_87"
1 89 "cell_88"
1 90 "cell_89"
1 91 "cell_90"
1 92 "cell_91"
1 93 "cell_92"
1 94 "cell_93"
1 95 "cell_94"
1 96 "cell_95"
1 97 "cell_96"
1 98 "cell_97"
1 99 "cell_98"
1 100 "cell_99"
1 101 "cell_100"
1 102 "cell_101"
1 103 "cell_102"
1 104 "cell_103"
1 105 "cell_104"
1 106 "cell_105"
1 107 "cell_106"
1 108 "cell_107"
1 109 "cell_108"
1 110 "cell_109"
1 111 "cell_110"
1 112 "cell_111"
1 113 "cell_112"
1 114 "cell_113"
1 115 "cell_114"
1 116 "cell_115"
1 117 "cell_116"
1 118 "cell_117"
1 119 "cell_118"
1 120 "cell_119"
1 121 "cell_120"
1 122 "cell_121"
1 123 "cell_122"
1 124 "cell_123"
1 125 "cell_124"
1 126 "cell_125"
1 127 "cell_126"
1 128 "cell_127"
1 129 "cell_128"
1 130 "cell_129"
1 131 "cell_130"
1 132 "cell_131"
1 133 "cell_132"
1 134 "cell_133"
1 135 "cell_134"
1 136 "cell_135"
1 137 "cell_136"
1 138 "cell_137"
1 139 "cell_138"
1 140 "cell_139"
1 141 "cell_140"
1 142 "cell_141"
1 143 "cell_142"
1 144 "cell_143"
1 145 "cell_144"
1 146 "cell_145"
1 147 "cell_146"
1 148 "cell_147"
1 149 "cell_148"
1 150 "cell_149"
1 151 "cell_150"
1 152 "cell_151"
1 153 "cell_152"
1 154 "cell_153"
1 155 "cell_154"
1 156 "cell_155"
1 157 "cell_156"
1 158 "cell_157"
1 159 "cell_158"
1 160 "cell_159"
1 161 "cell_160"
1 162 "cell_161"
1 163 "cell_162"
1 164 "cell_163"
1 165 "cell_164"
1 166 "cell_165"
1 167 "cell_166"
1 168 "cell_167"
1 169 "cell_168"
1 170 "cell_169"
1 171 "cell_170"
1 172 "cell_171"
1 173 "cell_172"
1 174 "cell_173"
1 175 "cell_174"
1 176 "cell_175"
1 177 "cell_176"
1 178 "cell_177"
1 179 "cell_178"
1 180 "cell_179"
1 181 "cell_180"
1 182 "cell_181"
1 183 "cell_182"
1 184 "cell_183"
1 185 "cell_184"
1 186 "cell_185"
1 187 "cell_186"
1 188 "cell_187"
1 189 "cell_188"
1 190 "cell_189"
1 191 "cell_190"
1 192 "cell_191"
1 193 "cell_192"
1 194 "cell_193"
1 195 "cell_194"
1 196 "cell_195"
1 197 "cell_196"
1 198 "cell_197"
1 199 "cell_198"
1 200 "cell_199"
1 201 "cell_200"
1 202 "cell_201"
1 203 "cell_202"
1 204 "cell_203"
1 205 "cell_204"
1 206 "cell_205"
1 207 "cell_206"
1 208 "cell_207"
1 209 "cell_208"
1 210 "cell_209"
1 211 "cell_210"
1 212 "cell_211"
1 213 "cell_212"
1 214 "cell_213"
1 215 "cell_214"
1 216 "cell_215"
$EndPhysicalNames
$Nodes
343
1 0 0 0
2 0 0 0.16666667
3 0 0 0.33333333
4 0 0 0.5
5 0 0 0.66666667
6 0 0 0.83333333
7 0 0 1
8 0 0.16666667 0
9 0 0.16666667 0.16666667
10 0 0.16666667 0.33333333
11 0 0.16666667 0.5
12 0 0.16666667 0.66666667
13 0 0.16666667 0.83333333
14 0 0.16666667 1
15 0 0.33333333 0
16 0 0.33333333 0.16666667
17 0 0.33333333 0.33333333
18 0 0.33333333 0.5
19 0 0.33333333 0.66666667
20 0 0.33333333 0.83333333
21 0 0.33333333 1
22 0 0.5 0
23 0 0.5 0.16666667
24 0 0.5 0.33333333
25 0 0.5 0.5
26 0 0.5 0.66666667
27 0 0.5 0.83333333
28 0 0.5 1
29 0 0.66666667 0
30 0 0.66666667 0.16666667
31 0 0.66666667 0.33333333
32 0 0.66666667 0.5
33 0 0.66666667 0.66666667
34 0 0.66666667 0.83333333
35 0 0.66666667 1
36 0 0.83333333 0
37 0 0.83333333 0.16666667
38 0 0.83333333 0.33333333
39 0 0.83333333 0.5
40 0 0.83333333 0.66666667
41 0 0.83333333 0.83333333
42 0 0.83333333 1
43 0 1 0
44 0 1 0.16666667
45 0 1 0.33333333
46 0 1 0.5
47 0 1 0.66666667
48 0 1 0.83333333
49 0 1 1
50 0.16666667 0 0
51 0.16666667 0 0.16666667
52 0.16666667 0 0.33333333
53 0.16666667 0 0.5
54 0.16666667 0 0.66666667
55 0.16666667 0 0.83333333
56 0.16666667 0 1
57 0.16666667 0.16666667 0
58 0.1349363373 0.2350836196 0.2279355557
59 0.1003242098 0.2372159154 0.3515803208
60 0.1789190209 0.2409290304 0.5779017724
61 0.1342842289 0.1661783705 0.6488582454
62 0.1153820395 0.09473938489 0.901113502
63 0.16666667 0.16666667 1
64 0.16666667 0.33333333 0
65 0.1380608826 0.4152237768 0.08977728578
66 0.1682022682 0.3448704856 0.3074412049
67 0.1714247169 0.3311094156 0.5684446248
68 0.2315405712 0.3621702185 0.6251023779
69 0.2447941261 0.343534971 0.9052866889
70 0.16666667 0.33333333 1
71 0.16666667 0.5 0
72 0.2377075199 0.4864052744 0.08416637383
73 0.09402797198 0.48996603 0.2900137889
74 0.1155052084 0.5024535445 0.5519375179
75 0.1110624792 0.4236206025 0.7305144474
76 0.2467065556 0.5119573527 0.81127379
77 0.16666667 0.5 1
78 0.16666667 0.66666667 0
79 0.2396014924 0.6167275143 0.2397052508
80 0.2300911046 0.5891304837 0.2618334725
81 0.185047566 0.7372097405 0.5674421661
82 0.1302072032 0.7025134885 0.6437653553
83 0.1278457358 0.7485283393 0.8385010943
84 0.16666667 0.66666667 1
85 0.16666667 0.83333333 0
86 0.09515312055 0.7678698093 0.2250257457
87 0.2079644755 0.9126662963 0.2636206994
88 0.18789814 0.8218179763 0.5066042052
89 0.2268272709 0.7630620222 0.6482532175
90 0.1348278622 0.8086663993 0.779279244
91 0.16666667 0.83333333 1
92 0.16666667 1 0
93 0.16666667 1 0.16666667
94 0.16666667 1 0.33333333
95 0.16666667 1 0.5
96 0.16666667 1 0.66666667
97 0.16666667 1 0.83333333
98 0.16666667 1 1
99 0.33333333 0 0
100 0.33333333 0 0.16666667
101 0.33333333 0 0.33333333
102 0.33333333 0 0.5
103 0.33333333 0 0.66666667
104 0.33333333 0 0.83333333
105 0.33333333 0 1
106 0.33333333 0.16666667 0
107 0.2559214203 0.2318102997 0.2003519444
108 0.2880661427 0.1366203268 0.3506124641
109 0.3031018338 0.129404095 0.5466341977
110 0.2534281393 0.1154916636 0.6482896007
111 0.3694602889 0.1261007027 0.7889317994
112 0.33333333 0.16666667 1
113 0.33333333 0.33333333 0
114 0.3894143187 0.2952156269 0.2023532652
115 0.2629117124 0.3601989634 0.3943903759
116 0.3721644289 0.3903314656 0.482418267
117 0.3961273481 0.3815550525 0.590896586
118 0.3156716182 0.3883881621 0.8512444876
119 0.33333333 0.33333333 1
120 0.33333333 0.5 0
121 0.3215528898 0.4424337722 0.1151101807
122 0.2663783209 0.5810112389 0.3819345676
123 0.2873510091 0.4972981203 0.5623961556
124 0.3957463392 0.4398298047 0.5889410258
125 0.4088920674 0.5149410839 0.8269443023
126 0.33333333 0.5 1
127 0.33333333 0.66666667 0
128 0.4115116024 0.6589067414 0.09328822394
129 0.4160778912 0.5977274464 0.3918015498
130 0.3189869577 0.6415786162 0.4252469122
131 0.2923683486 0.6575329676 0.6600424762
132 0.3145553397 0.7008003287 0.9046328357
133 0.33333333 0.66666667 1
134 0.33333333 0.83333333 0
135 0.3616630903 0.7837439758 0.1441109396
136 0.3362021351 0.7660847321 0.4129109213
137 0.2559376986 0.8774630761 0.5493875491
138 0.3097685209 0.7713577049 0.6306887636
139 0.3006007648 0.8466783257 0.8841374986
140 0.33333333 0.83333333 1
141 0.33333333 1 0
142 0.33333333 1 0.16666667
143 0.33333333 1 0.33333333
144 0.33333333 1 0.5
145 0.33333333 1 0.66666667
146 0.33333333 1 0.83333333
147 0.33333333 1 1
148 0.5 0 0
149 0.5 0 0.16666667
150 0.5 0 0.33333333
151 0.5 0 0.5
152 0.5 0 0.66666667
153 0.5 0 0.83333333
154 0.5 0 1
155 0.5 0.16666667 0
156 0.4744909817 0.2041713534 0.2129195208
157 0.4236177163 0.2215716398 0.2834594045
158 0.460172477 0.2385020079 0.4481625849
159 0.4485199669 0.1090346109 0.6674763408
160 0.5090560185 0.1987125157 0.7946406289
161 0.5 0.16666667 1
162 0.5 0.33333333 0
163 0.4223056105 0.41259684 0.2080790317
164 0.4757163502 0.3789794887 0.3710626078
165 0.5333580422 0.2999244603 0.448863084
166 0.4336091181 0.2824712911 0.6730081419
167 0.5527549167 0.3859952655 0.7595613985
168 0.5 0.33333333 1
169 0.5 0.5 0
170 0.4884580855 0.4280160408 0.1554145307
171 0.4829457805 0.4470879594 0.3755740661
172 0.5530907383 0.4585519652 0.570703483
173 0.5116915445 0.5538405361 0.7389560241
174 0.5681713697 0.4894846703 0.8011818199
175 0.5 0.5 1
176 0.5 0.66666667 0
177 0.5246777892 0.7375295914 0.1644389305
178 0.5185322906 0.6389356632 0.334156947
179 0.4194703849 0.7075068024 0.428453067
180 0.4529634009 0.6913302129 0.6930188692
181 0.5660930214 0.6471856917 0.8314523825
182 0.5 0.66666667 1
183 0.5 0.83333333 0
184 0.4584891098 0.8219626489 0.2221755376
185 0.5610655792 0.7722060621 0.3925381167
186 0.495759359 0.8676455323 0.476150452
187 0.5559812831 0.8444100817 0.6752072286
188 0.4743922464 0.7998609306 0.8293363884
189 0.5 0.83333333 1
190 0.5 1 0
191 0.5 1 0.16666667
192 0.5 1 0.33333333
193 0.5 1 0.5
194 0.5 1 0.66666667
195 0.5 1 0.83333333
196 0.5 1 1
197 0.66666667 0 0
198 0.66666667 0 0.16666667
199 0.66666667 0 0.33333333
200 0.66666667 0 0.5
201 0.66666667 0 0.66666667
202 0.66666667 0 0.83333333
203 0.66666667 0 1
204 0.66666667 0.16666667 0
205 0.7013638334 0.09344095963 0.1888076592
206 0.6803187933 0.2261660432 0.2844814623
207 0.6279233837 0.2224254198 0.4235664687
208 0.6142892995 0.09926952609 0.6728546914
209 0.5848324483 0.2145439318 0.8175515689
210 0.66666667 0.16666667 1
211 0.66666667 0.33333333 0
212 0.6991998822 0.3592799387 0.1017858779
213 0.6184725428 0.3844903205 0.3464620282
214 0.694836152 0.3393920112 0.514195599
215 0.6140046465 0.3042833395 0.6182613473
216 0.602326773 0.3526867578 0.9039366085
217 0.66666667 0.33333333 1
218 0.66666667 0.5 0
219 0.6537146457 0.4747368396 0.1275866958
220 0.6739351729 0.5438812772 0.3688414615
221 0.597236009 0.5644373375 0.5466972455
222 0.6263884713 0.4618684175 0.7166892434
223 0.6250386097 0.4219066292 0.8645777798
224 0.66666667 0.5 1
225 0.66666667 0.66666667 0
226 0.5833575931 0.6240461059 0.2054757492
227 0.6292788854 0.6030888968 0.2985043802
228 0.6346363671 0.6421889598 0.5348143603
229 0.6404793718 0.6688256219 0.729203201
230 0.7453516872 0.6016239381 0.7585460594
231 0.66666667 0.66666667 1
232 0.66666667 0.83333333 0
233 0.7326514097 0.8323414796 0.1283119813
234 0.7207141388 0.8969860415 0.2891254489
235 0.5844824077 0.8359342886 0.4452267494
236 0.7472299114 0.7563696162 0.5950068227
237 0.6889473257 0.8014716207 0.8997822102
238 0.66666667 0.83333333 1
239 0.66666667 1 0
240 0.66666667 1 0.16666667
241 0.66666667 1 0.33333333
242 0.66666667 1 0.5
243 0.66666667 1 0.66666667
244 0.66666667 1 0.83333333
245 0.66666667 1 1
246 0.83333333 0 0
247 0.83333333 0 0.16666667
248 0.83333333 0 0.33333333
249 0.83333333 0 0.5
250 0.83333333 0 0.66666667
251 0.83333333 0 0.83333333
252 0.83333333 0 1
253 0.83333333 0.16666667 0
254 0.9158288727 0.09336470859 0.189131177
255 0.8233081617 0.2199059493 0.2993821209
256 0.81601914 0.09384911215 0.5101373385
257 0.9052201151 0.228983674 0.740508213
258 0.8863463812 0.1718046348 0.7608897526
259 0.83333333 0.16666667 1
260 0.83333333 0.33333333 0
261 0.8012376332 0.4006676008 0.1917175376
262 0.8188666024 0.2692983052 0.37736623
263 0.7823824705 0.2882731752 0.4174546394
264 0.8100816752 0.2708837105 0.7274954797
265 0.8983101002 0.3911783627 0.8244833208
266 0.83333333 0.33333333 1
267 0.83333333 0.5 0
268 0.8970900142 0.5683788828 0.1238832371
269 0.7962926603 0.4237019377 0.4103292385
270 0.8381694852 0.5119954684 0.5631783536
271 0.907668048 0.4320619805 0.6559140507
272 0.8420734737 0.513305113 0.8100619853
273 0.83333333 0.5 1
274 0.83333333 0.66666667 0
275 0.8945766193 0.6648609002 0.1844724099
276 0.7881215171 0.6654610645 0.3812264304
277 0.8703618474 0.716375892 0.495700926
278 0.8023999589 0.708290381 0.6746916937
279 0.8538945708 0.6088825546 0.7519268843
280 0.83333333 0.66666667 1
281 0.83333333 0.83333333 0
282 0.8733270804 0.777941563 0.0958995684
283 0.7815045133 0.7811156988 0.2743511747
284 0.911827844 0.7782444699 0.4198866948
285 0.8041992969 0.9142733743 0.7413953931
286 0.779333649 0.9114694776 0.7808117142
287 0.83333333 0.83333333 1
288 0.83333333 1 0
289 0.83333333 1 0.16666667
290 0.83333333 1 0.33333333
291 0.83333333 1 0.5
292 0.83333333 1 0.66666667
293 0.83333333 1 0.83333333
294 0.83333333 1 1
295 1 0 0
296 1 0 0.16666667
297 1 0 0.33333333
298 1 0 0.5
299 1 0 0.66666667
300 1 0 0.83333333
301 1 0 1
302 1 0.16666667 0
303 1 0.16666667 0.16666667
304 1 0.16666667 0.33333333
305 1 0.16666667 0.5
306 1 0.16666667 0.66666667
307 1 0.16666667 0.83333333
308 1 0.16666667 1
309 1 0.33333333 0
310 1 0.33333333 0.16666667
311 1 0.33333333 0.33333333
312 1 0.33333333 0.5
313 1 0.33333333 0.66666667
314 1 0.33333333 0.83333333
315 1 0.33333333 1
316 1 0.5 0
317 1 0.5 0.16666667
318 1 0.5 0.33333333
319 1 0.5 0.5
320 1 0.5 0.66666667
321 1 0.5 0.83333333
322 1 0.5 1
323 1 0.66666667 0
324 1 0.66666667 0.16666667
325 1 0.66666667 0.33333333
326 1 0.66666667 0.5
327 1 0.66666667 0.66666667
328 1 0.66666667 0.83333333
329 1 0.66666667 1
330 1 0.83333333 0
331 1 0.83333333 0.16666667
332 1 0.83333333 0.33333333
333 1 0.83333333 0.5
334 1 0.83333333 0.66666667
335 1 0.83333333 0.83333333
336 1 0.83333333 1
337 1 1 0
338 1 1 0.16666667
339 1 1 0.33333333
340 1 1 0.5
341 1 1 0.66666667
342 1 1 0.83333333
343 1 1 1
$EndNodes
$Elements
6048
1 1 2 1 1 1 50
2 1 2 1 1 1 57
3 1 2 1 1 1 8
4 1 2 1 1 1 2
5 1 2 1 1 1 51
6 1 2 1 1 1 58
7 1 2 1 1 1 9
8 1 2 1 1 50 57
9 1 2 1 1 50 8
10 1 2 1 1 50 2
11 1 2 1 1 50 51
12 1 2 1 1 50 58
13 1 2 1 1 50 9
14 1 2 1 1 57 8
15 1 2 1 1 57 2
16 1 2 1 1 57 51
17 1 2 1 1 57 58
18 1 2 1 1 57 9
19 1 2 1 1 8 2
20 1 2 1 1 8 51
21 1 2 1 1 8 58
22 1 2 1 1 8 9
23 1 2 1 1 2 51
24 1 2 1 1 2 58
25 1 2 1 1 2 9
26 1 2 1 1 51 58
27 1 2 1 1 51 9
28 1 2 1 1 58 9
29 1 2 2 2 2 51
30 1 2 2 2 2 58
31 1 2 2 2 2 9
32 1 2 2 2 2 3
33 1 2 2 2 2 52
34 1 2 2 2 2 59
35 1 2 2 2 2 10
36 1 2 2 2 51 58
37 1 2 2 2 51 9
38 1 2 2 2 51 3
39 1 2 2 2 51 52
40 1 2 2 2 51 59
41 1 2 2 2 51 10
42 1 2 2 2 58 9
43 1 2 2 2 58 3
44 1 2 2 2 58 52
45 1 2 2 2 58 59
46 1 2 2 2 58 10
47 1 2 2 2 9 3
48 1 2 2 2 9 52
49 1 2 2 2 9 59
50 1 2 2 2 9 10
51 1 2 2 2 3 52
52 1 2 2 2 3 59
53 1 2 2 2 3 10
54 1 2 2 2 52 59
55 1 2 2 2 52 10
56 1 2 2 2 59 10
57 1 2 3 3 3 52
58 1 2 3 3 3 59
59 1 2 3 3 3 10
60 1 2 3 3 3 4
61 1 2 3 3 3 53
62 1 2 3 3 3 60
63 1 2 3 3 3 11
64 1 2 3 3 52 59
65 1 2 3 3 52 10
66 1 2 3 3 52 4
67 1 2 3 3 52 53
68 1 2 3 3 52 60
69 1 2 3 3 52 11
70 1 2 3 3 59 10
71 1 2 3 3 59 4
72 1 2 3 3 59 53
73 1 2 3 3 59 60
74 1 2 3 3 59 11
75 1 2 3 3 10 4
76 1 2 3 3 10 53
77 1 2 3 3 10 60
78 1 2 3 3 10 11
79 1 2 3 3 4 53
80 1 2 3 3 4 60
81 1 2 3 3 4 11
82 1 2 3 3 53 60
83 1 2 3 3 53 11
84 1 2 3 3 60 11
85 1 2 4 4 4 53
86 1 2 4 4 4 60
87 1 2 4 4 4 11
88 1 2 4 4 4 5
89 1 2 4 4 4 54
90 1 2 4 4 4 61
91 1 2 4 4 4 12
92 1 2 4 4 53 60
93 1 2 4 4 53 11
94 1 2 4 4 53 5
95 1 2 4 4 53 54
96 1 2 4 4 53 61
97 1 2 4 4 53 12
98 1 2 4 4 60 11
99 1 2 4 4 60 5
100 1 2 4 4 60 54
101 1 2 4 4 60 61
102 1 2 4 4 60 12
103 1 2 4 4 11 5
104 1 2 4 4 11 54
105 1 2 4 4 11 61
106 1 2 4 4 11 12
107 1 2 4 4 5 54
108 1 2 4 4 5 61
109 1 2 4 4 5 12
110 1 2 4 4 54 61
111 1 2 4 4 54 12
112 1 2 4 4 61 12
113 1 2 5 5 5 54
114 1 2 5 5 5 61
115 1 2 5 5 5 12
116 1 2 5 5 5 6
117 1 2 5 5 5 55
118 1 2 5 5 5 62
119 1 2 5 5 5 13
120 1 2 5 5 54 61
121 1 2 5 5 54 12
122 1 2 5 5 54 6
123 1 2 5 5 54 55
124 1 2 5 5 54 62
125 1 2 5 5 54 13
126 1 2 5 5 61 12
127 1 2 5 5 61 6
128 1 2 5 5 61 55
129 1 2 5 5 61 62
130 1 2 5 5 61 13
131 1 2 5 5 12 6
132 1 2 5 5 12 55
133 1 2 5 5 12 62
134 1 2 5 5 12 13
135 1 2 5 5 6 55
136 1 2 5 5 6 62
137 1 2 5 5 6 13
138 1 2 5 5 55 62
139 1 2 5 5 55 13
140 1 2 5 5 62 13
141 1 2 6 6 6 55
142 1 2 6 6 6 62
143 1 2 6 6 6 13
144 1 2 6 6 6 7
145 1 2 6 6 6 56
146 1 2 6 6 6 63
147 1 2 6 6 6 14
148 1 2 6 6 55 62
149 1 2 6 6 55 13
150 1 2 6 6 55 7
151 1 2 6 6 55 56
152 1 2 6 6 55 63
153 1 2 6 6 55 14
154 1 2 6 6 62 13
155 1 2 6 6 62 7
156 1 2 6 6 62 56
157 1 2 6 6 62 63
158 1 2 6 6 62 14
159 1 2 6 6 13 7
160 1 2 6 6 13 56
161 1 2 6 6 13 63
162 1 2 6 6 13 14
163 1 2 6 6 7 56
164 1 2 6 6 7 63
165 1 2 6 6 7 14
166 1 2 6 6 56 63
167 1 2 6 6 56 14
168 1 2 6 6 63 14
169 1 2 7 7 8 57
170 1 2 7 7 8 64
171 1 2 7 7 8 15
172 1 2 7 7 8 9
173 1 2 7 7 8 58
174 1 2 7 7 8 65
175 1 2 7 7 8 16
176 1 2 7 7 57 64
177 1 2 7 7 57 15
178 1 2 7 7 57 9
179 1 2 7 7 57 58
180 1 2 7 7 57 65
181 1 2 7 7 57 16
182 1 2 7 7 64 15
183 1 2 7 7 64 9
184 1 2 7 7 64 58
185 1 2 7 7 64 65
186 1 2 7 7 64 16
187 1 2 7 7 15 9
188 1 2 7 7 15 58
189 1 2 7 7 15 65
190 1 2 7 7 15 16
191 1 2 7 7 9 58
192 1 2 7 7 9 65
193 1 2 7 7 9 16
194 1 2 7 7 58 65
195 1 2 7 7 58 16
196 1 2 7 7 65 16
197 1 2 8 8 9 58
198 1 2 8 8 9 65
199 1 2 8 8 9 16
200 1 2 8 8 9 10
201 1 2 8 8 9 59
202 1 2 8 8 9 66
203 1 2 8 8 9 17
204 1 2 8 8 58 65
205 1 2 8 8 58 16
206 1 2 8 8 58 10
207 1 2 8 8 58 59
208 1 2 8 8 58 66
209 1 2 8 8 58 17
210 1 2 8 8 65 16
211 1 2 8 8 65 10
212 1 2 8 8 65 59
213 1 2 8 8 65 66
214 1 2 8 8 65 17
215 1 2 8 8 16 10
216 1 2 8 8 16 59
217 1 2 8 8 16 66
218 1 2 8 8 16 17
219 1 2 8 8 10 59
220 1 2 8 8 10 66
221 1 2 8 8 10 17
222 1 2 8 8 59 66
223 1 2 8 8 59 17
224 1 2 8 8 66 17
225 1 2 9 9 10 59
226 1 2 9 9 10 66
227 1 2 9 9 10 17
228 1 2 9 9 10 11
229 1 2 9 9 10 60
230 1 2 9 9 10 67
231 1 2 9 9 10 18
232 1 2 9 9 59 66
233 1 2 9 9 59 17
234 1 2 9 9 59 11
235 1 2 9 9 59 60
236 1 2 9 9 59 67
237 1 2 9 9 59 18
238 1 2 9 9 66 17
239 1 2 9 9 66 11
240 1 2 9 9 66 60
241 1 2 9 9 66 67
242 1 2 9 9 66 18
243 1 2 9 9 17 11
244 1 2 9 9 17 60
245 1 2 9 9 17 67
246 1 2 9 9 17 18
247 1 2 9 9 11 60
248 1 2 9 9 11 67
249 1 2 9 9 11 18
250 1 2 9 9 60 67
251 1 2 9 9 60 18
252 1 2 9 9 67 18
253 1 2 10 10 11 60
254 1 2 10 10 11 67
255 1 2 10 10 11 18
256 1 2 10 10 11 12
257 1 2 10 10 11 61
258 1 2 10 10 11 68
259 1 2 10 10 11 19
260 1 2 10 10 60 67
261 1 2 10 10 60 18
262 1 2 10 10 60 12
263 1 2 10 10 60 61
264 1 2 10 10 60 68
265 1 2 10 10 60 19
266 1 2 10 10 67 18
267 1 2 10 10 67 12
268 1 2 10 10 67 61
269 1 2 10 10 67 68
270 1 2 10 10 67 19
271 1 2 10 10 18 12
272 1 2 10 10 18 61
273 1 2 10 10 18 68
274 1 2 10 10 18 19
275 1 2 10 10 12 61
276 1 2 10 10 12 68
277 1 2 10 10 12 19
278 1 2 10 10 61 68
279 1 2 10 10 61 19
280 1 2 10 10 68 19
281 1 2 11 11 12 61
282 1 2 11 11 12 68
283 1 2 11 11 12 19
284 1 2 11 11 12 13
285 1 2 11 11 12 62
286 1 2 11 11 12 69
287 1 2 11 11 12 20
288 1 2 11 11 61 68
289 1 2 11 11 61 19
290 1 2 11 11 61 13
291 1 2 11 11 61 62
292 1 2 11 11 61 69
293 1 2 11 11 61 20
294 1 2 11 11 68 19
295 1 2 11 11 68 13
296 1 2 11 11 68 62
297 1 2 11 11 68 69
298 1 2 11 11 68 20
299 1 2 11 11 19 13
300 1 2 11 11 19 62
301 1 2 11 11 19 69
302 1 2 11 11 19 20
303 1 2 11 11 13 62
304 1 2 11 11 13 69
305 1 2 11 11 13 20
306 1 2 11 11 62 69
307 1 2 11 11 62 20
308 1 2 11 11 69 20
309 1 2 12 12 13 62
310 1 2 12 12 13 69
311 1 2 12 12 13 20
312 1 2 12 12 13 14
313 1 2 12 12 13 63
314 1 2 12 12 13 70
315 1 2 12 12 13 21
316 1 2 12 12 62 69
317 1 2 12 12 62 20
318 1 2 12 12 62 14
319 1 2 12 12 62 63
320 1 2 12 12 62 70
321 1 2 12 12 62 21
322 1 2 12 12 69 20
323 1 2 12 12 69 14
324 1 2 12 12 69 63
325 1 2 12 12 69 70
326 1 2 12 12 69 21
327 1 2 12 12 20 14
328 1 2 12 12 20 63
329 1 2 12 12 20 70
330 1 2 12 12 20 21
331 1 2 12 12 14 63
332 1 2 12 12 14 70
333 1 2 12 12 14 21
334 1 2 12 12 63 70
335 1 2 12 12 63 21
336 1 2 12 12 70 21
337 1 2 13 13 15 64
338 1 2 13 13 15 71
339 1 2 13 13 15 22
340 1 2 13 13 15 16
341 1 2 13 13 15 65
342 1 2 13 13 15 72
343 1 2 13 13 15 23
344 1 2 13 13 64 71
345 1 2 13 13 64 22
346 1 2 13 13 64 16
347 1 2 13 13 64 65
348 1 2 13 13 64 72
349 1 2 13 13 64 23
350 1 2 13 13 71 22
351 1 2 13 13 71 16
352 1 2 13 13 71 65
353 1 2 13 13 71 72
354 1 2 13 13 71 23
355 1 2 13 13 22 16
356 1 2 13 13 22 65
357 1 2 13 13 22 72
358 1 2 13 13 22 23
359 1 2 13 13 16 65
360 1 2 13 13 16 72
361 1 2 13 13 16 23
362 1 2 13 13 65 72
363 1 2 13 13 65 23
364 1 2 13 13 72 23
365 1 2 14 14 16 65
366 1 2 14 14 16 72
367 1 2 14 14 16 23
368 1 2 14 14 16 17
369 1 2 14 14 16 66
370 1 2 14 14 16 73
371 1 2 14 14 16 24
372 1 2 14 14 65 72
373 1 2 14 14 65 23
374 1 2 14 14 65 17
375 1 2 14 14 65 66
376 1 2 14 14 65 73
377 1 2 14 14 65 24
378 1 2 14 14 72 23
379 1 2 14 14 72 17
380 1 2 14 14 72 66
381 1 2 14 14 72 73
382 1 2 14 14 72 24
383 1 2 14 14 23 17
384 1 2 14 14 23 66
385 1 2 14 14 23 73
386 1 2 14 14 23 24
387 1 2 14 14 17 66
388 1 2 14 14 17 73
389 1 2 14 14 17 24
390 1 2 14 14 66 73
391 1 2 14 14 66 24
392 1 2 14 14 73 24
393 1 2 15 15 17 66
394 1 2 15 15 17 73
395 1 2 15 15 17 24
396 1 2 15 15 17 18
397 1 2 15 15 17 67
398 1 2 15 15 17 74
399 1 2 15 15 17 25
400 1 2 15 15 66 73
401 1 2 15 15 66 24
402 1 2 15 15 66 18
403 1 2 15 15 66 67
404 1 2 15 15 66 74
405 1 2 15 15 66 25
406 1 2 15 15 73 24
407 1 2 15 15 73 18
408 1 2 15 15 73 67
409 1 2 15 15 73 74
410 1 2 15 15 73 25
411 1 2 15 15 24 18
412 1 2 15 15 24 67
413 1 2 15 15 24 74
414 1 2 15 15 24 25
415 1 2 15 15 18 67
416 1 2 15 15 18 74
417 1 2 15 15 18 25
418 1 2 15 15 67 74
419 1 2 15 15 67 25
420 1 2 15 15 74 25
421 1 2 16 16 18 67
422 1 2 16 16 18 74
423 1 2 16 16 18 25
424 1 2 16 16 18 19
425 1 2 16 16 18 68
426 1 2 16 16 18 75
427 1 2 16 16 18 26
428 1 2 16 16 67 74
429 1 2 16 16 67 25
430 1 2 16 16 67 19
431 1 2 16 16 67 68
432 1 2 16 16 67 75
433 1 2 16 16 67 26
434 1 2 16 16 74 25
435 1 2 16 16 74 19
436 1 2 16 16 74 68
437 1 2 16 16 74 75
438 1 2 16 16 74 26
439 1 2 16 16 25 19
440 1 2 16 16 25 68
441 1 2 16 16 25 75
442 1 2 16 16 25 26
443 1 2 16 16 19 68
444 1 2 16 16 19 75
445 1 2 16 16 19 26
446 1 2 16 16 68 75
447 1 2 16 16 68 26
448 1 2 16 16 75 26
449 1 2 17 17 19 68
450 1 2 17 17 19 75
451 1 2 17 17 19 26
452 1 2 17 17 19 20
453 1 2 17 17 19 69
454 1 2 17 17 19 76
455 1 2 17 17 19 27
456 1 2 17 17 68 75
457 1 2 17 17 68 26
458 1 2 17 17 68 20
459 1 2 17 17 68 69
460 1 2 17 17 68 76
461 1 2 17 17 68 27
462 1 2 17 17 75 26
463 1 2 17 17 75 20
464 1 2 17 17 75 69
465 1 2 17 17 75 76
466 1 2 17 17 75 27
467 1 2 17 17 26 20
468 1 2 17 17 26 69
469 1 2 17 17 26 76
470 1 2 17 17 26 27
471 1 2 17 17 20 69
472 1 2 17 17 20 76
473 1 2 17 17 20 27
474 1 2 17 17 69 76
475 1 2 17 17 69 27
476 1 2 17 17 76 27
477 1 2 18 18 20 69
478 1 2 18 18 20 76
479 1 2 18 18 20 27
480 1 2 18 18 20 21
481 1 2 18 18 20 70
482 1 2 18 18 20 77
483 1 2 18 18 20 28
484 1 2 18 18 69 76
485 1 2 18 18 69 27
486 1 2 18 18 69 21
487 1 2 18 18 69 70
488 1 2 18 18 69 77
489 1 2 18 18 69 28
490 1 2 18 18 76 27
491 1 2 18 18 76 21
492 1 2 18 18 76 70
493 1 2 18 18 76 77
494 1 2 18 18 76 28
495 1 2 18 18 27 21
496 1 2 18 18 27 70
497 1 2 18 18 27 77
498 1 2 18 18 27 28
499 1 2 18 18 21 70
500 1 2 18 18 21 77
501 1 2 18 18 21 28
502 1 2 18 18 70 77
503 1 2 18 18 70 28
504 1 2 18 18 77 28
505 1 2 19 19 22 71
506 1 2 19 19 22 78
507 1 2 19 19 22 29
508 1 2 19 19 22 23
509 1 2 19 19 22 72
510 1 2 19 19 22 79
511 1 2 19 19 22 30
512 1 2 19 19 71 78
513 1 2 19 19 71 29
514 1 2 19 19 71 23
515 1 2 19 19 71 72
516 1 2 19 19 71 79
517 1 2 19 19 71 30
518 1 2 19 19 78 29
519 1 2 19 19 78 23
520 1 2 19 19 78 72
521 1 2 19 19 78 79
522 1 2 19 19 78 30
523 1 2 19 19 29 23
524 1 2 19 19 29 72
525 1 2 19 19 29 79
526 1 2 19 19 29 30
527 1 2 19 19 23 72
528 1 2 19 19 23 79
529 1 2 19 19 23 30
530 1 2 19 19 72 79
531 1 2 19 19 72 30
532 1 2 19 19 79 30
533 1 2 20 20 23 72
534 1 2 20 20 23 79
535 1 2 20 20 23 30
536 1 2 20 20 23 24
537 1 2 20 20 23 73
538 1 2 20 20 23 80
539 1 2 20 20 23 31
540 1 2 20 20 72 79
541 1 2 20 20 72 30
542 1 2 20 20 72 24
543 1 2 20 20 72 73
544 1 2 20 20 72 80
545 1 2 20 20 72 31
546 1 2 20 20 79 30
547 1 2 20 20 79 24
548 1 2 20 20 79 73
549 1 2 20 20 79 80
550 1 2 20 20 79 31
551 1 2 20 20 30 24
552 1 2 20 20 30 73
553 1 2 20 20 30 80
554 1 2 20 20 30 31
555 1 2 20 20 24 73
556 1 2 20 20 24 80
557 1 2 20 20 24 31
558 1 2 20 20 73 80
559 1 2 20 20 73 31
560 1 2 20 20 80 31
561 1 2 21 21 24 73
562 1 2 21 21 24 80
563 1 2 21 21 24 31
564 1 2 21 21 24 25
565 1 2 21 21 24 74
566 1 2 21 21 24 81
567 1 2 21 21 24 32
568 1 2 21 21 73 80
569 1 2 21 21 73 31
570 1 2 21 21 73 25
571 1 2 21 21 73 74
572 1 2 21 21 73 81
573 1 2 21 21 73 32
574 1 2 21 21 80 31
575 1 2 21 21 80 25
576 1 2 21 21 80 74
577 1 2 21 21 80 81
578 1 2 21 21 80 32
579 1 2 21 21 31 25
580 1 2 21 21 31 74
581 1 2 21 21 31 81
582 1 2 21 21 31 32
583 1 2 21 21 25 74
584 1 2 21 21 25 81
585 1 2 21 21 25 32
586 1 2 21 21 74 81
587 1 2 21 21 74 32
588 1 2 21 21 81 32
589 1 2 22 22 25 74
590 1 2 22 22 25 81
591 1 2 22 22 25 32
592 1 2 22 22 25 26
593 1 2 22 22 25 75
594 1 2 22 22 25 82
595 1 2 22 22 25 33
596 1 2 22 22 74 81
597 1 2 22 22 74 32
598 1 2 22 22 74 26
599 1 2 22 22 74 75
600 1 2 22 22 74 82
601 1 2 22 22 74 33
602 1 2 22 22 81 32
603 1 2 22 22 81 26
604 1 2 22 22 81 75
605 1 2 22 22 81 82
606 1 2 22 22 81 33
607 1 2 22 22 32 26
608 1 2 22 22 32 75
609 1 2 22 22 32 82
610 1 2 22 22 32 33
611 1 2 22 22 26 75
612 1 2 22 22 26 82
613 1 2 22 22 26 33
614 1 2 22 22 75 82
615 1 2 22 22 75 33
616 1 2 22 22 82 33
617 1 2 23 23 26 75
618 1 2 23 23 26 82
619 1 2 23 23 26 33
620 1 2 23 23 26 27
621 1 2 23 23 26 76
622 1 2 23 23 26 83
623 1 2 23 23 26 34
624 1 2 23 23 75 82
625 1 2 23 23 75 33
626 1 2 23 23 75 27
627 1 2 23 23 75 76
628 1 2 23 23 75 83
629 1 2 23 23 75 34
630 1 2 23 23 82 33
631 1 2 23 23 82 27
632 1 2 23 23 82 76
633 1 2 23 23 82 83
634 1 2 23 23 82 34
635 1 2 23 23 33 27
636 1 2 23 23 33 76
637 1 2 23 23 33 83
638 1 2 23 23 33 34
639 1 2 23 23 27 76
640 1 2 23 23 27 83
641 1 2 23 23 27 34
642 1 2 23 23 76 83
643 1 2 23 23 76 34
644 1 2 23 23 83 34
645 1 2 24 24 27 76
646 1 2 24 24 27 83
647 1 2 24 24 27 34
648 1 2 24 24 27 28
649 1 2 24 24 27 77
650 1 2 24 24 27 84
651 1 2 24 24 27 35
652 1 2 24 24 76 83
653 1 2 24 24 76 34
654 1 2 24 24 76 28
655 1 2 24 24 76 77
656 1 2 24 24 76 84
657 1 2 24 24 76 35
658 1 2 24 24 83 34
659 1 2 24 24 83 28
660 1 2 24 24 83 77
661 1 2 24 24 83 84
662 1 2 24 24 83 35
663 1 2 24 24 34 28
664 1 2 24 24 34 77
665 1 2 24 24 34 84
666 1 2 24 24 34 35
667 1 2 24 24 28 77
668 1 2 24 24 28 84
669 1 2 24 24 28 35
670 1 2 24 24 77 84
671 1 2 24 24 77 35
672 1 2 24 24 84 35
673 1 2 25 25 29 78
674 1 2 25 25 29 85
675 1 2 25 25 29 36
676 1 2 25 25 29 30
677 1 2 25 25 29 79
678 1 2 25 25 29 86
679 1 2 25 25 29 37
680 1 2 25 25 78 85
681 1 2 25 25 78 36
682 1 2 25 25 78 30
683 1 2 25 25 78 79
684 1 2 25 25 78 86
685 1 2 25 25 78 37
686 1 2 25 25 85 36
687 1 2 25 25 85 30
688 1 2 25 25 85 79
689 1 2 25 25 85 86
690 1 2 25 25 85 37
691 1 2 25 25 36 30
692 1 2 25 25 36 79
693 1 2 25 25 36 86
694 1 2 25 25 36 37
695 1 2 25 25 30 79
696 1 2 25 25 30 86
697 1 2 25 25 30 37
698 1 2 25 25 79 86
699 1 2 25 25 79 37
700 1 2 25 25 86 37
701 1 2 26 26 30 79
702 1 2 26 26 30 86
703 1 2 26 26 30 37
704 1 2 26 26 30 31
705 1 2 26 26 30 80
706 1 2 26 26 30 87
707 1 2 26 26 30 38
708 1 2 26 26 79 86
709 1 2 26 26 79 37
710 1 2 26 26 79 31
711 1 2 26 26 79 80
712 1 2 26 26 79 87
713 1 2 26 26 79 38
714 1 2 26 26 86 37
715 1 2 26 26 86 31
716 1 2 26 26 86 80
717 1 2 26 26 86 87
718 1 2 26 26 86 38
719 1 2 26 26 37 31
720 1 2 26 26 37 80
721 1 2 26 26 37 87
722 1 2 26 26 37 38
723 1 2 26 26 31 80
724 1 2 26 26 31 87
725 1 2 26 26 31 38
726 1 2 26 26 80 87
727 1 2 26 26 80 38
728 1 2 26 26 87 38
729 1 2 27 27 31 80
730 1 2 27 27 31 87
731 1 2 27 27 31 38
732 1 2 27 27 31 32
733 1 2 27 27 31 81
734 1 2 27 27 31 88
735 1 2 27 27 31 39
736 1 2 27 27 80 87
737 1 2 27 27 80 38
738 1 2 27 27 80 32
739 1 2 27 27 80 81
740 1 2 27 27 80 88
741 1 2 27 27 80 39
742 1 2 27 27 87 38
743 1 2 27 27 87 32
744 1 2 27 27 87 81
745 1 2 27 27 87 88
746 1 2 27 27 87 39
747 1 2 27 27 38 32
748 1 2 27 27 38 81
749 1 2 27 27 38 88
750 1 2 27 27 38 39
751 1 2 27 27 32 81
752 1 2 27 27 32 88
753 1 2 27 27 32 39
754 1 2 27 27 81 88
755 1 2 27 27 81 39
756 1 2 27 27 88 39
757 1 2 28 28 32 81
758 1 2 28 28 32 88
759 1 2 28 28 32 39
760 1 2 28 28 32 33
761 1 2 28 28 32 82
762 1 2 28 28 32 89
763 1 2 28 28 32 40
764 1 2 28 28 81 88
765 1 2 28 28 81 39
766 1 2 28 28 81 33
767 1 2 28 28 81 82
768 1 2 28 28 81 89
769 1 2 28 28 81 40
770 1 2 28 28 88 39
771 1 2 28 28 88 33
772 1 2 28 28 88 82
773 1 2 28 28 88 89
774 1 2 28 28 88 40
775 1 2 28 28 39 33
776 1 2 28 28 39 82
777 1 2 28 28 39 89
778 1 2 28 28 39 40
779 1 2 28 28 33 82
780 1 2 28 28 33 89
781 1 2 28 28 33 40
782 1 2 28 28 82 89
783 1 2 28 28 82 40
784 1 2 28 28 89 40
785 1 2 29 29 33 82
786 1 2 29 29 33 89
787 1 2 29 29 33 40
788 1 2 29 29 33 34
789 1 2 29 29 33 83
790 1 2 29 29 33 90
791 1 2 29 29 33 41
792 1 2 29 29 82 89
793 1 2 29 29 82 40
794 1 2 29 29 82 34
795 1 2 29 29 82 83
796 1 2 29 29 82 90
797 1 2 29 29 82 41
798 1 2 29 29 89 40
799 1 2 29 29 89 34
800 1 2 29 29 89 83
801 1 2 29 29 89 90
802 1 2 29 29 89 41
803 1 2 29 29 40 34
804 1 2 29 29 40 83
805 1 2 29 29 40 90
806 1 2 29 29 40 41
807 1 2 29 29 34 83
808 1 2 29 29 34 90
809 1 2 29 29 34 41
810 1 2 29 29 83 90
811 1 2 29 29 83 41
812 1 2 29 29 90 41
813 1 2 30 30 34 83
814 1 2 30 30 34 90
815 1 2 30 30 34 41
816 1 2 30 30 34 35
817 1 2 30 30 34 84
818 1 2 30 30 34 91
819 1 2 30 30 34 42
820 1 2 30 30 83 90
821 1 2 30 30 83 41
822 1 2 30 30 83 35
823 1 2 30 30 83 84
824 1 2 30 30 83 91
825 1 2 30 30 83 42
826 1 2 30 30 90 41
827 1 2 30 30 90 35
828 1 2 30 30 90 84
829 1 2 30 30 90 91
830 1 2 30 30 90 42
831 1 2 30 30 41 35
832 1 2 30 30 41 84
833 1 2 30 30 41 91
834 1 2 30 30 41 42
835 1 2 30 30 35 84
836 1 2 30 30 35 91
837 1 2 30 30 35 42
838 1 2 30 30 84 91
839 1 2 30 30 84 42
840 1 2 30 30 91 42
841 1 2 31 31 36 85
842 1 2 31 31 36 92
843 1 2 31 31 36 43
844 1 2 31 31 36 37
845 1 2 31 31 36 86
846 1 2 31 31 36 93
847 1 2 31 31 36 44
848 1 2 31 31 85 92
849 1 2 31 31 85 43
850 1 2 31 31 85 37
851 1 2 31 31 85 86
852 1 2 31 31 85 93
853 1 2 31 31 85 44
854 1 2 31 31 92 43
855 1 2 31 31 92 37
856 1 2 31 31 92 86
857 1 2 31 31 92 93
858 1 2 31 31 92 44
859 1 2 31 31 43 37
860 1 2 31 31 43 86
861 1 2 31 31 43 93
862 1 2 31 31 43 44
863 1 2 31 31 37 86
864 1 2 31 31 37 93
865 1 2 31 31 37 44
866 1 2 31 31 86 93
867 1 2 31 31 86 44
868 1 2 31 31 93 44
869 1 2 32 32 37 86
870 1 2 32 32 37 93
871 1 2 32 32 37 44
872 1 2 32 32 37 38
873 1 2 32 32 37 87
874 1 2 32 32 37 94
875 1 2 32 32 37 45
876 1 2 32 32 86 93
877 1 2 32 32 86 44
878 1 2 32 32 86 38
879 1 2 32 32 86 87
880 1 2 32 32 86 94
881 1 2 32 32 86 45
882 1 2 32 32 93 44
883 1 2 32 32 93 38
884 1 2 32 32 93 87
885 1 2 32 32 93 94
886 1 2 32 32 93 45
887 1 2 32 32 44 38
888 1 2 32 32 44 87
889 1 2 32 32 44 94
890 1 2 32 32 44 45
891 1 2 32 32 38 87
892 1 2 32 32 38 94
893 1 2 32 32 38 45
894 1 2 32 32 87 94
895 1 2 32 32 87 45
896 1 2 32 32 94 45
897 1 2 33 33 38 87
898 1 2 33 33 38 94
899 1 2 33 33 38 45
900 1 2 33 33 38 39
901 1 2 33 33 38 88
902 1 2 33 33 38 95
903 1 2 33 33 38 46
904 1 2 33 33 87 94
905 1 2 33 33 87 45
906 1 2 33 33 87 39
907 1 2 33 33 87 88
908 1 2 33 33 87 95
909 1 2 33 33 87 46
910 1 2 33 33 94 45
911 1 2 33 33 94 39
912 1 2 33 33 94 88
913 1 2 33 33 94 95
914 1 2 33 33 94 46
915 1 2 33 33 45 39
916 1 2 33 33 45 88
917 1 2 33 33 45 95
918 1 2 33 33 45 46
919 1 2 33 33 39 88
920 1 2 33 33 39 95
921 1 2 33 33 39 46
922 1 2 33 33 88 95
923 1 2 33 33 88 46
924 1 2 33 33 95 46
925 1 2 34 34 39 88
926 1 2 34 34 39 95
927 1 2 34 34 39 46
928 1 2 34 34 39 40
929 1 2 34 34 39 89
930 1 2 34 34 39 96
931 1 2 34 34 39 47
932 1 2 34 34 88 95
933 1 2 34 34 88 46
934 1 2 34 34 88 40
935 1 2 34 34 88 89
936 1 2 34 34 88 96
937 1 2 34 34 88 47
938 1 2 34 34 95 46
939 1 2 34 34 95 40
940 1 2 34 34 95 89
941 1 2 34 34 95 96
942 1 2 34 34 95 47
943 1 2 34 34 46 40
944 1 2 34 34 46 89
945 1 2 34 34 46 96
946 1 2 34 34 46 47
947 1 2 34 34 40 89
948 1 2 34 34 40 96
949 1 2 34 34 40 47
950 1 2 34 34 89 96
951 1 2 34 34 89 47
952 1 2 34 34 96 47
953 1 2 35 35 40 89
954 1 2 35 35 40 96
955 1 2 35 35 40 47
956 1 2 35 35 40 41
957 1 2 35 35 40 90
958 1 2 35 35 40 97
959 1 2 35 35 40 48
960 1 2 35 35 89 96
961 1 2 35 35 89 47
962 1 2 35 35 89 41
963 1 2 35 35 89 90
964 1 2 35 35 89 97
965 1 2 35 35 89 48
966 1 2 35 35 96 47
967 1 2 35 35 96 41
968 1 2 35 35 96 90
969 1 2 35 35 96 97
970 1 2 35 35 96 48
971 1 2 35 35 47 41
972 1 2 35 35 47 90
973 1 2 35 35 47 97
974 1 2 35 35 47 48
975 1 2 35 35 41 90
976 1 2 35 35 41 97
977 1 2 35 35 41 48
978 1 2 35 35 90 97
979 1 2 35 35 90 48
980 1 2 35 35 97 48
981 1 2 36 36 41 90
982 1 2 36 36 41 97
983 1 2 36 36 41 48
984 1 2 36 36 41 42
985 1 2 36 36 41 91
986 1 2 36 36 41 98
987 1 2 36 36 41 49
988 1 2 36 36 90 97
989 1 2 36 36 90 48
990 1 2 36 36 90 42
991 1 2 36 36 90 91
992 1 2 36 36 90 98
993 1 2 36 36 90 49
994 1 2 36 36 97 48
995 1 2 36 36 97 42
996 1 2 36 36 97 91
997 1 2 36 36 97 98
998 1 2 36 36 97 49
999 1 2 36 36 48 42
1000 1 2 36 36 48 91
1001 1 2 36 36 48 98
1002 1 2 36 36 48 49
1003 1 2 36 36 42 91
1004 1 2 36 36 42 98
1005 1 2 36 36 42 49
1006 1 2 36 36 91 98
1007 1 2 36 36 91 49
1008 1 2 36 36 98 49
1009 1 2 37 37 50 99
1010 1 2 37 37 50 106
1011 1 2 37 37 50 57
1012 1 2 37 37 50 51
1013 1 2 37 37 50 100
1014 1 2 37 37 50 107
1015 1 2 37 37 50 58
1016 1 2 37 37 99 106
1017 1 2 37 37 99 57
1018 1 2 37 37 99 51
1019 1 2 37 37 99 100
1020 1 2 37 37 99 107
1021 1 2 37 37 99 58
1022 1 2 37 37 106 57
1023 1 2 37 37 106 51
1024 1 2 37 37 106 100
1025 1 2 37 37 106 107
1026 1 2 37 37 106 58
1027 1 2 37 37 57 51
1028 1 2 37 37 57 100
1029 1 2 37 37 57 107
1030 1 2 37 37 57 58
1031 1 2 37 37 51 100
1032 1 2 37 37 51 107
1033 1 2 37 37 51 58
1034 1 2 37 37 100 107
1035 1 2 37 37 100 58
1036 1 2 37 37 107 58
1037 1 2 38 38 51 100
1038 1 2 38 38 51 107
1039 1 2 38 38 51 58
1040 1 2 38 38 51 52
1041 1 2 38 38 51 101
1042 1 2 38 38 51 108
1043 1 2 38 38 51 59
1044 1 2 38 38 100 107
1045 1 2 38 38 100 58
1046 1 2 38 38 100 52
1047 1 2 38 38 100 101
1048 1 2 38 38 100 108
1049 1 2 38 38 100 59
1050 1 2 38 38 107 58
1051 1 2 38 38 107 52
1052 1 2 38 38 107 101
1053 1 2 38 38 107 108
1054 1 2 38 38 107 59
1055 1 2 38 38 58 52
1056 1 2 38 38 58 101
1057 1 2 38 38 58 108
1058 1 2 38 38 58 59
1059 1 2 38 38 52 101
1060 1 2 38 38 52 108
1061 1 2 38 38 52 59
1062 1 2 38 38 101 108
1063 1 2 38 38 101 59
1064 1 2 38 38 108 59
1065 1 2 39 39 52 101
1066 1 2 39 39 52 108
1067 1 2 39 39 52 59
1068 1 2 39 39 52 53
1069 1 2 39 39 52 102
1070 1 2 39 39 52 109
1071 1 2 39 39 52 60
1072 1 2 39 39 101 108
1073 1 2 39 39 101 59
1074 1 2 39 39 101 53
1075 1 2 39 39 101 102
1076 1 2 39 39 101 109
1077 1 2 39 39 101 60
1078 1 2 39 39 108 59
1079 1 2 39 39 108 53
1080 1 2 39 39 108 102
1081 1 2 39 39 108 109
1082 1 2 39 39 108 60
1083 1 2 39 39 59 53
1084 1 2 39 39 59 102
1085 1 2 39 39 59 109
1086 1 2 39 39 59 60
1087 1 2 39 39 53 102
1088 1 2 39 39 53 109
1089 1 2 39 39 53 60
1090 1 2 39 39 102 109
1091 1 2 39 39 102 60
1092 1 2 39 39 109 60
1093 1 2 40 40 53 102
1094 1 2 40 40 53 109
1095 1 2 40 40 53 60
1096 1 2 40 40 53 54
1097 1 2 40 40 53 103
1098 1 2 40 40 53 110
1099 1 2 40 40 53 61
1100 1 2 40 40 102 109
1101 1 2 40 40 102 60
1102 1 2 40 40 102 54
1103 1 2 40 40 102 103
1104 1 2 40 40 102 110
1105 1 2 40 40 102 61
1106 1 2 40 40 109 60
1107 1 2 40 40 109 54
1108 1 2 40 40 109 103
1109 1 2 40 40 109 110
1110 1 2 40 40 109 61
1111 1 2 40 40 60 54
1112 1 2 40 40 60 103
1113 1 2 40 40 60 110
1114 1 2 40 40 60 61
1115 1 2 40 40 54 103
1116 1 2 40 40 54 110
1117 1 2 40 40 54 61
1118 1 2 40 40 103 110
1119 1 2 40 40 103 61
1120 1 2 40 40 110 61
1121 1 2 41 41 54 103
1122 1 2 41 41 54 110
1123 1 2 41 41 54 61
1124 1 2 41 41 54 55
1125 1 2 41 41 54 104
1126 1 2 41 41 54 111
1127 1 2 41 41 54 62
1128 1 2 41 41 103 110
1129 1 2 41 41 103 61
1130 1 2 41 41 103 55
1131 1 2 41 41 103 104
1132 1 2 41 41 103 111
1133 1 2 41 41 103 62
1134 1 2 41 41 110 61
1135 1 2 41 41 110 55
1136 1 2 41 41 110 104
1137 1 2 41 41 110 111
1138 1 2 41 41 110 62
1139 1 2 41 41 61 55
1140 1 2 41 41 61 104
1141 1 2 41 41 61 111
1142 1 2 41 41 61 62
1143 1 2 41 41 55 104
1144 1 2 41 41 55 111
1145 1 2 41 41 55 62
1146 1 2 41 41 104 111
1147 1 2 41 41 104 62
1148 1 2 41 41 111 62
1149 1 2 42 42 55 104
1150 1 2 42 42 55 111
1151 1 2 42 42 55 62
1152 1 2 42 42 55 56
1153 1 2 42 42 55 105
1154 1 2 42 42 55 112
1155 1 2 42 42 55 63
1156 1 2 42 42 104 111
1157 1 2 42 42 104 62
1158 1 2 42 42 104 56
1159 1 2 42 42 104 105
1160 1 2 42 42 104 112
1161 1 2 42 42 104 63
1162 1 2 42 42 111 62
1163 1 2 42 42 111 56
1164 1 2 42 42 111 105
1165 1 2 42 42 111 112
1166 1 2 42 42 111 63
1167 1 2 42 42 62 56
1168 1 2 42 42 62 105
1169 1 2 42 42 62 112
1170 1 2 42 42 62 63
1171 1 2 42 42 56 105
1172 1 2 42 42 56 112
1173 1 2 42 42 56 63
1174 1 2 42 42 105 112
1175 1 2 42 42 105 63
1176 1 2 42 42 112 63
1177 1 2 43 43 57 106
1178 1 2 43 43 57 113
1179 1 2 43 43 57 64
1180 1 2 43 43 57 58
1181 1 2 43 43 57 107
1182 1 2 43 43 57 114
1183 1 2 43 43 57 65
1184 1 2 43 43 106 113
1185 1 2 43 43 106 64
1186 1 2 43 43 106 58
1187 1 2 43 43 106 107
1188 1 2 43 43 106 114
1189 1 2 43 43 106 65
1190 1 2 43 43 113 64
1191 1 2 43 43 113 58
1192 1 2 43 43 113 107
1193 1 2 43 43 113 114
1194 1 2 43 43 113 65
1195 1 2 43 43 64 58
1196 1 2 43 43 64 107
1197 1 2 43 43 64 114
1198 1 2 43 43 64 65
1199 1 2 43 43 58 107
1200 1 2 43 43 58 114
1201 1 2 43 43 58 65
1202 1 2 43 43 107 114
1203 1 2 43 43 107 65
1204 1 2 43 43 114 65
1205 1 2 44 44 58 107
1206 1 2 44 44 58 114
1207 1 2 44 44 58 65
1208 1 2 44 44 58 59
1209 1 2 44 44 58 108
1210 1 2 44 44 58 115
1211 1 2 44 44 58 66
1212 1 2 44 44 107 114
1213 1 2 44 44 107 65
1214 1 2 44 44 107 59
1215 1 2 44 44 107 108
1216 1 2 44 44 107 115
1217 1 2 44 44 107 66
1218 1 2 44 44 114 65
1219 1 2 44 44 114 59
1220 1 2 44 44 114 108
1221 1 2 44 44 114 115
1222 1 2 44 44 114 66
1223 1 2 44 44 65 59
1224 1 2 44 44 65 108
1225 1 2 44 44 65 115
1226 1 2 44 44 65 66
1227 1 2 44 44 59 108
1228 1 2 44 44 59 115
1229 1 2 44 44 59 66
1230 1 2 44 44 108 115
1231 1 2 44 44 108 66
1232 1 2 44 44 115 66
1233 1 2 45 45 59 108
1234 1 2 45 45 59 115
1235 1 2 45 45 59 66
1236 1 2 45 45 59 60
1237 1 2 45 45 59 109
1238 1 2 45 45 59 116
1239 1 2 45 45 59 67
1240 1 2 45 45 108 115
1241 1 2 45 45 108 66
1242 1 2 45 45 108 60
1243 1 2 45 45 108 109
1244 1 2 45 45 108 116
1245 1 2 45 45 108 67
1246 1 2 45 45 115 66
1247 1 2 45 45 115 60
1248 1 2 45 45 115 109
1249 1 2 45 45 115 116
1250 1 2 45 45 115 67
1251 1 2 45 45 66 60
1252 1 2 45 45 66 109
1253 1 2 45 45 66 116
1254 1 2 45 45 66 67
1255 1 2 45 45 60 109
1256 1 2 45 45 60 116
1257 1 2 45 45 60 67
1258 1 2 45 45 109 116
1259 1 2 45 45 109 67
1260 1 2 45 45 116 67
1261 1 2 46 46 60 109
1262 1 2 46 46 60 116
1263 1 2 46 46 60 67
1264 1 2 46 46 60 61
1265 1 2 46 46 60 110
1266 1 2 46 46 60 117
1267 1 2 46 46 60 68
1268 1 2 46 46 109 116
1269 1 2 46 46 109 67
1270 1 2 46 46 109 61
1271 1 2 46 46 109 110
1272 1 2 46 46 109 117
1273 1 2 46 46 109 68
1274 1 2 46 46 116 67
1275 1 2 46 46 116 61
1276 1 2 46 46 116 110
1277 1 2 46 46 116 117
1278 1 2 46 46 116 68
1279 1 2 46 46 67 61
1280 1 2 46 46 67 110
1281 1 2 46 46 67 117
1282 1 2 46 46 67 68
1283 1 2 46 46 61 110
1284 1 2 46 46 61 117
1285 1 2 46 46 61 68
1286 1 2 46 46 110 117
1287 1 2 46 46 110 68
1288 1 2 46 46 117 68
1289 1 2 47 47 61 110
1290 1 2 47 47 61 117
1291 1 2 47 47 61 68
1292 1 2 47 47 61 62
1293 1 2 47 47 61 111
1294 1 2 47 47 61 118
1295 1 2 47 47 61 69
1296 1 2 47 47 110 117
1297 1 2 47 47 110 68
1298 1 2 47 47 110 62
1299 1 2 47 47 110 111
1300 1 2 47 47 110 118
1301 1 2 47 47 110 69
1302 1 2 47 47 117 68
1303 1 2 47 47 117 62
1304 1 2 47 47 117 111
1305 1 2 47 47 117 118
1306 1 2 47 47 117 69
1307 1 2 47 47 68 62
1308 1 2 47 47 68 111
1309 1 2 47 47 68 118
1310 1 2 47 47 68 69
1311 1 2 47 47 62 111
1312 1 2 47 47 62 118
1313 1 2 47 47 62 69
1314 1 2 47 47 111 118
1315 1 2 47 47 111 69
1316 1 2 47 47 118 69
1317 1 2 48 48 62 111
1318 1 2 48 48 62 118
1319 1 2 48 48 62 69
1320 1 2 48 48 62 63
1321 1 2 48 48 62 112
1322 1 2 48 48 62 119
1323 1 2 48 48 62 70
1324 1 2 48 48 111 118
1325 1 2 48 48 111 69
1326 1 2 48 48 111 63
1327 1 2 48 48 111 112
1328 1 2 48 48 111 119
1329 1 2 48 48 111 70
1330 1 2 48 48 118 69
1331 1 2 48 48 118 63
1332 1 2 48 48 118 112
1333 1 2 48 48 118 119
1334 1 2 48 48 118 70
1335 1 2 48 48 69 63
1336 1 2 48 48 69 112
1337 1 2 48 48 69 119
1338 1 2 48 48 69 70
1339 1 2 48 48 63 112
1340 1 2 48 48 63 119
1341 1 2 48 48 63 70
1342 1 2 48 48 112 119
1343 1 2 48 48 112 70
1344 1 2 48 48 119 70
1345 1 2 49 49 64 113
1346 1 2 49 49 64 120
1347 1 2 49 49 64 71
1348 1 2 49 49 64 65
1349 1 2 49 49 64 114
1350 1 2 49 49 64 121
1351 1 2 49 49 64 72
1352 1 2 49 49 113 120
1353 1 2 49 49 113 71
1354 1 2 49 49 113 65
1355 1 2 49 49 113 114
1356 1 2 49 49 113 121
1357 1 2 49 49 113 72
1358 1 2 49 49 120 71
1359 1 2 49 49 120 65
1360 1 2 49 49 120 114
1361 1 2 49 49 120 121
1362 1 2 49 49 120 72
1363 1 2 49 49 71 65
1364 1 2 49 49 71 114
1365 1 2 49 49 71 121
1366 1 2 49 49 71 72
1367 1 2 49 49 65 114
1368 1 2 49 49 65 121
1369 1 2 49 49 65 72
1370 1 2 49 49 114 121
1371 1 2 49 49 114 72
1372 1 2 49 49 121 72
1373 1 2 50 50 65 114
1374 1 2 50 50 65 121
1375 1 2 50 50 65 72
1376 1 2 50 50 65 66
1377 1 2 50 50 65 115
1378 1 2 50 50 65 122
1379 1 2 50 50 65 73
1380 1 2 50 50 114 121
1381 1 2 50 50 114 72
1382 1 2 50 50 114 66
1383 1 2 50 50 114 115
1384 1 2 50 50 114 122
1385 1 2 50 50 114 73
1386 1 2 50 50 121 72
1387 1 2 50 50 121 66
1388 1 2 50 50 121 115
1389 1 2 50 50 121 122
1390 1 2 50 50 121 73
1391 1 2 50 50 72 66
1392 1 2 50 50 72 115
1393 1 2 50 50 72 122
1394 1 2 50 50 72 73
1395 1 2 50 50 66 115
1396 1 2 50 50 66 122
1397 1 2 50 50 66 73
1398 1 2 50 50 115 122
1399 1 2 50 50 115 73
1400 1 2 50 50 122 73
1401 1 2 51 51 66 115
1402 1 2 51 51 66 122
1403 1 2 51 51 66 73
1404 1 2 51 51 66 67
1405 1 2 51 51 66 116
1406 1 2 51 51 66 123
1407 1 2 51 51 66 74
1408 1 2 51 51 115 122
1409 1 2 51 51 115 73
1410 1 2 51 51 115 67
1411 1 2 51 51 115 116
1412 1 2 51 51 115 123
1413 1 2 51 51 115 74
1414 1 2 51 51 122 73
1415 1 2 51 51 122 67
1416 1 2 51 51 122 116
1417 1 2 51 51 122 123
1418 1 2 51 51 122 74
1419 1 2 51 51 73 67
1420 1 2 51 51 73 116
1421 1 2 51 51 73 123
1422 1 2 51 51 73 74
1423 1 2 51 51 67 116
1424 1 2 51 51 67 123
1425 1 2 51 51 67 74
1426 1 2 51 51 116 123
1427 1 2 51 51 116 74
1428 1 2 51 51 123 74
1429 1 2 52 52 67 116
1430 1 2 52 52 67 123
1431 1 2 52 52 67 74
1432 1 2 52 52 67 68
1433 1 2 52 52 67 117
1434 1 2 52 52 67 124
1435 1 2 52 52 67 75
1436 1 2 52 52 116 123
1437 1 2 52 52 116 74
1438 1 2 52 52 116 68
1439 1 2 52 52 116 117
1440 1 2 52 52 116 124
1441 1 2 52 52 116 75
1442 1 2 52 52 123 74
1443 1 2 52 52 123 68
1444 1 2 52 52 123 117
1445 1 2 52 52 123 124
1446 1 2 52 52 123 75
1447 1 2 52 52 74 68
1448 1 2 52 52 74 117
1449 1 2 52 52 74 124
1450 1 2 52 52 74 75
1451 1 2 52 52 68 117
1452 1 2 52 52 68 124
1453 1 2 52 52 68 75
1454 1 2 52 52 117 124
1455 1 2 52 52 117 75
1456 1 2 52 52 124 75
1457 1 2 53 53 68 117
1458 1 2 53 53 68 124
1459 1 2 53 53 68 75
1460 1 2 53 53 68 69
1461 1 2 53 53 68 118
1462 1 2 53 53 68 125
1463 1 2 53 53 68 76
1464 1 2 53 53 117 124
1465 1 2 53 53 117 75
1466 1 2 53 53 117 69
1467 1 2 53 53 117 118
1468 1 2 53 53 117 125
1469 1 2 53 53 117 76
1470 1 2 53 53 124 75
1471 1 2 53 53 124 69
1472 1 2 53 53 124 118
1473 1 2 53 53 124 125
1474 1 2 53 53 124 76
1475 1 2 53 53 75 69
1476 1 2 53 53 75 118
1477 1 2 53 53 75 125
1478 1 2 53 53 75 76
1479 1 2 53 53 69 118
1480 1 2 53 53 69 125
1481 1 2 53 53 69 76
1482 1 2 53 53 118 125
1483 1 2 53 53 118 76
1484 1 2 53 53 125 76
1485 1 2 54 54 69 118
1486 1 2 54 54 69 125
1487 1 2 54 54 69 76
1488 1 2 54 54 69 70
1489 1 2 54 54 69 119
1490 1 2 54 54 69 126
1491 1 2 54 54 69 77
1492 1 2 54 54 118 125
1493 1 2 54 54 118 76
1494 1 2 54 54 118 70
1495 1 2 54 54 118 119
1496 1 2 54 54 118 126
1497 1 2 54 54 118 77
1498 1 2 54 54 125 76
1499 1 2 54 54 125 70
1500 1 2 54 54 125 119
1501 1 2 54 54 125 126
1502 1 2 54 54 125 77
1503 1 2 54 54 76 70
1504 1 2 54 54 76 119
1505 1 2 54 54 76 126
1506 1 2 54 54 76 77
1507 1 2 54 54 70 119
1508 1 2 54 54 70 126
1509 1 2 54 54 70 77
1510 1 2 54 54 119 126
1511 1 2 54 54 119 77
1512 1 2 54 54 126 77
1513 1 2 55 55 71 120
1514 1 2 55 55 71 127
1515 1 2 55 55 71 78
1516 1 2 55 55 71 72
1517 1 2 55 55 71 121
1518 1 2 55 55 71 128
1519 1 2 55 55 71 79
1520 1 2 55 55 120 127
1521 1 2 55 55 120 78
1522 1 2 55 55 120 72
1523 1 2 55 55 120 121
1524 1 2 55 55 120 128
1525 1 2 55 55 120 79
1526 1 2 55 55 127 78
1527 1 2 55 55 127 72
1528 1 2 55 55 127 121
1529 1 2 55 55 127 128
1530 1 2 55 55 127 79
1531 1 2 55 55 78 72
1532 1 2 55 55 78 121
1533 1 2 55 55 78 128
1534 1 2 55 55 78 79
1535 1 2 55 55 72 121
1536 1 2 55 55 72 128
1537 1 2 55 55 72 79
1538 1 2 55 55 121 128
1539 1 2 55 55 121 79
1540 1 2 55 55 128 79
1541 1 2 56 56 72 121
1542 1 2 56 56 72 128
1543 1 2 56 56 72 79
1544 1 2 56 56 72 73
1545 1 2 56 56 72 122
1546 1 2 56 56 72 129
1547 1 2 56 56 72 80
1548 1 2 56 56 121 128
1549 1 2 56 56 121 79
1550 1 2 56 56 121 73
1551 1 2 56 56 121 122
1552 1 2 56 56 121 129
1553 1 2 56 56 121 80
1554 1 2 56 56 128 79
1555 1 2 56 56 128 73
1556 1 2 56 56 128 122
1557 1 2 56 56 128 129
1558 1 2 56 56 128 80
1559 1 2 56 56 79 73
1560 1 2 56 56 79 122
1561 1 2 56 56 79 129
1562 1 2 56 56 79 80
1563 1 2 56 56 73 122
1564 1 2 56 56 73 129
1565 1 2 56 56 73 80
1566 1 2 56 56 122 129
1567 1 2 56 56 122 80
1568 1 2 56 56 129 80
1569 1 2 57 57 73 122
1570 1 2 57 57 73 129
1571 1 2 57 57 73 80
1572 1 2 57 57 73 74
1573 1 2 57 57 73 123
1574 1 2 57 57 73 130
1575 1 2 57 57 73 81
1576 1 2 57 57 122 129
1577 1 2 57 57 122 80
1578 1 2 57 57 122 74
1579 1 2 57 57 122 123
1580 1 2 57 57 122 130
1581 1 2 57 57 122 81
1582 1 2 57 57 129 80
1583 1 2 57 57 129 74
1584 1 2 57 57 129 123
1585 1 2 57 57 129 130
1586 1 2 57 57 129 81
1587 1 2 57 57 80 74
1588 1 2 57 57 80 123
1589 1 2 57 57 80 130
1590 1 2 57 57 80 81
1591 1 2 57 57 74 123
1592 1 2 57 57 74 130
1593 1 2 57 57 74 81
1594 1 2 57 57 123 130
1595 1 2 57 57 123 81
1596 1 2 57 57 130 81
1597 1 2 58 58 74 123
1598 1 2 58 58 74 130
1599 1 2 58 58 74 81
1600 1 2 58 58 74 75
1601 1 2 58 58 74 124
1602 1 2 58 58 74 131
1603 1 2 58 58 74 82
1604 1 2 58 58 123 130
1605 1 2 58 58 123 81
1606 1 2 58 58 123 75
1607 1 2 58 58 123 124
1608 1 2 58 58 123 131
1609 1 2 58 58 123 82
1610 1 2 58 58 130 81
1611 1 2 58 58 130 75
1612 1 2 58 58 130 124
1613 1 2 58 58 130 131
1614 1 2 58 58 130 82
1615 1 2 58 58 81 75
1616 1 2 58 58 81 124
1617 1 2 58 58 81 131
1618 1 2 58 58 81 82
1619 1 2 58 58 75 124
1620 1 2 58 58 75 131
1621 1 2 58 58 75 82
1622 1 2 58 58 124 131
1623 1 2 58 58 124 82
1624 1 2 58 58 131 82
1625 1 2 59 59 75 124
1626 1 2 59 59 75 131
1627 1 2 59 59 75 82
1628 1 2 59 59 75 76
1629 1 2 59 59 75 125
1630 1 2 59 59 75 132
1631 1 2 59 59 75 83
1632 1 2 59 59 124 131
1633 1 2 59 59 124 82
1634 1 2 59 59 124 76
1635 1 2 59 59 124 125
1636 1 2 59 59 124 132
1637 1 2 59 59 124 83
1638 1 2 59 59 131 82
1639 1 2 59 59 131 76
1640 1 2 59 59 131 125
1641 1 2 59 59 131 132
1642 1 2 59 59 131 83
1643 1 2 59 59 82 76
1644 1 2 59 59 82 125
1645 1 2 59 59 82 132
1646 1 2 59 59 82 83
1647 1 2 59 59 76 125
1648 1 2 59 59 76 132
1649 1 2 59 59 76 83
1650 1 2 59 59 125 132
1651 1 2 59 59 125 83
1652 1 2 59 59 132 83
1653 1 2 60 60 76 125
1654 1 2 60 60 76 132
1655 1 2 60 60 76 83
1656 1 2 60 60 76 77
1657 1 2 60 60 76 126
1658 1 2 60 60 76 133
1659 1 2 60 60 76 84
1660 1 2 60 60 125 132
1661 1 2 60 60 125 83
1662 1 2 60 60 125 77
1663 1 2 60 60 125 126
1664 1 2 60 60 125 133
1665 1 2 60 60 125 84
1666 1 2 60 60 132 83
1667 1 2 60 60 132 77
1668 1 2 60 60 132 126
1669 1 2 60 60 132 133
1670 1 2 60 60 132 84
1671 1 2 60 60 83 77
1672 1 2 60 60 83 126
1673 1 2 60 60 83 133
1674 1 2 60 60 83 84
1675 1 2 60 60 77 126
1676 1 2 60 60 77 133
1677 1 2 60 60 77 84
1678 1 2 60 60 126 133
1679 1 2 60 60 126 84
1680 1 2 60 60 133 84
1681 1 2 61 61 78 127
1682 1 2 61 61 78 134
1683 1 2 61 61 78 85
1684 1 2 61 61 78 79
1685 1 2 61 61 78 128
1686 1 2 61 61 78 135
1687 1 2 61 61 78 86
1688 1 2 61 61 127 134
1689 1 2 61 61 127 85
1690 1 2 61 61 127 79
1691 1 2 61 61 127 128
1692 1 2 61 61 127 135
1693 1 2 61 61 127 86
1694 1 2 61 61 134 85
1695 1 2 61 61 134 79
1696 1 2 61 61 134 128
1697 1 2 61 61 134 135
1698 1 2 61 61 134 86
1699 1 2 61 61 85 79
1700 1 2 61 61 85 128
1701 1 2 61 61 85 135
1702 1 2 61 61 85 86
1703 1 2 61 61 79 128
1704 1 2 61 61 79 135
1705 1 2 61 61 79 86
1706 1 2 61 61 128 135
1707 1 2 61 61 128 86
1708 1 2 61 61 135 86
1709 1 2 62 62 79 128
1710 1 2 62 62 79 135
1711 1 2 62 62 79 86
1712 1 2 62 62 79 80
1713 1 2 62 62 79 129
1714 1 2 62 62 79 136
1715 1 2 62 62 79 87
1716 1 2 62 62 128 135
1717 1 2 62 62 128 86
1718 1 2 62 62 128 80
1719 1 2 62 62 128 129
1720 1 2 62 62 128 136
1721 1 2 62 62 128 87
1722 1 2 62 62 135 86
1723 1 2 62 62 135 80
1724 1 2 62 62 135 129
1725 1 2 62 62 135 136
1726 1 2 62 62 135 87
1727 1 2 62 62 86 80
1728 1 2 62 62 86 129
1729 1 2 62 62 86 136
1730 1 2 62 62 86 87
1731 1 2 62 62 80 129
1732 1 2 62 62 80 136
1733 1 2 62 62 80 87
1734 1 2 62 62 129 136
1735 1 2 62 62 129 87
1736 1 2 62 62 136 87
1737 1 2 63 63 80 129
1738 1 2 63 63 80 136
1739 1 2 63 63 80 87
1740 1 2 63 63 80 81
1741 1 2 63 63 80 130
1742 1 2 63 63 80 137
1743 1 2 63 63 80 88
1744 1 2 63 63 129 136
1745 1 2 63 63 129 87
1746 1 2 63 63 129 81
1747 1 2 63 63 129 130
1748 1 2 63 63 129 137
1749 1 2 63 63 129 88
1750 1 2 63 63 136 87
1751 1 2 63 63 136 81
1752 1 2 63 63 136 130
1753 1 2 63 63 136 137
1754 1 2 63 63 136 88
1755 1 2 63 63 87 81
1756 1 2 63 63 87 130
1757 1 2 63 63 87 137
1758 1 2 63 63 87 88
1759 1 2 63 63 81 130
1760 1 2 63 63 81 137
1761 1 2 63 63 81 88
1762 1 2 63 63 130 137
1763 1 2 63 63 130 88
1764 1 2 63 63 137 88
1765 1 2 64 64 81 130
1766 1 2 64 64 81 137
1767 1 2 64 64 81 88
1768 1 2 64 64 81 82
1769 1 2 64 64 81 131
1770 1 2 64 64 81 138
1771 1 2 64 64 81 89
1772 1 2 64 64 130 137
1773 1 2 64 64 130 88
1774 1 2 64 64 130 82
1775 1 2 64 64 130 131
1776 1 2 64 64 130 138
1777 1 2 64 64 130 89
1778 1 2 64 64 137 88
1779 1 2 64 64 137 82
1780 1 2 64 64 137 131
1781 1 2 64 64 137 138
1782 1 2 64 64 137 89
1783 1 2 64 64 88 82
1784 1 2 64 64 88 131
1785 1 2 64 64 88 138
1786 1 2 64 64 88 89
1787 1 2 64 64 82 131
1788 1 2 64 64 82 138
1789 1 2 64 64 82 89
1790 1 2 64 64 131 138
1791 1 2 64 64 131 89
1792 1 2 64 64 138 89
1793 1 2 65 65 82 131
1794 1 2 65 65 82 138
1795 1 2 65 65 82 89
1796 1 2 65 65 82 83
1797 1 2 65 65 82 132
1798 1 2 65 65 82 139
1799 1 2 65 65 82 90
1800 1 2 65 65 131 138
1801 1 2 65 65 131 89
1802 1 2 65 65 131 83
1803 1 2 65 65 131 132
1804 1 2 65 65 131 139
1805 1 2 65 65 131 90
1806 1 2 65 65 138 89
1807 1 2 65 65 138 83
1808 1 2 65 65 138 132
1809 1 2 65 65 138 139
1810 1 2 65 65 138 90
1811 1 2 65 65 89 83
1812 1 2 65 65 89 132
1813 1 2 65 65 89 139
1814 1 2 65 65 89 90
1815 1 2 65 65 83 132
1816 1 2 65 65 83 139
1817 1 2 65 65 83 90
1818 1 2 65 65 132 139
1819 1 2 65 65 132 90
1820 1 2 65 65 139 90
1821 1 2 66 66 83 132
1822 1 2 66 66 83 139
1823 1 2 66 66 83 90
1824 1 2 66 66 83 84
1825 1 2 66 66 83 133
1826 1 2 66 66 83 140
1827 1 2 66 66 83 91
1828 1 2 66 66 132 139
1829 1 2 66 66 132 90
1830 1 2 66 66 132 84
1831 1 2 66 66 132 133
1832 1 2 66 66 132 140
1833 1 2 66 66 132 91
1834 1 2 66 66 139 90
1835 1 2 66 66 139 84
1836 1 2 66 66 139 133
1837 1 2 66 66 139 140
1838 1 2 66 66 139 91
1839 1 2 66 66 90 84
1840 1 2 66 66 90 133
1841 1 2 66 66 90 140
1842 1 2 66 66 90 91
1843 1 2 66 66 84 133
1844 1 2 66 66 84 140
1845 1 2 66 66 84 91
1846 1 2 66 66 133 140
1847 1 2 66 66 133 91
1848 1 2 66 66 140 91
1849 1 2 67 67 85 134
1850 1 2 67 67 85 141
1851 1 2 67 67 85 92
1852 1 2 67 67 85 86
1853 1 2 67 67 85 135
1854 1 2 67 67 85 142
1855 1 2 67 67 85 93
1856 1 2 67 67 134 141
1857 1 2 67 67 134 92
1858 1 2 67 67 134 86
1859 1 2 67 67 134 135
1860 1 2 67 67 134 142
1861 1 2 67 67 134 93
1862 1 2 67 67 141 92
1863 1 2 67 67 141 86
1864 1 2 67 67 141 135
1865 1 2 67 67 141 142
1866 1 2 67 67 141 93
1867 1 2 67 67 92 86
1868 1 2 67 67 92 135
1869 1 2 67 67 92 142
1870 1 2 67 67 92 93
1871 1 2 67 67 86 135
1872 1 2 67 67 86 142
1873 1 2 67 67 86 93
1874 1 2 67 67 135 142
1875 1 2 67 67 135 93
1876 1 2 67 67 142 93
1877 1 2 68 68 86 135
1878 1 2 68 68 86 142
1879 1 2 68 68 86 93
1880 1 2 68 68 86 87
1881 1 2 68 68 86 136
1882 1 2 68 68 86 143
1883 1 2 68 68 86 94
1884 1 2 68 68 135 142
1885 1 2 68 68 135 93
1886 1 2 68 68 135 87
1887 1 2 68 68 135 136
1888 1 2 68 68 135 143
1889 1 2 68 68 135 94
1890 1 2 68 68 142 93
1891 1 2 68 68 142 87
1892 1 2 68 68 142 136
1893 1 2 68 68 142 143
1894 1 2 68 68 142 94
1895 1 2 68 68 93 87
1896 1 2 68 68 93 136
1897 1 2 68 68 93 143
1898 1 2 68 68 93 94
1899 1 2 68 68 87 136
1900 1 2 68 68 87 143
1901 1 2 68 68 87 94
1902 1 2 68 68 136 143
1903 1 2 68 68 136 94
1904 1 2 68 68 143 94
1905 1 2 69 69 87 136
1906 1 2 69 69 87 143
1907 1 2 69 69 87 94
1908 1 2 69 69 87 88
1909 1 2 69 69 87 137
1910 1 2 69 69 87 144
1911 1 2 69 69 87 95
1912 1 2 69 69 136 143
1913 1 2 69 69 136 94
1914 1 2 69 69 136 88
1915 1 2 69 69 136 137
1916 1 2 69 69 136 144
1917 1 2 69 69 136 95
1918 1 2 69 69 143 94
1919 1 2 69 69 143 88
1920 1 2 69 69 143 137
1921 1 2 69 69 143 144
1922 1 2 69 69 143 95
1923 1 2 69 69 94 88
1924 1 2 69 69 94 137
1925 1 2 69 69 94 144
1926 1 2 69 69 94 95
1927 1 2 69 69 88 137
1928 1 2 69 69 88 144
1929 1 2 69 69 88 95
1930 1 2 69 69 137 144
1931 1 2 69 69 137 95
1932 1 2 69 69 144 95
1933 1 2 70 70 88 137
1934 1 2 70 70 88 144
1935 1 2 70 70 88 95
1936 1 2 70 70 88 89
1937 1 2 70 70 88 138
1938 1 2 70 70 88 145
1939 1 2 70 70 88 96
1940 1 2 70 70 137 144
1941 1 2 70 70 137 95
1942 1 2 70 70 137 89
1943 1 2 70 70 137 138
1944 1 2 70 70 137 145
1945 1 2 70 70 137 96
1946 1 2 70 70 144 95
1947 1 2 70 70 144 89
1948 1 2 70 70 144 138
1949 1 2 70 70 144 145
1950 1 2 70 70 144 96
1951 1 2 70 70 95 89
1952 1 2 70 70 95 138
1953 1 2 70 70 95 145
1954 1 2 70 70 95 96
1955 1 2 70 70 89 138
1956 1 2 70 70 89 145
1957 1 2 70 70 89 96
1958 1 2 70 70 138 145
1959 1 2 70 70 138 96
1960 1 2 70 70 145 96
1961 1 2 71 71 89 138
1962 1 2 71 71 89 145
1963 1 2 71 71 89 96
1964 1 2 71 71 89 90
1965 1 2 71 71 89 139
1966 1 2 71 71 89 146
1967 1 2 71 71 89 97
1968 1 2 71 71 138 145
1969 1 2 71 71 138 96
1970 1 2 71 71 138 90
1971 1 2 71 71 138 139
1972 1 2 71 71 138 146
1973 1 2 71 71 138 97
1974 1 2 71 71 145 96
1975 1 2 71 71 145 90
1976 1 2 71 71 145 139
1977 1 2 71 71 145 146
1978 1 2 71 71 145 97
1979 1 2 71 71 96 90
1980 1 2 71 71 96 139
1981 1 2 71 71 96 146
1982 1 2 71 71 96 97
1983 1 2 71 71 90 139
1984 1 2 71 71 90 146
1985 1 2 71 71 90 97
1986 1 2 71 71 139 146
1987 1 2 71 71 139 97
1988 1 2 71 71 146 97
1989 1 2 72 72 90 139
1990 1 2 72 72 90 146
1991 1 2 72 72 90 97
1992 1 2 72 72 90 91
1993 1 2 72 72 90 140
1994 1 2 72 72 90 147
1995 1 2 72 72 90 98
1996 1 2 72 72 139 146
1997 1 2 72 72 139 97
1998 1 2 72 72 139 91
1999 1 2 72 72 139 140
2000 1 2 72 72 139 147
2001 1 2 72 72 139 98
2002 1 2 72 72 146 97
2003 1 2 72 72 146 91
2004 1 2 72 72 146 140
2005 1 2 72 72 146 147
2006 1 2 72 72 146 98
2007 1 2 72 72 97 91
2008 1 2 72 72 97 140
2009 1 2 72 72 97 147
2010 1 2 72 72 97 98
2011 1 2 72 72 91 140
2012 1 2 72 72 91 147
2013 1 2 72 72 91 98
2014 1 2 72 72 140 147
2015 1 2 72 72 140 98
2016 1 2 72 72 147 98
2017 1 2 73 73 99 148
2018 1 2 73 73 99 155
2019 1 2 73 73 99 106
2020 1 2 73 73 99 100
2021 1 2 73 73 99 149
2022 1 2 73 73 99 156
2023 1 2 73 73 99 107
2024 1 2 73 73 148 155
2025 1 2 73 73 148 106
2026 1 2 73 73 148 100
2027 1 2 73 73 148 149
2028 1 2 73 73 148 156
2029 1 2 73 73 148 107
2030 1 2 73 73 155 106
2031 1 2 73 73 155 100
2032 1 2 73 73 155 149
2033 1 2 73 73 155 156
2034 1 2 73 73 155 107
2035 1 2 73 73 106 100
2036 1 2 73 73 106 149
2037 1 2 73 73 106 156
2038 1 2 73 73 106 107
2039 1 2 73 73 100 149
2040 1 2 73 73 100 156
2041 1 2 73 73 100 107
2042 1 2 73 73 149 156
2043 1 2 73 73 149 107
2044 1 2 73 73 156 107
2045 1 2 74 74 100 149
2046 1 2 74 74 100 156
2047 1 2 74 74 100 107
2048 1 2 74 74 100 101
2049 1 2 74 74 100 150
2050 1 2 74 74 100 157
2051 1 2 74 74 100 108
2052 1 2 74 74 149 156
2053 1 2 74 74 149 107
2054 1 2 74 74 149 101
2055 1 2 74 74 149 150
2056 1 2 74 74 149 157
2057 1 2 74 74 149 108
2058 1 2 74 74 156 107
2059 1 2 74 74 156 101
2060 1 2 74 74 156 150
2061 1 2 74 74 156 157
2062 1 2 74 74 156 108
2063 1 2 74 74 107 101
2064 1 2 74 74 107 150
2065 1 2 74 74 107 157
2066 1 2 74 74 107 108
2067 1 2 74 74 101 150
2068 1 2 74 74 101 157
2069 1 2 74 74 101 108
2070 1 2 74 74 150 157
2071 1 2 74 74 150 108
2072 1 2 74 74 157 108
2073 1 2 75 75 101 150
2074 1 2 75 75 101 157
2075 1 2 75 75 101 108
2076 1 2 75 75 101 102
2077 1 2 75 75 101 151
2078 1 2 75 75 101 158
2079 1 2 75 75 101 109
2080 1 2 75 75 150 157
2081 1 2 75 75 150 108
2082 1 2 75 75 150 102
2083 1 2 75 75 150 151
2084 1 2 75 75 150 158
2085 1 2 75 75 150 109
2086 1 2 75 75 157 108
2087 1 2 75 75 157 102
2088 1 2 75 75 157 151
2089 1 2 75 75 157 158
2090 1 2 75 75 157 109
2091 1 2 75 75 108 102
2092 1 2 75 75 108 151
2093 1 2 75 75 108 158
2094 1 2 75 75 108 109
2095 1 2 75 75 102 151
2096 1 2 75 75 102 158
2097 1 2 75 75 102 109
2098 1 2 75 75 151 158
2099 1 2 75 75 151 109
2100 1 2 75 75 158 109
2101 1 2 76 76 102 151
2102 1 2 76 76 102 158
2103 1 2 76 76 102 109
2104 1 2 76 76 102 103
2105 1 2 76 76 102 152
2106 1 2 76 76 102 159
2107 1 2 76 76 102 110
2108 1 2 76 76 151 158
2109 1 2 76 76 151 109
2110 1 2 76 76 151 103
2111 1 2 76 76 151 152
2112 1 2 76 76 151 159
2113 1 2 76 76 151 110
2114 1 2 76 76 158 109
2115 1 2 76 76 158 103
2116 1 2 76 76 158 152
2117 1 2 76 76 158 159
2118 1 2 76 76 158 110
2119 1 2 76 76 109 103
2120 1 2 76 76 109 152
2121 1 2 76 76 109 159
2122 1 2 76 76 109 110
2123 1 2 76 76 103 152
2124 1 2 76 76 103 159
2125 1 2 76 76 103 110
2126 1 2 76 76 152 159
2127 1 2 76 76 152 110
2128 1 2 76 76 159 110
2129 1 2 77 77 103 152
2130 1 2 77 77 103 159
2131 1 2 77 77 103 110
2132 1 2 77 77 103 104
2133 1 2 77 77 103 153
2134 1 2 77 77 103 160
2135 1 2 77 77 103 111
2136 1 2 77 77 152 159
2137 1 2 77 77 152 110
2138 1 2 77 77 152 104
2139 1 2 77 77 152 153
2140 1 2 77 77 152 160
2141 1 2 77 77 152 111
2142 1 2 77 77 159 110
2143 1 2 77 77 159 104
2144 1 2 77 77 159 153
2145 1 2 77 77 159 160
2146 1 2 77 77 159 111
2147 1 2 77 77 110 104
2148 1 2 77 77 110 153
2149 1 2 77 77 110 160
2150 1 2 77 77 110 111
2151 1 2 77 77 104 153
2152 1 2 77 77 104 160
2153 1 2 77 77 104 111
2154 1 2 77 77 153 160
2155 1 2 77 77 153 111
2156 1 2 77 77 160 111
2157 1 2 78 78 104 153
2158 1 2 78 78 104 160
2159 1 2 78 78 104 111
2160 1 2 78 78 104 105
2161 1 2 78 78 104 154
2162 1 2 78 78 104 161
2163 1 2 78 78 104 112
2164 1 2 78 78 153 160
2165 1 2 78 78 153 111
2166 1 2 78 78 153 105
2167 1 2 78 78 153 154
2168 1 2 78 78 153 161
2169 1 2 78 78 153 112
2170 1 2 78 78 160 111
2171 1 2 78 78 160 105
2172 1 2 78 78 160 154
2173 1 2 78 78 160 161
2174 1 2 78 78 160 112
2175 1 2 78 78 111 105
2176 1 2 78 78 111 154
2177 1 2 78 78 111 161
2178 1 2 78 78 111 112
2179 1 2 78 78 105 154
2180 1 2 78 78 105 161
2181 1 2 78 78 105 112
2182 1 2 78 78 154 161
2183 1 2 78 78 154 112
2184 1 2 78 78 161 112
2185 1 2 79 79 106 155
2186 1 2 79 79 106 162
2187 1 2 79 79 106 113
2188 1 2 79 79 106 107
2189 1 2 79 79 106 156
2190 1 2 79 79 106 163
2191 1 2 79 79 106 114
2192 1 2 79 79 155 162
2193 1 2 79 79 155 113
2194 1 2 79 79 155 107
2195 1 2 79 79 155 156
2196 1 2 79 79 155 163
2197 1 2 79 79 155 114
2198 1 2 79 79 162 113
2199 1 2 79 79 162 107
2200 1 2 79 79 162 156
2201 1 2 79 79 162 163
2202 1 2 79 79 162 114
2203 1 2 79 79 113 107
2204 1 2 79 79 113 156
2205 1 2 79 79 113 163
2206 1 2 79 79 113 114
2207 1 2 79 79 107 156
2208 1 2 79 79 107 163
2209 1 2 79 79 107 114
2210 1 2 79 79 156 163
2211 1 2 79 79 156 114
2212 1 2 79 79 163 114
2213 1 2 80 80 107 156
2214 1 2 80 80 107 163
2215 1 2 80 80 107 114
2216 1 2 80 80 107 108
2217 1 2 80 80 107 157
2218 1 2 80 80 107 164
2219 1 2 80 80 107 115
2220 1 2 80 80 156 163
2221 1 2 80 80 156 114
2222 1 2 80 80 156 108
2223 1 2 80 80 156 157
2224 1 2 80 80 156 164
2225 1 2 80 80 156 115
2226 1 2 80 80 163 114
2227 1 2 80 80 163 108
2228 1 2 80 80 163 157
2229 1 2 80 80 163 164
2230 1 2 80 80 163 115
2231 1 2 80 80 114 108
2232 1 2 80 80 114 157
2233 1 2 80 80 114 164
2234 1 2 80 80 114 115
2235 1 2 80 80 108 157
2236 1 2 80 80 108 164
2237 1 2 80 80 108 115
2238 1 2 80 80 157 164
2239 1 2 80 80 157 115
2240 1 2 80 80 164 115
2241 1 2 81 81 108 157
2242 1 2 81 81 108 164
2243 1 2 81 81 108 115
2244 1 2 81 81 108 109
2245 1 2 81 81 108 158
2246 1 2 81 81 108 165
2247 1 2 81 81 108 116
2248 1 2 81 81 157 164
2249 1 2 81 81 157 115
2250 1 2 81 81 157 109
2251 1 2 81 81 157 158
2252 1 2 81 81 157 165
2253 1 2 81 81 157 116
2254 1 2 81 81 164 115
2255 1 2 81 81 164 109
2256 1 2 81 81 164 158
2257 1 2 81 81 164 165
2258 1 2 81 81 164 116
2259 1 2 81 81 115 109
2260 1 2 81 81 115 158
2261 1 2 81 81 115 165
2262 1 2 81 81 115 116
2263 1 2 81 81 109 158
2264 1 2 81 81 109 165
2265 1 2 81 81 109 116
2266 1 2 81 81 158 165
2267 1 2 81 81 158 116
2268 1 2 81 81 165 116
2269 1 2 82 82 109 158
2270 1 2 82 82 109 165
2271 1 2 82 82 109 116
2272 1 2 82 82 109 110
2273 1 2 82 82 109 159
2274 1 2 82 82 109 166
2275 1 2 82 82 109 117
2276 1 2 82 82 158 165
2277 1 2 82 82 158 116
2278 1 2 82 82 158 110
2279 1 2 82 82 158 159
2280 1 2 82 82 158 166
2281 1 2 82 82 158 117
2282 1 2 82 82 165 116
2283 1 2 82 82 165 110
2284 1 2 82 82 165 159
2285 1 2 82 82 165 166
2286 1 2 82 82 165 117
2287 1 2 82 82 116 110
2288 1 2 82 82 116 159
2289 1 2 82 82 116 166
2290 1 2 82 82 116 117
2291 1 2 82 82 110 159
2292 1 2 82 82 110 166
2293 1 2 82 82 110 117
2294 1 2 82 82 159 166
2295 1 2 82 82 159 117
2296 1 2 82 82 166 117
2297 1 2 83 83 110 159
2298 1 2 83 83 110 166
2299 1 2 83 83 110 117
2300 1 2 83 83 110 111
2301 1 2 83 83 110 160
2302 1 2 83 83 110 167
2303 1 2 83 83 110 118
2304 1 2 83 83 159 166
2305 1 2 83 83 159 117
2306 1 2 83 83 159 111
2307 1 2 83 83 159 160
2308 1 2 83 83 159 167
2309 1 2 83 83 159 118
2310 1 2 83 83 166 117
2311 1 2 83 83 166 111
2312 1 2 83 83 166 160
2313 1 2 83 83 166 167
2314 1 2 83 83 166 118
2315 1 2 83 83 117 111
2316 1 2 83 83 117 160
2317 1 2 83 83 117 167
2318 1 2 83 83 117 118
2319 1 2 83 83 111 160
2320 1 2 83 83 111 167
2321 1 2 83 83 111 118
2322 1 2 83 83 160 167
2323 1 2 83 83 160 118
2324 1 2 83 83 167 118
2325 1 2 84 84 111 160
2326 1 2 84 84 111 167
2327 1 2 84 84 111 118
2328 1 2 84 84 111 112
2329 1 2 84 84 111 161
2330 1 2 84 84 111 168
2331 1 2 84 84 111 119
2332 1 2 84 84 160 167
2333 1 2 84 84 160 118
2334 1 2 84 84 160 112
2335 1 2 84 84 160 161
2336 1 2 84 84 160 168
2337 1 2 84 84 160 119
2338 1 2 84 84 167 118
2339 1 2 84 84 167 112
2340 1 2 84 84 167 161
2341 1 2 84 84 167 168
2342 1 2 84 84 167 119
2343 1 2 84 84 118 112
2344 1 2 84 84 118 161
2345 1 2 84 84 118 168
2346 1 2 84 84 118 119
2347 1 2 84 84 112 161
2348 1 2 84 84 112 168
2349 1 2 84 84 112 119
2350 1 2 84 84 161 168
2351 1 2 84 84 161 119
2352 1 2 84 84 168 119
2353 1 2 85 85 113 162
2354 1 2 85 85 113 169
2355 1 2 85 85 113 120
2356 1 2 85 85 113 114
2357 1 2 85 85 113 163
2358 1 2 85 85 113 170
2359 1 2 85 85 113 121
2360 1 2 85 85 162 169
2361 1 2 85 85 162 120
2362 1 2 85 85 162 114
2363 1 2 85 85 162 163
2364 1 2 85 85 162 170
2365 1 2 85 85 162 121
2366 1 2 85 85 169 120
2367 1 2 85 85 169 114
2368 1 2 85 85 169 163
2369 1 2 85 85 169 170
2370 1 2 85 85 169 121
2371 1 2 85 85 120 114
2372 1 2 85 85 120 163
2373 1 2 85 85 120 170
2374 1 2 85 85 120 121
2375 1 2 85 85 114 163
2376 1 2 85 85 114 170
2377 1 2 85 85 114 121
2378 1 2 85 85 163 170
2379 1 2 85 85 163 121
2380 1 2 85 85 170 121
2381 1 2 86 86 114 163
2382 1 2 86 86 114 170
2383 1 2 86 86 114 121
2384 1 2 86 86 114 115
2385 1 2 86 86 114 164
2386 1 2 86 86 114 171
2387 1 2 86 86 114 122
2388 1 2 86 86 163 170
2389 1 2 86 86 163 121
2390 1 2 86 86 163 115
2391 1 2 86 86 163 164
2392 1 2 86 86 163 171
2393 1 2 86 86 163 122
2394 1 2 86 86 170 121
2395 1 2 86 86 170 115
2396 1 2 86 86 170 164
2397 1 2 86 86 170 171
2398 1 2 86 86 170 122
2399 1 2 86 86 121 115
2400 1 2 86 86 121 164
2401 1 2 86 86 121 171
2402 1 2 86 86 121 122
2403 1 2 86 86 115 164
2404 1 2 86 86 115 171
2405 1 2 86 86 115 122
2406 1 2 86 86 164 171
2407 1 2 86 86 164 122
2408 1 2 86 86 171 122
2409 1 2 87 87 115 164
2410 1 2 87 87 115 171
2411 1 2 87 87 115 122
2412 1 2 87 87 115 116
2413 1 2 87 87 115 165
2414 1 2 87 87 115 172
2415 1 2 87 87 115 123
2416 1 2 87 87 164 171
2417 1 2 87 87 164 122
2418 1 2 87 87 164 116
2419 1 2 87 87 164 165
2420 1 2 87 87 164 172
2421 1 2 87 87 164 123
2422 1 2 87 87 171 122
2423 1 2 87 87 171 116
2424 1 2 87 87 171 165
2425 1 2 87 87 171 172
2426 1 2 87 87 171 123
2427 1 2 87 87 122 116
2428 1 2 87 87 122 165
2429 1 2 87 87 122 172
2430 1 2 87 87 122 123
2431 1 2 87 87 116 165
2432 1 2 87 87 116 172
2433 1 2 87 87 116 123
2434 1 2 87 87 165 172
2435 1 2 87 87 165 123
2436 1 2 87 87 172 123
2437 1 2 88 88 116 165
2438 1 2 88 88 116 172
2439 1 2 88 88 116 123
2440 1 2 88 88 116 117
2441 1 2 88 88 116 166
2442 1 2 88 88 116 173
2443 1 2 88 88 116 124
2444 1 2 88 88 165 172
2445 1 2 88 88 165 123
2446 1 2 88 88 165 117
2447 1 2 88 88 165 166
2448 1 2 88 88 165 173
2449 1 2 88 88 165 124
2450 1 2 88 88 172 123
2451 1 2 88 88 172 117
2452 1 2 88 88 172 166
2453 1 2 88 88 172 173
2454 1 2 88 88 172 124
2455 1 2 88 88 123 117
2456 1 2 88 88 123 166
2457 1 2 88 88 123 173
2458 1 2 88 88 123 124
2459 1 2 88 88 117 166
2460 1 2 88 88 117 173
2461 1 2 88 88 117 124
2462 1 2 88 88 166 173
2463 1 2 88 88 166 124
2464 1 2 88 88 173 124
2465 1 2 89 89 117 166
2466 1 2 89 89 117 173
2467 1 2 89 89 117 124
2468 1 2 89 89 117 118
2469 1 2 89 89 117 167
2470 1 2 89 89 117 174
2471 1 2 89 89 117 125
2472 1 2 89 89 166 173
2473 1 2 89 89 166 124
2474 1 2 89 89 166 118
2475 1 2 89 89 166 167
2476 1 2 89 89 166 174
2477 1 2 89 89 166 125
2478 1 2 89 89 173 124
2479 1 2 89 89 173 118
2480 1 2 89 89 173 167
2481 1 2 89 89 173 174
2482 1 2 89 89 173 125
2483 1 2 89 89 124 118
2484 1 2 89 89 124 167
2485 1 2 89 89 124 174
2486 1 2 89 89 124 125
2487 1 2 89 89 118 167
2488 1 2 89 89 118 174
2489 1 2 89 89 118 125
2490 1 2 89 89 167 174
2491 1 2 89 89 167 125
2492 1 2 89 89 174 125
2493 1 2 90 90 118 167
2494 1 2 90 90 118 174
2495 1 2 90 90 118 125
2496 1 2 90 90 118 119
2497 1 2 90 90 118 168
2498 1 2 90 90 118 175
2499 1 2 90 90 118 126
2500 1 2 90 90 167 174
2501 1 2 90 90 167 125
2502 1 2 90 90 167 119
2503 1 2 90 90 167 168
2504 1 2 90 90 167 175
2505 1 2 90 90 167 126
2506 1 2 90 90 174 125
2507 1 2 90 90 174 119
2508 1 2 90 90 174 168
2509 1 2 90 90 174 175
2510 1 2 90 90 174 126
2511 1 2 90 90 125 119
2512 1 2 90 90 125 168
2513 1 2 90 90 125 175
2514 1 2 90 90 125 126
2515 1 2 90 90 119 168
2516 1 2 90 90 119 175
2517 1 2 90 90 119 126
2518 1 2 90 90 168 175
2519 1 2 90 90 168 126
2520 1 2 90 90 175 126
2521 1 2 91 91 120 169
2522 1 2 91 91 120 176
2523 1 2 91 91 120 127
2524 1 2 91 91 120 121
2525 1 2 91 91 120 170
2526 1 2 91 91 120 177
2527 1 2 91 91 120 128
2528 1 2 91 91 169 176
2529 1 2 91 91 169 127
2530 1 2 91 91 169 121
2531 1 2 91 91 169 170
2532 1 2 91 91 169 177
2533 1 2 91 91 169 128
2534 1 2 91 91 176 127
2535 1 2 91 91 176 121
2536 1 2 91 91 176 170
2537 1 2 91 91 176 177
2538 1 2 91 91 176 128
2539 1 2 91 91 127 121
2540 1 2 91 91 127 170
2541 1 2 91 91 127 177
2542 1 2 91 91 127 128
2543 1 2 91 91 121 170
2544 1 2 91 91 121 177
2545 1 2 91 91 121 128
2546 1 2 91 91 170 177
2547 1 2 91 91 170 128
2548 1 2 91 91 177 128
2549 1 2 92 92 121 170
2550 1 2 92 92 121 177
2551 1 2 92 92 121 128
2552 1 2 92 92 121 122
2553 1 2 92 92 121 171
2554 1 2 92 92 121 178
2555 1 2 92 92 121 129
2556 1 2 92 92 170 177
2557 1 2 92 92 170 128
2558 1 2 92 92 170 122
2559 1 2 92 92 170 171
2560 1 2 92 92 170 178
2561 1 2 92 92 170 129
2562 1 2 92 92 177 128
2563 1 2 92 92 177 122
2564 1 2 92 92 177 171
2565 1 2 92 92 177 178
2566 1 2 92 92 177 129
2567 1 2 92 92 128 122
2568 1 2 92 92 128 171
2569 1 2 92 92 128 178
2570 1 2 92 92 128 129
2571 1 2 92 92 122 171
2572 1 2 92 92 122 178
2573 1 2 92 92 122 129
2574 1 2 92 92 171 178
2575 1 2 92 92 171 129
2576 1 2 92 92 178 129
2577 1 2 93 93 122 171
2578 1 2 93 93 122 178
2579 1 2 93 93 122 129
2580 1 2 93 93 122 123
2581 1 2 93 93 122 172
2582 1 2 93 93 122 179
2583 1 2 93 93 122 130
2584 1 2 93 93 171 178
2585 1 2 93 93 171 129
2586 1 2 93 93 171 123
2587 1 2 93 93 171 172
2588 1 2 93 93 171 179
2589 1 2 93 93 171 130
2590 1 2 93 93 178 129
2591 1 2 93 93 178 123
2592 1 2 93 93 178 172
2593 1 2 93 93 178 179
2594 1 2 93 93 178 130
2595 1 2 93 93 129 123
2596 1 2 93 93 129 172
2597 1 2 93 93 129 179
2598 1 2 93 93 129 130
2599 1 2 93 93 123 172
2600 1 2 93 93 123 179
2601 1 2 93 93 123 130
2602 1 2 93 93 172 179
2603 1 2 93 93 172 130
2604 1 2 93 93 179 130
2605 1 2 94 94 123 172
2606 1 2 94 94 123 179
2607 1 2 94 94 123 130
2608 1 2 94 94 123 124
2609 1 2 94 94 123 173
2610 1 2 94 94 123 180
2611 1 2 94 94 123 131
2612 1 2 94 94 172 179
2613 1 2 94 94 172 130
2614 1 2 94 94 172 124
2615 1 2 94 94 172 173
2616 1 2 94 94 172 180
2617 1 2 94 94 172 131
2618 1 2 94 94 179 130
2619 1 2 94 94 179 124
2620 1 2 94 94 179 173
2621 1 2 94 94 179 180
2622 1 2 94 94 179 131
2623 1 2 94 94 130 124
2624 1 2 94 94 130 173
2625 1 2 94 94 130 180
2626 1 2 94 94 130 131
2627 1 2 94 94 124 173
2628 1 2 94 94 124 180
2629 1 2 94 94 124 131
2630 1 2 94 94 173 180
2631 1 2 94 94 173 131
2632 1 2 94 94 180 131
2633 1 2 95 95 124 173
2634 1 2 95 95 124 180
2635 1 2 95 95 124 131
2636 1 2 95 95 124 125
2637 1 2 95 95 124 174
2638 1 2 95 95 124 181
2639 1 2 95 95 124 132
2640 1 2 95 95 173 180
2641 1 2 95 95 173 131
2642 1 2 95 95 173 125
2643 1 2 95 95 173 174
2644 1 2 95 95 173 181
2645 1 2 95 95 173 132
2646 1 2 95 95 180 131
2647 1 2 95 95 180 125
2648 1 2 95 95 180 174
2649 1 2 95 95 180 181
2650 1 2 95 95 180 132
2651 1 2 95 95 131 125
2652 1 2 95 95 131 174
2653 1 2 95 95 131 181
2654 1 2 95 95 131 132
2655 1 2 95 95 125 174
2656 1 2 95 95 125 181
2657 1 2 95 95 125 132
2658 1 2 95 95 174 181
2659 1 2 95 95 174 132
2660 1 2 95 95 181 132
2661 1 2 96 96 125 174
2662 1 2 96 96 125 181
2663 1 2 96 96 125 132
2664 1 2 96 96 125 126
2665 1 2 96 96 125 175
2666 1 2 96 96 125 182
2667 1 2 96 96 125 133
2668 1 2 96 96 174 181
2669 1 2 96 96 174 132
2670 1 2 96 96 174 126
2671 1 2 96 96 174 175
2672 1 2 96 96 174 182
2673 1 2 96 96 174 133
2674 1 2 96 96 181 132
2675 1 2 96 96 181 126
2676 1 2 96 96 181 175
2677 1 2 96 96 181 182
2678 1 2 96 96 181 133
2679 1 2 96 96 132 126
2680 1 2 96 96 132 175
2681 1 2 96 96 132 182
2682 1 2 96 96 132 133
2683 1 2 96 96 126 175
2684 1 2 96 96 126 182
2685 1 2 96 96 126 133
2686 1 2 96 96 175 182
2687 1 2 96 96 175 133
2688 1 2 96 96 182 133
2689 1 2 97 97 127 176
2690 1 2 97 97 127 183
2691 1 2 97 97 127 134
2692 1 2 97 97 127 128
2693 1 2 97 97 127 177
2694 1 2 97 97 127 184
2695 1 2 97 97 127 135
2696 1 2 97 97 176 183
2697 1 2 97 97 176 134
2698 1 2 97 97 176 128
2699 1 2 97 97 176 177
2700 1 2 97 97 176 184
2701 1 2 97 97 176 135
2702 1 2 97 97 183 134
2703 1 2 97 97 183 128
2704 1 2 97 97 183 177
2705 1 2 97 97 183 184
2706 1 2 97 97 183 135
2707 1 2 97 97 134 128
2708 1 2 97 97 134 177
2709 1 2 97 97 134 184
2710 1 2 97 97 134 135
2711 1 2 97 97 128 177
2712 1 2 97 97 128 184
2713 1 2 97 97 128 135
2714 1 2 97 97 177 184
2715 1 2 97 97 177 135
2716 1 2 97 97 184 135
2717 1 2 98 98 128 177
2718 1 2 98 98 128 184
2719 1 2 98 98 128 135
2720 1 2 98 98 128 129
2721 1 2 98 98 128 178
2722 1 2 98 98 128 185
2723 1 2 98 98 128 136
2724 1 2 98 98 177 184
2725 1 2 98 98 177 135
2726 1 2 98 98 177 129
2727 1 2 98 98 177 178
2728 1 2 98 98 177 185
2729 1 2 98 98 177 136
2730 1 2 98 98 184 135
2731 1 2 98 98 184 129
2732 1 2 98 98 184 178
2733 1 2 98 98 184 185
2734 1 2 98 98 184 136
2735 1 2 98 98 135 129
2736 1 2 98 98 135 178
2737 1 2 98 98 135 185
2738 1 2 98 98 135 136
2739 1 2 98 98 129 178
2740 1 2 98 98 129 185
2741 1 2 98 98 129 136
2742 1 2 98 98 178 185
2743 1 2 98 98 178 136
2744 1 2 98 98 185 136
2745 1 2 99 99 129 178
2746 1 2 99 99 129 185
2747 1 2 99 99 129 136
2748 1 2 99 99 129 130
2749 1 2 99 99 129 179
2750 1 2 99 99 129 186
2751 1 2 99 99 129 137
2752 1 2 99 99 178 185
2753 1 2 99 99 178 136
2754 1 2 99 99 178 130
2755 1 2 99 99 178 179
2756 1 2 99 99 178 186
2757 1 2 99 99 178 137
2758 1 2 99 99 185 136
2759 1 2 99 99 185 130
2760 1 2 99 99 185 179
2761 1 2 99 99 185 186
2762 1 2 99 99 185 137
2763 1 2 99 99 136 130
2764 1 2 99 99 136 179
2765 1 2 99 99 136 186
2766 1 2 99 99 136 137
2767 1 2 99 99 130 179
2768 1 2 99 99 130 186
2769 1 2 99 99 130 137
2770 1 2 99 99 179 186
2771 1 2 99 99 179 137
2772 1 2 99 99 186 137
2773 1 2 100 100 130 179
2774 1 2 100 100 130 186
2775 1 2 100 100 130 137
2776 1 2 100 100 130 131
2777 1 2 100 100 130 180
2778 1 2 100 100 130 187
2779 1 2 100 100 130 138
2780 1 2 100 100 179 186
2781 1 2 100 100 179 137
2782 1 2 100 100 179 131
2783 1 2 100 100 179 180
2784 1 2 100 100 179 187
2785 1 2 100 100 179 138
2786 1 2 100 100 186 137
2787 1 2 100 100 186 131
2788 1 2 100 100 186 180
2789 1 2 100 100 186 187
2790 1 2 100 100 186 138
2791 1 2 100 100 137 131
2792 1 2 100 100 137 180
2793 1 2 100 100 137 187
2794 1 2 100 100 137 138
2795 1 2 100 100 131 180
2796 1 2 100 100 131 187
2797 1 2 100 100 131 138
2798 1 2 100 100 180 187
2799 1 2 100 100 180 138
2800 1 2 100 100 187 138
2801 1 2 101 101 131 180
2802 1 2 101 101 131 187
2803 1 2 101 101 131 138
2804 1 2 101 101 131 132
2805 1 2 101 101 131 181
2806 1 2 101 101 131 188
2807 1 2 101 101 131 139
2808 1 2 101 101 180 187
2809 1 2 101 101 180 138
2810 1 2 101 101 180 132
2811 1 2 101 101 180 181
2812 1 2 101 101 180 188
2813 1 2 101 101 180 139
2814 1 2 101 101 187 138
2815 1 2 101 101 187 132
2816 1 2 101 101 187 181
2817 1 2 101 101 187 188
2818 1 2 101 101 187 139
2819 1 2 101 101 138 132
2820 1 2 101 101 138 181
2821 1 2 101 101 138 188
2822 1 2 101 101 138 139
2823 1 2 101 101 132 181
2824 1 2 101 101 132 188
2825 1 2 101 101 132 139
2826 1 2 101 101 181 188
2827 1 2 101 101 181 139
2828 1 2 101 101 188 139
2829 1 2 102 102 132 181
2830 1 2 102 102 132 188
2831 1 2 102 102 132 139
2832 1 2 102 102 132 133
2833 1 2 102 102 132 182
2834 1 2 102 102 132 189
2835 1 2 102 102 132 140
2836 1 2 102 102 181 188
2837 1 2 102 102 181 139
2838 1 2 102 102 181 133
2839 1 2 102 102 181 182
2840 1 2 102 102 181 189
2841 1 2 102 102 181 140
2842 1 2 102 102 188 139
2843 1 2 102 102 188 133
2844 1 2 102 102 188 182
2845 1 2 102 102 188 189
2846 1 2 102 102 188 140
2847 1 2 102 102 139 133
2848 1 2 102 102 139 182
2849 1 2 102 102 139 189
2850 1 2 102 102 139 140
2851 1 2 102 102 133 182
2852 1 2 102 102 133 189
2853 1 2 102 102 133 140
2854 1 2 102 102 182 189
2855 1 2 102 102 182 140
2856 1 2 102 102 189 140
2857 1 2 103 103 134 183
2858 1 2 103 103 134 190
2859 1 2 103 103 134 141
2860 1 2 103 103 134 135
2861 1 2 103 103 134 184
2862 1 2 103 103 134 191
2863 1 2 103 103 134 142
2864 1 2 103 103 183 190
2865 1 2 103 103 183 141
2866 1 2 103 103 183 135
2867 1 2 103 103 183 184
2868 1 2 103 103 183 191
2869 1 2 103 103 183 142
2870 1 2 103 103 190 141
2871 1 2 103 103 190 135
2872 1 2 103 103 190 184
2873 1 2 103 103 190 191
2874 1 2 103 103 190 142
2875 1 2 103 103 141 135
2876 1 2 103 103 141 184
2877 1 2 103 103 141 191
2878 1 2 103 103 141 142
2879 1 2 103 103 135 184
2880 1 2 103 103 135 191
2881 1 2 103 103 135 142
2882 1 2 103 103 184 191
2883 1 2 103 103 184 142
2884 1 2 103 103 191 142
2885 1 2 104 104 135 184
2886 1 2 104 104 135 191
2887 1 2 104 104 135 142
2888 1 2 104 104 135 136
2889 1 2 104 104 135 185
2890 1 2 104 104 135 192
2891 1 2 104 104 135 143
2892 1 2 104 104 184 191
2893 1 2 104 104 184 142
2894 1 2 104 104 184 136
2895 1 2 104 104 184 185
2896 1 2 104 104 184 192
2897 1 2 104 104 184 143
2898 1 2 104 104 191 142
2899 1 2 104 104 191 136
2900 1 2 104 104 191 185
2901 1 2 104 104 191 192
2902 1 2 104 104 191 143
2903 1 2 104 104 142 136
2904 1 2 104 104 142 185
2905 1 2 104 104 142 192
2906 1 2 104 104 142 143
2907 1 2 104 104 136 185
2908 1 2 104 104 136 192
2909 1 2 104 104 136 143
2910 1 2 104 104 185 192
2911 1 2 104 104 185 143
2912 1 2 104 104 192 143
2913 1 2 105 105 136 185
2914 1 2 105 105 136 192
2915 1 2 105 105 136 143
2916 1 2 105 105 136 137
2917 1 2 105 105 136 186
2918 1 2 105 105 136 193
2919 1 2 105 105 136 144
2920 1 2 105 105 185 192
2921 1 2 105 105 185 143
2922 1 2 105 105 185 137
2923 1 2 105 105 185 186
2924 1 2 105 105 185 193
2925 1 2 105 105 185 144
2926 1 2 105 105 192 143
2927 1 2 105 105 192 137
2928 1 2 105 105 192 186
2929 1 2 105 105 192 193
2930 1 2 105 105 192 144
2931 1 2 105 105 143 137
2932 1 2 105 105 143 186
2933 1 2 105 105 143 193
2934 1 2 105 105 143 144
2935 1 2 105 105 137 186
2936 1 2 105 105 137 193
2937 1 2 105 105 137 144
2938 1 2 105 105 186 193
2939 1 2 105 105 186 144
2940 1 2 105 105 193 144
2941 1 2 106 106 137 186
2942 1 2 106 106 137 193
2943 1 2 106 106 137 144
2944 1 2 106 106 137 138
2945 1 2 106 106 137 187
2946 1 2 106 106 137 194
2947 1 2 106 106 137 145
2948 1 2 106 106 186 193
2949 1 2 106 106 186 144
2950 1 2 106 106 186 138
2951 1 2 106 106 186 187
2952 1 2 106 106 186 194
2953 1 2 106 106 186 145
2954 1 2 106 106 193 144
2955 1 2 106 106 193 138
2956 1 2 106 106 193 187
2957 1 2 106 106 193 194
2958 1 2 106 106 193 145
2959 1 2 106 106 144 138
2960 1 2 106 106 144 187
2961 1 2 106 106 144 194
2962 1 2 106 106 144 145
2963 1 2 106 106 138 187
2964 1 2 106 106 138 194
2965 1 2 106 106 138 145
2966 1 2 106 106 187 194
2967 1 2 106 106 187 145
2968 1 2 106 106 194 145
2969 1 2 107 107 138 187
2970 1 2 107 107 138 194
2971 1 2 107 107 138 145
2972 1 2 107 107 138 139
2973 1 2 107 107 138 188
2974 1 2 107 107 138 195
2975 1 2 107 107 138 146
2976 1 2 107 107 187 194
2977 1 2 107 107 187 145
2978 1 2 107 107 187 139
2979 1 2 107 107 187 188
2980 1 2 107 107 187 195
2981 1 2 107 107 187 146
2982 1 2 107 107 194 145
2983 1 2 107 107 194 139
2984 1 2 107 107 194 188
2985 1 2 107 107 194 195
2986 1 2 107 107 194 146
2987 1 2 107 107 145 139
2988 1 2 107 107 145 188
2989 1 2 107 107 145 195
2990 1 2 107 107 145 146
2991 1 2 107 107 139 188
2992 1 2 107 107 139 195
2993 1 2 107 107 139 146
2994 1 2 107 107 188 195
2995 1 2 107 107 188 146
2996 1 2 107 107 195 146
2997 1 2 108 108 139 188
2998 1 2 108 108 139 195
2999 1 2 108 108 139 146
3000 1 2 108 108 139 140
3001 1 2 108 108 139 189
3002 1 2 108 108 139 196
3003 1 2 108 108 139 147
3004 1 2 108 108 188 195
3005 1 2 108 108 188 146
3006 1 2 108 108 188 140
3007 1 2 108 108 188 189
3008 1 2 108 108 188 196
3009 1 2 108 108 188 147
3010 1 2 108 108 195 146
3011 1 2 108 108 195 140
3012 1 2 108 108 195 189
3013 1 2 108 108 195 196
3014 1 2 108 108 195 147
3015 1 2 108 108 146 140
3016 1 2 108 108 146 189
3017 1 2 108 108 146 196
3018 1 2 108 108 146 147
3019 1 2 108 108 140 189
3020 1 2 108 108 140 196
3021 1 2 108 108 140 147
3022 1 2 108 108 189 196
3023 1 2 108 108 189 147
3024 1 2 108 108 196 147
3025 1 2 109 109 148 197
3026 1 2 109 109 148 204
3027 1 2 109 109 148 155
3028 1 2 109 109 148 149
3029 1 2 109 109 148 198
3030 1 2 109 109 148 205
3031 1 2 109 109 148 156
3032 1 2 109 109 197 204
3033 1 2 109 109 197 155
3034 1 2 109 109 197 149
3035 1 2 109 109 197 198
3036 1 2 109 109 197 205
3037 1 2 109 109 197 156
3038 1 2 109 109 204 155
3039 1 2 109 109 204 149
3040 1 2 109 109 204 198
3041 1 2 109 109 204 205
3042 1 2 109 109 204 156
3043 1 2 109 109 155 149
3044 1 2 109 109 155 198
3045 1 2 109 109 155 205
3046 1 2 109 109 155 156
3047 1 2 109 109 149 198
3048 1 2 109 109 149 205
3049 1 2 109 109 149 156
3050 1 2 109 109 198 205
3051 1 2 109 109 198 156
3052 1 2 109 109 205 156
3053 1 2 110 110 149 198
3054 1 2 110 110 149 205
3055 1 2 110 110 149 156
3056 1 2 110 110 149 150
3057 1 2 110 110 149 199
3058 1 2 110 110 149 206
3059 1 2 110 110 149 157
3060 1 2 110 110 198 205
3061 1 2 110 110 198 156
3062 1 2 110 110 198 150
3063 1 2 110 110 198 199
3064 1 2 110 110 198 206
3065 1 2 110 110 198 157
3066 1 2 110 110 205 156
3067 1 2 110 110 205 150
3068 1 2 110 110 205 199
3069 1 2 110 110 205 206
3070 1 2 110 110 205 157
3071 1 2 110 110 156 150
3072 1 2 110 110 156 199
3073 1 2 110 110 156 206
3074 1 2 110 110 156 157
3075 1 2 110 110 150 199
3076 1 2 110 110 150 206
3077 1 2 110 110 150 157
3078 1 2 110 110 199 206
3079 1 2 110 110 199 157
3080 1 2 110 110 206 157
3081 1 2 111 111 150 199
3082 1 2 111 111 150 206
3083 1 2 111 111 150 157
3084 1 2 111 111 150 151
3085 1 2 111 111 150 200
3086 1 2 111 111 150 207
3087 1 2 111 111 150 158
3088 1 2 111 111 199 206
3089 1 2 111 111 199 157
3090 1 2 111 111 199 151
3091 1 2 111 111 199 200
3092 1 2 111 111 199 207
3093 1 2 111 111 199 158
3094 1 2 111 111 206 157
3095 1 2 111 111 206 151
3096 1 2 111 111 206 200
3097 1 2 111 111 206 207
3098 1 2 111 111 206 158
3099 1 2 111 111 157 151
3100 1 2 111 111 157 200
3101 1 2 111 111 157 207
3102 1 2 111 111 157 158
3103 1 2 111 111 151 200
3104 1 2 111 111 151 207
3105 1 2 111 111 151 158
3106 1 2 111 111 200 207
3107 1 2 111 111 200 158
3108 1 2 111 111 207 158
3109 1 2 112 112 151 200
3110 1 2 112 112 151 207
3111 1 2 112 112 151 158
3112 1 2 112 112 151 152
3113 1 2 112 112 151 201
3114 1 2 112 112 151 208
3115 1 2 112 112 151 159
3116 1 2 112 112 200 207
3117 1 2 112 112 200 158
3118 1 2 112 112 200 152
3119 1 2 112 112 200 201
3120 1 2 112 112 200 208
3121 1 2 112 112 200 159
3122 1 2 112 112 207 158
3123 1 2 112 112 207 152
3124 1 2 112 112 207 201
3125 1 2 112 112 207 208
3126 1 2 112 112 207 159
3127 1 2 112 112 158 152
3128 1 2 112 112 158 201
3129 1 2 112 112 158 208
3130 1 2 112 112 158 159
3131 1 2 112 112 152 201
3132 1 2 112 112 152 208
3133 1 2 112 112 152 159
3134 1 2 112 112 201 208
3135 1 2 112 112 201 159
3136 1 2 112 112 208 159
3137 1 2 113 113 152 201
3138 1 2 113 113 152 208
3139 1 2 113 113 152 159
3140 1 2 113 113 152 153
3141 1 2 113 113 152 202
3142 1 2 113 113 152 209
3143 1 2 113 113 152 160
3144 1 2 113 113 201 208
3145 1 2 113 113 201 159
3146 1 2 113 113 201 153
3147 1 2 113 113 201 202
3148 1 2 113 113 201 209
3149 1 2 113 113 201 160
3150 1 2 113 113 208 159
3151 1 2 113 113 208 153
3152 1 2 113 113 208 202
3153 1 2 113 113 208 209
3154 1 2 113 113 208 160
3155 1 2 113 113 159 153
3156 1 2 113 113 159 202
3157 1 2 113 113 159 209
3158 1 2 113 113 159 160
3159 1 2 113 113 153 202
3160 1 2 113 113 153 209
3161 1 2 113 113 153 160
3162 1 2 113 113 202 209
3163 1 2 113 113 202 160
3164 1 2 113 113 209 160
3165 1 2 114 114 153 202
3166 1 2 114 114 153 209
3167 1 2 114 114 153 160
3168 1 2 114 114 153 154
3169 1 2 114 114 153 203
3170 1 2 114 114 153 210
3171 1 2 114 114 153 161
3172 1 2 114 114 202 209
3173 1 2 114 114 202 160
3174 1 2 114 114 202 154
3175 1 2 114 114 202 203
3176 1 2 114 114 202 210
3177 1 2 114 114 202 161
3178 1 2 114 114 209 160
3179 1 2 114 114 209 154
3180 1 2 114 114 209 203
3181 1 2 114 114 209 210
3182 1 2 114 114 209 161
3183 1 2 114 114 160 154
3184 1 2 114 114 160 203
3185 1 2 114 114 160 210
3186 1 2 114 114 160 161
3187 1 2 114 114 154 203
3188 1 2 114 114 154 210
3189 1 2 114 114 154 161
3190 1 2 114 114 203 210
3191 1 2 114 114 203 161
3192 1 2 114 114 210 161
3193 1 2 115 115 155 204
3194 1 2 115 115 155 211
3195 1 2 115 115 155 162
3196 1 2 115 115 155 156
3197 1 2 115 115 155 205
3198 1 2 115 115 155 212
3199 1 2 115 115 155 163
3200 1 2 115 115 204 211
3201 1 2 115 115 204 162
3202 1 2 115 115 204 156
3203 1 2 115 115 204 205
3204 1 2 115 115 204 212
3205 1 2 115 115 204 163
3206 1 2 115 115 211 162
3207 1 2 115 115 211 156
3208 1 2 115 115 211 205
3209 1 2 115 115 211 212
3210 1 2 115 115 211 163
3211 1 2 115 115 162 156
3212 1 2 115 115 162 205
3213 1 2 115 115 162 212
3214 1 2 115 115 162 163
3215 1 2 115 115 156 205
3216 1 2 115 115 156 212
3217 1 2 115 115 156 163
3218 1 2 115 115 205 212
3219 1 2 115 115 205 163
3220 1 2 115 115 212 163
3221 1 2 116 116 156 205
3222 1 2 116 116 156 212
3223 1 2 116 116 156 163
3224 1 2 116 116 156 157
3225 1 2 116 116 156 206
3226 1 2 116 116 156 213
3227 1 2 116 116 156 164
3228 1 2 116 116 205 212
3229 1 2 116 116 205 163
3230 1 2 116 116 205 157
3231 1 2 116 116 205 206
3232 1 2 116 116 205 213
3233 1 2 116 116 205 164
3234 1 2 116 116 212 163
3235 1 2 116 116 212 157
3236 1 2 116 116 212 206
3237 1 2 116 116 212 213
3238 1 2 116 116 212 164
3239 1 2 116 116 163 157
3240 1 2 116 116 163 206
3241 1 2 116 116 163 213
3242 1 2 116 116 163 164
3243 1 2 116 116 157 206
3244 1 2 116 116 157 213
3245 1 2 116 116 157 164
3246 1 2 116 116 206 213
3247 1 2 116 116 206 164
3248 1 2 116 116 213 164
3249 1 2 117 117 157 206
3250 1 2 117 117 157 213
3251 1 2 117 117 157 164
3252 1 2 117 117 157 158
3253 1 2 117 117 157 207
3254 1 2 117 117 157 214
3255 1 2 117 117 157 165
3256 1 2 117 117 206 213
3257 1 2 117 117 206 164
3258 1 2 117 117 206 158
3259 1 2 117 117 206 207
3260 1 2 117 117 206 214
3261 1 2 117 117 206 165
3262 1 2 117 117 213 164
3263 1 2 117 117 213 158
3264 1 2 117 117 213 207
3265 1 2 117 117 213 214
3266 1 2 117 117 213 165
3267 1 2 117 117 164 158
3268 1 2 117 117 164 207
3269 1 2 117 117 164 214
3270 1 2 117 117 164 165
3271 1 2 117 117 158 207
3272 1 2 117 117 158 214
3273 1 2 117 117 158 165
3274 1 2 117 117 207 214
3275 1 2 117 117 207 165
3276 1 2 117 117 214 165
3277 1 2 118 118 158 207
3278 1 2 118 118 158 214
3279 1 2 118 118 158 165
3280 1 2 118 118 158 159
3281 1 2 118 118 158 208
3282 1 2 118 118 158 215
3283 1 2 118 118 158 166
3284 1 2 118 118 207 214
3285 1 2 118 118 207 165
3286 1 2 118 118 207 159
3287 1 2 118 118 207 208
3288 1 2 118 118 207 215
3289 1 2 118 118 207 166
3290 1 2 118 118 214 165
3291 1 2 118 118 214 159
3292 1 2 118 118 214 208
3293 1 2 118 118 214 215
3294 1 2 118 118 214 166
3295 1 2 118 118 165 159
3296 1 2 118 118 165 208
3297 1 2 118 118 165 215
3298 1 2 118 118 165 166
3299 1 2 118 118 159 208
3300 1 2 118 118 159 215
3301 1 2 118 118 159 166
3302 1 2 118 118 208 215
3303 1 2 118 118 208 166
3304 1 2 118 118 215 166
3305 1 2 119 119 159 208
3306 1 2 119 119 159 215
3307 1 2 119 119 159 166
3308 1 2 119 119 159 160
3309 1 2 119 119 159 209
3310 1 2 119 119 159 216
3311 1 2 119 119 159 167
3312 1 2 119 119 208 215
3313 1 2 119 119 208 166
3314 1 2 119 119 208 160
3315 1 2 119 119 208 209
3316 1 2 119 119 208 216
3317 1 2 119 119 208 167
3318 1 2 119 119 215 166
3319 1 2 119 119 215 160
3320 1 2 119 119 215 209
3321 1 2 119 119 215 216
3322 1 2 119 119 215 167
3323 1 2 119 119 166 160
3324 1 2 119 119 166 209
3325 1 2 119 119 166 216
3326 1 2 119 119 166 167
3327 1 2 119 119 160 209
3328 1 2 119 119 160 216
3329 1 2 119 119 160 167
3330 1 2 119 119 209 216
3331 1 2 119 119 209 167
3332 1 2 119 119 216 167
3333 1 2 120 120 160 209
3334 1 2 120 120 160 216
3335 1 2 120 120 160 167
3336 1 2 120 120 160 161
3337 1 2 120 120 160 210
3338 1 2 120 120 160 217
3339 1 2 120 120 160 168
3340 1 2 120 120 209 216
3341 1 2 120 120 209 167
3342 1 2 120 120 209 161
3343 1 2 120 120 209 210
3344 1 2 120 120 209 217
3345 1 2 120 120 209 168
3346 1 2 120 120 216 167
3347 1 2 120 120 216 161
3348 1 2 120 120 216 210
3349 1 2 120 120 216 217
3350 1 2 120 120 216 168
3351 1 2 120 120 167 161
3352 1 2 120 120 167 210
3353 1 2 120 120 167 217
3354 1 2 120 120 167 168
3355 1 2 120 120 161 210
3356 1 2 120 120 161 217
3357 1 2 120 120 161 168
3358 1 2 120 120 210 217
3359 1 2 120 120 210 168
3360 1 2 120 120 217 168
3361 1 2 121 121 162 211
3362 1 2 121 121 162 218
3363 1 2 121 121 162 169
3364 1 2 121 121 162 163
3365 1 2 121 121 162 212
3366 1 2 121 121 162 219
3367 1 2 121 121 162 170
3368 1 2 121 121 211 218
3369 1 2 121 121 211 169
3370 1 2 121 121 211 163
3371 1 2 121 121 211 212
3372 1 2 121 121 211 219
3373 1 2 121 121 211 170
3374 1 2 121 121 218 169
3375 1 2 121 121 218 163
3376 1 2 121 121 218 212
3377 1 2 121 121 218 219
3378 1 2 121 121 218 170
3379 1 2 121 121 169 163
3380 1 2 121 121 169 212
3381 1 2 121 121 169 219
3382 1 2 121 121 169 170
3383 1 2 121 121 163 212
3384 1 2 121 121 163 219
3385 1 2 121 121 163 170
3386 1 2 121 121 212 219
3387 1 2 121 121 212 170
3388 1 2 121 121 219 170
3389 1 2 122 122 163 212
3390 1 2 122 122 163 219
3391 1 2 122 122 163 170
3392 1 2 122 122 163 164
3393 1 2 122 122 163 213
3394 1 2 122 122 163 220
3395 1 2 122 122 163 171
3396 1 2 122 122 212 219
3397 1 2 122 122 212 170
3398 1 2 122 122 212 164
3399 1 2 122 122 212 213
3400 1 2 122 122 212 220
3401 1 2 122 122 212 171
3402 1 2 122 122 219 170
3403 1 2 122 122 219 164
3404 1 2 122 122 219 213
3405 1 2 122 122 219 220
3406 1 2 122 122 219 171
3407 1 2 122 122 170 164
3408 1 2 122 122 170 213
3409 1 2 122 122 170 220
3410 1 2 122 122 170 171
3411 1 2 122 122 164 213
3412 1 2 122 122 164 220
3413 1 2 122 122 164 171
3414 1 2 122 122 213 220
3415 1 2 122 122 213 171
3416 1 2 122 122 220 171
3417 1 2 123 123 164 213
3418 1 2 123 123 164 220
3419 1 2 123 123 164 171
3420 1 2 123 123 164 165
3421 1 2 123 123 164 214
3422 1 2 123 123 164 221
3423 1 2 123 123 164 172
3424 1 2 123 123 213 220
3425 1 2 123 123 213 171
3426 1 2 123 123 213 165
3427 1 2 123 123 213 214
3428 1 2 123 123 213 221
3429 1 2 123 123 213 172
3430 1 2 123 123 220 171
3431 1 2 123 123 220 165
3432 1 2 123 123 220 214
3433 1 2 123 123 220 221
3434 1 2 123 123 220 172
3435 1 2 123 123 171 165
3436 1 2 123 123 171 214
3437 1 2 123 123 171 221
3438 1 2 123 123 171 172
3439 1 2 123 123 165 214
3440 1 2 123 123 165 221
3441 1 2 123 123 165 172
3442 1 2 123 123 214 221
3443 1 2 123 123 214 172
3444 1 2 123 123 221 172
3445 1 2 124 124 165 214
3446 1 2 124 124 165 221
3447 1 2 124 124 165 172
3448 1 2 124 124 165 166
3449 1 2 124 124 165 215
3450 1 2 124 124 165 222
3451 1 2 124 124 165 173
3452 1 2 124 124 214 221
3453 1 2 124 124 214 172
3454 1 2 124 124 214 166
3455 1 2 124 124 214 215
3456 1 2 124 124 214 222
3457 1 2 124 124 214 173
3458 1 2 124 124 221 172
3459 1 2 124 124 221 166
3460 1 2 124 124 221 215
3461 1 2 124 124 221 222
3462 1 2 124 124 221 173
3463 1 2 124 124 172 166
3464 1 2 124 124 172 215
3465 1 2 124 124 172 222
3466 1 2 124 124 172 173
3467 1 2 124 124 166 215
3468 1 2 124 124 166 222
3469 1 2 124 124 166 173
3470 1 2 124 124 215 222
3471 1 2 124 124 215 173
3472 1 2 124 124 222 173
3473 1 2 125 125 166 215
3474 1 2 125 125 166 222
3475 1 2 125 125 166 173
3476 1 2 125 125 166 167
3477 1 2 125 125 166 216
3478 1 2 125 125 166 223
3479 1 2 125 125 166 174
3480 1 2 125 125 215 222
3481 1 2 125 125 215 173
3482 1 2 125 125 215 167
3483 1 2 125 125 215 216
3484 1 2 125 125 215 223
3485 1 2 125 125 215 174
3486 1 2 125 125 222 173
3487 1 2 125 125 222 167
3488 1 2 125 125 222 216
3489 1 2 125 125 222 223
3490 1 2 125 125 222 174
3491 1 2 125 125 173 167
3492 1 2 125 125 173 216
3493 1 2 125 125 173 223
3494 1 2 125 125 173 174
3495 1 2 125 125 167 216
3496 1 2 125 125 167 223
3497 1 2 125 125 167 174
3498 1 2 125 125 216 223
3499 1 2 125 125 216 174
3500 1 2 125 125 223 174
3501 1 2 126 126 167 216
3502 1 2 126 126 167 223
3503 1 2 126 126 167 174
3504 1 2 126 126 167 168
3505 1 2 126 126 167 217
3506 1 2 126 126 167 224
3507 1 2 126 126 167 175
3508 1 2 126 126 216 223
3509 1 2 126 126 216 174
3510 1 2 126 126 216 168
3511 1 2 126 126 216 217
3512 1 2 126 126 216 224
3513 1 2 126 126 216 175
3514 1 2 126 126 223 174
3515 1 2 126 126 223 168
3516 1 2 126 126 223 217
3517 1 2 126 126 223 224
3518 1 2 126 126 223 175
3519 1 2 126 126 174 168
3520 1 2 126 126 174 217
3521 1 2 126 126 174 224
3522 1 2 126 126 174 175
3523 1 2 126 126 168 217
3524 1 2 126 126 168 224
3525 1 2 126 126 168 175
3526 1 2 126 126 217 224
3527 1 2 126 126 217 175
3528 1 2 126 126 224 175
3529 1 2 127 127 169 218
3530 1 2 127 127 169 225
3531 1 2 127 127 169 176
3532 1 2 127 127 169 170
3533 1 2 127 127 169 219
3534 1 2 127 127 169 226
3535 1 2 127 127 169 177
3536 1 2 127 127 218 225
3537 1 2 127 127 218 176
3538 1 2 127 127 218 170
3539 1 2 127 127 218 219
3540 1 2 127 127 218 226
3541 1 2 127 127 218 177
3542 1 2 127 127 225 176
3543 1 2 127 127 225 170
3544 1 2 127 127 225 219
3545 1 2 127 127 225 226
3546 1 2 127 127 225 177
3547 1 2 127 127 176 170
3548 1 2 127 127 176 219
3549 1 2 127 127 176 226
3550 1 2 127 127 176 177
3551 1 2 127 127 170 219
3552 1 2 127 127 170 226
3553 1 2 127 127 170 177
3554 1 2 127 127 219 226
3555 1 2 127 127 219 177
3556 1 2 127 127 226 177
3557 1 2 128 128 170 219
3558 1 2 128 128 170 226
3559 1 2 128 128 170 177
3560 1 2 128 128 170 171
3561 1 2 128 128 170 220
3562 1 2 128 128 170 227
3563 1 2 128 128 170 178
3564 1 2 128 128 219 226
3565 1 2 128 128 219 177
3566 1 2 128 128 219 171
3567 1 2 128 128 219 220
3568 1 2 128 128 219 227
3569 1 2 128 128 219 178
3570 1 2 128 128 226 177
3571 1 2 128 128 226 171
3572 1 2 128 128 226 220
3573 1 2 128 128 226 227
3574 1 2 128 128 226 178
3575 1 2 128 128 177 171
3576 1 2 128 128 177 220
3577 1 2 128 128 177 227
3578 1 2 128 128 177 178
3579 1 2 128 128 171 220
3580 1 2 128 128 171 227
3581 1 2 128 128 171 178
3582 1 2 128 128 220 227
3583 1 2 128 128 220 178
3584 1 2 128 128 227 178
3585 1 2 129 129 171 220
3586 1 2 129 129 171 227
3587 1 2 129 129 171 178
3588 1 2 129 129 171 172
3589 1 2 129 129 171 221
3590 1 2 129 129 171 228
3591 1 2 129 129 171 179
3592 1 2 129 129 220 227
3593 1 2 129 129 220 178
3594 1 2 129 129 220 172
3595 1 2 129 129 220 221
3596 1 2 129 129 220 228
3597 1 2 129 129 220 179
3598 1 2 129 129 227 178
3599 1 2 129 129 227 172
3600 1 2 129 129 227 221
3601 1 2 129 129 227 228
3602 1 2 129 129 227 179
3603 1 2 129 129 178 172
3604 1 2 129 129 178 221
3605 1 2 129 129 178 228
3606 1 2 129 129 178 179
3607 1 2 129 129 172 221
3608 1 2 129 129 172 228
3609 1 2 129 129 172 179
3610 1 2 129 129 221 228
3611 1 2 129 129 221 179
3612 1 2 129 129 228 179
3613 1 2 130 130 172 221
3614 1 2 130 130 172 228
3615 1 2 130 130 172 179
3616 1 2 130 130 172 173
3617 1 2 130 130 172 222
3618 1 2 130 130 172 229
3619 1 2 130 130 172 180
3620 1 2 130 130 221 228
3621 1 2 130 130 221 179
3622 1 2 130 130 221 173
3623 1 2 130 130 221 222
3624 1 2 130 130 221 229
3625 1 2 130 130 221 180
3626 1 2 130 130 228 179
3627 1 2 130 130 228 173
3628 1 2 130 130 228 222
3629 1 2 130 130 228 229
3630 1 2 130 130 228 180
3631 1 2 130 130 179 173
3632 1 2 130 130 179 222
3633 1 2 130 130 179 229
3634 1 2 130 130 179 180
3635 1 2 130 130 173 222
3636 1 2 130 130 173 229
3637 1 2 130 130 173 180
3638 1 2 130 130 222 229
3639 1 2 130 130 222 180
3640 1 2 130 130 229 180
3641 1 2 131 131 173 222
3642 1 2 131 131 173 229
3643 1 2 131 131 173 180
3644 1 2 131 131 173 174
3645 1 2 131 131 173 223
3646 1 2 131 131 173 230
3647 1 2 131 131 173 181
3648 1 2 131 131 222 229
3649 1 2 131 131 222 180
3650 1 2 131 131 222 174
3651 1 2 131 131 222 223
3652 1 2 131 131 222 230
3653 1 2 131 131 222 181
3654 1 2 131 131 229 180
3655 1 2 131 131 229 174
3656 1 2 131 131 229 223
3657 1 2 131 131 229 230
3658 1 2 131 131 229 181
3659 1 2 131 131 180 174
3660 1 2 131 131 180 223
3661 1 2 131 131 180 230
3662 1 2 131 131 180 181
3663 1 2 131 131 174 223
3664 1 2 131 131 174 230
3665 1 2 131 131 174 181
3666 1 2 131 131 223 230
3667 1 2 131 131 223 181
3668 1 2 131 131 230 181
3669 1 2 132 132 174 223
3670 1 2 132 132 174 230
3671 1 2 132 132 174 181
3672 1 2 132 132 174 175
3673 1 2 132 132 174 224
3674 1 2 132 132 174 231
3675 1 2 132 132 174 182
3676 1 2 132 132 223 230
3677 1 2 132 132 223 181
3678 1 2 132 132 223 175
3679 1 2 132 132 223 224
3680 1 2 132 132 223 231
3681 1 2 132 132 223 182
3682 1 2 132 132 230 181
3683 1 2 132 132 230 175
3684 1 2 132 132 230 224
3685 1 2 132 132 230 231
3686 1 2 132 132 230 182
3687 1 2 132 132 181 175
3688 1 2 132 132 181 224
3689 1 2 132 132 181 231
3690 1 2 132 132 181 182
3691 1 2 132 132 175 224
3692 1 2 132 132 175 231
3693 1 2 132 132 175 182
3694 1 2 132 132 224 231
3695 1 2 132 132 224 182
3696 1 2 132 132 231 182
3697 1 2 133 133 176 225
3698 1 2 133 133 176 232
3699 1 2 133 133 176 183
3700 1 2 133 133 176 177
3701 1 2 133 133 176 226
3702 1 2 133 133 176 233
3703 1 2 133 133 176 184
3704 1 2 133 133 225 232
3705 1 2 133 133 225 183
3706 1 2 133 133 225 177
3707 1 2 133 133 225 226
3708 1 2 133 133 225 233
3709 1 2 133 133 225 184
3710 1 2 133 133 232 183
3711 1 2 133 133 232 177
3712 1 2 133 133 232 226
3713 1 2 133 133 232 233
3714 1 2 133 133 232 184
3715 1 2 133 133 183 177
3716 1 2 133 133 183 226
3717 1 2 133 133 183 233
3718 1 2 133 133 183 184
3719 1 2 133 133 177 226
3720 1 2 133 133 177 233
3721 1 2 133 133 177 184
3722 1 2 133 133 226 233
3723 1 2 133 133 226 184
3724 1 2 133 133 233 184
3725 1 2 134 134 177 226
3726 1 2 134 134 177 233
3727 1 2 134 134 177 184
3728 1 2 134 134 177 178
3729 1 2 134 134 177 227
3730 1 2 134 134 177 234
3731 1 2 134 134 177 185
3732 1 2 134 134 226 233
3733 1 2 134 134 226 184
3734 1 2 134 134 226 178
3735 1 2 134 134 226 227
3736 1 2 134 134 226 234
3737 1 2 134 134 226 185
3738 1 2 134 134 233 184
3739 1 2 134 134 233 178
3740 1 2 134 134 233 227
3741 1 2 134 134 233 234
3742 1 2 134 134 233 185
3743 1 2 134 134 184 178
3744 1 2 134 134 184 227
3745 1 2 134 134 184 234
3746 1 2 134 134 184 185
3747 1 2 134 134 178 227
3748 1 2 134 134 178 234
3749 1 2 134 134 178 185
3750 1 2 134 134 227 234
3751 1 2 134 134 227 185
3752 1 2 134 134 234 185
3753 1 2 135 135 178 227
3754 1 2 135 135 178 234
3755 1 2 135 135 178 185
3756 1 2 135 135 178 179
3757 1 2 135 135 178 228
3758 1 2 135 135 178 235
3759 1 2 135 135 178 186
3760 1 2 135 135 227 234
3761 1 2 135 135 227 185
3762 1 2 135 135 227 179
3763 1 2 135 135 227 228
3764 1 2 135 135 227 235
3765 1 2 135 135 227 186
3766 1 2 135 135 234 185
3767 1 2 135 135 234 179
3768 1 2 135 135 234 228
3769 1 2 135 135 234 235
3770 1 2 135 135 234 186
3771 1 2 135 135 185 179
3772 1 2 135 135 185 228
3773 1 2 135 135 185 235
3774 1 2 135 135 185 186
3775 1 2 135 135 179 228
3776 1 2 135 135 179 235
3777 1 2 135 135 179 186
3778 1 2 135 135 228 235
3779 1 2 135 135 228 186
3780 1 2 135 135 235 186
3781 1 2 136 136 179 228
3782 1 2 136 136 179 235
3783 1 2 136 136 179 186
3784 1 2 136 136 179 180
3785 1 2 136 136 179 229
3786 1 2 136 136 179 236
3787 1 2 136 136 179 187
3788 1 2 136 136 228 235
3789 1 2 136 136 228 186
3790 1 2 136 136 228 180
3791 1 2 136 136 228 229
3792 1 2 136 136 228 236
3793 1 2 136 136 228 187
3794 1 2 136 136 235 186
3795 1 2 136 136 235 180
3796 1 2 136 136 235 229
3797 1 2 136 136 235 236
3798 1 2 136 136 235 187
3799 1 2 136 136 186 180
3800 1 2 136 136 186 229
3801 1 2 136 136 186 236
3802 1 2 136 136 186 187
3803 1 2 136 136 180 229
3804 1 2 136 136 180 236
3805 1 2 136 136 180 187
3806 1 2 136 136 229 236
3807 1 2 136 136 229 187
3808 1 2 136 136 236 187
3809 1 2 137 137 180 229
3810 1 2 137 137 180 236
3811 1 2 137 137 180 187
3812 1 2 137 137 180 181
3813 1 2 137 137 180 230
3814 1 2 137 137 180 237
3815 1 2 137 137 180 188
3816 1 2 137 137 229 236
3817 1 2 137 137 229 187
3818 1 2 137 137 229 181
3819 1 2 137 137 229 230
3820 1 2 137 137 229 237
3821 1 2 137 137 229 188
3822 1 2 137 137 236 187
3823 1 2 137 137 236 181
3824 1 2 137 137 236 230
3825 1 2 137 137 236 237
3826 1 2 137 137 236 188
3827 1 2 137 137 187 181
3828 1 2 137 137 187 230
3829 1 2 137 137 187 237
3830 1 2 137 137 187 188
3831 1 2 137 137 181 230
3832 1 2 137 137 181 237
3833 1 2 137 137 181 188
3834 1 2 137 137 230 237
3835 1 2 137 137 230 188
3836 1 2 137 137 237 188
3837 1 2 138 138 181 230
3838 1 2 138 138 181 237
3839 1 2 138 138 181 188
3840 1 2 138 138 181 182
3841 1 2 138 138 181 231
3842 1 2 138 138 181 238
3843 1 2 138 138 181 189
3844 1 2 138 138 230 237
3845 1 2 138 138 230 188
3846 1 2 138 138 230 182
3847 1 2 138 138 230 231
3848 1 2 138 138 230 238
3849 1 2 138 138 230 189
3850 1 2 138 138 237 188
3851 1 2 138 138 237 182
3852 1 2 138 138 237 231
3853 1 2 138 138 237 238
3854 1 2 138 138 237 189
3855 1 2 138 138 188 182
3856 1 2 138 138 188 231
3857 1 2 138 138 188 238
3858 1 2 138 138 188 189
3859 1 2 138 138 182 231
3860 1 2 138 138 182 238
3861 1 2 138 138 182 189
3862 1 2 138 138 231 238
3863 1 2 138 138 231 189
3864 1 2 138 138 238 189
3865 1 2 139 139 183 232
3866 1 2 139 139 183 239
3867 1 2 139 139 183 190
3868 1 2 139 139 183 184
3869 1 2 139 139 183 233
3870 1 2 139 139 183 240
3871 1 2 139 139 183 191
3872 1 2 139 139 232 239
3873 1 2 139 139 232 190
3874 1 2 139 139 232 184
3875 1 2 139 139 232 233
3876 1 2 139 139 232 240
3877 1 2 139 139 232 191
3878 1 2 139 139 239 190
3879 1 2 139 139 239 184
3880 1 2 139 139 239 233
3881 1 2 139 139 239 240
3882 1 2 139 139 239 191
3883 1 2 139 139 190 184
3884 1 2 139 139 190 233
3885 1 2 139 139 190 240
3886 1 2 139 139 190 191
3887 1 2 139 139 184 233
3888 1 2 139 139 184 240
3889 1 2 139 139 184 191
3890 1 2 139 139 233 240
3891 1 2 139 139 233 191
3892 1 2 139 139 240 191
3893 1 2 140 140 184 233
3894 1 2 140 140 184 240
3895 1 2 140 140 184 191
3896 1 2 140 140 184 185
3897 1 2 140 140 184 234
3898 1 2 140 140 184 241
3899 1 2 140 140 184 192
3900 1 2 140 140 233 240
3901 1 2 140 140 233 191
3902 1 2 140 140 233 185
3903 1 2 140 140 233 234
3904 1 2 140 140 233 241
3905 1 2 140 140 233 192
3906 1 2 140 140 240 191
3907 1 2 140 140 240 185
3908 1 2 140 140 240 234
3909 1 2 140 140 240 241
3910 1 2 140 140 240 192
3911 1 2 140 140 191 185
3912 1 2 140 140 191 234
3913 1 2 140 140 191 241
3914 1 2 140 140 191 192
3915 1 2 140 140 185 234
3916 1 2 140 140 185 241
3917 1 2 140 140 185 192
3918 1 2 140 140 234 241
3919 1 2 140 140 234 192
3920 1 2 140 140 241 192
3921 1 2 141 141 185 234
3922 1 2 141 141 185 241
3923 1 2 141 141 185 192
3924 1 2 141 141 185 186
3925 1 2 141 141 185 235
3926 1 2 141 141 185 242
3927 1 2 141 141 185 193
3928 1 2 141 141 234 241
3929 1 2 141 141 234 192
3930 1 2 141 141 234 186
3931 1 2 141 141 234 235
3932 1 2 141 141 234 242
3933 1 2 141 141 234 193
3934 1 2 141 141 241 192
3935 1 2 141 141 241 186
3936 1 2 141 141 241 235
3937 1 2 141 141 241 242
3938 1 2 141 141 241 193
3939 1 2 141 141 192 186
3940 1 2 141 141 192 235
3941 1 2 141 141 192 242
3942 1 2 141 141 192 193
3943 1 2 141 141 186 235
3944 1 2 141 141 186 242
3945 1 2 141 141 186 193
3946 1 2 141 141 235 242
3947 1 2 141 141 235 193
3948 1 2 141 141 242 193
3949 1 2 142 142 186 235
3950 1 2 142 142 186 242
3951 1 2 142 142 186 193
3952 1 2 142 142 186 187
3953 1 2 142 142 186 236
3954 1 2 142 142 186 243
3955 1 2 142 142 186 194
3956 1 2 142 142 235 242
3957 1 2 142 142 235 193
3958 1 2 142 142 235 187
3959 1 2 142 142 235 236
3960 1 2 142 142 235 243
3961 1 2 142 142 235 194
3962 1 2 142 142 242 193
3963 1 2 142 142 242 187
3964 1 2 142 142 242 236
3965 1 2 142 142 242 243
3966 1 2 142 142 242 194
3967 1 2 142 142 193 187
3968 1 2 142 142 193 236
3969 1 2 142 142 193 243
3970 1 2 142 142 193 194
3971 1 2 142 142 187 236
3972 1 2 142 142 187 243
3973 1 2 142 142 187 194
3974 1 2 142 142 236 243
3975 1 2 142 142 236 194
3976 1 2 142 142 243 194
3977 1 2 143 143 187 236
3978 1 2 143 143 187 243
3979 1 2 143 143 187 194
3980 1 2 143 143 187 188
3981 1 2 143 143 187 237
3982 1 2 143 143 187 244
3983 1 2 143 143 187 195
3984 1 2 143 143 236 243
3985 1 2 143 143 236 194
3986 1 2 143 143 236 188
3987 1 2 143 143 236 237
3988 1 2 143 143 236 244
3989 1 2 143 143 236 195
3990 1 2 143 143 243 194
3991 1 2 143 143 243 188
3992 1 2 143 143 243 237
3993 1 2 143 143 243 244
3994 1 2 143 143 243 195
3995 1 2 143 143 194 188
3996 1 2 143 143 194 237
3997 1 2 143 143 194 244
3998 1 2 143 143 194 195
3999 1 2 143 143 188 237
4000 1 2 143 143 188 244
4001 1 2 143 143 188 195
4002 1 2 143 143 237 244
4003 1 2 143 143 237 195
4004 1 2 143 143 244 195
4005 1 2 144 144 188 237
4006 1 2 144 144 188 244
4007 1 2 144 144 188 195
4008 1 2 144 144 188 189
4009 1 2 144 144 188 238
4010 1 2 144 144 188 245
4011 1 2 144 144 188 196
4012 1 2 144 144 237 244
4013 1 2 144 144 237 195
4014 1 2 144 144 237 189
4015 1 2 144 144 237 238
4016 1 2 144 144 237 245
4017 1 2 144 144 237 196
4018 1 2 144 144 244 195
4019 1 2 144 144 244 189
4020 1 2 144 144 244 238
4021 1 2 144 144 244 245
4022 1 2 144 144 244 196
4023 1 2 144 144 195 189
4024 1 2 144 144 195 238
4025 1 2 144 144 195 245
4026 1 2 144 144 195 196
4027 1 2 144 144 189 238
4028 1 2 144 144 189 245
4029 1 2 144 144 189 196
4030 1 2 144 144 238 245
4031 1 2 144 144 238 196
4032 1 2 144 144 245 196
4033 1 2 145 145 197 246
4034 1 2 145 145 197 253
4035 1 2 145 145 197 204
4036 1 2 145 145 197 198
4037 1 2 145 145 197 247
4038 1 2 145 145 197 254
4039 1 2 145 145 197 205
4040 1 2 145 145 246 253
4041 1 2 145 145 246 204
4042 1 2 145 145 246 198
4043 1 2 145 145 246 247
4044 1 2 145 145 246 254
4045 1 2 145 145 246 205
4046 1 2 145 145 253 204
4047 1 2 145 145 253 198
4048 1 2 145 145 253 247
4049 1 2 145 145 253 254
4050 1 2 145 145 253 205
4051 1 2 145 145 204 198
4052 1 2 145 145 204 247
4053 1 2 145 145 204 254
4054 1 2 145 145 204 205
4055 1 2 145 145 198 247
4056 1 2 145 145 198 254
4057 1 2 145 145 198 205
4058 1 2 145 145 247 254
4059 1 2 145 145 247 205
4060 1 2 145 145 254 205
4061 1 2 146 146 198 247
4062 1 2 146 146 198 254
4063 1 2 146 146 198 205
4064 1 2 146 146 198 199
4065 1 2 146 146 198 248
4066 1 2 146 146 198 255
4067 1 2 146 146 198 206
4068 1 2 146 146 247 254
4069 1 2 146 146 247 205
4070 1 2 146 146 247 199
4071 1 2 146 146 247 248
4072 1 2 146 146 247 255
4073 1 2 146 146 247 206
4074 1 2 146 146 254 205
4075 1 2 146 146 254 199
4076 1 2 146 146 254 248
4077 1 2 146 146 254 255
4078 1 2 146 146 254 206
4079 1 2 146 146 205 199
4080 1 2 146 146 205 248
4081 1 2 146 146 205 255
4082 1 2 146 146 205 206
4083 1 2 146 146 199 248
4084 1 2 146 146 199 255
4085 1 2 146 146 199 206
4086 1 2 146 146 248 255
4087 1 2 146 146 248 206
4088 1 2 146 146 255 206
4089 1 2 147 147 199 248
4090 1 2 147 147 199 255
4091 1 2 147 147 199 206
4092 1 2 147 147 199 200
4093 1 2 147 147 199 249
4094 1 2 147 147 199 256
4095 1 2 147 147 199 207
4096 1 2 147 147 248 255
4097 1 2 147 147 248 206
4098 1 2 147 147 248 200
4099 1 2 147 147 248 249
4100 1 2 147 147 248 256
4101 1 2 147 147 248 207
4102 1 2 147 147 255 206
4103 1 2 147 147 255 200
4104 1 2 147 147 255 249
4105 1 2 147 147 255 256
4106 1 2 147 147 255 207
4107 1 2 147 147 206 200
4108 1 2 147 147 206 249
4109 1 2 147 147 206 256
4110 1 2 147 147 206 207
4111 1 2 147 147 200 249
4112 1 2 147 147 200 256
4113 1 2 147 147 200 207
4114 1 2 147 147 249 256
4115 1 2 147 147 249 207
4116 1 2 147 147 256 207
4117 1 2 148 148 200 249
4118 1 2 148 148 200 256
4119 1 2 148 148 200 207
4120 1 2 148 148 200 201
4121 1 2 148 148 200 250
4122 1 2 148 148 200 257
4123 1 2 148 148 200 208
4124 1 2 148 148 249 256
4125 1 2 148 148 249 207
4126 1 2 148 148 249 201
4127 1 2 148 148 249 250
4128 1 2 148 148 249 257
4129 1 2 148 148 249 208
4130 1 2 148 148 256 207
4131 1 2 148 148 256 201
4132 1 2 148 148 256 250
4133 1 2 148 148 256 257
4134 1 2 148 148 256 208
4135 1 2 148 148 207 201
4136 1 2 148 148 207 250
4137 1 2 148 148 207 257
4138 1 2 148 148 207 208
4139 1 2 148 148 201 250
4140 1 2 148 148 201 257
4141 1 2 148 148 201 208
4142 1 2 148 148 250 257
4143 1 2 148 148 250 208
4144 1 2 148 148 257 208
4145 1 2 149 149 201 250
4146 1 2 149 149 201 257
4147 1 2 149 149 201 208
4148 1 2 149 149 201 202
4149 1 2 149 149 201 251
4150 1 2 149 149 201 258
4151 1 2 149 149 201 209
4152 1 2 149 149 250 257
4153 1 2 149 149 250 208
4154 1 2 149 149 250 202
4155 1 2 149 149 250 251
4156 1 2 149 149 250 258
4157 1 2 149 149 250 209
4158 1 2 149 149 257 208
4159 1 2 149 149 257 202
4160 1 2 149 149 257 251
4161 1 2 149 149 257 258
4162 1 2 149 149 257 209
4163 1 2 149 149 208 202
4164 1 2 149 149 208 251
4165 1 2 149 149 208 258
4166 1 2 149 149 208 209
4167 1 2 149 149 202 251
4168 1 2 149 149 202 258
4169 1 2 149 149 202 209
4170 1 2 149 149 251 258
4171 1 2 149 149 251 209
4172 1 2 149 149 258 209
4173 1 2 150 150 202 251
4174 1 2 150 150 202 258
4175 1 2 150 150 202 209
4176 1 2 150 150 202 203
4177 1 2 150 150 202 252
4178 1 2 150 150 202 259
4179 1 2 150 150 202 210
4180 1 2 150 150 251 258
4181 1 2 150 150 251 209
4182 1 2 150 150 251 203
4183 1 2 150 150 251 252
4184 1 2 150 150 251 259
4185 1 2 150 150 251 210
4186 1 2 150 150 258 209
4187 1 2 150 150 258 203
4188 1 2 150 150 258 252
4189 1 2 150 150 258 259
4190 1 2 150 150 258 210
4191 1 2 150 150 209 203
4192 1 2 150 150 209 252
4193 1 2 150 150 209 259
4194 1 2 150 150 209 210
4195 1 2 150 150 203 252
4196 1 2 150 150 203 259
4197 1 2 150 150 203 210
4198 1 2 150 150 252 259
4199 1 2 150 150 252 210
4200 1 2 150 150 259 210
4201 1 2 151 151 204 253
4202 1 2 151 151 204 260
4203 1 2 151 151 204 211
4204 1 2 151 151 204 205
4205 1 2 151 151 204 254
4206 1 2 151 151 204 261
4207 1 2 151 151 204 212
4208 1 2 151 151 253 260
4209 1 2 151 151 253 211
4210 1 2 151 151 253 205
4211 1 2 151 151 253 254
4212 1 2 151 151 253 261
4213 1 2 151 151 253 212
4214 1 2 151 151 260 211
4215 1 2 151 151 260 205
4216 1 2 151 151 260 254
4217 1 2 151 151 260 261
4218 1 2 151 151 260 212
4219 1 2 151 151 211 205
4220 1 2 151 151 211 254
4221 1 2 151 151 211 261
4222 1 2 151 151 211 212
4223 1 2 151 151 205 254
4224 1 2 151 151 205 261
4225 1 2 151 151 205 212
4226 1 2 151 151 254 261
4227 1 2 151 151 254 212
4228 1 2 151 151 261 212
4229 1 2 152 152 205 254
4230 1 2 152 152 205 261
4231 1 2 152 152 205 212
4232 1 2 152 152 205 206
4233 1 2 152 152 205 255
4234 1 2 152 152 205 262
4235 1 2 152 152 205 213
4236 1 2 152 152 254 261
4237 1 2 152 152 254 212
4238 1 2 152 152 254 206
4239 1 2 152 152 254 255
4240 1 2 152 152 254 262
4241 1 2 152 152 254 213
4242 1 2 152 152 261 212
4243 1 2 152 152 261 206
4244 1 2 152 152 261 255
4245 1 2 152 152 261 262
4246 1 2 152 152 261 213
4247 1 2 152 152 212 206
4248 1 2 152 152 212 255
4249 1 2 152 152 212 262
4250 1 2 152 152 212 213
4251 1 2 152 152 206 255
4252 1 2 152 152 206 262
4253 1 2 152 152 206 213
4254 1 2 152 152 255 262
4255 1 2 152 152 255 213
4256 1 2 152 152 262 213
4257 1 2 153 153 206 255
4258 1 2 153 153 206 262
4259 1 2 153 153 206 213
4260 1 2 153 153 206 207
4261 1 2 153 153 206 256
4262 1 2 153 153 206 263
4263 1 2 153 153 206 214
4264 1 2 153 153 255 262
4265 1 2 153 153 255 213
4266 1 2 153 153 255 207
4267 1 2 153 153 255 256
4268 1 2 153 153 255 263
4269 1 2 153 153 255 214
4270 1 2 153 153 262 213
4271 1 2 153 153 262 207
4272 1 2 153 153 262 256
4273 1 2 153 153 262 263
4274 1 2 153 153 262 214
4275 1 2 153 153 213 207
4276 1 2 153 153 213 256
4277 1 2 153 153 213 263
4278 1 2 153 153 213 214
4279 1 2 153 153 207 256
4280 1 2 153 153 207 263
4281 1 2 153 153 207 214
4282 1 2 153 153 256 263
4283 1 2 153 153 256 214
4284 1 2 153 153 263 214
4285 1 2 154 154 207 256
4286 1 2 154 154 207 263
4287 1 2 154 154 207 214
4288 1 2 154 154 207 208
4289 1 2 154 154 207 257
4290 1 2 154 154 207 264
4291 1 2 154 154 207 215
4292 1 2 154 154 256 263
4293 1 2 154 154 256 214
4294 1 2 154 154 256 208
4295 1 2 154 154 256 257
4296 1 2 154 154 256 264
4297 1 2 154 154 256 215
4298 1 2 154 154 263 214
4299 1 2 154 154 263 208
4300 1 2 154 154 263 257
4301 1 2 154 154 263 264
4302 1 2 154 154 263 215
4303 1 2 154 154 214 208
4304 1 2 154 154 214 257
4305 1 2 154 154 214 264
4306 1 2 154 154 214 215
4307 1 2 154 154 208 257
4308 1 2 154 154 208 264
4309 1 2 154 154 208 215
4310 1 2 154 154 257 264
4311 1 2 154 154 257 215
4312 1 2 154 154 264 215
4313 1 2 155 155 208 257
4314 1 2 155 155 208 264
4315 1 2 155 155 208 215
4316 1 2 155 155 208 209
4317 1 2 155 155 208 258
4318 1 2 155 155 208 265
4319 1 2 155 155 208 216
4320 1 2 155 155 257 264
4321 1 2 155 155 257 215
4322 1 2 155 155 257 209
4323 1 2 155 155 257 258
4324 1 2 155 155 257 265
4325 1 2 155 155 257 216
4326 1 2 155 155 264 215
4327 1 2 155 155 264 209
4328 1 2 155 155 264 258
4329 1 2 155 155 264 265
4330 1 2 155 155 264 216
4331 1 2 155 155 215 209
4332 1 2 155 155 215 258
4333 1 2 155 155 215 265
4334 1 2 155 155 215 216
4335 1 2 155 155 209 258
4336 1 2 155 155 209 265
4337 1 2 155 155 209 216
4338 1 2 155 155 258 265
4339 1 2 155 155 258 216
4340 1 2 155 155 265 216
4341 1 2 156 156 209 258
4342 1 2 156 156 209 265
4343 1 2 156 156 209 216
4344 1 2 156 156 209 210
4345 1 2 156 156 209 259
4346 1 2 156 156 209 266
4347 1 2 156 156 209 217
4348 1 2 156 156 258 265
4349 1 2 156 156 258 216
4350 1 2 156 156 258 210
4351 1 2 156 156 258 259
4352 1 2 156 156 258 266
4353 1 2 156 156 258 217
4354 1 2 156 156 265 216
4355 1 2 156 156 265 210
4356 1 2 156 156 265 259
4357 1 2 156 156 265 266
4358 1 2 156 156 265 217
4359 1 2 156 156 216 210
4360 1 2 156 156 216 259
4361 1 2 156 156 216 266
4362 1 2 156 156 216 217
4363 1 2 156 156 210 259
4364 1 2 156 156 210 266
4365 1 2 156 156 210 217
4366 1 2 156 156 259 266
4367 1 2 156 156 259 217
4368 1 2 156 156 266 217
4369 1 2 157 157 211 260
4370 1 2 157 157 211 267
4371 1 2 157 157 211 218
4372 1 2 157 157 211 212
4373 1 2 157 157 211 261
4374 1 2 157 157 211 268
4375 1 2 157 157 211 219
4376 1 2 157 157 260 267
4377 1 2 157 157 260 218
4378 1 2 157 157 260 212
4379 1 2 157 157 260 261
4380 1 2 157 157 260 268
4381 1 2 157 157 260 219
4382 1 2 157 157 267 218
4383 1 2 157 157 267 212
4384 1 2 157 157 267 261
4385 1 2 157 157 267 268
4386 1 2 157 157 267 219
4387 1 2 157 157 218 212
4388 1 2 157 157 218 261
4389 1 2 157 157 218 268
4390 1 2 157 157 218 219
4391 1 2 157 157 212 261
4392 1 2 157 157 212 268
4393 1 2 157 157 212 219
4394 1 2 157 157 261 268
4395 1 2 157 157 261 219
4396 1 2 157 157 268 219
4397 1 2 158 158 212 261
4398 1 2 158 158 212 268
4399 1 2 158 158 212 219
4400 1 2 158 158 212 213
4401 1 2 158 158 212 262
4402 1 2 158 158 212 269
4403 1 2 158 158 212 220
4404 1 2 158 158 261 268
4405 1 2 158 158 261 219
4406 1 2 158 158 261 213
4407 1 2 158 158 261 262
4408 1 2 158 158 261 269
4409 1 2 158 158 261 220
4410 1 2 158 158 268 219
4411 1 2 158 158 268 213
4412 1 2 158 158 268 262
4413 1 2 158 158 268 269
4414 1 2 158 158 268 220
4415 1 2 158 158 219 213
4416 1 2 158 158 219 262
4417 1 2 158 158 219 269
4418 1 2 158 158 219 220
4419 1 2 158 158 213 262
4420 1 2 158 158 213 269
4421 1 2 158 158 213 220
4422 1 2 158 158 262 269
4423 1 2 158 158 262 220
4424 1 2 158 158 269 220
4425 1 2 159 159 213 262
4426 1 2 159 159 213 269
4427 1 2 159 159 213 220
4428 1 2 159 159 213 214
4429 1 2 159 159 213 263
4430 1 2 159 159 213 270
4431 1 2 159 159 213 221
4432 1 2 159 159 262 269
4433 1 2 159 159 262 220
4434 1 2 159 159 262 214
4435 1 2 159 159 262 263
4436 1 2 159 159 262 270
4437 1 2 159 159 262 221
4438 1 2 159 159 269 220
4439 1 2 159 159 269 214
4440 1 2 159 159 269 263
4441 1 2 159 159 269 270
4442 1 2 159 159 269 221
4443 1 2 159 159 220 214
4444 1 2 159 159 220 263
4445 1 2 159 159 220 270
4446 1 2 159 159 220 221
4447 1 2 159 159 214 263
4448 1 2 159 159 214 270
4449 1 2 159 159 214 221
4450 1 2 159 159 263 270
4451 1 2 159 159 263 221
4452 1 2 159 159 270 221
4453 1 2 160 160 214 263
4454 1 2 160 160 214 270
4455 1 2 160 160 214 221
4456 1 2 160 160 214 215
4457 1 2 160 160 214 264
4458 1 2 160 160 214 271
4459 1 2 160 160 214 222
4460 1 2 160 160 263 270
4461 1 2 160 160 263 221
4462 1 2 160 160 263 215
4463 1 2 160 160 263 264
4464 1 2 160 160 263 271
4465 1 2 160 160 263 222
4466 1 2 160 160 270 221
4467 1 2 160 160 270 215
4468 1 2 160 160 270 264
4469 1 2 160 160 270 271
4470 1 2 160 160 270 222
4471 1 2 160 160 221 215
4472 1 2 160 160 221 264
4473 1 2 160 160 221 271
4474 1 2 160 160 221 222
4475 1 2 160 160 215 264
4476 1 2 160 160 215 271
4477 1 2 160 160 215 222
4478 1 2 160 160 264 271
4479 1 2 160 160 264 222
4480 1 2 160 160 271 222
4481 1 2 161 161 215 264
4482 1 2 161 161 215 271
4483 1 2 161 161 215 222
4484 1 2 161 161 215 216
4485 1 2 161 161 215 265
4486 1 2 161 161 215 272
4487 1 2 161 161 215 223
4488 1 2 161 161 264 271
4489 1 2 161 161 264 222
4490 1 2 161 161 264 216
4491 1 2 161 161 264 265
4492 1 2 161 161 264 272
4493 1 2 161 161 264 223
4494 1 2 161 161 271 222
4495 1 2 161 161 271 216
4496 1 2 161 161 271 265
4497 1 2 161 161 271 272
4498 1 2 161 161 271 223
4499 1 2 161 161 222 216
4500 1 2 161 161 222 265
4501 1 2 161 161 222 272
4502 1 2 161 161 222 223
4503 1 2 161 161 216 265
4504 1 2 161 161 216 272
4505 1 2 161 161 216 223
4506 1 2 161 161 265 272
4507 1 2 161 161 265 223
4508 1 2 161 161 272 223
4509 1 2 162 162 216 265
4510 1 2 162 162 216 272
4511 1 2 162 162 216 223
4512 1 2 162 162 216 217
4513 1 2 162 162 216 266
4514 1 2 162 162 216 273
4515 1 2 162 162 216 224
4516 1 2 162 162 265 272
4517 1 2 162 162 265 223
4518 1 2 162 162 265 217
4519 1 2 162 162 265 266
4520 1 2 162 162 265 273
4521 1 2 162 162 265 224
4522 1 2 162 162 272 223
4523 1 2 162 162 272 217
4524 1 2 162 162 272 266
4525 1 2 162 162 272 273
4526 1 2 162 162 272 224
4527 1 2 162 162 223 217
4528 1 2 162 162 223 266
4529 1 2 162 162 223 273
4530 1 2 162 162 223 224
4531 1 2 162 162 217 266
4532 1 2 162 162 217 273
4533 1 2 162 162 217 224
4534 1 2 162 162 266 273
4535 1 2 162 162 266 224
4536 1 2 162 162 273 224
4537 1 2 163 163 218 267
4538 1 2 163 163 218 274
4539 1 2 163 163 218 225
4540 1 2 163 163 218 219
4541 1 2 163 163 218 268
4542 1 2 163 163 218 275
4543 1 2 163 163 218 226
4544 1 2 163 163 267 274
4545 1 2 163 163 267 225
4546 1 2 163 163 267 219
4547 1 2 163 163 267 268
4548 1 2 163 163 267 275
4549 1 2 163 163 267 226
4550 1 2 163 163 274 225
4551 1 2 163 163 274 219
4552 1 2 163 163 274 268
4553 1 2 163 163 274 275
4554 1 2 163 163 274 226
4555 1 2 163 163 225 219
4556 1 2 163 163 225 268
4557 1 2 163 163 225 275
4558 1 2 163 163 225 226
4559 1 2 163 163 219 268
4560 1 2 163 163 219 275
4561 1 2 163 163 219 226
4562 1 2 163 163 268 275
4563 1 2 163 163 268 226
4564 1 2 163 163 275 226
4565 1 2 164 164 219 268
4566 1 2 164 164 219 275
4567 1 2 164 164 219 226
4568 1 2 164 164 219 220
4569 1 2 164 164 219 269
4570 1 2 164 164 219 276
4571 1 2 164 164 219 227
4572 1 2 164 164 268 275
4573 1 2 164 164 268 226
4574 1 2 164 164 268 220
4575 1 2 164 164 268 269
4576 1 2 164 164 268 276
4577 1 2 164 164 268 227
4578 1 2 164 164 275 226
4579 1 2 164 164 275 220
4580 1 2 164 164 275 269
4581 1 2 164 164 275 276
4582 1 2 164 164 275 227
4583 1 2 164 164 226 220
4584 1 2 164 164 226 269
4585 1 2 164 164 226 276
4586 1 2 164 164 226 227
4587 1 2 164 164 220 269
4588 1 2 164 164 220 276
4589 1 2 164 164 220 227
4590 1 2 164 164 269 276
4591 1 2 164 164 269 227
4592 1 2 164 164 276 227
4593 1 2 165 165 220 269
4594 1 2 165 165 220 276
4595 1 2 165 165 220 227
4596 1 2 165 165 220 221
4597 1 2 165 165 220 270
4598 1 2 165 165 220 277
4599 1 2 165 165 220 228
4600 1 2 165 165 269 276
4601 1 2 165 165 269 227
4602 1 2 165 165 269 221
4603 1 2 165 165 269 270
4604 1 2 165 165 269 277
4605 1 2 165 165 269 228
4606 1 2 165 165 276 227
4607 1 2 165 165 276 221
4608 1 2 165 165 276 270
4609 1 2 165 165 276 277
4610 1 2 165 165 276 228
4611 1 2 165 165 227 221
4612 1 2 165 165 227 270
4613 1 2 165 165 227 277
4614 1 2 165 165 227 228
4615 1 2 165 165 221 270
4616 1 2 165 165 221 277
4617 1 2 165 165 221 228
4618 1 2 165 165 270 277
4619 1 2 165 165 270 228
4620 1 2 165 165 277 228
4621 1 2 166 166 221 270
4622 1 2 166 166 221 277
4623 1 2 166 166 221 228
4624 1 2 166 166 221 222
4625 1 2 166 166 221 271
4626 1 2 166 166 221 278
4627 1 2 166 166 221 229
4628 1 2 166 166 270 277
4629 1 2 166 166 270 228
4630 1 2 166 166 270 222
4631 1 2 166 166 270 271
4632 1 2 166 166 270 278
4633 1 2 166 166 270 229
4634 1 2 166 166 277 228
4635 1 2 166 166 277 222
4636 1 2 166 166 277 271
4637 1 2 166 166 277 278
4638 1 2 166 166 277 229
4639 1 2 166 166 228 222
4640 1 2 166 166 228 271
4641 1 2 166 166 228 278
4642 1 2 166 166 228 229
4643 1 2 166 166 222 271
4644 1 2 166 166 222 278
4645 1 2 166 166 222 229
4646 1 2 166 166 271 278
4647 1 2 166 166 271 229
4648 1 2 166 166 278 229
4649 1 2 167 167 222 271
4650 1 2 167 167 222 278
4651 1 2 167 167 222 229
4652 1 2 167 167 222 223
4653 1 2 167 167 222 272
4654 1 2 167 167 222 279
4655 1 2 167 167 222 230
4656 1 2 167 167 271 278
4657 1 2 167 167 271 229
4658 1 2 167 167 271 223
4659 1 2 167 167 271 272
4660 1 2 167 167 271 279
4661 1 2 167 167 271 230
4662 1 2 167 167 278 229
4663 1 2 167 167 278 223
4664 1 2 167 167 278 272
4665 1 2 167 167 278 279
4666 1 2 167 167 278 230
4667 1 2 167 167 229 223
4668 1 2 167 167 229 272
4669 1 2 167 167 229 279
4670 1 2 167 167 229 230
4671 1 2 167 167 223 272
4672 1 2 167 167 223 279
4673 1 2 167 167 223 230
4674 1 2 167 167 272 279
4675 1 2 167 167 272 230
4676 1 2 167 167 279 230
4677 1 2 168 168 223 272
4678 1 2 168 168 223 279
4679 1 2 168 168 223 230
4680 1 2 168 168 223 224
4681 1 2 168 168 223 273
4682 1 2 168 168 223 280
4683 1 2 168 168 223 231
4684 1 2 168 168 272 279
4685 1 2 168 168 272 230
4686 1 2 168 168 272 224
4687 1 2 168 168 272 273
4688 1 2 168 168 272 280
4689 1 2 168 168 272 231
4690 1 2 168 168 279 230
4691 1 2 168 168 279 224
4692 1 2 168 168 279 273
4693 1 2 168 168 279 280
4694 1 2 168 168 279 231
4695 1 2 168 168 230 224
4696 1 2 168 168 230 273
4697 1 2 168 168 230 280
4698 1 2 168 168 230 231
4699 1 2 168 168 224 273
4700 1 2 168 168 224 280
4701 1 2 168 168 224 231
4702 1 2 168 168 273 280
4703 1 2 168 168 273 231
4704 1 2 168 168 280 231
4705 1 2 169 169 225 274
4706 1 2 169 169 225 281
4707 1 2 169 169 225 232
4708 1 2 169 169 225 226
4709 1 2 169 169 225 275
4710 1 2 169 169 225 282
4711 1 2 169 169 225 233
4712 1 2 169 169 274 281
4713 1 2 169 169 274 232
4714 1 2 169 169 274 226
4715 1 2 169 169 274 275
4716 1 2 169 169 274 282
4717 1 2 169 169 274 233
4718 1 2 169 169 281 232
4719 1 2 169 169 281 226
4720 1 2 169 169 281 275
4721 1 2 169 169 281 282
4722 1 2 169 169 281 233
4723 1 2 169 169 232 226
4724 1 2 169 169 232 275
4725 1 2 169 169 232 282
4726 1 2 169 169 232 233
4727 1 2 169 169 226 275
4728 1 2 169 169 226 282
4729 1 2 169 169 226 233
4730 1 2 169 169 275 282
4731 1 2 169 169 275 233
4732 1 2 169 169 282 233
4733 1 2 170 170 226 275
4734 1 2 170 170 226 282
4735 1 2 170 170 226 233
4736 1 2 170 170 226 227
4737 1 2 170 170 226 276
4738 1 2 170 170 226 283
4739 1 2 170 170 226 234
4740 1 2 170 170 275 282
4741 1 2 170 170 275 233
4742 1 2 170 170 275 227
4743 1 2 170 170 275 276
4744 1 2 170 170 275 283
4745 1 2 170 170 275 234
4746 1 2 170 170 282 233
4747 1 2 170 170 282 227
4748 1 2 170 170 282 276
4749 1 2 170 170 282 283
4750 1 2 170 170 282 234
4751 1 2 170 170 233 227
4752 1 2 170 170 233 276
4753 1 2 170 170 233 283
4754 1 2 170 170 233 234
4755 1 2 170 170 227 276
4756 1 2 170 170 227 283
4757 1 2 170 170 227 234
4758 1 2 170 170 276 283
4759 1 2 170 170 276 234
4760 1 2 170 170 283 234
4761 1 2 171 171 227 276
4762 1 2 171 171 227 283
4763 1 2 171 171 227 234
4764 1 2 171 171 227 228
4765 1 2 171 171 227 277
4766 1 2 171 171 227 284
4767 1 2 171 171 227 235
4768 1 2 171 171 276 283
4769 1 2 171 171 276 234
4770 1 2 171 171 276 228
4771 1 2 171 171 276 277
4772 1 2 171 171 276 284
4773 1 2 171 171 276 235
4774 1 2 171 171 283 234
4775 1 2 171 171 283 228
4776 1 2 171 171 283 277
4777 1 2 171 171 283 284
4778 1 2 171 171 283 235
4779 1 2 171 171 234 228
4780 1 2 171 171 234 277
4781 1 2 171 171 234 284
4782 1 2 171 171 234 235
4783 1 2 171 171 228 277
4784 1 2 171 171 228 284
4785 1 2 171 171 228 235
4786 1 2 171 171 277 284
4787 1 2 171 171 277 235
4788 1 2 171 171 284 235
4789 1 2 172 172 228 277
4790 1 2 172 172 228 284
4791 1 2 172 172 228 235
4792 1 2 172 172 228 229
4793 1 2 172 172 228 278
4794 1 2 172 172 228 285
4795 1 2 172 172 228 236
4796 1 2 172 172 277 284
4797 1 2 172 172 277 235
4798 1 2 172 172 277 229
4799 1 2 172 172 277 278
4800 1 2 172 172 277 285
4801 1 2 172 172 277 236
4802 1 2 172 172 284 235
4803 1 2 172 172 284 229
4804 1 2 172 172 284 278
4805 1 2 172 172 284 285
4806 1 2 172 172 284 236
4807 1 2 172 172 235 229
4808 1 2 172 172 235 278
4809 1 2 172 172 235 285
4810 1 2 172 172 235 236
4811 1 2 172 172 229 278
4812 1 2 172 172 229 285
4813 1 2 172 172 229 236
4814 1 2 172 172 278 285
4815 1 2 172 172 278 236
4816 1 2 172 172 285 236
4817 1 2 173 173 229 278
4818 1 2 173 173 229 285
4819 1 2 173 173 229 236
4820 1 2 173 173 229 230
4821 1 2 173 173 229 279
4822 1 2 173 173 229 286
4823 1 2 173 173 229 237
4824 1 2 173 173 278 285
4825 1 2 173 173 278 236
4826 1 2 173 173 278 230
4827 1 2 173 173 278 279
4828 1 2 173 173 278 286
4829 1 2 173 173 278 237
4830 1 2 173 173 285 236
4831 1 2 173 173 285 230
4832 1 2 173 173 285 279
4833 1 2 173 173 285 286
4834 1 2 173 173 285 237
4835 1 2 173 173 236 230
4836 1 2 173 173 236 279
4837 1 2 173 173 236 286
4838 1 2 173 173 236 237
4839 1 2 173 173 230 279
4840 1 2 173 173 230 286
4841 1 2 173 173 230 237
4842 1 2 173 173 279 286
4843 1 2 173 173 279 237
4844 1 2 173 173 286 237
4845 1 2 174 174 230 279
4846 1 2 174 174 230 286
4847 1 2 174 174 230 237
4848 1 2 174 174 230 231
4849 1 2 174 174 230 280
4850 1 2 174 174 230 287
4851 1 2 174 174 230 238
4852 1 2 174 174 279 286
4853 1 2 174 174 279 237
4854 1 2 174 174 279 231
4855 1 2 174 174 279 280
4856 1 2 174 174 279 287
4857 1 2 174 174 279 238
4858 1 2 174 174 286 237
4859 1 2 174 174 286 231
4860 1 2 174 174 286 280
4861 1 2 174 174 286 287
4862 1 2 174 174 286 238
4863 1 2 174 174 237 231
4864 1 2 174 174 237 280
4865 1 2 174 174 237 287
4866 1 2 174 174 237 238
4867 1 2 174 174 231 280
4868 1 2 174 174 231 287
4869 1 2 174 174 231 238
4870 1 2 174 174 280 287
4871 1 2 174 174 280 238
4872 1 2 174 174 287 238
4873 1 2 175 175 232 281
4874 1 2 175 175 232 288
4875 1 2 175 175 232 239
4876 1 2 175 175 232 233
4877 1 2 175 175 232 282
4878 1 2 175 175 232 289
4879 1 2 175 175 232 240
4880 1 2 175 175 281 288
4881 1 2 175 175 281 239
4882 1 2 175 175 281 233
4883 1 2 175 175 281 282
4884 1 2 175 175 281 289
4885 1 2 175 175 281 240
4886 1 2 175 175 288 239
4887 1 2 175 175 288 233
4888 1 2 175 175 288 282
4889 1 2 175 175 288 289
4890 1 2 175 175 288 240
4891 1 2 175 175 239 233
4892 1 2 175 175 239 282
4893 1 2 175 175 239 289
4894 1 2 175 175 239 240
4895 1 2 175 175 233 282
4896 1 2 175 175 233 289
4897 1 2 175 175 233 240
4898 1 2 175 175 282 289
4899 1 2 175 175 282 240
4900 1 2 175 175 289 240
4901 1 2 176 176 233 282
4902 1 2 176 176 233 289
4903 1 2 176 176 233 240
4904 1 2 176 176 233 234
4905 1 2 176 176 233 283
4906 1 2 176 176 233 290
4907 1 2 176 176 233 241
4908 1 2 176 176 282 289
4909 1 2 176 176 282 240
4910 1 2 176 176 282 234
4911 1 2 176 176 282 283
4912 1 2 176 176 282 290
4913 1 2 176 176 282 241
4914 1 2 176 176 289 240
4915 1 2 176 176 289 234
4916 1 2 176 176 289 283
4917 1 2 176 176 289 290
4918 1 2 176 176 289 241
4919 1 2 176 176 240 234
4920 1 2 176 176 240 283
4921 1 2 176 176 240 290
4922 1 2 176 176 240 241
4923 1 2 176 176 234 283
4924 1 2 176 176 234 290
4925 1 2 176 176 234 241
4926 1 2 176 176 283 290
4927 1 2 176 176 283 241
4928 1 2 176 176 290 241
4929 1 2 177 177 234 283
4930 1 2 177 177 234 290
4931 1 2 177 177 234 241
4932 1 2 177 177 234 235
4933 1 2 177 177 234 284
4934 1 2 177 177 234 291
4935 1 2 177 177 234 242
4936 1 2 177 177 283 290
4937 1 2 177 177 283 241
4938 1 2 177 177 283 235
4939 1 2 177 177 283 284
4940 1 2 177 177 283 291
4941 1 2 177 177 283 242
4942 1 2 177 177 290 241
4943 1 2 177 177 290 235
4944 1 2 177 177 290 284
4945 1 2 177 177 290 291
4946 1 2 177 177 290 242
4947 1 2 177 177 241 235
4948 1 2 177 177 241 284
4949 1 2 177 177 241 291
4950 1 2 177 177 241 242
4951 1 2 177 177 235 284
4952 1 2 177 177 235 291
4953 1 2 177 177 235 242
4954 1 2 177 177 284 291
4955 1 2 177 177 284 242
4956 1 2 177 177 291 242
4957 1 2 178 178 235 284
4958 1 2 178 178 235 291
4959 1 2 178 178 235 242
4960 1 2 178 178 235 236
4961 1 2 178 178 235 285
4962 1 2 178 178 235 292
4963 1 2 178 178 235 243
4964 1 2 178 178 284 291
4965 1 2 178 178 284 242
4966 1 2 178 178 284 236
4967 1 2 178 178 284 285
4968 1 2 178 178 284 292
4969 1 2 178 178 284 243
4970 1 2 178 178 291 242
4971 1 2 178 178 291 236
4972 1 2 178 178 291 285
4973 1 2 178 178 291 292
4974 1 2 178 178 291 243
4975 1 2 178 178 242 236
4976 1 2 178 178 242 285
4977 1 2 178 178 242 292
4978 1 2 178 178 242 243
4979 1 2 178 178 236 285
4980 1 2 178 178 236 292
4981 1 2 178 178 236 243
4982 1 2 178 178 285 292
4983 1 2 178 178 285 243
4984 1 2 178 178 292 243
4985 1 2 179 179 236 285
4986 1 2 179 179 236 292
4987 1 2 179 179 236 243
4988 1 2 179 179 236 237
4989 1 2 179 179 236 286
4990 1 2 179 179 236 293
4991 1 2 179 179 236 244
4992 1 2 179 179 285 292
4993 1 2 179 179 285 243
4994 1 2 179 179 285 237
4995 1 2 179 179 285 286
4996 1 2 179 179 285 293
4997 1 2 179 179 285 244
4998 1 2 179 179 292 243
4999 1 2 179 179 292 237
5000 1 2 179 179 292 286
5001 1 2 179 179 292 293
5002 1 2 179 179 292 244
5003 1 2 179 179 243 237
5004 1 2 179 179 243 286
5005 1 2 179 179 243 293
5006 1 2 179 179 243 244
5007 1 2 179 179 237 286
5008 1 2 179 179 237 293
5009 1 2 179 179 237 244
5010 1 2 179 179 286 293
5011 1 2 179 179 286 244
5012 1 2 179 179 293 244
5013 1 2 180 180 237 286
5014 1 2 180 180 237 293
5015 1 2 180 180 237 244
5016 1 2 180 180 237 238
5017 1 2 180 180 237 287
5018 1 2 180 180 237 294
5019 1 2 180 180 237 245
5020 1 2 180 180 286 293
5021 1 2 180 180 286 244
5022 1 2 180 180 286 238
5023 1 2 180 180 286 287
5024 1 2 180 180 286 294
5025 1 2 180 180 286 245
5026 1 2 180 180 293 244
5027 1 2 180 180 293 238
5028 1 2 180 180 293 287
5029 1 2 180 180 293 294
5030 1 2 180 180 293 245
5031 1 2 180 180 244 238
5032 1 2 180 180 244 287
5033 1 2 180 180 244 294
5034 1 2 180 180 244 245
5035 1 2 180 180 238 287
5036 1 2 180 180 238 294
5037 1 2 180 180 238 245
5038 1 2 180 180 287 294
5039 1 2 180 180 287 245
5040 1 2 180 180 294 245
5041 1 2 181 181 246 295
5042 1 2 181 181 246 302
5043 1 2 181 181 246 253
5044 1 2 181 181 246 247
5045 1 2 181 181 246 296
5046 1 2 181 181 246 303
5047 1 2 181 181 246 254
5048 1 2 181 181 295 302
5049 1 2 181 181 295 253
5050 1 2 181 181 295 247
5051 1 2 181 181 295 296
5052 1 2 181 181 295 303
5053 1 2 181 181 295 254
5054 1 2 181 181 302 253
5055 1 2 181 181 302 247
5056 1 2 181 181 302 296
5057 1 2 181 181 302 303
5058 1 2 181 181 302 254
5059 1 2 181 181 253 247
5060 1 2 181 181 253 296
5061 1 2 181 181 253 303
5062 1 2 181 181 253 254
5063 1 2 181 181 247 296
5064 1 2 181 181 247 303
5065 1 2 181 181 247 254
5066 1 2 181 181 296 303
5067 1 2 181 181 296 254
5068 1 2 181 181 303 254
5069 1 2 182 182 247 296
5070 1 2 182 182 247 303
5071 1 2 182 182 247 254
5072 1 2 182 182 247 248
5073 1 2 182 182 247 297
5074 1 2 182 182 247 304
5075 1 2 182 182 247 255
5076 1 2 182 182 296 303
5077 1 2 182 182 296 254
5078 1 2 182 182 296 248
5079 1 2 182 182 296 297
5080 1 2 182 182 296 304
5081 1 2 182 182 296 255
5082 1 2 182 182 303 254
5083 1 2 182 182 303 248
5084 1 2 182 182 303 297
5085 1 2 182 182 303 304
5086 1 2 182 182 303 255
5087 1 2 182 182 254 248
5088 1 2 182 182 254 297
5089 1 2 182 182 254 304
5090 1 2 182 182 254 255
5091 1 2 182 182 248 297
5092 1 2 182 182 248 304
5093 1 2 182 182 248 255
5094 1 2 182 182 297 304
5095 1 2 182 182 297 255
5096 1 2 182 182 304 255
5097 1 2 183 183 248 297
5098 1 2 183 183 248 304
5099 1 2 183 183 248 255
5100 1 2 183 183 248 249
5101 1 2 183 183 248 298
5102 1 2 183 183 248 305
5103 1 2 183 183 248 256
5104 1 2 183 183 297 304
5105 1 2 183 183 297 255
5106 1 2 183 183 297 249
5107 1 2 183 183 297 298
5108 1 2 183 183 297 305
5109 1 2 183 183 297 256
5110 1 2 183 183 304 255
5111 1 2 183 183 304 249
5112 1 2 183 183 304 298
5113 1 2 183 183 304 305
5114 1 2 183 183 304 256
5115 1 2 183 183 255 249
5116 1 2 183 183 255 298
5117 1 2 183 183 255 305
5118 1 2 183 183 255 256
5119 1 2 183 183 249 298
5120 1 2 183 183 249 305
5121 1 2 183 183 249 256
5122 1 2 183 183 298 305
5123 1 2 183 183 298 256
5124 1 2 183 183 305 256
5125 1 2 184 184 249 298
5126 1 2 184 184 249 305
5127 1 2 184 184 249 256
5128 1 2 184 184 249 250
5129 1 2 184 184 249 299
5130 1 2 184 184 249 306
5131 1 2 184 184 249 257
5132 1 2 184 184 298 305
5133 1 2 184 184 298 256
5134 1 2 184 184 298 250
5135 1 2 184 184 298 299
5136 1 2 184 184 298 306
5137 1 2 184 184 298 257
5138 1 2 184 184 305 256
5139 1 2 184 184 305 250
5140 1 2 184 184 305 299
5141 1 2 184 184 305 306
5142 1 2 184 184 305 257
5143 1 2 184 184 256 250
5144 1 2 184 184 256 299
5145 1 2 184 184 256 306
5146 1 2 184 184 256 257
5147 1 2 184 184 250 299
5148 1 2 184 184 250 306
5149 1 2 184 184 250 257
5150 1 2 184 184 299 306
5151 1 2 184 184 299 257
5152 1 2 184 184 306 257
5153 1 2 185 185 250 299
5154 1 2 185 185 250 306
5155 1 2 185 185 250 257
5156 1 2 185 185 250 251
5157 1 2 185 185 250 300
5158 1 2 185 185 250 307
5159 1 2 185 185 250 258
5160 1 2 185 185 299 306
5161 1 2 185 185 299 257
5162 1 2 185 185 299 251
5163 1 2 185 185 299 300
5164 1 2 185 185 299 307
5165 1 2 185 185 299 258
5166 1 2 185 185 306 257
5167 1 2 185 185 306 251
5168 1 2 185 185 306 300
5169 1 2 185 185 306 307
5170 1 2 185 185 306 258
5171 1 2 185 185 257 251
5172 1 2 185 185 257 300
5173 1 2 185 185 257 307
5174 1 2 185 185 257 258
5175 1 2 185 185 251 300
5176 1 2 185 185 251 307
5177 1 2 185 185 251 258
5178 1 2 185 185 300 307
5179 1 2 185 185 300 258
5180 1 2 185 185 307 258
5181 1 2 186 186 251 300
5182 1 2 186 186 251 307
5183 1 2 186 186 251 258
5184 1 2 186 186 251 252
5185 1 2 186 186 251 301
5186 1 2 186 186 251 308
5187 1 2 186 186 251 259
5188 1 2 186 186 300 307
5189 1 2 186 186 300 258
5190 1 2 186 186 300 252
5191 1 2 186 186 300 301
5192 1 2 186 186 300 308
5193 1 2 186 186 300 259
5194 1 2 186 186 307 258
5195 1 2 186 186 307 252
5196 1 2 186 186 307 301
5197 1 2 186 186 307 308
5198 1 2 186 186 307 259
5199 1 2 186 186 258 252
5200 1 2 186 186 258 301
5201 1 2 186 186 258 308
5202 1 2 186 186 258 259
5203 1 2 186 186 252 301
5204 1 2 186 186 252 308
5205 1 2 186 186 252 259
5206 1 2 186 186 301 308
5207 1 2 186 186 301 259
5208 1 2 186 186 308 259
5209 1 2 187 187 253 302
5210 1 2 187 187 253 309
5211 1 2 187 187 253 260
5212 1 2 187 187 253 254
5213 1 2 187 187 253 303
5214 1 2 187 187 253 310
5215 1 2 187 187 253 261
5216 1 2 187 187 302 309
5217 1 2 187 187 302 260
5218 1 2 187 187 302 254
5219 1 2 187 187 302 303
5220 1 2 187 187 302 310
5221 1 2 187 187 302 261
5222 1 2 187 187 309 260
5223 1 2 187 187 309 254
5224 1 2 187 187 309 303
5225 1 2 187 187 309 310
5226 1 2 187 187 309 261
5227 1 2 187 187 260 254
5228 1 2 187 187 260 303
5229 1 2 187 187 260 310
5230 1 2 187 187 260 261
5231 1 2 187 187 254 303
5232 1 2 187 187 254 310
5233 1 2 187 187 254 261
5234 1 2 187 187 303 310
5235 1 2 187 187 303 261
5236 1 2 187 187 310 261
5237 1 2 188 188 254 303
5238 1 2 188 188 254 310
5239 1 2 188 188 254 261
5240 1 2 188 188 254 255
5241 1 2 188 188 254 304
5242 1 2 188 188 254 311
5243 1 2 188 188 254 262
5244 1 2 188 188 303 310
5245 1 2 188 188 303 261
5246 1 2 188 188 303 255
5247 1 2 188 188 303 304
5248 1 2 188 188 303 311
5249 1 2 188 188 303 262
5250 1 2 188 188 310 261
5251 1 2 188 188 310 255
5252 1 2 188 188 310 304
5253 1 2 188 188 310 311
5254 1 2 188 188 310 262
5255 1 2 188 188 261 255
5256 1 2 188 188 261 304
5257 1 2 188 188 261 311
5258 1 2 188 188 261 262
5259 1 2 188 188 255 304
5260 1 2 188 188 255 311
5261 1 2 188 188 255 262
5262 1 2 188 188 304 311
5263 1 2 188 188 304 262
5264 1 2 188 188 311 262
5265 1 2 189 189 255 304
5266 1 2 189 189 255 311
5267 1 2 189 189 255 262
5268 1 2 189 189 255 256
5269 1 2 189 189 255 305
5270 1 2 189 189 255 312
5271 1 2 189 189 255 263
5272 1 2 189 189 304 311
5273 1 2 189 189 304 262
5274 1 2 189 189 304 256
5275 1 2 189 189 304 305
5276 1 2 189 189 304 312
5277 1 2 189 189 304 263
5278 1 2 189 189 311 262
5279 1 2 189 189 311 256
5280 1 2 189 189 311 305
5281 1 2 189 189 311 312
5282 1 2 189 189 311 263
5283 1 2 189 189 262 256
5284 1 2 189 189 262 305
5285 1 2 189 189 262 312
5286 1 2 189 189 262 263
5287 1 2 189 189 256 305
5288 1 2 189 189 256 312
5289 1 2 189 189 256 263
5290 1 2 189 189 305 312
5291 1 2 189 189 305 263
5292 1 2 189 189 312 263
5293 1 2 190 190 256 305
5294 1 2 190 190 256 312
5295 1 2 190 190 256 263
5296 1 2 190 190 256 257
5297 1 2 190 190 256 306
5298 1 2 190 190 256 313
5299 1 2 190 190 256 264
5300 1 2 190 190 305 312
5301 1 2 190 190 305 263
5302 1 2 190 190 305 257
5303 1 2 190 190 305 306
5304 1 2 190 190 305 313
5305 1 2 190 190 305 264
5306 1 2 190 190 312 263
5307 1 2 190 190 312 257
5308 1 2 190 190 312 306
5309 1 2 190 190 312 313
5310 1 2 190 190 312 264
5311 1 2 190 190 263 257
5312 1 2 190 190 263 306
5313 1 2 190 190 263 313
5314 1 2 190 190 263 264
5315 1 2 190 190 257 306
5316 1 2 190 190 257 313
5317 1 2 190 190 257 264
5318 1 2 190 190 306 313
5319 1 2 190 190 306 264
5320 1 2 190 190 313 264
5321 1 2 191 191 257 306
5322 1 2 191 191 257 313
5323 1 2 191 191 257 264
5324 1 2 191 191 257 258
5325 1 2 191 191 257 307
5326 1 2 191 191 257 314
5327 1 2 191 191 257 265
5328 1 2 191 191 306 313
5329 1 2 191 191 306 264
5330 1 2 191 191 306 258
5331 1 2 191 191 306 307
5332 1 2 191 191 306 314
5333 1 2 191 191 306 265
5334 1 2 191 191 313 264
5335 1 2 191 191 313 258
5336 1 2 191 191 313 307
5337 1 2 191 191 313 314
5338 1 2 191 191 313 265
5339 1 2 191 191 264 258
5340 1 2 191 191 264 307
5341 1 2 191 191 264 314
5342 1 2 191 191 264 265
5343 1 2 191 191 258 307
5344 1 2 191 191 258 314
5345 1 2 191 191 258 265
5346 1 2 191 191 307 314
5347 1 2 191 191 307 265
5348 1 2 191 191 314 265
5349 1 2 192 192 258 307
5350 1 2 192 192 258 314
5351 1 2 192 192 258 265
5352 1 2 192 192 258 259
5353 1 2 192 192 258 308
5354 1 2 192 192 258 315
5355 1 2 192 192 258 266
5356 1 2 192 192 307 314
5357 1 2 192 192 307 265
5358 1 2 192 192 307 259
5359 1 2 192 192 307 308
5360 1 2 192 192 307 315
5361 1 2 192 192 307 266
5362 1 2 192 192 314 265
5363 1 2 192 192 314 259
5364 1 2 192 192 314 308
5365 1 2 192 192 314 315
5366 1 2 192 192 314 266
5367 1 2 192 192 265 259
5368 1 2 192 192 265 308
5369 1 2 192 192 265 315
5370 1 2 192 192 265 266
5371 1 2 192 192 259 308
5372 1 2 192 192 259 315
5373 1 2 192 192 259 266
5374 1 2 192 192 308 315
5375 1 2 192 192 308 266
5376 1 2 192 192 315 266
5377 1 2 193 193 260 309
5378 1 2 193 193 260 316
5379 1 2 193 193 260 267
5380 1 2 193 193 260 261
5381 1 2 193 193 260 310
5382 1 2 193 193 260 317
5383 1 2 193 193 260 268
5384 1 2 193 193 309 316
5385 1 2 193 193 309 267
5386 1 2 193 193 309 261
5387 1 2 193 193 309 310
5388 1 2 193 193 309 317
5389 1 2 193 193 309 268
5390 1 2 193 193 316 267
5391 1 2 193 193 316 261
5392 1 2 193 193 316 310
5393 1 2 193 193 316 317
5394 1 2 193 193 316 268
5395 1 2 193 193 267 261
5396 1 2 193 193 267 310
5397 1 2 193 193 267 317
5398 1 2 193 193 267 268
5399 1 2 193 193 261 310
5400 1 2 193 193 261 317
5401 1 2 193 193 261 268
5402 1 2 193 193 310 317
5403 1 2 193 193 310 268
5404 1 2 193 193 317 268
5405 1 2 194 194 261 310
5406 1 2 194 194 261 317
5407 1 2 194 194 261 268
5408 1 2 194 194 261 262
5409 1 2 194 194 261 311
5410 1 2 194 194 261 318
5411 1 2 194 194 261 269
5412 1 2 194 194 310 317
5413 1 2 194 194 310 268
5414 1 2 194 194 310 262
5415 1 2 194 194 310 311
5416 1 2 194 194 310 318
5417 1 2 194 194 310 269
5418 1 2 194 194 317 268
5419 1 2 194 194 317 262
5420 1 2 194 194 317 311
5421 1 2 194 194 317 318
5422 1 2 194 194 317 269
5423 1 2 194 194 268 262
5424 1 2 194 194 268 311
5425 1 2 194 194 268 318
5426 1 2 194 194 268 269
5427 1 2 194 194 262 311
5428 1 2 194 194 262 318
5429 1 2 194 194 262 269
5430 1 2 194 194 311 318
5431 1 2 194 194 311 269
5432 1 2 194 194 318 269
5433 1 2 195 195 262 311
5434 1 2 195 195 262 318
5435 1 2 195 195 262 269
5436 1 2 195 195 262 263
5437 1 2 195 195 262 312
5438 1 2 195 195 262 319
5439 1 2 195 195 262 270
5440 1 2 195 195 311 318
5441 1 2 195 195 311 269
5442 1 2 195 195 311 263
5443 1 2 195 195 311 312
5444 1 2 195 195 311 319
5445 1 2 195 195 311 270
5446 1 2 195 195 318 269
5447 1 2 195 195 318 263
5448 1 2 195 195 318 312
5449 1 2 195 195 318 319
5450 1 2 195 195 318 270
5451 1 2 195 195 269 263
5452 1 2 195 195 269 312
5453 1 2 195 195 269 319
5454 1 2 195 195 269 270
5455 1 2 195 195 263 312
5456 1 2 195 195 263 319
5457 1 2 195 195 263 270
5458 1 2 195 195 312 319
5459 1 2 195 195 312 270
5460 1 2 195 195 319 270
5461 1 2 196 196 263 312
5462 1 2 196 196 263 319
5463 1 2 196 196 263 270
5464 1 2 196 196 263 264
5465 1 2 196 196 263 313
5466 1 2 196 196 263 320
5467 1 2 196 196 263 271
5468 1 2 196 196 312 319
5469 1 2 196 196 312 270
5470 1 2 196 196 312 264
5471 1 2 196 196 312 313
5472 1 2 196 196 312 320
5473 1 2 196 196 312 271
5474 1 2 196 196 319 270
5475 1 2 196 196 319 264
5476 1 2 196 196 319 313
5477 1 2 196 196 319 320
5478 1 2 196 196 319 271
5479 1 2 196 196 270 264
5480 1 2 196 196 270 313
5481 1 2 196 196 270 320
5482 1 2 196 196 270 271
5483 1 2 196 196 264 313
5484 1 2 196 196 264 320
5485 1 2 196 196 264 271
5486 1 2 196 196 313 320
5487 1 2 196 196 313 271
5488 1 2 196 196 320 271
5489 1 2 197 197 264 313
5490 1 2 197 197 264 320
5491 1 2 197 197 264 271
5492 1 2 197 197 264 265
5493 1 2 197 197 264 314
5494 1 2 197 197 264 321
5495 1 2 197 197 264 272
5496 1 2 197 197 313 320
5497 1 2 197 197 313 271
5498 1 2 197 197 313 265
5499 1 2 197 197 313 314
5500 1 2 197 197 313 321
5501 1 2 197 197 313 272
5502 1 2 197 197 320 271
5503 1 2 197 197 320 265
5504 1 2 197 197 320 314
5505 1 2 197 197 320 321
5506 1 2 197 197 320 272
5507 1 2 197 197 271 265
5508 1 2 197 197 271 314
5509 1 2 197 197 271 321
5510 1 2 197 197 271 272
5511 1 2 197 197 265 314
5512 1 2 197 197 265 321
5513 1 2 197 197 265 272
5514 1 2 197 197 314 321
5515 1 2 197 197 314 272
5516 1 2 197 197 321 272
5517 1 2 198 198 265 314
5518 1 2 198 198 265 321
5519 1 2 198 198 265 272
5520 1 2 198 198 265 266
5521 1 2 198 198 265 315
5522 1 2 198 198 265 322
5523 1 2 198 198 265 273
5524 1 2 198 198 314 321
5525 1 2 198 198 314 272
5526 1 2 198 198 314 266
5527 1 2 198 198 314 315
5528 1 2 198 198 314 322
5529 1 2 198 198 314 273
5530 1 2 198 198 321 272
5531 1 2 198 198 321 266
5532 1 2 198 198 321 315
5533 1 2 198 198 321 322
5534 1 2 198 198 321 273
5535 1 2 198 198 272 266
5536 1 2 198 198 272 315
5537 1 2 198 198 272 322
5538 1 2 198 198 272 273
5539 1 2 198 198 266 315
5540 1 2 198 198 266 322
5541 1 2 198 198 266 273
5542 1 2 198 198 315 322
5543 1 2 198 198 315 273
5544 1 2 198 198 322 273
5545 1 2 199 199 267 316
5546 1 2 199 199 267 323
5547 1 2 199 199 267 274
5548 1 2 199 199 267 268
5549 1 2 199 199 267 317
5550 1 2 199 199 267 324
5551 1 2 199 199 267 275
5552 1 2 199 199 316 323
5553 1 2 199 199 316 274
5554 1 2 199 199 316 268
5555 1 2 199 199 316 317
5556 1 2 199 199 316 324
5557 1 2 199 199 316 275
5558 1 2 199 199 323 274
5559 1 2 199 199 323 268
5560 1 2 199 199 323 317
5561 1 2 199 199 323 324
5562 1 2 199 199 323 275
5563 1 2 199 199 274 268
5564 1 2 199 199 274 317
5565 1 2 199 199 274 324
5566 1 2 199 199 274 275
5567 1 2 199 199 268 317
5568 1 2 199 199 268 324
5569 1 2 199 199 268 275
5570 1 2 199 199 317 324
5571 1 2 199 199 317 275
5572 1 2 199 199 324 275
5573 1 2 200 200 268 317
5574 1 2 200 200 268 324
5575 1 2 200 200 268 275
5576 1 2 200 200 268 269
5577 1 2 200 200 268 318
5578 1 2 200 200 268 325
5579 1 2 200 200 268 276
5580 1 2 200 200 317 324
5581 1 2 200 200 317 275
5582 1 2 200 200 317 269
5583 1 2 200 200 317 318
5584 1 2 200 200 317 325
5585 1 2 200 200 317 276
5586 1 2 200 200 324 275
5587 1 2 200 200 324 269
5588 1 2 200 200 324 318
5589 1 2 200 200 324 325
5590 1 2 200 200 324 276
5591 1 2 200 200 275 269
5592 1 2 200 200 275 318
5593 1 2 200 200 275 325
5594 1 2 200 200 275 276
5595 1 2 200 200 269 318
5596 1 2 200 200 269 325
5597 1 2 200 200 269 276
5598 1 2 200 200 318 325
5599 1 2 200 200 318 276
5600 1 2 200 200 325 276
5601 1 2 201 201 269 318
5602 1 2 201 201 269 325
5603 1 2 201 201 269 276
5604 1 2 201 201 269 270
5605 1 2 201 201 269 319
5606 1 2 201 201 269 326
5607 1 2 201 201 269 277
5608 1 2 201 201 318 325
5609 1 2 201 201 318 276
5610 1 2 201 201 318 270
5611 1 2 201 201 318 319
5612 1 2 201 201 318 326
5613 1 2 201 201 318 277
5614 1 2 201 201 325 276
5615 1 2 201 201 325 270
5616 1 2 201 201 325 319
5617 1 2 201 201 325 326
5618 1 2 201 201 325 277
5619 1 2 201 201 276 270
5620 1 2 201 201 276 319
5621 1 2 201 201 276 326
5622 1 2 201 201 276 277
5623 1 2 201 201 270 319
5624 1 2 201 201 270 326
5625 1 2 201 201 270 277
5626 1 2 201 201 319 326
5627 1 2 201 201 319 277
5628 1 2 201 201 326 277
5629 1 2 202 202 270 319
5630 1 2 202 202 270 326
5631 1 2 202 202 270 277
5632 1 2 202 202 270 271
5633 1 2 202 202 270 320
5634 1 2 202 202 270 327
5635 1 2 202 202 270 278
5636 1 2 202 202 319 326
5637 1 2 202 202 319 277
5638 1 2 202 202 319 271
5639 1 2 202 202 319 320
5640 1 2 202 202 319 327
5641 1 2 202 202 319 278
5642 1 2 202 202 326 277
5643 1 2 202 202 326 271
5644 1 2 202 202 326 320
5645 1 2 202 202 326 327
5646 1 2 202 202 326 278
5647 1 2 202 202 277 271
5648 1 2 202 202 277 320
5649 1 2 202 202 277 327
5650 1 2 202 202 277 278
5651 1 2 202 202 271 320
5652 1 2 202 202 271 327
5653 1 2 202 202 271 278
5654 1 2 202 202 320 327
5655 1 2 202 202 320 278
5656 1 2 202 202 327 278
5657 1 2 203 203 271 320
5658 1 2 203 203 271 327
5659 1 2 203 203 271 278
5660 1 2 203 203 271 272
5661 1 2 203 203 271 321
5662 1 2 203 203 271 328
5663 1 2 203 203 271 279
5664 1 2 203 203 320 327
5665 1 2 203 203 320 278
5666 1 2 203 203 320 272
5667 1 2 203 203 320 321
5668 1 2 203 203 320 328
5669 1 2 203 203 320 279
5670 1 2 203 203 327 278
5671 1 2 203 203 327 272
5672 1 2 203 203 327 321
5673 1 2 203 203 327 328
5674 1 2 203 203 327 279
5675 1 2 203 203 278 272
5676 1 2 203 203 278 321
5677 1 2 203 203 278 328
5678 1 2 203 203 278 279
5679 1 2 203 203 272 321
5680 1 2 203 203 272 328
5681 1 2 203 203 272 279
5682 1 2 203 203 321 328
5683 1 2 203 203 321 279
5684 1 2 203 203 328 279
5685 1 2 204 204 272 321
5686 1 2 204 204 272 328
5687 1 2 204 204 272 279
5688 1 2 204 204 272 273
5689 1 2 204 204 272 322
5690 1 2 204 204 272 329
5691 1 2 204 204 272 280
5692 1 2 204 204 321 328
5693 1 2 204 204 321 279
5694 1 2 204 204 321 273
5695 1 2 204 204 321 322
5696 1 2 204 204 321 329
5697 1 2 204 204 321 280
5698 1 2 204 204 328 279
5699 1 2 204 204 328 273
5700 1 2 204 204 328 322
5701 1 2 204 204 328 329
5702 1 2 204 204 328 280
5703 1 2 204 204 279 273
5704 1 2 204 204 279 322
5705 1 2 204 204 279 329
5706 1 2 204 204 279 280
5707 1 2 204 204 273 322
5708 1 2 204 204 273 329
5709 1 2 204 204 273 280
5710 1 2 204 204 322 329
5711 1 2 204 204 322 280
5712 1 2 204 204 329 280
5713 1 2 205 205 274 323
5714 1 2 205 205 274 330
5715 1 2 205 205 274 281
5716 1 2 205 205 274 275
5717 1 2 205 205 274 324
5718 1 2 205 205 274 331
5719 1 2 205 205 274 282
5720 1 2 205 205 323 330
5721 1 2 205 205 323 281
5722 1 2 205 205 323 275
5723 1 2 205 205 323 324
5724 1 2 205 205 323 331
5725 1 2 205 205 323 282
5726 1 2 205 205 330 281
5727 1 2 205 205 330 275
5728 1 2 205 205 330 324
5729 1 2 205 205 330 331
5730 1 2 205 205 330 282
5731 1 2 205 205 281 275
5732 1 2 205 205 281 324
5733 1 2 205 205 281 331
5734 1 2 205 205 281 282
5735 1 2 205 205 275 324
5736 1 2 205 205 275 331
5737 1 2 205 205 275 282
5738 1 2 205 205 324 331
5739 1 2 205 205 324 282
5740 1 2 205 205 331 282
5741 1 2 206 206 275 324
5742 1 2 206 206 275 331
5743 1 2 206 206 275 282
5744 1 2 206 206 275 276
5745 1 2 206 206 275 325
5746 1 2 206 206 275 332
5747 1 2 206 206 275 283
5748 1 2 206 206 324 331
5749 1 2 206 206 324 282
5750 1 2 206 206 324 276
5751 1 2 206 206 324 325
5752 1 2 206 206 324 332
5753 1 2 206 206 324 283
5754 1 2 206 206 331 282
5755 1 2 206 206 331 276
5756 1 2 206 206 331 325
5757 1 2 206 206 331 332
5758 1 2 206 206 331 283
5759 1 2 206 206 282 276
5760 1 2 206 206 282 325
5761 1 2 206 206 282 332
5762 1 2 206 206 282 283
5763 1 2 206 206 276 325
5764 1 2 206 206 276 332
5765 1 2 206 206 276 283
5766 1 2 206 206 325 332
5767 1 2 206 206 325 283
5768 1 2 206 206 332 283
5769 1 2 207 207 276 325
5770 1 2 207 207 276 332
5771 1 2 207 207 276 283
5772 1 2 207 207 276 277
5773 1 2 207 207 276 326
5774 1 2 207 207 276 333
5775 1 2 207 207 276 284
5776 1 2 207 207 325 332
5777 1 2 207 207 325 283
5778 1 2 207 207 325 277
5779 1 2 207 207 325 326
5780 1 2 207 207 325 333
5781 1 2 207 207 325 284
5782 1 2 207 207 332 283
5783 1 2 207 207 332 277
5784 1 2 207 207 332 326
5785 1 2 207 207 332 333
5786 1 2 207 207 332 284
5787 1 2 207 207 283 277
5788 1 2 207 207 283 326
5789 1 2 207 207 283 333
5790 1 2 207 207 283 284
5791 1 2 207 207 277 326
5792 1 2 207 207 277 333
5793 1 2 207 207 277 284
5794 1 2 207 207 326 333
5795 1 2 207 207 326 284
5796 1 2 207 207 333 284
5797 1 2 208 208 277 326
5798 1 2 208 208 277 333
5799 1 2 208 208 277 284
5800 1 2 208 208 277 278
5801 1 2 208 208 277 327
5802 1 2 208 208 277 334
5803 1 2 208 208 277 285
5804 1 2 208 208 326 333
5805 1 2 208 208 326 284
5806 1 2 208 208 326 278
5807 1 2 208 208 326 327
5808 1 2 208 208 326 334
5809 1 2 208 208 326 285
5810 1 2 208 208 333 284
5811 1 2 208 208 333 278
5812 1 2 208 208 333 327
5813 1 2 208 208 333 334
5814 1 2 208 208 333 285
5815 1 2 208 208 284 278
5816 1 2 208 208 284 327
5817 1 2 208 208 284 334
5818 1 2 208 208 284 285
5819 1 2 208 208 278 327
5820 1 2 208 208 278 334
5821 1 2 208 208 278 285
5822 1 2 208 208 327 334
5823 1 2 208 208 327 285
5824 1 2 208 208 334 285
5825 1 2 209 209 278 327
5826 1 2 209 209 278 334
5827 1 2 209 209 278 285
5828 1 2 209 209 278 279
5829 1 2 209 209 278 328
5830 1 2 209 209 278 335
5831 1 2 209 209 278 286
5832 1 2 209 209 327 334
5833 1 2 209 209 327 285
5834 1 2 209 209 327 279
5835 1 2 209 209 327 328
5836 1 2 209 209 327 335
5837 1 2 209 209 327 286
5838 1 2 209 209 334 285
5839 1 2 209 209 334 279
5840 1 2 209 209 334 328
5841 1 2 209 209 334 335
5842 1 2 209 209 334 286
5843 1 2 209 209 285 279
5844 1 2 209 209 285 328
5845 1 2 209 209 285 335
5846 1 2 209 209 285 286
5847 1 2 209 209 279 328
5848 1 2 209 209 279 335
5849 1 2 209 209 279 286
5850 1 2 209 209 328 335
5851 1 2 209 209 328 286
5852 1 2 209 209 335 286
5853 1 2 210 210 279 328
5854 1 2 210 210 279 335
5855 1 2 210 210 279 286
5856 1 2 210 210 279 280
5857 1 2 210 210 279 329
5858 1 2 210 210 279 336
5859 1 2 210 210 279 287
5860 1 2 210 210 328 335
5861 1 2 210 210 328 286
5862 1 2 210 210 328 280
5863 1 2 210 210 328 329
5864 1 2 210 210 328 336
5865 1 2 210 210 328 287
5866 1 2 210 210 335 286
5867 1 2 210 210 335 280
5868 1 2 210 210 335 329
5869 1 2 210 210 335 336
5870 1 2 210 210 335 287
5871 1 2 210 210 286 280
5872 1 2 210 210 286 329
5873 1 2 210 210 286 336
5874 1 2 210 210 286 287
5875 1 2 210 210 280 329
5876 1 2 210 210 280 336
5877 1 2 210 210 280 287
5878 1 2 210 210 329 336
5879 1 2 210 210 329 287
5880 1 2 210 210 336 287
5881 1 2 211 211 281 330
5882 1 2 211 211 281 337
5883 1 2 211 211 281 288
5884 1 2 211 211 281 282
5885 1 2 211 211 281 331
5886 1 2 211 211 281 338
5887 1 2 211 211 281 289
5888 1 2 211 211 330 337
5889 1 2 211 211 330 288
5890 1 2 211 211 330 282
5891 1 2 211 211 330 331
5892 1 2 211 211 330 338
5893 1 2 211 211 330 289
5894 1 2 211 211 337 288
5895 1 2 211 211 337 282
5896 1 2 211 211 337 331
5897 1 2 211 211 337 338
5898 1 2 211 211 337 289
5899 1 2 211 211 288 282
5900 1 2 211 211 288 331
5901 1 2 211 211 288 338
5902 1 2 211 211 288 289
5903 1 2 211 211 282 331
5904 1 2 211 211 282 338
5905 1 2 211 211 282 289
5906 1 2 211 211 331 338
5907 1 2 211 211 331 289
5908 1 2 211 211 338 289
5909 1 2 212 212 282 331
5910 1 2 212 212 282 338
5911 1 2 212 212 282 289
5912 1 2 212 212 282 283
5913 1 2 212 212 282 332
5914 1 2 212 212 282 339
5915 1 2 212 212 282 290
5916 1 2 212 212 331 338
5917 1 2 212 212 331 289
5918 1 2 212 212 331 283
5919 1 2 212 212 331 332
5920 1 2 212 212 331 339
5921 1 2 212 212 331 290
5922 1 2 212 212 338 289
5923 1 2 212 212 338 283
5924 1 2 212 212 338 332
5925 1 2 212 212 338 339
5926 1 2 212 212 338 290
5927 1 2 212 212 289 283
5928 1 2 212 212 289 332
5929 1 2 212 212 289 339
5930 1 2 212 212 289 290
5931 1 2 212 212 283 332
5932 1 2 212 212 283 339
5933 1 2 212 212 283 290
5934 1 2 212 212 332 339
5935 1 2 212 212 332 290
5936 1 2 212 212 339 290
5937 1 2 213 213 283 332
5938 1 2 213 213 283 339
5939 1 2 213 213 283 290
5940 1 2 213 213 283 284
5941 1 2 213 213 283 333
5942 1 2 213 213 283 340
5943 1 2 213 213 283 291
5944 1 2 213 213 332 339
5945 1 2 213 213 332 290
5946 1 2 213 213 332 284
5947 1 2 213 213 332 333
5948 1 2 213 213 332 340
5949 1 2 213 213 332 291
5950 1 2 213 213 339 290
5951 1 2 213 213 339 284
5952 1 2 213 213 339 333
5953 1 2 213 213 339 340
5954 1 2 213 213 339 291
5955 1 2 213 213 290 284
5956 1 2 213 213 290 333
5957 1 2 213 213 290 340
5958 1 2 213 213 290 291
5959 1 2 213 213 284 333
5960 1 2 213 213 284 340
5961 1 2 213 213 284 291
5962 1 2 213 213 333 340
5963 1 2 213 213 333 291
5964 1 2 213 213 340 291
5965 1 2 214 214 284 333
5966 1 2 214 214 284 340
5967 1 2 214 214 284 291
5968 1 2 214 214 284 285
5969 1 2 214 214 284 334
5970 1 2 214 214 284 341
5971 1 2 214 214 284 292
5972 1 2 214 214 333 340
5973 1 2 214 214 333 291
5974 1 2 214 214 333 285
5975 1 2 214 214 333 334
5976 1 2 214 214 333 341
5977 1 2 214 214 333 292
5978 1 2 214 214 340 291
5979 1 2 214 214 340 285
5980 1 2 214 214 340 334
5981 1 2 214 214 340 341
5982 1 2 214 214 340 292
5983 1 2 214 214 291 285
5984 1 2 214 214 291 334
5985 1 2 214 214 291 341
5986 1 2 214 214 291 292
5987 1 2 214 214 285 334
5988 1 2 214 214 285 341
5989 1 2 214 214 285 292
5990 1 2 214 214 334 341
5991 1 2 214 214 334 292
5992 1 2 214 214 341 292
5993 1 2 215 215 285 334
5994 1 2 215 215 285 341
5995 1 2 215 215 285 292
5996 1 2 215 215 285 286
5997 1 2 215 215 285 335
5998 1 2 215 215 285 342
5999 1 2 215 215 285 293
6000 1 2 215 215 334 341
6001 1 2 215 215 334 292
6002 1 2 215 215 334 286
6003 1 2 215 215 334 335
6004 1 2 215 215 334 342
6005 1 2 215 215 334 293
6006 1 2 215 215 341 292
6007 1 2 215 215 341 286
6008 1 2 215 215 341 335
6009 1 2 215 215 341 342
6010 1 2 215 215 341 293
6011 1 2 215 215 292 286
6012 1 2 215 215 292 335
6013 1 2 215 215 292 342
6014 1 2 215 215 292 293
6015 1 2 215 215 286 335
6016 1 2 215 215 286 342
6017 1 2 215 215 286 293
6018 1 2 215 215 335 342
6019 1 2 215 215 335 293
6020 1 2 215 215 342 293
6021 1 2 216 216 286 335
6022 1 2 216 216 286 342
6023 1 2 216 216 286 293
6024 1 2 216 216 286 287
6025 1 2 216 216 286 336
6026 1 2 216 216 286 343
6027 1 2 216 216 286 294
6028 1 2 216 216 335 342
6029 1 2 216 216 335 293
6030 1 2 216 216 335 287
6031 1 2 216 216 335 336
6032 1 2 216 216 335 343
6033 1 2 216 216 335 294
6034 1 2 216 216 342 293
6035 1 2 216 216 342 287
6036 1 2 216 216 342 336
6037 1 2 216 216 342 343
6038 1 2 216 216 342 294
6039 1 2 216 216 293 287
6040 1 2 216 216 293 336
6041 1 2 216 216 293 343
6042 1 2 216 216 293 294
6043 1 2 216 216 287 336
6044 1 2 216 216 287 343
6045 1 2 216 216 287 294
6046 1 2 216 216 336 343
6047 1 2 216 216 336 294
6048 1 2 216 216 343 294
$EndElements
