21413639433.684895
14695437337.089691
96470071147.8663
37567110973.92727
40512832448.78533
47720993438.78423
11503836961.987751
6235638320.363326
18030555813.86617
8258591180.492025
5245120912.444708
11920071651.226404
6598500993.591134
5614059894.527597
7552106653.9594
9733599620.964632
12364460071.741508
10496833010.166304
8131074608.716711
26997727497.078724
11736020081.28419
6030397883.866616
5164133753.414261
26808056631.080902
21683801004.050117
29199239496.695137
62699432547.83138
53785892647.10529
41450842457.48113
53891383732.74219
18335098277.71179
24664748449.059135
27983260361.375904
28507782760.883434
22814721242.69902
43571504871.11619
7499438896.630414
10104636084.452171
13086503352.971762
10008015603.494715
13848180959.018787
9704184457.998243
10104636084.452183
10008015603.494726
13644308805.842842
7499438896.630423
10090967698.574324
13090808431.903803
11772892979.552958
16290257614.614573
12369818326.960972
11415482309.795818
35328422345.17505
34068974301.45283
11871847475.68664
11887928093.2476
12371250228.924578
16052291305.720829
29237109561.638367
30278767237.407223
8094784971.806395
11817561031.852127
39249504943.70581
9740516247.810886
20440428714.65646
6276070412.283904
34350086338.915997
19334588130.18311
41690828828.63185
26838246138.576435
60092877733.48244
62786569059.65935
59990884035.82392
26624721298.585968
41327034035.56763
49044679324.22737
50436613019.4468
41799579675.71664
26828814638.299538
19327793871.912838
41643829142.281715
34338015180.456924
42119997010.571655
50890032972.70565
14522594905.44576
14131420522.792112
19014716966.963627
24380266278.55646
54358359186.25259
24667407986.704735
10494087760.505014
8264547629.05951
9713759162.970106
9104287234.688751
7386293801.454886
14328988144.2255
9638545273.25974
30151821260.07535
63273458757.60395
29909368513.351883
31299575861.125366
19427610249.031815
58854758953.13802
18658764742.533276
35771760298.61114
14417715124.963655
42017251575.85193
90170495434.44151
18983916033.9403
13665447990.919098
94982449773.06665
53482999240.214264
38211301529.02629
52701708062.39898
13969371319.605042
19653226584.481228
10447363467.134417
17425258195.62701
13165896048.243622
16745890966.532604
8143713089.796757
7538155717.005931
8627558896.221346
5731975840.947043
19136021545.39045
14125211994.059923
10240161910.219507
36657094395.66508
20610769746.57075
9360366576.670277
10534306409.12409
12199845720.014656
10949142943.367788
12322340769.239946
11444957295.998785
14270579424.571133
16190610675.403063
25209688320.785225
7308846629.068196
10502623814.41287
14012198196.505198
14543856418.187193
35320790560.96989
44499047742.151665
11800680281.484728
28608479059.158512
8098397199.067203
20009391686.468185
20702574500.484398
121620945689.1427
20921103639.61445
30483007786.351467
42287556425.831375
12992516901.13294
27463241271.211906
15302633452.863907
12364791832.557379
78386264082.9036
91750635230.07205
19374069166.742584
15275862186.25169
18514798959.505283
154850498845.50516
177788842497.7611
26372371125.25448
15951376890.723055
136549374550.34721
58645729898.389404
64175188776.57411
154850497002.28043
19385504865.38041
17562422964.97851
20917848761.07219
168719281325.88336
267826020601.19623
16583695761.981667
28938510358.601295
122054022270.61821
19165287001.436134
30622826993.686333
80193432739.25903
18411338046.36417
13069909515.28167
9308905459.685894
5299520188.971877
38593908654.58621
15898394324.469276
30918292253.5144
31795782194.916653
16752341745.64366
29006578125.29755
26350903671.816944
17063166692.630842
16547309742.666328
59315170239.61824
55014488093.76926
31786989525.65159
11086623505.765104
18088316050.781708
30676695531.38387
109944277092.03754
16144850948.336435
18714947285.622047
49689617702.473526
14130148681.412313
18912495992.709873
38227583746.139656
16144850989.47513
19814136666.53488
24826531593.922714
161340793776.0629
21663016062.25794
25593473324.944912
37949735752.66656
136010616231.21162
61470371198.576935
58520305422.77003
17480220806.127148
47290840304.19763
18023405046.396507
27775599804.36118
24511807470.88866
52077495723.16882
11576886838.558647
30188513291.76515
10031877992.534452
6194340600.7621355
24814250425.961395
16486652401.407803
58142855104.89142
56125711465.60281
20290581930.248558
10064728654.143703
20078574812.935272
21853394597.677883
16029325918.031096
26261292845.83011
20959982060.578938
36667903155.61412
25439208964.921833
16376353469.257885
27795363772.061565
38311558912.37724
17720836319.880337
36667903024.180405
26966794016.95225
17738329987.108143
33397981589.22608
20164066531.590706
16371293131.86445
25702172349.75941
25411608496.795845
20953505211.86596
16179076981.104168
31053762587.084663
15537892292.518097
25702172133.323868
28292466641.73152
33397981774.51007
26686882696.05971
20164066312.345238
16371293126.499454
25411608281.549603
25702172194.079258
65433058651.93204
18254033235.504055
10007572073.634037
12230120611.203787
58127125430.92972
31438799297.967182
11924368972.129677
10261858257.219048
37424446936.24805
15849027593.441544
25188301523.96966
5845500288.960613
301148554503.28766
27213101045.00616
28477984086.9728
55331830079.94715
42396729425.62973
17676251524.129932
13157672099.76563
26307486848.91675
126403571137.13326
16398853676.75491
15671538920.313969
12929995584.4399
99827344174.96146
44561728257.06607
27992768947.764458
16142471576.173979
22916547882.72124
19669185600.224846
61342619341.38917
35443339855.44452
6470389038.059975
12361880462.039053
111359123455.72672
47027801056.49274
22911477573.120346
11364770396.022367
6469915331.8915205
22672085902.129185
62524333508.18097
47117345045.98058
44811790043.16045
154563458516.7965
28149852662.30139
17881660429.22742
19779560845.409245
24217050628.462643
36228265102.35973
18121921128.61836
40404722680.19471
10317002950.655323
14332135987.387194
18335354375.3412
10805961500.742773
11295292111.710054
22915761182.065495
15978886798.431633
11343151925.433905
33494996178.315567
8100650232.706798
8379626374.406555
28850933606.82059
10798306297.555895
14406686433.944416
45751838393.93557
12864934380.136282
115890767613.12671
33070654232.80502
48941548698.17341
61144258355.86727
30917292470.955357
22778852230.544506
17210878438.571106
13773831420.406492
21890761761.635437
18430615323.090397
26305233206.398636
42191115858.47207
11682810748.156073
24203167941.858948
40410026651.98357
33754618859.26937
30996415501.612083
13689902283.679209
9377299862.173056
22773440202.90529
11283776328.237045
15354928698.313885
28691215194.994526
128763472708.80844
12143891886.70794
40542002136.307045
93912312771.05643
71448076803.01318
29925989238.70425
8809833756.17649
33121304713.129066
55097986581.38653
38487216561.9546
25674317883.682926
37149664163.16472
126743057992.4787
13243101001.149147
18800476542.66826
52834778713.74886
41807680623.24503
16136377275.620647
52793794721.71691
14595633738.53303
16144766127.912382
12826547083.60973
17444087386.394825
19766799766.693886
17937020298.13304
15187474497.128546
33833315283.650826
37345652054.24483
36800098721.517715
26681861371.18986
14261166180.730352
15354443437.474072
28932893026.87091
31412922321.06668
42289982587.22928
25115480069.453262
8609261418.78765
34780850691.17716
59839146205.56837
17705696018.285164
33202188631.307755
17793588109.431454
27497095120.572765
36096591327.26332
33516108705.168083
33742966928.954067
31398065951.181858
4582928171.032942
85401610195.2579
28263974136.441334
2981269961.8623614
10738693671.92616
41937547452.56938
51309373792.680305
6919885456.809251
9118693755.374264
14921226051.006714
12817044912.582397
22471431157.130714
20187029309.35437
6919885443.120228
9118693653.10064
20187029082.94029
7045258920.891906
22126550359.99649
14921225883.652933
12818151874.035416
12197225201.571259
24275311741.48642
6920483027.61329
14910931619.71238
18221614520.324722
21100544156.781395
7045867442.290168
16143550545.924576
12197225391.91853
24275312120.321712
18221614804.687317
16018584130.154673
15422411964.457943
30184355621.029312
36701640407.513626
26201824383.93507
22307155896.581882
12005308465.96532
21600647130.272015
14880438811.502792
12360830325.399616
24225668873.86893
18160483843.32149
12719653018.684124
6991803496.970972
34982172449.92507
15067392819.585009
48960831577.595345
14073277145.600891
30959094448.83805
17863962784.568665
8281820708.014307
10935094722.86297
42943920142.45857
28696358434.509842
8959197096.941391
30380789912.16166
64344737952.81398
30991983977.21309
7793495970.882856
106060126534.52237
12758937969.888435
4125649273.0576205
43663373617.1083
17557162826.544235
3208466154.8025074
17653486077.193115
10400590511.090183
3543671322.355624
25450562160.946068
16868386089.802608
16960930528.64062
3082596339.1675057
4451025036.454067
35321545212.30082
5756698324.23447
28879143048.6176
16637129710.192772
2334196648.8314805
63235982466.96755
27714778412.12042
18045055307.752853
78929673887.74953
16870070022.713287
10787947153.92843
31140704193.78497
25458632184.896263
31611713716.184498
13820642644.741198
6079206202.814291
29902676246.413055
12290869725.115929
6991120980.875191
18057698001.45857
6867241734.3238735
24088554918.57039
16019353371.188776
25142213796.98962
19939397948.51065
72770271287.0643
13799219139.471815
9691401836.766397
4867443497.856664
18713240802.128735
36250576714.173615
89914345620.42111
16585806339.381182
9197462392.803524
9691401737.650135
10962078779.39849
13553596876.473343
33727612946.80027
21890738973.0861
46301818309.64986
9792682311.831852
11666147882.539616
7054412682.360158
22140164709.297115
9157041617.072403
20271154278.63021
14901306235.416527
7084171920.862323
49963587646.35726
20167132638.136604
41813435160.891716
12770326314.819464
33086591550.584503
49963587646.35739
7084171920.862341
58482069002.27184
41813435160.89182
11801376062.387058
9082583840.228548
7042074066.846669
9114571449.300209
15963193531.879372
6916757213.836552
18036508432.50483
14825587226.788864
6916757197.438459
12811250691.303593
24291069664.497807
9114571467.685068
15963193564.07848
14825587256.693325
14186759569.095257
10220308426.791264
6172621465.118848
18157535837.1653
29031960146.894356
9806435034.220263
10517135116.250973
13003465272.630573
31041857509.918533
21002208128.012196
56290936875.108505
34117778773.912903
12567399120.1552
9241589553.587633
63565301818.34472
31829558479.57371
104948073259.12323
8088613712.459524
3572796272.3155475
7847165954.7847185
24574330213.25114
18049627022.55844
3127056092.7321296
16738368898.85535
18049626749.293137
3929572667.155429
16738368645.442053
12305299375.628847
3127056045.389548
40572898966.779366
13241599098.105606
41622099054.809204
41974056329.285065
10414096680.80687
30743568129.20845
55746729862.01639
41759290932.734955
11242874862.120852
13798074642.375765
7016433098.922797
12770326310.700413
17288582480.750233
7016433098.922801
11242874862.120857
13032626380.803947
41759290932.73498
9082583837.298952
34602620709.42803
77458062411.0208
83438037340.04799
79054136005.78903
11650691657.116423
5922889202.621275
25780430779.6646
7304202489.24038
9252433078.016352
20482324556.381653
7122743690.863571
22051793100.404724
15056537305.800587
59880904389.638794
14207404551.259722
23501331484.97116
45657134609.68692
29874946124.82094
25869822738.162228
39933970428.43453
14142874693.12716
8554533671.829195
10207234868.03104
46619469857.61811
31948528142.200005
19987166333.040432
16178278385.69846
85157213897.12791
120047902052.69232
106644752341.14175
28534251526.246975
113374627653.07545
15650313478.7828
99975360824.32404
56827003079.97076
19308673713.97709
106274583937.91187
14968294816.779272
113374625379.69812
123528730517.2306
68822122677.6112
106274583853.5714
14193201794.35041
39139924350.480125
20039855535.014584
24081957264.84839
62084219456.72144
35880550273.582306
33624958297.714237
13647052484.699812
23921039564.025898
41665707814.371895
18096445556.422016
15497565236.11728
64684681655.14788
20809066032.663425
12883881751.520132
34250744319.69247
10420416663.695808
56275673463.13779
31162835456.599586
42565422515.205444
16261104572.9022
33647430334.66836
19851598794.56034
25247882527.438217
24745438058.90393
23861710827.03117
16278189760.439627
18504250489.30296
36520116732.806046
34615728796.453674
23586484131.763348
44134156598.96494
14994887790.892458
25963557262.058517
42560532108.78955
31581458254.0025
23586484191.098946
10736154236.050608
14902802349.613918
6053428589.790006
19073994144.41019
31424564985.46124
83811227262.5995
9751299301.302032
7886800184.459629
63714895491.65149
15749556995.052814
10025513554.408041
69332583440.89948
31229135589.28095
9935195558.232182
10087494723.761965
7813715422.101488
45475000842.81589
62923268610.69008
5900549474.526659
14253796623.413425
46317086451.28847
30865918367.179817
29207376828.035183
13313360357.711325
14193721129.37375
107940867404.52779
91591670012.41309
37737575085.937325
36428349568.727196
13031983435.536688
117278886865.79889
20583927416.50766
98866339381.39476
56148020041.04277
18603937617.56973
3611800340.9196568
42538506119.091896
67999819408.91629
20190129113.364742
13971073943.128754
34375789482.3695
3611800403.3818264
13743980648.098478
19092812185.737858
83105422933.82594
24425771410.166214
8990638509.150572
58188091190.08407
10548845373.651758
13042672020.931194
30956793471.28356
21065531953.7588
56147774632.30799
34296708309.25497
10933357264.006649
13141218117.334482
7924321257.476316
8595441183.004953
16297586051.85965
9946918247.01531
10010518091.915
30315360577.907787
33161841665.242374
20134766667.939686
78765229995.01372
9227510711.752638
21891563785.50803
35101360304.76388
62345582013.65095
10454045480.909554
49949327507.86421
40825918107.0695
4825063957.747936
6231640533.564355
12462886570.706617
6439554932.376368
11056081676.915092
11369611565.577991
19364956420.99557
42740144326.50078
123704774869.90991
40506301995.31833
131499135107.23874
16474759007.860552
61623646607.023254
18521058872.80704
152848598881.68796
40506302032.328384
16474759022.913315
131499135227.38773
23569277315.020317
7782875495.378855
76391575730.3008
15654173007.453304
46192531845.013084
72303781367.06076
7565728217.028766
10482872934.649593
72658190313.97372
29599550788.69267
40742507043.848434
45709295250.824356
16578985466.68834
37587528328.9023
10445435718.214008
17913248659.076942
5070825417.418401
76153165562.44032
13793543886.787773
19086987972.868435
9581770365.810314
26069479616.09209
10445435547.624758
26478426491.20834
6459881734.186887
5638204270.824273
20080790110.21425
6932551852.707188
13568215592.060545
10027323566.240385
11867061319.47527
30510099832.053047
14257687593.762766
27773224976.89472
90580827351.66147
8297133980.580869
44598935508.94205
15026280625.552208
25702356060.410084
42407742544.66217
31685177796.104263
23427937333.224213
24462631508.289646
20503861229.294422
22867582107.564846
13688000488.018656
18634759703.05582
8111460114.760582
6391519407.809265
4743645276.904244
14898033881.782959
6330403730.404349
10371277435.283693
10046614820.460135
8629848056.961334
13193821109.504328
13592134290.6532
10977122582.117725
15130245530.943731
10649898522.585453
10977637986.593985
8630253408.509909
16344173010.14926
13194440494.002937
7966157333.711942
10039288011.226242
4743868015.239
6330700975.139766
10869190162.10067
6391819522.237379
12268317047.68279
11177420122.54939
10977637935.105656
13194440752.556248
7966157359.002793
8099542732.066135
16344173147.49176
10039288067.220116
25477113038.962833
53829222258.83026
19249988940.84443
35198995963.93538
24537041429.425835
35909156028.02908
77542432774.55112
14852257723.275856
95841187517.37209
42902156185.43342
14424553476.73275
38118491359.43909
45987702566.59495
15909787324.633665
48574045626.34868
11247085654.405306
5214204037.523334
18067122349.876823
9026995188.311323
12169721138.212002
24634240892.12308
31538103282.0496
2549110784.4692497
18168943387.05221
15665915460.783382
11469931423.063877
10200056689.350534
8288945381.402288
6097940441.585197
3720724775.1105704
18501643907.05119
15708598255.42759
80242656718.46407
33204422761.514954
336234065488.40204
8347580828.441357
10390127021.876698
13446439610.293236
32737313681.7806
42413684558.53578
47310935436.885475
9403722115.800718
15920068154.89436
12515516057.663155
37294725463.61715
8911858411.979527
4295379748.791751
51071917036.73496
25382531202.09846
59461713577.08235
80647034465.6281
6848438677.384038
50855710296.752464
7712394813.800426
12169270461.767105
41806671468.883804
13273606438.92121
30649043200.984966
84357418787.15161
8741079317.705376
12542462528.404942
22406517977.072094
16031543348.253681
13158330359.706451
24843643261.392918
5181791233.413199
12983557369.389359
10501033750.586226
35173715423.99167
20970054464.254242
9401182666.361237
73876081357.35867
16973561962.765495
53751822202.34541
19271119275.378647
35017188056.88174
24377696234.858044
36137329666.95106
25481071766.20106
35613669888.28565
32938783867.07494
8236112483.23488
8261469497.572944
36103463138.77063
6413860686.315986
6352531381.7149515
11079931134.02235
4760226484.805121
12192127534.987175
10790630134.134392
6708273316.927705
23253518703.705414
22004019944.50501
5709086217.439333
12718198408.345652
10029912941.660406
219823589626.33395
23751864031.683907
41552664080.50475
15730294522.606936
26522179437.443077
40019864878.496574
25850636800.466534
61284022856.84679
124162788734.40158
90439000368.06625
4535934125.673101
17030604292.555397
42504593173.15194
17545784253.56653
43171354489.91863
90438999759.74689
17030604178.002535
4535934095.163072
16089622284.077068
33491918466.666546
23338095332.16533
8741144077.030977
50093590412.99128
4213098044.6546264
57709459916.77718
194466379720.64417
18389629916.271957
20328879899.36372
43905104695.335304
27377645883.09824
39067299729.73153
10875879801.53943
24997288125.470173
35119390680.47672
39691741298.67103
35216102118.94499
33560630962.75088
22642863037.566116
16203377769.392174
12904964806.272636
5082015094.059488
24365275318.640068
12911831266.274178
84396391619.80351
13806575693.42226
76621846881.45926
8690494067.253159
8021453547.687269
10701622065.23541
8031809543.540443
15242870911.47167
13547645857.50087
10974182342.451777
13956110623.058525
7194797366.0503845
8211325193.431357
6025683498.851329
6037160616.554912
3309806617.0256896
10397761333.330927
6181654705.875249
4892288302.714948
15146372538.63058
6552457517.060895
10650993135.62232
10341649866.616034
66825936165.27297
11314275909.75101
25821961842.968357
39034235343.0109
8327847812.43487
38828892253.886406
11314444670.845377
25888056113.263393
32292855097.433697
8124440657.233711
35395475083.46975
8880035120.241655
10276541669.242453
61112280000.080956
79895483564.26372
24122048146.579365
37222494877.40568
8880035124.589933
10721606342.749952
69534141264.84267
9096873102.071655
72574296849.93332
35638532002.17455
2533483510.52522
10275624433.997448
60479604001.122505
78913306813.46666
6757449670.751814
49762428249.49323
8333279934.908526
13808273833.486542
8637997364.35746
23756616078.919712
10502017005.279947
7064195734.51163
33249612509.301804
16336942893.583843
19728414977.43179
24948782682.948887
42526955919.6143
33840448925.254124
25364670052.764267
14097197542.71957
9141631682.11322
52733830449.03958
6903090833.493344
40629764417.25019
4539606247.735605
16546343365.072495
7779054919.182027
5253459366.998282
29444837854.915623
3459565057.2118673
22193103963.037525
29444837934.22848
3895465243.650446
22193104022.817055
12130350878.517
3459565066.5305805
33387178920.523884
7550369609.784331
9949515494.906746
17275650535.252556
7687166107.966448
5421612073.71836
42064019749.984535
6857754863.55261
9032217470.254436
40781524454.640594
7687166117.452582
16097155864.327772
56151945409.288734
6857754855.876664
9032217469.53115
56151945404.79217
13984830560.698551
51773797027.00397
40781524451.37487
9949515441.350939
7550369551.53134
44595033539.884544
13124844498.719025
21184950666.04633
26048763911.367607
7550369534.662199
9949515487.824083
42064019720.04085
13984830534.605602
25467179495.15928
17275650522.954716
7550369552.1360235
7687166114.071211
60002224180.7179
9949515452.4876
21184950689.759003
44595033589.80052
7676425929.439305
9068905631.192486
4503491509.512353
16502474754.91462
49278333398.91733
52314307614.18438
15098940257.174715
26167179317.179817
31735642320.89614
9242537275.64184
28863909128.677933
73802311884.19235
9876925690.713394
62943863468.34889
17650204373.473232
42526083243.83216
79529828396.67274
14449508529.123829
97999984299.58998
10874468394.19258
14460860771.602558
51502545127.33438
10621381431.94318
79529827588.24176
62574463875.365395
42450180356.26084
14065331362.088642
10039892142.585543
14537290506.112566
2730667542.1639028
97424851980.80461
11053893923.214237
17743490312.803417
51410619894.68522
15264556031.09601
2730667511.8814564
7784492455.069805
20267139292.536045
20428408841.70546
25440647319.142597
30570985511.55167
21419390947.430332
41770499116.10066
9959968208.369656
34622952497.778366
12066645055.409975
9607708420.367245
18554434286.3391
29801872510.61932
38600507282.17044
13655845797.92012
29526994206.292236
83687712787.47885
8626024637.873123
3670023446.6980863
85664984974.5241
102152776874.65276
10839096916.454237
22525914536.66981
29891705309.22502
106251468732.64781
14970360319.054512
28237517278.003258
270572098064.39185
78346219526.99767
30713615108.928577
84931768375.86029
17324547713.611588
32487449267.477825
62814500318.87379
38650291541.35165
17410547762.69977
12130665958.947628
8865342057.83755
31965190787.954784
17783589998.358444
6059194217.724037
28842637524.782104
58336028172.15097
24402156922.354797
57276195292.49299
70675490151.55359
9024000686.37725
23568810337.150314
23879206192.20767
38866629760.999985
18316488711.001755
10834527990.756384
19946373968.55837
14387610055.806038
28562261071.250187
14800206783.363272
25377519422.2093
13103342082.674036
9603197108.739632
7338257823.252201
59938791527.98484
20884874427.828293
65289566116.36567
24984560337.978325
8544665707.484846
37895375833.1054
7783665059.501285
12743131249.035557
53877316400.65998
16341018551.677214
47328172644.337265
39064994198.07409
8819491987.53343
5351413793.42092
6471972073.404639
12558229011.77432
11167865187.089989
4073757034.123536
13622414939.87912
8597759644.995535
25404892709.79772
14064535004.195938
16825393164.42907
40364678009.80721
20355213507.73991
21194147520.245186
43007436139.18829
6608359974.578442
28122616444.345287
20436942022.425343
17987503818.555275
32217740627.60171
25884133365.585068
39547692857.44214
53637945444.94032
5129475807.926673
17536411693.951984
11064088259.803125
19252476918.648838
27140093481.175972
31683720812.23632
5813868269.306807
11255985273.346888
13528997037.199165
20160797056.827053
8304913566.846251
24747638854.64838
33889761694.926186
21578585707.21504
16931093545.472473
21886427542.945168
54232907803.53748
37262164842.33837
5489396763.601237
13061982279.21197
19818420425.735622
5301595786.4410715
18892994254.263
17097698522.847311
27490489604.562798
7690126017.742883
33479335607.192883
53634581512.91297
16229630839.12504
38093825411.60585
15675380348.811865
13545711929.844496
8315174090.2730255
10628301545.616867
11269891618.526218
34044091498.494495
16470387556.45313
33587239290.22157
8494096494.384709
57368010227.5545
13968104203.262663
43666600249.41476
25344972041.264015
11631402469.590498
12298115517.995224
36196800116.97227
26061954300.25614
26282334689.79281
34906185873.50472
13587218317.931768
21284133289.273537
43027959885.617645
6636417569.426864
28031015531.839817
20418620194.15776
30087226119.972668
3984548981.5665326
22864631725.099564
12461468776.478952
3640497096.961099
35319267941.39679
12711170368.46215
11772892981.382113
20649109652.917004
11415482307.128965
34068974293.493732
35328422336.92172
13015239184.761374
24537051883.678394
15889037878.87087
6365287676.591865
34068974376.99405
18787469294.85487
6364720366.228989
20412753382.590954
19930866835.274624
13030953010.452162
29234941482.12773
19101683732.162315
16049005901.82199
11885492743.49222
30271777626.662235
12710037484.983667
29234941298.36912
5786850285.694808
24534864840.640648
6364720389.326011
18789360317.081844
13014079172.424988
15889793746.611454
34070391227.01274
13252603660.716394
12392860751.558506
5928467632.525958
8680730247.8487
28031015653.821236
31182092543.690044
34491678975.93677
23008947112.208897
157184491509.7744
33292984134.539494
17346611818.150127
24474651393.59816
9595086695.049576
5123592700.377122
38047204380.964775
32071949881.146744
21166743073.5424
5769953069.873761
14609954134.965204
9208755205.21703
5168618104.506736
26982860964.996807
3264874821.5963845
20505485497.204655
6406847888.455922
20548170910.711132
20053360455.946182
13084232777.415462
29261975048.07987
19090351645.6688
25858840914.056732
133279960738.57004
25193553824.894947
68821213140.25644
20527082253.84168
16080508193.558582
6155789771.947413
9576653889.005913
26984251316.8584
21586013224.013733
6174741971.765848
18154262347.357117
42537774739.094
24655512174.959564
34175377074.040558
58035017004.15156
6772557050.766088
56962926529.60583
10939065016.000687
12875144135.221563
11026109273.11077
12807742149.70747
11560985830.070635
46021446424.621254
7801598145.609528
9872798251.097656
7363120438.046984
10040792223.468372
10616331347.766489
22497946292.422714
10002228532.616089
9949970006.774252
19451764665.435055
7745119878.357582
10539476325.512901
7309816451.33212
7745119868.0307455
9949969993.50761
10539448348.517412
10002228519.27977
7309835870.854843
14663294798.38307
13685765314.240967
5579218636.248902
21134330448.05208
8842976722.383001
18837866618.19629
13337627658.532696
11693139423.493921
9578212293.977486
101559194434.58437
83380440889.06331
19818742618.705696
74071152570.46628
104970269613.74539
44066320094.97277
13732839793.46848
20950314380.163857
3824602451.7494593
27797809708.66883
14336709407.291746
83168848917.54701
29020710427.8382
7299821152.881053
21404176695.5371
99176213816.21078
101959541579.88667
24172364857.80775
68114262224.832695
70336005055.83757
7119334997.061887
48326227025.04643
59471721833.256485
27073826965.31155
58373090872.61239
38576795810.49145
6940217300.086393
25459790519.352844
9717573051.778913
9174062728.674006
98458436533.3622
13519838389.17922
22047694256.66786
33083456844.382935
8812978776.798857
12581662568.867405
29630213922.29968
13454503420.300798
47399304136.06347
6031851016.650573
17973292144.969498
9193701488.853477
22317246335.064194
6754218389.211524
21110699592.575607
44157409185.409355
20858696202.198887
17354219110.7759
10224684655.340538
13643309125.354914
11078466983.010786
11064121466.026365
13643309095.226479
20858696212.93308
11064121441.593534
17354219119.70663
11078466958.546274
5411065807.780679
10104636084.452145
7499438896.630395
13644311390.658043
10008015603.494688
10805635581.933725
10205088500.946495
10104636084.452188
10008015603.494732
13086503352.971785
7499438896.630426
9704184457.998259
7077915411.159331
7499438899.264191
10008015610.902487
7077915405.151559
10104636091.93146
9704184449.761295
13086503344.014933
10104636085.195038
10008015604.230478
10805635589.891064
7499438894.264567
7077915408.926451
9704184454.936865
10104636085.195034
7499438894.264564
10205088497.727118
10008015604.230474
13086503362.608707
13644311386.353703
10104636091.188602
7499438901.630046
7077915407.384436
10008015610.166733
10805635587.246475
9704184452.822685
10104636078.458632
10008015597.558485
10805635584.578375
7499438889.264955
13644311393.630707
10205088503.169859
20858696091.093246
17354219316.37889
5411065810.553263
12804324492.9278
11064121368.762793
11078466969.817457
17354219099.466618
20858696229.174656
5411065785.314694
13643309010.322554
16667282022.115583
23488499717.84369
17354219103.98861
12804324442.931831
11064121294.58211
20858696315.74741
10224684539.496006
11078466811.344236
20858696266.676476
17354219063.16211
5411065800.62969
12804324572.19202
11064121406.274876
11078466923.181822
12804324518.955046
17354219009.860462
23488499804.12176
20858696371.162434
16667282083.337923
10224684678.089653
20858696241.646484
12804324522.9944
23488499811.53163
17354219115.06465
5411065808.639358
16667282088.595917
12683082904.774706
11746878804.62784
20649276543.40767
11978192532.256706
33805312020.762947
35552020461.49567
11479708705.49921
12394619847.850021
26363824142.23063
11131198739.305597
35771392119.793686
46915412667.07478
6206770796.929726
23925997530.58446
19327680490.029354
26942517407.21087
46915412865.86753
16088264534.241648
10104636084.452147
10008015603.49469
13090808431.903755
7499438896.630396
10205086567.666927
13644308805.842793
25652605578.025974
31836990697.89088
21574346625.46577
105091188667.7
7338002562.306359
70206364912.13068
6326138780.760591
24386140073.88956
18918669786.71619
12935190569.96288
34164441960.26134
15940502338.238615
12419036490.27922
11613370014.403748
5691488465.380097
15681557994.480396
48582051215.466354
30627715480.743496
11700485349.255533
12632991982.157913
20793310843.18897
11930885524.54753
35442851030.62954
34164442101.074062
9288229455.325378
11497883231.44994
21740537291.142895
8286070576.934441
27305001077.595306
38464976132.861626
15858453689.148302
11497883270.569784
38464976263.73301
8286070570.682019
19780498242.5432
21740537365.11185
9287376364.873518
11496827204.994537
27306062235.80578
8285309546.476582
6092702986.583614
20984273850.904
15856997110.580818
11496827217.52921
20984273873.78257
8285309505.761158
38466470994.84928
27306062265.57682
8286070576.934466
10913424697.938728
38464976132.86175
9288229455.325409
27305001077.595394
6093518790.551455
8286070565.113244
10913424768.061037
6093518829.704297
16897555484.292746
20987083818.631424
38464976380.01175
20858696213.822186
17354219099.047924
5410984874.209844
12804324584.996355
11091886203.816408
11050455213.210701
20858696404.589924
13643308883.638033
11036145786.349087
17354219085.690224
5410984805.9189005
16709107420.688255
20858696284.676476
7499438878.105538
11064121286.343136
17354219138.510754
5411065756.318032
11078466807.52597
9935978482.064419
5325294958.07204
14986173273.704609
7351313271.685888
21166247887.16607
79532400883.99954
10750400624.480389
19708193940.380154
5811882918.35459
15383274309.582222
38665396739.51893
20104679061.539593
6139881192.562166
6505497066.146897
41737515607.66054
8852587368.350155
19550430164.3653
17597235886.2997
12368092799.280437
10643580833.877167
39011861078.715805
17727498199.057804
51943895619.183716
28125184114.91522
9608557189.249556
11160730590.911844
10157074345.105993
9604039759.868876
18564381039.591236
18418557929.066814
9631232877.955616
11131633227.97997
17532006301.18306
9618761312.6291
19593135361.628494
10171170336.630087
6519750686.1760435
11861888587.206348
41828685232.38378
8871948122.181475
17655555241.030872
19593135402.512108
11861017084.65604
14489953769.244696
17532006021.747684
20420082564.683918
10171170164.277637
19593135402.55996
6504524886.397616
6138921704.493793
35660765615.49161
8416776004.371464
13365563974.7715
27329714442.807663
6158648994.195088
6525427033.872364
18290719584.289047
8443823128.700743
18609021534.20724
27001883822.26251
11682553030.98593
11567559582.43813
85980828698.0149
14986062363.12966
35700422669.27698
5516070183.413244
8066773241.549195
9041710205.719591
49586126723.79818
10789167221.512878
38804826506.54445
5832840920.848265
23601523241.231335
15944449975.334324
54457936730.02565
24544131054.030323
4882059661.813478
26301884200.080845
7045721161.836804
9447215232.942017
27367577332.418076
21528135744.094303
31348674006.941498
6953921446.532837
31976174881.627136
14242907202.065903
181564095214.245
20896039761.638615
6986019521.5261135
13084617559.005333
12246506011.244408
17262657284.47263
59616517691.77694
9150918994.002176
59813710942.472786
54303707934.48247
11300617445.7989
15512242471.049068
38739372108.43785
8124026288.199334
20886792982.55661
19013166254.57058
5096481062.26735
19646027998.663296
53938069386.43967
22122941894.2592
21807635967.256023
97975251079.83919
23907466019.381992
12649221948.21473
16121271430.703608
6201870570.896859
19396026208.369106
46830163990.10781
32980044523.023544
17484373713.378094
21946603468.835102
31845456834.718838
6957460795.196348
180821864350.0801
9587357373.142395
7050476123.907967
70396458210.505
24283002565.34969
115243595027.55046
7780485244.604129
22170595828.156227
16380500193.265018
89062896466.75188
9650993182.139639
20881121956.486664
4245126592.467537
9023558375.008896
8151719725.371673
56217016190.320656
11283839818.30845
20855783098.90979
38681857131.26367
41585603583.78923
11786650341.4131
26030139526.827953
26149926989.35028
4401750725.728449
23429587050.303963
7499438896.630428
10008015603.494732
10205088500.946539
10104636084.45219
7077915411.159332
10805635587.100212
11701096848.008755
8477144185.55602
26871386523.618946
15776279805.483784
38270664067.87282
19681736161.83938
12223685932.340878
9299353369.30618
59702254368.4943
9257185493.576893
59505428566.72927
32857461792.88463
10104636085.195057
10008015604.230497
10805635584.724648
7499438894.264582
7077915408.926464
10205088497.727142
12442767043.026255
9515712743.005419
21767980756.42193
6729746689.080364
20965001109.4821
43272139964.94851
19841613926.857815
5147219058.889973
53145116918.62899
10524628377.67648
98400901410.45631
21925043103.710564
12448397821.28323
9611928132.552517
6723071104.432469
9707482426.824886
19903658331.23985
21369485835.06909
10278746475.60509
9611928125.001993
6941585772.857119
6732792112.122544
29324550541.519505
25880185058.302876
10278746498.911087
9520018927.092638
32189112871.829132
9707482443.026316
21925042965.56727
96550030666.42014
10538274303.970484
19841614109.76804
67184340202.08901
9726122953.984896
19903658239.123283
4231810303.526629
15854575589.208735
16508017212.350462
75274663642.10435
5147219048.52988
29324550631.90382
44115686462.9997
85508945916.3469
12354496818.26561
72557385777.97272
81591780791.13564
10323718843.168123
3495520937.1760225
6171998771.516529
6533591382.254526
23379808189.39581
5243049492.106224
14754722281.103342
78304078430.2039
25421971136.127026
6342310445.384756
17714732779.40113
5988872492.692991
3197943318.5197086
20018038870.80309
16313713886.159422
5086558924.3888445
45087546515.63137
15707281117.534073
74511863582.18332
29188321461.779354
23543751933.39061
11276612571.950972
5918891398.303102
13190786602.4743
238408343559.2654
93621023167.21962
41554888052.66257
11674287016.529465
26809818163.518097
8224247702.658371
27104819644.958523
38182977411.86203
8635125050.472462
6115331483.53483
23267244051.281834
20600689770.84261
18457629135.210663
3467661733.2906027
11303952955.883493
8989682456.97156
54011567064.060936
8366111169.00717
20368514906.11522
5850811583.09121
9537482956.713102
11790604117.591732
10219951331.734404
14440079927.525326
19499961633.997128
17627224069.912537
25451642017.634083
5995862317.562984
3854088114.3079963
6349712780.18792
12288284177.993782
13514821019.569616
9497182456.405338
11004524652.46585
10132496226.897133
9532789829.091816
18379830081.036606
18285878479.60619
19969091834.65085
20486396341.9367
42404353776.05956
6441692919.242186
29331933783.371807
20296548954.10951
15900543338.88372
8157288453.860629
38208259152.648735
11495525998.425295
20713709050.840637
54926924751.3492
15757937697.063026
10844251864.607054
19914866630.651684
8233550848.710081
38565467722.93417
55440435931.80415
8233550755.772697
9229357717.7168
21888220275.376896
10844251892.463371
19914866681.80826
55440436074.217514
12607470617.856424
10854092521.693926
9971394714.684715
10848989508.25576
22797179612.319023
138364552974.6352
6397555041.201087
4748124793.246186
26031380972.827953
6336381651.099115
5128333499.109853
9756495177.233036
7310832993.994843
9948435424.814947
42750251643.65788
13301163510.090002
16695785963.824734
137559470150.16306
9987885221.407354
43418475394.7273
16777171847.61461
17443357070.2091
18384679628.47987
5410810174.674939
17319312626.732548
37448031782.87584
52906350101.058266
25361515182.156464
25228098661.335228
5410810199.656495
10089694050.82151
4393153476.189851
32351552035.10186
27899025602.76413
19910790592.56706
5417632316.606433
18790173748.813038
10083979887.596474
17071584125.726181
5278399276.054417
5769304365.376573
22996223117.198948
16819311415.672686
20816056289.75256
20980470067.30097
54073257036.890114
5769304401.072211
36649896634.16243
20332203614.737907
9987556918.265003
27315309022.615948
15671946752.476177
5769304363.668899
24183226655.06084
20816056268.417294
26005644085.162807
31427845166.29549
39704273869.57272
51907606136.98704
5769304410.793984
8099542462.388946
13194440729.216345
12756549428.01878
10977638025.018589
7400695328.934752
3104466170.2678003
6330700977.343169
4743868018.73541
30435176388.015892
6391819524.462055
16115908117.232061
12846445806.360573
13194440732.996393
8630253298.228708
12756549603.953402
10977637952.993322
3104466188.149919
7400695423.55339
9100325898.927757
6592280567.477238
26539004780.519
12299930498.103155
18933930400.103264
18206780162.727108
14772164403.268627
14424042013.843588
68454403528.98246
13823737154.441586
8656104982.827463
4621588526.964106
7433747257.074409
4463218043.564057
4172355524.8243303
5186364984.472499
16553007781.493275
7955577187.391678
17311346188.9521
32136638079.69197
25441347359.096874
39279951245.406204
51252168320.897415
5412251534.442146
11714493740.69523
23879355838.65554
50989762393.58584
12693279016.50413
35701604530.44337
39828388880.75583
10015956616.942953
16999947831.512323
4068421275.1885285
10838257055.724962
56328306353.51549
89767981096.00302
9803710744.532833
12819353848.960949
21119992752.87356
6933425966.161286
43449816008.05752
56328305999.28701
6933425964.957509
9898358789.535782
25984235412.81035
10585048003.305147
46597420114.45823
6738001726.939345
5300603626.676718
16999947864.916853
42821854011.44604
10852309713.957281
46597420327.427475
75577302749.43153
16472190574.592215
8077484057.737652
38815810132.15296
11208445152.384542
20100513139.893017
49600161964.34734
11208445175.006527
9054415422.558262
49600162064.45525
8077483962.11552
20100513180.461845
5836106462.426826
10005407702.118189
9812190888.186573
96897080009.86365
10594204005.946121
48932703748.65905
31261511271.41816
6330403730.404324
6391519407.809239
4982098214.292475
4743645276.904225
13296399625.160446
19628961904.885735
6605119649.464129
6323980827.206881
35324450957.45198
8765063860.15861
13445089634.200005
27974924772.335075
13166525270.085012
10989213980.38679
3129474001.340231
8115953147.136467
7386106028.218989
13393760558.2783
8603674156.935932
21913713225.687702
14582502287.351204
4189163075.8603253
41827280629.5715
4622910697.966527
15115148803.81839
16367021843.638231
59302461264.32075
9747105606.324287
51305604787.3055
17191344863.345406
26764319201.13608
11781185802.602028
5934033390.537432
8631175322.825516
29854632789.320133
31170488497.17886
5386347853.674496
17274944574.628326
43375858284.86961
11027860106.321411
31347977236.630646
74877458440.21243
18113142295.50978
12267453649.321508
21967679367.733513
13083365350.120836
51086582955.40134
35380333128.72774
7350192503.19629
10857994177.846594
14739889134.736551
10843934146.96077
12144192234.122267
104689853870.84824
13118178284.35438
24731118331.504745
15841450057.54526
6415631534.286418
34148138564.13002
18827404645.709164
24302511945.0062
19285291409.41318
26042961290.482227
81530970248.88274
4833999337.204989
23541847041.946663
8550140255.457401
15730222938.911402
37942514254.61548
11687938672.991997
26934122894.112804
20806415686.484566
12824380479.716892
17294645395.994484
23544823905.143524
20891507030.978626
11105062029.78044
10248744982.97474
29169692908.287342
8148555775.538157
3307334831.859796
7448463197.965776
30810193055.02217
10666187341.908028
13602697537.206322
22231571134.421295
49319997434.45346
12498130046.347164
66685790337.20996
53249465979.1529
11141639928.46241
20952259906.130898
97401111197.42407
5435256368.394709
29269617480.57748
52198001341.25792
8073413929.01796
9049853045.176935
27735644862.457302
10633338702.997736
20333380958.81008
49626946530.11447
10633338712.696276
8073413899.092123
49626946575.3786
16463890545.34064
20333380977.35591
38836771071.75367
17771282928.934166
3903692787.5023823
4234469245.805768
60184032065.40348
17377976404.871227
3568332012.073302
17470757165.63547
39516178083.020454
38798259052.13932
31603657725.08926
25682801293.367264
6112757918.517611
25488112578.161373
20911112855.365265
18957032682.553375
5888563174.330744
47020592179.49409
18389642074.833683
9114755866.52806
10552263277.935404
75245178615.07082
8177698731.085251
11685986063.827599
8643685343.812284
9114755866.528063
8177698731.085252
16430771019.643717
10552263277.935404
25947773794.58767
12462648786.232178
10001996956.441301
7350192505.646355
14354266383.886248
6937057762.291666
104689854115.12457
32207054079.97842
6351434249.467056
6245167468.313526
16827531133.25514
4935002792.587078
31661647678.13001
13349081147.482239
9641003508.14115
11133652100.5576
19201935597.748604
20440743983.17812
27398838007.497284
21172856495.157566
9489468312.258535
8496313675.381981
22341709686.54821
11444982567.516005
27842659065.210926
20166007954.04067
11647800488.142946
8594003413.04142
26345541524.113293
13999934612.604704
21070243057.436928
36335013112.87423
6916477877.405141
7328386990.852712
15115086424.259514
9972324442.091219
98502038631.2788
31732971611.083176
8177698733.314512
9027600614.86273
16430771024.122784
10654138093.21912
12462648789.629526
22244125417.12786
8177698733.314513
10654138093.219122
8643685346.168575
9027600614.86273
11685986067.013231
16768255931.448233
6710688807.905633
4980525795.1472645
2921900873.860351
6646521234.25364
18555733991.626656
31972172061.732033
5303777320.405419
20195514587.823532
52058382158.23595
23188845774.360107
49272682830.64081
99935135323.70471
8090632284.129282
13179925292.557808
7449508604.970294
10965561264.781425
13443953595.725367
3138247946.4578924
9057287296.103045
13847315502.920612
11188589638.343185
11520823152.53775
16493840289.18354
35970764108.13454
6643950742.654463
6708093499.984773
12499652299.29078
4978599612.692348
27242797865.201317
3511311631.787129
6708093502.679327
6643950745.323252
13525445758.728014
4978599614.692186
36366854769.042404
10425336562.17384
4978599615.76283
6708093501.512533
38860491085.81421
6643950744.167615
28882011107.930466
11603337705.463455
13847315573.333956
11520823052.02945
17299547795.776356
9057287366.821348
26412188879.22681
33531343530.388283
11520823211.268353
13847315388.3931
24910466314.6129
8500316646.305457
16870503990.587442
13720451226.32341
6264976436.488277
6543492160.199232
18697911980.764362
8683283527.989777
19088128195.48959
27848682935.8213
13727842851.518557
9105426970.63668
34060957192.42051
11565695005.048431
21470459342.702427
26242900520.784996
8550140255.461061
11071520369.969069
26934122894.124332
15730222938.918137
37942514254.63172
19507969236.914024
14365582632.591188
110677717063.27307
22089425662.014004
8018411317.420533
11438169316.229918
46462295709.41655
16431959376.707197
8871567331.109806
53643509403.50007
15635975679.12457
60504350396.80504
5803344527.746635
8871567329.07641
15635975693.59562
60504350452.801636
9032301172.511345
60349963101.084305
5803344533.117614
54042664190.54295
7753676170.4577675
23140957676.743324
56574646167.97613
18585830978.137665
23623898067.040653
8820431761.028238
8462712862.450754
5335172808.711622
11192926691.074667
19925214530.855473
25793398774.313274
16903101026.638195
20922940086.487465
25637808209.725555
53144514043.90861
5780824066.490427
36926304236.66511
8151719725.37166
9023558375.008883
56217016190.32057
10654796338.502216
38681857131.26361
5958505369.81107
9175647372.390722
14028271279.846594
11333076789.980995
11671376427.199772
17111968624.308561
35631974137.56613
16160564864.012028
8585653221.892753
58554407821.61147
40791890688.99059
16974489703.615887
58404996086.96262
10933357212.198782
13141218106.471704
3131236171.6823854
8595441285.637465
7450423297.897826
12850382220.50456
9492769155.331049
18020914326.04627
5488851683.707378
8998972795.841516
31940961431.498917
57845630645.344215
17121151033.86252
9813285454.069235
5214799703.2203045
16943715544.20017
54957465587.444
50128221701.71034
71437123812.4766
24266007751.26471
96017256012.86554
21714222640.109154
6735603492.112147
22886020449.68089
46616880735.57794
23007109359.206905
65860043783.22395
71437123843.84856
6735603495.070121
96017256055.03198
59085452793.00302
24273662915.012005
57244885506.72207
34722299947.65863
6742624526.811422
24780379537.041496
24251587572.678368
23377664890.288174
21239493480.61778
104147625325.35963
65861098090.675156
7177840178.958962
24251587572.67838
25296170704.703754
33984153069.713135
61998100535.621544
54483393304.64637
7177840178.866515
32354742276.52651
34682176589.81602
39100736260.641785
61998100646.64925
7177840191.720765
54483393402.21655
67274868611.47531
34682176402.174866
45597715318.04204
104147624948.39934
7177840152.97891
65861097852.2922
8144777798.490835
19697780025.95585
45450475692.24188
7342342440.935328
23859775314.39694
4074556388.123073
39984271432.05472
22984591137.8649
31654018565.375343
59009007408.899414
6733900847.843872
57170821468.05151
15254551759.265745
10681034767.415533
38777114809.24532
19623826305.297718
21466418620.68901
5973178744.562538
17386639723.625313
20553691094.786293
5467012944.966979
13065205765.004618
16947607550.984241
23883550698.381428
19677748073.249992
19212802167.84914
40010354238.73096
11982481056.463078
217760018541.7511
51968685533.00955
10947183097.39985
13202156898.744633
32856301004.92638
8175274823.2482605
14099695161.307106
15546913005.521439
21315658071.366325
15627628840.647093
6002482987.100742
13788940037.299196
25981204173.989384
19616828405.367657
23039476357.155815
13524766502.52348
12583234075.865767
12023657579.629042
109543160188.70494
12097942742.403358
20671719571.397373
18173837099.752247
5362561214.275401
12333875343.613983
10964942998.001053
21010790043.457027
8077484011.143615
15459246369.919489
38815809908.248436
10638699269.499014
49600161678.23452
20431395181.514088
5567378691.635671
18867968004.741962
18648201539.801365
21813275430.96017
39167203052.51291
20069773621.779255
13287379049.632296
22185173860.04038
18903282925.92735
15317084197.401497
25036159929.034218
11793309047.809431
10238904578.485977
8253861279.581494
10760138513.152422
5145682084.708205
5809367655.01112
8522130019.812576
10238904584.397388
5145682087.679055
5914620980.177387
8253861284.346845
5809367651.657066
5195360095.574257
6949523671.207691
5145682081.1431675
5914620974.713703
8522130016.860418
5276459508.703128
5195360088.97527
6949523674.818738
5276459505.961375
5145682083.816919
10760138515.016077
8522130021.288609
8253861282.440674
5195360067.378557
7321699078.381167
5914620950.127078
8253861308.173695
5145682059.752962
5276459508.703121
5195360092.274759
8522130006.035843
8253861293.401043
7655306510.521421
5809367654.675701
10098452345.030243
8522130034.573324
6949523659.652231
5276459508.703121
5145682059.752962
5195360067.378557
5914620950.127078
10098452311.797316
8253861340.578227
7321699094.951754
8522129991.27511
5276459492.862037
5195360073.377657
5195360057.780018
7321699072.9703665
5914620939.199689
8253861315.798279
5145682050.246204
5276459508.703117
5195360094.974348
5145682087.084883
8522130010.464073
5914620979.494425
7655306514.499237
5809367651.657066
10098452321.12582
8253861325.329008
7321699093.59902
8522129999.147477
5276459497.7361965
5195360078.176901
5145682041.927802
5195360049.381308
8522130049.334096
5914620929.638236
5809367651.657074
7655306488.6876545
7655306524.0459795
8522130088.696105
10760138477.120644
5195360073.377633
5809367624.824738
8253861246.223878
8522130068.031053
10760138506.940033
6949523686.935936
8253861243.3646755
5145682079.954817
5276459487.987837
7655306524.045977
8522130088.696102
10760138477.12064
5195360073.377631
5809367624.824735
8253861246.223874
5914620929.638236
5145682041.927802
5809367651.657074
5195360049.381308
7655306488.6876545
8522130049.334096
5914620956.95668
5145682065.694673
10238904650.22951
5195360073.37763
17712754560.753403
8253861385.946927
5809367606.979549
8522129983.7938
10760138559.872587
5145682002.354419
10238904524.194746
8253861284.346854
8522130052.286231
6949523675.059496
10760138487.060446
5145682072.2305765
8253861268.1445875
5276459496.517657
5145682060.347135
5195360067.978466
8522130032.605216
5914620948.761153
6949523659.010261
5276459508.703118
6949523687.8988905
8522129988.322935
5276459508.703121
5145682113.822633
5914621010.227699
5195360121.970233
6949523639.751171
5145682078.172297
5276459545.2595005
8522129929.279879
10098452332.786518
8253861377.7480755
5460881379.670773
6149570151.909048
21984251968.267014
6236230602.741224
15082044181.327084
5621828091.424527
38992862764.55979
34553442607.25496
61441545640.08634
38996666919.7874
7542708713.760153
31690750998.40202
51205097486.07852
8918321328.300846
17075838149.219374
30729504896.18564
6537978496.782017
24600190497.462723
6141817258.425269
5453996730.724863
29168198346.297066
6228368454.589565
5822473219.658504
11101914696.606407
5121027778.44165
8591798840.777534
8214314798.5015
6954035752.083141
5251178577.880882
10723732822.015081
5103899717.614604
5153174345.574052
8563062255.169056
5866594911.257105
6930776915.672107
12611772107.257511
19368287143.778667
12992332372.745771
11317258132.626108
19105031687.58649
10740454155.367321
11689680675.901829
22963064446.336
12992332389.331793
11689680690.824883
16114214213.776745
5684019248.1296625
11317258147.073729
66223605340.409546
34768381027.619385
46014025011.65767
58147414438.98792
7203509494.983949
42497795151.326546
20669288116.463215
8884496768.005922
21079198091.99703
43364042663.04155
6181827141.239635
47235178727.28021
27607056382.035137
7656641240.163488
52048105368.994125
24910232059.472363
22074168649.98656
24380053158.154
6896055347.812049
8547537638.054102
5276000462.146469
5081002977.445573
5840276623.909799
5130056553.186964
29079613778.886227
10512806581.424843
23168775692.81733
32195053039.529606
26465240452.850624
33618134538.214672
36827794002.621284
10423392789.373661
48596351348.224884
20204258147.843773
26169315820.29937
20017903675.725048
24115225022.904213
6809576588.395321
38633084520.21107
5897034403.457724
11291004363.598957
16266308911.162592
5837623142.405814
5128122190.777421
5734183313.727405
5279329735.696528
10262941485.908846
8147040519.46551
5279329732.038891
5128122187.224545
8411837337.164641
5837623138.361379
6965838406.998709
5208172022.25674
17706858475.839035
5212299159.034571
10132635003.743713
8305033936.642495
9841200436.431704
8043599201.827097
5212299132.552536
12607997616.029465
6877394542.332981
8043599266.842741
8305033911.708946
9841200386.431694
5834961162.418407
5076378558.488451
5808502557.45839
5125387488.657584
7669859381.000247
8659928698.264278
8122473818.525509
5716892373.151198
10784572984.9219
5112658771.679436
8638422074.288025
7650811558.852361
5112658769.6559305
7317399986.203258
5192467263.169372
8366492488.087762
8386472256.715216
10121384234.571798
5750117659.41138
5223087965.980174
5351259491.507432
5051876604.156962
7230406616.017223
8267026915.678547
10022832312.452747
8506117666.275297
5249128444.2302265
8331179973.804434
7301600261.71642
5128941052.82453
5081002977.4455595
5276000462.146456
5840276623.909783
8332991933.463253
5130056553.186951
7303188296.683933
6821427350.355409
24157192946.702503
41261208760.283745
5907297060.772559
14015547327.419949
31406644602.03931
6922472019.174825
5100466740.289508
12718373403.482569
8580280631.164949
9886608368.762274
8370637423.553449
20536546660.21569
8549761458.018871
7037548428.488361
45785180714.85284
15745997034.295982
19605120232.578407
7321699057.414326
8253861206.194788
10760138499.48518
5195360085.975718
5276459545.2595005
8522130106.409026
7321699108.140552
5195360121.970233
5914621010.227699
8253861263.379224
5276459508.703121
5145682113.822633
5195360089.575173
7655306511.316989
5914620973.347772
8522130014.892304
5145682081.737334
5809367651.657067
8522130059.155658
8253861252.895409
5195360116.559514
10760138498.26661
7655306551.07812
5809367656.339818
8522129929.279888
8253861336.478776
5145682052.443891
10098452383.278795
6949523632.801656
5276459518.877208
18935139228.15774
18117207934.129944
5791475327.2099905
13694693539.725248
11929908498.958466
17971526292.258236
13694693548.913647
17546895013.28167
17971526304.316154
15753839637.024345
11929908506.962788
10943501903.550386
16915911637.874937
11530020159.078512
12188226561.98166
25885581908.579994
17893728274.474445
22276777190.52212
30175049170.63398
11526151147.542288
23478432647.650185
14073079009.291815
24542252385.24054
12188102276.066689
25892447022.964348
14214088232.403923
23478432908.32448
26810739604.017414
22390980813.297756
50123268159.82858
23441251001.8475
12823251098.464754
11228878994.739452
16633754649.82058
98756016761.87834
12292303494.668753
7329727672.410696
8077337161.248656
5163612637.378489
5344958989.345472
26090331037.11347
5035632127.622159
5274130769.7182
8283221181.143124
9815353016.592384
5308654187.112406
7279941637.737736
8022473105.454499
9870889818.715216
10143244124.378923
14976704164.937323
7653514525.904038
14277363163.035978
10817874068.108326
10143244124.378923
9870889818.715216
19867521532.474262
7653514525.904038
7502923426.439959
10154427126.516054
7653514530.553303
9776504417.049143
10154427132.684542
10241170141.62842
7502923430.997744
23265734982.564228
14466224189.81388
18246223764.239223
15129960757.158157
9439977187.811127
6835333906.108768
25573813229.020927
16790070453.757496
11507655502.82625
12277459814.85043
25736069811.20345
17888834258.14635
22270684357.590828
62819297592.81757
7420518548.826831
33035223890.954884
78214505947.93802
55678641047.09802
43105513549.947105
34220660834.394855
11518757447.741343
24204575204.637226
62381080538.31356
26882210695.065845
146906559718.50235
27275141964.57537
11846148936.10826
12389671705.279633
8665173302.598642
50653685179.12643
5597340564.983796
5018756636.720795
5725162717.805084
25631208074.2225
8547862705.375459
5289518611.9945345
7719511399.083354
10527066671.60155
7881178498.983192
5706181385.859607
8368321340.814638
7557368924.630338
5178416290.607209
14267616290.01773
23893534286.128506
11901284056.04597
41606172463.99045
23897082577.535633
22925923586.78698
13173883469.573748
15961423066.46553
79489744868.52898
8166036406.220421
64252392311.55151
27051627483.13685
40974380601.47903
7618389198.219639
114972093513.37119
25613871019.50774
15936552721.260885
35370308467.53774
10116935945.008217
74458257037.59981
43474329283.281654
30916092432.607033
139889368399.28842
41051347454.030685
5144094525.962164
6947379591.897065
24546389993.97955
8519500713.792891
5540372419.380631
13466503043.888882
38492045814.7873
12727966118.92164
19850094956.77497
27269161882.63954
50642579345.53934
12386955266.551216
10002064872.185204
5143792070.364804
26011354008.322594
7792450221.899031
17549477150.349094
5251299233.855362
8045722137.073483
12495935706.143219
6788771821.748162
5251299218.089794
5143792054.921997
26011353930.230724
9462668288.710161
10035984756.896454
14660238983.358051
97315332932.23279
32355973417.88693
105267389324.2667
6445880755.479361
6089142368.5012455
5305785220.288308
5172663829.725367
14780794509.478497
22014525485.91834
8361276686.151582
8098071502.543807
5345532508.243691
9907846368.963764
17699900420.470894
10394347631.558985
8361276716.081366
8098071501.944395
5345532446.740375
9907846334.231272
7055028597.422933
12603043149.195835
13963976781.532612
11331305435.109646
12690002503.020903
29928258480.455334
18831217132.29382
109395049258.94943
10540812269.991467
15016463193.630636
20150357728.511044
14205984178.425026
22155160711.574146
13825373896.453602
10537224070.361053
31302727885.014576
33530540870.997765
30173651479.364677
104081857592.21921
21175248895.863556
6826900053.834646
8185486417.227871
9699540464.182087
5240346792.969915
5272171392.885579
7927814943.480632
5099127359.064895
5354807895.743922
8364276073.537349
5784078198.878748
5178724569.54503
6976015091.361959
14191635683.603485
11135173199.070055
11931966608.111078
41224827037.231445
23798099401.998882
22766536113.90677
23831812093.95075
11415966417.80126
11985534064.760078
100401417758.40561
108605651477.78233
33382053025.203556
14419800800.941032
15830883018.524063
49250529236.94561
26052818029.052387
23786830617.631985
22685094559.845734
20621846915.085686
82841319691.50706
91327393928.5543
19422450516.870617
20327935255.90595
45655841396.57276
6269694553.441834
24353270105.45896
40989712193.20951
27895882644.851284
19596292365.42487
23385133032.911377
20079303205.45615
9050416319.644459
91698805458.951
31931635743.41415
35259347141.57768
20534017171.556015
12636563382.210695
24617181323.8298
6465002287.010663
14604674515.30067
10429684919.691175
28265881447.850094
35344275471.23083
11264195283.813902
22434838055.7701
31682108685.511726
25163526210.96952
32011798523.402584
9930781336.975307
31324009951.13199
31849608488.186924
41707600157.62449
21830454646.624245
26367989921.7212
4958580516.3708935
5518989905.926395
24347613201.158844
7870388645.9136915
5770982889.333108
9893908512.745806
43179201781.51009
6424814894.10119
20015055187.97694
24078125811.945354
23866257536.565254
41311434470.11733
83207456885.38896
10046163405.552536
93927452765.92384
52211657933.18493
50596977873.726135
20928298633.40851
52211657915.48608
6426709596.630579
27991413850.83533
40274368093.58736
50643622376.73352
24703634228.851284
70053877708.12482
10059189067.288813
64130042638.88241
43191935493.57312
37902734492.20774
18998809063.321438
9266166182.977936
19887373612.267178
92160725953.13986
76164229881.08621
20928298648.000652
35936375062.56396
62524671096.83555
15133803492.653286
71852567804.49931
76164229806.74522
44487555445.0071
27991413852.51945
9275170799.457323
89825121955.79005
20417820223.82488
45361388407.188484
19017271671.402176
23835930364.94775
24783077187.15846
49547184215.16035
34352196860.318592
69835162103.26955
57257646686.54558
60585293958.902664
7295755607.02823
7532883844.7752
5523506618.456793
9511105002.960121
5765332221.3975115
9469629385.588541
9836641969.073254
6959304732.374666
14369045544.957426
12982339118.85226
103176483911.08842
32910041242.882206
15922366671.991392
14409353089.519594
40362968419.04219
23168040469.691628
126542204276.08179
38966952555.6504
62010809532.62405
14668003198.289667
69581759259.01884
18483999819.77096
38663240583.73681
27257065646.845726
94480999126.33533
8733037291.463236
25467892139.324512
25144572852.162685
22814407028.34869
18169758104.767834
44272657281.96662
6067662301.427493
26841067527.609493
42291247270.171135
48562352039.38693
33892708603.89722
31843985408.839935
25687849949.563766
25492376460.42006
35024595306.59956
6775094247.63555
55188696558.38374
34752011945.843346
10692798544.913536
30395525709.442413
64584946386.21503
45359637370.20347
72602442444.60242
69976222995.80177
24048718608.38578
41490883161.06133
101437999108.41994
69414066548.72043
56606724835.47845
51771838669.52724
21485074374.426453
37838122565.08287
21444502529.219246
6413680385.050114
21869786431.47834
4680526773.464563
4817768868.1357975
5595413614.707033
7761438021.660213
5730986421.902943
15777325733.11504
5595413601.608577
5730986408.487121
10622239673.526083
4680526762.507791
5304350496.51233
7517115180.621659
7564452078.629266
7146516966.726209
5276933422.119381
9084080714.825684
5091708764.455676
14527324153.927109
5276933422.214307
6921551284.175605
7810313456.189089
9780663843.311668
5605957568.791925
9679301681.68898
25205619887.491196
5865310818.99788
9985736092.379019
4699059882.160642
5305140505.665487
7782447216.532098
11639886350.04004
5865310855.570341
25205620044.657898
7537462993.709031
4818486407.576597
4699059911.4610815
91835729915.7909
21309468093.429688
85123682958.03236
45279298196.815704
54033604122.87442
20004146606.66981
24039853141.831398
12421131503.711872
96030592046.25879
8870344066.486555
22567280635.234684
14955909227.580427
16907704475.32482
15187295995.68083
27139910392.99161
27221294384.679733
4176747093.1037426
122289372439.20189
15356717559.653757
27221294302.047306
4176747080.4248915
16721171814.731129
22235803055.89967
122289372067.98267
19350079980.588562
21031060548.16911
11486318249.551872
37762683623.87676
14674118631.674334
99993975507.6466
86421413416.92575
10914700526.621859
95417188717.81842
50396872316.22497
51193169773.63877
28673436889.049362
24801368093.145706
24848290947.42181
23366932317.911816
59876065017.240036
72305954932.27296
53574677394.56958
7541234370.462697
9676233469.884651
8936122292.440392
5683518604.239683
7303843339.81338
5762518703.980052
9521648538.193562
7541234394.84472
5233908145.802351
7303843287.524116
11279114186.861027
5683518626.553072
25820674723.563473
17578637283.021137
104365865357.50906
37328225060.13039
13621777557.09365
12990569420.712595
29944819519.00063
11073355716.721687
10440778312.08595
43238103521.41128
18947550657.833122
107374345851.74234
7847632622.697637
5012962826.848354
9975282733.862381
4938074095.604656
8306569661.978235
7203498094.573675
5528939388.200164
4842780875.346101
8146272396.877153
5299622077.220951
5482134354.272559
7064487517.318609
34722299974.10176
24273662933.497868
21258827038.91795
59085452838.000175
32591454080.379463
65921049114.49836
25311211987.733208
24266007739.147545
22886020438.25282
62034965047.184616
32663961524.422577
96017255964.91959
59044092094.256195
22998256969.295315
95980311727.27792
40008044676.92042
73963609707.56186
65834702973.2134
34682176510.536674
67274868821.6705
39100736171.26214
104147625273.80064
54483393277.673965
69186744386.60216
21701318881.542393
24251587584.78714
33984153086.68134
71394672032.66122
49139709541.1202
54483393331.8498
23377664872.46856
24251587554.19261
24757843349.5103
104147625245.97318
69250526487.70332
57192824904.78283
61998100452.94065
34682176481.454056
65861098002.842575
32354742175.436447
51828526423.9732
45597715422.27281
22993437371.91886
46589178628.76938
31666201460.224255
71394672294.03242
57192825186.31347
60832667710.45104
29453756450.65878
36512397592.31898
19959347198.30972
40159293283.35978
64950899192.396416
33824858258.543266
34847499496.09823
66374302901.723045
39328536559.522865
58279733926.99523
39324700030.15346
65175247375.91139
45626187926.60331
34475329777.562584
31619109678.499443
42139595211.44839
58246756858.491936
61302648539.58115
7935129118.2204685
22389376718.255455
21221854192.611595
36844183611.75091
18381786508.296734
14460158562.714108
38182828496.16525
26160959702.493023
20679909115.509266
24234422794.427692
22067135730.026566
15517497497.825577
8228440286.7928505
27057048418.640495
20077311132.427044
21510210419.38068
21944191332.52229
14994658505.509298
5706959752.444467
5384496913.755047
6922231108.587435
22403450282.755634
10860422437.22715
5146020755.250995
9317042194.902172
5706959708.951605
22403450112.01846
7147218938.985809
5665754943.843239
5384496872.719681
5735152995.216584
5198666201.22642
10914074563.694195
7182527262.561248
6956427975.331679
8511065830.265565
9068740795.812435
6956427962.865701
5723717416.425487
7182527312.057427
9363069832.302109
5735152977.442265
8208353998.999268
26865947112.073906
20073039964.584064
21319629933.184795
22001609438.810646
14841953086.196692
5323636963.426397
7540954203.207753
15991793566.331285
6120447855.940601
22877131453.943874
7915833235.556619
5922322056.934292
5979497987.527978
5881408905.047149
4437852031.261794
9153244373.465132
19216538741.471695
41249700556.447815
23422221407.886086
51450422508.47956
23841620048.14763
48235376087.47796
33373717496.156914
10187464309.238838
7547733189.106856
5969589706.845321
12283601620.941341
47208843181.262856
13648021430.581451
21485918372.550358
27075495609.460842
21545086086.806183
8272377360.59285
24283266226.532814
16148840136.763556
12218219666.246056
4392882011.640411
8809373877.677465
10165432106.884247
3738883511.0031137
7258041689.109513
38871150191.18908
28149051295.122643
17424253835.407898
17513902513.07748
16124331644.496511
20714038615.266552
27571890238.998768
27783309272.280045
22386358094.49564
59690656393.04826
31859480378.545074
91710332306.6168
5853683308.895404
4386418049.036699
25649672966.764812
5910196579.766066
28732776998.361835
10017284891.438469
28117646442.03817
8800043783.033913
17404814241.29616
32700064388.0536
20690928730.223595
11401442004.01574
4392882012.790814
5918906029.240562
8578904369.66681
5862309478.656503
19248718784.471718
19409296109.76194
18094644282.219223
173093647230.71448
50120588862.19262
51366929908.7037
23375785698.580345
19648484440.4748
14969192402.506227
94877812379.83572
36032600203.27112
101161778343.7637
92754427236.93153
15815370472.690851
5926173182.253023
5848703882.173749
19586971270.420017
19020416226.485577
7889951744.256183
8526029169.584955
10096669864.905073
9131561661.76683
34921942896.9437
5747825106.615879
6727141262.30324
9522539952.57783
7435256235.98272
7195193553.615457
18959860528.344254
5571128324.488376
30552922932.419556
3593955626.4274726
4448634366.734601
6990538255.751674
4561696320.957252
11892278297.7103
7135771354.497146
8817153914.753525
9159329575.690874
10323278212.907276
34848864228.78559
5657677041.76697
5193742441.883314
6688255499.729751
5856114394.53109
5769337312.257236
19611788648.00768
4316305469.162662
8536831946.711838
5592257003.669998
15234600771.933039
9351915789.41096
23505758721.789726
12675029765.549461
25720333062.864
12222187667.779955
3787805612.101655
3751586633.3125286
10028900697.017948
4312200528.509192
13573402110.669008
5895204621.90469
5482674834.667424
7316640091.41983
12671883130.978489
7387277199.976969
34157214608.417534
21726669104.49403
15239245156.251837
9967724310.841412
23488393516.770836
12678894352.541477
25631626629.12262
12163310798.136444
32461374679.28839
16762795386.27921
40350012759.66699
84036887192.74501
15632661111.552612
103868227699.7047
6951739825.113121
7729557730.082472
12096632581.43819
5794342737.348576
3652944430.363826
17660506186.215588
91837005582.13947
14831948742.309423
12552094975.13102
26701182844.878265
19628824477.982117
13912091869.68122
7603489689.84358
9951864244.32306
6658113844.095622
12161704344.978363
7288666670.290187
3883699856.4596267
10316695369.058645
15302025788.118113
35628666076.99948
12925566212.363092
32453567428.13327
24404311571.841747
5564629476.116334
7497701707.804785
16358576688.11783
7426008720.642357
13024875754.715311
22284172019.180088
12876936514.30936
9500887067.197002
23044579420.389103
15477280076.845974
10022356824.638744
11850605589.868507
12876213944.424223
9500353913.369814
12572243472.440916
15476411640.761896
12049200900.247725
23046298470.067455
7425592013.560637
5564317219.47928
16359797032.618288
7497280977.703894
19095213590.19167
3650302389.9884496
9500353907.375637
15476411351.46027
11852189575.394846
12876214188.906591
23046298455.52657
10023164419.682152
7426008720.64238
5564629476.116351
16358576688.11788
7497701707.804808
19096781454.01747
3650660703.233405
10123418627.336527
15477279692.007385
23044579362.23009
12876936849.637825
12573477593.28272
12050190175.540478
7454521543.754777
7526489802.538646
55568687274.61931
5585995367.526834
35862333980.56147
19737031390.757595
7585581285.634427
7245668808.634434
22548443858.391804
25376900995.670048
16552476901.487713
16372324247.036995
5530017367.110968
11214401630.639393
6747539116.775888
29812507067.331795
22858158951.160496
10216272761.546926
25904748860.27937
7813963979.371916
34081932300.906384
7460041191.34333
13358908673.81259
21515364968.86263
18884867658.13262
3897274707.984137
6244561717.233821
3697779465.5011406
13378725458.754578
11881231055.461256
7633561480.141075
5720157734.53938
33438115885.507915
7707258245.898714
18150837326.17895
3694983332.4211926
7729503978.867949
6578206126.760453
57134127188.81418
26793506592.735077
38362395595.628685
11149424410.104494
12929749341.459
9539853455.500807
12618394370.768679
15540757661.938198
12012429850.393164
23010864316.925674
8229543338.205787
9466944629.628101
6964560852.914038
10544444312.684711
7719158483.8780365
4249502657.7311344
7606535160.177907
7533801508.074686
31565067918.019035
8659606190.37175
63733668416.50971
139852292228.95547
9450808350.409761
12597851183.74435
23601899086.824642
15180462724.02972
11583740438.675117
21036249230.13792
15465966857.780994
9638800147.711401
23161584237.42273
12673957676.272526
26233554016.88277
12556508139.608664
7497701707.253591
7426008720.096433
7802532387.031766
5564629477.87182
19096781460.041916
22284172026.210125
5648672056.57752
7499665878.88711
33938198714.696712
7298895444.2328
3676360767.5683184
19311310448.59008
5479047596.055148
7311799534.528892
30014267740.14914
7382389910.851246
3531570354.4610424
18575078830.35141
21842658464.213806
21672862606.41491
58605405275.11119
13699900518.546469
37163862682.213554
37749829326.72903
4281694442.546838
13053172997.162615
8652510822.76261
6860513359.770485
5090487395.511551
7251918984.456192
13237262615.04177
14544395506.591434
29366424633.939457
9340946858.633818
31706133633.77693
36648077134.13142
12841201156.597275
15385449230.398415
7758530691.116632
9483716143.52626
26179888111.67366
10057015568.577255
6815746998.197523
10187478081.328522
7155799591.027214
3975647797.31704
19930299317.052757
3666558113.071402
8198249527.49769
11341500159.671864
7627524866.888567
10853853687.371918
7333357906.999494
4239081298.63772
20506158267.74557
25647861597.184814
140086812508.8713
34528707939.31856
21812431163.29812
43137830638.669075
8736238478.189335
17324279418.618923
5352564253.843072
11324371828.103014
15271559679.465006
10291216398.599182
15417345749.353756
9464095666.347734
11960715075.689886
12827071565.832766
10077865345.739737
23162122034.238102
14675784383.951897
8866968297.634926
5442733146.900592
29920128844.451355
10412483052.821398
10918422693.341805
5543080920.121538
7397252128.414017
13145895943.653357
7468667490.532493
33297097458.504066
22407592283.346348
5669958025.411814
7164279891.365238
16635990871.23404
7594024878.789748
13349173206.577187
22983375615.44237
9849092383.696459
6034393401.391898
6045581734.844944
17216906624.25218
12127770189.463114
12763657439.015078
6155890516.814267
7816574872.212442
20713140534.305702
6781374851.457112
3559421858.3687797
56300528906.44145
8132210543.634954
7272695464.455085
23802860231.44136
11554121222.323349
4585231799.086042
5415878325.269368
7203154019.432166
11554121144.038162
18180775149.978226
7386222063.30367
7593928472.858086
48261503651.99904
7203154019.164571
11929655601.243193
12945445350.763283
8132210518.281744
7354878666.705492
4629499073.921143
39821712345.56337
15083682303.054434
27609304614.95742
78097534023.87881
48693183812.94843
87632524911.86461
44765438710.25106
11724367993.72442
10283246858.741768
10660274781.099289
59971240310.501595
15194242218.54156
113179905042.87018
28064369883.821438
42983350555.42088
13236506774.228292
18866182550.151066
74464283982.27174
4500995373.763647
6437231697.605162
25574525440.73407
5125197828.164699
16573126625.660229
7738815720.707381
12929749443.200006
9539853431.424479
23010864258.851707
15540757557.93187
9954589655.445543
11830930050.232136
8253140055.241878
11772842123.08186
4523136938.675931
7358948402.878172
7322599298.523326
12890506200.060614
7179582894.322956
12123294475.090761
5889539323.921699
17731609663.632973
34751508631.48142
57470816110.95142
8398423986.849492
30790585549.359844
64930125526.136284
43278481149.37698
10112288623.988852
12908533602.337015
102596798764.8014
8154321951.165433
113106578836.43346
57001483928.65369
56543560503.92671
33797793142.290295
7462294830.752108
7325802293.714978
7576686265.626187
11350886436.58601
47261473549.80988
18107335491.8593
59623906050.18365
14409675811.729841
35328747216.9494
98835390638.21017
58546796824.25622
109123361302.00818
21913527907.375286
12372396747.986315
33562729391.3236
53083583134.84685
58144015771.71761
34091916577.55295
6437137171.153264
5964449327.325831
20642619787.809868
5940408583.113392
20312209658.234116
9203303638.059206
7908358466.422132
6331315890.601033
8395535478.684825
4337751963.230616
7350536542.707669
11097755949.954098
73994802037.47395
15086946202.222298
83180426039.21852
40708201817.83061
51968416411.29232
28210927903.13899
9998951211.454786
39619594964.49541
40435982405.51725
23861632508.766094
22155805843.155502
3029542231.2816606
18996943578.874657
36296836663.508446
111568166970.33987
53899146334.993034
5374902353.297959
52297433841.090065
15234600606.166386
9964686260.11529
12306675720.951588
12675029898.806479
10244015293.916807
23505758740.328148
5477377650.999417
7309570989.646389
16786858366.351547
7380139850.906526
30036457658.973797
22777017850.013367
9867148028.681715
41880203358.096016
50574266957.80718
45704161566.40417
39650513870.80748
37472709395.36413
5482674834.667408
7316640091.419808
34157214608.41743
7387277199.976947
3620361955.408929
19482322872.487396
46004606207.169785
41137338439.33194
9692126000.825617
27757736440.45934
23379432851.36388
44893467836.50748
17643426561.784035
42914285232.061226
26017530876.3776
9183919193.349642
36905001759.960045
47072363731.97989
9549304286.130957
14571045229.20147
12814062468.821552
10883177935.033625
8791864003.153954
13209425176.913223
23976856664.27173
42142090902.092476
17325952930.834427
42807958411.18855
21754903947.47434
9018664889.575348
51486562126.94985
53063440068.5603
16045286007.136488
5291564492.059907
32478628881.965233
147287344270.66425
7742651673.11904
25363972256.73436
33469191971.888382
6820658747.124525
24999724778.829124
18023284272.64877
7371483660.513364
7300997569.703548
54791701685.03476
5470953216.671594
3515142579.339566
36554563277.70878
16399447123.728754
30646322915.453403
54511628430.77042
46016059367.10361
13914303944.723156
127726042058.80693
12678894002.552675
15239245563.810118
10276121021.531813
9354767042.259787
23488393325.23002
12363535562.982868
11456382038.116756
6917390346.613591
12960314043.359861
7809589285.70474
4716652027.089337
7493338437.169875
6984172942.18415
7093195721.060641
35877043655.1746
11456382116.01778
5969716137.789288
59233992416.24296
6917390324.3427305
7093195717.153745
7736888471.625636
11095745844.544119
18201656904.416447
49170053663.53572
66817272716.508934
29894270078.16424
37286884640.51722
4094298136.018836
45723088543.87456
34956892792.65558
29887450134.17379
18363369532.234364
19219479365.247528
3865348052.846628
33002129547.17715
43166287701.034775
8146514261.675495
10590888896.495771
5015157549.1308565
8353443665.391736
22206900244.293304
4119229011.612062
42938176618.97759
29515810898.00914
65971371137.8328
40797740278.01996
22917958657.967434
4042464633.7517886
105337008101.95535
7993133650.404374
23943770378.623722
29779679470.97799
27952153421.020775
18232693560.626205
38507555804.54361
29502331079.123566
3815540552.2780066
25803940911.433777
21631457182.038208
18126745682.08845
7985507169.272577
21694362357.477455
19615718937.074745
28244972789.727886
48460596627.25957
27996439589.101917
23319208746.898346
7984513458.8905
108064304953.83847
18609049376.85555
42137682331.96215
29141675041.62876
57688722145.41483
14525777896.887201
33529184733.817253
97566028213.01454
59328170280.71053
110135904275.49667
47224254667.08354
7984513445.527239
28966580215.85464
20046529066.86153
59382863930.353645
21230042822.765255
13632526716.554358
82142621222.36922
75196548339.66667
27744442526.187927
39100394866.35642
44443363658.716576
39950582489.07592
7984513370.508475
27154013674.136364
73314148967.53397
52164484992.57679
84251700445.73825
20221066275.033333
4792889820.992141
6995628090.949512
4118177187.3578353
4945410440.744826
8738141580.193552
12409730816.562626
10886416722.841158
35310429454.235756
11907143291.301144
24796436089.552532
32207617602.892727
13929036004.629536
7733702224.7076235
17362838189.498913
16747311653.154352
17715382443.740982
12066747161.041773
13930833232.828777
13204198099.711245
12064909187.281689
16746747952.640816
24294187854.061157
12986747733.353645
26539746254.621655
7733643113.636401
49616640124.872826
30974459853.504414
22164660802.1205
18221876751.274662
32386211830.133938
7788179912.183037
18350375387.51674
26502959729.28037
21191350308.85208
49966531074.18706
13297312490.279387
14565771920.788555
12149989570.86948
36571255964.282936
13078328895.04088
24396468710.766075
30942898661.2829
7808369105.542691
32310632596.881413
27746523842.67589
25435934283.865574
17071841923.966856
8109661957.448803
7552838928.178397
32933237548.7356
10885649007.239338
5523392441.0264015
52349733863.55551
30446327327.992916
9579365686.378494
31129236312.53552
5815577200.954511
6308355740.208473
5315969115.522251
5973855479.701812
6800893550.214304
19551876978.919594
5916733502.74044
4448649688.266966
37214353975.94579
6800893552.94616
5973855482.101454
49678047499.50782
5916733505.117137
6237719047.740761
14933847199.251911
5973855482.19135
5916733505.206173
10633501663.700388
6800893550.6926
53084418029.01773
6041361453.363679
9799123038.534428
11611648384.070673
22531004750.190907
9490655891.705923
4448649667.719547
3766349370.1931887
9490655816.637669
9799123081.531607
14933847176.871223
11611648424.964973
39642419760.404396
45804666704.62504
9799123091.886696
9490655797.077854
10633501645.948795
12372484523.352787
3802710890.8660564
18742484829.808933
5919022640.90306
5976166717.912935
4902355667.387195
6803524760.664103
43674799252.34986
28926584223.289745
14169407870.081686
6985400310.916931
39690842387.13056
11969548008.459766
38318073044.98086
25720960425.45985
6816417380.081867
26758849200.604263
46591903041.059204
5439657702.12714
9528527378.728819
5412788824.314118
9614679110.351435
9927177303.137049
4552887958.130135
11763388631.665045
3739541176.9265456
23375383676.68572
15216731960.152033
9952998582.339739
32492398551.179703
12660163296.54289
25379994422.717365
36648077074.632
9576264192.272535
9887513516.745466
10826192431.554134
11716388356.73047
23387426472.533234
3798791927.360156
30663128663.132374
7474600062.511347
16761869160.371157
117637934520.48557
28406131867.169304
31709976138.74252
7471663463.835977
20695029305.42156
19498091689.169067
52543047055.8183
42108622894.16944
60334327149.21193
15361644413.304504
14227404171.730892
8602973698.061739
9834039597.691776
11258265126.909298
11511546353.669617
26712361458.975525
6804575321.866907
43624241320.707695
5430207467.555784
5616173722.600792
13421954956.358778
9595257634.490993
9907124749.984951
5026887962.305336
12508848573.006264
49634551078.95023
47643952479.989525
9867176748.550682
12458409846.051292
35192367756.713005
9556567176.242533
15244973947.846157
39790500006.34243
14517057938.525013
107709737233.95605
99837498239.55746
34279655530.6537
56408428807.48286
63373431095.010925
36239772196.408035
14093060248.11801
12992693901.25079
14529093034.49173
24363985094.06553
12215692172.396261
9927900013.298903
9448355250.34517
4823008931.476846
12231076056.975546
47063487338.73694
45615100666.910416
10761256251.086374
7037684618.943354
5349113412.981927
23689400338.963314
4624582301.84527
24047707366.002644
15814533514.904285
7691651237.457792
49199665257.65317
31897759903.942528
22661666300.33632
18382671541.93006
16818833647.958263
7017250892.642788
35621306979.79748
11078760462.140333
58714985029.12408
5889159780.422299
32109518362.108585
7642606744.877004
32648297270.140854
26603985623.211628
27029216817.5232
17022612223.265047
5918460078.383759
5649925770.029965
20483453613.67728
4423031702.626042
9132341006.15938
20916192256.224075
13764510417.367788
37184717701.77199
23603061844.281483
43025313164.4942
11925499145.146622
26473837872.208534
13789228403.501793
7739811938.893684
17438018370.86544
16639775641.526329
17728703960.10696
12167559232.68011
77058217891.46344
7737676206.330351
42468261036.7217
74393874618.65576
54855513075.33344
19771005003.30703
5725689071.342872
6206443162.9353
30871726073.312664
6147410874.701259
16757466527.419748
3784469414.2260404
14231710742.911009
8750436909.02174
12482395202.018167
77576287499.89752
18443643216.22747
50703982517.11915
6685564327.316767
5872551128.282505
30166746290.613415
5816397823.035326
21602909874.53649
5019558297.1256275
6685564330.731561
5816397826.006175
6300676297.213737
5872551131.282036
20542557974.360146
10897511727.534506
11414738608.251026
9329713804.74255
18741882760.17155
9632949980.504702
3965935572.0880375
10897511666.068783
12162672488.083107
9329713698.089556
46369135858.63525
9632950090.624077
49806133108.66175
5019558271.377414
6685564322.357971
5816397820.736067
6505462195.371661
5872551125.961048
28883319261.50275
15304626830.161224
11414738670.301992
9632949949.446005
45803195648.64862
9329713806.98062
41344001113.74533
15304626846.203266
6330403730.404324
6391519407.809239
14898033881.7829
4743645276.904225
19628961904.885735
10371277435.283653
13193821324.687616
10977122421.969227
13592134512.332735
4743645269.36249
10649898696.278893
7401418676.8398695
6135917265.25528
6194839182.785378
4179098860.0388103
5714983941.1122
24917884609.287792
36247772055.2312
13194440600.796303
10977637925.989439
16344172919.917536
8099542788.295144
7400695404.700131
7966157289.732959
6330700975.139777
6391819522.2373905
10869190162.100689
4743868015.239008
11177420122.54941
30435176288.684483
13194440773.914928
8099542723.123068
7400695417.716653
10977637922.984755
16344173129.445429
7966157350.207002
6391819524.462075
6330700977.343189
10869190155.631348
4743868018.735425
30435176388.01599
11177420148.764126
5227526686.9534235
7668590581.301592
17632297312.231403
4630312980.375047
29123181936.668804
3481421021.7822566
7668590588.312166
4675015455.5835
11686919222.770607
4747992305.799501
35845782634.76221
38877010091.59868
7427190486.2596035
4675015455.013424
8321557956.483211
5227526688.982263
14667480097.601091
41542765044.4293
7495320430.425059
4619524141.640176
3826062465.0941553
11414876651.528189
36186170704.37725
34086166208.13206
4504707397.342154
39443958785.18511
21757233121.668858
41426043326.6788
34630912326.53392
44007230535.70564
41392414210.96443
39411938699.56506
64066869825.38277
4501050535.277631
21794809171.91659
49370718532.50766
39461184148.95773
41403013658.76076
17357765853.53927
4504438322.0234585
34628843751.82995
21755933517.96106
4501323694.92695
41374385239.63286
49373714741.516045
39433898422.164734
21796131854.784454
18278977392.645557
47661153015.85704
69526139248.56631
36371640522.76165
4089882296.630565
32804341681.444664
46187200252.831314
4089882292.162935
69526139172.61862
46229779421.18112
47661152963.79383
40610244263.08339
38180383802.45147
5552356612.354506
6865423617.2671585
7761523252.945301
5619258739.372897
37951734247.98381
16766934038.97469
4089882296.479715
47661152933.31853
46187200251.127754
69526139363.84135
32804341680.23472
19104293586.64494
69526139293.0224
47661152884.77113
25551823256.887337
4089882292.3137827
40610244264.58122
46229779422.88622
6123577247.562888
5176491794.421826
13508599808.381813
6462393134.889032
24281697756.92132
29173549095.339222
8595441196.589073
10933357215.68543
7924321222.4538765
13141218165.734034
7450423250.513466
16297585979.830612
13870702354.111387
9781101889.85412
13709142019.588867
9335831382.027287
14754204382.37611
8110592617.267986
7692929111.098232
7660020717.203801
33554018146.52294
5700399170.545598
21182101420.20268
18213751250.295464
5183026145.382317
6131307116.45061
11622990578.37375
6470550695.34987
21988284861.00053
17276256827.145264
5512113614.070263
5840097498.542061
27418032697.825348
7328569204.95616
3361091825.4702997
17256478023.50215
5113274786.657783
7101738604.316753
25329129399.842854
5562675303.58466
35662400422.32933
10972319921.513983
13592945776.330982
8392280591.107283
14390887274.605167
10809504474.621475
34223124473.9017
7271027590.549012
9283942936.923693
12103003511.87665
3989716181.4267163
9585691618.410484
4614783119.233312
22498967717.750088
6470517635.37473
7235228202.150711
25024907172.62244
10279702294.033768
5407013014.826999
4820639164.408863
10609331966.977179
6405939515.730182
12921000206.246084
7232171983.640796
4867717554.623922
7733336028.081282
7227271424.465646
10430027367.24704
12161399566.302715
23153760632.068787
7284896392.266514
4422618235.612784
6607318909.910582
10381333158.72766
50433413742.77506
6394300962.6310625
7938367074.522855
18071768345.27021
5521487679.620754
7109943504.880365
3724849376.5170374
5313391196.031696
32307800236.82085
36778465727.99766
12088068848.18688
9573863469.00951
50739363142.180626
9272487023.242914
46294275685.095146
5089198550.47146
16437765978.784088
10071893139.404938
46159483354.94998
7205946316.823221
7532130653.48786
17078845735.05281
5793281303.865371
5972940287.809362
4403283239.528912
6403036771.571194
19795592020.320686
14276513281.083866
10411536029.722635
12861025129.265427
32692763174.715496
10678590706.35874
53180624764.42247
18098214465.614777
4775962815.713221
6214521701.108343
30549457400.22297
6544247842.333011
11414318333.906303
11116286363.572227
26889678400.273895
36852007248.15186
45258816324.14216
22345805794.31438
25820709246.83147
18143159793.73864
19202076379.909187
36816917427.19358
26879241894.99476
22123430503.30057
38848843911.4002
101033991520.95702
8830983856.9588
11232966222.779825
16164310442.097702
13501329250.72824
51305867976.58195
33496211343.165367
5786527642.825158
6395572273.0055275
29373850339.0649
5965977184.862785
4856287224.696
20580954519.987507
8841438225.848
11246264032.929136
45777583271.119576
13517312850.571531
23341860606.51059
13710151920.681072
10051632471.48774
7275544069.900541
4713686547.573388
6651395470.239406
5287050805.068627
24560458630.815693
8594003379.343187
13999934669.70858
21070243143.379658
11647800461.920103
65081723423.045204
36335013261.07993
9565594956.32629
9264478836.026554
11153472398.222387
12077629164.766474
4056075137.5574327
18728415911.15416
11671376388.574549
8611398148.301863
35631974019.64577
14028271387.13923
17111968567.678257
59065235821.318665
4864152819.029044
11255985277.327711
67469458232.433105
13528997102.75119
20160797154.512127
33889761859.132183
11839321079.1257
15478126988.415789
9187904787.694525
3840591557.3739486
5057453469.237528
11737825985.834764
12063348088.677246
9554284358.289736
45756675505.99839
9253524135.267136
42408898444.85851
15691142571.152473
4870162413.728205
11269891697.381277
34044091736.699875
13545711841.39815
61275857895.42676
16470387671.695887
13943483324.340357
11600833773.626436
25762601454.691677
9120189011.32436
50283284460.072845
17053749063.118784
9138986399.708235
13972221960.680458
24659178721.99558
11624743771.899635
44822688462.29255
17120784431.39004
5925858437.557536
24590713132.21866
10087297745.749659
49651607307.319016
6932995854.879126
46093093991.939766
108951693309.11676
24590713132.218613
56258927941.36055
5869195408.079047
21138695487.19209
8392527156.197916
6339875785.396774
6395670047.531516
20978640051.715927
4745507930.3530655
26045735717.551514
12125534660.843622
4886037542.152333
6419242127.327002
20872565012.740948
6316203735.212287
10882821158.386417
15476046358.993437
7563681669.900292
4835247244.992757
37591869835.71564
4715405295.050084
4069400425.0085516
17513670610.260876
5323594169.038889
4760929265.176514
16654033869.665997
7563681736.655507
15194210595.354916
8834709369.298738
7809517969.69112
4835247224.55733
37133056993.405334
4760929293.194521
12407596738.49601
23415963149.11164
6529572728.714473
4892891222.411689
12018970990.073088
6592611245.288606
10968063942.739685
29692845156.126896
4894172764.483402
6531282951.609812
14660701796.244362
6594337979.205235
11163825872.35662
15038196145.804401
8903694307.750376
13612493438.108284
20551987878.182667
11325453515.329824
67508702868.6306
33944563697.193047
4894172761.98363
6594337975.837078
66238898659.363144
6531282948.273862
17862627818.418915
15814427610.178648
6531282944.457665
6594337971.984038
21144057189.7539
4894172761.0277605
17755302040.599186
13013128227.222816
11325453468.77743
8356168709.344831
46092339105.67948
13612493488.056833
13720010562.62039
23966906714.99056
4894172660.503001
11325453476.452805
16644274382.174356
13612493679.611753
51642767666.39839
33530266309.161507
11003018668.039145
14268925500.212128
12879931809.218513
11551380551.756062
12596542868.323689
51271846572.88896
23218678664.620487
10130022743.340975
4810816203.08752
6801837044.213448
23739471997.046448
5337901743.547084
4738649266.774546
13179925376.644985
10676312760.502804
10965561154.224646
7449508604.548468
13577303281.682117
7739569782.457066
10131521520.303808
4656784336.264956
7123583979.420263
7050715549.421572
12272998183.959568
79552303025.02698
52311593669.71848
12437001058.059471
23730092379.571342
72940871772.6449
34190939220.64201
12362336898.715963
12920455040.231813
31433667059.359116
9344619566.675213
16822630660.38424
57860359027.5149
13568437214.775608
8919397721.933977
61340965788.82797
11345503469.773481
16526376483.104439
34657794543.07649
4980525795.147292
6646521234.253678
18555733991.626762
6710688807.90567
65635545329.44494
31972172061.732212
17018096123.105236
7375091911.043735
16532245657.413015
23109102666.559
18344304480.834934
22514559867.936554
5001525826.288414
7658842219.446813
3687151349.548143
16705607698.232428
11954639832.985638
17976380913.373154
6643950745.323259
4978599614.692192
17609452683.108696
6708093502.679336
36366854769.04244
13525445758.728031
4978599612.692341
6643950742.654453
12499652299.290762
6708093499.984764
29445833813.07107
27242797865.20128
6643950744.167613
4978599615.762829
14540272779.918858
6708093501.512532
38860491085.8142
11603337705.463451
11520823107.106882
9057287260.386808
35970763966.288506
13847315582.976149
16493840224.142225
60835540144.782555
8500316664.651888
13847315603.754942
51218552992.58667
11520823034.765623
17299547769.853176
33531343480.141937
13847315517.037333
4978599580.039031
24910466546.03594
11520823161.745136
13720451353.789051
45713717833.93223
4669101866.158849
4624455936.8866625
19160302860.772587
5315506018.47475
16655599114.867329
12265581698.024652
5315506008.913286
4669101857.760129
9170589162.891003
4624455928.568252
5462645482.837708
27625730930.620575
11540486878.894138
9955110842.511436
12082877257.606506
11190229836.165459
14629538068.623678
3630030974.464024
9500353991.889435
15476411459.14487
12049200758.849314
12876214045.927258
10023164308.383492
23046298199.617157
7497280977.703883
7425592013.560628
16359797032.618265
5564317219.479273
22285967660.3157
19095213590.191643
7426008720.64235
5564629476.11633
19096781454.017395
7497701707.804779
16358576688.117817
22284172019.18007
5564629471.912376
15477279929.784716
12050190360.66746
12876936679.639328
10022356953.318102
23044579716.26379
11909485740.562294
7426740699.842467
37079111627.59215
5007588630.450538
17274781760.748455
4076161865.7026753
16270924916.428207
12241672797.637585
19243944447.751396
20206496476.830765
14979973156.713064
14233668739.3078
4901525170.262102
17038285014.450342
17272611805.991196
7795368659.028833
9384815995.730206
15758566564.9471
12145730431.22151
4907094155.854558
24334836554.89748
8057880294.852584
38590207292.48504
13233576036.295084
5697307177.79688
6486059088.188761
28641561146.23355
5642829554.349548
15947936938.534304
7005433839.160613
7387277199.976944
5482674834.667406
21726669104.493958
7316640091.419806
34157214608.417416
19482322872.48739
12675029838.827599
15234600711.857302
23505758629.097713
9351915752.532852
10244015245.44161
25720332961.43909
5477377650.999415
7309570989.646386
18639363874.91688
7380139850.906524
22777017850.01336
30036457658.973785
6281858619.012714
5469598439.362935
19274459947.88585
6223587150.242782
6273209474.9177065
10472490325.130655
11789145208.63185
9043189189.51646
4240779729.133456
9337112846.124224
22326555580.623413
4756620461.446726
11064181071.95624
9337112883.005653
22326555604.099403
9043189270.278877
4240779656.8943276
4756620443.018166
6480244226.068641
5692199445.159169
22014739894.13083
5637770661.826408
14847589871.787376
4756620446.361584
9304585345.466267
9121197901.499609
15878131737.703339
11037071084.087309
45221009785.03279
44311567749.78608
5637505949.147348
5691932176.861955
11371043287.682915
6479939958.60944
6805672728.880641
20351092760.942005
9042764717.853174
9336674434.65941
11371043216.612574
11063661513.147259
18567200588.564484
4283803559.8153844
12800534179.92478
15434328339.675575
23114202899.48347
9483716245.124367
10057015676.31706
26179888392.136196
5462702800.635046
6273938946.65347
27090162849.806667
6215740941.959783
14731955528.026073
6497102646.153856
9563967736.633808
15821621522.390135
42450535174.01459
21656565035.440582
10429310076.487604
26919459947.21323
16011987581.980577
78550659044.57426
35505768016.377594
81468197612.9364
42274846352.09201
22086871179.963478
13785873163.758032
9130939734.68288
21561219229.237995
11501673275.463654
34204939608.480354
67747275218.33585
12678894205.940533
15239245276.439959
23488393702.01793
9967724389.454363
10276121186.375704
25631626831.272858
28585384887.73224
5517196478.509495
14530046645.414772
5856104688.830675
21623825795.84833
4654891315.39099
9006711573.941408
11019551326.034557
4277348143.6590247
9299449563.816755
4745985535.498544
22262916547.381466
7125215676.663529
8778920492.48415
36313562677.197205
6197595738.333715
10619637590.572613
12571400051.775038
7383499348.96875
7494555176.66549
33412510925.39602
5523934014.709906
19012186733.051735
22485260852.30631
12929749396.906546
5587451982.924753
9954589619.804296
15540757567.07514
23010864176.463993
12012429777.067533
11052009068.566189
9033240771.828175
18546941071.48169
9326840976.105871
4286926388.8274875
11298234143.058363
42682766045.6677
38381045433.162994
75811360812.37558
18803027256.888348
49643748733.21191
41694756529.790085
31060366676.13095
40461572596.05387
113533179511.7763
11840042767.620537
19543553109.47536
15737101461.854965
9937095050.465988
10307744577.831656
21434875827.780987
35966094369.98587
20746751890.227535
15910692822.080639
4907583205.572605
8050079484.788456
13737336787.472805
4984190399.119959
24671452683.895977
39124013552.01587
4866894776.561752
16753097363.898867
12817417033.672905
8060410492.177584
4106227921.4785967
19273752585.194866
8060410461.656125
5494622558.002594
19273752456.348137
4866894741.49677
4106227873.801728
12817416919.810081
9712324250.076818
15534763367.065361
24775491209.737473
12712022039.459587
25400457651.32509
36170563574.67064
4916079885.428534
7810169312.392984
9821086310.577602
5497081085.414193
17577088879.45937
16036354453.362196
9669875271.043102
13030838951.393732
26123092740.834675
14970239383.548864
30226241194.40273
37721092457.646286
7152949611.909947
5497160201.896066
23095675642.41786
7532466264.573484
30920084466.33601
19135666123.0497
5662713654.715753
7320216602.674263
23483628545.617764
7439633800.1383095
11642906329.617603
16998087515.302034
7530640210.075346
5582916723.928594
55599330071.52994
7452325122.489973
19747915179.347683
53676943269.67912
6061924163.058957
7613756908.3641205
23667655340.798298
5323636965.600782
22877131463.287804
15991793572.862968
5889944949.195456
6220989338.582534
6157353712.547842
5733984378.90868
18942529198.790913
10717946342.097992
7369311705.767294
7305023631.803426
36574720926.08285
5467937976.953625
54471696171.24519
54821916021.01226
5912277566.393864
6397298211.379384
16513606217.830229
25559906142.476933
18660739356.455395
70142193343.10846
25589738012.807648
6404764724.348758
31427358751.609436
5919177994.61675
12598464521.076002
11455091563.342386
16818000107.979416
6935715608.969529
37868244419.232
12036545279.691687
38336141269.64733
23879569518.9143
12094385853.844265
43386109442.80039
19012408953.28983
26655922050.177345
14062414891.714052
107741892938.61841
5655466198.308744
26986533431.84627
14735727096.733139
6091137864.148896
4780163831.311826
21259021028.60998
19438963859.195377
60749635502.957054
26179163412.14909
31617815405.598274
41983117005.55254
143064529804.21045
4905021286.003676
8123554528.129908
4145866056.131873
5537666612.886798
12780388484.300747
19447819495.848892
12795033881.642084
17948608677.556225
13792141945.230347
5446278531.123897
12429747828.19786
18690808316.545494
20454734370.49952
5059743800.779948
3636648425.8120255
10691837880.563702
6053367308.710694
3625794396.556569
33620108793.00199
41120132642.97109
45040095256.08919
5181730833.011149
7723008823.25599
26408619180.076134
5154286221.284568
7702941859.633808
9634376290.724602
5639997178.482878
17027464812.20638
15815587379.584942
9148349379.650476
14290813848.51837
12833115142.938377
3449175069.149096
3894046649.856675
5712424109.475758
3482474468.876651
20604798434.638184
5532602305.403051
6839932731.655029
3894046645.1610165
13673986026.425142
9524173797.682104
14698231913.238344
6661414037.906002
5437074009.882958
3928616047.687458
3833628331.299082
6964936070.618688
21192222158.266834
10148231380.589933
3833628299.1102057
4325395599.182233
5265919917.447562
7307787057.025572
10466511336.68057
33335616481.27905
9588661173.784159
15392596932.983479
20764744308.025433
21510210495.484272
27057048514.36892
21052396223.00398
8228440315.905251
19061244112.074654
22006291014.948097
25099600130.360714
23249461626.76396
16071477564.089132
25112669354.247173
22854940162.776115
20008168187.53241
11236251846.183712
38398207566.0419
14921075490.288696
29476422446.906204
20685947880.71041
101676815798.88066
6245034804.654866
20619778461.790916
9956872471.48544
3782780616.2422633
9879471833.414759
5726805805.765319
19171772235.277935
4272393010.285803
5673687919.724605
20625718808.129494
3408550512.3940434
23719798782.56065
5215402355.807682
6517419461.886553
82081871364.27928
6209317639.362442
21395198690.055916
35651184044.76211
5225171685.345528
6220948740.107054
14472691613.785257
6529627689.385747
36745022452.72251
30363620316.91574
10212696978.634003
20797109240.10979
5374844573.200149
13287053248.616919
6021851033.185967
3465561305.200187
3465561327.9236116
5374844608.442599
6296231980.3927555
20797109376.47487
19157555149.908947
4704122293.001747
5360753667.987934
8658275418.809986
64438249322.66677
5278358662.748164
39362053262.194496
5717972763.007272
10023240631.17288
14171025050.410913
9117210902.140497
5218411758.301884
3993938885.4395876
3748347429.5303917
8392817766.995247
5948712494.626004
5094182436.127754
5265068010.355724
12263342770.15603
26444925278.412987
25314718083.68492
20561936087.1393
5892971948.29149
19943425745.215336
26360445236.03125
5681070377.494821
5892971944.895523
21766041009.56254
7944595488.158357
5696352449.130394
20588596089.75854
30071318130.48036
5894001711.486488
8374108075.346721
5107409866.051975
5271048949.8818655
26513591538.26736
5200692956.264429
5220647211.354393
8646285085.323893
5200692962.065642
17970803717.128494
8192471254.939292
5156718382.803876
5144704486.0400915
8500212009.292802
5626992319.403916
5346682117.045713
8353369100.034722
53087957782.41508
3951377463.217349
6808848201.383879
3923404403.182032
14681956075.080042
5431053408.792341
9513627633.611387
21168755627.65943
5260088848.819236
3951377470.954326
10136994029.375338
7119088012.802409
4319657622.246231
11283815048.799917
14973289679.335293
25002823806.649364
8933690033.2136
45632000509.98143
28052250090.513214
4902891581.292439
21766040792.305714
5939923824.947402
25314717926.98258
20561935959.857475
19943425621.76219
5696352469.503629
20588596163.394485
4902891578.467028
30071318238.03164
26360445407.779682
5392291125.665726
5954078187.073335
8961360014.720667
5123953020.151636
5195043917.983734
7913739477.618662
12217062863.10832
36844183483.86636
22389376640.542908
20301962068.242245
7935129090.677983
21161968118.50121
19361634778.492195
62636995325.830086
12021279660.851564
25930579863.910942
8559631382.954897
116292141197.02632
25098130314.757393
8452197490.125113
5491355530.022309
5133300061.695304
6137658173.061382
4849305157.035905
26788130469.49773
17781738116.764927
8286006533.964805
5111926500.574383
5215593782.411859
26792582879.55744
5259537422.346586
20191567508.391487
12916905117.113213
3416622856.919961
4601690104.106525
24200656196.551426
8310347892.035102
3416622838.120433
24200656063.390423
5640540835.708431
20191567397.289978
18623867772.570496
9990315662.65477
12042167855.866808
5605901829.736095
25775151289.260708
40736237619.31545
11039584643.876116
42460883329.82534
21282758093.15867
20860265801.64179
42460883795.80238
6372906799.167849
5861330314.785381
33375311823.568558
20359350272.856
3473768649.032618
12907326418.407942
5483805581.0309725
4179361719.2218885
5985852690.147924
18610056933.10966
4601465951.771889
6258593351.465696
20359350289.542843
3473768651.8797736
5483805585.525586
28095676490.6779
53982290810.499016
28388045256.898357
17273515987.610928
22315001151.151257
47846134995.331184
22820238708.355858
14950998082.318302
50576226624.38865
15221862051.634317
23157548349.44264
6960028170.111902
7912306025.838232
7277156348.051469
15221861918.662981
41437241933.35662
27853243091.656094
16061317456.15573
36799424027.21869
22258570204.512646
20322593842.055496
7925489229.048443
21243420867.360657
19381311046.400463
8611398185.89945
14028271392.273935
17111968573.941673
11671376360.552334
2737534150.6950984
59065235842.93804
7935333110.158477
22286216538.06257
15490882516.840628
36845130878.18682
23293884951.156193
19285356998.373135
5227308635.201522
8542621107.257527
5098557568.006651
5896483219.072651
8025289820.929966
5051486704.541925
40943066693.25564
7847102192.494845
44709612098.60827
6314419079.133047
21128692190.56926
21405013836.910664
16216730671.075802
11181640048.017265
25923213051.933323
33544767069.70676
5326118944.7298975
11931650404.910767
11647800502.669722
9157112746.887934
36335013388.19731
13999934624.00247
65081723650.73242
34877794068.76162
5325008785.095377
6062218616.510178
26745990583.932793
5274091077.063293
12402956212.013813
8034153979.0699415
13972222224.110178
11624743681.53463
44822688113.863144
8576991489.264378
2780908675.8153977
17120784298.30153
5991958490.131498
5263292800.589402
39249703324.15044
5212965220.500165
8464202892.632855
5701652123.395758
8544770025.547947
10312429280.979212
63593498090.26813
8524413336.0984335
5643013176.284403
53239106837.79525
11600833786.842855
9120189041.562107
29128667831.644802
13943483286.908699
50283284325.08601
25762601385.53128
23163866213.482117
13396213612.900808
34680481135.4939
34463881894.27631
8558548848.238996
6917698032.2777605
8646285079.333574
8374108078.886032
5200692958.462499
10245572125.768866
5156718379.231198
5107409868.210619
5220647209.14789
6000788425.555092
8192471251.476749
5271048953.533753
5200692959.867573
26513591556.636505
6945878361.02246
24317834232.985825
4919019513.173107
5765585309.658624
16570678995.969307
42341662986.248314
34716043545.47313
7984906048.470289
9923062276.129349
21792193491.785164
23524572335.84474
51774602981.65474
42419073502.00146
6735149793.331832
16315873818.385567
15088182144.009134
26598462717.247467
34716043565.689064
34791906324.6338
16311705403.74812
6663943094.484937
18992153642.34229
19249432158.88223
42200043554.8004
6728121908.276445
5541610937.207448
38170963931.5445
26505004766.42998
16071734847.434235
19339816400.44238
5551255048.150282
6739830913.988966
40767651118.73889
26551131643.50674
15954679444.86958
13847896386.215816
6646521234.253669
6710688807.905661
65635545329.44485
4980525795.147285
21175729339.968216
31972172061.732166
39722584675.27477
19514989030.77046
42353498730.28437
31222940418.56577
6267166135.202821
7753713339.016829
11520822960.575188
8500316651.24395
2757159122.1944866
13847315703.107504
60835540672.55676
16493840367.233309
6643950745.323249
4978599614.692184
36366854769.04239
6708093502.679325
17609452683.10867
4566327263.597167
4978599615.762835
6708093501.51254
4422583530.562352
6643950744.167621
38860491085.81424
14540272779.918873
4978599612.692343
6643950742.654456
14312967323.476206
6708093499.984766
27242797865.20129
29445833813.071083
8500316663.9815235
13847315602.662895
33531343477.49754
11520823036.09778
29020265595.14373
51218552988.54739
13847315576.56112
9057287333.700516
2783777592.9771557
11520823054.714422
45713717409.24279
13720451226.323359
6933811392.214842
5755568846.013115
20086513835.648716
24275587229.52476
5103851088.139217
39644719435.57225
10856162044.65182
8266526583.603716
5017527569.296152
8859949716.818121
5065968339.1033745
12078809742.777615
37898638196.85265
5984694493.841827
15911814510.738976
14649070697.463175
10270590404.110033
45512597361.06218
8944562197.365183
12205614772.260885
18840182338.602795
90267749998.73283
40802022921.241905
25381482347.53574
26431667853.807278
18477045734.954952
22835348592.344696
21085208939.949398
9310890505.074448
17830274270.50195
9174488399.898903
8130492103.117244
4937917702.858494
11369920200.281664
5011808338.970738
4664732139.89023
5145682089.461589
5195360097.374
5809367651.657086
5914620984.275178
8522130009.972077
8253861284.346871
5914620984.275178
5145682089.461589
8522130009.972077
5195360097.374
8253861284.346871
5809367651.657086
5195360095.574257
5145682087.679055
5809367651.657066
5914620980.177387
8253861284.346845
8522130009.972051
5914620973.347766
5195360089.575168
8253861289.112206
5145682081.737329
8522130014.892295
5809367651.657062
8253861275.769166
8522130001.115577
5276459508.70311
5914620996.568454
5145682100.15666
5195360108.172324
5195360089.575168
5145682081.737329
5809367651.657062
5914620973.347766
8253861289.112206
8522130014.892295
5914620974.713711
8253861291.018385
5145682081.143174
8522130016.860429
5195360088.975277
5276459508.703135
8253861291.018376
8522130016.86042
5276459508.703129
5914620974.713705
5145682081.143169
5195360088.975271
5195360121.970231
5276459508.703119
5145682113.822631
8522129988.322931
5914621010.227696
8253861263.37922
5145682083.519832
5195360091.374879
5809367651.657046
5914620977.445521
8522130014.892277
8253861289.112186
5145682119.76435
5195360127.969314
5276459508.703116
5914621017.05731
8253861258.613846
8522129983.402672
5914621017.05731
8522129983.402672
5195360127.969314
8253861258.613846
5145682119.76435
5276459508.703116
5914620980.860356
8253861286.729541
5145682086.490716
8522130012.432187
5195360094.374446
5276459508.703127
5914620979.4944315
5195360094.974354
8253861284.823391
5145682087.0848875
8522130010.464083
5809367651.657073
5914620974.713711
8253861291.018385
5145682081.143174
8522130016.860429
5195360088.975277
5276459508.703135
5195360089.575168
5145682081.737329
5809367651.657062
5914620973.347766
8253861289.112206
8522130014.892295
5914620973.347772
8522130014.892304
5145682081.737334
8253861289.112215
5195360089.575173
5809367651.657067
5914620950.12707
8253861308.173684
5145682059.752955
8522130034.573314
5195360067.378551
5276459508.7031145
5195360073.377632
5914620956.956683
8253861385.946931
5145682065.6946745
17712754560.75341
8522129944.431748
5914620939.199692
8253861315.798283
5145682050.246206
8522130042.445729
5195360057.78002
5276459508.70312
5914620929.63822
5145682041.927788
8522130049.334072
5195360049.381293
8253861322.469788
5809367651.657058
5145682041.927788
5195360049.381293
5809367651.657058
5914620929.63822
8522130049.334072
8253861322.469788
5145682041.927788
5195360049.381293
5809367651.657058
5914620929.63822
8522130049.334072
8253861322.469788
5914620948.761153
5145682060.347135
8253861306.26754
5195360067.978466
8522130032.605216
5276459508.703118
5195360095.574257
5145682087.679055
5809367651.657066
5914620980.177387
8253861284.346845
8522130009.972051
5195360091.974808
5914620976.079618
8522130012.924205
5145682084.114023
5276459508.703121
8253861287.206068
5914620974.713692
8522130005.386121
5145682082.925675
8253861296.413001
5195360090.774987
17712754560.753433
5914620928.272304
5145682042.521967
8253861320.56365
5195360049.98121
8522130047.36598
5276459508.703119
23968463053.00299
5583448177.757793
8443195347.935171
25152036917.19953
20707289909.411423
29346746849.40836
17830274281.339653
30456086713.927017
6684453721.742642
27860265007.315712
21112547589.375458
5947690072.4844055
18039964717.66086
8224000145.785958
27181665069.429962
5176564117.498446
5186161954.701816
10949218374.063477
45948608833.00515
20653519416.514236
16486080080.057316
27465273375.819103
6028034742.615851
5363621903.556319
8550151796.552824
8290056655.812957
5276301922.757701
5869233827.084393
5155492350.063371
5106195557.356301
5103899717.614599
5153174345.574047
12611772107.2575
5866594911.257099
8281234745.251211
8563062255.169048
10857514504.627481
8696848010.107965
5142685312.024328
8177410225.706649
5044929649.464758
5190605984.15966
8194955915.363418
8672244455.911922
5808470766.318647
5852670561.680834
5140943296.294471
5091785621.568582
5076378558.488437
5125387488.65757
5808502557.458373
5834961162.41839
8659928698.264254
8231579489.337874
5834961176.077609
8387322188.218551
5076378570.371868
8499123997.935306
5125387500.655727
5275673771.974517
9189081274.812943
11523602316.25134
34270154599.190872
13716894140.921518
35358312565.241554
67876441881.82358
8406528326.734874
6032574438.737627
4592289720.502326
5525970903.149421
4524584176.772511
7295764223.324312
5830589197.79524
5122576423.907009
26314751324.618706
5296183848.296376
8131031338.245829
5165736352.249089
31199786318.740807
10399976430.708849
14753939458.251242
15083083957.958672
5730709258.031307
45574612066.28881
34819224316.36893
13392703321.584114
6395519799.67975
21833052335.886494
16465520702.569666
21474121691.431393
5145682100.156666
5914620996.56846
8253861275.769175
5195360108.17233
5276459508.7031145
8522130001.115586
5802983854.910557
8361276729.579488
5345532536.008026
8098071467.010599
5091856827.086718
17699900512.40298
5802983785.223179
8361276754.700453
5091856765.939184
8098071539.929211
5345532471.81413
12603043208.311672
8332991933.4632435
5840276623.909777
5081002977.445554
8547537638.05407
5276000462.14645
5130056553.186945
17887879662.419052
19309883470.35521
21474121646.04904
42498606010.631226
8760872869.916462
9459988937.839228
8522130021.761744
8253861246.242239
5809367651.657075
5914620999.30032
5145682104.315884
5195360112.371703
5914620928.272304
8522130047.36598
5195360049.98121
8253861320.56365
5145682042.521967
5276459508.703119
19543109568.580833
37870533149.46746
7806819036.733709
41354421627.529526
42890412815.10392
8429801781.602362
31703468324.949825
6832571800.3629055
35601182236.5684
23985777203.04154
20069343949.811188
4865064091.233033
36166501286.73794
9554892861.641973
4865064014.581439
26177819900.14016
26623221797.811836
55428998262.95396
5011293533.216335
5721328078.808109
4684539775.760645
5484031288.566168
24446274559.134956
7553688109.989737
8305033939.519451
8043599196.254337
17706858481.972885
5763949619.794203
5212299160.840169
5260381597.056526
8305033978.837741
8043599234.334926
12607997565.074854
5763949565.217989
5260381547.248369
5212299111.487283
26195416456.66214
26330257343.005653
24125450004.10544
55359669456.01285
4010713374.589965
7185492501.879478
4010713355.9496284
19746851641.7276
35556653412.36211
36377104686.77087
6523024272.73728
31888082677.26534
5105915934.787431
5812793907.517922
8621743540.482325
5057093191.521438
12610218401.763025
8299454869.289851
5824335522.860927
8168244176.515772
5116054004.075431
8740718193.548752
5067134320.64035
5807480053.2590685
5747320756.850066
8020393629.084045
5269889145.549686
8281074107.027619
5217324654.361287
5806976816.912717
6225153695.434648
8472620158.41933
27170009258.238228
5333057003.283351
4918434534.381238
26735120354.99494
5748810898.24755
5308654192.016323
8283221188.794824
5177661859.006403
8022473090.632804
5274130774.590225
5748810963.301476
8022473133.48859
5308654252.089406
8283221050.812667
5177661917.597168
5806803720.475696
8903694323.199024
13612493403.48118
36460620398.566505
11325453534.980425
33944563756.08968
67508702985.763794
4894172764.483437
6531282951.609858
15038196145.804508
6594337979.20528
4612415168.88905
14660701796.244465
4894172761.983616
6594337975.837058
15814427610.1786
6531282948.273843
22083590970.763405
66238898659.362946
6594337971.984059
4894172761.027776
4762328853.528179
6531282944.457685
17755302040.59924
21144057189.753963
11325453406.252676
8356168663.212692
13720010486.875937
13612493598.233833
46092338851.216194
2903266354.592442
13612493650.845161
8356168630.499888
33530266238.3037
11325453405.970226
51642767557.26435
30265909290.14156
4892891222.411692
6592611245.2886095
10968063942.73969
6529572728.714477
14936938235.214357
29692845156.12691
6178675642.257015
5328774940.026161
28731647528.362526
6492837895.870126
34770064390.02364
15595811539.360867
6486430282.171346
5092997517.832306
15745482123.597902
6349130272.882971
31154367636.335945
11355587871.474655
5196747538.531426
5669914226.395037
8258718829.594473
5149200822.951501
5275559201.17959
8150079430.949368
5669914217.104032
8414975015.508553
5149200814.513762
7998742057.379551
5196747530.015777
5808376415.724133
5318811906.932306
6167123578.116041
33735017209.7967
6480698453.023011
23190536092.679317
77670164884.55475
6341728617.152118
5087060229.944847
16370162162.78815
6478868565.557046
69532909065.04343
23364061804.275055
13545711810.759367
8860013574.060701
16470387634.441837
11269891724.247986
61275857756.82809
2920674978.686282
8110511022.042004
7855199679.278351
17690796008.61789
5628944701.81867
5296483355.94905
5293585827.683684
5628944684.919323
8110511090.99035
5293585811.791159
7855199636.083462
5296483340.047825
12596560434.268358
8849080632.318298
11255985380.37291
33889762169.382877
13528996996.838535
37143792057.81754
67469458850.09594
13517312817.611507
8841438180.246202
2969253078.887776
11246264087.386534
45777583492.78679
13710151987.069271
8830983739.423706
11232966284.70298
31045468457.047764
13501329260.052277
33496211366.2979
51305868012.013855
5680979963.202968
5304756104.41087
8185486434.241081
5240346787.523985
7927814935.241801
5272171387.406576
5680979910.724324
7927814971.858812
5304756055.407633
8185486472.048226
5240346739.115735
5804646443.864452
68318221709.08495
44740551309.57101
18521776672.927624
19930569130.117916
35451162667.44451
83065518757.08896
9890313248.595324
10636148785.710135
8592304030.99953
12330093251.556982
15630498999.416388
12909594274.213287
6330645130.844115
5508867368.249336
16902711424.63645
6017708508.627052
21512856485.45246
5501282513.104066
5501922222.350153
6322663952.29495
23756681449.687725
6010121855.912911
5697625324.969276
28542761694.54608
5520241354.297231
7953884879.877846
5172543074.508993
7703503905.344452
5511479800.770585
12572452135.863585
7953884864.906167
7703503967.879113
17656937970.785114
5520241319.876406
5511479766.404392
5172543042.256201
4999612884.046505
6669401201.659844
16079150799.471998
5998265820.927034
5226599776.130471
21685972801.226036
5233849160.483299
5683518600.958321
7303843335.596526
5249576134.718939
7541234379.170586
5762518700.653078
7541234373.075058
7303843329.692879
5233908130.693364
5233849168.944225
5683518610.146173
5249576143.20529
5925825582.397999
22036357666.12053
17359450490.413612
6726858073.570736
33068009742.28547
12032733051.617428
4748124793.246198
6336381651.099131
20967077966.24235
6397555041.201102
5128333499.109865
26031380972.82802
8630253167.482409
13194440542.642147
16344172847.881018
10977638089.01963
3104466188.3672376
7400695372.0817585
10977637935.67773
13194440763.508772
7400695411.879892
8099542716.735143
3104466183.2530847
16344173116.55515
4743868018.735411
6391819524.462056
10869190155.631313
6330700977.34317
16115908117.232065
30435176388.015896
4743645276.904229
6330403730.40433
14898033881.782913
6391519407.809245
4982098214.292479
19628961904.885754
8099162414.620909
13193821501.920687
3135961882.24366
10977122251.59633
13592134301.372957
7401418561.964488
6467100098.452762
21635119676.105064
10997203616.728231
6177307143.806685
30793630966.614212
16366197649.107151
7295755617.709963
7532883792.585857
5765332229.838548
5228053653.892914
5523506626.543773
5410815954.867951
13141218186.422455
8066871431.499958
16297586005.488153
10933357159.87567
7450423262.242782
3131236156.6974163
8153367619.806308
10906465094.257908
32734092126.56488
13268363720.370386
33405920294.181007
14047251402.326323
23323443150.36697
41116134942.68413
40367078363.06959
53664362000.79331
12343137205.890198
33686562202.93818
11836601848.630318
22771505340.878654
22366299965.67497
41667719574.094574
37867956177.679054
34138477005.292404
13179925366.066872
10965561216.004347
7449508646.518815
8090632264.528511
3138247963.9610014
13577303358.17631
5622134705.247351
5306115524.487858
5236109480.772158
5237591051.098945
7546625912.8752365
7309065148.835235
5237591029.326697
7309065185.954051
5622134681.876587
7546625905.920737
5306115502.43076
5764942383.424003
5062743782.038679
7805580202.075092
5445143497.402822
7271381447.694507
5126980775.853787
5254014529.201606
5445143509.1028595
5126980786.870186
5784655788.816907
5062743792.917051
8059278792.678234
7042485117.353984
8648660842.099106
8446347274.583984
73951128462.57997
4987601684.39409
18337105175.284645
10395154543.533169
29787414194.341503
7671542251.442868
10395154608.595888
8648660835.555735
8446347240.308716
4987601694.342406
51990792815.84815
12830437335.475924
24375166114.96986
34725809149.36095
28380656004.65964
31561859808.801353
8708810936.20999
7779379900.429831
28276692142.47966
33123553550.05625
8446347276.326782
10395154518.707926
77958990256.63087
8565076196.245542
10467451030.833872
8648660854.73899
18337105021.871944
33123553030.687527
5071023395.743009
8588507896.110811
8505504532.994214
7671168551.256842
10467960993.921516
77416771184.95227
8709235124.654497
7725272898.705098
49597351344.49528
74469073992.37064
8445935922.601746
30862457492.833694
8505504584.214313
10467961071.359148
49597350621.30219
74469074340.6634
85500341475.26788
7671168516.520902
7725272920.564007
8709235089.395727
28080022821.22256
5071023388.311828
10322854358.886032
8445935812.61612
20283506981.40303
42335362497.2254
46279871025.722855
28076991706.187595
34699697247.717384
27094183236.493126
34887086363.46024
42335362251.991554
20283506863.907814
22198338656.77077
46031288010.43675
28076991543.547466
5017568045.715986
5662830142.735353
7229603965.637999
5446563302.635831
7002022757.610524
5205338260.767263
7002022784.291829
7229603993.186504
5731063357.104553
5017568007.476991
5662830099.578802
5446563261.127453
33749721790.27628
27651239689.840862
33194883684.911922
33134866573.13342
25452544806.589325
13542633346.714035
5284455048.223586
5057137691.256612
7263329780.672469
5291842607.0326185
5247044707.223785
7796936868.27004
5057137717.215008
8050354550.299205
5291842634.19576
7034686870.14989
5284455075.348807
5776982030.55633
4984895369.85711
6956428004.892632
5735153012.09092
7182527254.001753
5402269549.892392
5723717451.005054
5735153015.402126
5402269553.011407
5198666219.523734
4984895372.735152
7182527287.840993
6956427968.102359
4408464356.9211
28841747405.434113
16637129718.496883
7948102443.423702
17212029081.068497
12759021835.933744
35743125983.92611
5942083294.155827
53894598507.86044
38809890404.2227
22735943230.93706
29256001822.82306
11312725521.53886
12223164852.865318
27522285126.235554
25647974471.125977
50660627525.717964
27862348171.784565
53123273794.19623
22410552646.573944
39105599118.80092
35231580167.12232
7146063856.823021
29478915537.48206
4660053557.973177
4923407143.75556
8342958387.563115
4822959711.449224
7301547850.252267
12596103093.678644
9057135407.99257
11307738908.751947
4226462448.80495
9799393871.555853
4186049031.0973964
7604819336.111907
5979497987.527979
4437852031.261794
5881408905.04715
5922322056.934292
19216538741.4717
19579423994.66677
7671158768.5272455
12308781645.466124
47305616087.59549
10086726646.8776
39603242855.744644
13675998364.785418
5910196579.766042
5853683308.89538
25649672966.76471
4386418049.036681
6196226559.329595
28732776998.361717
7500279347.234532
10165432125.61166
3738883517.891125
12218219656.024385
3774979853.1968303
7258041702.480745
4376723779.609214
4333068163.296751
5203467349.828913
4773238056.969322
8844547498.533215
9194107335.58276
5862309478.656506
4392882012.790817
19409296109.76195
5918906029.240566
19248718784.47173
5997305195.373395
11979500809.502636
8076634076.636851
3825515261.2334075
10119041663.25005
7179469735.505359
3752797263.474682
5315506018.47476
4669101866.158857
19160302860.772625
4624455936.886672
6612639269.010919
16655599114.867361
4669101857.760127
4624455928.56825
5462645482.837706
5315506008.913284
7947982750.642948
27625730930.62056
9624487057.699871
8799438547.785652
3878751892.292102
10030726090.112656
7045695223.127664
3610141767.3826675
5860107807.90128
4413773594.395883
19920346057.58466
5703229300.14994
5680241448.419582
6155215227.566646
25683442507.31036
22782262462.846806
5809367651.657085
4226181136.0267673
23658670893.460194
7149750349.978672
4226181108.31604
16408879812.328485
25683442338.90611
5948518266.452813
22782262313.465355
12612195807.944046
3787805612.1016564
3751586633.3125305
13573402110.669016
4312200528.509194
10028900697.017954
12054117350.91816
25490686208.83264
3430454723.0494313
12612195807.943964
4167597870.538494
23511556088.959305
7149750372.462677
5809367651.6570635
3430454741.9250665
25490686349.091858
5948518224.357826
16306845756.50077
4167597893.4701643
5990180926.35638
16421057281.389393
5809084672.151875
4196787270.3263645
34112881759.335636
25471783272.925762
4196787272.635604
23676228312.155743
25471783286.94135
7199826482.903249
34112881778.1059
5276202487.146781
4196787266.8866234
25702502385.273586
16294753202.362242
3487831883.3610635
5907145231.414275
5276202487.681493
4196787270.3263755
3487831886.2197447
7100022585.719378
25702502406.339756
23494120701.43774
5809084671.962934
3430454707.0051427
7149750369.512135
6911198357.786081
5276459476.766776
15391349701.043346
26408026579.14148
3463573414.0174522
30713520539.56344
7149750369.512136
15391349849.24896
5809367670.836248
31982267134.575603
23022403849.330353
10738860038.860699
48548851708.391815
12560551262.257156
9651829232.647789
13079947321.296022
15391349756.091156
3430454719.274308
5809367648.460541
6911198382.504272
31982267361.38296
5948518201.446165
5948518201.446155
5276459540.639464
26408026300.332596
3463573392.5773497
30713520349.441578
15391349753.973913
7149750379.347281
50863323538.31288
39979838505.209045
5809367660.447523
24422948996.017952
24988232992.213737
24422949046.412003
5948518209.6289
5276459517.413031
48797394175.11999
13224170371.435226
20487677702.002644
5861290696.38584
4766953776.768389
21249743975.850643
5461660513.01249
21698671463.178097
6565987714.096462
48797393536.78111
5948518225.994379
50863323538.31292
24422949261.426586
13224170611.534277
5276459526.122937
24988232785.41843
5809367651.657083
50863323538.31294
24422948791.082195
39979838658.98875
7149750355.742936
26592985374.185528
5313415248.1892395
21227088594.6957
15499149218.678816
6906073292.278012
34112882011.94978
5850055906.205148
32206267484.99878
7149402097.868668
15499149161.11342
22623807728.25035
30690744245.904724
15499149099.28399
22623807637.99913
5313415245.265629
30690744123.472763
26592985538.020638
5948228443.50839
34112881655.31648
58806831286.31162
6906073220.078434
5850055853.093
15499149056.64288
32206267840.89675
53246979918.92488
5850055771.335212
25163247889.769543
5907145189.31822
48761207115.669106
24594004441.205524
19313339916.37813
7100022546.625244
39950190569.23399
5313415263.640015
13316791213.816523
24594004501.207794
5313415289.120191
7100022580.1310625
24594004832.284355
19313339916.37235
13316791124.5549
39950191069.54199
24594004124.179184
5907145145.4500475
5850055762.718253
48761206989.129585
25163247810.249237
53246979916.700935
40434532149.43411
27299493096.2602
34754268094.16034
13294587298.668259
18830434984.678055
73746736721.37396
12955740997.29763
19189342601.630096
5582214060.116341
6309319704.222065
4239090744.213838
12243164934.888624
11634356876.213676
9570135388.311617
15642627345.805609
5202261386.196085
28857593860.172207
7368475801.868585
10661918894.403654
12961631614.348759
10679118613.02833
5795747574.77867
11246583911.655672
3894033121.1308246
26080386679.644115
19590335014.660393
14548081846.742981
21359881076.38698
64180416282.86731
36085996559.5546
20893315021.12832
19162421334.04117
24148719254.41224
25510710140.283894
15531517990.170004
25622443388.711327
8736507091.244059
8869202021.315994
19956405598.98248
5787700355.603148
20097600046.01951
6062283161.996507
26701108597.564167
26301624886.438686
34195468065.665047
17424117226.522526
12888560673.57214
34128531260.553524
41105580243.55983
33378581600.89652
133037689267.4679
101885741152.3896
126047782480.59708
20889975187.91879
73779053826.51222
24170606610.220615
50549708601.00884
29765998490.638542
46827143358.01775
18353670009.039017
38243817004.32695
60195568008.999886
8786272531.203176
22629158903.389767
17283144859.629684
64691152116.037674
48562355030.832794
30852932874.072266
48537082038.88603
18255916258.67279
44959322876.748856
19023872119.050377
5182382854.166593
27283764794.395348
20675674925.839405
27162929440.841732
49597979398.3198
5824617137.166985
32199513617.69054
6116099026.007648
16883656353.623669
32056907212.68857
26534489199.7219
37822827786.7052
20298755946.531746
22831486118.434174
54145394846.45864
18095098195.670296
64112711190.188934
13926362958.90572
16383650524.990614
20672067401.10998
15183460813.425362
18378884708.104336
50264435760.11385
140092786504.59872
28313957339.394722
53130406587.7342
64119077127.21813
22863358884.956913
54220981845.88875
13945804168.855768
20789281690.61851
48310617632.66292
20114349069.06493
25745422528.101196
89485599506.8281
17025335382.686066
6774665260.505505
21473477869.22864
16977443368.192965
26616693427.225437
58558079497.23861
35205048334.72321
22428658698.362343
18094708402.17628
25884729044.80719
5708697638.907625
5016765997.507129
20648902039.873367
26479169727.54807
6939274951.542716
188067928059.61914
22145918641.27541
19505619622.224346
28014277207.481224
4244410206.020075
16195994397.592936
6873920580.315289
13545559695.94815
17002916783.382883
22463142104.175552
15855658863.23235
4266848688.423639
35872550226.80716
18897808780.57543
10939410302.205341
20794758739.70819
6979624432.508624
25936364768.59073
189161477938.60934
30912651822.792854
28177170528.880116
18072358038.987583
19457222038.190174
6406862062.939429
176179176570.74683
29531430106.125008
19337748592.41357
40056337212.7587
4069625287.7599344
12359186456.380438
7144284628.9572935
18758302202.070927
26054823043.942726
18292411633.757065
27248055699.472782
51364499367.21852
29955851843.165867
18217551394.598335
11936443105.116522
14852749516.134932
16785062971.724936
47325589356.949776
8486649039.042428
25105477726.733932
73109939921.6705
13901659703.645336
16965017013.739697
4020496438.908392
10900856359.537153
17842559505.94967
10976686555.862211
17324347202.671604
6486895414.742761
27372314028.7971
178379974696.31763
28788190514.563713
40556713667.97315
12525234664.203138
7513508581.838493
5099127301.36284
5784078133.425745
8364276120.8627
5931433129.388229
5354807835.148569
5246490732.645174
7730646993.992484
5955545085.171891
8606001490.032007
8376498242.578181
9848909159.862516
16454134175.261484
5033110539.959665
8648831978.798021
31732477852.270164
10686181049.537302
18507680531.534245
6211016460.232138
20304918278.674686
41519207074.85238
39158874159.35458
35369562372.57613
12786736815.690145
18131080720.335846
3426454432.97979
4412425714.672229
60160837858.67185
18753462389.732082
3732524821.369637
4563712752.2204
24148882150.163464
26987916195.777237
80128537615.22762
43115742169.31915
13266223142.68933
17961481197.20532
6144242486.899067
22532736679.606056
19371226068.8472
8936833419.537073
5891970988.137247
8119968719.924262
23737127204.174232
26342119578.159702
25600185878.24407
98043033748.12683
11927948923.160583
23571020651.647354
8119968722.286779
26342119585.823982
80485399192.97197
19481113519.61738
98043033776.6526
6144242513.381598
17835791260.395496
4340563289.123075
60901935505.07644
3708677680.054371
18448036343.499252
22117007933.170513
34261585549.68367
18146399715.44822
4769839835.841462
5167674979.191202
45562058718.93405
5796786725.066496
41638107594.67556
75902395803.99246
26878801468.723892
27091605883.294926
14015488020.14845
21977570570.072987
4784372695.257104
8234892014.2603035
77998705611.40529
10463501296.903557
50337982915.88082
5826522167.176848
26764804973.108906
27230576129.506626
94988667523.01207
76291747940.53166
9011949391.48546
16563913212.39811
50221209765.22805
5057961454.246979
10983556697.644567
5874376118.56792
7902287436.609197
11149419387.267773
50979600253.582184
26549249127.590202
16814044865.716099
5893185744.435559
10513989987.72777
25661858482.654064
20292903571.029797
25793707368.27446
105925820129.14331
13378033973.695454
61770917889.134285
15315132244.61311
19367103131.82893
4520900135.479904
79942623179.50818
3705151734.803728
15796778410.551476
26111809825.17971
30727058921.062412
22173675899.50324
5054792053.838428
55183783629.25198
16920044590.246094
6180253563.228249
37568511891.64474
35194378453.59816
31925666574.52524
41313564230.544235
30821744675.37859
7206994734.428173
5304756100.123101
5272171383.145145
7927814948.057775
9699540446.262007
8185486427.624855
7769786206.32601
5199013983.639703
5640582259.402629
7063334429.916632
5566163440.888145
5340423714.15796
5975025537.577035
21021174550.260067
4794080632.758089
4990405316.684521
9585298390.372292
13551854917.783148
24571385626.022392
6984131940.777815
28257358120.689407
5833221791.352792
4060600740.508478
4457367052.61036
17149583425.570879
28939409894.289387
71696694251.56245
110547993945.6793
12913956740.90561
47478560887.56146
30855323974.682007
18284960009.887577
10952169621.313137
117866749197.88919
7883847783.5763
32296045838.320015
20686673979.164715
5305875192.969643
30818191524.71118
41853433347.76479
9626784273.726849
34691695462.887924
3091346193.6553197
12052614986.046711
5627964380.917528
24384940686.591007
6719912074.998593
3727240945.2631617
8731821979.486206
19283146569.99429
19647289645.8932
4422522806.5404
5968381059.825703
5942849843.823016
35438092817.36086
16047127819.647924
22379908474.76601
8127603715.305907
33083539585.40625
27973454989.895622
13750877997.77854
25663817222.42558
6199643406.5034895
4384000535.781253
5851958563.125793
5913455698.568006
47608009770.58253
25508751422.227264
44954642956.12809
8132599236.224871
81537990050.36696
81017099415.77472
6428950531.096666
7694963734.191219
12105427485.850235
13884004673.826582
40205591887.43916
10240141609.658424
25130059706.386086
13927890592.203667
35529119709.38346
11636405669.066525
27910077086.468758
36425348459.38244
