$MeshFormat
2.2 0 8
$EndMeshFormat
$PhysicalNames
1195
1 1 "cell_0"
1 2 "cell_1"
1 3 "cell_2"
1 4 "cell_3"
1 5 "cell_4"
1 6 "cell_5"
1 7 "cell_6"
1 8 "cell_7"
1 9 "cell_8"
1 10 "cell_9"
1 11 "cell_10"
1 12 "cell_11"
1 13 "cell_12"
1 14 "cell_13"
1 15 "cell_14"
1 16 "cell_15"
1 17 "cell_16"
1 18 "cell_17"
1 19 "cell_18"
1 20 "cell_19"
1 21 "cell_20"
1 22 "cell_21"
1 23 "cell_22"
1 24 "cell_23"
1 25 "cell_24"
1 26 "cell_25"
1 27 "cell_26"
1 28 "cell_27"
1 29 "cell_28"
1 30 "cell_29"
1 31 "cell_30"
1 32 "cell_31"
1 33 "cell_32"
1 34 "cell_33"
1 35 "cell_34"
1 36 "cell_35"
1 37 "cell_36"
1 38 "cell_37"
1 39 "cell_38"
1 40 "cell_39"
1 41 "cell_40"
1 42 "cell_41"
1 43 "cell_42"
1 44 "cell_43"
1 45 "cell_44"
1 46 "cell_45"
1 47 "cell_46"
1 48 "cell_47"
1 49 "cell_48"
1 50 "cell_49"
1 51 "cell_50"
1 52 "cell_51"
1 53 "cell_52"
1 54 "cell_53"
1 55 "cell_54"
1 56 "cell_55"
1 57 "cell_56"
1 58 "cell_57"
1 59 "cell_58"
1 60 "cell_59"
1 61 "cell_60"
1 62 "cell_61"
1 63 "cell_62"
1 64 "cell_63"
1 65 "cell_64"
1 66 "cell_65"
1 67 "cell_66"
1 68 "cell_67"
1 69 "cell_68"
1 70 "cell_69"
1 71 "cell_70"
1 72 "cell_71"
1 73 "cell_72"
1 74 "cell_73"
1 75 "cell_74"
1 76 "cell_75"
1 77 "cell_76"
1 78 "cell_77"
1 79 "cell_78"
1 80 "cell_79"
1 81 "cell_80"
1 82 "cell_81"
1 83 "cell_82"
1 84 "cell_83"
1 85 "cell_84"
1 86 "cell_85"
1 87 "cell_86"
1 88 "cell_87"
1 89 "cell_88"
1 90 "cell_89"
1 91 "cell_90"
1 92 "cell_91"
1 93 "cell_92"
1 94 "cell_93"
1 95 "cell_94"
1 96 "cell_95"
1 97 "cell_96"
1 98 "cell_97"
1 99 "cell_98"
1 100 "cell_99"
1 101 "cell_100"
1 102 "cell_101"
1 103 "cell_102"
1 104 "cell_103"
1 105 "cell_104"
1 106 "cell_105"
1 107 "cell_106"
1 108 "cell_107"
1 109 "cell_108"
1 110 "cell_109"
1 111 "cell_110"
1 112 "cell_111"
1 113 "cell_112"
1 114 "cell_113"
1 115 "cell_114"
1 116 "cell_115"
1 117 "cell_116"
1 118 "cell_117"
1 119 "cell_118"
1 120 "cell_119"
1 121 "cell_120"
1 122 "cell_121"
1 123 "cell_122"
1 124 "cell_123"
1 125 "cell_124"
1 126 "cell_125"
1 127 "cell_126"
1 128 "cell_127"
1 129 "cell_128"
1 130 "cell_129"
1 131 "cell_130"
1 132 "cell_131"
1 133 "cell_132"
1 134 "cell_133"
1 135 "cell_134"
1 136 "cell_135"
1 137 "cell_136"
1 138 "cell_137"
1 139 "cell_138"
1 140 "cell_139"
1 141 "cell_140"
1 142 "cell_141"
1 143 "cell_142"
1 144 "cell_143"
1 145 "cell_144"
1 146 "cell_145"
1 147 "cell_146"
1 148 "cell_147"
1 149 "cell_148"
1 150 "cell_149"
1 151 "cell_150"
1 152 "cell_151"
1 153 "cell_152"
1 154 "cell_153"
1 155 "cell_154"
1 156 "cell_155"
1 157 "cell_156"
1 158 "cell_157"
1 159 "cell_158"
1 160 "cell_159"
1 161 "cell_160"
1 162 "cell_161"
1 163 "cell_162"
1 164 "cell_163"
1 165 "cell_164"
1 166 "cell_165"
1 167 "cell_166"
1 168 "cell_167"
1 169 "cell_168"
1 170 "cell_169"
1 171 "cell_170"
1 172 "cell_171"
1 173 "cell_172"
1 174 "cell_173"
1 175 "cell_174"
1 176 "cell_175"
1 177 "cell_176"
1 178 "cell_177"
1 179 "cell_178"
1 180 "cell_179"
1 181 "cell_180"
1 182 "cell_181"
1 183 "cell_182"
1 184 "cell_183"
1 185 "cell_184"
1 186 "cell_185"
1 187 "cell_186"
1 188 "cell_187"
1 189 "cell_188"
1 190 "cell_189"
1 191 "cell_190"
1 192 "cell_191"
1 193 "cell_192"
1 194 "cell_193"
1 195 "cell_194"
1 196 "cell_195"
1 197 "cell_196"
1 198 "cell_197"
1 199 "cell_198"
1 200 "cell_199"
1 201 "cell_200"
1 202 "cell_201"
1 203 "cell_202"
1 204 "cell_203"
1 205 "cell_204"
1 206 "cell_205"
1 207 "cell_206"
1 208 "cell_207"
1 209 "cell_208"
1 210 "cell_209"
1 211 "cell_210"
1 212 "cell_211"
1 213 "cell_212"
1 214 "cell_213"
1 215 "cell_214"
1 216 "cell_215"
1 217 "cell_216"
1 218 "cell_217"
1 219 "cell_218"
1 220 "cell_219"
1 221 "cell_220"
1 222 "cell_221"
1 223 "cell_222"
1 224 "cell_223"
1 225 "cell_224"
1 226 "cell_225"
1 227 "cell_226"
1 228 "cell_227"
1 229 "cell_228"
1 230 "cell_229"
1 231 "cell_230"
1 232 "cell_231"
1 233 "cell_232"
1 234 "cell_233"
1 235 "cell_234"
1 236 "cell_235"
1 237 "cell_236"
1 238 "cell_237"
1 239 "cell_238"
1 240 "cell_239"
1 241 "cell_240"
1 242 "cell_241"
1 243 "cell_242"
1 244 "cell_243"
1 245 "cell_244"
1 246 "cell_245"
1 247 "cell_246"
1 248 "cell_247"
1 249 "cell_248"
1 250 "cell_249"
1 251 "cell_250"
1 252 "cell_251"
1 253 "cell_252"
1 254 "cell_253"
1 255 "cell_254"
1 256 "cell_255"
1 257 "cell_256"
1 258 "cell_257"
1 259 "cell_258"
1 260 "cell_259"
1 261 "cell_260"
1 262 "cell_261"
1 263 "cell_262"
1 264 "cell_263"
1 265 "cell_264"
1 266 "cell_265"
1 267 "cell_266"
1 268 "cell_267"
1 269 "cell_268"
1 270 "cell_269"
1 271 "cell_270"
1 272 "cell_271"
1 273 "cell_272"
1 274 "cell_273"
1 275 "cell_274"
1 276 "cell_275"
1 277 "cell_276"
1 278 "cell_277"
1 279 "cell_278"
1 280 "cell_279"
1 281 "cell_280"
1 282 "cell_281"
1 283 "cell_282"
1 284 "cell_283"
1 285 "cell_284"
1 286 "cell_285"
1 287 "cell_286"
1 288 "cell_287"
1 289 "cell_288"
1 290 "cell_289"
1 291 "cell_290"
1 292 "cell_291"
1 293 "cell_292"
1 294 "cell_293"
1 295 "cell_294"
1 296 "cell_295"
1 297 "cell_296"
1 298 "cell_297"
1 299 "cell_298"
1 300 "cell_299"
1 301 "cell_300"
1 302 "cell_301"
1 303 "cell_302"
1 304 "cell_303"
1 305 "cell_304"
1 306 "cell_305"
1 307 "cell_306"
1 308 "cell_307"
1 309 "cell_308"
1 310 "cell_309"
1 311 "cell_310"
1 312 "cell_311"
1 313 "cell_312"
1 314 "cell_313"
1 315 "cell_314"
1 316 "cell_315"
1 317 "cell_316"
1 318 "cell_317"
1 319 "cell_318"
1 320 "cell_319"
1 321 "cell_320"
1 322 "cell_321"
1 323 "cell_322"
1 324 "cell_323"
1 325 "cell_324"
1 326 "cell_325"
1 327 "cell_326"
1 328 "cell_327"
1 329 "cell_328"
1 330 "cell_329"
1 331 "cell_330"
1 332 "cell_331"
1 333 "cell_332"
1 334 "cell_333"
1 335 "cell_334"
1 336 "cell_335"
1 337 "cell_336"
1 338 "cell_337"
1 339 "cell_338"
1 340 "cell_339"
1 341 "cell_340"
1 342 "cell_341"
1 343 "cell_342"
1 344 "cell_343"
1 345 "cell_344"
1 346 "cell_345"
1 347 "cell_346"
1 348 "cell_347"
1 349 "cell_348"
1 350 "cell_349"
1 351 "cell_350"
1 352 "cell_351"
1 353 "cell_352"
1 354 "cell_353"
1 355 "cell_354"
1 356 "cell_355"
1 357 "cell_356"
1 358 "cell_357"
1 359 "cell_358"
1 360 "cell_359"
1 361 "cell_360"
1 362 "cell_361"
1 363 "cell_362"
1 364 "cell_363"
1 365 "cell_364"
1 366 "cell_365"
1 367 "cell_366"
1 368 "cell_367"
1 369 "cell_368"
1 370 "cell_369"
1 371 "cell_370"
1 372 "cell_371"
1 373 "cell_372"
1 374 "cell_373"
1 375 "cell_374"
1 376 "cell_375"
1 377 "cell_376"
1 378 "cell_377"
1 379 "cell_378"
1 380 "cell_379"
1 381 "cell_380"
1 382 "cell_381"
1 383 "cell_382"
1 384 "cell_383"
1 385 "cell_384"
1 386 "cell_385"
1 387 "cell_386"
1 388 "cell_387"
1 389 "cell_388"
1 390 "cell_389"
1 391 "cell_390"
1 392 "cell_391"
1 393 "cell_392"
1 394 "cell_393"
1 395 "cell_394"
1 396 "cell_395"
1 397 "cell_396"
1 398 "cell_397"
1 399 "cell_398"
1 400 "cell_399"
1 401 "cell_400"
1 402 "cell_401"
1 403 "cell_402"
1 404 "cell_403"
1 405 "cell_404"
1 406 "cell_405"
1 407 "cell_406"
1 408 "cell_407"
1 409 "cell_408"
1 410 "cell_409"
1 411 "cell_410"
1 412 "cell_411"
1 413 "cell_412"
1 414 "cell_413"
1 415 "cell_414"
1 416 "cell_415"
1 417 "cell_416"
1 418 "cell_417"
1 419 "cell_418"
1 420 "cell_419"
1 421 "cell_420"
1 422 "cell_421"
1 423 "cell_422"
1 424 "cell_423"
1 425 "cell_424"
1 426 "cell_425"
1 427 "cell_426"
1 428 "cell_427"
1 429 "cell_428"
1 430 "cell_429"
1 431 "cell_430"
1 432 "cell_431"
1 433 "cell_432"
1 434 "cell_433"
1 435 "cell_434"
1 436 "cell_435"
1 437 "cell_436"
1 438 "cell_437"
1 439 "cell_438"
1 440 "cell_439"
1 441 "cell_440"
1 442 "cell_441"
1 443 "cell_442"
1 444 "cell_443"
1 445 "cell_444"
1 446 "cell_445"
1 447 "cell_446"
1 448 "cell_447"
1 449 "cell_448"
1 450 "cell_449"
1 451 "cell_450"
1 452 "cell_451"
1 453 "cell_452"
1 454 "cell_453"
1 455 "cell_454"
1 456 "cell_455"
1 457 "cell_456"
1 458 "cell_457"
1 459 "cell_458"
1 460 "cell_459"
1 461 "cell_460"
1 462 "cell_461"
1 463 "cell_462"
1 464 "cell_463"
1 465 "cell_464"
1 466 "cell_465"
1 467 "cell_466"
1 468 "cell_467"
1 469 "cell_468"
1 470 "cell_469"
1 471 "cell_470"
1 472 "cell_471"
1 473 "cell_472"
1 474 "cell_473"
1 475 "cell_474"
1 476 "cell_475"
1 477 "cell_476"
1 478 "cell_477"
1 479 "cell_478"
1 480 "cell_479"
1 481 "cell_480"
1 482 "cell_481"
1 483 "cell_482"
1 484 "cell_483"
1 485 "cell_484"
1 486 "cell_485"
1 487 "cell_486"
1 488 "cell_487"
1 489 "cell_488"
1 490 "cell_489"
1 491 "cell_490"
1 492 "cell_491"
1 493 "cell_492"
1 494 "cell_493"
1 495 "cell_494"
1 496 "cell_495"
1 497 "cell_496"
1 498 "cell_497"
1 499 "cell_498"
1 500 "cell_499"
1 501 "cell_500"
1 502 "cell_501"
1 503 "cell_502"
1 504 "cell_503"
1 505 "cell_504"
1 506 "cell_505"
1 507 "cell_506"
1 508 "cell_507"
1 509 "cell_508"
1 510 "cell_509"
1 511 "cell_510"
1 512 "cell_511"
1 513 "cell_512"
1 514 "cell_513"
1 515 "cell_514"
1 516 "cell_515"
1 517 "cell_516"
1 518 "cell_517"
1 519 "cell_518"
1 520 "cell_519"
1 521 "cell_520"
1 522 "cell_521"
1 523 "cell_522"
1 524 "cell_523"
1 525 "cell_524"
1 526 "cell_525"
1 527 "cell_526"
1 528 "cell_527"
1 529 "cell_528"
1 530 "cell_529"
1 531 "cell_530"
1 532 "cell_531"
1 533 "cell_532"
1 534 "cell_533"
1 535 "cell_534"
1 536 "cell_535"
1 537 "cell_536"
1 538 "cell_537"
1 539 "cell_538"
1 540 "cell_539"
1 541 "cell_540"
1 542 "cell_541"
1 543 "cell_542"
1 544 "cell_543"
1 545 "cell_544"
1 546 "cell_545"
1 547 "cell_546"
1 548 "cell_547"
1 549 "cell_548"
1 550 "cell_549"
1 551 "cell_550"
1 552 "cell_551"
1 553 "cell_552"
1 554 "cell_553"
1 555 "cell_554"
1 556 "cell_555"
1 557 "cell_556"
1 558 "cell_557"
1 559 "cell_558"
1 560 "cell_559"
1 561 "cell_560"
1 562 "cell_561"
1 563 "cell_562"
1 564 "cell_563"
1 565 "cell_564"
1 566 "cell_565"
1 567 "cell_566"
1 568 "cell_567"
1 569 "cell_568"
1 570 "cell_569"
1 571 "cell_570"
1 572 "cell_571"
1 573 "cell_572"
1 574 "cell_573"
1 575 "cell_574"
1 576 "cell_575"
1 577 "cell_576"
1 578 "cell_577"
1 579 "cell_578"
1 580 "cell_579"
1 581 "cell_580"
1 582 "cell_581"
1 583 "cell_582"
1 584 "cell_583"
1 585 "cell_584"
1 586 "cell_585"
1 587 "cell_586"
1 588 "cell_587"
1 589 "cell_588"
1 590 "cell_589"
1 591 "cell_590"
1 592 "cell_591"
1 593 "cell_592"
1 594 "cell_593"
1 595 "cell_594"
1 596 "cell_595"
1 597 "cell_596"
1 598 "cell_597"
1 599 "cell_598"
1 600 "cell_599"
1 601 "cell_600"
1 602 "cell_601"
1 603 "cell_602"
1 604 "cell_603"
1 605 "cell_604"
1 606 "cell_605"
1 607 "cell_606"
1 608 "cell_607"
1 609 "cell_608"
1 610 "cell_609"
1 611 "cell_610"
1 612 "cell_611"
1 613 "cell_612"
1 614 "cell_613"
1 615 "cell_614"
1 616 "cell_615"
1 617 "cell_616"
1 618 "cell_617"
1 619 "cell_618"
1 620 "cell_619"
1 621 "cell_620"
1 622 "cell_621"
1 623 "cell_622"
1 624 "cell_623"
1 625 "cell_624"
1 626 "cell_625"
1 627 "cell_626"
1 628 "cell_627"
1 629 "cell_628"
1 630 "cell_629"
1 631 "cell_630"
1 632 "cell_631"
1 633 "cell_632"
1 634 "cell_633"
1 635 "cell_634"
1 636 "cell_635"
1 637 "cell_636"
1 638 "cell_637"
1 639 "cell_638"
1 640 "cell_639"
1 641 "cell_640"
1 642 "cell_641"
1 643 "cell_642"
1 644 "cell_643"
1 645 "cell_644"
1 646 "cell_645"
1 647 "cell_646"
1 648 "cell_647"
1 649 "cell_648"
1 650 "cell_649"
1 651 "cell_650"
1 652 "cell_651"
1 653 "cell_652"
1 654 "cell_653"
1 655 "cell_654"
1 656 "cell_655"
1 657 "cell_656"
1 658 "cell_657"
1 659 "cell_658"
1 660 "cell_659"
1 661 "cell_660"
1 662 "cell_661"
1 663 "cell_662"
1 664 "cell_663"
1 665 "cell_664"
1 666 "cell_665"
1 667 "cell_666"
1 668 "cell_667"
1 669 "cell_668"
1 670 "cell_669"
1 671 "cell_670"
1 672 "cell_671"
1 673 "cell_672"
1 674 "cell_673"
1 675 "cell_674"
1 676 "cell_675"
1 677 "cell_676"
1 678 "cell_677"
1 679 "cell_678"
1 680 "cell_679"
1 681 "cell_680"
1 682 "cell_681"
1 683 "cell_682"
1 684 "cell_683"
1 685 "cell_684"
1 686 "cell_685"
1 687 "cell_686"
1 688 "cell_687"
1 689 "cell_688"
1 690 "cell_689"
1 691 "cell_690"
1 692 "cell_691"
1 693 "cell_692"
1 694 "cell_693"
1 695 "cell_694"
1 696 "cell_695"
1 697 "cell_696"
1 698 "cell_697"
1 699 "cell_698"
1 700 "cell_699"
1 701 "cell_700"
1 702 "cell_701"
1 703 "cell_702"
1 704 "cell_703"
1 705 "cell_704"
1 706 "cell_705"
1 707 "cell_706"
1 708 "cell_707"
1 709 "cell_708"
1 710 "cell_709"
1 711 "cell_710"
1 712 "cell_711"
1 713 "cell_712"
1 714 "cell_713"
1 715 "cell_714"
1 716 "cell_715"
1 717 "cell_716"
1 718 "cell_717"
1 719 "cell_718"
1 720 "cell_719"
1 721 "cell_720"
1 722 "cell_721"
1 723 "cell_722"
1 724 "cell_723"
1 725 "cell_724"
1 726 "cell_725"
1 727 "cell_726"
1 728 "cell_727"
1 729 "cell_728"
1 730 "cell_729"
1 731 "cell_730"
1 732 "cell_731"
1 733 "cell_732"
1 734 "cell_733"
1 735 "cell_734"
1 736 "cell_735"
1 737 "cell_736"
1 738 "cell_737"
1 739 "cell_738"
1 740 "cell_739"
1 741 "cell_740"
1 742 "cell_741"
1 743 "cell_742"
1 744 "cell_743"
1 745 "cell_744"
1 746 "cell_745"
1 747 "cell_746"
1 748 "cell_747"
1 749 "cell_748"
1 750 "cell_749"
1 751 "cell_750"
1 752 "cell_751"
1 753 "cell_752"
1 754 "cell_753"
1 755 "cell_754"
1 756 "cell_755"
1 757 "cell_756"
1 758 "cell_757"
1 759 "cell_758"
1 760 "cell_759"
1 761 "cell_760"
1 762 "cell_761"
1 763 "cell_762"
1 764 "cell_763"
1 765 "cell_764"
1 766 "cell_765"
1 767 "cell_766"
1 768 "cell_767"
1 769 "cell_768"
1 770 "cell_769"
1 771 "cell_770"
1 772 "cell_771"
1 773 "cell_772"
1 774 "cell_773"
1 775 "cell_774"
1 776 "cell_775"
1 777 "cell_776"
1 778 "cell_777"
1 779 "cell_778"
1 780 "cell_779"
1 781 "cell_780"
1 782 "cell_781"
1 783 "cell_782"
1 784 "cell_783"
1 785 "cell_784"
1 786 "cell_785"
1 787 "cell_786"
1 788 "cell_787"
1 789 "cell_788"
1 790 "cell_789"
1 791 "cell_790"
1 792 "cell_791"
1 793 "cell_792"
1 794 "cell_793"
1 795 "cell_794"
1 796 "cell_795"
1 797 "cell_796"
1 798 "cell_797"
1 799 "cell_798"
1 800 "cell_799"
1 801 "cell_800"
1 802 "cell_801"
1 803 "cell_802"
1 804 "cell_803"
1 805 "cell_804"
1 806 "cell_805"
1 807 "cell_806"
1 808 "cell_807"
1 809 "cell_808"
1 810 "cell_809"
1 811 "cell_810"
1 812 "cell_811"
1 813 "cell_812"
1 814 "cell_813"
1 815 "cell_814"
1 816 "cell_815"
1 817 "cell_816"
1 818 "cell_817"
1 819 "cell_818"
1 820 "cell_819"
1 821 "cell_820"
1 822 "cell_821"
1 823 "cell_822"
1 824 "cell_823"
1 825 "cell_824"
1 826 "cell_825"
1 827 "cell_826"
1 828 "cell_827"
1 829 "cell_828"
1 830 "cell_829"
1 831 "cell_830"
1 832 "cell_831"
1 833 "cell_832"
1 834 "cell_833"
1 835 "cell_834"
1 836 "cell_835"
1 837 "cell_836"
1 838 "cell_837"
1 839 "cell_838"
1 840 "cell_839"
1 841 "cell_840"
1 842 "cell_841"
1 843 "cell_842"
1 844 "cell_843"
1 845 "cell_844"
1 846 "cell_845"
1 847 "cell_846"
1 848 "cell_847"
1 849 "cell_848"
1 850 "cell_849"
1 851 "cell_850"
1 852 "cell_851"
1 853 "cell_852"
1 854 "cell_853"
1 855 "cell_854"
1 856 "cell_855"
1 857 "cell_856"
1 858 "cell_857"
1 859 "cell_858"
1 860 "cell_859"
1 861 "cell_860"
1 862 "cell_861"
1 863 "cell_862"
1 864 "cell_863"
1 865 "cell_864"
1 866 "cell_865"
1 867 "cell_866"
1 868 "cell_867"
1 869 "cell_868"
1 870 "cell_869"
1 871 "cell_870"
1 872 "cell_871"
1 873 "cell_872"
1 874 "cell_873"
1 875 "cell_874"
1 876 "cell_875"
1 877 "cell_876"
1 878 "cell_877"
1 879 "cell_878"
1 880 "cell_879"
1 881 "cell_880"
1 882 "cell_881"
1 883 "cell_882"
1 884 "cell_883"
1 885 "cell_884"
1 886 "cell_885"
1 887 "cell_886"
1 888 "cell_887"
1 889 "cell_888"
1 890 "cell_889"
1 891 "cell_890"
1 892 "cell_891"
1 893 "cell_892"
1 894 "cell_893"
1 895 "cell_894"
1 896 "cell_895"
1 897 "cell_896"
1 898 "cell_897"
1 899 "cell_898"
1 900 "cell_899"
1 901 "cell_900"
1 902 "cell_901"
1 903 "cell_902"
1 904 "cell_903"
1 905 "cell_904"
1 906 "cell_905"
1 907 "cell_906"
1 908 "cell_907"
1 909 "cell_908"
1 910 "cell_909"
1 911 "cell_910"
1 912 "cell_911"
1 913 "cell_912"
1 914 "cell_913"
1 915 "cell_914"
1 916 "cell_915"
1 917 "cell_916"
1 918 "cell_917"
1 919 "cell_918"
1 920 "cell_919"
1 921 "cell_920"
1 922 "cell_921"
1 923 "cell_922"
1 924 "cell_923"
1 925 "cell_924"
1 926 "cell_925"
1 927 "cell_926"
1 928 "cell_927"
1 929 "cell_928"
1 930 "cell_929"
1 931 "cell_930"
1 932 "cell_931"
1 933 "cell_932"
1 934 "cell_933"
1 935 "cell_934"
1 936 "cell_935"
1 937 "cell_936"
1 938 "cell_937"
1 939 "cell_938"
1 940 "cell_939"
1 941 "cell_940"
1 942 "cell_941"
1 943 "cell_942"
1 944 "cell_943"
1 945 "cell_944"
1 946 "cell_945"
1 947 "cell_946"
1 948 "cell_947"
1 949 "cell_948"
1 950 "cell_949"
1 951 "cell_950"
1 952 "cell_951"
1 953 "cell_952"
1 954 "cell_953"
1 955 "cell_954"
1 956 "cell_955"
1 957 "cell_956"
1 958 "cell_957"
1 959 "cell_958"
1 960 "cell_959"
1 961 "cell_960"
1 962 "cell_961"
1 963 "cell_962"
1 964 "cell_963"
1 965 "cell_964"
1 966 "cell_965"
1 967 "cell_966"
1 968 "cell_967"
1 969 "cell_968"
1 970 "cell_969"
1 971 "cell_970"
1 972 "cell_971"
1 973 "cell_972"
1 974 "cell_973"
1 975 "cell_974"
1 976 "cell_975"
1 977 "cell_976"
1 978 "cell_977"
1 979 "cell_978"
1 980 "cell_979"
1 981 "cell_980"
1 982 "cell_981"
1 983 "cell_982"
1 984 "cell_983"
1 985 "cell_984"
1 986 "cell_985"
1 987 "cell_986"
1 988 "cell_987"
1 989 "cell_988"
1 990 "cell_989"
1 991 "cell_990"
1 992 "cell_991"
1 993 "cell_992"
1 994 "cell_993"
1 995 "cell_994"
1 996 "cell_995"
1 997 "cell_996"
1 998 "cell_997"
1 999 "cell_998"
1 1000 "cell_999"
1 1001 "cell_1000"
1 1002 "cell_1001"
1 1003 "cell_1002"
1 1004 "cell_1003"
1 1005 "cell_1004"
1 1006 "cell_1005"
1 1007 "cell_1006"
1 1008 "cell_1007"
1 1009 "cell_1008"
1 1010 "cell_1009"
1 1011 "cell_1010"
1 1012 "cell_1011"
1 1013 "cell_1012"
1 1014 "cell_1013"
1 1015 "cell_1014"
1 1016 "cell_1015"
1 1017 "cell_1016"
1 1018 "cell_1017"
1 1019 "cell_1018"
1 1020 "cell_1019"
1 1021 "cell_1020"
1 1022 "cell_1021"
1 1023 "cell_1022"
1 1024 "cell_1023"
1 1025 "cell_1024"
1 1026 "cell_1025"
1 1027 "cell_1026"
1 1028 "cell_1027"
1 1029 "cell_1028"
1 1030 "cell_1029"
1 1031 "cell_1030"
1 1032 "cell_1031"
1 1033 "cell_1032"
1 1034 "cell_1033"
1 1035 "cell_1034"
1 1036 "cell_1035"
1 1037 "cell_1036"
1 1038 "cell_1037"
1 1039 "cell_1038"
1 1040 "cell_1039"
1 1041 "cell_1040"
1 1042 "cell_1041"
1 1043 "cell_1042"
1 1044 "cell_1043"
1 1045 "cell_1044"
1 1046 "cell_1045"
1 1047 "cell_1046"
1 1048 "cell_1047"
1 1049 "cell_1048"
1 1050 "cell_1049"
1 1051 "cell_1050"
1 1052 "cell_1051"
1 1053 "cell_1052"
1 1054 "cell_1053"
1 1055 "cell_1054"
1 1056 "cell_1055"
1 1057 "cell_1056"
1 1058 "cell_1057"
1 1059 "cell_1058"
1 1060 "cell_1059"
1 1061 "cell_1060"
1 1062 "cell_1061"
1 1063 "cell_1062"
1 1064 "cell_1063"
1 1065 "cell_1064"
1 1066 "cell_1065"
1 1067 "cell_1066"
1 1068 "cell_1067"
1 1069 "cell_1068"
1 1070 "cell_1069"
1 1071 "cell_1070"
1 1072 "cell_1071"
1 1073 "cell_1072"
1 1074 "cell_1073"
1 1075 "cell_1074"
1 1076 "cell_1075"
1 1077 "cell_1076"
1 1078 "cell_1077"
1 1079 "cell_1078"
1 1080 "cell_1079"
1 1081 "cell_1080"
1 1082 "cell_1081"
1 1083 "cell_1082"
1 1084 "cell_1083"
1 1085 "cell_1084"
1 1086 "cell_1085"
1 1087 "cell_1086"
1 1088 "cell_1087"
1 1089 "cell_1088"
1 1090 "cell_1089"
1 1091 "cell_1090"
1 1092 "cell_1091"
1 1093 "cell_1092"
1 1094 "cell_1093"
1 1095 "cell_1094"
1 1096 "cell_1095"
1 1097 "cell_1096"
1 1098 "cell_1097"
1 1099 "cell_1098"
1 1100 "cell_1099"
1 1101 "cell_1100"
1 1102 "cell_1101"
1 1103 "cell_1102"
1 1104 "cell_1103"
1 1105 "cell_1104"
1 1106 "cell_1105"
1 1107 "cell_1106"
1 1108 "cell_1107"
1 1109 "cell_1108"
1 1110 "cell_1109"
1 1111 "cell_1110"
1 1112 "cell_1111"
1 1113 "cell_1112"
1 1114 "cell_1113"
1 1115 "cell_1114"
1 1116 "cell_1115"
1 1117 "cell_1116"
1 1118 "cell_1117"
1 1119 "cell_1118"
1 1120 "cell_1119"
1 1121 "cell_1120"
1 1122 "cell_1121"
1 1123 "cell_1122"
1 1124 "cell_1123"
1 1125 "cell_1124"
1 1126 "cell_1125"
1 1127 "cell_1126"
1 1128 "cell_1127"
1 1129 "cell_1128"
1 1130 "cell_1129"
1 1131 "cell_1130"
1 1132 "cell_1131"
1 1133 "cell_1132"
1 1134 "cell_1133"
1 1135 "cell_1134"
1 1136 "cell_1135"
1 1137 "cell_1136"
1 1138 "cell_1137"
1 1139 "cell_1138"
1 1140 "cell_1139"
1 1141 "cell_1140"
1 1142 "cell_1141"
1 1143 "cell_1142"
1 1144 "cell_1143"
1 1145 "cell_1144"
1 1146 "cell_1145"
1 1147 "cell_1146"
1 1148 "cell_1147"
1 1149 "cell_1148"
1 1150 "cell_1149"
1 1151 "cell_1150"
1 1152 "cell_1151"
1 1153 "cell_1152"
1 1154 "cell_1153"
1 1155 "cell_1154"
1 1156 "cell_1155"
1 1157 "cell_1156"
1 1158 "cell_1157"
1 1159 "cell_1158"
1 1160 "cell_1159"
1 1161 "cell_1160"
1 1162 "cell_1161"
1 1163 "cell_1162"
1 1164 "cell_1163"
1 1165 "cell_1164"
1 1166 "cell_1165"
1 1167 "cell_1166"
1 1168 "cell_1167"
1 1169 "cell_1168"
1 1170 "cell_1169"
1 1171 "cell_1170"
1 1172 "cell_1171"
1 1173 "cell_1172"
1 1174 "cell_1173"
1 1175 "cell_1174"
1 1176 "cell_1175"
1 1177 "cell_1176"
1 1178 "cell_1177"
1 1179 "cell_1178"
1 1180 "cell_1179"
1 1181 "cell_1180"
1 1182 "cell_1181"
1 1183 "cell_1182"
1 1184 "cell_1183"
1 1185 "cell_1184"
1 1186 "cell_1185"
1 1187 "cell_1186"
1 1188 "cell_1187"
1 1189 "cell_1188"
1 1190 "cell_1189"
1 1191 "cell_1190"
1 1192 "cell_1191"
1 1193 "cell_1192"
1 1194 "cell_1193"
1 1195 "cell_1194"
$EndPhysicalNames
$Nodes
401
1 0 0 0
2 20 0 0
3 20 3 0
4 0 3 0
5 0 0 3
6 20 0 3
7 20 3 3
8 0 3 3
9 1 0 0
10 2 0 0
11 3 0 0
12 4 0 0
13 5 0 0
14 6 0 0
15 7 0 0
16 8 0 0
17 9 0 0
18 10 0 0
19 11 0 0
20 12 0 0
21 13 0 0
22 14 0 0
23 15 0 0
24 16 0 0
25 17 0 0
26 18 0 0
27 19 0 0
28 20 1 0
29 20 2 0
30 19 3 0
31 18 3 0
32 17 3 0
33 16 3 0
34 15 3 0
35 14 3 0
36 13 3 0
37 12 3 0
38 11 3 0
39 10 3 0
40 9 3 0
41 8 3 0
42 7 3 0
43 6 3 0
44 5 3 0
45 4 3 0
46 3 3 0
47 2 3 0
48 1 3 0
49 0 2 0
50 0 1 0
51 1 0 3
52 2 0 3
53 3 0 3
54 4 0 3
55 5 0 3
56 6 0 3
57 7 0 3
58 8 0 3
59 9 0 3
60 10 0 3
61 11 0 3
62 12 0 3
63 13 0 3
64 14 0 3
65 15 0 3
66 16 0 3
67 17 0 3
68 18 0 3
69 19 0 3
70 20 1 3
71 20 2 3
72 19 3 3
73 18 3 3
74 17 3 3
75 16 3 3
76 15 3 3
77 14 3 3
78 13 3 3
79 12 3 3
80 11 3 3
81 10 3 3
82 9 3 3
83 8 3 3
84 7 3 3
85 6 3 3
86 5 3 3
87 4 3 3
88 3 3 3
89 2 3 3
90 1 3 3
91 0 2 3
92 0 1 3
93 0 0 1
94 0 0 2
95 20 0 1
96 20 0 2
97 20 3 1
98 20 3 2
99 0 3 1
100 0 3 2
101 3.5 0.8660254038 0
102 5.5 0.8660254038 0
103 7.528312163 0.8496793686 0
104 1.504600088 2.234502555 0
105 17.5 2.133974596 0
106 15.5 2.133974596 0
107 13.5 2.133974596 0
108 11.5 2.133974596 0
109 9.507369888 2.158252694 0
110 19.06179991 1.5 0
111 4.5 2.133974596 0
112 16.5 0.8660254038 0
113 14.5 0.8660254038 0
114 6.520222974 2.233106073 0
115 12.5 0.8660254038 0
116 10.5 0.8660254038 0
117 1.504600088 0.7654974447 0
118 5.501228315 2.168184575 0
119 8.504718694 0.8241963653 0
120 8.06212947 1.567654424 0
121 9.500204719 0.8439639345 0
122 13.5 0.8660254038 0
123 15.5 0.8660254038 0
124 11.5 0.8660254038 0
125 3.5 2.133974596 0
126 2.500199573 2.158470881 0
127 17.5 0.8660254038 0
128 2.500199573 0.8415291186 0
129 16.5 2.133974596 0
130 12.5 2.133974596 0
131 10.5 2.133974596 0
132 14.5 2.133974596 0
133 6.533030857 0.8082798948 0
134 4.5 0.8660254038 0
135 18.47075438 2.233653965 0
136 18.47075438 0.7663460352 0
137 0.8632236145 1.5 0
138 8.511583226 2.265322087 0
139 7.023949244 1.554553759 0
140 1.978803823 1.5 0
141 2.996533828 1.5 0
142 4 1.5 0
143 5 1.5 0
144 6.013071898 1.521691618 0
145 17 1.5 0
146 16 1.5 0
147 15 1.5 0
148 14 1.5 0
149 13 1.5 0
150 12 1.5 0
151 11 1.5 0
152 10 1.5 0
153 7.519647486 2.270106057 0
154 9 1.497422612 0
155 18.00055144 1.5 0
156 19.26794919 2.267949192 0
157 19.26794919 0.7320508076 0
158 0.7269592646 0.7269592646 0
159 0.7269592646 2.273040735 0
160 6.5 0 0.8660254026
161 4.5 0 0.8660254026
162 2.509184159 0 0.8543615286
163 8.5 0 0.8660254026
164 18.5 0 0.8660254026
165 16.5 0 0.8660254026
166 11.5 0 0.8660254026
167 13.5 0 0.8660254026
168 0.9658646215 0 1.5
169 5.5 0 2.133974604
170 3.5 0 2.133974604
171 7.5 0 2.133974604
172 9.5 0 2.133974604
173 17.5 0 2.133974591
174 15.50322078 0 2.14486018
175 12.5 0 2.133974591
176 9.5 0 0.8660254042
177 8.499999993 0 2.1339746
178 7.500000003 0 0.8660254064
179 10.5 0 2.133974597
180 11.5 0 2.133974601
181 10.5 0 0.8660254036
182 2.50918416 0 2.14563847
183 3.499999999 0 0.8660254028
184 14.49702207 0 2.14888423
185 15 0 1.267949201
186 12.5 0 0.8660254035
187 18.5 0 2.133974596
188 17.5 0 0.8660254036
189 5.500000003 0 0.8660254064
190 6.499999995 0 2.133974592
191 4.5 0 2.133974592
192 13.49926868 0 2.141006627
193 16.50054021 0 2.140620234
194 1.549038101 0 2.162286765
195 1.549038105 0 0.8377132393
196 19.08077629 0 1.5
197 15.77904832 0 0.778302321
198 14.22095168 0 0.7783023224
199 8.999999996 0 1.500000005
200 11 0 1.500000001
201 6.999999997 0 1.500000001
202 10 0 1.500000003
203 4 0 1.499999998
204 3.002068864 0 1.500000002
205 4.999999999 0 1.499999998
206 12 0 1.500000002
207 18.0292789 0 1.499999998
208 17 0 1.499999997
209 13.00000001 0 1.500000002
210 7.999999995 0 1.500000005
211 5.999999999 0 1.5
212 14 0 1.502577393
213 16 0 1.502577391
214 2.005222812 0 1.500000003
215 0.7320508042 0 2.267949193
216 0.732050808 0 0.7320508076
217 19.27304074 0 2.273040735
218 19.27304073 0 0.7269592646
219 20 2.09565716 1.500000001
220 20 0.8914001386 1.500000001
221 20 1.497842884 2.257680248
222 20 1.497842885 0.7423197563
223 20 0.7269592676 0.7269592676
224 20 2.273040732 2.273040738
225 20 0.7269592636 2.27304074
226 20 2.273040743 0.7269592649
227 19.03413537 3 1.5
228 1.542920327 3 0.7719363755
229 3.487879416 3 2.143045446
230 17.49081584 3 2.145638476
231 15.5 3 2.133974604
232 13.5 3 2.133974604
233 10.5 3 0.8660254026
234 8.5 3 2.133974604
235 6.5 3 0.8660254026
236 4.5 3 0.8660254058
237 16.5 3 0.8660254058
238 12.5 3 0.8660254026
239 14.5 3 0.8660254026
240 11.5 3 2.133974604
241 5.5 3 2.133974604
242 8.5 3 0.8660254026
243 1.5 3 2.133974591
244 5.5 3 0.866025404
245 2.500000002 3 2.133974597
246 3.014430517 3 1.391855198
247 10.50000001 3 2.1339746
248 9.500000011 3 2.133974586
249 7.500000002 3 2.133974597
250 6.500000003 3 2.133974601
251 16.5 3 2.133974597
252 13.5 3 0.8660254035
253 15.5 3 0.866025399
254 11.5 3 0.8660253974
255 7.500000003 3 0.8660254035
256 14.5 3 2.133974596
257 12.5 3 2.133974596
258 17.49081584 3 0.854361526
259 4.482526003 3 2.147194294
260 9.5 3 0.8660254042
261 18.45096189 3 0.8377132372
262 18.45096189 3 2.162286761
263 0.9200122629 3 1.498643838
264 2.455165352 3 0.7192473827
265 3.955201854 3 1.431832378
266 12 3 1.500000001
267 6.000000002 3 1.500000003
268 16.00000001 3 1.500000002
269 11 3 1.499999999
270 15 3 1.500000002
271 5.000000007 3 1.500000003
272 16.99793115 3 1.500000001
273 7.000000001 3 1.500000002
274 14 3 1.500000003
275 8.000000002 3 1.500000001
276 9.000000005 3 1.500000003
277 13 3 1.500000004
278 10.00000001 3 1.500000002
279 3.5 3 0.6313972129
280 1.963243102 3 1.485639123
281 17.99477718 3 1.499999998
282 19.26794919 3 2.267949188
283 19.2679492 3 0.7320508072
284 0.7269592622 3 2.273040732
285 0.7269592647 3 0.726959264
286 0 1.499999999 0.9043428458
287 0 1.5 2.108599861
288 0 0.7423197521 1.502157118
289 0 2.257680243 1.502157119
290 0 2.273040731 2.273040739
291 0 0.7269592622 2.273040732
292 0 0.7269592602 0.7269592635
293 0 2.273040735 0.7269592636
294 3.5 0.8660254038 3
295 5.5 0.8660254038 3
296 7.528312163 0.8496793686 3
297 1.504600088 2.234502555 3
298 17.5 2.133974596 3
299 15.5 2.133974596 3
300 13.5 2.133974596 3
301 11.5 2.133974596 3
302 9.507369888 2.158252694 3
303 19.06179991 1.5 3
304 4.5 2.133974596 3
305 16.5 0.8660254038 3
306 14.5 0.8660254038 3
307 6.520222974 2.233106073 3
308 12.5 0.8660254038 3
309 10.5 0.8660254038 3
310 1.504600088 0.7654974447 3
311 5.501228315 2.168184575 3
312 8.504718694 0.8241963653 3
313 8.06212947 1.567654424 3
314 9.500204719 0.8439639345 3
315 13.5 0.8660254038 3
316 15.5 0.8660254038 3
317 11.5 0.8660254038 3
318 3.5 2.133974596 3
319 2.500199573 2.158470881 3
320 17.5 0.8660254038 3
321 2.500199573 0.8415291186 3
322 16.5 2.133974596 3
323 12.5 2.133974596 3
324 10.5 2.133974596 3
325 14.5 2.133974596 3
326 6.533030857 0.8082798948 3
327 4.5 0.8660254038 3
328 18.47075438 2.233653965 3
329 18.47075438 0.7663460352 3
330 0.8632236145 1.5 3
331 8.511583226 2.265322087 3
332 7.023949244 1.554553759 3
333 1.978803823 1.5 3
334 2.996533828 1.5 3
335 4 1.5 3
336 5 1.5 3
337 6.013071898 1.521691618 3
338 17 1.5 3
339 16 1.5 3
340 15 1.5 3
341 14 1.5 3
342 13 1.5 3
343 12 1.5 3
344 11 1.5 3
345 10 1.5 3
346 7.519647486 2.270106057 3
347 9 1.497422612 3
348 18.00055144 1.5 3
349 19.26794919 2.267949192 3
350 19.26794919 0.7320508076 3
351 0.7269592646 0.7269592646 3
352 0.7269592646 2.273040735 3
353 16.5 1.499311809 1.5
354 11.5 1.499999999 1.499999999
355 14.5 1.500000001 1.5
356 9.499999998 1.499999999 1.500000001
357 4.5 1.5 1.5
358 6.50629757 1.500000001 1.5
359 2.503645838 1.498171019 1.5
360 13 1.5 1.5
361 18.51445628 1.501989396 1.5
362 8.003148784 1.496851214 1.494027219
363 1.299512859 1.81403441 1.193617227
364 10.5 1.887053292 1.112946708
365 15.50013328 1.886990838 1.113009164
366 5.503148784 1.882426004 1.106965161
367 17.50671554 1.886299806 1.882717338
368 3.501397891 1.963008301 1.144117143
369 3.509064223 1.108699128 1.89130087
370 10.53710814 1.095557493 1.904442507
371 15.46318132 1.093507234 1.903382991
372 17.46042872 1.09427251 1.09427251
373 5.542445461 1.095891505 1.904108493
374 1.109450977 1.022172503 1.974701633
375 7.257886709 1.991192605 2.03005167
376 8.748430588 1.995223258 2.022982465
377 7.253653703 1.99323037 0.9681348499
378 8.752606655 1.997289914 0.9753201773
379 13.75 0.9948828754 2.003820313
380 12.25 2.004205578 2.004205578
381 13.75 2.004205578 0.9957944224
382 12.25 0.9957944215 0.9957944223
383 13.78603565 2.021092212 2.021092211
384 12.21396435 2.021092212 0.9789077885
385 12.21396435 0.9789077888 2.021092212
386 13.78658264 0.978651461 0.9786514611
387 8.79920845 0.9741053507 0.9694923517
388 8.801727967 0.9729033532 2.031637858
389 7.195753863 0.9720631083 0.9594981797
390 7.19324708 0.9709137064 2.04171148
391 15.85066439 2.051199962 2.051199961
392 10.14981025 2.051155413 2.05115541
393 10.85018975 0.9488445905 0.9488445904
394 17.15200563 0.949696009 2.050303991
395 17 2.117628034 0.8773492479
396 4 0.8786421371 0.8786421371
397 5.857919857 0.9450172181 0.9521165284
398 3.985339344 2.119514506 2.112363186
399 5.851867099 2.05219925 2.04486194
400 2.99965618 0.8718827693 0.8663181178
401 1.995016197 0.9001985436 0.8668628677
$EndNodes
$Elements
7170
1 1 2 1 1 135 261
2 1 2 1 1 261 361
3 1 2 1 1 261 395
4 1 2 1 1 135 361
5 1 2 1 1 135 395
6 1 2 1 1 361 395
7 1 2 2 2 229 245
8 1 2 2 2 245 319
9 1 2 2 2 245 398
10 1 2 2 2 229 319
11 1 2 2 2 229 398
12 1 2 2 2 319 398
13 1 2 3 3 105 361
14 1 2 3 3 105 135
15 1 2 3 3 105 395
16 1 2 3 3 135 361
17 1 2 3 3 361 395
18 1 2 3 3 135 395
19 1 2 4 4 229 319
20 1 2 4 4 318 319
21 1 2 4 4 319 398
22 1 2 4 4 229 318
23 1 2 4 4 229 398
24 1 2 4 4 318 398
25 1 2 5 5 245 319
26 1 2 5 5 245 359
27 1 2 5 5 245 398
28 1 2 5 5 319 359
29 1 2 5 5 319 398
30 1 2 5 5 359 398
31 1 2 6 6 243 297
32 1 2 6 6 297 359
33 1 2 6 6 297 363
34 1 2 6 6 243 359
35 1 2 6 6 243 363
36 1 2 6 6 359 363
37 1 2 7 7 113 123
38 1 2 7 7 113 147
39 1 2 7 7 113 355
40 1 2 7 7 123 147
41 1 2 7 7 123 355
42 1 2 7 7 147 355
43 1 2 8 8 123 146
44 1 2 8 8 112 146
45 1 2 8 8 146 353
46 1 2 8 8 112 123
47 1 2 8 8 123 353
48 1 2 8 8 112 353
49 1 2 9 9 123 147
50 1 2 9 9 123 355
51 1 2 9 9 123 365
52 1 2 9 9 147 355
53 1 2 9 9 147 365
54 1 2 9 9 355 365
55 1 2 10 10 123 353
56 1 2 10 10 123 146
57 1 2 10 10 123 365
58 1 2 10 10 146 353
59 1 2 10 10 353 365
60 1 2 10 10 146 365
61 1 2 11 11 258 261
62 1 2 11 11 258 281
63 1 2 11 11 258 395
64 1 2 11 11 261 281
65 1 2 11 11 261 395
66 1 2 11 11 281 395
67 1 2 12 12 325 355
68 1 2 12 12 256 325
69 1 2 12 12 325 391
70 1 2 12 12 256 355
71 1 2 12 12 355 391
72 1 2 12 12 256 391
73 1 2 13 13 121 176
74 1 2 13 13 176 356
75 1 2 13 13 176 393
76 1 2 13 13 121 356
77 1 2 13 13 121 393
78 1 2 13 13 356 393
79 1 2 14 14 240 354
80 1 2 14 14 240 301
81 1 2 14 14 240 392
82 1 2 14 14 301 354
83 1 2 14 14 354 392
84 1 2 14 14 301 392
85 1 2 15 15 123 197
86 1 2 15 15 112 123
87 1 2 15 15 123 353
88 1 2 15 15 112 197
89 1 2 15 15 197 353
90 1 2 15 15 112 353
91 1 2 16 16 105 155
92 1 2 16 16 105 135
93 1 2 16 16 105 361
94 1 2 16 16 135 155
95 1 2 16 16 155 361
96 1 2 16 16 135 361
97 1 2 17 17 261 361
98 1 2 17 17 261 281
99 1 2 17 17 261 395
100 1 2 17 17 281 361
101 1 2 17 17 361 395
102 1 2 17 17 281 395
103 1 2 18 18 321 359
104 1 2 18 18 182 321
105 1 2 18 18 321 374
106 1 2 18 18 182 359
107 1 2 18 18 359 374
108 1 2 18 18 182 374
109 1 2 19 19 187 329
110 1 2 19 19 187 361
111 1 2 19 19 187 394
112 1 2 19 19 329 361
113 1 2 19 19 329 394
114 1 2 19 19 361 394
115 1 2 20 20 243 245
116 1 2 20 20 245 280
117 1 2 20 20 245 359
118 1 2 20 20 243 280
119 1 2 20 20 243 359
120 1 2 20 20 280 359
121 1 2 21 21 105 155
122 1 2 21 21 105 361
123 1 2 21 21 105 395
124 1 2 21 21 155 361
125 1 2 21 21 155 395
126 1 2 21 21 361 395
127 1 2 22 22 319 333
128 1 2 22 22 297 319
129 1 2 22 22 319 359
130 1 2 22 22 297 333
131 1 2 22 22 333 359
132 1 2 22 22 297 359
133 1 2 23 23 297 333
134 1 2 23 23 333 359
135 1 2 23 23 333 363
136 1 2 23 23 297 359
137 1 2 23 23 297 363
138 1 2 23 23 359 363
139 1 2 24 24 182 321
140 1 2 24 24 194 321
141 1 2 24 24 321 374
142 1 2 24 24 182 194
143 1 2 24 24 182 374
144 1 2 24 24 194 374
145 1 2 25 25 135 261
146 1 2 25 25 261 283
147 1 2 25 25 261 361
148 1 2 25 25 135 283
149 1 2 25 25 135 361
150 1 2 25 25 283 361
151 1 2 26 26 282 328
152 1 2 26 26 262 282
153 1 2 26 26 282 361
154 1 2 26 26 262 328
155 1 2 26 26 328 361
156 1 2 26 26 262 361
157 1 2 27 27 136 164
158 1 2 27 27 136 157
159 1 2 27 27 136 361
160 1 2 27 27 157 164
161 1 2 27 27 164 361
162 1 2 27 27 157 361
163 1 2 28 28 217 225
164 1 2 28 28 225 350
165 1 2 28 28 225 361
166 1 2 28 28 217 350
167 1 2 28 28 217 361
168 1 2 28 28 350 361
169 1 2 29 29 157 223
170 1 2 29 29 218 223
171 1 2 29 29 223 361
172 1 2 29 29 157 218
173 1 2 29 29 157 361
174 1 2 29 29 218 361
175 1 2 30 30 113 185
176 1 2 30 30 113 123
177 1 2 30 30 113 355
178 1 2 30 30 123 185
179 1 2 30 30 185 355
180 1 2 30 30 123 355
181 1 2 31 31 297 352
182 1 2 31 31 297 363
183 1 2 31 31 297 374
184 1 2 31 31 352 363
185 1 2 31 31 352 374
186 1 2 31 31 363 374
187 1 2 32 32 121 152
188 1 2 32 32 121 356
189 1 2 32 32 121 393
190 1 2 32 32 152 356
191 1 2 32 32 152 393
192 1 2 32 32 356 393
193 1 2 33 33 158 292
194 1 2 33 33 158 216
195 1 2 33 33 158 363
196 1 2 33 33 216 292
197 1 2 33 33 292 363
198 1 2 33 33 216 363
199 1 2 34 34 135 283
200 1 2 34 34 156 283
201 1 2 34 34 283 361
202 1 2 34 34 135 156
203 1 2 34 34 135 361
204 1 2 34 34 156 361
205 1 2 35 35 282 349
206 1 2 35 35 282 328
207 1 2 35 35 282 361
208 1 2 35 35 328 349
209 1 2 35 35 349 361
210 1 2 35 35 328 361
211 1 2 36 36 226 283
212 1 2 36 36 156 226
213 1 2 36 36 226 361
214 1 2 36 36 156 283
215 1 2 36 36 283 361
216 1 2 36 36 156 361
217 1 2 37 37 224 282
218 1 2 37 37 282 349
219 1 2 37 37 282 361
220 1 2 37 37 224 349
221 1 2 37 37 224 361
222 1 2 37 37 349 361
223 1 2 38 38 134 396
224 1 2 38 38 134 161
225 1 2 38 38 134 397
226 1 2 38 38 161 396
227 1 2 38 38 396 397
228 1 2 38 38 161 397
229 1 2 39 39 284 352
230 1 2 39 39 284 290
231 1 2 39 39 284 363
232 1 2 39 39 290 352
233 1 2 39 39 352 363
234 1 2 39 39 290 363
235 1 2 40 40 340 355
236 1 2 40 40 325 340
237 1 2 40 40 340 391
238 1 2 40 40 325 355
239 1 2 40 40 355 391
240 1 2 40 40 325 391
241 1 2 41 41 256 355
242 1 2 41 41 256 270
243 1 2 41 41 256 391
244 1 2 41 41 270 355
245 1 2 41 41 355 391
246 1 2 41 41 270 391
247 1 2 42 42 269 354
248 1 2 42 42 240 269
249 1 2 42 42 269 392
250 1 2 42 42 240 354
251 1 2 42 42 354 392
252 1 2 42 42 240 392
253 1 2 43 43 301 354
254 1 2 43 43 301 344
255 1 2 43 43 301 392
256 1 2 43 43 344 354
257 1 2 43 43 354 392
258 1 2 43 43 344 392
259 1 2 44 44 176 202
260 1 2 44 44 202 356
261 1 2 44 44 202 393
262 1 2 44 44 176 356
263 1 2 44 44 176 393
264 1 2 44 44 356 393
265 1 2 45 45 158 363
266 1 2 45 45 158 216
267 1 2 45 45 158 401
268 1 2 45 45 216 363
269 1 2 45 45 363 401
270 1 2 45 45 216 401
271 1 2 46 46 259 304
272 1 2 46 46 259 398
273 1 2 46 46 259 399
274 1 2 46 46 304 398
275 1 2 46 46 304 399
276 1 2 46 46 398 399
277 1 2 47 47 361 367
278 1 2 47 47 281 361
279 1 2 47 47 361 395
280 1 2 47 47 281 367
281 1 2 47 47 367 395
282 1 2 47 47 281 395
283 1 2 48 48 157 218
284 1 2 48 48 164 218
285 1 2 48 48 218 361
286 1 2 48 48 157 164
287 1 2 48 48 157 361
288 1 2 48 48 164 361
289 1 2 49 49 221 225
290 1 2 49 49 221 303
291 1 2 49 49 221 361
292 1 2 49 49 225 303
293 1 2 49 49 225 361
294 1 2 49 49 303 361
295 1 2 50 50 216 292
296 1 2 50 50 292 363
297 1 2 50 50 292 374
298 1 2 50 50 216 363
299 1 2 50 50 216 374
300 1 2 50 50 363 374
301 1 2 51 51 290 352
302 1 2 51 51 352 363
303 1 2 51 51 352 374
304 1 2 51 51 290 363
305 1 2 51 51 290 374
306 1 2 51 51 363 374
307 1 2 52 52 221 303
308 1 2 52 52 221 224
309 1 2 52 52 221 361
310 1 2 52 52 224 303
311 1 2 52 52 303 361
312 1 2 52 52 224 361
313 1 2 53 53 165 197
314 1 2 53 53 112 197
315 1 2 53 53 197 353
316 1 2 53 53 112 165
317 1 2 53 53 165 353
318 1 2 53 53 112 353
319 1 2 54 54 297 333
320 1 2 54 54 333 363
321 1 2 54 54 333 374
322 1 2 54 54 297 363
323 1 2 54 54 297 374
324 1 2 54 54 363 374
325 1 2 55 55 310 321
326 1 2 55 55 194 310
327 1 2 55 55 310 374
328 1 2 55 55 194 321
329 1 2 55 55 321 374
330 1 2 55 55 194 374
331 1 2 56 56 216 363
332 1 2 56 56 216 374
333 1 2 56 56 216 401
334 1 2 56 56 363 374
335 1 2 56 56 363 401
336 1 2 56 56 374 401
337 1 2 57 57 243 280
338 1 2 57 57 243 359
339 1 2 57 57 243 363
340 1 2 57 57 280 359
341 1 2 57 57 280 363
342 1 2 57 57 359 363
343 1 2 58 58 334 369
344 1 2 58 58 334 359
345 1 2 58 58 334 398
346 1 2 58 58 359 369
347 1 2 58 58 369 398
348 1 2 58 58 359 398
349 1 2 59 59 182 214
350 1 2 59 59 182 194
351 1 2 59 59 182 374
352 1 2 59 59 194 214
353 1 2 59 59 214 374
354 1 2 59 59 194 374
355 1 2 60 60 155 372
356 1 2 60 60 155 361
357 1 2 60 60 155 395
358 1 2 60 60 361 372
359 1 2 60 60 372 395
360 1 2 60 60 361 395
361 1 2 61 61 182 359
362 1 2 61 61 182 214
363 1 2 61 61 182 374
364 1 2 61 61 214 359
365 1 2 61 61 359 374
366 1 2 61 61 214 374
367 1 2 62 62 225 350
368 1 2 62 62 225 303
369 1 2 62 62 225 361
370 1 2 62 62 303 350
371 1 2 62 62 350 361
372 1 2 62 62 303 361
373 1 2 63 63 303 349
374 1 2 63 63 224 303
375 1 2 63 63 303 361
376 1 2 63 63 224 349
377 1 2 63 63 349 361
378 1 2 63 63 224 361
379 1 2 64 64 348 361
380 1 2 64 64 329 348
381 1 2 64 64 348 394
382 1 2 64 64 329 361
383 1 2 64 64 361 394
384 1 2 64 64 329 394
385 1 2 65 65 333 363
386 1 2 65 65 333 359
387 1 2 65 65 333 374
388 1 2 65 65 359 363
389 1 2 65 65 363 374
390 1 2 65 65 359 374
391 1 2 66 66 187 361
392 1 2 66 66 187 207
393 1 2 66 66 187 394
394 1 2 66 66 207 361
395 1 2 66 66 361 394
396 1 2 66 66 207 394
397 1 2 67 67 213 353
398 1 2 67 67 197 213
399 1 2 67 67 213 371
400 1 2 67 67 197 353
401 1 2 67 67 353 371
402 1 2 67 67 197 371
403 1 2 68 68 288 292
404 1 2 68 68 216 292
405 1 2 68 68 292 374
406 1 2 68 68 216 288
407 1 2 68 68 288 374
408 1 2 68 68 216 374
409 1 2 69 69 256 325
410 1 2 69 69 231 325
411 1 2 69 69 325 391
412 1 2 69 69 231 256
413 1 2 69 69 256 391
414 1 2 69 69 231 391
415 1 2 70 70 231 299
416 1 2 70 70 231 325
417 1 2 70 70 231 391
418 1 2 70 70 299 325
419 1 2 70 70 299 391
420 1 2 70 70 325 391
421 1 2 71 71 240 247
422 1 2 71 71 247 301
423 1 2 71 71 247 392
424 1 2 71 71 240 301
425 1 2 71 71 240 392
426 1 2 71 71 301 392
427 1 2 72 72 247 324
428 1 2 72 72 301 324
429 1 2 72 72 324 392
430 1 2 72 72 247 301
431 1 2 72 72 247 392
432 1 2 72 72 301 392
433 1 2 73 73 333 359
434 1 2 73 73 321 333
435 1 2 73 73 333 374
436 1 2 73 73 321 359
437 1 2 73 73 359 374
438 1 2 73 73 321 374
439 1 2 74 74 176 181
440 1 2 74 74 121 176
441 1 2 74 74 176 393
442 1 2 74 74 121 181
443 1 2 74 74 181 393
444 1 2 74 74 121 393
445 1 2 75 75 173 187
446 1 2 75 75 187 329
447 1 2 75 75 187 394
448 1 2 75 75 173 329
449 1 2 75 75 173 394
450 1 2 75 75 329 394
451 1 2 76 76 126 359
452 1 2 76 76 126 264
453 1 2 76 76 126 363
454 1 2 76 76 264 359
455 1 2 76 76 359 363
456 1 2 76 76 264 363
457 1 2 77 77 314 370
458 1 2 77 77 172 314
459 1 2 77 77 314 388
460 1 2 77 77 172 370
461 1 2 77 77 370 388
462 1 2 77 77 172 388
463 1 2 78 78 172 370
464 1 2 78 78 172 356
465 1 2 78 78 172 388
466 1 2 78 78 356 370
467 1 2 78 78 370 388
468 1 2 78 78 356 388
469 1 2 79 79 314 356
470 1 2 79 79 314 370
471 1 2 79 79 314 388
472 1 2 79 79 356 370
473 1 2 79 79 356 388
474 1 2 79 79 370 388
475 1 2 80 80 297 330
476 1 2 80 80 297 352
477 1 2 80 80 297 374
478 1 2 80 80 330 352
479 1 2 80 80 330 374
480 1 2 80 80 352 374
481 1 2 81 81 216 374
482 1 2 81 81 168 216
483 1 2 81 81 216 401
484 1 2 81 81 168 374
485 1 2 81 81 374 401
486 1 2 81 81 168 401
487 1 2 82 82 121 176
488 1 2 82 82 121 356
489 1 2 82 82 121 387
490 1 2 82 82 176 356
491 1 2 82 82 176 387
492 1 2 82 82 356 387
493 1 2 83 83 121 181
494 1 2 83 83 116 121
495 1 2 83 83 121 393
496 1 2 83 83 116 181
497 1 2 83 83 181 393
498 1 2 83 83 116 393
499 1 2 84 84 196 217
500 1 2 84 84 187 217
501 1 2 84 84 217 361
502 1 2 84 84 187 196
503 1 2 84 84 196 361
504 1 2 84 84 187 361
505 1 2 85 85 164 218
506 1 2 85 85 196 218
507 1 2 85 85 218 361
508 1 2 85 85 164 196
509 1 2 85 85 164 361
510 1 2 85 85 196 361
511 1 2 86 86 191 357
512 1 2 86 86 191 327
513 1 2 86 86 191 373
514 1 2 86 86 327 357
515 1 2 86 86 357 373
516 1 2 86 86 327 373
517 1 2 87 87 241 259
518 1 2 87 87 259 304
519 1 2 87 87 259 399
520 1 2 87 87 241 304
521 1 2 87 87 241 399
522 1 2 87 87 304 399
523 1 2 88 88 303 329
524 1 2 88 88 329 350
525 1 2 88 88 329 361
526 1 2 88 88 303 350
527 1 2 88 88 303 361
528 1 2 88 88 350 361
529 1 2 89 89 136 157
530 1 2 89 89 110 136
531 1 2 89 89 136 361
532 1 2 89 89 110 157
533 1 2 89 89 157 361
534 1 2 89 89 110 361
535 1 2 90 90 102 134
536 1 2 90 90 102 161
537 1 2 90 90 102 397
538 1 2 90 90 134 161
539 1 2 90 90 134 397
540 1 2 90 90 161 397
541 1 2 91 91 102 189
542 1 2 91 91 161 189
543 1 2 91 91 189 397
544 1 2 91 91 102 161
545 1 2 91 91 102 397
546 1 2 91 91 161 397
547 1 2 92 92 256 355
548 1 2 92 92 256 325
549 1 2 92 92 256 383
550 1 2 92 92 325 355
551 1 2 92 92 355 383
552 1 2 92 92 325 383
553 1 2 93 93 239 355
554 1 2 93 93 132 239
555 1 2 93 93 239 365
556 1 2 93 93 132 355
557 1 2 93 93 355 365
558 1 2 93 93 132 365
559 1 2 94 94 108 254
560 1 2 94 94 108 364
561 1 2 94 94 108 384
562 1 2 94 94 254 364
563 1 2 94 94 254 384
564 1 2 94 94 364 384
565 1 2 95 95 108 364
566 1 2 95 95 108 354
567 1 2 95 95 108 384
568 1 2 95 95 354 364
569 1 2 95 95 364 384
570 1 2 95 95 354 384
571 1 2 96 96 354 364
572 1 2 96 96 254 354
573 1 2 96 96 354 384
574 1 2 96 96 254 364
575 1 2 96 96 364 384
576 1 2 96 96 254 384
577 1 2 97 97 109 260
578 1 2 97 97 109 356
579 1 2 97 97 109 364
580 1 2 97 97 260 356
581 1 2 97 97 260 364
582 1 2 97 97 356 364
583 1 2 98 98 303 349
584 1 2 98 98 328 349
585 1 2 98 98 349 361
586 1 2 98 98 303 328
587 1 2 98 98 303 361
588 1 2 98 98 328 361
589 1 2 99 99 110 135
590 1 2 99 99 135 156
591 1 2 99 99 135 361
592 1 2 99 99 110 156
593 1 2 99 99 110 361
594 1 2 99 99 156 361
595 1 2 100 100 185 197
596 1 2 100 100 123 185
597 1 2 100 100 185 371
598 1 2 100 100 123 197
599 1 2 100 100 197 371
600 1 2 100 100 123 371
601 1 2 101 101 241 311
602 1 2 101 101 241 304
603 1 2 101 101 241 399
604 1 2 101 101 304 311
605 1 2 101 101 311 399
606 1 2 101 101 304 399
607 1 2 102 102 354 370
608 1 2 102 102 344 354
609 1 2 102 102 354 392
610 1 2 102 102 344 370
611 1 2 102 102 370 392
612 1 2 102 102 344 392
613 1 2 103 103 114 358
614 1 2 103 103 114 235
615 1 2 103 103 114 366
616 1 2 103 103 235 358
617 1 2 103 103 358 366
618 1 2 103 103 235 366
619 1 2 104 104 164 361
620 1 2 104 104 136 164
621 1 2 104 104 164 372
622 1 2 104 104 136 361
623 1 2 104 104 361 372
624 1 2 104 104 136 372
625 1 2 105 105 217 225
626 1 2 105 105 217 220
627 1 2 105 105 217 361
628 1 2 105 105 220 225
629 1 2 105 105 225 361
630 1 2 105 105 220 361
631 1 2 106 106 218 220
632 1 2 106 106 218 223
633 1 2 106 106 218 361
634 1 2 106 106 220 223
635 1 2 106 106 220 361
636 1 2 106 106 223 361
637 1 2 107 107 340 371
638 1 2 107 107 340 355
639 1 2 107 107 340 391
640 1 2 107 107 355 371
641 1 2 107 107 371 391
642 1 2 107 107 355 391
643 1 2 108 108 104 264
644 1 2 108 108 104 228
645 1 2 108 108 104 363
646 1 2 108 108 228 264
647 1 2 108 108 264 363
648 1 2 108 108 228 363
649 1 2 109 109 327 357
650 1 2 109 109 191 327
651 1 2 109 109 327 369
652 1 2 109 109 191 357
653 1 2 109 109 357 369
654 1 2 109 109 191 369
655 1 2 110 110 355 365
656 1 2 110 110 270 355
657 1 2 110 110 355 391
658 1 2 110 110 270 365
659 1 2 110 110 365 391
660 1 2 110 110 270 391
661 1 2 111 111 269 364
662 1 2 111 111 269 354
663 1 2 111 111 269 392
664 1 2 111 111 354 364
665 1 2 111 111 364 392
666 1 2 111 111 354 392
667 1 2 112 112 152 364
668 1 2 112 112 152 356
669 1 2 112 112 152 393
670 1 2 112 112 356 364
671 1 2 112 112 364 393
672 1 2 112 112 356 393
673 1 2 113 113 240 301
674 1 2 113 113 240 354
675 1 2 113 113 240 380
676 1 2 113 113 301 354
677 1 2 113 113 301 380
678 1 2 113 113 354 380
679 1 2 114 114 132 239
680 1 2 114 114 239 355
681 1 2 114 114 239 381
682 1 2 114 114 132 355
683 1 2 114 114 132 381
684 1 2 114 114 355 381
685 1 2 115 115 109 356
686 1 2 115 115 109 260
687 1 2 115 115 109 378
688 1 2 115 115 260 356
689 1 2 115 115 356 378
690 1 2 115 115 260 378
691 1 2 116 116 173 320
692 1 2 116 116 173 329
693 1 2 116 116 173 394
694 1 2 116 116 320 329
695 1 2 116 116 320 394
696 1 2 116 116 329 394
697 1 2 117 117 284 289
698 1 2 117 117 289 290
699 1 2 117 117 289 363
700 1 2 117 117 284 290
701 1 2 117 117 284 363
702 1 2 117 117 290 363
703 1 2 118 118 226 283
704 1 2 118 118 219 283
705 1 2 118 118 283 361
706 1 2 118 118 219 226
707 1 2 118 118 226 361
708 1 2 118 118 219 361
709 1 2 119 119 224 282
710 1 2 119 119 219 224
711 1 2 119 119 224 361
712 1 2 119 119 219 282
713 1 2 119 119 282 361
714 1 2 119 119 219 361
715 1 2 120 120 112 165
716 1 2 120 120 165 353
717 1 2 120 120 165 372
718 1 2 120 120 112 353
719 1 2 120 120 112 372
720 1 2 120 120 353 372
721 1 2 121 121 236 357
722 1 2 121 121 111 236
723 1 2 121 121 236 366
724 1 2 121 121 111 357
725 1 2 121 121 357 366
726 1 2 121 121 111 366
727 1 2 122 122 189 205
728 1 2 122 122 161 205
729 1 2 122 122 205 397
730 1 2 122 122 161 189
731 1 2 122 122 189 397
732 1 2 122 122 161 397
733 1 2 123 123 184 355
734 1 2 123 123 184 306
735 1 2 123 123 184 371
736 1 2 123 123 306 355
737 1 2 123 123 355 371
738 1 2 123 123 306 371
739 1 2 124 124 168 216
740 1 2 124 124 168 288
741 1 2 124 124 168 374
742 1 2 124 124 216 288
743 1 2 124 124 216 374
744 1 2 124 124 288 374
745 1 2 125 125 116 121
746 1 2 125 125 121 152
747 1 2 125 125 121 393
748 1 2 125 125 116 152
749 1 2 125 125 116 393
750 1 2 125 125 152 393
751 1 2 126 126 217 220
752 1 2 126 126 196 217
753 1 2 126 126 217 361
754 1 2 126 126 196 220
755 1 2 126 126 220 361
756 1 2 126 126 196 361
757 1 2 127 127 196 218
758 1 2 127 127 218 220
759 1 2 127 127 218 361
760 1 2 127 127 196 220
761 1 2 127 127 196 361
762 1 2 127 127 220 361
763 1 2 128 128 184 306
764 1 2 128 128 184 355
765 1 2 128 128 184 379
766 1 2 128 128 306 355
767 1 2 128 128 306 379
768 1 2 128 128 355 379
769 1 2 129 129 235 358
770 1 2 129 129 114 235
771 1 2 129 129 235 377
772 1 2 129 129 114 358
773 1 2 129 129 358 377
774 1 2 129 129 114 377
775 1 2 130 130 227 261
776 1 2 130 130 227 283
777 1 2 130 130 227 361
778 1 2 130 130 261 283
779 1 2 130 130 261 361
780 1 2 130 130 283 361
781 1 2 131 131 227 262
782 1 2 131 131 262 282
783 1 2 131 131 262 361
784 1 2 131 131 227 282
785 1 2 131 131 227 361
786 1 2 131 131 282 361
787 1 2 132 132 310 333
788 1 2 132 132 310 321
789 1 2 132 132 310 374
790 1 2 132 132 321 333
791 1 2 132 132 333 374
792 1 2 132 132 321 374
793 1 2 133 133 193 305
794 1 2 133 133 305 371
795 1 2 133 133 305 394
796 1 2 133 133 193 371
797 1 2 133 133 193 394
798 1 2 133 133 371 394
799 1 2 134 134 143 366
800 1 2 134 134 143 357
801 1 2 134 134 143 397
802 1 2 134 134 357 366
803 1 2 134 134 366 397
804 1 2 134 134 357 397
805 1 2 135 135 197 213
806 1 2 135 135 165 197
807 1 2 135 135 197 353
808 1 2 135 135 165 213
809 1 2 135 135 213 353
810 1 2 135 135 165 353
811 1 2 136 136 299 340
812 1 2 136 136 299 325
813 1 2 136 136 299 391
814 1 2 136 136 325 340
815 1 2 136 136 340 391
816 1 2 136 136 325 391
817 1 2 137 137 231 256
818 1 2 137 137 231 270
819 1 2 137 137 231 391
820 1 2 137 137 256 270
821 1 2 137 137 256 391
822 1 2 137 137 270 391
823 1 2 138 138 247 269
824 1 2 138 138 240 247
825 1 2 138 138 247 392
826 1 2 138 138 240 269
827 1 2 138 138 269 392
828 1 2 138 138 240 392
829 1 2 139 139 301 324
830 1 2 139 139 324 344
831 1 2 139 139 324 392
832 1 2 139 139 301 344
833 1 2 139 139 301 392
834 1 2 139 139 344 392
835 1 2 140 140 181 202
836 1 2 140 140 176 202
837 1 2 140 140 202 393
838 1 2 140 140 176 181
839 1 2 140 140 181 393
840 1 2 140 140 176 393
841 1 2 141 141 202 356
842 1 2 141 141 202 370
843 1 2 141 141 202 393
844 1 2 141 141 356 370
845 1 2 141 141 356 393
846 1 2 141 141 370 393
847 1 2 142 142 263 289
848 1 2 142 142 284 289
849 1 2 142 142 289 363
850 1 2 142 142 263 284
851 1 2 142 142 263 363
852 1 2 142 142 284 363
853 1 2 143 143 104 126
854 1 2 143 143 104 264
855 1 2 143 143 104 363
856 1 2 143 143 126 264
857 1 2 143 143 126 363
858 1 2 143 143 264 363
859 1 2 144 144 290 352
860 1 2 144 144 290 330
861 1 2 144 144 290 374
862 1 2 144 144 330 352
863 1 2 144 144 352 374
864 1 2 144 144 330 374
865 1 2 145 145 168 216
866 1 2 145 145 195 216
867 1 2 145 145 216 401
868 1 2 145 145 168 195
869 1 2 145 145 168 401
870 1 2 145 145 195 401
871 1 2 146 146 262 361
872 1 2 146 146 262 328
873 1 2 146 146 262 367
874 1 2 146 146 328 361
875 1 2 146 146 361 367
876 1 2 146 146 328 367
877 1 2 147 147 182 359
878 1 2 147 147 182 321
879 1 2 147 147 182 369
880 1 2 147 147 321 359
881 1 2 147 147 359 369
882 1 2 147 147 321 369
883 1 2 148 148 171 296
884 1 2 148 148 171 177
885 1 2 148 148 171 388
886 1 2 148 148 177 296
887 1 2 148 148 296 388
888 1 2 148 148 177 388
889 1 2 149 149 171 296
890 1 2 149 149 171 388
891 1 2 149 149 171 390
892 1 2 149 149 296 388
893 1 2 149 149 296 390
894 1 2 149 149 388 390
895 1 2 150 150 180 317
896 1 2 150 150 317 370
897 1 2 150 150 317 385
898 1 2 150 150 180 370
899 1 2 150 150 180 385
900 1 2 150 150 370 385
901 1 2 151 151 163 178
902 1 2 151 151 103 178
903 1 2 151 151 178 387
904 1 2 151 151 103 163
905 1 2 151 151 163 387
906 1 2 151 151 103 387
907 1 2 152 152 111 236
908 1 2 152 152 236 357
909 1 2 152 152 236 368
910 1 2 152 152 111 357
911 1 2 152 152 111 368
912 1 2 152 152 357 368
913 1 2 153 153 205 357
914 1 2 153 153 205 373
915 1 2 153 153 205 397
916 1 2 153 153 357 373
917 1 2 153 153 357 397
918 1 2 153 153 373 397
919 1 2 154 154 178 387
920 1 2 154 154 103 178
921 1 2 154 154 178 389
922 1 2 154 154 103 387
923 1 2 154 154 387 389
924 1 2 154 154 103 389
925 1 2 155 155 134 143
926 1 2 155 155 102 143
927 1 2 155 155 143 397
928 1 2 155 155 102 134
929 1 2 155 155 134 397
930 1 2 155 155 102 397
931 1 2 156 156 320 348
932 1 2 156 156 320 329
933 1 2 156 156 320 394
934 1 2 156 156 329 348
935 1 2 156 156 348 394
936 1 2 156 156 329 394
937 1 2 157 157 113 185
938 1 2 157 157 113 355
939 1 2 157 157 113 386
940 1 2 157 157 185 355
941 1 2 157 157 185 386
942 1 2 157 157 355 386
943 1 2 158 158 219 283
944 1 2 158 158 227 283
945 1 2 158 158 283 361
946 1 2 158 158 219 227
947 1 2 158 158 219 361
948 1 2 158 158 227 361
949 1 2 159 159 227 282
950 1 2 159 159 219 282
951 1 2 159 159 282 361
952 1 2 159 159 219 227
953 1 2 159 159 227 361
954 1 2 159 159 219 361
955 1 2 160 160 177 312
956 1 2 160 160 296 312
957 1 2 160 160 312 388
958 1 2 160 160 177 296
959 1 2 160 160 177 388
960 1 2 160 160 296 388
961 1 2 161 161 361 372
962 1 2 161 161 361 367
963 1 2 161 161 361 395
964 1 2 161 161 367 372
965 1 2 161 161 372 395
966 1 2 161 161 367 395
967 1 2 162 162 336 373
968 1 2 162 162 336 357
969 1 2 162 162 336 399
970 1 2 162 162 357 373
971 1 2 162 162 373 399
972 1 2 162 162 357 399
973 1 2 163 163 103 119
974 1 2 163 163 119 163
975 1 2 163 163 119 387
976 1 2 163 163 103 163
977 1 2 163 163 103 387
978 1 2 163 163 163 387
979 1 2 164 164 251 322
980 1 2 164 164 322 367
981 1 2 164 164 322 391
982 1 2 164 164 251 367
983 1 2 164 164 251 391
984 1 2 164 164 367 391
985 1 2 165 165 259 271
986 1 2 165 165 241 259
987 1 2 165 165 259 399
988 1 2 165 165 241 271
989 1 2 165 165 271 399
990 1 2 165 165 241 399
991 1 2 166 166 117 158
992 1 2 166 166 117 216
993 1 2 166 166 117 401
994 1 2 166 166 158 216
995 1 2 166 166 158 401
996 1 2 166 166 216 401
997 1 2 167 167 311 336
998 1 2 167 167 304 311
999 1 2 167 167 311 399
1000 1 2 167 167 304 336
1001 1 2 167 167 336 399
1002 1 2 167 167 304 399
1003 1 2 168 168 122 382
1004 1 2 168 168 122 167
1005 1 2 168 168 122 386
1006 1 2 168 168 167 382
1007 1 2 168 168 382 386
1008 1 2 168 168 167 386
1009 1 2 169 169 232 300
1010 1 2 169 169 232 380
1011 1 2 169 169 232 383
1012 1 2 169 169 300 380
1013 1 2 169 169 300 383
1014 1 2 169 169 380 383
1015 1 2 170 170 130 238
1016 1 2 170 170 238 381
1017 1 2 170 170 238 384
1018 1 2 170 170 130 381
1019 1 2 170 170 130 384
1020 1 2 170 170 381 384
1021 1 2 171 171 286 288
1022 1 2 171 171 286 292
1023 1 2 171 171 286 374
1024 1 2 171 171 288 292
1025 1 2 171 171 288 374
1026 1 2 171 171 292 374
1027 1 2 172 172 175 308
1028 1 2 172 172 175 379
1029 1 2 172 172 175 385
1030 1 2 172 172 308 379
1031 1 2 172 172 308 385
1032 1 2 172 172 379 385
1033 1 2 173 173 187 207
1034 1 2 173 173 173 187
1035 1 2 173 173 187 394
1036 1 2 173 173 173 207
1037 1 2 173 173 207 394
1038 1 2 173 173 173 394
1039 1 2 174 174 271 357
1040 1 2 174 174 271 366
1041 1 2 174 174 271 399
1042 1 2 174 174 357 366
1043 1 2 174 174 357 399
1044 1 2 174 174 366 399
1045 1 2 175 175 175 192
1046 1 2 175 175 192 308
1047 1 2 175 175 192 379
1048 1 2 175 175 175 308
1049 1 2 175 175 175 379
1050 1 2 175 175 308 379
1051 1 2 176 176 317 370
1052 1 2 176 176 317 354
1053 1 2 176 176 317 385
1054 1 2 176 176 354 370
1055 1 2 176 176 370 385
1056 1 2 176 176 354 385
1057 1 2 177 177 354 370
1058 1 2 177 177 180 354
1059 1 2 177 177 354 385
1060 1 2 177 177 180 370
1061 1 2 177 177 370 385
1062 1 2 177 177 180 385
1063 1 2 178 178 232 300
1064 1 2 178 178 232 323
1065 1 2 178 178 232 380
1066 1 2 178 178 300 323
1067 1 2 178 178 300 380
1068 1 2 178 178 323 380
1069 1 2 179 179 130 238
1070 1 2 179 179 107 238
1071 1 2 179 179 238 381
1072 1 2 179 179 107 130
1073 1 2 179 179 130 381
1074 1 2 179 179 107 381
1075 1 2 180 180 107 252
1076 1 2 180 180 107 238
1077 1 2 180 180 107 381
1078 1 2 180 180 238 252
1079 1 2 180 180 252 381
1080 1 2 180 180 238 381
1081 1 2 181 181 122 186
1082 1 2 181 181 122 167
1083 1 2 181 181 122 382
1084 1 2 181 181 167 186
1085 1 2 181 181 186 382
1086 1 2 181 181 167 382
1087 1 2 182 182 257 323
1088 1 2 182 182 232 323
1089 1 2 182 182 323 380
1090 1 2 182 182 232 257
1091 1 2 182 182 257 380
1092 1 2 182 182 232 380
1093 1 2 183 183 115 186
1094 1 2 183 183 115 122
1095 1 2 183 183 115 382
1096 1 2 183 183 122 186
1097 1 2 183 183 186 382
1098 1 2 183 183 122 382
1099 1 2 184 184 308 315
1100 1 2 184 184 192 308
1101 1 2 184 184 308 379
1102 1 2 184 184 192 315
1103 1 2 184 184 315 379
1104 1 2 184 184 192 379
1105 1 2 185 185 126 264
1106 1 2 185 185 126 359
1107 1 2 185 185 126 368
1108 1 2 185 185 264 359
1109 1 2 185 185 264 368
1110 1 2 185 185 359 368
1111 1 2 186 186 220 221
1112 1 2 186 186 221 225
1113 1 2 186 186 221 361
1114 1 2 186 186 220 225
1115 1 2 186 186 220 361
1116 1 2 186 186 225 361
1117 1 2 187 187 222 223
1118 1 2 187 187 220 222
1119 1 2 187 187 222 361
1120 1 2 187 187 220 223
1121 1 2 187 187 223 361
1122 1 2 187 187 220 361
1123 1 2 188 188 222 226
1124 1 2 188 188 219 226
1125 1 2 188 188 226 361
1126 1 2 188 188 219 222
1127 1 2 188 188 222 361
1128 1 2 188 188 219 361
1129 1 2 189 189 221 224
1130 1 2 189 189 219 221
1131 1 2 189 189 221 361
1132 1 2 189 189 219 224
1133 1 2 189 189 224 361
1134 1 2 189 189 219 361
1135 1 2 190 190 264 359
1136 1 2 190 190 264 280
1137 1 2 190 190 264 363
1138 1 2 190 190 280 359
1139 1 2 190 190 359 363
1140 1 2 190 190 280 363
1141 1 2 191 191 137 158
1142 1 2 191 191 158 292
1143 1 2 191 191 158 363
1144 1 2 191 191 137 292
1145 1 2 191 191 137 363
1146 1 2 191 191 292 363
1147 1 2 192 192 190 326
1148 1 2 192 192 326 373
1149 1 2 192 192 326 390
1150 1 2 192 192 190 373
1151 1 2 192 192 190 390
1152 1 2 192 192 373 390
1153 1 2 193 193 287 363
1154 1 2 193 193 287 290
1155 1 2 193 193 287 374
1156 1 2 193 193 290 363
1157 1 2 193 193 363 374
1158 1 2 193 193 290 374
1159 1 2 194 194 348 367
1160 1 2 194 194 348 361
1161 1 2 194 194 348 394
1162 1 2 194 194 361 367
1163 1 2 194 194 367 394
1164 1 2 194 194 361 394
1165 1 2 195 195 361 372
1166 1 2 195 195 207 361
1167 1 2 195 195 361 394
1168 1 2 195 195 207 372
1169 1 2 195 195 372 394
1170 1 2 195 195 207 394
1171 1 2 196 196 314 345
1172 1 2 196 196 345 356
1173 1 2 196 196 345 370
1174 1 2 196 196 314 356
1175 1 2 196 196 314 370
1176 1 2 196 196 356 370
1177 1 2 197 197 242 377
1178 1 2 197 197 153 242
1179 1 2 197 197 242 378
1180 1 2 197 197 153 377
1181 1 2 197 197 377 378
1182 1 2 197 197 153 378
1183 1 2 198 198 359 369
1184 1 2 198 198 359 368
1185 1 2 198 198 359 398
1186 1 2 198 198 368 369
1187 1 2 198 198 369 398
1188 1 2 198 198 368 398
1189 1 2 199 199 263 284
1190 1 2 199 199 243 284
1191 1 2 199 199 284 363
1192 1 2 199 199 243 263
1193 1 2 199 199 263 363
1194 1 2 199 199 243 363
1195 1 2 200 200 346 375
1196 1 2 200 200 234 346
1197 1 2 200 200 346 376
1198 1 2 200 200 234 375
1199 1 2 200 200 375 376
1200 1 2 200 200 234 376
1201 1 2 201 201 153 255
1202 1 2 201 201 242 255
1203 1 2 201 201 255 377
1204 1 2 201 201 153 242
1205 1 2 201 201 153 377
1206 1 2 201 201 242 377
1207 1 2 202 202 117 216
1208 1 2 202 202 117 195
1209 1 2 202 202 117 401
1210 1 2 202 202 195 216
1211 1 2 202 202 216 401
1212 1 2 202 202 195 401
1213 1 2 203 203 234 249
1214 1 2 203 203 249 346
1215 1 2 203 203 249 375
1216 1 2 203 203 234 346
1217 1 2 203 203 234 375
1218 1 2 203 203 346 375
1219 1 2 204 204 202 356
1220 1 2 204 204 172 202
1221 1 2 204 204 202 370
1222 1 2 204 204 172 356
1223 1 2 204 204 356 370
1224 1 2 204 204 172 370
1225 1 2 205 205 171 210
1226 1 2 205 205 210 388
1227 1 2 205 205 210 390
1228 1 2 205 205 171 388
1229 1 2 205 205 171 390
1230 1 2 205 205 388 390
1231 1 2 206 206 144 358
1232 1 2 206 206 114 144
1233 1 2 206 206 144 366
1234 1 2 206 206 114 358
1235 1 2 206 206 358 366
1236 1 2 206 206 114 366
1237 1 2 207 207 171 210
1238 1 2 207 207 177 210
1239 1 2 207 207 210 388
1240 1 2 207 207 171 177
1241 1 2 207 207 171 388
1242 1 2 207 207 177 388
1243 1 2 208 208 178 210
1244 1 2 208 208 178 387
1245 1 2 208 208 178 389
1246 1 2 208 208 210 387
1247 1 2 208 208 210 389
1248 1 2 208 208 387 389
1249 1 2 209 209 126 140
1250 1 2 209 209 126 359
1251 1 2 209 209 126 363
1252 1 2 209 209 140 359
1253 1 2 209 209 140 363
1254 1 2 209 209 359 363
1255 1 2 210 210 138 242
1256 1 2 210 210 138 153
1257 1 2 210 210 138 378
1258 1 2 210 210 153 242
1259 1 2 210 210 242 378
1260 1 2 210 210 153 378
1261 1 2 211 211 178 210
1262 1 2 211 211 163 178
1263 1 2 211 211 178 387
1264 1 2 211 211 163 210
1265 1 2 211 211 210 387
1266 1 2 211 211 163 387
1267 1 2 212 212 331 346
1268 1 2 212 212 234 331
1269 1 2 212 212 331 376
1270 1 2 212 212 234 346
1271 1 2 212 212 346 376
1272 1 2 212 212 234 376
1273 1 2 213 213 109 152
1274 1 2 213 213 152 356
1275 1 2 213 213 152 364
1276 1 2 213 213 109 356
1277 1 2 213 213 109 364
1278 1 2 213 213 356 364
1279 1 2 214 214 205 357
1280 1 2 214 214 191 205
1281 1 2 214 214 205 373
1282 1 2 214 214 191 357
1283 1 2 214 214 357 373
1284 1 2 214 214 191 373
1285 1 2 215 215 358 373
1286 1 2 215 215 190 358
1287 1 2 215 215 358 390
1288 1 2 215 215 190 373
1289 1 2 215 215 373 390
1290 1 2 215 215 190 390
1291 1 2 216 216 132 355
1292 1 2 216 216 132 147
1293 1 2 216 216 132 365
1294 1 2 216 216 147 355
1295 1 2 216 216 355 365
1296 1 2 216 216 147 365
1297 1 2 217 217 270 355
1298 1 2 217 217 239 270
1299 1 2 217 217 270 365
1300 1 2 217 217 239 355
1301 1 2 217 217 355 365
1302 1 2 217 217 239 365
1303 1 2 218 218 254 354
1304 1 2 218 218 254 269
1305 1 2 218 218 254 364
1306 1 2 218 218 269 354
1307 1 2 218 218 354 364
1308 1 2 218 218 269 364
1309 1 2 219 219 151 354
1310 1 2 219 219 108 151
1311 1 2 219 219 151 364
1312 1 2 219 219 108 354
1313 1 2 219 219 354 364
1314 1 2 219 219 108 364
1315 1 2 220 220 260 278
1316 1 2 220 220 260 356
1317 1 2 220 220 260 364
1318 1 2 220 220 278 356
1319 1 2 220 220 278 364
1320 1 2 220 220 356 364
1321 1 2 221 221 327 357
1322 1 2 221 221 327 336
1323 1 2 221 221 327 373
1324 1 2 221 221 336 357
1325 1 2 221 221 357 373
1326 1 2 221 221 336 373
1327 1 2 222 222 214 359
1328 1 2 222 222 359 374
1329 1 2 222 222 359 401
1330 1 2 222 222 214 374
1331 1 2 222 222 214 401
1332 1 2 222 222 374 401
1333 1 2 223 223 296 313
1334 1 2 223 223 296 388
1335 1 2 223 223 296 390
1336 1 2 223 223 313 388
1337 1 2 223 223 313 390
1338 1 2 223 223 388 390
1339 1 2 224 224 326 373
1340 1 2 224 224 326 358
1341 1 2 224 224 326 390
1342 1 2 224 224 358 373
1343 1 2 224 224 373 390
1344 1 2 224 224 358 390
1345 1 2 225 225 235 358
1346 1 2 225 225 235 267
1347 1 2 225 225 235 366
1348 1 2 225 225 267 358
1349 1 2 225 225 358 366
1350 1 2 225 225 267 366
1351 1 2 226 226 113 198
1352 1 2 226 226 113 185
1353 1 2 226 226 113 386
1354 1 2 226 226 185 198
1355 1 2 226 226 198 386
1356 1 2 226 226 185 386
1357 1 2 227 227 103 387
1358 1 2 227 227 103 120
1359 1 2 227 227 103 389
1360 1 2 227 227 120 387
1361 1 2 227 227 387 389
1362 1 2 227 227 120 389
1363 1 2 228 228 210 388
1364 1 2 228 228 210 362
1365 1 2 228 228 210 390
1366 1 2 228 228 362 388
1367 1 2 228 228 388 390
1368 1 2 228 228 362 390
1369 1 2 229 229 264 280
1370 1 2 229 229 228 264
1371 1 2 229 229 264 363
1372 1 2 229 229 228 280
1373 1 2 229 229 280 363
1374 1 2 229 229 228 363
1375 1 2 230 230 152 154
1376 1 2 230 230 109 154
1377 1 2 230 230 154 356
1378 1 2 230 230 109 152
1379 1 2 230 230 152 356
1380 1 2 230 230 109 356
1381 1 2 231 231 121 152
1382 1 2 231 231 121 154
1383 1 2 231 231 121 356
1384 1 2 231 231 152 154
1385 1 2 231 231 152 356
1386 1 2 231 231 154 356
1387 1 2 232 232 345 347
1388 1 2 232 232 314 347
1389 1 2 232 232 347 356
1390 1 2 232 232 314 345
1391 1 2 232 232 345 356
1392 1 2 232 232 314 356
1393 1 2 233 233 114 358
1394 1 2 233 233 114 144
1395 1 2 233 233 114 377
1396 1 2 233 233 144 358
1397 1 2 233 233 358 377
1398 1 2 233 233 144 377
1399 1 2 234 234 136 155
1400 1 2 234 234 155 361
1401 1 2 234 234 155 372
1402 1 2 234 234 136 361
1403 1 2 234 234 136 372
1404 1 2 234 234 361 372
1405 1 2 235 235 286 292
1406 1 2 235 235 286 363
1407 1 2 235 235 286 374
1408 1 2 235 235 292 363
1409 1 2 235 235 292 374
1410 1 2 235 235 363 374
1411 1 2 236 236 290 330
1412 1 2 236 236 287 290
1413 1 2 236 236 290 374
1414 1 2 236 236 287 330
1415 1 2 236 236 330 374
1416 1 2 236 236 287 374
1417 1 2 237 237 362 387
1418 1 2 237 237 210 362
1419 1 2 237 237 362 389
1420 1 2 237 237 210 387
1421 1 2 237 237 387 389
1422 1 2 237 237 210 389
1423 1 2 238 238 362 388
1424 1 2 238 238 313 362
1425 1 2 238 238 362 390
1426 1 2 238 238 313 388
1427 1 2 238 238 388 390
1428 1 2 238 238 313 390
1429 1 2 239 239 347 356
1430 1 2 239 239 314 347
1431 1 2 239 239 347 388
1432 1 2 239 239 314 356
1433 1 2 239 239 356 388
1434 1 2 239 239 314 388
1435 1 2 240 240 142 357
1436 1 2 240 240 111 142
1437 1 2 240 240 142 368
1438 1 2 240 240 111 357
1439 1 2 240 240 357 368
1440 1 2 240 240 111 368
1441 1 2 241 241 121 356
1442 1 2 241 241 121 154
1443 1 2 241 241 121 387
1444 1 2 241 241 154 356
1445 1 2 241 241 356 387
1446 1 2 241 241 154 387
1447 1 2 242 242 240 269
1448 1 2 242 242 240 266
1449 1 2 242 242 240 354
1450 1 2 242 242 266 269
1451 1 2 242 242 269 354
1452 1 2 242 242 266 354
1453 1 2 243 243 266 269
1454 1 2 243 243 254 266
1455 1 2 243 243 266 354
1456 1 2 243 243 254 269
1457 1 2 243 243 269 354
1458 1 2 243 243 254 354
1459 1 2 244 244 306 340
1460 1 2 244 244 340 341
1461 1 2 244 244 340 355
1462 1 2 244 244 306 341
1463 1 2 244 244 306 355
1464 1 2 244 244 341 355
1465 1 2 245 245 113 147
1466 1 2 245 245 113 148
1467 1 2 245 245 113 355
1468 1 2 245 245 147 148
1469 1 2 245 245 147 355
1470 1 2 245 245 148 355
1471 1 2 246 246 343 344
1472 1 2 246 246 301 343
1473 1 2 246 246 343 354
1474 1 2 246 246 301 344
1475 1 2 246 246 344 354
1476 1 2 246 246 301 354
1477 1 2 247 247 132 148
1478 1 2 247 247 132 147
1479 1 2 247 247 132 355
1480 1 2 247 247 147 148
1481 1 2 247 247 148 355
1482 1 2 247 247 147 355
1483 1 2 248 248 325 341
1484 1 2 248 248 340 341
1485 1 2 248 248 341 355
1486 1 2 248 248 325 340
1487 1 2 248 248 325 355
1488 1 2 248 248 340 355
1489 1 2 249 249 317 343
1490 1 2 249 249 343 344
1491 1 2 249 249 343 354
1492 1 2 249 249 317 344
1493 1 2 249 249 317 354
1494 1 2 249 249 344 354
1495 1 2 250 250 108 151
1496 1 2 250 250 108 150
1497 1 2 250 250 108 354
1498 1 2 250 250 150 151
1499 1 2 250 250 151 354
1500 1 2 250 250 150 354
1501 1 2 251 251 260 278
1502 1 2 251 251 260 276
1503 1 2 251 251 260 356
1504 1 2 251 251 276 278
1505 1 2 251 251 278 356
1506 1 2 251 251 276 356
1507 1 2 252 252 180 206
1508 1 2 252 252 180 200
1509 1 2 252 252 180 354
1510 1 2 252 252 200 206
1511 1 2 252 252 206 354
1512 1 2 252 252 200 354
1513 1 2 253 253 256 270
1514 1 2 253 253 270 274
1515 1 2 253 253 270 355
1516 1 2 253 253 256 274
1517 1 2 253 253 256 355
1518 1 2 253 253 274 355
1519 1 2 254 254 239 270
1520 1 2 254 254 239 274
1521 1 2 254 254 239 355
1522 1 2 254 254 270 274
1523 1 2 254 254 270 355
1524 1 2 254 254 274 355
1525 1 2 255 255 199 202
1526 1 2 255 255 176 199
1527 1 2 255 255 199 356
1528 1 2 255 255 176 202
1529 1 2 255 255 202 356
1530 1 2 255 255 176 356
1531 1 2 256 256 172 199
1532 1 2 256 256 199 202
1533 1 2 256 256 199 356
1534 1 2 256 256 172 202
1535 1 2 256 256 172 356
1536 1 2 256 256 202 356
1537 1 2 257 257 111 357
1538 1 2 257 257 111 143
1539 1 2 257 257 111 366
1540 1 2 257 257 143 357
1541 1 2 257 257 357 366
1542 1 2 257 257 143 366
1543 1 2 258 258 317 344
1544 1 2 258 258 317 354
1545 1 2 258 258 317 370
1546 1 2 258 258 344 354
1547 1 2 258 258 344 370
1548 1 2 258 258 354 370
1549 1 2 259 259 180 354
1550 1 2 259 259 180 200
1551 1 2 259 259 180 370
1552 1 2 259 259 200 354
1553 1 2 259 259 354 370
1554 1 2 259 259 200 370
1555 1 2 260 260 112 145
1556 1 2 260 260 112 146
1557 1 2 260 260 112 353
1558 1 2 260 260 145 146
1559 1 2 260 260 145 353
1560 1 2 260 260 146 353
1561 1 2 261 261 120 387
1562 1 2 261 261 120 362
1563 1 2 261 261 120 389
1564 1 2 261 261 362 387
1565 1 2 261 261 387 389
1566 1 2 261 261 362 389
1567 1 2 262 262 191 357
1568 1 2 262 262 191 203
1569 1 2 262 262 191 369
1570 1 2 262 262 203 357
1571 1 2 262 262 357 369
1572 1 2 262 262 203 369
1573 1 2 263 263 306 355
1574 1 2 263 263 306 340
1575 1 2 263 263 306 371
1576 1 2 263 263 340 355
1577 1 2 263 263 355 371
1578 1 2 263 263 340 371
1579 1 2 264 264 327 335
1580 1 2 264 264 327 357
1581 1 2 264 264 327 369
1582 1 2 264 264 335 357
1583 1 2 264 264 335 369
1584 1 2 264 264 357 369
1585 1 2 265 265 106 132
1586 1 2 265 265 132 253
1587 1 2 265 265 132 365
1588 1 2 265 265 106 253
1589 1 2 265 265 106 365
1590 1 2 265 265 253 365
1591 1 2 266 266 239 253
1592 1 2 266 266 132 253
1593 1 2 266 266 253 365
1594 1 2 266 266 132 239
1595 1 2 266 266 239 365
1596 1 2 266 266 132 365
1597 1 2 267 267 108 131
1598 1 2 267 267 131 254
1599 1 2 267 267 131 364
1600 1 2 267 267 108 254
1601 1 2 267 267 108 364
1602 1 2 267 267 254 364
1603 1 2 268 268 233 254
1604 1 2 268 268 131 254
1605 1 2 268 268 254 364
1606 1 2 268 268 131 233
1607 1 2 268 268 233 364
1608 1 2 268 268 131 364
1609 1 2 269 269 106 253
1610 1 2 269 269 129 253
1611 1 2 269 269 253 365
1612 1 2 269 269 106 129
1613 1 2 269 269 106 365
1614 1 2 269 269 129 365
1615 1 2 270 270 129 237
1616 1 2 270 270 129 253
1617 1 2 270 270 129 365
1618 1 2 270 270 237 253
1619 1 2 270 270 237 365
1620 1 2 270 270 253 365
1621 1 2 271 271 235 273
1622 1 2 271 271 235 267
1623 1 2 271 271 235 358
1624 1 2 271 271 267 273
1625 1 2 271 271 273 358
1626 1 2 271 271 267 358
1627 1 2 272 272 190 211
1628 1 2 272 272 201 211
1629 1 2 272 272 211 358
1630 1 2 272 272 190 201
1631 1 2 272 272 190 358
1632 1 2 272 272 201 358
1633 1 2 273 273 191 203
1634 1 2 273 273 203 205
1635 1 2 273 273 203 357
1636 1 2 273 273 191 205
1637 1 2 273 273 191 357
1638 1 2 273 273 205 357
1639 1 2 274 274 144 358
1640 1 2 274 274 139 144
1641 1 2 274 274 144 377
1642 1 2 274 274 139 358
1643 1 2 274 274 358 377
1644 1 2 274 274 139 377
1645 1 2 275 275 179 314
1646 1 2 275 275 172 314
1647 1 2 275 275 314 370
1648 1 2 275 275 172 179
1649 1 2 275 275 179 370
1650 1 2 275 275 172 370
1651 1 2 276 276 345 356
1652 1 2 276 276 345 347
1653 1 2 276 276 345 392
1654 1 2 276 276 347 356
1655 1 2 276 276 356 392
1656 1 2 276 276 347 392
1657 1 2 277 277 337 358
1658 1 2 277 277 326 337
1659 1 2 277 277 337 373
1660 1 2 277 277 326 358
1661 1 2 277 277 358 373
1662 1 2 277 277 326 373
1663 1 2 278 278 268 353
1664 1 2 278 278 268 272
1665 1 2 278 278 268 391
1666 1 2 278 278 272 353
1667 1 2 278 278 353 391
1668 1 2 278 278 272 391
1669 1 2 279 279 276 356
1670 1 2 279 279 276 278
1671 1 2 279 279 276 392
1672 1 2 279 279 278 356
1673 1 2 279 279 356 392
1674 1 2 279 279 278 392
1675 1 2 280 280 150 151
1676 1 2 280 280 151 354
1677 1 2 280 280 151 393
1678 1 2 280 280 150 354
1679 1 2 280 280 150 393
1680 1 2 280 280 354 393
1681 1 2 281 281 200 206
1682 1 2 281 281 206 354
1683 1 2 281 281 206 393
1684 1 2 281 281 200 354
1685 1 2 281 281 200 393
1686 1 2 281 281 354 393
1687 1 2 282 282 338 339
1688 1 2 282 282 338 353
1689 1 2 282 282 338 394
1690 1 2 282 282 339 353
1691 1 2 282 282 339 394
1692 1 2 282 282 353 394
1693 1 2 283 283 338 353
1694 1 2 283 283 338 339
1695 1 2 283 283 338 391
1696 1 2 283 283 339 353
1697 1 2 283 283 353 391
1698 1 2 283 283 339 391
1699 1 2 284 284 145 353
1700 1 2 284 284 112 145
1701 1 2 284 284 145 372
1702 1 2 284 284 112 353
1703 1 2 284 284 353 372
1704 1 2 284 284 112 372
1705 1 2 285 285 179 309
1706 1 2 285 285 309 314
1707 1 2 285 285 309 370
1708 1 2 285 285 179 314
1709 1 2 285 285 179 370
1710 1 2 285 285 314 370
1711 1 2 286 286 144 389
1712 1 2 286 286 144 358
1713 1 2 286 286 144 397
1714 1 2 286 286 358 389
1715 1 2 286 286 389 397
1716 1 2 286 286 358 397
1717 1 2 287 287 154 356
1718 1 2 287 287 109 154
1719 1 2 287 287 154 378
1720 1 2 287 287 109 356
1721 1 2 287 287 356 378
1722 1 2 287 287 109 378
1723 1 2 288 288 353 365
1724 1 2 288 288 268 353
1725 1 2 288 288 353 395
1726 1 2 288 288 268 365
1727 1 2 288 288 365 395
1728 1 2 288 288 268 395
1729 1 2 289 289 230 322
1730 1 2 289 289 230 251
1731 1 2 289 289 230 367
1732 1 2 289 289 251 322
1733 1 2 289 289 322 367
1734 1 2 289 289 251 367
1735 1 2 290 290 174 305
1736 1 2 290 290 174 193
1737 1 2 290 290 174 371
1738 1 2 290 290 193 305
1739 1 2 290 290 305 371
1740 1 2 290 290 193 371
1741 1 2 291 291 172 356
1742 1 2 291 291 172 199
1743 1 2 291 291 172 388
1744 1 2 291 291 199 356
1745 1 2 291 291 356 388
1746 1 2 291 291 199 388
1747 1 2 292 292 190 211
1748 1 2 292 292 211 358
1749 1 2 292 292 211 373
1750 1 2 292 292 190 358
1751 1 2 292 292 190 373
1752 1 2 292 292 358 373
1753 1 2 293 293 146 365
1754 1 2 293 293 146 353
1755 1 2 293 293 146 395
1756 1 2 293 293 353 365
1757 1 2 293 293 365 395
1758 1 2 293 293 353 395
1759 1 2 294 294 129 237
1760 1 2 294 294 129 365
1761 1 2 294 294 129 395
1762 1 2 294 294 237 365
1763 1 2 294 294 237 395
1764 1 2 294 294 365 395
1765 1 2 295 295 199 356
1766 1 2 295 295 176 199
1767 1 2 295 295 199 387
1768 1 2 295 295 176 356
1769 1 2 295 295 356 387
1770 1 2 295 295 176 387
1771 1 2 296 296 305 316
1772 1 2 296 296 174 316
1773 1 2 296 296 316 371
1774 1 2 296 296 174 305
1775 1 2 296 296 305 371
1776 1 2 296 296 174 371
1777 1 2 297 297 356 376
1778 1 2 297 297 347 356
1779 1 2 297 297 356 392
1780 1 2 297 297 347 376
1781 1 2 297 297 376 392
1782 1 2 297 297 347 392
1783 1 2 298 298 335 336
1784 1 2 298 298 327 335
1785 1 2 298 298 335 357
1786 1 2 298 298 327 336
1787 1 2 298 298 336 357
1788 1 2 298 298 327 357
1789 1 2 299 299 109 233
1790 1 2 299 299 109 260
1791 1 2 299 299 109 364
1792 1 2 299 299 233 260
1793 1 2 299 299 233 364
1794 1 2 299 299 260 364
1795 1 2 300 300 230 322
1796 1 2 300 300 298 322
1797 1 2 300 300 322 367
1798 1 2 300 300 230 298
1799 1 2 300 300 230 367
1800 1 2 300 300 298 367
1801 1 2 301 301 111 142
1802 1 2 301 301 111 143
1803 1 2 301 301 111 357
1804 1 2 301 301 142 143
1805 1 2 301 301 142 357
1806 1 2 301 301 143 357
1807 1 2 302 302 113 355
1808 1 2 302 302 113 148
1809 1 2 302 302 113 386
1810 1 2 302 302 148 355
1811 1 2 302 302 355 386
1812 1 2 302 302 148 386
1813 1 2 303 303 254 266
1814 1 2 303 303 254 354
1815 1 2 303 303 254 384
1816 1 2 303 303 266 354
1817 1 2 303 303 266 384
1818 1 2 303 303 354 384
1819 1 2 304 304 325 355
1820 1 2 304 304 325 341
1821 1 2 304 304 325 383
1822 1 2 304 304 341 355
1823 1 2 304 304 355 383
1824 1 2 304 304 341 383
1825 1 2 305 305 317 354
1826 1 2 305 305 317 343
1827 1 2 305 305 317 385
1828 1 2 305 305 343 354
1829 1 2 305 305 354 385
1830 1 2 305 305 343 385
1831 1 2 306 306 108 354
1832 1 2 306 306 108 150
1833 1 2 306 306 108 384
1834 1 2 306 306 150 354
1835 1 2 306 306 354 384
1836 1 2 306 306 150 384
1837 1 2 307 307 274 355
1838 1 2 307 307 256 274
1839 1 2 307 307 274 383
1840 1 2 307 307 256 355
1841 1 2 307 307 355 383
1842 1 2 307 307 256 383
1843 1 2 308 308 206 354
1844 1 2 308 308 180 206
1845 1 2 308 308 206 385
1846 1 2 308 308 180 354
1847 1 2 308 308 354 385
1848 1 2 308 308 180 385
1849 1 2 309 309 289 290
1850 1 2 309 309 287 289
1851 1 2 309 309 289 363
1852 1 2 309 309 287 290
1853 1 2 309 309 290 363
1854 1 2 309 309 287 363
1855 1 2 310 310 114 144
1856 1 2 310 310 114 139
1857 1 2 310 310 114 377
1858 1 2 310 310 139 144
1859 1 2 310 310 144 377
1860 1 2 310 310 139 377
1861 1 2 311 311 296 312
1862 1 2 311 311 312 313
1863 1 2 311 311 312 388
1864 1 2 311 311 296 313
1865 1 2 311 311 296 388
1866 1 2 311 311 313 388
1867 1 2 312 312 190 201
1868 1 2 312 312 190 358
1869 1 2 312 312 190 390
1870 1 2 312 312 201 358
1871 1 2 312 312 201 390
1872 1 2 312 312 358 390
1873 1 2 313 313 328 361
1874 1 2 313 313 328 348
1875 1 2 313 313 328 367
1876 1 2 313 313 348 361
1877 1 2 313 313 361 367
1878 1 2 313 313 348 367
1879 1 2 314 314 109 131
1880 1 2 314 314 109 233
1881 1 2 314 314 109 364
1882 1 2 314 314 131 233
1883 1 2 314 314 131 364
1884 1 2 314 314 233 364
1885 1 2 315 315 302 347
1886 1 2 315 315 302 376
1887 1 2 315 315 302 392
1888 1 2 315 315 347 376
1889 1 2 315 315 347 392
1890 1 2 315 315 376 392
1891 1 2 316 316 182 294
1892 1 2 316 316 294 321
1893 1 2 316 316 294 369
1894 1 2 316 316 182 321
1895 1 2 316 316 182 369
1896 1 2 316 316 321 369
1897 1 2 317 317 211 358
1898 1 2 317 317 201 211
1899 1 2 317 317 211 397
1900 1 2 317 317 201 358
1901 1 2 317 317 358 397
1902 1 2 317 317 201 397
1903 1 2 318 318 103 119
1904 1 2 318 318 103 120
1905 1 2 318 318 103 387
1906 1 2 318 318 119 120
1907 1 2 318 318 119 387
1908 1 2 318 318 120 387
1909 1 2 319 319 267 358
1910 1 2 319 319 267 273
1911 1 2 319 319 267 399
1912 1 2 319 319 273 358
1913 1 2 319 319 358 399
1914 1 2 319 319 273 399
1915 1 2 320 320 204 359
1916 1 2 320 320 182 204
1917 1 2 320 320 204 369
1918 1 2 320 320 182 359
1919 1 2 320 320 359 369
1920 1 2 320 320 182 369
1921 1 2 321 321 170 182
1922 1 2 321 321 170 294
1923 1 2 321 321 170 369
1924 1 2 321 321 182 294
1925 1 2 321 321 182 369
1926 1 2 321 321 294 369
1927 1 2 322 322 170 191
1928 1 2 322 322 191 294
1929 1 2 322 322 191 369
1930 1 2 322 322 170 294
1931 1 2 322 322 170 369
1932 1 2 322 322 294 369
1933 1 2 323 323 191 327
1934 1 2 323 323 294 327
1935 1 2 323 323 327 369
1936 1 2 323 323 191 294
1937 1 2 323 323 191 369
1938 1 2 323 323 294 369
1939 1 2 324 324 268 272
1940 1 2 324 324 268 353
1941 1 2 324 324 268 395
1942 1 2 324 324 272 353
1943 1 2 324 324 272 395
1944 1 2 324 324 353 395
1945 1 2 325 325 305 338
1946 1 2 325 325 338 339
1947 1 2 325 325 338 394
1948 1 2 325 325 305 339
1949 1 2 325 325 305 394
1950 1 2 325 325 339 394
1951 1 2 326 326 145 146
1952 1 2 326 326 145 353
1953 1 2 326 326 145 395
1954 1 2 326 326 146 353
1955 1 2 326 326 146 395
1956 1 2 326 326 353 395
1957 1 2 327 327 122 149
1958 1 2 327 327 122 382
1959 1 2 327 327 122 386
1960 1 2 327 327 149 382
1961 1 2 327 327 149 386
1962 1 2 327 327 382 386
1963 1 2 328 328 167 209
1964 1 2 328 328 209 382
1965 1 2 328 328 209 386
1966 1 2 328 328 167 382
1967 1 2 328 328 167 386
1968 1 2 328 328 382 386
1969 1 2 329 329 308 342
1970 1 2 329 329 308 379
1971 1 2 329 329 308 385
1972 1 2 329 329 342 379
1973 1 2 329 329 342 385
1974 1 2 329 329 379 385
1975 1 2 330 330 342 380
1976 1 2 330 330 300 342
1977 1 2 330 330 342 383
1978 1 2 330 330 300 380
1979 1 2 330 330 380 383
1980 1 2 330 330 300 383
1981 1 2 331 331 232 380
1982 1 2 331 331 232 277
1983 1 2 331 331 232 383
1984 1 2 331 331 277 380
1985 1 2 331 331 380 383
1986 1 2 331 331 277 383
1987 1 2 332 332 149 381
1988 1 2 332 332 130 149
1989 1 2 332 332 149 384
1990 1 2 332 332 130 381
1991 1 2 332 332 381 384
1992 1 2 332 332 130 384
1993 1 2 333 333 238 277
1994 1 2 333 333 277 381
1995 1 2 333 333 277 384
1996 1 2 333 333 238 381
1997 1 2 333 333 238 384
1998 1 2 333 333 381 384
1999 1 2 334 334 276 278
2000 1 2 334 334 248 276
2001 1 2 334 334 276 392
2002 1 2 334 334 248 278
2003 1 2 334 334 278 392
2004 1 2 334 334 248 392
2005 1 2 335 335 124 151
2006 1 2 335 335 150 151
2007 1 2 335 335 151 393
2008 1 2 335 335 124 150
2009 1 2 335 335 124 393
2010 1 2 335 335 150 393
2011 1 2 336 336 166 206
2012 1 2 336 336 200 206
2013 1 2 336 336 206 393
2014 1 2 336 336 166 200
2015 1 2 336 336 166 393
2016 1 2 336 336 200 393
2017 1 2 337 337 139 358
2018 1 2 337 337 139 144
2019 1 2 337 337 139 389
2020 1 2 337 337 144 358
2021 1 2 337 337 358 389
2022 1 2 337 337 144 389
2023 1 2 338 338 237 268
2024 1 2 338 338 237 365
2025 1 2 338 338 237 395
2026 1 2 338 338 268 365
2027 1 2 338 338 268 395
2028 1 2 338 338 365 395
2029 1 2 339 339 326 358
2030 1 2 339 339 326 337
2031 1 2 339 339 326 390
2032 1 2 339 339 337 358
2033 1 2 339 339 358 390
2034 1 2 339 339 337 390
2035 1 2 340 340 175 209
2036 1 2 340 340 209 379
2037 1 2 340 340 209 385
2038 1 2 340 340 175 379
2039 1 2 340 340 175 385
2040 1 2 340 340 379 385
2041 1 2 341 341 165 353
2042 1 2 341 341 165 208
2043 1 2 341 341 165 372
2044 1 2 341 341 208 353
2045 1 2 341 341 353 372
2046 1 2 341 341 208 372
2047 1 2 342 342 240 354
2048 1 2 342 342 240 266
2049 1 2 342 342 240 380
2050 1 2 342 342 266 354
2051 1 2 342 342 354 380
2052 1 2 342 342 266 380
2053 1 2 343 343 301 343
2054 1 2 343 343 301 354
2055 1 2 343 343 301 380
2056 1 2 343 343 343 354
2057 1 2 343 343 343 380
2058 1 2 343 343 354 380
2059 1 2 344 344 148 355
2060 1 2 344 344 132 148
2061 1 2 344 344 148 381
2062 1 2 344 344 132 355
2063 1 2 344 344 355 381
2064 1 2 344 344 132 381
2065 1 2 345 345 239 355
2066 1 2 345 345 239 274
2067 1 2 345 345 239 381
2068 1 2 345 345 274 355
2069 1 2 345 345 355 381
2070 1 2 345 345 274 381
2071 1 2 346 346 169 191
2072 1 2 346 346 169 295
2073 1 2 346 346 169 373
2074 1 2 346 346 191 295
2075 1 2 346 346 191 373
2076 1 2 346 346 295 373
2077 1 2 347 347 191 295
2078 1 2 347 347 295 327
2079 1 2 347 347 295 373
2080 1 2 347 347 191 327
2081 1 2 347 347 191 373
2082 1 2 347 347 327 373
2083 1 2 348 348 341 355
2084 1 2 348 348 306 341
2085 1 2 348 348 341 379
2086 1 2 348 348 306 355
2087 1 2 348 348 355 379
2088 1 2 348 348 306 379
2089 1 2 349 349 322 338
2090 1 2 349 349 322 339
2091 1 2 349 349 322 391
2092 1 2 349 349 338 339
2093 1 2 349 349 338 391
2094 1 2 349 349 339 391
2095 1 2 350 350 332 337
2096 1 2 350 350 332 358
2097 1 2 350 350 332 390
2098 1 2 350 350 337 358
2099 1 2 350 350 337 390
2100 1 2 350 350 358 390
2101 1 2 351 351 251 268
2102 1 2 351 351 251 272
2103 1 2 351 351 251 391
2104 1 2 351 351 268 272
2105 1 2 351 351 268 391
2106 1 2 351 351 272 391
2107 1 2 352 352 129 146
2108 1 2 352 352 146 365
2109 1 2 352 352 146 395
2110 1 2 352 352 129 365
2111 1 2 352 352 129 395
2112 1 2 352 352 365 395
2113 1 2 353 353 164 188
2114 1 2 353 353 136 188
2115 1 2 353 353 188 372
2116 1 2 353 353 136 164
2117 1 2 353 353 164 372
2118 1 2 353 353 136 372
2119 1 2 354 354 321 359
2120 1 2 354 354 321 334
2121 1 2 354 354 321 369
2122 1 2 354 354 334 359
2123 1 2 354 354 359 369
2124 1 2 354 354 334 369
2125 1 2 355 355 260 356
2126 1 2 355 355 260 276
2127 1 2 355 355 260 378
2128 1 2 355 355 276 356
2129 1 2 355 355 356 378
2130 1 2 355 355 276 378
2131 1 2 356 356 126 359
2132 1 2 356 356 126 141
2133 1 2 356 356 126 368
2134 1 2 356 356 141 359
2135 1 2 356 356 359 368
2136 1 2 356 356 141 368
2137 1 2 357 357 203 205
2138 1 2 357 357 205 357
2139 1 2 357 357 205 396
2140 1 2 357 357 203 357
2141 1 2 357 357 203 396
2142 1 2 357 357 357 396
2143 1 2 358 358 271 357
2144 1 2 358 358 236 271
2145 1 2 358 358 271 366
2146 1 2 358 358 236 357
2147 1 2 358 358 357 366
2148 1 2 358 358 236 366
2149 1 2 359 359 358 389
2150 1 2 359 359 201 358
2151 1 2 359 359 358 397
2152 1 2 359 359 201 389
2153 1 2 359 359 389 397
2154 1 2 359 359 201 397
2155 1 2 360 360 118 244
2156 1 2 360 360 235 244
2157 1 2 360 360 244 366
2158 1 2 360 360 118 235
2159 1 2 360 360 118 366
2160 1 2 360 360 235 366
2161 1 2 361 361 208 213
2162 1 2 361 361 165 213
2163 1 2 361 361 213 353
2164 1 2 361 361 165 208
2165 1 2 361 361 208 353
2166 1 2 361 361 165 353
2167 1 2 362 362 104 126
2168 1 2 362 362 126 140
2169 1 2 362 362 126 363
2170 1 2 362 362 104 140
2171 1 2 362 362 104 363
2172 1 2 362 362 140 363
2173 1 2 363 363 207 361
2174 1 2 363 363 164 207
2175 1 2 363 363 207 372
2176 1 2 363 363 164 361
2177 1 2 363 363 361 372
2178 1 2 363 363 164 372
2179 1 2 364 364 273 358
2180 1 2 364 364 235 273
2181 1 2 364 364 273 377
2182 1 2 364 364 235 358
2183 1 2 364 364 358 377
2184 1 2 364 364 235 377
2185 1 2 365 365 180 317
2186 1 2 365 365 309 317
2187 1 2 365 365 317 370
2188 1 2 365 365 180 309
2189 1 2 365 365 180 370
2190 1 2 365 365 309 370
2191 1 2 366 366 180 309
2192 1 2 366 366 179 309
2193 1 2 366 366 309 370
2194 1 2 366 366 179 180
2195 1 2 366 366 180 370
2196 1 2 366 366 179 370
2197 1 2 367 367 160 201
2198 1 2 367 367 160 389
2199 1 2 367 367 160 397
2200 1 2 367 367 201 389
2201 1 2 367 367 201 397
2202 1 2 367 367 389 397
2203 1 2 368 368 242 275
2204 1 2 368 368 242 377
2205 1 2 368 368 242 378
2206 1 2 368 368 275 377
2207 1 2 368 368 275 378
2208 1 2 368 368 377 378
2209 1 2 369 369 246 359
2210 1 2 369 369 246 264
2211 1 2 369 369 246 368
2212 1 2 369 369 264 359
2213 1 2 369 369 359 368
2214 1 2 369 369 264 368
2215 1 2 370 370 110 136
2216 1 2 370 370 136 155
2217 1 2 370 370 136 361
2218 1 2 370 370 110 155
2219 1 2 370 370 110 361
2220 1 2 370 370 155 361
2221 1 2 371 371 303 329
2222 1 2 371 371 303 348
2223 1 2 371 371 303 361
2224 1 2 371 371 329 348
2225 1 2 371 371 329 361
2226 1 2 371 371 348 361
2227 1 2 372 372 143 357
2228 1 2 372 372 142 143
2229 1 2 372 372 143 396
2230 1 2 372 372 142 357
2231 1 2 372 372 357 396
2232 1 2 372 372 142 396
2233 1 2 373 373 302 345
2234 1 2 373 373 302 347
2235 1 2 373 373 302 392
2236 1 2 373 373 345 347
2237 1 2 373 373 345 392
2238 1 2 373 373 347 392
2239 1 2 374 374 208 353
2240 1 2 374 374 208 213
2241 1 2 374 374 208 394
2242 1 2 374 374 213 353
2243 1 2 374 374 353 394
2244 1 2 374 374 213 394
2245 1 2 375 375 111 118
2246 1 2 375 375 111 236
2247 1 2 375 375 111 366
2248 1 2 375 375 118 236
2249 1 2 375 375 118 366
2250 1 2 375 375 236 366
2251 1 2 376 376 242 275
2252 1 2 376 376 242 255
2253 1 2 376 376 242 377
2254 1 2 376 376 255 275
2255 1 2 376 376 275 377
2256 1 2 376 376 255 377
2257 1 2 377 377 336 357
2258 1 2 377 377 335 336
2259 1 2 377 377 336 398
2260 1 2 377 377 335 357
2261 1 2 377 377 357 398
2262 1 2 377 377 335 398
2263 1 2 378 378 303 348
2264 1 2 378 378 303 328
2265 1 2 378 378 303 361
2266 1 2 378 378 328 348
2267 1 2 378 378 348 361
2268 1 2 378 378 328 361
2269 1 2 379 379 110 155
2270 1 2 379 379 135 155
2271 1 2 379 379 155 361
2272 1 2 379 379 110 135
2273 1 2 379 379 110 361
2274 1 2 379 379 135 361
2275 1 2 380 380 308 342
2276 1 2 380 380 308 315
2277 1 2 380 380 308 379
2278 1 2 380 380 315 342
2279 1 2 380 380 342 379
2280 1 2 380 380 315 379
2281 1 2 381 381 184 355
2282 1 2 381 381 184 212
2283 1 2 381 381 184 379
2284 1 2 381 381 212 355
2285 1 2 381 381 355 379
2286 1 2 381 381 212 379
2287 1 2 382 382 267 273
2288 1 2 382 382 250 267
2289 1 2 382 382 267 399
2290 1 2 382 382 250 273
2291 1 2 382 382 273 399
2292 1 2 382 382 250 399
2293 1 2 383 383 232 257
2294 1 2 383 383 232 277
2295 1 2 383 383 232 380
2296 1 2 383 383 257 277
2297 1 2 383 383 257 380
2298 1 2 383 383 277 380
2299 1 2 384 384 323 342
2300 1 2 384 384 300 342
2301 1 2 384 384 342 380
2302 1 2 384 384 300 323
2303 1 2 384 384 323 380
2304 1 2 384 384 300 380
2305 1 2 385 385 107 149
2306 1 2 385 385 130 149
2307 1 2 385 385 149 381
2308 1 2 385 385 107 130
2309 1 2 385 385 107 381
2310 1 2 385 385 130 381
2311 1 2 386 386 115 122
2312 1 2 386 386 115 149
2313 1 2 386 386 115 382
2314 1 2 386 386 122 149
2315 1 2 386 386 122 382
2316 1 2 386 386 149 382
2317 1 2 387 387 238 277
2318 1 2 387 387 252 277
2319 1 2 387 387 277 381
2320 1 2 387 387 238 252
2321 1 2 387 387 238 381
2322 1 2 387 387 252 381
2323 1 2 388 388 167 209
2324 1 2 388 388 186 209
2325 1 2 388 388 209 382
2326 1 2 388 388 167 186
2327 1 2 388 388 167 382
2328 1 2 388 388 186 382
2329 1 2 389 389 332 358
2330 1 2 389 389 332 337
2331 1 2 389 389 332 399
2332 1 2 389 389 337 358
2333 1 2 389 389 358 399
2334 1 2 389 389 337 399
2335 1 2 390 390 192 209
2336 1 2 390 390 175 192
2337 1 2 390 390 192 379
2338 1 2 390 390 175 209
2339 1 2 390 390 209 379
2340 1 2 390 390 175 379
2341 1 2 391 391 118 244
2342 1 2 391 391 118 236
2343 1 2 391 391 118 366
2344 1 2 391 391 236 244
2345 1 2 391 391 244 366
2346 1 2 391 391 236 366
2347 1 2 392 392 137 292
2348 1 2 392 392 286 292
2349 1 2 392 392 292 363
2350 1 2 392 392 137 286
2351 1 2 392 392 137 363
2352 1 2 392 392 286 363
2353 1 2 393 393 165 188
2354 1 2 393 393 112 165
2355 1 2 393 393 165 372
2356 1 2 393 393 112 188
2357 1 2 393 393 188 372
2358 1 2 393 393 112 372
2359 1 2 394 394 127 188
2360 1 2 394 394 112 188
2361 1 2 394 394 188 372
2362 1 2 394 394 112 127
2363 1 2 394 394 127 372
2364 1 2 394 394 112 372
2365 1 2 395 395 332 375
2366 1 2 395 395 332 358
2367 1 2 395 395 332 399
2368 1 2 395 395 358 375
2369 1 2 395 395 375 399
2370 1 2 395 395 358 399
2371 1 2 396 396 114 235
2372 1 2 396 396 114 118
2373 1 2 396 396 114 366
2374 1 2 396 396 118 235
2375 1 2 396 396 235 366
2376 1 2 396 396 118 366
2377 1 2 397 397 234 375
2378 1 2 397 397 234 275
2379 1 2 397 397 234 376
2380 1 2 397 397 275 375
2381 1 2 397 397 375 376
2382 1 2 397 397 275 376
2383 1 2 398 398 174 316
2384 1 2 398 398 306 316
2385 1 2 398 398 316 371
2386 1 2 398 398 174 306
2387 1 2 398 398 174 371
2388 1 2 398 398 306 371
2389 1 2 399 399 234 249
2390 1 2 399 399 234 275
2391 1 2 399 399 234 375
2392 1 2 399 399 249 275
2393 1 2 399 399 249 375
2394 1 2 399 399 275 375
2395 1 2 400 400 136 188
2396 1 2 400 400 127 188
2397 1 2 400 400 188 372
2398 1 2 400 400 127 136
2399 1 2 400 400 136 372
2400 1 2 400 400 127 372
2401 1 2 401 401 160 211
2402 1 2 401 401 160 201
2403 1 2 401 401 160 397
2404 1 2 401 401 201 211
2405 1 2 401 401 211 397
2406 1 2 401 401 201 397
2407 1 2 402 402 298 328
2408 1 2 402 402 230 328
2409 1 2 402 402 328 367
2410 1 2 402 402 230 298
2411 1 2 402 402 298 367
2412 1 2 402 402 230 367
2413 1 2 403 403 230 328
2414 1 2 403 403 262 328
2415 1 2 403 403 328 367
2416 1 2 403 403 230 262
2417 1 2 403 403 230 367
2418 1 2 403 403 262 367
2419 1 2 404 404 360 382
2420 1 2 404 404 149 360
2421 1 2 404 404 360 386
2422 1 2 404 404 149 382
2423 1 2 404 404 382 386
2424 1 2 404 404 149 386
2425 1 2 405 405 209 382
2426 1 2 405 405 209 360
2427 1 2 405 405 209 386
2428 1 2 405 405 360 382
2429 1 2 405 405 382 386
2430 1 2 405 405 360 386
2431 1 2 406 406 360 379
2432 1 2 406 406 342 360
2433 1 2 406 406 360 385
2434 1 2 406 406 342 379
2435 1 2 406 406 379 385
2436 1 2 406 406 342 385
2437 1 2 407 407 342 360
2438 1 2 407 407 342 380
2439 1 2 407 407 342 383
2440 1 2 407 407 360 380
2441 1 2 407 407 360 383
2442 1 2 407 407 380 383
2443 1 2 408 408 149 360
2444 1 2 408 408 149 381
2445 1 2 408 408 149 384
2446 1 2 408 408 360 381
2447 1 2 408 408 360 384
2448 1 2 408 408 381 384
2449 1 2 409 409 277 381
2450 1 2 409 409 277 360
2451 1 2 409 409 277 384
2452 1 2 409 409 360 381
2453 1 2 409 409 381 384
2454 1 2 409 409 360 384
2455 1 2 410 410 277 380
2456 1 2 410 410 277 360
2457 1 2 410 410 277 383
2458 1 2 410 410 360 380
2459 1 2 410 410 380 383
2460 1 2 410 410 360 383
2461 1 2 411 411 133 144
2462 1 2 411 411 144 389
2463 1 2 411 411 144 397
2464 1 2 411 411 133 389
2465 1 2 411 411 133 397
2466 1 2 411 411 389 397
2467 1 2 412 412 209 379
2468 1 2 412 412 209 360
2469 1 2 412 412 209 385
2470 1 2 412 412 360 379
2471 1 2 412 412 379 385
2472 1 2 412 412 360 385
2473 1 2 413 413 174 184
2474 1 2 413 413 174 306
2475 1 2 413 413 174 371
2476 1 2 413 413 184 306
2477 1 2 413 413 184 371
2478 1 2 413 413 306 371
2479 1 2 414 414 182 204
2480 1 2 414 414 182 214
2481 1 2 414 414 182 359
2482 1 2 414 414 204 214
2483 1 2 414 414 204 359
2484 1 2 414 414 214 359
2485 1 2 415 415 281 361
2486 1 2 415 415 262 281
2487 1 2 415 415 281 367
2488 1 2 415 415 262 361
2489 1 2 415 415 361 367
2490 1 2 415 415 262 367
2491 1 2 416 416 193 208
2492 1 2 416 416 193 213
2493 1 2 416 416 193 394
2494 1 2 416 416 208 213
2495 1 2 416 416 208 394
2496 1 2 416 416 213 394
2497 1 2 417 417 246 264
2498 1 2 417 417 264 280
2499 1 2 417 417 264 359
2500 1 2 417 417 246 280
2501 1 2 417 417 246 359
2502 1 2 417 417 280 359
2503 1 2 418 418 265 357
2504 1 2 418 418 265 271
2505 1 2 418 418 265 398
2506 1 2 418 418 271 357
2507 1 2 418 418 357 398
2508 1 2 418 418 271 398
2509 1 2 419 419 236 271
2510 1 2 419 419 236 265
2511 1 2 419 419 236 357
2512 1 2 419 419 265 271
2513 1 2 419 419 271 357
2514 1 2 419 419 265 357
2515 1 2 420 420 169 295
2516 1 2 420 420 169 190
2517 1 2 420 420 169 373
2518 1 2 420 420 190 295
2519 1 2 420 420 295 373
2520 1 2 420 420 190 373
2521 1 2 421 421 236 357
2522 1 2 421 421 236 265
2523 1 2 421 421 236 368
2524 1 2 421 421 265 357
2525 1 2 421 421 357 368
2526 1 2 421 421 265 368
2527 1 2 422 422 246 280
2528 1 2 422 422 245 280
2529 1 2 422 422 280 359
2530 1 2 422 422 245 246
2531 1 2 422 422 246 359
2532 1 2 422 422 245 359
2533 1 2 423 423 112 188
2534 1 2 423 423 25 188
2535 1 2 423 423 165 188
2536 1 2 423 423 25 112
2537 1 2 423 423 112 165
2538 1 2 423 423 25 165
2539 1 2 424 424 112 188
2540 1 2 424 424 25 112
2541 1 2 424 424 112 127
2542 1 2 424 424 25 188
2543 1 2 424 424 127 188
2544 1 2 424 424 25 127
2545 1 2 425 425 107 238
2546 1 2 425 425 36 107
2547 1 2 425 425 107 130
2548 1 2 425 425 36 238
2549 1 2 425 425 130 238
2550 1 2 425 425 36 130
2551 1 2 426 426 107 238
2552 1 2 426 426 107 252
2553 1 2 426 426 36 107
2554 1 2 426 426 238 252
2555 1 2 426 426 36 238
2556 1 2 426 426 36 252
2557 1 2 427 427 34 132
2558 1 2 427 427 132 253
2559 1 2 427 427 106 132
2560 1 2 427 427 34 253
2561 1 2 427 427 34 106
2562 1 2 427 427 106 253
2563 1 2 428 428 21 122
2564 1 2 428 428 21 186
2565 1 2 428 428 21 167
2566 1 2 428 428 122 186
2567 1 2 428 428 122 167
2568 1 2 428 428 167 186
2569 1 2 429 429 33 253
2570 1 2 429 429 129 253
2571 1 2 429 429 106 253
2572 1 2 429 429 33 129
2573 1 2 429 429 33 106
2574 1 2 429 429 106 129
2575 1 2 430 430 233 254
2576 1 2 430 430 38 254
2577 1 2 430 430 131 254
2578 1 2 430 430 38 233
2579 1 2 430 430 131 233
2580 1 2 430 430 38 131
2581 1 2 431 431 38 131
2582 1 2 431 431 131 254
2583 1 2 431 431 108 131
2584 1 2 431 431 38 254
2585 1 2 431 431 38 108
2586 1 2 431 431 108 254
2587 1 2 432 432 21 122
2588 1 2 432 432 21 115
2589 1 2 432 432 21 186
2590 1 2 432 432 115 122
2591 1 2 432 432 122 186
2592 1 2 432 432 115 186
2593 1 2 433 433 239 253
2594 1 2 433 433 34 253
2595 1 2 433 433 132 253
2596 1 2 433 433 34 239
2597 1 2 433 433 132 239
2598 1 2 433 433 34 132
2599 1 2 434 434 78 300
2600 1 2 434 434 78 323
2601 1 2 434 434 78 232
2602 1 2 434 434 300 323
2603 1 2 434 434 232 300
2604 1 2 434 434 232 323
2605 1 2 435 435 232 323
2606 1 2 435 435 78 232
2607 1 2 435 435 232 257
2608 1 2 435 435 78 323
2609 1 2 435 435 257 323
2610 1 2 435 435 78 257
2611 1 2 436 436 33 253
2612 1 2 436 436 237 253
2613 1 2 436 436 129 253
2614 1 2 436 436 33 237
2615 1 2 436 436 33 129
2616 1 2 436 436 129 237
2617 1 2 437 437 231 325
2618 1 2 437 437 76 231
2619 1 2 437 437 231 256
2620 1 2 437 437 76 325
2621 1 2 437 437 256 325
2622 1 2 437 437 76 256
2623 1 2 438 438 299 325
2624 1 2 438 438 76 299
2625 1 2 438 438 231 299
2626 1 2 438 438 76 325
2627 1 2 438 438 231 325
2628 1 2 438 438 76 231
2629 1 2 439 439 301 324
2630 1 2 439 439 80 301
2631 1 2 439 439 247 301
2632 1 2 439 439 80 324
2633 1 2 439 439 247 324
2634 1 2 439 439 80 247
2635 1 2 440 440 240 301
2636 1 2 440 440 80 240
2637 1 2 440 440 240 247
2638 1 2 440 440 80 301
2639 1 2 440 440 247 301
2640 1 2 440 440 80 247
2641 1 2 441 441 61 180
2642 1 2 441 441 180 309
2643 1 2 441 441 179 180
2644 1 2 441 441 61 309
2645 1 2 441 441 61 179
2646 1 2 441 441 179 309
2647 1 2 442 442 61 309
2648 1 2 442 442 61 317
2649 1 2 442 442 61 180
2650 1 2 442 442 309 317
2651 1 2 442 442 180 309
2652 1 2 442 442 180 317
2653 1 2 443 443 191 294
2654 1 2 443 443 54 191
2655 1 2 443 443 191 327
2656 1 2 443 443 54 294
2657 1 2 443 443 294 327
2658 1 2 443 443 54 327
2659 1 2 444 444 191 294
2660 1 2 444 444 54 294
2661 1 2 444 444 170 294
2662 1 2 444 444 54 191
2663 1 2 444 444 170 191
2664 1 2 444 444 54 170
2665 1 2 445 445 139 144
2666 1 2 445 445 133 139
2667 1 2 445 445 139 389
2668 1 2 445 445 133 144
2669 1 2 445 445 144 389
2670 1 2 445 445 133 389
2671 1 2 446 446 362 377
2672 1 2 446 446 275 362
2673 1 2 446 446 362 378
2674 1 2 446 446 275 377
2675 1 2 446 446 377 378
2676 1 2 446 446 275 378
2677 1 2 447 447 153 377
2678 1 2 447 447 120 153
2679 1 2 447 447 153 378
2680 1 2 447 447 120 377
2681 1 2 447 447 377 378
2682 1 2 447 447 120 378
2683 1 2 448 448 326 332
2684 1 2 448 448 332 337
2685 1 2 448 448 332 390
2686 1 2 448 448 326 337
2687 1 2 448 448 326 390
2688 1 2 448 448 337 390
2689 1 2 449 449 63 308
2690 1 2 449 449 63 192
2691 1 2 449 449 63 175
2692 1 2 449 449 192 308
2693 1 2 449 449 175 308
2694 1 2 449 449 175 192
2695 1 2 450 450 63 308
2696 1 2 450 450 63 315
2697 1 2 450 450 63 192
2698 1 2 450 450 308 315
2699 1 2 450 450 192 308
2700 1 2 450 450 192 315
2701 1 2 451 451 164 196
2702 1 2 451 451 196 207
2703 1 2 451 451 196 361
2704 1 2 451 451 164 207
2705 1 2 451 451 164 361
2706 1 2 451 451 207 361
2707 1 2 452 452 187 207
2708 1 2 452 452 196 207
2709 1 2 452 452 207 361
2710 1 2 452 452 187 196
2711 1 2 452 452 187 361
2712 1 2 452 452 196 361
2713 1 2 453 453 275 375
2714 1 2 453 453 275 362
2715 1 2 453 453 275 376
2716 1 2 453 453 362 375
2717 1 2 453 453 375 376
2718 1 2 453 453 362 376
2719 1 2 454 454 313 375
2720 1 2 454 454 313 346
2721 1 2 454 454 313 376
2722 1 2 454 454 346 375
2723 1 2 454 454 375 376
2724 1 2 454 454 346 376
2725 1 2 455 455 345 370
2726 1 2 455 455 345 356
2727 1 2 455 455 345 392
2728 1 2 455 455 356 370
2729 1 2 455 455 370 392
2730 1 2 455 455 356 392
2731 1 2 456 456 174 306
2732 1 2 456 456 65 174
2733 1 2 456 456 174 316
2734 1 2 456 456 65 306
2735 1 2 456 456 306 316
2736 1 2 456 456 65 316
2737 1 2 457 457 353 371
2738 1 2 457 457 339 353
2739 1 2 457 457 353 391
2740 1 2 457 457 339 371
2741 1 2 457 457 371 391
2742 1 2 457 457 339 391
2743 1 2 458 458 295 326
2744 1 2 458 458 190 295
2745 1 2 458 458 295 373
2746 1 2 458 458 190 326
2747 1 2 458 458 326 373
2748 1 2 458 458 190 373
2749 1 2 459 459 138 153
2750 1 2 459 459 120 138
2751 1 2 459 459 138 378
2752 1 2 459 459 120 153
2753 1 2 459 459 153 378
2754 1 2 459 459 120 378
2755 1 2 460 460 116 121
2756 1 2 460 460 18 116
2757 1 2 460 460 116 181
2758 1 2 460 460 18 121
2759 1 2 460 460 121 181
2760 1 2 460 460 18 181
2761 1 2 461 461 60 314
2762 1 2 461 461 60 309
2763 1 2 461 461 60 179
2764 1 2 461 461 309 314
2765 1 2 461 461 179 314
2766 1 2 461 461 179 309
2767 1 2 462 462 121 176
2768 1 2 462 462 18 121
2769 1 2 462 462 121 181
2770 1 2 462 462 18 176
2771 1 2 462 462 176 181
2772 1 2 462 462 18 181
2773 1 2 463 463 60 314
2774 1 2 463 463 172 314
2775 1 2 463 463 179 314
2776 1 2 463 463 60 172
2777 1 2 463 463 60 179
2778 1 2 463 463 172 179
2779 1 2 464 464 298 322
2780 1 2 464 464 74 298
2781 1 2 464 464 230 298
2782 1 2 464 464 74 322
2783 1 2 464 464 230 322
2784 1 2 464 464 74 230
2785 1 2 465 465 74 251
2786 1 2 465 465 251 322
2787 1 2 465 465 230 251
2788 1 2 465 465 74 322
2789 1 2 465 465 74 230
2790 1 2 465 465 230 322
2791 1 2 466 466 53 294
2792 1 2 466 466 182 294
2793 1 2 466 466 170 294
2794 1 2 466 466 53 182
2795 1 2 466 466 53 170
2796 1 2 466 466 170 182
2797 1 2 467 467 294 321
2798 1 2 467 467 53 321
2799 1 2 467 467 182 321
2800 1 2 467 467 53 294
2801 1 2 467 467 182 294
2802 1 2 467 467 53 182
2803 1 2 468 468 174 193
2804 1 2 468 468 66 193
2805 1 2 468 468 193 305
2806 1 2 468 468 66 174
2807 1 2 468 468 174 305
2808 1 2 468 468 66 305
2809 1 2 469 469 66 316
2810 1 2 469 469 174 316
2811 1 2 469 469 305 316
2812 1 2 469 469 66 174
2813 1 2 469 469 66 305
2814 1 2 469 469 174 305
2815 1 2 470 470 313 331
2816 1 2 470 470 331 346
2817 1 2 470 470 331 376
2818 1 2 470 470 313 346
2819 1 2 470 470 313 376
2820 1 2 470 470 346 376
2821 1 2 471 471 174 306
2822 1 2 471 471 65 306
2823 1 2 471 471 184 306
2824 1 2 471 471 65 174
2825 1 2 471 471 174 184
2826 1 2 471 471 65 184
2827 1 2 472 472 307 375
2828 1 2 472 472 307 332
2829 1 2 472 472 307 399
2830 1 2 472 472 332 375
2831 1 2 472 472 375 399
2832 1 2 472 472 332 399
2833 1 2 473 473 191 295
2834 1 2 473 473 55 191
2835 1 2 473 473 169 191
2836 1 2 473 473 55 295
2837 1 2 473 473 169 295
2838 1 2 473 473 55 169
2839 1 2 474 474 191 295
2840 1 2 474 474 55 295
2841 1 2 474 474 295 327
2842 1 2 474 474 55 191
2843 1 2 474 474 191 327
2844 1 2 474 474 55 327
2845 1 2 475 475 13 102
2846 1 2 475 475 102 161
2847 1 2 475 475 102 134
2848 1 2 475 475 13 161
2849 1 2 475 475 13 134
2850 1 2 475 475 134 161
2851 1 2 476 476 13 161
2852 1 2 476 476 13 189
2853 1 2 476 476 13 102
2854 1 2 476 476 161 189
2855 1 2 476 476 102 161
2856 1 2 476 476 102 189
2857 1 2 477 477 56 190
2858 1 2 477 477 56 169
2859 1 2 477 477 56 295
2860 1 2 477 477 169 190
2861 1 2 477 477 190 295
2862 1 2 477 477 169 295
2863 1 2 478 478 227 261
2864 1 2 478 478 261 281
2865 1 2 478 478 261 361
2866 1 2 478 478 227 281
2867 1 2 478 478 227 361
2868 1 2 478 478 281 361
2869 1 2 479 479 227 281
2870 1 2 479 479 262 281
2871 1 2 479 479 281 361
2872 1 2 479 479 227 262
2873 1 2 479 479 227 361
2874 1 2 479 479 262 361
2875 1 2 480 480 268 365
2876 1 2 480 480 268 353
2877 1 2 480 480 268 391
2878 1 2 480 480 353 365
2879 1 2 480 480 365 391
2880 1 2 480 480 353 391
2881 1 2 481 481 356 364
2882 1 2 481 481 278 356
2883 1 2 481 481 356 392
2884 1 2 481 481 278 364
2885 1 2 481 481 364 392
2886 1 2 481 481 278 392
2887 1 2 482 482 354 364
2888 1 2 482 482 151 354
2889 1 2 482 482 354 393
2890 1 2 482 482 151 364
2891 1 2 482 482 364 393
2892 1 2 482 482 151 393
2893 1 2 483 483 214 359
2894 1 2 483 483 204 214
2895 1 2 483 483 214 400
2896 1 2 483 483 204 359
2897 1 2 483 483 359 400
2898 1 2 483 483 204 400
2899 1 2 484 484 109 233
2900 1 2 484 484 39 233
2901 1 2 484 484 131 233
2902 1 2 484 484 39 109
2903 1 2 484 484 109 131
2904 1 2 484 484 39 131
2905 1 2 485 485 109 260
2906 1 2 485 485 39 260
2907 1 2 485 485 233 260
2908 1 2 485 485 39 109
2909 1 2 485 485 109 233
2910 1 2 485 485 39 233
2911 1 2 486 486 126 140
2912 1 2 486 486 126 141
2913 1 2 486 486 126 359
2914 1 2 486 486 140 141
2915 1 2 486 486 140 359
2916 1 2 486 486 141 359
2917 1 2 487 487 319 334
2918 1 2 487 487 319 333
2919 1 2 487 487 319 359
2920 1 2 487 487 333 334
2921 1 2 487 487 334 359
2922 1 2 487 487 333 359
2923 1 2 488 488 333 334
2924 1 2 488 488 321 333
2925 1 2 488 488 333 359
2926 1 2 488 488 321 334
2927 1 2 488 488 334 359
2928 1 2 488 488 321 359
2929 1 2 489 489 111 279
2930 1 2 489 489 236 279
2931 1 2 489 489 279 368
2932 1 2 489 489 111 236
2933 1 2 489 489 111 368
2934 1 2 489 489 236 368
2935 1 2 490 490 267 366
2936 1 2 490 490 267 358
2937 1 2 490 490 267 399
2938 1 2 490 490 358 366
2939 1 2 490 490 366 399
2940 1 2 490 490 358 399
2941 1 2 491 491 353 367
2942 1 2 491 491 338 353
2943 1 2 491 491 353 394
2944 1 2 491 491 338 367
2945 1 2 491 491 367 394
2946 1 2 491 491 338 394
2947 1 2 492 492 272 367
2948 1 2 492 492 272 353
2949 1 2 492 492 272 395
2950 1 2 492 492 353 367
2951 1 2 492 492 367 395
2952 1 2 492 492 353 395
2953 1 2 493 493 125 279
2954 1 2 493 493 111 279
2955 1 2 493 493 279 368
2956 1 2 493 493 111 125
2957 1 2 493 493 125 368
2958 1 2 493 493 111 368
2959 1 2 494 494 88 318
2960 1 2 494 494 229 318
2961 1 2 494 494 318 319
2962 1 2 494 494 88 229
2963 1 2 494 494 88 319
2964 1 2 494 494 229 319
2965 1 2 495 495 229 245
2966 1 2 495 495 88 245
2967 1 2 495 495 245 319
2968 1 2 495 495 88 229
2969 1 2 495 495 229 319
2970 1 2 495 495 88 319
2971 1 2 496 496 200 370
2972 1 2 496 496 200 354
2973 1 2 496 496 200 393
2974 1 2 496 496 354 370
2975 1 2 496 496 370 393
2976 1 2 496 496 354 393
2977 1 2 497 497 185 355
2978 1 2 497 497 184 185
2979 1 2 497 497 185 371
2980 1 2 497 497 184 355
2981 1 2 497 497 355 371
2982 1 2 497 497 184 371
2983 1 2 498 498 357 368
2984 1 2 498 498 142 357
2985 1 2 498 498 357 396
2986 1 2 498 498 142 368
2987 1 2 498 498 368 396
2988 1 2 498 498 142 396
2989 1 2 499 499 145 353
2990 1 2 499 499 145 372
2991 1 2 499 499 145 395
2992 1 2 499 499 353 372
2993 1 2 499 499 353 395
2994 1 2 499 499 372 395
2995 1 2 500 500 56 295
2996 1 2 500 500 190 295
2997 1 2 500 500 295 326
2998 1 2 500 500 56 190
2999 1 2 500 500 56 326
3000 1 2 500 500 190 326
3001 1 2 501 501 125 126
3002 1 2 501 501 126 279
3003 1 2 501 501 126 368
3004 1 2 501 501 125 279
3005 1 2 501 501 125 368
3006 1 2 501 501 279 368
3007 1 2 502 502 103 163
3008 1 2 502 502 16 103
3009 1 2 502 502 103 119
3010 1 2 502 502 16 163
3011 1 2 502 502 119 163
3012 1 2 502 502 16 119
3013 1 2 503 503 58 177
3014 1 2 503 503 177 312
3015 1 2 503 503 177 296
3016 1 2 503 503 58 312
3017 1 2 503 503 58 296
3018 1 2 503 503 296 312
3019 1 2 504 504 141 400
3020 1 2 504 504 141 359
3021 1 2 504 504 141 401
3022 1 2 504 504 359 400
3023 1 2 504 504 400 401
3024 1 2 504 504 359 401
3025 1 2 505 505 307 332
3026 1 2 505 505 307 337
3027 1 2 505 505 307 399
3028 1 2 505 505 332 337
3029 1 2 505 505 332 399
3030 1 2 505 505 337 399
3031 1 2 506 506 16 178
3032 1 2 506 506 16 163
3033 1 2 506 506 16 103
3034 1 2 506 506 163 178
3035 1 2 506 506 103 178
3036 1 2 506 506 103 163
3037 1 2 507 507 58 177
3038 1 2 507 507 58 171
3039 1 2 507 507 58 296
3040 1 2 507 507 171 177
3041 1 2 507 507 177 296
3042 1 2 507 507 171 296
3043 1 2 508 508 203 369
3044 1 2 508 508 203 357
3045 1 2 508 508 203 396
3046 1 2 508 508 357 369
3047 1 2 508 508 369 396
3048 1 2 508 508 357 396
3049 1 2 509 509 126 264
3050 1 2 509 509 264 279
3051 1 2 509 509 264 368
3052 1 2 509 509 126 279
3053 1 2 509 509 126 368
3054 1 2 509 509 279 368
3055 1 2 510 510 335 357
3056 1 2 510 510 335 369
3057 1 2 510 510 335 398
3058 1 2 510 510 357 369
3059 1 2 510 510 357 398
3060 1 2 510 510 369 398
3061 1 2 511 511 118 236
3062 1 2 511 511 44 236
3063 1 2 511 511 236 244
3064 1 2 511 511 44 118
3065 1 2 511 511 118 244
3066 1 2 511 511 44 244
3067 1 2 512 512 44 111
3068 1 2 512 512 44 118
3069 1 2 512 512 44 236
3070 1 2 512 512 111 118
3071 1 2 512 512 111 236
3072 1 2 512 512 118 236
3073 1 2 513 513 211 373
3074 1 2 513 513 211 358
3075 1 2 513 513 211 397
3076 1 2 513 513 358 373
3077 1 2 513 513 373 397
3078 1 2 513 513 358 397
3079 1 2 514 514 214 359
3080 1 2 514 514 214 400
3081 1 2 514 514 214 401
3082 1 2 514 514 359 400
3083 1 2 514 514 359 401
3084 1 2 514 514 400 401
3085 1 2 515 515 144 358
3086 1 2 515 515 144 366
3087 1 2 515 515 144 397
3088 1 2 515 515 358 366
3089 1 2 515 515 358 397
3090 1 2 515 515 366 397
3091 1 2 516 516 199 356
3092 1 2 516 516 199 387
3093 1 2 516 516 199 388
3094 1 2 516 516 356 387
3095 1 2 516 516 356 388
3096 1 2 516 516 387 388
3097 1 2 517 517 154 356
3098 1 2 517 517 154 378
3099 1 2 517 517 154 387
3100 1 2 517 517 356 378
3101 1 2 517 517 356 387
3102 1 2 517 517 378 387
3103 1 2 518 518 347 376
3104 1 2 518 518 347 356
3105 1 2 518 518 347 388
3106 1 2 518 518 356 376
3107 1 2 518 518 376 388
3108 1 2 518 518 356 388
3109 1 2 519 519 184 185
3110 1 2 519 519 184 212
3111 1 2 519 519 184 355
3112 1 2 519 519 185 212
3113 1 2 519 519 185 355
3114 1 2 519 519 212 355
3115 1 2 520 520 208 372
3116 1 2 520 520 208 353
3117 1 2 520 520 208 394
3118 1 2 520 520 353 372
3119 1 2 520 520 372 394
3120 1 2 520 520 353 394
3121 1 2 521 521 337 358
3122 1 2 521 521 337 373
3123 1 2 521 521 337 399
3124 1 2 521 521 358 373
3125 1 2 521 521 358 399
3126 1 2 521 521 373 399
3127 1 2 522 522 89 319
3128 1 2 522 522 245 319
3129 1 2 522 522 297 319
3130 1 2 522 522 89 245
3131 1 2 522 522 89 297
3132 1 2 522 522 245 297
3133 1 2 523 523 355 381
3134 1 2 523 523 148 355
3135 1 2 523 523 355 386
3136 1 2 523 523 148 381
3137 1 2 523 523 381 386
3138 1 2 523 523 148 386
3139 1 2 524 524 266 380
3140 1 2 524 524 266 354
3141 1 2 524 524 266 384
3142 1 2 524 524 354 380
3143 1 2 524 524 380 384
3144 1 2 524 524 354 384
3145 1 2 525 525 354 380
3146 1 2 525 525 343 354
3147 1 2 525 525 354 385
3148 1 2 525 525 343 380
3149 1 2 525 525 380 385
3150 1 2 525 525 343 385
3151 1 2 526 526 274 381
3152 1 2 526 526 274 355
3153 1 2 526 526 274 383
3154 1 2 526 526 355 381
3155 1 2 526 526 381 383
3156 1 2 526 526 355 383
3157 1 2 527 527 150 354
3158 1 2 527 527 150 382
3159 1 2 527 527 150 384
3160 1 2 527 527 354 382
3161 1 2 527 527 354 384
3162 1 2 527 527 382 384
3163 1 2 528 528 206 382
3164 1 2 528 528 206 354
3165 1 2 528 528 206 385
3166 1 2 528 528 354 382
3167 1 2 528 528 382 385
3168 1 2 528 528 354 385
3169 1 2 529 529 341 355
3170 1 2 529 529 341 379
3171 1 2 529 529 341 383
3172 1 2 529 529 355 379
3173 1 2 529 529 355 383
3174 1 2 529 529 379 383
3175 1 2 530 530 210 362
3176 1 2 530 530 210 389
3177 1 2 530 530 210 390
3178 1 2 530 530 362 389
3179 1 2 530 530 362 390
3180 1 2 530 530 389 390
3181 1 2 531 531 89 243
3182 1 2 531 531 89 245
3183 1 2 531 531 89 297
3184 1 2 531 531 243 245
3185 1 2 531 531 243 297
3186 1 2 531 531 245 297
3187 1 2 532 532 141 359
3188 1 2 532 532 140 141
3189 1 2 532 532 141 401
3190 1 2 532 532 140 359
3191 1 2 532 532 359 401
3192 1 2 532 532 140 401
3193 1 2 533 533 140 359
3194 1 2 533 533 140 363
3195 1 2 533 533 140 401
3196 1 2 533 533 359 363
3197 1 2 533 533 359 401
3198 1 2 533 533 363 401
3199 1 2 534 534 201 389
3200 1 2 534 534 201 358
3201 1 2 534 534 201 390
3202 1 2 534 534 358 389
3203 1 2 534 534 389 390
3204 1 2 534 534 358 390
3205 1 2 535 535 139 377
3206 1 2 535 535 139 358
3207 1 2 535 535 139 389
3208 1 2 535 535 358 377
3209 1 2 535 535 377 389
3210 1 2 535 535 358 389
3211 1 2 536 536 358 375
3212 1 2 536 536 332 358
3213 1 2 536 536 358 390
3214 1 2 536 536 332 375
3215 1 2 536 536 375 390
3216 1 2 536 536 332 390
3217 1 2 537 537 120 377
3218 1 2 537 537 120 362
3219 1 2 537 537 120 378
3220 1 2 537 537 362 377
3221 1 2 537 537 377 378
3222 1 2 537 537 362 378
3223 1 2 538 538 356 376
3224 1 2 538 538 276 356
3225 1 2 538 538 356 378
3226 1 2 538 538 276 376
3227 1 2 538 538 376 378
3228 1 2 538 538 276 378
3229 1 2 539 539 210 387
3230 1 2 539 539 210 362
3231 1 2 539 539 210 388
3232 1 2 539 539 362 387
3233 1 2 539 539 387 388
3234 1 2 539 539 362 388
3235 1 2 540 540 362 375
3236 1 2 540 540 313 362
3237 1 2 540 540 362 376
3238 1 2 540 540 313 375
3239 1 2 540 540 375 376
3240 1 2 540 540 313 376
3241 1 2 541 541 31 105
3242 1 2 541 541 105 258
3243 1 2 541 541 105 135
3244 1 2 541 541 31 258
3245 1 2 541 541 31 135
3246 1 2 541 541 135 258
3247 1 2 542 542 298 328
3248 1 2 542 542 73 328
3249 1 2 542 542 230 328
3250 1 2 542 542 73 298
3251 1 2 542 542 230 298
3252 1 2 542 542 73 230
3253 1 2 543 543 31 261
3254 1 2 543 543 31 258
3255 1 2 543 543 31 135
3256 1 2 543 543 258 261
3257 1 2 543 543 135 261
3258 1 2 543 543 135 258
3259 1 2 544 544 73 328
3260 1 2 544 544 73 230
3261 1 2 544 544 73 262
3262 1 2 544 544 230 328
3263 1 2 544 544 262 328
3264 1 2 544 544 230 262
3265 1 2 545 545 127 136
3266 1 2 545 545 26 136
3267 1 2 545 545 136 188
3268 1 2 545 545 26 127
3269 1 2 545 545 127 188
3270 1 2 545 545 26 188
3271 1 2 546 546 173 329
3272 1 2 546 546 68 329
3273 1 2 546 546 320 329
3274 1 2 546 546 68 173
3275 1 2 546 546 173 320
3276 1 2 546 546 68 320
3277 1 2 547 547 212 379
3278 1 2 547 547 212 355
3279 1 2 547 547 212 386
3280 1 2 547 547 355 379
3281 1 2 547 547 379 386
3282 1 2 547 547 355 386
3283 1 2 548 548 212 355
3284 1 2 548 548 185 212
3285 1 2 548 548 212 386
3286 1 2 548 548 185 355
3287 1 2 548 548 355 386
3288 1 2 548 548 185 386
3289 1 2 549 549 219 221
3290 1 2 549 549 220 221
3291 1 2 549 549 221 361
3292 1 2 549 549 219 220
3293 1 2 549 549 219 361
3294 1 2 549 549 220 361
3295 1 2 550 550 219 222
3296 1 2 550 550 219 220
3297 1 2 550 550 219 361
3298 1 2 550 550 220 222
3299 1 2 550 550 222 361
3300 1 2 550 550 220 361
3301 1 2 551 551 265 368
3302 1 2 551 551 265 357
3303 1 2 551 551 265 398
3304 1 2 551 551 357 368
3305 1 2 551 551 368 398
3306 1 2 551 551 357 398
3307 1 2 552 552 273 375
3308 1 2 552 552 273 358
3309 1 2 552 552 273 377
3310 1 2 552 552 358 375
3311 1 2 552 552 375 377
3312 1 2 552 552 358 377
3313 1 2 553 553 313 375
3314 1 2 553 553 313 362
3315 1 2 553 553 313 390
3316 1 2 553 553 362 375
3317 1 2 553 553 375 390
3318 1 2 553 553 362 390
3319 1 2 554 554 26 188
3320 1 2 554 554 136 188
3321 1 2 554 554 164 188
3322 1 2 554 554 26 136
3323 1 2 554 554 26 164
3324 1 2 554 554 136 164
3325 1 2 555 555 173 187
3326 1 2 555 555 68 187
3327 1 2 555 555 187 329
3328 1 2 555 555 68 173
3329 1 2 555 555 173 329
3330 1 2 555 555 68 329
3331 1 2 556 556 359 369
3332 1 2 556 556 204 359
3333 1 2 556 556 359 400
3334 1 2 556 556 204 369
3335 1 2 556 556 369 400
3336 1 2 556 556 204 400
3337 1 2 557 557 141 368
3338 1 2 557 557 141 359
3339 1 2 557 557 141 400
3340 1 2 557 557 359 368
3341 1 2 557 557 368 400
3342 1 2 557 557 359 400
3343 1 2 558 558 52 182
3344 1 2 558 558 182 321
3345 1 2 558 558 182 194
3346 1 2 558 558 52 321
3347 1 2 558 558 52 194
3348 1 2 558 558 194 321
3349 1 2 559 559 52 310
3350 1 2 559 559 52 321
3351 1 2 559 559 52 194
3352 1 2 559 559 310 321
3353 1 2 559 559 194 310
3354 1 2 559 559 194 321
3355 1 2 560 560 342 379
3356 1 2 560 560 342 360
3357 1 2 560 560 342 383
3358 1 2 560 560 360 379
3359 1 2 560 560 379 383
3360 1 2 560 560 360 383
3361 1 2 561 561 149 381
3362 1 2 561 561 149 360
3363 1 2 561 561 149 386
3364 1 2 561 561 360 381
3365 1 2 561 561 381 386
3366 1 2 561 561 360 386
3367 1 2 562 562 360 379
3368 1 2 562 562 209 360
3369 1 2 562 562 360 386
3370 1 2 562 562 209 379
3371 1 2 562 562 379 386
3372 1 2 562 562 209 386
3373 1 2 563 563 277 360
3374 1 2 563 563 277 380
3375 1 2 563 563 277 384
3376 1 2 563 563 360 380
3377 1 2 563 563 360 384
3378 1 2 563 563 380 384
3379 1 2 564 564 149 382
3380 1 2 564 564 149 360
3381 1 2 564 564 149 384
3382 1 2 564 564 360 382
3383 1 2 564 564 382 384
3384 1 2 564 564 360 384
3385 1 2 565 565 342 380
3386 1 2 565 565 342 360
3387 1 2 565 565 342 385
3388 1 2 565 565 360 380
3389 1 2 565 565 380 385
3390 1 2 565 565 360 385
3391 1 2 566 566 360 381
3392 1 2 566 566 277 360
3393 1 2 566 566 360 383
3394 1 2 566 566 277 381
3395 1 2 566 566 381 383
3396 1 2 566 566 277 383
3397 1 2 567 567 209 360
3398 1 2 567 567 209 382
3399 1 2 567 567 209 385
3400 1 2 567 567 360 382
3401 1 2 567 567 360 385
3402 1 2 567 567 382 385
3403 1 2 568 568 120 362
3404 1 2 568 568 120 377
3405 1 2 568 568 120 389
3406 1 2 568 568 362 377
3407 1 2 568 568 362 389
3408 1 2 568 568 377 389
3409 1 2 569 569 275 362
3410 1 2 569 569 275 375
3411 1 2 569 569 275 377
3412 1 2 569 569 362 375
3413 1 2 569 569 362 377
3414 1 2 569 569 375 377
3415 1 2 570 570 275 376
3416 1 2 570 570 275 362
3417 1 2 570 570 275 378
3418 1 2 570 570 362 376
3419 1 2 570 570 376 378
3420 1 2 570 570 362 378
3421 1 2 571 571 364 370
3422 1 2 571 571 354 364
3423 1 2 571 571 364 392
3424 1 2 571 571 354 370
3425 1 2 571 571 370 392
3426 1 2 571 571 354 392
3427 1 2 572 572 355 371
3428 1 2 572 572 355 365
3429 1 2 572 572 355 391
3430 1 2 572 572 365 371
3431 1 2 572 572 371 391
3432 1 2 572 572 365 391
3433 1 2 573 573 364 370
3434 1 2 573 573 356 364
3435 1 2 573 573 364 393
3436 1 2 573 573 356 370
3437 1 2 573 573 370 393
3438 1 2 573 573 356 393
3439 1 2 574 574 41 153
3440 1 2 574 574 41 138
3441 1 2 574 574 41 242
3442 1 2 574 574 138 153
3443 1 2 574 574 153 242
3444 1 2 574 574 138 242
3445 1 2 575 575 234 346
3446 1 2 575 575 83 346
3447 1 2 575 575 331 346
3448 1 2 575 575 83 234
3449 1 2 575 575 234 331
3450 1 2 575 575 83 331
3451 1 2 576 576 41 153
3452 1 2 576 576 153 255
3453 1 2 576 576 153 242
3454 1 2 576 576 41 255
3455 1 2 576 576 41 242
3456 1 2 576 576 242 255
3457 1 2 577 577 234 249
3458 1 2 577 577 83 249
3459 1 2 577 577 249 346
3460 1 2 577 577 83 234
3461 1 2 577 577 234 346
3462 1 2 577 577 83 346
3463 1 2 578 578 366 373
3464 1 2 578 578 357 366
3465 1 2 578 578 366 397
3466 1 2 578 578 357 373
3467 1 2 578 578 373 397
3468 1 2 578 578 357 397
3469 1 2 579 579 330 333
3470 1 2 579 579 297 333
3471 1 2 579 579 333 374
3472 1 2 579 579 297 330
3473 1 2 579 579 330 374
3474 1 2 579 579 297 374
3475 1 2 580 580 304 336
3476 1 2 580 580 304 335
3477 1 2 580 580 304 398
3478 1 2 580 580 335 336
3479 1 2 580 580 336 398
3480 1 2 580 580 335 398
3481 1 2 581 581 362 376
3482 1 2 581 581 313 362
3483 1 2 581 581 362 388
3484 1 2 581 581 313 376
3485 1 2 581 581 376 388
3486 1 2 581 581 313 388
3487 1 2 582 582 237 268
3488 1 2 582 582 268 272
3489 1 2 582 582 268 395
3490 1 2 582 582 237 272
3491 1 2 582 582 237 395
3492 1 2 582 582 272 395
3493 1 2 583 583 357 373
3494 1 2 583 583 357 366
3495 1 2 583 583 357 399
3496 1 2 583 583 366 373
3497 1 2 583 583 373 399
3498 1 2 583 583 366 399
3499 1 2 584 584 161 205
3500 1 2 584 584 203 205
3501 1 2 584 584 205 396
3502 1 2 584 584 161 203
3503 1 2 584 584 161 396
3504 1 2 584 584 203 396
3505 1 2 585 585 142 396
3506 1 2 585 585 142 368
3507 1 2 585 585 142 400
3508 1 2 585 585 368 396
3509 1 2 585 585 396 400
3510 1 2 585 585 368 400
3511 1 2 586 586 120 378
3512 1 2 586 586 120 362
3513 1 2 586 586 120 387
3514 1 2 586 586 362 378
3515 1 2 586 586 378 387
3516 1 2 586 586 362 387
3517 1 2 587 587 129 145
3518 1 2 587 587 145 146
3519 1 2 587 587 145 395
3520 1 2 587 587 129 146
3521 1 2 587 587 129 395
3522 1 2 587 587 146 395
3523 1 2 588 588 142 368
3524 1 2 588 588 141 142
3525 1 2 588 588 142 400
3526 1 2 588 588 141 368
3527 1 2 588 588 368 400
3528 1 2 588 588 141 400
3529 1 2 589 589 142 143
3530 1 2 589 589 134 143
3531 1 2 589 589 143 396
3532 1 2 589 589 134 142
3533 1 2 589 589 142 396
3534 1 2 589 589 134 396
3535 1 2 590 590 367 372
3536 1 2 590 590 361 367
3537 1 2 590 590 367 394
3538 1 2 590 590 361 372
3539 1 2 590 590 372 394
3540 1 2 590 590 361 394
3541 1 2 591 591 285 289
3542 1 2 591 591 285 293
3543 1 2 591 591 285 363
3544 1 2 591 591 289 293
3545 1 2 591 591 289 363
3546 1 2 591 591 293 363
3547 1 2 592 592 101 396
3548 1 2 592 592 101 142
3549 1 2 592 592 101 400
3550 1 2 592 592 142 396
3551 1 2 592 592 396 400
3552 1 2 592 592 142 400
3553 1 2 593 593 124 166
3554 1 2 593 593 124 382
3555 1 2 593 593 124 393
3556 1 2 593 593 166 382
3557 1 2 593 593 166 393
3558 1 2 593 593 382 393
3559 1 2 594 594 309 345
3560 1 2 594 594 314 345
3561 1 2 594 594 345 370
3562 1 2 594 594 309 314
3563 1 2 594 594 309 370
3564 1 2 594 594 314 370
3565 1 2 595 595 45 111
3566 1 2 595 595 111 279
3567 1 2 595 595 111 236
3568 1 2 595 595 45 279
3569 1 2 595 595 45 236
3570 1 2 595 595 236 279
3571 1 2 596 596 302 376
3572 1 2 596 596 248 302
3573 1 2 596 596 302 392
3574 1 2 596 596 248 376
3575 1 2 596 596 376 392
3576 1 2 596 596 248 392
3577 1 2 597 597 101 142
3578 1 2 597 597 101 141
3579 1 2 597 597 101 400
3580 1 2 597 597 141 142
3581 1 2 597 597 142 400
3582 1 2 597 597 141 400
3583 1 2 598 598 179 202
3584 1 2 598 598 172 179
3585 1 2 598 598 179 370
3586 1 2 598 598 172 202
3587 1 2 598 598 202 370
3588 1 2 598 598 172 370
3589 1 2 599 599 45 125
3590 1 2 599 599 45 111
3591 1 2 599 599 45 279
3592 1 2 599 599 111 125
3593 1 2 599 599 125 279
3594 1 2 599 599 111 279
3595 1 2 600 600 305 316
3596 1 2 600 600 305 339
3597 1 2 600 600 305 371
3598 1 2 600 600 316 339
3599 1 2 600 600 316 371
3600 1 2 600 600 339 371
3601 1 2 601 601 169 205
3602 1 2 601 601 169 191
3603 1 2 601 601 169 373
3604 1 2 601 601 191 205
3605 1 2 601 601 205 373
3606 1 2 601 601 191 373
3607 1 2 602 602 263 285
3608 1 2 602 602 285 289
3609 1 2 602 602 285 363
3610 1 2 602 602 263 289
3611 1 2 602 602 263 363
3612 1 2 602 602 289 363
3613 1 2 603 603 114 144
3614 1 2 603 603 118 144
3615 1 2 603 603 144 366
3616 1 2 603 603 114 118
3617 1 2 603 603 114 366
3618 1 2 603 603 118 366
3619 1 2 604 604 168 374
3620 1 2 604 604 168 214
3621 1 2 604 604 168 401
3622 1 2 604 604 214 374
3623 1 2 604 604 374 401
3624 1 2 604 604 214 401
3625 1 2 605 605 204 214
3626 1 2 605 605 162 214
3627 1 2 605 605 214 400
3628 1 2 605 605 162 204
3629 1 2 605 605 204 400
3630 1 2 605 605 162 400
3631 1 2 606 606 230 251
3632 1 2 606 606 230 272
3633 1 2 606 606 230 367
3634 1 2 606 606 251 272
3635 1 2 606 606 251 367
3636 1 2 606 606 272 367
3637 1 2 607 607 106 132
3638 1 2 607 607 106 147
3639 1 2 607 607 106 365
3640 1 2 607 607 132 147
3641 1 2 607 607 132 365
3642 1 2 607 607 147 365
3643 1 2 608 608 253 270
3644 1 2 608 608 239 253
3645 1 2 608 608 253 365
3646 1 2 608 608 239 270
3647 1 2 608 608 270 365
3648 1 2 608 608 239 365
3649 1 2 609 609 254 269
3650 1 2 609 609 233 254
3651 1 2 609 609 254 364
3652 1 2 609 609 233 269
3653 1 2 609 609 269 364
3654 1 2 609 609 233 364
3655 1 2 610 610 131 151
3656 1 2 610 610 108 131
3657 1 2 610 610 131 364
3658 1 2 610 610 108 151
3659 1 2 610 610 151 364
3660 1 2 610 610 108 364
3661 1 2 611 611 233 260
3662 1 2 611 611 260 278
3663 1 2 611 611 260 364
3664 1 2 611 611 233 278
3665 1 2 611 611 233 364
3666 1 2 611 611 278 364
3667 1 2 612 612 106 146
3668 1 2 612 612 106 129
3669 1 2 612 612 106 365
3670 1 2 612 612 129 146
3671 1 2 612 612 146 365
3672 1 2 612 612 129 365
3673 1 2 613 613 237 253
3674 1 2 613 613 253 268
3675 1 2 613 613 253 365
3676 1 2 613 613 237 268
3677 1 2 613 613 237 365
3678 1 2 613 613 268 365
3679 1 2 614 614 322 338
3680 1 2 614 614 298 338
3681 1 2 614 614 338 367
3682 1 2 614 614 298 322
3683 1 2 614 614 322 367
3684 1 2 614 614 298 367
3685 1 2 615 615 131 152
3686 1 2 615 615 109 152
3687 1 2 615 615 152 364
3688 1 2 615 615 109 131
3689 1 2 615 615 131 364
3690 1 2 615 615 109 364
3691 1 2 616 616 250 375
3692 1 2 616 616 250 307
3693 1 2 616 616 250 399
3694 1 2 616 616 307 375
3695 1 2 616 616 375 399
3696 1 2 616 616 307 399
3697 1 2 617 617 125 126
3698 1 2 617 617 125 141
3699 1 2 617 617 125 368
3700 1 2 617 617 126 141
3701 1 2 617 617 126 368
3702 1 2 617 617 141 368
3703 1 2 618 618 125 126
3704 1 2 618 618 46 126
3705 1 2 618 618 126 279
3706 1 2 618 618 46 125
3707 1 2 618 618 125 279
3708 1 2 618 618 46 279
3709 1 2 619 619 125 142
3710 1 2 619 619 111 125
3711 1 2 619 619 125 368
3712 1 2 619 619 111 142
3713 1 2 619 619 142 368
3714 1 2 619 619 111 368
3715 1 2 620 620 127 155
3716 1 2 620 620 136 155
3717 1 2 620 620 155 372
3718 1 2 620 620 127 136
3719 1 2 620 620 127 372
3720 1 2 620 620 136 372
3721 1 2 621 621 235 267
3722 1 2 621 621 235 244
3723 1 2 621 621 235 366
3724 1 2 621 621 244 267
3725 1 2 621 621 267 366
3726 1 2 621 621 244 366
3727 1 2 622 622 168 214
3728 1 2 622 622 168 195
3729 1 2 622 622 168 401
3730 1 2 622 622 195 214
3731 1 2 622 622 214 401
3732 1 2 622 622 195 401
3733 1 2 623 623 23 123
3734 1 2 623 623 23 113
3735 1 2 623 623 23 185
3736 1 2 623 623 113 123
3737 1 2 623 623 123 185
3738 1 2 623 623 113 185
3739 1 2 624 624 174 193
3740 1 2 624 624 174 213
3741 1 2 624 624 174 371
3742 1 2 624 624 193 213
3743 1 2 624 624 193 371
3744 1 2 624 624 213 371
3745 1 2 625 625 170 204
3746 1 2 625 625 170 182
3747 1 2 625 625 170 369
3748 1 2 625 625 182 204
3749 1 2 625 625 204 369
3750 1 2 625 625 182 369
3751 1 2 626 626 123 146
3752 1 2 626 626 123 147
3753 1 2 626 626 123 365
3754 1 2 626 626 146 147
3755 1 2 626 626 146 365
3756 1 2 626 626 147 365
3757 1 2 627 627 294 321
3758 1 2 627 627 294 334
3759 1 2 627 627 294 369
3760 1 2 627 627 321 334
3761 1 2 627 627 321 369
3762 1 2 627 627 334 369
3763 1 2 628 628 295 327
3764 1 2 628 628 295 336
3765 1 2 628 628 295 373
3766 1 2 628 628 327 336
3767 1 2 628 628 327 373
3768 1 2 628 628 336 373
3769 1 2 629 629 228 285
3770 1 2 629 629 104 228
3771 1 2 629 629 228 363
3772 1 2 629 629 104 285
3773 1 2 629 629 285 363
3774 1 2 629 629 104 363
3775 1 2 630 630 46 126
3776 1 2 630 630 46 279
3777 1 2 630 630 46 264
3778 1 2 630 630 126 279
3779 1 2 630 630 126 264
3780 1 2 630 630 264 279
3781 1 2 631 631 164 207
3782 1 2 631 631 188 207
3783 1 2 631 631 207 372
3784 1 2 631 631 164 188
3785 1 2 631 631 164 372
3786 1 2 631 631 188 372
3787 1 2 632 632 183 204
3788 1 2 632 632 183 203
3789 1 2 632 632 183 369
3790 1 2 632 632 203 204
3791 1 2 632 632 204 369
3792 1 2 632 632 203 369
3793 1 2 633 633 214 400
3794 1 2 633 633 162 214
3795 1 2 633 633 214 401
3796 1 2 633 633 162 400
3797 1 2 633 633 400 401
3798 1 2 633 633 162 401
3799 1 2 634 634 265 271
3800 1 2 634 634 259 265
3801 1 2 634 634 265 398
3802 1 2 634 634 259 271
3803 1 2 634 634 271 398
3804 1 2 634 634 259 398
3805 1 2 635 635 359 374
3806 1 2 635 635 359 363
3807 1 2 635 635 359 401
3808 1 2 635 635 363 374
3809 1 2 635 635 374 401
3810 1 2 635 635 363 401
3811 1 2 636 636 183 369
3812 1 2 636 636 183 203
3813 1 2 636 636 183 396
3814 1 2 636 636 203 369
3815 1 2 636 636 369 396
3816 1 2 636 636 203 396
3817 1 2 637 637 191 203
3818 1 2 637 637 170 191
3819 1 2 637 637 191 369
3820 1 2 637 637 170 203
3821 1 2 637 637 203 369
3822 1 2 637 637 170 369
3823 1 2 638 638 183 204
3824 1 2 638 638 183 369
3825 1 2 638 638 183 400
3826 1 2 638 638 204 369
3827 1 2 638 638 204 400
3828 1 2 638 638 369 400
3829 1 2 639 639 294 327
3830 1 2 639 639 327 335
3831 1 2 639 639 327 369
3832 1 2 639 639 294 335
3833 1 2 639 639 294 369
3834 1 2 639 639 335 369
3835 1 2 640 640 111 118
3836 1 2 640 640 118 143
3837 1 2 640 640 118 366
3838 1 2 640 640 111 143
3839 1 2 640 640 111 366
3840 1 2 640 640 143 366
3841 1 2 641 641 183 369
3842 1 2 641 641 183 396
3843 1 2 641 641 183 400
3844 1 2 641 641 369 396
3845 1 2 641 641 369 400
3846 1 2 641 641 396 400
3847 1 2 642 642 298 328
3848 1 2 642 642 298 348
3849 1 2 642 642 298 367
3850 1 2 642 642 328 348
3851 1 2 642 642 328 367
3852 1 2 642 642 348 367
3853 1 2 643 643 240 301
3854 1 2 643 643 79 301
3855 1 2 643 643 301 380
3856 1 2 643 643 79 240
3857 1 2 643 643 240 380
3858 1 2 643 643 79 380
3859 1 2 644 644 35 132
3860 1 2 644 644 35 239
3861 1 2 644 644 35 381
3862 1 2 644 644 132 239
3863 1 2 644 644 132 381
3864 1 2 644 644 239 381
3865 1 2 645 645 20 124
3866 1 2 645 645 20 166
3867 1 2 645 645 20 382
3868 1 2 645 645 124 166
3869 1 2 645 645 124 382
3870 1 2 645 645 166 382
3871 1 2 646 646 210 389
3872 1 2 646 646 201 210
3873 1 2 646 646 210 390
3874 1 2 646 646 201 389
3875 1 2 646 646 389 390
3876 1 2 646 646 201 390
3877 1 2 647 647 137 159
3878 1 2 647 647 137 293
3879 1 2 647 647 137 363
3880 1 2 647 647 159 293
3881 1 2 647 647 159 363
3882 1 2 647 647 293 363
3883 1 2 648 648 285 293
3884 1 2 648 648 159 285
3885 1 2 648 648 285 363
3886 1 2 648 648 159 293
3887 1 2 648 648 293 363
3888 1 2 648 648 159 363
3889 1 2 649 649 137 140
3890 1 2 649 649 117 140
3891 1 2 649 649 140 401
3892 1 2 649 649 117 137
3893 1 2 649 649 137 401
3894 1 2 649 649 117 401
3895 1 2 650 650 244 271
3896 1 2 650 650 236 244
3897 1 2 650 650 244 366
3898 1 2 650 650 236 271
3899 1 2 650 650 271 366
3900 1 2 650 650 236 366
3901 1 2 651 651 248 302
3902 1 2 651 651 82 248
3903 1 2 651 651 248 376
3904 1 2 651 651 82 302
3905 1 2 651 651 302 376
3906 1 2 651 651 82 376
3907 1 2 652 652 64 306
3908 1 2 652 652 64 184
3909 1 2 652 652 64 379
3910 1 2 652 652 184 306
3911 1 2 652 652 306 379
3912 1 2 652 652 184 379
3913 1 2 653 653 185 212
3914 1 2 653 653 198 212
3915 1 2 653 653 212 386
3916 1 2 653 653 185 198
3917 1 2 653 653 185 386
3918 1 2 653 653 198 386
3919 1 2 654 654 199 387
3920 1 2 654 654 199 210
3921 1 2 654 654 199 388
3922 1 2 654 654 210 387
3923 1 2 654 654 387 388
3924 1 2 654 654 210 388
3925 1 2 655 655 109 260
3926 1 2 655 655 40 109
3927 1 2 655 655 109 378
3928 1 2 655 655 40 260
3929 1 2 655 655 260 378
3930 1 2 655 655 40 378
3931 1 2 656 656 275 375
3932 1 2 656 656 273 275
3933 1 2 656 656 275 377
3934 1 2 656 656 273 375
3935 1 2 656 656 375 377
3936 1 2 656 656 273 377
3937 1 2 657 657 159 285
3938 1 2 657 657 104 285
3939 1 2 657 657 285 363
3940 1 2 657 657 104 159
3941 1 2 657 657 159 363
3942 1 2 657 657 104 363
3943 1 2 658 658 128 400
3944 1 2 658 658 128 141
3945 1 2 658 658 128 401
3946 1 2 658 658 141 400
3947 1 2 658 658 400 401
3948 1 2 658 658 141 401
3949 1 2 659 659 47 264
3950 1 2 659 659 104 264
3951 1 2 659 659 228 264
3952 1 2 659 659 47 104
3953 1 2 659 659 47 228
3954 1 2 659 659 104 228
3955 1 2 660 660 276 376
3956 1 2 660 660 275 276
3957 1 2 660 660 276 378
3958 1 2 660 660 275 376
3959 1 2 660 660 376 378
3960 1 2 660 660 275 378
3961 1 2 661 661 185 213
3962 1 2 661 661 185 197
3963 1 2 661 661 185 371
3964 1 2 661 661 197 213
3965 1 2 661 661 213 371
3966 1 2 661 661 197 371
3967 1 2 662 662 287 289
3968 1 2 662 662 286 289
3969 1 2 662 662 289 363
3970 1 2 662 662 286 287
3971 1 2 662 662 287 363
3972 1 2 662 662 286 363
3973 1 2 663 663 180 200
3974 1 2 663 663 179 180
3975 1 2 663 663 180 370
3976 1 2 663 663 179 200
3977 1 2 663 663 200 370
3978 1 2 663 663 179 370
3979 1 2 664 664 309 317
3980 1 2 664 664 317 344
3981 1 2 664 664 317 370
3982 1 2 664 664 309 344
3983 1 2 664 664 309 370
3984 1 2 664 664 344 370
3985 1 2 665 665 375 389
3986 1 2 665 665 362 375
3987 1 2 665 665 375 390
3988 1 2 665 665 362 389
3989 1 2 665 665 389 390
3990 1 2 665 665 362 390
3991 1 2 666 666 306 316
3992 1 2 666 666 316 340
3993 1 2 666 666 316 371
3994 1 2 666 666 306 340
3995 1 2 666 666 306 371
3996 1 2 666 666 340 371
3997 1 2 667 667 375 377
3998 1 2 667 667 362 375
3999 1 2 667 667 375 389
4000 1 2 667 667 362 377
4001 1 2 667 667 377 389
4002 1 2 667 667 362 389
4003 1 2 668 668 358 389
4004 1 2 668 668 358 375
4005 1 2 668 668 358 390
4006 1 2 668 668 375 389
4007 1 2 668 668 389 390
4008 1 2 668 668 375 390
4009 1 2 669 669 264 279
4010 1 2 669 669 246 264
4011 1 2 669 669 264 368
4012 1 2 669 669 246 279
4013 1 2 669 669 279 368
4014 1 2 669 669 246 368
4015 1 2 670 670 358 377
4016 1 2 670 670 358 375
4017 1 2 670 670 358 389
4018 1 2 670 670 375 377
4019 1 2 670 670 377 389
4020 1 2 670 670 375 389
4021 1 2 671 671 286 363
4022 1 2 671 671 286 287
4023 1 2 671 671 286 374
4024 1 2 671 671 287 363
4025 1 2 671 671 363 374
4026 1 2 671 671 287 374
4027 1 2 672 672 295 337
4028 1 2 672 672 295 326
4029 1 2 672 672 295 373
4030 1 2 672 672 326 337
4031 1 2 672 672 337 373
4032 1 2 672 672 326 373
4033 1 2 673 673 112 145
4034 1 2 673 673 127 145
4035 1 2 673 673 145 372
4036 1 2 673 673 112 127
4037 1 2 673 673 112 372
4038 1 2 673 673 127 372
4039 1 2 674 674 286 288
4040 1 2 674 674 287 288
4041 1 2 674 674 288 374
4042 1 2 674 674 286 287
4043 1 2 674 674 286 374
4044 1 2 674 674 287 374
4045 1 2 675 675 169 211
4046 1 2 675 675 190 211
4047 1 2 675 675 211 373
4048 1 2 675 675 169 190
4049 1 2 675 675 169 373
4050 1 2 675 675 190 373
4051 1 2 676 676 77 256
4052 1 2 676 676 77 325
4053 1 2 676 676 77 383
4054 1 2 676 676 256 325
4055 1 2 676 676 256 383
4056 1 2 676 676 325 383
4057 1 2 677 677 37 108
4058 1 2 677 677 108 254
4059 1 2 677 677 108 384
4060 1 2 677 677 37 254
4061 1 2 677 677 37 384
4062 1 2 677 677 254 384
4063 1 2 678 678 62 317
4064 1 2 678 678 180 317
4065 1 2 678 678 317 385
4066 1 2 678 678 62 180
4067 1 2 678 678 62 385
4068 1 2 678 678 180 385
4069 1 2 679 679 362 387
4070 1 2 679 679 362 376
4071 1 2 679 679 362 388
4072 1 2 679 679 376 387
4073 1 2 679 679 387 388
4074 1 2 679 679 376 388
4075 1 2 680 680 356 376
4076 1 2 680 680 356 387
4077 1 2 680 680 356 388
4078 1 2 680 680 376 387
4079 1 2 680 680 376 388
4080 1 2 680 680 387 388
4081 1 2 681 681 84 307
4082 1 2 681 681 84 250
4083 1 2 681 681 84 375
4084 1 2 681 681 250 307
4085 1 2 681 681 307 375
4086 1 2 681 681 250 375
4087 1 2 682 682 362 378
4088 1 2 682 682 362 376
4089 1 2 682 682 362 387
4090 1 2 682 682 376 378
4091 1 2 682 682 378 387
4092 1 2 682 682 376 387
4093 1 2 683 683 341 379
4094 1 2 683 683 341 342
4095 1 2 683 683 341 383
4096 1 2 683 683 342 379
4097 1 2 683 683 379 383
4098 1 2 683 683 342 383
4099 1 2 684 684 376 378
4100 1 2 684 684 356 376
4101 1 2 684 684 376 387
4102 1 2 684 684 356 378
4103 1 2 684 684 378 387
4104 1 2 684 684 356 387
4105 1 2 685 685 148 149
4106 1 2 685 685 149 381
4107 1 2 685 685 149 386
4108 1 2 685 685 148 381
4109 1 2 685 685 148 386
4110 1 2 685 685 381 386
4111 1 2 686 686 150 382
4112 1 2 686 686 149 150
4113 1 2 686 686 150 384
4114 1 2 686 686 149 382
4115 1 2 686 686 382 384
4116 1 2 686 686 149 384
4117 1 2 687 687 277 380
4118 1 2 687 687 266 277
4119 1 2 687 687 277 384
4120 1 2 687 687 266 380
4121 1 2 687 687 380 384
4122 1 2 687 687 266 384
4123 1 2 688 688 343 380
4124 1 2 688 688 342 343
4125 1 2 688 688 343 385
4126 1 2 688 688 342 380
4127 1 2 688 688 380 385
4128 1 2 688 688 342 385
4129 1 2 689 689 274 277
4130 1 2 689 689 274 381
4131 1 2 689 689 274 383
4132 1 2 689 689 277 381
4133 1 2 689 689 277 383
4134 1 2 689 689 381 383
4135 1 2 690 690 209 382
4136 1 2 690 690 206 209
4137 1 2 690 690 209 385
4138 1 2 690 690 206 382
4139 1 2 690 690 382 385
4140 1 2 690 690 206 385
4141 1 2 691 691 104 126
4142 1 2 691 691 47 104
4143 1 2 691 691 104 264
4144 1 2 691 691 47 126
4145 1 2 691 691 126 264
4146 1 2 691 691 47 264
4147 1 2 692 692 230 281
4148 1 2 692 692 230 262
4149 1 2 692 692 230 367
4150 1 2 692 692 262 281
4151 1 2 692 692 281 367
4152 1 2 692 692 262 367
4153 1 2 693 693 270 365
4154 1 2 693 693 268 270
4155 1 2 693 693 270 391
4156 1 2 693 693 268 365
4157 1 2 693 693 365 391
4158 1 2 693 693 268 391
4159 1 2 694 694 278 364
4160 1 2 694 694 269 278
4161 1 2 694 694 278 392
4162 1 2 694 694 269 364
4163 1 2 694 694 364 392
4164 1 2 694 694 269 392
4165 1 2 695 695 151 364
4166 1 2 695 695 151 152
4167 1 2 695 695 151 393
4168 1 2 695 695 152 364
4169 1 2 695 695 364 393
4170 1 2 695 695 152 393
4171 1 2 696 696 344 370
4172 1 2 696 696 344 345
4173 1 2 696 696 344 392
4174 1 2 696 696 345 370
4175 1 2 696 696 370 392
4176 1 2 696 696 345 392
4177 1 2 697 697 200 202
4178 1 2 697 697 200 370
4179 1 2 697 697 200 393
4180 1 2 697 697 202 370
4181 1 2 697 697 202 393
4182 1 2 697 697 370 393
4183 1 2 698 698 339 371
4184 1 2 698 698 339 340
4185 1 2 698 698 339 391
4186 1 2 698 698 340 371
4187 1 2 698 698 371 391
4188 1 2 698 698 340 391
4189 1 2 699 699 42 114
4190 1 2 699 699 114 235
4191 1 2 699 699 114 377
4192 1 2 699 699 42 235
4193 1 2 699 699 42 377
4194 1 2 699 699 235 377
4195 1 2 700 700 133 160
4196 1 2 700 700 133 389
4197 1 2 700 700 133 397
4198 1 2 700 700 160 389
4199 1 2 700 700 160 397
4200 1 2 700 700 389 397
4201 1 2 701 701 79 301
4202 1 2 701 701 301 323
4203 1 2 701 701 301 380
4204 1 2 701 701 79 323
4205 1 2 701 701 79 380
4206 1 2 701 701 323 380
4207 1 2 702 702 107 132
4208 1 2 702 702 35 107
4209 1 2 702 702 107 381
4210 1 2 702 702 35 132
4211 1 2 702 702 132 381
4212 1 2 702 702 35 381
4213 1 2 703 703 20 115
4214 1 2 703 703 20 124
4215 1 2 703 703 20 382
4216 1 2 703 703 115 124
4217 1 2 703 703 115 382
4218 1 2 703 703 124 382
4219 1 2 704 704 79 257
4220 1 2 704 704 240 257
4221 1 2 704 704 257 380
4222 1 2 704 704 79 240
4223 1 2 704 704 79 380
4224 1 2 704 704 240 380
4225 1 2 705 705 35 239
4226 1 2 705 705 35 252
4227 1 2 705 705 35 381
4228 1 2 705 705 239 252
4229 1 2 705 705 239 381
4230 1 2 705 705 252 381
4231 1 2 706 706 20 166
4232 1 2 706 706 20 186
4233 1 2 706 706 20 382
4234 1 2 706 706 166 186
4235 1 2 706 706 166 382
4236 1 2 706 706 186 382
4237 1 2 707 707 64 315
4238 1 2 707 707 64 306
4239 1 2 707 707 64 379
4240 1 2 707 707 306 315
4241 1 2 707 707 315 379
4242 1 2 707 707 306 379
4243 1 2 708 708 140 363
4244 1 2 708 708 137 140
4245 1 2 708 708 140 401
4246 1 2 708 708 137 363
4247 1 2 708 708 363 401
4248 1 2 708 708 137 401
4249 1 2 709 709 82 331
4250 1 2 709 709 302 331
4251 1 2 709 709 331 376
4252 1 2 709 709 82 302
4253 1 2 709 709 82 376
4254 1 2 709 709 302 376
4255 1 2 710 710 84 250
4256 1 2 710 710 84 249
4257 1 2 710 710 84 375
4258 1 2 710 710 249 250
4259 1 2 710 710 250 375
4260 1 2 710 710 249 375
4261 1 2 711 711 165 208
4262 1 2 711 711 165 188
4263 1 2 711 711 165 372
4264 1 2 711 711 188 208
4265 1 2 711 711 208 372
4266 1 2 711 711 188 372
4267 1 2 712 712 82 234
4268 1 2 712 712 82 248
4269 1 2 712 712 82 376
4270 1 2 712 712 234 248
4271 1 2 712 712 234 376
4272 1 2 712 712 248 376
4273 1 2 713 713 120 377
4274 1 2 713 713 120 139
4275 1 2 713 713 120 389
4276 1 2 713 713 139 377
4277 1 2 713 713 377 389
4278 1 2 713 713 139 389
4279 1 2 714 714 313 332
4280 1 2 714 714 313 375
4281 1 2 714 714 313 390
4282 1 2 714 714 332 375
4283 1 2 714 714 332 390
4284 1 2 714 714 375 390
4285 1 2 715 715 243 263
4286 1 2 715 715 243 280
4287 1 2 715 715 243 363
4288 1 2 715 715 263 280
4289 1 2 715 715 263 363
4290 1 2 715 715 280 363
4291 1 2 716 716 109 138
4292 1 2 716 716 40 138
4293 1 2 716 716 138 378
4294 1 2 716 716 40 109
4295 1 2 716 716 109 378
4296 1 2 716 716 40 378
4297 1 2 717 717 42 255
4298 1 2 717 717 42 235
4299 1 2 717 717 42 377
4300 1 2 717 717 235 255
4301 1 2 717 717 255 377
4302 1 2 717 717 235 377
4303 1 2 718 718 40 242
4304 1 2 718 718 242 260
4305 1 2 718 718 242 378
4306 1 2 718 718 40 260
4307 1 2 718 718 40 378
4308 1 2 718 718 260 378
4309 1 2 719 719 209 212
4310 1 2 719 719 212 379
4311 1 2 719 719 212 386
4312 1 2 719 719 209 379
4313 1 2 719 719 209 386
4314 1 2 719 719 379 386
4315 1 2 720 720 205 373
4316 1 2 720 720 205 211
4317 1 2 720 720 205 397
4318 1 2 720 720 211 373
4319 1 2 720 720 373 397
4320 1 2 720 720 211 397
4321 1 2 721 721 64 184
4322 1 2 721 721 64 192
4323 1 2 721 721 64 379
4324 1 2 721 721 184 192
4325 1 2 721 721 184 379
4326 1 2 721 721 192 379
4327 1 2 722 722 17 176
4328 1 2 722 722 17 121
4329 1 2 722 722 17 387
4330 1 2 722 722 121 176
4331 1 2 722 722 176 387
4332 1 2 722 722 121 387
4333 1 2 723 723 144 366
4334 1 2 723 723 143 144
4335 1 2 723 723 144 397
4336 1 2 723 723 143 366
4337 1 2 723 723 366 397
4338 1 2 723 723 143 397
4339 1 2 724 724 172 314
4340 1 2 724 724 59 314
4341 1 2 724 724 314 388
4342 1 2 724 724 59 172
4343 1 2 724 724 172 388
4344 1 2 724 724 59 388
4345 1 2 725 725 337 373
4346 1 2 725 725 336 337
4347 1 2 725 725 337 399
4348 1 2 725 725 336 373
4349 1 2 725 725 373 399
4350 1 2 725 725 336 399
4351 1 2 726 726 128 141
4352 1 2 726 726 128 140
4353 1 2 726 726 128 401
4354 1 2 726 726 140 141
4355 1 2 726 726 141 401
4356 1 2 726 726 140 401
4357 1 2 727 727 207 208
4358 1 2 727 727 208 372
4359 1 2 727 727 208 394
4360 1 2 727 727 207 372
4361 1 2 727 727 207 394
4362 1 2 727 727 372 394
4363 1 2 728 728 271 366
4364 1 2 728 728 267 271
4365 1 2 728 728 271 399
4366 1 2 728 728 267 366
4367 1 2 728 728 366 399
4368 1 2 728 728 267 399
4369 1 2 729 729 338 367
4370 1 2 729 729 338 348
4371 1 2 729 729 338 394
4372 1 2 729 729 348 367
4373 1 2 729 729 367 394
4374 1 2 729 729 348 394
4375 1 2 730 730 307 346
4376 1 2 730 730 84 346
4377 1 2 730 730 346 375
4378 1 2 730 730 84 307
4379 1 2 730 730 307 375
4380 1 2 730 730 84 375
4381 1 2 731 731 137 293
4382 1 2 731 731 137 286
4383 1 2 731 731 137 363
4384 1 2 731 731 286 293
4385 1 2 731 731 293 363
4386 1 2 731 731 286 363
4387 1 2 732 732 108 130
4388 1 2 732 732 37 108
4389 1 2 732 732 108 384
4390 1 2 732 732 37 130
4391 1 2 732 732 130 384
4392 1 2 732 732 37 384
4393 1 2 733 733 300 325
4394 1 2 733 733 77 325
4395 1 2 733 733 325 383
4396 1 2 733 733 77 300
4397 1 2 733 733 300 383
4398 1 2 733 733 77 383
4399 1 2 734 734 232 256
4400 1 2 734 734 77 232
4401 1 2 734 734 232 383
4402 1 2 734 734 77 256
4403 1 2 734 734 256 383
4404 1 2 734 734 77 383
4405 1 2 735 735 238 254
4406 1 2 735 735 37 238
4407 1 2 735 735 238 384
4408 1 2 735 735 37 254
4409 1 2 735 735 254 384
4410 1 2 735 735 37 384
4411 1 2 736 736 308 317
4412 1 2 736 736 62 317
4413 1 2 736 736 317 385
4414 1 2 736 736 62 308
4415 1 2 736 736 308 385
4416 1 2 736 736 62 385
4417 1 2 737 737 175 180
4418 1 2 737 737 62 175
4419 1 2 737 737 175 385
4420 1 2 737 737 62 180
4421 1 2 737 737 180 385
4422 1 2 737 737 62 385
4423 1 2 738 738 299 339
4424 1 2 738 738 299 340
4425 1 2 738 738 299 391
4426 1 2 738 738 339 340
4427 1 2 738 738 339 391
4428 1 2 738 738 340 391
4429 1 2 739 739 231 270
4430 1 2 739 739 231 268
4431 1 2 739 739 231 391
4432 1 2 739 739 268 270
4433 1 2 739 739 270 391
4434 1 2 739 739 268 391
4435 1 2 740 740 42 114
4436 1 2 740 740 42 153
4437 1 2 740 740 42 377
4438 1 2 740 740 114 153
4439 1 2 740 740 114 377
4440 1 2 740 740 153 377
4441 1 2 741 741 247 278
4442 1 2 741 741 247 269
4443 1 2 741 741 247 392
4444 1 2 741 741 269 278
4445 1 2 741 741 278 392
4446 1 2 741 741 269 392
4447 1 2 742 742 324 344
4448 1 2 742 742 324 345
4449 1 2 742 742 324 392
4450 1 2 742 742 344 345
4451 1 2 742 742 344 392
4452 1 2 742 742 345 392
4453 1 2 743 743 181 200
4454 1 2 743 743 200 202
4455 1 2 743 743 200 393
4456 1 2 743 743 181 202
4457 1 2 743 743 181 393
4458 1 2 743 743 202 393
4459 1 2 744 744 116 151
4460 1 2 744 744 116 152
4461 1 2 744 744 116 393
4462 1 2 744 744 151 152
4463 1 2 744 744 151 393
4464 1 2 744 744 152 393
4465 1 2 745 745 257 323
4466 1 2 745 745 79 257
4467 1 2 745 745 257 380
4468 1 2 745 745 79 323
4469 1 2 745 745 323 380
4470 1 2 745 745 79 380
4471 1 2 746 746 35 252
4472 1 2 746 746 35 107
4473 1 2 746 746 35 381
4474 1 2 746 746 107 252
4475 1 2 746 746 252 381
4476 1 2 746 746 107 381
4477 1 2 747 747 20 186
4478 1 2 747 747 20 115
4479 1 2 747 747 20 382
4480 1 2 747 747 115 186
4481 1 2 747 747 186 382
4482 1 2 747 747 115 382
4483 1 2 748 748 64 192
4484 1 2 748 748 64 315
4485 1 2 748 748 64 379
4486 1 2 748 748 192 315
4487 1 2 748 748 192 379
4488 1 2 748 748 315 379
4489 1 2 749 749 379 381
4490 1 2 749 749 360 379
4491 1 2 749 749 379 383
4492 1 2 749 749 360 381
4493 1 2 749 749 381 383
4494 1 2 749 749 360 383
4495 1 2 750 750 360 381
4496 1 2 750 750 360 379
4497 1 2 750 750 360 386
4498 1 2 750 750 379 381
4499 1 2 750 750 381 386
4500 1 2 750 750 379 386
4501 1 2 751 751 355 381
4502 1 2 751 751 355 379
4503 1 2 751 751 355 383
4504 1 2 751 751 379 381
4505 1 2 751 751 381 383
4506 1 2 751 751 379 383
4507 1 2 752 752 379 381
4508 1 2 752 752 355 379
4509 1 2 752 752 379 386
4510 1 2 752 752 355 381
4511 1 2 752 752 381 386
4512 1 2 752 752 355 386
4513 1 2 753 753 360 382
4514 1 2 753 753 360 380
4515 1 2 753 753 360 384
4516 1 2 753 753 380 382
4517 1 2 753 753 382 384
4518 1 2 753 753 380 384
4519 1 2 754 754 380 382
4520 1 2 754 754 360 380
4521 1 2 754 754 380 385
4522 1 2 754 754 360 382
4523 1 2 754 754 382 385
4524 1 2 754 754 360 385
4525 1 2 755 755 82 331
4526 1 2 755 755 82 234
4527 1 2 755 755 82 376
4528 1 2 755 755 234 331
4529 1 2 755 755 331 376
4530 1 2 755 755 234 376
4531 1 2 756 756 380 382
4532 1 2 756 756 354 380
4533 1 2 756 756 380 384
4534 1 2 756 756 354 382
4535 1 2 756 756 382 384
4536 1 2 756 756 354 384
4537 1 2 757 757 354 382
4538 1 2 757 757 354 380
4539 1 2 757 757 354 385
4540 1 2 757 757 380 382
4541 1 2 757 757 382 385
4542 1 2 757 757 380 385
4543 1 2 758 758 296 313
4544 1 2 758 758 313 332
4545 1 2 758 758 313 390
4546 1 2 758 758 296 332
4547 1 2 758 758 296 390
4548 1 2 758 758 332 390
4549 1 2 759 759 205 211
4550 1 2 759 759 189 205
4551 1 2 759 759 205 397
4552 1 2 759 759 189 211
4553 1 2 759 759 211 397
4554 1 2 759 759 189 397
4555 1 2 760 760 236 265
4556 1 2 760 760 236 279
4557 1 2 760 760 236 368
4558 1 2 760 760 265 279
4559 1 2 760 760 265 368
4560 1 2 760 760 279 368
4561 1 2 761 761 125 141
4562 1 2 761 761 125 142
4563 1 2 761 761 125 368
4564 1 2 761 761 141 142
4565 1 2 761 761 141 368
4566 1 2 761 761 142 368
4567 1 2 762 762 120 139
4568 1 2 762 762 103 120
4569 1 2 762 762 120 389
4570 1 2 762 762 103 139
4571 1 2 762 762 139 389
4572 1 2 762 762 103 389
4573 1 2 763 763 84 346
4574 1 2 763 763 249 346
4575 1 2 763 763 346 375
4576 1 2 763 763 84 249
4577 1 2 763 763 84 375
4578 1 2 763 763 249 375
4579 1 2 764 764 138 242
4580 1 2 764 764 40 242
4581 1 2 764 764 242 378
4582 1 2 764 764 40 138
4583 1 2 764 764 138 378
4584 1 2 764 764 40 378
4585 1 2 765 765 173 208
4586 1 2 765 765 207 208
4587 1 2 765 765 208 394
4588 1 2 765 765 173 207
4589 1 2 765 765 173 394
4590 1 2 765 765 207 394
4591 1 2 766 766 17 176
4592 1 2 766 766 163 176
4593 1 2 766 766 176 387
4594 1 2 766 766 17 163
4595 1 2 766 766 17 387
4596 1 2 766 766 163 387
4597 1 2 767 767 19 124
4598 1 2 767 767 124 166
4599 1 2 767 767 124 393
4600 1 2 767 767 19 166
4601 1 2 767 767 19 393
4602 1 2 767 767 166 393
4603 1 2 768 768 75 251
4604 1 2 768 768 75 322
4605 1 2 768 768 75 391
4606 1 2 768 768 251 322
4607 1 2 768 768 251 391
4608 1 2 768 768 322 391
4609 1 2 769 769 15 133
4610 1 2 769 769 15 160
4611 1 2 769 769 15 389
4612 1 2 769 769 133 160
4613 1 2 769 769 133 389
4614 1 2 769 769 160 389
4615 1 2 770 770 193 305
4616 1 2 770 770 67 193
4617 1 2 770 770 193 394
4618 1 2 770 770 67 305
4619 1 2 770 770 305 394
4620 1 2 770 770 67 394
4621 1 2 771 771 42 153
4622 1 2 771 771 42 255
4623 1 2 771 771 42 377
4624 1 2 771 771 153 255
4625 1 2 771 771 153 377
4626 1 2 771 771 255 377
4627 1 2 772 772 172 177
4628 1 2 772 772 59 172
4629 1 2 772 772 172 388
4630 1 2 772 772 59 177
4631 1 2 772 772 177 388
4632 1 2 772 772 59 388
4633 1 2 773 773 190 326
4634 1 2 773 773 57 190
4635 1 2 773 773 190 390
4636 1 2 773 773 57 326
4637 1 2 773 773 326 390
4638 1 2 773 773 57 390
4639 1 2 774 774 17 121
4640 1 2 774 774 17 119
4641 1 2 774 774 17 387
4642 1 2 774 774 119 121
4643 1 2 774 774 121 387
4644 1 2 774 774 119 387
4645 1 2 775 775 174 185
4646 1 2 775 775 174 184
4647 1 2 775 775 174 371
4648 1 2 775 775 184 185
4649 1 2 775 775 185 371
4650 1 2 775 775 184 371
4651 1 2 776 776 143 144
4652 1 2 776 776 102 144
4653 1 2 776 776 144 397
4654 1 2 776 776 102 143
4655 1 2 776 776 143 397
4656 1 2 776 776 102 397
4657 1 2 777 777 154 378
4658 1 2 777 777 120 154
4659 1 2 777 777 154 387
4660 1 2 777 777 120 378
4661 1 2 777 777 378 387
4662 1 2 777 777 120 387
4663 1 2 778 778 313 376
4664 1 2 778 778 313 347
4665 1 2 778 778 313 388
4666 1 2 778 778 347 376
4667 1 2 778 778 376 388
4668 1 2 778 778 347 388
4669 1 2 779 779 201 210
4670 1 2 779 779 171 210
4671 1 2 779 779 210 390
4672 1 2 779 779 171 201
4673 1 2 779 779 201 390
4674 1 2 779 779 171 390
4675 1 2 780 780 59 314
4676 1 2 780 780 312 314
4677 1 2 780 780 314 388
4678 1 2 780 780 59 312
4679 1 2 780 780 59 388
4680 1 2 780 780 312 388
4681 1 2 781 781 201 210
4682 1 2 781 781 178 201
4683 1 2 781 781 201 389
4684 1 2 781 781 178 210
4685 1 2 781 781 210 389
4686 1 2 781 781 178 389
4687 1 2 782 782 81 248
4688 1 2 782 782 248 302
4689 1 2 782 782 248 392
4690 1 2 782 782 81 302
4691 1 2 782 782 81 392
4692 1 2 782 782 302 392
4693 1 2 783 783 273 275
4694 1 2 783 783 255 275
4695 1 2 783 783 275 377
4696 1 2 783 783 255 273
4697 1 2 783 783 273 377
4698 1 2 783 783 255 377
4699 1 2 784 784 15 160
4700 1 2 784 784 15 178
4701 1 2 784 784 15 389
4702 1 2 784 784 160 178
4703 1 2 784 784 160 389
4704 1 2 784 784 178 389
4705 1 2 785 785 249 275
4706 1 2 785 785 273 275
4707 1 2 785 785 275 375
4708 1 2 785 785 249 273
4709 1 2 785 785 249 375
4710 1 2 785 785 273 375
4711 1 2 786 786 199 210
4712 1 2 786 786 177 199
4713 1 2 786 786 199 388
4714 1 2 786 786 177 210
4715 1 2 786 786 210 388
4716 1 2 786 786 177 388
4717 1 2 787 787 229 265
4718 1 2 787 787 265 368
4719 1 2 787 787 265 398
4720 1 2 787 787 229 368
4721 1 2 787 787 229 398
4722 1 2 787 787 368 398
4723 1 2 788 788 171 190
4724 1 2 788 788 57 171
4725 1 2 788 788 171 390
4726 1 2 788 788 57 190
4727 1 2 788 788 190 390
4728 1 2 788 788 57 390
4729 1 2 789 789 199 210
4730 1 2 789 789 163 210
4731 1 2 789 789 210 387
4732 1 2 789 789 163 199
4733 1 2 789 789 199 387
4734 1 2 789 789 163 387
4735 1 2 790 790 242 276
4736 1 2 790 790 242 275
4737 1 2 790 790 242 378
4738 1 2 790 790 275 276
4739 1 2 790 790 276 378
4740 1 2 790 790 275 378
4741 1 2 791 791 275 276
4742 1 2 791 791 234 275
4743 1 2 791 791 275 376
4744 1 2 791 791 234 276
4745 1 2 791 791 276 376
4746 1 2 791 791 234 376
4747 1 2 792 792 23 123
4748 1 2 792 792 23 185
4749 1 2 792 792 23 197
4750 1 2 792 792 123 185
4751 1 2 792 792 123 197
4752 1 2 792 792 185 197
4753 1 2 793 793 113 185
4754 1 2 793 793 23 185
4755 1 2 793 793 185 198
4756 1 2 793 793 23 113
4757 1 2 793 793 113 198
4758 1 2 793 793 23 198
4759 1 2 794 794 320 338
4760 1 2 794 794 320 348
4761 1 2 794 794 320 394
4762 1 2 794 794 338 348
4763 1 2 794 794 338 394
4764 1 2 794 794 348 394
4765 1 2 795 795 336 337
4766 1 2 795 795 311 337
4767 1 2 795 795 337 399
4768 1 2 795 795 311 336
4769 1 2 795 795 336 399
4770 1 2 795 795 311 399
4771 1 2 796 796 37 238
4772 1 2 796 796 130 238
4773 1 2 796 796 238 384
4774 1 2 796 796 37 130
4775 1 2 796 796 37 384
4776 1 2 796 796 130 384
4777 1 2 797 797 232 300
4778 1 2 797 797 77 300
4779 1 2 797 797 300 383
4780 1 2 797 797 77 232
4781 1 2 797 797 232 383
4782 1 2 797 797 77 383
4783 1 2 798 798 62 175
4784 1 2 798 798 175 308
4785 1 2 798 798 175 385
4786 1 2 798 798 62 308
4787 1 2 798 798 62 385
4788 1 2 798 798 308 385
4789 1 2 799 799 122 149
4790 1 2 799 799 148 149
4791 1 2 799 799 149 386
4792 1 2 799 799 122 148
4793 1 2 799 799 122 386
4794 1 2 799 799 148 386
4795 1 2 800 800 341 342
4796 1 2 800 800 300 341
4797 1 2 800 800 341 383
4798 1 2 800 800 300 342
4799 1 2 800 800 342 383
4800 1 2 800 800 300 383
4801 1 2 801 801 266 277
4802 1 2 801 801 238 277
4803 1 2 801 801 277 384
4804 1 2 801 801 238 266
4805 1 2 801 801 266 384
4806 1 2 801 801 238 384
4807 1 2 802 802 149 150
4808 1 2 802 802 130 150
4809 1 2 802 802 150 384
4810 1 2 802 802 130 149
4811 1 2 802 802 149 384
4812 1 2 802 802 130 384
4813 1 2 803 803 308 343
4814 1 2 803 803 308 342
4815 1 2 803 803 308 385
4816 1 2 803 803 342 343
4817 1 2 803 803 343 385
4818 1 2 803 803 342 385
4819 1 2 804 804 232 274
4820 1 2 804 804 274 277
4821 1 2 804 804 274 383
4822 1 2 804 804 232 277
4823 1 2 804 804 232 383
4824 1 2 804 804 277 383
4825 1 2 805 805 206 209
4826 1 2 805 805 175 209
4827 1 2 805 805 209 385
4828 1 2 805 805 175 206
4829 1 2 805 805 206 385
4830 1 2 805 805 175 385
4831 1 2 806 806 263 280
4832 1 2 806 806 228 280
4833 1 2 806 806 280 363
4834 1 2 806 806 228 263
4835 1 2 806 806 263 363
4836 1 2 806 806 228 363
4837 1 2 807 807 133 160
4838 1 2 807 807 14 160
4839 1 2 807 807 160 397
4840 1 2 807 807 14 133
4841 1 2 807 807 133 397
4842 1 2 807 807 14 397
4843 1 2 808 808 267 271
4844 1 2 808 808 241 271
4845 1 2 808 808 271 399
4846 1 2 808 808 241 267
4847 1 2 808 808 267 399
4848 1 2 808 808 241 399
4849 1 2 809 809 250 307
4850 1 2 809 809 85 250
4851 1 2 809 809 250 399
4852 1 2 809 809 85 307
4853 1 2 809 809 307 399
4854 1 2 809 809 85 399
4855 1 2 810 810 289 293
4856 1 2 810 810 286 293
4857 1 2 810 810 293 363
4858 1 2 810 810 286 289
4859 1 2 810 810 289 363
4860 1 2 810 810 286 363
4861 1 2 811 811 194 214
4862 1 2 811 811 168 194
4863 1 2 811 811 194 374
4864 1 2 811 811 168 214
4865 1 2 811 811 214 374
4866 1 2 811 811 168 374
4867 1 2 812 812 167 212
4868 1 2 812 812 209 212
4869 1 2 812 812 212 386
4870 1 2 812 812 167 209
4871 1 2 812 812 167 386
4872 1 2 812 812 209 386
4873 1 2 813 813 341 342
4874 1 2 813 813 315 342
4875 1 2 813 813 342 379
4876 1 2 813 813 315 341
4877 1 2 813 813 341 379
4878 1 2 813 813 315 379
4879 1 2 814 814 122 198
4880 1 2 814 814 113 122
4881 1 2 814 814 122 386
4882 1 2 814 814 113 198
4883 1 2 814 814 198 386
4884 1 2 814 814 113 386
4885 1 2 815 815 17 119
4886 1 2 815 815 17 163
4887 1 2 815 815 17 387
4888 1 2 815 815 119 163
4889 1 2 815 815 119 387
4890 1 2 815 815 163 387
4891 1 2 816 816 107 148
4892 1 2 816 816 148 149
4893 1 2 816 816 148 381
4894 1 2 816 816 107 149
4895 1 2 816 816 107 381
4896 1 2 816 816 149 381
4897 1 2 817 817 342 343
4898 1 2 817 817 323 342
4899 1 2 817 817 342 380
4900 1 2 817 817 323 343
4901 1 2 817 817 343 380
4902 1 2 817 817 323 380
4903 1 2 818 818 115 150
4904 1 2 818 818 149 150
4905 1 2 818 818 150 382
4906 1 2 818 818 115 149
4907 1 2 818 818 115 382
4908 1 2 818 818 149 382
4909 1 2 819 819 257 277
4910 1 2 819 819 266 277
4911 1 2 819 819 277 380
4912 1 2 819 819 257 266
4913 1 2 819 819 257 380
4914 1 2 819 819 266 380
4915 1 2 820 820 274 277
4916 1 2 820 820 252 274
4917 1 2 820 820 274 381
4918 1 2 820 820 252 277
4919 1 2 820 820 277 381
4920 1 2 820 820 252 381
4921 1 2 821 821 186 209
4922 1 2 821 821 206 209
4923 1 2 821 821 209 382
4924 1 2 821 821 186 206
4925 1 2 821 821 186 382
4926 1 2 821 821 206 382
4927 1 2 822 822 22 113
4928 1 2 822 822 22 122
4929 1 2 822 822 22 198
4930 1 2 822 822 113 122
4931 1 2 822 822 113 198
4932 1 2 822 822 122 198
4933 1 2 823 823 112 123
4934 1 2 823 823 24 112
4935 1 2 823 823 112 197
4936 1 2 823 823 24 123
4937 1 2 823 823 123 197
4938 1 2 823 823 24 197
4939 1 2 824 824 246 265
4940 1 2 824 824 229 246
4941 1 2 824 824 246 368
4942 1 2 824 824 229 265
4943 1 2 824 824 265 368
4944 1 2 824 824 229 368
4945 1 2 825 825 269 278
4946 1 2 825 825 233 269
4947 1 2 825 825 269 364
4948 1 2 825 825 233 278
4949 1 2 825 825 278 364
4950 1 2 825 825 233 364
4951 1 2 826 826 131 152
4952 1 2 826 826 131 151
4953 1 2 826 826 131 364
4954 1 2 826 826 151 152
4955 1 2 826 826 152 364
4956 1 2 826 826 151 364
4957 1 2 827 827 106 146
4958 1 2 827 827 146 147
4959 1 2 827 827 146 365
4960 1 2 827 827 106 147
4961 1 2 827 827 106 365
4962 1 2 827 827 147 365
4963 1 2 828 828 268 270
4964 1 2 828 828 253 268
4965 1 2 828 828 268 365
4966 1 2 828 828 253 270
4967 1 2 828 828 270 365
4968 1 2 828 828 253 365
4969 1 2 829 829 177 312
4970 1 2 829 829 59 177
4971 1 2 829 829 177 388
4972 1 2 829 829 59 312
4973 1 2 829 829 312 388
4974 1 2 829 829 59 388
4975 1 2 830 830 368 396
4976 1 2 830 830 368 369
4977 1 2 830 830 368 400
4978 1 2 830 830 369 396
4979 1 2 830 830 396 400
4980 1 2 830 830 369 400
4981 1 2 831 831 15 103
4982 1 2 831 831 103 178
4983 1 2 831 831 103 389
4984 1 2 831 831 15 178
4985 1 2 831 831 15 389
4986 1 2 831 831 178 389
4987 1 2 832 832 171 296
4988 1 2 832 832 57 296
4989 1 2 832 832 296 390
4990 1 2 832 832 57 171
4991 1 2 832 832 171 390
4992 1 2 832 832 57 390
4993 1 2 833 833 67 320
4994 1 2 833 833 305 320
4995 1 2 833 833 320 394
4996 1 2 833 833 67 305
4997 1 2 833 833 67 394
4998 1 2 833 833 305 394
4999 1 2 834 834 316 339
5000 1 2 834 834 339 340
5001 1 2 834 834 339 371
5002 1 2 834 834 316 340
5003 1 2 834 834 316 371
5004 1 2 834 834 340 371
5005 1 2 835 835 179 200
5006 1 2 835 835 179 202
5007 1 2 835 835 179 370
5008 1 2 835 835 200 202
5009 1 2 835 835 200 370
5010 1 2 835 835 202 370
5011 1 2 836 836 344 345
5012 1 2 836 836 309 345
5013 1 2 836 836 345 370
5014 1 2 836 836 309 344
5015 1 2 836 836 344 370
5016 1 2 836 836 309 370
5017 1 2 837 837 103 133
5018 1 2 837 837 15 103
5019 1 2 837 837 103 389
5020 1 2 837 837 15 133
5021 1 2 837 837 133 389
5022 1 2 837 837 15 389
5023 1 2 838 838 247 248
5024 1 2 838 838 81 248
5025 1 2 838 838 248 392
5026 1 2 838 838 81 247
5027 1 2 838 838 247 392
5028 1 2 838 838 81 392
5029 1 2 839 839 166 181
5030 1 2 839 839 19 181
5031 1 2 839 839 181 393
5032 1 2 839 839 19 166
5033 1 2 839 839 166 393
5034 1 2 839 839 19 393
5035 1 2 840 840 116 124
5036 1 2 840 840 19 124
5037 1 2 840 840 124 393
5038 1 2 840 840 19 116
5039 1 2 840 840 116 393
5040 1 2 840 840 19 393
5041 1 2 841 841 67 173
5042 1 2 841 841 67 193
5043 1 2 841 841 67 394
5044 1 2 841 841 173 193
5045 1 2 841 841 173 394
5046 1 2 841 841 193 394
5047 1 2 842 842 75 322
5048 1 2 842 842 75 299
5049 1 2 842 842 75 391
5050 1 2 842 842 299 322
5051 1 2 842 842 322 391
5052 1 2 842 842 299 391
5053 1 2 843 843 75 231
5054 1 2 843 843 75 251
5055 1 2 843 843 75 391
5056 1 2 843 843 231 251
5057 1 2 843 843 231 391
5058 1 2 843 843 251 391
5059 1 2 844 844 170 203
5060 1 2 844 844 170 204
5061 1 2 844 844 170 369
5062 1 2 844 844 203 204
5063 1 2 844 844 203 369
5064 1 2 844 844 204 369
5065 1 2 845 845 57 296
5066 1 2 845 845 296 326
5067 1 2 845 845 296 390
5068 1 2 845 845 57 326
5069 1 2 845 845 57 390
5070 1 2 845 845 326 390
5071 1 2 846 846 228 263
5072 1 2 846 846 228 285
5073 1 2 846 846 228 363
5074 1 2 846 846 263 285
5075 1 2 846 846 263 363
5076 1 2 846 846 285 363
5077 1 2 847 847 215 288
5078 1 2 847 847 215 291
5079 1 2 847 847 215 374
5080 1 2 847 847 288 291
5081 1 2 847 847 288 374
5082 1 2 847 847 291 374
5083 1 2 848 848 192 209
5084 1 2 848 848 209 212
5085 1 2 848 848 209 379
5086 1 2 848 848 192 212
5087 1 2 848 848 192 379
5088 1 2 848 848 212 379
5089 1 2 849 849 169 211
5090 1 2 849 849 169 205
5091 1 2 849 849 169 373
5092 1 2 849 849 205 211
5093 1 2 849 849 211 373
5094 1 2 849 849 205 373
5095 1 2 850 850 302 324
5096 1 2 850 850 81 324
5097 1 2 850 850 324 392
5098 1 2 850 850 81 302
5099 1 2 850 850 302 392
5100 1 2 850 850 81 392
5101 1 2 851 851 14 160
5102 1 2 851 851 160 189
5103 1 2 851 851 160 397
5104 1 2 851 851 14 189
5105 1 2 851 851 14 397
5106 1 2 851 851 189 397
5107 1 2 852 852 104 137
5108 1 2 852 852 104 140
5109 1 2 852 852 104 363
5110 1 2 852 852 137 140
5111 1 2 852 852 137 363
5112 1 2 852 852 140 363
5113 1 2 853 853 294 334
5114 1 2 853 853 294 335
5115 1 2 853 853 294 369
5116 1 2 853 853 334 335
5117 1 2 853 853 334 369
5118 1 2 853 853 335 369
5119 1 2 854 854 244 271
5120 1 2 854 854 267 271
5121 1 2 854 854 271 366
5122 1 2 854 854 244 267
5123 1 2 854 854 244 366
5124 1 2 854 854 267 366
5125 1 2 855 855 241 250
5126 1 2 855 855 85 241
5127 1 2 855 855 241 399
5128 1 2 855 855 85 250
5129 1 2 855 855 250 399
5130 1 2 855 855 85 399
5131 1 2 856 856 168 288
5132 1 2 856 856 168 215
5133 1 2 856 856 168 374
5134 1 2 856 856 215 288
5135 1 2 856 856 288 374
5136 1 2 856 856 215 374
5137 1 2 857 857 357 369
5138 1 2 857 857 357 368
5139 1 2 857 857 357 396
5140 1 2 857 857 368 369
5141 1 2 857 857 369 396
5142 1 2 857 857 368 396
5143 1 2 858 858 291 330
5144 1 2 858 858 291 351
5145 1 2 858 858 291 374
5146 1 2 858 858 330 351
5147 1 2 858 858 330 374
5148 1 2 858 858 351 374
5149 1 2 859 859 67 320
5150 1 2 859 859 67 173
5151 1 2 859 859 67 394
5152 1 2 859 859 173 320
5153 1 2 859 859 320 394
5154 1 2 859 859 173 394
5155 1 2 860 860 81 324
5156 1 2 860 860 247 324
5157 1 2 860 860 324 392
5158 1 2 860 860 81 247
5159 1 2 860 860 81 392
5160 1 2 860 860 247 392
5161 1 2 861 861 19 181
5162 1 2 861 861 116 181
5163 1 2 861 861 181 393
5164 1 2 861 861 19 116
5165 1 2 861 861 19 393
5166 1 2 861 861 116 393
5167 1 2 862 862 272 281
5168 1 2 862 862 230 272
5169 1 2 862 862 272 367
5170 1 2 862 862 230 281
5171 1 2 862 862 281 367
5172 1 2 862 862 230 367
5173 1 2 863 863 75 299
5174 1 2 863 863 75 231
5175 1 2 863 863 75 391
5176 1 2 863 863 231 299
5177 1 2 863 863 299 391
5178 1 2 863 863 231 391
5179 1 2 864 864 207 208
5180 1 2 864 864 188 208
5181 1 2 864 864 208 372
5182 1 2 864 864 188 207
5183 1 2 864 864 207 372
5184 1 2 864 864 188 372
5185 1 2 865 865 295 337
5186 1 2 865 865 336 337
5187 1 2 865 865 337 373
5188 1 2 865 865 295 336
5189 1 2 865 865 295 373
5190 1 2 865 865 336 373
5191 1 2 866 866 143 144
5192 1 2 866 866 118 143
5193 1 2 866 866 143 366
5194 1 2 866 866 118 144
5195 1 2 866 866 144 366
5196 1 2 866 866 118 366
5197 1 2 867 867 298 338
5198 1 2 867 867 338 348
5199 1 2 867 867 338 367
5200 1 2 867 867 298 348
5201 1 2 867 867 298 367
5202 1 2 867 867 348 367
5203 1 2 868 868 310 330
5204 1 2 868 868 310 333
5205 1 2 868 868 310 374
5206 1 2 868 868 330 333
5207 1 2 868 868 330 374
5208 1 2 868 868 333 374
5209 1 2 869 869 307 311
5210 1 2 869 869 85 307
5211 1 2 869 869 307 399
5212 1 2 869 869 85 311
5213 1 2 869 869 311 399
5214 1 2 869 869 85 399
5215 1 2 870 870 127 155
5216 1 2 870 870 127 145
5217 1 2 870 870 127 372
5218 1 2 870 870 145 155
5219 1 2 870 870 155 372
5220 1 2 870 870 145 372
5221 1 2 871 871 312 313
5222 1 2 871 871 312 347
5223 1 2 871 871 312 388
5224 1 2 871 871 313 347
5225 1 2 871 871 313 388
5226 1 2 871 871 347 388
5227 1 2 872 872 120 154
5228 1 2 872 872 119 154
5229 1 2 872 872 154 387
5230 1 2 872 872 119 120
5231 1 2 872 872 120 387
5232 1 2 872 872 119 387
5233 1 2 873 873 194 215
5234 1 2 873 873 194 310
5235 1 2 873 873 194 374
5236 1 2 873 873 215 310
5237 1 2 873 873 215 374
5238 1 2 873 873 310 374
5239 1 2 874 874 368 369
5240 1 2 874 874 359 368
5241 1 2 874 874 368 400
5242 1 2 874 874 359 369
5243 1 2 874 874 369 400
5244 1 2 874 874 359 400
5245 1 2 875 875 14 102
5246 1 2 875 875 102 133
5247 1 2 875 875 102 397
5248 1 2 875 875 14 133
5249 1 2 875 875 14 397
5250 1 2 875 875 133 397
5251 1 2 876 876 367 372
5252 1 2 876 876 353 367
5253 1 2 876 876 367 395
5254 1 2 876 876 353 372
5255 1 2 876 876 372 395
5256 1 2 876 876 353 395
5257 1 2 877 877 14 102
5258 1 2 877 877 14 189
5259 1 2 877 877 14 397
5260 1 2 877 877 102 189
5261 1 2 877 877 102 397
5262 1 2 877 877 189 397
5263 1 2 878 878 122 198
5264 1 2 878 878 167 198
5265 1 2 878 878 198 386
5266 1 2 878 878 122 167
5267 1 2 878 878 122 386
5268 1 2 878 878 167 386
5269 1 2 879 879 69 217
5270 1 2 879 879 69 187
5271 1 2 879 879 69 329
5272 1 2 879 879 187 217
5273 1 2 879 879 217 329
5274 1 2 879 879 187 329
5275 1 2 880 880 137 159
5276 1 2 880 880 104 159
5277 1 2 880 880 159 363
5278 1 2 880 880 104 137
5279 1 2 880 880 137 363
5280 1 2 880 880 104 363
5281 1 2 881 881 85 311
5282 1 2 881 881 85 241
5283 1 2 881 881 85 399
5284 1 2 881 881 241 311
5285 1 2 881 881 311 399
5286 1 2 881 881 241 399
5287 1 2 882 882 122 198
5288 1 2 882 882 22 198
5289 1 2 882 882 167 198
5290 1 2 882 882 22 122
5291 1 2 882 882 122 167
5292 1 2 882 882 22 167
5293 1 2 883 883 24 112
5294 1 2 883 883 24 197
5295 1 2 883 883 24 165
5296 1 2 883 883 112 197
5297 1 2 883 883 112 165
5298 1 2 883 883 165 197
5299 1 2 884 884 261 283
5300 1 2 884 884 30 283
5301 1 2 884 884 135 283
5302 1 2 884 884 30 261
5303 1 2 884 884 135 261
5304 1 2 884 884 30 135
5305 1 2 885 885 282 328
5306 1 2 885 885 72 282
5307 1 2 885 885 262 282
5308 1 2 885 885 72 328
5309 1 2 885 885 262 328
5310 1 2 885 885 72 262
5311 1 2 886 886 215 351
5312 1 2 886 886 215 310
5313 1 2 886 886 215 374
5314 1 2 886 886 310 351
5315 1 2 886 886 351 374
5316 1 2 886 886 310 374
5317 1 2 887 887 356 370
5318 1 2 887 887 356 364
5319 1 2 887 887 356 392
5320 1 2 887 887 364 370
5321 1 2 887 887 370 392
5322 1 2 887 887 364 392
5323 1 2 888 888 365 371
5324 1 2 888 888 353 365
5325 1 2 888 888 365 391
5326 1 2 888 888 353 371
5327 1 2 888 888 371 391
5328 1 2 888 888 353 391
5329 1 2 889 889 368 369
5330 1 2 889 889 357 368
5331 1 2 889 889 368 398
5332 1 2 889 889 357 369
5333 1 2 889 889 369 398
5334 1 2 889 889 357 398
5335 1 2 890 890 104 285
5336 1 2 890 890 48 285
5337 1 2 890 890 228 285
5338 1 2 890 890 48 104
5339 1 2 890 890 104 228
5340 1 2 890 890 48 228
5341 1 2 891 891 69 217
5342 1 2 891 891 217 350
5343 1 2 891 891 217 329
5344 1 2 891 891 69 350
5345 1 2 891 891 69 329
5346 1 2 891 891 329 350
5347 1 2 892 892 120 139
5348 1 2 892 892 139 153
5349 1 2 892 892 139 377
5350 1 2 892 892 120 153
5351 1 2 892 892 120 377
5352 1 2 892 892 153 377
5353 1 2 893 893 313 332
5354 1 2 893 893 313 346
5355 1 2 893 893 313 375
5356 1 2 893 893 332 346
5357 1 2 893 893 332 375
5358 1 2 893 893 346 375
5359 1 2 894 894 156 283
5360 1 2 894 894 30 156
5361 1 2 894 894 135 156
5362 1 2 894 894 30 283
5363 1 2 894 894 135 283
5364 1 2 894 894 30 135
5365 1 2 895 895 72 328
5366 1 2 895 895 328 349
5367 1 2 895 895 282 328
5368 1 2 895 895 72 349
5369 1 2 895 895 72 282
5370 1 2 895 895 282 349
5371 1 2 896 896 129 237
5372 1 2 896 896 32 237
5373 1 2 896 896 237 395
5374 1 2 896 896 32 129
5375 1 2 896 896 129 395
5376 1 2 896 896 32 395
5377 1 2 897 897 243 284
5378 1 2 897 897 90 284
5379 1 2 897 897 284 297
5380 1 2 897 897 90 243
5381 1 2 897 897 243 297
5382 1 2 897 897 90 297
5383 1 2 898 898 87 229
5384 1 2 898 898 229 318
5385 1 2 898 898 229 398
5386 1 2 898 898 87 318
5387 1 2 898 898 87 398
5388 1 2 898 898 318 398
5389 1 2 899 899 92 351
5390 1 2 899 899 330 351
5391 1 2 899 899 291 351
5392 1 2 899 899 92 330
5393 1 2 899 899 92 291
5394 1 2 899 899 291 330
5395 1 2 900 900 290 352
5396 1 2 900 900 91 290
5397 1 2 900 900 290 330
5398 1 2 900 900 91 352
5399 1 2 900 900 330 352
5400 1 2 900 900 91 330
5401 1 2 901 901 134 161
5402 1 2 901 901 12 161
5403 1 2 901 901 161 396
5404 1 2 901 901 12 134
5405 1 2 901 901 134 396
5406 1 2 901 901 12 396
5407 1 2 902 902 12 101
5408 1 2 902 902 12 183
5409 1 2 902 902 12 396
5410 1 2 902 902 101 183
5411 1 2 902 902 101 396
5412 1 2 902 902 183 396
5413 1 2 903 903 32 105
5414 1 2 903 903 32 258
5415 1 2 903 903 32 395
5416 1 2 903 903 105 258
5417 1 2 903 903 105 395
5418 1 2 903 903 258 395
5419 1 2 904 904 51 310
5420 1 2 904 904 215 310
5421 1 2 904 904 194 310
5422 1 2 904 904 51 215
5423 1 2 904 904 51 194
5424 1 2 904 904 194 215
5425 1 2 905 905 9 216
5426 1 2 905 905 9 195
5427 1 2 905 905 9 117
5428 1 2 905 905 195 216
5429 1 2 905 905 117 216
5430 1 2 905 905 117 195
5431 1 2 906 906 185 213
5432 1 2 906 906 174 213
5433 1 2 906 906 213 371
5434 1 2 906 906 174 185
5435 1 2 906 906 185 371
5436 1 2 906 906 174 371
5437 1 2 907 907 158 292
5438 1 2 907 907 50 292
5439 1 2 907 907 137 292
5440 1 2 907 907 50 158
5441 1 2 907 907 137 158
5442 1 2 907 907 50 137
5443 1 2 908 908 49 159
5444 1 2 908 908 137 159
5445 1 2 908 908 159 293
5446 1 2 908 908 49 137
5447 1 2 908 908 49 293
5448 1 2 908 908 137 293
5449 1 2 909 909 259 304
5450 1 2 909 909 87 259
5451 1 2 909 909 259 398
5452 1 2 909 909 87 304
5453 1 2 909 909 304 398
5454 1 2 909 909 87 398
5455 1 2 910 910 354 370
5456 1 2 910 910 354 364
5457 1 2 910 910 354 393
5458 1 2 910 910 364 370
5459 1 2 910 910 370 393
5460 1 2 910 910 364 393
5461 1 2 911 911 287 291
5462 1 2 911 911 291 330
5463 1 2 911 911 291 374
5464 1 2 911 911 287 330
5465 1 2 911 911 287 374
5466 1 2 911 911 330 374
5467 1 2 912 912 10 162
5468 1 2 912 912 10 128
5469 1 2 912 912 10 401
5470 1 2 912 912 128 162
5471 1 2 912 912 162 401
5472 1 2 912 912 128 401
5473 1 2 913 913 101 183
5474 1 2 913 913 11 183
5475 1 2 913 913 183 400
5476 1 2 913 913 11 101
5477 1 2 913 913 101 400
5478 1 2 913 913 11 400
5479 1 2 914 914 90 352
5480 1 2 914 914 90 284
5481 1 2 914 914 90 297
5482 1 2 914 914 284 352
5483 1 2 914 914 297 352
5484 1 2 914 914 284 297
5485 1 2 915 915 48 104
5486 1 2 915 915 104 159
5487 1 2 915 915 104 285
5488 1 2 915 915 48 159
5489 1 2 915 915 48 285
5490 1 2 915 915 159 285
5491 1 2 916 916 95 220
5492 1 2 916 916 218 220
5493 1 2 916 916 220 223
5494 1 2 916 916 95 218
5495 1 2 916 916 95 223
5496 1 2 916 916 218 223
5497 1 2 917 917 220 225
5498 1 2 917 917 96 225
5499 1 2 917 917 217 225
5500 1 2 917 917 96 220
5501 1 2 917 917 217 220
5502 1 2 917 917 96 217
5503 1 2 918 918 51 351
5504 1 2 918 918 51 310
5505 1 2 918 918 51 215
5506 1 2 918 918 310 351
5507 1 2 918 918 215 351
5508 1 2 918 918 215 310
5509 1 2 919 919 9 216
5510 1 2 919 919 158 216
5511 1 2 919 919 117 216
5512 1 2 919 919 9 158
5513 1 2 919 919 9 117
5514 1 2 919 919 117 158
5515 1 2 920 920 353 372
5516 1 2 920 920 353 367
5517 1 2 920 920 353 394
5518 1 2 920 920 367 372
5519 1 2 920 920 372 394
5520 1 2 920 920 367 394
5521 1 2 921 921 95 196
5522 1 2 921 921 95 220
5523 1 2 921 921 95 218
5524 1 2 921 921 196 220
5525 1 2 921 921 196 218
5526 1 2 921 921 218 220
5527 1 2 922 922 96 220
5528 1 2 922 922 217 220
5529 1 2 922 922 196 220
5530 1 2 922 922 96 217
5531 1 2 922 922 96 196
5532 1 2 922 922 196 217
5533 1 2 923 923 358 373
5534 1 2 923 923 358 366
5535 1 2 923 923 358 397
5536 1 2 923 923 366 373
5537 1 2 923 923 373 397
5538 1 2 923 923 366 397
5539 1 2 924 924 249 250
5540 1 2 924 924 249 273
5541 1 2 924 924 249 375
5542 1 2 924 924 250 273
5543 1 2 924 924 250 375
5544 1 2 924 924 273 375
5545 1 2 925 925 366 373
5546 1 2 925 925 358 366
5547 1 2 925 925 366 399
5548 1 2 925 925 358 373
5549 1 2 925 925 373 399
5550 1 2 925 925 358 399
5551 1 2 926 926 11 128
5552 1 2 926 926 11 162
5553 1 2 926 926 11 400
5554 1 2 926 926 128 162
5555 1 2 926 926 128 400
5556 1 2 926 926 162 400
5557 1 2 927 927 97 283
5558 1 2 927 927 219 283
5559 1 2 927 927 226 283
5560 1 2 927 927 97 219
5561 1 2 927 927 97 226
5562 1 2 927 927 219 226
5563 1 2 928 928 224 282
5564 1 2 928 928 98 224
5565 1 2 928 928 219 224
5566 1 2 928 928 98 282
5567 1 2 928 928 219 282
5568 1 2 928 928 98 219
5569 1 2 929 929 255 273
5570 1 2 929 929 235 255
5571 1 2 929 929 255 377
5572 1 2 929 929 235 273
5573 1 2 929 929 273 377
5574 1 2 929 929 235 377
5575 1 2 930 930 87 318
5576 1 2 930 930 304 318
5577 1 2 930 930 318 398
5578 1 2 930 930 87 304
5579 1 2 930 930 87 398
5580 1 2 930 930 304 398
5581 1 2 931 931 248 276
5582 1 2 931 931 234 276
5583 1 2 931 931 276 376
5584 1 2 931 931 234 248
5585 1 2 931 931 248 376
5586 1 2 931 931 234 376
5587 1 2 932 932 105 129
5588 1 2 932 932 32 129
5589 1 2 932 932 129 395
5590 1 2 932 932 32 105
5591 1 2 932 932 105 395
5592 1 2 932 932 32 395
5593 1 2 933 933 32 237
5594 1 2 933 933 237 258
5595 1 2 933 933 237 395
5596 1 2 933 933 32 258
5597 1 2 933 933 32 395
5598 1 2 933 933 258 395
5599 1 2 934 934 260 276
5600 1 2 934 934 242 260
5601 1 2 934 934 260 378
5602 1 2 934 934 242 276
5603 1 2 934 934 276 378
5604 1 2 934 934 242 378
5605 1 2 935 935 99 263
5606 1 2 935 935 263 285
5607 1 2 935 935 263 289
5608 1 2 935 935 99 285
5609 1 2 935 935 99 289
5610 1 2 935 935 285 289
5611 1 2 936 936 12 183
5612 1 2 936 936 12 161
5613 1 2 936 936 12 396
5614 1 2 936 936 161 183
5615 1 2 936 936 183 396
5616 1 2 936 936 161 396
5617 1 2 937 937 12 101
5618 1 2 937 937 101 134
5619 1 2 937 937 101 396
5620 1 2 937 937 12 134
5621 1 2 937 937 12 396
5622 1 2 937 937 134 396
5623 1 2 938 938 302 347
5624 1 2 938 938 302 331
5625 1 2 938 938 302 376
5626 1 2 938 938 331 347
5627 1 2 938 938 347 376
5628 1 2 938 938 331 376
5629 1 2 939 939 219 227
5630 1 2 939 939 97 219
5631 1 2 939 939 219 283
5632 1 2 939 939 97 227
5633 1 2 939 939 227 283
5634 1 2 939 939 97 283
5635 1 2 940 940 98 282
5636 1 2 940 940 219 282
5637 1 2 940 940 227 282
5638 1 2 940 940 98 219
5639 1 2 940 940 98 227
5640 1 2 940 940 219 227
5641 1 2 941 941 263 289
5642 1 2 941 941 100 289
5643 1 2 941 941 284 289
5644 1 2 941 941 100 263
5645 1 2 941 941 263 284
5646 1 2 941 941 100 284
5647 1 2 942 942 120 138
5648 1 2 942 942 138 154
5649 1 2 942 942 138 378
5650 1 2 942 942 120 154
5651 1 2 942 942 120 378
5652 1 2 942 942 154 378
5653 1 2 943 943 331 347
5654 1 2 943 943 313 331
5655 1 2 943 943 331 376
5656 1 2 943 943 313 347
5657 1 2 943 943 347 376
5658 1 2 943 943 313 376
5659 1 2 944 944 306 341
5660 1 2 944 944 315 341
5661 1 2 944 944 341 379
5662 1 2 944 944 306 315
5663 1 2 944 944 306 379
5664 1 2 944 944 315 379
5665 1 2 945 945 285 293
5666 1 2 945 945 99 293
5667 1 2 945 945 289 293
5668 1 2 945 945 99 285
5669 1 2 945 945 285 289
5670 1 2 945 945 99 289
5671 1 2 946 946 240 266
5672 1 2 946 946 240 257
5673 1 2 946 946 240 380
5674 1 2 946 946 257 266
5675 1 2 946 946 266 380
5676 1 2 946 946 257 380
5677 1 2 947 947 107 148
5678 1 2 947 947 107 132
5679 1 2 947 947 107 381
5680 1 2 947 947 132 148
5681 1 2 947 947 148 381
5682 1 2 947 947 132 381
5683 1 2 948 948 115 124
5684 1 2 948 948 124 150
5685 1 2 948 948 124 382
5686 1 2 948 948 115 150
5687 1 2 948 948 115 382
5688 1 2 948 948 150 382
5689 1 2 949 949 301 323
5690 1 2 949 949 301 343
5691 1 2 949 949 301 380
5692 1 2 949 949 323 343
5693 1 2 949 949 323 380
5694 1 2 949 949 343 380
5695 1 2 950 950 239 252
5696 1 2 950 950 252 274
5697 1 2 950 950 252 381
5698 1 2 950 950 239 274
5699 1 2 950 950 239 381
5700 1 2 950 950 274 381
5701 1 2 951 951 166 206
5702 1 2 951 951 166 186
5703 1 2 951 951 166 382
5704 1 2 951 951 186 206
5705 1 2 951 951 206 382
5706 1 2 951 951 186 382
5707 1 2 952 952 109 154
5708 1 2 952 952 138 154
5709 1 2 952 952 154 378
5710 1 2 952 952 109 138
5711 1 2 952 952 109 378
5712 1 2 952 952 138 378
5713 1 2 953 953 229 259
5714 1 2 953 953 87 229
5715 1 2 953 953 229 398
5716 1 2 953 953 87 259
5717 1 2 953 953 259 398
5718 1 2 953 953 87 398
5719 1 2 954 954 100 284
5720 1 2 954 954 284 289
5721 1 2 954 954 284 290
5722 1 2 954 954 100 289
5723 1 2 954 954 100 290
5724 1 2 954 954 289 290
5725 1 2 955 955 215 351
5726 1 2 955 955 291 351
5727 1 2 955 955 351 374
5728 1 2 955 955 215 291
5729 1 2 955 955 215 374
5730 1 2 955 955 291 374
5731 1 2 956 956 29 156
5732 1 2 956 956 29 110
5733 1 2 956 956 29 222
5734 1 2 956 956 110 156
5735 1 2 956 956 156 222
5736 1 2 956 956 110 222
5737 1 2 957 957 10 195
5738 1 2 957 957 10 162
5739 1 2 957 957 10 401
5740 1 2 957 957 162 195
5741 1 2 957 957 195 401
5742 1 2 957 957 162 401
5743 1 2 958 958 79 323
5744 1 2 958 958 78 323
5745 1 2 958 958 257 323
5746 1 2 958 958 78 79
5747 1 2 958 958 79 257
5748 1 2 958 958 78 257
5749 1 2 959 959 76 77
5750 1 2 959 959 77 325
5751 1 2 959 959 77 256
5752 1 2 959 959 76 325
5753 1 2 959 959 76 256
5754 1 2 959 959 256 325
5755 1 2 960 960 25 127
5756 1 2 960 960 26 127
5757 1 2 960 960 127 188
5758 1 2 960 960 25 26
5759 1 2 960 960 25 188
5760 1 2 960 960 26 188
5761 1 2 961 961 21 22
5762 1 2 961 961 21 122
5763 1 2 961 961 21 167
5764 1 2 961 961 22 122
5765 1 2 961 961 22 167
5766 1 2 961 961 122 167
5767 1 2 962 962 33 237
5768 1 2 962 962 32 237
5769 1 2 962 962 129 237
5770 1 2 962 962 32 33
5771 1 2 962 962 33 129
5772 1 2 962 962 32 129
5773 1 2 963 963 24 112
5774 1 2 963 963 25 112
5775 1 2 963 963 112 165
5776 1 2 963 963 24 25
5777 1 2 963 963 24 165
5778 1 2 963 963 25 165
5779 1 2 964 964 36 37
5780 1 2 964 964 37 238
5781 1 2 964 964 37 130
5782 1 2 964 964 36 238
5783 1 2 964 964 36 130
5784 1 2 964 964 130 238
5785 1 2 965 965 39 233
5786 1 2 965 965 38 233
5787 1 2 965 965 131 233
5788 1 2 965 965 38 39
5789 1 2 965 965 39 131
5790 1 2 965 965 38 131
5791 1 2 966 966 54 327
5792 1 2 966 966 191 327
5793 1 2 966 966 55 327
5794 1 2 966 966 54 191
5795 1 2 966 966 54 55
5796 1 2 966 966 55 191
5797 1 2 967 967 75 322
5798 1 2 967 967 74 322
5799 1 2 967 967 251 322
5800 1 2 967 967 74 75
5801 1 2 967 967 75 251
5802 1 2 967 967 74 251
5803 1 2 968 968 63 308
5804 1 2 968 968 62 308
5805 1 2 968 968 175 308
5806 1 2 968 968 62 63
5807 1 2 968 968 63 175
5808 1 2 968 968 62 175
5809 1 2 969 969 67 68
5810 1 2 969 969 67 173
5811 1 2 969 969 67 320
5812 1 2 969 969 68 173
5813 1 2 969 969 68 320
5814 1 2 969 969 173 320
5815 1 2 970 970 35 36
5816 1 2 970 970 36 252
5817 1 2 970 970 36 107
5818 1 2 970 970 35 252
5819 1 2 970 970 35 107
5820 1 2 970 970 107 252
5821 1 2 971 971 20 21
5822 1 2 971 971 20 115
5823 1 2 971 971 20 186
5824 1 2 971 971 21 115
5825 1 2 971 971 21 186
5826 1 2 971 971 115 186
5827 1 2 972 972 34 35
5828 1 2 972 972 35 239
5829 1 2 972 972 35 132
5830 1 2 972 972 34 239
5831 1 2 972 972 34 132
5832 1 2 972 972 132 239
5833 1 2 973 973 19 124
5834 1 2 973 973 20 124
5835 1 2 973 973 124 166
5836 1 2 973 973 19 20
5837 1 2 973 973 19 166
5838 1 2 973 973 20 166
5839 1 2 974 974 12 13
5840 1 2 974 974 13 161
5841 1 2 974 974 13 134
5842 1 2 974 974 12 161
5843 1 2 974 974 12 134
5844 1 2 974 974 134 161
5845 1 2 975 975 33 34
5846 1 2 975 975 34 253
5847 1 2 975 975 34 106
5848 1 2 975 975 33 253
5849 1 2 975 975 33 106
5850 1 2 975 975 106 253
5851 1 2 976 976 80 324
5852 1 2 976 976 80 81
5853 1 2 976 976 80 247
5854 1 2 976 976 81 324
5855 1 2 976 976 247 324
5856 1 2 976 976 81 247
5857 1 2 977 977 37 38
5858 1 2 977 977 38 254
5859 1 2 977 977 38 108
5860 1 2 977 977 37 254
5861 1 2 977 977 37 108
5862 1 2 977 977 108 254
5863 1 2 978 978 79 80
5864 1 2 978 978 80 301
5865 1 2 978 978 80 240
5866 1 2 978 978 79 301
5867 1 2 978 978 79 240
5868 1 2 978 978 240 301
5869 1 2 979 979 78 300
5870 1 2 979 979 77 300
5871 1 2 979 979 232 300
5872 1 2 979 979 77 78
5873 1 2 979 979 78 232
5874 1 2 979 979 77 232
5875 1 2 980 980 76 299
5876 1 2 980 980 75 299
5877 1 2 980 980 231 299
5878 1 2 980 980 75 76
5879 1 2 980 980 76 231
5880 1 2 980 980 75 231
5881 1 2 981 981 61 62
5882 1 2 981 981 62 317
5883 1 2 981 981 62 180
5884 1 2 981 981 61 317
5885 1 2 981 981 61 180
5886 1 2 981 981 180 317
5887 1 2 982 982 18 116
5888 1 2 982 982 19 116
5889 1 2 982 982 116 181
5890 1 2 982 982 18 19
5891 1 2 982 982 18 181
5892 1 2 982 982 19 181
5893 1 2 983 983 60 309
5894 1 2 983 983 60 61
5895 1 2 983 983 60 179
5896 1 2 983 983 61 309
5897 1 2 983 983 179 309
5898 1 2 983 983 61 179
5899 1 2 984 984 11 12
5900 1 2 984 984 12 183
5901 1 2 984 984 12 101
5902 1 2 984 984 11 183
5903 1 2 984 984 11 101
5904 1 2 984 984 101 183
5905 1 2 985 985 53 54
5906 1 2 985 985 54 294
5907 1 2 985 985 54 170
5908 1 2 985 985 53 294
5909 1 2 985 985 53 170
5910 1 2 985 985 170 294
5911 1 2 986 986 29 156
5912 1 2 986 986 156 226
5913 1 2 986 986 156 222
5914 1 2 986 986 29 226
5915 1 2 986 986 29 222
5916 1 2 986 986 222 226
5917 1 2 987 987 110 222
5918 1 2 987 987 28 222
5919 1 2 987 987 157 222
5920 1 2 987 987 28 110
5921 1 2 987 987 110 157
5922 1 2 987 987 28 157
5923 1 2 988 988 101 183
5924 1 2 988 988 101 396
5925 1 2 988 988 101 400
5926 1 2 988 988 183 396
5927 1 2 988 988 183 400
5928 1 2 988 988 396 400
5929 1 2 989 989 222 223
5930 1 2 989 989 28 223
5931 1 2 989 989 157 223
5932 1 2 989 989 28 222
5933 1 2 989 989 157 222
5934 1 2 989 989 28 157
5935 1 2 990 990 66 193
5936 1 2 990 990 67 193
5937 1 2 990 990 193 305
5938 1 2 990 990 66 67
5939 1 2 990 990 66 305
5940 1 2 990 990 67 305
5941 1 2 991 991 64 315
5942 1 2 991 991 63 315
5943 1 2 991 991 192 315
5944 1 2 991 991 63 64
5945 1 2 991 991 64 192
5946 1 2 991 991 63 192
5947 1 2 992 992 162 183
5948 1 2 992 992 11 162
5949 1 2 992 992 162 400
5950 1 2 992 992 11 183
5951 1 2 992 992 183 400
5952 1 2 992 992 11 400
5953 1 2 993 993 87 229
5954 1 2 993 993 88 229
5955 1 2 993 993 229 318
5956 1 2 993 993 87 88
5957 1 2 993 993 87 318
5958 1 2 993 993 88 318
5959 1 2 994 994 74 298
5960 1 2 994 994 73 298
5961 1 2 994 994 230 298
5962 1 2 994 994 73 74
5963 1 2 994 994 74 230
5964 1 2 994 994 73 230
5965 1 2 995 995 31 32
5966 1 2 995 995 32 258
5967 1 2 995 995 32 105
5968 1 2 995 995 31 258
5969 1 2 995 995 31 105
5970 1 2 995 995 105 258
5971 1 2 996 996 184 192
5972 1 2 996 996 192 212
5973 1 2 996 996 192 379
5974 1 2 996 996 184 212
5975 1 2 996 996 184 379
5976 1 2 996 996 212 379
5977 1 2 997 997 10 195
5978 1 2 997 997 117 195
5979 1 2 997 997 195 401
5980 1 2 997 997 10 117
5981 1 2 997 997 10 401
5982 1 2 997 997 117 401
5983 1 2 998 998 101 128
5984 1 2 998 998 11 101
5985 1 2 998 998 101 400
5986 1 2 998 998 11 128
5987 1 2 998 998 128 400
5988 1 2 998 998 11 400
5989 1 2 999 999 93 216
5990 1 2 999 999 93 292
5991 1 2 999 999 93 288
5992 1 2 999 999 216 292
5993 1 2 999 999 216 288
5994 1 2 999 999 288 292
5995 1 2 1000 1000 93 216
5996 1 2 1000 1000 168 216
5997 1 2 1000 1000 216 288
5998 1 2 1000 1000 93 168
5999 1 2 1000 1000 93 288
6000 1 2 1000 1000 168 288
6001 1 2 1001 1001 45 111
6002 1 2 1001 1001 44 45
6003 1 2 1001 1001 45 236
6004 1 2 1001 1001 44 111
6005 1 2 1001 1001 111 236
6006 1 2 1001 1001 44 236
6007 1 2 1002 1002 15 16
6008 1 2 1002 1002 16 178
6009 1 2 1002 1002 16 103
6010 1 2 1002 1002 15 178
6011 1 2 1002 1002 15 103
6012 1 2 1002 1002 103 178
6013 1 2 1003 1003 57 58
6014 1 2 1003 1003 57 171
6015 1 2 1003 1003 57 296
6016 1 2 1003 1003 58 171
6017 1 2 1003 1003 58 296
6018 1 2 1003 1003 171 296
6019 1 2 1004 1004 66 174
6020 1 2 1004 1004 65 66
6021 1 2 1004 1004 66 316
6022 1 2 1004 1004 65 174
6023 1 2 1004 1004 174 316
6024 1 2 1004 1004 65 316
6025 1 2 1005 1005 94 168
6026 1 2 1005 1005 168 215
6027 1 2 1005 1005 168 288
6028 1 2 1005 1005 94 215
6029 1 2 1005 1005 94 288
6030 1 2 1005 1005 215 288
6031 1 2 1006 1006 14 189
6032 1 2 1006 1006 13 189
6033 1 2 1006 1006 102 189
6034 1 2 1006 1006 13 14
6035 1 2 1006 1006 14 102
6036 1 2 1006 1006 13 102
6037 1 2 1007 1007 55 56
6038 1 2 1007 1007 55 169
6039 1 2 1007 1007 55 295
6040 1 2 1007 1007 56 169
6041 1 2 1007 1007 56 295
6042 1 2 1007 1007 169 295
6043 1 2 1008 1008 94 291
6044 1 2 1008 1008 94 215
6045 1 2 1008 1008 94 288
6046 1 2 1008 1008 215 291
6047 1 2 1008 1008 288 291
6048 1 2 1008 1008 215 288
6049 1 2 1009 1009 92 291
6050 1 2 1009 1009 291 330
6051 1 2 1009 1009 287 291
6052 1 2 1009 1009 92 330
6053 1 2 1009 1009 92 287
6054 1 2 1009 1009 287 330
6055 1 2 1010 1010 91 330
6056 1 2 1010 1010 290 330
6057 1 2 1010 1010 287 330
6058 1 2 1010 1010 91 290
6059 1 2 1010 1010 91 287
6060 1 2 1010 1010 287 290
6061 1 2 1011 1011 10 128
6062 1 2 1011 1011 10 117
6063 1 2 1011 1011 10 401
6064 1 2 1011 1011 117 128
6065 1 2 1011 1011 128 401
6066 1 2 1011 1011 117 401
6067 1 2 1012 1012 18 176
6068 1 2 1012 1012 17 176
6069 1 2 1012 1012 121 176
6070 1 2 1012 1012 17 18
6071 1 2 1012 1012 18 121
6072 1 2 1012 1012 17 121
6073 1 2 1013 1013 59 172
6074 1 2 1013 1013 60 172
6075 1 2 1013 1013 172 314
6076 1 2 1013 1013 59 60
6077 1 2 1013 1013 59 314
6078 1 2 1013 1013 60 314
6079 1 2 1014 1014 50 286
6080 1 2 1014 1014 50 292
6081 1 2 1014 1014 50 137
6082 1 2 1014 1014 286 292
6083 1 2 1014 1014 137 286
6084 1 2 1014 1014 137 292
6085 1 2 1015 1015 137 286
6086 1 2 1015 1015 49 286
6087 1 2 1015 1015 286 293
6088 1 2 1015 1015 49 137
6089 1 2 1015 1015 137 293
6090 1 2 1015 1015 49 293
6091 1 2 1016 1016 64 306
6092 1 2 1016 1016 64 65
6093 1 2 1016 1016 64 184
6094 1 2 1016 1016 65 306
6095 1 2 1016 1016 184 306
6096 1 2 1016 1016 65 184
6097 1 2 1017 1017 86 87
6098 1 2 1017 1017 86 259
6099 1 2 1017 1017 86 304
6100 1 2 1017 1017 87 259
6101 1 2 1017 1017 87 304
6102 1 2 1017 1017 259 304
6103 1 2 1018 1018 88 89
6104 1 2 1018 1018 88 245
6105 1 2 1018 1018 88 319
6106 1 2 1018 1018 89 245
6107 1 2 1018 1018 89 319
6108 1 2 1018 1018 245 319
6109 1 2 1019 1019 128 162
6110 1 2 1019 1019 128 400
6111 1 2 1019 1019 128 401
6112 1 2 1019 1019 162 400
6113 1 2 1019 1019 162 401
6114 1 2 1019 1019 400 401
6115 1 2 1020 1020 39 40
6116 1 2 1020 1020 39 109
6117 1 2 1020 1020 39 260
6118 1 2 1020 1020 40 109
6119 1 2 1020 1020 40 260
6120 1 2 1020 1020 109 260
6121 1 2 1021 1021 81 82
6122 1 2 1021 1021 81 248
6123 1 2 1021 1021 81 302
6124 1 2 1021 1021 82 248
6125 1 2 1021 1021 82 302
6126 1 2 1021 1021 248 302
6127 1 2 1022 1022 238 254
6128 1 2 1022 1022 254 266
6129 1 2 1022 1022 254 384
6130 1 2 1022 1022 238 266
6131 1 2 1022 1022 238 384
6132 1 2 1022 1022 266 384
6133 1 2 1023 1023 300 325
6134 1 2 1023 1023 300 341
6135 1 2 1023 1023 300 383
6136 1 2 1023 1023 325 341
6137 1 2 1023 1023 325 383
6138 1 2 1023 1023 341 383
6139 1 2 1024 1024 108 130
6140 1 2 1024 1024 130 150
6141 1 2 1024 1024 130 384
6142 1 2 1024 1024 108 150
6143 1 2 1024 1024 108 384
6144 1 2 1024 1024 150 384
6145 1 2 1025 1025 317 343
6146 1 2 1025 1025 308 317
6147 1 2 1025 1025 317 385
6148 1 2 1025 1025 308 343
6149 1 2 1025 1025 343 385
6150 1 2 1025 1025 308 385
6151 1 2 1026 1026 232 274
6152 1 2 1026 1026 232 256
6153 1 2 1026 1026 232 383
6154 1 2 1026 1026 256 274
6155 1 2 1026 1026 274 383
6156 1 2 1026 1026 256 383
6157 1 2 1027 1027 175 206
6158 1 2 1027 1027 175 180
6159 1 2 1027 1027 175 385
6160 1 2 1027 1027 180 206
6161 1 2 1027 1027 206 385
6162 1 2 1027 1027 180 385
6163 1 2 1028 1028 113 122
6164 1 2 1028 1028 122 148
6165 1 2 1028 1028 122 386
6166 1 2 1028 1028 113 148
6167 1 2 1028 1028 113 386
6168 1 2 1028 1028 148 386
6169 1 2 1029 1029 332 346
6170 1 2 1029 1029 307 346
6171 1 2 1029 1029 346 375
6172 1 2 1029 1029 307 332
6173 1 2 1029 1029 332 375
6174 1 2 1029 1029 307 375
6175 1 2 1030 1030 121 154
6176 1 2 1030 1030 119 121
6177 1 2 1030 1030 121 387
6178 1 2 1030 1030 119 154
6179 1 2 1030 1030 154 387
6180 1 2 1030 1030 119 387
6181 1 2 1031 1031 52 321
6182 1 2 1031 1031 52 53
6183 1 2 1031 1031 52 182
6184 1 2 1031 1031 53 321
6185 1 2 1031 1031 182 321
6186 1 2 1031 1031 53 182
6187 1 2 1032 1032 10 11
6188 1 2 1032 1032 11 162
6189 1 2 1032 1032 11 128
6190 1 2 1032 1032 10 162
6191 1 2 1032 1032 10 128
6192 1 2 1032 1032 128 162
6193 1 2 1033 1033 114 153
6194 1 2 1033 1033 139 153
6195 1 2 1033 1033 153 377
6196 1 2 1033 1033 114 139
6197 1 2 1033 1033 114 377
6198 1 2 1033 1033 139 377
6199 1 2 1034 1034 312 347
6200 1 2 1034 1034 312 314
6201 1 2 1034 1034 312 388
6202 1 2 1034 1034 314 347
6203 1 2 1034 1034 347 388
6204 1 2 1034 1034 314 388
6205 1 2 1035 1035 163 199
6206 1 2 1035 1035 163 176
6207 1 2 1035 1035 163 387
6208 1 2 1035 1035 176 199
6209 1 2 1035 1035 199 387
6210 1 2 1035 1035 176 387
6211 1 2 1036 1036 17 163
6212 1 2 1036 1036 16 163
6213 1 2 1036 1036 119 163
6214 1 2 1036 1036 16 17
6215 1 2 1036 1036 17 119
6216 1 2 1036 1036 16 119
6217 1 2 1037 1037 58 59
6218 1 2 1037 1037 58 177
6219 1 2 1037 1037 58 312
6220 1 2 1037 1037 59 177
6221 1 2 1037 1037 59 312
6222 1 2 1037 1037 177 312
6223 1 2 1038 1038 172 177
6224 1 2 1038 1038 177 199
6225 1 2 1038 1038 177 388
6226 1 2 1038 1038 172 199
6227 1 2 1038 1038 172 388
6228 1 2 1038 1038 199 388
6229 1 2 1039 1039 160 201
6230 1 2 1039 1039 160 178
6231 1 2 1039 1039 160 389
6232 1 2 1039 1039 178 201
6233 1 2 1039 1039 201 389
6234 1 2 1039 1039 178 389
6235 1 2 1040 1040 171 190
6236 1 2 1040 1040 190 201
6237 1 2 1040 1040 190 390
6238 1 2 1040 1040 171 201
6239 1 2 1040 1040 171 390
6240 1 2 1040 1040 201 390
6241 1 2 1041 1041 43 44
6242 1 2 1041 1041 43 118
6243 1 2 1041 1041 43 244
6244 1 2 1041 1041 44 118
6245 1 2 1041 1041 44 244
6246 1 2 1041 1041 118 244
6247 1 2 1042 1042 85 86
6248 1 2 1042 1042 85 241
6249 1 2 1042 1042 85 311
6250 1 2 1042 1042 86 241
6251 1 2 1042 1042 86 311
6252 1 2 1042 1042 241 311
6253 1 2 1043 1043 288 291
6254 1 2 1043 1043 287 291
6255 1 2 1043 1043 291 374
6256 1 2 1043 1043 287 288
6257 1 2 1043 1043 288 374
6258 1 2 1043 1043 287 374
6259 1 2 1044 1044 265 279
6260 1 2 1044 1044 246 279
6261 1 2 1044 1044 279 368
6262 1 2 1044 1044 246 265
6263 1 2 1044 1044 265 368
6264 1 2 1044 1044 246 368
6265 1 2 1045 1045 103 139
6266 1 2 1045 1045 103 133
6267 1 2 1045 1045 103 389
6268 1 2 1045 1045 133 139
6269 1 2 1045 1045 139 389
6270 1 2 1045 1045 133 389
6271 1 2 1046 1046 296 326
6272 1 2 1046 1046 296 332
6273 1 2 1046 1046 296 390
6274 1 2 1046 1046 326 332
6275 1 2 1046 1046 326 390
6276 1 2 1046 1046 332 390
6277 1 2 1047 1047 56 57
6278 1 2 1047 1047 56 190
6279 1 2 1047 1047 56 326
6280 1 2 1047 1047 57 190
6281 1 2 1047 1047 57 326
6282 1 2 1047 1047 190 326
6283 1 2 1048 1048 15 160
6284 1 2 1048 1048 14 160
6285 1 2 1048 1048 133 160
6286 1 2 1048 1048 14 15
6287 1 2 1048 1048 15 133
6288 1 2 1048 1048 14 133
6289 1 2 1049 1049 307 311
6290 1 2 1049 1049 311 337
6291 1 2 1049 1049 311 399
6292 1 2 1049 1049 307 337
6293 1 2 1049 1049 307 399
6294 1 2 1049 1049 337 399
6295 1 2 1050 1050 26 27
6296 1 2 1050 1050 26 136
6297 1 2 1050 1050 26 164
6298 1 2 1050 1050 27 136
6299 1 2 1050 1050 27 164
6300 1 2 1050 1050 136 164
6301 1 2 1051 1051 68 187
6302 1 2 1051 1051 69 187
6303 1 2 1051 1051 187 329
6304 1 2 1051 1051 68 69
6305 1 2 1051 1051 68 329
6306 1 2 1051 1051 69 329
6307 1 2 1052 1052 133 144
6308 1 2 1052 1052 102 133
6309 1 2 1052 1052 133 397
6310 1 2 1052 1052 102 144
6311 1 2 1052 1052 144 397
6312 1 2 1052 1052 102 397
6313 1 2 1053 1053 305 320
6314 1 2 1053 1053 320 338
6315 1 2 1053 1053 320 394
6316 1 2 1053 1053 305 338
6317 1 2 1053 1053 305 394
6318 1 2 1053 1053 338 394
6319 1 2 1054 1054 247 248
6320 1 2 1054 1054 247 278
6321 1 2 1054 1054 247 392
6322 1 2 1054 1054 248 278
6323 1 2 1054 1054 248 392
6324 1 2 1054 1054 278 392
6325 1 2 1055 1055 166 200
6326 1 2 1055 1055 181 200
6327 1 2 1055 1055 200 393
6328 1 2 1055 1055 166 181
6329 1 2 1055 1055 166 393
6330 1 2 1055 1055 181 393
6331 1 2 1056 1056 116 124
6332 1 2 1056 1056 116 151
6333 1 2 1056 1056 116 393
6334 1 2 1056 1056 124 151
6335 1 2 1056 1056 124 393
6336 1 2 1056 1056 151 393
6337 1 2 1057 1057 299 322
6338 1 2 1057 1057 299 339
6339 1 2 1057 1057 299 391
6340 1 2 1057 1057 322 339
6341 1 2 1057 1057 322 391
6342 1 2 1057 1057 339 391
6343 1 2 1058 1058 231 251
6344 1 2 1058 1058 251 268
6345 1 2 1058 1058 251 391
6346 1 2 1058 1058 231 268
6347 1 2 1058 1058 231 391
6348 1 2 1058 1058 268 391
6349 1 2 1059 1059 324 345
6350 1 2 1059 1059 302 324
6351 1 2 1059 1059 324 392
6352 1 2 1059 1059 302 345
6353 1 2 1059 1059 345 392
6354 1 2 1059 1059 302 392
6355 1 2 1060 1060 89 243
6356 1 2 1060 1060 90 243
6357 1 2 1060 1060 243 297
6358 1 2 1060 1060 89 90
6359 1 2 1060 1060 89 297
6360 1 2 1060 1060 90 297
6361 1 2 1061 1061 189 211
6362 1 2 1061 1061 160 189
6363 1 2 1061 1061 189 397
6364 1 2 1061 1061 160 211
6365 1 2 1061 1061 211 397
6366 1 2 1061 1061 160 397
6367 1 2 1062 1062 173 193
6368 1 2 1062 1062 193 208
6369 1 2 1062 1062 193 394
6370 1 2 1062 1062 173 208
6371 1 2 1062 1062 173 394
6372 1 2 1062 1062 208 394
6373 1 2 1063 1063 98 219
6374 1 2 1063 1063 98 227
6375 1 2 1063 1063 97 98
6376 1 2 1063 1063 219 227
6377 1 2 1063 1063 97 219
6378 1 2 1063 1063 97 227
6379 1 2 1064 1064 96 220
6380 1 2 1064 1064 196 220
6381 1 2 1064 1064 95 220
6382 1 2 1064 1064 96 196
6383 1 2 1064 1064 95 96
6384 1 2 1064 1064 95 196
6385 1 2 1065 1065 250 267
6386 1 2 1065 1065 241 267
6387 1 2 1065 1065 267 399
6388 1 2 1065 1065 241 250
6389 1 2 1065 1065 250 399
6390 1 2 1065 1065 241 399
6391 1 2 1066 1066 42 114
6392 1 2 1066 1066 43 114
6393 1 2 1066 1066 114 235
6394 1 2 1066 1066 42 43
6395 1 2 1066 1066 42 235
6396 1 2 1066 1066 43 235
6397 1 2 1067 1067 84 85
6398 1 2 1067 1067 84 250
6399 1 2 1067 1067 84 307
6400 1 2 1067 1067 85 250
6401 1 2 1067 1067 85 307
6402 1 2 1067 1067 250 307
6403 1 2 1068 1068 30 31
6404 1 2 1068 1068 31 261
6405 1 2 1068 1068 31 135
6406 1 2 1068 1068 30 261
6407 1 2 1068 1068 30 135
6408 1 2 1068 1068 135 261
6409 1 2 1069 1069 73 328
6410 1 2 1069 1069 72 328
6411 1 2 1069 1069 262 328
6412 1 2 1069 1069 72 73
6413 1 2 1069 1069 73 262
6414 1 2 1069 1069 72 262
6415 1 2 1070 1070 159 293
6416 1 2 1070 1070 4 293
6417 1 2 1070 1070 285 293
6418 1 2 1070 1070 4 159
6419 1 2 1070 1070 159 285
6420 1 2 1070 1070 4 285
6421 1 2 1071 1071 284 290
6422 1 2 1071 1071 8 290
6423 1 2 1071 1071 290 352
6424 1 2 1071 1071 8 284
6425 1 2 1071 1071 284 352
6426 1 2 1071 1071 8 352
6427 1 2 1072 1072 263 289
6428 1 2 1072 1072 99 289
6429 1 2 1072 1072 100 289
6430 1 2 1072 1072 99 263
6431 1 2 1072 1072 100 263
6432 1 2 1072 1072 99 100
6433 1 2 1073 1073 224 349
6434 1 2 1073 1073 7 224
6435 1 2 1073 1073 224 282
6436 1 2 1073 1073 7 349
6437 1 2 1073 1073 282 349
6438 1 2 1073 1073 7 282
6439 1 2 1074 1074 226 283
6440 1 2 1074 1074 3 226
6441 1 2 1074 1074 156 226
6442 1 2 1074 1074 3 283
6443 1 2 1074 1074 156 283
6444 1 2 1074 1074 3 156
6445 1 2 1075 1075 5 351
6446 1 2 1075 1075 5 215
6447 1 2 1075 1075 5 291
6448 1 2 1075 1075 215 351
6449 1 2 1075 1075 291 351
6450 1 2 1075 1075 215 291
6451 1 2 1076 1076 2 218
6452 1 2 1076 1076 2 223
6453 1 2 1076 1076 2 157
6454 1 2 1076 1076 218 223
6455 1 2 1076 1076 157 218
6456 1 2 1076 1076 157 223
6457 1 2 1077 1077 6 225
6458 1 2 1077 1077 6 217
6459 1 2 1077 1077 6 350
6460 1 2 1077 1077 217 225
6461 1 2 1077 1077 225 350
6462 1 2 1077 1077 217 350
6463 1 2 1078 1078 1 292
6464 1 2 1078 1078 158 292
6465 1 2 1078 1078 216 292
6466 1 2 1078 1078 1 158
6467 1 2 1078 1078 1 216
6468 1 2 1078 1078 158 216
6469 1 2 1079 1079 28 29
6470 1 2 1079 1079 28 110
6471 1 2 1079 1079 28 222
6472 1 2 1079 1079 29 110
6473 1 2 1079 1079 29 222
6474 1 2 1079 1079 110 222
6475 1 2 1080 1080 70 221
6476 1 2 1080 1080 70 303
6477 1 2 1080 1080 70 71
6478 1 2 1080 1080 221 303
6479 1 2 1080 1080 71 221
6480 1 2 1080 1080 71 303
6481 1 2 1081 1081 40 41
6482 1 2 1081 1081 40 138
6483 1 2 1081 1081 40 242
6484 1 2 1081 1081 41 138
6485 1 2 1081 1081 41 242
6486 1 2 1081 1081 138 242
6487 1 2 1082 1082 82 234
6488 1 2 1082 1082 83 234
6489 1 2 1082 1082 234 331
6490 1 2 1082 1082 82 83
6491 1 2 1082 1082 82 331
6492 1 2 1082 1082 83 331
6493 1 2 1083 1083 93 168
6494 1 2 1083 1083 94 168
6495 1 2 1083 1083 168 288
6496 1 2 1083 1083 93 94
6497 1 2 1083 1083 93 288
6498 1 2 1083 1083 94 288
6499 1 2 1084 1084 51 310
6500 1 2 1084 1084 51 52
6501 1 2 1084 1084 51 194
6502 1 2 1084 1084 52 310
6503 1 2 1084 1084 194 310
6504 1 2 1084 1084 52 194
6505 1 2 1085 1085 9 10
6506 1 2 1085 1085 10 195
6507 1 2 1085 1085 10 117
6508 1 2 1085 1085 9 195
6509 1 2 1085 1085 9 117
6510 1 2 1085 1085 117 195
6511 1 2 1086 1086 83 84
6512 1 2 1086 1086 83 249
6513 1 2 1086 1086 83 346
6514 1 2 1086 1086 84 249
6515 1 2 1086 1086 84 346
6516 1 2 1086 1086 249 346
6517 1 2 1087 1087 41 153
6518 1 2 1087 1087 42 153
6519 1 2 1087 1087 153 255
6520 1 2 1087 1087 41 42
6521 1 2 1087 1087 41 255
6522 1 2 1087 1087 42 255
6523 1 2 1088 1088 310 330
6524 1 2 1088 1088 330 351
6525 1 2 1088 1088 330 374
6526 1 2 1088 1088 310 351
6527 1 2 1088 1088 310 374
6528 1 2 1088 1088 351 374
6529 1 2 1089 1089 50 137
6530 1 2 1089 1089 137 286
6531 1 2 1089 1089 49 137
6532 1 2 1089 1089 50 286
6533 1 2 1089 1089 49 50
6534 1 2 1089 1089 49 286
6535 1 2 1090 1090 168 194
6536 1 2 1090 1090 194 215
6537 1 2 1090 1090 194 374
6538 1 2 1090 1090 168 215
6539 1 2 1090 1090 168 374
6540 1 2 1090 1090 215 374
6541 1 2 1091 1091 91 330
6542 1 2 1091 1091 91 92
6543 1 2 1091 1091 91 287
6544 1 2 1091 1091 92 330
6545 1 2 1091 1091 287 330
6546 1 2 1091 1091 92 287
6547 1 2 1092 1092 47 48
6548 1 2 1092 1092 47 104
6549 1 2 1092 1092 47 228
6550 1 2 1092 1092 48 104
6551 1 2 1092 1092 48 228
6552 1 2 1092 1092 104 228
6553 1 2 1093 1093 229 259
6554 1 2 1093 1093 259 265
6555 1 2 1093 1093 259 398
6556 1 2 1093 1093 229 265
6557 1 2 1093 1093 229 398
6558 1 2 1093 1093 265 398
6559 1 2 1094 1094 304 335
6560 1 2 1094 1094 304 318
6561 1 2 1094 1094 304 398
6562 1 2 1094 1094 318 335
6563 1 2 1094 1094 335 398
6564 1 2 1094 1094 318 398
6565 1 2 1095 1095 237 258
6566 1 2 1095 1095 237 272
6567 1 2 1095 1095 237 395
6568 1 2 1095 1095 258 272
6569 1 2 1095 1095 258 395
6570 1 2 1095 1095 272 395
6571 1 2 1096 1096 105 145
6572 1 2 1096 1096 129 145
6573 1 2 1096 1096 145 395
6574 1 2 1096 1096 105 129
6575 1 2 1096 1096 105 395
6576 1 2 1096 1096 129 395
6577 1 2 1097 1097 161 183
6578 1 2 1097 1097 161 203
6579 1 2 1097 1097 161 396
6580 1 2 1097 1097 183 203
6581 1 2 1097 1097 183 396
6582 1 2 1097 1097 203 396
6583 1 2 1098 1098 46 126
6584 1 2 1098 1098 47 126
6585 1 2 1098 1098 126 264
6586 1 2 1098 1098 46 47
6587 1 2 1098 1098 46 264
6588 1 2 1098 1098 47 264
6589 1 2 1099 1099 134 142
6590 1 2 1099 1099 101 134
6591 1 2 1099 1099 134 396
6592 1 2 1099 1099 101 142
6593 1 2 1099 1099 142 396
6594 1 2 1099 1099 101 396
6595 1 2 1100 1100 162 204
6596 1 2 1100 1100 162 183
6597 1 2 1100 1100 162 400
6598 1 2 1100 1100 183 204
6599 1 2 1100 1100 204 400
6600 1 2 1100 1100 183 400
6601 1 2 1101 1101 22 23
6602 1 2 1101 1101 22 113
6603 1 2 1101 1101 22 198
6604 1 2 1101 1101 23 113
6605 1 2 1101 1101 23 198
6606 1 2 1101 1101 113 198
6607 1 2 1102 1102 23 123
6608 1 2 1102 1102 24 123
6609 1 2 1102 1102 123 197
6610 1 2 1102 1102 23 24
6611 1 2 1102 1102 23 197
6612 1 2 1102 1102 24 197
6613 1 2 1103 1103 195 214
6614 1 2 1103 1103 162 195
6615 1 2 1103 1103 195 401
6616 1 2 1103 1103 162 214
6617 1 2 1103 1103 214 401
6618 1 2 1103 1103 162 401
6619 1 2 1104 1104 101 141
6620 1 2 1104 1104 101 128
6621 1 2 1104 1104 101 400
6622 1 2 1104 1104 128 141
6623 1 2 1104 1104 141 400
6624 1 2 1104 1104 128 400
6625 1 2 1105 1105 72 349
6626 1 2 1105 1105 7 349
6627 1 2 1105 1105 282 349
6628 1 2 1105 1105 7 72
6629 1 2 1105 1105 72 282
6630 1 2 1105 1105 7 282
6631 1 2 1106 1106 3 30
6632 1 2 1106 1106 30 283
6633 1 2 1106 1106 30 156
6634 1 2 1106 1106 3 283
6635 1 2 1106 1106 3 156
6636 1 2 1106 1106 156 283
6637 1 2 1107 1107 45 125
6638 1 2 1107 1107 46 125
6639 1 2 1107 1107 125 279
6640 1 2 1107 1107 45 46
6641 1 2 1107 1107 45 279
6642 1 2 1107 1107 46 279
6643 1 2 1108 1108 48 159
6644 1 2 1108 1108 4 159
6645 1 2 1108 1108 159 285
6646 1 2 1108 1108 4 48
6647 1 2 1108 1108 48 285
6648 1 2 1108 1108 4 285
6649 1 2 1109 1109 284 352
6650 1 2 1109 1109 8 352
6651 1 2 1109 1109 90 352
6652 1 2 1109 1109 8 284
6653 1 2 1109 1109 90 284
6654 1 2 1109 1109 8 90
6655 1 2 1110 1110 2 218
6656 1 2 1110 1110 27 218
6657 1 2 1110 1110 157 218
6658 1 2 1110 1110 2 27
6659 1 2 1110 1110 2 157
6660 1 2 1110 1110 27 157
6661 1 2 1111 1111 6 69
6662 1 2 1111 1111 69 217
6663 1 2 1111 1111 69 350
6664 1 2 1111 1111 6 217
6665 1 2 1111 1111 6 350
6666 1 2 1111 1111 217 350
6667 1 2 1112 1112 5 51
6668 1 2 1112 1112 51 351
6669 1 2 1112 1112 51 215
6670 1 2 1112 1112 5 351
6671 1 2 1112 1112 5 215
6672 1 2 1112 1112 215 351
6673 1 2 1113 1113 1 9
6674 1 2 1113 1113 1 158
6675 1 2 1113 1113 1 216
6676 1 2 1113 1113 9 158
6677 1 2 1113 1113 9 216
6678 1 2 1113 1113 158 216
6679 1 2 1114 1114 8 352
6680 1 2 1114 1114 290 352
6681 1 2 1114 1114 91 352
6682 1 2 1114 1114 8 290
6683 1 2 1114 1114 8 91
6684 1 2 1114 1114 91 290
6685 1 2 1115 1115 5 351
6686 1 2 1115 1115 92 351
6687 1 2 1115 1115 291 351
6688 1 2 1115 1115 5 92
6689 1 2 1115 1115 5 291
6690 1 2 1115 1115 92 291
6691 1 2 1116 1116 198 212
6692 1 2 1116 1116 167 212
6693 1 2 1116 1116 212 386
6694 1 2 1116 1116 167 198
6695 1 2 1116 1116 198 386
6696 1 2 1116 1116 167 386
6697 1 2 1117 1117 4 49
6698 1 2 1117 1117 4 159
6699 1 2 1117 1117 4 293
6700 1 2 1117 1117 49 159
6701 1 2 1117 1117 49 293
6702 1 2 1117 1117 159 293
6703 1 2 1118 1118 158 292
6704 1 2 1118 1118 1 292
6705 1 2 1118 1118 50 292
6706 1 2 1118 1118 1 158
6707 1 2 1118 1118 50 158
6708 1 2 1118 1118 1 50
6709 1 2 1119 1119 4 285
6710 1 2 1119 1119 285 293
6711 1 2 1119 1119 99 285
6712 1 2 1119 1119 4 293
6713 1 2 1119 1119 4 99
6714 1 2 1119 1119 99 293
6715 1 2 1120 1120 8 100
6716 1 2 1120 1120 8 284
6717 1 2 1120 1120 8 290
6718 1 2 1120 1120 100 284
6719 1 2 1120 1120 100 290
6720 1 2 1120 1120 284 290
6721 1 2 1121 1121 128 140
6722 1 2 1121 1121 117 128
6723 1 2 1121 1121 128 401
6724 1 2 1121 1121 117 140
6725 1 2 1121 1121 140 401
6726 1 2 1121 1121 117 401
6727 1 2 1122 1122 95 218
6728 1 2 1122 1122 2 218
6729 1 2 1122 1122 218 223
6730 1 2 1122 1122 2 95
6731 1 2 1122 1122 95 223
6732 1 2 1122 1122 2 223
6733 1 2 1123 1123 96 225
6734 1 2 1123 1123 6 225
6735 1 2 1123 1123 217 225
6736 1 2 1123 1123 6 96
6737 1 2 1123 1123 96 217
6738 1 2 1123 1123 6 217
6739 1 2 1124 1124 28 223
6740 1 2 1124 1124 2 223
6741 1 2 1124 1124 157 223
6742 1 2 1124 1124 2 28
6743 1 2 1124 1124 28 157
6744 1 2 1124 1124 2 157
6745 1 2 1125 1125 3 226
6746 1 2 1125 1125 29 226
6747 1 2 1125 1125 156 226
6748 1 2 1125 1125 3 29
6749 1 2 1125 1125 3 156
6750 1 2 1125 1125 29 156
6751 1 2 1126 1126 7 71
6752 1 2 1126 1126 7 349
6753 1 2 1126 1126 7 224
6754 1 2 1126 1126 71 349
6755 1 2 1126 1126 71 224
6756 1 2 1126 1126 224 349
6757 1 2 1127 1127 6 350
6758 1 2 1127 1127 225 350
6759 1 2 1127 1127 70 350
6760 1 2 1127 1127 6 225
6761 1 2 1127 1127 6 70
6762 1 2 1127 1127 70 225
6763 1 2 1128 1128 215 291
6764 1 2 1128 1128 5 291
6765 1 2 1128 1128 94 291
6766 1 2 1128 1128 5 215
6767 1 2 1128 1128 94 215
6768 1 2 1128 1128 5 94
6769 1 2 1129 1129 216 292
6770 1 2 1129 1129 1 216
6771 1 2 1129 1129 93 216
6772 1 2 1129 1129 1 292
6773 1 2 1129 1129 93 292
6774 1 2 1129 1129 1 93
6775 1 2 1130 1130 7 224
6776 1 2 1130 1130 7 282
6777 1 2 1130 1130 7 98
6778 1 2 1130 1130 224 282
6779 1 2 1130 1130 98 224
6780 1 2 1130 1130 98 282
6781 1 2 1131 1131 3 97
6782 1 2 1131 1131 3 283
6783 1 2 1131 1131 3 226
6784 1 2 1131 1131 97 283
6785 1 2 1131 1131 97 226
6786 1 2 1131 1131 226 283
6787 1 2 1132 1132 245 398
6788 1 2 1132 1132 368 398
6789 1 2 1132 1132 359 398
6790 1 2 1132 1132 245 368
6791 1 2 1132 1132 245 359
6792 1 2 1132 1132 359 368
6793 1 2 1133 1133 368 398
6794 1 2 1133 1133 245 398
6795 1 2 1133 1133 229 398
6796 1 2 1133 1133 245 368
6797 1 2 1133 1133 229 368
6798 1 2 1133 1133 229 245
6799 1 2 1134 1134 246 368
6800 1 2 1134 1134 245 246
6801 1 2 1134 1134 246 359
6802 1 2 1134 1134 245 368
6803 1 2 1134 1134 359 368
6804 1 2 1134 1134 245 359
6805 1 2 1135 1135 245 246
6806 1 2 1135 1135 246 368
6807 1 2 1135 1135 229 246
6808 1 2 1135 1135 245 368
6809 1 2 1135 1135 229 245
6810 1 2 1135 1135 229 368
6811 1 2 1136 1136 245 297
6812 1 2 1136 1136 245 359
6813 1 2 1136 1136 245 319
6814 1 2 1136 1136 297 359
6815 1 2 1136 1136 297 319
6816 1 2 1136 1136 319 359
6817 1 2 1137 1137 297 359
6818 1 2 1137 1137 245 359
6819 1 2 1137 1137 243 359
6820 1 2 1137 1137 245 297
6821 1 2 1137 1137 243 297
6822 1 2 1137 1137 243 245
6823 1 2 1138 1138 319 398
6824 1 2 1138 1138 334 398
6825 1 2 1138 1138 318 398
6826 1 2 1138 1138 319 334
6827 1 2 1138 1138 318 319
6828 1 2 1138 1138 318 334
6829 1 2 1139 1139 334 398
6830 1 2 1139 1139 319 398
6831 1 2 1139 1139 359 398
6832 1 2 1139 1139 319 334
6833 1 2 1139 1139 334 359
6834 1 2 1139 1139 319 359
6835 1 2 1140 1140 123 371
6836 1 2 1140 1140 123 355
6837 1 2 1140 1140 123 185
6838 1 2 1140 1140 355 371
6839 1 2 1140 1140 185 371
6840 1 2 1140 1140 185 355
6841 1 2 1141 1141 355 371
6842 1 2 1141 1141 123 355
6843 1 2 1141 1141 355 365
6844 1 2 1141 1141 123 371
6845 1 2 1141 1141 365 371
6846 1 2 1141 1141 123 365
6847 1 2 1142 1142 123 371
6848 1 2 1142 1142 353 371
6849 1 2 1142 1142 197 371
6850 1 2 1142 1142 123 353
6851 1 2 1142 1142 123 197
6852 1 2 1142 1142 197 353
6853 1 2 1143 1143 353 371
6854 1 2 1143 1143 123 371
6855 1 2 1143 1143 365 371
6856 1 2 1143 1143 123 353
6857 1 2 1143 1143 353 365
6858 1 2 1143 1143 123 365
6859 1 2 1144 1144 225 303
6860 1 2 1144 1144 70 303
6861 1 2 1144 1144 303 350
6862 1 2 1144 1144 70 225
6863 1 2 1144 1144 225 350
6864 1 2 1144 1144 70 350
6865 1 2 1145 1145 70 303
6866 1 2 1145 1145 225 303
6867 1 2 1145 1145 221 303
6868 1 2 1145 1145 70 225
6869 1 2 1145 1145 70 221
6870 1 2 1145 1145 221 225
6871 1 2 1146 1146 157 222
6872 1 2 1146 1146 222 361
6873 1 2 1146 1146 110 222
6874 1 2 1146 1146 157 361
6875 1 2 1146 1146 110 157
6876 1 2 1146 1146 110 361
6877 1 2 1147 1147 157 361
6878 1 2 1147 1147 222 361
6879 1 2 1147 1147 223 361
6880 1 2 1147 1147 157 222
6881 1 2 1147 1147 157 223
6882 1 2 1147 1147 222 223
6883 1 2 1148 1148 156 222
6884 1 2 1148 1148 156 361
6885 1 2 1148 1148 110 156
6886 1 2 1148 1148 222 361
6887 1 2 1148 1148 110 222
6888 1 2 1148 1148 110 361
6889 1 2 1149 1149 222 361
6890 1 2 1149 1149 156 361
6891 1 2 1149 1149 226 361
6892 1 2 1149 1149 156 222
6893 1 2 1149 1149 222 226
6894 1 2 1149 1149 156 226
6895 1 2 1150 1150 224 303
6896 1 2 1150 1150 71 303
6897 1 2 1150 1150 221 303
6898 1 2 1150 1150 71 224
6899 1 2 1150 1150 221 224
6900 1 2 1150 1150 71 221
6901 1 2 1151 1151 71 224
6902 1 2 1151 1151 71 303
6903 1 2 1151 1151 71 349
6904 1 2 1151 1151 224 303
6905 1 2 1151 1151 224 349
6906 1 2 1151 1151 303 349
6907 1 2 1152 1152 205 396
6908 1 2 1152 1152 396 397
6909 1 2 1152 1152 357 396
6910 1 2 1152 1152 205 397
6911 1 2 1152 1152 205 357
6912 1 2 1152 1152 357 397
6913 1 2 1153 1153 396 397
6914 1 2 1153 1153 205 396
6915 1 2 1153 1153 161 396
6916 1 2 1153 1153 205 397
6917 1 2 1153 1153 161 397
6918 1 2 1153 1153 161 205
6919 1 2 1154 1154 143 396
6920 1 2 1154 1154 396 397
6921 1 2 1154 1154 134 396
6922 1 2 1154 1154 143 397
6923 1 2 1154 1154 134 143
6924 1 2 1154 1154 134 397
6925 1 2 1155 1155 396 397
6926 1 2 1155 1155 143 396
6927 1 2 1155 1155 357 396
6928 1 2 1155 1155 143 397
6929 1 2 1155 1155 357 397
6930 1 2 1155 1155 143 357
6931 1 2 1156 1156 271 398
6932 1 2 1156 1156 398 399
6933 1 2 1156 1156 357 398
6934 1 2 1156 1156 271 399
6935 1 2 1156 1156 271 357
6936 1 2 1156 1156 357 399
6937 1 2 1157 1157 398 399
6938 1 2 1157 1157 271 398
6939 1 2 1157 1157 259 398
6940 1 2 1157 1157 271 399
6941 1 2 1157 1157 259 399
6942 1 2 1157 1157 259 271
6943 1 2 1158 1158 284 297
6944 1 2 1158 1158 284 363
6945 1 2 1158 1158 243 284
6946 1 2 1158 1158 297 363
6947 1 2 1158 1158 243 297
6948 1 2 1158 1158 243 363
6949 1 2 1159 1159 297 363
6950 1 2 1159 1159 284 363
6951 1 2 1159 1159 352 363
6952 1 2 1159 1159 284 297
6953 1 2 1159 1159 297 352
6954 1 2 1159 1159 284 352
6955 1 2 1160 1160 336 398
6956 1 2 1160 1160 398 399
6957 1 2 1160 1160 304 398
6958 1 2 1160 1160 336 399
6959 1 2 1160 1160 304 336
6960 1 2 1160 1160 304 399
6961 1 2 1161 1161 398 399
6962 1 2 1161 1161 336 398
6963 1 2 1161 1161 357 398
6964 1 2 1161 1161 336 399
6965 1 2 1161 1161 357 399
6966 1 2 1161 1161 336 357
6967 1 2 1162 1162 241 304
6968 1 2 1162 1162 86 304
6969 1 2 1162 1162 304 311
6970 1 2 1162 1162 86 241
6971 1 2 1162 1162 241 311
6972 1 2 1162 1162 86 311
6973 1 2 1163 1163 86 304
6974 1 2 1163 1163 241 304
6975 1 2 1163 1163 259 304
6976 1 2 1163 1163 86 241
6977 1 2 1163 1163 86 259
6978 1 2 1163 1163 241 259
6979 1 2 1164 1164 339 394
6980 1 2 1164 1164 371 394
6981 1 2 1164 1164 305 394
6982 1 2 1164 1164 339 371
6983 1 2 1164 1164 305 339
6984 1 2 1164 1164 305 371
6985 1 2 1165 1165 371 394
6986 1 2 1165 1165 339 394
6987 1 2 1165 1165 353 394
6988 1 2 1165 1165 339 371
6989 1 2 1165 1165 353 371
6990 1 2 1165 1165 339 353
6991 1 2 1166 1166 276 392
6992 1 2 1166 1166 376 392
6993 1 2 1166 1166 248 392
6994 1 2 1166 1166 276 376
6995 1 2 1166 1166 248 276
6996 1 2 1166 1166 248 376
6997 1 2 1167 1167 376 392
6998 1 2 1167 1167 276 392
6999 1 2 1167 1167 356 392
7000 1 2 1167 1167 276 376
7001 1 2 1167 1167 356 376
7002 1 2 1167 1167 276 356
7003 1 2 1168 1168 150 393
7004 1 2 1168 1168 382 393
7005 1 2 1168 1168 124 393
7006 1 2 1168 1168 150 382
7007 1 2 1168 1168 124 150
7008 1 2 1168 1168 124 382
7009 1 2 1169 1169 382 393
7010 1 2 1169 1169 150 393
7011 1 2 1169 1169 354 393
7012 1 2 1169 1169 150 382
7013 1 2 1169 1169 354 382
7014 1 2 1169 1169 150 354
7015 1 2 1170 1170 206 393
7016 1 2 1170 1170 382 393
7017 1 2 1170 1170 354 393
7018 1 2 1170 1170 206 382
7019 1 2 1170 1170 206 354
7020 1 2 1170 1170 354 382
7021 1 2 1171 1171 382 393
7022 1 2 1171 1171 206 393
7023 1 2 1171 1171 166 393
7024 1 2 1171 1171 206 382
7025 1 2 1171 1171 166 382
7026 1 2 1171 1171 166 206
7027 1 2 1172 1172 272 391
7028 1 2 1172 1172 272 367
7029 1 2 1172 1172 251 272
7030 1 2 1172 1172 367 391
7031 1 2 1172 1172 251 391
7032 1 2 1172 1172 251 367
7033 1 2 1173 1173 367 391
7034 1 2 1173 1173 272 367
7035 1 2 1173 1173 353 367
7036 1 2 1173 1173 272 391
7037 1 2 1173 1173 353 391
7038 1 2 1173 1173 272 353
7039 1 2 1174 1174 338 391
7040 1 2 1174 1174 367 391
7041 1 2 1174 1174 322 391
7042 1 2 1174 1174 338 367
7043 1 2 1174 1174 322 338
7044 1 2 1174 1174 322 367
7045 1 2 1175 1175 367 391
7046 1 2 1175 1175 338 391
7047 1 2 1175 1175 353 391
7048 1 2 1175 1175 338 367
7049 1 2 1175 1175 353 367
7050 1 2 1175 1175 338 353
7051 1 2 1176 1176 135 258
7052 1 2 1176 1176 258 395
7053 1 2 1176 1176 105 258
7054 1 2 1176 1176 135 395
7055 1 2 1176 1176 105 135
7056 1 2 1176 1176 105 395
7057 1 2 1177 1177 135 395
7058 1 2 1177 1177 258 395
7059 1 2 1177 1177 261 395
7060 1 2 1177 1177 135 258
7061 1 2 1177 1177 135 261
7062 1 2 1177 1177 258 261
7063 1 2 1178 1178 273 399
7064 1 2 1178 1178 375 399
7065 1 2 1178 1178 358 399
7066 1 2 1178 1178 273 375
7067 1 2 1178 1178 273 358
7068 1 2 1178 1178 358 375
7069 1 2 1179 1179 375 399
7070 1 2 1179 1179 273 399
7071 1 2 1179 1179 250 399
7072 1 2 1179 1179 273 375
7073 1 2 1179 1179 250 375
7074 1 2 1179 1179 250 273
7075 1 2 1180 1180 213 394
7076 1 2 1180 1180 213 371
7077 1 2 1180 1180 193 213
7078 1 2 1180 1180 371 394
7079 1 2 1180 1180 193 394
7080 1 2 1180 1180 193 371
7081 1 2 1181 1181 371 394
7082 1 2 1181 1181 213 371
7083 1 2 1181 1181 353 371
7084 1 2 1181 1181 213 394
7085 1 2 1181 1181 353 394
7086 1 2 1181 1181 213 353
7087 1 2 1182 1182 118 235
7088 1 2 1182 1182 43 118
7089 1 2 1182 1182 118 244
7090 1 2 1182 1182 43 235
7091 1 2 1182 1182 235 244
7092 1 2 1182 1182 43 244
7093 1 2 1183 1183 43 235
7094 1 2 1183 1183 43 118
7095 1 2 1183 1183 43 114
7096 1 2 1183 1183 118 235
7097 1 2 1183 1183 114 235
7098 1 2 1183 1183 114 118
7099 1 2 1184 1184 157 164
7100 1 2 1184 1184 27 157
7101 1 2 1184 1184 157 218
7102 1 2 1184 1184 27 164
7103 1 2 1184 1184 164 218
7104 1 2 1184 1184 27 218
7105 1 2 1185 1185 27 157
7106 1 2 1185 1185 157 164
7107 1 2 1185 1185 136 157
7108 1 2 1185 1185 27 164
7109 1 2 1185 1185 27 136
7110 1 2 1185 1185 136 164
7111 1 2 1186 1186 217 329
7112 1 2 1186 1186 329 361
7113 1 2 1186 1186 329 350
7114 1 2 1186 1186 217 361
7115 1 2 1186 1186 217 350
7116 1 2 1186 1186 350 361
7117 1 2 1187 1187 329 361
7118 1 2 1187 1187 217 329
7119 1 2 1187 1187 187 329
7120 1 2 1187 1187 217 361
7121 1 2 1187 1187 187 361
7122 1 2 1187 1187 187 217
7123 1 2 1188 1188 137 401
7124 1 2 1188 1188 158 401
7125 1 2 1188 1188 363 401
7126 1 2 1188 1188 137 158
7127 1 2 1188 1188 137 363
7128 1 2 1188 1188 158 363
7129 1 2 1189 1189 158 401
7130 1 2 1189 1189 137 401
7131 1 2 1189 1189 117 401
7132 1 2 1189 1189 137 158
7133 1 2 1189 1189 117 158
7134 1 2 1189 1189 117 137
7135 1 2 1190 1190 334 398
7136 1 2 1190 1190 335 398
7137 1 2 1190 1190 318 398
7138 1 2 1190 1190 334 335
7139 1 2 1190 1190 318 334
7140 1 2 1190 1190 318 335
7141 1 2 1191 1191 335 398
7142 1 2 1191 1191 334 398
7143 1 2 1191 1191 369 398
7144 1 2 1191 1191 334 335
7145 1 2 1191 1191 335 369
7146 1 2 1191 1191 334 369
7147 1 2 1192 1192 155 395
7148 1 2 1192 1192 145 395
7149 1 2 1192 1192 105 395
7150 1 2 1192 1192 145 155
7151 1 2 1192 1192 105 155
7152 1 2 1192 1192 105 145
7153 1 2 1193 1193 145 395
7154 1 2 1193 1193 155 395
7155 1 2 1193 1193 372 395
7156 1 2 1193 1193 145 155
7157 1 2 1193 1193 145 372
7158 1 2 1193 1193 155 372
7159 1 2 1194 1194 281 395
7160 1 2 1194 1194 272 281
7161 1 2 1194 1194 258 281
7162 1 2 1194 1194 272 395
7163 1 2 1194 1194 258 395
7164 1 2 1194 1194 258 272
7165 1 2 1195 1195 272 395
7166 1 2 1195 1195 272 281
7167 1 2 1195 1195 272 367
7168 1 2 1195 1195 281 395
7169 1 2 1195 1195 367 395
7170 1 2 1195 1195 281 367
$EndElements
